run,depth,seed,step,normalized_progress,phase,param_role,sq,total_sq,share
d12-s10,12,10,0,0.0,early,attn_k,0.0,0.09465406160216044,0.0
d12-s10,12,10,0,0.0,early,attn_out,2.2172033084189025e-05,0.09465406160216044,0.00023424280700578998
d12-s10,12,10,0,0.0,early,attn_q,0.0,0.09465406160216044,0.0
d12-s10,12,10,0,0.0,early,attn_v,0.0,0.09465406160216044,0.0
d12-s10,12,10,0,0.0,early,backout_scalar,2.6904195017662942e-12,0.09465406160216044,2.842370899068621e-11
d12-s10,12,10,0,0.0,early,mlp_in,0.0,0.09465406160216044,0.0
d12-s10,12,10,0,0.0,early,mlp_out,0.00010534723151067737,0.09465406160216044,0.0011129710624934541
d12-s10,12,10,0,0.0,early,resid_scalar,1.2704842159463577e-11,0.09465406160216044,1.3422395134889376e-10
d12-s10,12,10,0,0.0,early,smear_gate,0.0,0.09465406160216044,0.0
d12-s10,12,10,0,0.0,early,smear_scalar,4.208478454614806e-09,0.09465406160216044,4.446167848880506e-08
d12-s10,12,10,0,0.0,early,token_embedding,1.5036131628676228e-07,0.09465406160216044,1.58853528038495e-06
d12-s10,12,10,0,0.0,early,unembedding,0.09452638775110245,0.09465406160216044,0.9986511529574439
d12-s10,12,10,0,0.0,early,value_embedding,0.0,0.09465406160216044,0.0
d12-s10,12,10,0,0.0,early,ve_gate,0.0,0.09465406160216044,0.0
d12-s10,12,10,0,0.0,early,x0_scalar,1.2731343951828482e-12,0.09465406160216044,1.3450393714048393e-11
d12-s10,12,10,101,0.04007936507936508,early,attn_k,0.0013921414374635788,0.01394926775453964,0.09980032371308674
d12-s10,12,10,101,0.04007936507936508,early,attn_out,0.0009381554036735906,0.01394926775453964,0.06725481367065149
d12-s10,12,10,101,0.04007936507936508,early,attn_q,0.002186833182349801,0.01394926775453964,0.15677046428749777
d12-s10,12,10,101,0.04007936507936508,early,attn_v,0.00029792017539875815,0.01394926775453964,0.021357406040313706
d12-s10,12,10,101,0.04007936507936508,early,backout_scalar,2.9475058909156363e-05,0.01394926775453964,0.0021130183625275973
d12-s10,12,10,101,0.04007936507936508,early,mlp_in,0.0003957525968871778,0.01394926775453964,0.02837085099025247
d12-s10,12,10,101,0.04007936507936508,early,mlp_out,0.003248139408242423,0.01394926775453964,0.2328537573010132
d12-s10,12,10,101,0.04007936507936508,early,resid_scalar,0.00039285094595697956,0.01394926775453964,0.028162836420508913
d12-s10,12,10,101,0.04007936507936508,early,smear_gate,5.3785246564075344e-05,0.01394926775453964,0.003855775622815148
d12-s10,12,10,101,0.04007936507936508,early,smear_scalar,0.00019269644690211862,0.01394926775453964,0.013814090480800156
d12-s10,12,10,101,0.04007936507936508,early,token_embedding,3.1278359529096633e-06,0.01394926775453964,0.00022422940099430972
d12-s10,12,10,101,0.04007936507936508,early,unembedding,0.004714509472250938,0.01394926775453964,0.33797540883224153
d12-s10,12,10,101,0.04007936507936508,early,value_embedding,6.712495714822353e-08,0.01394926775453964,4.812077474559798e-06
d12-s10,12,10,101,0.04007936507936508,early,ve_gate,2.913508382107466e-06,0.01394926775453964,0.00020886461091545796
d12-s10,12,10,101,0.04007936507936508,early,x0_scalar,0.00010089991064887727,0.01394926775453964,0.007233348188906938
d12-s10,12,10,202,0.08015873015873017,early,attn_k,0.002623860447783954,0.04217785857505607,0.062209427800009306
d12-s10,12,10,202,0.08015873015873017,early,attn_out,0.004965736108715646,0.04217785857505607,0.11773324385065807
d12-s10,12,10,202,0.08015873015873017,early,attn_q,0.0037152275544940494,0.04217785857505607,0.0880847838180962
d12-s10,12,10,202,0.08015873015873017,early,attn_v,0.004219295267830603,0.04217785857505607,0.10003578679373468
d12-s10,12,10,202,0.08015873015873017,early,backout_scalar,9.002660590340383e-06,0.04217785857505607,0.0002134451794018899
d12-s10,12,10,202,0.08015873015873017,early,mlp_in,0.002688169799512252,0.04217785857505607,0.06373414607402644
d12-s10,12,10,202,0.08015873015873017,early,mlp_out,0.020412875805050135,0.04217785857505607,0.4839713654197295
d12-s10,12,10,202,0.08015873015873017,early,resid_scalar,0.00015129392050994284,0.04217785857505607,0.003587046038402193
d12-s10,12,10,202,0.08015873015873017,early,smear_gate,2.8077636670786887e-05,0.04217785857505607,0.000665696116857672
d12-s10,12,10,202,0.08015873015873017,early,smear_scalar,0.00034882489126175637,0.04217785857505607,0.008270331947768703
d12-s10,12,10,202,0.08015873015873017,early,token_embedding,9.226681640939204e-07,0.04217785857505607,2.1875652184949597e-05
d12-s10,12,10,202,0.08015873015873017,early,unembedding,0.0029313573613762856,0.04217785857505607,0.0694999096779628
d12-s10,12,10,202,0.08015873015873017,early,value_embedding,2.819071873716439e-07,0.04217785857505607,6.6837719337975925e-06
d12-s10,12,10,202,0.08015873015873017,early,ve_gate,3.191351856912661e-05,0.04217785857505607,0.0007566415092491258
d12-s10,12,10,202,0.08015873015873017,early,x0_scalar,5.1019027339727074e-05,0.04217785857505607,0.0012096163499846259
d12-s10,12,10,303,0.12023809523809524,early,attn_k,0.0020698268453998026,0.049260078485247494,0.04201834241940314
d12-s10,12,10,303,0.12023809523809524,early,attn_out,0.008059245155891404,0.049260078485247494,0.1636060153315631
d12-s10,12,10,303,0.12023809523809524,early,attn_q,0.002988587599247694,0.049260078485247494,0.06066956633336917
d12-s10,12,10,303,0.12023809523809524,early,attn_v,0.00854127440834418,0.049260078485247494,0.1733914088444284
d12-s10,12,10,303,0.12023809523809524,early,backout_scalar,0.00034408774808980525,0.049260078485247494,0.006985123829895101
d12-s10,12,10,303,0.12023809523809524,early,mlp_in,0.0038339307793648914,0.049260078485247494,0.07783038308623655
d12-s10,12,10,303,0.12023809523809524,early,mlp_out,0.015548128634691237,0.049260078485247494,0.31563345233702017
d12-s10,12,10,303,0.12023809523809524,early,resid_scalar,0.0011283663308176983,0.049260078485247494,0.022906303958805583
d12-s10,12,10,303,0.12023809523809524,early,smear_gate,4.149550932197599e-06,0.049260078485247494,8.423760293927088e-05
d12-s10,12,10,303,0.12023809523809524,early,smear_scalar,8.75195109983906e-05,0.049260078485247494,0.0017766823295785271
d12-s10,12,10,303,0.12023809523809524,early,token_embedding,6.060386112949345e-07,0.049260078485247494,1.230283487015621e-05
d12-s10,12,10,303,0.12023809523809524,early,unembedding,0.0063617019914090625,0.049260078485247494,0.12914518585905782
d12-s10,12,10,303,0.12023809523809524,early,value_embedding,2.551353937008116e-07,0.049260078485247494,5.179354185909795e-06
d12-s10,12,10,303,0.12023809523809524,early,ve_gate,8.688887692187564e-05,0.049260078485247494,0.0017638801965753524
d12-s10,12,10,303,0.12023809523809524,early,x0_scalar,0.000205509879134258,0.049260078485247494,0.004171935682071731
d12-s10,12,10,404,0.16031746031746033,early,attn_k,0.001492896659328835,0.06299324181833121,0.023699314660360883
d12-s10,12,10,404,0.16031746031746033,early,attn_out,0.00888616289012134,0.06299324181833121,0.14106533706819707
d12-s10,12,10,404,0.16031746031746033,early,attn_q,0.0018193628857261501,0.06299324181833121,0.02888187420125297
d12-s10,12,10,404,0.16031746031746033,early,attn_v,0.008651399170048535,0.06299324181833121,0.13733852902821955
d12-s10,12,10,404,0.16031746031746033,early,backout_scalar,0.004566866904497147,0.06299324181833121,0.0724977278938544
d12-s10,12,10,404,0.16031746031746033,early,mlp_in,0.0035405108937993646,0.06299324181833121,0.05620461483804864
d12-s10,12,10,404,0.16031746031746033,early,mlp_out,0.009157466294709593,0.06299324181833121,0.14537220232480152
d12-s10,12,10,404,0.16031746031746033,early,resid_scalar,0.0196596223358938,0.06299324181833121,0.3120909762445786
d12-s10,12,10,404,0.16031746031746033,early,smear_gate,1.6061152336988016e-06,0.06299324181833121,2.54966276911219e-05
d12-s10,12,10,404,0.16031746031746033,early,smear_scalar,1.2267918236830155e-06,0.06299324181833121,1.9474975223866248e-05
d12-s10,12,10,404,0.16031746031746033,early,token_embedding,3.6512091128315655e-07,0.06299324181833121,5.7961917936553204e-06
d12-s10,12,10,404,0.16031746031746033,early,unembedding,0.004946171771734953,0.06299324181833121,0.0785190859997239
d12-s10,12,10,404,0.16031746031746033,early,value_embedding,1.7952458897241286e-07,0.06299324181833121,2.8499023671483864e-06
d12-s10,12,10,404,0.16031746031746033,early,ve_gate,9.90727057796903e-05,0.06299324181833121,0.0015727513447459987
d12-s10,12,10,404,0.16031746031746033,early,x0_scalar,0.00017033175413416757,0.06299324181833121,0.002703968699140684
d12-s10,12,10,505,0.2003968253968254,early,attn_k,0.0006034689376974711,0.041653633545180035,0.014487786210605431
d12-s10,12,10,505,0.2003968253968254,early,attn_out,0.007799031591275708,0.041653633545180035,0.1872353244481399
d12-s10,12,10,505,0.2003968253968254,early,attn_q,0.0009559376812831033,0.041653633545180035,0.02294968289492046
d12-s10,12,10,505,0.2003968253968254,early,attn_v,0.006554692139616236,0.041653633545180035,0.15736183333217793
d12-s10,12,10,505,0.2003968253968254,early,backout_scalar,0.001546363579109311,0.041653633545180035,0.037124338202861276
d12-s10,12,10,505,0.2003968253968254,early,mlp_in,0.003475846009678207,0.041653633545180035,0.0834464058437566
d12-s10,12,10,505,0.2003968253968254,early,mlp_out,0.007591168818180449,0.041653633545180035,0.18224505696355664
d12-s10,12,10,505,0.2003968253968254,early,resid_scalar,0.008925494029426773,0.041653633545180035,0.21427888205108553
d12-s10,12,10,505,0.2003968253968254,early,smear_gate,1.1886752417922255e-06,0.041653633545180035,2.853713207283386e-05
d12-s10,12,10,505,0.2003968253968254,early,smear_scalar,2.9934119083918628e-05,0.041653633545180035,0.00071864364609273
d12-s10,12,10,505,0.2003968253968254,early,token_embedding,2.38018472487056e-07,0.041653633545180035,5.714230722006205e-06
d12-s10,12,10,505,0.2003968253968254,early,unembedding,0.004056296311318874,0.041653633545180035,0.09738157193223423
d12-s10,12,10,505,0.2003968253968254,early,value_embedding,1.267554372574864e-07,0.041653633545180035,3.043082354868269e-06
d12-s10,12,10,505,0.2003968253968254,early,ve_gate,0.0001040559027387644,0.041653633545180035,0.0024981230659241074
d12-s10,12,10,505,0.2003968253968254,early,x0_scalar,9.790976619683533e-06,0.041653633545180035,0.00023505696349548116
d12-s10,12,10,606,0.24047619047619048,early,attn_k,0.0005351223189791199,0.03909819342578036,0.013686625188832223
d12-s10,12,10,606,0.24047619047619048,early,attn_out,0.007904916899860837,0.03909819342578036,0.20218112928584916
d12-s10,12,10,606,0.24047619047619048,early,attn_q,0.0009494230753261945,0.03909819342578036,0.02428304205739002
d12-s10,12,10,606,0.24047619047619048,early,attn_v,0.0069437211568583726,0.03909819342578036,0.17759698207129587
d12-s10,12,10,606,0.24047619047619048,early,backout_scalar,0.0006608699331991376,0.03909819342578036,0.01690282530454148
d12-s10,12,10,606,0.24047619047619048,early,mlp_in,0.003168129216646775,0.03909819342578036,0.08103006658506608
d12-s10,12,10,606,0.24047619047619048,early,mlp_out,0.011597002521739341,0.03909819342578036,0.2966122346229064
d12-s10,12,10,606,0.24047619047619048,early,resid_scalar,0.0017044891260411532,0.03909819342578036,0.043595086542214924
d12-s10,12,10,606,0.24047619047619048,early,smear_gate,1.3533350511352184e-06,0.03909819342578036,3.461374893712771e-05
d12-s10,12,10,606,0.24047619047619048,early,smear_scalar,8.145192259689792e-05,0.03909819342578036,0.002083265630968785
d12-s10,12,10,606,0.24047619047619048,early,token_embedding,2.189983661082806e-07,0.03909819342578036,5.601240029772798e-06
d12-s10,12,10,606,0.24047619047619048,early,unembedding,0.005415747873485089,0.03909819342578036,0.1385165758046018
d12-s10,12,10,606,0.24047619047619048,early,value_embedding,1.3584888680640006e-07,0.03909819342578036,3.4745566202254437e-06
d12-s10,12,10,606,0.24047619047619048,early,ve_gate,6.093557715303177e-05,0.03909819342578036,0.0015585266687246065
d12-s10,12,10,606,0.24047619047619048,early,x0_scalar,7.467562159035879e-05,0.03909819342578036,0.0019099506920214778
d12-s10,12,10,707,0.28055555555555556,middle,attn_k,0.0008309547511089478,0.051479420169906476,0.016141493986653373
d12-s10,12,10,707,0.28055555555555556,middle,attn_out,0.007885658866143785,0.051479420169906476,0.1531808019615873
d12-s10,12,10,707,0.28055555555555556,middle,attn_q,0.0013493946171365678,0.051479420169906476,0.026212311884689577
d12-s10,12,10,707,0.28055555555555556,middle,attn_v,0.006155060502351262,0.051479420169906476,0.11956351648943686
d12-s10,12,10,707,0.28055555555555556,middle,backout_scalar,0.000767746358178556,0.051479420169906476,0.01491365589675698
d12-s10,12,10,707,0.28055555555555556,middle,mlp_in,0.004105853287910577,0.051479420169906476,0.07975717819585605
d12-s10,12,10,707,0.28055555555555556,middle,mlp_out,0.020057296700542793,0.051479420169906476,0.38961776636846746
d12-s10,12,10,707,0.28055555555555556,middle,resid_scalar,0.005983252936403005,0.051479420169906476,0.11622611359365424
d12-s10,12,10,707,0.28055555555555556,middle,smear_gate,5.536373919312609e-07,0.051479420169906476,1.0754538223313224e-05
d12-s10,12,10,707,0.28055555555555556,middle,smear_scalar,7.971854643074039e-07,0.051479420169906476,1.5485517546163384e-05
d12-s10,12,10,707,0.28055555555555556,middle,token_embedding,1.546256811479907e-07,0.051479420169906476,3.003640690544934e-06
d12-s10,12,10,707,0.28055555555555556,middle,unembedding,0.0042715007439255714,0.051479420169906476,0.08297491948875095
d12-s10,12,10,707,0.28055555555555556,middle,value_embedding,1.319983713443662e-07,0.051479420169906476,2.564099807431961e-06
d12-s10,12,10,707,0.28055555555555556,middle,ve_gate,4.047219158564985e-05,0.051479420169906476,0.0007861819626575523
d12-s10,12,10,707,0.28055555555555556,middle,x0_scalar,3.0591767711030116e-05,0.051479420169906476,0.0005942523752222303
d12-s10,12,10,808,0.32063492063492066,middle,attn_k,0.0006437956690206192,0.06917337176671623,0.009306986960123734
d12-s10,12,10,808,0.32063492063492066,middle,attn_out,0.009269047528505325,0.06917337176671623,0.1339973358500541
d12-s10,12,10,808,0.32063492063492066,middle,attn_q,0.0009042690289788879,0.06917337176671623,0.01307250182958394
d12-s10,12,10,808,0.32063492063492066,middle,attn_v,0.009116311717662029,0.06917337176671623,0.13178932130714024
d12-s10,12,10,808,0.32063492063492066,middle,backout_scalar,0.001279846532270312,0.06917337176671623,0.018502011678518882
d12-s10,12,10,808,0.32063492063492066,middle,mlp_in,0.0040758147079031914,0.06917337176671623,0.058921729616544856
d12-s10,12,10,808,0.32063492063492066,middle,mlp_out,0.03127864717680495,0.06917337176671623,0.45217757032707095
d12-s10,12,10,808,0.32063492063492066,middle,resid_scalar,0.005238872850213738,0.06917337176671623,0.07573539812229448
d12-s10,12,10,808,0.32063492063492066,middle,smear_gate,1.1389004157535967e-06,0.06917337176671623,1.646443402519805e-05
d12-s10,12,10,808,0.32063492063492066,middle,smear_scalar,3.0954470275901262e-06,0.06917337176671623,4.474911296834522e-05
d12-s10,12,10,808,0.32063492063492066,middle,token_embedding,1.6713693185010922e-07,0.06917337176671623,2.416203339252715e-06
d12-s10,12,10,808,0.32063492063492066,middle,unembedding,0.007302315905690193,0.06917337176671623,0.10556541800964817
d12-s10,12,10,808,0.32063492063492066,middle,value_embedding,1.5378790152453803e-07,0.06917337176671623,2.223224018097312e-06
d12-s10,12,10,808,0.32063492063492066,middle,ve_gate,5.246105013156921e-05,0.06917337176671623,0.0007583994937891925
d12-s10,12,10,808,0.32063492063492066,middle,x0_scalar,7.434327258692974e-06,0.06917337176671623,0.0001074738308805428
d12-s10,12,10,909,0.3607142857142857,middle,attn_k,0.00048687435264582746,0.06605960779609443,0.00737022772143392
d12-s10,12,10,909,0.3607142857142857,middle,attn_out,0.007615468901349232,0.06605960779609443,0.11528177589028121
d12-s10,12,10,909,0.3607142857142857,middle,attn_q,0.0008456150753772818,0.06605960779609443,0.01280078861484364
d12-s10,12,10,909,0.3607142857142857,middle,attn_v,0.007317698647966608,0.06605960779609443,0.11077417641585278
d12-s10,12,10,909,0.3607142857142857,middle,backout_scalar,0.0009138865862041712,0.06605960779609443,0.013834272056610693
d12-s10,12,10,909,0.3607142857142857,middle,mlp_in,0.004682371967646759,0.06605960779609443,0.0708810137368631
d12-s10,12,10,909,0.3607142857142857,middle,mlp_out,0.03301302141335327,0.06605960779609443,0.4997459493743023
d12-s10,12,10,909,0.3607142857142857,middle,resid_scalar,0.006511677838744845,0.06605960779609443,0.09857275960287835
d12-s10,12,10,909,0.3607142857142857,middle,smear_gate,1.191865180771856e-06,0.06605960779609443,1.8042268498638004e-05
d12-s10,12,10,909,0.3607142857142857,middle,smear_scalar,1.3806001334160102e-05,0.06605960779609443,0.00020899308661920845
d12-s10,12,10,909,0.3607142857142857,middle,token_embedding,1.1465763094520298e-07,0.06605960779609443,1.735669265538415e-06
d12-s10,12,10,909,0.3607142857142857,middle,unembedding,0.0045817308127880105,0.06605960779609443,0.06935752369179053
d12-s10,12,10,909,0.3607142857142857,middle,value_embedding,1.2152887318706007e-07,0.06605960779609443,1.8396850547793456e-06
d12-s10,12,10,909,0.3607142857142857,middle,ve_gate,5.8069109172720346e-05,0.06605960779609443,0.0008790410828953408
d12-s10,12,10,909,0.3607142857142857,middle,x0_scalar,1.7959037826642543e-05,0.06605960779609443,0.0002718611028100036
d12-s10,12,10,1010,0.4007936507936508,middle,attn_k,0.0006905818781888228,0.07574861417460889,0.009116759239937454
d12-s10,12,10,1010,0.4007936507936508,middle,attn_out,0.007193260906205978,0.07574861417460889,0.09496227732463489
d12-s10,12,10,1010,0.4007936507936508,middle,attn_q,0.0012395416233630385,0.07574861417460889,0.016363885159743765
d12-s10,12,10,1010,0.4007936507936508,middle,attn_v,0.00650259385292884,0.07574861417460889,0.08584439364051791
d12-s10,12,10,1010,0.4007936507936508,middle,backout_scalar,0.002353450283408165,0.07574861417460889,0.031069219008854777
d12-s10,12,10,1010,0.4007936507936508,middle,mlp_in,0.004199966904707253,0.07574861417460889,0.05544612202443555
d12-s10,12,10,1010,0.4007936507936508,middle,mlp_out,0.04176798146363581,0.07574861417460889,0.5514025823278564
d12-s10,12,10,1010,0.4007936507936508,middle,resid_scalar,0.0081449167523715,0.07574861417460889,0.10752562064827445
d12-s10,12,10,1010,0.4007936507936508,middle,smear_gate,1.124762093240861e-06,0.07574861417460889,1.4848616116568955e-05
d12-s10,12,10,1010,0.4007936507936508,middle,smear_scalar,8.263471681857483e-05,0.07574861417460889,0.0010909073085890748
d12-s10,12,10,1010,0.4007936507936508,middle,token_embedding,9.29203878285989e-08,0.07574861417460889,1.22669422854928e-06
d12-s10,12,10,1010,0.4007936507936508,middle,unembedding,0.0034764164593070745,0.07574861417460889,0.04589412621191395
d12-s10,12,10,1010,0.4007936507936508,middle,value_embedding,1.1132338251229612e-07,0.07574861417460889,1.4696424974281836e-06
d12-s10,12,10,1010,0.4007936507936508,middle,ve_gate,5.053523045717156e-05,0.07574861417460889,0.0006671439604252335
d12-s10,12,10,1010,0.4007936507936508,middle,x0_scalar,4.540509735306841e-05,0.07574861417460889,0.0005994181919738448
d12-s10,12,10,1111,0.44087301587301586,middle,attn_k,0.0005326101500031655,0.06093386218510499,0.00874079093140693
d12-s10,12,10,1111,0.44087301587301586,middle,attn_out,0.005018761432438623,0.06093386218510499,0.08236407889578082
d12-s10,12,10,1111,0.44087301587301586,middle,attn_q,0.0008558021240787639,0.06093386218510499,0.014044770729926928
d12-s10,12,10,1111,0.44087301587301586,middle,attn_v,0.005585228038398782,0.06093386218510499,0.0916604961200714
d12-s10,12,10,1111,0.44087301587301586,middle,backout_scalar,0.0025808194186538454,0.06093386218510499,0.04235443686162265
d12-s10,12,10,1111,0.44087301587301586,middle,mlp_in,0.0029007827542955056,0.06093386218510499,0.047605430712458416
d12-s10,12,10,1111,0.44087301587301586,middle,mlp_out,0.032297316945914645,0.06093386218510499,0.5300388944295341
d12-s10,12,10,1111,0.44087301587301586,middle,resid_scalar,0.00805929775219738,0.06093386218510499,0.13226303836961512
d12-s10,12,10,1111,0.44087301587301586,middle,smear_gate,3.8191996054592897e-07,0.06093386218510499,6.267778651314303e-06
d12-s10,12,10,1111,0.44087301587301586,middle,smear_scalar,2.470766958140302e-05,0.06093386218510499,0.0004054833994658999
d12-s10,12,10,1111,0.44087301587301586,middle,token_embedding,7.512974775636394e-08,0.06093386218510499,1.2329720300370042e-06
d12-s10,12,10,1111,0.44087301587301586,middle,unembedding,0.003036998445168137,0.06093386218510499,0.049840898578566016
d12-s10,12,10,1111,0.44087301587301586,middle,value_embedding,8.890199065803017e-08,0.06093386218510499,1.458991560192977e-06
d12-s10,12,10,1111,0.44087301587301586,middle,ve_gate,2.0165063915555947e-05,0.06093386218510499,0.00033093362528537057
d12-s10,12,10,1111,0.44087301587301586,middle,x0_scalar,2.0826438760224164e-05,0.06093386218510499,0.00034178760402479614
d12-s10,12,10,1212,0.48095238095238096,middle,attn_k,0.000600714608481212,0.08303585641399458,0.00723440010645774
d12-s10,12,10,1212,0.48095238095238096,middle,attn_out,0.006211451429408044,0.08303585641399458,0.07480444831494731
d12-s10,12,10,1212,0.48095238095238096,middle,attn_q,0.0010804971334437141,0.08303585641399458,0.013012416323577664
d12-s10,12,10,1212,0.48095238095238096,middle,attn_v,0.006995587900746614,0.08303585641399458,0.08424779610712368
d12-s10,12,10,1212,0.48095238095238096,middle,backout_scalar,0.00011036956857424228,0.08303585641399458,0.001329179626015647
d12-s10,12,10,1212,0.48095238095238096,middle,mlp_in,0.005123709765030071,0.08303585641399458,0.0617047861767647
d12-s10,12,10,1212,0.48095238095238096,middle,mlp_out,0.05876364042342175,0.08303585641399458,0.707689942167176
d12-s10,12,10,1212,0.48095238095238096,middle,resid_scalar,0.000708167520031111,0.08303585641399458,0.008528454460689575
d12-s10,12,10,1212,0.48095238095238096,middle,smear_gate,4.910289703730086e-07,0.08303585641399458,5.9134570483005496e-06
d12-s10,12,10,1212,0.48095238095238096,middle,smear_scalar,1.7269343516090885e-05,0.08303585641399458,0.00020797453367603694
d12-s10,12,10,1212,0.48095238095238096,middle,token_embedding,7.219870923336204e-08,0.08303585641399458,8.694883433657693e-07
d12-s10,12,10,1212,0.48095238095238096,middle,unembedding,0.0033937911503016944,0.08303585641399458,0.040871393357842414
d12-s10,12,10,1212,0.48095238095238096,middle,value_embedding,9.650359977797507e-08,0.08303585641399458,1.1621919005307048e-06
d12-s10,12,10,1212,0.48095238095238096,middle,ve_gate,2.233163962728213e-05,0.08303585641399458,0.0002689397158252038
d12-s10,12,10,1212,0.48095238095238096,middle,x0_scalar,7.666200133371603e-06,0.08303585641399458,9.23239726119037e-05
d12-s10,12,10,1313,0.5210317460317461,middle,attn_k,0.0004539357923931675,0.06662729066376681,0.00681306095251486
d12-s10,12,10,1313,0.5210317460317461,middle,attn_out,0.004120093704841565,0.06662729066376681,0.0618379295300109
d12-s10,12,10,1313,0.5210317460317461,middle,attn_q,0.0008384967864003556,0.06662729066376681,0.01258488493298957
d12-s10,12,10,1313,0.5210317460317461,middle,attn_v,0.004495833371038316,0.06662729066376681,0.06747735539369959
d12-s10,12,10,1313,0.5210317460317461,middle,backout_scalar,0.002011003205552697,0.06662729066376681,0.0301828752980694
d12-s10,12,10,1313,0.5210317460317461,middle,mlp_in,0.003352567546244245,0.06662729066376681,0.05031823315708431
d12-s10,12,10,1313,0.5210317460317461,middle,mlp_out,0.0380411780643044,0.06662729066376681,0.570954899791414
d12-s10,12,10,1313,0.5210317460317461,middle,resid_scalar,0.011332470032925812,0.06662729066376681,0.17008751098877603
d12-s10,12,10,1313,0.5210317460317461,middle,smear_gate,3.026251818027959e-07,0.06662729066376681,4.542060449823592e-06
d12-s10,12,10,1313,0.5210317460317461,middle,smear_scalar,1.719356987450737e-05,0.06662729066376681,0.0002580559663047737
d12-s10,12,10,1313,0.5210317460317461,middle,token_embedding,4.8518966622168585e-08,0.06662729066376681,7.282146120426614e-07
d12-s10,12,10,1313,0.5210317460317461,middle,unembedding,0.0019016682635992768,0.06662729066376681,0.0285418819323752
d12-s10,12,10,1313,0.5210317460317461,middle,value_embedding,7.261729306762277e-08,0.06662729066376681,1.089903136450263e-06
d12-s10,12,10,1313,0.5210317460317461,middle,ve_gate,5.583356573879428e-05,0.06662729066376681,0.0008379984415178633
d12-s10,12,10,1313,0.5210317460317461,middle,x0_scalar,6.5929994121916025e-06,0.06662729066376681,9.895343704523469e-05
d12-s10,12,10,1414,0.5611111111111111,middle,attn_k,0.0007089256941981148,0.09511468510706367,0.007453377923715237
d12-s10,12,10,1414,0.5611111111111111,middle,attn_out,0.0052095777973590884,0.09511468510706367,0.054771540183254
d12-s10,12,10,1414,0.5611111111111111,middle,attn_q,0.0012073564030288253,0.09511468510706367,0.012693690797270602
d12-s10,12,10,1414,0.5611111111111111,middle,attn_v,0.00521490846585948,0.09511468510706367,0.054827584825512886
d12-s10,12,10,1414,0.5611111111111111,middle,backout_scalar,0.0009939072187989948,0.09511468510706367,0.010449566412171011
d12-s10,12,10,1414,0.5611111111111111,middle,mlp_in,0.0048039117973530665,0.09511468510706367,0.050506520543548594
d12-s10,12,10,1414,0.5611111111111111,middle,mlp_out,0.06697090250963811,0.09511468510706367,0.7041068625129111
d12-s10,12,10,1414,0.5611111111111111,middle,resid_scalar,0.006283109551077359,0.09511468510706367,0.06605824898652528
d12-s10,12,10,1414,0.5611111111111111,middle,smear_gate,6.019797638145974e-07,0.09511468510706367,6.328988663916541e-06
d12-s10,12,10,1414,0.5611111111111111,middle,smear_scalar,7.322298915823922e-05,0.09511468510706367,0.0007698389483791849
d12-s10,12,10,1414,0.5611111111111111,middle,token_embedding,4.759120741937295e-08,0.09511468510706367,5.003560424534129e-07
d12-s10,12,10,1414,0.5611111111111111,middle,unembedding,0.00352679193019867,0.09511468510706367,0.03707936294199805
d12-s10,12,10,1414,0.5611111111111111,middle,value_embedding,8.520500971442857e-08,0.09511468510706367,8.958134027203003e-07
d12-s10,12,10,1414,0.5611111111111111,middle,ve_gate,4.706457366410177e-05,0.09511468510706367,0.0004948192133646304
d12-s10,12,10,1414,0.5611111111111111,middle,x0_scalar,7.427140074867111e-05,0.09511468510706367,0.0007808615532403772
d12-s10,12,10,1515,0.6011904761904762,middle,attn_k,0.0007448069336533081,0.06869208032004348,0.01084269001874999
d12-s10,12,10,1515,0.6011904761904762,middle,attn_out,0.004016962309833616,0.06869208032004348,0.058477808374970956
d12-s10,12,10,1515,0.6011904761904762,middle,attn_q,0.0011992707923127455,0.06869208032004348,0.01745864715008221
d12-s10,12,10,1515,0.6011904761904762,middle,attn_v,0.004746971819258761,0.06869208032004348,0.06910508165049202
d12-s10,12,10,1515,0.6011904761904762,middle,backout_scalar,0.001046277116984129,0.06869208032004348,0.01523140822216209
d12-s10,12,10,1515,0.6011904761904762,middle,mlp_in,0.003480933650280349,0.06869208032004348,0.05067445379528936
d12-s10,12,10,1515,0.6011904761904762,middle,mlp_out,0.04688109237031313,0.06869208032004348,0.6824817672123087
d12-s10,12,10,1515,0.6011904761904762,middle,resid_scalar,0.003585544519069117,0.06869208032004348,0.05219734942316051
d12-s10,12,10,1515,0.6011904761904762,middle,smear_gate,3.058955542201147e-07,0.06869208032004348,4.453141509107248e-06
d12-s10,12,10,1515,0.6011904761904762,middle,smear_scalar,6.552875788656821e-07,0.06869208032004348,9.539492410371468e-06
d12-s10,12,10,1515,0.6011904761904762,middle,token_embedding,4.436939704532961e-08,0.06869208032004348,6.459172125608661e-07
d12-s10,12,10,1515,0.6011904761904762,middle,unembedding,0.0028822375461459156,0.06869208032004348,0.04195880416952397
d12-s10,12,10,1515,0.6011904761904762,middle,value_embedding,8.462998390967869e-08,0.06869208032004348,1.232019521251633e-06
d12-s10,12,10,1515,0.6011904761904762,middle,ve_gate,4.428298541370168e-05,0.06869208032004348,0.0006446592563128485
d12-s10,12,10,1515,0.6011904761904762,middle,x0_scalar,6.261009426467012e-05,0.06869208032004348,0.0009114601562940479
d12-s10,12,10,1616,0.6412698412698413,middle,attn_k,0.00039566978466609726,0.06275928117383778,0.006304562086524321
d12-s10,12,10,1616,0.6412698412698413,middle,attn_out,0.004148970401729457,0.06275928117383778,0.06610927219254102
d12-s10,12,10,1616,0.6412698412698413,middle,attn_q,0.000655104389807093,0.06275928117383778,0.01043836668543909
d12-s10,12,10,1616,0.6412698412698413,middle,attn_v,0.005408991048170719,0.06275928117383778,0.0861863129564579
d12-s10,12,10,1616,0.6412698412698413,middle,backout_scalar,0.0005044160643592477,0.06275928117383778,0.008037314241411702
d12-s10,12,10,1616,0.6412698412698413,middle,mlp_in,0.004585573922668118,0.06275928117383778,0.07306606826752007
d12-s10,12,10,1616,0.6412698412698413,middle,mlp_out,0.03892428694234695,0.06275928117383778,0.6202156273034748
d12-s10,12,10,1616,0.6412698412698413,middle,resid_scalar,0.006981022398591108,0.06275928117383778,0.11123490052816698
d12-s10,12,10,1616,0.6412698412698413,middle,smear_gate,2.781652597150241e-07,0.06275928117383778,4.4322569429138365e-06
d12-s10,12,10,1616,0.6412698412698413,middle,smear_scalar,2.1960504454909824e-06,0.06275928117383778,3.499164433397688e-05
d12-s10,12,10,1616,0.6412698412698413,middle,token_embedding,4.277899634530513e-08,0.06275928117383778,6.816361746848409e-07
d12-s10,12,10,1616,0.6412698412698413,middle,unembedding,0.0011075108777731657,0.06275928117383778,0.01764696562896341
d12-s10,12,10,1616,0.6412698412698413,middle,value_embedding,8.969298015415461e-08,0.06275928117383778,1.4291588188480493e-06
d12-s10,12,10,1616,0.6412698412698413,middle,ve_gate,3.173964091729431e-05,0.06275928117383778,0.0005057362086314892
d12-s10,12,10,1616,0.6412698412698413,middle,x0_scalar,1.3389015126819002e-05,0.06275928117383778,0.0002133392045988001
d12-s10,12,10,1717,0.6813492063492064,middle,attn_k,0.00040413375609205104,0.0404220554619723,0.009997852693865269
d12-s10,12,10,1717,0.6813492063492064,middle,attn_out,0.00258014121936867,0.0404220554619723,0.06383003511031199
d12-s10,12,10,1717,0.6813492063492064,middle,attn_q,0.0006225100632946123,0.0404220554619723,0.015400257512393172
d12-s10,12,10,1717,0.6813492063492064,middle,attn_v,0.0035619918489828706,0.0404220554619723,0.08812000795788012
d12-s10,12,10,1717,0.6813492063492064,middle,backout_scalar,3.1556279282085604e-05,0.0404220554619723,0.0007806698328780605
d12-s10,12,10,1717,0.6813492063492064,middle,mlp_in,0.002601397587568499,0.0404220554619723,0.06435589575636018
d12-s10,12,10,1717,0.6813492063492064,middle,mlp_out,0.028943798737600442,0.0404220554619723,0.7160397561878017
d12-s10,12,10,1717,0.6813492063492064,middle,resid_scalar,0.00029879261668952495,0.0404220554619723,0.007391821451796753
d12-s10,12,10,1717,0.6813492063492064,middle,smear_gate,9.296216063603425e-08,0.0404220554619723,2.2997880630659644e-06
d12-s10,12,10,1717,0.6813492063492064,middle,smear_scalar,2.1189488563777556e-07,0.0404220554619723,5.2420611276712316e-06
d12-s10,12,10,1717,0.6813492063492064,middle,token_embedding,3.1768355057693036e-08,0.0404220554619723,7.859163690371864e-07
d12-s10,12,10,1717,0.6813492063492064,middle,unembedding,0.0013522543013095856,0.0404220554619723,0.033453378009976276
d12-s10,12,10,1717,0.6813492063492064,middle,value_embedding,7.136206470192974e-08,0.0404220554619723,1.7654239470594154e-06
d12-s10,12,10,1717,0.6813492063492064,middle,ve_gate,2.0055025800047588e-05,0.0404220554619723,0.0004961406729777678
d12-s10,12,10,1717,0.6813492063492064,middle,x0_scalar,5.016038517879906e-06,0.0404220554619723,0.00012409162425198355
d12-s10,12,10,1818,0.7214285714285714,middle,attn_k,0.0003498864034554572,0.04171387775144363,0.008387769785880152
d12-s10,12,10,1818,0.7214285714285714,middle,attn_out,0.0026438463683007285,0.04171387775144363,0.06338049854905255
d12-s10,12,10,1818,0.7214285714285714,middle,attn_q,0.0004970419031451456,0.04171387775144363,0.011915504621910726
d12-s10,12,10,1818,0.7214285714285714,middle,attn_v,0.0034975890739588067,0.04171387775144363,0.08384713343601248
d12-s10,12,10,1818,0.7214285714285714,middle,backout_scalar,1.321804302278906e-05,0.04171387775144363,0.00031687399338776675
d12-s10,12,10,1818,0.7214285714285714,middle,mlp_in,0.002524741696106503,0.04171387775144363,0.06052522163368345
d12-s10,12,10,1818,0.7214285714285714,middle,mlp_out,0.03055717246024869,0.04171387775144363,0.7325421204503378
d12-s10,12,10,1818,0.7214285714285714,middle,resid_scalar,9.868940094293066e-05,0.04171387775144363,0.0023658649414226474
d12-s10,12,10,1818,0.7214285714285714,middle,smear_gate,1.0689439733369e-07,0.04171387775144363,2.56256198406274e-06
d12-s10,12,10,1818,0.7214285714285714,middle,smear_scalar,6.08003028901294e-06,0.04171387775144363,0.0001457555762435086
d12-s10,12,10,1818,0.7214285714285714,middle,token_embedding,3.2630211421746935e-08,0.04171387775144363,7.822387459678852e-07
d12-s10,12,10,1818,0.7214285714285714,middle,unembedding,0.0014658637810498476,0.04171387775144363,0.03514091376937779
d12-s10,12,10,1818,0.7214285714285714,middle,value_embedding,7.699483983714117e-08,0.04171387775144363,1.8457847600724806e-06
d12-s10,12,10,1818,0.7214285714285714,middle,ve_gate,2.147811693475887e-05,0.04171387775144363,0.0005148914004768007
d12-s10,12,10,1818,0.7214285714285714,middle,x0_scalar,3.8053954540373525e-05,0.04171387775144363,0.0009122612567242457
d12-s10,12,10,1919,0.7615079365079365,late,attn_k,0.0003141528086416656,0.03089693632498491,0.010167765675447403
d12-s10,12,10,1919,0.7615079365079365,late,attn_out,0.001971331290405942,0.03089693632498491,0.06380345512806777
d12-s10,12,10,1919,0.7615079365079365,late,attn_q,0.000441084555859561,0.03089693632498491,0.014275996533121523
d12-s10,12,10,1919,0.7615079365079365,late,attn_v,0.0030485383722407278,0.03089693632498491,0.0986679824878144
d12-s10,12,10,1919,0.7615079365079365,late,backout_scalar,0.00021460428251884878,0.03089693632498491,0.006945811075297725
d12-s10,12,10,1919,0.7615079365079365,late,mlp_in,0.0022211160176084377,0.03089693632498491,0.07188790481509083
d12-s10,12,10,1919,0.7615079365079365,late,mlp_out,0.01998073417053092,0.03089693632498491,0.6466898193518764
d12-s10,12,10,1919,0.7615079365079365,late,resid_scalar,0.0013533487895642793,0.03089693632498491,0.04380203834222519
d12-s10,12,10,1919,0.7615079365079365,late,smear_gate,1.8612857388689005e-07,0.03089693632498491,6.0241757282703965e-06
d12-s10,12,10,1919,0.7615079365079365,late,smear_scalar,8.125291060423477e-06,0.03089693632498491,0.00026298047725375714
d12-s10,12,10,1919,0.7615079365079365,late,token_embedding,2.753675332201055e-08,0.03089693632498491,8.912454306915493e-07
d12-s10,12,10,1919,0.7615079365079365,late,unembedding,0.0013096674811095,0.03089693632498491,0.042388263591378574
d12-s10,12,10,1919,0.7615079365079365,late,value_embedding,6.624088211282242e-08,0.03089693632498491,2.143930434269514e-06
d12-s10,12,10,1919,0.7615079365079365,late,ve_gate,2.8748727046945532e-05,0.03089693632498491,0.000930471770552143
d12-s10,12,10,1919,0.7615079365079365,late,x0_scalar,5.20463218833811e-06,0.03089693632498491,0.0001684514002810488
d12-s10,12,10,2020,0.8015873015873016,late,attn_k,0.0002412545900369878,0.021966387850382407,0.010982897674402478
d12-s10,12,10,2020,0.8015873015873016,late,attn_out,0.0013639425887959078,0.021966387850382407,0.06209225650052261
d12-s10,12,10,2020,0.8015873015873016,late,attn_q,0.00031399935733134043,0.021966387850382407,0.014294537612194355
d12-s10,12,10,2020,0.8015873015873016,late,attn_v,0.0019996664250356844,0.021966387850382407,0.09103301091903795
d12-s10,12,10,2020,0.8015873015873016,late,backout_scalar,1.837681884353515e-05,0.021966387850382407,0.0008365881076444361
d12-s10,12,10,2020,0.8015873015873016,late,mlp_in,0.0017919127058121376,0.021966387850382407,0.08157521018099216
d12-s10,12,10,2020,0.8015873015873016,late,mlp_out,0.015142286792979576,0.021966387850382407,0.6893389525905128
d12-s10,12,10,2020,0.8015873015873016,late,resid_scalar,0.00023912327202779693,0.021966387850382407,0.01088587134382379
d12-s10,12,10,2020,0.8015873015873016,late,smear_gate,1.7292306608851504e-07,0.021966387850382407,7.872166660551096e-06
d12-s10,12,10,2020,0.8015873015873016,late,smear_scalar,2.635593091326882e-06,0.021966387850382407,0.00011998299899275427
d12-s10,12,10,2020,0.8015873015873016,late,token_embedding,2.394833131802443e-08,0.021966387850382407,1.090226189264318e-06
d12-s10,12,10,2020,0.8015873015873016,late,unembedding,0.0008389968425035477,0.021966387850382407,0.03819457473928477
d12-s10,12,10,2020,0.8015873015873016,late,value_embedding,6.293991594574777e-08,0.021966387850382407,2.8652829210903726e-06
d12-s10,12,10,2020,0.8015873015873016,late,ve_gate,6.462890098646312e-06,0.021966387850382407,0.0002942172442126757
d12-s10,12,10,2020,0.8015873015873016,late,x0_scalar,7.470162512568379e-06,0.021966387850382407,0.0003400724126082629
d12-s10,12,10,2121,0.8416666666666667,late,attn_k,0.0001952131642610766,0.019596434891572923,0.00996166727984917
d12-s10,12,10,2121,0.8416666666666667,late,attn_out,0.001356641630991362,0.019596434891572923,0.06922900203519979
d12-s10,12,10,2121,0.8416666666666667,late,attn_q,0.00025153589785986696,0.019596434891572923,0.012835798922182281
d12-s10,12,10,2121,0.8416666666666667,late,attn_v,0.0021385508007369936,0.019596434891572923,0.10912958467035436
d12-s10,12,10,2121,0.8416666666666667,late,backout_scalar,1.9457214875728823e-05,0.019596434891572923,0.0009928956457327875
d12-s10,12,10,2121,0.8416666666666667,late,mlp_in,0.0018578617891762406,0.019596434891572923,0.09480611138994363
d12-s10,12,10,2121,0.8416666666666667,late,mlp_out,0.012726716704491992,0.019596434891572923,0.6494404096923199
d12-s10,12,10,2121,0.8416666666666667,late,resid_scalar,0.00018484744215641058,0.019596434891572923,0.009432707692964129
d12-s10,12,10,2121,0.8416666666666667,late,smear_gate,9.865749461823726e-08,0.019596434891572923,5.034461378516511e-06
d12-s10,12,10,2121,0.8416666666666667,late,smear_scalar,3.4156502692894714e-07,0.019596434891572923,1.742995748047165e-05
d12-s10,12,10,2121,0.8416666666666667,late,token_embedding,2.392950015916995e-08,0.019596434891572923,1.2211149778810217e-06
d12-s10,12,10,2121,0.8416666666666667,late,unembedding,0.0008563736919313669,0.019596434891572923,0.043700484127326356
d12-s10,12,10,2121,0.8416666666666667,late,value_embedding,6.599805102425194e-08,0.019596434891572923,3.367860092380025e-06
d12-s10,12,10,2121,0.8416666666666667,late,ve_gate,6.846631833923311e-06,0.019596434891572923,0.00034938150086001493
d12-s10,12,10,2121,0.8416666666666667,late,x0_scalar,1.8597731852310062e-06,0.019596434891572923,9.490364933831749e-05
d12-s10,12,10,2222,0.8817460317460317,late,attn_k,0.00017460846174799372,0.012487549345369331,0.013982604346043488
d12-s10,12,10,2222,0.8817460317460317,late,attn_out,0.0009277785757149105,0.012487549345369331,0.074296289052019
d12-s10,12,10,2222,0.8817460317460317,late,attn_q,0.00021365238080761628,0.012487549345369331,0.017109232155854782
d12-s10,12,10,2222,0.8817460317460317,late,attn_v,0.001423127581801964,0.012487549345369331,0.11396372037798531
d12-s10,12,10,2222,0.8817460317460317,late,backout_scalar,1.8546105593486575e-06,0.012487549345369331,0.00014851677523391646
d12-s10,12,10,2222,0.8817460317460317,late,mlp_in,0.001532742171548307,0.012487549345369331,0.12274163081619235
d12-s10,12,10,2222,0.8817460317460317,late,mlp_out,0.0074892492848448455,0.012487549345369331,0.5997373125594119
d12-s10,12,10,2222,0.8817460317460317,late,resid_scalar,0.0001761894372975803,0.012487549345369331,0.014109208494372466
d12-s10,12,10,2222,0.8817460317460317,late,smear_gate,6.694796184092412e-08,0.012487549345369331,5.361176960293651e-06
d12-s10,12,10,2222,0.8817460317460317,late,smear_scalar,1.466096790636584e-07,0.012487549345369331,1.1740468446519062e-05
d12-s10,12,10,2222,0.8817460317460317,late,token_embedding,1.9879667689792768e-08,0.012487549345369331,1.5919590898084903e-06
d12-s10,12,10,2222,0.8817460317460317,late,unembedding,0.0005340826464816927,0.012487549345369331,0.0427692120936237
d12-s10,12,10,2222,0.8817460317460317,late,value_embedding,6.017764064836228e-08,0.012487549345369331,4.819011239437266e-06
d12-s10,12,10,2222,0.8817460317460317,late,ve_gate,9.627161063008316e-06,0.012487549345369331,0.0007709407824344884
d12-s10,12,10,2222,0.8817460317460317,late,x0_scalar,4.3434185528212765e-06,0.012487549345369331,0.00034781993109255784
d12-s10,12,10,2323,0.9218253968253968,late,attn_k,0.00016319520432261925,0.01062324710423379,0.01536208305439675
d12-s10,12,10,2323,0.9218253968253968,late,attn_out,0.0007714160929026548,0.01062324710423379,0.07261584761548232
d12-s10,12,10,2323,0.9218253968253968,late,attn_q,0.00019676607189467177,0.01062324710423379,0.01852221547367119
d12-s10,12,10,2323,0.9218253968253968,late,attn_v,0.0010991264061885886,0.01062324710423379,0.1034642605414443
d12-s10,12,10,2323,0.9218253968253968,late,backout_scalar,0.00013066350948065517,0.01062324710423379,0.01229977126565949
d12-s10,12,10,2323,0.9218253968253968,late,mlp_in,0.0014169600508466829,0.01062324710423379,0.13338295127127067
d12-s10,12,10,2323,0.9218253968253968,late,mlp_out,0.0059951969888061285,0.01062324710423379,0.5643469393098087
d12-s10,12,10,2323,0.9218253968253968,late,resid_scalar,0.00031262762639983066,0.01062324710423379,0.029428631691645016
d12-s10,12,10,2323,0.9218253968253968,late,smear_gate,4.1819109952712103e-08,0.01062324710423379,3.93656567924938e-06
d12-s10,12,10,2323,0.9218253968253968,late,smear_scalar,2.2176735114953774e-07,0.01062324710423379,2.0875665319048687e-05
d12-s10,12,10,2323,0.9218253968253968,late,token_embedding,2.0619181029246647e-08,0.01062324710423379,1.940949017464639e-06
d12-s10,12,10,2323,0.9218253968253968,late,unembedding,0.0005304989172145724,0.01062324710423379,0.04993754847358745
d12-s10,12,10,2323,0.9218253968253968,late,value_embedding,6.460764723215107e-08,0.01062324710423379,6.081723092594008e-06
d12-s10,12,10,2323,0.9218253968253968,late,ve_gate,5.404948211662486e-06,0.01062324710423379,0.0005087849466956668
d12-s10,12,10,2323,0.9218253968253968,late,x0_scalar,1.0424746763604276e-06,0.01062324710423379,9.813145323005426e-05
d12-s10,12,10,2424,0.9619047619047619,late,attn_k,0.00014343989141707425,0.01031110651604239,0.01391120256530231
d12-s10,12,10,2424,0.9619047619047619,late,attn_out,0.0007130057056201622,0.01031110651604239,0.06914929105919353
d12-s10,12,10,2424,0.9619047619047619,late,attn_q,0.00016297892943839543,0.01031110651604239,0.015806153217875013
d12-s10,12,10,2424,0.9619047619047619,late,attn_v,0.001021656231387169,0.01031110651604239,0.09908308383757258
d12-s10,12,10,2424,0.9619047619047619,late,backout_scalar,1.6376739964130138e-08,0.01031110651604239,1.5882621267320454e-06
d12-s10,12,10,2424,0.9619047619047619,late,mlp_in,0.0013240525222499855,0.01031110651604239,0.12841032339157557
d12-s10,12,10,2424,0.9619047619047619,late,mlp_out,0.006199803989147768,0.01031110651604239,0.6012743617284809
d12-s10,12,10,2424,0.9619047619047619,late,resid_scalar,0.0001261021441507637,0.01031110651604239,0.012229739257815779
d12-s10,12,10,2424,0.9619047619047619,late,smear_gate,1.1405877842207703e-07,0.01031110651604239,1.1061739905859792e-05
d12-s10,12,10,2424,0.9619047619047619,late,smear_scalar,3.5391483379498823e-06,0.01031110651604239,0.00034323652194296977
d12-s10,12,10,2424,0.9619047619047619,late,token_embedding,1.9046673571665448e-08,0.01031110651604239,1.8471997687185123e-06
d12-s10,12,10,2424,0.9619047619047619,late,unembedding,0.0006040455773472787,0.01031110651604239,0.05858203253040621
d12-s10,12,10,2424,0.9619047619047619,late,value_embedding,6.250620865344558e-08,0.01031110651604239,6.0620272476281935e-06
d12-s10,12,10,2424,0.9619047619047619,late,ve_gate,2.201574318405619e-06,0.01031110651604239,0.00021351484585871853
d12-s10,12,10,2424,0.9619047619047619,late,x0_scalar,1.0068814226826817e-05,0.01031110651604239,0.0009765018149275632
d12-s11,12,11,0,0.0,early,attn_k,0.0,0.09478442154286734,0.0
d12-s11,12,11,0,0.0,early,attn_out,2.1568678107541928e-05,0.09478442154286734,0.00022755509562072122
d12-s11,12,11,0,0.0,early,attn_q,0.0,0.09478442154286734,0.0
d12-s11,12,11,0,0.0,early,attn_v,0.0,0.09478442154286734,0.0
d12-s11,12,11,0,0.0,early,backout_scalar,6.481008221412287e-13,0.09478442154286734,6.837630188502207e-12
d12-s11,12,11,0,0.0,early,mlp_in,0.0,0.09478442154286734,0.0
d12-s11,12,11,0,0.0,early,mlp_out,0.00010914235735981492,0.09478442154286734,0.0011514799118170916
d12-s11,12,11,0,0.0,early,resid_scalar,7.351892126530315e-12,0.09478442154286734,7.756435083802603e-11
d12-s11,12,11,0,0.0,early,smear_gate,0.0,0.09478442154286734,0.0
d12-s11,12,11,0,0.0,early,smear_scalar,2.9299602744004005e-08,0.09478442154286734,3.091183368223957e-07
d12-s11,12,11,0,0.0,early,token_embedding,1.4929057101653598e-07,0.09478442154286734,1.575053881074936e-06
d12-s11,12,11,0,0.0,early,unembedding,0.09465353190898894,0.09478442154286734,0.9986190807334389
d12-s11,12,11,0,0.0,early,value_embedding,0.0,0.09478442154286734,0.0
d12-s11,12,11,0,0.0,early,ve_gate,0.0,0.09478442154286734,0.0
d12-s11,12,11,0,0.0,early,x0_scalar,2.372891523910411e-13,0.09478442154286734,2.5034615238298876e-12
d12-s11,12,11,101,0.04007936507936508,early,attn_k,0.0015231476590997772,0.020071719918724806,0.07588525872557839
d12-s11,12,11,101,0.04007936507936508,early,attn_out,0.0008791012396613951,0.020071719918724806,0.04379800252400323
d12-s11,12,11,101,0.04007936507936508,early,attn_q,0.0039000614324322664,0.020071719918724806,0.19430629005508984
d12-s11,12,11,101,0.04007936507936508,early,attn_v,0.00020622098509193165,0.020071719918724806,0.01027420599365524
d12-s11,12,11,101,0.04007936507936508,early,backout_scalar,1.2290582162677309e-05,0.020071719918724806,0.0006123332834677255
d12-s11,12,11,101,0.04007936507936508,early,mlp_in,0.0003998324518761365,0.020071719918724806,0.019920188877443172
d12-s11,12,11,101,0.04007936507936508,early,mlp_out,0.003714553327881731,0.020071719918724806,0.18506402754337176
d12-s11,12,11,101,0.04007936507936508,early,resid_scalar,0.00019214224698771432,0.020071719918724806,0.009572784383488023
d12-s11,12,11,101,0.04007936507936508,early,smear_gate,0.00021460099378600717,0.020071719918724806,0.010691709263330592
d12-s11,12,11,101,0.04007936507936508,early,smear_scalar,6.927219601493561e-06,0.020071719918724806,0.0003451233690756711
d12-s11,12,11,101,0.04007936507936508,early,token_embedding,5.462524768518052e-06,0.020071719918724806,0.00027215030852548367
d12-s11,12,11,101,0.04007936507936508,early,unembedding,0.00894536916166544,0.020071719918724806,0.445670286247884
d12-s11,12,11,101,0.04007936507936508,early,value_embedding,7.110222766115726e-08,0.020071719918724806,3.5424083212134876e-06
d12-s11,12,11,101,0.04007936507936508,early,ve_gate,5.5637407285757945e-06,0.020071719918724806,0.0002771930233734185
d12-s11,12,11,101,0.04007936507936508,early,x0_scalar,6.637525075348094e-05,0.020071719918724806,0.0033069039933922057
d12-s11,12,11,202,0.08015873015873017,early,attn_k,0.003372182956809411,0.057681978428817615,0.0584616382562337
d12-s11,12,11,202,0.08015873015873017,early,attn_out,0.0040298016829183325,0.057681978428817615,0.06986240404169397
d12-s11,12,11,202,0.08015873015873017,early,attn_q,0.004513932159170508,0.057681978428817615,0.07825550166835768
d12-s11,12,11,202,0.08015873015873017,early,attn_v,0.0023164378289948218,0.057681978428817615,0.040158779086494394
d12-s11,12,11,202,0.08015873015873017,early,backout_scalar,0.003583438927307725,0.057681978428817615,0.062124064134344216
d12-s11,12,11,202,0.08015873015873017,early,mlp_in,0.002040167724771891,0.057681978428817615,0.0353692397581258
d12-s11,12,11,202,0.08015873015873017,early,mlp_out,0.018928926554508507,0.057681978428817615,0.3281601475904251
d12-s11,12,11,202,0.08015873015873017,early,resid_scalar,0.015900393283573067,0.057681978428817615,0.27565617055238373
d12-s11,12,11,202,0.08015873015873017,early,smear_gate,5.956073437118903e-06,0.057681978428817615,0.00010325709345196939
d12-s11,12,11,202,0.08015873015873017,early,smear_scalar,0.0003219842328689993,0.057681978428817615,0.00558205945148611
d12-s11,12,11,202,0.08015873015873017,early,token_embedding,1.0440685400681107e-06,0.057681978428817615,1.8100428738874524e-05
d12-s11,12,11,202,0.08015873015873017,early,unembedding,0.0023969118483364586,0.057681978428817615,0.0415539118737816
d12-s11,12,11,202,0.08015873015873017,early,value_embedding,2.373053646920198e-07,0.057681978428817615,4.114029566181858e-06
d12-s11,12,11,202,0.08015873015873017,early,ve_gate,3.801059654051642e-05,0.057681978428817615,0.0006589683220977477
d12-s11,12,11,202,0.08015873015873017,early,x0_scalar,0.0002325531856754992,0.057681978428817615,0.004031643712818922
d12-s11,12,11,303,0.12023809523809524,early,attn_k,0.001725372923829127,0.035522664001156556,0.04857104534088299
d12-s11,12,11,303,0.12023809523809524,early,attn_out,0.0055084778141463175,0.035522664001156556,0.15506938933315842
d12-s11,12,11,303,0.12023809523809524,early,attn_q,0.0027377170808904343,0.035522664001156556,0.07706958804669883
d12-s11,12,11,303,0.12023809523809524,early,attn_v,0.004651752795325592,0.035522664001156556,0.13095168749658356
d12-s11,12,11,303,0.12023809523809524,early,backout_scalar,0.000706440070644021,0.035522664001156556,0.0198870239749198
d12-s11,12,11,303,0.12023809523809524,early,mlp_in,0.002649786852998659,0.035522664001156556,0.07459426052371484
d12-s11,12,11,303,0.12023809523809524,early,mlp_out,0.010806105332449079,0.035522664001156556,0.3042031231694011
d12-s11,12,11,303,0.12023809523809524,early,resid_scalar,0.003702282539961743,0.035522664001156556,0.1042231106270972
d12-s11,12,11,303,0.12023809523809524,early,smear_gate,1.2486392733990216e-05,0.035522664001156556,0.00035150496408669355
d12-s11,12,11,303,0.12023809523809524,early,smear_scalar,0.00023173024237621573,0.035522664001156556,0.006523447745041616
d12-s11,12,11,303,0.12023809523809524,early,token_embedding,4.971763019057108e-07,0.035522664001156556,1.3996030868898898e-05
d12-s11,12,11,303,0.12023809523809524,early,unembedding,0.0025162785314023495,0.035522664001156556,0.07083586217859178
d12-s11,12,11,303,0.12023809523809524,early,value_embedding,2.0375453146925793e-07,0.035522664001156556,5.735902337240924e-06
d12-s11,12,11,303,0.12023809523809524,early,ve_gate,0.00013936707637185464,0.035522664001156556,0.003923328395846581
d12-s11,12,11,303,0.12023809523809524,early,x0_scalar,0.00013416541719379893,0.035522664001156556,0.003776896270770422
d12-s11,12,11,404,0.16031746031746033,early,attn_k,0.0026898351825366262,0.06917493242357686,0.03888453646858715
d12-s11,12,11,404,0.16031746031746033,early,attn_out,0.014850000385195017,0.06917493242357686,0.21467314625281364
d12-s11,12,11,404,0.16031746031746033,early,attn_q,0.004344473318269593,0.06917493242357686,0.06280415702710347
d12-s11,12,11,404,0.16031746031746033,early,attn_v,0.008697266544913873,0.06917493242357686,0.12572858751286017
d12-s11,12,11,404,0.16031746031746033,early,backout_scalar,0.0024638366885483265,0.06917493242357686,0.0356174787921958
d12-s11,12,11,404,0.16031746031746033,early,mlp_in,0.004964977604686283,0.06917493242357686,0.0717742313687331
d12-s11,12,11,404,0.16031746031746033,early,mlp_out,0.013392695313086733,0.06917493242357686,0.19360619293531983
d12-s11,12,11,404,0.16031746031746033,early,resid_scalar,0.013324859995464067,0.06917493242357686,0.19262555854586655
d12-s11,12,11,404,0.16031746031746033,early,smear_gate,3.1075780952960486e-06,0.06917493242357686,4.49234713561772e-05
d12-s11,12,11,404,0.16031746031746033,early,smear_scalar,0.00010086349357152356,0.06917493242357686,0.0014580931276363099
d12-s11,12,11,404,0.16031746031746033,early,token_embedding,4.0620395225232636e-07,0.06917493242357686,5.872126477334729e-06
d12-s11,12,11,404,0.16031746031746033,early,unembedding,0.003632048843428493,0.06917493242357686,0.052505274904910255
d12-s11,12,11,404,0.16031746031746033,early,value_embedding,1.8549655855792935e-07,0.06917493242357686,2.6815574957425853e-06
d12-s11,12,11,404,0.16031746031746033,early,ve_gate,0.00014221339097275632,0.06917493242357686,0.0020558515345117387
d12-s11,12,11,404,0.16031746031746033,early,x0_scalar,0.0005681623842974659,0.06917493242357686,0.008213414374132722
d12-s11,12,11,505,0.2003968253968254,early,attn_k,0.0008730649096833076,0.03404010597560614,0.025648125487886683
d12-s11,12,11,505,0.2003968253968254,early,attn_out,0.007947235455503687,0.03404010597560614,0.23346682472724511
d12-s11,12,11,505,0.2003968253968254,early,attn_q,0.0018670476019906346,0.03404010597560614,0.054848466198330885
d12-s11,12,11,505,0.2003968253968254,early,attn_v,0.006307980045676231,0.03404010597560614,0.18531023523242446
d12-s11,12,11,505,0.2003968253968254,early,backout_scalar,0.0007512862794101237,0.03404010597560614,0.02207062104766981
d12-s11,12,11,505,0.2003968253968254,early,mlp_in,0.0029578186222352087,0.03404010597560614,0.08689216844256725
d12-s11,12,11,505,0.2003968253968254,early,mlp_out,0.006255344735109247,0.03404010597560614,0.18376396182761476
d12-s11,12,11,505,0.2003968253968254,early,resid_scalar,0.003077055142057361,0.03404010597560614,0.09039499301977626
d12-s11,12,11,505,0.2003968253968254,early,smear_gate,2.0552145088004185e-06,0.03404010597560614,6.03762664626611e-05
d12-s11,12,11,505,0.2003968253968254,early,smear_scalar,6.749156455043705e-05,0.03404010597560614,0.0019827072394781303
d12-s11,12,11,505,0.2003968253968254,early,token_embedding,2.601693154247186e-07,0.03404010597560614,7.643023074345346e-06
d12-s11,12,11,505,0.2003968253968254,early,unembedding,0.003615965135395527,0.03404010597560614,0.10622661216116085
d12-s11,12,11,505,0.2003968253968254,early,value_embedding,1.2004144878119405e-07,0.03404010597560614,3.526471065255152e-06
d12-s11,12,11,505,0.2003968253968254,early,ve_gate,0.00015919161637611978,0.03404010597560614,0.0046765899169115355
d12-s11,12,11,505,0.2003968253968254,early,x0_scalar,0.0001581894423452468,0.03404010597560614,0.004647148938331998
d12-s11,12,11,606,0.24047619047619048,early,attn_k,0.0011267725039942889,0.04786063866168533,0.023542780361941195
d12-s11,12,11,606,0.24047619047619048,early,attn_out,0.012967649927304592,0.04786063866168533,0.27094602767358805
d12-s11,12,11,606,0.24047619047619048,early,attn_q,0.0016727027991692012,0.04786063866168533,0.03494944584824936
d12-s11,12,11,606,0.24047619047619048,early,attn_v,0.006262274851906113,0.04786063866168533,0.13084394665463076
d12-s11,12,11,606,0.24047619047619048,early,backout_scalar,0.0016656622756272554,0.04786063866168533,0.03480234117646022
d12-s11,12,11,606,0.24047619047619048,early,mlp_in,0.003981718065915629,0.04786063866168533,0.08319400194513452
d12-s11,12,11,606,0.24047619047619048,early,mlp_out,0.01073546046973206,0.04786063866168533,0.2243066697379092
d12-s11,12,11,606,0.24047619047619048,early,resid_scalar,0.005453410572109796,0.04786063866168533,0.11394353950557508
d12-s11,12,11,606,0.24047619047619048,early,smear_gate,5.493515686794126e-07,0.04786063866168533,1.1478149561744024e-05
d12-s11,12,11,606,0.24047619047619048,early,smear_scalar,1.39647190735559e-05,0.04786063866168533,0.00029177878657802594
d12-s11,12,11,606,0.24047619047619048,early,token_embedding,1.8471399698682947e-07,0.04786063866168533,3.859413542149441e-06
d12-s11,12,11,606,0.24047619047619048,early,unembedding,0.0038143943529576063,0.04786063866168533,0.07969794093055442
d12-s11,12,11,606,0.24047619047619048,early,value_embedding,1.455913238856965e-07,0.04786063866168533,3.0419845609425424e-06
d12-s11,12,11,606,0.24047619047619048,early,ve_gate,5.597100027898705e-05,0.04786063866168533,0.0011694578644182289
d12-s11,12,11,606,0.24047619047619048,early,x0_scalar,0.00010977746672669042,0.04786063866168533,0.0022936899672960777
d12-s11,12,11,707,0.28055555555555556,middle,attn_k,0.0009309280467277858,0.10416144388685616,0.0089373573559425
d12-s11,12,11,707,0.28055555555555556,middle,attn_out,0.013517142782802694,0.10416144388685616,0.12977107726622425
d12-s11,12,11,707,0.28055555555555556,middle,attn_q,0.0018886665511672618,0.10416144388685616,0.018132108011279086
d12-s11,12,11,707,0.28055555555555556,middle,attn_v,0.009903929887514096,0.10416144388685616,0.09508249423147488
d12-s11,12,11,707,0.28055555555555556,middle,backout_scalar,0.009422417730093,0.10416144388685616,0.09045974574169655
d12-s11,12,11,707,0.28055555555555556,middle,mlp_in,0.004969543675542809,0.10416144388685616,0.04771001140250036
d12-s11,12,11,707,0.28055555555555556,middle,mlp_out,0.01465740060666576,0.10416144388685616,0.14071810124470957
d12-s11,12,11,707,0.28055555555555556,middle,resid_scalar,0.04504847026692005,0.10416144388685616,0.4324869988923472
d12-s11,12,11,707,0.28055555555555556,middle,smear_gate,6.743068183823198e-07,0.10416144388685616,6.473670037780732e-06
d12-s11,12,11,707,0.28055555555555556,middle,smear_scalar,7.549125257355626e-06,0.10416144388685616,7.247523628374192e-05
d12-s11,12,11,707,0.28055555555555556,middle,token_embedding,2.1995154497744807e-07,0.10416144388685616,2.11164070667422e-06
d12-s11,12,11,707,0.28055555555555556,middle,unembedding,0.0034729233011603355,0.10416144388685616,0.033341735401947264
d12-s11,12,11,707,0.28055555555555556,middle,value_embedding,1.5763731475715304e-07,0.10416144388685616,1.5133941012605802e-06
d12-s11,12,11,707,0.28055555555555556,middle,ve_gate,0.00023133482000048391,0.10416144388685616,0.0022209256262976534
d12-s11,12,11,707,0.28055555555555556,middle,x0_scalar,0.00011008519732641497,0.10416144388685616,0.001056870884451193
d12-s11,12,11,808,0.32063492063492066,middle,attn_k,0.0004886983542746748,0.0479820781138116,0.010185018521196633
d12-s11,12,11,808,0.32063492063492066,middle,attn_out,0.009728198980155868,0.0479820781138116,0.20274651208480304
d12-s11,12,11,808,0.32063492063492066,middle,attn_q,0.0007765829213894904,0.0479820781138116,0.01618485384370944
d12-s11,12,11,808,0.32063492063492066,middle,attn_v,0.006674436182947829,0.0479820781138116,0.13910269094882322
d12-s11,12,11,808,0.32063492063492066,middle,backout_scalar,3.2963516787276603e-06,0.0479820781138116,6.86996438734655e-05
d12-s11,12,11,808,0.32063492063492066,middle,mlp_in,0.0034448006190359592,0.0479820781138116,0.07179348528558992
d12-s11,12,11,808,0.32063492063492066,middle,mlp_out,0.02126932344981469,0.0479820781138116,0.44327641248394223
d12-s11,12,11,808,0.32063492063492066,middle,resid_scalar,0.0003291593782819291,0.0479820781138116,0.006860048401846539
d12-s11,12,11,808,0.32063492063492066,middle,smear_gate,8.578617780585773e-07,0.0479820781138116,1.787879582922113e-05
d12-s11,12,11,808,0.32063492063492066,middle,smear_scalar,1.6144596884259957e-05,0.0479820781138116,0.0003364713976323745
d12-s11,12,11,808,0.32063492063492066,middle,token_embedding,1.3328832437764504e-07,0.0479820781138116,2.777877274541765e-06
d12-s11,12,11,808,0.32063492063492066,middle,unembedding,0.0051924269646406165,0.0479820781138116,0.10821596664330344
d12-s11,12,11,808,0.32063492063492066,middle,value_embedding,1.2310858465980345e-07,0.0479820781138116,2.5657201500900967e-06
d12-s11,12,11,808,0.32063492063492066,middle,ve_gate,4.937058565701591e-05,0.0479820781138116,0.0010289380451574193
d12-s11,12,11,808,0.32063492063492066,middle,x0_scalar,8.52547036345186e-06,0.0479820781138116,0.00017768030686853077
d12-s11,12,11,909,0.3607142857142857,middle,attn_k,0.0004459773699636571,0.06736183196211609,0.006620624127539647
d12-s11,12,11,909,0.3607142857142857,middle,attn_out,0.009262224783014973,0.06736183196211609,0.1374995975202099
d12-s11,12,11,909,0.3607142857142857,middle,attn_q,0.000901736855666968,0.06736183196211609,0.013386465738848963
d12-s11,12,11,909,0.3607142857142857,middle,attn_v,0.00559739086747868,0.06736183196211609,0.08309439788731726
d12-s11,12,11,909,0.3607142857142857,middle,backout_scalar,0.0017109302571043372,0.06736183196211609,0.025399105209409308
d12-s11,12,11,909,0.3607142857142857,middle,mlp_in,0.003495208860840648,0.06736183196211609,0.05188708143814042
d12-s11,12,11,909,0.3607142857142857,middle,mlp_out,0.03377857334271539,0.06736183196211609,0.5014497432568679
d12-s11,12,11,909,0.3607142857142857,middle,resid_scalar,0.009795570389229624,0.06736183196211609,0.145417220759949
d12-s11,12,11,909,0.3607142857142857,middle,smear_gate,2.8483540859269857e-07,0.06736183196211609,4.228439166453911e-06
d12-s11,12,11,909,0.3607142857142857,middle,smear_scalar,1.3595249015452282e-07,0.06736183196211609,2.0182421735647232e-06
d12-s11,12,11,909,0.3607142857142857,middle,token_embedding,1.0191312327378908e-07,0.06736183196211609,1.512920897565619e-06
d12-s11,12,11,909,0.3607142857142857,middle,unembedding,0.0022689336910843845,0.06736183196211609,0.033682778882267034
d12-s11,12,11,909,0.3607142857142857,middle,value_embedding,1.0325604815619725e-07,0.06736183196211609,1.5328568886646056e-06
d12-s11,12,11,909,0.3607142857142857,middle,ve_gate,9.424355539522367e-05,0.06736183196211609,0.0013990646134479493
d12-s11,12,11,909,0.3607142857142857,middle,x0_scalar,1.041603255202972e-05,0.06736183196211609,0.00015462810687642278
d12-s11,12,11,1010,0.4007936507936508,middle,attn_k,0.0007765707578073489,0.07728988546889104,0.010047508197174343
d12-s11,12,11,1010,0.4007936507936508,middle,attn_out,0.008627995477581862,0.07728988546889104,0.11163162456819277
d12-s11,12,11,1010,0.4007936507936508,middle,attn_q,0.0013713789603571058,0.07728988546889104,0.01774331727932346
d12-s11,12,11,1010,0.4007936507936508,middle,attn_v,0.006207139653270133,0.07728988546889104,0.08030985704809317
d12-s11,12,11,1010,0.4007936507936508,middle,backout_scalar,0.00011033192276954651,0.07728988546889104,0.0014275079087024238
d12-s11,12,11,1010,0.4007936507936508,middle,mlp_in,0.004390396803501062,0.07728988546889104,0.05680428657470562
d12-s11,12,11,1010,0.4007936507936508,middle,mlp_out,0.050947447743965306,0.07728988546889104,0.659173544311584
d12-s11,12,11,1010,0.4007936507936508,middle,resid_scalar,0.0003558497321591858,0.07728988546889104,0.004604091854973887
d12-s11,12,11,1010,0.4007936507936508,middle,smear_gate,6.612677907469333e-07,0.07728988546889104,8.555683408446655e-06
d12-s11,12,11,1010,0.4007936507936508,middle,smear_scalar,2.315874917258043e-05,0.07728988546889104,0.00029963492677061556
d12-s11,12,11,1010,0.4007936507936508,middle,token_embedding,9.17358136121038e-08,0.07728988546889104,1.1869058034641184e-06
d12-s11,12,11,1010,0.4007936507936508,middle,unembedding,0.004393687006086112,0.07728988546889104,0.056846856214511514
d12-s11,12,11,1010,0.4007936507936508,middle,value_embedding,9.70733302629867e-08,0.07728988546889104,1.2559642141281014e-06
d12-s11,12,11,1010,0.4007936507936508,middle,ve_gate,6.726432150117034e-05,0.07728988546889104,0.0008702862100661806
d12-s11,12,11,1010,0.4007936507936508,middle,x0_scalar,1.781426378499873e-05,0.07728988546889104,0.00023048635247582196
d12-s11,12,11,1111,0.44087301587301586,middle,attn_k,0.0003689109930746781,0.0787497002192108,0.004684601872105707
d12-s11,12,11,1111,0.44087301587301586,middle,attn_out,0.005959310386970173,0.0787497002192108,0.07567407076321052
d12-s11,12,11,1111,0.44087301587301586,middle,attn_q,0.0006166065322759096,0.0787497002192108,0.00782995402597723
d12-s11,12,11,1111,0.44087301587301586,middle,attn_v,0.004739926935144467,0.0787497002192108,0.06018977750963138
d12-s11,12,11,1111,0.44087301587301586,middle,backout_scalar,0.0014147857436910274,0.0787497002192108,0.017965601643597038
d12-s11,12,11,1111,0.44087301587301586,middle,mlp_in,0.003959903020586353,0.0787497002192108,0.05028467422178636
d12-s11,12,11,1111,0.44087301587301586,middle,mlp_out,0.04900645489396993,0.0787497002192108,0.6223065580891561
d12-s11,12,11,1111,0.44087301587301586,middle,resid_scalar,0.010212000246056618,0.0787497002192108,0.12967668724617476
d12-s11,12,11,1111,0.44087301587301586,middle,smear_gate,2.3350014544121223e-07,0.0787497002192108,2.9650924992886568e-06
d12-s11,12,11,1111,0.44087301587301586,middle,smear_scalar,4.0720320271248056e-07,0.0787497002192108,5.170854004256188e-06
d12-s11,12,11,1111,0.44087301587301586,middle,token_embedding,6.657030837686762e-08,0.0787497002192108,8.453404672215877e-07
d12-s11,12,11,1111,0.44087301587301586,middle,unembedding,0.0024274075403809547,0.0787497002192108,0.03082434007525015
d12-s11,12,11,1111,0.44087301587301586,middle,value_embedding,7.893092934807555e-08,0.0787497002192108,1.002301331031868e-06
d12-s11,12,11,1111,0.44087301587301586,middle,ve_gate,2.4853013087522413e-05,0.0787497002192108,0.0003155950183726488
d12-s11,12,11,1111,0.44087301587301586,middle,x0_scalar,1.8754709387280855e-05,0.0787497002192108,0.00023815594643629754
d12-s11,12,11,1212,0.48095238095238096,middle,attn_k,0.0008722151051188121,0.10999509233164838,0.007929582007977038
d12-s11,12,11,1212,0.48095238095238096,middle,attn_out,0.008331738754350226,0.10999509233164838,0.0757464590259085
d12-s11,12,11,1212,0.48095238095238096,middle,attn_q,0.0014880592225381406,0.10999509233164838,0.013528414686461317
d12-s11,12,11,1212,0.48095238095238096,middle,attn_v,0.00590295481015346,0.10999509233164838,0.05366561984743232
d12-s11,12,11,1212,0.48095238095238096,middle,backout_scalar,0.0001754896511556581,0.10999509233164838,0.0015954316455004717
d12-s11,12,11,1212,0.48095238095238096,middle,mlp_in,0.004020715030492283,0.10999509233164838,0.03655358566698
d12-s11,12,11,1212,0.48095238095238096,middle,mlp_out,0.0836101752356626,0.10999509233164838,0.7601264153092203
d12-s11,12,11,1212,0.48095238095238096,middle,resid_scalar,0.0011160450684002399,0.10999509233164838,0.01014631693780692
d12-s11,12,11,1212,0.48095238095238096,middle,smear_gate,5.718448505831475e-07,0.10999509233164838,5.198821497044311e-06
d12-s11,12,11,1212,0.48095238095238096,middle,smear_scalar,2.800814581860323e-05,0.10999509233164838,0.00025463086784049705
d12-s11,12,11,1212,0.48095238095238096,middle,token_embedding,6.808590313767128e-08,0.10999509233164838,6.189903721557333e-07
d12-s11,12,11,1212,0.48095238095238096,middle,unembedding,0.004360264167189599,0.10999509233164838,0.03964053372529458
d12-s11,12,11,1212,0.48095238095238096,middle,value_embedding,8.598946310556244e-08,0.10999509233164838,7.817572700997778e-07
d12-s11,12,11,1212,0.48095238095238096,middle,ve_gate,1.7725562543091655e-05,0.10999509233164838,0.00016114866733914785
d12-s11,12,11,1212,0.48095238095238096,middle,x0_scalar,7.097565800884276e-05,0.10999509233164838,0.0006452620430995471
d12-s11,12,11,1313,0.5210317460317461,middle,attn_k,0.00045313154623727314,0.08496119020402614,0.005333394519887507
d12-s11,12,11,1313,0.5210317460317461,middle,attn_out,0.006401123268005904,0.08496119020402614,0.07534173253263309
d12-s11,12,11,1313,0.5210317460317461,middle,attn_q,0.0007432505099131959,0.08496119020402614,0.008748117912759357
d12-s11,12,11,1313,0.5210317460317461,middle,attn_v,0.005053513028542511,0.08496119020402614,0.05948025229410023
d12-s11,12,11,1313,0.5210317460317461,middle,backout_scalar,0.00015399431867990643,0.08496119020402614,0.001812525440264006
d12-s11,12,11,1313,0.5210317460317461,middle,mlp_in,0.003433788751863176,0.08496119020402614,0.040415968086337566
d12-s11,12,11,1313,0.5210317460317461,middle,mlp_out,0.06312618544325231,0.08496119020402614,0.743000248603637
d12-s11,12,11,1313,0.5210317460317461,middle,resid_scalar,0.0025229588192274832,0.08496119020402614,0.02969542697281947
d12-s11,12,11,1313,0.5210317460317461,middle,smear_gate,3.370003582858772e-07,0.08496119020402614,3.96652115485439e-06
d12-s11,12,11,1313,0.5210317460317461,middle,smear_scalar,1.8498572899261486e-05,0.08496119020402614,0.00021772968169159285
d12-s11,12,11,1313,0.5210317460317461,middle,token_embedding,5.248459800100136e-08,0.08496119020402614,6.177479137823357e-07
d12-s11,12,11,1313,0.5210317460317461,middle,unembedding,0.002975611481815577,0.08496119020402614,0.03502318499387699
d12-s11,12,11,1313,0.5210317460317461,middle,value_embedding,9.132018474744541e-08,0.08496119020402614,1.0748458740767255e-06
d12-s11,12,11,1313,0.5210317460317461,middle,ve_gate,5.6328156915697036e-05,0.08496119020402614,0.0006629869094398322
d12-s11,12,11,1313,0.5210317460317461,middle,x0_scalar,2.2325501532804992e-05,0.08496119020402614,0.00026277293761060134
d12-s11,12,11,1414,0.5611111111111111,middle,attn_k,0.0005358202574825555,0.06780088131348538,0.007902850923207432
d12-s11,12,11,1414,0.5611111111111111,middle,attn_out,0.004273456423106836,0.06780088131348538,0.0630295114210685
d12-s11,12,11,1414,0.5611111111111111,middle,attn_q,0.0008557151099921612,0.06780088131348538,0.01262100275711257
d12-s11,12,11,1414,0.5611111111111111,middle,attn_v,0.004722423866041936,0.06780088131348538,0.06965136403179262
d12-s11,12,11,1414,0.5611111111111111,middle,backout_scalar,0.0020002820529043674,0.06780088131348538,0.029502301653806344
d12-s11,12,11,1414,0.5611111111111111,middle,mlp_in,0.003170022479025647,0.06780088131348538,0.04675488603708075
d12-s11,12,11,1414,0.5611111111111111,middle,mlp_out,0.04258011931960937,0.06780088131348538,0.6280171952741317
d12-s11,12,11,1414,0.5611111111111111,middle,resid_scalar,0.006569888395148382,0.06780088131348538,0.09689974920490675
d12-s11,12,11,1414,0.5611111111111111,middle,smear_gate,3.544572848568351e-07,0.06780088131348538,5.227915596228904e-06
d12-s11,12,11,1414,0.5611111111111111,middle,smear_scalar,5.215194505581167e-06,0.06780088131348538,7.691927309127588e-05
d12-s11,12,11,1414,0.5611111111111111,middle,token_embedding,4.6964224509338244e-08,0.06780088131348538,6.926786731900077e-07
d12-s11,12,11,1414,0.5611111111111111,middle,unembedding,0.0030088501516729593,0.06780088131348538,0.04437774396709071
d12-s11,12,11,1414,0.5611111111111111,middle,value_embedding,7.811866442608562e-08,0.06780088131348538,1.1521777138101604e-06
d12-s11,12,11,1414,0.5611111111111111,middle,ve_gate,3.9321442500295234e-05,0.06780088131348538,0.000579954740093833
d12-s11,12,11,1414,0.5611111111111111,middle,x0_scalar,3.928708132150405e-05,0.06780088131348538,0.0005794479446344596
d12-s11,12,11,1515,0.6011904761904762,middle,attn_k,0.0005123368273416418,0.0783273470967576,0.0065409699974742315
d12-s11,12,11,1515,0.6011904761904762,middle,attn_out,0.004779647053510416,0.0783273470967576,0.06102143415640171
d12-s11,12,11,1515,0.6011904761904762,middle,attn_q,0.0008022116444408312,0.0783273470967576,0.010241782393700388
d12-s11,12,11,1515,0.6011904761904762,middle,attn_v,0.004726583596493583,0.0783273470967576,0.060343976550806006
d12-s11,12,11,1515,0.6011904761904762,middle,backout_scalar,0.0006850434583611786,0.0783273470967576,0.008745904000999115
d12-s11,12,11,1515,0.6011904761904762,middle,mlp_in,0.0035875645153282676,0.0783273470967576,0.04580219614608621
d12-s11,12,11,1515,0.6011904761904762,middle,mlp_out,0.05813483610108961,0.0783273470967576,0.7422035630707087
d12-s11,12,11,1515,0.6011904761904762,middle,resid_scalar,0.0019485053520753581,0.0783273470967576,0.024876437467853646
d12-s11,12,11,1515,0.6011904761904762,middle,smear_gate,8.235927850819279e-08,0.0783273470967576,1.0514753985789224e-06
d12-s11,12,11,1515,0.6011904761904762,middle,smear_scalar,4.555295618047238e-06,0.0783273470967576,5.815715438977005e-05
d12-s11,12,11,1515,0.6011904761904762,middle,token_embedding,3.951691951442627e-08,0.0783273470967576,5.045098676150886e-07
d12-s11,12,11,1515,0.6011904761904762,middle,unembedding,0.0030959784053266053,0.0783273470967576,0.03952614916859306
d12-s11,12,11,1515,0.6011904761904762,middle,value_embedding,7.99139767693191e-08,0.0783273470967576,1.020256394878299e-06
d12-s11,12,11,1515,0.6011904761904762,middle,ve_gate,4.494706774949009e-05,0.0783273470967576,0.0005738362068354885
d12-s11,12,11,1515,0.6011904761904762,middle,x0_scalar,4.935989247778494e-06,0.0783273470967576,6.301744449076103e-05
d12-s11,12,11,1616,0.6412698412698413,middle,attn_k,0.00034058065284625627,0.07301839051429138,0.004664313338700567
d12-s11,12,11,1616,0.6412698412698413,middle,attn_out,0.0043497625447344035,0.07301839051429138,0.05957078092378734
d12-s11,12,11,1616,0.6412698412698413,middle,attn_q,0.0004884597174168448,0.07301839051429138,0.006689543743383963
d12-s11,12,11,1616,0.6412698412698413,middle,attn_v,0.003751922584342537,0.07301839051429138,0.05138325506651916
d12-s11,12,11,1616,0.6412698412698413,middle,backout_scalar,1.7490427239863493e-07,0.07301839051429138,2.3953454899064387e-06
d12-s11,12,11,1616,0.6412698412698413,middle,mlp_in,0.003006695449585095,0.07301839051429138,0.04117723532945602
d12-s11,12,11,1616,0.6412698412698413,middle,mlp_out,0.05718554910708917,0.07301839051429138,0.7831663873212413
d12-s11,12,11,1616,0.6412698412698413,middle,resid_scalar,0.0012165800047228004,0.07301839051429138,0.016661282125695277
d12-s11,12,11,1616,0.6412698412698413,middle,smear_gate,9.35716570893419e-08,0.07301839051429138,1.2814806849382387e-06
d12-s11,12,11,1616,0.6412698412698413,middle,smear_scalar,7.914977686596103e-07,0.07301839051429138,1.0839704396178057e-05
d12-s11,12,11,1616,0.6412698412698413,middle,token_embedding,3.34259269152426e-08,0.07301839051429138,4.5777408512860025e-07
d12-s11,12,11,1616,0.6412698412698413,middle,unembedding,0.0026227207854390144,0.07301839051429138,0.03591863319591641
d12-s11,12,11,1616,0.6412698412698413,middle,value_embedding,7.162962045725862e-08,0.07301839051429138,9.809805441170203e-07
d12-s11,12,11,1616,0.6412698412698413,middle,ve_gate,2.8557643531712532e-05,0.07301839051429138,0.00039110206799372203
d12-s11,12,11,1616,0.6412698412698413,middle,x0_scalar,2.6396995338018314e-05,0.07301839051429138,0.00036151160210593544
d12-s11,12,11,1717,0.6813492063492064,middle,attn_k,0.0004472757427720353,0.05402476879599139,0.008279086662287076
d12-s11,12,11,1717,0.6813492063492064,middle,attn_out,0.003297655457572546,0.05402476879599139,0.06103969588514426
d12-s11,12,11,1717,0.6813492063492064,middle,attn_q,0.0006304825465122121,0.05402476879599139,0.011670249786594063
d12-s11,12,11,1717,0.6813492063492064,middle,attn_v,0.0035080380821455037,0.05402476879599139,0.06493388422248646
d12-s11,12,11,1717,0.6813492063492064,middle,backout_scalar,4.1938310459954664e-05,0.05402476879599139,0.0007762793139998864
d12-s11,12,11,1717,0.6813492063492064,middle,mlp_in,0.0026539385980868246,0.05402476879599139,0.049124478590711625
d12-s11,12,11,1717,0.6813492063492064,middle,mlp_out,0.041229610447771854,0.05402476879599139,0.7631612567091831
d12-s11,12,11,1717,0.6813492063492064,middle,resid_scalar,0.0005488434559453026,0.05402476879599139,0.010159107908778806
d12-s11,12,11,1717,0.6813492063492064,middle,smear_gate,1.771023363517088e-07,0.05402476879599139,3.2781692601125894e-06
d12-s11,12,11,1717,0.6813492063492064,middle,smear_scalar,1.286110546061536e-06,0.05402476879599139,2.3805942620840327e-05
d12-s11,12,11,1717,0.6813492063492064,middle,token_embedding,3.210018206800669e-08,0.05402476879599139,5.941752789211104e-07
d12-s11,12,11,1717,0.6813492063492064,middle,unembedding,0.0016285812016576526,0.05402476879599139,0.030145084152187848
d12-s11,12,11,1717,0.6813492063492064,middle,value_embedding,7.131818424710445e-08,0.05402476879599139,1.3201016096231072e-06
d12-s11,12,11,1717,0.6813492063492064,middle,ve_gate,2.566595276221051e-05,0.05402476879599139,0.00047507751230052293
d12-s11,12,11,1717,0.6813492063492064,middle,x0_scalar,1.1172369056566822e-05,0.05402476879599139,0.0002068008675568049
d12-s11,12,11,1818,0.7214285714285714,middle,attn_k,0.00034979450356331654,0.05290413451230558,0.006611855704433721
d12-s11,12,11,1818,0.7214285714285714,middle,attn_out,0.0033116963822976686,0.05290413451230558,0.06259806370194683
d12-s11,12,11,1818,0.7214285714285714,middle,attn_q,0.0005053605891589541,0.05290413451230558,0.009552383642934495
d12-s11,12,11,1818,0.7214285714285714,middle,attn_v,0.003400247202080209,0.05290413451230558,0.06427186142302936
d12-s11,12,11,1818,0.7214285714285714,middle,backout_scalar,0.0005034551140852273,0.05290413451230558,0.009516366135204856
d12-s11,12,11,1818,0.7214285714285714,middle,mlp_in,0.002569876487541478,0.05290413451230558,0.048576099226114756
d12-s11,12,11,1818,0.7214285714285714,middle,mlp_out,0.03941684951132629,0.05290413451230558,0.7450617966759833
d12-s11,12,11,1818,0.7214285714285714,middle,resid_scalar,0.0007043587980888333,0.05290413451230558,0.01331387054304798
d12-s11,12,11,1818,0.7214285714285714,middle,smear_gate,1.1115232467773238e-07,0.05290413451230558,2.101013951033982e-06
d12-s11,12,11,1818,0.7214285714285714,middle,smear_scalar,5.410600806499134e-06,0.05290413451230558,0.00010227179513239405
d12-s11,12,11,1818,0.7214285714285714,middle,token_embedding,3.0659293770440854e-08,0.05290413451230558,5.795254766583405e-07
d12-s11,12,11,1818,0.7214285714285714,middle,unembedding,0.002111914101988077,0.05290413451230558,0.039919641847592134
d12-s11,12,11,1818,0.7214285714285714,middle,value_embedding,6.640677918667848e-08,0.05290413451230558,1.255228533626841e-06
d12-s11,12,11,1818,0.7214285714285714,middle,ve_gate,1.5588202984417876e-05,0.05290413451230558,0.00029464999528140917
d12-s11,12,11,1818,0.7214285714285714,middle,x0_scalar,9.374799986971993e-06,0.05290413451230558,0.00017720354133742423
d12-s11,12,11,1919,0.7615079365079365,late,attn_k,0.00037003170837124344,0.03809547082699627,0.009713273004333662
d12-s11,12,11,1919,0.7615079365079365,late,attn_out,0.002451768254104536,0.03809547082699627,0.06435852349059552
d12-s11,12,11,1919,0.7615079365079365,late,attn_q,0.0005133304121045512,0.03809547082699627,0.013474840997129265
d12-s11,12,11,1919,0.7615079365079365,late,attn_v,0.0026254101539961994,0.03809547082699627,0.06891659551653863
d12-s11,12,11,1919,0.7615079365079365,late,backout_scalar,0.0003772605559788645,0.03809547082699627,0.009903029094774165
d12-s11,12,11,1919,0.7615079365079365,late,mlp_in,0.002119721786584705,0.03809547082699627,0.055642356967079906
d12-s11,12,11,1919,0.7615079365079365,late,mlp_out,0.02767715172376484,0.03809547082699627,0.7265207942817047
d12-s11,12,11,1919,0.7615079365079365,late,resid_scalar,0.0004183827192818512,0.03809547082699627,0.010982479286891113
d12-s11,12,11,1919,0.7615079365079365,late,smear_gate,1.1455236403890014e-07,0.03809547082699627,3.006981185745652e-06
d12-s11,12,11,1919,0.7615079365079365,late,smear_scalar,1.3895977701849915e-07,0.03809547082699627,3.6476718623471014e-06
d12-s11,12,11,1919,0.7615079365079365,late,token_embedding,2.5425451966043514e-08,0.03809547082699627,6.674140367370345e-07
d12-s11,12,11,1919,0.7615079365079365,late,unembedding,0.001507371780462563,0.03809547082699627,0.039568267506340085
d12-s11,12,11,1919,0.7615079365079365,late,value_embedding,6.591205359285368e-08,0.03809547082699627,1.7301808367766715e-06
d12-s11,12,11,1919,0.7615079365079365,late,ve_gate,1.9157937572344963e-05,0.03809547082699627,0.0005028927889970776
d12-s11,12,11,1919,0.7615079365079365,late,x0_scalar,1.5538945127957504e-05,0.03809547082699627,0.0004078948176943351
d12-s11,12,11,2020,0.8015873015873016,late,attn_k,0.00022240985663302126,0.02835533465438544,0.007843668901951165
d12-s11,12,11,2020,0.8015873015873016,late,attn_out,0.0018980557106260676,0.02835533465438544,0.06693822286920229
d12-s11,12,11,2020,0.8015873015873016,late,attn_q,0.00028020867375744274,0.02835533465438544,0.009882044319801588
d12-s11,12,11,2020,0.8015873015873016,late,attn_v,0.0022250969923334196,0.02835533465438544,0.07847190024221018
d12-s11,12,11,2020,0.8015873015873016,late,backout_scalar,0.00022854795679450035,0.02835533465438544,0.008060139637927111
d12-s11,12,11,2020,0.8015873015873016,late,mlp_in,0.0019233498023822904,0.02835533465438544,0.06783026283503323
d12-s11,12,11,2020,0.8015873015873016,late,mlp_out,0.019282398883660786,0.02835533465438544,0.6800272018894535
d12-s11,12,11,2020,0.8015873015873016,late,resid_scalar,0.0012439715180221356,0.02835533465438544,0.043870810667005926
d12-s11,12,11,2020,0.8015873015873016,late,smear_gate,1.4084332633501617e-07,0.02835533465438544,4.967083903318817e-06
d12-s11,12,11,2020,0.8015873015873016,late,smear_scalar,3.372376113475184e-06,0.02835533465438544,0.00011893268602116856
d12-s11,12,11,2020,0.8015873015873016,late,token_embedding,2.4841192214353214e-08,0.02835533465438544,8.760676788736567e-07
d12-s11,12,11,2020,0.8015873015873016,late,unembedding,0.0010222683195024729,0.02835533465438544,0.0360520632876526
d12-s11,12,11,2020,0.8015873015873016,late,value_embedding,6.356097514981229e-08,0.02835533465438544,2.241587903106689e-06
d12-s11,12,11,2020,0.8015873015873016,late,ve_gate,1.3433781930416444e-05,0.02835533465438544,0.00047376559275906033
d12-s11,12,11,2020,0.8015873015873016,late,x0_scalar,1.199153713571377e-05,0.02835533465438544,0.0004229023314968761
d12-s11,12,11,2121,0.8416666666666667,late,attn_k,0.00019929039171984186,0.02338384029145857,0.008522568972241774
d12-s11,12,11,2121,0.8416666666666667,late,attn_out,0.0017608285415917635,0.02338384029145857,0.07530108483656307
d12-s11,12,11,2121,0.8416666666666667,late,attn_q,0.00025716147592902416,0.02338384029145857,0.010997401313203363
d12-s11,12,11,2121,0.8416666666666667,late,attn_v,0.0021065286982775433,0.02338384029145857,0.0900848052339374
d12-s11,12,11,2121,0.8416666666666667,late,backout_scalar,5.133135346113704e-06,0.02338384029145857,0.00021951635326506605
d12-s11,12,11,2121,0.8416666666666667,late,mlp_in,0.0018926616285170894,0.02338384029145857,0.08093887081534777
d12-s11,12,11,2121,0.8416666666666667,late,mlp_out,0.015847792514250614,0.02338384029145857,0.6777241170279181
d12-s11,12,11,2121,0.8416666666666667,late,resid_scalar,0.0003810953626839364,0.02338384029145857,0.016297381351135013
d12-s11,12,11,2121,0.8416666666666667,late,smear_gate,2.9081629548954883e-08,0.02338384029145857,1.243663538002248e-06
d12-s11,12,11,2121,0.8416666666666667,late,smear_scalar,1.2028136779917986e-06,0.02338384029145857,5.1437816158501184e-05
d12-s11,12,11,2121,0.8416666666666667,late,token_embedding,2.5054141872260513e-08,0.02338384029145857,1.071429737801111e-06
d12-s11,12,11,2121,0.8416666666666667,late,unembedding,0.0009079488227143885,0.02338384029145857,0.03882804583839189
d12-s11,12,11,2121,0.8416666666666667,late,value_embedding,6.655872297756105e-08,0.02338384029145857,2.846355523642239e-06
d12-s11,12,11,2121,0.8416666666666667,late,ve_gate,1.5098083565590059e-05,0.02338384029145857,0.000645663132206088
d12-s11,12,11,2121,0.8416666666666667,late,x0_scalar,8.978128690273479e-06,0.02338384029145857,0.0003839458608324881
d12-s11,12,11,2222,0.8817460317460317,late,attn_k,0.00016752316241763765,0.013198653299366203,0.01269244358632271
d12-s11,12,11,2222,0.8817460317460317,late,attn_out,0.0010143619711016072,0.013198653299366203,0.07685344467304984
d12-s11,12,11,2222,0.8817460317460317,late,attn_q,0.00020160798976576189,0.013198653299366203,0.015274890944778666
d12-s11,12,11,2222,0.8817460317460317,late,attn_v,0.0011684252822306007,0.013198653299366203,0.08852609851390734
d12-s11,12,11,2222,0.8817460317460317,late,backout_scalar,6.773736095055938e-05,0.013198653299366203,0.005132141849184879
d12-s11,12,11,2222,0.8817460317460317,late,mlp_in,0.0014149565904517658,0.013198653299366203,0.10720461840752434
d12-s11,12,11,2222,0.8817460317460317,late,mlp_out,0.008541943643649574,0.013198653299366203,0.6471829701034542
d12-s11,12,11,2222,0.8817460317460317,late,resid_scalar,6.033372781644175e-05,0.013198653299366203,0.004571203322640422
d12-s11,12,11,2222,0.8817460317460317,late,smear_gate,5.965194560531019e-08,0.013198653299366203,4.519547885099358e-06
d12-s11,12,11,2222,0.8817460317460317,late,smear_scalar,1.770467861206271e-06,0.013198653299366203,0.00013414003846068815
d12-s11,12,11,2222,0.8817460317460317,late,token_embedding,1.9890656233201298e-08,0.013198653299366203,1.5070216469854878e-06
d12-s11,12,11,2222,0.8817460317460317,late,unembedding,0.0005523837171494961,0.013198653299366203,0.04185152110753765
d12-s11,12,11,2222,0.8817460317460317,late,value_embedding,6.129557705847333e-08,0.013198653299366203,4.644078124350515e-06
d12-s11,12,11,2222,0.8817460317460317,late,ve_gate,6.1115231346775545e-06,0.013198653299366203,0.00046304141764001244
d12-s11,12,11,2222,0.8817460317460317,late,x0_scalar,1.3570246579774903e-06,0.013198653299366203,0.00010281538784283806
d12-s11,12,11,2323,0.9218253968253968,late,attn_k,0.00016336086264345795,0.011936166085244171,0.013686208911369733
d12-s11,12,11,2323,0.9218253968253968,late,attn_out,0.0008756149163673399,0.011936166085244171,0.07335813779014018
d12-s11,12,11,2323,0.9218253968253968,late,attn_q,0.00019077766319242073,0.011936166085244171,0.015983160910291415
d12-s11,12,11,2323,0.9218253968253968,late,attn_v,0.0010582007089396939,0.011936166085244171,0.08865499201187153
d12-s11,12,11,2323,0.9218253968253968,late,backout_scalar,0.0002316615427844226,0.011936166085244171,0.01940837125840677
d12-s11,12,11,2323,0.9218253968253968,late,mlp_in,0.0013658752650371753,0.011936166085244171,0.11443165714037017
d12-s11,12,11,2323,0.9218253968253968,late,mlp_out,0.007041166871204041,0.011936166085244171,0.5899018848194926
d12-s11,12,11,2323,0.9218253968253968,late,resid_scalar,0.0004455020140454735,0.011936166085244171,0.03732371105293314
d12-s11,12,11,2323,0.9218253968253968,late,smear_gate,5.131771985134037e-08,0.011936166085244171,4.29934700010423e-06
d12-s11,12,11,2323,0.9218253968253968,late,smear_scalar,2.0935153770551555e-06,0.011936166085244171,0.00017539261452161083
d12-s11,12,11,2323,0.9218253968253968,late,token_embedding,1.913512548412655e-08,0.011936166085244171,1.6031215842230897e-06
d12-s11,12,11,2323,0.9218253968253968,late,unembedding,0.000552235753275454,0.011936166085244171,0.04626575646916841
d12-s11,12,11,2323,0.9218253968253968,late,value_embedding,6.472868152584965e-08,0.011936166085244171,5.42290389255467e-06
d12-s11,12,11,2323,0.9218253968253968,late,ve_gate,4.737310121072369e-06,0.011936166085244171,0.0003968870814330212
d12-s11,12,11,2323,0.9218253968253968,late,x0_scalar,4.804480729703187e-06,0.011936166085244171,0.000402514567524544
d12-s11,12,11,2424,0.9619047619047619,late,attn_k,0.0001555954950163141,0.01178620214692705,0.013201495534919332
d12-s11,12,11,2424,0.9619047619047619,late,attn_out,0.0008802891425148118,0.01178620214692705,0.07468810831013319
d12-s11,12,11,2424,0.9619047619047619,late,attn_q,0.00017979803851631004,0.01178620214692705,0.015254959678694106
d12-s11,12,11,2424,0.9619047619047619,late,attn_v,0.0010228387072857004,0.01178620214692705,0.08678272224886109
d12-s11,12,11,2424,0.9619047619047619,late,backout_scalar,4.705576066044159e-05,0.01178620214692705,0.003992444731037485
d12-s11,12,11,2424,0.9619047619047619,late,mlp_in,0.001349212194327265,0.01178620214692705,0.11447387186372308
d12-s11,12,11,2424,0.9619047619047619,late,mlp_out,0.00740468245203374,0.01178620214692705,0.6282500808765037
d12-s11,12,11,2424,0.9619047619047619,late,resid_scalar,9.998190429882925e-05,0.01178620214692705,0.008482961945879825
d12-s11,12,11,2424,0.9619047619047619,late,smear_gate,5.056174146034209e-08,0.01178620214692705,4.289909576472415e-06
d12-s11,12,11,2424,0.9619047619047619,late,smear_scalar,1.7375946015363297e-07,0.01178620214692705,1.4742616662054816e-05
d12-s11,12,11,2424,0.9619047619047619,late,token_embedding,1.915809733077367e-08,0.01178620214692705,1.6254682460005706e-06
d12-s11,12,11,2424,0.9619047619047619,late,unembedding,0.000626517808996141,0.01178620214692705,0.0531568864326232
d12-s11,12,11,2424,0.9619047619047619,late,value_embedding,6.400132468442621e-08,0.01178620214692705,5.430190648911695e-06
d12-s11,12,11,2424,0.9619047619047619,late,ve_gate,4.14235705648025e-06,0.01178620214692705,0.00035145817158415733
d12-s11,12,11,2424,0.9619047619047619,late,x0_scalar,1.578080559738737e-05,0.01178620214692705,0.0013389220209074567
d12-s7,12,7,0,0.0,early,attn_k,0.0,0.09305941413055024,0.0
d12-s7,12,7,0,0.0,early,attn_out,2.2257058731156576e-05,0.09305941413055024,0.00023917041536424054
d12-s7,12,7,0,0.0,early,attn_q,0.0,0.09305941413055024,0.0
d12-s7,12,7,0,0.0,early,attn_v,0.0,0.09305941413055024,0.0
d12-s7,12,7,0,0.0,early,backout_scalar,1.252136686436672e-13,0.09305941413055024,1.3455239302066604e-12
d12-s7,12,7,0,0.0,early,mlp_in,0.0,0.09305941413055024,0.0
d12-s7,12,7,0,0.0,early,mlp_out,0.0001064026459971501,0.09305941413055024,0.0011433840089287587
d12-s7,12,7,0,0.0,early,resid_scalar,4.732427039762406e-11,0.09305941413055024,5.085382369937798e-10
d12-s7,12,7,0,0.0,early,smear_gate,0.0,0.09305941413055024,0.0
d12-s7,12,7,0,0.0,early,smear_scalar,6.98290092415732e-09,0.09305941413055024,7.50370179030057e-08
d12-s7,12,7,0,0.0,early,token_embedding,1.4733173259173784e-07,0.09305941413055024,1.5832007322230785e-06
d12-s7,12,7,0,0.0,early,unembedding,0.09293060004711151,0.09305941413055024,0.9986157866493978
d12-s7,12,7,0,0.0,early,value_embedding,0.0,0.09305941413055024,0.0
d12-s7,12,7,0,0.0,early,ve_gate,0.0,0.09305941413055024,0.0
d12-s7,12,7,0,0.0,early,x0_scalar,1.6627423122884185e-11,0.09305941413055024,1.7867534712348473e-10
d12-s7,12,7,101,0.04007936507936508,early,attn_k,0.0033051997670554556,0.04039363153094655,0.08182477390088735
d12-s7,12,7,101,0.04007936507936508,early,attn_out,0.0031216880088322796,0.04039363153094655,0.07728168749672032
d12-s7,12,7,101,0.04007936507936508,early,attn_q,0.006667397919954965,0.04039363153094655,0.16506062137163646
d12-s7,12,7,101,0.04007936507936508,early,attn_v,0.0010287438381055836,0.04039363153094655,0.025467971041856875
d12-s7,12,7,101,0.04007936507936508,early,backout_scalar,0.0004563650873024016,0.04039363153094655,0.01129794648329079
d12-s7,12,7,101,0.04007936507936508,early,mlp_in,0.0010180211975239217,0.04039363153094655,0.025202517301371893
d12-s7,12,7,101,0.04007936507936508,early,mlp_out,0.01079981031944044,0.04039363153094655,0.26736418366262615
d12-s7,12,7,101,0.04007936507936508,early,resid_scalar,0.002106631927745184,0.04039363153094655,0.05215257573786704
d12-s7,12,7,101,0.04007936507936508,early,smear_gate,7.947313133627176e-05,0.04039363153094655,0.0019674668586157065
d12-s7,12,7,101,0.04007936507936508,early,smear_scalar,1.353691772010279e-07,0.04039363153094655,3.351250483564922e-06
d12-s7,12,7,101,0.04007936507936508,early,token_embedding,4.416760930325836e-06,0.04039363153094655,0.00010934300192697572
d12-s7,12,7,101,0.04007936507936508,early,unembedding,0.011695554479956627,0.04039363153094655,0.28953956444833084
d12-s7,12,7,101,0.04007936507936508,early,value_embedding,2.530354237251231e-07,0.04039363153094655,6.26424052839286e-06
d12-s7,12,7,101,0.04007936507936508,early,ve_gate,1.8006962818617467e-05,0.04039363153094655,0.0004457871732780919
d12-s7,12,7,101,0.04007936507936508,early,x0_scalar,9.193372534355149e-05,0.04039363153094655,0.002275946030579568
d12-s7,12,7,202,0.08015873015873017,early,attn_k,0.002404920382105047,0.05172902753377784,0.046490732510575235
d12-s7,12,7,202,0.08015873015873017,early,attn_out,0.006089243906899355,0.05172902753377784,0.11771425439852358
d12-s7,12,7,202,0.08015873015873017,early,attn_q,0.003074099848163314,0.05172902753377784,0.059426979294285
d12-s7,12,7,202,0.08015873015873017,early,attn_v,0.003924117190763354,0.05172902753377784,0.07585909455191281
d12-s7,12,7,202,0.08015873015873017,early,backout_scalar,0.0012563174823299052,0.05172902753377784,0.024286508798363925
d12-s7,12,7,202,0.08015873015873017,early,mlp_in,0.0026160700363107026,0.05172902753377784,0.05057257329267345
d12-s7,12,7,202,0.08015873015873017,early,mlp_out,0.02038187172729522,0.05172902753377784,0.39401227316686627
d12-s7,12,7,202,0.08015873015873017,early,resid_scalar,0.008266386357718147,0.05172902753377784,0.15980169649082213
d12-s7,12,7,202,0.08015873015873017,early,smear_gate,1.663689181441441e-05,0.05172902753377784,0.00032161617195588897
d12-s7,12,7,202,0.08015873015873017,early,smear_scalar,7.623994315508753e-05,0.05172902753377784,0.001473832909487901
d12-s7,12,7,202,0.08015873015873017,early,token_embedding,7.523534009123978e-07,0.05172902753377784,1.4544124194508175e-05
d12-s7,12,7,202,0.08015873015873017,early,unembedding,0.0028586871922016144,0.05172902753377784,0.055262728268668085
d12-s7,12,7,202,0.08015873015873017,early,value_embedding,2.1685729834075573e-07,0.05172902753377784,4.192178138263918e-06
d12-s7,12,7,202,0.08015873015873017,early,ve_gate,0.00010239512312182342,0.05172902753377784,0.00197945192483972
d12-s7,12,7,202,0.08015873015873017,early,x0_scalar,0.0006610722412005998,0.05172902753377784,0.012779521918693236
d12-s7,12,7,303,0.12023809523809524,early,attn_k,0.001906311994389398,0.05350626847820372,0.03562782546059911
d12-s7,12,7,303,0.12023809523809524,early,attn_out,0.011054004018660635,0.05350626847820372,0.20659269153040613
d12-s7,12,7,303,0.12023809523809524,early,attn_q,0.0022949534686631527,0.05350626847820372,0.042891301036962114
d12-s7,12,7,303,0.12023809523809524,early,attn_v,0.010502405173610896,0.05350626847820372,0.19628364063341752
d12-s7,12,7,303,0.12023809523809524,early,backout_scalar,1.143558165495051e-05,0.05350626847820372,0.000213724148220295
d12-s7,12,7,303,0.12023809523809524,early,mlp_in,0.004367807938251644,0.05350626847820372,0.08163170526516741
d12-s7,12,7,303,0.12023809523809524,early,mlp_out,0.01658696960657835,0.05350626847820372,0.31000049299523114
d12-s7,12,7,303,0.12023809523809524,early,resid_scalar,0.0010749272673820087,0.05350626847820372,0.02008974458422363
d12-s7,12,7,303,0.12023809523809524,early,smear_gate,2.3440970835508774e-06,0.05350626847820372,4.3809765663359e-05
d12-s7,12,7,303,0.12023809523809524,early,smear_scalar,2.237281296402216e-05,0.05350626847820372,0.0004181344279901697
d12-s7,12,7,303,0.12023809523809524,early,token_embedding,5.645843543788941e-07,0.05350626847820372,1.0551742261916149e-05
d12-s7,12,7,303,0.12023809523809524,early,unembedding,0.00400959700345993,0.05350626847820372,0.07493695818263382
d12-s7,12,7,303,0.12023809523809524,early,value_embedding,2.407279016125585e-07,0.05350626847820372,4.49905980101418e-06
d12-s7,12,7,303,0.12023809523809524,early,ve_gate,0.00010765281149360817,0.05350626847820372,0.002011966346288221
d12-s7,12,7,303,0.12023809523809524,early,x0_scalar,0.0015646813917555846,0.05350626847820372,0.029242954821134128
d12-s7,12,7,404,0.16031746031746033,early,attn_k,0.002579755189799471,0.08781866974231001,0.029375931078998968
d12-s7,12,7,404,0.16031746031746033,early,attn_out,0.01594261810532771,0.08781866974231001,0.1815401913068007
d12-s7,12,7,404,0.16031746031746033,early,attn_q,0.0029727950968663204,0.08781866974231001,0.03385151592012857
d12-s7,12,7,404,0.16031746031746033,early,attn_v,0.010007711563957855,0.08781866974231001,0.11395881528749982
d12-s7,12,7,404,0.16031746031746033,early,backout_scalar,0.006032403092831373,0.08781866974231001,0.06869157902906643
d12-s7,12,7,404,0.16031746031746033,early,mlp_in,0.0042378616344649345,0.08781866974231001,0.04825695546175169
d12-s7,12,7,404,0.16031746031746033,early,mlp_out,0.011783883062889801,0.08781866974231001,0.13418425828434594
d12-s7,12,7,404,0.16031746031746033,early,resid_scalar,0.023330899197389954,0.08781866974231001,0.26567128909889876
d12-s7,12,7,404,0.16031746031746033,early,smear_gate,1.7660754565440586e-06,0.08781866974231001,2.0110478349607523e-05
d12-s7,12,7,404,0.16031746031746033,early,smear_scalar,6.321884171711643e-08,0.08781866974231001,7.198792910735511e-07
d12-s7,12,7,404,0.16031746031746033,early,token_embedding,3.6413578641258937e-07,0.08781866974231001,4.146450720343274e-06
d12-s7,12,7,404,0.16031746031746033,early,unembedding,0.009972712956368921,0.08781866974231001,0.11356028263275075
d12-s7,12,7,404,0.16031746031746033,early,value_embedding,2.1038218100954961e-07,0.08781866974231001,2.3956429951271504e-06
d12-s7,12,7,404,0.16031746031746033,early,ve_gate,0.0002024011973844608,0.08781866974231001,0.00230476273414725
d12-s7,12,7,404,0.16031746031746033,early,x0_scalar,0.0007532248327635216,0.08781866974231001,0.00857704671425496
d12-s7,12,7,505,0.2003968253968254,early,attn_k,0.0011289044659861247,0.08576232561444286,0.013163174597914714
d12-s7,12,7,505,0.2003968253968254,early,attn_out,0.013783896851236932,0.08576232561444286,0.16072205076625914
d12-s7,12,7,505,0.2003968253968254,early,attn_q,0.0017266634840780168,0.08576232561444286,0.020133123393137522
d12-s7,12,7,505,0.2003968253968254,early,attn_v,0.008868354634614661,0.08576232561444286,0.103406181806259
d12-s7,12,7,505,0.2003968253968254,early,backout_scalar,0.007165514398366214,0.08576232561444286,0.08355084061712409
d12-s7,12,7,505,0.2003968253968254,early,mlp_in,0.004181715674349107,0.08576232561444286,0.04875935493107573
d12-s7,12,7,505,0.2003968253968254,early,mlp_out,0.00892234743514564,0.08576232561444286,0.10403574496402261
d12-s7,12,7,505,0.2003968253968254,early,resid_scalar,0.03458592575975672,0.08576232561444286,0.40327644466222656
d12-s7,12,7,505,0.2003968253968254,early,smear_gate,1.1445761174400102e-06,0.08576232561444286,1.3345908115710625e-05
d12-s7,12,7,505,0.2003968253968254,early,smear_scalar,0.00011102384451078251,0.08576232561444286,0.001294552633867539
d12-s7,12,7,505,0.2003968253968254,early,token_embedding,2.3749601041345159e-07,0.08576232561444286,2.7692347276256223e-06
d12-s7,12,7,505,0.2003968253968254,early,unembedding,0.004897842183709144,0.08576232561444286,0.057109484247525114
d12-s7,12,7,505,0.2003968253968254,early,value_embedding,1.5534098807279406e-07,0.08576232561444286,1.811296358393455e-06
d12-s7,12,7,505,0.2003968253968254,early,ve_gate,0.000239023638641811,0.08576232561444286,0.002787047073750972
d12-s7,12,7,505,0.2003968253968254,early,x0_scalar,0.00014957583093178073,0.08576232561444286,0.0017440738676353165
d12-s7,12,7,606,0.24047619047619048,early,attn_k,0.0005934920527579379,0.03608624303198216,0.01644649048757843
d12-s7,12,7,606,0.24047619047619048,early,attn_out,0.010036074221716262,0.03608624303198216,0.27811357953837396
d12-s7,12,7,606,0.24047619047619048,early,attn_q,0.0011129497524962062,0.03608624303198216,0.030841386051461
d12-s7,12,7,606,0.24047619047619048,early,attn_v,0.006791755193262361,0.03608624303198216,0.188208985547291
d12-s7,12,7,606,0.24047619047619048,early,backout_scalar,0.0007578635704703629,0.03608624303198216,0.02100145392798832
d12-s7,12,7,606,0.24047619047619048,early,mlp_in,0.003182777581969276,0.03608624303198216,0.08819919488843644
d12-s7,12,7,606,0.24047619047619048,early,mlp_out,0.008929338000598364,0.03608624303198216,0.24744437908608438
d12-s7,12,7,606,0.24047619047619048,early,resid_scalar,0.0018804363344315789,0.03608624303198216,0.052109507015318954
d12-s7,12,7,606,0.24047619047619048,early,smear_gate,7.219925919343949e-07,0.03608624303198216,2.0007419206663174e-05
d12-s7,12,7,606,0.24047619047619048,early,smear_scalar,5.908066304982639e-05,0.03608624303198216,0.001637207370062463
d12-s7,12,7,606,0.24047619047619048,early,token_embedding,1.9161642228482376e-07,0.03608624303198216,5.309957651036154e-06
d12-s7,12,7,606,0.24047619047619048,early,unembedding,0.0025722798891365524,0.03608624303198216,0.07128145445500707
d12-s7,12,7,606,0.24047619047619048,early,value_embedding,1.2537673743651112e-07,0.03608624303198216,3.474363826829894e-06
d12-s7,12,7,606,0.24047619047619048,early,ve_gate,9.430496288587165e-05,0.03608624303198216,0.002613321724910293
d12-s7,12,7,606,0.24047619047619048,early,x0_scalar,7.485182345590147e-05,0.03608624303198216,0.002074248166803137
d12-s7,12,7,707,0.28055555555555556,middle,attn_k,0.0008375753004656872,0.08342560263061483,0.010039787236230533
d12-s7,12,7,707,0.28055555555555556,middle,attn_out,0.017117964613134973,0.08342560263061483,0.20518838430126204
d12-s7,12,7,707,0.28055555555555556,middle,attn_q,0.0017052038101610378,0.08342560263061483,0.020439814114513528
d12-s7,12,7,707,0.28055555555555556,middle,attn_v,0.009722665374283679,0.08342560263061483,0.11654294446433806
d12-s7,12,7,707,0.28055555555555556,middle,backout_scalar,0.0003362555580679327,0.08342560263061483,0.004030603884958171
d12-s7,12,7,707,0.28055555555555556,middle,mlp_in,0.006823816765972879,0.08342560263061483,0.08179523492550393
d12-s7,12,7,707,0.28055555555555556,middle,mlp_out,0.0341428977844771,0.08342560263061483,0.40926162602207716
d12-s7,12,7,707,0.28055555555555556,middle,resid_scalar,0.007692520743376008,0.08342560263061483,0.09220815314258302
d12-s7,12,7,707,0.28055555555555556,middle,smear_gate,5.513039695870248e-07,0.08342560263061483,6.608330682704735e-06
d12-s7,12,7,707,0.28055555555555556,middle,smear_scalar,3.0142834930302342e-06,0.08342560263061483,3.613139609403406e-05
d12-s7,12,7,707,0.28055555555555556,middle,token_embedding,1.851603315117245e-07,0.08342560263061483,2.2194665147528217e-06
d12-s7,12,7,707,0.28055555555555556,middle,unembedding,0.004941376857459545,0.08342560263061483,0.05923093992306626
d12-s7,12,7,707,0.28055555555555556,middle,value_embedding,1.453388573935399e-07,0.08342560263061483,1.742137339265736e-06
d12-s7,12,7,707,0.28055555555555556,middle,ve_gate,9.324070651928196e-05,0.08342560263061483,0.0011176509797852544
d12-s7,12,7,707,0.28055555555555556,middle,x0_scalar,8.189030045180345e-06,0.08342560263061483,9.815967505130379e-05
d12-s7,12,7,808,0.32063492063492066,middle,attn_k,0.00047507212184427777,0.08161334638636575,0.005821010200895805
d12-s7,12,7,808,0.32063492063492066,middle,attn_out,0.011962582291744184,0.08161334638636575,0.14657629936054972
d12-s7,12,7,808,0.32063492063492066,middle,attn_q,0.0007905014172138181,0.08161334638636575,0.009685933149604052
d12-s7,12,7,808,0.32063492063492066,middle,attn_v,0.007699187524849549,0.08161334638636575,0.09433735860309936
d12-s7,12,7,808,0.32063492063492066,middle,backout_scalar,0.0010667972965165973,0.08161334638636575,0.013071358347031527
d12-s7,12,7,808,0.32063492063492066,middle,mlp_in,0.004517500346992165,0.08161334638636575,0.055352470484494855
d12-s7,12,7,808,0.32063492063492066,middle,mlp_out,0.04143533010210376,0.08161334638636575,0.5077028689149047
d12-s7,12,7,808,0.32063492063492066,middle,resid_scalar,0.008629536468234278,0.08161334638636575,0.10573682921150161
d12-s7,12,7,808,0.32063492063492066,middle,smear_gate,7.497488354601954e-07,0.08161334638636575,9.186595926489883e-06
d12-s7,12,7,808,0.32063492063492066,middle,smear_scalar,1.9427410734351724e-05,0.08161334638636575,0.0002380420800585779
d12-s7,12,7,808,0.32063492063492066,middle,token_embedding,1.4051029495476544e-07,0.08161334638636575,1.7216582970336204e-06
d12-s7,12,7,808,0.32063492063492066,middle,unembedding,0.004862130619585514,0.08161334638636575,0.05957519002551006
d12-s7,12,7,808,0.32063492063492066,middle,value_embedding,1.1514284281588516e-07,0.08161334638636575,1.4108334961635738e-06
d12-s7,12,7,808,0.32063492063492066,middle,ve_gate,8.07832016107568e-05,0.08161334638636575,0.0009898283208278342
d12-s7,12,7,808,0.32063492063492066,middle,x0_scalar,7.349218296326399e-05,0.08161334638636575,0.0009004922138021965
d12-s7,12,7,909,0.3607142857142857,middle,attn_k,0.0005655605082210968,0.1035694256896722,0.005460689817047945
d12-s7,12,7,909,0.3607142857142857,middle,attn_out,0.011291160510154441,0.1035694256896722,0.10902020972855872
d12-s7,12,7,909,0.3607142857142857,middle,attn_q,0.001089658073397004,0.1035694256896722,0.010521040028376475
d12-s7,12,7,909,0.3607142857142857,middle,attn_v,0.008970074872195255,0.1035694256896722,0.08660929432082135
d12-s7,12,7,909,0.3607142857142857,middle,backout_scalar,0.0013703898293897512,0.1035694256896722,0.013231605951894397
d12-s7,12,7,909,0.3607142857142857,middle,mlp_in,0.005318386378348805,0.1035694256896722,0.051350930479081985
d12-s7,12,7,909,0.3607142857142857,middle,mlp_out,0.06705566623713821,0.1035694256896722,0.6474465392717236
d12-s7,12,7,909,0.3607142857142857,middle,resid_scalar,0.0025003861848205133,0.1035694256896722,0.024142126580024556
d12-s7,12,7,909,0.3607142857142857,middle,smear_gate,2.0270644540687502e-07,0.1035694256896722,1.9572035285224975e-06
d12-s7,12,7,909,0.3607142857142857,middle,smear_scalar,2.3680269805481654e-05,0.1035694256896722,0.00022864150928513855
d12-s7,12,7,909,0.3607142857142857,middle,token_embedding,1.1371372465873719e-07,0.1035694256896722,1.097946849676087e-06
d12-s7,12,7,909,0.3607142857142857,middle,unembedding,0.005321195349097253,0.1035694256896722,0.05137805210044604
d12-s7,12,7,909,0.3607142857142857,middle,value_embedding,1.257632948892251e-07,0.1035694256896722,1.2142897776227221e-06
d12-s7,12,7,909,0.3607142857142857,middle,ve_gate,4.185243619758694e-05,0.1035694256896722,0.00040410030198478165
d12-s7,12,7,909,0.3607142857142857,middle,x0_scalar,2.0972857441847736e-05,0.1035694256896722,0.00020250047059920234
d12-s7,12,7,1010,0.4007936507936508,middle,attn_k,0.0006090066335673328,0.16773379817547696,0.0036307926022769266
d12-s7,12,7,1010,0.4007936507936508,middle,attn_out,0.00792974646174116,0.16773379817547696,0.04727578191155816
d12-s7,12,7,1010,0.4007936507936508,middle,attn_q,0.001018652140373888,0.16773379817547696,0.0060730285217068265
d12-s7,12,7,1010,0.4007936507936508,middle,attn_v,0.005759958490671124,0.16773379817547696,0.03433987993669151
d12-s7,12,7,1010,0.4007936507936508,middle,backout_scalar,0.011293664574623106,0.16773379817547696,0.06733088201346331
d12-s7,12,7,1010,0.4007936507936508,middle,mlp_in,0.004612969896697905,0.16773379817547696,0.027501731594201335
d12-s7,12,7,1010,0.4007936507936508,middle,mlp_out,0.08315594044688623,0.16773379817547696,0.4957613870991673
d12-s7,12,7,1010,0.4007936507936508,middle,resid_scalar,0.04756947622201224,0.16773379817547696,0.2836010198269451
d12-s7,12,7,1010,0.4007936507936508,middle,smear_gate,2.3245135594152091e-07,0.16773379817547696,1.385834926949778e-06
d12-s7,12,7,1010,0.4007936507936508,middle,smear_scalar,4.517832621786511e-06,0.16773379817547696,2.693453955570791e-05
d12-s7,12,7,1010,0.4007936507936508,middle,token_embedding,8.746533808334789e-08,0.16773379817547696,5.214532731909216e-07
d12-s7,12,7,1010,0.4007936507936508,middle,unembedding,0.00561887677758932,0.16773379817547696,0.03349877507520015
d12-s7,12,7,1010,0.4007936507936508,middle,value_embedding,8.984828969715863e-08,0.16773379817547696,5.356600200703894e-07
d12-s7,12,7,1010,0.4007936507936508,middle,ve_gate,2.9572964194812812e-05,0.16773379817547696,0.00017630891636922607
d12-s7,12,7,1010,0.4007936507936508,middle,x0_scalar,0.00013100596951431953,0.16773379817547696,0.0007810350146442512
d12-s7,12,7,1111,0.44087301587301586,middle,attn_k,0.0005163572941455641,0.14921212121446278,0.00346055863252157
d12-s7,12,7,1111,0.44087301587301586,middle,attn_out,0.009685674973297864,0.14921212121446278,0.06491211903204988
d12-s7,12,7,1111,0.44087301587301586,middle,attn_q,0.0007672418423680938,0.14921212121446278,0.00514195385819451
d12-s7,12,7,1111,0.44087301587301586,middle,attn_v,0.007041152952297125,0.14921212121446278,0.04718888046753833
d12-s7,12,7,1111,0.44087301587301586,middle,backout_scalar,4.8943718866212294e-05,0.14921212121446278,0.00032801436282690075
d12-s7,12,7,1111,0.44087301587301586,middle,mlp_in,0.004447440485819243,0.14921212121446278,0.02980616085087974
d12-s7,12,7,1111,0.44087301587301586,middle,mlp_out,0.11914708060066913,0.14921212121446278,0.798508054378631
d12-s7,12,7,1111,0.44087301587301586,middle,resid_scalar,0.0008586774318644075,0.14921212121446278,0.005754743146035899
d12-s7,12,7,1111,0.44087301587301586,middle,smear_gate,7.559016239611084e-07,0.14921212121446278,5.0659532068085134e-06
d12-s7,12,7,1111,0.44087301587301586,middle,smear_scalar,8.0878025983111e-06,0.14921212121446278,5.4203388655580405e-05
d12-s7,12,7,1111,0.44087301587301586,middle,token_embedding,8.091458880699065e-08,0.14921212121446278,5.422789257897621e-07
d12-s7,12,7,1111,0.44087301587301586,middle,unembedding,0.006632582284510135,0.14921212121446278,0.044450693620105536
d12-s7,12,7,1111,0.44087301587301586,middle,value_embedding,9.28682926115698e-08,0.14921212121446278,6.223910755754894e-07
d12-s7,12,7,1111,0.44087301587301586,middle,ve_gate,3.721922053046001e-05,0.14921212121446278,0.0002494383179297128
d12-s7,12,7,1111,0.44087301587301586,middle,x0_scalar,2.0732922990873703e-05,0.14921212121446278,0.00013894932142325252
d12-s7,12,7,1212,0.48095238095238096,middle,attn_k,0.0005702147605006758,0.14315884523328393,0.003983091366596906
d12-s7,12,7,1212,0.48095238095238096,middle,attn_out,0.0076006660783605184,0.14315884523328393,0.053092535539630004
d12-s7,12,7,1212,0.48095238095238096,middle,attn_q,0.0010506888047530083,0.14315884523328393,0.00733932159791358
d12-s7,12,7,1212,0.48095238095238096,middle,attn_v,0.005533867621124955,0.14315884523328393,0.03865543628902051
d12-s7,12,7,1212,0.48095238095238096,middle,backout_scalar,9.363092431158293e-06,0.14315884523328393,6.5403520235866e-05
d12-s7,12,7,1212,0.48095238095238096,middle,mlp_in,0.004785704266396351,0.14315884523328393,0.03342932990691442
d12-s7,12,7,1212,0.48095238095238096,middle,mlp_out,0.11662792405695654,0.14315884523328393,0.8146749428364414
d12-s7,12,7,1212,0.48095238095238096,middle,resid_scalar,0.001253961661689118,0.14315884523328393,0.008759232862249831
d12-s7,12,7,1212,0.48095238095238096,middle,smear_gate,3.420984739932464e-07,0.14315884523328393,2.3896425920157513e-06
d12-s7,12,7,1212,0.48095238095238096,middle,smear_scalar,6.12242438364774e-05,0.14315884523328393,0.00042766651083773186
d12-s7,12,7,1212,0.48095238095238096,middle,token_embedding,6.082265713303059e-08,0.14315884523328393,4.248613282254217e-07
d12-s7,12,7,1212,0.48095238095238096,middle,unembedding,0.005641467869281769,0.14315884523328393,0.039407050679186026
d12-s7,12,7,1212,0.48095238095238096,middle,value_embedding,8.356741787451938e-08,0.14315884523328393,5.837391167716003e-07
d12-s7,12,7,1212,0.48095238095238096,middle,ve_gate,1.7910015685629332e-05,0.14315884523328393,0.00012510589657554262
d12-s7,12,7,1212,0.48095238095238096,middle,x0_scalar,5.366273718721004e-06,0.14315884523328393,3.748475136116398e-05
d12-s7,12,7,1313,0.5210317460317461,middle,attn_k,0.0006614103403990157,0.15336766057123175,0.004312580226727936
d12-s7,12,7,1313,0.5210317460317461,middle,attn_out,0.006401836653822102,0.15336766057123175,0.04174176374587629
d12-s7,12,7,1313,0.5210317460317461,middle,attn_q,0.0010986411598423729,0.15336766057123175,0.0071634473379223775
d12-s7,12,7,1313,0.5210317460317461,middle,attn_v,0.005621866250294261,0.15336766057123175,0.036656138780203795
d12-s7,12,7,1313,0.5210317460317461,middle,backout_scalar,0.001056479522958398,0.15336766057123175,0.006888541684886138
d12-s7,12,7,1313,0.5210317460317461,middle,mlp_in,0.0045959800481796265,0.15336766057123175,0.02996707409542196
d12-s7,12,7,1313,0.5210317460317461,middle,mlp_out,0.12198666687618243,0.15336766057123175,0.7953871528184758
d12-s7,12,7,1313,0.5210317460317461,middle,resid_scalar,0.009111049750018196,0.15336766057123175,0.05940659012521458
d12-s7,12,7,1313,0.5210317460317461,middle,smear_gate,2.3331300269546776e-07,0.15336766057123175,1.5212659684999584e-06
d12-s7,12,7,1313,0.5210317460317461,middle,smear_scalar,4.080904091097181e-06,0.15336766057123175,2.6608634935797312e-05
d12-s7,12,7,1313,0.5210317460317461,middle,token_embedding,6.003739372317796e-08,0.15336766057123175,3.914605823650387e-07
d12-s7,12,7,1313,0.5210317460317461,middle,unembedding,0.002703565638512373,0.15336766057123175,0.017628003377261527
d12-s7,12,7,1313,0.5210317460317461,middle,value_embedding,7.466404472467048e-08,0.15336766057123175,4.868304337862198e-07
d12-s7,12,7,1313,0.5210317460317461,middle,ve_gate,5.547181399379042e-05,0.15336766057123175,0.0003616917268424166
d12-s7,12,7,1313,0.5210317460317461,middle,x0_scalar,7.024359849694406e-05,0.15336766057123175,0.00045800788924676435
d12-s7,12,7,1414,0.5611111111111111,middle,attn_k,0.0008946994184952928,0.12985627440933367,0.006889920587703112
d12-s7,12,7,1414,0.5611111111111111,middle,attn_out,0.0061376817466225475,0.12985627440933367,0.047265192032810925
d12-s7,12,7,1414,0.5611111111111111,middle,attn_q,0.0015920473051664885,0.12985627440933367,0.012260072240699192
d12-s7,12,7,1414,0.5611111111111111,middle,attn_v,0.006321500379272038,0.12985627440933367,0.0486807465255423
d12-s7,12,7,1414,0.5611111111111111,middle,backout_scalar,0.005458778701722622,0.12985627440933367,0.042037080815328406
d12-s7,12,7,1414,0.5611111111111111,middle,mlp_in,0.004026438400615007,0.12985627440933367,0.031006883717631117
d12-s7,12,7,1414,0.5611111111111111,middle,mlp_out,0.08976553161483027,0.12985627440933367,0.691268342813154
d12-s7,12,7,1414,0.5611111111111111,middle,resid_scalar,0.010728152117053469,0.12985627440933367,0.08261558531423847
d12-s7,12,7,1414,0.5611111111111111,middle,smear_gate,1.9550601848550284e-07,0.12985627440933367,1.5055569657668421e-06
d12-s7,12,7,1414,0.5611111111111111,middle,smear_scalar,2.893584678531624e-05,0.12985627440933367,0.00022282979329981778
d12-s7,12,7,1414,0.5611111111111111,middle,token_embedding,5.1331607409110795e-08,0.12985627440933367,3.9529554996551814e-07
d12-s7,12,7,1414,0.5611111111111111,middle,unembedding,0.004770056344568729,0.12985627440933367,0.036733352826160186
d12-s7,12,7,1414,0.5611111111111111,middle,value_embedding,7.721765182822082e-08,0.12985627440933367,5.946393593952565e-07
d12-s7,12,7,1414,0.5611111111111111,middle,ve_gate,5.558244993153494e-05,0.12985627440933367,0.0004280305297865518
d12-s7,12,7,1414,0.5611111111111111,middle,x0_scalar,7.654602899265228e-05,0.12985627440933367,0.0005894673117708849
d12-s7,12,7,1515,0.6011904761904762,middle,attn_k,0.0007057292223180411,0.12826600204516406,0.0055020754608812485
d12-s7,12,7,1515,0.6011904761904762,middle,attn_out,0.005584408419963438,0.12826600204516406,0.0435377132749261
d12-s7,12,7,1515,0.6011904761904762,middle,attn_q,0.0012067464531355654,0.12826600204516406,0.009408155192290588
d12-s7,12,7,1515,0.6011904761904762,middle,attn_v,0.00532248487797915,0.12826600204516406,0.04149567923778459
d12-s7,12,7,1515,0.6011904761904762,middle,backout_scalar,0.0009752116166055204,0.12826600204516406,0.007603040564577168
d12-s7,12,7,1515,0.6011904761904762,middle,mlp_in,0.004120913155929884,0.12826600204516406,0.03212786779211267
d12-s7,12,7,1515,0.6011904761904762,middle,mlp_out,0.09874702173692641,0.12826600204516406,0.7698612271563307
d12-s7,12,7,1515,0.6011904761904762,middle,resid_scalar,0.007617776214843275,0.12826600204516406,0.05939045494035872
d12-s7,12,7,1515,0.6011904761904762,middle,smear_gate,9.500985242993921e-08,0.12826600204516406,7.407251408404002e-07
d12-s7,12,7,1515,0.6011904761904762,middle,smear_scalar,5.053332188253988e-07,0.12826600204516406,3.939728460917217e-06
d12-s7,12,7,1515,0.6011904761904762,middle,token_embedding,4.161641697919549e-08,0.12826600204516406,3.244539965044037e-07
d12-s7,12,7,1515,0.6011904761904762,middle,unembedding,0.0038540386594831944,0.12826600204516406,0.030047234637641074
d12-s7,12,7,1515,0.6011904761904762,middle,value_embedding,7.459355622074781e-08,0.12826600204516406,5.815536075918426e-07
d12-s7,12,7,1515,0.6011904761904762,middle,ve_gate,3.8840047352550755e-05,0.12826600204516406,0.00030280859100040156
d12-s7,12,7,1515,0.6011904761904762,middle,x0_scalar,9.211508758255604e-05,0.12826600204516406,0.0007181566908908657
d12-s7,12,7,1616,0.6412698412698413,middle,attn_k,0.0004911112455374678,0.07442813008521787,0.006598462771739137
d12-s7,12,7,1616,0.6412698412698413,middle,attn_out,0.0037445322595885955,0.07442813008521787,0.050310712566622645
d12-s7,12,7,1616,0.6412698412698413,middle,attn_q,0.0007071889904182171,0.07442813008521787,0.009501635868165813
d12-s7,12,7,1616,0.6412698412698413,middle,attn_v,0.004265101440978469,0.07442813008521787,0.05730496569099697
d12-s7,12,7,1616,0.6412698412698413,middle,backout_scalar,0.00026402453659102315,0.07442813008521787,0.0035473756533816363
d12-s7,12,7,1616,0.6412698412698413,middle,mlp_in,0.002857300354662584,0.07442813008521787,0.038390059664149365
d12-s7,12,7,1616,0.6412698412698413,middle,mlp_out,0.05772054771659895,0.07442813008521787,0.7755205948411003
d12-s7,12,7,1616,0.6412698412698413,middle,resid_scalar,0.0020021521971216316,0.07442813008521787,0.02690047694103332
d12-s7,12,7,1616,0.6412698412698413,middle,smear_gate,1.641925422291024e-07,0.07442813008521787,2.2060549155421087e-06
d12-s7,12,7,1616,0.6412698412698413,middle,smear_scalar,1.1156816981383601e-05,0.07442813008521787,0.00014990054121485246
d12-s7,12,7,1616,0.6412698412698413,middle,token_embedding,3.629571665442199e-08,0.07442813008521787,4.876612728663817e-07
d12-s7,12,7,1616,0.6412698412698413,middle,unembedding,0.00232102395966649,0.07442813008521787,0.03118476786947342
d12-s7,12,7,1616,0.6412698412698413,middle,value_embedding,6.798678375830036e-08,0.07442813008521787,9.134554862584568e-07
d12-s7,12,7,1616,0.6412698412698413,middle,ve_gate,2.493902752576105e-05,0.07442813008521787,0.00033507529340326897
d12-s7,12,7,1616,0.6412698412698413,middle,x0_scalar,1.8783064504646063e-05,0.07442813008521787,0.00025236512704457365
d12-s7,12,7,1717,0.6813492063492064,middle,attn_k,0.0003398130311325076,0.06029844595015632,0.005635518889050683
d12-s7,12,7,1717,0.6813492063492064,middle,attn_out,0.003611512882343959,0.06029844595015632,0.05989396286148559
d12-s7,12,7,1717,0.6813492063492064,middle,attn_q,0.0004977242369932355,0.06029844595015632,0.008254346014234968
d12-s7,12,7,1717,0.6813492063492064,middle,attn_v,0.004116354444704484,0.06029844595015632,0.06826634384752021
d12-s7,12,7,1717,0.6813492063492064,middle,backout_scalar,6.246192060643808e-05,0.06029844595015632,0.0010358794430302587
d12-s7,12,7,1717,0.6813492063492064,middle,mlp_in,0.002832627815223532,0.06029844595015632,0.046976796343392135
d12-s7,12,7,1717,0.6813492063492064,middle,mlp_out,0.04687863624712918,0.06029844595015632,0.7774435229372217
d12-s7,12,7,1717,0.6813492063492064,middle,resid_scalar,0.00013092403512615647,0.06029844595015632,0.0021712671539558482
d12-s7,12,7,1717,0.6813492063492064,middle,smear_gate,9.674435830220317e-08,0.06029844595015632,1.6044254006508498e-06
d12-s7,12,7,1717,0.6813492063492064,middle,smear_scalar,5.019749664825212e-07,0.06029844595015632,8.324840857382326e-06
d12-s7,12,7,1717,0.6813492063492064,middle,token_embedding,3.334841380819853e-08,0.06029844595015632,5.530559417031224e-07
d12-s7,12,7,1717,0.6813492063492064,middle,unembedding,0.0017843111418187618,0.06029844595015632,0.029591328826180735
d12-s7,12,7,1717,0.6813492063492064,middle,value_embedding,6.869359836514377e-08,0.06029844595015632,1.1392266796050934e-06
d12-s7,12,7,1717,0.6813492063492064,middle,ve_gate,3.2651436072228535e-05,0.06029844595015632,0.0005414971407259608
d12-s7,12,7,1717,0.6813492063492064,middle,x0_scalar,1.0727997668880107e-05,0.06029844595015632,0.000177914994322541
d12-s7,12,7,1818,0.7214285714285714,middle,attn_k,0.0003522212382449652,0.07944437389277592,0.004433557985117353
d12-s7,12,7,1818,0.7214285714285714,middle,attn_out,0.003942284853110323,0.07944437389277592,0.04962321005174168
d12-s7,12,7,1818,0.7214285714285714,middle,attn_q,0.0005568959031734266,0.07944437389277592,0.007009884726702675
d12-s7,12,7,1818,0.7214285714285714,middle,attn_v,0.004151098899455974,0.07944437389277592,0.05225164094135361
d12-s7,12,7,1818,0.7214285714285714,middle,backout_scalar,0.0003148719260934741,0.07944437389277592,0.003963426365703993
d12-s7,12,7,1818,0.7214285714285714,middle,mlp_in,0.0029802555072819814,0.07944437389277592,0.037513739000629015
d12-s7,12,7,1818,0.7214285714285714,middle,mlp_out,0.06466754914436024,0.07944437389277592,0.8139978449781782
d12-s7,12,7,1818,0.7214285714285714,middle,resid_scalar,0.0005166577002455597,0.07944437389277592,0.006503389414873854
d12-s7,12,7,1818,0.7214285714285714,middle,smear_gate,1.0047709508853587e-07,0.07944437389277592,1.264747774639741e-06
d12-s7,12,7,1818,0.7214285714285714,middle,smear_scalar,1.3654916983796281e-06,0.07944437389277592,1.7188022656237406e-05
d12-s7,12,7,1818,0.7214285714285714,middle,token_embedding,3.1494199248527366e-08,0.07944437389277592,3.964308321069318e-07
d12-s7,12,7,1818,0.7214285714285714,middle,unembedding,0.0019187924917787311,0.07944437389277592,0.024152654212725968
d12-s7,12,7,1818,0.7214285714285714,middle,value_embedding,6.720360357093114e-08,0.07944437389277592,8.459202367386539e-07
d12-s7,12,7,1818,0.7214285714285714,middle,ve_gate,1.579125569151074e-05,0.07944437389277592,0.00019877122718373744
d12-s7,12,7,1818,0.7214285714285714,middle,x0_scalar,2.639030674345122e-05,0.07944437389277592,0.0003321859742902569
d12-s7,12,7,1919,0.7615079365079365,late,attn_k,0.0002756996282187174,0.05313183862363058,0.0051889720996046804
d12-s7,12,7,1919,0.7615079365079365,late,attn_out,0.0024679790149093606,0.05313183862363058,0.04645009619169697
d12-s7,12,7,1919,0.7615079365079365,late,attn_q,0.00037646426926585264,0.05313183862363058,0.007085474152938851
d12-s7,12,7,1919,0.7615079365079365,late,attn_v,0.0028769466080120765,0.05313183862363058,0.054147318868286706
d12-s7,12,7,1919,0.7615079365079365,late,backout_scalar,0.0010075622703880072,0.05313183862363058,0.01896343692386151
d12-s7,12,7,1919,0.7615079365079365,late,mlp_in,0.002260602548631141,0.05313183862363058,0.04254704160803744
d12-s7,12,7,1919,0.7615079365079365,late,mlp_out,0.03907992311724229,0.05313183862363058,0.7355273999469943
d12-s7,12,7,1919,0.7615079365079365,late,resid_scalar,0.00332184095181276,0.05313183862363058,0.06252072275050838
d12-s7,12,7,1919,0.7615079365079365,late,smear_gate,5.815035208911467e-08,0.05313183862363058,1.0944539770406532e-06
d12-s7,12,7,1919,0.7615079365079365,late,smear_scalar,3.1290485935642204e-07,0.05313183862363058,5.8892157219128585e-06
d12-s7,12,7,1919,0.7615079365079365,late,token_embedding,2.7093150833934484e-08,0.05313183862363058,5.099230806946836e-07
d12-s7,12,7,1919,0.7615079365079365,late,unembedding,0.0013960141222923996,0.05313183862363058,0.026274530647834898
d12-s7,12,7,1919,0.7615079365079365,late,value_embedding,6.130646124091754e-08,0.05313183862363058,1.1538554439117655e-06
d12-s7,12,7,1919,0.7615079365079365,late,ve_gate,1.6780730305754332e-05,0.05313183862363058,0.0003158319143559817
d12-s7,12,7,1919,0.7615079365079365,late,x0_scalar,5.156590772870118e-05,0.05313183862363058,0.0009705274476567248
d12-s7,12,7,2020,0.8015873015873016,late,attn_k,0.0002308933189851814,0.040992140460825326,0.005632624117441186
d12-s7,12,7,2020,0.8015873015873016,late,attn_out,0.0020530142610368785,0.040992140460825326,0.05008311929939029
d12-s7,12,7,2020,0.8015873015873016,late,attn_q,0.000306252507471072,0.040992140460825326,0.007471005515404745
d12-s7,12,7,2020,0.8015873015873016,late,attn_v,0.002619365235659643,0.040992140460825326,0.06389920619448682
d12-s7,12,7,2020,0.8015873015873016,late,backout_scalar,0.0006110118119977415,0.040992140460825326,0.014905584463969694
d12-s7,12,7,2020,0.8015873015873016,late,mlp_in,0.0022134569662739523,0.040992140460825326,0.0539971063084464
d12-s7,12,7,2020,0.8015873015873016,late,mlp_out,0.029016791930189353,0.040992140460825326,0.7078623268750659
d12-s7,12,7,2020,0.8015873015873016,late,resid_scalar,0.0029258492566306415,0.040992140460825326,0.07137585946327364
d12-s7,12,7,2020,0.8015873015873016,late,smear_gate,1.5567086109058437e-07,0.040992140460825326,3.7975782513565804e-06
d12-s7,12,7,2020,0.8015873015873016,late,smear_scalar,1.1805691428889988e-05,0.040992140460825326,0.00028799890164731093
d12-s7,12,7,2020,0.8015873015873016,late,token_embedding,2.4731637182640043e-08,0.040992140460825326,6.033263182798458e-07
d12-s7,12,7,2020,0.8015873015873016,late,unembedding,0.0009794185170903804,0.040992140460825326,0.023892836677469293
d12-s7,12,7,2020,0.8015873015873016,late,value_embedding,6.116326556337981e-08,0.040992140460825326,1.492072989499811e-06
d12-s7,12,7,2020,0.8015873015873016,late,ve_gate,1.857163601926004e-05,0.040992140460825326,0.00045305358077137416
d12-s7,12,7,2020,0.8015873015873016,late,x0_scalar,5.467762278499322e-06,0.040992140460825326,0.00013338562507426662
d12-s7,12,7,2121,0.8416666666666667,late,attn_k,0.00018397641406409093,0.029675009417193806,0.006199708700260575
d12-s7,12,7,2121,0.8416666666666667,late,attn_out,0.0017693244881229475,0.029675009417193806,0.059623384216949724
d12-s7,12,7,2121,0.8416666666666667,late,attn_q,0.00024166030607375433,0.029675009417193806,0.008143562911010755
d12-s7,12,7,2121,0.8416666666666667,late,attn_v,0.0022368517002178123,0.029675009417193806,0.07537829790617598
d12-s7,12,7,2121,0.8416666666666667,late,backout_scalar,5.560162890105859e-07,0.029675009417193806,1.8736852992822576e-05
d12-s7,12,7,2121,0.8416666666666667,late,mlp_in,0.0019410235036048107,0.029675009417193806,0.06540936436839595
d12-s7,12,7,2121,0.8416666666666667,late,mlp_out,0.02221218679915182,0.029675009417193806,0.7485149031252539
d12-s7,12,7,2121,0.8416666666666667,late,resid_scalar,0.00011787907931193331,0.029675009417193806,0.003972335026240422
d12-s7,12,7,2121,0.8416666666666667,late,smear_gate,8.790307504114024e-08,0.029675009417193806,2.96219198468759e-06
d12-s7,12,7,2121,0.8416666666666667,late,smear_scalar,7.45999528817265e-09,0.029675009417193806,2.513898204140182e-07
d12-s7,12,7,2121,0.8416666666666667,late,token_embedding,2.4073617765907326e-08,0.029675009417193806,8.112421272546922e-07
d12-s7,12,7,2121,0.8416666666666667,late,unembedding,0.0009576829615980386,0.029675009417193806,0.03227237262621233
d12-s7,12,7,2121,0.8416666666666667,late,value_embedding,6.151329001724548e-08,0.029675009417193806,2.072898753036434e-06
d12-s7,12,7,2121,0.8416666666666667,late,ve_gate,1.0717629407963614e-05,0.029675009417193806,0.00036116684100372283
d12-s7,12,7,2121,0.8416666666666667,late,x0_scalar,2.9695693735121154e-06,0.029675009417193806,0.00010006970281841044
d12-s7,12,7,2222,0.8817460317460317,late,attn_k,0.00016022753607103368,0.01596730368054589,0.010034727169763193
d12-s7,12,7,2222,0.8817460317460317,late,attn_out,0.0010613147478579776,0.01596730368054589,0.0664680004270886
d12-s7,12,7,2222,0.8817460317460317,late,attn_q,0.0001855719774539466,0.01596730368054589,0.011621998376597687
d12-s7,12,7,2222,0.8817460317460317,late,attn_v,0.001311779338720953,0.01596730368054589,0.08215409219774457
d12-s7,12,7,2222,0.8817460317460317,late,backout_scalar,1.4815863323747179e-05,0.01596730368054589,0.0009278876146007299
d12-s7,12,7,2222,0.8817460317460317,late,mlp_in,0.0014561265197698958,0.01596730368054589,0.0911942647864836
d12-s7,12,7,2222,0.8817460317460317,late,mlp_out,0.010991538380039858,0.01596730368054589,0.6883778626589057
d12-s7,12,7,2222,0.8817460317460317,late,resid_scalar,0.00018343495560202427,0.01596730368054589,0.011488161011524835
d12-s7,12,7,2222,0.8817460317460317,late,smear_gate,4.914474871497987e-08,0.01596730368054589,3.0778364148517096e-06
d12-s7,12,7,2222,0.8817460317460317,late,smear_scalar,5.70075542327686e-07,0.01596730368054589,3.570268053599118e-05
d12-s7,12,7,2222,0.8817460317460317,late,token_embedding,2.040131263925105e-08,0.01596730368054589,1.2776930311726601e-06
d12-s7,12,7,2222,0.8817460317460317,late,unembedding,0.0005948261823505163,0.01596730368054589,0.03725276316221352
d12-s7,12,7,2222,0.8817460317460317,late,value_embedding,5.9306165756112244e-08,0.01596730368054589,3.7142254536292937e-06
d12-s7,12,7,2222,0.8817460317460317,late,ve_gate,3.826681023610945e-06,0.01596730368054589,0.00023965730847051308
d12-s7,12,7,2222,0.8817460317460317,late,x0_scalar,3.142570562886249e-06,0.01596730368054589,0.00019681285117130126
d12-s7,12,7,2323,0.9218253968253968,late,attn_k,0.00015572535039609647,0.01496501740040701,0.010405958525104097
d12-s7,12,7,2323,0.9218253968253968,late,attn_out,0.0009313271984865423,0.01496501740040701,0.06223361948521441
d12-s7,12,7,2323,0.9218253968253968,late,attn_q,0.00018496011944080237,0.01496501740040701,0.012359499123320227
d12-s7,12,7,2323,0.9218253968253968,late,attn_v,0.001171028950921027,0.01496501740040701,0.07825109183562846
d12-s7,12,7,2323,0.9218253968253968,late,backout_scalar,0.0003840132558252662,0.01496501740040701,0.025660728988849822
d12-s7,12,7,2323,0.9218253968253968,late,mlp_in,0.0013993362299515866,0.01496501740040701,0.09350715689201458
d12-s7,12,7,2323,0.9218253968253968,late,mlp_out,0.009272304465412162,0.01496501740040701,0.6195986424419379
d12-s7,12,7,2323,0.9218253968253968,late,resid_scalar,0.000882012802094323,0.01496501740040701,0.05893830782116795
d12-s7,12,7,2323,0.9218253968253968,late,smear_gate,7.903521748175991e-08,0.01496501740040701,5.281331479080696e-06
d12-s7,12,7,2323,0.9218253968253968,late,smear_scalar,9.397804774380347e-07,0.01496501740040701,6.279848878842433e-05
d12-s7,12,7,2323,0.9218253968253968,late,token_embedding,1.9550203234075525e-08,0.01496501740040701,1.3063936185963813e-06
d12-s7,12,7,2323,0.9218253968253968,late,unembedding,0.0005717808962799609,0.01496501740040701,0.03820783370852679
d12-s7,12,7,2323,0.9218253968253968,late,value_embedding,6.253651863019627e-08,0.01496501740040701,4.1788470375246894e-06
d12-s7,12,7,2323,0.9218253968253968,late,ve_gate,3.9793646351427014e-06,0.01496501740040701,0.00026591112650724166
d12-s7,12,7,2323,0.9218253968253968,late,x0_scalar,7.447864547316385e-06,0.01496501740040701,0.0004976849908048768
d12-s7,12,7,2424,0.9619047619047619,late,attn_k,0.00014769852850804455,0.01286897008998622,0.011477105586170704
d12-s7,12,7,2424,0.9619047619047619,late,attn_out,0.0008502761629642919,0.01286897008998622,0.06607181126529468
d12-s7,12,7,2424,0.9619047619047619,late,attn_q,0.00016644773859297857,0.01286897008998622,0.012934037256213468
d12-s7,12,7,2424,0.9619047619047619,late,attn_v,0.0010335463302908465,0.01286897008998622,0.08031305714938942
d12-s7,12,7,2424,0.9619047619047619,late,backout_scalar,2.334342752874363e-05,0.01286897008998622,0.0018139312909669389
d12-s7,12,7,2424,0.9619047619047619,late,mlp_in,0.0013230650511104614,0.01286897008998622,0.10281048458881592
d12-s7,12,7,2424,0.9619047619047619,late,mlp_out,0.008671344672620762,0.01286897008998622,0.673818076503902
d12-s7,12,7,2424,0.9619047619047619,late,resid_scalar,3.1809876645638724e-05,0.01286897008998622,0.0024718276927530557
d12-s7,12,7,2424,0.9619047619047619,late,smear_gate,5.996520968665209e-08,0.01286897008998622,4.659674338144048e-06
d12-s7,12,7,2424,0.9619047619047619,late,smear_scalar,2.0679487988672918e-06,0.01286897008998622,0.0001606926416338812
d12-s7,12,7,2424,0.9619047619047619,late,token_embedding,1.9888890534502934e-08,0.01286897008998622,1.5454920164884952e-06
d12-s7,12,7,2424,0.9619047619047619,late,unembedding,0.00060335046146065,0.01286897008998622,0.04688412959558724
d12-s7,12,7,2424,0.9619047619047619,late,value_embedding,6.119572759644143e-08,0.01286897008998622,4.755293327168418e-06
d12-s7,12,7,2424,0.9619047619047619,late,ve_gate,3.54546729397498e-06,0.01286897008998622,0.00027550513127183563
d12-s7,12,7,2424,0.9619047619047619,late,x0_scalar,1.2333374343143078e-05,0.01286897008998622,0.0009583808383189959
d12-s8,12,8,0,0.0,early,attn_k,0.0,0.09350872042693482,0.0
d12-s8,12,8,0,0.0,early,attn_out,2.0011421781873647e-05,0.09350872042693482,0.00021400594180421951
d12-s8,12,8,0,0.0,early,attn_q,0.0,0.09350872042693482,0.0
d12-s8,12,8,0,0.0,early,attn_v,0.0,0.09350872042693482,0.0
d12-s8,12,8,0,0.0,early,backout_scalar,6.773047834390812e-13,0.09350872042693482,7.2432258761182465e-12
d12-s8,12,8,0,0.0,early,mlp_in,0.0,0.09350872042693482,0.0
d12-s8,12,8,0,0.0,early,mlp_out,0.00010068029837384529,0.09350872042693482,0.0010766942154075794
d12-s8,12,8,0,0.0,early,resid_scalar,1.2844441222431557e-11,0.09350872042693482,1.3736089173060447e-10
d12-s8,12,8,0,0.0,early,smear_gate,0.0,0.09350872042693482,0.0
d12-s8,12,8,0,0.0,early,smear_scalar,1.1639709640576257e-08,0.09350872042693482,1.244772635903109e-07
d12-s8,12,8,0,0.0,early,token_embedding,1.4507170931210567e-07,0.09350872042693482,1.551424387476896e-06
d12-s8,12,8,0,0.0,early,unembedding,0.09338787198066713,0.09350872042693482,0.9987076237840071
d12-s8,12,8,0,0.0,early,value_embedding,0.0,0.09350872042693482,0.0
d12-s8,12,8,0,0.0,early,ve_gate,0.0,0.09350872042693482,0.0
d12-s8,12,8,0,0.0,early,x0_scalar,1.1712779421216898e-12,0.09350872042693482,1.252586856898437e-11
d12-s8,12,8,101,0.04007936507936508,early,attn_k,0.002398515454842709,0.025661799739884472,0.09346637722820554
d12-s8,12,8,101,0.04007936507936508,early,attn_out,0.0017696853719826322,0.025661799739884472,0.06896185731011395
d12-s8,12,8,101,0.04007936507936508,early,attn_q,0.0038105835956230294,0.025661799739884472,0.14849245315013843
d12-s8,12,8,101,0.04007936507936508,early,attn_v,0.000618231097178068,0.025661799739884472,0.024091494105816416
d12-s8,12,8,101,0.04007936507936508,early,backout_scalar,0.0004882098583038897,0.025661799739884472,0.019024770797548416
d12-s8,12,8,101,0.04007936507936508,early,mlp_in,0.0007402295250358293,0.025661799739884472,0.028845581079231106
d12-s8,12,8,101,0.04007936507936508,early,mlp_out,0.007047620849334635,0.025661799739884472,0.27463470687057756
d12-s8,12,8,101,0.04007936507936508,early,resid_scalar,0.0021584791720670182,0.025661799739884472,0.08411254058351308
d12-s8,12,8,101,0.04007936507936508,early,smear_gate,0.00010103476233780384,0.025661799739884472,0.003937165879319526
d12-s8,12,8,101,0.04007936507936508,early,smear_scalar,0.0008443945553153752,0.025661799739884472,0.032904728580006315
d12-s8,12,8,101,0.04007936507936508,early,token_embedding,4.414543582242914e-06,0.025661799739884472,0.00017202782450919353
d12-s8,12,8,101,0.04007936507936508,early,unembedding,0.005585990380495786,0.025661799739884472,0.2176772649275196
d12-s8,12,8,101,0.04007936507936508,early,value_embedding,1.2748959044017738e-07,0.025661799739884472,4.968068948103767e-06
d12-s8,12,8,101,0.04007936507936508,early,ve_gate,5.909372134738078e-06,0.025661799739884472,0.00023027894359075384
d12-s8,12,8,101,0.04007936507936508,early,x0_scalar,8.837371206027456e-05,0.025661799739884472,0.003443784650961991
d12-s8,12,8,202,0.08015873015873017,early,attn_k,0.00393802562757628,0.09495645907082384,0.04147190897924154
d12-s8,12,8,202,0.08015873015873017,early,attn_out,0.006492024636827409,0.09495645907082384,0.06836843644291005
d12-s8,12,8,202,0.08015873015873017,early,attn_q,0.004665550608478952,0.09495645907082384,0.049133578211874175
d12-s8,12,8,202,0.08015873015873017,early,attn_v,0.006071776966564357,0.09495645907082384,0.06394274834991147
d12-s8,12,8,202,0.08015873015873017,early,backout_scalar,0.006893096491694451,0.09495645907082384,0.07259218129177705
d12-s8,12,8,202,0.08015873015873017,early,mlp_in,0.0030187183438101783,0.09495645907082384,0.03179055298975133
d12-s8,12,8,202,0.08015873015873017,early,mlp_out,0.025912251672707498,0.09495645907082384,0.2728856143780666
d12-s8,12,8,202,0.08015873015873017,early,resid_scalar,0.03188123864947556,0.09495645907082384,0.3357458666997761
d12-s8,12,8,202,0.08015873015873017,early,smear_gate,7.575586550956359e-06,0.09495645907082384,7.977958134797406e-05
d12-s8,12,8,202,0.08015873015873017,early,smear_scalar,0.00045242888154461974,0.09495645907082384,0.004764593014227426
d12-s8,12,8,202,0.08015873015873017,early,token_embedding,1.2103064364055174e-06,0.09495645907082384,1.2745909527890073e-05
d12-s8,12,8,202,0.08015873015873017,early,unembedding,0.004468399565666915,0.09495645907082384,0.04705735248967248
d12-s8,12,8,202,0.08015873015873017,early,value_embedding,3.2463838017804397e-07,0.09495645907082384,3.4188130365719565e-06
d12-s8,12,8,202,0.08015873015873017,early,ve_gate,8.966097584561794e-05,0.09495645907082384,0.0009442325116477202
d12-s8,12,8,202,0.08015873015873017,early,x0_scalar,0.0010641761192644594,0.09495645907082384,0.011206990337231692
d12-s8,12,8,303,0.12023809523809524,early,attn_k,0.0026407209734315984,0.07996615035936472,0.03302298487002692
d12-s8,12,8,303,0.12023809523809524,early,attn_out,0.01088697198429145,0.07996615035936472,0.1361447554417191
d12-s8,12,8,303,0.12023809523809524,early,attn_q,0.0034293241624254733,0.07996615035936472,0.0428846974252759
d12-s8,12,8,303,0.12023809523809524,early,attn_v,0.010147640889044851,0.07996615035936472,0.12689920476903982
d12-s8,12,8,303,0.12023809523809524,early,backout_scalar,0.003551256377249956,0.07996615035936472,0.04440949528382635
d12-s8,12,8,303,0.12023809523809524,early,mlp_in,0.004600820480845869,0.07996615035936472,0.057534600079783296
d12-s8,12,8,303,0.12023809523809524,early,mlp_out,0.016734760021790862,0.07996615035936472,0.20927304799075
d12-s8,12,8,303,0.12023809523809524,early,resid_scalar,0.01874509165429572,0.07996615035936472,0.23441283055462867
d12-s8,12,8,303,0.12023809523809524,early,smear_gate,7.89669570622209e-07,0.07996615035936472,9.875047968089813e-06
d12-s8,12,8,303,0.12023809523809524,early,smear_scalar,2.7265628887107592e-05,0.07996615035936472,0.000340964630216372
d12-s8,12,8,303,0.12023809523809524,early,token_embedding,6.081095875742902e-07,0.07996615035936472,7.604587501604989e-06
d12-s8,12,8,303,0.12023809523809524,early,unembedding,0.008739089593291283,0.07996615035936472,0.1092848605818607
d12-s8,12,8,303,0.12023809523809524,early,value_embedding,2.8423350428852245e-07,0.07996615035936472,3.5544227527671185e-06
d12-s8,12,8,303,0.12023809523809524,early,ve_gate,0.0001402679440616339,0.07996615035936472,0.001754091492853855
d12-s8,12,8,303,0.12023809523809524,early,x0_scalar,0.0003212586370864301,0.07996615035936472,0.004017432821796554
d12-s8,12,8,404,0.16031746031746033,early,attn_k,0.0010735356827353826,0.03354132668862775,0.03200635719335953
d12-s8,12,8,404,0.16031746031746033,early,attn_out,0.007553085641120561,0.03354132668862775,0.2251874444692568
d12-s8,12,8,404,0.16031746031746033,early,attn_q,0.001283973440877162,0.03354132668862775,0.03828034152604034
d12-s8,12,8,404,0.16031746031746033,early,attn_v,0.006216759255039506,0.03354132668862775,0.18534625397352902
d12-s8,12,8,404,0.16031746031746033,early,backout_scalar,1.0809975492520606e-07,0.03354132668862775,3.2228825033882005e-06
d12-s8,12,8,404,0.16031746031746033,early,mlp_in,0.002759823080850765,0.03354132668862775,0.08228127367980613
d12-s8,12,8,404,0.16031746031746033,early,mlp_out,0.00623719347640872,0.03354132668862775,0.18595547917081803
d12-s8,12,8,404,0.16031746031746033,early,resid_scalar,0.00047471822199440794,0.03354132668862775,0.014153233305329038
d12-s8,12,8,404,0.16031746031746033,early,smear_gate,2.573380243120482e-06,0.03354132668862775,7.672267310741146e-05
d12-s8,12,8,404,0.16031746031746033,early,smear_scalar,1.9637858713394966e-05,0.03354132668862775,0.0005854824675153121
d12-s8,12,8,404,0.16031746031746033,early,token_embedding,3.0518293669956625e-07,0.03354132668862775,9.0987139397512e-06
d12-s8,12,8,404,0.16031746031746033,early,unembedding,0.007790588773787022,0.03354132668862775,0.2322683549791856
d12-s8,12,8,404,0.16031746031746033,early,value_embedding,1.6807825176101687e-07,0.03354132668862775,5.011079416187915e-06
d12-s8,12,8,404,0.16031746031746033,early,ve_gate,5.2269178468122846e-05,0.03354132668862775,0.0015583515510090068
d12-s8,12,8,404,0.16031746031746033,early,x0_scalar,7.658733744619894e-05,0.03354132668862775,0.0022833723351845243
d12-s8,12,8,505,0.2003968253968254,early,attn_k,0.0012641071871257736,0.04251670754260495,0.029732010312864487
d12-s8,12,8,505,0.2003968253968254,early,attn_out,0.01145232075941749,0.04251670754260495,0.269360480181618
d12-s8,12,8,505,0.2003968253968254,early,attn_q,0.0020058473401149968,0.04251670754260495,0.047177861505503134
d12-s8,12,8,505,0.2003968253968254,early,attn_v,0.008607724055764265,0.04251670754260495,0.20245509479158696
d12-s8,12,8,505,0.2003968253968254,early,backout_scalar,0.00021150065003894272,0.04251670754260495,0.004974530302634631
d12-s8,12,8,505,0.2003968253968254,early,mlp_in,0.0041572089394321665,0.04251670754260495,0.09777824247717981
d12-s8,12,8,505,0.2003968253968254,early,mlp_out,0.007405312382616103,0.04251670754260495,0.17417417318110584
d12-s8,12,8,505,0.2003968253968254,early,resid_scalar,0.0016251044631303557,0.04251670754260495,0.03822272600722618
d12-s8,12,8,505,0.2003968253968254,early,smear_gate,4.212652129353955e-06,0.04251670754260495,9.90822754827043e-05
d12-s8,12,8,505,0.2003968253968254,early,smear_scalar,8.625367627246304e-05,0.04251670754260495,0.0020287007451371994
d12-s8,12,8,505,0.2003968253968254,early,token_embedding,2.7124804091727134e-07,0.04251670754260495,6.379798827213051e-06
d12-s8,12,8,505,0.2003968253968254,early,unembedding,0.005515450611710548,0.04251670754260495,0.12972431146470245
d12-s8,12,8,505,0.2003968253968254,early,value_embedding,1.6574838745953005e-07,0.04251670754260495,3.89842951252605e-06
d12-s8,12,8,505,0.2003968253968254,early,ve_gate,0.000107316759567766,0.04251670754260495,0.002524107951214861
d12-s8,12,8,505,0.2003968253968254,early,x0_scalar,7.391106885634713e-05,0.04251670754260495,0.0017384005754039788
d12-s8,12,8,606,0.24047619047619048,early,attn_k,0.0010366504429839551,0.039014669947841085,0.026570785921548445
d12-s8,12,8,606,0.24047619047619048,early,attn_out,0.011267694098933134,0.039014669947841085,0.28880659797960545
d12-s8,12,8,606,0.24047619047619048,early,attn_q,0.0016582380358158844,0.039014669947841085,0.042502936409119736
d12-s8,12,8,606,0.24047619047619048,early,attn_v,0.00792678672587499,0.039014669947841085,0.20317451708478765
d12-s8,12,8,606,0.24047619047619048,early,backout_scalar,0.0001067327757482417,0.039014669947841085,0.0027357087959717025
d12-s8,12,8,606,0.24047619047619048,early,mlp_in,0.003977799628046341,0.039014669947841085,0.10195651106018024
d12-s8,12,8,606,0.24047619047619048,early,mlp_out,0.008648539165733382,0.039014669947841085,0.22167403126300078
d12-s8,12,8,606,0.24047619047619048,early,resid_scalar,0.0008963129722019403,0.039014669947841085,0.022973742271823028
d12-s8,12,8,606,0.24047619047619048,early,smear_gate,1.2472186199374848e-06,0.039014669947841085,3.1967939793029084e-05
d12-s8,12,8,606,0.24047619047619048,early,smear_scalar,9.280101039621513e-06,0.039014669947841085,0.00023786183638175405
d12-s8,12,8,606,0.24047619047619048,early,token_embedding,2.2453374981523666e-07,0.039014669947841085,5.755110836908706e-06
d12-s8,12,8,606,0.24047619047619048,early,unembedding,0.0034489608369767666,0.039014669947841085,0.08840164075686659
d12-s8,12,8,606,0.24047619047619048,early,value_embedding,1.4840394690907033e-07,0.039014669947841085,3.8037985995389e-06
d12-s8,12,8,606,0.24047619047619048,early,ve_gate,3.030061907338677e-05,0.039014669947841085,0.0007766468129525592
d12-s8,12,8,606,0.24047619047619048,early,x0_scalar,5.754389096779278e-06,0.039014669947841085,0.00014749295853258148
d12-s8,12,8,707,0.28055555555555556,middle,attn_k,0.000771291028286214,0.047116724348843564,0.016369793081872946
d12-s8,12,8,707,0.28055555555555556,middle,attn_out,0.009211967786541209,0.047116724348843564,0.19551375682098554
d12-s8,12,8,707,0.28055555555555556,middle,attn_q,0.0013321369015102391,0.047116724348843564,0.028273122122143772
d12-s8,12,8,707,0.28055555555555556,middle,attn_v,0.007023561200185213,0.047116724348843564,0.14906726427295874
d12-s8,12,8,707,0.28055555555555556,middle,backout_scalar,0.001233080984093249,0.047116724348843564,0.02617077059440177
d12-s8,12,8,707,0.28055555555555556,middle,mlp_in,0.0041826908782240935,0.047116724348843564,0.08877295559122954
d12-s8,12,8,707,0.28055555555555556,middle,mlp_out,0.012124245753511786,0.047116724348843564,0.25732361324072744
d12-s8,12,8,707,0.28055555555555556,middle,resid_scalar,0.00769642530690362,0.047116724348843564,0.16334805556347046
d12-s8,12,8,707,0.28055555555555556,middle,smear_gate,3.3353850881212566e-07,0.047116724348843564,7.078983384809773e-06
d12-s8,12,8,707,0.28055555555555556,middle,smear_scalar,2.7274272724753246e-06,0.047116724348843564,5.7886606298900463e-05
d12-s8,12,8,707,0.28055555555555556,middle,token_embedding,1.5886928395048014e-07,0.047116724348843564,3.3718236177506987e-06
d12-s8,12,8,707,0.28055555555555556,middle,unembedding,0.0033500120043754573,0.047116724348843564,0.07110027385546976
d12-s8,12,8,707,0.28055555555555556,middle,value_embedding,1.2207320487789275e-07,0.047116724348843564,2.5908678195471565e-06
d12-s8,12,8,707,0.28055555555555556,middle,ve_gate,0.00016166357374913787,0.047116724348843564,0.0034311293067024458
d12-s8,12,8,707,0.28055555555555556,middle,x0_scalar,2.6307023193228307e-05,0.047116724348843564,0.0005583372689165729
d12-s8,12,8,808,0.32063492063492066,middle,attn_k,0.0007201100834208773,0.08443214657927989,0.008528861489322793
d12-s8,12,8,808,0.32063492063492066,middle,attn_out,0.010020895926572848,0.08443214657927989,0.11868578891528539
d12-s8,12,8,808,0.32063492063492066,middle,attn_q,0.0012440547088772291,0.08443214657927989,0.01473437262084874
d12-s8,12,8,808,0.32063492063492066,middle,attn_v,0.008156565527315252,0.08443214657927989,0.09660497639552987
d12-s8,12,8,808,0.32063492063492066,middle,backout_scalar,0.007196754682809114,0.08443214657927989,0.08523713981441325
d12-s8,12,8,808,0.32063492063492066,middle,mlp_in,0.004324395413277671,0.08443214657927989,0.051217404608056016
d12-s8,12,8,808,0.32063492063492066,middle,mlp_out,0.022682432128931396,0.08443214657927989,0.26864687264148973
d12-s8,12,8,808,0.32063492063492066,middle,resid_scalar,0.022849390369970024,0.08443214657927989,0.27062429768399837
d12-s8,12,8,808,0.32063492063492066,middle,smear_gate,8.773758963798174e-07,0.08443214657927989,1.0391491060291604e-05
d12-s8,12,8,808,0.32063492063492066,middle,smear_scalar,9.943589247995988e-05,0.08443214657927989,0.0011777018174776808
d12-s8,12,8,808,0.32063492063492066,middle,token_embedding,1.4635617162639392e-07,0.08443214657927989,1.7334176324531648e-06
d12-s8,12,8,808,0.32063492063492066,middle,unembedding,0.0070292712189257145,0.08443214657927989,0.08325349412176068
d12-s8,12,8,808,0.32063492063492066,middle,value_embedding,1.3043911017973642e-07,0.08443214657927989,1.544898660811105e-06
d12-s8,12,8,808,0.32063492063492066,middle,ve_gate,7.29948310436157e-05,0.08443214657927989,0.0008645383778686143
d12-s8,12,8,808,0.32063492063492066,middle,x0_scalar,3.469162447800045e-05,0.08443214657927989,0.0004108817065953167
d12-s8,12,8,909,0.3607142857142857,middle,attn_k,0.0006055363819541526,0.08061230037885281,0.007511711973338057
d12-s8,12,8,909,0.3607142857142857,middle,attn_out,0.00966020510531962,0.08061230037885281,0.11983537326090003
d12-s8,12,8,909,0.3607142857142857,middle,attn_q,0.00107253161695553,0.08061230037885281,0.013304813433123282
d12-s8,12,8,909,0.3607142857142857,middle,attn_v,0.0075721708199125715,0.08061230037885281,0.09393319362337654
d12-s8,12,8,909,0.3607142857142857,middle,backout_scalar,0.0017934980569407344,0.08061230037885281,0.022248441596528692
d12-s8,12,8,909,0.3607142857142857,middle,mlp_in,0.004981878169928677,0.08061230037885281,0.06180047147290668
d12-s8,12,8,909,0.3607142857142857,middle,mlp_out,0.03651039383839816,0.08061230037885281,0.45291343463479683
d12-s8,12,8,909,0.3607142857142857,middle,resid_scalar,0.013415583101959783,0.08061230037885281,0.16642104292906545
d12-s8,12,8,909,0.3607142857142857,middle,smear_gate,4.940379767504055e-07,0.08061230037885281,6.128568151864917e-06
d12-s8,12,8,909,0.3607142857142857,middle,smear_scalar,1.7092968846554865e-05,0.08061230037885281,0.00021203921444026795
d12-s8,12,8,909,0.3607142857142857,middle,token_embedding,1.137115646088205e-07,0.08061230037885281,1.4105981850711543e-06
d12-s8,12,8,909,0.3607142857142857,middle,unembedding,0.004884844645857811,0.08061230037885281,0.060596765293888855
d12-s8,12,8,909,0.3607142857142857,middle,value_embedding,1.2622936562678433e-07,0.08061230037885281,1.5658821920915972e-06
d12-s8,12,8,909,0.3607142857142857,middle,ve_gate,9.244823900189658e-05,0.08061230037885281,0.0011468254666771513
d12-s8,12,8,909,0.3607142857142857,middle,x0_scalar,5.383454870333537e-06,0.08061230037885281,6.678205242913263e-05
d12-s8,12,8,1010,0.4007936507936508,middle,attn_k,0.000581046972911281,0.05649808533996303,0.010284365734077126
d12-s8,12,8,1010,0.4007936507936508,middle,attn_out,0.00624126625189092,0.05649808533996303,0.11046863295164196
d12-s8,12,8,1010,0.4007936507936508,middle,attn_q,0.0009334018232038943,0.05649808533996303,0.01652094610972006
d12-s8,12,8,1010,0.4007936507936508,middle,attn_v,0.006076929239497985,0.05649808533996303,0.10755991469324297
d12-s8,12,8,1010,0.4007936507936508,middle,backout_scalar,0.0004542756651062518,0.05649808533996303,0.008040549734964682
d12-s8,12,8,1010,0.4007936507936508,middle,mlp_in,0.0033548817082191817,0.05649808533996303,0.05938044958571647
d12-s8,12,8,1010,0.4007936507936508,middle,mlp_out,0.033235706265259075,0.05649808533996303,0.588262523681494
d12-s8,12,8,1010,0.4007936507936508,middle,resid_scalar,0.0018668540237740672,0.05649808533996303,0.03304278388445807
d12-s8,12,8,1010,0.4007936507936508,middle,smear_gate,1.0634543201604174e-07,0.05649808533996303,1.882283822117773e-06
d12-s8,12,8,1010,0.4007936507936508,middle,smear_scalar,5.007997060602066e-06,0.05649808533996303,8.864011993446684e-05
d12-s8,12,8,1010,0.4007936507936508,middle,token_embedding,9.07385384607551e-08,0.05649808533996303,1.6060462565192916e-06
d12-s8,12,8,1010,0.4007936507936508,middle,unembedding,0.003706105751916766,0.05649808533996303,0.06559701500707867
d12-s8,12,8,1010,0.4007936507936508,middle,value_embedding,9.220927577047178e-08,0.05649808533996303,1.632077887518234e-06
d12-s8,12,8,1010,0.4007936507936508,middle,ve_gate,1.0953534570035117e-05,0.05649808533996303,0.00019387443847211768
d12-s8,12,8,1010,0.4007936507936508,middle,x0_scalar,3.136681330673241e-05,0.05649808533996303,0.0005551836512333204
d12-s8,12,8,1111,0.44087301587301586,middle,attn_k,0.000687115431901475,0.08227937259746909,0.008351004756234744
d12-s8,12,8,1111,0.44087301587301586,middle,attn_out,0.007336648093769327,0.08227937259746909,0.08916752598080703
d12-s8,12,8,1111,0.44087301587301586,middle,attn_q,0.001284681858123804,0.08227937259746909,0.015613656467809779
d12-s8,12,8,1111,0.44087301587301586,middle,attn_v,0.0069107240124139935,0.08227937259746909,0.08399096631695228
d12-s8,12,8,1111,0.44087301587301586,middle,backout_scalar,2.51726851274725e-06,0.08227937259746909,3.0594162707855665e-05
d12-s8,12,8,1111,0.44087301587301586,middle,mlp_in,0.00518421019660309,0.08227937259746909,0.06300741039878269
d12-s8,12,8,1111,0.44087301587301586,middle,mlp_out,0.053449042716238175,0.08227937259746909,0.6496044030102663
d12-s8,12,8,1111,0.44087301587301586,middle,resid_scalar,0.0027949467917380844,0.08227937259746909,0.03396898522077521
d12-s8,12,8,1111,0.44087301587301586,middle,smear_gate,1.9240528104091936e-07,0.08227937259746909,2.338438845203807e-06
d12-s8,12,8,1111,0.44087301587301586,middle,smear_scalar,5.049860192229972e-06,0.08227937259746909,6.137455880874456e-05
d12-s8,12,8,1111,0.44087301587301586,middle,token_embedding,7.680691282985208e-08,0.08227937259746909,9.334892866236398e-07
d12-s8,12,8,1111,0.44087301587301586,middle,unembedding,0.004590924363583327,0.08227937259746909,0.05579678379468518
d12-s8,12,8,1111,0.44087301587301586,middle,value_embedding,1.1509985498037167e-07,0.08227937259746909,1.3988907711227752e-06
d12-s8,12,8,1111,0.44087301587301586,middle,ve_gate,2.8172850136343186e-05,0.08227937259746909,0.0003424047759111107
d12-s8,12,8,1111,0.44087301587301586,middle,x0_scalar,4.954842207638421e-06,0.08227937259746909,6.0219737356028795e-05
d12-s8,12,8,1212,0.48095238095238096,middle,attn_k,0.0005095648220958537,0.0812307048302614,0.0062730567605024925
d12-s8,12,8,1212,0.48095238095238096,middle,attn_out,0.005448931813589297,0.0812307048302614,0.06707970618961527
d12-s8,12,8,1212,0.48095238095238096,middle,attn_q,0.0008433222010353347,0.0812307048302614,0.01038181562990903
d12-s8,12,8,1212,0.48095238095238096,middle,attn_v,0.005626658308756305,0.0812307048302614,0.06926762879275386
d12-s8,12,8,1212,0.48095238095238096,middle,backout_scalar,0.003813290037214756,0.0812307048302614,0.046943948660582914
d12-s8,12,8,1212,0.48095238095238096,middle,mlp_in,0.003550468252797145,0.0812307048302614,0.043708450643339315
d12-s8,12,8,1212,0.48095238095238096,middle,mlp_out,0.04234951547550736,0.0812307048302614,0.5213486152065323
d12-s8,12,8,1212,0.48095238095238096,middle,resid_scalar,0.0150355913740583,0.0812307048302614,0.1850973890412064
d12-s8,12,8,1212,0.48095238095238096,middle,smear_gate,3.4418127370372536e-07,0.0812307048302614,4.237083433203269e-06
d12-s8,12,8,1212,0.48095238095238096,middle,smear_scalar,5.0019352784147486e-05,0.0812307048302614,0.0006157690357195257
d12-s8,12,8,1212,0.48095238095238096,middle,token_embedding,6.908933869453902e-08,0.0812307048302614,8.505323059661637e-07
d12-s8,12,8,1212,0.48095238095238096,middle,unembedding,0.003977379761636258,0.0812307048302614,0.048963994218040305
d12-s8,12,8,1212,0.48095238095238096,middle,value_embedding,8.296175479927115e-08,0.0812307048302614,1.0213102911346999e-06
d12-s8,12,8,1212,0.48095238095238096,middle,ve_gate,2.2373901401806506e-05,0.0812307048302614,0.000275436504565099
d12-s8,12,8,1212,0.48095238095238096,middle,x0_scalar,3.0932970176422714e-06,0.0812307048302614,3.8080391203129205e-05
d12-s8,12,8,1313,0.5210317460317461,middle,attn_k,0.00046559520160371903,0.058411799583104156,0.007970910071710824
d12-s8,12,8,1313,0.5210317460317461,middle,attn_out,0.00482544478654745,0.058411799583104156,0.0826107879056551
d12-s8,12,8,1313,0.5210317460317461,middle,attn_q,0.000764366179737408,0.058411799583104156,0.01308581802294795
d12-s8,12,8,1313,0.5210317460317461,middle,attn_v,0.004961030244885478,0.058411799583104156,0.08493198771983179
d12-s8,12,8,1313,0.5210317460317461,middle,backout_scalar,2.6881034500547688e-05,0.058411799583104156,0.00046019870458370766
d12-s8,12,8,1313,0.5210317460317461,middle,mlp_in,0.003242728522309335,0.058411799583104156,0.05551495666035441
d12-s8,12,8,1313,0.5210317460317461,middle,mlp_out,0.04052208623761543,0.058411799583104156,0.6937311729278858
d12-s8,12,8,1313,0.5210317460317461,middle,resid_scalar,0.0011301989000429558,0.058411799583104156,0.019348811509136764
d12-s8,12,8,1313,0.5210317460317461,middle,smear_gate,1.3215796457188844e-07,0.058411799583104156,2.2625217082014993e-06
d12-s8,12,8,1313,0.5210317460317461,middle,smear_scalar,5.625396170216846e-06,0.058411799583104156,9.630581852239345e-05
d12-s8,12,8,1313,0.5210317460317461,middle,token_embedding,5.159352411965301e-08,0.058411799583104156,8.832722923773203e-07
d12-s8,12,8,1313,0.5210317460317461,middle,unembedding,0.0024307682178914547,0.058411799583104156,0.04161433537813076
d12-s8,12,8,1313,0.5210317460317461,middle,value_embedding,8.266283213487213e-08,0.058411799583104156,1.4151735218714728e-06
d12-s8,12,8,1313,0.5210317460317461,middle,ve_gate,1.4254511313538389e-05,0.058411799583104156,0.00024403479117704777
d12-s8,12,8,1313,0.5210317460317461,middle,x0_scalar,2.2553936165792265e-05,0.058411799583104156,0.00038611952254106004
d12-s8,12,8,1414,0.5611111111111111,middle,attn_k,0.00044426899057725677,0.04975250907522755,0.008929579609854578
d12-s8,12,8,1414,0.5611111111111111,middle,attn_out,0.0038510703343490604,0.04975250907522755,0.07740454513612784
d12-s8,12,8,1414,0.5611111111111111,middle,attn_q,0.0005850500447195373,0.04975250907522755,0.01175920683386884
d12-s8,12,8,1414,0.5611111111111111,middle,attn_v,0.004712635396572296,0.04975250907522755,0.09472156247329405
d12-s8,12,8,1414,0.5611111111111111,middle,backout_scalar,0.0002437195216771215,0.04975250907522755,0.004898637801534974
d12-s8,12,8,1414,0.5611111111111111,middle,mlp_in,0.002979398072056938,0.04975250907522755,0.05988437824416017
d12-s8,12,8,1414,0.5611111111111111,middle,mlp_out,0.03218740498414263,0.04975250907522755,0.6469503866724418
d12-s8,12,8,1414,0.5611111111111111,middle,resid_scalar,0.0019207485529477708,0.04975250907522755,0.03860606406892025
d12-s8,12,8,1414,0.5611111111111111,middle,smear_gate,2.9144638347133883e-07,0.04975250907522755,5.857923326653971e-06
d12-s8,12,8,1414,0.5611111111111111,middle,smear_scalar,1.5975849237293005e-05,0.04975250907522755,0.00032110640315922474
d12-s8,12,8,1414,0.5611111111111111,middle,token_embedding,4.4901817375375686e-08,0.04975250907522755,9.025035764021982e-07
d12-s8,12,8,1414,0.5611111111111111,middle,unembedding,0.002761207055300474,0.04975250907522755,0.05549885034190802
d12-s8,12,8,1414,0.5611111111111111,middle,value_embedding,7.78706108484073e-08,0.04975250907522755,1.5651594722723268e-06
d12-s8,12,8,1414,0.5611111111111111,middle,ve_gate,2.632850831219002e-05,0.04975250907522755,0.0005291895585081024
d12-s8,12,8,1414,0.5611111111111111,middle,x0_scalar,2.42875465232828e-05,0.04975250907522755,0.0004881672698468166
d12-s8,12,8,1515,0.6011904761904762,middle,attn_k,0.0007591549065182335,0.0838634874283457,0.009052269703986105
d12-s8,12,8,1515,0.6011904761904762,middle,attn_out,0.005383175077440683,0.0838634874283457,0.06418973551559197
d12-s8,12,8,1515,0.6011904761904762,middle,attn_q,0.0012182868786112522,0.0838634874283457,0.014527023809404252
d12-s8,12,8,1515,0.6011904761904762,middle,attn_v,0.005596918119408656,0.0838634874283457,0.06673843756128972
d12-s8,12,8,1515,0.6011904761904762,middle,backout_scalar,0.000330406823195517,0.0838634874283457,0.00393981735469589
d12-s8,12,8,1515,0.6011904761904762,middle,mlp_in,0.0036589390801964328,0.0838634874283457,0.04362970337147842
d12-s8,12,8,1515,0.6011904761904762,middle,mlp_out,0.06147644781594863,0.0838634874283457,0.733053796128799
d12-s8,12,8,1515,0.6011904761904762,middle,resid_scalar,0.0011806968002474605,0.0838634874283457,0.014078794436688155
d12-s8,12,8,1515,0.6011904761904762,middle,smear_gate,1.323113281159749e-07,0.0838634874283457,1.5776988552857857e-06
d12-s8,12,8,1515,0.6011904761904762,middle,smear_scalar,1.4770470215808016e-06,0.0838634874283457,1.7612516088635284e-05
d12-s8,12,8,1515,0.6011904761904762,middle,token_embedding,4.3327695209427475e-08,0.0838634874283457,5.166455216454878e-07
d12-s8,12,8,1515,0.6011904761904762,middle,unembedding,0.004219164140522479,0.0838634874283457,0.05030990565622971
d12-s8,12,8,1515,0.6011904761904762,middle,value_embedding,7.680088032202548e-08,0.0838634874283457,9.157844811503381e-07
d12-s8,12,8,1515,0.6011904761904762,middle,ve_gate,1.866109363390933e-05,0.0838634874283457,0.00022251750083555333
d12-s8,12,8,1515,0.6011904761904762,middle,x0_scalar,1.9907205697222707e-05,0.0838634874283457,0.00023737631605448963
d12-s8,12,8,1616,0.6412698412698413,middle,attn_k,0.0005538978921322268,0.05723324597274448,0.009677904559108934
d12-s8,12,8,1616,0.6412698412698413,middle,attn_out,0.003794255018874537,0.05723324597274448,0.06629459773575364
d12-s8,12,8,1616,0.6412698412698413,middle,attn_q,0.0008271402198261057,0.05723324597274448,0.01445209346015435
d12-s8,12,8,1616,0.6412698412698413,middle,attn_v,0.005007703090086579,0.05723324597274448,0.08749640187228486
d12-s8,12,8,1616,0.6412698412698413,middle,backout_scalar,0.0012430093483999372,0.05723324597274448,0.021718309476835913
d12-s8,12,8,1616,0.6412698412698413,middle,mlp_in,0.0036707542240037583,0.05723324597274448,0.0641367471233737
d12-s8,12,8,1616,0.6412698412698413,middle,mlp_out,0.033592200234124896,0.05723324597274448,0.5869350875210209
d12-s8,12,8,1616,0.6412698412698413,middle,resid_scalar,0.006920108382530543,0.05723324597274448,0.1209106396975287
d12-s8,12,8,1616,0.6412698412698413,middle,smear_gate,1.2193852683139994e-07,0.05723324597274448,2.1305540994384505e-06
d12-s8,12,8,1616,0.6412698412698413,middle,smear_scalar,3.5828449540531443e-07,0.05723324597274448,6.260076452346178e-06
d12-s8,12,8,1616,0.6412698412698413,middle,token_embedding,4.166832212604276e-08,0.05723324597274448,7.280440138916109e-07
d12-s8,12,8,1616,0.6412698412698413,middle,unembedding,0.0015963385812938213,0.05723324597274448,0.02789180578809084
d12-s8,12,8,1616,0.6412698412698413,middle,value_embedding,7.788885447723715e-08,0.05723324597274448,1.3609022719824287e-06
d12-s8,12,8,1616,0.6412698412698413,middle,ve_gate,1.4244118801798322e-05,0.05723324597274448,0.0002488784020494248
d12-s8,12,8,1616,0.6412698412698413,middle,x0_scalar,1.2995082471434216e-05,0.05723324597274448,0.00022705478696110847
d12-s8,12,8,1717,0.6813492063492064,middle,attn_k,0.0002963100760098314,0.04055342571172105,0.007306659568446512
d12-s8,12,8,1717,0.6813492063492064,middle,attn_out,0.00267165610785014,0.04055342571172105,0.06587991176977087
d12-s8,12,8,1717,0.6813492063492064,middle,attn_q,0.0003505856452648004,0.04055342571172105,0.008645031562980179
d12-s8,12,8,1717,0.6813492063492064,middle,attn_v,0.003358612715601339,0.04055342571172105,0.08281945746030053
d12-s8,12,8,1717,0.6813492063492064,middle,backout_scalar,1.947873215613072e-06,0.04055342571172105,4.803227301830837e-05
d12-s8,12,8,1717,0.6813492063492064,middle,mlp_in,0.0023844828247092664,0.04055342571172105,0.058798554816543794
d12-s8,12,8,1717,0.6813492063492064,middle,mlp_out,0.029496404422388878,0.04055342571172105,0.7273468000476125
d12-s8,12,8,1717,0.6813492063492064,middle,resid_scalar,0.00047405515260834363,0.04055342571172105,0.01168964506175686
d12-s8,12,8,1717,0.6813492063492064,middle,smear_gate,1.4112262647358875e-07,0.04055342571172105,3.4799187490787114e-06
d12-s8,12,8,1717,0.6813492063492064,middle,smear_scalar,1.6849680832820015e-06,0.04055342571172105,4.154934025203695e-05
d12-s8,12,8,1717,0.6813492063492064,middle,token_embedding,3.192495512394089e-08,0.04055342571172105,7.872320171144926e-07
d12-s8,12,8,1717,0.6813492063492064,middle,unembedding,0.001502260100096464,0.04055342571172105,0.037043975292629094
d12-s8,12,8,1717,0.6813492063492064,middle,value_embedding,6.488252424219354e-08,0.04055342571172105,1.599927086392623e-06
d12-s8,12,8,1717,0.6813492063492064,middle,ve_gate,8.722367397240305e-06,0.04055342571172105,0.0002150833682768088
d12-s8,12,8,1717,0.6813492063492064,middle,x0_scalar,6.465528390009467e-06,0.04055342571172105,0.0001594323605598812
d12-s8,12,8,1818,0.7214285714285714,middle,attn_k,0.00042053026027133456,0.03186825012520034,0.013195900578764236
d12-s8,12,8,1818,0.7214285714285714,middle,attn_out,0.001961777306860313,0.03186825012520034,0.061558990504753365
d12-s8,12,8,1818,0.7214285714285714,middle,attn_q,0.0006919539846421685,0.03186825012520034,0.021712958255432877
d12-s8,12,8,1818,0.7214285714285714,middle,attn_v,0.003074168969760649,0.03186825012520034,0.09646494419000747
d12-s8,12,8,1818,0.7214285714285714,middle,backout_scalar,0.0012872006045654416,0.03186825012520034,0.04039131736158826
d12-s8,12,8,1818,0.7214285714285714,middle,mlp_in,0.002396439500444103,0.03186825012520034,0.07519833975914102
d12-s8,12,8,1818,0.7214285714285714,middle,mlp_out,0.01640994146146113,0.03186825012520034,0.5149307350416678
d12-s8,12,8,1818,0.7214285714285714,middle,resid_scalar,0.0042097891855519265,0.03186825012520034,0.1320997911404921
d12-s8,12,8,1818,0.7214285714285714,middle,smear_gate,9.501029296643539e-08,0.03186825012520034,2.9813464056912384e-06
d12-s8,12,8,1818,0.7214285714285714,middle,smear_scalar,1.6204363419092257e-05,0.03186825012520034,0.0005084798617881562
d12-s8,12,8,1818,0.7214285714285714,middle,token_embedding,2.766729245706756e-08,0.03186825012520034,8.681773347570533e-07
d12-s8,12,8,1818,0.7214285714285714,middle,unembedding,0.0013626734726130962,0.03186825012520034,0.04275959512240492
d12-s8,12,8,1818,0.7214285714285714,middle,value_embedding,6.517952622075995e-08,0.03186825012520034,2.0452809917297023e-06
d12-s8,12,8,1818,0.7214285714285714,middle,ve_gate,1.892882505671878e-05,0.03186825012520034,0.0005939712717941329
d12-s8,12,8,1818,0.7214285714285714,middle,x0_scalar,1.8454333442718962e-05,0.03186825012520034,0.0005790821074335016
d12-s8,12,8,1919,0.7615079365079365,late,attn_k,0.0002794149504552479,0.02571885778551053,0.01086420527635813
d12-s8,12,8,1919,0.7615079365079365,late,attn_out,0.0018083049781125737,0.02571885778551053,0.0703104699747333
d12-s8,12,8,1919,0.7615079365079365,late,attn_q,0.0003445965585342492,0.02571885778551053,0.013398594969034268
d12-s8,12,8,1919,0.7615079365079365,late,attn_v,0.0026239626058668364,0.02571885778551053,0.10202484992724375
d12-s8,12,8,1919,0.7615079365079365,late,backout_scalar,8.476070070173593e-05,0.02571885778551053,0.0032956634936365
d12-s8,12,8,1919,0.7615079365079365,late,mlp_in,0.0022883285564603284,0.02571885778551053,0.0889747350191238
d12-s8,12,8,1919,0.7615079365079365,late,mlp_out,0.01624052295665024,0.02571885778551053,0.6314636167784952
d12-s8,12,8,1919,0.7615079365079365,late,resid_scalar,0.0007508170872938535,0.02571885778551053,0.029193251642646755
d12-s8,12,8,1919,0.7615079365079365,late,smear_gate,4.450006230172221e-08,0.02571885778551053,1.730250335098187e-06
d12-s8,12,8,1919,0.7615079365079365,late,smear_scalar,1.0582948561932424e-06,0.02571885778551053,4.114859474006127e-05
d12-s8,12,8,1919,0.7615079365079365,late,token_embedding,2.597390391656518e-08,0.02571885778551053,1.0099166974358535e-06
d12-s8,12,8,1919,0.7615079365079365,late,unembedding,0.0012635327875614168,0.02571885778551053,0.04912865097272185
d12-s8,12,8,1919,0.7615079365079365,late,value_embedding,6.366722349326892e-08,0.02571885778551053,2.4755074282162608e-06
d12-s8,12,8,1919,0.7615079365079365,late,ve_gate,7.266945942774327e-06,0.02571885778551053,0.0002825532145859282
d12-s8,12,8,1919,0.7615079365079365,late,x0_scalar,2.6157221885370063e-05,0.02571885778551053,0.0010170444622197218
d12-s8,12,8,2020,0.8015873015873016,late,attn_k,0.00021115118624948082,0.016450995834038196,0.012835161371361791
d12-s8,12,8,2020,0.8015873015873016,late,attn_out,0.0013123780408932362,0.016450995834038196,0.07977499077459126
d12-s8,12,8,2020,0.8015873015873016,late,attn_q,0.00024811043022054946,0.016450995834038196,0.015081787918710222
d12-s8,12,8,2020,0.8015873015873016,late,attn_v,0.002037300806478015,0.016450995834038196,0.12384057640223246
d12-s8,12,8,2020,0.8015873015873016,late,backout_scalar,5.944534132140689e-05,0.016450995834038196,0.0036134798112592405
d12-s8,12,8,2020,0.8015873015873016,late,mlp_in,0.00174311178852804,0.016450995834038196,0.10595782809217098
d12-s8,12,8,2020,0.8015873015873016,late,mlp_out,0.009510334610240534,0.016450995834038196,0.5781008460632532
d12-s8,12,8,2020,0.8015873015873016,late,resid_scalar,0.0004274084937492262,0.016450995834038196,0.025980706460631994
d12-s8,12,8,2020,0.8015873015873016,late,smear_gate,1.0843341158306431e-07,0.016450995834038196,6.591297735223325e-06
d12-s8,12,8,2020,0.8015873015873016,late,smear_scalar,4.006107701570726e-06,0.016450995834038196,0.0002435176412410138
d12-s8,12,8,2020,0.8015873015873016,late,token_embedding,2.2919488529282713e-08,0.016450995834038196,1.3931976374257404e-06
d12-s8,12,8,2020,0.8015873015873016,late,unembedding,0.0008885618299245834,0.016450995834038196,0.054012646947857734
d12-s8,12,8,2020,0.8015873015873016,late,value_embedding,6.130724194974846e-08,0.016450995834038196,3.7266584082952432e-06
d12-s8,12,8,2020,0.8015873015873016,late,ve_gate,7.556369752137471e-06,0.016450995834038196,0.0004593259780968908
d12-s8,12,8,2020,0.8015873015873016,late,x0_scalar,1.4381688373532597e-06,0.016450995834038196,8.742138481231595e-05
d12-s8,12,8,2121,0.8416666666666667,late,attn_k,0.00019327685458847554,0.01943110939296644,0.009946774045667036
d12-s8,12,8,2121,0.8416666666666667,late,attn_out,0.001483256957726553,0.01943110939296644,0.07633413655030186
d12-s8,12,8,2121,0.8416666666666667,late,attn_q,0.00022811077997175744,0.01943110939296644,0.011739462495863858
d12-s8,12,8,2121,0.8416666666666667,late,attn_v,0.002237014325146447,0.01943110939296644,0.11512540431459814
d12-s8,12,8,2121,0.8416666666666667,late,backout_scalar,0.00010670381743693724,0.01943110939296644,0.005491390907179045
d12-s8,12,8,2121,0.8416666666666667,late,mlp_in,0.0018749357186607085,0.01943110939296644,0.09649143961586604
d12-s8,12,8,2121,0.8416666666666667,late,mlp_out,0.011860639875521883,0.01943110939296644,0.6103943751052696
d12-s8,12,8,2121,0.8416666666666667,late,resid_scalar,0.0005099365331489025,0.01943110939296644,0.026243305147233973
d12-s8,12,8,2121,0.8416666666666667,late,smear_gate,6.050433398741005e-08,0.01943110939296644,3.1137869055130254e-06
d12-s8,12,8,2121,0.8416666666666667,late,smear_scalar,5.981274586730479e-09,0.01943110939296644,3.0781951075297564e-07
d12-s8,12,8,2121,0.8416666666666667,late,token_embedding,2.481734995285478e-08,0.01943110939296644,1.2771967596373072e-06
d12-s8,12,8,2121,0.8416666666666667,late,unembedding,0.0009313180344179274,0.01943110939296644,0.04792922604589116
d12-s8,12,8,2121,0.8416666666666667,late,value_embedding,6.284204356887813e-08,0.01943110939296644,3.2340944769538133e-06
d12-s8,12,8,2121,0.8416666666666667,late,ve_gate,3.345915246200093e-06,0.01943110939296644,0.0001721937321505291
d12-s8,12,8,2121,0.8416666666666667,late,x0_scalar,2.4164360985512445e-06,0.01943110939296644,0.0001243591423259617
d12-s8,12,8,2222,0.8817460317460317,late,attn_k,0.00018875265050155576,0.0103155128545116,0.018297941475493656
d12-s8,12,8,2222,0.8817460317460317,late,attn_out,0.0008858800356392749,0.0103155128545116,0.08587842874451228
d12-s8,12,8,2222,0.8817460317460317,late,attn_q,0.00024255821381302667,0.0103155128545116,0.023513926765836104
d12-s8,12,8,2222,0.8817460317460317,late,attn_v,0.0013262407283036737,0.0103155128545116,0.12856759978963414
d12-s8,12,8,2222,0.8817460317460317,late,backout_scalar,1.249109828904693e-07,0.0103155128545116,1.2109042434651047e-05
d12-s8,12,8,2222,0.8817460317460317,late,mlp_in,0.001411437930073589,0.0103155128545116,0.13682673367580378
d12-s8,12,8,2222,0.8817460317460317,late,mlp_out,0.005579192555160262,0.0103155128545116,0.5408545977159189
d12-s8,12,8,2222,0.8817460317460317,late,resid_scalar,0.00013426917399783633,0.0103155128545116,0.013016238348160488
d12-s8,12,8,2222,0.8817460317460317,late,smear_gate,5.061250263338479e-08,0.0103155128545116,4.906445597733793e-06
d12-s8,12,8,2222,0.8817460317460317,late,smear_scalar,2.4722527314224857e-07,0.0103155128545116,2.3966357914441642e-05
d12-s8,12,8,2222,0.8817460317460317,late,token_embedding,2.0298980274446876e-08,0.0103155128545116,1.967811059007978e-06
d12-s8,12,8,2222,0.8817460317460317,late,unembedding,0.0005325301899574697,0.0103155128545116,0.05162420884624868
d12-s8,12,8,2222,0.8817460317460317,late,value_embedding,5.945076297919627e-08,0.0103155128545116,5.763238708310546e-06
d12-s8,12,8,2222,0.8817460317460317,late,ve_gate,2.5614242247229413e-06,0.0103155128545116,0.0002483079863162281
d12-s8,12,8,2222,0.8817460317460317,late,x0_scalar,1.1587454338268799e-05,0.0103155128545116,0.0011233037563615563
d12-s8,12,8,2323,0.9218253968253968,late,attn_k,0.0001697285870250198,0.009473141637503346,0.01791682142205908
d12-s8,12,8,2323,0.9218253968253968,late,attn_out,0.0007717607695667539,0.009473141637503346,0.08146830260738633
d12-s8,12,8,2323,0.9218253968253968,late,attn_q,0.0001921091170515865,0.009473141637503346,0.020279346008196815
d12-s8,12,8,2323,0.9218253968253968,late,attn_v,0.0010869394318433478,0.009473141637503346,0.11473906687304758
d12-s8,12,8,2323,0.9218253968253968,late,backout_scalar,0.0002120980789186433,0.009473141637503346,0.02238941282994919
d12-s8,12,8,2323,0.9218253968253968,late,mlp_in,0.0013710576604353264,0.009473141637503346,0.14473104202384435
d12-s8,12,8,2323,0.9218253968253968,late,mlp_out,0.004668631954700685,0.009473141637503346,0.49282826472455304
d12-s8,12,8,2323,0.9218253968253968,late,resid_scalar,0.00048255789079476585,0.009473141637503346,0.05093958364185763
d12-s8,12,8,2323,0.9218253968253968,late,smear_gate,3.253238034517381e-08,0.009473141637503346,3.434170161288515e-06
d12-s8,12,8,2323,0.9218253968253968,late,smear_scalar,2.989353333759937e-07,0.009473141637503346,3.155609245749421e-05
d12-s8,12,8,2323,0.9218253968253968,late,token_embedding,1.977592134494444e-08,0.009473141637503346,2.087577923109825e-06
d12-s8,12,8,2323,0.9218253968253968,late,unembedding,0.0005082649877294898,0.009473141637503346,0.05365326595744255
d12-s8,12,8,2323,0.9218253968253968,late,value_embedding,6.421351272933862e-08,0.009473141637503346,6.778481224763165e-06
d12-s8,12,8,2323,0.9218253968253968,late,ve_gate,2.6405647588489956e-06,0.009473141637503346,0.0002787422441141626
d12-s8,12,8,2323,0.9218253968253968,late,x0_scalar,6.937137531082271e-06,0.009473141637503346,0.0007322953457825169
d12-s8,12,8,2424,0.9619047619047619,late,attn_k,0.00015773165705468273,0.0095233759030382,0.016562578087919673
d12-s8,12,8,2424,0.9619047619047619,late,attn_out,0.0007409335539705353,0.0095233759030382,0.07780156548626402
d12-s8,12,8,2424,0.9619047619047619,late,attn_q,0.0001768168303897255,0.0095233759030382,0.01856661253215012
d12-s8,12,8,2424,0.9619047619047619,late,attn_v,0.0010142743612959748,0.0095233759030382,0.1065036570668596
d12-s8,12,8,2424,0.9619047619047619,late,backout_scalar,0.00019087217515334487,0.0095233759030382,0.020042490929340694
d12-s8,12,8,2424,0.9619047619047619,late,mlp_in,0.0013379483752942178,0.0095233759030382,0.14049097598545682
d12-s8,12,8,2424,0.9619047619047619,late,mlp_out,0.004914775905490387,0.0095233759030382,0.5160749670631449
d12-s8,12,8,2424,0.9619047619047619,late,resid_scalar,0.0004087175356239925,0.0095233759030382,0.04291729527274053
d12-s8,12,8,2424,0.9619047619047619,late,smear_gate,5.176840289777829e-08,0.0095233759030382,5.4359298031345e-06
d12-s8,12,8,2424,0.9619047619047619,late,smear_scalar,1.4759878013137495e-06,0.0095233759030382,0.0001549857756683606
d12-s8,12,8,2424,0.9619047619047619,late,token_embedding,1.8641596710722294e-08,0.0095233759030382,1.957456777987221e-06
d12-s8,12,8,2424,0.9619047619047619,late,unembedding,0.0005747964605689049,0.0095233759030382,0.06035637639647618
d12-s8,12,8,2424,0.9619047619047619,late,value_embedding,6.285418496787543e-08,0.0095233759030382,6.599989920362519e-06
d12-s8,12,8,2424,0.9619047619047619,late,ve_gate,1.8947136481983762e-06,0.0095233759030382,0.0001989539914720697
d12-s8,12,8,2424,0.9619047619047619,late,x0_scalar,3.0050825623462174e-06,0.0095233759030382,0.00031554803600554286
d12-s9,12,9,0,0.0,early,attn_k,0.0,0.09234326952737672,0.0
d12-s9,12,9,0,0.0,early,attn_out,2.149588476640929e-05,0.09234326952737672,0.00023278236601787718
d12-s9,12,9,0,0.0,early,attn_q,0.0,0.09234326952737672,0.0
d12-s9,12,9,0,0.0,early,attn_v,0.0,0.09234326952737672,0.0
d12-s9,12,9,0,0.0,early,backout_scalar,9.644694981894577e-13,0.09234326952737672,1.0444394086604487e-11
d12-s9,12,9,0,0.0,early,mlp_in,0.0,0.09234326952737672,0.0
d12-s9,12,9,0,0.0,early,mlp_out,0.00011284522133792052,0.09234326952737672,0.0012220189074469109
d12-s9,12,9,0,0.0,early,resid_scalar,2.3897299286992912e-11,0.09234326952737672,2.5878766703087283e-10
d12-s9,12,9,0,0.0,early,smear_gate,0.0,0.09234326952737672,0.0
d12-s9,12,9,0,0.0,early,smear_scalar,2.2609361494119188e-08,0.09234326952737672,2.448403831685455e-07
d12-s9,12,9,0,0.0,early,token_embedding,1.5523792740168576e-07,0.09234326952737672,1.681096285589746e-06
d12-s9,12,9,0,0.0,early,unembedding,0.09220875054597856,0.09234326952737672,0.9985432724865966
d12-s9,12,9,0,0.0,early,value_embedding,0.0,0.09234326952737672,0.0
d12-s9,12,9,0,0.0,early,ve_gate,0.0,0.09234326952737672,0.0
d12-s9,12,9,0,0.0,early,x0_scalar,3.1431670010880278e-12,0.09234326952737672,3.403785697837115e-11
d12-s9,12,9,101,0.04007936507936508,early,attn_k,0.0034400573958919267,0.04202973887860839,0.08184817435643862
d12-s9,12,9,101,0.04007936507936508,early,attn_out,0.0018344481723033823,0.04202973887860839,0.04364643276994161
d12-s9,12,9,101,0.04007936507936508,early,attn_q,0.008142525206039863,0.04202973887860839,0.19373247189465914
d12-s9,12,9,101,0.04007936507936508,early,attn_v,0.0005275352341413964,0.04202973887860839,0.012551475412803305
d12-s9,12,9,101,0.04007936507936508,early,backout_scalar,0.002082016784697771,0.04202973887860839,0.04953675279094922
d12-s9,12,9,101,0.04007936507936508,early,mlp_in,0.0006270484236665652,0.04202973887860839,0.0149191605847856
d12-s9,12,9,101,0.04007936507936508,early,mlp_out,0.007509865055908449,0.04202973887860839,0.17867979331488773
d12-s9,12,9,101,0.04007936507936508,early,resid_scalar,0.012054690134391421,0.04202973887860839,0.2868133482629563
d12-s9,12,9,101,0.04007936507936508,early,smear_gate,6.594614387722685e-05,0.04202973887860839,0.0015690352982609425
d12-s9,12,9,101,0.04007936507936508,early,smear_scalar,5.237087316345424e-05,0.04202973887860839,0.0012460432674757614
d12-s9,12,9,101,0.04007936507936508,early,token_embedding,7.5887351158598895e-06,0.04202973887860839,0.00018055632317340615
d12-s9,12,9,101,0.04007936507936508,early,unembedding,0.00552701111882925,0.04202973887860839,0.13150239012411039
d12-s9,12,9,101,0.04007936507936508,early,value_embedding,1.4742971377046388e-07,0.04202973887860839,3.507747554565471e-06
d12-s9,12,9,101,0.04007936507936508,early,ve_gate,1.785446760038667e-05,0.04202973887860839,0.0004248055799717077
d12-s9,12,9,101,0.04007936507936508,early,x0_scalar,0.00014063370326766744,0.04202973887860839,0.003346052272031718
d12-s9,12,9,202,0.08015873015873017,early,attn_k,0.0021610588373732753,0.048346981505508424,0.04469894024567086
d12-s9,12,9,202,0.08015873015873017,early,attn_out,0.004207610647426918,0.048346981505508424,0.08702943837243537
d12-s9,12,9,202,0.08015873015873017,early,attn_q,0.00258229883183958,0.048346981505508424,0.05341179017650492
d12-s9,12,9,202,0.08015873015873017,early,attn_v,0.002136595328920521,0.048346981505508424,0.04419294157334491
d12-s9,12,9,202,0.08015873015873017,early,backout_scalar,0.002401074394583702,0.048346981505508424,0.04966337752254782
d12-s9,12,9,202,0.08015873015873017,early,mlp_in,0.001612136278708931,0.048346981505508424,0.033345127834407864
d12-s9,12,9,202,0.08015873015873017,early,mlp_out,0.017917200573720038,0.048346981505508424,0.37059605410274965
d12-s9,12,9,202,0.08015873015873017,early,resid_scalar,0.01124343678270634,0.048346981505508424,0.23255716143158423
d12-s9,12,9,202,0.08015873015873017,early,smear_gate,3.5939533518103417e-06,0.048346981505508424,7.433666466645625e-05
d12-s9,12,9,202,0.08015873015873017,early,smear_scalar,7.901043136371298e-05,0.048346981505508424,0.0016342371106396977
d12-s9,12,9,202,0.08015873015873017,early,token_embedding,8.550892971470603e-07,0.048346981505508424,1.7686508454506834e-05
d12-s9,12,9,202,0.08015873015873017,early,unembedding,0.0037530488334596157,0.048346981505508424,0.07762736610623791
d12-s9,12,9,202,0.08015873015873017,early,value_embedding,2.1928979343499577e-07,0.048346981505508424,4.535749422329726e-06
d12-s9,12,9,202,0.08015873015873017,early,ve_gate,3.7907679484305845e-05,0.048346981505508424,0.0007840754128566811
d12-s9,12,9,202,0.08015873015873017,early,x0_scalar,0.00021093455347909185,0.048346981505508424,0.004362931188476761
d12-s9,12,9,303,0.12023809523809524,early,attn_k,0.0016483571635035332,0.039920126455344374,0.041291381312316876
d12-s9,12,9,303,0.12023809523809524,early,attn_out,0.0063291418919106945,0.039920126455344374,0.1585451363484689
d12-s9,12,9,303,0.12023809523809524,early,attn_q,0.0020735451907967217,0.039920126455344374,0.051942350260744785
d12-s9,12,9,303,0.12023809523809524,early,attn_v,0.004544870171230286,0.039920126455344374,0.11384909254519243
d12-s9,12,9,303,0.12023809523809524,early,backout_scalar,0.0015347361331805587,0.039920126455344374,0.038445172133844616
d12-s9,12,9,303,0.12023809523809524,early,mlp_in,0.0030767390999244526,0.039920126455344374,0.07707237859995679
d12-s9,12,9,303,0.12023809523809524,early,mlp_out,0.010511897562537342,0.039920126455344374,0.2633232531038249
d12-s9,12,9,303,0.12023809523809524,early,resid_scalar,0.006176982140971177,0.039920126455344374,0.1547335314150595
d12-s9,12,9,303,0.12023809523809524,early,smear_gate,5.436830178950914e-06,0.039920126455344374,0.00013619270933504395
d12-s9,12,9,303,0.12023809523809524,early,smear_scalar,6.783856224501507e-05,0.039920126455344374,0.0016993573986019543
d12-s9,12,9,303,0.12023809523809524,early,token_embedding,4.737155450129648e-07,0.039920126455344374,1.1866584279057195e-05
d12-s9,12,9,303,0.12023809523809524,early,unembedding,0.0037312079221010204,0.039920126455344374,0.09346683624048237
d12-s9,12,9,303,0.12023809523809524,early,value_embedding,1.8585052963260296e-07,0.039920126455344374,4.655559642089308e-06
d12-s9,12,9,303,0.12023809523809524,early,ve_gate,0.00011759870017158391,0.039920126455344374,0.002945849891110257
d12-s9,12,9,303,0.12023809523809524,early,x0_scalar,0.00010111552051839112,0.039920126455344374,0.002532945897140416
d12-s9,12,9,404,0.16031746031746033,early,attn_k,0.0014045642765267983,0.0434431504500008,0.03233108699479166
d12-s9,12,9,404,0.16031746031746033,early,attn_out,0.007572414047899656,0.0434431504500008,0.17430628233591922
d12-s9,12,9,404,0.16031746031746033,early,attn_q,0.0032143407024705084,0.0434431504500008,0.07398958568094477
d12-s9,12,9,404,0.16031746031746033,early,attn_v,0.0061422767175827175,0.0434431504500008,0.14138653974121723
d12-s9,12,9,404,0.16031746031746033,early,backout_scalar,0.002691066125407815,0.0434431504500008,0.06194454355940397
d12-s9,12,9,404,0.16031746031746033,early,mlp_in,0.002990437744301744,0.0434431504500008,0.06883565564020205
d12-s9,12,9,404,0.16031746031746033,early,mlp_out,0.00598099222406745,0.0434431504500008,0.1376739983660034
d12-s9,12,9,404,0.16031746031746033,early,resid_scalar,0.009086186892091064,0.0434431504500008,0.2091511964020302
d12-s9,12,9,404,0.16031746031746033,early,smear_gate,1.8907119283539942e-06,0.0434431504500008,4.352151970493105e-05
d12-s9,12,9,404,0.16031746031746033,early,smear_scalar,7.434876170009373e-05,0.0434431504500008,0.0017114035453221225
d12-s9,12,9,404,0.16031746031746033,early,token_embedding,2.885956575937598e-07,0.0434431504500008,6.643064662769053e-06
d12-s9,12,9,404,0.16031746031746033,early,unembedding,0.00392586225643754,0.0434431504500008,0.09036780748569002
d12-s9,12,9,404,0.16031746031746033,early,value_embedding,1.5443953138571942e-07,0.0434431504500008,3.5549800091838545e-06
d12-s9,12,9,404,0.16031746031746033,early,ve_gate,0.0002545739030210825,0.0434431504500008,0.005859931896837786
d12-s9,12,9,404,0.16031746031746033,early,x0_scalar,0.00010375305137699797,0.0434431504500008,0.0023882487872606867
d12-s9,12,9,505,0.2003968253968254,early,attn_k,0.0008125582962748013,0.044325958313536695,0.018331432126683526
d12-s9,12,9,505,0.2003968253968254,early,attn_out,0.012755490766721778,0.044325958313536695,0.28776570777097854
d12-s9,12,9,505,0.2003968253968254,early,attn_q,0.0016831645425554598,0.044325958313536695,0.037972434361141345
d12-s9,12,9,505,0.2003968253968254,early,attn_v,0.006533593077620026,0.044325958313536695,0.1473988003012838
d12-s9,12,9,505,0.2003968253968254,early,backout_scalar,0.0008972736541181804,0.044325958313536695,0.020242622793880175
d12-s9,12,9,505,0.2003968253968254,early,mlp_in,0.0032888331843423657,0.044325958313536695,0.07419655004589014
d12-s9,12,9,505,0.2003968253968254,early,mlp_out,0.005603800498647615,0.044325958313536695,0.12642254588179477
d12-s9,12,9,505,0.2003968253968254,early,resid_scalar,0.0036899572994570917,0.044325958313536695,0.08324596782220535
d12-s9,12,9,505,0.2003968253968254,early,smear_gate,6.011757704982302e-07,0.044325958313536695,1.3562611917961338e-05
d12-s9,12,9,505,0.2003968253968254,early,smear_scalar,9.020740435516926e-06,0.044325958313536695,0.0002035092027048648
d12-s9,12,9,505,0.2003968253968254,early,token_embedding,2.600856987555744e-07,0.044325958313536695,5.867570801648002e-06
d12-s9,12,9,505,0.2003968253968254,early,unembedding,0.008964485488831999,0.044325958313536695,0.20224008301010238
d12-s9,12,9,505,0.2003968253968254,early,value_embedding,1.4854834873290201e-07,0.044325958313536695,3.351272130027178e-06
d12-s9,12,9,505,0.2003968253968254,early,ve_gate,8.314221418004308e-05,0.044325958313536695,0.0018757003197075223
d12-s9,12,9,505,0.2003968253968254,early,x0_scalar,3.6287405338342182e-06,0.044325958313536695,8.186490877797983e-05
d12-s9,12,9,606,0.24047619047619048,early,attn_k,0.0010392743906777469,0.09267054077637837,0.011214722413087038
d12-s9,12,9,606,0.24047619047619048,early,attn_out,0.012823683107853869,0.09267054077637837,0.13837928429487067
d12-s9,12,9,606,0.24047619047619048,early,attn_q,0.001700360552604252,0.09267054077637837,0.01834844750401707
d12-s9,12,9,606,0.24047619047619048,early,attn_v,0.006325354188447818,0.09267054077637837,0.06825636427126737
d12-s9,12,9,606,0.24047619047619048,early,backout_scalar,0.011848023161292076,0.09267054077637837,0.12785101999007786
d12-s9,12,9,606,0.24047619047619048,early,mlp_in,0.004001735447673127,0.09267054077637837,0.04318239015492144
d12-s9,12,9,606,0.24047619047619048,early,mlp_out,0.005781552303233184,0.09267054077637837,0.06238824393163459
d12-s9,12,9,606,0.24047619047619048,early,resid_scalar,0.042532096145126985,0.09267054077637837,0.4589602670794857
d12-s9,12,9,606,0.24047619047619048,early,smear_gate,1.7388038031640463e-06,0.09267054077637837,1.8763285382783323e-05
d12-s9,12,9,606,0.24047619047619048,early,smear_scalar,7.917988114058973e-05,0.09267054077637837,0.0008544234281707418
d12-s9,12,9,606,0.24047619047619048,early,token_embedding,1.9208465573683497e-07,0.09267054077637837,2.0727693410179943e-06
d12-s9,12,9,606,0.24047619047619048,early,unembedding,0.006208080798387528,0.09267054077637837,0.06699087699691035
d12-s9,12,9,606,0.24047619047619048,early,value_embedding,1.3552717703646522e-07,0.09267054077637837,1.46246235212443e-06
d12-s9,12,9,606,0.24047619047619048,early,ve_gate,0.00011268567391198304,0.09267054077637837,0.0012159816158179419
d12-s9,12,9,606,0.24047619047619048,early,x0_scalar,0.00021644871039327995,0.09267054077637837,0.002335679802663378
d12-s9,12,9,707,0.28055555555555556,middle,attn_k,0.0008842609313433059,0.05884717661927308,0.015026395183990883
d12-s9,12,9,707,0.28055555555555556,middle,attn_out,0.009971107414457947,0.05884717661927308,0.16944071045189793
d12-s9,12,9,707,0.28055555555555556,middle,attn_q,0.001816670971493295,0.05884717661927308,0.030870996296843846
d12-s9,12,9,707,0.28055555555555556,middle,attn_v,0.0056769996881484985,0.05884717661927308,0.09647021342888387
d12-s9,12,9,707,0.28055555555555556,middle,backout_scalar,0.0050049000419676295,0.05884717661927308,0.08504911075595208
d12-s9,12,9,707,0.28055555555555556,middle,mlp_in,0.004598343497491442,0.05884717661927308,0.07814042680826654
d12-s9,12,9,707,0.28055555555555556,middle,mlp_out,0.0070483985618921,0.05884717661927308,0.11977462584982665
d12-s9,12,9,707,0.28055555555555556,middle,resid_scalar,0.019800066733296262,0.05884717661927308,0.33646587433408875
d12-s9,12,9,707,0.28055555555555556,middle,smear_gate,4.889758429271751e-07,0.05884717661927308,8.30924899066492e-06
d12-s9,12,9,707,0.28055555555555556,middle,smear_scalar,2.895232682931237e-05,0.05884717661927308,0.0004919917741615181
d12-s9,12,9,707,0.28055555555555556,middle,token_embedding,1.5403209374653668e-07,0.05884717661927308,2.6174933547464285e-06
d12-s9,12,9,707,0.28055555555555556,middle,unembedding,0.0037660431116819386,0.05884717661927308,0.06399700594044336
d12-s9,12,9,707,0.28055555555555556,middle,value_embedding,1.4654185687135168e-07,0.05884717661927308,2.4902104958992656e-06
d12-s9,12,9,707,0.28055555555555556,middle,ve_gate,0.00019849796899507055,0.05884717661927308,0.0033731094743814838
d12-s9,12,9,707,0.28055555555555556,middle,x0_scalar,5.214582188273198e-05,0.05884717661927308,0.0008861227484217767
d12-s9,12,9,808,0.32063492063492066,middle,attn_k,0.0009300901983806398,0.052323308160153736,0.017775829378635127
d12-s9,12,9,808,0.32063492063492066,middle,attn_out,0.012467243599530775,0.052323308160153736,0.23827322923410016
d12-s9,12,9,808,0.32063492063492066,middle,attn_q,0.002137746314474498,0.052323308160153736,0.040856482314367046
d12-s9,12,9,808,0.32063492063492066,middle,attn_v,0.008170000353857176,0.052323308160153736,0.15614456809286675
d12-s9,12,9,808,0.32063492063492066,middle,backout_scalar,0.0007702100556343794,0.052323308160153736,0.014720209457645201
d12-s9,12,9,808,0.32063492063492066,middle,mlp_in,0.004472139626159333,0.052323308160153736,0.08547127051811765
d12-s9,12,9,808,0.32063492063492066,middle,mlp_out,0.013047150991042145,0.052323308160153736,0.2493563853246203
d12-s9,12,9,808,0.32063492063492066,middle,resid_scalar,0.006003028053385151,0.052323308160153736,0.11472952044642876
d12-s9,12,9,808,0.32063492063492066,middle,smear_gate,8.707480674274848e-07,0.052323308160153736,1.664168604863929e-05
d12-s9,12,9,808,0.32063492063492066,middle,smear_scalar,3.483681575744413e-05,0.052323308160153736,0.0006657991817110245
d12-s9,12,9,808,0.32063492063492066,middle,token_embedding,1.4206814569206472e-07,0.052323308160153736,2.715198076872655e-06
d12-s9,12,9,808,0.32063492063492066,middle,unembedding,0.0041870269924402246,0.052323308160153736,0.0800222145668689
d12-s9,12,9,808,0.32063492063492066,middle,value_embedding,1.4620094290762609e-07,0.052323308160153736,2.7941838551210697e-06
d12-s9,12,9,808,0.32063492063492066,middle,ve_gate,0.00010047980799754441,0.052323308160153736,0.0019203642034634147
d12-s9,12,9,808,0.32063492063492066,middle,x0_scalar,2.1963343384001632e-06,0.052323308160153736,4.197621319503568e-05
d12-s9,12,9,909,0.3607142857142857,middle,attn_k,0.0005784895147371572,0.07536835267100406,0.007675496335476036
d12-s9,12,9,909,0.3607142857142857,middle,attn_out,0.012024095165543258,0.07536835267100406,0.15953772026875154
d12-s9,12,9,909,0.3607142857142857,middle,attn_q,0.001159397578703647,0.07536835267100406,0.01538308238956235
d12-s9,12,9,909,0.3607142857142857,middle,attn_v,0.006972640927415341,0.07536835267100406,0.09251417445531986
d12-s9,12,9,909,0.3607142857142857,middle,backout_scalar,0.003328612539917231,0.07536835267100406,0.0441645919268954
d12-s9,12,9,909,0.3607142857142857,middle,mlp_in,0.004920821666019037,0.07536835267100406,0.06529029083996672
d12-s9,12,9,909,0.3607142857142857,middle,mlp_out,0.02596972661558539,0.07536835267100406,0.34457070766755055
d12-s9,12,9,909,0.3607142857142857,middle,resid_scalar,0.014800495408849201,0.07536835267100406,0.19637546641699777
d12-s9,12,9,909,0.3607142857142857,middle,smear_gate,4.254587224750139e-07,0.07536835267100406,5.645058003751456e-06
d12-s9,12,9,909,0.3607142857142857,middle,smear_scalar,3.8274538383120676e-07,0.07536835267100406,5.078330231018274e-06
d12-s9,12,9,909,0.3607142857142857,middle,token_embedding,1.101047502061192e-07,0.07536835267100406,1.4608883742854982e-06
d12-s9,12,9,909,0.3607142857142857,middle,unembedding,0.005563195329159498,0.07536835267100406,0.07381341281855809
d12-s9,12,9,909,0.3607142857142857,middle,value_embedding,1.3625326067412402e-07,0.07536835267100406,1.807831216225372e-06
d12-s9,12,9,909,0.3607142857142857,middle,ve_gate,3.5268067449578666e-05,0.07536835267100406,0.0004679426602771843
d12-s9,12,9,909,0.3607142857142857,middle,x0_scalar,1.4555295507534538e-05,0.07536835267100406,0.00019312211281930134
d12-s9,12,9,1010,0.4007936507936508,middle,attn_k,0.0005888017713004956,0.05374119480664996,0.010956246384526549
d12-s9,12,9,1010,0.4007936507936508,middle,attn_out,0.008516816917108372,0.05374119480664996,0.1584783692984529
d12-s9,12,9,1010,0.4007936507936508,middle,attn_q,0.0010740298994278419,0.05374119480664996,0.019985225547961595
d12-s9,12,9,1010,0.4007936507936508,middle,attn_v,0.005584955957601778,0.05374119480664996,0.10392318179183269
d12-s9,12,9,1010,0.4007936507936508,middle,backout_scalar,0.0005003552651032805,0.05374119480664996,0.009310460381527772
d12-s9,12,9,1010,0.4007936507936508,middle,mlp_in,0.0038197215835680254,0.05374119480664996,0.07107623113536306
d12-s9,12,9,1010,0.4007936507936508,middle,mlp_out,0.028774210899428,0.05374119480664996,0.5354218677673959
d12-s9,12,9,1010,0.4007936507936508,middle,resid_scalar,0.00042089563601166446,0.05374119480664996,0.007831899486529143
d12-s9,12,9,1010,0.4007936507936508,middle,smear_gate,4.1246801174565917e-07,0.05374119480664996,7.675080787273828e-06
d12-s9,12,9,1010,0.4007936507936508,middle,smear_scalar,4.54561086371541e-05,0.05374119480664996,0.000845833606801934
d12-s9,12,9,1010,0.4007936507936508,middle,token_embedding,9.16534617090292e-08,0.05374119480664996,1.7054600672497137e-06
d12-s9,12,9,1010,0.4007936507936508,middle,unembedding,0.00433857273310423,0.05374119480664996,0.0807308573751206
d12-s9,12,9,1010,0.4007936507936508,middle,value_embedding,1.0816554629755615e-07,0.05374119480664996,2.012711974244601e-06
d12-s9,12,9,1010,0.4007936507936508,middle,ve_gate,5.3481595386983834e-05,0.05374119480664996,0.0009951694520265112
d12-s9,12,9,1010,0.4007936507936508,middle,x0_scalar,2.3284152952385284e-05,0.05374119480664996,0.0004332645196326021
d12-s9,12,9,1111,0.44087301587301586,middle,attn_k,0.0005997302801006299,0.07007765877310668,0.008558081000428415
d12-s9,12,9,1111,0.44087301587301586,middle,attn_out,0.009204949674312957,0.07007765877310668,0.13135355597589526
d12-s9,12,9,1111,0.44087301587301586,middle,attn_q,0.0012514479531091638,0.07007765877310668,0.01785801602135466
d12-s9,12,9,1111,0.44087301587301586,middle,attn_v,0.0065285879172733985,0.07007765877310668,0.09316218651669395
d12-s9,12,9,1111,0.44087301587301586,middle,backout_scalar,4.685597741627134e-05,0.07007765877310668,0.0006686293211932046
d12-s9,12,9,1111,0.44087301587301586,middle,mlp_in,0.00385810577427037,0.07007765877310668,0.05505471846258332
d12-s9,12,9,1111,0.44087301587301586,middle,mlp_out,0.042212247506540734,0.07007765877310668,0.6023638381415262
d12-s9,12,9,1111,0.44087301587301586,middle,resid_scalar,0.0022597063300509035,0.07007765877310668,0.03224574521485154
d12-s9,12,9,1111,0.44087301587301586,middle,smear_gate,1.2516623826286377e-07,0.07007765877310668,1.786107590553498e-06
d12-s9,12,9,1111,0.44087301587301586,middle,smear_scalar,2.708621195779415e-06,0.07007765877310668,3.865170787952876e-05
d12-s9,12,9,1111,0.44087301587301586,middle,token_embedding,7.745781971379985e-08,0.07007765877310668,1.1053140340288511e-06
d12-s9,12,9,1111,0.44087301587301586,middle,unembedding,0.004065663553774356,0.07007765877310668,0.058016543716706094
d12-s9,12,9,1111,0.44087301587301586,middle,value_embedding,1.1304955016555596e-07,0.07007765877310668,1.613203867606096e-06
d12-s9,12,9,1111,0.44087301587301586,middle,ve_gate,2.845790547212346e-05,0.07007765877310668,0.00040609098492092597
d12-s9,12,9,1111,0.44087301587301586,middle,x0_scalar,1.8881605981846405e-05,0.07007765877310668,0.0002694383104746715
d12-s9,12,9,1212,0.48095238095238096,middle,attn_k,0.0005363060245144879,0.07586274260594017,0.007069425729837697
d12-s9,12,9,1212,0.48095238095238096,middle,attn_out,0.006383375970472116,0.07586274260594017,0.08414375424877255
d12-s9,12,9,1212,0.48095238095238096,middle,attn_q,0.0009213943735630892,0.07586274260594017,0.012145545255978428
d12-s9,12,9,1212,0.48095238095238096,middle,attn_v,0.005226240849879105,0.07586274260594017,0.06889074492107647
d12-s9,12,9,1212,0.48095238095238096,middle,backout_scalar,0.0029436035547405486,0.07586274260594017,0.03880170230637114
d12-s9,12,9,1212,0.48095238095238096,middle,mlp_in,0.0041246615364798345,0.07586274260594017,0.05437005563989282
d12-s9,12,9,1212,0.48095238095238096,middle,mlp_out,0.04000283143250272,0.07586274260594017,0.5273053683320228
d12-s9,12,9,1212,0.48095238095238096,middle,resid_scalar,0.0128573269644221,0.07586274260594017,0.16948144138695231
d12-s9,12,9,1212,0.48095238095238096,middle,smear_gate,1.1335581717730746e-07,0.07586274260594017,1.4942225034773725e-06
d12-s9,12,9,1212,0.48095238095238096,middle,smear_scalar,2.4281730475195218e-06,0.07586274260594017,3.200745140644826e-05
d12-s9,12,9,1212,0.48095238095238096,middle,token_embedding,6.125186047256646e-08,0.07586274260594017,8.074037184594266e-07
d12-s9,12,9,1212,0.48095238095238096,middle,unembedding,0.002758776769042015,0.07586274260594017,0.036365370856312786
d12-s9,12,9,1212,0.48095238095238096,middle,value_embedding,1.0382004766995578e-07,0.07586274260594017,1.3685248397785517e-06
d12-s9,12,9,1212,0.48095238095238096,middle,ve_gate,5.050558706898301e-05,0.07586274260594017,0.0006657495541827188
d12-s9,12,9,1212,0.48095238095238096,middle,x0_scalar,5.501294248233535e-05,0.07586274260594017,0.0007251641661321608
d12-s9,12,9,1313,0.5210317460317461,middle,attn_k,0.0005702277508135012,0.07685406474893065,0.0074196173315795285
d12-s9,12,9,1313,0.5210317460317461,middle,attn_out,0.007388377511233557,0.07685406474893065,0.09613515609577904
d12-s9,12,9,1313,0.5210317460317461,middle,attn_q,0.0009896117949210748,0.07685406474893065,0.012876505597380836
d12-s9,12,9,1313,0.5210317460317461,middle,attn_v,0.005399297861004015,0.07685406474893065,0.07025390106096036
d12-s9,12,9,1313,0.5210317460317461,middle,backout_scalar,0.001698062056675553,0.07685406474893065,0.022094629115881344
d12-s9,12,9,1313,0.5210317460317461,middle,mlp_in,0.0036785885313292965,0.07685406474893065,0.04786459302245924
d12-s9,12,9,1313,0.5210317460317461,middle,mlp_out,0.052141005391604274,0.07685406474893065,0.678441739704207
d12-s9,12,9,1313,0.5210317460317461,middle,resid_scalar,0.0017831039218307865,0.07685406474893065,0.023201166101700515
d12-s9,12,9,1313,0.5210317460317461,middle,smear_gate,2.2434915081248616e-07,0.07685406474893065,2.9191579072024e-06
d12-s9,12,9,1313,0.5210317460317461,middle,smear_scalar,4.753042958327569e-06,0.07685406474893065,6.184504324989138e-05
d12-s9,12,9,1313,0.5210317460317461,middle,token_embedding,5.4345335342986794e-08,0.07685406474893065,7.071237613849559e-07
d12-s9,12,9,1313,0.5210317460317461,middle,unembedding,0.0031183352693915367,0.07685406474893065,0.04057476048376381
d12-s9,12,9,1313,0.5210317460317461,middle,value_embedding,1.1719684245292684e-07,0.07685406474893065,1.5249270527953113e-06
d12-s9,12,9,1313,0.5210317460317461,middle,ve_gate,5.41229752855088e-05,0.07685406474893065,0.0007042304849108435
d12-s9,12,9,1313,0.5210317460317461,middle,x0_scalar,2.8182750554606173e-05,0.07685406474893065,0.00036670474940622195
d12-s9,12,9,1414,0.5611111111111111,middle,attn_k,0.0009406171375303529,0.10353203452280725,0.00908527628058099
d12-s9,12,9,1414,0.5611111111111111,middle,attn_out,0.0073403001988481265,0.10353203452280725,0.07089883080807341
d12-s9,12,9,1414,0.5611111111111111,middle,attn_q,0.0017798133217183931,0.10353203452280725,0.017190943169636205
d12-s9,12,9,1414,0.5611111111111111,middle,attn_v,0.006536123917612713,0.10353203452280725,0.06313141577617562
d12-s9,12,9,1414,0.5611111111111111,middle,backout_scalar,0.0038422718644142155,0.10353203452280725,0.037111913062693604
d12-s9,12,9,1414,0.5611111111111111,middle,mlp_in,0.005021439821575768,0.10353203452280725,0.04850131502505716
d12-s9,12,9,1414,0.5611111111111111,middle,mlp_out,0.06045105036173482,0.10353203452280725,0.5838873991065824
d12-s9,12,9,1414,0.5611111111111111,middle,resid_scalar,0.012843010464166582,0.10353203452280725,0.12404866303808
d12-s9,12,9,1414,0.5611111111111111,middle,smear_gate,1.0224812285741791e-07,0.10353203452280725,9.875988946676548e-07
d12-s9,12,9,1414,0.5611111111111111,middle,smear_scalar,9.991388651542366e-06,0.10353203452280725,9.6505286480595e-05
d12-s9,12,9,1414,0.5611111111111111,middle,token_embedding,5.3315702075451554e-08,0.10353203452280725,5.149681673038748e-07
d12-s9,12,9,1414,0.5611111111111111,middle,unembedding,0.004640742205083371,0.10353203452280725,0.04482421529213795
d12-s9,12,9,1414,0.5611111111111111,middle,value_embedding,1.1772831243206383e-07,0.10353203452280725,1.1371196651808214e-06
d12-s9,12,9,1414,0.5611111111111111,middle,ve_gate,6.098829294387542e-05,0.10353203452280725,0.0005890765425887598
d12-s9,12,9,1414,0.5611111111111111,middle,x0_scalar,6.541225639011827e-05,0.10353203452280725,0.0006318069251861219
d12-s9,12,9,1515,0.6011904761904762,middle,attn_k,0.0005884914753551129,0.09600271813004337,0.006129945972550008
d12-s9,12,9,1515,0.6011904761904762,middle,attn_out,0.006781734973628772,0.09600271813004337,0.07064107252090894
d12-s9,12,9,1515,0.6011904761904762,middle,attn_q,0.0010592170365271159,0.09600271813004337,0.011033198404781848
d12-s9,12,9,1515,0.6011904761904762,middle,attn_v,0.005646784382406622,0.09600271813004337,0.05881900525730533
d12-s9,12,9,1515,0.6011904761904762,middle,backout_scalar,0.0015262785600498317,0.09600271813004337,0.015898284858792907
d12-s9,12,9,1515,0.6011904761904762,middle,mlp_in,0.004591007862472907,0.09600271813004337,0.04782164455233465
d12-s9,12,9,1515,0.6011904761904762,middle,mlp_out,0.063837869791314,0.09600271813004337,0.664958982774222
d12-s9,12,9,1515,0.6011904761904762,middle,resid_scalar,0.009222230901494655,0.09600271813004337,0.0960621853331528
d12-s9,12,9,1515,0.6011904761904762,middle,smear_gate,2.82384945649028e-07,0.09600271813004337,2.9414265673865086e-06
d12-s9,12,9,1515,0.6011904761904762,middle,smear_scalar,4.768062638049741e-07,0.09600271813004337,4.966591291291377e-06
d12-s9,12,9,1515,0.6011904761904762,middle,token_embedding,4.5800661041539576e-08,0.09600271813004337,4.770767113020583e-07
d12-s9,12,9,1515,0.6011904761904762,middle,unembedding,0.002614557975903153,0.09600271813004337,0.027234207810257257
d12-s9,12,9,1515,0.6011904761904762,middle,value_embedding,1.0167566921737148e-07,0.09600271813004337,1.059091567382953e-06
d12-s9,12,9,1515,0.6011904761904762,middle,ve_gate,2.9479463705683884e-05,0.09600271813004337,0.0003070690526256933
d12-s9,12,9,1515,0.6011904761904762,middle,x0_scalar,0.00010415903964577922,0.09600271813004337,0.0010849592769309664
d12-s9,12,9,1616,0.6412698412698413,middle,attn_k,0.000435131871199701,0.07081921264687496,0.006144263045812075
d12-s9,12,9,1616,0.6412698412698413,middle,attn_out,0.00487546568911057,0.07081921264687496,0.06884382792309551
d12-s9,12,9,1616,0.6412698412698413,middle,attn_q,0.000770883571021841,0.07081921264687496,0.010885232159607437
d12-s9,12,9,1616,0.6412698412698413,middle,attn_v,0.004316937072871951,0.07081921264687496,0.060957145829867464
d12-s9,12,9,1616,0.6412698412698413,middle,backout_scalar,0.0007999464287422597,0.07081921264687496,0.011295613137229068
d12-s9,12,9,1616,0.6412698412698413,middle,mlp_in,0.004150004097027704,0.07081921264687496,0.05859997509038716
d12-s9,12,9,1616,0.6412698412698413,middle,mlp_out,0.047509149284451276,0.07081921264687496,0.670851136418949
d12-s9,12,9,1616,0.6412698412698413,middle,resid_scalar,0.006098038174116027,0.07081921264687496,0.08610711622173217
d12-s9,12,9,1616,0.6412698412698413,middle,smear_gate,1.6598471574980067e-07,0.07081921264687496,2.343780868864617e-06
d12-s9,12,9,1616,0.6412698412698413,middle,smear_scalar,3.5737409689318156e-06,0.07081921264687496,5.0462873496652944e-05
d12-s9,12,9,1616,0.6412698412698413,middle,token_embedding,3.7681033404624025e-08,0.07081921264687496,5.320735997519844e-07
d12-s9,12,9,1616,0.6412698412698413,middle,unembedding,0.0018280455842614174,0.07081921264687496,0.025812848179724623
d12-s9,12,9,1616,0.6412698412698413,middle,value_embedding,9.313697146851041e-08,0.07081921264687496,1.3151370650351373e-06
d12-s9,12,9,1616,0.6412698412698413,middle,ve_gate,2.3041072836349485e-05,0.07081921264687496,0.0003253505930832488
d12-s9,12,9,1616,0.6412698412698413,middle,x0_scalar,8.699257546318506e-06,0.07081921264687496,0.00012283753548200988
d12-s9,12,9,1717,0.6813492063492064,middle,attn_k,0.0003385742538739578,0.05156136441658088,0.006566433175400621
d12-s9,12,9,1717,0.6813492063492064,middle,attn_out,0.0039028903120197356,0.05156136441658088,0.07569408521634585
d12-s9,12,9,1717,0.6813492063492064,middle,attn_q,0.00048141895058506634,0.05156136441658088,0.009336815579501107
d12-s9,12,9,1717,0.6813492063492064,middle,attn_v,0.0037403083661047276,0.05156136441658088,0.07254091136699896
d12-s9,12,9,1717,0.6813492063492064,middle,backout_scalar,0.00011015807831427082,0.05156136441658088,0.002136446146464787
d12-s9,12,9,1717,0.6813492063492064,middle,mlp_in,0.002586327522294596,0.05156136441658088,0.0501601839198595
d12-s9,12,9,1717,0.6813492063492064,middle,mlp_out,0.036858346458757296,0.05156136441658088,0.714844280709231
d12-s9,12,9,1717,0.6813492063492064,middle,resid_scalar,0.0017876569173154166,0.05156136441658088,0.03467047347452562
d12-s9,12,9,1717,0.6813492063492064,middle,smear_gate,8.297602960283256e-08,0.05156136441658088,1.6092675308675402e-06
d12-s9,12,9,1717,0.6813492063492064,middle,smear_scalar,8.585080024658963e-08,0.05156136441658088,1.6650218864065224e-06
d12-s9,12,9,1717,0.6813492063492064,middle,token_embedding,3.642660573177636e-08,0.05156136441658088,7.06470942806596e-07
d12-s9,12,9,1717,0.6813492063492064,middle,unembedding,0.0017199197318404913,0.05156136441658088,0.03335675367208489
d12-s9,12,9,1717,0.6813492063492064,middle,value_embedding,9.150407276337091e-08,0.05156136441658088,1.7746635256600276e-06
d12-s9,12,9,1717,0.6813492063492064,middle,ve_gate,1.5548408498489152e-05,0.05156136441658088,0.00030155153329280716
d12-s9,12,9,1717,0.6813492063492064,middle,x0_scalar,1.9918659468487476e-05,0.05156136441658088,0.00038630978240913503
d12-s9,12,9,1818,0.7214285714285714,middle,attn_k,0.00026558713216218166,0.044473307978056376,0.005971832189618665
d12-s9,12,9,1818,0.7214285714285714,middle,attn_out,0.0033932116748474073,0.044473307978056376,0.07629771269817967
d12-s9,12,9,1818,0.7214285714285714,middle,attn_q,0.00035528966145648155,0.044473307978056376,0.007988829201366928
d12-s9,12,9,1818,0.7214285714285714,middle,attn_v,0.003659722469819826,0.044473307978056376,0.08229031381307579
d12-s9,12,9,1818,0.7214285714285714,middle,backout_scalar,0.00038698138087056577,0.044473307978056376,0.008701430104131375
d12-s9,12,9,1818,0.7214285714285714,middle,mlp_in,0.0025411817332496867,0.044473307978056376,0.05713948093322705
d12-s9,12,9,1818,0.7214285714285714,middle,mlp_out,0.03173182606406044,0.044473307978056376,0.7135027167243165
d12-s9,12,9,1818,0.7214285714285714,middle,resid_scalar,0.0005658326122102153,0.044473307978056376,0.012722971101888877
d12-s9,12,9,1818,0.7214285714285714,middle,smear_gate,6.765663584928916e-08,0.044473307978056376,1.5212863383733833e-06
d12-s9,12,9,1818,0.7214285714285714,middle,smear_scalar,5.037456048739842e-06,0.044473307978056376,0.00011326920073553734
d12-s9,12,9,1818,0.7214285714285714,middle,token_embedding,3.174157114926856e-08,0.044473307978056376,7.137218388371335e-07
d12-s9,12,9,1818,0.7214285714285714,middle,unembedding,0.0015073069371283054,0.044473307978056376,0.0338923953637995
d12-s9,12,9,1818,0.7214285714285714,middle,value_embedding,8.250960537026231e-08,0.044473307978056376,1.855261259427193e-06
d12-s9,12,9,1818,0.7214285714285714,middle,ve_gate,8.275751696373845e-06,0.044473307978056376,0.00018608356501066198
d12-s9,12,9,1818,0.7214285714285714,middle,x0_scalar,5.287319669378121e-05,0.044473307978056376,0.00118887483521283
d12-s9,12,9,1919,0.7615079365079365,late,attn_k,0.0002693271203497716,0.03718578845895415,0.007242743303589115
d12-s9,12,9,1919,0.7615079365079365,late,attn_out,0.002874189303838648,0.03718578845895415,0.07729268150415021
d12-s9,12,9,1919,0.7615079365079365,late,attn_q,0.00042065347315656254,0.03718578845895415,0.011312210674808787
d12-s9,12,9,1919,0.7615079365079365,late,attn_v,0.003147156494378578,0.03718578845895415,0.08463331355344056
d12-s9,12,9,1919,0.7615079365079365,late,backout_scalar,0.0003439758729655295,0.03718578845895415,0.009250197110791713
d12-s9,12,9,1919,0.7615079365079365,late,mlp_in,0.002208101941505447,0.03718578845895415,0.05938026415502149
d12-s9,12,9,1919,0.7615079365079365,late,mlp_out,0.024612067820271477,0.03718578845895415,0.6618675800686167
d12-s9,12,9,1919,0.7615079365079365,late,resid_scalar,0.0016350351052096812,0.03718578845895415,0.043969354233659476
d12-s9,12,9,1919,0.7615079365079365,late,smear_gate,1.1534368127286143e-07,0.03718578845895415,3.101821584344738e-06
d12-s9,12,9,1919,0.7615079365079365,late,smear_scalar,6.412619313778123e-06,0.03718578845895415,0.00017244812008911423
d12-s9,12,9,1919,0.7615079365079365,late,token_embedding,2.8642183735883012e-08,0.03718578845895415,7.702454330771658e-07
d12-s9,12,9,1919,0.7615079365079365,late,unembedding,0.0016277527902275322,0.03718578845895415,0.04377351826287759
d12-s9,12,9,1919,0.7615079365079365,late,value_embedding,7.472829643972999e-08,0.03718578845895415,2.0095928992393274e-06
d12-s9,12,9,1919,0.7615079365079365,late,ve_gate,1.0091596266192937e-05,0.03718578845895415,0.00027138314620737676
d12-s9,12,9,1919,0.7615079365079365,late,x0_scalar,3.08056073095031e-05,0.03718578845895415,0.0008284242068312328
d12-s9,12,9,2020,0.8015873015873016,late,attn_k,0.00020266547426217585,0.023666723352643717,0.008563309387716187
d12-s9,12,9,2020,0.8015873015873016,late,attn_out,0.0019184881784894967,0.023666723352643717,0.08106268662134802
d12-s9,12,9,2020,0.8015873015873016,late,attn_q,0.00024206668604165316,0.023666723352643717,0.010228145334474992
d12-s9,12,9,2020,0.8015873015873016,late,attn_v,0.0023096882287063636,0.023666723352643717,0.0975922266167174
d12-s9,12,9,2020,0.8015873015873016,late,backout_scalar,0.00023998052347451448,0.023666723352643717,0.010139997831499863
d12-s9,12,9,2020,0.8015873015873016,late,mlp_in,0.0018804871215252206,0.023666723352643717,0.0794570120039519
d12-s9,12,9,2020,0.8015873015873016,late,mlp_out,0.015097072908247357,0.023666723352643717,0.6379029611871017
d12-s9,12,9,2020,0.8015873015873016,late,resid_scalar,0.0007307218051586517,0.023666723352643717,0.03087549527962119
d12-s9,12,9,2020,0.8015873015873016,late,smear_gate,6.28265865998401e-08,0.023666723352643717,2.65463814587675e-06
d12-s9,12,9,2020,0.8015873015873016,late,smear_scalar,6.128805102312285e-11,0.023666723352643717,2.5896297560885884e-09
d12-s9,12,9,2020,0.8015873015873016,late,token_embedding,2.4945705945356167e-08,0.023666723352643717,1.0540413885629665e-06
d12-s9,12,9,2020,0.8015873015873016,late,unembedding,0.001035391120240092,0.023666723352643717,0.043748815787143285
d12-s9,12,9,2020,0.8015873015873016,late,value_embedding,6.993966605861601e-08,0.023666723352643717,2.9551900791878454e-06
d12-s9,12,9,2020,0.8015873015873016,late,ve_gate,4.54389785886633e-06,0.023666723352643717,0.00019199522431392047
d12-s9,12,9,2020,0.8015873015873016,late,x0_scalar,5.4596353926683605e-06,0.023666723352643717,0.00023068826686810812
d12-s9,12,9,2121,0.8416666666666667,late,attn_k,0.0001851492402238364,0.022026657327196997,0.008405689409587667
d12-s9,12,9,2121,0.8416666666666667,late,attn_out,0.0017265842834603973,0.022026657327196997,0.07838612358710144
d12-s9,12,9,2121,0.8416666666666667,late,attn_q,0.00024036837021412794,0.022026657327196997,0.010912612233601949
d12-s9,12,9,2121,0.8416666666666667,late,attn_v,0.0018976541687152348,0.022026657327196997,0.08615261682816223
d12-s9,12,9,2121,0.8416666666666667,late,backout_scalar,1.407194940838963e-05,0.022026657327196997,0.0006388599595188943
d12-s9,12,9,2121,0.8416666666666667,late,mlp_in,0.0018560862299636938,0.022026657327196997,0.08426545173842272
d12-s9,12,9,2121,0.8416666666666667,late,mlp_out,0.015006777412054362,0.022026657327196997,0.6813007161792556
d12-s9,12,9,2121,0.8416666666666667,late,resid_scalar,0.00019286395465556438,0.022026657327196997,0.008755933857355165
d12-s9,12,9,2121,0.8416666666666667,late,smear_gate,4.067103986926668e-08,0.022026657327196997,1.8464462975527787e-06
d12-s9,12,9,2121,0.8416666666666667,late,smear_scalar,2.459121333231451e-07,0.022026657327196997,1.1164296500836274e-05
d12-s9,12,9,2121,0.8416666666666667,late,token_embedding,2.3345279487330117e-08,0.022026657327196997,1.059864832895229e-06
d12-s9,12,9,2121,0.8416666666666667,late,unembedding,0.000900501268915832,0.022026657327196997,0.040882338865096665
d12-s9,12,9,2121,0.8416666666666667,late,value_embedding,6.699726773362613e-08,0.022026657327196997,3.041644800589081e-06
d12-s9,12,9,2121,0.8416666666666667,late,ve_gate,4.684730669168857e-06,0.022026657327196997,0.00021268459392540125
d12-s9,12,9,2121,0.8416666666666667,late,x0_scalar,1.5387931959764958e-06,0.022026657327196997,6.986049554039687e-05
d12-s9,12,9,2222,0.8817460317460317,late,attn_k,0.00016919155859795865,0.011903181410122697,0.014213977991974049
d12-s9,12,9,2222,0.8817460317460317,late,attn_out,0.0010454781076987274,0.011903181410122697,0.0878318217354591
d12-s9,12,9,2222,0.8817460317460317,late,attn_q,0.00020922106250509387,0.011903181410122697,0.017576902787280736
d12-s9,12,9,2222,0.8817460317460317,late,attn_v,0.0012594063045980874,0.011903181410122697,0.10580417631265066
d12-s9,12,9,2222,0.8817460317460317,late,backout_scalar,2.303964538441505e-05,0.011903181410122697,0.0019355871838449583
d12-s9,12,9,2222,0.8817460317460317,late,mlp_in,0.0014343363072839566,0.011903181410122697,0.12050024761146369
d12-s9,12,9,2222,0.8817460317460317,late,mlp_out,0.00713592490137671,0.011903181410122697,0.5994972819038262
d12-s9,12,9,2222,0.8817460317460317,late,resid_scalar,8.150301559339823e-05,0.011903181410122697,0.006847162349730004
d12-s9,12,9,2222,0.8817460317460317,late,smear_gate,9.092006791888707e-08,0.011903181410122697,7.638299777702025e-06
d12-s9,12,9,2222,0.8817460317460317,late,smear_scalar,1.5385269307444103e-06,0.011903181410122697,0.00012925342206714728
d12-s9,12,9,2222,0.8817460317460317,late,token_embedding,1.9947322016378163e-08,0.011903181410122697,1.6757975308529343e-06
d12-s9,12,9,2222,0.8817460317460317,late,unembedding,0.0005358060589060187,0.011903181410122697,0.045013685034688194
d12-s9,12,9,2222,0.8817460317460317,late,value_embedding,6.118669926280518e-08,0.011903181410122697,5.140365180923044e-06
d12-s9,12,9,2222,0.8817460317460317,late,ve_gate,2.5664845253459134e-06,0.011903181410122697,0.00021561332528825656
d12-s9,12,9,2222,0.8817460317460317,late,x0_scalar,4.997382633042946e-06,0.011903181410122697,0.000419835879237552
d12-s9,12,9,2323,0.9218253968253968,late,attn_k,0.00015122761851671385,0.010734501764066096,0.01408799605613281
d12-s9,12,9,2323,0.9218253968253968,late,attn_out,0.0009253609023289755,0.010734501764066096,0.08620436445654468
d12-s9,12,9,2323,0.9218253968253968,late,attn_q,0.00017137575241577,0.010734501764066096,0.015964947063444795
d12-s9,12,9,2323,0.9218253968253968,late,attn_v,0.0010560862447164254,0.010734501764066096,0.0983824184790476
d12-s9,12,9,2323,0.9218253968253968,late,backout_scalar,6.550495891133325e-05,0.010734501764066096,0.006102282187945795
d12-s9,12,9,2323,0.9218253968253968,late,mlp_in,0.0013509900600183755,0.010734501764066096,0.12585493856275984
d12-s9,12,9,2323,0.9218253968253968,late,mlp_out,0.006207224912941456,0.010734501764066096,0.578249931796577
d12-s9,12,9,2323,0.9218253968253968,late,resid_scalar,0.00027377064276379315,0.010734501764066096,0.025503805279556098
d12-s9,12,9,2323,0.9218253968253968,late,smear_gate,3.4472503074312044e-08,0.010734501764066096,3.2113742986851294e-06
d12-s9,12,9,2323,0.9218253968253968,late,smear_scalar,5.404492071647837e-07,0.010734501764066096,5.0346929838322396e-05
d12-s9,12,9,2323,0.9218253968253968,late,token_embedding,1.8928222544900564e-08,0.010734501764066096,1.763307041251143e-06
d12-s9,12,9,2323,0.9218253968253968,late,unembedding,0.00052718841470778,0.010734501764066096,0.04911158675967161
d12-s9,12,9,2323,0.9218253968253968,late,value_embedding,6.509722538794449e-08,0.010734501764066096,6.064298727478756e-06
d12-s9,12,9,2323,0.9218253968253968,late,ve_gate,3.0997697848533785e-06,0.010734501764066096,0.0002887669919837271
d12-s9,12,9,2323,0.9218253968253968,late,x0_scalar,2.0135398024478945e-06,0.010734501764066096,0.00018757645643026013
d12-s9,12,9,2424,0.9619047619047619,late,attn_k,0.0001429030573945056,0.010668541277171428,0.01339480756383161
d12-s9,12,9,2424,0.9619047619047619,late,attn_out,0.0009179005955957109,0.010668541277171428,0.0860380601010409
d12-s9,12,9,2424,0.9619047619047619,late,attn_q,0.00016120069540193072,0.010668541277171428,0.015109909706856398
d12-s9,12,9,2424,0.9619047619047619,late,attn_v,0.0010524264089326607,0.010668541277171428,0.0986476390342741
d12-s9,12,9,2424,0.9619047619047619,late,backout_scalar,2.074201802315656e-05,0.010668541277171428,0.0019442225028027387
d12-s9,12,9,2424,0.9619047619047619,late,mlp_in,0.0013398092487477697,0.010668541277171428,0.12558504615946858
d12-s9,12,9,2424,0.9619047619047619,late,mlp_out,0.006426811924029608,0.010668541277171428,0.6024077478878689
d12-s9,12,9,2424,0.9619047619047619,late,resid_scalar,1.9369028699145474e-05,0.010668541277171428,0.001815527371168481
d12-s9,12,9,2424,0.9619047619047619,late,smear_gate,5.209491860114213e-08,0.010668541277171428,4.883040450208031e-06
d12-s9,12,9,2424,0.9619047619047619,late,smear_scalar,4.0294059999723686e-07,0.010668541277171428,3.77690435391997e-05
d12-s9,12,9,2424,0.9619047619047619,late,token_embedding,1.93328837383433e-08,0.010668541277171428,1.8121393765154995e-06
d12-s9,12,9,2424,0.9619047619047619,late,unembedding,0.0005801389925181867,0.010668541277171428,0.05437847381811884
d12-s9,12,9,2424,0.9619047619047619,late,value_embedding,6.34358467976881e-08,0.010668541277171428,5.946065647552799e-06
d12-s9,12,9,2424,0.9619047619047619,late,ve_gate,2.4128615478957727e-06,0.010668541277171428,0.0002261660226275564
d12-s9,12,9,2424,0.9619047619047619,late,x0_scalar,4.288642031724521e-06,0.010668541277171428,0.0004019895429285509
d14-s7,14,7,0,0.0,early,attn_k,0.0,0.11356286412111254,0.0
d14-s7,14,7,0,0.0,early,attn_out,2.7979269987099542e-05,0.11356286412111254,0.00024637693143473563
d14-s7,14,7,0,0.0,early,attn_q,0.0,0.11356286412111254,0.0
d14-s7,14,7,0,0.0,early,attn_v,0.0,0.11356286412111254,0.0
d14-s7,14,7,0,0.0,early,backout_scalar,1.3332192880070873e-13,0.11356286412111254,1.173992306662181e-12
d14-s7,14,7,0,0.0,early,mlp_in,0.0,0.11356286412111254,0.0
d14-s7,14,7,0,0.0,early,mlp_out,0.00013295389589984552,0.11356286412111254,0.0011707515210082483
d14-s7,14,7,0,0.0,early,resid_scalar,1.602771306516773e-11,0.11356286412111254,1.4113516059329477e-10
d14-s7,14,7,0,0.0,early,smear_gate,0.0,0.11356286412111254,0.0
d14-s7,14,7,0,0.0,early,smear_scalar,5.612044606806421e-09,0.11356286412111254,4.941795586294202e-08
d14-s7,14,7,0,0.0,early,token_embedding,1.6963525695246062e-07,0.11356286412111254,1.493756416459768e-06
d14-s7,14,7,0,0.0,early,unembedding,0.11340175569057466,0.11356286412111254,0.9985813282204115
d14-s7,14,7,0,0.0,early,value_embedding,0.0,0.11356286412111254,0.0
d14-s7,14,7,0,0.0,early,ve_gate,0.0,0.11356286412111254,0.0
d14-s7,14,7,0,0.0,early,x0_scalar,1.1883282350822377e-12,0.11356286412111254,1.04640565758795e-11
d14-s7,14,7,151,0.04017025804735302,early,attn_k,0.0025744622835190967,0.053449016471651234,0.04816669142798096
d14-s7,14,7,151,0.04017025804735302,early,attn_out,0.004958349833032116,0.053449016471651234,0.09276784046460369
d14-s7,14,7,151,0.04017025804735302,early,attn_q,0.0033777063435991295,0.053449016471651234,0.06319492044143839
d14-s7,14,7,151,0.04017025804735302,early,attn_v,0.0031758596014697105,0.053449016471651234,0.05941848533647296
d14-s7,14,7,151,0.04017025804735302,early,backout_scalar,0.0015689325518906119,0.053449016471651234,0.029353815195509843
d14-s7,14,7,151,0.04017025804735302,early,mlp_in,0.0021331457028281875,0.053449016471651234,0.03990991497401237
d14-s7,14,7,151,0.04017025804735302,early,mlp_out,0.02134085033321753,0.053449016471651234,0.3992748930101732
d14-s7,14,7,151,0.04017025804735302,early,resid_scalar,0.009565561330333594,0.053449016471651234,0.17896608697013278
d14-s7,14,7,151,0.04017025804735302,early,smear_gate,1.3697810572921297e-05,0.053449016471651234,0.0002562780660367523
d14-s7,14,7,151,0.04017025804735302,early,smear_scalar,6.853103695902972e-05,0.053449016471651234,0.0012821758281628592
d14-s7,14,7,151,0.04017025804735302,early,token_embedding,1.5850946510909125e-06,0.053449016471651234,2.9656198667970423e-05
d14-s7,14,7,151,0.04017025804735302,early,unembedding,0.004514685831964016,0.053449016471651234,0.08446714514117495
d14-s7,14,7,151,0.04017025804735302,early,value_embedding,2.6312851808540927e-07,0.053449016471651234,4.922981477591262e-06
d14-s7,14,7,151,0.04017025804735302,early,ve_gate,2.4985735649352137e-05,0.053449016471651234,0.000467468576575292
d14-s7,14,7,151,0.04017025804735302,early,x0_scalar,0.00013039985344676097,0.053449016471651234,0.0024397053875803982
d14-s7,14,7,302,0.08034051609470604,early,attn_k,0.001977871474082349,0.07541954754319691,0.026224918320406437
d14-s7,14,7,302,0.08034051609470604,early,attn_out,0.010907397212577052,0.07541954754319691,0.14462294680738821
d14-s7,14,7,302,0.08034051609470604,early,attn_q,0.0026510480092838407,0.07541954754319691,0.035150675065578195
d14-s7,14,7,302,0.08034051609470604,early,attn_v,0.005616471637040377,0.07541954754319691,0.07446970739016322
d14-s7,14,7,302,0.08034051609470604,early,backout_scalar,0.005407447926700116,0.07541954754319691,0.07169822814971111
d14-s7,14,7,302,0.08034051609470604,early,mlp_in,0.0028142582159489393,0.07541954754319691,0.03731470563831027
d14-s7,14,7,302,0.08034051609470604,early,mlp_out,0.012064320559147745,0.07541954754319691,0.15996278089891547
d14-s7,14,7,302,0.08034051609470604,early,resid_scalar,0.02700845932940865,0.07541954754319691,0.3581095380337495
d14-s7,14,7,302,0.08034051609470604,early,smear_gate,4.404321771289687e-06,0.07541954754319691,5.839761593328428e-05
d14-s7,14,7,302,0.08034051609470604,early,smear_scalar,2.7956179110333327e-05,0.07541954754319691,0.0003706755081541863
d14-s7,14,7,302,0.08034051609470604,early,token_embedding,4.546929801563237e-07,0.07541954754319691,6.02884789113719e-06
d14-s7,14,7,302,0.08034051609470604,early,unembedding,0.0063915131613612175,0.07541954754319691,0.08474610852976078
d14-s7,14,7,302,0.08034051609470604,early,value_embedding,1.7196450308176736e-07,0.07541954754319691,2.280105207251129e-06
d14-s7,14,7,302,0.08034051609470604,early,ve_gate,8.584138583955792e-05,0.07541954754319691,0.0011381848424692797
d14-s7,14,7,302,0.08034051609470604,early,x0_scalar,0.00046193147344220087,0.07541954754319691,0.006124824246361693
d14-s7,14,7,453,0.12051077414205906,early,attn_k,0.0009609812486814917,0.043931454108373735,0.021874560452992606
d14-s7,14,7,453,0.12051077414205906,early,attn_out,0.008777468421612866,0.043931454108373735,0.19979917805497363
d14-s7,14,7,453,0.12051077414205906,early,attn_q,0.001963860113392002,0.043931454108373735,0.04470282519097569
d14-s7,14,7,453,0.12051077414205906,early,attn_v,0.006814764332375489,0.043931454108373735,0.1551226671342193
d14-s7,14,7,453,0.12051077414205906,early,backout_scalar,0.002485333243384957,0.043931454108373735,0.05657297928845997
d14-s7,14,7,453,0.12051077414205906,early,mlp_in,0.0026034546172013506,0.043931454108373735,0.05926174468932747
d14-s7,14,7,453,0.12051077414205906,early,mlp_out,0.004764475597767159,0.043931454108373735,0.10845249023657988
d14-s7,14,7,453,0.12051077414205906,early,resid_scalar,0.011685813913572929,0.043931454108373735,0.26600107259699163
d14-s7,14,7,453,0.12051077414205906,early,smear_gate,2.7941071039094822e-06,0.043931454108373735,6.360151651290095e-05
d14-s7,14,7,453,0.12051077414205906,early,smear_scalar,6.453456444432959e-05,0.043931454108373735,0.0014689831182261893
d14-s7,14,7,453,0.12051077414205906,early,token_embedding,2.256114441934187e-07,0.043931454108373735,5.135533270464068e-06
d14-s7,14,7,453,0.12051077414205906,early,unembedding,0.0035836382303386922,0.043931454108373735,0.08157340345480661
d14-s7,14,7,453,0.12051077414205906,early,value_embedding,1.3602719572958222e-07,0.043931454108373735,3.0963508604568177e-06
d14-s7,14,7,453,0.12051077414205906,early,ve_gate,0.0001262845108840338,0.043931454108373735,0.0028745807177814955
d14-s7,14,7,453,0.12051077414205906,early,x0_scalar,9.768956897460157e-05,0.043931454108373735,0.0022236816640217026
d14-s7,14,7,604,0.16068103218941207,early,attn_k,0.00033861091014841804,0.034800623900980376,0.009730024125770887
d14-s7,14,7,604,0.16068103218941207,early,attn_out,0.008096988349279854,0.034800623900980376,0.23266790768805015
d14-s7,14,7,604,0.16068103218941207,early,attn_q,0.0005888200666959165,0.034800623900980376,0.01691981351746193
d14-s7,14,7,604,0.16068103218941207,early,attn_v,0.00519784720017924,0.034800623900980376,0.14936074752478246
d14-s7,14,7,604,0.16068103218941207,early,backout_scalar,0.0025202890392392874,0.034800623900980376,0.07242080045491046
d14-s7,14,7,604,0.16068103218941207,early,mlp_in,0.0023843814415158704,0.034800623900980376,0.0685154797310602
d14-s7,14,7,604,0.16068103218941207,early,mlp_out,0.0033731158400769345,0.034800623900980376,0.09692687837076133
d14-s7,14,7,604,0.16068103218941207,early,resid_scalar,0.006728894877824132,0.034800623900980376,0.1933555816979066
d14-s7,14,7,604,0.16068103218941207,early,smear_gate,5.224180767982035e-07,0.034800623900980376,1.5011744567702602e-05
d14-s7,14,7,604,0.16068103218941207,early,smear_scalar,6.199161725817248e-05,0.034800623900980376,0.0017813363758810686
d14-s7,14,7,604,0.16068103218941207,early,token_embedding,1.5019612931155282e-07,0.034800623900980376,4.315903351012095e-06
d14-s7,14,7,604,0.16068103218941207,early,unembedding,0.005465997848659754,0.034800623900980376,0.1570660877865977
d14-s7,14,7,604,0.16068103218941207,early,value_embedding,9.679702639431298e-08,0.034800623900980376,2.7814738801733403e-06
d14-s7,14,7,604,0.16068103218941207,early,ve_gate,2.518672121709642e-05,0.034800623900980376,0.0007237433814049201
d14-s7,14,7,604,0.16068103218941207,early,x0_scalar,1.7730577653196633e-05,0.034800623900980376,0.0005094902236134089
d14-s7,14,7,755,0.2008512902367651,early,attn_k,0.0004491425070227706,0.06361505985043259,0.007060317290886214
d14-s7,14,7,755,0.2008512902367651,early,attn_out,0.013148602156434208,0.06361505985043259,0.2066900854506513
d14-s7,14,7,755,0.2008512902367651,early,attn_q,0.0009124166322180827,0.06361505985043259,0.014342777234876376
d14-s7,14,7,755,0.2008512902367651,early,attn_v,0.00597491456210264,0.06361505985043259,0.09392295749073339
d14-s7,14,7,755,0.2008512902367651,early,backout_scalar,0.006619668565690517,0.06361505985043259,0.10405819913168726
d14-s7,14,7,755,0.2008512902367651,early,mlp_in,0.003268401444074698,0.06361505985043259,0.051377794059443496
d14-s7,14,7,755,0.2008512902367651,early,mlp_out,0.0080714724608697,0.06361505985043259,0.1268799004488371
d14-s7,14,7,755,0.2008512902367651,early,resid_scalar,0.01776367239001786,0.06361505985043259,0.27923690446543004
d14-s7,14,7,755,0.2008512902367651,early,smear_gate,3.526247382978908e-07,0.06361505985043259,5.543101572598661e-06
d14-s7,14,7,755,0.2008512902367651,early,smear_scalar,1.8405382434139025e-05,0.06361505985043259,0.0002893242964388073
d14-s7,14,7,755,0.2008512902367651,early,token_embedding,1.2465513066217682e-07,0.06361505985043259,1.959522335674249e-06
d14-s7,14,7,755,0.2008512902367651,early,unembedding,0.007358853239566088,0.06361505985043259,0.1156778482464329
d14-s7,14,7,755,0.2008512902367651,early,value_embedding,9.398715938857549e-08,0.06361505985043259,1.4774356828328342e-06
d14-s7,14,7,755,0.2008512902367651,early,ve_gate,2.6078817995767164e-05,0.06361505985043259,0.0004099472366619148
d14-s7,14,7,755,0.2008512902367651,early,x0_scalar,2.860424977768616e-06,0.06361505985043259,4.496458833008808e-05
d14-s7,14,7,906,0.24102154828411812,early,attn_k,0.0006129549024080916,0.040905867937300666,0.014984522595819533
d14-s7,14,7,906,0.24102154828411812,early,attn_out,0.009202957822708413,0.040905867937300666,0.2249789159055234
d14-s7,14,7,906,0.24102154828411812,early,attn_q,0.0012561942930915393,0.040905867937300666,0.030709391010037914
d14-s7,14,7,906,0.24102154828411812,early,attn_v,0.004601980337611167,0.040905867937300666,0.11250171600477832
d14-s7,14,7,906,0.24102154828411812,early,backout_scalar,0.00022645769058726725,0.040905867937300666,0.005536068588848306
d14-s7,14,7,906,0.24102154828411812,early,mlp_in,0.0031086661110748537,0.040905867937300666,0.07599560326747565
d14-s7,14,7,906,0.24102154828411812,early,mlp_out,0.016855827554536518,0.040905867937300666,0.41206380415574223
d14-s7,14,7,906,0.24102154828411812,early,resid_scalar,0.0015540851232778152,0.040905867937300666,0.03799174058987997
d14-s7,14,7,906,0.24102154828411812,early,smear_gate,9.45233466609352e-07,0.040905867937300666,2.3107527459341006e-05
d14-s7,14,7,906,0.24102154828411812,early,smear_scalar,2.2408486984204504e-05,0.040905867937300666,0.000547806173396726
d14-s7,14,7,906,0.24102154828411812,early,token_embedding,8.0543330227556e-08,0.040905867937300666,1.968992085707862e-06
d14-s7,14,7,906,0.24102154828411812,early,unembedding,0.003433793783187866,0.040905867937300666,0.08394379477416507
d14-s7,14,7,906,0.24102154828411812,early,value_embedding,7.698422477275813e-08,0.040905867937300666,1.8819848753914065e-06
d14-s7,14,7,906,0.24102154828411812,early,ve_gate,1.687250937720819e-05,0.040905867937300666,0.00041247161417207634
d14-s7,14,7,906,0.24102154828411812,early,x0_scalar,1.2566561434113055e-05,0.040905867937300666,0.00030720681574034113
d14-s7,14,7,1057,0.2811918063314711,middle,attn_k,0.00077730131079079,0.09635647518935397,0.0080669338439714
d14-s7,14,7,1057,0.2811918063314711,middle,attn_out,0.01169332171411952,0.09635647518935397,0.12135480974309723
d14-s7,14,7,1057,0.2811918063314711,middle,attn_q,0.0015001072863469744,0.09635647518935397,0.015568308029108096
d14-s7,14,7,1057,0.2811918063314711,middle,attn_v,0.005889425250643399,0.09635647518935397,0.06112121929605512
d14-s7,14,7,1057,0.2811918063314711,middle,backout_scalar,0.00032437694608233864,0.09635647518935397,0.003366426028400193
d14-s7,14,7,1057,0.2811918063314711,middle,mlp_in,0.004843806078497437,0.09635647518935397,0.05026964787761984
d14-s7,14,7,1057,0.2811918063314711,middle,mlp_out,0.06237035659796675,0.09635647518935397,0.6472876521832109
d14-s7,14,7,1057,0.2811918063314711,middle,resid_scalar,0.0016070126326326317,0.09635647518935397,0.016677785581868023
d14-s7,14,7,1057,0.2811918063314711,middle,smear_gate,2.3669467452691603e-07,0.09635647518935397,2.456448039031916e-06
d14-s7,14,7,1057,0.2811918063314711,middle,smear_scalar,9.702882380224763e-06,0.09635647518935397,0.00010069777211295078
d14-s7,14,7,1057,0.2811918063314711,middle,token_embedding,7.42771675277254e-08,0.09635647518935397,7.7085808070252e-07
d14-s7,14,7,1057,0.2811918063314711,middle,unembedding,0.007289530243724585,0.09635647518935397,0.07565169055218797
d14-s7,14,7,1057,0.2811918063314711,middle,value_embedding,8.749513202843673e-08,0.09635647518935397,9.080358310792973e-07
d14-s7,14,7,1057,0.2811918063314711,middle,ve_gate,1.39148090170238e-05,0.09635647518935397,0.00014440969316985964
d14-s7,14,7,1057,0.2811918063314711,middle,x0_scalar,3.7220970178220014e-05,0.09635647518935397,0.00038628405724758604
d14-s7,14,7,1208,0.32136206437882414,middle,attn_k,0.00042880994033112074,0.12678390258817274,0.003382211239576743
d14-s7,14,7,1208,0.32136206437882414,middle,attn_out,0.008278350705950288,0.12678390258817274,0.06529496676593508
d14-s7,14,7,1208,0.32136206437882414,middle,attn_q,0.0007747367267256778,0.12678390258817274,0.006110686853063873
d14-s7,14,7,1208,0.32136206437882414,middle,attn_v,0.005815102855194709,0.12678390258817274,0.04586625538798631
d14-s7,14,7,1208,0.32136206437882414,middle,backout_scalar,7.685195305384694e-05,0.12678390258817274,0.0006061649111991936
d14-s7,14,7,1208,0.32136206437882414,middle,mlp_in,0.00455648303613998,0.12678390258817274,0.03593897129780449
d14-s7,14,7,1208,0.32136206437882414,middle,mlp_out,0.0991746791769401,0.12678390258817274,0.7822339993672965
d14-s7,14,7,1208,0.32136206437882414,middle,resid_scalar,0.001889087181346838,0.12678390258817274,0.014900055470630898
d14-s7,14,7,1208,0.32136206437882414,middle,smear_gate,1.7495200665962327e-07,0.12678390258817274,1.379922869450652e-06
d14-s7,14,7,1208,0.32136206437882414,middle,smear_scalar,6.624492016271688e-06,0.12678390258817274,5.2250261121790595e-05
d14-s7,14,7,1208,0.32136206437882414,middle,token_embedding,6.673711538951466e-08,0.12678390258817274,5.263847698890786e-07
d14-s7,14,7,1208,0.32136206437882414,middle,unembedding,0.005717143416404723,0.12678390258817274,0.045093606520186555
d14-s7,14,7,1208,0.32136206437882414,middle,value_embedding,6.850687839232705e-08,0.12678390258817274,5.403436634606154e-07
d14-s7,14,7,1208,0.32136206437882414,middle,ve_gate,1.090292835215223e-05,0.12678390258817274,8.599615668534666e-05
d14-s7,14,7,1208,0.32136206437882414,middle,x0_scalar,5.481997971656938e-05,0.12678390258817274,0.0004323891172102424
d14-s7,14,7,1359,0.36153232242617717,middle,attn_k,0.0003607772978284629,0.18866947590149152,0.0019122186888187078
d14-s7,14,7,1359,0.36153232242617717,middle,attn_out,0.007735060647974024,0.18866947590149152,0.04099794421442432
d14-s7,14,7,1359,0.36153232242617717,middle,attn_q,0.0007335638497352193,0.18866947590149152,0.0038880897200256658
d14-s7,14,7,1359,0.36153232242617717,middle,attn_v,0.0070935188596195076,0.18866947590149152,0.03759759667389541
d14-s7,14,7,1359,0.36153232242617717,middle,backout_scalar,0.008181805722415447,0.18866947590149152,0.043365815711956225
d14-s7,14,7,1359,0.36153232242617717,middle,mlp_in,0.006416380609152839,0.18866947590149152,0.034008578115216535
d14-s7,14,7,1359,0.36153232242617717,middle,mlp_out,0.13055197150970344,0.18866947590149152,0.6919612771801384
d14-s7,14,7,1359,0.36153232242617717,middle,resid_scalar,0.02236075856767261,0.18866947590149152,0.11851815700886165
d14-s7,14,7,1359,0.36153232242617717,middle,smear_gate,1.0995081822784414e-07,0.18866947590149152,5.827695110853643e-07
d14-s7,14,7,1359,0.36153232242617717,middle,smear_scalar,6.298248536040773e-07,0.18866947590149152,3.3382445708012815e-06
d14-s7,14,7,1359,0.36153232242617717,middle,token_embedding,6.7753020971395e-08,0.18866947590149152,3.5910960502572417e-07
d14-s7,14,7,1359,0.36153232242617717,middle,unembedding,0.005215337499976159,0.18866947590149152,0.027642720026949147
d14-s7,14,7,1359,0.36153232242617717,middle,value_embedding,8.563837461394998e-08,0.18866947590149152,4.5390688771862413e-07
d14-s7,14,7,1359,0.36153232242617717,middle,ve_gate,6.813590360366106e-06,0.18866947590149152,3.6113898805356474e-05
d14-s7,14,7,1359,0.36153232242617717,middle,x0_scalar,1.259457998603608e-05,0.18866947590149152,6.675473033386698e-05
d14-s7,14,7,1510,0.4017025804735302,middle,attn_k,0.00039344819970210665,0.15029680923146405,0.002617808067343454
d14-s7,14,7,1510,0.4017025804735302,middle,attn_out,0.005443477122753393,0.15029680923146405,0.03621818154748838
d14-s7,14,7,1510,0.4017025804735302,middle,attn_q,0.00085549119148709,0.15029680923146405,0.0056920116658604105
d14-s7,14,7,1510,0.4017025804735302,middle,attn_v,0.005685173489837325,0.15029680923146405,0.037826308614987925
d14-s7,14,7,1510,0.4017025804735302,middle,backout_scalar,0.0009435874526388944,0.15029680923146405,0.006278160244810827
d14-s7,14,7,1510,0.4017025804735302,middle,mlp_in,0.004101902926777257,0.15029680923146405,0.027292016029828926
d14-s7,14,7,1510,0.4017025804735302,middle,mlp_out,0.12801141087402357,0.15029680923146405,0.8517240753719533
d14-s7,14,7,1510,0.4017025804735302,middle,resid_scalar,0.0008739961168409138,0.15029680923146405,0.005815134208836858
d14-s7,14,7,1510,0.4017025804735302,middle,smear_gate,3.691154688567622e-07,0.15029680923146405,2.455910213558209e-06
d14-s7,14,7,1510,0.4017025804735302,middle,smear_scalar,2.065749322355259e-05,0.15029680923146405,0.0001374446558724949
d14-s7,14,7,1510,0.4017025804735302,middle,token_embedding,5.1873882966901874e-08,0.15029680923146405,3.451429423695462e-07
d14-s7,14,7,1510,0.4017025804735302,middle,unembedding,0.003935603424906731,0.15029680923146405,0.026185542095213208
d14-s7,14,7,1510,0.4017025804735302,middle,value_embedding,6.134166508076078e-08,0.15029680923146405,4.081368419890523e-07
d14-s7,14,7,1510,0.4017025804735302,middle,ve_gate,1.4762051961270119e-05,0.15029680923146405,9.82193303820301e-05
d14-s7,14,7,1510,0.4017025804735302,middle,x0_scalar,1.681655629504064e-05,0.15029680923146405,0.00011188897742428029
d14-s7,14,7,1661,0.4418728385208832,middle,attn_k,0.00037102949545442243,0.20575188336486575,0.0018032860228864352
d14-s7,14,7,1661,0.4418728385208832,middle,attn_out,0.005441170520498417,0.20575188336486575,0.026445301163292065
d14-s7,14,7,1661,0.4418728385208832,middle,attn_q,0.0006132715784588072,0.20575188336486575,0.002980636524095748
d14-s7,14,7,1661,0.4418728385208832,middle,attn_v,0.005046699736340088,0.20575188336486575,0.024528085253978597
d14-s7,14,7,1661,0.4418728385208832,middle,backout_scalar,0.00028050586115568876,0.20575188336486575,0.001363320989185113
d14-s7,14,7,1661,0.4418728385208832,middle,mlp_in,0.004024323057819856,0.20575188336486575,0.01955910678437586
d14-s7,14,7,1661,0.4418728385208832,middle,mlp_out,0.18117273653479063,0.20575188336486575,0.8805398695355405
d14-s7,14,7,1661,0.4418728385208832,middle,resid_scalar,0.004427489543761709,0.20575188336486575,0.021518585741984748
d14-s7,14,7,1661,0.4418728385208832,middle,smear_gate,1.7980875099965485e-07,0.20575188336486575,8.739105959034883e-07
d14-s7,14,7,1661,0.4418728385208832,middle,smear_scalar,1.4192457456374543e-05,0.20575188336486575,6.897850568495963e-05
d14-s7,14,7,1661,0.4418728385208832,middle,token_embedding,3.5476048765303865e-08,0.20575188336486575,1.7242150198155496e-07
d14-s7,14,7,1661,0.4418728385208832,middle,unembedding,0.004333113320171834,0.20575188336486575,0.021059896265871837
d14-s7,14,7,1661,0.4418728385208832,middle,value_embedding,5.5626682593512555e-08,0.20575188336486575,2.703580724695878e-07
d14-s7,14,7,1661,0.4418728385208832,middle,ve_gate,9.303329818521888e-06,0.20575188336486575,4.5216255940773216e-05
d14-s7,14,7,1661,0.4418728385208832,middle,x0_scalar,1.7777017657039096e-05,0.20575188336486575,8.64002669930102e-05
d14-s7,14,7,1812,0.48204309656823624,middle,attn_k,0.0004442884114723711,0.23044437002126417,0.0019279638353992964
d14-s7,14,7,1812,0.48204309656823624,middle,attn_out,0.004863524862230406,0.23044437002126417,0.02110498452091334
d14-s7,14,7,1812,0.48204309656823624,middle,attn_q,0.0009518644353647688,0.23044437002126417,0.004130560600273879
d14-s7,14,7,1812,0.48204309656823624,middle,attn_v,0.005129479488459765,0.23044437002126417,0.02225907922153379
d14-s7,14,7,1812,0.48204309656823624,middle,backout_scalar,0.014508659951388836,0.23044437002126417,0.06295948974605045
d14-s7,14,7,1812,0.48204309656823624,middle,mlp_in,0.0038115490388008766,0.23044437002126417,0.01653999634900678
d14-s7,14,7,1812,0.48204309656823624,middle,mlp_out,0.18547865685468423,0.23044437002126417,0.8048738914193011
d14-s7,14,7,1812,0.48204309656823624,middle,resid_scalar,0.011631151876599688,0.23044437002126417,0.05047271007543568
d14-s7,14,7,1812,0.48204309656823624,middle,smear_gate,2.693936380637752e-07,0.23044437002126417,1.1690180933425148e-06
d14-s7,14,7,1812,0.48204309656823624,middle,smear_scalar,1.2713096111838242e-05,0.23044437002126417,5.516774443508924e-05
d14-s7,14,7,1812,0.48204309656823624,middle,token_embedding,3.250509195140694e-08,0.23044437002126417,1.4105396434032015e-07
d14-s7,14,7,1812,0.48204309656823624,middle,unembedding,0.003586545353755355,0.23044437002126417,0.015563605886420258
d14-s7,14,7,1812,0.48204309656823624,middle,value_embedding,5.293252791638281e-08,0.23044437002126417,2.2969763987507475e-07
d14-s7,14,7,1812,0.48204309656823624,middle,ve_gate,7.658210932959264e-06,0.23044437002126417,3.32323629006541e-05
d14-s7,14,7,1812,0.48204309656823624,middle,x0_scalar,1.792361020513944e-05,0.23044437002126417,7.777846863208481e-05
d14-s7,14,7,1963,0.5222133546155893,middle,attn_k,0.00029470762638084125,0.17117805230024377,0.001721643764610246
d14-s7,14,7,1963,0.5222133546155893,middle,attn_out,0.003473873592156451,0.17117805230024377,0.020293919375033713
d14-s7,14,7,1963,0.5222133546155893,middle,attn_q,0.0005819410707772477,0.17117805230024377,0.003399624326584413
d14-s7,14,7,1963,0.5222133546155893,middle,attn_v,0.003923887972632656,0.17117805230024377,0.022922845072160386
d14-s7,14,7,1963,0.5222133546155893,middle,backout_scalar,0.0016741105355322359,0.17117805230024377,0.009779936814538997
d14-s7,14,7,1963,0.5222133546155893,middle,mlp_in,0.0032124021545314463,0.17117805230024377,0.01876643711833419
d14-s7,14,7,1963,0.5222133546155893,middle,mlp_out,0.15329507562637448,0.17117805230024377,0.8955299675772522
d14-s7,14,7,1963,0.5222133546155893,middle,resid_scalar,0.001846933191317568,0.17117805230024377,0.010789544374988415
d14-s7,14,7,1963,0.5222133546155893,middle,smear_gate,1.1709271063864434e-07,0.17117805230024377,6.840404424818752e-07
d14-s7,14,7,1963,0.5222133546155893,middle,smear_scalar,2.23061961150961e-05,0.17117805230024377,0.00013030990723022926
d14-s7,14,7,1963,0.5222133546155893,middle,token_embedding,2.772940277395719e-08,0.17117805230024377,1.6199157778311572e-07
d14-s7,14,7,1963,0.5222133546155893,middle,unembedding,0.002840135945007205,0.17117805230024377,0.016591706161170994
d14-s7,14,7,1963,0.5222133546155893,middle,value_embedding,5.522255608347848e-08,0.17117805230024377,3.2260301680859726e-07
d14-s7,14,7,1963,0.5222133546155893,middle,ve_gate,1.0936815669992939e-05,0.17117805230024377,6.389145993325082e-05
d14-s7,14,7,1963,0.5222133546155893,middle,x0_scalar,1.5415290790521397e-06,0.17117805230024377,9.005413125908924e-06
d14-s7,14,7,2114,0.5623836126629422,middle,attn_k,0.0003331116913614096,0.21395517428561653,0.0015569228109282682
d14-s7,14,7,2114,0.5623836126629422,middle,attn_out,0.004127436764974846,0.21395517428561653,0.019291128521458333
d14-s7,14,7,2114,0.5623836126629422,middle,attn_q,0.000587924289447983,0.21395517428561653,0.0027478853522053246
d14-s7,14,7,2114,0.5623836126629422,middle,attn_v,0.004316833472330472,0.21395517428561653,0.02017634528701687
d14-s7,14,7,2114,0.5623836126629422,middle,backout_scalar,0.00036026345333084464,0.21395517428561653,0.0016838267853710137
d14-s7,14,7,2114,0.5623836126629422,middle,mlp_in,0.0036126520863035694,0.21395517428561653,0.016885088656378597
d14-s7,14,7,2114,0.5623836126629422,middle,mlp_out,0.19576526413584364,0.21395517428561653,0.9149826116124188
d14-s7,14,7,2114,0.5623836126629422,middle,resid_scalar,0.001415852363805925,0.21395517428561653,0.0066175186860208965
d14-s7,14,7,2114,0.5623836126629422,middle,smear_gate,3.7300811328577765e-08,0.21395517428561653,1.743393748392528e-07
d14-s7,14,7,2114,0.5623836126629422,middle,smear_scalar,4.2877019268416916e-08,0.21395517428561653,2.0040188049473777e-07
d14-s7,14,7,2114,0.5623836126629422,middle,token_embedding,2.592111769672556e-08,0.21395517428561653,1.2115209544837893e-07
d14-s7,14,7,2114,0.5623836126629422,middle,unembedding,0.003421439789235592,0.21395517428561653,0.015991386049248744
d14-s7,14,7,2114,0.5623836126629422,middle,value_embedding,5.4409530214627466e-08,0.21395517428561653,2.543034090963101e-07
d14-s7,14,7,2114,0.5623836126629422,middle,ve_gate,3.0850254830738777e-06,0.21395517428561653,1.4419027225560646e-05
d14-s7,14,7,2114,0.5623836126629422,middle,x0_scalar,1.1150705020668283e-05,0.21395517428561653,5.2117014967737135e-05
d14-s7,14,7,2265,0.6025538707102953,middle,attn_k,0.0002524907363294915,0.16512177443025233,0.0015291183564414997
d14-s7,14,7,2265,0.6025538707102953,middle,attn_out,0.003509633463181672,0.16512177443025233,0.02125481921019536
d14-s7,14,7,2265,0.6025538707102953,middle,attn_q,0.0003751925546566781,0.16512177443025233,0.002272217313260281
d14-s7,14,7,2265,0.6025538707102953,middle,attn_v,0.004196468220470706,0.16512177443025233,0.02541438423218556
d14-s7,14,7,2265,0.6025538707102953,middle,backout_scalar,6.69417545395845e-07,0.16512177443025233,4.054084009850608e-06
d14-s7,14,7,2265,0.6025538707102953,middle,mlp_in,0.0027900298991880845,0.16512177443025233,0.016896801822866778
d14-s7,14,7,2265,0.6025538707102953,middle,mlp_out,0.14971241687089784,0.16512177443025233,0.9066788277165503
d14-s7,14,7,2265,0.6025538707102953,middle,resid_scalar,0.0007804288861876785,0.16512177443025233,0.004726383839324187
d14-s7,14,7,2265,0.6025538707102953,middle,smear_gate,8.907004200864321e-08,0.16512177443025233,5.394203297292358e-07
d14-s7,14,7,2265,0.6025538707102953,middle,smear_scalar,1.374161683997954e-06,0.16512177443025233,8.322110689153247e-06
d14-s7,14,7,2265,0.6025538707102953,middle,token_embedding,2.36439525735932e-08,0.16512177443025233,1.4319100345896802e-07
d14-s7,14,7,2265,0.6025538707102953,middle,unembedding,0.0034936992451548576,0.16512177443025233,0.02115831941129364
d14-s7,14,7,2265,0.6025538707102953,middle,value_embedding,5.7974393508075643e-08,0.16512177443025233,3.5110083880890046e-07
d14-s7,14,7,2265,0.6025538707102953,middle,ve_gate,8.689905229175565e-06,0.16512177443025233,5.2627251973035166e-05
d14-s7,14,7,2265,0.6025538707102953,middle,x0_scalar,5.103813386503342e-07,0.16512177443025233,3.09093903824247e-06
d14-s7,14,7,2416,0.6427241287576483,middle,attn_k,0.0003986886733855499,0.10619568766549414,0.0037542830801320258
d14-s7,14,7,2416,0.6427241287576483,middle,attn_out,0.0024870302295312285,0.10619568766549414,0.0234193147029202
d14-s7,14,7,2416,0.6427241287576483,middle,attn_q,0.0008013648443920829,0.10619568766549414,0.007546114743531795
d14-s7,14,7,2416,0.6427241287576483,middle,attn_v,0.003941281738661928,0.10619568766549414,0.03711338779665492
d14-s7,14,7,2416,0.6427241287576483,middle,backout_scalar,0.002644994528964162,0.10619568766549414,0.0249067978851988
d14-s7,14,7,2416,0.6427241287576483,middle,mlp_in,0.002202000130637316,0.10619568766549414,0.020735306480366675
d14-s7,14,7,2416,0.6427241287576483,middle,mlp_out,0.08641097084910143,0.10619568766549414,0.8136956664501048
d14-s7,14,7,2416,0.6427241287576483,middle,resid_scalar,0.005479456093102186,0.10619568766549414,0.05159772692806443
d14-s7,14,7,2416,0.6427241287576483,middle,smear_gate,1.229428505666874e-07,0.10619568766549414,1.157700969496475e-06
d14-s7,14,7,2416,0.6427241287576483,middle,smear_scalar,1.7063093764591029e-06,0.10619568766549414,1.6067595718517383e-05
d14-s7,14,7,2416,0.6427241287576483,middle,token_embedding,2.1191736365722136e-08,0.10619568766549414,1.9955364319946775e-07
d14-s7,14,7,2416,0.6427241287576483,middle,unembedding,0.0017826426774263382,0.10619568766549414,0.016786394218204843
d14-s7,14,7,2416,0.6427241287576483,middle,value_embedding,5.3995554694097336e-08,0.10619568766549414,5.084533645488314e-07
d14-s7,14,7,2416,0.6427241287576483,middle,ve_gate,8.628427195844779e-06,0.10619568766549414,8.125025964353154e-05
d14-s7,14,7,2416,0.6427241287576483,middle,x0_scalar,3.672503357798895e-05,0.10619568766549414,0.00034582415148220666
d14-s7,14,7,2567,0.6828943868050014,middle,attn_k,0.00021384188971751428,0.13945101023702747,0.0015334552926797966
d14-s7,14,7,2567,0.6828943868050014,middle,attn_out,0.002827831391186919,0.13945101023702747,0.02027831412895756
d14-s7,14,7,2567,0.6828943868050014,middle,attn_q,0.0003332080473228416,0.13945101023702747,0.0023894272745423766
d14-s7,14,7,2567,0.6828943868050014,middle,attn_v,0.0034325699934925073,0.13945101023702747,0.02461488079332021
d14-s7,14,7,2567,0.6828943868050014,middle,backout_scalar,0.00021777888468932363,0.13945101023702747,0.0015616873934377444
d14-s7,14,7,2567,0.6828943868050014,middle,mlp_in,0.0033752584058674984,0.13945101023702747,0.02420390071130004
d14-s7,14,7,2567,0.6828943868050014,middle,mlp_out,0.12428287565853681,0.13945101023702747,0.8912296543946931
d14-s7,14,7,2567,0.6828943868050014,middle,resid_scalar,0.0031488733007637437,0.13945101023702747,0.022580498308413438
d14-s7,14,7,2567,0.6828943868050014,middle,smear_gate,7.004577895486364e-08,0.13945101023702747,5.022966763439399e-07
d14-s7,14,7,2567,0.6828943868050014,middle,smear_scalar,5.249174250820943e-08,0.13945101023702747,3.764170830959793e-07
d14-s7,14,7,2567,0.6828943868050014,middle,token_embedding,1.807829619338008e-08,0.13945101023702747,1.296390478824934e-07
d14-s7,14,7,2567,0.6828943868050014,middle,unembedding,0.0015958681469783187,0.13945101023702747,0.011443933925367711
d14-s7,14,7,2567,0.6828943868050014,middle,value_embedding,5.5663613052203686e-08,0.13945101023702747,3.9916249410880004e-07
d14-s7,14,7,2567,0.6828943868050014,middle,ve_gate,3.2011330475256723e-06,0.13945101023702747,2.2955251755327173e-05
d14-s7,14,7,2567,0.6828943868050014,middle,x0_scalar,1.95071059937435e-05,0.13945101023702747,0.00013988501023109773
d14-s7,14,7,2718,0.7230646448523543,middle,attn_k,0.00021536525400733805,0.07906653951700582,0.002723848233689509
d14-s7,14,7,2718,0.7230646448523543,middle,attn_out,0.001934794145199703,0.07906653951700582,0.024470454341606326
d14-s7,14,7,2718,0.7230646448523543,middle,attn_q,0.00039547453252453124,0.07906653951700582,0.005001793868055547
d14-s7,14,7,2718,0.7230646448523543,middle,attn_v,0.002758414724667091,0.07906653951700582,0.03488725751142561
d14-s7,14,7,2718,0.7230646448523543,middle,backout_scalar,2.9124863431206904e-05,0.07906653951700582,0.0003683588988353621
d14-s7,14,7,2718,0.7230646448523543,middle,mlp_in,0.0019775708169618156,0.07906653951700582,0.025011475512172567
d14-s7,14,7,2718,0.7230646448523543,middle,mlp_out,0.06926918703538831,0.07906653951700582,0.8760872482662496
d14-s7,14,7,2718,0.7230646448523543,middle,resid_scalar,0.0007191262405399357,0.07906653951700582,0.009095203166002533
d14-s7,14,7,2718,0.7230646448523543,middle,smear_gate,2.046724567605906e-08,0.07906653951700582,2.5886102770005404e-07
d14-s7,14,7,2718,0.7230646448523543,middle,smear_scalar,5.8409773373568905e-06,0.07906653951700582,7.387419979472606e-05
d14-s7,14,7,2718,0.7230646448523543,middle,token_embedding,1.6669858382556416e-08,0.07906653951700582,2.1083328655064034e-07
d14-s7,14,7,2718,0.7230646448523543,middle,unembedding,0.0017513002967461941,0.07906653951700582,0.022149702104637074
d14-s7,14,7,2718,0.7230646448523543,middle,value_embedding,5.2355469737364047e-08,0.07906653951700582,6.621697377574405e-07
d14-s7,14,7,2718,0.7230646448523543,middle,ve_gate,4.265939097081173e-06,0.07906653951700582,5.395378529451949e-05
d14-s7,14,7,2718,0.7230646448523543,middle,x0_scalar,5.9851985314551825e-06,0.07906653951700582,7.569824818459232e-05
d14-s7,14,7,2869,0.7632349028997074,late,attn_k,0.00017158090827251726,0.05273021390413502,0.003253939166346946
d14-s7,14,7,2869,0.7632349028997074,late,attn_out,0.0015051948503241872,0.05273021390413502,0.02854520660698765
d14-s7,14,7,2869,0.7632349028997074,late,attn_q,0.0002583539444458438,0.05273021390413502,0.004899542886655806
d14-s7,14,7,2869,0.7632349028997074,late,attn_v,0.0021973702914692694,0.05273021390413502,0.0416719396485694
d14-s7,14,7,2869,0.7632349028997074,late,backout_scalar,0.0014025226701051,0.05273021390413502,0.02659808421515082
d14-s7,14,7,2869,0.7632349028997074,late,mlp_in,0.0019678023181768367,0.05273021390413502,0.03731830714273899
d14-s7,14,7,2869,0.7632349028997074,late,mlp_out,0.04055651736416622,0.05273021390413502,0.769132426390287
d14-s7,14,7,2869,0.7632349028997074,late,resid_scalar,0.0038396867940670987,0.05273021390413502,0.07281758426104158
d14-s7,14,7,2869,0.7632349028997074,late,smear_gate,7.249651901020115e-08,0.05273021390413502,1.3748572903952527e-06
d14-s7,14,7,2869,0.7632349028997074,late,smear_scalar,7.709239980613347e-06,0.05273021390413502,0.0001462015685092603
d14-s7,14,7,2869,0.7632349028997074,late,token_embedding,1.4700618500285145e-08,0.05273021390413502,2.787892824977208e-07
d14-s7,14,7,2869,0.7632349028997074,late,unembedding,0.0008182267192751169,0.05273021390413502,0.01551722738623203
d14-s7,14,7,2869,0.7632349028997074,late,value_embedding,5.292955340685524e-08,0.05273021390413502,1.0037803659033628e-06
d14-s7,14,7,2869,0.7632349028997074,late,ve_gate,2.2474525849247584e-06,0.05273021390413502,4.262172326876369e-05
d14-s7,14,7,2869,0.7632349028997074,late,x0_scalar,2.861224576378163e-06,0.05273021390413502,5.426157727294541e-05
d14-s7,14,7,3020,0.8034051609470604,late,attn_k,0.00014872085671413515,0.04204977080939054,0.00353678162452488
d14-s7,14,7,3020,0.8034051609470604,late,attn_out,0.001182842916023219,0.04204977080939054,0.028129592462821866
d14-s7,14,7,3020,0.8034051609470604,late,attn_q,0.00022423082918976434,0.04204977080939054,0.005332510139144187
d14-s7,14,7,3020,0.8034051609470604,late,attn_v,0.0016547769682802027,0.04204977080939054,0.0393528177782757
d14-s7,14,7,3020,0.8034051609470604,late,backout_scalar,0.00017356024181935934,0.04204977080939054,0.004127495548218302
d14-s7,14,7,3020,0.8034051609470604,late,mlp_in,0.0015008120208221953,0.04204977080939054,0.03569132463587731
d14-s7,14,7,3020,0.8034051609470604,late,mlp_out,0.034939652192406356,0.04204977080939054,0.8309118342353401
d14-s7,14,7,3020,0.8034051609470604,late,resid_scalar,0.0010370755921584873,0.04204977080939054,0.024663049814456727
d14-s7,14,7,3020,0.8034051609470604,late,smear_gate,7.043887251256821e-08,0.04204977080939054,1.6751309497467658e-06
d14-s7,14,7,3020,0.8034051609470604,late,smear_scalar,8.303517802232818e-07,0.04204977080939054,1.9746880048103568e-05
d14-s7,14,7,3020,0.8034051609470604,late,token_embedding,1.3350641481224557e-08,0.04204977080939054,3.1749617713119845e-07
d14-s7,14,7,3020,0.8034051609470604,late,unembedding,0.0011770371347665785,0.04204977080939054,0.027991523190507447
d14-s7,14,7,3020,0.8034051609470604,late,value_embedding,5.334193131645293e-08,0.04204977080939054,1.268542736136403e-06
d14-s7,14,7,3020,0.8034051609470604,late,ve_gate,2.7687237640350304e-06,0.04204977080939054,6.584396801080114e-05
d14-s7,14,7,3020,0.8034051609470604,late,x0_scalar,7.325850220674113e-06,0.04204977080939054,0.0001742185529115442
d14-s7,14,7,3171,0.8435754189944135,late,attn_k,0.00013425816064227547,0.03029022551558569,0.004432392243933396
d14-s7,14,7,3171,0.8435754189944135,late,attn_out,0.000937987551878905,0.03029022551558569,0.03096667442757295
d14-s7,14,7,3171,0.8435754189944135,late,attn_q,0.00016980377677100478,0.03029022551558569,0.0056058934484866435
d14-s7,14,7,3171,0.8435754189944135,late,attn_v,0.0013749362724411185,0.03029022551558569,0.04539207777550721
d14-s7,14,7,3171,0.8435754189944135,late,backout_scalar,5.0767801440088085e-05,0.03029022551558569,0.00167604567400681
d14-s7,14,7,3171,0.8435754189944135,late,mlp_in,0.0014225764225557214,0.03029022551558569,0.04696486732407263
d14-s7,14,7,3171,0.8435754189944135,late,mlp_out,0.02544947219939786,0.03029022551558569,0.8401876105644362
d14-s7,14,7,3171,0.8435754189944135,late,resid_scalar,4.48792241378726e-05,0.03029022551558569,0.0014816404755646408
d14-s7,14,7,3171,0.8435754189944135,late,smear_gate,5.161890470617437e-08,0.03029022551558569,1.7041439549406495e-06
d14-s7,14,7,3171,0.8435754189944135,late,smear_scalar,7.209018349385587e-06,0.03029022551558569,0.00023799817355853693
d14-s7,14,7,3171,0.8435754189944135,late,token_embedding,1.2465012133588969e-08,0.03029022551558569,4.1151929117117857e-07
d14-s7,14,7,3171,0.8435754189944135,late,unembedding,0.0006965011125430465,0.03029022551558569,0.02299425311920062
d14-s7,14,7,3171,0.8435754189944135,late,value_embedding,5.468911190575909e-08,0.03029022551558569,1.8055036228640515e-06
d14-s7,14,7,3171,0.8435754189944135,late,ve_gate,1.354732880542997e-06,0.03029022551558569,4.472508399932268e-05
d14-s7,14,7,3171,0.8435754189944135,late,x0_scalar,3.604695191228302e-07,0.03029022551558569,1.1900522791992829e-05
d14-s7,14,7,3322,0.8837456770417664,late,attn_k,0.00011820373765658587,0.025225013180017353,0.004685973276328118
d14-s7,14,7,3322,0.8837456770417664,late,attn_out,0.0008065534402703634,0.025225013180017353,0.031974351589607715
d14-s7,14,7,3322,0.8837456770417664,late,attn_q,0.00015408123817906016,0.025225013180017353,0.006108271860136018
d14-s7,14,7,3322,0.8837456770417664,late,attn_v,0.0012236435286467895,0.025225013180017353,0.04850913337147948
d14-s7,14,7,3322,0.8837456770417664,late,backout_scalar,0.0007156259962357582,0.025225013180017353,0.028369697614376663
d14-s7,14,7,3322,0.8837456770417664,late,mlp_in,0.0013239318468549754,0.025225013180017353,0.05248488226375883
d14-s7,14,7,3322,0.8837456770417664,late,mlp_out,0.01979398984258296,0.025225013180017353,0.7846969078400039
d14-s7,14,7,3322,0.8837456770417664,late,resid_scalar,0.0005114612214107694,0.025225013180017353,0.020275954575751685
d14-s7,14,7,3322,0.8837456770417664,late,smear_gate,4.902708283793799e-08,0.025225013180017353,1.9435899790441364e-06
d14-s7,14,7,3322,0.8837456770417664,late,smear_scalar,6.406301508832256e-06,0.025225013180017353,0.00025396623038861975
d14-s7,14,7,3322,0.8837456770417664,late,token_embedding,1.1873739325096722e-08,0.025225013180017353,4.7071290866570535e-07
d14-s7,14,7,3322,0.8837456770417664,late,unembedding,0.0005675700958818197,0.025225013180017353,0.022500289368785547
d14-s7,14,7,3322,0.8837456770417664,late,value_embedding,5.693029825337703e-08,0.025225013180017353,2.2568986524247228e-06
d14-s7,14,7,3322,0.8837456770417664,late,ve_gate,1.2574925278840965e-06,0.025225013180017353,4.9851015692640026e-05
d14-s7,14,7,3322,0.8837456770417664,late,x0_scalar,2.170607141138703e-06,0.025225013180017353,8.604979215068183e-05
d14-s7,14,7,3473,0.9239159350891194,late,attn_k,0.0001271461894702952,0.021560928673836525,0.005897064611348718
d14-s7,14,7,3473,0.9239159350891194,late,attn_out,0.0007487787888749153,0.021560928673836525,0.03472850359101339
d14-s7,14,7,3473,0.9239159350891194,late,attn_q,0.0001576776712681749,0.021560928673836525,0.0073131205827656
d14-s7,14,7,3473,0.9239159350891194,late,attn_v,0.0011068053026974667,0.021560928673836525,0.0513338418507241
d14-s7,14,7,3473,0.9239159350891194,late,backout_scalar,0.0004678982659243048,0.021560928673836525,0.021701211158500974
d14-s7,14,7,3473,0.9239159350891194,late,mlp_in,0.0013047227839706466,0.021560928673836525,0.060513292525933016
d14-s7,14,7,3473,0.9239159350891194,late,mlp_out,0.016700819691322977,0.021560928673836525,0.7745872148628213
d14-s7,14,7,3473,0.9239159350891194,late,resid_scalar,0.00033686020396217486,0.021560928673836525,0.015623640755833657
d14-s7,14,7,3473,0.9239159350891194,late,smear_gate,3.135990311875503e-08,0.021560928673836525,1.4544783108906267e-06
d14-s7,14,7,3473,0.9239159350891194,late,smear_scalar,5.815070949211077e-07,0.021560928673836525,2.69704103991934e-05
d14-s7,14,7,3473,0.9239159350891194,late,token_embedding,1.1635892249728386e-08,0.021560928673836525,5.396749103784271e-07
d14-s7,14,7,3473,0.9239159350891194,late,unembedding,0.0006079485174268484,0.021560928673836525,0.028196768637548247
d14-s7,14,7,3473,0.9239159350891194,late,value_embedding,6.04108025825667e-08,0.021560928673836525,2.801864590177566e-06
d14-s7,14,7,3473,0.9239159350891194,late,ve_gate,1.2399505209259587e-06,0.021560928673836525,5.750914256446652e-05
d14-s7,14,7,3473,0.9239159350891194,late,x0_scalar,3.4639470491981683e-07,0.021560928673836525,1.6065852735747665e-05
d14-s7,14,7,3624,0.9640861931364725,late,attn_k,0.00014111954692452855,0.02115008852969469,0.00667229107464004
d14-s7,14,7,3624,0.9640861931364725,late,attn_out,0.0007425155572491349,0.02115008852969469,0.0351069715952557
d14-s7,14,7,3624,0.9640861931364725,late,attn_q,0.00018439466794006876,0.02115008852969469,0.008718387522642233
d14-s7,14,7,3624,0.9640861931364725,late,attn_v,0.0011032991806132486,0.02115008852969469,0.05216522753860904
d14-s7,14,7,3624,0.9640861931364725,late,backout_scalar,0.00015443799202330413,0.02115008852969469,0.007302002155048829
d14-s7,14,7,3624,0.9640861931364725,late,mlp_in,0.0013389035666477866,0.02115008852969469,0.06330486819324507
d14-s7,14,7,3624,0.9640861931364725,late,mlp_out,0.016273786521196598,0.02115008852969469,0.7694429504797689
d14-s7,14,7,3624,0.9640861931364725,late,resid_scalar,0.000625457856288314,0.02115008852969469,0.02957235169064055
d14-s7,14,7,3624,0.9640861931364725,late,smear_gate,5.025675164915811e-08,0.02115008852969469,2.3761958054500677e-06
d14-s7,14,7,3624,0.9640861931364725,late,smear_scalar,8.621485747539737e-10,0.02115008852969469,4.076335536579521e-08
d14-s7,14,7,3624,0.9640861931364725,late,token_embedding,1.1484328155120238e-08,0.02115008852969469,5.429919661563714e-07
d14-s7,14,7,3624,0.9640861931364725,late,unembedding,0.000582566251978278,0.02115008852969469,0.027544388344302013
d14-s7,14,7,3624,0.9640861931364725,late,value_embedding,6.274566777264567e-08,0.02115008852969469,2.966685821884427e-06
d14-s7,14,7,3624,0.9640861931364725,late,ve_gate,2.2080579071825923e-06,0.02115008852969469,0.00010439946405342384
d14-s7,14,7,3624,0.9640861931364725,late,x0_scalar,1.2739820300922133e-06,0.02115008852969469,6.023530484534591e-05
d16-s7,16,7,0,0.0,early,attn_k,0.0,0.1279583753564822,0.0
d16-s7,16,7,0,0.0,early,attn_out,3.399108607027301e-05,0.1279583753564822,0.00026564174463435055
d16-s7,16,7,0,0.0,early,attn_q,0.0,0.1279583753564822,0.0
d16-s7,16,7,0,0.0,early,attn_v,0.0,0.1279583753564822,0.0
d16-s7,16,7,0,0.0,early,backout_scalar,2.5962972006673973e-13,0.1279583753564822,2.0290170091909286e-12
d16-s7,16,7,0,0.0,early,mlp_in,0.0,0.1279583753564822,0.0
d16-s7,16,7,0,0.0,early,mlp_out,0.00015935318924675812,0.1279583753564822,0.0012453517700800154
d16-s7,16,7,0,0.0,early,resid_scalar,5.531804656576692e-12,0.1279583753564822,4.323128236948547e-11
d16-s7,16,7,0,0.0,early,smear_gate,0.0,0.1279583753564822,0.0
d16-s7,16,7,0,0.0,early,smear_scalar,1.646410563438394e-09,0.1279583753564822,1.2866766703247215e-08
d16-s7,16,7,0,0.0,early,token_embedding,1.9347412205661385e-07,0.1279583753564822,1.5120082723589593e-06
d16-s7,16,7,0,0.0,early,unembedding,0.12776483595371246,0.1279583753564822,0.9984874815561658
d16-s7,16,7,0,0.0,early,value_embedding,0.0,0.1279583753564822,0.0
d16-s7,16,7,0,0.0,early,ve_gate,0.0,0.1279583753564822,0.0
d16-s7,16,7,0,0.0,early,x0_scalar,1.1286341403899725e-12,0.1279583753564822,8.820322524771706e-12
d16-s7,16,7,216,0.04017857142857143,early,attn_k,0.0013778991087747272,0.054384667262448616,0.025336168779433454
d16-s7,16,7,216,0.04017857142857143,early,attn_out,0.004141322118812241,0.054384667262448616,0.07614870748086254
d16-s7,16,7,216,0.04017857142857143,early,attn_q,0.0016224889186560176,0.054384667262448616,0.029833572591815957
d16-s7,16,7,216,0.04017857142857143,early,attn_v,0.0052877005146001466,0.054384667262448616,0.09722778093102694
d16-s7,16,7,216,0.04017857142857143,early,backout_scalar,0.0025933156721293926,0.054384667262448616,0.04768468398665773
d16-s7,16,7,216,0.04017857142857143,early,mlp_in,0.0023432237139786594,0.054384667262448616,0.04308610922763892
d16-s7,16,7,216,0.04017857142857143,early,mlp_out,0.016029604827053845,0.054384667262448616,0.29474492782494094
d16-s7,16,7,216,0.04017857142857143,early,resid_scalar,0.017602203099841063,0.054384667262448616,0.323661134394675
d16-s7,16,7,216,0.04017857142857143,early,smear_gate,1.0449653927935287e-05,0.054384667262448616,0.00019214338257339192
d16-s7,16,7,216,0.04017857142857143,early,smear_scalar,0.00023265744675882163,0.054384667262448616,0.0042779970618569245
d16-s7,16,7,216,0.04017857142857143,early,token_embedding,8.396461339543748e-07,0.054384667262448616,1.5439023096388997e-05
d16-s7,16,7,216,0.04017857142857143,early,unembedding,0.002964977640658617,0.054384667262448616,0.054518631627371694
d16-s7,16,7,216,0.04017857142857143,early,value_embedding,2.5022050387235595e-07,0.054384667262448616,4.600938398038661e-06
d16-s7,16,7,216,0.04017857142857143,early,ve_gate,4.454740917481104e-05,0.054384667262448616,0.0008191170676807656
d16-s7,16,7,216,0.04017857142857143,early,x0_scalar,0.0001331872714445126,0.054384667262448616,0.002448985681971348
d16-s7,16,7,432,0.08035714285714286,early,attn_k,0.0005711795365641592,0.031255588664335754,0.018274477012679164
d16-s7,16,7,432,0.08035714285714286,early,attn_out,0.003982286631071474,0.031255588664335754,0.12741038647003536
d16-s7,16,7,432,0.08035714285714286,early,attn_q,0.0009061281070898985,0.031255588664335754,0.028990914771150598
d16-s7,16,7,432,0.08035714285714286,early,attn_v,0.004737330993521027,0.031255588664335754,0.15156748587898353
d16-s7,16,7,432,0.08035714285714286,early,backout_scalar,0.0021034569945186377,0.031255588664335754,0.0672985883295422
d16-s7,16,7,432,0.08035714285714286,early,mlp_in,0.0017666224230197258,0.031255588664335754,0.05652180933119118
d16-s7,16,7,432,0.08035714285714286,early,mlp_out,0.0034817609921447,0.031255588664335754,0.11139642991647027
d16-s7,16,7,432,0.08035714285714286,early,resid_scalar,0.010316836335277912,0.031255588664335754,0.33007973217442416
d16-s7,16,7,432,0.08035714285714286,early,smear_gate,6.493654041150876e-07,0.031255588664335754,2.077597741283456e-05
d16-s7,16,7,432,0.08035714285714286,early,smear_scalar,1.0983485481119715e-05,0.031255588664335754,0.0003514086904289357
d16-s7,16,7,432,0.08035714285714286,early,token_embedding,1.9400917494749592e-07,0.031255588664335754,6.20718352263416e-06
d16-s7,16,7,432,0.08035714285714286,early,unembedding,0.0032780044712126255,0.031255588664335754,0.1048773870943918
d16-s7,16,7,432,0.08035714285714286,early,value_embedding,1.0711376230432279e-07,0.031255588664335754,3.4270275135321685e-06
d16-s7,16,7,432,0.08035714285714286,early,ve_gate,4.606880986557371e-05,0.031255588664335754,0.001473938320609543
d16-s7,16,7,432,0.08035714285714286,early,x0_scalar,5.397939622753256e-05,0.031255588664335754,0.0017270318216442953
d16-s7,16,7,648,0.12053571428571429,early,attn_k,0.0003123320875602076,0.05652361191019084,0.005525692308136029
d16-s7,16,7,648,0.12053571428571429,early,attn_out,0.004372636834887089,0.05652361191019084,0.077359473096565
d16-s7,16,7,648,0.12053571428571429,early,attn_q,0.0006319109543255763,0.05652361191019084,0.011179592615730328
d16-s7,16,7,648,0.12053571428571429,early,attn_v,0.004357848294603173,0.05652361191019084,0.07709783836049375
d16-s7,16,7,648,0.12053571428571429,early,backout_scalar,0.008280251175165178,0.05652361191019084,0.146491897728006
d16-s7,16,7,648,0.12053571428571429,early,mlp_in,0.0019962235528510064,0.05652361191019084,0.03531663114563102
d16-s7,16,7,648,0.12053571428571429,early,mlp_out,0.0025953976655728184,0.05652361191019084,0.045917052676969584
d16-s7,16,7,648,0.12053571428571429,early,resid_scalar,0.029203512075171467,0.05652361191019084,0.5166604024097452
d16-s7,16,7,648,0.12053571428571429,early,smear_gate,1.2938357940583958e-06,0.05652361191019084,2.289018253317116e-05
d16-s7,16,7,648,0.12053571428571429,early,smear_scalar,0.000149116080137901,0.05652361191019084,0.0026381201607361604
d16-s7,16,7,648,0.12053571428571429,early,token_embedding,1.293297771098878e-07,0.05652361191019084,2.2880663980811615e-06
d16-s7,16,7,648,0.12053571428571429,early,unembedding,0.004584817215800286,0.05652361191019084,0.08111330930311043
d16-s7,16,7,648,0.12053571428571429,early,value_embedding,8.529042583305113e-08,0.05652361191019084,1.5089344603201803e-06
d16-s7,16,7,648,0.12053571428571429,early,ve_gate,3.0319558618430168e-05,0.05652361191019084,0.000536405187032355
d16-s7,16,7,648,0.12053571428571429,early,x0_scalar,7.737959500708769e-06,0.05652361191019084,0.00013689782445261013
d16-s7,16,7,864,0.16071428571428573,early,attn_k,0.00038082707442299585,0.02161537645840861,0.017618341052526527
d16-s7,16,7,864,0.16071428571428573,early,attn_out,0.004863266509346431,0.02161537645840861,0.22499106220537599
d16-s7,16,7,864,0.16071428571428573,early,attn_q,0.0006876808818105928,0.02161537645840861,0.03181443002548668
d16-s7,16,7,864,0.16071428571428573,early,attn_v,0.004908995531877736,0.02161537645840861,0.22710664055855873
d16-s7,16,7,864,0.16071428571428573,early,backout_scalar,7.497335197115262e-09,0.02161537645840861,3.468519371634039e-07
d16-s7,16,7,864,0.16071428571428573,early,mlp_in,0.002210763905168278,0.02161537645840861,0.10227737228736851
d16-s7,16,7,864,0.16071428571428573,early,mlp_out,0.0044878878943563905,0.02161537645840861,0.20762478520750235
d16-s7,16,7,864,0.16071428571428573,early,resid_scalar,0.0006233025182922347,0.02161537645840861,0.028836070446960155
d16-s7,16,7,864,0.16071428571428573,early,smear_gate,2.2183115788720897e-07,0.02161537645840861,1.0262655305312266e-05
d16-s7,16,7,864,0.16071428571428573,early,smear_scalar,1.2181306374259295e-05,0.02161537645840861,0.000563548194392915
d16-s7,16,7,864,0.16071428571428573,early,token_embedding,9.198876682603441e-08,0.02161537645840861,4.255709679775196e-06
d16-s7,16,7,864,0.16071428571428573,early,unembedding,0.0033559559378772974,0.02161537645840861,0.1552578066051584
d16-s7,16,7,864,0.16071428571428573,early,value_embedding,7.677732360988898e-08,0.02161537645840861,3.551977165774589e-06
d16-s7,16,7,864,0.16071428571428573,early,ve_gate,1.460818876353187e-05,0.02161537645840861,0.0006758239344866525
d16-s7,16,7,864,0.16071428571428573,early,x0_scalar,6.950861553534082e-05,0.02161537645840861,0.0032157022880950677
d16-s7,16,7,1080,0.20089285714285715,early,attn_k,0.00036248080687073525,0.07906634498991227,0.004584514522797059
d16-s7,16,7,1080,0.20089285714285715,early,attn_out,0.004912734151730547,0.07906634498991227,0.06213432722047972
d16-s7,16,7,1080,0.20089285714285715,early,attn_q,0.0008164727491930535,0.07906634498991227,0.010326425855365182
d16-s7,16,7,1080,0.20089285714285715,early,attn_v,0.0047518421670247335,0.07906634498991227,0.060099428747224876
d16-s7,16,7,1080,0.20089285714285715,early,backout_scalar,0.01096499152481556,0.07906634498991227,0.13868089547094323
d16-s7,16,7,1080,0.20089285714285715,early,mlp_in,0.0028584596802829765,0.07906634498991227,0.03615267255173708
d16-s7,16,7,1080,0.20089285714285715,early,mlp_out,0.012277442190679722,0.07906634498991227,0.1552802547309623
d16-s7,16,7,1080,0.20089285714285715,early,resid_scalar,0.03677792509129851,0.07906634498991227,0.46515271568441474
d16-s7,16,7,1080,0.20089285714285715,early,smear_gate,1.886448188770373e-07,0.07906634498991227,2.3859053925043035e-06
d16-s7,16,7,1080,0.20089285714285715,early,smear_scalar,1.7004213077598255e-05,0.07906634498991227,0.00021506259179892212
d16-s7,16,7,1080,0.20089285714285715,early,token_embedding,6.147185871441253e-08,0.07906634498991227,7.77471865207067e-07
d16-s7,16,7,1080,0.20089285714285715,early,unembedding,0.00526820681989193,0.07906634498991227,0.06663020556425212
d16-s7,16,7,1080,0.20089285714285715,early,value_embedding,6.846324129838877e-08,0.07906634498991227,8.65896119355507e-07
d16-s7,16,7,1080,0.20089285714285715,early,ve_gate,2.8798320954592782e-05,0.07906634498991227,0.00036422982443752816
d16-s7,16,7,1080,0.20089285714285715,early,x0_scalar,2.966869417342366e-05,0.07906634498991227,0.0003752379622102041
d16-s7,16,7,1296,0.24107142857142858,early,attn_k,0.00017689027117739897,0.05865813015160071,0.003015613875182004
d16-s7,16,7,1296,0.24107142857142858,early,attn_out,0.00451479609546368,0.05865813015160071,0.07696795113985537
d16-s7,16,7,1296,0.24107142857142858,early,attn_q,0.0003319051347716595,0.05865813015160071,0.005658297220076018
d16-s7,16,7,1296,0.24107142857142858,early,attn_v,0.0034583603064675117,0.05865813015160071,0.05895790229810347
d16-s7,16,7,1296,0.24107142857142858,early,backout_scalar,0.000563447771128267,0.05865813015160071,0.009605621073703647
d16-s7,16,7,1296,0.24107142857142858,early,mlp_in,0.0028418722613423597,0.05865813015160071,0.04844805407191809
d16-s7,16,7,1296,0.24107142857142858,early,mlp_out,0.0380764399014879,0.05865813015160071,0.6491246789333404
d16-s7,16,7,1296,0.24107142857142858,early,resid_scalar,0.002183771351454311,0.05865813015160071,0.03722879242502957
d16-s7,16,7,1296,0.24107142857142858,early,smear_gate,2.387285746863199e-07,0.05865813015160071,4.0698292644059895e-06
d16-s7,16,7,1296,0.24107142857142858,early,smear_scalar,9.843016414379235e-06,0.05865813015160071,0.00016780310570657753
d16-s7,16,7,1296,0.24107142857142858,early,token_embedding,4.324248692455513e-08,0.05865813015160071,7.371951136661845e-07
d16-s7,16,7,1296,0.24107142857142858,early,unembedding,0.006490557454526424,0.05865813015160071,0.11065060269994483
d16-s7,16,7,1296,0.24107142857142858,early,value_embedding,5.2903349700983426e-08,0.05865813015160071,9.018928759620504e-07
d16-s7,16,7,1296,0.24107142857142858,early,ve_gate,6.680562101735178e-06,0.05865813015160071,0.00011388978960750036
d16-s7,16,7,1296,0.24107142857142858,early,x0_scalar,3.2311508537663514e-06,0.05865813015160071,5.508445027851228e-05
d16-s7,16,7,1512,0.28125,middle,attn_k,0.0002768093872873578,0.05193674866179321,0.005329740394222831
d16-s7,16,7,1512,0.28125,middle,attn_out,0.0035745705936278682,0.05193674866179321,0.06882545953935441
d16-s7,16,7,1512,0.28125,middle,attn_q,0.0004735572381378006,0.05193674866179321,0.00911796079538126
d16-s7,16,7,1512,0.28125,middle,attn_v,0.004164788839261746,0.05193674866179321,0.08018963347864581
d16-s7,16,7,1512,0.28125,middle,backout_scalar,0.0001842623314587399,0.05193674866179321,0.0035478218449644847
d16-s7,16,7,1512,0.28125,middle,mlp_in,0.003463680001004832,0.05193674866179321,0.06669035105682032
d16-s7,16,7,1512,0.28125,middle,mlp_out,0.03569932946265908,0.05193674866179321,0.6873616539827986
d16-s7,16,7,1512,0.28125,middle,resid_scalar,0.0008857345173405307,0.05193674866179321,0.0170541002308085
d16-s7,16,7,1512,0.28125,middle,smear_gate,4.90270508635149e-07,0.05193674866179321,9.439761272461247e-06
d16-s7,16,7,1512,0.28125,middle,smear_scalar,4.045420791953802e-05,0.05193674866179321,0.0007789129847725295
d16-s7,16,7,1512,0.28125,middle,token_embedding,3.806415804774588e-08,0.05193674866179321,7.328945116610164e-07
d16-s7,16,7,1512,0.28125,middle,unembedding,0.0031618764623999596,0.05193674866179321,0.060879368537098376
d16-s7,16,7,1512,0.28125,middle,value_embedding,6.313312073125132e-08,0.05193674866179321,1.215577069376594e-06
d16-s7,16,7,1512,0.28125,middle,ve_gate,8.790679942194402e-06,0.05193674866179321,0.0001692574173142491
d16-s7,16,7,1512,0.28125,middle,x0_scalar,2.303472966147524e-06,0.05193674866179321,4.4351504965154905e-05
d16-s7,16,7,1728,0.32142857142857145,middle,attn_k,0.0003845211763291445,0.15448228016604568,0.0024890956808498745
d16-s7,16,7,1728,0.32142857142857145,middle,attn_out,0.0037103484100953206,0.15448228016604568,0.024017954720161064
d16-s7,16,7,1728,0.32142857142857145,middle,attn_q,0.0008359704988833982,0.15448228016604568,0.0054114329357700655
d16-s7,16,7,1728,0.32142857142857145,middle,attn_v,0.0036669594137492822,0.15448228016604568,0.023737087579286383
d16-s7,16,7,1728,0.32142857142857145,middle,backout_scalar,0.015713529661297798,0.15448228016604568,0.10171735971535421
d16-s7,16,7,1728,0.32142857142857145,middle,mlp_in,0.004668410041631431,0.15448228016604568,0.030219712167722918
d16-s7,16,7,1728,0.32142857142857145,middle,mlp_out,0.07582989588445342,0.15448228016604568,0.49086468559984653
d16-s7,16,7,1728,0.32142857142857145,middle,resid_scalar,0.04213290329964536,0.15448228016604568,0.2727361562397882
d16-s7,16,7,1728,0.32142857142857145,middle,smear_gate,5.255421342553745e-07,0.15448228016604568,3.4019573875430518e-06
d16-s7,16,7,1728,0.32142857142857145,middle,smear_scalar,3.368481702636928e-05,0.15448228016604568,0.00021804971411713413
d16-s7,16,7,1728,0.32142857142857145,middle,token_embedding,2.8865851930959252e-08,0.15448228016604568,1.8685542380610073e-07
d16-s7,16,7,1728,0.32142857142857145,middle,unembedding,0.00746541703119874,0.15448228016604568,0.04832539384565348
d16-s7,16,7,1728,0.32142857142857145,middle,value_embedding,5.2068826583706596e-08,0.15448228016604568,3.3705371598438526e-07
d16-s7,16,7,1728,0.32142857142857145,middle,ve_gate,1.0302770519388105e-05,0.15448228016604568,6.669224786373003e-05
d16-s7,16,7,1728,0.32142857142857145,middle,x0_scalar,2.9730684403261876e-05,0.15448228016604568,0.00019245368705916155
d16-s7,16,7,1944,0.36160714285714285,middle,attn_k,0.0001605144034328987,0.10068823000869953,0.0015941724610615375
d16-s7,16,7,1944,0.36160714285714285,middle,attn_out,0.0032097872790473048,0.10068823000869953,0.03187847555538494
d16-s7,16,7,1944,0.36160714285714285,middle,attn_q,0.0003175426643338142,0.10068823000869953,0.00315372178363229
d16-s7,16,7,1944,0.36160714285714285,middle,attn_v,0.0040522585604776395,0.10068823000869953,0.04024560328578148
d16-s7,16,7,1944,0.36160714285714285,middle,backout_scalar,0.0018273080931976435,0.10068823000869953,0.018148179713157762
d16-s7,16,7,1944,0.36160714285714285,middle,mlp_in,0.0032302558629453415,0.10068823000869953,0.03208176231388957
d16-s7,16,7,1944,0.36160714285714285,middle,mlp_out,0.07741308585718798,0.10068823000869953,0.7688394745890302
d16-s7,16,7,1944,0.36160714285714285,middle,resid_scalar,0.007853226493057974,0.10068823000869953,0.07799547665481309
d16-s7,16,7,1944,0.36160714285714285,middle,smear_gate,1.388620205489133e-07,0.10068823000869953,1.3791286284098502e-06
d16-s7,16,7,1944,0.36160714285714285,middle,smear_scalar,5.927140591666101e-07,0.10068823000869953,5.886627057754409e-06
d16-s7,16,7,1944,0.36160714285714285,middle,token_embedding,2.3319035591384818e-08,0.10068823000869953,2.3159643971663856e-07
d16-s7,16,7,1944,0.36160714285714285,middle,unembedding,0.002613760996609926,0.10068823000869953,0.02595895266392204
d16-s7,16,7,1944,0.36160714285714285,middle,value_embedding,4.5947819327096795e-08,0.10068823000869953,4.5633754137029596e-07
d16-s7,16,7,1944,0.36160714285714285,middle,ve_gate,9.00306545759122e-06,0.10068823000869953,8.941527184273026e-05
d16-s7,16,7,1944,0.36160714285714285,middle,x0_scalar,6.858900167827642e-07,0.10068823000869953,6.812017817012999e-06
d16-s7,16,7,2160,0.4017857142857143,middle,attn_k,0.00024259964686734747,0.10109650849041142,0.0023996837328002976
d16-s7,16,7,2160,0.4017857142857143,middle,attn_out,0.0025291254987678258,0.10109650849041142,0.025016942093580834
d16-s7,16,7,2160,0.4017857142857143,middle,attn_q,0.0005194500286052062,0.10109650849041142,0.005138159926210249
d16-s7,16,7,2160,0.4017857142857143,middle,attn_v,0.003287811378868355,0.10109650849041142,0.03252151264136081
d16-s7,16,7,2160,0.4017857142857143,middle,backout_scalar,0.00012590797268785534,0.10109650849041142,0.0012454235518904906
d16-s7,16,7,2160,0.4017857142857143,middle,mlp_in,0.0022938925267226296,0.10109650849041142,0.022690126107967376
d16-s7,16,7,2160,0.4017857142857143,middle,mlp_out,0.0875735544559575,0.10109650849041142,0.8662371803301544
d16-s7,16,7,2160,0.4017857142857143,middle,resid_scalar,0.0006858999952541467,0.10109650849041142,0.0067846061698481055
d16-s7,16,7,2160,0.4017857142857143,middle,smear_gate,2.5902025413415686e-07,0.10109650849041142,2.56210880080714e-06
d16-s7,16,7,2160,0.4017857142857143,middle,smear_scalar,1.0267101515637478e-06,0.10109650849041142,1.0155742932122397e-05
d16-s7,16,7,2160,0.4017857142857143,middle,token_embedding,1.8447432026391656e-08,0.10109650849041142,1.8247348302974594e-07
d16-s7,16,7,2160,0.4017857142857143,middle,unembedding,0.003809849731624127,0.10109650849041142,0.03768527507540456
d16-s7,16,7,2160,0.4017857142857143,middle,value_embedding,4.368328787585085e-08,0.10109650849041142,4.3209492126025327e-07
d16-s7,16,7,2160,0.4017857142857143,middle,ve_gate,1.911769334128621e-05,0.10109650849041142,0.0001891033985916481
d16-s7,16,7,2160,0.4017857142857143,middle,x0_scalar,7.95170058953687e-06,0.10109650849041142,7.86545520540015e-05
d16-s7,16,7,2376,0.4419642857142857,middle,attn_k,0.00027859005172103934,0.12926537214122946,0.0021551792804701364
d16-s7,16,7,2376,0.4419642857142857,middle,attn_out,0.0024776313039183147,0.12926537214122946,0.019167014822897562
d16-s7,16,7,2376,0.4419642857142857,middle,attn_q,0.0006678634822492313,0.12926537214122946,0.005166607817595218
d16-s7,16,7,2376,0.4419642857142857,middle,attn_v,0.0032452624263896723,0.12926537214122946,0.025105427483270975
d16-s7,16,7,2376,0.4419642857142857,middle,backout_scalar,1.2236483598826451e-05,0.12926537214122946,9.46617287842364e-05
d16-s7,16,7,2376,0.4419642857142857,middle,mlp_in,0.0031358034684672025,0.12926537214122946,0.02425865037576472
d16-s7,16,7,2376,0.4419642857142857,middle,mlp_out,0.11362585570714145,0.12926537214122946,0.8790123280889102
d16-s7,16,7,2376,0.4419642857142857,middle,resid_scalar,0.0009427945320530373,0.12926537214122946,0.007293480972019196
d16-s7,16,7,2376,0.4419642857142857,middle,smear_gate,2.2191957782524696e-07,0.12926537214122946,1.716775143638528e-06
d16-s7,16,7,2376,0.4419642857142857,middle,smear_scalar,1.5065251091073153e-06,0.12926537214122946,1.1654514152957797e-05
d16-s7,16,7,2376,0.4419642857142857,middle,token_embedding,1.7926058859529803e-08,0.12926537214122946,1.3867641861537835e-07
d16-s7,16,7,2376,0.4419642857142857,middle,unembedding,0.004864781163632869,0.12926537214122946,0.0376340630367569
d16-s7,16,7,2376,0.4419642857142857,middle,value_embedding,4.3935685534179925e-08,0.12926537214122946,3.3988751052507543e-07
d16-s7,16,7,2376,0.4419642857142857,middle,ve_gate,9.628942038375499e-06,0.12926537214122946,7.44897251203157e-05
d16-s7,16,7,2376,0.4419642857142857,middle,x0_scalar,3.1342735881123573e-06,0.12926537214122946,2.424681518487405e-05
d16-s7,16,7,2592,0.48214285714285715,middle,attn_k,0.0003035363538401725,0.1281348538911644,0.002368882038122049
d16-s7,16,7,2592,0.48214285714285715,middle,attn_out,0.0020931303361066966,0.1281348538911644,0.01633537068598499
d16-s7,16,7,2592,0.48214285714285715,middle,attn_q,0.0006490285732070333,0.1281348538911644,0.005065199307585018
d16-s7,16,7,2592,0.48214285714285715,middle,attn_v,0.0031350870867754566,0.1281348538911644,0.024467090659332603
d16-s7,16,7,2592,0.48214285714285715,middle,backout_scalar,0.0058526406064629555,0.1281348538911644,0.045675633356042925
d16-s7,16,7,2592,0.48214285714285715,middle,mlp_in,0.0024191174561565276,0.1281348538911644,0.018879464741195905
d16-s7,16,7,2592,0.48214285714285715,middle,mlp_out,0.10262443487590645,0.1281348538911644,0.8009096023403118
d16-s7,16,7,2592,0.48214285714285715,middle,resid_scalar,0.0076076602274532945,0.1281348538911644,0.05937229408256955
d16-s7,16,7,2592,0.48214285714285715,middle,smear_gate,1.1722653425749742e-07,0.1281348538911644,9.148684428755635e-07
d16-s7,16,7,2592,0.48214285714285715,middle,smear_scalar,1.6298708942485977e-05,0.1281348538911644,0.0001271996529244871
d16-s7,16,7,2592,0.48214285714285715,middle,token_embedding,1.4670195724875157e-08,0.1281348538911644,1.1449028331772847e-07
d16-s7,16,7,2592,0.48214285714285715,middle,unembedding,0.0034045658539980654,0.1281348538911644,0.026570177829131847
d16-s7,16,7,2592,0.48214285714285715,middle,value_embedding,4.562566791044276e-08,0.1281348538911644,3.560753887400257e-07
d16-s7,16,7,2592,0.48214285714285715,middle,ve_gate,9.33290318272384e-06,0.1281348538911644,7.283656943684542e-05
d16-s7,16,7,2592,0.48214285714285715,middle,x0_scalar,1.984338673466368e-05,0.1281348538911644,0.00015486330324704877
d16-s7,16,7,2808,0.5223214285714286,middle,attn_k,0.0002050329323992628,0.14467313237315357,0.00141721499380012
d16-s7,16,7,2808,0.5223214285714286,middle,attn_out,0.002188314469094621,0.14467313237315357,0.015125921677359756
d16-s7,16,7,2808,0.5223214285714286,middle,attn_q,0.0003990359962244838,0.14467313237315357,0.002758190063896974
d16-s7,16,7,2808,0.5223214285714286,middle,attn_v,0.0032131597617990337,0.14467313237315357,0.022209789123189588
d16-s7,16,7,2808,0.5223214285714286,middle,backout_scalar,0.0003435362013988197,0.14467313237315357,0.002374568074690891
d16-s7,16,7,2808,0.5223214285714286,middle,mlp_in,0.0024079888844426023,0.14467313237315357,0.01664434055545094
d16-s7,16,7,2808,0.5223214285714286,middle,mlp_out,0.1312195490427257,0.14467313237315357,0.90700703641553
d16-s7,16,7,2808,0.5223214285714286,middle,resid_scalar,0.002447349416429212,0.14467313237315357,0.016916405805860308
d16-s7,16,7,2808,0.5223214285714286,middle,smear_gate,1.4443443774325715e-07,0.14467313237315357,9.98350110860386e-07
d16-s7,16,7,2808,0.5223214285714286,middle,smear_scalar,9.337625215266599e-07,0.14467313237315357,6.4542911749378465e-06
d16-s7,16,7,2808,0.5223214285714286,middle,token_embedding,1.4033681772218642e-08,0.14467313237315357,9.70026814379172e-08
d16-s7,16,7,2808,0.5223214285714286,middle,unembedding,0.0022314433008432393,0.14467313237315357,0.015424033918666431
d16-s7,16,7,2808,0.5223214285714286,middle,value_embedding,4.3498844748413035e-08,0.14467313237315357,3.006698205456492e-07
d16-s7,16,7,2808,0.5223214285714286,middle,ve_gate,7.3252405599077974e-06,0.14467313237315357,5.063304042532167e-05
d16-s7,16,7,2808,0.5223214285714286,middle,x0_scalar,9.261397750925937e-06,0.14467313237315357,6.401601734203233e-05
d16-s7,16,7,3024,0.5625,middle,attn_k,0.0002046383306151256,0.11813421646679133,0.0017322528284821816
d16-s7,16,7,3024,0.5625,middle,attn_out,0.0019417653165874071,0.11813421646679133,0.016436942442778685
d16-s7,16,7,3024,0.5625,middle,attn_q,0.0003825267476713634,0.11813421646679133,0.0032380690295507686
d16-s7,16,7,3024,0.5625,middle,attn_v,0.003299940554825298,0.11813421646679133,0.02793382521610869
d16-s7,16,7,3024,0.5625,middle,backout_scalar,0.0019565820693969727,0.11813421646679133,0.016562365484914243
d16-s7,16,7,3024,0.5625,middle,mlp_in,0.0023537374727311544,0.11813421646679133,0.01992426532403347
d16-s7,16,7,3024,0.5625,middle,mlp_out,0.10129508709360378,0.11813421646679133,0.8574576454068988
d16-s7,16,7,3024,0.5625,middle,resid_scalar,0.004550006710267951,0.11813421646679133,0.03851557022471133
d16-s7,16,7,3024,0.5625,middle,smear_gate,2.3430740725416396e-07,0.11813421646679133,1.9834000195872976e-06
d16-s7,16,7,3024,0.5625,middle,smear_scalar,2.4610955733805895e-05,0.11813421646679133,0.0002083304606394395
d16-s7,16,7,3024,0.5625,middle,token_embedding,1.3483516525525376e-08,0.11813421646679133,1.1413726631281059e-07
d16-s7,16,7,3024,0.5625,middle,unembedding,0.0021101478487253185,0.11813421646679133,0.01786229182227235
d16-s7,16,7,3024,0.5625,middle,value_embedding,4.426232602661173e-08,0.11813421646679133,3.7467828839457616e-07
d16-s7,16,7,3024,0.5625,middle,ve_gate,9.04408557289571e-06,0.11813421646679133,7.65577141271182e-05
d16-s7,16,7,3024,0.5625,middle,x0_scalar,5.837227810445711e-06,0.11813421646679133,4.941182990862442e-05
d16-s7,16,7,3240,0.6026785714285714,middle,attn_k,0.0001376704883568891,0.1105778942587843,0.0012450091338753503
d16-s7,16,7,3240,0.6026785714285714,middle,attn_out,0.0016361342295567738,0.1105778942587843,0.014796214383751475
d16-s7,16,7,3240,0.6026785714285714,middle,attn_q,0.00019837983472825726,0.1105778942587843,0.0017940279660597534
d16-s7,16,7,3240,0.6026785714285714,middle,attn_v,0.0028390438710630406,0.1105778942587843,0.025674606033090627
d16-s7,16,7,3240,0.6026785714285714,middle,backout_scalar,3.611071588238701e-05,0.1105778942587843,0.00032656360590370333
d16-s7,16,7,3240,0.6026785714285714,middle,mlp_in,0.001990044635022059,0.1105778942587843,0.017996767331857292
d16-s7,16,7,3240,0.6026785714285714,middle,mlp_out,0.100715450656935,0.1105778942587843,0.9108099890311863
d16-s7,16,7,3240,0.6026785714285714,middle,resid_scalar,0.00019360699580062146,0.1105778942587843,0.0017508652800669636
d16-s7,16,7,3240,0.6026785714285714,middle,smear_gate,5.698258931374767e-08,0.1105778942587843,5.15316281755121e-07
d16-s7,16,7,3240,0.6026785714285714,middle,smear_scalar,2.386475671301014e-06,0.1105778942587843,2.1581851303082056e-05
d16-s7,16,7,3240,0.6026785714285714,middle,token_embedding,1.2124635517807292e-08,0.1105778942587843,1.0964791470374841e-07
d16-s7,16,7,3240,0.6026785714285714,middle,unembedding,0.0028206121642142534,0.1105778942587843,0.025507920756866684
d16-s7,16,7,3240,0.6026785714285714,middle,value_embedding,4.4001261079174014e-08,0.1105778942587843,3.979209531355184e-07
d16-s7,16,7,3240,0.6026785714285714,middle,ve_gate,7.911542496685797e-06,0.1105778942587843,7.154723418923585e-05
d16-s7,16,7,3240,0.6026785714285714,middle,x0_scalar,4.2954057111188604e-07,0.1105778942587843,3.884506699925364e-06
d16-s7,16,7,3456,0.6428571428571429,middle,attn_k,0.0001477881996834185,0.09034599814185974,0.0016358023899560442
d16-s7,16,7,3456,0.6428571428571429,middle,attn_out,0.0014244017747842008,0.09034599814185974,0.015766074912888
d16-s7,16,7,3456,0.6428571428571429,middle,attn_q,0.00020509297837634222,0.09034599814185974,0.002270083707020523
d16-s7,16,7,3456,0.6428571428571429,middle,attn_v,0.0024925720772444038,0.09034599814185974,0.027589180799470606
d16-s7,16,7,3456,0.6428571428571429,middle,backout_scalar,0.0014984388835728166,0.09034599814185974,0.016585559010815216
d16-s7,16,7,3456,0.6428571428571429,middle,mlp_in,0.002002037426791503,0.09034599814185974,0.022159669138282562
d16-s7,16,7,3456,0.6428571428571429,middle,mlp_out,0.07770291896304117,0.09034599814185974,0.8600593336855206
d16-s7,16,7,3456,0.6428571428571429,middle,resid_scalar,0.003160510029978525,0.09034599814185974,0.034982291357453885
d16-s7,16,7,3456,0.6428571428571429,middle,smear_gate,2.1902047819821746e-07,0.09034599814185974,2.4242410588492836e-06
d16-s7,16,7,3456,0.6428571428571429,middle,smear_scalar,1.878717557701748e-05,0.09034599814185974,0.00020794695906196283
d16-s7,16,7,3456,0.6428571428571429,middle,token_embedding,1.1248538100971926e-08,0.09034599814185974,1.2450510628384074e-07
d16-s7,16,7,3456,0.6428571428571429,middle,unembedding,0.0016886204248294234,0.09034599814185974,0.018690594598091446
d16-s7,16,7,3456,0.6428571428571429,middle,value_embedding,4.800258102122257e-08,0.09034599814185974,5.313193944224263e-07
d16-s7,16,7,3456,0.6428571428571429,middle,ve_gate,3.925459218123706e-06,0.09034599814185974,4.344917648660007e-05
d16-s7,16,7,3456,0.6428571428571429,middle,x0_scalar,6.264771654773682e-07,0.09034599814185974,6.934199393023302e-06
d16-s7,16,7,3672,0.6830357142857143,middle,attn_k,0.00019767642470469582,0.08098696220007671,0.0024408425669349104
d16-s7,16,7,3672,0.6830357142857143,middle,attn_out,0.0013599613812402822,0.08098696220007671,0.016792349586844904
d16-s7,16,7,3672,0.6830357142857143,middle,attn_q,0.00033206069565494545,0.08098696220007671,0.004100174727317169
d16-s7,16,7,3672,0.6830357142857143,middle,attn_v,0.002591452532215044,0.08098696220007671,0.031998391615343104
d16-s7,16,7,3672,0.6830357142857143,middle,backout_scalar,0.0013335616094991565,0.08098696220007671,0.016466374009740214
d16-s7,16,7,3672,0.6830357142857143,middle,mlp_in,0.0020996711937186774,0.08098696220007671,0.02592603965724113
d16-s7,16,7,3672,0.6830357142857143,middle,mlp_out,0.06799293411677353,0.08098696220007671,0.8395540747509248
d16-s7,16,7,3672,0.6830357142857143,middle,resid_scalar,0.0035342519161156716,0.08098696220007671,0.04363976398305163
d16-s7,16,7,3672,0.6830357142857143,middle,smear_gate,8.213196167616843e-08,0.08098696220007671,1.014138071672117e-06
d16-s7,16,7,3672,0.6830357142857143,middle,smear_scalar,7.794423773077597e-09,0.08098696220007671,9.624294530052411e-08
d16-s7,16,7,3672,0.6830357142857143,middle,token_embedding,1.100078073079658e-08,0.08098696220007671,1.3583397169064528e-07
d16-s7,16,7,3672,0.6830357142857143,middle,unembedding,0.001526029082015157,0.08098696220007671,0.01884289817224076
d16-s7,16,7,3672,0.6830357142857143,middle,value_embedding,4.6219212013198785e-08,0.08098696220007671,5.706994157777535e-07
d16-s7,16,7,3672,0.6830357142857143,middle,ve_gate,4.912494219411201e-06,0.08098696220007671,6.065784029872586e-05
d16-s7,16,7,3672,0.6830357142857143,middle,x0_scalar,1.4303607541954477e-05,0.08098696220007671,0.0001766161756582213
d16-s7,16,7,3888,0.7232142857142857,middle,attn_k,0.00019216417490497403,0.06652564831210041,0.0028885727502188222
d16-s7,16,7,3888,0.7232142857142857,middle,attn_out,0.0012188407463327167,0.06652564831210041,0.018321365928139637
d16-s7,16,7,3888,0.7232142857142857,middle,attn_q,0.0003094424450864608,0.06652564831210041,0.004651475828311109
d16-s7,16,7,3888,0.7232142857142857,middle,attn_v,0.0022363731031873613,0.06652564831210041,0.03361670513447045
d16-s7,16,7,3888,0.7232142857142857,middle,backout_scalar,8.236469511757605e-06,0.06652564831210041,0.00012380893265582
d16-s7,16,7,3888,0.7232142857142857,middle,mlp_in,0.0018040852173726307,0.06652564831210041,0.027118641653951142
d16-s7,16,7,3888,0.7232142857142857,middle,mlp_out,0.0588689346514002,0.06652564831210041,0.8849058392519639
d16-s7,16,7,3888,0.7232142857142857,middle,resid_scalar,0.00016847265698416436,0.06652564831210041,0.0025324466767131185
d16-s7,16,7,3888,0.7232142857142857,middle,smear_gate,1.4979542584114824e-07,0.06652564831210041,2.251694341081706e-06
d16-s7,16,7,3888,0.7232142857142857,middle,smear_scalar,1.0148197361559141e-05,0.06652564831210041,0.00015254563644309915
d16-s7,16,7,3888,0.7232142857142857,middle,token_embedding,1.0042783493702247e-08,0.06652564831210041,1.5096107664501417e-07
d16-s7,16,7,3888,0.7232142857142857,middle,unembedding,0.0016993517056107519,0.06652564831210041,0.025544308830157698
d16-s7,16,7,3888,0.7232142857142857,middle,value_embedding,4.7286510707067464e-08,0.06652564831210041,7.1080120084251e-07
d16-s7,16,7,3888,0.7232142857142857,middle,ve_gate,2.4409029251160064e-06,0.06652564831210041,3.669115577295364e-05
d16-s7,16,7,3888,0.7232142857142857,middle,x0_scalar,6.95091670266379e-06,0.06652564831210041,0.00010448476458363926
d16-s7,16,7,4104,0.7633928571428571,late,attn_k,0.00012350082533885143,0.043106571558498175,0.0028650115486742777
d16-s7,16,7,4104,0.7633928571428571,late,attn_out,0.0008054212485149038,0.043106571558498175,0.018684419089602135
d16-s7,16,7,4104,0.7633928571428571,late,attn_q,0.00020223840033395393,0.043106571558498175,0.00469159093433131
d16-s7,16,7,4104,0.7633928571428571,late,attn_v,0.0015383654272227432,0.043106571558498175,0.03568749199028946
d16-s7,16,7,4104,0.7633928571428571,late,backout_scalar,1.748356792674599e-09,0.043106571558498175,4.0558938682979586e-08
d16-s7,16,7,4104,0.7633928571428571,late,mlp_in,0.0013395070764090633,0.043106571558498175,0.03107431252312128
d16-s7,16,7,4104,0.7633928571428571,late,mlp_out,0.03793003313148802,0.043106571558498175,0.8799130100155312
d16-s7,16,7,4104,0.7633928571428571,late,resid_scalar,3.749973754452185e-05,0.043106571558498175,0.000869930875704937
d16-s7,16,7,4104,0.7633928571428571,late,smear_gate,3.4766344469971955e-08,0.043106571558498175,8.065207510829749e-07
d16-s7,16,7,4104,0.7633928571428571,late,smear_scalar,1.0563774139882298e-06,0.043106571558498175,2.4506180282852302e-05
d16-s7,16,7,4104,0.7633928571428571,late,token_embedding,8.557408115450471e-09,0.043106571558498175,1.9851748367038564e-07
d16-s7,16,7,4104,0.7633928571428571,late,unembedding,0.0011195585830137131,0.043106571558498175,0.025971877199614583
d16-s7,16,7,4104,0.7633928571428571,late,value_embedding,4.646005269393072e-08,0.043106571558498175,1.0777951252950301e-06
d16-s7,16,7,4104,0.7633928571428571,late,ve_gate,9.038963607821415e-06,0.043106571558498175,0.0002096887616208356
d16-s7,16,7,4104,0.7633928571428571,late,x0_scalar,2.602554485253705e-07,0.043106571558498175,6.0374889283920076e-06
d16-s7,16,7,4320,0.8035714285714286,late,attn_k,0.00011676528583848268,0.038195028427582045,0.0030570807418004733
d16-s7,16,7,4320,0.8035714285714286,late,attn_out,0.000798761115220259,0.038195028427582045,0.020912698539672876
d16-s7,16,7,4320,0.8035714285714286,late,attn_q,0.00016420832434960175,0.038195028427582045,0.004299206758307341
d16-s7,16,7,4320,0.8035714285714286,late,attn_v,0.0015321723453780578,0.038195028427582045,0.04011444443045942
d16-s7,16,7,4320,0.8035714285714286,late,backout_scalar,1.0211175549557081e-06,0.038195028427582045,2.6734305405525534e-05
d16-s7,16,7,4320,0.8035714285714286,late,mlp_in,0.0013873324987798696,0.038195028427582045,0.036322331881759394
d16-s7,16,7,4320,0.8035714285714286,late,mlp_out,0.03296140240126988,0.038195028427582045,0.8629762500050198
d16-s7,16,7,4320,0.8035714285714286,late,resid_scalar,3.243960186694039e-05,0.038195028427582045,0.0008493147721684782
d16-s7,16,7,4320,0.8035714285714286,late,smear_gate,5.629618726743501e-08,0.038195028427582045,1.4739140036031875e-06
d16-s7,16,7,4320,0.8035714285714286,late,smear_scalar,8.462048981527914e-07,0.038195028427582045,2.2154844046187843e-05
d16-s7,16,7,4320,0.8035714285714286,late,token_embedding,8.27900059618969e-09,0.038195028427582045,2.167559741940424e-07
d16-s7,16,7,4320,0.8035714285714286,late,unembedding,0.0011957508977502587,0.038195028427582045,0.03130645392809193
d16-s7,16,7,4320,0.8035714285714286,late,value_embedding,5.028424254760466e-08,0.038195028427582045,1.316512766653488e-06
d16-s7,16,7,4320,0.8035714285714286,late,ve_gate,1.10648798568036e-06,0.038195028427582045,2.8969424326473965e-05
d16-s7,16,7,4320,0.8035714285714286,late,x0_scalar,3.107287259496161e-06,0.038195028427582045,8.13531861977166e-05
d16-s7,16,7,4536,0.84375,late,attn_k,0.00010667348942661192,0.023997813867801424,0.004445133628181811
d16-s7,16,7,4536,0.84375,late,attn_out,0.0005391020449678763,0.023997813867801424,0.022464631484253882
d16-s7,16,7,4536,0.84375,late,attn_q,0.0001492966466685175,0.023997813867801424,0.006221260298582164
d16-s7,16,7,4536,0.84375,late,attn_v,0.001097230196592136,0.023997813867801424,0.045722089630185946
d16-s7,16,7,4536,0.84375,late,backout_scalar,0.00024131304235197604,0.023997813867801424,0.010055626053327835
d16-s7,16,7,4536,0.84375,late,mlp_in,0.0012023138096992625,0.023997813867801424,0.05010097237700649
d16-s7,16,7,4536,0.84375,late,mlp_out,0.019266526884166527,0.023997813867801424,0.8028450837356063
d16-s7,16,7,4536,0.84375,late,resid_scalar,0.000647296547043652,0.023997813867801424,0.026973146412813415
d16-s7,16,7,4536,0.84375,late,smear_gate,4.971241196471965e-08,0.023997813867801424,2.071539192635387e-06
d16-s7,16,7,4536,0.84375,late,smear_scalar,1.3299475654093842e-07,0.023997813867801424,5.541952999284715e-06
d16-s7,16,7,4536,0.84375,late,token_embedding,7.601642870724845e-09,0.023997813867801424,3.167639732769239e-07
d16-s7,16,7,4536,0.84375,late,unembedding,0.0007439354667440057,0.023997813867801424,0.031000134880709525
d16-s7,16,7,4536,0.84375,late,value_embedding,4.983330348373727e-08,0.023997813867801424,2.0765767981307697e-06
d16-s7,16,7,4536,0.84375,late,ve_gate,2.9594128747589825e-06,0.023997813867801424,0.00012332010286694132
d16-s7,16,7,4536,0.84375,late,x0_scalar,9.261851512398778e-07,0.023997813867801424,3.8594563502410014e-05
d16-s7,16,7,4752,0.8839285714285714,late,attn_k,0.00010248401395074325,0.023458006880558102,0.004368828710493796
d16-s7,16,7,4752,0.8839285714285714,late,attn_out,0.0005633891287288861,0.023458006880558102,0.024016922307061844
d16-s7,16,7,4752,0.8839285714285714,late,attn_q,0.00012355609146652569,0.023458006880558102,0.005267118050379995
d16-s7,16,7,4752,0.8839285714285714,late,attn_v,0.0011384532699594274,0.023458006880558102,0.04853154301455051
d16-s7,16,7,4752,0.8839285714285714,late,backout_scalar,0.00043218868086114526,0.023458006880558102,0.01842393017709196
d16-s7,16,7,4752,0.8839285714285714,late,mlp_in,0.001246600459126057,0.023458006880558102,0.05314178930347379
d16-s7,16,7,4752,0.8839285714285714,late,mlp_out,0.01803562460554531,0.023458006880558102,0.7688472723781643
d16-s7,16,7,4752,0.8839285714285714,late,resid_scalar,0.0010410152517508209,0.023458006880558102,0.04437782191178442
d16-s7,16,7,4752,0.8839285714285714,late,smear_gate,3.1156993429704016e-08,0.023458006880558102,1.3282029282516241e-06
d16-s7,16,7,4752,0.8839285714285714,late,smear_scalar,3.2509608445252525e-06,0.023458006880558102,0.0001385864051058675
d16-s7,16,7,4752,0.8839285714285714,late,token_embedding,7.84586084989769e-09,0.023458006880558102,3.34464086818915e-07
d16-s7,16,7,4752,0.8839285714285714,late,unembedding,0.0007682186551392077,0.023458006880558102,0.03274867549706041
d16-s7,16,7,4752,0.8839285714285714,late,value_embedding,5.278420989185406e-08,0.023458006880558102,2.250157490387702e-06
d16-s7,16,7,4752,0.8839285714285714,late,ve_gate,2.61298695747314e-06,0.023458006880558102,0.00011138998171403781
d16-s7,16,7,4752,0.8839285714285714,late,x0_scalar,5.209891638102704e-07,0.023458006880558102,2.220943861356201e-05
d16-s7,16,7,4968,0.9241071428571429,late,attn_k,9.262949743060744e-05,0.01682767100094429,0.005504594035942913
d16-s7,16,7,4968,0.9241071428571429,late,attn_out,0.00047708323199913133,0.01682767100094429,0.028351114778293426
d16-s7,16,7,4968,0.9241071428571429,late,attn_q,0.00011483303774184606,0.01682767100094429,0.006824060069596213
d16-s7,16,7,4968,0.9241071428571429,late,attn_v,0.0009574686273481348,0.01682767100094429,0.056898463684867985
d16-s7,16,7,4968,0.9241071428571429,late,backout_scalar,0.00023764619254507127,0.01682767100094429,0.014122346017564505
d16-s7,16,7,4968,0.9241071428571429,late,mlp_in,0.0011134648411825765,0.01682767100094429,0.06616868377805188
d16-s7,16,7,4968,0.9241071428571429,late,mlp_out,0.012963361503352644,0.01682767100094429,0.7703598140601395
d16-s7,16,7,4968,0.9241071428571429,late,resid_scalar,0.00028929492795271017,0.01682767100094429,0.01719162015566363
d16-s7,16,7,4968,0.9241071428571429,late,smear_gate,6.345394609752476e-08,0.01682767100094429,3.77080976291752e-06
d16-s7,16,7,4968,0.9241071428571429,late,smear_scalar,2.50980679084023e-06,0.01682767100094429,0.00014914760282034226
d16-s7,16,7,4968,0.9241071428571429,late,token_embedding,7.2371495463130495e-09,0.01682767100094429,4.300743427837955e-07
d16-s7,16,7,4968,0.9241071428571429,late,unembedding,0.0005776297184638679,0.01682767100094429,0.034326183250876136
d16-s7,16,7,4968,0.9241071428571429,late,value_embedding,5.626149635062916e-08,0.01682767100094429,3.3433917472876688e-06
d16-s7,16,7,4968,0.9241071428571429,late,ve_gate,1.1620437838644193e-06,0.01682767100094429,6.905553262832457e-05
d16-s7,16,7,4968,0.9241071428571429,late,x0_scalar,4.6061976100020274e-07,0.01682767100094429,2.7372757702141608e-05
d16-s7,16,7,5184,0.9642857142857143,late,attn_k,9.5600054123679e-05,0.016574856272582705,0.005767775753314725
d16-s7,16,7,5184,0.9642857142857143,late,attn_out,0.00047129458471317776,0.016574856272582705,0.0284343089896212
d16-s7,16,7,5184,0.9642857142857143,late,attn_q,0.00011276513714619796,0.016574856272582705,0.006803385519108747
d16-s7,16,7,5184,0.9642857142857143,late,attn_v,0.0009510065287940961,0.016574856272582705,0.05737645703554023
d16-s7,16,7,5184,0.9642857142857143,late,backout_scalar,0.00022116822947282341,0.016574856272582705,0.013343598631299674
d16-s7,16,7,5184,0.9642857142857143,late,mlp_in,0.0010897495349126984,0.016574856272582705,0.06574714839098227
d16-s7,16,7,5184,0.9642857142857143,late,mlp_out,0.012674396464717574,0.016574856272582705,0.7646761007323438
d16-s7,16,7,5184,0.9642857142857143,late,resid_scalar,0.0003169699342322474,0.016574856272582705,0.01912354044098489
d16-s7,16,7,5184,0.9642857142857143,late,smear_gate,3.0891424529500007e-08,0.016574856272582705,1.8637521811033168e-06
d16-s7,16,7,5184,0.9642857142857143,late,smear_scalar,1.8682053450902458e-06,0.016574856272582705,0.00011271321538881379
d16-s7,16,7,5184,0.9642857142857143,late,token_embedding,7.3469812456039554e-09,0.016574856272582705,4.4326063072757755e-07
d16-s7,16,7,5184,0.9642857142857143,late,unembedding,0.0006391218630596995,0.016574856272582705,0.03855972278425743
d16-s7,16,7,5184,0.9642857142857143,late,value_embedding,5.833140304112305e-08,0.016574856272582705,3.5192705192630798e-06
d16-s7,16,7,5184,0.9642857142857143,late,ve_gate,6.17582166739794e-07,0.016574856272582705,3.726018232576577e-05
d16-s7,16,7,5184,0.9642857142857143,late,x0_scalar,2.0158408986503673e-07,0.016574856272582705,1.2162041501288129e-05
