run,depth,seed,run_id,step,normalized_progress,curvature/Hg_norm,curvature/dhd,curvature/eta_star,curvature/eta_star_rho,curvature/gHg,curvature/gg,curvature/shadow_verdict_code,curvature/verdict_code_gradient,curvature/verdict_code_random,curvature/verdict_code_update,update/actual,update/direction_norm,update/loss_after,update/loss_before,update/normalized_residual,update/p1,update/p2,update/residual_p1,update/residual_p2,phase,benefit_relative,p1_benefit_relative,p2_benefit_relative,grad_norm,p1_normalized_abs_error,p2_normalized_abs_error
d12-s10,12,10,d12-s10-s0-0ffeb05742bb4154a3f1afc202dc3955,1,0.0003968253968253968,0.6639540516875103,0.0002201903151848052,,-4.6757890449934063e-05,-6.493417645865375e-05,4.374826202399592,1.0,1.0,1.0,1.0,-0.036149024963378906,33.01509301282509,10.364001274108887,10.400150299072266,0.00010925675175565848,-0.03626307007757737,-0.03615297491998497,0.0001140451141984633,3.9499566060613445e-06,early,0.003475817553002435,0.003486783270892939,0.003476197351033471,2.091608520349731,0.0031449381962003566,0.00010925675175565848
d12-s10,12,10,d12-s10-s0-0ffeb05742bb4154a3f1afc202dc3955,2,0.0007936507936507937,0.6835019198939813,-0.001861684334690872,,-0.0010085922717832923,-0.0014420401225345588,4.375663723781543,1.0,1.0,1.0,1.0,-0.06957149505615234,51.744372260914595,10.294429779052734,10.364001274108887,0.00011876462773809389,-0.0686489165029435,-0.06957975867028893,-0.0009225785532088471,8.263614136583275e-06,early,0.006712802634437558,0.006623785031215759,0.0067135999726390914,2.0918087206486025,0.013260870022474265,0.00011876462773809389
d12-s10,12,10,d12-s10-s0-0ffeb05742bb4154a3f1afc202dc3955,3,0.0011904761904761906,0.7649087704647695,-0.009234909709904943,,-0.009203876375685309,-0.014771101253577557,4.4021508013406425,1.0,1.0,1.0,1.0,-0.11085700988769531,69.80846009257756,10.183572769165039,10.294429779052734,-0.0004311642650708195,-0.10619175745154666,-0.11080921230649914,-0.004665252436148654,-4.779758119617672e-05,early,0.010768640154627009,0.010315457944803052,0.010763997101808927,2.098130310857894,0.04208351317498848,0.0004311642650708195
d12-s10,12,10,d12-s10-s0-0ffeb05742bb4154a3f1afc202dc3955,5,0.001984126984126984,1.3824559507511063,-0.05726380631115012,,-0.12673108753248888,-0.3803510526123238,4.7130312239232905,1.0,1.0,1.0,1.0,-0.2745342254638672,127.03805160247398,9.733911514282227,10.008445739746094,-0.007348808409248157,-0.24388482288357682,-0.2725167260391519,-0.030649402580290364,-0.0020174994247152966,early,0.02743025566633405,0.024367901792687743,0.02722867597282547,2.1709516862250275,0.11164146302160888,0.007348808409248157
d12-s10,12,10,d12-s10-s0-0ffeb05742bb4154a3f1afc202dc3955,9,0.0035714285714285713,69.00289868186978,0.6233994149660287,0.16362496130027648,0.3645390557933913,103.5314640807189,16.940331803568597,1.0,0.0,1.0,1.0,-0.2912478446960449,273.9383839696559,7.332775592803955,7.6240234375,0.297242726599668,-0.7261356097780205,-0.41443590229500615,0.4348877650819756,0.12318805759896123,early,0.03820133123719098,0.09524309778566581,0.054359211470486266,4.115863433542056,0.5989070901162947,0.297242726599668
d12-s10,12,10,d12-s10-s0-0ffeb05742bb4154a3f1afc202dc3955,17,0.006746031746031746,8.670039438756048,0.09207992296041616,0.38771523854851675,0.6114684386470083,10.896903571335585,4.22489556760056,1.0,0.0,1.0,1.0,-0.07426881790161133,379.8780949645586,5.283498764038086,5.357767581939697,0.005820143793393245,-0.12074356509675234,-0.07470360361654427,0.04647474719514101,0.00043478571493293927,early,0.013861896165851123,0.022536170755850328,0.013943046702578125,2.055455075549101,0.38490454673837565,0.005820143793393245
d12-s10,12,10,d12-s10-s0-0ffeb05742bb4154a3f1afc202dc3955,33,0.013095238095238096,4.223460497118644,0.1929478906615886,0.7500110974977072,0.5659270599410441,4.28474995704202,3.2136100177843394,1.0,0.0,1.0,1.0,-0.03130054473876953,598.542520937232,4.817753791809082,4.849054336547852,-0.3748186700605152,-0.11604246151840858,-0.01956851618761428,0.08474191677963905,-0.011732028551155252,early,0.0064549791704444125,0.02393094683303173,0.00403553246251011,1.7926544613461735,0.730266453079297,0.3748186700605152
d12-s10,12,10,d12-s10-s0-0ffeb05742bb4154a3f1afc202dc3955,41,0.01626984126984127,4.654150767698471,0.18430574200596947,0.6272564782233803,0.6256652764490624,5.318757095528546,3.3362248442668503,1.0,0.0,1.0,1.0,-0.13881731033325195,736.2239233396973,4.493926048278809,4.6327433586120605,-0.05427246917440133,-0.22343622314030195,-0.13128335213731723,0.08461891280705,-0.00753395819593472,early,0.029964386020908507,0.0482297865097457,0.028338144804258888,1.8265335595785943,0.37871617957807757,0.05427246917440133
d12-s10,12,10,d12-s10-s0-0ffeb05742bb4154a3f1afc202dc3955,65,0.025793650793650792,5.66435455995892,0.23048286748829608,0.44318804208040186,0.6788410792875108,6.552773020283432,2.904110645056696,1.0,0.0,1.0,1.0,-0.07482528686523438,842.0556939841994,3.887197494506836,3.9620227813720703,-0.05934579159162007,-0.18562615472929503,-0.07038472098514699,0.11080086786406065,-0.004440565880087385,early,0.0188856276185575,0.046851359765531606,0.01776484509782964,1.7041451361479443,0.5969033190696933,0.05934579159162007
d12-s10,12,10,d12-s10-s0-0ffeb05742bb4154a3f1afc202dc3955,127,0.0503968253968254,6.095049412253958,0.3130642575951058,0.5436342215230117,0.5035703786119639,5.121316316145139,2.7841228087006606,1.0,0.0,1.0,1.0,-0.04507780075073242,1190.3855334492346,2.919496774673462,2.9645745754241943,-0.368297044121412,-0.1850079087762966,-0.028475779978743704,0.1399301080255642,-0.016602020771988718,early,0.015205487196854321,0.062406225267524006,0.0096053512078269,1.6685690901789654,0.756346628374474,0.368297044121412
d12-s10,12,10,d12-s10-s0-0ffeb05742bb4154a3f1afc202dc3955,253,0.1003968253968254,11.09273332515432,0.2591517412015468,0.4428391944039972,0.42874376558565747,10.016565444728364,4.435727772238425,1.0,0.0,1.0,1.0,-0.09910988807678223,794.6908426653374,2.420997142791748,2.5201070308685303,-0.10891633152717935,-0.2178910732501632,-0.08831520264938977,0.11878118517338096,-0.010794685427392453,early,0.03932765031913148,0.08646103938493008,0.03504422691878797,2.1061167518061352,0.5451402088281375,0.10891633152717935
d12-s10,12,10,d12-s10-s0-0ffeb05742bb4154a3f1afc202dc3955,379,0.1503968253968254,10.52267758674791,0.23232729951948447,0.5070690680611538,0.37987250871107814,8.102058531740804,4.108303269066729,1.0,0.0,1.0,1.0,-0.0034263134002685547,749.0769041199469,2.223964214324951,2.2273905277252197,-1.7650517223430642,-0.1116851115116679,0.004478538248074329,0.10825879811139935,-0.007904851648342884,early,0.001538263433205746,0.050141683787139575,-0.002010665930526405,2.026894982249137,0.969321663793024,1.7650517223430642
d12-s10,12,10,d12-s10-s0-0ffeb05742bb4154a3f1afc202dc3955,401,0.15912698412698412,7.54846641767993,0.1356726703212514,0.8896974193592473,0.30870269559625546,4.831039950405359,4.298163776697074,1.0,0.0,1.0,1.0,0.0794985294342041,748.7409429353277,2.2070939540863037,2.1275954246520996,-0.06730484388115081,0.017398941245242064,0.08523527640586777,0.06209958818896204,-0.005736746971663667,early,-0.03736543541740486,-0.008177748947776153,-0.0400617877902258,2.073201335301778,0.7811413447635901,0.06730484388115081
d12-s10,12,10,d12-s10-s0-0ffeb05742bb4154a3f1afc202dc3955,505,0.2003968253968254,5.322554220156081,0.09188090591473701,0.9343171003131142,0.36464055011637625,3.51936582211867,3.288203669862995,1.0,0.0,1.0,1.0,0.04015684127807617,729.2848664317095,2.051475763320923,2.0113189220428467,-0.07114308797677943,-0.0027079154607079986,0.043232537496660506,0.04286475673878417,-0.003075696218584334,early,-0.019965427082687545,0.001346338181891928,-0.02149462077985638,1.8133404726810118,1.0674334776970218,0.07114308797677943
d12-s10,12,10,d12-s10-s0-0ffeb05742bb4154a3f1afc202dc3955,631,0.2503968253968254,7.935254481105662,0.11376803594330848,0.5433500216427691,0.44575800685014966,6.798290402713363,3.6938512374481354,2.0,0.0,1.0,2.0,0.012126445770263672,727.6825337464501,1.9714701175689697,1.959343671798706,-0.2494389464811888,-0.04072750983229373,0.01615650813936051,0.0528539556025574,-0.004030062369096837,middle,-0.006189034596024401,0.02078630227993912,-0.008245877623157656,1.9219394468734272,1.297745818985681,0.2494389464811888
d12-s10,12,10,d12-s10-s0-0ffeb05742bb4154a3f1afc202dc3955,757,0.3003968253968254,8.313218509241198,0.1433716821345106,0.5115053687708632,0.48705960921485786,8.38596064926851,4.2894638944020365,1.0,0.0,1.0,1.0,0.007614612579345703,741.2551938053374,1.8990328311920166,1.891418218612671,-0.1896545943011353,-0.062289091822063186,0.009396749245192113,0.06990370440140889,-0.0017821366658464094,middle,-0.004025874607960008,0.03293247955904294,-0.004968097035717726,2.071102096566472,1.1222463252650692,0.1896545943011353
d12-s10,12,10,d12-s10-s0-0ffeb05742bb4154a3f1afc202dc3955,883,0.3503968253968254,16.506488957021013,0.12027335775031377,0.25736741860098694,0.5380042001140053,20.297114901096695,5.223816067142883,1.0,0.0,1.0,1.0,0.0005545616149902344,757.192647622206,1.89747953414917,1.8969249725341797,-0.6562603239053283,-0.05852336026937133,0.0016133186057855561,0.05907792188436156,-0.0010587569907953218,middle,-0.00029234768007159126,0.030851700049679655,-0.0008504915213542989,2.285566902793021,1.0094759018012243,0.6562603239053283
d12-s10,12,10,d12-s10-s0-0ffeb05742bb4154a3f1afc202dc3955,1009,0.4003968253968254,32.54033009814781,0.10693835429926477,0.13163264447726153,0.5992127948480611,50.046034514712716,6.587691868771938,1.0,0.0,1.0,1.0,-0.005021333694458008,705.2421302457509,1.820021152496338,1.825042486190796,-0.059437857636850715,-0.058192053526812074,-0.004722876377179691,0.053170719832354066,-0.0002984573172783167,middle,0.002751351671236141,0.031885314433566826,0.0025878172222922958,2.566649931091488,0.9137110070854533,0.059437857636850715
d12-s10,12,10,d12-s10-s0-0ffeb05742bb4154a3f1afc202dc3955,1135,0.4503968253968254,17.971805195769043,0.06995869175549838,0.2635842926138146,0.5132499231458172,22.42645955576896,5.911262477839685,1.0,0.0,1.0,1.0,0.030217289924621582,650.0120580863005,1.821141242980957,1.7909239530563354,0.0006836891078398377,-0.004782715185117508,0.03019663069263168,0.035000005109739094,2.0659231989902244e-05,middle,-0.016872458416256977,0.0026705294643893027,-0.016860922900215302,2.431308799358832,1.1582774364295478,0.0006836891078398377
d12-s10,12,10,d12-s10-s0-0ffeb05742bb4154a3f1afc202dc3955,1261,0.5003968253968254,30.800118452060474,0.0596160148342532,0.164069495166484,0.5178478204925938,41.738508015812144,6.848015939156545,1.0,0.0,1.0,1.0,0.0033752918243408203,599.8446271621291,1.6912715435028076,1.6878962516784668,-0.24309767154356007,-0.02534865817556185,0.004459349241564752,0.02872394999990267,-0.0010840574172239319,middle,-0.001999703370976969,0.015017900626507584,-0.002641956955073699,2.6168714028695685,1.1331546546157965,0.24309767154356007
d12-s10,12,10,d12-s10-s0-0ffeb05742bb4154a3f1afc202dc3955,1386,0.55,47.234996035718446,0.053539986873588415,0.10979519358077723,0.5701207931160742,79.62415867130586,8.74234991502255,1.0,0.0,1.0,1.0,0.001796722412109375,560.1917170644625,1.6979780197143555,1.696181297302246,0.09759936023567782,-0.02514862998262781,0.0016213634541663961,0.026945352394737186,0.00017535895794297887,middle,-0.0010592749813755394,0.014826616719938119,-0.0009558904208796272,2.956746508414705,1.0714441467925098,0.09759936023567782
d12-s10,12,10,d12-s10-s0-0ffeb05742bb4154a3f1afc202dc3955,1512,0.6,60.00367645263897,0.057115802837262517,0.08975887001393051,0.57811915379359,108.01095709977005,9.694941458398485,1.0,0.0,1.0,1.0,-0.025562644004821777,502.30910858338603,1.6091053485870361,1.634667992591858,-0.04622088247367124,-0.05293901745918987,-0.024381116040558613,0.027376373454368094,-0.001181527964263164,middle,0.01563782010822318,0.032385180170593594,0.014915026262856585,3.1136700946629663,0.517130365622525,0.04622088247367124
d12-s10,12,10,d12-s10-s0-0ffeb05742bb4154a3f1afc202dc3955,1638,0.65,55.17807092677359,0.03415262890963809,0.10214594186687448,0.5609226595518585,97.84983835878039,9.994963900679046,1.0,0.0,1.0,1.0,-0.03472864627838135,448.1065690973753,1.609611988067627,1.6443406343460083,-0.01882621599425617,-0.051151151737175465,-0.03407483728235642,0.016422505458794118,-0.000653808996024928,middle,0.02112010465045384,0.03110739385061748,0.0207224929984831,3.161481282670996,0.3210583711423769,0.01882621599425617
d12-s10,12,10,d12-s10-s0-0ffeb05742bb4154a3f1afc202dc3955,1764,0.7,65.81122154352082,0.027817457620990728,0.09012007835914518,0.5662610924405455,125.1569322477446,11.279152541356968,1.0,0.0,1.0,1.0,-0.02835547924041748,393.41340875858333,1.573337197303772,1.6016926765441895,-0.019429478771243323,-0.04171327586896272,-0.02780454705846736,0.013357796628545242,-0.0005509321819501221,middle,0.017703445645763476,0.026043245673672707,0.017359476924411255,3.358444958810099,0.3202289043542676,0.019429478771243323
d12-s10,12,10,d12-s10-s0-0ffeb05742bb4154a3f1afc202dc3955,1890,0.75,73.66560698831492,0.02123547519960292,0.08451048930007715,0.5435837402450269,135.510539630681,11.452062009506347,1.0,0.0,1.0,1.0,0.020315051078796387,342.3235178709584,1.556362271308899,1.5360472202301025,0.011803641407083915,0.00945752190089422,0.02007525950069568,0.010857529177902166,0.0002397915781007058,late,-0.013225538128803851,-0.006157051538739459,-0.013069428619315735,3.384089539227109,0.5344573900301237,0.011803641407083915
d12-s10,12,10,d12-s10-s0-0ffeb05742bb4154a3f1afc202dc3955,2016,0.8,69.99583618552127,0.012066574329249347,0.09009735171185522,0.5353274196461185,126.5014242480078,11.397443312523368,1.0,0.0,1.0,1.0,-0.0041277408599853516,281.80517957823446,1.5114105939865112,1.5155383348464966,0.009584471301551043,-0.010200973090762976,-0.004167685926138302,0.006073232230777624,3.994506615295074e-05,late,0.002723613626311495,0.0067309238283281,0.0027499706410002702,3.3760099692571064,0.5953581267925274,0.009584471301551043
d12-s10,12,10,d12-s10-s0-0ffeb05742bb4154a3f1afc202dc3955,2142,0.85,72.52856082885276,0.005262972969264475,0.08984373159889848,0.5210562271557676,128.31430696938637,11.528236155656218,1.0,0.0,1.0,1.0,0.01188206672668457,224.8785269321481,1.4960227012634277,1.4841406345367432,0.0011887144279384414,0.009236455857900595,0.011867942342532833,0.002645610868783975,1.4124384151737238e-05,late,-0.008006024799929703,-0.0062234370806669844,-0.007996507922739593,3.395325633228162,0.22265578283973958,0.0011887144279384414
d12-s10,12,10,d12-s10-s0-0ffeb05742bb4154a3f1afc202dc3955,2268,0.9,72.18615956350064,0.0024547351843652093,0.09014545202915607,0.5319839978443985,132.9379057649063,11.983747606986832,1.0,0.0,1.0,1.0,0.005711793899536133,163.54965348880168,1.489365816116333,1.4836540222167969,0.0023202922124511516,0.004471173276449309,0.005698540868631913,0.001240620623086824,1.3253030904219684e-05,late,-0.003849815262861536,-0.0030136225895635153,-0.0038408825664877425,3.4617549894507023,0.2172033243684751,0.0023202922124511516
d12-s10,12,10,d12-s10-s0-0ffeb05742bb4154a3f1afc202dc3955,2394,0.95,88.18416390294469,0.0007235394831267133,0.07511880416529221,0.5393665463253297,169.9408872786547,12.765756231161262,1.0,0.0,1.0,1.0,-0.0003565549850463867,100.40016357913215,1.4605616331100464,1.4609181880950928,-0.0028416982693766826,-0.0007173115049257994,-0.00035554176336244277,0.0003607565198794127,-1.013221683943946e-06,late,0.00024406225341838114,0.0004910004617446167,0.00024336870213522194,3.5729198467305787,0.5029286682314266,0.0028416982693766826
d12-s10,12,10,d12-s10-s0-0ffeb05742bb4154a3f1afc202dc3955,2520,1.0,82.35653435712719,0.00016814140233405178,0.08474851320981089,0.5116551859166131,150.48145234618516,12.753079351992202,1.0,0.0,1.0,1.0,0.0009691715240478516,34.778090094659625,1.4282689094543457,1.4272997379302979,0.00027790068769788825,0.0008848314894477955,0.0009689021906148215,8.434003460005602e-05,2.6933343303010837e-07,late,-0.0006790245232253948,-0.0006199338975083637,-0.0006788358218434268,3.5711453837658587,0.08702281537100945,0.00027790068769788825
d12-s11,12,11,d12-s11-s0-5fd1bf807f764954b30658872fc3e2ad,1,0.0003968253968253968,0.6370271190600975,0.0002745335266958264,1075.8770413565974,0.0030789217466424125,0.004138812809808882,4.4528536805459655,1.0,1.0,1.0,1.0,-0.035007476806640625,33.01655195972672,10.36178970336914,10.396797180175781,0.00015692356353898664,-0.03515023793019413,-0.035012971166846214,0.0001427611235535059,5.494360205589299e-06,early,0.003367140495285563,0.0033808717551225558,0.003367668961899884,2.110178589727885,0.00406145539717311,0.00015692356353898664
d12-s11,12,11,d12-s11-s0-5fd1bf807f764954b30658872fc3e2ad,2,0.0007936507936507937,0.633068442144736,-0.001932351735327606,753.6182696227223,0.0044232235715447165,0.005909225057328066,4.453299962514809,1.0,1.0,1.0,1.0,-0.06744194030761719,51.76488504601702,10.294347763061523,10.36178970336914,0.00012414403396986422,-0.06648413799400871,-0.06745031386167251,-0.0009578023136084801,8.373554055321475e-06,early,0.006508715409046413,0.006416279416710354,0.0065095235275563455,2.110284332149298,0.01420187956099332,0.00012414403396986422
d12-s11,12,11,d12-s11-s0-5fd1bf807f764954b30658872fc3e2ad,3,0.0011904761904761906,0.7044299973891139,-0.008875037389095515,4656.736034566307,0.0006451118205196513,0.0009616727352510471,4.478256079703495,1.0,1.0,1.0,1.0,-0.1069784164428711,69.811865520556,10.187369346618652,10.294347763061523,-0.0003438626975843325,-0.102504111861462,-0.10694163055600975,-0.0044743045814091,-3.678588686134576e-05,early,0.010391956722769182,0.009957319707934311,0.010388383316497312,2.116189046305527,0.041824367289998915,0.0003438626975843325
d12-s11,12,11,d12-s11-s0-5fd1bf807f764954b30658872fc3e2ad,5,0.001984126984126984,1.221805919193912,-0.05443826966945101,,-0.09586155344323946,-0.25526310989191975,4.749881088885634,1.0,1.0,1.0,1.0,-0.26296138763427734,126.22837325014758,9.75588607788086,10.018847465515137,-0.006614469782436588,-0.23400290264709733,-0.2612220374818228,-0.02895848498718001,-0.0017393501524545218,early,0.026246670441823793,0.023356269616094577,0.026073062633296777,2.179422191519035,0.11012447586964755,0.006614469782436588
d12-s11,12,11,d12-s11-s0-5fd1bf807f764954b30658872fc3e2ad,9,0.0035714285714285713,30.001886615053355,1.1023496673802917,1.0477606352865387,0.12570216609397783,14.90200592169497,15.613735191558884,1.0,0.0,1.0,1.0,-0.04182147979736328,289.4609985897447,7.608440399169922,7.650261878967285,0.8586603401253401,-0.8470682852128861,-0.29589345152274027,0.8052468054155228,0.254071971725377,early,0.005466672966103586,0.11072409005261824,0.03867755852073958,3.9514219202154157,0.9506279711713529,0.8586603401253401
d12-s11,12,11,d12-s11-s0-5fd1bf807f764954b30658872fc3e2ad,17,0.006746031746031746,8.748295911764824,0.09390727579493915,0.3955534936977676,0.5760331652245787,10.044935016600348,3.973309139783311,1.0,0.0,1.0,1.0,-0.06240224838256836,382.3092697941206,5.325109004974365,5.387511253356934,0.01287374206536314,-0.11016971373475154,-0.06321607583728196,0.04776746535218318,0.0008138274547136032,early,0.011582759728564058,0.020449092086091754,0.011733817873306959,1.9933161163707354,0.4335807340589974,0.01287374206536314
d12-s11,12,11,d12-s11-s0-5fd1bf807f764954b30658872fc3e2ad,33,0.013095238095238096,3.999193770116463,0.18124696967658188,0.8109711478586533,0.5445966718653577,3.8468058143420016,3.119648526846275,1.0,0.0,1.0,1.0,-0.01748943328857422,577.4176817203263,4.859645843505859,4.877135276794434,-0.6258489610332574,-0.09716717447415052,-0.006543689635859579,0.0796777411855763,-0.01094574365271464,early,0.003586005369133291,0.019923001713008672,0.0013417076346015383,1.7662526792184279,0.8200067730360221,0.6258489610332574
d12-s11,12,11,d12-s11-s0-5fd1bf807f764954b30658872fc3e2ad,41,0.01626984126984127,3.7174982369754166,0.20232560763429058,0.806450990633268,0.5781643310430625,3.7254789362699317,3.0044161787382597,1.0,0.0,1.0,1.0,-0.06399154663085938,713.3661566968162,4.579592227935791,4.64358377456665,-0.17933254759635486,-0.15367858336606172,-0.052515779548916425,0.08968703673520234,-0.01147576708194295,early,0.013780637916203247,0.03309482305622953,0.011309321011187597,1.7333251797450644,0.5836014021652465,0.17933254759635486
d12-s11,12,11,d12-s11-s0-5fd1bf807f764954b30658872fc3e2ad,65,0.025793650793650792,4.489438858369788,0.15311220056036062,0.5715013496386013,0.6243015838100326,4.4894202000387775,2.565709703416961,1.0,0.0,1.0,1.0,-0.08676505088806152,815.7472331276839,3.922842264175415,4.009607315063477,-0.00961057339337751,-0.16248728927870199,-0.08593118899852167,0.07572223839064046,-0.0008338618895398497,early,0.021639288855569122,0.04052448943522781,0.021431322881842182,1.6017832885309302,0.4660194574405135,0.00961057339337751
d12-s11,12,11,d12-s11-s0-5fd1bf807f764954b30658872fc3e2ad,127,0.0503968253968254,2.227808062976731,0.19410762104351137,1.4355853488365256,0.43431510440885374,1.3439850162144655,1.929405198333307,1.0,0.0,1.0,1.0,0.08224225044250488,1119.746222764073,3.100698232650757,3.018455982208252,-0.04597773862341923,-0.010848012426608888,0.0862057980951468,0.09309026286911377,-0.0039635476526419106,early,-0.027246463399588097,0.0035938945244027255,-0.028559567740351833,1.3890303086445979,1.1319031564462438,0.04597773862341923
d12-s11,12,11,d12-s11-s0-5fd1bf807f764954b30658872fc3e2ad,253,0.1003968253968254,9.063657676857655,0.228941890301506,0.49887667685373566,0.4414070953560368,7.985071498674179,3.983565933698053,1.0,0.0,1.0,1.0,-0.1026298999786377,829.2173404928741,2.3524439334869385,2.455073833465576,-0.015667511463793884,-0.21549288999494737,-0.10102194484419437,0.11286299001630967,-0.0016079551344433257,early,0.04180318269034116,0.0877745048061378,0.04114823084631717,1.995887254756153,0.5237434516700572,0.015667511463793884
d12-s11,12,11,d12-s11-s0-5fd1bf807f764954b30658872fc3e2ad,379,0.1503968253968254,9.437548695077139,0.16559922866904975,0.5210606138681592,0.40552244030446094,7.631966248523605,3.976717018476781,1.0,0.0,1.0,1.0,-0.026605844497680664,767.826992790223,2.096060276031494,2.122666120529175,-0.031783168121417564,-0.10855984080352346,-0.025760226468998587,0.0819539963058428,-0.0008456180286820769,early,0.012534163635234307,0.05114315424060181,0.012135788205154296,1.9941707596083091,0.7549200118501175,0.031783168121417564
d12-s11,12,11,d12-s11-s0-5fd1bf807f764954b30658872fc3e2ad,401,0.15912698412698412,7.281943638897076,0.1342207718821256,0.7889279557833514,0.3352398074043454,4.701572495527725,3.709201977863918,1.0,0.0,1.0,1.0,-0.029847383499145508,751.5400950836467,2.1429550647735596,2.172802448272705,-0.047469662586359034,-0.09554092421641822,-0.02843053827535541,0.06569354071727271,-0.0014168452237900975,early,0.013736814187996261,0.04397128891877382,0.01308473225348057,1.9259288610600127,0.6875958261452908,0.047469662586359034
d12-s11,12,11,d12-s11-s0-5fd1bf807f764954b30658872fc3e2ad,505,0.2003968253968254,7.534521996321001,0.14005147691220937,0.5460502537341279,0.4634936308150918,6.659345761808025,3.6363374429385606,1.0,0.0,1.0,1.0,0.023856163024902344,746.1405061305044,2.083139181137085,2.0592830181121826,-0.22547552857949898,-0.039224693550255,0.030801044905849687,0.06308085657515734,-0.006944881880947343,early,-0.011584693708964847,0.0190477429305534,-0.014957169381256828,1.9069183105048209,1.6081924641256313,0.22547552857949898
d12-s11,12,11,d12-s11-s0-5fd1bf807f764954b30658872fc3e2ad,631,0.2503968253968254,8.35290745244369,0.11540809840314695,0.5109294624236539,0.44843751154334477,7.168695833768296,3.6626979086259226,1.0,0.0,1.0,1.0,-0.015517711639404297,738.587308033205,1.8908153772354126,1.906333088874817,-0.21116748400296037,-0.06994492471660131,-0.012240875515027838,0.054427213077197015,-0.0032768361243764588,middle,0.00814008408602055,0.03669082025842882,0.006421163010003054,1.9138176267936093,0.7781438510045148,0.21116748400296037
d12-s11,12,11,d12-s11-s0-5fd1bf807f764954b30658872fc3e2ad,757,0.3003968253968254,10.092803827660639,0.12473587350124234,0.402287602641122,0.4924048523583695,9.935848505566938,3.9970686755098983,1.0,0.0,1.0,1.0,-0.027157306671142578,748.6864519830795,1.8741917610168457,1.9013490676879883,-0.12480884431220533,-0.0861357713615063,-0.02376783461088513,0.05897846469036372,-0.0033894720602574493,middle,0.014283177735567226,0.045302450152536214,0.01250051082928526,1.9992670345678933,0.684715116125621,0.12480884431220533
d12-s11,12,11,d12-s11-s0-5fd1bf807f764954b30658872fc3e2ad,883,0.3503968253968254,14.539628895445917,0.09357194793435887,0.2779085908929388,0.5386487765610479,17.045901379645205,4.7372024329172,1.0,0.0,1.0,1.0,-0.05006599426269531,751.9329590263784,1.8371436595916748,1.8872096538543701,-0.046706517519768245,-0.09451355999169955,-0.04772758602452012,0.04444756572900424,-0.002338408238175195,middle,0.026529110933934816,0.050081113033026516,0.025290028549315117,2.1765115283216856,0.4702771298944591,0.046706517519768245
d12-s11,12,11,d12-s11-s0-5fd1bf807f764954b30658872fc3e2ad,1009,0.4003968253968254,19.752154793195132,0.08069125951066865,0.23940904831023527,0.5010652006433345,23.450818449633033,5.6143381271227515,2.0,0.0,2.0,1.0,0.016687750816345215,700.267622656358,1.930894136428833,1.9142063856124878,-0.05578199249502602,-0.022672009168028053,0.01767362058730627,0.03935975998437327,-0.0009858697709610557,middle,-0.0087178430402141,0.011844077701565968,-0.00923287097992375,2.3694594588476825,1.736050814582335,0.05578199249502602
d12-s11,12,11,d12-s11-s0-5fd1bf807f764954b30658872fc3e2ad,1135,0.4503968253968254,23.553126506510708,0.08638270646945581,0.20525142200281193,0.5362285119748684,32.74033423301164,6.720000158172982,1.0,0.0,1.0,1.0,-0.054540157318115234,647.3832129914349,1.7621808052062988,1.816720962524414,-0.051018542192674904,-0.09494895123551375,-0.051757598000785845,0.04040879391739852,-0.002782559317329389,middle,0.030021207683060627,0.05226391569984308,0.028489569432207342,2.5922963098714202,0.4255844155368029,0.051018542192674904
d12-s11,12,11,d12-s11-s0-5fd1bf807f764954b30658872fc3e2ad,1261,0.5003968253968254,61.17650613295061,0.09417309139217528,0.08220910820898347,0.6104683129995884,114.66094856847461,9.426174328210418,1.0,0.0,1.0,1.0,0.0032519102096557617,612.105114422093,1.7555005550384521,1.7522486448287964,-0.43782737628862267,-0.041302005374313965,0.005784540321773675,0.044553915583969726,-0.002532630112117913,middle,-0.0018558497501212164,0.023570858791190207,-0.0033012097563007983,3.070207538296136,1.0787349229216399,0.43782737628862267
d12-s11,12,11,d12-s11-s0-5fd1bf807f764954b30658872fc3e2ad,1386,0.55,72.30963556410987,0.07204087957744225,0.06850178916623688,0.6434282361870882,148.28406780955336,10.157723949801998,1.0,0.0,1.0,1.0,-0.015537023544311523,562.388078718987,1.7447385787963867,1.7602756023406982,-0.08443458327206838,-0.05024560122478039,-0.014225161436059265,0.034708577680468866,-0.0013118621082522583,middle,0.008826472129507115,0.028544167264471034,0.008081212633489656,3.1871184398766856,0.6907784330253194,0.08443458327206838
d12-s11,12,11,d12-s11-s0-5fd1bf807f764954b30658872fc3e2ad,1512,0.6,42.63680594328327,0.06646661686177877,0.13022362477589738,0.5314090454469662,66.85239808415423,8.705761603479822,1.0,0.0,1.0,1.0,-0.02075183391571045,498.4808364636794,1.6709638833999634,1.6917157173156738,-0.1553162281930442,-0.050762045774723194,-0.01752873734383381,0.030010211859012745,-0.003223096571876638,middle,0.012266738260633042,0.03000625061004325,0.010361514741760215,2.950552762361626,0.5911939008958587,0.1553162281930442
d12-s11,12,11,d12-s11-s0-5fd1bf807f764954b30658872fc3e2ad,1638,0.65,80.33966165886318,0.03213550676491429,0.07073810575307934,0.588910187232443,158.34762605114798,11.201211117355168,1.0,0.0,1.0,1.0,-0.0033299922943115234,450.5865363056356,1.649437665939331,1.6527676582336426,-0.1304369928178829,-0.018963391495791952,-0.002895638113334806,0.01563339920148043,-0.00043435418097671763,middle,0.0020147975898018094,0.011473718886814763,0.0017519934510513428,3.3468210465089356,0.8243989059103451,0.1304369928178829
d12-s11,12,11,d12-s11-s0-5fd1bf807f764954b30658872fc3e2ad,1764,0.7,80.86930148350048,0.02568852199904699,0.07335332450825867,0.5752178248670128,158.72738317684178,11.643181246517592,1.0,0.0,1.0,1.0,-0.02637624740600586,395.28756665751433,1.5989048480987549,1.6252810955047607,-0.003239984311783953,-0.03913504977773016,-0.026290788778206668,0.012758802371724304,-8.545862779919117e-05,middle,0.016228729589581693,0.024078942335557074,0.016176148760311263,3.4122106099298137,0.3260198324568048,0.003239984311783953
d12-s11,12,11,d12-s11-s0-5fd1bf807f764954b30658872fc3e2ad,1890,0.75,100.9253622371596,0.017488823450886176,0.060835870725782254,0.5829513847433219,210.58383891793247,12.811051201350294,2.0,0.0,2.0,1.0,-0.0036940574645996094,340.58535234144256,1.5526206493377686,1.5563147068023682,0.020335224299183465,-0.012515147957086218,-0.0037707362316431303,0.008821090492486609,7.667876704352088e-05,late,0.002373592852688185,0.008041527785084074,0.002422862301025576,3.579252883123836,0.7048330968785717,0.020335224299183465
d12-s11,12,11,d12-s11-s0-5fd1bf807f764954b30658872fc3e2ad,2016,0.8,97.69104046185451,0.009690307714131593,0.0651309375996591,0.5681416272106969,200.63653638910418,13.067645731770476,1.0,0.0,1.0,1.0,-0.007965445518493652,282.68321166905946,1.5367252826690674,1.544690728187561,-0.006864281393682328,-0.012755922316094463,-0.007910768459028666,0.00479047679760081,-5.467705946498626e-05,late,0.005156660406604359,0.008257913434271355,0.005121263638521767,3.614919879025049,0.3755492295180057,0.006864281393682328
d12-s11,12,11,d12-s11-s0-5fd1bf807f764954b30658872fc3e2ad,2142,0.85,92.57648290136994,0.005264648654322563,0.06723672963987577,0.5621415821029194,182.09556116374654,12.243510014588288,1.0,0.0,1.0,1.0,0.002237677574157715,224.84320976552095,1.4982565641403198,1.496018886566162,0.012922424201683175,-0.0004235629718434263,0.0022087613553178555,0.002661240546001141,2.8916218839859353e-05,late,-0.0014957548960453932,0.0002831267543791761,-0.0014764261167769502,3.499072736395785,1.189286864530901,0.012922424201683175
d12-s11,12,11,d12-s11-s0-5fd1bf807f764954b30658872fc3e2ad,2268,0.9,80.92513361494018,0.002819003973235891,0.08070386506025212,0.5268056928996521,146.6770286935011,11.83740313111904,1.0,0.0,1.0,1.0,0.0015944242477416992,163.75203515903303,1.4804060459136963,1.4788116216659546,-0.012048741142544301,0.0002043673550595139,0.0016138693416774593,0.0013900568926821853,-1.944509393576009e-05,late,-0.0010781794140524142,-0.00013819701716252672,-0.00109132854924372,3.440552736279309,0.8718237286287044,0.012048741142544301
d12-s11,12,11,d12-s11-s0-5fd1bf807f764954b30658872fc3e2ad,2394,0.95,85.0662137618303,0.0008544460452725942,0.07639238969755151,0.5346936660520811,158.04267831878087,12.073257870973084,1.0,0.0,1.0,1.0,-0.0011838674545288086,100.53801842188894,1.4564968347549438,1.4576807022094727,-0.0007429257242629016,-0.0016102109515790186,-0.0011829879289427215,0.00042634349705021005,-8.795255860870928e-07,late,0.0008121582818064114,0.001104638998882505,0.0008115549085266843,3.474659389202499,0.2647749331428441,0.0007429257242629016
d12-s11,12,11,d12-s11-s0-5fd1bf807f764954b30658872fc3e2ad,2520,1.0,78.89407361457877,0.0002440263568888042,0.08558930526594943,0.5114470551508645,139.35085183529333,11.92694259680101,1.0,0.0,1.0,1.0,0.0017421245574951172,34.733360624951494,1.4258630275726318,1.4241209030151367,-4.797487490187748e-05,0.0016201949612682709,0.001742208139712673,0.00012192959622684633,-8.358221755574817e-08,late,-0.0012232982142223359,-0.0011376807670177495,-0.0012233569046167952,3.453540588555607,0.06998902328898952,4.797487490187748e-05
d12-s7,12,7,d12-s7-s0-6c217854f4174ce884dfb2b2dcc13c45,1,0.0003968253968253968,0.6630361128556064,0.0001772643640718741,1080.6111853305417,0.0029400699546923443,0.0041063801606883,4.437400332859204,1.0,1.0,1.0,1.0,-0.036357879638671875,33.01775508373145,10.358829498291016,10.395187377929688,0.00012034350639019851,-0.03645088778204698,-0.03636225560001104,9.300814337510205e-05,4.37596133916196e-06,early,0.003497568472489905,0.0035065157035492093,0.003497989432803564,2.106513786534331,0.0025516015942116783,0.00012034350639019851
d12-s7,12,7,d12-s7-s0-6c217854f4174ce884dfb2b2dcc13c45,2,0.0007936507936507937,0.6941965408058441,-0.0019793797836442505,3954.7728237234633,0.000767523297859429,0.0011227151057668192,4.44008318907043,1.0,1.0,1.0,1.0,-0.07011222839355469,51.75434755063617,10.288717269897461,10.358829498291016,6.813562760732551e-05,-0.06912731596793276,-0.07011700585975489,-0.000984912425621931,4.777466200200919e-06,early,0.006768354320835351,0.006673274811535152,0.00676881551832885,2.107150490370925,0.014047655426003726,6.813562760732551e-05
d12-s7,12,7,d12-s7-s0-6c217854f4174ce884dfb2b2dcc13c45,3,0.0011904761904761906,0.7872788571897504,-0.009423944234690583,,-0.010503160684521418,-0.017485297688507477,4.4714550069089665,1.0,1.0,1.0,1.0,-0.11188888549804688,69.90133431741057,10.176828384399414,10.288717269897461,-0.0005318719296950298,-0.10711740282326031,-0.1118293749406056,-0.004771482674786567,-5.951055744127243e-05,early,0.010874911085894964,0.010411152334476372,0.010869127025950448,2.1145815205162855,0.04264483155362074,0.0005318719296950298
d12-s7,12,7,d12-s7-s0-6c217854f4174ce884dfb2b2dcc13c45,5,0.001984126984126984,1.463027550161658,-0.058423793249147024,,-0.13852544656599622,-0.4443569948640708,4.807285503749506,1.0,1.0,1.0,1.0,-0.2779254913330078,128.0279885235104,9.721867561340332,9.99979305267334,-0.008296740629153544,-0.24640771899261427,-0.2756196156171878,-0.031517772340393546,-0.002305875715820027,early,0.02779312430457822,0.024641281844001738,0.027562531960949307,2.1925522807334623,0.11340367588890662,0.008296740629153544
d12-s7,12,7,d12-s7-s0-6c217854f4174ce884dfb2b2dcc13c45,9,0.0035714285714285713,132.10556213773745,0.39544426215547374,0.06592136147731201,0.5236366120099774,315.4484397367994,20.794790623343626,1.0,0.0,1.0,1.0,-0.4593067169189453,266.0123162725466,7.187461853027344,7.646768569946289,0.1586638583418517,-0.7436474683795674,-0.5459253373018306,0.2843407514606221,0.08661862038288526,early,0.06006546591773883,0.09724989864376016,0.07139294622403684,4.56013054893647,0.3823596039131419,0.1586638583418517
d12-s7,12,7,d12-s7-s0-6c217854f4174ce884dfb2b2dcc13c45,17,0.006746031746031746,8.205618901101321,0.08700712794668103,0.41387536899252286,0.591848119789394,9.761415771773997,4.0400095544323955,1.0,0.0,1.0,1.0,-0.07781696319580078,375.1012175893818,5.222262382507324,5.300079345703125,0.0002754455795005358,-0.12134196741328421,-0.07783840343994369,0.043525004217483426,2.144024414291179e-05,early,0.014682226080046984,0.02289436808368887,0.014686271348569294,2.009977500976664,0.3586970373509736,0.0002754455795005358
d12-s7,12,7,d12-s7-s0-6c217854f4174ce884dfb2b2dcc13c45,33,0.013095238095238096,4.132109718651568,0.18025818395141815,0.7646755579936796,0.5666651909767116,4.192508670297602,3.2059089068531588,1.0,0.0,1.0,1.0,-0.03090953826904297,598.8455477524233,4.820351600646973,4.851261138916016,-0.31948740538857756,-0.11116342206141656,-0.021034330085707487,0.0802538837923736,-0.009875208183335482,early,0.006371443916117349,0.02291433482516164,0.004335847830778179,1.790505209948622,0.7219450634403303,0.31948740538857756
d12-s7,12,7,d12-s7-s0-6c217854f4174ce884dfb2b2dcc13c45,41,0.01626984126984127,4.467645076397606,0.38361150368248387,0.6665684067873251,0.6055238674708995,4.878255984515916,3.2516913194995083,1.0,0.0,1.0,1.0,-0.08069896697998047,743.6350937298333,4.561159133911133,4.641858100891113,-0.5941694187760707,-0.2245558605148981,-0.03275010867365616,0.14385689353491762,-0.04794885830632431,early,0.017385056851369155,0.04837628717512699,0.0070553877266022,1.8032446643479936,0.6406285420699296,0.5941694187760707
d12-s7,12,7,d12-s7-s0-6c217854f4174ce884dfb2b2dcc13c45,65,0.025793650793650792,6.405089163055854,0.23008880730358952,0.4012023227137871,0.675469763525642,7.509752508488807,3.0129301494113987,1.0,0.0,1.0,1.0,-0.09890413284301758,891.0789647021637,3.8644614219665527,3.9633655548095703,-0.012532627176977128,-0.21270900787162858,-0.09766460421983382,0.113804875028611,-0.0012395286231837582,early,0.024954582532261443,0.053668783494751016,0.024641836053027503,1.7357794068980652,0.5350261193324406,0.012532627176977128
d12-s7,12,7,d12-s7-s0-6c217854f4174ce884dfb2b2dcc13c45,127,0.0503968253968254,5.699538472379278,0.28127026834207514,0.6497290725596204,0.4916011381104792,5.100789934343602,3.3141315133625158,1.0,0.0,1.0,1.0,0.05149126052856445,1157.1430983026435,2.994936943054199,2.9434456825256348,-0.1706611800389591,-0.07854801212967055,0.062087122041367016,0.130039272658235,-0.010595861512802562,early,-0.017493531759139574,0.026685735223852383,-0.021093347300396904,1.8204756283352204,1.6555386843343711,0.1706611800389591
d12-s7,12,7,d12-s7-s0-6c217854f4174ce884dfb2b2dcc13c45,253,0.1003968253968254,13.251205729942278,0.3137771951378944,0.3687556337225232,0.45224870356744135,13.24354093966755,4.883630331937288,1.0,0.0,1.0,1.0,-0.07379841804504395,785.4066289487903,2.4630041122436523,2.5368025302886963,-0.2172588433916478,-0.2146536566653916,-0.05776505909644439,0.14085523862034766,-0.016033358948599558,early,0.029091116538994245,0.08461583197844072,0.02277081420676072,2.209893737702627,0.6561977131371068,0.2172588433916478
d12-s7,12,7,d12-s7-s0-6c217854f4174ce884dfb2b2dcc13c45,379,0.1503968253968254,11.13725547587876,0.22863271192998885,0.5544521654894169,0.3500309542417389,8.426230826058326,4.671941928421717,1.0,0.0,1.0,1.0,-0.006677389144897461,741.6814793301797,2.15519118309021,2.1618685722351074,-0.8193759601612035,-0.11552245296792153,-0.0012060970029271062,0.10884506382302407,-0.005471292141970355,early,0.0030887118813119423,0.05343639037616679,0.0005578956179006523,2.161467540450635,0.942198343496466,0.8193759601612035
d12-s7,12,7,d12-s7-s0-6c217854f4174ce884dfb2b2dcc13c45,401,0.15912698412698412,13.139405957271737,0.15960870998292576,0.3968610620429075,0.41888700983437616,12.022194149534279,4.771140738270203,1.0,0.0,1.0,1.0,0.061517953872680664,744.7142645928112,2.1708438396453857,2.109325885772705,-0.1520661604019612,-0.007253937730320051,0.07255041726114282,0.06877189160300072,-0.011032463388462158,early,-0.029164746086707657,0.00343898388544297,-0.03439507273413353,2.184294105259226,1.117915783501724,0.1520661604019612
d12-s7,12,7,d12-s7-s0-6c217854f4174ce884dfb2b2dcc13c45,505,0.2003968253968254,8.288297790735793,0.15068331117039896,0.5287406628368188,0.45478262437567457,7.512441982967793,3.972133553597536,1.0,0.0,1.0,1.0,0.11857080459594727,734.8830682019277,2.144789934158325,2.026219129562378,-0.0221745896499215,0.045918032842714104,0.12125968842791358,0.07265277175323316,-0.0026888838319663183,early,-0.05851825346331428,-0.022661928402892665,-0.05984529839776175,1.9930212125307487,0.6127374441019559,0.0221745896499215
d12-s7,12,7,d12-s7-s0-6c217854f4174ce884dfb2b2dcc13c45,631,0.2503968253968254,9.573127320168078,0.10145607382812442,0.4286478894637664,0.4702798535359732,8.68802592512015,3.7241039764092396,1.0,0.0,1.0,1.0,0.034787654876708984,722.8582468897456,1.974252462387085,1.939464807510376,-0.05623917254696701,-0.013867368548972416,0.0368606683650898,0.0486550234256814,-0.0020730134883808135,middle,-0.017936729113102443,0.007150100633572969,-0.01900558763549134,1.929793765252971,1.3986290136003645,0.05623917254696701
d12-s7,12,7,d12-s7-s0-6c217854f4174ce884dfb2b2dcc13c45,757,0.3003968253968254,11.119560161026023,0.11190091410203568,0.3777957245304974,0.5010139580776866,11.725514475968428,4.429849236941328,1.0,0.0,1.0,1.0,0.0503617525100708,733.6820171687967,1.9139361381530762,1.8635743856430054,-0.02964606157922356,-0.0040500622404056105,0.051900394810612226,0.05441181475047641,-0.0015386423005414249,middle,-0.02702427812812744,0.0021732764045306312,-0.027849918527778315,2.104720702834779,1.080419406365887,0.02964606157922356
d12-s7,12,7,d12-s7-s0-6c217854f4174ce884dfb2b2dcc13c45,883,0.3503968253968254,25.10775938796417,0.10078842303708642,0.17051839744657468,0.5785008551033215,35.97453334582263,6.134319775018037,1.0,0.0,1.0,1.0,-0.0846712589263916,746.5848959711208,1.8037762641906738,1.8884475231170654,-0.04876776111046692,-0.13093624271669005,-0.08054203119814685,0.04626498379029845,-0.004129227728244755,middle,0.044836437279778624,0.06933538852091961,0.04264986461747395,2.4767558973419317,0.35333978454233733,0.04876776111046692
d12-s7,12,7,d12-s7-s0-6c217854f4174ce884dfb2b2dcc13c45,1009,0.4003968253968254,40.500244673384195,0.09931339498084343,0.11920153707001527,0.5807799500705062,65.9508472992745,7.8614423691433855,1.0,0.0,1.0,1.0,-0.013015985488891602,700.1203599353225,1.86788010597229,1.8808960914611816,-0.2699998904465991,-0.05915836832325806,-0.009501670832836345,0.04614238283436646,-0.0035143146560552563,middle,0.0069200981106723874,0.03145222566617205,0.005051672378911126,2.8038263799927745,0.7799806543383926,0.2699998904465991
d12-s7,12,7,d12-s7-s0-6c217854f4174ce884dfb2b2dcc13c45,1135,0.4503968253968254,44.38369677611289,0.10276097447981825,0.11336725616317245,0.5786741358704174,74.78297252409213,8.47794040278224,1.0,0.0,1.0,1.0,0.03430354595184326,646.8618200703519,1.8521184921264648,1.8178149461746216,-0.00728356489638402,-0.016825256018958516,0.03455523122095061,0.051128801970801774,-0.000251685269107349,middle,-0.018870758007590957,0.009255758433698268,-0.019009212842961844,2.911690299943014,1.4904815392140074,0.00728356489638402
d12-s7,12,7,d12-s7-s0-6c217854f4174ce884dfb2b2dcc13c45,1261,0.5003968253968254,72.94483498099834,0.07423652393061766,0.07309810081049109,0.6170058219889594,148.07226164716096,10.823801109121586,1.0,0.0,1.0,1.0,-0.0498279333114624,597.7029051743219,1.7501540184020996,1.799981951713562,-0.027723786865012503,-0.0855647762737202,-0.04844651430841136,0.03573684296225779,-0.0013814190030510404,middle,0.02768246274026625,0.04753646345857163,0.02691500004335646,3.2899545755407607,0.4176583463262531,0.027723786865012503
d12-s7,12,7,d12-s7-s0-6c217854f4174ce884dfb2b2dcc13c45,1386,0.55,61.36339545856726,0.05645600387437545,0.09229425003684788,0.5606467588760858,109.23757290289501,10.08199986691819,1.0,0.0,1.0,1.0,0.04665875434875488,557.5651593573068,1.7645103931427002,1.7178516387939453,-0.017710712962463217,0.019272011515541587,0.04750001345272931,0.027386742833213296,-0.0008412591039744302,middle,-0.02716110826748267,-0.01121867050700136,-0.027650824075865898,3.1752165070933653,0.5869582935821374,0.017710712962463217
d12-s7,12,7,d12-s7-s0-6c217854f4174ce884dfb2b2dcc13c45,1512,0.6,76.0184848943313,0.06124042694733624,0.07665011353770664,0.5893156003881784,153.83214556496733,11.79125142330376,1.0,0.0,1.0,1.0,-0.04879355430603027,496.8683886568325,1.656099796295166,1.7048933506011963,-0.03174726383965185,-0.07786470593747047,-0.04724449246380235,0.029071151631440195,-0.0015490618422279237,middle,0.02861971060466874,0.04567130601454516,0.02771111310108784,3.433839166778747,0.3733546705330896,0.03174726383965185
d12-s7,12,7,d12-s7-s0-6c217854f4174ce884dfb2b2dcc13c45,1638,0.65,44.08140921791231,0.036257294741006536,0.13498286510224256,0.5451183790883966,77.94194361071344,10.520826860211528,1.0,0.0,1.0,1.0,-0.011751770973205566,449.2651132580619,1.6238923072814941,1.6356440782546997,-0.015520377470768164,-0.029698026422254668,-0.0115693790517514,0.0179462554490491,-0.00018239192145416694,middle,0.007184797187506218,0.018156778003894158,0.007073286423105208,3.2435824115029863,0.6042911806287842,0.015520377470768164
d12-s7,12,7,d12-s7-s0-6c217854f4174ce884dfb2b2dcc13c45,1764,0.7,59.84492371852204,0.02464422726694251,0.11010352736249714,0.5105548558897803,102.78759160728944,11.317276405058374,1.0,0.0,1.0,1.0,-0.002817869186401367,391.98374152002106,1.5978713035583496,1.600689172744751,-0.05658695412246901,-0.01498052818549861,-0.002658414552027354,0.012162658999097242,-0.00015945463437401323,middle,0.0017604099748919275,0.009358798972701888,0.0016607937364059812,3.3641159916177643,0.8118978749274602,0.05658695412246901
d12-s7,12,7,d12-s7-s0-6c217854f4174ce884dfb2b2dcc13c45,1890,0.75,85.8324484762081,0.01633465289439403,0.07452615302178349,0.5599428097647936,172.1468385368341,12.829441631012354,1.0,0.0,1.0,1.0,-0.0091172456741333,339.3600090350851,1.5243653059005737,1.533482551574707,-0.02917608529736068,-0.01701856658386481,-0.008851240136667795,0.007901320909731509,-0.00026600553746550584,late,0.005945451198496492,0.011097985149155257,0.005771986207197863,3.58182099371428,0.4642765223965865,0.02917608529736068
d12-s7,12,7,d12-s7-s0-6c217854f4174ce884dfb2b2dcc13c45,2016,0.8,83.63023801981873,0.007971370483502969,0.07962233342837435,0.5400816459849157,162.4352958425821,12.933477286114702,1.0,0.0,1.0,1.0,-0.0028737783432006836,281.5511478037834,1.5263608694076538,1.5292346477508545,-0.010742758261996138,-0.006828591278912603,-0.002842906037161119,0.00395481293571192,-3.0872306039564715e-05,late,0.001879226544747294,0.00446536526553061,0.0018590384682575477,3.596314403123662,0.5791550224897472,0.010742758261996138
d12-s7,12,7,d12-s7-s0-6c217854f4174ce884dfb2b2dcc13c45,2142,0.85,83.42190844956565,0.004831517813078921,0.07596227240516723,0.5568902809223567,163.94473236562118,12.453614419349552,1.0,0.0,1.0,1.0,0.006289482116699219,224.55596143165766,1.493577003479004,1.4872875213623047,-0.0010850001647627844,0.0038805547114727,0.00629631361801216,0.002408927405226519,-6.831501312941357e-06,late,-0.004228827329189361,-0.0026091489747175744,-0.0042334205912283535,3.528967897183191,0.38300886472521645,0.0010850001647627844
d12-s7,12,7,d12-s7-s0-6c217854f4174ce884dfb2b2dcc13c45,2268,0.9,83.28752371078218,0.002383574894509961,0.0788251689089705,0.5445961350308337,162.1712706675336,12.783177802550709,1.0,0.0,1.0,1.0,0.004132747650146484,163.57356756934382,1.4635887145996094,1.459455966949463,-0.0011481380302560261,0.002945710621774668,0.004137498069029648,0.0011870370283718163,-4.750418883163812e-06,late,-0.0028317042403031203,-0.0020183621078556802,-0.0028349591647343743,3.5753570174949956,0.2872270772036473,0.0011481380302560261
d12-s7,12,7,d12-s7-s0-6c217854f4174ce884dfb2b2dcc13c45,2394,0.95,74.8325821632381,0.0008178525994593247,0.08869898180577553,0.5311896731137427,140.1520141555586,12.431340953626686,1.0,0.0,1.0,1.0,-0.0008748769760131836,100.34143871201437,1.4216042757034302,1.4224791526794434,0.0007049073350195176,-0.001284420417968559,-0.0008754941182388966,0.00040954344195537535,6.171422257130431e-07,late,0.0006150367647675028,0.0009029449855550916,0.0006154706145181656,3.525810680343839,0.3188546648947778,0.0007049073350195176
d12-s7,12,7,d12-s7-s0-6c217854f4174ce884dfb2b2dcc13c45,2520,1.0,70.97419166731912,0.00020189608108258777,0.09689971173255252,0.5091055425321235,126.51413350331602,12.259183066564987,1.0,0.0,1.0,1.0,0.0020166635513305664,34.787689252278184,1.3974347114562988,1.3954180479049683,5.757624753851125e-05,0.001915599398869439,0.002016547439410733,0.00010106415246112737,1.1611191983330188e-07,late,-0.001445203861565582,-0.0013727781446896525,-0.001445120652150305,3.5013116208879476,0.05011453318251657,5.757624753851125e-05
d12-s8,12,8,d12-s8-s0-2b2e72e4395440029b92226213d137bb,1,0.0003968253968253968,0.6209982777604061,0.00028301714287487577,877.8500135121153,0.0038380872022656548,0.004986901465134238,4.377751518551678,1.0,1.0,1.0,1.0,-0.03520011901855469,33.01294544931292,10.363311767578125,10.39851188659668,0.00013466953552790495,-0.03534636861214213,-0.035204860040704694,0.00014624959358744416,4.741022150006602e-06,early,0.0033851111969133217,0.003399175670290128,0.0033855671296661722,2.0923077016900926,0.004137612980621854,0.00013466953552790495
d12-s8,12,8,d12-s8-s0-2b2e72e4395440029b92226213d137bb,2,0.0007936507936507937,0.6472046202295308,-0.0019156122009372346,953.1486474614816,0.0033922774900450392,0.004594376637708098,4.379123878160103,1.0,1.0,1.0,1.0,-0.06773853302001953,51.71394790440128,10.295573234558105,10.363311767578125,0.00013069096179636028,-0.06678958089071599,-0.0677473869911846,-0.000948952129303543,8.853971165068142e-06,early,0.006536378962557239,0.006444810538236322,0.006537233319867299,2.0926356295734103,0.014009044586529332,0.00013069096179636028
d12-s8,12,8,d12-s8-s0-2b2e72e4395440029b92226213d137bb,3,0.0011904761904761906,0.7246674982134679,-0.009166405999069902,,-0.003666174921826589,-0.005575797167275218,4.404635780141338,1.0,1.0,1.0,1.0,-0.10800838470458984,69.69004422972924,10.187564849853516,10.295573234558105,-0.00045368506856320595,-0.10337617991363479,-0.10795938291316974,-0.004632204790955052,-4.900179142010297e-05,early,0.010490759692918222,0.010040837703591137,0.010486000191887659,2.098722416171643,0.042887455484353756,0.00045368506856320595
d12-s8,12,8,d12-s8-s0-2b2e72e4395440029b92226213d137bb,5,0.001984126984126984,1.3095201068089986,-0.055724911200504365,,-0.11616923785066684,-0.32965714672602303,4.695894900163975,1.0,1.0,1.0,1.0,-0.26793479919433594,126.50251549415786,9.748254776000977,10.016189575195312,-0.007763993164863095,-0.23799209964450996,-0.26585455524476215,-0.02994269954982598,-0.00208024394957379,early,0.0267501725264731,0.023760742331982988,0.026542484369818656,2.167001361366433,0.1117536790288604,0.007763993164863095
d12-s8,12,8,d12-s8-s0-2b2e72e4395440029b92226213d137bb,9,0.0035714285714285713,101.65200645377409,0.49834132512202645,0.10317039597131165,0.40958761223676904,178.84657780307367,18.451672250057108,1.0,0.0,1.0,1.0,-0.38022327423095703,270.9484504881861,7.251194953918457,7.631418228149414,0.24175684633682532,-0.750623623123924,-0.5014529605629108,0.370400348892967,0.12122968633195375,early,0.049823409340672385,0.09835964963303381,0.0657090131311688,4.295540972922631,0.4934568237426973,0.24175684633682532
d12-s8,12,8,d12-s8-s0-2b2e72e4395440029b92226213d137bb,17,0.006746031746031746,8.388140349543585,0.09128265927932197,0.4014057144365423,0.6012425334349936,10.209731474864777,4.0982445568733485,1.0,0.0,1.0,1.0,-0.08297491073608398,377.6239238110689,5.230474948883057,5.313449859619141,0.002319289732083292,-0.12880913060255816,-0.08316780096289718,0.04583421986647418,0.00019289022681319434,early,0.015616014628588495,0.024242090168475023,0.015652316886426498,2.024412150939958,0.35583051956072986,0.002319289732083292
d12-s8,12,8,d12-s8-s0-2b2e72e4395440029b92226213d137bb,33,0.013095238095238096,4.4021545120935395,0.23242713993469188,0.7116325734949981,0.5809385292354444,4.654218244906793,3.3120933072303944,1.0,0.0,1.0,1.0,-0.03239631652832031,597.0761920173471,4.820578575134277,4.852974891662598,-0.4932833435662802,-0.13262932315934486,-0.016415753191998922,0.10023300663102455,-0.01598056333632139,early,0.0066755582403645085,0.027329488843472447,0.00338261655138607,1.819915741794217,0.755737903529837,0.4932833435662802
d12-s8,12,8,d12-s8-s0-2b2e72e4395440029b92226213d137bb,41,0.01626984126984127,4.327025746154284,0.24036162698501812,0.6778625778289687,0.6124799800135952,4.761068310071593,3.2273500378849422,1.0,0.0,1.0,1.0,-0.10455799102783203,735.3207273706414,4.5176591873168945,4.622217178344727,-0.15539631169781123,-0.20849087835608315,-0.0883100648635741,0.10393288732825112,-0.016247926164257936,early,0.022620743897039376,0.04510624886534352,0.019105563727578684,1.7964826851057993,0.49850088477608767,0.15539631169781123
d12-s8,12,8,d12-s8-s0-2b2e72e4395440029b92226213d137bb,65,0.025793650793650792,5.31874834918394,0.18507776768782258,0.4787918355062089,0.6737506889303534,6.148427635057807,2.9438169528664266,1.0,0.0,1.0,1.0,-0.11310768127441406,860.8701060751855,3.862614870071411,3.975722551345825,-0.001959350520735122,-0.2054249475241212,-0.1128860636802099,0.09231726624970713,-0.00022161759420416538,early,0.02844959119094613,0.051669839852024536,0.028393848469631448,1.715755504979199,0.44939656727363725,0.001959350520735122
d12-s8,12,8,d12-s8-s0-2b2e72e4395440029b92226213d137bb,127,0.0503968253968254,5.392451627607319,0.27850140264841927,0.7788815360777447,0.40662097903903077,3.744755679347188,2.916721055765796,1.0,0.0,1.0,1.0,0.04543137550354004,1183.6339646480233,2.977428436279297,2.931997060775757,-0.13465631976218337,-0.08674973952016152,0.05250096180404812,0.13218111502370156,-0.0070695863005080795,early,-0.01549502764218995,0.029587253234561225,-0.017906212290048223,1.707841051083442,1.523706189261598,0.13465631976218337
d12-s8,12,8,d12-s8-s0-2b2e72e4395440029b92226213d137bb,253,0.1003968253968254,7.809685508047123,0.2965132560201289,0.7231334577197072,0.36431438004590816,5.853803963061918,4.23308150062229,1.0,0.0,1.0,1.0,0.04949522018432617,798.7063184314208,2.4424471855163574,2.3929519653320312,-0.35210578382438595,-0.07186264431858122,0.07639398369148323,0.12135786450290739,-0.02689876350715706,early,-0.02068374998804396,0.030030959818539444,-0.031924578845812006,2.057445382172341,1.688747549629598,0.35210578382438595
d12-s8,12,8,d12-s8-s0-2b2e72e4395440029b92226213d137bb,379,0.1503968253968254,10.368270695040112,0.19908866805952352,0.463730061034626,0.43658173382151605,9.50186874007483,4.406302170777906,1.0,0.0,1.0,1.0,-0.05783224105834961,745.1625986514217,2.124340057373047,2.1821722984313965,-0.09530405234031221,-0.15186492815932887,-0.052320594129567105,0.09403268710097926,-0.005511646928782504,early,0.026502142429321904,0.06959346348063047,0.023976380860107397,2.099119379830005,0.6191863272231295,0.09530405234031221
d12-s8,12,8,d12-s8-s0-2b2e72e4395440029b92226213d137bb,401,0.15912698412698412,8.489398795339026,0.1364708548421134,0.6050802476829854,0.3901942335179556,6.639395510659162,4.017367080054947,1.0,0.0,1.0,1.0,0.039244651794433594,747.3352092818327,2.2084195613861084,2.169174909591675,-0.14694527817394706,-0.022230580615418834,0.04600484680563787,0.06147523240985243,-0.006760195011204277,early,-0.01809197203088662,0.010248403905613823,-0.021208454238620073,2.0043370674751655,1.5664614055404102,0.14694527817394706
d12-s8,12,8,d12-s8-s0-2b2e72e4395440029b92226213d137bb,505,0.2003968253968254,8.676950811954656,0.10646695242508472,0.4421079657012003,0.5022406150750307,8.396267594616255,3.712056785738703,1.0,0.0,1.0,1.0,-0.059113502502441406,724.7753248926746,1.9577760696411133,2.0168895721435547,-0.03884420096913278,-0.1100507619437896,-0.05681728573124724,0.05093725944134819,-0.0022962167711941678,early,0.02930924098120823,0.05456459464304107,0.028170746934281433,1.9266698694220303,0.46285240139786865,0.03884420096913278
d12-s8,12,8,d12-s8-s0-2b2e72e4395440029b92226213d137bb,631,0.2503968253968254,9.39077689095571,0.10960430314739394,0.8064376849693682,0.2601382415891369,4.812627628532099,3.8810842833730463,1.0,0.0,1.0,1.0,-0.07305240631103516,724.8620538442336,1.9497687816619873,2.0228211879730225,0.1065211868834921,-0.13656391832026812,-0.08176176674657115,0.06351151200923297,0.008709360435535995,middle,0.03611411959958639,0.06751161157112094,0.04041967091935641,1.9700467718744767,0.46506802668246894,0.1065211868834921
d12-s8,12,8,d12-s8-s0-2b2e72e4395440029b92226213d137bb,757,0.3003968253968254,12.296497420631413,0.1436499095370223,0.3136153898012159,0.5315171557564863,13.396606036507782,4.20138182415271,1.0,0.0,1.0,1.0,-0.022208690643310547,740.9924173195923,1.8953521251678467,1.9175608158111572,-0.13518862689709352,-0.09103128301857022,-0.019206328250059065,0.06882259237525967,-0.0030023623932514815,middle,0.011581739916768134,0.04747243595508214,0.010016020400340992,2.049727256039864,0.7560323230995216,0.13518862689709352
d12-s8,12,8,d12-s8-s0-2b2e72e4395440029b92226213d137bb,883,0.3503968253968254,11.733259874090017,0.10480946789147572,0.3542238055934124,0.5045611878332701,12.414887969033433,4.397648862406893,1.0,0.0,1.0,1.0,0.05836629867553711,750.17450135845,1.966018795967102,1.907652497291565,0.04747602711414653,0.003190564751327074,0.055595298697064935,0.05517573392421003,0.0027709999784721745,middle,-0.030595875694553413,-0.00167250836085553,-0.029143305070497737,2.0970571910195708,0.9453354962756216,0.04747602711414653
d12-s8,12,8,d12-s8-s0-2b2e72e4395440029b92226213d137bb,1009,0.4003968253968254,12.622988337372595,0.08357420687175102,0.37240027808544385,0.46302854613254885,12.721838895213468,4.737616342335711,1.0,0.0,1.0,1.0,0.03631114959716797,694.9052264613831,1.9756205081939697,1.9393093585968018,-0.024414133022755746,-0.0045672637208184885,0.03721983971505702,0.04087841331798646,-0.0009086901178890494,middle,-0.018723753090863805,0.002355098066521557,-0.019192316867891385,2.17660661175503,1.125781303304556,0.024414133022755746
d12-s8,12,8,d12-s8-s0-2b2e72e4395440029b92226213d137bb,1135,0.4503968253968254,23.037180143610087,0.06375458012890803,0.21860094989281317,0.4998988437046752,28.991784372060817,6.33763160282011,1.0,0.0,1.0,1.0,-0.03958559036254883,641.9849775166455,1.8894133567810059,1.9289989471435547,-0.0038034115826107123,-0.07131232013411344,-0.03943503006965943,0.03172672977156461,-0.0001505602928894012,middle,0.02052131258089427,0.03696856353380188,0.02044326158293372,2.517465313131466,0.44489829684264615,0.0038034115826107123
d12-s8,12,8,d12-s8-s0-2b2e72e4395440029b92226213d137bb,1261,0.5003968253968254,19.31499513652803,0.0855532459105189,0.26325628945682183,0.48118361936825954,22.739956573255988,5.986436589884637,1.0,0.0,1.0,1.0,0.01018524169921875,597.7934784580508,1.7365999221801758,1.726414680480957,-0.1497241420293741,-0.030797873230989828,0.01197874972426962,0.04098311493020858,-0.0017935080250508703,middle,-0.005899649611634021,0.017839209535920962,-0.006938512432559074,2.4467195568525293,1.330712501568778,0.1497241420293741
d12-s8,12,8,d12-s8-s0-2b2e72e4395440029b92226213d137bb,1386,0.55,36.15639676145551,0.05922741736238428,0.15790424385322815,0.4844240404195243,48.441263743443145,7.649081122703186,1.0,0.0,1.0,1.0,0.010822415351867676,552.1323263530812,1.7626384496688843,1.7518160343170166,-0.1602943862216965,-0.01672536403482066,0.01288834464637148,0.027547779386688336,-0.0020659292945038044,middle,-0.006177826404064756,0.00954744317164639,-0.007357133622421877,2.765697221805595,1.64706605663927,0.1602943862216965
d12-s8,12,8,d12-s8-s0-2b2e72e4395440029b92226213d137bb,1512,0.6,36.38874503713965,0.05024481832946188,0.1536598078800576,0.5073524174746181,52.373778854559475,8.047744796744231,1.0,0.0,1.0,1.0,-0.034900665283203125,499.0647319936152,1.6598994731903076,1.6948001384735107,-0.0273064765059265,-0.05907006025133708,-0.033947651086606134,0.024169394968133952,-0.0009530141965969907,middle,0.020592791144469578,0.034853702752550446,0.020030474576891666,2.836854736630734,0.40916489445407106,0.0273064765059265
d12-s8,12,8,d12-s8-s0-2b2e72e4395440029b92226213d137bb,1638,0.65,57.09764096260711,0.027822403922625503,0.0965760695818154,0.562034784199295,99.45628821009375,9.605097410527101,1.0,0.0,1.0,1.0,-0.039404988288879395,448.57704557468935,1.663509726524353,1.7029147148132324,-0.009632468278351637,-0.052936622950490696,-0.039025420989177946,0.013531634661611301,-0.0003795672997014485,middle,0.02313973092492841,0.031085892023838983,0.022916838200824442,3.099209158886683,0.25561952968301066,0.009632468278351637
d12-s8,12,8,d12-s8-s0-2b2e72e4395440029b92226213d137bb,1764,0.7,45.27135846308894,0.024501894685577882,0.12672784707564555,0.5205802027742842,70.38731624923406,8.920033049698036,1.0,0.0,1.0,1.0,0.01533055305480957,395.3803660889621,1.6526381969451904,1.6373076438903809,-0.01788707585825285,0.0033588187828393285,0.015609766125628269,0.011971734271970243,-0.0002792130708186985,middle,-0.009363269701949773,-0.00205142802293312,-0.009533801533191496,2.9866424375371814,0.7809068746032235,0.01788707585825285
d12-s8,12,8,d12-s8-s0-2b2e72e4395440029b92226213d137bb,1890,0.75,55.9615054436957,0.016601311861538202,0.10541492933914423,0.5362184828949383,94.92147089292698,10.006140146945533,1.0,0.0,1.0,1.0,-0.007002115249633789,339.8454025678647,1.5642979145050049,1.5713000297546387,-0.023142357893020663,-0.015140725723287687,-0.006840069792518586,0.008138610473653898,-0.00016204545711520288,late,0.0044562560408830275,0.009635795479270714,0.004353127768721977,3.1632483536620284,0.5375310683513699,0.023142357893020663
d12-s8,12,8,d12-s8-s0-2b2e72e4395440029b92226213d137bb,2016,0.8,55.91939457478376,0.006263414382650963,0.11074793679020065,0.5147303039668621,91.75295087994515,10.16145000436655,1.0,0.0,1.0,1.0,-0.007063508033752441,281.864718961602,1.567455530166626,1.5745190382003784,0.00646349463438761,-0.010241167181578316,-0.007109459990252834,0.003177659147825874,4.5951956500392584e-05,late,0.004486136948731843,0.006504314608531898,0.004515321706353392,3.187702935401376,0.31028290930957636,0.00646349463438761
d12-s8,12,8,d12-s8-s0-2b2e72e4395440029b92226213d137bb,2142,0.85,59.50829057241195,0.00440692334973212,0.10218298569526449,0.5266545783571712,100.36568802282375,10.255665663531577,1.0,0.0,1.0,1.0,0.010391592979431152,224.7778053822661,1.5368226766586304,1.5264310836791992,0.0008124636936385773,0.008179688512550236,0.010383150187416295,0.0022119044668809165,8.442792014857342e-06,late,-0.006807770812937069,-0.005358701483485586,-0.006802239746316945,3.2024468244658766,0.21285518700156006,0.0008124636936385773
d12-s8,12,8,d12-s8-s0-2b2e72e4395440029b92226213d137bb,2268,0.9,54.54976505508136,0.002877212762600196,0.11402896056908585,0.5109930287544194,88.59942124606692,10.102899911711592,1.0,0.0,1.0,1.0,0.004610776901245117,163.3438621536917,1.5085768699645996,1.5039660930633545,-0.0005396792478905297,0.0031746602041861933,0.004613266585486291,0.001436116697058924,-2.4896842411737535e-06,late,-0.00306574524685836,-0.0021108588942453377,-0.0030674006593391714,3.1785059244417955,0.3114695696230949,0.0005396792478905297
d12-s8,12,8,d12-s8-s0-2b2e72e4395440029b92226213d137bb,2394,0.95,60.90067729495773,0.0007082150918647683,0.10051394374369613,0.5329882509669045,105.90240667062449,10.644668546413179,1.0,0.0,1.0,1.0,-0.002348780632019043,100.28761856160402,1.4812953472137451,1.4836441278457642,0.0005249721108094817,-0.0027041218699315295,-0.0023500143239991453,0.0003553412379124865,1.2336919801023485e-06,late,0.0015831159156943168,0.001822621624134277,0.0015839474439273667,3.262616824944845,0.13140725714462123,0.0005249721108094817
d12-s8,12,8,d12-s8-s0-2b2e72e4395440029b92226213d137bb,2520,1.0,57.44348523261391,0.00017037161907781413,0.11014001144945969,0.5114550000195646,95.06957184561833,10.470963731571633,1.0,0.0,1.0,1.0,0.0013059377670288086,34.78730351631698,1.4486113786697388,1.44730544090271,0.00018080658827971858,0.0012205158353377394,0.0013057016448766465,8.542193169106915e-05,2.3612215216211284e-07,late,-0.0009023235387094739,-0.0008433021813118329,-0.0009021603926689153,3.235886853950804,0.06541041529522193,0.00018080658827971858
d12-s9,12,9,d12-s9-s0-b872e698e81b4a8fa0cd08512f43c2c2,1,0.0003968253968253968,0.6475692512873632,0.00018734357975471816,2831.381568008452,0.0011404994979344854,0.0015444044171258524,4.372798200200975,1.0,1.0,1.0,1.0,-0.03537559509277344,33.02409183683824,10.361360549926758,10.396736145019531,0.00013167422322383205,-0.035473925550082136,-0.035380253760204775,9.83304573086985e-05,4.658667431337027e-06,early,0.003402567363385462,0.0034120251832182565,0.0034030154528018283,2.0911236692747215,0.0027719079798449544,0.00013167422322383205
d12-s9,12,9,d12-s9-s0-b872e698e81b4a8fa0cd08512f43c2c2,2,0.0007936507936507937,0.6223024475117509,-0.0019023970496449371,1442.2493008869376,0.002330172880263279,0.0030326315026537,4.3738106645500014,1.0,1.0,1.0,1.0,-0.06815433502197266,51.83510439056026,10.293206214904785,10.361360549926758,0.00015826967176325724,-0.06721392496887124,-0.0681651234936937,-0.0009404100531014148,1.0788471721048798e-05,early,0.006577739930346736,0.00648697867862019,0.006578781151880247,2.091365741459394,0.013798242662014541,0.00015826967176325724
d12-s9,12,9,d12-s9-s0-b872e698e81b4a8fa0cd08512f43c2c2,3,0.0011904761904761906,0.6888579188197655,-0.008908120559637021,,-0.0015405228130574665,-0.002225785390410197,4.399172546607915,1.0,1.0,1.0,1.0,-0.1079397201538086,69.99649106807578,10.185266494750977,10.293206214904785,-0.0002441435946335362,-0.103459307082708,-0.1079133673625265,-0.0044804130711006,-2.6352791282088783e-05,early,0.010486501280573738,0.010051222614475233,0.01048394106845597,2.097420450603053,0.0415084740326938,0.0002441435946335362
d12-s9,12,9,d12-s9-s0-b872e698e81b4a8fa0cd08512f43c2c2,5,0.001984126984126984,1.1866728121303372,-0.054245222984661765,,-0.09722554972316119,-0.249485230143363,4.675917934195149,1.0,1.0,1.0,1.0,-0.2654399871826172,126.66231374179974,9.749368667602539,10.014808654785156,-0.005694166988531245,-0.23680591607783488,-0.26392852757016577,-0.028634071104782305,-0.0015114596124514157,early,0.0265047487508199,0.023645575691023026,0.026353826285443666,2.162387091664013,0.10787399219200029,0.005694166988531245
d12-s9,12,9,d12-s9-s0-b872e698e81b4a8fa0cd08512f43c2c2,9,0.0035714285714285713,17.382325558276086,1.0097282976155393,,-0.009637204734321116,-0.6394499342064379,14.57119479390534,1.0,1.0,1.0,1.0,-0.10029888153076172,300.8975630845342,7.550852298736572,7.651151180267334,0.7382656740465893,-0.8880728898294388,-0.38320874102166913,0.787774008298677,0.2829098594909074,early,0.013108992250661193,0.11607049304159864,0.050085109023852756,3.8172234403955634,0.8870600795504242,0.7382656740465893
d12-s9,12,9,d12-s9-s0-b872e698e81b4a8fa0cd08512f43c2c2,17,0.006746031746031746,8.591358734843173,0.09951594790072205,0.41137813197011897,0.5563477698703553,9.398479788506863,3.866329058754872,1.0,0.0,1.0,1.0,-0.0762166976928711,383.70039286459735,5.3262786865234375,5.402495384216309,0.005253900047476089,-0.12637722151163186,-0.07661924756127084,0.050160523818760766,0.00040254986839974305,early,0.014107684000164522,0.02339237935877742,0.014182195839559297,1.966298313775118,0.3969111143509667,0.005253900047476089
d12-s9,12,9,d12-s9-s0-b872e698e81b4a8fa0cd08512f43c2c2,33,0.013095238095238096,4.056130941155155,0.17195685689908186,0.7886007123113851,0.5467671312227852,3.8786973771296975,3.0587435144447803,1.0,0.0,1.0,1.0,-0.0007600784301757812,566.6487027311508,4.857979774475098,4.858739852905273,-1.083232346394855,-0.0768464207254049,0.009132007724136026,0.07608634229522912,-0.009892086154311808,early,0.0001564353007542262,0.015816121680080227,-0.0018795012700001958,1.748926389086968,0.9901091238472671,1.083232346394855
d12-s9,12,9,d12-s9-s0-b872e698e81b4a8fa0cd08512f43c2c2,41,0.01626984126984127,3.6090955240615066,0.18577488302198036,0.8410991495306105,0.5662189796320769,3.512471372554584,2.954336684206277,1.0,0.0,1.0,1.0,-0.03408002853393555,697.3676157400288,4.632951736450195,4.667031764984131,-0.2933139373699465,-0.11697132268995697,-0.024083881178966787,0.08289129415602142,-0.00999614735496876,early,0.007302291959877292,0.025063322595652977,0.005160427953300781,1.7188183976808826,0.708646292525325,0.2933139373699465
d12-s9,12,9,d12-s9-s0-b872e698e81b4a8fa0cd08512f43c2c2,65,0.025793650793650792,3.960899588666309,0.16936795815537536,0.6372891929071262,0.6185935132698317,3.825911702041756,2.43821218072812,1.0,0.0,1.0,1.0,-0.06572628021240234,812.4751402130801,3.9531307220458984,4.018857002258301,-0.06921849651488529,-0.14586078499227148,-0.0611768059145838,0.08013450477986914,-0.004549474297818545,early,0.01635447097905425,0.03629409678182341,0.015222439086587792,1.5614775633124287,0.549390329855383,0.06921849651488529
d12-s9,12,9,d12-s9-s0-b872e698e81b4a8fa0cd08512f43c2c2,127,0.0503968253968254,15.935519795390153,0.26606879593981225,0.20389140321249105,0.5202945034919719,14.016186220010496,2.857779876085521,1.0,0.0,1.0,1.0,-0.006947994232177734,1132.2297381608569,3.033952236175537,3.040900230407715,-0.9537360550126084,-0.1333558395928363,-0.0003214416229301853,0.12640784536065858,-0.006626552609247549,early,0.002284847810099369,0.0438540660621925,0.00010570607339099953,1.6904969316995286,0.9478988377757477,0.9537360550126084
d12-s9,12,9,d12-s9-s0-b872e698e81b4a8fa0cd08512f43c2c2,253,0.1003968253968254,11.18192056812215,0.24345707664167415,0.4231407439034579,0.44201205035390195,10.336794203109461,4.3739187886806885,1.0,0.0,1.0,1.0,-0.10738801956176758,829.5814581221454,2.398604393005371,2.5059924125671387,-0.10436548063790346,-0.2179089556062882,-0.09618041728545113,0.11052093604452062,-0.011207602276316453,early,0.04285249190030838,0.08695515377999978,0.038380170986600834,2.091391591424401,0.5071885904689789,0.10436548063790346
d12-s9,12,9,d12-s9-s0-b872e698e81b4a8fa0cd08512f43c2c2,379,0.1503968253968254,11.245244810064104,0.13601521721197796,0.4236071974197242,0.43738852194407063,10.247924649756587,4.341094640251897,1.0,0.0,1.0,1.0,-0.06820821762084961,766.7165526953736,2.1340932846069336,2.202301502227783,-0.03187424295540259,-0.13404174092683666,-0.06603413232084768,0.06583352330598705,-0.0021740853000019322,early,0.030971335011056474,0.060864391542776494,0.029984147154260895,2.083529371103728,0.4911419595924275,0.03187424295540259
d12-s9,12,9,d12-s9-s0-b872e698e81b4a8fa0cd08512f43c2c2,401,0.15912698412698412,8.903625961600564,0.15698732267968785,0.5961490679887401,0.37329455591821076,6.585549161815608,3.925968995010404,1.0,0.0,1.0,1.0,0.08883428573608398,764.4937859907001,2.214599132537842,2.125764846801758,-0.0804797014903831,0.018115718442276135,0.09660937978212006,0.07071856729380785,-0.007775094046036074,early,-0.04178932861258684,-0.008521976675609949,-0.045446879944162306,1.9814058128032237,0.7960728980689307,0.0804797014903831
d12-s9,12,9,d12-s9-s0-b872e698e81b4a8fa0cd08512f43c2c2,505,0.2003968253968254,8.185134308281881,0.12507892844847435,0.4935015315040604,0.4627716800022819,7.080658884982537,3.4943160037967145,1.0,0.0,1.0,1.0,0.012531757354736328,745.6948708781354,2.0342907905578613,2.021759033203125,-0.21140774672181825,-0.046648162600816764,0.01589130162342041,0.05917991995555309,-0.003359544268684081,early,-0.006198442618001781,0.02307305758733813,-0.007860136328038763,1.869308964242325,1.268644179235409,0.21140774672181825
d12-s9,12,9,d12-s9-s0-b872e698e81b4a8fa0cd08512f43c2c2,631,0.2503968253968254,9.777034462400447,0.1360863892612299,0.4265832373209262,0.4780496161749063,9.318886568302133,3.97528080053282,1.0,0.0,1.0,1.0,-0.03624725341796875,733.1370751307497,1.962730884552002,1.9989781379699707,-0.11814736821658396,-0.10000793045217111,-0.031964735821556164,0.06376067703420236,-0.0042825175964125856,middle,0.01813289136557494,0.050029526863026384,0.01599053797257504,1.9938106230364057,0.6375562092517849,0.11814736821658396
d12-s9,12,9,d12-s9-s0-b872e698e81b4a8fa0cd08512f43c2c2,757,0.3003968253968254,10.765188564828795,0.15735393844370646,0.40957600278209744,0.46057525973615077,10.06882974559654,4.123951039894914,1.0,0.0,1.0,1.0,-0.00026738643646240234,751.2659726397479,1.888063669204712,1.8883310556411743,-1.0598578817741693,-0.07420994786163883,0.0044670213602144015,0.07394256142517643,-0.004734407796676804,middle,0.00014159934279723663,0.039299225440340584,-0.00236559227624292,2.0307513486133435,0.9963968922743224,1.0598578817741693
d12-s9,12,9,d12-s9-s0-b872e698e81b4a8fa0cd08512f43c2c2,883,0.3503968253968254,10.18051647080022,0.11355672825089488,0.4227881227241204,0.4811277588795561,10.14339245397013,4.28850585366804,1.0,0.0,1.0,1.0,-0.014882326126098633,750.7029147140507,1.907747507095337,1.9226298332214355,-0.2693264555217901,-0.0676524861060846,-0.010874121980637155,0.052770159979985964,-0.0040082041454614775,middle,0.007740609174446627,0.035187473395609604,0.005655858341913468,2.070870795986085,0.7800180454157747,0.2693264555217901
d12-s9,12,9,d12-s9-s0-b872e698e81b4a8fa0cd08512f43c2c2,1009,0.4003968253968254,15.538770040734665,0.07635989294911649,0.2892196501662036,0.498725749920383,17.36939372332763,5.02356997625987,1.0,0.0,1.0,1.0,-0.03108048439025879,697.2816053830189,1.8440786600112915,1.8751591444015503,-0.017830289159792904,-0.06870625684091229,-0.030526310366354045,0.0376257724506535,-0.0005541740239047438,middle,0.016574851517564396,0.036640227068748144,0.01627931712222559,2.241332187842728,0.5476324017734671,0.017830289159792904
d12-s9,12,9,d12-s9-s0-b872e698e81b4a8fa0cd08512f43c2c2,1135,0.4503968253968254,24.62453722258327,0.06748287959435459,0.18100908992634207,0.5522402497799516,33.47284706587821,6.058889584638245,1.0,0.0,1.0,1.0,0.03688514232635498,654.0769306572109,1.8129146099090576,1.7760294675827026,-0.02437663899986429,0.004065303871345676,0.03780674366852297,0.032819838455009305,-0.0009216013421679894,middle,-0.0207683166296549,-0.002288984471005896,-0.02128722769447093,2.4614811769823155,0.8897847855546716,0.02437663899986429
d12-s9,12,9,d12-s9-s0-b872e698e81b4a8fa0cd08512f43c2c2,1261,0.5003968253968254,42.41284490983037,0.06713580845764475,0.11579501302541145,0.5931461330801987,73.2838153317508,8.485900350891932,1.0,0.0,1.0,1.0,0.014948606491088867,604.9194479048396,1.7989411354064941,1.7839925289154053,-0.08120174923985472,-0.01729816658106183,0.016269737647760543,0.032246773072150695,-0.0013211311566716753,middle,-0.008379298819248425,0.009696322322368923,-0.009119846290865288,2.9130568739542197,1.8641728833537028,0.08120174923985472
d12-s9,12,9,d12-s9-s0-b872e698e81b4a8fa0cd08512f43c2c2,1386,0.55,55.65024527302708,0.06730198086565764,0.08973072275905258,0.5957317488347299,98.62268530336283,8.84948483270934,1.0,0.0,1.0,1.0,-0.03313934803009033,555.4534250464508,1.6930694580078125,1.7262088060379028,-0.040395455975556396,-0.065451659388511,-0.031800668955682176,0.032312311358420664,-0.0013386790744081556,middle,0.01919776327995553,0.03791642074792767,0.018422260878550936,2.9748083690734335,0.4936820801840905,0.040395455975556396
d12-s9,12,9,d12-s9-s0-b872e698e81b4a8fa0cd08512f43c2c2,1512,0.6,63.91882393423742,0.046759921444837274,0.08286098040383988,0.6014588703881321,122.46711507139695,10.147745222045826,1.0,0.0,1.0,1.0,-0.05124342441558838,500.3573765333404,1.6463215351104736,1.697564959526062,-0.017187800427945044,-0.0737426233859074,-0.05036266266348876,0.022499198970319018,-0.0008807617520996194,middle,0.03018642917199167,0.04344023654122513,0.02966759085175118,3.1855525771906237,0.3051044014609702,0.017187800427945044
d12-s9,12,9,d12-s9-s0-b872e698e81b4a8fa0cd08512f43c2c2,1638,0.65,59.0784031236764,0.029769460500186078,0.09496514163072152,0.5567247358707575,102.73129243957709,9.75589173643151,1.0,0.0,1.0,1.0,-0.030566811561584473,448.6886522177683,1.627431869506836,1.6579986810684204,-0.020459105945211487,-0.04482617217553174,-0.0299414419254387,0.014259360613947267,-0.0006253696361457721,middle,0.01843596856294669,0.02703631353110944,0.018058785128914775,3.1234422895951686,0.31810346326494293,0.020459105945211487
d12-s9,12,9,d12-s9-s0-b872e698e81b4a8fa0cd08512f43c2c2,1764,0.7,73.59373839144074,0.026936660946991826,0.07793214477915622,0.5867818218117146,145.3287908808671,11.325784371507453,1.0,0.0,1.0,1.0,-0.012910723686218262,395.7583049745307,1.5719501972198486,1.584860920906067,0.011449550443664016,-0.026528588239816922,-0.013060257766321009,0.01361786455359866,0.00014953408010274713,middle,0.008146281806757647,0.01673874842257483,0.00824063335403238,3.365380271456326,0.5133279023555246,0.011449550443664016
d12-s9,12,9,d12-s9-s0-b872e698e81b4a8fa0cd08512f43c2c2,1890,0.75,67.00185128814618,0.01722558257972246,0.08840241916338873,0.5519132038681533,120.8869229837411,10.686696436980972,1.0,0.0,1.0,1.0,0.01827216148376465,341.1256556256367,1.5502326488494873,1.5319604873657227,-0.004223553272997451,0.00973687096999945,0.01834966225986068,0.008535290513765198,-7.750077609603237e-05,late,-0.011927305981099081,-0.006355823828552167,-0.011977895259827346,3.269051305345478,0.46711991470462066,0.004223553272997451
d12-s9,12,9,d12-s9-s0-b872e698e81b4a8fa0cd08512f43c2c2,2016,0.8,69.49954283945718,0.010076759299660811,0.08499510875289874,0.5637450775609605,130.47381320916568,11.089635943118434,1.0,0.0,1.0,1.0,-0.015964984893798828,281.86015996887454,1.5387980937957764,1.5547630786895752,0.0012823442304289254,-0.02102386343653373,-0.015985483786703322,0.0050588785427349015,2.0498892904494137e-05,late,0.010268435823196188,0.013522229672609408,0.010281620399795325,3.3301105001363593,0.24062554239883202,0.0012823442304289254
d12-s9,12,9,d12-s9-s0-b872e698e81b4a8fa0cd08512f43c2c2,2142,0.85,74.78530047543734,0.0050159923371972965,0.08236773783220448,0.5451252703081172,136.89331941819273,11.275593044817926,1.0,0.0,1.0,1.0,0.005008578300476074,224.86425543102536,1.509371042251587,1.5043624639511108,-0.0032962464625792454,0.0025171462397649514,0.0050251424083636,0.0024914320607111228,-1.6564107887525464e-05,late,-0.0033293693644292125,-0.0016732312192593729,-0.003340380080453076,3.35791498475139,0.49743298621772725,0.0032962464625792454
d12-s9,12,9,d12-s9-s0-b872e698e81b4a8fa0cd08512f43c2c2,2268,0.9,78.00792897184301,0.0025842732561361954,0.07898533345291128,0.5437760883563277,142.12293400258343,11.225627333500157,1.0,0.0,1.0,1.0,0.0012902021408081055,163.71930808063138,1.471907377243042,1.4706171751022339,-0.0009186060422055931,-7.48210056372409e-07,0.0012913884180117254,0.0012909503508644778,-1.186277203619893e-06,late,-0.0008773201909044844,5.087728261574228e-07,-0.0008781268435287729,3.3504667336805714,1.000579916923641,0.0009186060422055931
d12-s9,12,9,d12-s9-s0-b872e698e81b4a8fa0cd08512f43c2c2,2394,0.95,71.44965075627816,0.0006634669228678219,0.08956089373782708,0.5229132580191098,125.01955412918346,11.19686300251432,1.0,0.0,1.0,1.0,-0.0035390853881835938,100.27359883992341,1.449878454208374,1.4534175395965576,0.000527410096271734,-0.003872686383939257,-0.003540952922505346,0.0003336009957556631,1.8675343217522226e-06,late,0.002435009411793654,0.002664538082438612,0.002436294338025018,3.346171394670978,0.08614201168965498,0.000527410096271734
d12-s9,12,9,d12-s9-s0-b872e698e81b4a8fa0cd08512f43c2c2,2520,1.0,68.0243063863256,0.0001643425228294422,0.09538956625360862,0.5184753828627776,118.65482422229267,11.318432216462671,1.0,0.0,1.0,1.0,0.0013216733932495117,34.71672347560266,1.4309139251708984,1.429592251777649,0.00018010582384762975,0.001239264090759442,0.001321435352174163,8.240930249006975e-05,2.3804107534869563e-07,late,-0.0009245107418608741,-0.0008668654220939289,-0.0009243442320920552,3.364287772540077,0.062352244443277624,0.00018010582384762975
d14-s7,14,7,d14-s7-s0-b72acf7ac59942dab902e26fa0b2c80d,1,0.00026602819898909286,0.7082501012180265,0.00026812079184021455,373.7085571430461,0.008591425687181305,0.013836836487165998,5.17094419904306,1.0,1.0,1.0,1.0,-0.03885364532470703,33.89247566085429,10.358415603637695,10.397269248962402,0.0001434965335011794,-0.03899328188420526,-0.038859221488285155,0.000139636559498231,5.576163578123461e-06,early,0.003736908643448321,0.003750338762083766,0.003737444953843349,2.273971019833599,0.0035810414704998865,0.0001434965335011794
d14-s7,14,7,d14-s7-s0-b72acf7ac59942dab902e26fa0b2c80d,2,0.0005320563979781857,0.7092770024516495,-0.0016251255939571914,283.78675922812187,0.011298156315310068,0.018223804334321202,5.171674372844414,1.0,1.0,1.0,1.0,-0.07433319091796875,51.62202161209122,10.284082412719727,10.358415603637695,0.00014893116234083168,-0.07353170029850634,-0.07434426309548493,-0.0008014906194624138,1.1072177516183168e-05,early,0.007176115900569217,0.007098740107771239,0.0071771848070448655,2.2741315645415976,0.010782405673219492,0.00014893116234083168
d14-s7,14,7,d14-s7-s0-b72acf7ac59942dab902e26fa0b2c80d,3,0.0007980845969672786,0.7913772927047418,-0.008765547418044166,304.1513743939766,0.009473118074503191,0.017093966702491505,5.1991534664076635,1.0,1.0,1.0,1.0,-0.1169900894165039,69.4580260371108,10.167092323303223,10.284082412719727,-0.00036436545300234686,-0.1125646885605548,-0.11694746226957688,-0.004425400855949113,-4.262714692702951e-05,early,0.011375841297402121,0.010945525720537858,0.01137169633383451,2.280165227874433,0.03782714311973863,0.00036436545300234686
d14-s7,14,7,d14-s7-s0-b72acf7ac59942dab902e26fa0b2c80d,5,0.0013301409949454642,1.3863538458755271,-0.05770504234789286,,-0.08477339723438221,-0.275956809957883,5.513341243742212,1.0,1.0,1.0,1.0,-0.2854766845703125,125.8562621021477,9.69807243347168,9.983549118041992,-0.007858360741530653,-0.2543807846257164,-0.2832333057996628,-0.031095899944596106,-0.0022433787706496733,early,0.028594709275723097,0.025479995302072136,0.02837000173493527,2.3480505198445396,0.10892623329782727,0.007858360741530653
d14-s7,14,7,d14-s7-s0-b72acf7ac59942dab902e26fa0b2c80d,9,0.0023942537909018356,74.49015867105983,0.5206435577809829,0.14034889766194403,0.41520090647275515,134.2528118877825,18.84223415646661,1.0,0.0,1.0,1.0,-0.3605837821960449,271.64814183298023,7.167712211608887,7.528295993804932,0.2694409905598891,-0.75389420430263,-0.4935724254121385,0.39331042210658507,0.1329886432160936,early,0.04789713136847581,0.10014141379709471,0.06556230331781607,4.340764236452679,0.5217050613492997,0.2694409905598891
d14-s7,14,7,d14-s7-s0-b72acf7ac59942dab902e26fa0b2c80d,17,0.004522479382814578,9.551836836766796,0.09576796076517767,0.37619503765186063,0.6027504554120149,12.469870618339325,4.691103446779993,1.0,0.0,1.0,1.0,-0.06599950790405273,377.96487232241714,5.227494716644287,5.29349422454834,0.004677351709423065,-0.11419364189526918,-0.06630966151268033,0.04819413399121644,0.0003101536086276002,early,0.012468041921720251,0.021572450455448,0.012526633391828837,2.1658955299783025,0.422038680887478,0.004677351709423065
d14-s7,14,7,d14-s7-s0-b72acf7ac59942dab902e26fa0b2c80d,33,0.008778930566640064,4.549492877192202,0.1702590967582131,0.7535671652883894,0.552926235328402,4.768506067801193,3.5933896001734293,1.0,0.0,1.0,1.0,-0.024958133697509766,601.0335557855401,4.820756435394287,4.845714569091797,-0.3708703814311696,-0.10083144951241074,-0.01570190113330419,0.07587331581490098,-0.009256232564205574,early,0.005150557950050186,0.020808375746182047,0.0032403685585317304,1.8956238023862828,0.7524766943428913,0.3708703814311696
d14-s7,14,7,d14-s7-s0-b72acf7ac59942dab902e26fa0b2c80d,41,0.010907156158552806,4.770730787958535,0.21117215321721822,0.6638806699018655,0.5901376946298337,5.262190366466639,3.4934664656410153,1.0,0.0,1.0,1.0,-0.09345006942749023,748.9368276262688,4.523799896240234,4.617249965667725,-0.13341538510327855,-0.18656846903550262,-0.0809823924268935,0.09311839960801238,-0.012467677000596727,early,0.02023933512856195,0.04040683749477747,0.017539096438150544,1.8690817172186494,0.49911113110057537,0.13341538510327855
d14-s7,14,7,d14-s7-s0-b72acf7ac59942dab902e26fa0b2c80d,65,0.017291832934291033,4.885879436738617,0.14595263956543197,0.5676205949067218,0.5974409845325473,4.836527492385435,2.745312612510536,1.0,0.0,1.0,1.0,-0.07072997093200684,879.2618867891705,3.8680460453033447,3.9387760162353516,-0.005440695804476044,-0.14332147045862234,-0.07034515067590635,0.0725914995266155,-0.0003848202561004821,early,0.017957347825939576,0.036387311659221426,0.01785964735896347,1.6568984919151009,0.5064942418908063,0.005440695804476044
d14-s7,14,7,d14-s7-s0-b72acf7ac59942dab902e26fa0b2c80d,129,0.034317637669592976,4.21566199586356,0.2832796476901645,0.8275208123049143,0.47834215002955155,3.365021109357507,2.784625001838708,1.0,0.0,1.0,1.0,0.09083938598632812,1235.8321248168102,2.979910373687744,2.889070987701416,0.06758302294281945,-0.05693963816597977,0.08470018567910248,0.1477790241523079,0.006139200307225645,early,-0.03144242089343785,0.019708632431798333,-0.02931744704081885,1.6687195695618566,1.6268166340814934,0.06758302294281945
d14-s7,14,7,d14-s7-s0-b72acf7ac59942dab902e26fa0b2c80d,189,0.05027932960893855,18.933665299459783,0.25712625213367785,0.21068344551401524,0.5533613703538567,23.12690304543068,4.872455617679908,1.0,0.0,1.0,1.0,-0.06711196899414062,946.7583775294192,2.571842670440674,2.6389546394348145,-0.16680729623899634,-0.1844803289677916,-0.05591720290095267,0.11736835997365097,-0.011194766093187952,early,0.025431270394444525,0.06990659339536878,0.0211891489400244,2.207363952247093,0.6362107040374061,0.16680729623899634
d14-s7,14,7,d14-s7-s0-b72acf7ac59942dab902e26fa0b2c80d,377,0.100292631018888,14.554527304336593,0.17676967915709588,0.30723770480205165,0.4947743731880155,15.932543650558188,4.895078142855999,1.0,0.0,1.0,1.0,-0.06558537483215332,785.1869613651036,2.068321704864502,2.1339070796966553,-0.10208189622917739,-0.14727513498293368,-0.05889029540438574,0.08168976015078036,-0.006695079427767578,early,0.030734878503461634,0.06901665793426653,0.027597403825454888,2.2124823485976104,0.5546744884005478,0.10208189622917739
d14-s7,14,7,d14-s7-s0-b72acf7ac59942dab902e26fa0b2c80d,401,0.10667730779462622,7.049585597453104,0.1187219626197806,0.8369062297517174,0.33263295090299494,4.6018717832230465,3.8513351638980122,1.0,0.0,1.0,1.0,0.09475970268249512,782.1135243787755,2.0711710453033447,1.9764113426208496,-0.05538107343929536,0.0409542887085805,0.10031527001847079,0.05380541397391462,-0.005555567335975675,early,-0.04794533437398594,-0.020721541020035057,-0.05075627115428625,1.9624818888076425,0.567809020614984,0.05538107343929536
d14-s7,14,7,d14-s7-s0-b72acf7ac59942dab902e26fa0b2c80d,565,0.15030593242883747,8.279163504947471,0.08880465307523051,0.48914854510985645,0.47159619374615536,7.456830437933192,3.6474977598459146,1.0,0.0,1.0,1.0,0.009003877639770508,763.9167299790579,1.9338321685791016,1.924828290939331,-0.23361466190078053,-0.03265382719640679,0.011748499341208467,0.0416577048361773,-0.002744621701437959,early,-0.00467775628722526,0.016964540343737088,-0.0061036609844689615,1.9098423390023362,1.2757372845030945,0.23361466190078053
d14-s7,14,7,d14-s7-s0-b72acf7ac59942dab902e26fa0b2c80d,753,0.20031923383878691,8.600160439494152,0.09851669304916669,0.4850686202290434,0.45929533168019476,7.568335039041982,3.671161834819218,1.0,0.0,1.0,1.0,0.022115230560302734,768.6628771038679,1.8418047428131104,1.8196895122528076,-0.14143868548828079,-0.02349987105346326,0.025758475471120083,0.045615101613765995,-0.003643244910817349,early,-0.012153298906978745,0.012914220198131496,-0.014155423382767447,1.9160276184907195,1.9410788046449103,0.14143868548828079
d14-s7,14,7,d14-s7-s0-b72acf7ac59942dab902e26fa0b2c80d,941,0.2503325352487364,14.112105517122295,0.11574857224547698,0.30837096082126286,0.4776809481575443,14.013058804155158,4.3212204074821825,1.0,0.0,1.0,1.0,0.025414705276489258,782.9848108219057,1.7766015529632568,1.7511868476867676,-0.0319113696320992,-0.03162182898270271,0.02625245714003578,0.057036534259191966,-0.0008377518635465236,middle,-0.01451284613635652,0.01805737007702725,-0.014991237042874092,2.078754532762871,1.8037076315348877,0.0319113696320992
d14-s7,14,7,d14-s7-s0-b72acf7ac59942dab902e26fa0b2c80d,1128,0.30007980845969673,28.834425793895466,0.09897719812204353,0.15031743807455183,0.5960712238113554,44.40463374033241,6.674790782485571,1.0,0.0,1.0,1.0,-0.012416601181030273,794.4575030371453,1.8253040313720703,1.8377206325531006,-0.20412597204242672,-0.05937064945651109,-0.009882050395489325,0.04695404827548082,-0.0025345507855409483,middle,0.006756522705945893,0.0323066783954147,0.00537734094096796,2.5835616467360656,0.7908629719449942,0.20412597204242672
d14-s7,14,7,d14-s7-s0-b72acf7ac59942dab902e26fa0b2c80d,1316,0.3500931098696462,48.35357862399165,0.06962428998836412,0.10508744041558965,0.5763914262027647,81.628737837037,8.578155123649413,1.0,0.0,1.0,1.0,-0.020130634307861328,794.6094019495974,1.7065625190734863,1.7266931533813477,-0.057135119404128215,-0.05379261310718289,-0.01898046811300083,0.03366197879932156,-0.0011501661948604969,middle,0.011658489679211341,0.0311535451460162,0.010992380479317805,2.928848771044591,0.6257732587232633,0.057135119404128215
d14-s7,14,7,d14-s7-s0-b72acf7ac59942dab902e26fa0b2c80d,1317,0.3503591380686353,36.16614964924938,0.0777444747610408,0.14249967623145052,0.5438261418180489,55.12372891962047,7.855113523716162,1.0,0.0,1.0,1.0,0.01419377326965332,793.7614762036777,1.7207562923431396,1.7065625190734863,-0.13618514905376322,-0.022440737905713694,0.016431499474806703,0.036634511175367014,-0.0022377262051533828,middle,-0.008317171572102319,0.013149672311974276,-0.009628419287989265,2.802697544102139,1.6325002916254108,0.13618514905376322
d14-s7,14,7,d14-s7-s0-b72acf7ac59942dab902e26fa0b2c80d,1504,0.4001064112795956,51.54318669540128,0.060235474489673826,0.11446531144683238,0.519364394524967,82.02774473964077,9.389331348904246,1.0,0.0,1.0,1.0,0.04462456703186035,750.3532446806587,1.6818015575408936,1.6371769905090332,-0.037240281972944045,0.016232942157608014,0.04635067940244493,0.028391624874252338,-0.0017261123705845788,middle,-0.02725702064624401,-0.009915202969326393,-0.02831134304424442,3.064201584247395,0.6362330609052571,0.037240281972944045
d14-s7,14,7,d14-s7-s0-b72acf7ac59942dab902e26fa0b2c80d,1692,0.4501197126895451,81.53819601671405,0.05424263899789618,0.08300380063117244,0.5223349789632261,150.56304730807608,12.49730516118133,1.0,0.0,1.0,1.0,0.05221080780029297,685.3547219818729,1.6580870151519775,1.6058762073516846,-0.002954559515752848,0.025244205361117576,0.05236552486006567,0.026966602439175393,-0.00015471705977269934,middle,-0.032512349059829415,-0.015719894999097605,-0.03260869338516683,3.5351527776294662,0.5164946411540501,0.002954559515752848
d14-s7,14,7,d14-s7-s0-b72acf7ac59942dab902e26fa0b2c80d,1880,0.5001330140994945,154.87866203438594,0.06057918265882159,0.04567913361939997,0.5703323832870335,356.41592243860515,16.28077054515474,2.0,0.0,2.0,1.0,0.005414724349975586,647.0011603667317,1.5598931312561035,1.554478406906128,-0.11561119616543857,-0.02416703038506341,0.006122560944347384,0.029581754735038997,-0.0007078365943717982,middle,-0.0034833062498130737,0.01554671346845078,-0.003938659370980323,4.034943685499804,1.2240541872005173,0.11561119616543857
d14-s7,14,7,d14-s7-s0-b72acf7ac59942dab902e26fa0b2c80d,2068,0.550146315509444,180.31948721233948,0.04992268371252794,0.04119144778686579,0.5869891568428094,461.4796362878117,19.00901434285121,1.0,0.0,1.0,1.0,0.042702436447143555,585.2762338237076,1.5825845003128052,1.5398820638656616,-0.007876932288373564,0.0180801293451249,0.043041471201388876,0.024622307102018653,-0.0003390347542453209,middle,-0.027730978526982107,-0.0117412428973536,-0.027951147825788163,4.359932836965635,0.5766019260398826,0.007876932288373564
d14-s7,14,7,d14-s7-s0-b72acf7ac59942dab902e26fa0b2c80d,2256,0.6001596169193935,128.36759792300896,0.041931894650910705,0.06429573802783906,0.5166433598852761,282.7969485165822,18.182638516894457,1.0,0.0,1.0,1.0,-0.0007435083389282227,524.8200804125614,1.5193132162094116,1.5200567245483398,0.26502721594685225,-0.021977560755313263,-0.0010116134298579112,0.02123405241638504,0.0002681050909296885,middle,0.0004891319691698638,0.014458381980345858,0.0006655103151880701,4.264110518841468,0.9661696606276712,0.26502721594685225
d14-s7,14,7,d14-s7-s0-b72acf7ac59942dab902e26fa0b2c80d,2444,0.6501729183293429,185.25984848025143,0.025320113851492125,0.04210550961117929,0.5731798058694924,474.770033281748,19.99043419944455,1.0,0.0,1.0,1.0,0.02117633819580078,468.3132030210593,1.5127289295196533,1.4915525913238525,-0.02360186451665337,0.009028163715230327,0.02168822064097639,0.012148174480570454,-0.0005118824451756099,middle,-0.014197513596892596,-0.006052863149275366,-0.0145407012579601,4.471066338072446,0.5736673814068293,0.02360186451665337
d14-s7,14,7,d14-s7-s0-b72acf7ac59942dab902e26fa0b2c80d,2632,0.7001862197392924,212.3379806559006,0.018272479070825277,0.03625767543563515,0.5928627662706943,574.597424372906,20.833566919064737,1.0,0.0,1.0,1.0,0.004900693893432617,415.33152984372066,1.4767794609069824,1.4718787670135498,0.020343711580733656,-0.004335243945093477,0.004800995590319161,0.009235937838526095,9.969830311345584e-05,middle,-0.003329549962444361,0.002945381129377735,-0.0032618145583147504,4.5643802338395005,1.884618390653435,0.020343711580733656
d14-s7,14,7,d14-s7-s0-b72acf7ac59942dab902e26fa0b2c80d,2820,0.7501995211492418,138.63401841199249,0.013462925075267057,0.0587080267646765,0.509396086438569,292.7846576000789,17.188809514672077,1.0,0.0,1.0,1.0,0.0005830526351928711,353.99127384510825,1.4072237014770508,1.406640648841858,0.1490746804755112,-0.0062353282877324395,0.000496134249901089,0.006818380922925311,8.691838529178205e-05,late,-0.00041450006131482197,0.004432779823948802,-0.00035270859711723513,4.145938918347939,1.0935079290596432,0.1490746804755112
d14-s7,14,7,d14-s7-s0-b72acf7ac59942dab902e26fa0b2c80d,3007,0.7999467943602022,194.98765184155033,0.007565785557699767,0.040807545944694816,0.5585287309548631,484.00041436345924,19.75086914638819,2.0,0.0,2.0,1.0,-0.012087106704711914,293.6930914094708,1.387178659439087,1.3992657661437988,0.0013949106243215776,-0.01588688346877186,-0.012103990689921976,0.003799776764059945,1.6883985210061625e-05,late,0.008638177962448453,0.011353728400398246,0.008650244280097738,4.444194994190533,0.2391769771288999,0.0013949106243215776
d14-s7,14,7,d14-s7-s0-b72acf7ac59942dab902e26fa0b2c80d,3195,0.8499600957701516,227.58816634885216,0.0047459621112946136,0.03452397594576534,0.5646541241407684,570.1448002800062,19.683665370470116,1.0,0.0,1.0,1.0,-0.01511526107788086,232.28717737852887,1.3418264389038086,1.3569416999816895,0.001139551658096322,-0.017505486405090274,-0.015132505349442969,0.002390225327209415,1.7244271562109198e-05,late,0.01113921186008568,0.012900691610646569,0.011151920049068554,4.436627702486441,0.13654149744244648,0.001139551658096322
d14-s7,14,7,d14-s7-s0-b72acf7ac59942dab902e26fa0b2c80d,3383,0.899973397180101,184.23124826995743,0.0025496905069813964,0.04221076372212087,0.5503018785688112,433.8621759882478,18.313653798605152,1.0,0.0,1.0,1.0,-0.0011315345764160156,169.65042979414423,1.3232407569885254,1.3243722915649414,0.011802154392977783,-0.0024198938704717904,-0.0011450486169810922,0.0012883592940557747,1.3514040565076532e-05,late,0.0008543931216493064,0.0018272006186510657,0.0008645972316651598,4.279445501300975,0.5324032222142833,0.011802154392977783
d14-s7,14,7,d14-s7-s0-b72acf7ac59942dab902e26fa0b2c80d,3571,0.9499866985900506,210.12103016509994,0.0007445361516389555,0.03742846763405834,0.5558029692388805,510.4847994774984,19.106663794922312,1.0,0.0,1.0,1.0,0.0006662607192993164,103.150288989482,1.3055366277694702,1.304870367050171,-0.0009184241891422963,0.00029460511595025057,0.0006668731917697283,0.00037165560334906584,-6.124724704118477e-07,late,-0.0005105953327804396,-0.0002257734740472678,-0.0005110647069695374,4.371116996251909,0.5578230752368581,0.0009184241891422963
d14-s7,14,7,d14-s7-s0-b72acf7ac59942dab902e26fa0b2c80d,3759,1.0,171.05693956630128,0.00012721904319609042,0.04716194589828646,0.521415970352094,375.1818054630892,17.694304011271647,1.0,0.0,1.0,1.0,9.059906005859375e-06,35.468288689555486,1.2638459205627441,1.2638368606567383,0.024028071605869922,-5.476730766243708e-05,8.842213935608135e-06,6.382721366829646e-05,2.1769207025124e-07,late,-7.168572375038578e-06,4.333415915245412e-05,-6.9963254046992906e-06,4.206459795513521,1.165425440697229,0.024028071605869922
d16-s7,16,7,d16-s7-s0-8e0a39fc8f164343bd01ef6b915e849f,1,0.00018601190476190475,0.8211675407446903,0.0003729085949062775,706.1266960226285,0.0041808603426197865,0.008322954117150057,5.877060091891103,1.0,1.0,1.0,1.0,-0.04218769073486328,34.67966951781702,10.357217788696289,10.399405479431152,0.00014274157689433866,-0.04238016782952102,-0.04219371353206788,0.00019247709465773644,6.022797204595365e-06,early,0.004056740629866367,0.004075249100859102,0.004057319778089456,2.424264855969971,0.004541678443369955,0.00014274157689433866
d16-s7,16,7,d16-s7-s0-8e0a39fc8f164343bd01ef6b915e849f,2,0.0003720238095238095,0.8405669902564215,-0.0016648125307029062,422.23089561025785,0.006830672348741433,0.013919434053999633,5.877215107008187,2.0,2.0,1.0,1.0,-0.08011531829833984,51.62216193585204,10.27710247039795,10.357217788696289,0.00016133795519291056,-0.07929583976035537,-0.08012824602570683,-0.0008194785379844749,1.2927727366982e-05,early,0.007735216149048878,0.007656094655738305,0.00773646433438501,2.4242968273312133,0.010228737217679583,0.00016133795519291056
d16-s7,16,7,d16-s7-s0-8e0a39fc8f164343bd01ef6b915e849f,3,0.0005580357142857143,0.9402913605158781,-0.008999202216823357,562.1329545085642,0.004598552323454511,0.01051008437192392,5.908064780123881,2.0,2.0,1.0,1.0,-0.1256723403930664,69.20386151628867,10.151430130004883,10.27710247039795,-0.0006010946616740811,-0.12109719831172437,-0.12559679942013605,-0.004575142081342035,-7.554097293036022e-05,early,0.012228382538273954,0.011783204328314463,0.01222103212280929,2.4306511020966957,0.036405322500021285,0.0006010946616740811
d16-s7,16,7,d16-s7-s0-8e0a39fc8f164343bd01ef6b915e849f,5,0.0009300595238095238,1.6746551522003517,-0.059191355322509694,,-0.09483860032403098,-0.39786027410555924,6.275381072878818,1.0,1.0,1.0,1.0,-0.3019113540649414,125.79993039558666,9.653790473937988,9.95570182800293,-0.008383553173753602,-0.26978458651312315,-0.299380264174378,-0.03212676755181826,-0.002531089890563387,early,0.03032547170263169,0.02709850005293306,0.030071236498093516,2.5050710714226887,0.10641125985910342,0.008383553173753602
d16-s7,16,7,d16-s7-s0-8e0a39fc8f164343bd01ef6b915e849f,9,0.0016741071428571428,159.4849395945291,0.4802037516873118,0.05385811200079935,0.6126087032723795,514.1108939261466,27.68904210590548,1.0,0.0,1.0,1.0,-0.5372276306152344,264.579804919431,6.952391624450684,7.489619255065918,0.12866425034438767,-0.8566582731079353,-0.6165563972642794,0.3194306424927009,0.07932876664904498,early,0.0717296316834608,0.11437941555286653,0.08232146071340617,5.262037828247292,0.37287988982329484,0.12866425034438767
d16-s7,16,7,d16-s7-s0-8e0a39fc8f164343bd01ef6b915e849f,17,0.003162202380952381,10.70313925305029,0.09110575775228044,0.35671702530107036,0.5906922791367324,14.258333809524842,5.08619042228338,1.0,0.0,1.0,1.0,-0.05892181396484375,377.28459289565956,5.164709091186523,5.223630905151367,0.01609519740262495,-0.10543856477715235,-0.059885685901012134,0.046516750812308605,0.000963871936168384,early,0.011279857829682619,0.020184918630673624,0.011464379277248495,2.255258393684276,0.44117397567600797,0.01609519740262495
d16-s7,16,7,d16-s7-s0-8e0a39fc8f164343bd01ef6b915e849f,33,0.006138392857142857,5.457806233423644,0.21600650908333446,0.6486107093823992,0.5694840217905245,6.265899545576264,4.064129549175074,1.0,0.0,1.0,1.0,-0.02308177947998047,621.6071028398632,4.775448799133301,4.798530578613281,-0.6564695394494363,-0.11593254887675147,-0.007929294335084242,0.092850769396771,-0.015152485144896227,early,0.004810176595071491,0.02416001044016575,0.001652442181034452,2.015968637944319,0.8009033726626779,0.6564695394494363
d16-s7,16,7,d16-s7-s0-8e0a39fc8f164343bd01ef6b915e849f,41,0.007626488095238095,6.4365035240681525,0.237951298080523,0.50133660039247,0.624916379969086,8.110978516091187,4.066330395113517,1.0,0.0,1.0,1.0,-0.14450550079345703,774.3587240056138,4.406833648681641,4.551339149475098,-0.0748547991425726,-0.25266421959682744,-0.13368857055656594,0.10815871880337041,-0.010816930236891092,early,0.03175010607814686,0.05551425883653759,0.0293734582649118,2.016514417283823,0.42807295380389704,0.0748547991425726
d16-s7,16,7,d16-s7-s0-8e0a39fc8f164343bd01ef6b915e849f,65,0.01209077380952381,7.612923697422362,0.3376331248189502,0.36638724312848464,0.6733662899043347,9.628220768828575,3.5276572637235204,1.0,0.0,1.0,1.0,-0.13806724548339844,947.2131350138065,3.810762882232666,3.9488301277160645,-0.029100043992346496,-0.30286604497540454,-0.13404948256592944,0.1647987994920061,-0.004017762917468998,early,0.03496408835475892,0.07669766365730629,0.03394663184548315,1.8782058629776237,0.5441309853846087,0.029100043992346496
d16-s7,16,7,d16-s7-s0-8e0a39fc8f164343bd01ef6b915e849f,129,0.023995535714285716,5.0835605437120375,0.28363798390777223,0.8319190220655862,0.42141836921858894,3.8180708181038994,3.1763257411741486,1.0,0.0,1.0,1.0,0.06223630905151367,1223.8262934907557,2.8887476921081543,2.8265113830566406,-0.08924685692829855,-0.07348399961819241,0.0683349923356937,0.13572030866970608,-0.006098683284180034,early,-0.022018771770949033,0.02599812619142028,-0.024176443351802464,1.7822249412389415,1.8469368757128164,0.08924685692829855
d16-s7,16,7,d16-s7-s0-8e0a39fc8f164343bd01ef6b915e849f,257,0.04780505952380952,8.92459820047319,0.2533138415343538,0.6287280546790752,0.34707868994691765,6.03248268240581,3.7927911017942146,1.0,0.0,1.0,1.0,0.017669200897216797,870.2569303190013,2.357921838760376,2.340252637863159,-0.20578786517464964,-0.10440946303838974,0.022247457728787168,0.12207866393560654,-0.004578256831570371,early,-0.007550125405840889,0.044614611836833164,-0.009506434206650828,1.9475089478085112,1.1692298799651915,0.20578786517464964
d16-s7,16,7,d16-s7-s0-8e0a39fc8f164343bd01ef6b915e849f,270,0.05022321428571429,15.62346437494211,0.28559693330453906,0.2946422607051641,0.4742360907451358,16.174800207493355,4.765779699590199,1.0,0.0,1.0,1.0,0.010967731475830078,879.4243241876945,2.340200424194336,2.329232692718506,-0.6837134960654199,-0.10812189544422768,0.03467657120804185,0.11908962692005776,-0.023708839732211773,early,-0.0047087315535784295,0.046419533686879476,-0.014887551302386176,2.1830665815751473,1.1014385793993737,0.6837134960654199
d16-s7,16,7,d16-s7-s0-8e0a39fc8f164343bd01ef6b915e849f,401,0.07459077380952381,8.601498338734825,0.13040757186405846,0.5844486721386414,0.37686549438821026,6.1413994651566215,3.58933276248375,1.0,0.0,1.0,1.0,-0.0174410343170166,807.1681775931835,2.0346152782440186,2.052056312561035,-0.3539563042687759,-0.07647145619956974,-0.011267670267540511,0.05903042188255314,-0.0061733640494760905,early,0.008499296150040641,0.03726576884438946,0.005490916695886421,1.8945534467213507,0.7719275245458876,0.3539563042687759
d16-s7,16,7,d16-s7-s0-8e0a39fc8f164343bd01ef6b915e849f,539,0.10026041666666667,6.94580968597422,0.09595990792866647,0.6675905227570118,0.3868249691577558,4.819310643274963,3.2173261116723633,1.0,0.0,1.0,1.0,0.0032252073287963867,790.2918167690389,1.9623515605926514,1.959126353263855,-0.631448618647169,-0.039228915460671386,0.008751038503661851,0.04245412278946777,-0.005525831174865464,early,-0.0016462477386531363,0.02002367810290388,-0.004466806589111949,1.7936906399020884,1.082215052109452,0.631448618647169
d16-s7,16,7,d16-s7-s0-8e0a39fc8f164343bd01ef6b915e849f,807,0.15011160714285715,5.44666087886378,0.058678329030063155,0.7316463709617252,0.4443404301200876,4.285421626221018,3.1354131808655024,1.0,0.0,1.0,1.0,0.007336974143981934,803.7676689991141,1.7025582790374756,1.6952213048934937,-0.033708167052552515,-0.021746247040398466,0.007592917474633112,0.0290832211843804,-0.0002559433306511781,early,-0.0043280332324769225,0.01282796940884643,-0.004479012535245453,1.7707097957783773,1.3373903612127591,0.033708167052552515
d16-s7,16,7,d16-s7-s0-8e0a39fc8f164343bd01ef6b915e849f,1076,0.20014880952380953,13.885787763915312,0.06774791007512314,0.28488461053156616,0.5177568069315859,14.725215858371552,4.1949873848054215,1.0,0.0,1.0,1.0,-0.041489362716674805,810.7545219584366,1.7008390426635742,1.742328405380249,-0.057674208406438894,-0.07297045160226454,-0.039096496564702966,0.03148108888558973,-0.0023928661519718383,early,0.02381259617220101,0.04188099750709128,0.02243922353786712,2.048166835198105,0.4314224209160953,0.057674208406438894
d16-s7,16,7,d16-s7-s0-8e0a39fc8f164343bd01ef6b915e849f,1345,0.2501860119047619,15.774063628588493,0.053835080893760684,0.29448233146519986,0.47233012976028826,16.34698707984493,4.813898867704234,1.0,0.0,1.0,1.0,-0.015619516372680664,828.5463387493577,1.688076376914978,1.7036958932876587,0.011473704818622083,-0.042718350651746714,-0.015800810204866372,0.02709883427906605,0.00018129383218570827,middle,0.009168019030989943,0.02507392946126799,0.009274431115975286,2.1940599052223333,0.6343605000105031,0.011473704818622083
d16-s7,16,7,d16-s7-s0-8e0a39fc8f164343bd01ef6b915e849f,1614,0.3002232142857143,23.654288330721293,0.062122758335727696,0.19912392982446825,0.5109980756939589,29.092547807017926,5.7930224479396255,1.0,0.0,1.0,1.0,0.04655861854553223,839.9904587532369,1.659801721572876,1.6132431030273438,0.0031368603790288404,0.015351191491850583,0.04641257065971443,0.031207427053681645,0.00014604788581779743,middle,-0.028860261951941586,-0.0095157335326853,-0.028769731339696146,2.4068698444119545,0.6702824961003125,0.0031368603790288404
d16-s7,16,7,d16-s7-s0-8e0a39fc8f164343bd01ef6b915e849f,1882,0.35007440476190477,49.290351167616635,0.0799410161046294,0.10486678249865371,0.5503341491991778,77.16399293659559,8.09193966400962,1.0,0.0,1.0,1.0,-0.043115854263305664,831.0761716222895,1.5810598134994507,1.6241756677627563,-0.07813367664057101,-0.07971756210052926,-0.039747054048214554,0.03660170783722359,-0.0033688002150911098,middle,0.026546299836332485,0.0490818596059485,0.02447213982891684,2.844633485004636,0.45914233793384646,0.07813367664057101
d16-s7,16,7,d16-s7-s0-8e0a39fc8f164343bd01ef6b915e849f,1883,0.3502604166666667,25.13408367385019,0.07454022854868529,0.2281302820348431,0.4437464501441413,28.37780722669284,6.473837166155846,1.0,0.0,1.0,1.0,0.03521525859832764,837.1667318414773,1.6162750720977783,1.5810598134994507,0.006582396562658621,-0.002286656473165775,0.03498345780117687,0.03750191507149341,0.0002318007971507663,middle,-0.022273198203921,0.001446280813440313,-0.022126587180624095,2.5443736294333514,1.0649336839819308,0.006582396562658621
d16-s7,16,7,d16-s7-s0-8e0a39fc8f164343bd01ef6b915e849f,2151,0.40011160714285715,43.27087184553984,0.05797100203410542,0.12621264306261937,0.5230012986811841,64.6397528859993,8.158354058656549,1.0,0.0,1.0,1.0,-0.027297019958496094,777.0575552125274,1.5221736431121826,1.5494706630706787,-0.06177869685014858,-0.05459614665462042,-0.02561064563756771,0.027299126696124325,-0.0016863743209283855,middle,0.017616996958432215,0.03523535356676193,0.01652864184392724,2.856283259527414,0.5000192938307676,0.06177869685014858
d16-s7,16,7,d16-s7-s0-8e0a39fc8f164343bd01ef6b915e849f,2420,0.45014880952380953,61.62205407772864,0.04437326026236449,0.09658632726521575,0.5467917536880269,109.65587536920803,10.591258264964038,1.0,0.0,1.0,1.0,0.040824055671691895,730.8786461525249,1.5037919282913208,1.462967872619629,0.007898177543371129,0.01831498990077416,0.040501620031956405,0.022509065770917734,0.00032243563973548967,middle,-0.027904957064157028,-0.012519065007202691,-0.027684558758924168,3.2544213410319256,0.551367702217933,0.007898177543371129
d16-s7,16,7,d16-s7-s0-8e0a39fc8f164343bd01ef6b915e849f,2689,0.5001860119047619,85.48464620270492,0.04265690244476053,0.07884951459615518,0.5196087724908198,155.57084496760064,12.26668561100902,1.0,0.0,1.0,1.0,0.03102850914001465,669.084144532624,1.4502809047698975,1.4192523956298828,0.023470019841302918,0.00897181819247219,0.030300269414852456,0.022056690947542458,0.0007282397251621928,middle,-0.021862573024753494,-0.006321509986594301,-0.021349458002080594,3.5023828475780627,0.7108524243950203,0.023470019841302918
d16-s7,16,7,d16-s7-s0-8e0a39fc8f164343bd01ef6b915e849f,2957,0.5500372023809523,102.61182123477181,0.031070264977947404,0.06896030838432275,0.5315321852290152,205.14130816160613,14.146607873187744,1.0,0.0,1.0,1.0,0.02003026008605957,608.7368917856459,1.422699213027954,1.4026689529418945,-0.024099439243416728,0.004989766144685015,0.020524898633658716,0.015040493941374555,-0.0004946385475991452,middle,-0.014280105112506417,-0.00355733698548022,-0.014632746087814034,3.761197664732305,0.750888599386798,0.024099439243416728
d16-s7,16,7,d16-s7-s0-8e0a39fc8f164343bd01ef6b915e849f,3226,0.6000744047619048,139.5735802856197,0.025693858755791936,0.05323559829343629,0.5491466357115107,312.7412962106811,16.64897001484039,1.0,0.0,1.0,1.0,0.0019412040710449219,547.9895027336498,1.3840725421905518,1.3821313381195068,0.05133799963075511,-0.01100538284073357,0.0018415465371623974,0.012946586911778492,9.965753388252452e-05,middle,-0.0014045004389279497,0.007962617254382798,-0.0013323961959128712,4.080314940643723,1.1763867826442218,0.05133799963075511
d16-s7,16,7,d16-s7-s0-8e0a39fc8f164343bd01ef6b915e849f,3495,0.6501116071428571,148.81874372229206,0.01655460017147311,0.049708816870735716,0.5628453103115689,348.76010386937236,17.336452135061396,1.0,0.0,1.0,1.0,0.018726468086242676,492.1346380621098,1.328226089477539,1.3094996213912964,-0.006591014926211528,0.010573413334025509,0.018850713419762063,0.008153054752217167,-0.0001242453335193877,middle,-0.014300476136332499,-0.008074392051210856,-0.01439535614354272,4.163706538057335,0.4353759990762367,0.006591014926211528
d16-s7,16,7,d16-s7-s0-8e0a39fc8f164343bd01ef6b915e849f,3764,0.7001488095238095,130.49172929071787,0.015104618592395803,0.05467996536426553,0.5716866254165275,304.305826517916,16.639432054143843,1.0,0.0,1.0,1.0,-0.017220258712768555,428.6212354419037,1.2548315525054932,1.2720518112182617,0.007957131094902179,-0.024910690927199677,-0.017358381631001778,0.007690432214431123,0.00013812291823322304,middle,0.013537387833500645,0.01958307885536703,0.013645970610566101,4.079145995688784,0.3087201489876796,0.007957131094902179
d16-s7,16,7,d16-s7-s0-8e0a39fc8f164343bd01ef6b915e849f,4032,0.75,141.67912795866894,0.009902806206444681,0.05307662724951775,0.5474865460757163,319.3463602357028,16.949827725720613,1.0,0.0,1.0,1.0,0.004445075988769531,368.90841944569036,1.2710793018341064,1.266634225845337,-0.015331523418856649,-0.0004371162193736451,0.004514286883848695,0.004882192208143177,-6.921089507916367e-05,late,-0.003509360396291944,0.0003451005905686141,-0.0035640019760526465,4.117016847879131,1.0983371758948595,0.015331523418856649
d16-s7,16,7,d16-s7-s0-8e0a39fc8f164343bd01ef6b915e849f,4301,0.8000372023809523,161.56518284780168,0.004415648538341902,0.0476082074724,0.5520063526864741,378.67404108447977,18.027992312362034,1.0,0.0,1.0,1.0,-0.0043659210205078125,303.91282072387014,1.2651009559631348,1.2694668769836426,0.002144706045308468,-0.006583129032254215,-0.004375304763083264,0.0022172080117464025,9.38374257545161e-06,late,0.0034391767911909595,0.0051857430482127025,0.003446568667848465,4.245938331201012,0.3368015423794875,0.002144706045308468
d16-s7,16,7,d16-s7-s0-8e0a39fc8f164343bd01ef6b915e849f,4570,0.8500744047619048,143.87549956329036,0.0028135072056059743,0.05435419808537497,0.5341041292224433,320.96572148825237,17.445834404387764,1.0,0.0,1.0,1.0,-0.002440810203552246,240.001806790517,1.2423580884933472,1.2447988986968994,-0.007003227273211999,-0.0038304702577689823,-0.002423716654965995,0.0013896600542167362,-1.709354858625122e-05,late,0.0019608068468789414,0.0030771799860835813,0.001947074870891378,4.17682108838621,0.36279097883561934,0.007003227273211999
d16-s7,16,7,d16-s7-s0-8e0a39fc8f164343bd01ef6b915e849f,4839,0.9001116071428571,157.20257437677526,0.0013665409558900788,0.04846134284801695,0.5433176055679174,353.52677212832856,17.132382110063695,1.0,0.0,1.0,1.0,-1.6927719116210938e-05,176.3954254583529,1.220977544784546,1.220994472503662,-0.02797532974345429,-0.0006997246385371697,-1.6454160592130362e-05,0.0006827969194209588,-4.735585240805756e-07,late,1.3863878582104038e-05,0.000573077646373269,1.3476032007246464e-05,4.139128182366873,0.9758080276384155,0.02797532974345429
d16-s7,16,7,d16-s7-s0-8e0a39fc8f164343bd01ef6b915e849f,5107,0.9499627976190477,123.6442463061249,0.0007668308393055772,0.060824526334001726,0.5332147439601216,264.38137564663026,16.080871945238066,1.0,0.0,1.0,1.0,0.002422809600830078,105.79449370479972,1.2103265523910522,1.2079037427902222,-0.0010511361137519693,0.0020419435635933925,0.002425358983246181,0.0003808660372366856,-2.549382416102818e-06,late,-0.0020057969149374928,-0.001690485335260708,-0.002007907499022789,4.010096251368297,0.1572001518840759,0.0010511361137519693
d16-s7,16,7,d16-s7-s0-8e0a39fc8f164343bd01ef6b915e849f,5376,1.0,138.27626827300483,0.00010762141254679747,0.05377180799587577,0.5463330028696869,306.8773339995653,16.501349082110863,1.0,0.0,1.0,1.0,0.0005388259887695312,36.57470077735112,1.182418942451477,1.1818801164627075,0.00028364523163168693,0.0004848624470737388,0.0005386731533471375,5.396354169579247e-05,1.5283542239370642e-07,late,-0.00045590579049777346,-0.00041024672495963585,-0.0004557764749942255,4.062185259452216,0.10015022070302174,0.00028364523163168693
