metric,arm,tier,group,w_n_abs,w_n_prog,w_n_pts_both,w_medabsz_abs,w_medabsz_prog,w_n_inf_abs,w_n_inf_prog,w_medabsrel_abs,w_medabsrel_prog,w_medrel_abs,w_medrel_prog,w_seedsdrel_abs,w_align_dz,w_align_dz_max,w_align_drel,w_sign_flip_frac,w_frac_zero_sd_abs,w_frac_exact_eq_abs,w_frac_exact_eq_prog,w_medgap_abs,w_medgap_prog,p_n_abs,p_n_prog,p_n_pts_both,p_medabsz_abs,p_medabsz_prog,p_n_inf_abs,p_n_inf_prog,p_medabsrel_abs,p_medabsrel_prog,p_medrel_abs,p_medrel_prog,p_seedsdrel_abs,p_align_dz,p_align_dz_max,p_align_drel,p_sign_flip_frac,p_frac_zero_sd_abs,p_frac_exact_eq_abs,p_frac_exact_eq_prog,p_medgap_abs,p_medgap_prog,deterministic,verdict,verdict_prog,verdict_flip,align_unstable_warmup,align_unstable_post,align_unstable,untestable_warmup,why_unsafe,unsafe
batch/bos_count,none,continuous,config,401.0,401.0,401.0,0.0,0.0,0.0,399.0,0.0,0.0234906695938529,0.0,-0.0027589666415852,0.0,0.0,0.0,0.0231702716297786,0.9950124688279302,1.0,1.0,0.0049875311720698,1.0,0.0003968253968253,2119.0,4973.0,2119.0,0.0,0.0,0.0,4964.0,0.0,0.0214285714285714,0.0,0.0005042864346949,0.0,0.0,0.0,0.0209790209790209,0.998112317130722,1.0,1.0,0.001809772772974,1.0,0.0003968253968253,True,identical (deterministic),uniformly different (deterministic),True,False,False,False,False,verdict flips with alignment,True
batch/mean_segment_length,none,continuous,config,401.0,401.0,401.0,0.0,0.0,0.0,400.0,0.0,0.0232236554368838,0.0,0.0026514699800317,0.0,0.0,0.0,0.0234274756035803,0.9975062344139652,1.0,1.0,0.0024937655860349,1.0,0.0003968253968253,2119.0,4973.0,2119.0,0.0,0.0,0.0,4969.0,0.0,0.0214012445246896,0.0,-0.000685564307656,0.0,0.0,0.0,0.0210013008288761,0.9995280792826804,1.0,1.0,0.0008043434546551,1.0,0.0003968253968253,True,identical (deterministic),uniformly different (deterministic),True,False,False,False,False,verdict flips with alignment,True
batch/micro_batches,none,continuous,config,401.0,401.0,401.0,0.0,0.0,0.0,0.0,0.0,0.0,0.0,0.0,0.0,0.0,0.0,0.0,0.0,1.0,1.0,1.0,1.0,0.0003968253968253,2119.0,4973.0,2119.0,0.0,0.0,0.0,0.0,0.0,0.0,0.0,0.0,0.0,0.0,0.0,0.0,0.0,1.0,1.0,1.0,1.0,0.0003968253968253,True,identical (deterministic),identical (deterministic),False,False,False,False,False,,False
batch/segments_per_row_max,none,continuous,config,401.0,401.0,401.0,0.0,0.0,0.0,352.0,0.0,0.1,0.0,0.0,0.0,0.0,0.0,0.0994318181818185,0.8778054862842892,1.0,1.0,0.1221945137157107,1.0,0.0003968253968253,2119.0,4973.0,2119.0,0.0,0.0,0.0,4405.0,0.0,0.0958904109589041,0.0,0.0,0.0,0.0,0.0,0.0937499999999939,0.8905143935818782,1.0,1.0,0.1142167705610295,1.0,0.0003968253968253,True,identical (deterministic),uniformly different (deterministic),True,False,False,False,False,verdict flips with alignment,True
batch/segments_per_row_mean,none,continuous,config,401.0,401.0,401.0,0.0,0.0,0.0,399.0,0.0,0.0234906695938529,0.0,-0.0027589666415852,0.0,0.0,0.0,0.0231702716297786,0.9950124688279302,1.0,1.0,0.0049875311720698,1.0,0.0003968253968253,2119.0,4973.0,2119.0,0.0,0.0,0.0,4964.0,0.0,0.0214285714285714,0.0,0.0005042864346949,0.0,0.0,0.0,0.0209790209790209,0.998112317130722,1.0,1.0,0.001809772772974,1.0,0.0003968253968253,True,identical (deterministic),uniformly different (deterministic),True,False,False,False,False,verdict flips with alignment,True
batch/valid_targets,none,continuous,config,401.0,401.0,401.0,0.0,0.0,0.0,0.0,0.0,0.0,0.0,0.0,0.0,0.0,0.0,0.0,0.0,1.0,1.0,1.0,1.0,0.0003968253968253,2119.0,4973.0,2119.0,0.0,0.0,0.0,0.0,0.0,0.0,0.0,0.0,0.0,0.0,0.0,0.0,0.0,1.0,1.0,1.0,1.0,0.0003968253968253,True,identical (deterministic),identical (deterministic),False,False,False,False,False,,False
grad/finite,none,continuous,config,14.0,14.0,14.0,0.0,0.0,0.0,0.0,0.0,0.0,0.0,0.0,0.0,0.0,0.0,0.0,0.0,1.0,1.0,1.0,12.0,0.0047619047619047,19.0,42.0,19.0,0.0,0.0,0.0,0.0,0.0,0.0,0.0,0.0,0.0,0.0,0.0,0.0,0.0,1.0,1.0,1.0,74.0,0.0220238095238095,True,identical (deterministic),identical (deterministic),False,False,False,False,False,,False
loss/finite,none,continuous,config,401.0,401.0,401.0,0.0,0.0,0.0,0.0,0.0,0.0,0.0,0.0,0.0,0.0,0.0,0.0,0.0,1.0,1.0,1.0,1.0,0.0003968253968253,2119.0,4973.0,2119.0,0.0,0.0,0.0,0.0,0.0,0.0,0.0,0.0,0.0,0.0,0.0,0.0,0.0,1.0,1.0,1.0,1.0,0.0003968253968253,True,identical (deterministic),identical (deterministic),False,False,False,False,False,,False
optim/beta1,none,continuous,config,401.0,401.0,401.0,0.0,0.0,0.0,0.0,0.0,0.0,0.0,0.0,0.0,0.0,0.0,0.0,0.0,1.0,1.0,1.0,1.0,0.0003968253968253,2119.0,4973.0,2119.0,0.0,0.0,0.0,0.0,0.0,0.0,0.0,0.0,0.0,0.0,0.0,0.0,0.0,1.0,1.0,1.0,1.0,0.0003968253968253,True,identical (deterministic),identical (deterministic),False,False,False,False,False,,False
optim/beta2,none,continuous,config,401.0,401.0,401.0,0.0,0.0,0.0,0.0,0.0,0.0,0.0,0.0,0.0,0.0,0.0,0.0,0.0,1.0,1.0,1.0,1.0,0.0003968253968253,2119.0,4973.0,2119.0,0.0,0.0,0.0,0.0,0.0,0.0,0.0,0.0,0.0,0.0,0.0,0.0,0.0,1.0,1.0,1.0,1.0,0.0003968253968253,True,identical (deterministic),identical (deterministic),False,False,False,False,False,,False
optim/eps,none,continuous,config,401.0,401.0,401.0,0.0,0.0,0.0,0.0,0.0,0.0,0.0,0.0,0.0,0.0,0.0,0.0,0.0,1.0,1.0,1.0,1.0,0.0003968253968253,2119.0,4973.0,2119.0,0.0,0.0,0.0,0.0,0.0,0.0,0.0,0.0,0.0,0.0,0.0,0.0,0.0,1.0,1.0,1.0,1.0,0.0003968253968253,True,identical (deterministic),identical (deterministic),False,False,False,False,False,,False
optim/ns_steps,none,continuous,config,401.0,401.0,401.0,0.0,0.0,0.0,0.0,0.0,0.0,0.0,0.0,0.0,0.0,0.0,0.0,0.0,1.0,1.0,1.0,1.0,0.0003968253968253,2119.0,4973.0,2119.0,0.0,0.0,0.0,0.0,0.0,0.0,0.0,0.0,0.0,0.0,0.0,0.0,0.0,1.0,1.0,1.0,1.0,0.0003968253968253,True,identical (deterministic),identical (deterministic),False,False,False,False,False,,False
optim/lr,none,continuous,config,401.0,401.0,401.0,0.0,0.0,0.0,83.0,0.0,0.0,0.0,0.0,0.0,0.0,0.0,0.0,0.2069825436408977,1.0,1.0,0.7930174563591023,1.0,0.0003968253968253,2119.0,4973.0,2119.0,0.0,0.0,1637.0,3492.0,0.5042703645881162,9.68170955211568e-05,0.5042703645881162,9.68170955211568e-05,0.0,0.0,0.0,0.5042703645881162,0.4714487966021708,1.0,0.2274657857479943,0.2978081640860647,1.0,0.0003968253968253,True,post-dominated (deterministic),uniformly different (deterministic),True,False,False,False,False,verdict flips with alignment,True
optim/lr_eff,none,continuous,config,401.0,401.0,401.0,0.0,0.0,0.0,83.0,0.0,0.0,0.0,0.0,0.0,0.0,0.0,0.0,0.2069825436408977,1.0,1.0,0.7930174563591023,1.0,0.0003968253968253,2119.0,4973.0,2119.0,0.0,0.0,1637.0,3492.0,0.5042703645881162,9.68170955211568e-05,0.5042703645881162,9.68170955211568e-05,0.0,0.0,0.0,0.5042703645881162,0.4714487966021708,1.0,0.2274657857479943,0.2978081640860647,1.0,0.0003968253968253,True,post-dominated (deterministic),uniformly different (deterministic),True,False,False,False,False,verdict flips with alignment,True
optim/momentum,none,continuous,config,401.0,401.0,401.0,0.0,0.0,0.0,400.0,0.0,0.0362989323843416,0.0,0.0362989323843416,0.0,0.0,0.0,0.0350274725274725,0.9975062344139652,1.0,1.0,0.0024937655860349,1.0,0.0003968253968253,2119.0,4973.0,2119.0,0.0,0.0,1637.0,3945.0,0.026130198915009,3.605556421558852e-06,0.026130198915009,3.605556421558852e-06,0.0,0.0,0.0,0.0357762161175504,0.6852288815479,1.0,0.2274657857479943,0.2067162678463704,1.0,0.0003968253968253,True,post-dominated (deterministic),uniformly different (deterministic),True,False,False,False,False,verdict flips with alignment,True
optim/weight_decay,none,continuous,config,401.0,401.0,401.0,0.0,0.0,0.0,0.0,0.0,0.0,0.0,0.0,0.0,0.0,0.0,0.0,0.0,1.0,1.0,1.0,1.0,0.0003968253968253,2119.0,4973.0,2119.0,0.0,0.0,699.0,2274.0,0.0,0.0,0.0,0.0,0.0,0.0,0.0,0.0,0.3298725814063237,1.0,0.6701274185936763,0.5427307460285542,1.0,0.0003968253968253,True,post-dominated (deterministic),post-dominated (deterministic),False,False,False,False,False,,False
optim/adamw_m_norm,none,periodic,config,1.0,1.0,1.0,0.2773714895387548,1.879604210674056,0.0,0.0,0.0953947288873182,0.8812770979563856,-0.0953947288873182,-0.8812770979563856,0.3439240602772534,2.608339469747957,2.608339469747957,6.619467310362436,0.0,0.0,0.0,0.0,101.0,0.040079365079365,10.0,22.0,10.0,2.1134288289353607,1.838923805336509,0.0,0.0,0.4712951420041181,0.4163568558769982,-0.4326228149783788,-0.4163568558769982,0.2171239930229801,0.9126341084723928,3.406849995952717,0.366110310320767,0.2,0.0,0.0,0.0,101.0,0.040079365079365,False,underpowered,underpowered,False,False,False,False,True,window untestable (<5 pts),True
optim/adamw_m_rms,none,periodic,config,1.0,1.0,1.0,0.5930298597848542,1.760685054013809,0.0,0.0,0.27049184814853,0.9179701198117532,-0.27049184814853,-0.9179701198117532,0.4561184292586245,2.3959178667941585,2.3959178667941585,7.893200260409416,0.0,0.0,0.0,0.0,101.0,0.040079365079365,10.0,22.0,10.0,1.7116847456290998,1.319748832332737,0.0,0.0,0.6417435181047821,0.6232458377821627,-0.5510680770363143,-0.6004518188410033,0.3335595526632918,1.12232525810674,2.0988524460228404,0.4880748552054119,0.2,0.0,0.0,0.0,101.0,0.040079365079365,False,underpowered,underpowered,False,False,False,False,True,window untestable (<5 pts),True
optim/adamw_v_norm,none,periodic,config,1.0,1.0,1.0,0.0740128439881884,3.042435188417083,0.0,0.0,0.0490421963704396,0.9166795374686072,0.0490421963704396,-0.9166795374686072,0.6626173746041456,4.2564899647369705,4.2564899647369705,11.59045094685101,1.0,0.0,0.0,0.0,101.0,0.040079365079365,10.0,22.0,10.0,3.330278692087448,4.074936876916472,0.0,0.0,0.6901249457432553,0.8784008075776146,-0.6901249457432553,-0.8784008075776146,0.1663474669184623,3.461402294994865,6.161982057758713,2.036371864710829,0.1,0.0,0.0,0.0,101.0,0.040079365079365,False,underpowered,underpowered,False,True,True,True,True,alignment-unstable in window; alignment-unstable after window; window untestable (<5 pts),True
optim/adamw_v_rms,none,periodic,config,1.0,1.0,1.0,0.0311010779846477,3.0530866677454336,0.0,0.0,0.0205413724923817,0.9199041552533496,0.0205413724923817,-0.9199041552533496,0.660471399175342,4.262660754722018,4.262660754722018,11.741502080668948,1.0,0.0,0.0,0.0,101.0,0.040079365079365,10.0,22.0,10.0,2.996644893603194,3.702331444580527,0.0,0.0,0.6639180368776875,0.877840111268245,-0.6639180368776875,-0.877840111268245,0.1898150576279831,3.4138749545466345,6.316335721277314,2.143449509710769,0.1,0.0,0.0,0.0,101.0,0.040079365079365,False,underpowered,underpowered,False,True,True,True,True,alignment-unstable in window; alignment-unstable after window; window untestable (<5 pts),True
optim/muon_momentum_norm,none,periodic,config,1.0,1.0,1.0,1.7020547998954223,0.8920457686065218,0.0,0.0,0.1912503086700889,0.1376701965763563,-0.1912503086700889,0.1376701965763563,0.112364366107272,2.6035924290832315,2.6035924290832315,0.2891176249815465,1.0,0.0,0.0,0.0,101.0,0.040079365079365,10.0,22.0,10.0,19.75886430488983,11.336812111223338,0.0,0.0,0.5570854245089193,0.3415814693094109,-0.5570854245089193,-0.3415814693094109,0.0261741541667958,11.688780967785735,30.328850974293346,0.4359005632909712,0.0,0.0,0.0,0.0,101.0,0.040079365079365,False,underpowered,underpowered,False,False,True,True,True,alignment-unstable after window; window untestable (<5 pts),True
optim/muon_momentum_rms,none,periodic,config,1.0,1.0,1.0,3.086034534087361,0.9806632686921865,0.0,0.0,0.3986107533366488,0.1776930429686576,-0.3986107533366488,-0.1776930429686576,0.1291660054136532,2.0531237430362888,2.0531237430362888,0.2686560152251889,0.0,0.0,0.0,0.0,101.0,0.040079365079365,10.0,22.0,10.0,39.70418646234471,20.132136459055697,0.0,0.0,0.6471232303706241,0.4690348545398648,-0.6471232303706241,-0.4690348545398648,0.017343799226152,19.543405553940765,41.0641105643168,0.4937431476821909,0.0,0.0,0.0,0.0,101.0,0.040079365079365,False,underpowered,underpowered,False,False,True,True,True,alignment-unstable after window; window untestable (<5 pts),True
optim/muon_second_momentum_mean,none,periodic,config,1.0,1.0,1.0,,,1.0,1.0,0.2500000223517411,0.2499801557203089,-0.2500000223517411,-0.2499801557203089,0.0,,,2.648814105883843e-05,0.0,1.0,0.0,0.0,101.0,0.040079365079365,10.0,22.0,10.0,,,10.0,22.0,0.2500000223517411,0.2500000223517411,-0.2500000223517411,-0.2500000223517411,0.0,0.0,0.0,0.0,0.0,1.0,0.0,0.0,101.0,0.040079365079365,True,underpowered,underpowered,False,False,False,False,True,window untestable (<5 pts),True
optim/muon_second_momentum_norm,none,periodic,config,1.0,1.0,1.0,687.0320989367074,122.54499833444464,0.0,0.0,0.133689326436981,0.1381235434597486,-0.133689326436981,-0.1381235434597486,0.0001945896365597,6.329548815800141,6.329548815800141,0.0051448406429008,0.0,0.0,0.0,0.0,101.0,0.040079365079365,10.0,22.0,10.0,2682.376198564423,2115.6330705064074,0.0,0.0,0.1338286113985548,0.134086914096116,-0.1338286113985548,-0.134086914096116,5.3152152902825786e-05,4.434768582459548,26.274876469296725,0.0003223382268227,0.0,0.0,0.0,0.0,101.0,0.040079365079365,False,underpowered,underpowered,False,True,True,True,True,alignment-unstable in window; alignment-unstable after window; window untestable (<5 pts),True
optim/muon_second_momentum_rms,none,periodic,config,1.0,1.0,1.0,1283.535153113351,224.99354309545575,0.0,0.0,0.249752960956863,0.2535930750639755,-0.249752960956863,-0.2535930750639755,0.0001945820964475,6.329573449557681,6.329573449557681,0.0051447996780599,0.0,0.0,0.0,0.0,101.0,0.040079365079365,10.0,22.0,10.0,5009.453680547319,3947.233910022695,0.0,0.0,0.249873589062407,0.2500972662631494,-0.249873589062407,-0.2500972662631494,5.314345821398452e-05,4.435909215390957,26.290011761218505,0.0003223162442115,0.0,0.0,0.0,0.0,101.0,0.040079365079365,False,underpowered,underpowered,False,True,True,True,True,alignment-unstable in window; alignment-unstable after window; window untestable (<5 pts),True
curvature/arith_eps,native,sparse,dynamics,12.0,10.0,10.0,0.0,0.0,0.0,0.0,0.0,0.0,0.0,0.0,0.0,0.0,0.0,0.0,0.0,1.0,1.0,1.0,8.0,0.0047619047619047,10.0,21.0,10.0,0.0,0.0,0.0,0.0,0.0,0.0,0.0,0.0,0.0,0.0,0.0,0.0,0.0,1.0,1.0,1.0,126.0,0.0499999999999999,True,identical (deterministic),identical (deterministic),False,False,False,False,False,,False
curvature/arith_eps,shadow_fp32,sparse,dynamics,12.0,10.0,10.0,0.0,0.0,0.0,0.0,0.0,0.0,0.0,0.0,0.0,0.0,0.0,0.0,0.0,1.0,1.0,1.0,8.0,0.0047619047619047,10.0,21.0,10.0,0.0,0.0,0.0,0.0,0.0,0.0,0.0,0.0,0.0,0.0,0.0,0.0,0.0,1.0,1.0,1.0,126.0,0.0499999999999999,True,identical (deterministic),identical (deterministic),False,False,False,False,False,,False
curvature/eta_star_rho_threshold,native,sparse,dynamics,12.0,10.0,10.0,0.0,0.0,0.0,0.0,0.0,0.0,0.0,0.0,0.0,0.0,0.0,0.0,0.0,1.0,1.0,1.0,8.0,0.0047619047619047,10.0,21.0,10.0,0.0,0.0,0.0,0.0,0.0,0.0,0.0,0.0,0.0,0.0,0.0,0.0,0.0,1.0,1.0,1.0,126.0,0.0499999999999999,True,identical (deterministic),identical (deterministic),False,False,False,False,False,,False
curvature/eta_star_rho_threshold,shadow_fp32,sparse,dynamics,12.0,10.0,10.0,0.0,0.0,0.0,0.0,0.0,0.0,0.0,0.0,0.0,0.0,0.0,0.0,0.0,1.0,1.0,1.0,8.0,0.0047619047619047,10.0,21.0,10.0,0.0,0.0,0.0,0.0,0.0,0.0,0.0,0.0,0.0,0.0,0.0,0.0,0.0,1.0,1.0,1.0,126.0,0.0499999999999999,True,identical (deterministic),identical (deterministic),False,False,False,False,False,,False
curvature/fd_conclusive_gradient,native,sparse,dynamics,12.0,10.0,10.0,0.0,0.0,0.0,0.0,,,,,,0.0,0.0,,,1.0,1.0,1.0,8.0,0.0047619047619047,10.0,21.0,10.0,0.0,0.0,0.0,0.0,,,,,,0.0,0.0,,,1.0,1.0,1.0,126.0,0.0499999999999999,True,identical (deterministic),identical (deterministic),False,False,False,False,False,,False
curvature/fd_conclusive_gradient,shadow_fp32,sparse,dynamics,12.0,10.0,10.0,0.0,0.0,0.0,0.0,0.0,0.0,0.0,0.0,0.0,0.0,0.0,0.0,0.0,1.0,1.0,1.0,8.0,0.0047619047619047,10.0,21.0,10.0,0.0,0.0,0.0,0.0,0.0,0.0,0.0,0.0,0.0,0.0,0.0,0.0,0.0,1.0,1.0,1.0,126.0,0.0499999999999999,True,identical (deterministic),identical (deterministic),False,False,False,False,False,,False
curvature/fd_conclusive_random,native,sparse,dynamics,12.0,10.0,10.0,0.0,0.0,0.0,0.0,,,,,,0.0,0.0,,,1.0,1.0,1.0,8.0,0.0047619047619047,10.0,21.0,10.0,0.0,0.0,0.0,0.0,,,,,,0.0,0.0,,,1.0,1.0,1.0,126.0,0.0499999999999999,True,identical (deterministic),identical (deterministic),False,False,False,False,False,,False
curvature/fd_conclusive_update,native,sparse,dynamics,12.0,10.0,10.0,0.0,0.0,0.0,0.0,,,,,,0.0,0.0,,,1.0,1.0,1.0,8.0,0.0047619047619047,10.0,21.0,10.0,0.0,0.0,0.0,0.0,,,,,,0.0,0.0,,,1.0,1.0,1.0,126.0,0.0499999999999999,True,identical (deterministic),identical (deterministic),False,False,False,False,False,,False
curvature/fd_eps_gradient,native,sparse,dynamics,12.0,10.0,10.0,0.0,0.0,0.0,0.0,0.0,0.0,0.0,0.0,0.0,0.0,0.0,0.0,0.0,1.0,1.0,1.0,8.0,0.0047619047619047,10.0,21.0,10.0,0.0,0.0,0.0,0.0,0.0,0.0,0.0,0.0,0.0,0.0,0.0,0.0,0.0,1.0,1.0,1.0,126.0,0.0499999999999999,True,identical (deterministic),identical (deterministic),False,False,False,False,False,,False
curvature/fd_eps_random,shadow_fp32,sparse,dynamics,12.0,10.0,10.0,0.0,0.0,0.0,0.0,0.0,0.0,0.0,0.0,0.0,0.0,0.0,0.0,0.0,1.0,1.0,1.0,8.0,0.0047619047619047,10.0,21.0,10.0,0.0,0.0,0.0,0.0,0.0,0.0,0.0,0.0,0.0,0.0,0.0,0.0,0.0,1.0,1.0,1.0,126.0,0.0499999999999999,True,identical (deterministic),identical (deterministic),False,False,False,False,False,,False
curvature/fd_eps_update,shadow_fp32,sparse,dynamics,12.0,10.0,10.0,0.0,0.0,0.0,0.0,0.0,0.0,0.0,0.0,0.0,0.0,0.0,0.0,0.0,1.0,1.0,1.0,8.0,0.0047619047619047,10.0,21.0,10.0,0.0,0.0,0.0,0.0,0.0,0.0,0.0,0.0,0.0,0.0,0.0,0.0,0.0,1.0,1.0,1.0,126.0,0.0499999999999999,True,identical (deterministic),identical (deterministic),False,False,False,False,False,,False
curvature/native_verdict_code,native,sparse,dynamics,12.0,10.0,10.0,0.0,0.0,0.0,0.0,0.0,0.0,0.0,0.0,0.0,0.0,0.0,0.0,0.0,1.0,1.0,1.0,8.0,0.0047619047619047,10.0,21.0,10.0,0.0,0.0,0.0,0.0,0.0,0.0,0.0,0.0,0.0,0.0,0.0,0.0,0.0,1.0,1.0,1.0,126.0,0.0499999999999999,True,identical (deterministic),identical (deterministic),False,False,False,False,False,,False
curvature/verdict_code_gradient,native,sparse,dynamics,12.0,10.0,10.0,0.0,0.0,0.0,0.0,0.0,0.0,0.0,0.0,0.0,0.0,0.0,0.0,0.0,1.0,1.0,1.0,8.0,0.0047619047619047,10.0,21.0,10.0,0.0,0.0,0.0,0.0,0.0,0.0,0.0,0.0,0.0,0.0,0.0,0.0,0.0,1.0,1.0,1.0,126.0,0.0499999999999999,True,identical (deterministic),identical (deterministic),False,False,False,False,False,,False
curvature/verdict_code_random,native,sparse,dynamics,12.0,10.0,10.0,0.0,0.0,0.0,0.0,0.0,0.0,0.0,0.0,0.0,0.0,0.0,0.0,0.0,1.0,1.0,1.0,8.0,0.0047619047619047,10.0,21.0,10.0,0.0,0.0,0.0,0.0,0.0,0.0,0.0,0.0,0.0,0.0,0.0,0.0,0.0,1.0,1.0,1.0,126.0,0.0499999999999999,True,identical (deterministic),identical (deterministic),False,False,False,False,False,,False
curvature/verdict_code_update,native,sparse,dynamics,12.0,10.0,10.0,0.0,0.0,0.0,0.0,0.0,0.0,0.0,0.0,0.0,0.0,0.0,0.0,0.0,1.0,1.0,1.0,8.0,0.0047619047619047,10.0,21.0,10.0,0.0,0.0,0.0,0.0,0.0,0.0,0.0,0.0,0.0,0.0,0.0,0.0,0.0,1.0,1.0,1.0,126.0,0.0499999999999999,True,identical (deterministic),identical (deterministic),False,False,False,False,False,,False
calib/grad_cosine_prev,none,sparse,dynamics,12.0,10.0,10.0,1.1991156809990131,3.448789042462331,0.0,0.0,0.4623509521079246,1.8500800214889428,0.0270977151894125,0.1690712287881452,0.4389882457391653,3.477044459646483,18.86925339590865,1.7974547714790317,0.4,0.0,0.0,0.0,12.0,0.0063492063492063,9.0,19.0,9.0,2.440553387857104,0.8594486884242939,0.0,0.0,4.940154550158735,2.161280019020482,-4.631857791378778,-0.9561637490660052,2.2718646455583915,0.6023351328542215,1.8760774094617048,2.733590102385095,0.0,0.0,0.0,0.0,126.0,0.0499999999999999,False,not different,warmup-dominated,True,True,False,True,False,alignment-unstable in window; verdict flips with alignment,True
curvature/c_fd_gradient,native,sparse,dynamics,12.0,10.0,10.0,1.4208167104919491,1.3076284079747278,0.0,0.0,0.4150902227956468,0.6749515924253399,0.1486595423474179,-0.0458823493540207,0.2637745634463041,0.8024135465840772,5.503035440030497,0.8231568126195554,0.7,0.0,0.0,0.0,8.0,0.0047619047619047,10.0,21.0,10.0,1.2272913390684836,2.948059377248755,0.0,0.0,0.2724150733026428,0.6857012582193899,-0.2724150733026428,0.6857012582193899,0.2137356127468113,3.451575649298409,6.0401488684522375,0.6192547665536103,0.8,0.0,0.0,0.0,126.0,0.0499999999999999,False,not different,not different,False,False,True,True,False,alignment-unstable after window,True
curvature/c_fd_gradient,shadow_fp32,sparse,dynamics,12.0,10.0,10.0,1.8554215610082607,1.6948936720246417,0.0,0.0,0.3282350516790683,0.6839124933983711,0.3282350516790683,-0.0891770363537754,0.2266901656859202,1.001317521452206,6.5330022209384335,0.6958338203400045,0.4,0.0,0.0,0.0,8.0,0.0047619047619047,10.0,21.0,10.0,1.798202338823883,3.008991022926525,0.0,0.0,0.2947699315137761,0.6608165216193943,-0.2947699315137761,0.6608165216193943,0.2048154311073489,3.59192577802314,6.257131947949233,0.6205599459705278,0.8,0.0,0.0,0.0,126.0,0.0499999999999999,False,not different,uniformly different,True,False,True,True,False,alignment-unstable after window; verdict flips with alignment,True
curvature/c_fd_random,native,sparse,dynamics,12.0,10.0,10.0,0.0789078067429889,0.0882267860850049,0.0,0.0,1.2148154547810786,3.18593666716005,0.88345068527102,0.949911265029379,95.9168203957081,0.063864151591666,1.0146190578578105,1.6105083188987637,0.2,0.0,0.0,0.0,8.0,0.0047619047619047,10.0,21.0,10.0,0.0999143510376773,0.2055744813834958,0.0,0.0,7.273716655684382,5.053671939024693,-1.4663680118582758,0.9728561732056608,127.61757389368032,0.056626715068823,0.2525031740854495,1.454558840387805,0.1,0.0,0.0,0.0,126.0,0.0499999999999999,False,not different,not different,False,False,False,False,False,,False
curvature/c_fd_random,shadow_fp32,sparse,dynamics,12.0,10.0,10.0,0.253753658857393,0.7458612653169916,0.0,0.0,1.306,4.589363255855332,0.25,-1.2977928287812506,59.63061570756503,0.351780723059662,1.874507600849981,5.845486111111111,0.5,0.0,0.0833333333333333,0.0,8.0,0.0047619047619047,10.0,21.0,10.0,0.0905676980580937,0.1240524536207127,0.0,0.0,1.3331360306017943,6.880047469134429,1.01736559599066,-0.775,19.401609970579536,0.0586818587978286,0.359861786027393,1.0146590793626975,0.2,0.0,0.0,0.0,126.0,0.0499999999999999,False,not different,not different,False,False,False,False,False,,False
curvature/c_fd_update,native,sparse,dynamics,12.0,10.0,10.0,0.2591655219658574,0.6347988974832657,0.0,0.0,5.895025884844383,18.65930794180732,0.7102148661350061,-1.1522274332507787,9.697639505078824,0.2430605591932379,0.5436152468995077,1.128935284448256,0.2,0.0,0.0,0.0,8.0,0.0047619047619047,10.0,21.0,10.0,0.2618162391809945,0.8769153549972062,0.0,0.0,5.2296592244126,34.55146429540568,0.522852461606476,0.2426607839809944,48.857879534471714,0.0216126273597052,0.7809715564543198,1.0259762269388517,0.3,0.0,0.0,0.0,126.0,0.0499999999999999,False,not different,not different,False,False,False,False,False,,False
curvature/c_fd_update,shadow_fp32,sparse,dynamics,12.0,10.0,10.0,0.9374039941023714,0.399240184563828,0.0,0.0,1.7777777777777777,1.3937015683955931,0.91,0.6721389496724853,35.46916588242613,0.3267667077299751,1.518961997027903,8.941688910590278,0.1,0.0,0.0,0.0,8.0,0.0047619047619047,10.0,21.0,10.0,0.2008207613090019,0.1957295265041745,0.0,0.0,4.625,3.078886310904652,-0.2578964064778957,0.9927839071464956,19.451030409549524,0.051644668877929,1.7822672450225163,6.502994607877031,0.4,0.0,0.0,0.0,126.0,0.0499999999999999,False,not different,not different,False,False,False,False,False,,False
curvature/curv_eps_gradient,native,sparse,dynamics,12.0,10.0,10.0,0.0,0.0,0.0,0.0,0.0,0.0,0.0,0.0,0.0,0.0,0.0,0.0,0.0,0.9166666666666666,1.0,1.0,8.0,0.0047619047619047,10.0,21.0,10.0,0.0,0.0,0.0,0.0,0.0,0.0,0.0,0.0,0.0,0.0,0.0,0.0,0.0,1.0,1.0,1.0,126.0,0.0499999999999999,False,not different,not different,False,False,False,False,False,,False
curvature/curv_eps_gradient,shadow_fp32,sparse,dynamics,12.0,10.0,10.0,0.083489495416371,0.5566551902713159,2.0,2.0,0.1283144571282642,0.1594249231845128,-0.0641572285641321,-0.0791802819482681,0.1040300890527208,1.1883903341492197,4.563160824279206,0.2893439845127891,0.2,0.3333333333333333,0.3333333333333333,0.2,8.0,0.0047619047619047,10.0,21.0,10.0,2.8117450620595754,2.283958681670609,0.0,0.0,0.256805754166708,0.2599171955077147,0.256805754166708,-0.2599171955077147,0.1054235367827662,3.420761092876905,7.048150047613843,0.8265875909581062,0.9,0.0,0.1,0.0,126.0,0.0499999999999999,False,not different,not different,False,False,True,True,False,alignment-unstable after window,True
curvature/curv_eps_random,native,sparse,dynamics,12.0,10.0,10.0,1.4596643634472044,1.6508079009034673,0.0,0.0,2.333333333333333,1.11447590985977,2.333333333333333,1.11447590985977,1.5434702946897587,0.4494437697049584,1.9064354292726515,0.7384665559772294,0.0,0.0,0.0833333333333333,0.1,8.0,0.0047619047619047,10.0,21.0,10.0,0.6106035991086691,1.2866647057736578,0.0,0.0,0.5907407407407408,0.8997039874629984,-0.2407407407407407,-0.6982409478329203,0.5913043705598089,0.7477033087033882,2.2262160021095805,0.7018655635706075,0.2,0.0,0.2,0.0,126.0,0.0499999999999999,False,not different,not different,False,False,False,False,False,,False
curvature/curv_eps_random,shadow_fp32,sparse,dynamics,12.0,10.0,10.0,0.3291698266611175,0.9433718271507204,0.0,0.0,0.7,0.7973594507657591,0.0,-0.0950022267026239,1.5306824572885476,0.3863164336091517,3.718418512744264,0.6515824874860958,0.3,0.0,0.25,0.0,8.0,0.0047619047619047,10.0,21.0,10.0,1.6559983828356244,0.5197809674907395,0.0,0.0,2.2464128035320083,0.6666666666666666,2.2464128035320083,0.0018220970680795,1.4990843269260037,0.4550979280344724,1.557581044863944,1.3458167937160133,0.1,0.0,0.0,0.0952380952380952,126.0,0.0499999999999999,False,not different,not different,False,False,False,False,False,,False
curvature/curv_eps_update,native,sparse,dynamics,12.0,10.0,10.0,0.631158185986449,1.082200954168487,1.0,0.0,0.7000000000000001,0.6049584450716559,0.0,0.0031956984883839,1.2847908467119962,1.2056839659261738,2.218180599356638,1.737344590053763,0.3,0.0833333333333333,0.1666666666666666,0.1,8.0,0.0047619047619047,10.0,21.0,10.0,0.4219314802728746,0.4942298842321698,0.0,0.0,0.6763565891472868,0.8995682497509134,-0.5968596292092319,-0.5079326336343667,1.2514700570988833,0.5269359966529417,2.1903907275818777,0.95422682128265,0.3,0.0,0.1,0.0476190476190476,126.0,0.0499999999999999,False,not different,not different,False,False,False,False,False,,False
curvature/curv_eps_update,shadow_fp32,sparse,dynamics,12.0,10.0,10.0,1.0822206735673214,0.7610771190873422,0.0,0.0,0.8,0.7937293971137647,0.0,0.1859932456304693,2.145991058078604,1.4581752151287823,2.3084063656000424,1.1826953124999997,0.2,0.0,0.1666666666666666,0.0,8.0,0.0047619047619047,10.0,21.0,10.0,1.4135830446806787,0.73482386017331,0.0,0.0,0.9385149201943098,0.9008036739380022,0.2920454545454549,0.0006700915791807,0.956288133550086,0.4171932279688989,2.87089578701156,0.7435016324899901,0.3,0.0,0.0,0.0952380952380952,126.0,0.0499999999999999,False,not different,not different,False,False,False,False,False,,False
curvature/curv_floor_gradient,native,sparse,dynamics,12.0,10.0,10.0,2.8532767824783454,41.8286814358052,0.0,0.0,0.01321101764942,0.2067715689300946,-0.01321101764942,-0.2067715689300946,0.0049719714607541,33.23926007556097,202.21221360969872,0.2171670641404244,0.0,0.0,0.0,0.0,8.0,0.0047619047619047,10.0,21.0,10.0,2.687483153520738,12.3436910319868,0.0,0.0,0.033832925862913,0.1646643174887739,-0.0306217560882677,-0.1646643174887739,0.0121092951684098,10.529722679872616,21.79208575338838,0.2142925634343591,0.4,0.0,0.0,0.0,126.0,0.0499999999999999,False,not different,warmup-dominated,True,True,True,True,False,alignment-unstable in window; alignment-unstable after window; verdict flips with alignment,True
curvature/curv_floor_gradient,shadow_fp32,sparse,dynamics,12.0,10.0,10.0,2.185368593741984,0.8129769725546838,0.0,0.0,0.2874492131803783,0.3632801572357098,0.1416843724224855,-0.0347576092697293,0.2020162546712606,0.5341553005957754,4.609215427902771,0.4049909540422052,0.3,0.0,0.0,0.0,8.0,0.0047619047619047,10.0,21.0,10.0,2.04638853350607,2.4670296463105275,0.0,0.0,0.3795343564953433,0.5158837292502205,-0.3795343564953433,0.5158837292502205,0.2124160616529852,3.0713307964267265,6.893146191999351,0.6076710944183419,0.7,0.0,0.0,0.0,126.0,0.0499999999999999,False,not different,not different,False,False,True,True,False,alignment-unstable after window,True
curvature/curv_floor_random,native,sparse,dynamics,12.0,10.0,10.0,0.0877843105468859,0.1176733433466874,0.0,0.0,0.9508210236427824,0.9580189770267538,-0.910921725467404,-0.9580189770267538,43.64601873817578,0.1510457117212376,2.0558139684048946,4.013624692815078,0.2,0.0,0.0,0.0,8.0,0.0047619047619047,10.0,21.0,10.0,0.2508792030108479,1.695424512290936,0.0,0.0,0.9929659735896468,6.422472674662086,0.0064104597648727,6.422472674662086,5.580087643820894,0.1386089411198278,2.50903510502548,0.931801273164137,0.1,0.0,0.0,0.0,126.0,0.0499999999999999,False,not different,not different,False,False,False,False,False,,False
curvature/curv_floor_random,shadow_fp32,sparse,dynamics,12.0,10.0,10.0,0.1815770923485869,0.5762809625955119,0.0,0.0,0.9916189507692844,0.7995194649512544,-0.003179170513569,-0.7227106067575753,5.858865913960487,0.6611634640914846,2.49594048402091,5.132063613392543,0.1,0.0,0.0,0.0,8.0,0.0047619047619047,10.0,21.0,10.0,1.2862540780693084,0.1809483760955475,0.0,0.0,0.9889976592558646,0.986694603160796,-0.9780327396239178,-0.1863215846768286,1.64863539709087,0.8487980370829777,2.5668972213742083,0.8413526292927028,0.1,0.0,0.0,0.0,126.0,0.0499999999999999,False,not different,not different,False,False,False,False,False,,False
curvature/curv_floor_update,native,sparse,dynamics,12.0,10.0,10.0,0.2886077251993082,0.2722861610694272,0.0,0.0,0.9901206112588514,0.9063717396104872,-0.0128995074821089,-0.6921683248092421,3.808773786656441,0.3151417006175806,2.1994592174265613,0.907442273107973,0.2,0.0,0.0,0.0,8.0,0.0047619047619047,10.0,21.0,10.0,1.2850441803952666,0.1868773374944123,0.0,0.0,1.0024270107066715,0.9510081296630716,0.1468810841314997,0.4798992714813948,3.23683896730034,0.2864871748063997,2.348235401042775,0.9773692198610348,0.3,0.0,0.0,0.0,126.0,0.0499999999999999,False,not different,not different,False,False,False,False,False,,False
curvature/curv_floor_update,shadow_fp32,sparse,dynamics,12.0,10.0,10.0,1.0311171600234648,1.323159792734975,0.0,0.0,0.99461906770354,0.9976923052499418,-0.3122578831292883,-0.8808684321118256,5.140045145667452,0.7428685305320311,2.527306010699709,2.782417925535388,0.3,0.0,0.0,0.0,8.0,0.0047619047619047,10.0,21.0,10.0,0.1758933149566717,0.2858612720523509,0.0,0.0,0.9358962968501794,0.991692502309678,-0.3917118473034983,-0.2307435992528512,5.918662799970462,0.185393406352339,2.7318456294755027,0.8936804057124359,0.2,0.0,0.0,0.0,126.0,0.0499999999999999,False,not different,not different,False,False,False,False,False,,False
curvature/curv_snr_gradient,native,sparse,dynamics,12.0,10.0,10.0,1.599205092107581,1.1624228907150145,0.0,0.0,0.4034798905974328,0.5240106243342074,0.2908790920627575,0.5006787091942799,0.2667908968717419,1.6080047815732643,5.187513815890755,0.4760164504977053,0.5,0.0,0.0,0.0,8.0,0.0047619047619047,10.0,21.0,10.0,1.3645302451237984,4.3835915197607305,0.0,0.0,0.2733288625280805,1.0410521089594624,-0.2733288625280805,1.0410521089594624,0.2076175900699701,3.897398961385967,6.442779495972036,0.6890784941564594,0.8,0.0,0.0,0.0,126.0,0.0499999999999999,False,not different,post-dominated,True,False,True,True,False,alignment-unstable after window; verdict flips with alignment,True
curvature/curv_snr_gradient,shadow_fp32,sparse,dynamics,12.0,10.0,10.0,0.7430982839402165,2.458867514791456,0.0,0.0,0.0957508758365642,0.1245713100400151,-0.01443392905219,0.0479924430573392,0.0948957936506258,0.8210544907843145,8.190138263800941,0.0701357076904152,0.2,0.0,0.0,0.0,8.0,0.0047619047619047,10.0,21.0,10.0,1.4308031327410664,0.878013712849822,0.0,0.0,0.0877373637043595,0.0791405233628197,0.0612291490669858,0.0177878967541753,0.0593329410788503,0.3909854717385304,1.415335888137404,0.0298161500658054,0.2,0.0,0.0,0.0,126.0,0.0499999999999999,False,not different,not different,False,False,False,False,False,,False
curvature/curv_snr_random,native,sparse,dynamics,12.0,10.0,10.0,1.0130799258194654,4.285918876210579,0.0,0.0,0.4357008943748072,1.0793368807036057,0.2996692884595251,1.0793368807036057,0.3758630403065469,1.3118300921997887,7.692890487252885,0.4159388671395973,0.3,0.0,0.0,0.0,8.0,0.0047619047619047,10.0,21.0,10.0,0.8749725629759352,1.0828279148801805,0.0,0.0,0.4340931292486205,0.581763949325889,0.1730297427509824,0.3811619981106017,0.4103746572527011,0.4902993791551178,1.1601228608505776,0.2047486593956234,0.0,0.0,0.0,0.0,126.0,0.0499999999999999,False,not different,warmup-dominated,True,False,False,False,False,verdict flips with alignment,True
curvature/curv_snr_random,shadow_fp32,sparse,dynamics,12.0,10.0,10.0,1.1182955346724317,1.5055072641278393,0.0,0.0,0.4986304548816667,0.6039697278710721,-0.2344283622052199,0.1310881941616954,0.4875331085071046,0.3884391592618393,1.4900196296109485,0.2357529506119741,0.0,0.0,0.0,0.0,8.0,0.0047619047619047,10.0,21.0,10.0,0.9517265613038006,1.0665517438836214,0.0,0.0,0.4289316995303942,0.5115236787642365,-0.0513709020474468,0.2440715943614351,0.33201533397933,0.4141283523062282,0.900717783241035,0.1674219974730453,0.2,0.0,0.0,0.0,126.0,0.0499999999999999,False,not different,not different,False,False,False,False,False,,False
curvature/curv_snr_update,native,sparse,dynamics,12.0,10.0,10.0,1.0150490888245314,2.3206857032765305,0.0,0.0,0.4671913943848003,1.604040313984806,0.3493932225278302,1.604040313984806,0.4926829984799566,1.4649603244679197,3.724608618670346,0.6395988287073126,0.3,0.0,0.0,0.0,8.0,0.0047619047619047,10.0,21.0,10.0,0.697196157348041,0.6096578814875528,0.0,0.0,0.2933494749813551,0.4727016963843781,-0.1102971783828626,0.3705117494293087,0.4246432890061585,0.6336867408287217,1.19322382141257,0.2872832471302422,0.5,0.0,0.0,0.0,126.0,0.0499999999999999,False,not different,not different,False,False,False,False,False,,False
curvature/curv_snr_update,shadow_fp32,sparse,dynamics,12.0,10.0,10.0,0.7317964144030167,1.2039732772600744,0.0,0.0,0.4864702978467851,0.5081024613618623,0.0428903154722404,0.4547902425437753,0.5487828171874196,0.2630410026694855,0.9855695392811804,0.166571479783431,0.0,0.0,0.0,0.0,8.0,0.0047619047619047,10.0,21.0,10.0,0.959766081490845,0.7123736464252403,0.0,0.0,0.3382950181328906,0.3311391073279377,-0.0862323591254046,0.2126999017321749,0.2886948589944542,0.5855747250481604,1.6270378266483303,0.2647447717958399,0.2,0.0,0.0,0.0,126.0,0.0499999999999999,False,not different,not different,False,False,False,False,False,,False
curvature/e_curv_gradient,shadow_fp32,sparse,dynamics,7.0,5.0,5.0,0.9482884367335084,0.8281693650841973,0.0,0.0,0.8905596244394781,0.6641750394059479,-0.5737606310933588,-0.5081127348723842,0.9967924488033272,0.0838342886112204,0.4945052790973026,0.1081040335386445,0.0,0.0,0.0,0.0,24.0,0.0095238095238095,10.0,21.0,10.0,0.7971644506618311,1.156157347151979,0.0,0.0,0.3818626328922312,0.9765254256011922,0.16210541886659,0.9426711134167336,0.8006410056132566,0.5653088884009241,1.3513884298735896,0.6793767272278485,0.1,0.0,0.0,0.0,126.0,0.0499999999999999,False,not different,not different,False,False,False,False,False,,False
curvature/e_fd_gradient,shadow_fp32,sparse,dynamics,12.0,10.0,10.0,1.492773696782563,3.489322515981798,0.0,0.0,0.1948404295772347,0.5215124565990754,0.1580839524777951,0.4261526631756905,0.0881030871895244,2.647840816044182,5.095586445798411,0.3207590709611098,0.3,0.0,0.0,0.0,8.0,0.0047619047619047,10.0,21.0,10.0,1.2181444708554128,1.7985482807676458,0.0,0.0,0.3960018307354619,0.5890214496435955,-0.1536409267076899,-0.5571211171545716,0.3022471359825878,1.6258226335081898,3.4205988301751598,0.5274131699119327,0.4,0.0,0.0,0.0,126.0,0.0499999999999999,False,not different,uniformly different,True,False,False,False,False,verdict flips with alignment,True
curvature/e_lin_gradient,native,sparse,dynamics,12.0,10.0,10.0,0.7925759019486727,1.5602241620789354,0.0,0.0,0.1234241623346997,0.2093148364389,0.1234241623346997,-0.0245150031024819,0.1742640548644537,1.0936503473083885,4.913196529050711,0.258211823555015,0.6,0.0,0.0,0.0,8.0,0.0047619047619047,10.0,21.0,10.0,0.8602702784823038,1.714985469495499,0.0,0.0,0.0681770568333126,0.1614815935218216,-0.0118520256356899,-0.1270124158473545,0.0539388937053276,1.031252801158678,7.4339493984514,0.1162223916744612,0.3,0.0,0.0,0.0,126.0,0.0499999999999999,False,not different,not different,False,False,False,False,False,,False
curvature/e_lin_gradient,shadow_fp32,sparse,dynamics,12.0,10.0,10.0,2.520580764447116,6.115816168403621,0.0,0.0,0.1619270495967187,0.3008480040622941,0.136901839521804,0.0382357742133586,0.0319492696411261,1.7374252441632856,12.648104770670203,0.1357889058833158,0.4,0.0,0.0,0.0,8.0,0.0047619047619047,10.0,21.0,10.0,1.5767853137936705,0.9557338532805412,0.0,0.0,0.0683326444486526,0.0613507947787005,0.0586330802412325,0.0517865482773779,0.0544769190289468,1.4177992399128114,3.68917487083471,0.1067773281138913,0.3,0.0,0.0,0.0,126.0,0.0499999999999999,False,not different,warmup-dominated,True,False,False,False,False,verdict flips with alignment,True
curvature/e_sym_gradient,shadow_fp32,sparse,dynamics,12.0,10.0,10.0,0.6929521484110215,0.9909039662331652,0.0,0.0,0.8399026018914912,0.9848710824006268,0.2276342321352989,-0.0388728751583231,1.072105512630598,0.5572440784489268,2.8261862343872792,0.7536406972434244,0.1,0.0,0.0,0.0,8.0,0.0047619047619047,10.0,21.0,10.0,0.837229551818854,0.5925033398574976,0.0,0.0,0.7319899756908681,0.9547943152110494,0.2521799262708041,0.0576648362774136,0.9567955795029583,0.4232878247087056,0.7895551653032366,0.411722393942646,0.2,0.0,0.0,0.0,126.0,0.0499999999999999,False,not different,not different,False,False,False,False,False,,False
curvature/e_sym_random,native,sparse,dynamics,12.0,10.0,10.0,1.1522217902151164,1.3160524607613466,0.0,0.0,0.8301209695578153,0.7337064740701786,-0.1353872215649919,-0.4759077489671722,0.9848133549368904,0.9119815727672956,2.020942540195028,0.6496710471795581,0.3,0.0,0.0,0.0,8.0,0.0047619047619047,10.0,21.0,10.0,0.6011171360815101,0.7250162834624333,0.0,0.0,1.206927859979387,0.984779198122245,1.206927859979387,0.984779198122245,1.4874761205892248,0.3259014410442827,0.9433979782264446,0.6780455390718177,0.4,0.0,0.0,0.0,126.0,0.0499999999999999,False,not different,not different,False,False,False,False,False,,False
curvature/e_sym_random,shadow_fp32,sparse,dynamics,12.0,10.0,10.0,1.142366205703179,0.9706670577176084,0.0,0.0,1.7491568275348544,0.9439519325950164,1.4821899750897112,0.4652681053597345,1.8551675160268248,0.2026454662886986,0.5972710725382165,0.4749585781963583,0.0,0.0,0.0,0.0,8.0,0.0047619047619047,10.0,21.0,10.0,0.9395168148936162,0.4648123392566564,0.0,0.0,0.9304248552543456,3.780917612974896,0.4631737786183598,3.780917612974896,0.9799670441191652,0.1386169513593208,1.2086882571004798,0.4267362618339069,0.2,0.0,0.0,0.0,126.0,0.0499999999999999,False,not different,not different,False,False,False,False,False,,False
curvature/e_sym_update,native,sparse,dynamics,12.0,10.0,10.0,0.9414418819130832,0.7355006043240803,0.0,0.0,0.9612446412750666,0.923063484014409,-0.6929550836541207,-0.5222876352791124,1.3399187485573385,0.5955638002111644,1.782033674551806,1.434495065579176,0.2,0.0,0.0,0.0,8.0,0.0047619047619047,10.0,21.0,10.0,0.3650041806915296,0.4260459761110606,0.0,0.0,0.4713602018092515,0.6823580220972313,0.0483696967187182,-0.2817126418613624,1.2182360820674345,0.1787552296091205,0.44109218698895,0.5691748771418343,0.2,0.0,0.0,0.0,126.0,0.0499999999999999,False,not different,not different,False,False,False,False,False,,False
curvature/e_sym_update,shadow_fp32,sparse,dynamics,12.0,10.0,10.0,0.3776124146091755,0.3528408388476449,0.0,0.0,0.7067571636763874,0.6935150064530753,-0.2805502873221454,-0.6401900814082648,1.659610696250778,0.1065794637438967,0.5812519251020688,0.4065743547321026,0.0,0.0,0.0,0.0,8.0,0.0047619047619047,10.0,21.0,10.0,0.2128422251010236,0.5535734325578542,0.0,0.0,0.5174781086942101,0.627533351656521,-0.190546297451368,0.5038050609767198,1.8035316684591824,0.1118385862471612,0.3181046164250734,0.3097126528249078,0.4,0.0,0.0,0.0,126.0,0.0499999999999999,False,not different,not different,False,False,False,False,False,,False
curvature/eta_star,native,sparse,dynamics,7.0,5.0,5.0,1.8020052591631448,3.154447945572204,0.0,0.0,0.2599367468003074,0.4808616310661089,-0.1519422342262305,0.0846617138898457,0.1998843983961865,0.5003682468206853,3.354839168854717,0.3316530529721873,0.2,0.0,0.0,0.0,24.0,0.0095238095238095,10.0,21.0,10.0,2.4047439003717828,1.8272983514243049,0.0,0.0,0.4274665853239013,0.4389201927799885,0.4274665853239013,-0.3973883592860892,0.1978820786260491,2.8042981534932387,5.800014666377589,1.6333588197927216,0.8,0.0,0.0,0.0,126.0,0.0499999999999999,False,not different,uniformly different,True,False,False,False,False,verdict flips with alignment,True
curvature/eta_star,shadow_fp32,sparse,dynamics,8.0,6.0,6.0,1.3639989635069467,2.0522320691672924,0.0,0.0,0.2748372354455387,0.5143256308893602,-0.1932751369473398,0.0573092113962293,0.2300589891885282,0.5962504986487637,3.359041482132599,0.4183806715176927,0.3333333333333333,0.0,0.0,0.0,20.0,0.0079365079365079,10.0,21.0,10.0,2.260688113306025,1.820257680704094,0.0,0.0,0.4122263337731188,0.4238010717539658,0.4122263337731188,-0.3994448413103233,0.194122072706388,2.81973752763568,5.8909140535376405,1.6520315906536696,0.8,0.0,0.0,0.0,126.0,0.0499999999999999,False,not different,not different,False,False,False,False,False,,False
curvature/eta_star_rho,native,sparse,dynamics,12.0,10.0,10.0,1.208616978243825,3.0502820840024434,0.0,0.0,0.1750493545667432,0.3488456529225645,0.0613490687374478,0.0360955073980666,0.0844761615470893,2.369200754578062,8.395940727867846,0.2595317328596366,0.4,0.0,0.0,0.0,8.0,0.0047619047619047,10.0,21.0,10.0,2.0536290709900293,0.6846419904533186,0.0,0.0,0.0710674182216508,0.0386583542946312,-0.0710674182216508,0.0157894486274746,0.039900351947275,1.290199629410801,3.6713079235225785,0.1048561370747165,0.7,0.0,0.0,0.0,126.0,0.0499999999999999,False,not different,warmup-dominated,True,False,False,False,False,verdict flips with alignment,True
curvature/eta_star_rho,shadow_fp32,sparse,dynamics,12.0,10.0,10.0,1.143010671339428,3.01821359428932,0.0,0.0,0.1626449736268607,0.3421689493094106,0.0591572455211433,0.0357486182511164,0.0871273184002663,2.325661622615755,8.823444648254648,0.2546475193286656,0.4,0.0,0.0,0.0,8.0,0.0047619047619047,10.0,21.0,10.0,2.0570767327831616,0.6656828635605292,0.0,0.0,0.0673543854574857,0.0433325193889679,-0.0673543854574857,0.0097016728774365,0.0393427564588041,1.242852241138253,3.715531980631922,0.1017340077030952,0.7,0.0,0.0,0.0,126.0,0.0499999999999999,False,not different,warmup-dominated,True,False,False,False,False,verdict flips with alignment,True
curvature/fd_conclusive_random,shadow_fp32,sparse,dynamics,12.0,10.0,10.0,0.0,0.0,1.0,3.0,1.0,1.0,-1.0,-1.0,0.0179581166395136,0.1299457209672833,3.213282138558192,0.390625,0.3333333333333333,0.75,0.6666666666666666,0.5,8.0,0.0047619047619047,10.0,21.0,10.0,0.0,0.0,0.0,0.0,1.0,1.0,-1.0,-1.0,0.5731470650478276,0.1051829791520185,1159.1185023453827,1.0,,0.4,0.7,0.5714285714285714,126.0,0.0499999999999999,False,not different,not different,False,False,False,False,False,,False
curvature/fd_conclusive_update,shadow_fp32,sparse,dynamics,12.0,10.0,10.0,0.0,0.0,0.0,0.0,,,,,,0.0,0.0,,,0.9166666666666666,1.0,1.0,8.0,0.0047619047619047,10.0,21.0,10.0,0.0,0.0,0.0,0.0,,,,,,0.0,0.0,,,1.0,1.0,1.0,126.0,0.0499999999999999,False,not different,not different,False,False,False,False,False,,False
curvature/fd_cos_gradient,shadow_fp32,sparse,dynamics,12.0,10.0,10.0,0.855568469399888,3.241064549223029,8.0,7.0,1.4485964153074901e-09,1.7708972137484731e-09,-5.229292015153888e-10,-4.2306836056667606e-10,0.0,2.6059781577567747,3.5189655869877314,1.8626051874250162e-09,0.5,0.6666666666666666,0.0,0.0,8.0,0.0047619047619047,10.0,21.0,10.0,0.991282347141754,1.2262784835963076,0.0,0.0,1.5330338343265458e-07,1.6300452870469986e-07,5.516223919369097e-08,1.3567095544578724e-07,8.52999900875173e-08,1.132166713093094,2.725786011530375,4.0352103252220633e-07,0.4,0.0,0.0,0.0,126.0,0.0499999999999999,False,not different,uniformly different,True,False,False,False,False,verdict flips with alignment,True
curvature/fd_eps_gradient,shadow_fp32,sparse,dynamics,12.0,10.0,10.0,0.0,2.184084119452652,0.0,4.0,0.0,0.6666666666666666,0.0,-0.5191248868341967,0.0,3.177316347428741,57.82450578593603,1.3320963541666668,0.8,0.5833333333333334,0.6666666666666666,0.1,8.0,0.0047619047619047,10.0,21.0,10.0,1.8032262105591736,1.8257418583505536,0.0,1.0,1.2250316055625792,0.0054267390231869,1.2250316055625792,0.0029601253700161,0.2974276720756569,2.259011556428125,4.685837300336521,0.6965277777777781,0.8,0.1,0.3,0.238095238095238,126.0,0.0499999999999999,False,not different,not different,False,True,False,True,False,alignment-unstable in window,True
curvature/fd_eps_random,native,sparse,dynamics,12.0,10.0,10.0,0.0,0.0,0.0,0.0,0.0,0.0,0.0,0.0,0.0,0.0,0.3921339187857391,0.0,0.1,0.5833333333333334,0.8333333333333334,0.9,8.0,0.0047619047619047,10.0,21.0,10.0,1.0668933851430478,0.1768983834187557,0.0,0.0,0.8821885971418681,0.7,-0.807156368221942,-0.6663356504468717,1.1320301081107245,1.3334790369814278,3.263183705192107,0.8311867363335099,0.3,0.0,0.0,0.0952380952380952,126.0,0.0499999999999999,False,not different,not different,False,False,False,False,False,,False
curvature/fd_eps_update,native,sparse,dynamics,12.0,10.0,10.0,0.0,0.2107173153624583,1.0,0.0,0.0,0.0713010488730193,0.0,0.0,0.2955698886796942,0.0251109853059866,2.108672921518682,0.0053475935828876,0.4,0.4166666666666667,0.75,0.5,8.0,0.0047619047619047,10.0,21.0,10.0,1.2565889880339007,0.6339860369971045,0.0,0.0,0.6933114035087719,0.6993961082531877,-0.3232323232323231,-0.0118764845605702,0.5353073725986578,0.4924649606849949,1.2810805973740376,0.389394915651359,0.4,0.0,0.2,0.0952380952380952,126.0,0.0499999999999999,False,not different,not different,False,False,False,False,False,,False
curvature/fd_floor_update,native,sparse,dynamics,12.0,10.0,10.0,1.215435539355207,2.1360745580478384,0.0,0.0,0.1558191038656354,0.7002389200173904,0.1558191038656354,0.5325593672639916,0.3858929342341902,0.6401609815865696,6.511151293499484,0.4538029565840986,0.3,0.0,0.0,0.0,8.0,0.0047619047619047,10.0,21.0,10.0,0.7162270945242976,0.4777107397696098,0.0,0.0,0.7213618235764288,0.5705021248137512,0.2950010031234664,0.4425128359333605,1.9007103338365847,0.1301660358399106,0.745813287264901,0.326848983579584,0.3,0.0,0.0,0.0,126.0,0.0499999999999999,False,not different,not different,False,False,False,False,False,,False
curvature/fd_snr_gradient,native,sparse,dynamics,12.0,10.0,10.0,0.640411500927645,2.971088280742922,0.0,0.0,0.0661498209321252,0.4277360928450545,-0.007391484689531,0.1560487261196224,0.0696022415505226,2.512912291669255,8.046637720697232,0.3446428617214275,0.6,0.0,0.0,0.0,8.0,0.0047619047619047,10.0,21.0,10.0,1.3967439290176216,2.495503434794343,0.0,0.0,0.1504027358039653,0.3541518509552374,-0.1335239452389566,0.3541518509552374,0.1253235485458372,3.6639201161475015,5.1093937467109765,0.4432285945677214,0.7,0.0,0.0,0.0,126.0,0.0499999999999999,False,not different,not different,False,False,True,True,False,alignment-unstable after window,True
curvature/fd_snr_gradient,shadow_fp32,sparse,dynamics,12.0,10.0,10.0,0.5775234237782304,5.330771704695113,0.0,0.0,0.0576209282723172,0.4414181917871994,-0.0324418948595138,-0.1286522163545191,0.0691966115935941,1.2859357976176535,10.686073471416195,0.4888438026988372,0.4,0.0,0.0,0.0,8.0,0.0047619047619047,10.0,21.0,10.0,1.239080053689063,1.881690872821855,0.0,0.0,0.628862119273851,0.7169689799110057,0.5316368110114399,0.7169689799110057,0.3427787478945822,1.1218381727103228,4.110681755042035,0.4394714262738176,0.5,0.0,0.0,0.0,126.0,0.0499999999999999,False,not different,uniformly different,True,False,False,False,False,verdict flips with alignment,True
curvature/fd_snr_random,native,sparse,dynamics,12.0,10.0,10.0,1.1525540209845226,5.118584744922222,0.0,0.0,0.0953617545309656,0.8301479855167836,0.0533973727236923,0.8301479855167836,0.0700633859437313,3.899603707197642,10.670790134814364,0.3709990541229764,0.4,0.0,0.0,0.0,8.0,0.0047619047619047,10.0,21.0,10.0,1.789848878017673,0.8108834526661113,0.0,0.0,0.0632318912146278,0.0385371983646007,-0.0180844694842498,0.0045326581354392,0.0377419361815037,1.748275900227075,3.594086565442498,0.0703220262368761,0.1,0.0,0.0,0.0,126.0,0.0499999999999999,False,not different,warmup-dominated,True,True,False,True,False,alignment-unstable in window; verdict flips with alignment,True
curvature/fd_snr_update,native,sparse,dynamics,12.0,10.0,10.0,0.5253171663190412,2.974855418092195,0.0,0.0,0.1129645842929449,0.4031512665237308,0.0351930855602124,0.4031512665237308,0.1004823823926839,3.1503159299760024,9.46677458386758,0.295673835522011,0.3,0.0,0.0,0.0,8.0,0.0047619047619047,10.0,21.0,10.0,1.91215840636422,0.9098923882247724,0.0,0.0,0.0625358508095125,0.044178120284179,0.0414332333616005,-0.008527362407094,0.0351881700457736,3.1160621457434248,4.641121598301807,0.1060921570327604,0.3,0.0,0.0,0.0,126.0,0.0499999999999999,False,not different,not different,False,True,True,True,False,alignment-unstable in window; alignment-unstable after window,True
curvature/fd_snr_update,shadow_fp32,sparse,dynamics,12.0,10.0,10.0,1.3537633117010233,2.442771670799317,0.0,0.0,0.1121658570161847,0.2941660930097504,-0.0796031485431854,0.1240059116913179,0.1095076292583102,1.8735567556725348,14.183239806514251,0.2664101722259457,0.7,0.0,0.0,0.0,8.0,0.0047619047619047,10.0,21.0,10.0,2.01556297744093,3.141313491367698,0.0,0.0,0.1688481555327146,0.3261379706267122,-0.1483819390234787,-0.3261379706267122,0.0923872997418221,1.3412658245132756,4.418020663350556,0.1455058416877742,0.2,0.0,0.0,0.0,126.0,0.0499999999999999,False,not different,uniformly different,True,False,False,False,False,verdict flips with alignment,True
curvature/gHg,native,sparse,dynamics,12.0,10.0,10.0,2.700175135218444,2.206784864877376,0.0,0.0,0.6290390761159177,0.8494154633923592,0.6290390761159177,-0.0198435040896102,0.2636681519582409,1.1295795345168698,6.714421378448379,0.9661977993963669,0.4,0.0,0.0,0.0,8.0,0.0047619047619047,10.0,21.0,10.0,1.891701330611398,4.433648211960167,0.0,0.0,0.5076636052986908,1.3834944904391386,-0.5076636052986908,1.3834944904391386,0.3142682978604805,3.407027272026917,6.272013926653517,0.795046696078641,0.8,0.0,0.0,0.0,126.0,0.0499999999999999,False,not different,uniformly different,True,False,True,True,False,alignment-unstable after window; verdict flips with alignment,True
curvature/gHg,shadow_fp32,sparse,dynamics,12.0,10.0,10.0,2.496724765281443,2.2219737249105203,0.0,0.0,0.6117572620446938,0.8559703363905119,0.6117572620446938,0.0136260893790808,0.2603853943842736,1.2767970988508253,6.727873666940978,0.9656201515094016,0.4,0.0,0.0,0.0,8.0,0.0047619047619047,10.0,21.0,10.0,1.858661206235419,4.865076320389879,0.0,0.0,0.5052134585130681,1.3566164012485376,-0.5052134585130681,1.3566164012485376,0.325406818527566,3.3309008899941155,6.157503120557307,0.7956839767770124,0.7,0.0,0.0,0.0,126.0,0.0499999999999999,False,not different,uniformly different,True,False,True,True,False,alignment-unstable after window; verdict flips with alignment,True
curvature/shadow_verdict_code,shadow_fp32,sparse,dynamics,12.0,10.0,10.0,0.0,0.0,2.0,1.0,0.0,0.0,0.0,0.0,0.0,0.0,0.0,0.0,0.0,1.0,0.8333333333333334,0.9,8.0,0.0047619047619047,10.0,21.0,10.0,0.0,0.0,0.0,0.0,0.0,0.0,0.0,0.0,0.0,0.0,0.0,0.0,0.0,0.6,1.0,1.0,126.0,0.0499999999999999,False,not different,not different,False,False,False,False,False,,False
curvature/verdict_code_gradient,shadow_fp32,sparse,dynamics,12.0,10.0,10.0,0.0,0.0,2.0,2.0,0.5,1.0,0.5,-0.5,0.0,0.0,3.162277660168379,0.0,0.0,0.9166666666666666,0.8333333333333334,0.7,8.0,0.0047619047619047,10.0,21.0,10.0,0.0,0.0,0.0,0.0,,,,,,0.0,0.0,,,1.0,1.0,1.0,126.0,0.0499999999999999,False,not different,not different,False,False,False,False,False,,False
curvature/verdict_code_random,shadow_fp32,sparse,dynamics,12.0,10.0,10.0,0.0,0.0,0.0,0.0,0.0,0.0,0.0,0.0,0.0,0.0,0.0,0.0,0.0,1.0,1.0,1.0,8.0,0.0047619047619047,10.0,21.0,10.0,0.0,0.0,0.0,0.0,0.0,0.0,0.0,0.0,0.0,0.0,0.0,0.0,0.0,0.7,1.0,1.0,126.0,0.0499999999999999,False,not different,not different,False,False,False,False,False,,False
curvature/verdict_code_update,shadow_fp32,sparse,dynamics,12.0,10.0,10.0,0.0,0.0,0.0,0.0,0.0,0.0,0.0,0.0,0.0,0.0,0.0,0.0,0.0,1.0,1.0,1.0,8.0,0.0047619047619047,10.0,21.0,10.0,0.0,0.0,0.0,0.0,0.0,0.0,0.0,0.0,0.0,0.0,0.0,0.0,0.0,0.9,1.0,1.0,126.0,0.0499999999999999,False,not different,not different,False,False,False,False,False,,False
curvature/vhv_gradient,native,sparse,dynamics,12.0,10.0,10.0,1.8668909201846595,2.289725570297336,0.0,0.0,0.3266516408582309,0.6777845046243112,0.3266516408582309,-0.1222379941805495,0.2275356014829199,1.3618462563412073,6.576093346800508,0.690551716992944,0.4,0.0,0.0,0.0,8.0,0.0047619047619047,10.0,21.0,10.0,1.9173214616488896,3.003688023781782,0.0,0.0,0.3183999829319014,0.6601725296009435,-0.3183999829319014,0.6601725296009435,0.2092808811267306,3.5856614151331403,6.258552140414032,0.6200071743533775,0.8,0.0,0.0,0.0,126.0,0.0499999999999999,False,not different,uniformly different,True,False,True,True,False,alignment-unstable after window; verdict flips with alignment,True
curvature/vhv_gradient,shadow_fp32,sparse,dynamics,12.0,10.0,10.0,1.844427215884915,2.2536956104726675,0.0,0.0,0.3294513931418729,0.6833437756283827,0.3294513931418729,-0.0888567373912258,0.2274207614311686,1.416844135620705,6.589315425184101,0.6995110857563623,0.4,0.0,0.0,0.0,8.0,0.0047619047619047,10.0,21.0,10.0,1.8123156793453865,2.9631870513713814,0.0,0.0,0.2975969363808755,0.6651149874348223,-0.2975969363808755,0.6651149874348223,0.2047476539357829,3.5984081918741886,6.2685676167984665,0.6206947084526161,0.8,0.0,0.0,0.0,126.0,0.0499999999999999,False,not different,not different,False,False,True,True,False,alignment-unstable after window,True
curvature/vhv_update,native,sparse,dynamics,12.0,10.0,10.0,0.7912704762838005,5.420268440495834,0.0,0.0,0.0979130409718681,0.7561130311887354,-0.0009045912346763,-0.3539639187798941,0.1349695313781642,3.614578849121016,48.20099813679933,0.7971756532628056,0.7,0.0,0.0,0.0,8.0,0.0047619047619047,10.0,21.0,10.0,2.779256817060332,3.990532552033649,0.0,0.0,0.3143101546811028,0.5401686136581153,-0.3143101546811028,-0.5401686136581153,0.1017519511105358,2.238824058766105,4.122697140338081,0.363564863244651,0.0,0.0,0.0,0.0,126.0,0.0499999999999999,False,not different,uniformly different,True,True,False,True,False,alignment-unstable in window; verdict flips with alignment,True
curvature/vhv_update,shadow_fp32,sparse,dynamics,12.0,10.0,10.0,0.6814351700428374,5.468097421147825,0.0,0.0,0.0994199385760014,0.7554123040696405,-0.0010165493634922,-0.3539641331306523,0.1345731940375317,3.673354664153123,43.39809019060521,0.7978885966142585,0.6,0.0,0.0,0.0,8.0,0.0047619047619047,10.0,21.0,10.0,2.7351100271780227,4.066558209637717,0.0,0.0,0.3136249030584345,0.5418073556570688,-0.3136249030584345,-0.5418073556570688,0.1044369306594908,2.2432183432769923,4.067036741910084,0.3677167179336819,0.0,0.0,0.0,0.0,126.0,0.0499999999999999,False,not different,uniformly different,True,True,False,True,False,alignment-unstable in window; verdict flips with alignment,True
scalars/smear_lambda,none,continuous,dynamics,400.0,398.0,398.0,1.6647474547246244,5.318873006188455,0.0,0.0,0.058089125377236,0.1998136075160406,0.0557295558064248,-0.1534129958187065,0.0335245178336293,7.169595420757474,32.21772454122635,0.3118714440273318,0.6834170854271356,0.0,0.0,0.0,1.0,0.0003968253968253,2120.0,4976.0,2120.0,1.0260957618545687,1.3378060624484616,0.0,0.0,0.0597581767325463,0.0806672808284273,0.0558513734123887,-0.0802124256861982,0.0623273630769533,3.5630057158689343,14.618683980709166,0.2174550710179937,0.7867924528301887,0.0,0.0,0.0,1.0,0.0003968253968253,False,not different,warmup-dominated,True,True,True,True,False,alignment-unstable in window; alignment-unstable after window; verdict flips with alignment,True
update/loss_after,native,sparse,dynamics,12.0,10.0,10.0,2.1567915370776944,23.34631356717714,0.0,0.0,0.0206578369436185,0.2203851052397154,-0.0206578369436185,-0.2203851052397154,0.0098089776452572,18.84757379585123,50.33716569615248,0.256190187010357,0.0,0.0,0.0,0.0,8.0,0.0047619047619047,10.0,21.0,10.0,2.413072023549277,10.794128609909308,0.0,0.0,0.0354617111772417,0.1738248259937088,-0.007750436331441,-0.1738248259937088,0.0138174808918588,7.625615021409482,18.384983123412105,0.2072117232833926,0.5,0.0,0.0,0.0,126.0,0.0499999999999999,False,not different,uniformly different,True,True,True,True,False,alignment-unstable in window; alignment-unstable after window; verdict flips with alignment,True
update/loss_after,shadow_fp32,sparse,dynamics,12.0,10.0,10.0,2.186122314611688,23.73146349453528,0.0,0.0,0.0210731562243794,0.2205718515799373,-0.0210731562243794,-0.2205718515799373,0.0097622359803418,19.162455538861398,50.8668174923222,0.2558548292623396,0.0,0.0,0.0,0.0,8.0,0.0047619047619047,10.0,21.0,10.0,2.441344403733707,10.84971856858671,0.0,0.0,0.0357009441831336,0.1742559661834419,-0.0084386914435139,-0.1742559661834419,0.0136384863637747,7.688088317524034,18.584659133138025,0.2065787969767094,0.5,0.0,0.0,0.0,126.0,0.0499999999999999,False,not different,uniformly different,True,True,True,True,False,alignment-unstable in window; alignment-unstable after window; verdict flips with alignment,True
update/loss_before,native,sparse,dynamics,12.0,10.0,10.0,2.912613269556271,53.54535932182032,0.0,0.0,0.0155666548176846,0.2078312417286492,-0.0155666548176846,-0.2078312417286492,0.0028915744533859,35.97004651141365,258.69380229303897,0.2180835842668477,0.0,0.0,0.0,0.0,8.0,0.0047619047619047,10.0,21.0,10.0,2.512947882861324,12.57473557580195,0.0,0.0,0.0320089724496225,0.1763717507102692,-0.0252268365611228,-0.1763717507102692,0.0124815833042916,11.17686682377904,21.70886282614129,0.2308029369581969,0.4,0.0,0.0,0.0,126.0,0.0499999999999999,False,not different,warmup-dominated,True,True,True,True,False,alignment-unstable in window; alignment-unstable after window; verdict flips with alignment,True
update/loss_before,shadow_fp32,sparse,dynamics,12.0,10.0,10.0,2.889907462434585,53.94809009331891,0.0,0.0,0.0153596679203427,0.2075584334558622,-0.0153596679203427,-0.2075584334558622,0.0029618042005095,36.03373060893372,260.1372223694433,0.2175837973669837,0.0,0.0,0.0,0.0,8.0,0.0047619047619047,10.0,21.0,10.0,2.514442883440461,13.12078177502384,0.0,0.0,0.0318901676348665,0.1762249998437009,-0.0257883269412242,-0.1762249998437009,0.0123500003994629,11.28405182570994,22.0762349766766,0.2317893356776891,0.4,0.0,0.0,0.0,126.0,0.0499999999999999,False,not different,warmup-dominated,True,True,True,True,False,alignment-unstable in window; alignment-unstable after window; verdict flips with alignment,True
update/normalized_residual,native,sparse,dynamics,12.0,10.0,10.0,0.6888650788867421,1.6298545345471358,0.0,0.0,0.5855121241271127,1.2464905184074284,-0.010244669866827,-0.0581054551673569,0.6029965795095312,1.2607310388050634,11.55006328244841,0.8459500865407072,0.5,0.0,0.0,0.0,8.0,0.0047619047619047,10.0,21.0,10.0,0.8164621259866769,0.2979751536861018,0.0,0.0,1.3642253052763502,1.2794987548023975,-1.1818499068800352,-0.0846397258407433,1.9061083940507288,0.2160555756071854,1.474338462115128,0.6553996593462968,0.1,0.0,0.0,0.0,126.0,0.0499999999999999,False,not different,not different,False,False,False,False,False,,False
update/normalized_residual,shadow_fp32,sparse,dynamics,12.0,10.0,10.0,0.5776466841441482,1.459044371903262,0.0,0.0,0.4367144563443207,1.981243810498516,-0.2075476793631993,-0.7274627837960269,0.6979963934422431,1.3152975698676843,10.104803208508915,1.0030406888332708,0.5,0.0,0.0,0.0,8.0,0.0047619047619047,10.0,21.0,10.0,2.1633312629388928,0.6166453924476697,0.0,0.0,3.180660241988348,1.0967913680030053,-0.2294765733191264,0.5748809537200305,2.616206960470832,0.469428238991254,1.1798165275315282,3.87678920466999,0.1,0.0,0.0,0.0,126.0,0.0499999999999999,False,not different,not different,False,False,False,False,False,,False
update/p1,native,sparse,dynamics,12.0,10.0,10.0,1.991076671893102,10.206413330543551,0.0,0.0,0.1747325187824392,0.9668203914973268,-0.1350239714774262,-0.6767776175376886,0.1230080091058325,5.384157566842754,42.67042905690063,0.6130854194163503,0.3,0.0,0.0,0.0,8.0,0.0047619047619047,10.0,21.0,10.0,2.7202743152351028,1.391848830669266,0.0,0.0,1.161634402554682,0.8397052702038869,-0.2490646442276241,0.8077189673565668,0.8623225254935106,1.515324500920057,3.296360014643185,3.708193823780989,0.3,0.0,0.0,0.0,126.0,0.0499999999999999,False,not different,warmup-dominated,True,True,False,True,False,alignment-unstable in window; verdict flips with alignment,True
update/p1,shadow_fp32,sparse,dynamics,12.0,10.0,10.0,1.9738302815839808,10.191099729132253,0.0,0.0,0.175117293356798,0.9681350342025076,-0.1374241931084392,-0.6706022939799949,0.1239334311725119,5.382134111126304,41.82356587557828,0.6150368984786398,0.3,0.0,0.0,0.0,8.0,0.0047619047619047,10.0,21.0,10.0,2.7187573481555933,1.3976008146621652,0.0,0.0,1.1480541096420904,0.8444053114206708,-0.2599195154967508,0.8126743548927968,0.8666668725769848,1.4996754280300038,3.3531845856207805,3.679619276838929,0.3,0.0,0.0,0.0,126.0,0.0499999999999999,False,not different,warmup-dominated,True,True,False,True,False,alignment-unstable in window; verdict flips with alignment,True
update/p2,native,sparse,dynamics,12.0,10.0,10.0,2.1338214067722783,8.698996313656957,0.0,0.0,0.3830958813072935,1.2799144176815538,-0.1408167687101096,-0.6786683609868243,0.2405216225722403,3.65789488132051,43.03052535692405,1.04705956240889,0.2,0.0,0.0,0.0,8.0,0.0047619047619047,10.0,21.0,10.0,2.9205126581904213,0.9369707054436917,0.0,0.0,7.01267667731099,1.6364938760179135,-0.8475178085583961,0.3886906568452576,2.4722201185041777,0.7846960045488856,1.6110948426911258,3.101010869760932,0.1,0.0,0.0,0.0,126.0,0.0499999999999999,False,not different,warmup-dominated,True,True,False,True,False,alignment-unstable in window; verdict flips with alignment,True
update/p2,shadow_fp32,sparse,dynamics,12.0,10.0,10.0,2.162048765158157,8.687077155401841,0.0,0.0,0.3899801673967709,1.286332714648617,-0.1447381527835611,-0.6797058747618976,0.2396364013016163,3.662930463643757,41.901056016753614,1.0515548649287676,0.2,0.0,0.0,0.0,8.0,0.0047619047619047,10.0,21.0,10.0,2.9137889947282263,0.9440045129089284,0.0,0.0,6.916905054584507,1.566802558691882,-0.8496027872658871,0.3834511539780669,2.421577384907618,0.7860554744407956,1.605577234381342,3.0017999906839448,0.1,0.0,0.0,0.0,126.0,0.0499999999999999,False,not different,warmup-dominated,True,True,False,True,False,alignment-unstable in window; verdict flips with alignment,True
update/residual_p2,native,sparse,dynamics,12.0,10.0,10.0,1.0524696913375022,2.2854061587742,0.0,0.0,0.4736416792620421,1.703330247642214,0.1857173014816488,-0.5117433488593628,0.6770004975788024,1.982954349114831,11.598502402355331,0.9653819931605112,0.5,0.0,0.0,0.0,8.0,0.0047619047619047,10.0,21.0,10.0,1.065219300114013,0.7718593143611224,0.0,0.0,1.6786832692263314,1.05761079694787,-0.1913011304617971,0.5366083983984623,1.4073559401170743,0.8169993481599738,3.1421417984163207,1.689692456708214,0.2,0.0,0.0,0.0,126.0,0.0499999999999999,False,not different,not different,False,False,False,False,False,,False
update/residual_p2,shadow_fp32,sparse,dynamics,12.0,10.0,10.0,1.6428299157295272,2.908654807300074,0.0,0.0,0.4641012420357146,2.004953002172414,-0.0985783498958048,-1.3112918601734962,0.6851487711203066,1.969126649288496,9.168384780045042,1.002337783286726,0.5,0.0,0.0,0.0,8.0,0.0047619047619047,10.0,21.0,10.0,2.147939647532289,0.9117539496366432,0.0,0.0,1.7045390698135865,0.8997123563099373,0.4935440371355754,0.623357561501555,0.8924960324258561,1.157886035415867,2.4704361649558173,3.259410221752644,0.2,0.0,0.0,0.0,126.0,0.0499999999999999,False,not different,not different,False,False,False,False,False,,False
curvature/dhd,native,sparse,dynamics,12.0,10.0,10.0,1.0179270148247297,5.375382439655556,0.0,0.0,0.1417922751704676,0.9032490868154052,0.0777100310081754,0.0765045428876028,0.1405938738803007,1.8074464990875927,57.50190017030323,0.3863787560071621,0.2,0.0,0.0,0.0,8.0,0.0047619047619047,10.0,21.0,10.0,5.520656991832077,3.625698608200147,0.0,0.0,0.5749981799770382,0.4588273690038152,0.2794587467916315,-0.4588273690038152,0.1076736996308453,5.79248513913159,11.462161271909569,1.9043037839289123,0.5,0.0,0.0,0.0,126.0,0.0499999999999999,False,post-dominated,uniformly different,True,False,True,True,False,alignment-unstable after window; verdict flips with alignment,True
curvature/dhd,shadow_fp32,sparse,dynamics,12.0,10.0,10.0,0.7934869208901596,5.397310784672795,0.0,0.0,0.1242888856352019,0.906584494049569,0.0679473360400605,0.071311548083617,0.1369949018500392,1.815020840022912,51.74921966081489,0.3872257904038875,0.2,0.0,0.0,0.0,8.0,0.0047619047619047,10.0,21.0,10.0,5.512140172424399,3.647837909098386,0.0,0.0,0.5774441886268395,0.4591878400207584,0.2840181600427003,-0.4591878400207584,0.1093329486123415,5.868753370597547,11.52487064340912,1.9107746739095333,0.5,0.0,0.0,0.0,126.0,0.0499999999999999,False,post-dominated,uniformly different,True,False,True,True,False,alignment-unstable after window; verdict flips with alignment,True
loss/train_mean,none,continuous,dynamics,401.0,401.0,401.0,3.6393672941716417,16.52047699958361,0.0,0.0,0.0277235871590386,0.1837056749458969,-0.0277235871590386,-0.1837056749458969,0.0050617089304577,16.884594518921773,288.34318322429647,0.1915200095696018,0.0,0.0,0.0,0.0,1.0,0.0003968253968253,2119.0,4973.0,2119.0,28.589474219383398,133.50173248900506,0.0,0.0,0.0146446467487932,0.0796965648910609,-0.0107710081069521,-0.0796965648910609,0.0005622740273505,84.60854773492933,355.5883716756816,0.0857192570381375,0.3874469089193015,0.0,0.0,0.0,1.0,0.0003968253968253,False,post-dominated,post-dominated,False,True,True,True,False,alignment-unstable in window; alignment-unstable after window,True
muon/replay_update_relerr,none,sparse,dynamics,12.0,10.0,10.0,2.4581374225707457,12.504420715042846,0.0,0.0,0.0766370598410069,0.3683258094689119,-0.0766370598410069,-0.175291998786283,0.024523848690638,7.859666329389265,77.08742949645787,0.2859971675335248,0.2,0.0833333333333333,0.0833333333333333,0.0,8.0,0.0047619047619047,10.0,21.0,10.0,27.479073210249773,7.438878667466803,0.0,0.0,0.2134798320734272,0.1264903541033184,0.1485555210266502,-0.1264903541033184,0.0087458683489097,13.88279976719291,36.27811606402669,0.4040815738603887,0.6,0.0,0.0,0.0,126.0,0.0499999999999999,False,post-dominated,uniformly different,True,True,True,True,False,alignment-unstable in window; alignment-unstable after window; verdict flips with alignment,True
scalars/backout_lambda,none,continuous,dynamics,400.0,398.0,398.0,0.5510196598112045,2.198092745196477,0.0,0.0,0.0303019809175082,0.1894303927113654,0.000189964960119,0.0713547029082869,0.067940039009158,2.336489966555277,14.714760281016662,0.192034931397351,0.2864321608040201,0.0,0.0,0.0,1.0,0.0003968253968253,2120.0,4976.0,2120.0,3.141924609317603,8.443780548207666,0.0,0.0,0.1360067711700343,0.4011577576675131,-0.1360067711700343,-0.4011577576675131,0.0484201476750709,8.512707026137996,18.090576066893554,0.3912587944488944,0.000943396226415,0.0,0.0,0.0,1.0,0.0003968253968253,False,post-dominated,post-dominated,False,False,True,True,False,alignment-unstable after window,True
sketch/probe_grad_sq_norm,none,sparse,dynamics,13.0,13.0,13.0,0.5324608242019093,4.005626006513021,0.0,0.0,0.1719355858974361,2.2295183607887323,-0.0433561462696651,2.2295183607887323,0.3223790307492232,2.3231300484264223,8.36210610360689,0.7169770658495733,0.3333333333333333,0.0769230769230769,0.0769230769230769,0.0769230769230769,8.0,0.0031746031746031,9.0,19.0,9.0,9.74455222309554,4.615963377880584,0.0,0.0,0.4817195811627623,0.538685682283523,-0.4817195811627623,-0.538685682283523,0.0452023796352014,1.538925729140421,11.974661990131278,0.1989154105164723,0.0,0.0,0.0,0.0,126.0,0.0499999999999999,False,post-dominated,uniformly different,True,False,False,False,False,verdict flips with alignment,True
update/direction_norm,native,sparse,dynamics,12.0,10.0,10.0,2.6779777487990346,39.82976291930632,0.0,0.0,0.0457286478705882,0.6938251855502122,0.0457286478705882,0.6938251855502122,0.0246721845800414,17.33919504231556,354.48294699216825,0.4173547486187448,0.6,0.0,0.0,0.0,8.0,0.0047619047619047,10.0,21.0,10.0,250.8846054160527,20.828717146165868,0.0,0.0,0.6408196538533134,0.0971176961940672,0.6408196538533134,0.0918655723443128,0.004182587300822,42.93837193892132,179.2592838033592,0.4667134356576636,0.2,0.0,0.0,0.0,126.0,0.0499999999999999,False,post-dominated,uniformly different,True,True,True,True,False,alignment-unstable in window; alignment-unstable after window; verdict flips with alignment,True
update/direction_norm,shadow_fp32,sparse,dynamics,12.0,10.0,10.0,2.6779777487990346,39.82976291930632,0.0,0.0,0.0457286478705882,0.6938251855502122,0.0457286478705882,0.6938251855502122,0.0246721845800414,17.33919504231556,354.48294699216825,0.4173547486187448,0.6,0.0,0.0,0.0,8.0,0.0047619047619047,10.0,21.0,10.0,250.8846054160527,20.828717146165868,0.0,0.0,0.6408196538533134,0.0971176961940672,0.6408196538533134,0.0918655723443128,0.004182587300822,42.93837193892132,179.2592838033592,0.4667134356576636,0.2,0.0,0.0,0.0,126.0,0.0499999999999999,False,post-dominated,uniformly different,True,True,True,True,False,alignment-unstable in window; alignment-unstable after window; verdict flips with alignment,True
update/residual_p1,native,sparse,dynamics,12.0,10.0,10.0,0.6581653887594856,7.1679393474193205,0.0,0.0,0.188330820834111,0.9626131833581366,0.1190598490792842,-0.0427430127050411,0.1050227922545147,2.0262296309519403,46.2373622027835,0.4644005825419443,0.6,0.0,0.0,0.0,8.0,0.0047619047619047,10.0,21.0,10.0,4.804402393463128,2.5212818624788835,0.0,0.0,0.670100181507723,0.5088461537203589,0.3325700359565742,-0.4891370237902571,0.1256842878621093,6.509995971938137,8.874582801895645,1.922719632774923,0.5,0.0,0.0,0.0,126.0,0.0499999999999999,False,post-dominated,uniformly different,True,False,True,True,False,alignment-unstable after window; verdict flips with alignment,True
update/residual_p1,shadow_fp32,sparse,dynamics,12.0,10.0,10.0,0.6016305802861848,6.940262014151061,0.0,0.0,0.1046900358707271,0.9622840402612308,0.0364852125758934,-0.0647597751058981,0.1115522743639937,2.0558568233191243,47.58248675921196,0.4617623094279621,0.6,0.0,0.0,0.0,8.0,0.0047619047619047,10.0,21.0,10.0,5.781065811120786,3.5589746525871933,0.0,0.0,0.619990764797073,0.4539717241822599,0.2986141104777984,-0.4539717241822599,0.1164473049895941,6.360384545220921,10.009413857196977,1.8560489578986723,0.5,0.0,0.0,0.0,126.0,0.0499999999999999,False,post-dominated,uniformly different,True,False,True,True,False,alignment-unstable after window; verdict flips with alignment,True
attn/n_undefined_queries/b0,none,periodic,dynamics,2.0,1.0,1.0,0.0,0.0,0.0,0.0,0.0,0.0,0.0,0.0,0.0,0.0,0.0,0.0,0.0,1.0,1.0,1.0,101.0,0.040079365079365,10.0,22.0,10.0,0.0,0.0,0.0,0.0,0.0,0.0,0.0,0.0,0.0,0.0,0.0,0.0,0.0,1.0,1.0,1.0,101.0,0.040079365079365,True,underpowered,underpowered,False,False,False,False,True,window untestable (<5 pts),True
attn/n_undefined_queries/b1,none,periodic,dynamics,2.0,1.0,1.0,0.0,0.0,0.0,0.0,,,,,,0.0,0.0,,,1.0,1.0,1.0,101.0,0.040079365079365,10.0,22.0,10.0,0.0,0.0,0.0,0.0,,,,,,0.0,0.0,,,1.0,1.0,1.0,101.0,0.040079365079365,True,underpowered,underpowered,False,False,False,False,True,window untestable (<5 pts),True
attn/n_undefined_queries/b2,none,periodic,dynamics,2.0,1.0,1.0,0.0,0.0,0.0,0.0,,,,,,0.0,0.0,,,1.0,1.0,1.0,101.0,0.040079365079365,10.0,22.0,10.0,0.0,0.0,0.0,0.0,,,,,,0.0,0.0,,,1.0,1.0,1.0,101.0,0.040079365079365,True,underpowered,underpowered,False,False,False,False,True,window untestable (<5 pts),True
attn/n_undefined_queries/b3,none,periodic,dynamics,2.0,1.0,1.0,0.0,0.0,0.0,0.0,,,,,,0.0,0.0,,,1.0,1.0,1.0,101.0,0.040079365079365,10.0,22.0,10.0,0.0,0.0,0.0,0.0,,,,,,0.0,0.0,,,1.0,1.0,1.0,101.0,0.040079365079365,True,underpowered,underpowered,False,False,False,False,True,window untestable (<5 pts),True
attn/validation_max_abs_err,none,periodic,dynamics,2.0,1.0,1.0,0.9627864249513026,0.9295839880505288,0.0,0.0,0.0599088189544235,0.057947288037043,0.0101077713219872,-0.057947288037043,0.0658756507401391,0.1230177143111552,0.1230177143111552,0.0086473297100672,0.0,0.0,0.0,0.0,101.0,0.040079365079365,10.0,22.0,10.0,11.635909261658195,5.190883737255003,0.0,0.0,0.492191193057243,0.1994260056563596,0.492191193057243,0.1994260056563596,0.0297167003300312,1.9483536871813023,3.4829540705666315,0.0690055176806924,0.0,0.0,0.0,0.0,101.0,0.040079365079365,False,underpowered,underpowered,False,False,False,False,True,window untestable (<5 pts),True
curvature/e_fd_random,shadow_fp32,sparse,dynamics,1.0,0.0,0.0,16.02737714668193,,0.0,0.0,0.567405655368967,,0.567405655368967,,0.0354022776263447,,,,,0.0,0.0,,4.0,,,,,,,,,,,,,,,,,,,,,,,False,underpowered,underpowered,False,False,False,False,True,window untestable (<5 pts),True
curvature/fd_cos_random,shadow_fp32,sparse,dynamics,1.0,0.0,0.0,19.5266557500705,,0.0,0.0,7.668901812189929e-07,,-7.668901812189929e-07,,3.927401553213864e-08,,,,,0.0,0.0,,4.0,,,,,,,,,,,,,,,,,,,,,,,False,underpowered,underpowered,False,False,False,False,True,window untestable (<5 pts),True
grad/max_abs,none,periodic,dynamics,2.0,2.0,2.0,0.1993505288853562,1.232569808660144,0.0,0.0,0.039606815998225,0.4762373148746578,-0.039606815998225,0.4611392718672321,0.320606222496856,1.4306260435506633,2.8612520871013265,0.2584660572922315,0.5,0.0,0.0,0.0,101.0,0.040079365079365,10.0,22.0,10.0,1.8057843408128271,1.268999509559506,0.0,0.0,0.4501136818461089,0.3069582978909212,-0.3311043870336408,-0.3069582978909212,0.2316981303549926,0.833078115025303,4.646153122320937,0.2625724222876948,0.2,0.0,0.0,0.0,101.0,0.040079365079365,False,underpowered,underpowered,False,False,False,False,True,window untestable (<5 pts),True
grad/nonfinite,none,periodic,dynamics,2.0,2.0,2.0,0.0,0.0,0.0,0.0,,,,,,0.0,0.0,,,1.0,1.0,1.0,101.0,0.040079365079365,10.0,22.0,10.0,0.0,0.0,0.0,0.0,,,,,,0.0,0.0,,,1.0,1.0,1.0,101.0,0.040079365079365,True,underpowered,underpowered,False,False,False,False,True,window untestable (<5 pts),True
grad/norm,none,periodic,dynamics,2.0,2.0,2.0,0.7800684683373807,0.5565247576767608,0.0,0.0,0.2327855055802392,0.3077971534859265,-0.2327855055802392,0.3077971534859265,0.1492083804363947,1.3260894640924212,2.6521789281848425,0.4133535981671511,1.0,0.5,0.5,0.5,101.0,0.040079365079365,10.0,22.0,10.0,3.713242854938209,4.81985604436364,0.0,0.0,0.2824996105264254,0.412001560784844,-0.2210630271487554,-0.412001560784844,0.07458574403228,3.635109879033013,9.167147405732608,0.4256857035698732,0.3,0.0,0.0,0.0,101.0,0.040079365079365,False,underpowered,underpowered,False,False,True,True,True,alignment-unstable after window; window untestable (<5 pts),True
grad/rms,none,periodic,dynamics,2.0,2.0,2.0,1.799079208017205,0.3092255988688395,0.0,0.0,0.4490202245861558,0.150114376834073,-0.4490202245861558,-0.150114376834073,0.124791677482902,1.238279295927639,2.476558591855278,0.35170126379903,0.0,0.5,0.5,0.5,101.0,0.040079365079365,10.0,22.0,10.0,7.610328687172392,7.4477719252592705,0.0,0.0,0.4602493461939822,0.5413997834357036,-0.4602493461939822,-0.5413997834357036,0.0574308827954085,2.3166020311427524,9.653176042114003,0.2625765396967633,0.0,0.0,0.0,0.0,101.0,0.040079365079365,False,underpowered,underpowered,False,False,False,False,True,window untestable (<5 pts),True
grad/zero_fraction,none,periodic,dynamics,2.0,2.0,2.0,2.6396629752158924,3.150673810600256,0.0,0.0,0.0033812517282215,0.1101971431228665,-0.0033087847387344,0.1101971431228665,0.04705714804283,0.6955000156468557,1.3910000312937114,0.0930131102062731,0.5,0.0,0.0,0.0,101.0,0.040079365079365,10.0,22.0,10.0,3.4903695174844,2.419409359630163,0.0,0.0,0.129299203740363,0.1622782959810704,-0.119664576242369,0.1622782959810704,0.0296529959509881,6.471199409472597,23.65920159973435,0.2669538348850184,0.6,0.0,0.0,0.0,101.0,0.040079365079365,False,underpowered,underpowered,False,False,True,True,True,alignment-unstable after window; window untestable (<5 pts),True
muon/cautious_mask_fraction,none,periodic,dynamics,2.0,2.0,2.0,1.8458371134962652,1.8172876944103808,0.0,0.0,0.0057488168117915,0.0524886563863269,0.0057488168117915,0.0524886563863269,0.0015572383851635,2.2470004394218543,4.494000878843709,0.0422993658188817,0.0,0.5,0.5,0.5,101.0,0.040079365079365,10.0,22.0,10.0,52.19284558380189,15.397418264932275,0.0,0.0,0.0468417492644347,0.0164392601798704,-0.0468417492644347,0.0138753672999292,0.0009162289509971,57.69340952208872,76.29435556686633,0.0922132401911524,0.9,0.0,0.0,0.0,101.0,0.040079365079365,False,underpowered,underpowered,False,False,True,True,True,alignment-unstable after window; window untestable (<5 pts),True
muon/cos_data_decay,none,periodic,dynamics,1.0,1.0,1.0,7.367723085610292,3.2497068864134957,0.0,0.0,0.0245054694760606,0.1642630982727188,0.0245054694760606,0.1642630982727188,0.003326057343811,3.806007039274117,3.806007039274117,0.1200395589313105,0.0,0.0,0.0,0.0,101.0,0.040079365079365,10.0,22.0,10.0,28.596497501593184,13.92743388500364,0.0,0.0,0.0698969479854401,0.0297732177923826,-0.0698969479854401,0.0268914508705274,0.0021598074004108,57.41268818913223,66.52964075771649,0.1397223674349361,0.9,0.0,0.0,0.0,101.0,0.040079365079365,False,underpowered,underpowered,False,True,True,True,True,alignment-unstable in window; alignment-unstable after window; window untestable (<5 pts),True
muon/cos_nesterov_final,none,periodic,dynamics,2.0,2.0,2.0,3.151141111562488,4.158871755825691,0.0,0.0,0.0733689905568923,0.2581902779215906,-0.009579857864192,0.1752414295005062,0.0343350070226044,1.6222291415223424,3.244458283044685,0.1289362349163347,0.0,0.0,0.0,0.0,101.0,0.040079365079365,10.0,22.0,10.0,3.3470003222655693,0.7108935619160195,0.0,0.0,0.0579724869315767,0.0221447552539466,-0.0579724869315767,-0.0104401349661217,0.0251619976617705,3.500049926611735,10.661555622772784,0.1307901875327155,0.2,0.0,0.0,0.0,101.0,0.040079365079365,False,underpowered,underpowered,False,False,True,True,True,alignment-unstable after window; window untestable (<5 pts),True
muon/cos_raw_final,none,periodic,dynamics,2.0,2.0,2.0,2.5438447496265324,3.3041717108186197,0.0,0.0,0.0415850695499872,0.1253574302789006,-0.0415850695499872,0.0424085817766683,0.0370541064110408,0.9202955163629676,1.8405910327259356,0.071926781957633,0.5,0.0,0.0,0.0,101.0,0.040079365079365,10.0,22.0,10.0,8.001126390478753,2.66877029221556,0.0,0.0,0.2816951506791652,0.0677177040262086,-0.2816951506791652,-0.0677177040262086,0.0275276831000453,9.981436912047585,43.739531314151925,0.3943697350164015,0.0,0.0,0.0,0.0,101.0,0.040079365079365,False,underpowered,underpowered,False,False,True,True,True,alignment-unstable after window; window untestable (<5 pts),True
muon/cos_raw_momentum,none,periodic,dynamics,2.0,2.0,2.0,0.9790769500134824,0.9907362420779005,0.0,0.0,0.0483225564909122,0.1107271239168454,-0.0483225564909122,-0.1107271239168454,0.0246776090940792,0.8169627552070376,1.6339255104140753,0.0801552988405524,0.0,0.5,0.5,0.5,101.0,0.040079365079365,10.0,22.0,10.0,2.936182664184499,1.85621820171374,0.0,0.0,0.1362881528613035,0.1166365770442663,-0.1362881528613035,-0.1110835117280386,0.0469487974107726,1.752599629569444,8.75468580806884,0.1069918092998229,0.2,0.0,0.0,0.0,101.0,0.040079365079365,False,underpowered,underpowered,False,False,False,False,True,window untestable (<5 pts),True
muon/cos_raw_nesterov,none,periodic,dynamics,2.0,2.0,2.0,1.1951269792128838,0.9864400697817322,0.0,0.0,0.0146565873890139,0.0329112283301115,-0.0146565873890139,-0.0329112283301115,0.0061318117839942,0.7515065182617477,1.5030130365234955,0.0195408689400041,0.0,0.5,0.5,0.5,101.0,0.040079365079365,10.0,22.0,10.0,3.065295655998568,3.229432979191973,0.0,0.0,0.0742074860711919,0.0605945964321711,-0.0626355730275885,-0.0605945964321711,0.0136054308728173,3.332207554158974,7.929716160752724,0.0654736828988282,0.4,0.0,0.0,0.0,101.0,0.040079365079365,False,underpowered,underpowered,False,False,True,True,True,alignment-unstable after window; window untestable (<5 pts),True
muon/data_norm,none,periodic,dynamics,2.0,2.0,2.0,6189257.017849645,8184696.97712452,0.0,0.0,0.1547005351305253,0.1547005469442444,0.1547005351305253,0.1547005469442444,1.249750452149372e-08,0.4617163817288902,0.9234327634577804,1.023098082112466e-08,0.0,0.5,0.5,0.5,101.0,0.040079365079365,10.0,22.0,10.0,63697266.49931616,17578774.004461296,0.0,0.0,0.6695453062182122,0.1548171911756561,0.6695453062182122,0.1548171911756561,7.218252312246169e-09,34101351.303562686,146852796.65744358,0.445868625242542,0.0,0.0,0.0,0.0,101.0,0.040079365079365,False,underpowered,underpowered,False,False,True,True,True,alignment-unstable after window; window untestable (<5 pts),True
muon/decay_norm,none,periodic,dynamics,2.0,2.0,2.0,2344.602300918512,2352.757753652629,0.0,0.0,0.4228948516564398,0.384742210217829,-0.4228948516564398,-0.384742210217829,0.01615456829187,2.325921210425024,4.651842420850048,0.0553530038844329,0.0,0.0,0.0,0.0,101.0,0.040079365079365,10.0,22.0,10.0,266.7912056860324,50.638890915097065,0.0,0.0,1.2366295115099852,0.1996642779768321,1.2366295115099852,-0.1996642779768321,0.0037859034343898,174.14135497204796,580.5014516662987,1.6193471181609658,0.9,0.0,0.0,0.0,101.0,0.040079365079365,False,underpowered,underpowered,False,False,True,True,True,alignment-unstable after window; window untestable (<5 pts),True
muon/factored_scale_dispersion,none,periodic,dynamics,2.0,2.0,2.0,1.4104344650959395,2.343783944179735,0.0,0.0,0.13109932968094,0.4730580210847142,-0.13109932968094,-0.4730580210847142,0.0464748036598859,2.6559052585354057,5.311810517070811,0.6489494196452117,0.0,0.5,0.5,0.5,101.0,0.040079365079365,10.0,22.0,10.0,1.8164167296837563,2.094997353978433,0.0,0.0,0.0932058975592175,0.1408436584805602,0.0508074930262242,-0.1218422695577429,0.0683383239544918,3.3681678809333064,36.253689517525295,0.2310734191120661,0.5,0.0,0.0,0.0,101.0,0.040079365079365,False,underpowered,underpowered,False,False,True,True,True,alignment-unstable after window; window untestable (<5 pts),True
muon/norm_degenerate,none,periodic,dynamics,2.0,2.0,2.0,0.0,0.0,0.0,0.0,0.0,0.0,0.0,0.0,0.0,0.0,0.0,0.0,0.0,1.0,1.0,1.0,101.0,0.040079365079365,10.0,22.0,10.0,0.0,0.0,0.0,0.0,,,,,,0.0,0.0,,,1.0,1.0,1.0,101.0,0.040079365079365,True,underpowered,underpowered,False,False,False,False,True,window untestable (<5 pts),True
muon/norm_deviation,none,periodic,dynamics,2.0,2.0,2.0,0.2889390698549523,1.327519820401552,1.0,1.0,0.1656282140421917,0.2991830598717186,0.0109276756629401,0.144482521492467,0.3055244307974051,0.4318348936491844,0.8636697872983689,0.2400621664879483,0.0,0.5,0.0,0.0,101.0,0.040079365079365,10.0,22.0,10.0,1.278816444370992,1.4831459421516633,0.0,0.0,0.739336127590003,0.8386102004834382,0.739336127590003,0.8386102004834382,0.5911760283323773,0.4733406375122768,1.278196644724103,0.2646594111169379,0.1,0.0,0.0,0.0,101.0,0.040079365079365,False,underpowered,underpowered,False,False,False,False,True,window untestable (<5 pts),True
muon/polar_residual,none,periodic,dynamics,2.0,2.0,2.0,0.6766855449226269,1.3194192384394978,0.0,0.0,0.0109205674694666,0.0773201389054293,0.0109205674694666,-0.0773201389054293,0.0080691597089718,2.0319004069747617,4.063800813949523,0.1043824351441633,0.5,0.5,0.5,0.5,101.0,0.040079365079365,10.0,22.0,10.0,7.456257489710371,3.667518250694824,0.0,0.0,0.0442248558025066,0.0314282162337634,0.0442248558025066,0.0280966628286377,0.0059656752396087,3.683557807049615,10.348051838624247,0.0324465540928576,0.1,0.0,0.0,0.0,101.0,0.040079365079365,False,underpowered,underpowered,False,False,True,True,True,alignment-unstable after window; window untestable (<5 pts),True
muon/u_final_norm_analytic,none,periodic,dynamics,2.0,2.0,2.0,,,2.0,2.0,0.1547005383792516,0.1547005383792516,0.1547005383792516,0.1547005383792516,0.0,0.0,0.0,0.0,0.0,1.0,0.0,0.0,101.0,0.040079365079365,10.0,22.0,10.0,,,10.0,22.0,0.1547005383792516,0.1547005383792516,0.1547005383792516,0.1547005383792516,0.0,0.0,0.0,0.0,0.0,1.0,0.0,0.0,101.0,0.040079365079365,True,underpowered,underpowered,False,False,False,False,True,window untestable (<5 pts),True
muon/u_final_norm_observed,none,periodic,dynamics,2.0,2.0,2.0,8829482.159303006,9119607.017703708,0.0,0.0,0.1547005461092651,0.1547005639339985,0.1547005461092651,0.1547005639339985,8.760454085422663e-09,0.8951668902213157,1.7903337804426314,1.5436671648655666e-08,0.0,0.5,0.5,0.5,101.0,0.040079365079365,10.0,22.0,10.0,26112095.731275182,17009567.32131285,0.0,1.0,0.1547005609444177,0.1547005596846034,0.1547005609444177,0.1547005596846034,5.933291611640045e-09,0.631205470540233,1.851525381242897,4.818755653270953e-09,0.0,0.0,0.0,0.0,101.0,0.040079365079365,False,underpowered,underpowered,False,False,False,False,True,window untestable (<5 pts),True
noise/b_noise,none,periodic,dynamics,2.0,2.0,2.0,1.2088361775498626,1.162040313825634,0.0,0.0,0.0316053784486196,0.0174907390267281,0.0080911456842959,-0.0060234937375955,0.1694214565788052,0.0362964101216247,0.0725928202432495,0.0139546183898982,0.0,0.0,0.0,0.0,101.0,0.040079365079365,10.0,22.0,10.0,1.6048264921851514,1.556703314959186,0.0,0.0,0.7272704426664652,0.337117873561404,-0.3771580846709971,0.0469016962698047,0.2356173888845583,1.0048438640626145,12.680542020091805,0.2863364399166687,0.3,0.0,0.0,0.0,101.0,0.040079365079365,False,underpowered,underpowered,False,False,False,False,True,window untestable (<5 pts),True
noise/mean_grad_norm,none,periodic,dynamics,2.0,2.0,2.0,0.9700405040544516,1.131132991373193,0.0,0.0,0.2089757620061395,0.6196476048486113,-0.2089757620061395,0.6196476048486113,0.1077149671238929,2.106328945643365,4.21265789128673,0.5116071942897742,1.0,0.5,0.5,0.5,101.0,0.040079365079365,10.0,22.0,10.0,5.342011067733226,5.199932923485168,0.0,0.0,0.2970502211726711,0.3707832485933774,-0.2970502211726711,-0.3707832485933774,0.0574947669479721,2.7304826146151813,4.427467936448431,0.2061290366629331,0.0,0.0,0.0,0.0,101.0,0.040079365079365,False,underpowered,underpowered,False,False,False,False,True,window untestable (<5 pts),True
noise/row_trace,none,periodic,dynamics,2.0,2.0,2.0,203.5841191338932,205.60910441356225,0.0,0.0,0.2213053714604311,0.5378494363279468,0.1118320075559418,0.5378494363279468,0.0381063626410385,3.383644452427737,6.767288904855474,0.2444777015485538,0.5,0.0,0.0,0.0,101.0,0.040079365079365,10.0,22.0,10.0,2.3535416465285204,4.576020307076259,0.0,0.0,0.3139569652824451,0.5100252213905233,-0.3139569652824451,0.5100252213905233,0.1398632915182365,4.080197775355833,5.531322143636711,0.4338219262751139,0.7,0.0,0.0,0.0,101.0,0.040079365079365,False,underpowered,underpowered,False,True,True,True,True,alignment-unstable in window; alignment-unstable after window; window untestable (<5 pts),True
noise/s2,none,periodic,dynamics,2.0,2.0,2.0,203.5841191338932,205.60910441356225,0.0,0.0,0.2213053714604311,0.5378494363279468,0.1118320075559418,0.5378494363279468,0.0381063626410385,3.383644452427737,6.767288904855474,0.2444777015485538,0.5,0.0,0.0,0.0,101.0,0.040079365079365,10.0,22.0,10.0,2.3535416465285204,4.576020307076259,0.0,0.0,0.3139569652824451,0.5100252213905233,-0.3139569652824451,0.5100252213905233,0.1398632915182365,4.080197775355833,5.531322143636711,0.4338219262751139,0.7,0.0,0.0,0.0,101.0,0.040079365079365,False,underpowered,underpowered,False,True,True,True,True,alignment-unstable in window; alignment-unstable after window; window untestable (<5 pts),True
noise/signal_raw,none,periodic,dynamics,2.0,2.0,2.0,17.655343864897446,18.037096593710523,0.0,0.0,0.2765453431815138,0.4593218985070978,0.0893020504848655,0.4593218985070978,0.2718764590298322,0.5681832423994163,1.1363664847988326,0.2382925715338292,0.5,0.0,0.0,0.0,101.0,0.040079365079365,10.0,22.0,10.0,2.2018685065445487,1.1069575729742902,0.0,0.0,0.5558928092108674,0.4649368049348765,0.0676796474021352,0.3445571324870065,0.3601240717328655,0.9992451705526664,3.661979402766305,0.4291716171161126,0.2,0.0,0.0,0.0,101.0,0.040079365079365,False,underpowered,underpowered,False,False,False,False,True,window untestable (<5 pts),True
param/norm,none,periodic,dynamics,2.0,2.0,2.0,38.921979261209344,27.150834222252925,0.0,0.0,0.1649353611170844,0.2511285343237528,0.1649353611170844,0.2511285343237528,0.0021187946277113,8.801013384380921,17.602026768761842,0.0573757814195334,0.0,0.5,0.5,0.5,101.0,0.040079365079365,10.0,22.0,10.0,181.99183009512092,220.11231890297492,0.0,0.0,0.6557681409077913,0.6768648464378663,0.6557681409077913,0.6768648464378663,0.0032953329114025,42.85646003287192,168.25354305209234,0.1220418811714302,0.0,0.0,0.0,0.0,101.0,0.040079365079365,False,underpowered,underpowered,False,True,True,True,True,alignment-unstable in window; alignment-unstable after window; window untestable (<5 pts),True
param/rms,none,periodic,dynamics,2.0,2.0,2.0,570.7888061564171,571.8145890419662,0.0,0.0,0.1394144302501438,0.1023775406542919,-0.1394144302501438,-0.0314966955756492,0.0397117674007144,1.7673952152326444,3.534790430465289,0.1007747362093953,0.5,0.0,0.0,0.0,101.0,0.040079365079365,10.0,22.0,10.0,45.16586441868666,70.14253328485063,0.0,0.0,0.2372586212932688,0.2774004378576643,0.2372586212932688,0.2774004378576643,0.0033538671944566,28.47594019820932,84.69362381871947,0.1284224511928363,0.1,0.0,0.0,0.0,101.0,0.040079365079365,False,underpowered,underpowered,False,False,True,True,True,alignment-unstable after window; window untestable (<5 pts),True
probe/attn_out_norm,none,periodic,dynamics,2.0,1.0,1.0,7.160711972054133,0.8779718852274933,0.0,0.0,0.1482937727329675,0.2205540846000266,0.1482937727329675,-0.2205540846000266,0.1363137812086451,1.3263908258435777,1.3263908258435777,0.4115937907470742,1.0,0.0,0.0,0.0,101.0,0.040079365079365,10.0,22.0,10.0,82.75626825417098,51.31118334621151,0.0,0.0,1.477815700488283,1.1919272338161222,1.477815700488283,1.1919272338161222,0.0203969666626298,11.104400436338242,15.342616790254969,0.475581475100847,0.0,0.0,0.0,0.0,101.0,0.040079365079365,False,underpowered,underpowered,False,False,True,True,True,alignment-unstable after window; window untestable (<5 pts),True
probe/attn_out_stats_mean,none,periodic,dynamics,2.0,1.0,1.0,0.6354353164503115,0.1262426002424443,0.0,0.0,1.194663326797834,3.97980925755238,-1.194663326797834,3.97980925755238,1.8709186618854057,0.5097958982317786,0.5097958982317786,1.0742706970256568,1.0,0.0,0.0,0.0,101.0,0.040079365079365,10.0,22.0,10.0,1.1317095145589535,0.7188072519911897,0.0,0.0,20.415885434251884,8.330070504188562,20.415885434251884,8.330070504188562,19.41612390031915,0.2210268748585341,0.4470506273254077,3.453176196006392,0.0,0.0,0.0,0.0,101.0,0.040079365079365,False,underpowered,underpowered,False,False,False,False,True,window untestable (<5 pts),True
probe/attn_out_stats_rms,none,periodic,dynamics,2.0,1.0,1.0,1.3704140016142117,1.293665995703334,0.0,0.0,0.0415976054686426,0.324980047043613,-0.0055484499612168,-0.324980047043613,0.1363137721178673,1.3263906459592216,1.3263906459592216,0.411593746817295,0.0,0.0,0.0,0.0,101.0,0.040079365079365,10.0,22.0,10.0,64.39092541398054,38.46395371700561,0.0,0.0,1.14585131457463,0.8982646522210866,1.14585131457463,0.8982646522210866,0.0203969621886703,11.104397380176575,15.342613124561153,0.4755815043667482,0.0,0.0,0.0,0.0,101.0,0.040079365079365,False,underpowered,underpowered,False,False,True,True,True,alignment-unstable after window; window untestable (<5 pts),True
probe/attn_out_stats_std,none,periodic,dynamics,2.0,1.0,1.0,1.3745436525479278,1.2935230159125397,0.0,0.0,0.0415619819150989,0.3249657215236727,-0.0055596104870162,-0.3249657215236727,0.1362841961679244,1.326340677621794,1.326340677621794,0.4116000297773044,0.0,0.0,0.0,0.0,101.0,0.040079365079365,10.0,22.0,10.0,64.56279633986243,38.48886087029127,0.0,0.0,1.1452970929266229,0.8980104377867408,1.1452970929266229,0.8980104377867408,0.020430833050536,11.094273057243685,15.335689219679283,0.4752826070393651,0.0,0.0,0.0,0.0,101.0,0.040079365079365,False,underpowered,underpowered,False,False,True,True,True,alignment-unstable after window; window untestable (<5 pts),True
probe/attn_residual_ratio,none,periodic,dynamics,2.0,1.0,1.0,4.500028933359148,11.4959483074264,0.0,0.0,0.2596020767379735,1.0849615147203386,-0.2596020767379735,1.0849615147203386,0.0606028748977677,11.148752858657758,11.148752858657758,0.6550130314044816,1.0,0.0,0.0,0.0,101.0,0.040079365079365,10.0,22.0,10.0,6.680631111497634,1.9207016371671253,0.0,0.0,0.2230839353528788,0.0673552106246812,-0.2230839353528788,-0.0666470260613303,0.0325803787826204,4.748626519210623,10.690924553549168,0.1268569992562481,0.1,0.0,0.0,0.0,101.0,0.040079365079365,False,underpowered,underpowered,False,True,True,True,True,alignment-unstable in window; alignment-unstable after window; window untestable (<5 pts),True
probe/backout_contribution_ratio,none,periodic,dynamics,2.0,1.0,1.0,3.31168369475321,1.134075343338782,0.0,0.0,0.0961941720764247,0.1390189389331595,-0.0486526828677459,0.1390189389331595,0.0508889781828446,0.829584610512495,0.829584610512495,0.0803124922665125,0.0,0.0,0.0,0.0,101.0,0.040079365079365,10.0,22.0,10.0,4.195357234735342,14.239112784404057,0.0,0.0,0.0760098323979724,0.3401426043879209,-0.0495392487857701,-0.3401426043879209,0.0233103386070019,10.714543071559318,17.92474514050232,0.329539860812829,0.4,0.0,0.0,0.0,101.0,0.040079365079365,False,underpowered,underpowered,False,False,True,True,True,alignment-unstable after window; window untestable (<5 pts),True
probe/backout_term_norm,none,periodic,dynamics,2.0,1.0,1.0,6.779458880811434,1.0531549655800767,0.0,0.0,0.4585606011888093,0.4800446844555679,0.4585606011888093,-0.4800446844555679,0.1942045256962243,1.834400805918488,1.834400805918488,1.6010567315105957,1.0,0.0,0.0,0.0,101.0,0.040079365079365,10.0,22.0,10.0,23.012418494958855,7.22893239911053,0.0,0.0,1.783369891965375,0.5817994880684794,1.783369891965375,0.5817994880684794,0.0794135181654106,7.393856829811398,9.452313662334696,0.7538997646188303,0.0,0.0,0.0,0.0,101.0,0.040079365079365,False,underpowered,underpowered,False,False,True,True,True,alignment-unstable after window; window untestable (<5 pts),True
probe/block_in_stats_mean,none,periodic,dynamics,2.0,1.0,1.0,0.290664699879323,0.2419821657935525,0.0,0.0,13.021759077546635,0.806964820506948,3.639625416307238,0.806964820506948,47.39283502084019,0.3986047977184134,0.3986047977184134,52.78363513067877,1.0,0.0,0.0,0.0,101.0,0.040079365079365,10.0,22.0,10.0,0.1086189902375871,0.2030476111490349,0.0,0.0,0.4844817153180967,0.7111816205165504,0.284315683628272,0.47899254134181,3.616845254089769,0.0949041383197223,0.2199902732853635,0.4868195836107426,0.3,0.0,0.0,0.0,101.0,0.040079365079365,False,underpowered,underpowered,False,False,False,False,True,window untestable (<5 pts),True
probe/block_in_stats_rms,none,periodic,dynamics,2.0,1.0,1.0,6.500235670905051,1.806091877343604,0.0,0.0,0.3022590448345478,0.6514621162764602,0.3022590448345478,-0.6514621162764602,0.1573521319253194,2.7562167995958524,2.7562167995958524,2.571368930249242,1.0,0.0,0.0,0.0,101.0,0.040079365079365,10.0,22.0,10.0,91.23561994166002,57.76535927231374,0.0,0.0,1.6935500456252122,1.1640532134902828,1.6935500456252122,1.1640532134902828,0.0193070311456897,13.715242658338994,28.643695729444246,0.4012448991501596,0.0,0.0,0.0,0.0,101.0,0.040079365079365,False,underpowered,underpowered,False,False,True,True,True,alignment-unstable after window; window untestable (<5 pts),True
probe/block_in_stats_std,none,periodic,dynamics,2.0,1.0,1.0,6.500503057503552,1.8061994638078775,0.0,0.0,0.302255005433245,0.6514617490951611,0.302255005433245,-0.6514617490951611,0.1573218760258088,2.7563909797206634,2.7563909797206634,2.5713368869663222,1.0,0.0,0.0,0.0,101.0,0.040079365079365,10.0,22.0,10.0,91.92523052530768,58.064224686729794,0.0,0.0,1.6931181397492836,1.163733669599024,1.6931181397492836,1.163733669599024,0.0191633934298925,13.776218708343404,28.733643911672743,0.4012417575628145,0.0,0.0,0.0,0.0,101.0,0.040079365079365,False,underpowered,underpowered,False,False,True,True,True,alignment-unstable after window; window untestable (<5 pts),True
probe/c_proj_in_norm,none,periodic,dynamics,2.0,1.0,1.0,17.34118517763191,1.5944715477432485,0.0,0.0,0.1180500092386085,0.2685233316010246,0.1180500092386085,-0.2685233316010246,0.0654184644151462,2.4179365411801013,2.4179365411801013,0.4769102600141058,1.0,0.0,0.0,0.0,101.0,0.040079365079365,10.0,22.0,10.0,44.968990017425696,27.4756646337586,0.0,0.0,0.6609815657267935,0.5084184399384584,0.6609815657267935,0.5084184399384584,0.0171723706253566,5.351811588011397,14.969319348765342,0.2253646087492454,0.0,0.0,0.0,0.0,101.0,0.040079365079365,False,underpowered,underpowered,False,False,True,True,True,alignment-unstable after window; window untestable (<5 pts),True
probe/c_proj_in_stats_mean,none,periodic,dynamics,2.0,1.0,1.0,0.330763754653874,1.3759670121072598,0.0,0.0,27.010796862355697,8.47622031617249,-26.59806031864821,-8.47622031617249,105.58961608779732,1.3559757087863653,1.3559757087863653,1.0785508494208165,1.0,0.0,0.0,0.0,101.0,0.040079365079365,10.0,22.0,10.0,2.0150761648533537,1.991845715477788,0.0,0.0,8.742780088372964,10.574308043188976,-8.742780088372964,-10.574308043188976,5.165935266048171,0.3678995014807401,1.2261672729846649,2.498546587023017,0.0,0.0,0.0,0.0,101.0,0.040079365079365,False,underpowered,underpowered,False,False,False,False,True,window untestable (<5 pts),True
probe/c_proj_in_stats_rms,none,periodic,dynamics,2.0,1.0,1.0,0.356711520135453,2.176384074161662,0.0,0.0,0.0326704223295115,0.3665225961546286,-0.0317403115844714,-0.3665225961546286,0.0654184669817129,2.41793661071806,2.41793661071806,0.4769102424281412,0.0,0.0,0.0,0.0,101.0,0.040079365079365,10.0,22.0,10.0,29.74102476373483,16.11890097210131,0.0,0.0,0.4384522473323827,0.3063286879150372,0.4384522473323827,0.3063286879150372,0.0171723790881193,5.351811070515074,14.969316772270895,0.2253645364505761,0.1,0.0,0.0,0.0,101.0,0.040079365079365,False,underpowered,underpowered,False,False,True,True,True,alignment-unstable after window; window untestable (<5 pts),True
probe/c_proj_in_stats_std,none,periodic,dynamics,2.0,1.0,1.0,0.3587874671755514,2.176224544534285,0.0,0.0,0.0326817654265902,0.3664826139431207,-0.0317402653057409,-0.3664826139431207,0.0654026146162117,2.4175739843601485,2.4175739843601485,0.4767992005568565,0.0,0.0,0.0,0.0,101.0,0.040079365079365,10.0,22.0,10.0,29.801555954080985,16.0642428355632,0.0,0.0,0.4384701828701425,0.3059502715873994,0.4384701828701425,0.3059502715873994,0.0171988986022164,5.357281230265002,14.96744138732916,0.2253954564501832,0.1,0.0,0.0,0.0,101.0,0.040079365079365,False,underpowered,underpowered,False,False,True,True,True,alignment-unstable after window; window untestable (<5 pts),True
probe/logit_entropy_mean,none,periodic,dynamics,2.0,1.0,1.0,25.50142279992622,6.520131919974941,0.0,0.0,0.0344732077457862,0.2089929744491496,-0.0344732077457862,-0.2089929744491496,0.0127613686563002,5.497378021770592,5.497378021770592,0.1770667610756049,0.0,0.0,0.0,0.0,101.0,0.040079365079365,10.0,22.0,10.0,1.0720546618479534,3.802890759410798,0.0,0.0,0.0158699214470318,0.080173877200748,-0.0158699214470318,-0.080173877200748,0.0191030515103071,3.092844083936116,5.407146599416377,0.0746287461145285,0.2,0.0,0.0,0.0,101.0,0.040079365079365,False,underpowered,underpowered,False,True,True,True,True,alignment-unstable in window; alignment-unstable after window; window untestable (<5 pts),True
probe/logit_lse_mean,none,periodic,dynamics,2.0,1.0,1.0,4.620086308934321,37.80230425312611,0.0,0.0,0.0112618353242879,0.1250072858333537,0.0111791152838189,0.1250072858333537,0.0038028913936945,15.789413648475607,15.789413648475607,0.0911694853151732,0.0,0.0,0.0,0.0,101.0,0.040079365079365,10.0,22.0,10.0,7.972649772006831,2.4858497532807884,0.0,0.0,0.0273783364937674,0.0110706695139588,0.0273783364937674,0.0110706695139588,0.0032860298147696,4.6889158136134,18.57288347936414,0.0191254772339388,0.1,0.0,0.0,0.0,101.0,0.040079365079365,False,underpowered,underpowered,False,True,True,True,True,alignment-unstable in window; alignment-unstable after window; window untestable (<5 pts),True
probe/logit_margin_mean,none,periodic,dynamics,2.0,1.0,1.0,1.8740510376987736,17.206564627587245,0.0,0.0,0.0869969146355526,0.4285298473530222,0.0869969146355526,0.4285298473530222,0.0508756155887181,11.08424852126402,11.08424852126402,0.2576262517228221,0.0,0.0,0.0,0.0,101.0,0.040079365079365,10.0,22.0,10.0,1.3174099136560398,4.929440431180442,0.0,0.0,0.0178425103611806,0.0787686342413317,0.0145095237899384,0.0787686342413317,0.0147185713663359,4.4196616059616805,5.415877320570511,0.0766853052858194,0.4,0.0,0.0,0.0,101.0,0.040079365079365,False,underpowered,underpowered,False,True,True,True,True,alignment-unstable in window; alignment-unstable after window; window untestable (<5 pts),True
probe/logit_max_postcap,none,periodic,dynamics,2.0,1.0,1.0,3.87164156152447,3.323534677667195,0.0,0.0,0.072295298782922,0.0166450374692925,0.072295298782922,0.0166450374692925,0.0180039498450883,3.6781406002838417,3.6781406002838417,0.0130681593402801,0.0,0.0,0.0,0.0,101.0,0.040079365079365,10.0,22.0,10.0,1.4372041878783055,1.6401758806713898,0.0,0.0,0.0011871095191027,0.0016362593385731,0.0009576026453969,0.0010216097856262,0.0008162003563109,2.6029370893948998,10.023276677368491,0.0030055730785224,0.7,0.0,0.0,0.0,101.0,0.040079365079365,False,underpowered,underpowered,False,True,False,True,True,alignment-unstable in window; window untestable (<5 pts),True
probe/logit_max_precap,none,periodic,dynamics,2.0,1.0,1.0,4.006964495773294,5.793484695237066,0.0,0.0,0.1072712618331259,0.2552729413406586,0.1072712618331259,0.2552729413406586,0.0267371115292294,4.891914167607353,4.891914167607353,0.1449772532029627,0.0,0.0,0.0,0.0,101.0,0.040079365079365,10.0,22.0,10.0,1.5238069502390643,2.02440845299994,0.0,0.0,0.0456445248908808,0.0666178092272979,0.0344622245556532,0.034449545503422,0.0365103031691898,2.9578326638282224,13.66320179720624,0.1225446293531448,0.7,0.0,0.0,0.0,101.0,0.040079365079365,False,underpowered,underpowered,False,True,False,True,True,alignment-unstable in window; window untestable (<5 pts),True
probe/logit_saturation_fraction,none,periodic,dynamics,2.0,1.0,1.0,6.821911255880836,338.0953475159515,0.0,0.0,1.377455302041824,242.4050715031168,1.377455302041824,242.4050715031168,0.1009581662949944,13.837843393918543,13.837843393918543,0.9902325153401276,0.0,0.5,0.5,0.0,101.0,0.040079365079365,10.0,22.0,10.0,1.903370383307704,19.927244130153085,0.0,0.0,0.457976660475504,4.47934327355091,-0.4390099337778583,4.47934327355091,0.180772669998283,6.905281762770459,9.807525195095735,0.981440693475842,0.7,0.0,0.0,0.0,101.0,0.040079365079365,False,underpowered,underpowered,False,True,True,True,True,alignment-unstable in window; alignment-unstable after window; window untestable (<5 pts),True
probe/logit_softcap_equiv_err,none,periodic,dynamics,2.0,1.0,1.0,0.0,0.0,0.0,0.0,,,,,,0.0,0.0,,,1.0,1.0,1.0,101.0,0.040079365079365,10.0,22.0,10.0,0.0,0.0,0.0,0.0,,,,,,0.0,0.0,,,1.0,1.0,1.0,101.0,0.040079365079365,True,underpowered,underpowered,False,False,False,False,True,window untestable (<5 pts),True
probe/logit_z_loss,none,periodic,dynamics,2.0,1.0,1.0,4.662514365375303,39.248913239404985,0.0,0.0,0.0228896321960009,0.2639672258039191,0.0227246441089035,0.2639672258039191,0.0075007806770522,15.292790641086606,15.292790641086606,0.172752065909095,0.0,0.0,0.0,0.0,101.0,0.040079365079365,10.0,22.0,10.0,8.017154570193537,2.593650405272096,0.0,0.0,0.0543882788893109,0.0225881434669501,0.0543882788893109,0.0225881434669501,0.0064299929635533,4.582818444768094,17.674615390819035,0.0364626705070869,0.1,0.0,0.0,0.0,101.0,0.040079365079365,False,underpowered,underpowered,False,True,True,True,True,alignment-unstable in window; alignment-unstable after window; window untestable (<5 pts),True
probe/loss,none,periodic,dynamics,2.0,1.0,1.0,11.424886480428723,16.53623270957533,0.0,0.0,0.0155909753624603,0.2188340327711511,-0.0155909753624603,-0.2188340327711511,0.0030576041308238,19.452018933645075,19.452018933645075,0.24088410333262,0.0,0.0,0.0,0.0,101.0,0.040079365079365,10.0,22.0,10.0,14.175063238699488,57.12883407159646,0.0,0.0,0.0163128900954846,0.0771759933297023,-0.0129602360676809,-0.0771759933297023,0.0012969722675819,52.9490659404801,78.38132973346443,0.0847424614981479,0.4,0.0,0.0,0.0,101.0,0.040079365079365,False,underpowered,underpowered,False,True,True,True,True,alignment-unstable in window; alignment-unstable after window; window untestable (<5 pts),True
probe/mlp_out_norm,none,periodic,dynamics,2.0,1.0,1.0,18.38086792737324,0.3077960510873054,0.0,0.0,0.2285991938289779,0.0683592020642018,0.2285991938289779,-0.0683592020642018,0.1362125046946552,1.1832582024670122,1.1832582024670122,0.3332764414326917,1.0,0.0,0.0,0.0,101.0,0.040079365079365,10.0,22.0,10.0,27.12668780144086,28.493920752738696,0.0,0.0,1.1532348458859765,1.3347748999182905,1.1532348458859765,1.3347748999182905,0.0428267180240536,4.234344109256654,9.997468048653078,0.3032979249121311,0.0,0.0,0.0,0.0,101.0,0.040079365079365,False,underpowered,underpowered,False,False,True,True,True,alignment-unstable after window; window untestable (<5 pts),True
probe/mlp_out_stats_mean,none,periodic,dynamics,2.0,1.0,1.0,0.2178764984633185,0.4865406820763422,0.0,0.0,7.762656923410994,1.0540320926923337,5.49365063028103,1.0540320926923337,187.66369738867863,0.5193808101266452,0.5193808101266452,225.8338489771476,0.0,0.0,0.0,0.0,101.0,0.040079365079365,10.0,22.0,10.0,0.3166224752062692,0.2413578576441367,0.0,0.0,12.065567772966666,6.036094257355578,12.065567772966666,1.154951760091642,57.5159565353905,0.1628293102028917,0.3874012751793846,10.487051917206944,0.1,0.0,0.0,0.0,101.0,0.040079365079365,False,underpowered,underpowered,False,False,False,False,True,window untestable (<5 pts),True
probe/mlp_out_stats_rms,none,periodic,dynamics,2.0,1.0,1.0,4.49953777555851,0.869797317164517,0.0,0.0,0.0639980943074695,0.1931754501689451,0.0639980943074695,-0.1931754501689451,0.1362125096755965,1.1832584197767508,1.1832584197767508,0.3332764948996085,1.0,0.0,0.0,0.0,101.0,0.040079365079365,10.0,22.0,10.0,20.35929002827036,22.633113492301224,0.0,0.0,0.8647561026412263,1.0219744524050594,0.8647561026412263,1.0219744524050594,0.0428267291568063,4.234343680433433,9.997467807263826,0.3032978963594583,0.0,0.0,0.0,0.0,101.0,0.040079365079365,False,underpowered,underpowered,False,False,True,True,True,alignment-unstable after window; window untestable (<5 pts),True
probe/mlp_out_stats_std,none,periodic,dynamics,2.0,1.0,1.0,4.508795292176976,0.8697224009243334,0.0,0.0,0.0639882549961236,0.1931756287029772,0.0639882549961236,-0.1931756287029772,0.1361835697819615,1.183261196475789,1.183261196475789,0.3332675870483371,1.0,0.0,0.0,0.0,101.0,0.040079365079365,10.0,22.0,10.0,20.357825345712385,22.638177589540227,0.0,0.0,0.8647717295923529,1.0220406451204642,0.8647717295923529,1.0220406451204642,0.0428295126621008,4.234662373919624,10.006543140500224,0.3032886510127565,0.0,0.0,0.0,0.0,101.0,0.040079365079365,False,underpowered,underpowered,False,False,True,True,True,alignment-unstable after window; window untestable (<5 pts),True
probe/mlp_residual_ratio,none,periodic,dynamics,2.0,1.0,1.0,5.552650120670187,11.9786867195536,0.0,0.0,0.1985752366810011,1.3743249050735349,-0.1985752366810011,1.3743249050735349,0.0412052835524155,13.705075174396615,13.705075174396615,0.6507602119326003,1.0,0.0,0.0,0.0,101.0,0.040079365079365,10.0,22.0,10.0,9.663622205455887,4.043482139222919,0.0,0.0,0.3029993123432102,0.1347798293918825,-0.3029993123432102,-0.1260682662014409,0.0339202904403219,10.56971448676786,16.41037047989636,0.2935921116138442,0.3,0.0,0.0,0.0,101.0,0.040079365079365,False,underpowered,underpowered,False,True,True,True,True,alignment-unstable in window; alignment-unstable after window; window untestable (<5 pts),True
probe/relu2_sparsity,none,periodic,dynamics,2.0,1.0,1.0,1.0744184371584116,11.94716072928671,0.0,0.0,0.0328972797577321,0.264807008060368,0.0328972797577321,0.264807008060368,0.0176235462280965,5.60629916043218,5.60629916043218,0.157391642743153,0.0,0.0,0.0,0.0,101.0,0.040079365079365,10.0,22.0,10.0,26.524061773188865,17.291897223521687,0.0,0.0,0.0682443546271237,0.0535470873008003,0.0682443546271237,0.0535470873008003,0.0029819469172569,8.178498551004653,11.566192091774717,0.0346070445167376,0.0,0.0,0.0,0.0,101.0,0.040079365079365,False,underpowered,underpowered,False,True,True,True,True,alignment-unstable in window; alignment-unstable after window; window untestable (<5 pts),True
probe/resid_contribution_ratio,none,periodic,dynamics,2.0,1.0,1.0,1.9855079602777004,5.874489786536909,0.0,0.0,0.0090689030032478,0.0507357962426767,0.0090689030032478,0.0507357962426767,0.0060554682420021,4.521212855968752,4.521212855968752,0.0394170087274239,0.0,0.0,0.0,0.0,101.0,0.040079365079365,10.0,22.0,10.0,3.393673530986147,4.017428845449592,0.0,0.0,0.0162199240914674,0.0183208523806598,0.0162199240914674,0.0183208523806598,0.0045028249990806,1.1405260839520364,1.4611341367691355,0.0051280138798516,0.0,0.0,0.0,0.0,101.0,0.040079365079365,False,underpowered,underpowered,False,True,False,True,True,alignment-unstable in window; window untestable (<5 pts),True
probe/resid_term_norm,none,periodic,dynamics,2.0,1.0,1.0,11.72714920825458,1.6427181491715412,0.0,0.0,0.5170367425885591,0.5763451332175684,0.5170367425885591,-0.5763451332175684,0.1513466143513857,2.7808920433691853,2.7808920433691853,2.423234294719979,1.0,0.0,0.0,0.0,101.0,0.040079365079365,10.0,22.0,10.0,131.14427252612097,83.72145199898016,0.0,0.0,2.1161527906329067,1.489969064614454,2.1161527906329067,1.489969064614454,0.0167145649433352,14.858093591604478,31.293917337266667,0.3989596430258256,0.0,0.0,0.0,0.0,101.0,0.040079365079365,False,underpowered,underpowered,False,False,True,True,True,alignment-unstable after window; window untestable (<5 pts),True
probe/residual_mix_equiv_err,none,periodic,dynamics,2.0,1.0,1.0,0.0,0.0,0.0,0.0,,,,,,0.0,0.0,,,1.0,1.0,1.0,101.0,0.040079365079365,10.0,22.0,10.0,0.0,0.0,0.0,0.0,,,,,,0.0,0.0,,,1.0,1.0,1.0,101.0,0.040079365079365,True,underpowered,underpowered,False,False,False,False,True,window untestable (<5 pts),True
probe/ve_contribution_ratio,none,periodic,dynamics,2.0,1.0,1.0,34.2000795776848,1.3269425983109715,0.0,0.0,0.1783431619226576,0.0459398307181521,-0.1783431619226576,0.0459398307181521,0.0185286042087475,8.279956264295675,8.279956264295675,0.2539729847575331,1.0,0.0,0.0,0.0,101.0,0.040079365079365,10.0,22.0,10.0,3.987093052028345,6.288922466178676,0.0,0.0,0.1654786734598727,0.3227858993965626,-0.1654786734598727,-0.3227858993965626,0.0475362879230483,3.841222267537404,12.082145030059085,0.2259202794649249,0.0,0.0,0.0,0.0,101.0,0.040079365079365,False,underpowered,underpowered,False,True,True,True,True,alignment-unstable in window; alignment-unstable after window; window untestable (<5 pts),True
probe/ve_gate_mean,none,periodic,dynamics,2.0,1.0,1.0,1.0396780198577915,12.186980728172918,0.0,0.0,0.016853749787545,0.1435393785670253,0.0150609601702319,-0.1435393785670253,0.0239359882384532,5.949020198655196,5.949020198655196,0.2048594928173625,1.0,0.0,0.0,0.0,101.0,0.040079365079365,10.0,22.0,10.0,5.647229009092262,7.916935838400539,0.0,0.0,0.0868528679678588,0.1224299645389516,0.0868528679678588,-0.1199150742864796,0.0148973021439389,11.419448971650755,19.912545564175417,0.2130499150676422,0.7,0.0,0.0,0.0,101.0,0.040079365079365,False,underpowered,underpowered,False,True,True,True,True,alignment-unstable in window; alignment-unstable after window; window untestable (<5 pts),True
probe/ve_gate_rms,none,periodic,dynamics,2.0,1.0,1.0,0.937179857651718,10.743481467100915,0.0,0.0,0.0138750669820252,0.1161902688658517,0.0121051686098302,-0.1161902688658517,0.026554130954787,4.266668984109191,4.266668984109191,0.1608609856278308,1.0,0.0,0.0,0.0,101.0,0.040079365079365,10.0,22.0,10.0,7.683451413985754,3.278751598300873,0.0,0.0,0.1138407490569525,0.0531669947960938,0.1138407490569525,-0.046483841748416,0.016355382625719,6.769216494719987,11.978821076152228,0.1519379596845022,0.6,0.0,0.0,0.0,101.0,0.040079365079365,False,underpowered,underpowered,False,True,True,True,True,alignment-unstable in window; alignment-unstable after window; window untestable (<5 pts),True
probe/ve_gate_std,none,periodic,dynamics,2.0,1.0,1.0,0.5899339522397413,1.2788596513708392,0.0,0.0,0.0404280868117736,0.0765367421465314,-0.0404280868117736,0.0765367421465314,0.065538762695342,1.676246011111998,1.676246011111998,0.0922916305912862,1.0,0.0,0.0,0.0,101.0,0.040079365079365,10.0,22.0,10.0,7.886405494274315,9.496220594175425,0.0,0.0,0.1529522867980847,0.2094460032202306,0.1529522867980847,0.2094460032202306,0.0190374285943317,1.648208536192406,4.299479823221634,0.049724548186603,0.0,0.0,0.0,0.0,101.0,0.040079365079365,False,underpowered,underpowered,False,False,False,False,True,window untestable (<5 pts),True
probe/x0_contribution_ratio,none,periodic,dynamics,2.0,1.0,1.0,2.097189118036013,8.097589247029832,0.0,0.0,0.2652694148092094,0.512697784160793,-0.2652694148092094,-0.512697784160793,0.1482907746512986,3.1548478303167795,3.1548478303167795,0.5052226690070973,0.0,0.0,0.0,0.0,101.0,0.040079365079365,10.0,22.0,10.0,3.084345972293284,3.72506930031651,0.0,0.0,0.3895383096131279,0.4330344984786976,-0.3895383096131279,-0.4330344984786976,0.1227811848959133,0.6362267841106819,1.8485386244427957,0.079292074134099,0.0,0.0,0.0,0.0,101.0,0.040079365079365,False,underpowered,underpowered,False,True,False,True,True,alignment-unstable in window; window untestable (<5 pts),True
probe/x0_term_norm,none,periodic,dynamics,2.0,1.0,1.0,0.870993442526993,1.919342068856284,0.0,0.0,0.1589836289100752,0.8408524994989298,0.0233770010751637,-0.8408524994989298,0.314301726885025,2.5764153372682346,2.5764153372682346,4.431397725026013,0.0,0.0,0.0,0.0,101.0,0.040079365079365,10.0,22.0,10.0,10.540430139195667,3.683332511170793,0.0,0.0,1.517191195753076,0.5043301825872664,1.517191195753076,0.5043301825872664,0.1372652012909098,3.2996764675743613,4.377286129416858,0.5138741081914515,0.0,0.0,0.0,0.0,101.0,0.040079365079365,False,underpowered,underpowered,False,False,True,True,True,alignment-unstable after window; window untestable (<5 pts),True
sketch/grad_cosine_prev,none,periodic,dynamics,1.0,1.0,1.0,0.0994450879653439,1.1437499511999971,0.0,0.0,0.5325026080238019,1.1266348834434956,0.5325026080238019,-1.1266348834434956,5.354740177909805,1.0250691569133703,1.0250691569133703,4.691695204858741,1.0,0.0,0.0,0.0,101.0,0.040079365079365,10.0,22.0,10.0,1.6845512954118007,0.9699395705344904,0.0,0.0,3.430654054777804,1.853789154928344,1.0784004292556195,0.0951516371238469,1.6695769646593992,0.5622949349273463,1.8753443580492972,1.838844015513952,0.1,0.0,0.0,0.0,101.0,0.040079365079365,False,underpowered,underpowered,False,False,False,False,True,window untestable (<5 pts),True
sketch/grad_sq_norm,none,periodic,dynamics,2.0,2.0,2.0,0.6450485299663113,0.7308055785930548,0.0,0.0,0.4118256973550764,0.705008203721576,-0.4118256973550764,0.705008203721576,0.3192207083834333,1.2866559689435295,2.5733119378870595,0.6550313943586332,1.0,0.5,0.5,0.5,101.0,0.040079365079365,10.0,22.0,10.0,3.4388728182104886,3.933815597707481,0.0,0.0,0.5442332957112697,0.6545149936342907,-0.3877224425047114,-0.6545149936342907,0.1469725341646697,3.5109026283377336,7.954352637999905,1.0231899853862858,0.3,0.0,0.0,0.0,101.0,0.040079365079365,False,underpowered,underpowered,False,False,True,True,True,alignment-unstable after window; window untestable (<5 pts),True
calib/grad_norm,none,sparse,dynamics,13.0,13.0,13.0,2.9104869114926992,6.852272489491058,0.0,0.0,0.161110735081139,0.2990607671491561,0.1192596098601233,0.1697910758567337,0.1248914862041762,2.3809673319831077,17.069379330500993,0.2599354433510121,0.3076923076923077,0.0,0.0,0.0,8.0,0.0031746031746031,9.0,19.0,9.0,3.28373504694049,0.893734066201928,0.0,0.0,0.4398417775873127,0.1706396120381286,0.1403341605599152,0.1604963128065205,0.1402389207399198,1.0134459781822736,3.9310671435471978,0.2224343110375096,0.3333333333333333,0.0,0.0,0.0,126.0,0.0499999999999999,False,uniformly different,warmup-dominated,True,False,False,False,False,verdict flips with alignment,True
curvature/Hg_norm,native,sparse,dynamics,12.0,10.0,10.0,3.8712299017513887,5.059415354332121,0.0,0.0,0.299576998481834,0.6577384633896455,0.299576998481834,0.4658063466629036,0.0958454986091494,1.8260130588425407,10.223016514503136,0.4596362078314541,0.5,0.0,0.0,0.0,8.0,0.0047619047619047,10.0,21.0,10.0,1.8761630678899477,4.791569976774317,0.0,0.0,0.3954353918083743,0.9964847277394872,-0.3954353918083743,0.9964847277394872,0.2200424668152504,4.148495837929132,7.085496050358269,0.7090551946217791,0.7,0.0,0.0,0.0,126.0,0.0499999999999999,False,uniformly different,uniformly different,False,False,True,True,False,alignment-unstable after window,True
curvature/Hg_norm,shadow_fp32,sparse,dynamics,12.0,10.0,10.0,3.87405359571226,5.139772285499027,0.0,0.0,0.2981570608916628,0.6619327361873213,0.2981570608916628,0.5105541503635985,0.0971377450624023,1.8517518193106024,10.285613264159132,0.4837939481321531,0.4,0.0,0.0,0.0,8.0,0.0047619047619047,10.0,21.0,10.0,1.830789003885966,4.748460809010217,0.0,0.0,0.3927152593931196,0.9482612626453586,-0.3927152593931196,0.9482612626453586,0.2157284570659561,4.159391989817932,7.063571030345809,0.709607181517526,0.7,0.0,0.0,0.0,126.0,0.0499999999999999,False,uniformly different,uniformly different,False,False,True,True,False,alignment-unstable after window,True
curvature/e_lin_random,native,sparse,dynamics,12.0,10.0,10.0,5.582564890980931,5.176190727342164,0.0,0.0,0.1326946369896688,0.094096137457809,0.1326946369896688,0.094096137457809,0.0206923094683514,1.8946137799215237,19.05370087760106,0.0807011246255336,0.2,0.0,0.0,0.0,8.0,0.0047619047619047,10.0,21.0,10.0,3.040431421337865,4.821578886792571,0.0,0.0,0.1149298472320736,0.2626024608349396,-0.0927098999586013,-0.2626024608349396,0.0432963795006891,0.7063368911151936,1.6771321184400945,0.0355686091522319,0.0,0.0,0.0,0.0,126.0,0.0499999999999999,False,uniformly different,uniformly different,False,False,False,False,False,,False
curvature/e_lin_random,shadow_fp32,sparse,dynamics,12.0,10.0,10.0,9.086665982174756,5.801021817862344,0.0,0.0,0.1710919822953067,0.2047192854934592,0.1710919822953067,0.1924305700153041,0.016747470013602,1.6600206818045729,22.649517361450627,0.0304539791603185,0.2,0.0,0.0,0.0,8.0,0.0047619047619047,10.0,21.0,10.0,3.1435450925248603,2.443977115086186,0.0,0.0,0.1646903492165242,0.1000474708020015,0.1646903492165242,0.1000474708020015,0.0478129673989731,1.160319268877982,3.274370508557229,0.0511873781851444,0.1,0.0,0.0,0.0,126.0,0.0499999999999999,False,uniformly different,uniformly different,False,False,False,False,False,,False
curvature/e_lin_update,native,sparse,dynamics,12.0,10.0,10.0,3.926579473278191,3.4777067776083905,0.0,0.0,0.2149857129559179,0.3672107955078885,0.2149857129559179,0.0411325621596847,0.0546579538836575,2.442207613815357,8.032787513825177,0.1596982345038335,0.4,0.0,0.0,0.0,8.0,0.0047619047619047,10.0,21.0,10.0,2.831613054261848,1.9240797075076452,0.0,0.0,0.1180167213921224,0.1354425902962585,0.0055521512272,-0.1343035320502016,0.0482347459745574,0.8875586511039294,4.409782570135413,0.052111161329476,0.1,0.0,0.0,0.0,126.0,0.0499999999999999,False,uniformly different,uniformly different,False,False,False,False,False,,False
curvature/e_lin_update,shadow_fp32,sparse,dynamics,12.0,10.0,10.0,3.402294908369312,2.336990268319183,0.0,0.0,0.1354691786677187,0.1272298347385153,0.1354691786677187,0.0677536011588518,0.0325872188273231,2.5906904488170888,13.342269322754632,0.1137941897438175,0.4,0.0,0.0,0.0,8.0,0.0047619047619047,10.0,21.0,10.0,4.263806874572003,3.847235550963728,0.0,0.0,0.1993424692920401,0.1820263663464317,0.1993424692920401,0.1820263663464317,0.0456820940456428,1.2596988246505092,3.461839860637871,0.054551645306919,0.1,0.0,0.0,0.0,126.0,0.0499999999999999,False,uniformly different,uniformly different,False,False,False,False,False,,False
curvature/fd_floor_gradient,native,sparse,dynamics,12.0,10.0,10.0,6.0737245544688285,4.487911931402307,0.0,0.0,0.1243409611010954,0.1693700849308089,0.1243409611010954,0.0871181620672777,0.0211806656693105,3.9170319675752023,11.969482659698691,0.143134354762272,0.3,0.0,0.0,0.0,8.0,0.0047619047619047,10.0,21.0,10.0,3.0799940965750485,4.188736550512493,0.0,0.0,0.1606504419940654,0.2132181336409537,-0.1606504419940654,0.2132181336409537,0.0458078247034958,5.424565158927793,14.87698758617519,0.2933216665690618,0.8,0.0,0.0,0.0,126.0,0.0499999999999999,False,uniformly different,uniformly different,False,True,True,True,False,alignment-unstable in window; alignment-unstable after window,True
curvature/fd_floor_gradient,shadow_fp32,sparse,dynamics,12.0,10.0,10.0,6.017700717851573,19.908172361238517,0.0,0.0,0.139913212163414,1.0959218284639742,0.1242094978592578,0.8190888830707946,0.0213648208065836,2.839505554241102,169.43077345661192,0.710582362560478,0.5,0.0,0.0,0.0,8.0,0.0047619047619047,10.0,21.0,10.0,2.0299350102889635,1.8743224376732288,0.0,0.0,0.6707596549443351,0.3076649586836514,-0.6707596549443351,0.0628050548672924,0.3655606056991611,2.3450580386127813,3.060793678950979,0.7842320559527974,0.6,0.0,0.0,0.0,126.0,0.0499999999999999,False,uniformly different,warmup-dominated,True,False,False,False,False,verdict flips with alignment,True
curvature/fd_floor_random,shadow_fp32,sparse,dynamics,12.0,10.0,10.0,6.016735772687697,4.537726408777883,0.0,0.0,0.1242003865136784,0.1693664781510454,0.1242003865136784,0.0965987346200748,0.0213670949261673,4.040134606484053,12.02648286154783,0.1468062443266298,0.3,0.0,0.0,0.0,8.0,0.0047619047619047,10.0,21.0,10.0,3.164174293402355,4.154721387055092,0.0,0.0,0.1594695642682251,0.2030915093126747,-0.1594695642682251,0.2030915093126747,0.0454818474529942,5.445704531410673,14.79290526393206,0.289247106995652,0.8,0.0,0.0,0.0,126.0,0.0499999999999999,False,uniformly different,uniformly different,False,True,True,True,False,alignment-unstable in window; alignment-unstable after window,True
curvature/fd_floor_update,shadow_fp32,sparse,dynamics,12.0,10.0,10.0,6.016737974518877,4.537725285757583,0.0,0.0,0.1242003813482929,0.1693664610044117,0.1242003813482929,0.0965986249111912,0.0213670890360272,4.0401355815917706,12.026478927072192,0.146806276772323,0.3,0.0,0.0,0.0,8.0,0.0047619047619047,10.0,21.0,10.0,3.1641750788515477,4.154701731696465,0.0,0.0,0.1594694945197537,0.2030915244247478,-0.1594694945197537,0.2030915244247478,0.0454818846609298,5.445706510908314,14.792896356519623,0.2892471106011231,0.8,0.0,0.0,0.0,126.0,0.0499999999999999,False,uniformly different,uniformly different,False,True,True,True,False,alignment-unstable in window; alignment-unstable after window,True
curvature/fd_snr_random,shadow_fp32,sparse,dynamics,12.0,10.0,10.0,3.219076673792337,6.095504202084561,0.0,0.0,0.2092089858206974,0.3442110438471438,-0.2092089858206974,-0.0680698238914288,0.065719795250774,5.536455129757135,14.550089788917614,0.3996000026768491,0.4,0.0,0.0,0.0,8.0,0.0047619047619047,10.0,21.0,10.0,8.893199747105328,2.308916044028397,0.0,0.0,0.3160249901067083,0.1444104785958766,-0.3160249901067083,-0.0219731073102544,0.0483544113539314,5.8980290139398015,10.864182319221491,0.2817941828314304,0.2,0.0,0.0,0.0,126.0,0.0499999999999999,False,uniformly different,uniformly different,False,True,True,True,False,alignment-unstable in window; alignment-unstable after window,True
curvature/gg,native,sparse,dynamics,12.0,10.0,10.0,6.385174471511386,4.208501676513851,0.0,0.0,0.2631940965037869,0.3689047839941602,0.2631940965037869,0.1992366688110059,0.0424469368872804,4.219712215501721,9.017534391581938,0.2773899151935297,0.3,0.0,0.0,0.0,8.0,0.0047619047619047,10.0,21.0,10.0,2.907092628902025,4.425992272902668,0.0,0.0,0.2994625710763163,0.4527395401311005,-0.2994625710763163,0.4527395401311005,0.096902986385982,5.439540504383338,13.130617984923129,0.4954434255692738,0.8,0.0,0.0,0.0,126.0,0.0499999999999999,False,uniformly different,uniformly different,False,True,True,True,False,alignment-unstable in window; alignment-unstable after window,True
curvature/gg,shadow_fp32,sparse,dynamics,12.0,10.0,10.0,6.4192545924212405,4.27414708941964,0.0,0.0,0.2638295757353147,0.3695231323858339,0.2638295757353147,0.2059388678686872,0.0423603177899828,4.288549451476111,9.130112868476049,0.2813058086042341,0.3,0.0,0.0,0.0,8.0,0.0047619047619047,10.0,21.0,10.0,2.846490680318839,4.551028399448178,0.0,0.0,0.2935184053122525,0.4472825566631636,-0.2935184053122525,0.4472825566631636,0.095379629454075,5.401936074722846,12.586913754068236,0.4946037645655272,0.8,0.0,0.0,0.0,126.0,0.0499999999999999,False,uniformly different,uniformly different,False,True,True,True,False,alignment-unstable in window; alignment-unstable after window,True
curvature/vhv_random,native,sparse,dynamics,12.0,10.0,10.0,4.063881105343916,5.686244829121957,0.0,0.0,0.4664385395191195,0.9662589241013348,-0.4664385395191195,-0.2792030982678717,0.1335281728960964,4.159251845790212,9.934467528662212,0.7593110866087205,0.2,0.0,0.0,0.0,8.0,0.0047619047619047,10.0,21.0,10.0,3.09413293696189,0.8793610581908019,0.0,0.0,0.6107765327643798,0.1981356473614983,-0.6107765327643798,-0.1814183910117134,0.206000608832548,2.538935540397198,3.5637298968014903,0.4931672033200117,0.1,0.0,0.0,0.0,126.0,0.0499999999999999,False,uniformly different,warmup-dominated,True,True,False,True,False,alignment-unstable in window; verdict flips with alignment,True
curvature/vhv_random,shadow_fp32,sparse,dynamics,12.0,10.0,10.0,4.009662873201254,5.632128235494859,0.0,0.0,0.4568360188180805,0.9632665526842792,-0.4568360188180805,-0.272300924663135,0.138695578180661,4.08076950520765,9.893457482348795,0.7515128612828257,0.2,0.0,0.0,0.0,8.0,0.0047619047619047,10.0,21.0,10.0,3.0084846038270543,0.8687102365233107,0.0,0.0,0.6133502971638602,0.2034142575823301,-0.6133502971638602,-0.1768192869658231,0.2091259394149414,2.5479464877707594,3.407136410212557,0.4922538875910083,0.1,0.0,0.0,0.0,126.0,0.0499999999999999,False,uniformly different,warmup-dominated,True,True,False,True,False,alignment-unstable in window; verdict flips with alignment,True
sketch/probe_grad_cosine_prev,none,sparse,dynamics,12.0,10.0,10.0,2.95741989355012,5.342111481028695,0.0,0.0,0.1060252478044948,0.5627987964970271,0.0471411195800987,0.0393060694704714,0.0306324216005276,5.184886283758077,15.402375870668982,0.4520210994448604,0.3,0.0,0.0,0.0,12.0,0.0063492063492063,9.0,19.0,9.0,6.134347107273401,2.8311839089668447,0.0,0.0,0.1568049284604633,0.0808066063246116,-0.1568049284604633,0.0808066063246116,0.0161539329012174,12.687457026754126,16.725045263168408,0.2627449344841366,0.8888888888888888,0.0,0.0,0.0,126.0,0.0499999999999999,False,uniformly different,uniformly different,False,True,True,True,False,alignment-unstable in window; alignment-unstable after window,True
update/actual,native,sparse,dynamics,12.0,10.0,10.0,1.9867920573655629,7.95104440043597,0.0,0.0,0.3372482831534126,1.3329236337816477,-0.1353436548231089,-0.923582745984023,0.337146875454087,2.628308284635669,38.62129567825705,0.9865254668337282,0.2,0.0,0.0,0.0,8.0,0.0047619047619047,10.0,21.0,10.0,3.2865423318641604,1.034909463519627,0.0,0.0,6.533072676916024,1.3405710563456736,-0.9616744052405304,0.4285261307160139,2.501283896426352,0.7424519657033439,1.8652346368654045,2.841474201005638,0.1,0.0,0.0,0.0,126.0,0.0499999999999999,False,uniformly different,warmup-dominated,True,False,False,False,False,verdict flips with alignment,True
update/actual,shadow_fp32,sparse,dynamics,12.0,10.0,10.0,2.027091737954111,8.131399180065802,0.0,0.0,0.3106010803556622,1.3481969656367672,-0.1451757446058022,-0.933959483864849,0.3291800474640346,2.676986226214248,40.78019934707166,0.9968189483749678,0.2,0.0,0.0,0.0,8.0,0.0047619047619047,10.0,21.0,10.0,3.0287138546584966,1.0273380067876137,0.0,0.0,6.423430357936347,1.3882762208639037,-1.0198792334125688,0.3807661499601336,2.5584959024280307,0.7848588718708407,1.8126643400025584,2.823425124708064,0.1,0.0,0.0,0.0,126.0,0.0499999999999999,False,uniformly different,warmup-dominated,True,False,False,False,False,verdict flips with alignment,True
curvature/e_sym_gradient,native,sparse,dynamics,12.0,10.0,10.0,3.485763788850876,1.7214292438619287,0.0,0.0,3.21881387721654,3.1738108702318586,3.21881387721654,3.1738108702318586,1.212338790170073,0.2985636507464037,1.6477331085965308,0.4592697894677985,0.2,0.0,0.0,0.0,8.0,0.0047619047619047,10.0,21.0,10.0,0.739217575229564,0.6131274304193151,0.0,0.0,1.1747986258640355,0.6809389074380834,1.1747986258640355,0.6685041107928962,1.4755302752550057,0.1413518768871739,1.9911070921518008,0.26890591343231,0.2,0.0,0.0,0.0,126.0,0.0499999999999999,False,warmup-dominated,not different,True,False,False,False,False,warmup-dominated; verdict flips with alignment,True
curvature/fd_floor_random,native,sparse,dynamics,12.0,10.0,10.0,4.342278662770117,2.993809406027619,0.0,0.0,0.1558280444823206,0.1838309657642543,0.1394255216864335,0.0958858798390828,0.0489405788208681,0.2219785493523924,10.141961958567451,0.2387044179976105,0.4,0.0,0.0,0.0,8.0,0.0047619047619047,10.0,21.0,10.0,0.3499303588419202,0.4514097947713875,0.0,0.0,0.9353582954742752,2.35287692190032,0.0146016038651832,2.35287692190032,2.444466992436961,0.2136462145002135,1.645330355204212,0.6802557477526137,0.2,0.0,0.0,0.0,126.0,0.0499999999999999,False,warmup-dominated,not different,True,False,False,False,False,warmup-dominated; verdict flips with alignment,True
overhead/microbatch_cpu_launch/work,none,continuous,resource,401.0,401.0,401.0,0.0,0.0,0.0,0.0,0.0,0.0,0.0,0.0,0.0,0.0,0.0,0.0,0.0,1.0,1.0,1.0,1.0,0.0003968253968253,2119.0,4973.0,2119.0,0.0,0.0,0.0,0.0,0.0,0.0,0.0,0.0,0.0,0.0,0.0,0.0,0.0,1.0,1.0,1.0,1.0,0.0003968253968253,True,identical (deterministic),identical (deterministic),False,False,False,False,False,,False
step/skipped,none,continuous,resource,400.0,398.0,398.0,0.0,0.0,0.0,0.0,,,,,,0.0,0.0,,,1.0,1.0,1.0,1.0,0.0003968253968253,2120.0,4976.0,2120.0,0.0,0.0,0.0,0.0,,,,,,0.0,0.0,,,1.0,1.0,1.0,1.0,0.0003968253968253,True,identical (deterministic),identical (deterministic),False,False,False,False,False,,False
overhead/grads_ready,none,continuous,resource,401.0,401.0,401.0,0.2612577629408261,0.2977263538253629,0.0,0.0,0.0643125006996451,0.0797934552153507,-0.0178755446491906,-0.0335428844824413,0.2774926424253909,0.1947438983975493,15.157600543540822,0.0548380159344451,0.2443890274314214,0.0,0.0,0.0,1.0,0.0003968253968253,2119.0,4973.0,2119.0,0.1871462331674112,0.2450891554606466,0.0,0.0,0.0593690347364682,0.0745682837655498,-0.0253627221789305,7.257297576311694e-05,0.3156772096174826,0.1950072070506756,23.19623268016016,0.0611525490387761,0.2505899008966493,0.0,0.0,0.0,1.0,0.0003968253968253,False,not different,not different,False,False,False,False,False,,False
overhead/step_end_emit,none,continuous,resource,400.0,398.0,398.0,0.1667454263460766,0.2555005441133924,0.0,0.0,0.048584370967983,0.0690659904547333,-0.0065423569587004,-0.0223634785493204,0.3237386226175524,0.2129993403053246,15.222805672506832,0.0636614221446477,0.3241206030150754,0.0,0.0,0.0,1.0,0.0003968253968253,2120.0,4976.0,2120.0,0.1148316483364224,0.1570949681339661,0.0,0.0,0.0412076779640888,0.0527373762676311,-0.0048184068241204,0.0104509083791749,0.3518440729682313,0.1348221983195868,14.900723239926483,0.0473604274711648,0.335377358490566,0.0,0.0,0.0,1.0,0.0003968253968253,False,not different,not different,False,False,False,False,False,,False
overhead/attention,none,periodic,resource,2.0,1.0,1.0,0.6491118922092152,0.7078916322870925,0.0,0.0,0.1424007731648003,0.2101686530503303,0.1424007731648003,0.2101686530503303,0.2285532766695062,0.0155795918160626,0.0155795918160626,0.0040309987003416,0.0,0.0,0.0,0.0,101.0,0.040079365079365,10.0,22.0,10.0,0.4765664611657845,0.5950456034874322,0.0,0.0,0.1168918255344302,0.1618287326370092,0.1168918255344302,0.1618287326370092,0.2351075397625111,0.0777507605284244,0.6977830147992734,0.0154143949254198,0.1,0.0,0.0,0.0,101.0,0.040079365079365,False,underpowered,underpowered,False,False,False,False,True,window untestable (<5 pts),True
overhead/attention/work,none,periodic,resource,2.0,1.0,1.0,,,2.0,1.0,1.0869552608229442,1.0869552608229442,1.0869552608229442,1.0869552608229442,0.0,0.0,0.0,0.0,0.0,1.0,0.0,0.0,101.0,0.040079365079365,10.0,22.0,10.0,,,10.0,22.0,1.0869552608229442,1.0869552608229442,1.0869552608229442,1.0869552608229442,0.0,0.0,0.0,0.0,0.0,1.0,0.0,0.0,101.0,0.040079365079365,True,underpowered,underpowered,False,False,False,False,True,window untestable (<5 pts),True
overhead/grads_ready/periodic_scan,none,periodic,resource,2.0,2.0,2.0,5.958905860453065,4.962735403486854,0.0,0.0,0.8156559992938344,0.9117839445725268,0.8156559992938344,0.9117839445725268,0.1265430911839283,0.20573177807094,0.41146355614188,0.0392671622433588,0.0,0.0,0.0,0.0,101.0,0.040079365079365,10.0,22.0,10.0,3.828597699065222,3.2764081202520225,0.0,0.0,0.4079305208030782,0.4925442757683497,0.4079305208030782,0.4925442757683497,0.1040164690912174,0.6836276229550496,3.0196996438192576,0.0783291650906543,0.0,0.0,0.0,0.0,101.0,0.040079365079365,False,underpowered,underpowered,False,False,False,False,True,window untestable (<5 pts),True
overhead/grads_ready/periodic_scan/work,none,periodic,resource,2.0,2.0,2.0,,,2.0,2.0,0.8754576030823261,0.8754576030823261,0.8754576030823261,0.8754576030823261,0.0,0.0,0.0,0.0,0.0,1.0,0.0,0.0,101.0,0.040079365079365,10.0,22.0,10.0,,,10.0,22.0,0.8754576030823261,0.8754576030823261,0.8754576030823261,0.8754576030823261,0.0,0.0,0.0,0.0,0.0,1.0,0.0,0.0,101.0,0.040079365079365,True,underpowered,underpowered,False,False,False,False,True,window untestable (<5 pts),True
overhead/lineage_checkpoint,none,sparse,resource,,,,,,,,,,,,,,,,,,,,,,1.0,2.0,0.0,4.456032944847947,9.511787278522236,0.0,0.0,0.7879841699760295,0.7803693488326167,0.7879841699760295,0.7803693488326167,0.1768353555121477,,,,,0.0,0.0,0.0,629.0,0.2498015873015873,False,underpowered,underpowered,False,False,False,False,True,window untestable (<5 pts),True
overhead/noise,none,periodic,resource,2.0,2.0,2.0,9.255257429453405,6.991881170093942,0.0,0.0,0.640666292265728,0.6437895699732765,0.640666292265728,0.6437895699732765,0.0890142698663094,0.032978396427157,0.0659567928543141,0.0019283898499779,0.0,0.0,0.0,0.0,101.0,0.040079365079365,10.0,22.0,10.0,8.884678342251963,8.900881449215555,0.0,0.0,0.6015734209017021,0.6104693866428874,0.6015734209017021,0.6104693866428874,0.0673318092776526,0.0905274146963403,0.2386297540196137,0.0052998938135351,0.0,0.0,0.0,0.0,101.0,0.040079365079365,False,underpowered,underpowered,False,False,False,False,True,window untestable (<5 pts),True
overhead/noise/work,none,periodic,resource,2.0,2.0,2.0,,,2.0,2.0,1.0869552608229442,1.0869552608229442,1.0869552608229442,1.0869552608229442,0.0,0.0,0.0,0.0,0.0,1.0,0.0,0.0,101.0,0.040079365079365,10.0,22.0,10.0,,,10.0,22.0,1.0869552608229442,1.0869552608229442,1.0869552608229442,1.0869552608229442,0.0,0.0,0.0,0.0,0.0,1.0,0.0,0.0,101.0,0.040079365079365,True,underpowered,underpowered,False,False,False,False,True,window untestable (<5 pts),True
overhead/probes,none,periodic,resource,2.0,1.0,1.0,31.1935809940394,11.24119696490871,0.0,0.0,0.6082836975854768,0.3982455331771482,0.6082836975854768,0.3982455331771482,0.0276521622665479,5.545300215542237,5.545300215542237,0.1705046185302804,0.0,0.0,0.0,0.0,101.0,0.040079365079365,10.0,22.0,10.0,19.39516112497511,18.69319291226249,0.0,0.0,0.315784725059125,0.4040627072451005,0.315784725059125,0.4040627072451005,0.0174975485389911,3.2134082822108048,7.91572706092949,0.0678923621997586,0.0,0.0,0.0,0.0,101.0,0.040079365079365,False,underpowered,underpowered,False,True,True,True,True,alignment-unstable in window; alignment-unstable after window; window untestable (<5 pts),True
overhead/probes/work,none,periodic,resource,2.0,1.0,1.0,,,2.0,1.0,1.0869552608229442,1.0869552608229442,1.0869552608229442,1.0869552608229442,0.0,0.0,0.0,0.0,0.0,1.0,0.0,0.0,101.0,0.040079365079365,10.0,22.0,10.0,,,10.0,22.0,1.0869552608229442,1.0869552608229442,1.0869552608229442,1.0869552608229442,0.0,0.0,0.0,0.0,0.0,1.0,0.0,0.0,101.0,0.040079365079365,True,underpowered,underpowered,False,False,False,False,True,window untestable (<5 pts),True
overhead/grads_ready/calibration,none,sparse,resource,13.0,13.0,13.0,5.584438301029339,5.52238929734764,0.0,0.0,0.7676064074196758,0.7617983027865207,0.7676064074196758,0.7617983027865207,0.134657072151348,0.4187633651595676,2.7442554488348976,0.0548543445969783,0.0,0.0,0.0,0.0,8.0,0.0031746031746031,9.0,19.0,9.0,6.913788730582007,6.345801122320554,0.0,0.0,0.9413260520822018,0.6644704338572994,0.9413260520822018,0.6644704338572994,0.1162968141647484,0.4152058463511564,1.4992591358488891,0.0512583943570249,0.0,0.0,0.0,0.0,126.0,0.0499999999999999,False,uniformly different,uniformly different,False,False,False,False,False,,False
overhead/microbatch_cpu_launch,none,continuous,resource,401.0,401.0,401.0,3.1697091401718773,3.140198668496491,0.0,0.0,3.3440003949707062,3.3436397948890173,3.3440003949707062,3.3436397948890173,1.03543661500829,0.0401793527773909,0.7809324733816708,0.040751471113134,0.0,0.0,0.0,0.0,1.0,0.0003968253968253,2119.0,4973.0,2119.0,3.1087397534214047,3.0622690566839594,0.0,0.0,3.144582805307821,3.069886196175423,3.144582805307821,3.069886196175423,0.9966197304395722,0.0529270674809866,1.532483554370213,0.0532053161734391,0.0,0.0,0.0,0.0,1.0,0.0003968253968253,False,uniformly different,uniformly different,False,False,False,False,False,,False
overhead/muon_reference,none,sparse,resource,13.0,13.0,13.0,60.14711276592845,59.65027076077339,0.0,0.0,0.937201469774644,0.9330799304045592,0.937201469774644,0.9330799304045592,0.0161603371467756,0.3080987451812664,1.0207669073115344,0.0043212909390782,0.0,0.0,0.0,0.0,8.0,0.0031746031746031,9.0,19.0,9.0,43.30865523488239,47.51321359757363,0.0,0.0,0.905201335863978,0.9360179745195016,0.905201335863978,0.9360179745195016,0.0211796501872077,0.7814637022769021,8.000524542453446,0.0368656925677396,0.1111111111111111,0.0,0.0,0.0,126.0,0.0499999999999999,False,uniformly different,uniformly different,False,False,False,False,False,,False
overhead/probe_grad_sketch,none,sparse,resource,13.0,13.0,13.0,3.5093386514213565,3.813263964500236,0.0,0.0,0.5257461503473143,0.5243041913738233,0.5257461503473143,0.5243041913738233,0.1491376164481494,0.1463872174839819,3.665536561223836,0.0195369867473977,0.0769230769230769,0.0,0.0,0.0,8.0,0.0031746031746031,9.0,19.0,9.0,2.975447618148279,3.1708179045461278,0.0,0.0,0.4942075914573537,0.5436877300341801,0.4942075914573537,0.5436877300341801,0.1660952081438139,0.0568848096129794,0.2503665982316537,0.0102252606495719,0.0,0.0,0.0,0.0,126.0,0.0499999999999999,False,uniformly different,uniformly different,False,False,False,False,False,,False
overhead/shadow_acceptance,none,sparse,resource,12.0,10.0,10.0,5.579013476716632,5.955316618530913,0.0,0.0,0.593564581999405,0.6042932633660573,0.593564581999405,0.6042932633660573,0.1082747312730373,0.2630022285829349,1.2562758008222443,0.0267410402240168,0.0,0.0,0.0,0.0,8.0,0.0047619047619047,10.0,21.0,10.0,4.422601183999025,5.180849226682698,0.0,0.0,0.5984734471617805,0.5930572953781829,0.5984734471617805,0.5930572953781829,0.1327282865820206,0.1597474979820857,0.3090113379856704,0.0234686845032192,0.0,0.0,0.0,0.0,126.0,0.0499999999999999,False,uniformly different,uniformly different,False,False,False,False,False,,False
overhead/theta_snapshot,none,sparse,resource,13.0,13.0,13.0,3.0382624378137986,3.488972822968385,0.0,0.0,0.6222384334589963,0.6379511609453294,0.6222384334589963,0.6379511609453294,0.1910195876665006,0.1776560374686067,1.425532562710206,0.0242387602617622,0.0,0.0,0.0,0.0,8.0,0.0031746031746031,9.0,19.0,9.0,2.487823662451679,2.58102962474311,0.0,0.0,0.5836486303238209,0.5843081871883788,0.5836486303238209,0.5843081871883788,0.236402236677493,0.0740560895517028,0.184130921116537,0.0161139360896302,0.0,0.0,0.0,0.0,126.0,0.0499999999999999,False,uniformly different,uniformly different,False,False,False,False,False,,False
overhead/update_effectiveness,none,sparse,resource,12.0,10.0,10.0,4.722760084887408,4.578120830943608,0.0,0.0,0.5710930453281959,0.5775517151761029,0.5710930453281959,0.5775517151761029,0.1246911510266281,0.0540892013508032,0.1404647364132674,0.0070523344992966,0.0,0.0,0.0,0.0,8.0,0.0047619047619047,10.0,21.0,10.0,4.113014038759957,4.231197054473113,0.0,0.0,0.5582735608354912,0.5791394971827324,0.5582735608354912,0.5791394971827324,0.1505802256285591,0.2298266882002956,0.8029961756580322,0.0327007327952669,0.0,0.0,0.0,0.0,126.0,0.0499999999999999,False,uniformly different,uniformly different,False,False,False,False,False,,False
step/dt_excl_serialized_telemetry,none,continuous,resource,400.0,398.0,398.0,207.9700904813293,225.2263920745825,0.0,0.0,0.8438636751566579,0.847508347202548,0.8438636751566579,0.847508347202548,0.0040470841704145,0.9430809599325828,28.386444705656498,0.0037984757063524,0.0050251256281407,0.0,0.0,0.0,1.0,0.0003968253968253,2120.0,4976.0,2120.0,281.67756348384466,278.6471745201377,0.0,0.0,0.8241206001439964,0.8225447135816909,0.8241206001439964,0.8225447135816909,0.0029222580241987,0.4502546507559756,6.6880999680885695,0.0015105904211321,0.0,0.0,0.0,0.0,1.0,0.0003968253968253,False,uniformly different,uniformly different,False,False,False,False,False,,False
step/loader_call_elapsed,none,continuous,resource,400.0,398.0,398.0,17.078345986174764,17.223918146301713,0.0,0.0,0.6844077803375272,0.6833956790961923,0.6844077803375272,0.6833956790961923,0.0402006507443559,0.1483457292168055,3.2998773444128138,0.0059195886931582,0.0,0.0,0.0,0.0,1.0,0.0003968253968253,2120.0,4976.0,2120.0,15.45872567350652,15.64347843784286,0.0,0.0,0.673980352174907,0.6718138550449376,0.673980352174907,0.6718138550449376,0.0438441640824396,0.1328411584296035,1.7267778218033427,0.0056828289941366,0.0,0.0,0.0,0.0,1.0,0.0003968253968253,False,uniformly different,uniformly different,False,False,False,False,False,,False
step/observed_dt,none,continuous,resource,400.0,398.0,398.0,199.8423789686156,203.7252347193281,0.0,0.0,0.8426688168988932,0.8448145407321042,0.8426688168988932,0.8448145407321042,0.0042285109437622,1.1807741695154697,15.239215914286468,0.0046398927987422,0.0778894472361809,0.0,0.0,0.0,1.0,0.0003968253968253,2120.0,4976.0,2120.0,261.43038217480984,251.07710144711848,0.0,0.0,0.8228622265909439,0.8211637074419418,0.8228622265909439,0.8211637074419418,0.0031795664759655,0.5249921557113371,19.492826760498662,0.0017631130739062,0.0198113207547169,0.0,0.0,0.0,1.0,0.0003968253968253,False,uniformly different,uniformly different,False,False,False,False,False,,False
mem/alloc_end_bytes,none,continuous,resource,400.0,398.0,398.0,,,400.0,398.0,0.8438202499639427,0.8438202499639427,0.8438202499639427,0.8438202499639427,0.0,0.0,0.0,0.0,0.0,1.0,0.0,0.0,1.0,0.0003968253968253,2120.0,4976.0,2120.0,,,2120.0,4976.0,0.8438202499639427,0.8438202499639427,0.8438202499639427,0.8438202499639427,0.0,0.0,0.0,0.0,0.0,1.0,0.0,0.0,1.0,0.0003968253968253,True,uniformly different (deterministic),uniformly different (deterministic),False,False,False,False,False,,False
mem/alloc_start_bytes,none,continuous,resource,400.0,398.0,398.0,,,400.0,398.0,0.8438220846979195,0.8438220846979195,0.8438220846979195,0.8438220846979195,0.0,0.0,0.0,0.0,0.0,1.0,0.0,0.0,1.0,0.0003968253968253,2120.0,4976.0,2120.0,,,2120.0,4976.0,0.8438220846979195,0.8438220846979195,0.8438220846979195,0.8438220846979195,0.0,0.0,0.0,0.0,0.0,1.0,0.0,0.0,1.0,0.0003968253968253,True,uniformly different (deterministic),uniformly different (deterministic),False,False,False,False,False,,False
mem/cuda_peak_absolute,none,continuous,resource,400.0,398.0,398.0,,,400.0,398.0,0.4149538722824023,0.4149538722824023,0.4149538722824023,0.4149538722824023,0.0,0.0,0.0,0.0,0.0,1.0,0.0,0.0,1.0,0.0003968253968253,2120.0,4976.0,2120.0,,,2120.0,4976.0,0.4149538722824023,0.4149538722824023,0.4149538722824023,0.4149538722824023,0.0,0.0,0.0,0.0,0.0,1.0,0.0,0.0,1.0,0.0003968253968253,True,uniformly different (deterministic),uniformly different (deterministic),False,False,False,False,False,,False
overhead/grads_ready/calibration/work,none,sparse,resource,13.0,13.0,13.0,,,13.0,13.0,0.8754576030823261,0.8754576030823261,0.8754576030823261,0.8754576030823261,0.0,0.0,0.0,0.0,0.0,1.0,0.0,0.0,8.0,0.0031746031746031,9.0,19.0,9.0,,,9.0,19.0,0.8754576030823261,0.8754576030823261,0.8754576030823261,0.8754576030823261,0.0,0.0,0.0,0.0,0.0,1.0,0.0,0.0,126.0,0.0499999999999999,True,uniformly different (deterministic),uniformly different (deterministic),False,False,False,False,False,,False
overhead/muon_reference/work,none,sparse,resource,13.0,13.0,13.0,,,13.0,13.0,0.8754576030823261,0.8754576030823261,0.8754576030823261,0.8754576030823261,0.0,0.0,0.0,0.0,0.0,1.0,0.0,0.0,8.0,0.0031746031746031,9.0,19.0,9.0,,,9.0,19.0,0.8754576030823261,0.8754576030823261,0.8754576030823261,0.8754576030823261,0.0,0.0,0.0,0.0,0.0,1.0,0.0,0.0,126.0,0.0499999999999999,True,uniformly different (deterministic),uniformly different (deterministic),False,False,False,False,False,,False
overhead/probe_grad_sketch/work,none,sparse,resource,13.0,13.0,13.0,,,13.0,13.0,1.0869552608229442,1.0869552608229442,1.0869552608229442,1.0869552608229442,0.0,0.0,0.0,0.0,0.0,1.0,0.0,0.0,8.0,0.0031746031746031,9.0,19.0,9.0,,,9.0,19.0,1.0869552608229442,1.0869552608229442,1.0869552608229442,1.0869552608229442,0.0,0.0,0.0,0.0,0.0,1.0,0.0,0.0,126.0,0.0499999999999999,True,uniformly different (deterministic),uniformly different (deterministic),False,False,False,False,False,,False
overhead/theta_snapshot/work,none,sparse,resource,13.0,13.0,13.0,,,13.0,13.0,0.8754576030823261,0.8754576030823261,0.8754576030823261,0.8754576030823261,0.0,0.0,0.0,0.0,0.0,1.0,0.0,0.0,8.0,0.0031746031746031,9.0,19.0,9.0,,,9.0,19.0,0.8754576030823261,0.8754576030823261,0.8754576030823261,0.8754576030823261,0.0,0.0,0.0,0.0,0.0,1.0,0.0,0.0,126.0,0.0499999999999999,True,uniformly different (deterministic),uniformly different (deterministic),False,False,False,False,False,,False
overhead/update_effectiveness/work,none,sparse,resource,12.0,10.0,10.0,,,12.0,10.0,1.0869552608229442,1.0869552608229442,1.0869552608229442,1.0869552608229442,0.0,0.0,0.0,0.0,0.0,1.0,0.0,0.0,8.0,0.0047619047619047,10.0,21.0,10.0,,,10.0,21.0,1.0869552608229442,1.0869552608229442,1.0869552608229442,1.0869552608229442,0.0,0.0,0.0,0.0,0.0,1.0,0.0,0.0,126.0,0.0499999999999999,True,uniformly different (deterministic),uniformly different (deterministic),False,False,False,False,False,,False
