region,n_pts,n_pts_both,step_lo,step_hi,n_abs,medabsz_abs,n_inf_abs,medrel_abs,medabsrel_abs,seedsdrel_abs,medgap_abs,n_prog,medabsz_prog,n_inf_prog,medrel_prog,medabsrel_prog,seedsdrel_prog,medgap_prog,align_dz,align_dz_max,align_drel,sign_flip_frac,metric,arm,tier
warmup,2,1,1,217,2,0.0,0,0.0,0.0,0.0,101.0,1,0.0,0,0.0,0.0,0.0,0.04007936507936508,0.0,0.0,0.0,0.0,attn/n_undefined_queries/b0,none,periodic
post,22,10,433,4969,10,0.0,0,0.0,0.0,0.0,101.0,22,0.0,0,0.0,0.0,0.0,0.040079365079365076,0.0,0.0,0.0,0.0,attn/n_undefined_queries/b0,none,periodic
warmup,2,1,1,217,2,0.0,0,,,,101.0,1,0.0,0,,,,0.04007936507936508,0.0,0.0,,,attn/n_undefined_queries/b1,none,periodic
post,22,10,433,4969,10,0.0,0,,,,101.0,22,0.0,0,,,,0.040079365079365076,0.0,0.0,,,attn/n_undefined_queries/b1,none,periodic
warmup,2,1,1,217,2,0.0,0,,,,101.0,1,0.0,0,,,,0.04007936507936508,0.0,0.0,,,attn/n_undefined_queries/b2,none,periodic
post,22,10,433,4969,10,0.0,0,,,,101.0,22,0.0,0,,,,0.040079365079365076,0.0,0.0,,,attn/n_undefined_queries/b2,none,periodic
warmup,2,1,1,217,2,0.0,0,,,,101.0,1,0.0,0,,,,0.04007936507936508,0.0,0.0,,,attn/n_undefined_queries/b3,none,periodic
post,22,10,433,4969,10,0.0,0,,,,101.0,22,0.0,0,,,,0.040079365079365076,0.0,0.0,,,attn/n_undefined_queries/b3,none,periodic
warmup,2,1,1,217,2,0.9627864249513026,0,0.010107771321987293,0.05990881895442358,0.06587565074013912,101.0,1,0.9295839880505289,0,-0.05794728803704303,0.05794728803704303,0.0623367966552079,0.04007936507936508,0.2828140834936038,0.2828140834936038,0.008146240404606743,0.0,attn/validation_max_abs_err,none,periodic
post,22,10,433,4969,10,11.635909261658195,0,0.492191193057243,0.492191193057243,0.029716700330031202,101.0,22,5.190883737255003,0,0.19942600565635962,0.19942600565635962,0.036817134275380345,0.040079365079365076,5.522418979601277,24.467906299883232,0.10700150270114253,0.0,attn/validation_max_abs_err,none,periodic
warmup,401,401,0,400,401,0.0,0,0.0,0.0,0.0,1.0,401,114078239217597.3,378,-0.0027589666415852657,0.02349066959385291,0.0,0.0003968253968253954,114078239217597.3,423859664679180.4,0.02349066959385291,0.9950124688279302,batch/bos_count,none,continuous
post,4973,2119,401,5373,2119,0.0,0,0.0,0.0,0.0,1.0,4973,163249894052754.62,3556,0.0005042864346949068,0.02142857142857143,0.0,0.0003968253968253954,157349295472550.56,720118885061070.8,0.021014864172219375,0.998112317130722,batch/bos_count,none,continuous
warmup,401,401,0,400,401,0.0,0,0.0,0.0,0.0,1.0,401,356520675830342.44,378,0.0026514699800317242,0.023223655436883806,0.0,0.0003968253968253954,356520675830342.44,1027788181551528.9,0.023223655436883806,0.9975062344139651,batch/mean_segment_length,none,continuous
post,4973,2119,401,5373,2119,0.0,0,0.0,0.0,0.0,1.0,4973,342917498746325.2,4870,-0.0006855643076560854,0.021401244524689618,0.0,0.0003968253968253954,418465082968671.06,752645464306026.1,0.020930068016539776,0.9995280792826805,batch/mean_segment_length,none,continuous
warmup,401,401,0,400,401,0.0,0,0.0,0.0,0.0,1.0,401,0.0,0,0.0,0.0,0.0,0.0003968253968253954,0.0,0.0,0.0,0.0,batch/micro_batches,none,continuous
post,4973,2119,401,5373,2119,0.0,0,0.0,0.0,0.0,1.0,4973,0.0,0,0.0,0.0,0.0,0.0003968253968253954,0.0,0.0,0.0,0.0,batch/micro_batches,none,continuous
warmup,401,401,0,400,401,0.0,0,0.0,0.0,0.0,1.0,401,0.0,352,0.0,0.1,0.0,0.0003968253968253954,0.0,0.0,0.1,0.8778054862842892,batch/segments_per_row_max,none,continuous
post,4973,2119,401,5373,2119,0.0,0,0.0,0.0,0.0,1.0,4973,0.0,4404,0.0,0.0958904109589041,0.0,0.0003968253968253954,0.0,0.0,0.09717868338557673,0.8905143935818782,batch/segments_per_row_max,none,continuous
warmup,401,401,0,400,401,0.0,0,0.0,0.0,0.0,1.0,401,114078239217597.3,378,-0.0027589666415852657,0.02349066959385291,0.0,0.0003968253968253954,114078239217597.3,423859664679180.4,0.02349066959385291,0.9950124688279302,batch/segments_per_row_mean,none,continuous
post,4973,2119,401,5373,2119,0.0,0,0.0,0.0,0.0,1.0,4973,163249894052754.62,3556,0.0005042864346949068,0.02142857142857143,0.0,0.0003968253968253954,157349295472550.56,720118885061070.8,0.021014864172219375,0.998112317130722,batch/segments_per_row_mean,none,continuous
warmup,401,401,0,400,401,0.0,0,0.0,0.0,0.0,1.0,401,0.0,0,0.0,0.0,0.0,0.0003968253968253954,0.0,0.0,0.0,0.0,batch/valid_targets,none,continuous
post,4973,2119,401,5373,2119,0.0,0,0.0,0.0,0.0,1.0,4973,0.0,0,0.0,0.0,0.0,0.0003968253968253954,0.0,0.0,0.0,0.0,batch/valid_targets,none,continuous
warmup,12,10,1,400,12,1.1991156809990133,0,0.027097715189412588,0.4623509521079246,0.4389882457391653,12.0,10,3.448789042462331,0,0.1690712287881452,1.8500800214889428,0.5446891912967339,0.006349206349206349,4.628278630788206,129.11485844911346,1.7450506572142572,0.4,calib/grad_cosine_prev,none,sparse
post,19,9,538,5106,9,2.440553387857104,0,-4.631857791378778,4.940154550158735,2.2718646455583915,126.0,19,0.8594486884242939,0,-0.9561637490660053,2.161280019020482,2.091607464597091,0.04999999999999999,2.0455170095654434,9.166792700028351,3.2643525734263017,0.0,calib/grad_cosine_prev,none,sparse
warmup,13,13,0,400,13,2.9104869114926992,0,0.11925960986012332,0.16111073508113907,0.12489148620417628,8.0,13,6.852272489491058,0,0.1697910758567337,0.2990607671491561,0.09616344308186461,0.0031746031746031746,3.1826546936984217,398.5333316500558,0.29499672943896693,0.3076923076923077,calib/grad_norm,none,sparse
post,19,9,538,5106,9,3.28373504694049,0,0.14033416055991524,0.43984177758731274,0.14023892073991984,126.0,19,0.893734066201928,0,0.16049631280652052,0.17063961203812866,0.16550443766307663,0.04999999999999999,2.661680126282669,42.5053383318065,0.25993153701981975,0.3333333333333333,calib/grad_norm,none,sparse
warmup,12,10,1,270,12,3.8712299017513887,0,0.29957699848183406,0.29957699848183406,0.0958454986091494,8.0,10,5.059415354332121,0,0.46580634666290366,0.6577384633896455,0.12199176716599466,0.004761904761904762,10.36495128040829,2015.7631989234842,0.8585096725641507,0.5,curvature/Hg_norm,native,sparse
post,21,10,401,5376,10,1.8761630678899475,0,-0.3954353918083743,0.3954353918083743,0.22004246681525047,126.0,21,4.791569976774317,0,0.9964847277394873,0.9964847277394873,0.2295687336787405,0.04999999999999999,4.76985522957103,12.042865059654625,1.38046071190725,0.7,curvature/Hg_norm,native,sparse
warmup,12,10,1,270,12,3.87405359571226,0,0.29815706089166283,0.29815706089166283,0.09713774506240233,8.0,10,5.139772285499027,0,0.5105541503635985,0.6619327361873213,0.12339966924863019,0.004761904761904762,10.35093007691556,1856.9937656356628,0.8890425065243577,0.4,curvature/Hg_norm,shadow_fp32,sparse
post,21,10,401,5376,10,1.830789003885966,0,-0.3927152593931196,0.3927152593931196,0.21572845706595617,126.0,21,4.748460809010217,0,0.9482612626453586,0.9482612626453586,0.22676190670916335,0.04999999999999999,4.779402972210711,12.417149976169112,1.3798608291269623,0.7,curvature/Hg_norm,shadow_fp32,sparse
warmup,12,10,1,270,12,0.0,0,0.0,0.0,0.0,8.0,10,0.0,0,0.0,0.0,0.0,0.004761904761904762,0.0,0.0,0.0,0.0,curvature/arith_eps,native,sparse
post,21,10,401,5376,10,0.0,0,0.0,0.0,0.0,126.0,21,0.0,0,0.0,0.0,0.0,0.04999999999999999,0.0,0.0,0.0,0.0,curvature/arith_eps,native,sparse
warmup,12,10,1,270,12,0.0,0,0.0,0.0,0.0,8.0,10,0.0,0,0.0,0.0,0.0,0.004761904761904762,0.0,0.0,0.0,0.0,curvature/arith_eps,shadow_fp32,sparse
post,21,10,401,5376,10,0.0,0,0.0,0.0,0.0,126.0,21,0.0,0,0.0,0.0,0.0,0.04999999999999999,0.0,0.0,0.0,0.0,curvature/arith_eps,shadow_fp32,sparse
warmup,12,10,1,270,12,1.4208167104919491,0,0.14865954234741793,0.4150902227956468,0.2637745634463041,8.0,10,1.3076284079747278,0,-0.04588234935402079,0.6749515924253399,0.62551694853547,0.004761904761904762,2.741388412816378,1163.1068634506605,0.655434099254804,0.7,curvature/c_fd_gradient,native,sparse
post,21,10,401,5376,10,1.2272913390684836,0,-0.27241507330264286,0.27241507330264286,0.21373561274681138,126.0,21,2.948059377248755,0,0.6857012582193899,0.6857012582193899,0.2371801464613228,0.04999999999999999,3.436740486299275,8.759172701270273,1.1530173451268615,0.8,curvature/c_fd_gradient,native,sparse
warmup,12,10,1,270,12,1.8554215610082607,0,0.32823505167906836,0.32823505167906836,0.22669016568592026,8.0,10,1.6948936720246415,0,-0.08917703635377544,0.6839124933983711,0.7651792538152508,0.004761904761904762,3.6001238539458003,573.4689721462822,0.5175047316263238,0.4,curvature/c_fd_gradient,shadow_fp32,sparse
post,21,10,401,5376,10,1.798202338823883,0,-0.2947699315137761,0.2947699315137761,0.2048154311073489,126.0,21,3.008991022926525,0,0.6608165216193943,0.6608165216193943,0.2315497663888535,0.04999999999999999,3.5812338625471156,8.767972776346657,1.136888524791727,0.8,curvature/c_fd_gradient,shadow_fp32,sparse
warmup,12,10,1,270,12,0.07890780674298895,0,0.88345068527102,1.2148154547810786,95.9168203957081,8.0,10,0.08822678608500492,0,0.949911265029379,3.18593666716005,32.749528893569,0.004761904761904762,0.15863886105636033,0.6503973163650733,2.2501509513820777,0.2,curvature/c_fd_random,native,sparse
post,21,10,401,5376,10,0.09991435103767735,0,-1.4663680118582758,7.273716655684382,127.61757389368032,126.0,21,0.2055744813834958,0,0.9728561732056608,5.053671939024693,41.11730099052645,0.04999999999999999,0.27746140719427137,8.169632762527055,23.306350095972675,0.1,curvature/c_fd_random,native,sparse
warmup,12,10,1,270,12,0.25375365885739304,0,0.25,1.306,59.63061570756503,8.0,10,0.7458612653169916,0,-1.2977928287812506,4.589363255855332,11.130064371787586,0.004761904761904762,0.7237911352498954,2.0995030449348198,7.299831623099372,0.5,curvature/c_fd_random,shadow_fp32,sparse
post,21,10,401,5376,10,0.09056769805809373,0,1.01736559599066,1.3331360306017945,19.401609970579536,126.0,21,0.1240524536207127,0,-0.775,6.880047469134429,59.499482415032226,0.04999999999999999,0.37712906713548067,2.492392884847608,1.6456254294647836,0.2,curvature/c_fd_random,shadow_fp32,sparse
warmup,12,10,1,270,12,0.2591655219658574,0,0.7102148661350061,5.895025884844383,9.697639505078824,8.0,10,0.6347988974832657,0,-1.1522274332507787,18.659307941807317,10.509405416202107,0.004761904761904762,0.8292871226070946,25.36800699502526,16.566600498669015,0.2,curvature/c_fd_update,native,sparse
post,21,10,401,5376,10,0.26181623918099456,0,0.522852461606476,5.2296592244125994,48.857879534471714,126.0,21,0.8769153549972062,0,0.24266078398099442,34.55146429540568,48.48879070098859,0.04999999999999999,0.33952573119724777,16.477237430095396,28.371522850365796,0.3,curvature/c_fd_update,native,sparse
warmup,12,10,1,270,12,0.9374039941023714,0,0.91,1.7777777777777777,35.46916588242613,8.0,10,0.399240184563828,0,0.6721389496724853,1.3937015683955933,7.356195632507322,0.004761904761904762,0.4199285731668,1.826397773681872,4.916155627811749,0.1,curvature/c_fd_update,shadow_fp32,sparse
post,21,10,401,5376,10,0.20082076130900198,0,-0.2578964064778957,4.625,19.451030409549524,126.0,21,0.1957295265041745,0,0.9927839071464957,3.0788863109046516,26.52158039604041,0.04999999999999999,1.1963194552766239,21.42918793177524,7.040346171553251,0.4,curvature/c_fd_update,shadow_fp32,sparse
warmup,12,10,1,270,12,0.0,0,0.0,0.0,0.0,8.0,10,0.0,0,0.0,0.0,0.0,0.004761904761904762,0.0,0.0,0.0,0.0,curvature/curv_eps_gradient,native,sparse
post,21,10,401,5376,10,0.0,0,0.0,0.0,0.0,126.0,21,0.0,0,0.0,0.0,0.0,0.04999999999999999,0.0,0.0,0.0,0.0,curvature/curv_eps_gradient,native,sparse
warmup,12,10,1,270,12,0.083489495416371,2,-0.06415722856413211,0.12831445712826428,0.10403008905272088,8.0,10,0.5566551902713159,2,-0.07918028194826818,0.1594249231845128,0.17766258852478803,0.004761904761904762,0.7629654248871631,5.316025532640993,0.2318068767320694,0.2,curvature/curv_eps_gradient,shadow_fp32,sparse
post,21,10,401,5376,10,2.8117450620595754,0,0.25680575416670803,0.25680575416670803,0.1054235367827662,126.0,21,2.2839586816706086,0,-0.25991719550771475,0.25991719550771475,0.12509817020113378,0.04999999999999999,4.210839559495573,8.505623254863838,0.564866215865349,0.9,curvature/curv_eps_gradient,shadow_fp32,sparse
warmup,12,10,1,270,12,1.4596643634472044,0,2.3333333333333335,2.3333333333333335,1.5434702946897587,8.0,10,1.6508079009034673,0,1.1144759098597699,1.1144759098597699,1.3583121392601263,0.004761904761904762,0.5839340644905064,5.158599401669958,1.2128707202564986,0.0,curvature/curv_eps_random,native,sparse
post,21,10,401,5376,10,0.6106035991086691,0,-0.24074074074074078,0.5907407407407408,0.5913043705598089,126.0,21,1.2866647057736578,0,-0.6982409478329203,0.8997039874629984,1.2831416910259565,0.04999999999999999,0.5937991196345803,1.9803590315748643,0.28432676225249875,0.2,curvature/curv_eps_random,native,sparse
warmup,12,10,1,270,12,0.3291698266611175,0,0.0,0.7,1.5306824572885476,8.0,10,0.9433718271507203,0,-0.09500222670262394,0.7973594507657591,1.7526316238626167,0.004761904761904762,0.9766927979703599,10.899171369633196,0.8041296328245069,0.3,curvature/curv_eps_random,shadow_fp32,sparse
post,21,10,401,5376,10,1.6559983828356244,0,2.2464128035320083,2.2464128035320083,1.4990843269260037,126.0,21,0.5197809674907395,0,0.0018220970680795623,0.6666666666666666,1.4194178161573487,0.04999999999999999,0.4669957686393613,5.925601786516221,2.2445907064639283,0.1,curvature/curv_eps_random,shadow_fp32,sparse
warmup,12,10,1,270,12,0.631158185986449,1,0.0,0.7000000000000001,1.2847908467119962,8.0,10,1.082200954168487,0,0.00319569848838394,0.6049584450716559,0.7387032281088965,0.004761904761904762,1.4560269124058416,22.05367280636468,0.7630908413996365,0.3,curvature/curv_eps_update,native,sparse
post,21,10,401,5376,10,0.42193148027287464,0,-0.5968596292092319,0.6763565891472868,1.2514700570988833,126.0,21,0.49422988423216985,0,-0.5079326336343667,0.8995682497509134,1.2840974726443628,0.04999999999999999,0.530972021963243,2.787535120035008,0.2930865669171039,0.3,curvature/curv_eps_update,native,sparse
warmup,12,10,1,270,12,1.0822206735673214,0,0.0,0.8,2.1459910580786037,8.0,10,0.7610771190873422,0,0.18599324563046932,0.7937293971137647,0.8633093299455585,0.004761904761904762,0.8329702796224675,7.3563433506651075,0.9497524506506195,0.2,curvature/curv_eps_update,shadow_fp32,sparse
post,21,10,401,5376,10,1.4135830446806787,0,0.2920454545454549,0.9385149201943098,0.9562881335500859,126.0,21,0.73482386017331,0,0.0006700915791807766,0.9008036739380022,1.2732073354034754,0.04999999999999999,0.5280878600295127,2.818716483003865,0.6212121212121215,0.3,curvature/curv_eps_update,shadow_fp32,sparse
warmup,12,10,1,270,12,2.8532767824783454,0,-0.013211017649420056,0.013211017649420056,0.004971971460754103,8.0,10,41.828681435805194,0,-0.20677156893009468,0.20677156893009468,0.005811507891084661,0.004761904761904762,37.988200442383516,474.6862763638544,0.16783232561890735,0.0,curvature/curv_floor_gradient,native,sparse
post,21,10,401,5376,10,2.6874831535207386,0,-0.030621756088267706,0.033832925862913026,0.012109295168409844,126.0,21,12.3436910319868,0,-0.1646643174887739,0.1646643174887739,0.014651881476372522,0.04999999999999999,11.066538933313302,25.741238031024345,0.18209613332733646,0.4,curvature/curv_floor_gradient,native,sparse
warmup,12,10,1,270,12,2.185368593741984,0,0.14168437242248558,0.2874492131803783,0.20201625467126066,8.0,10,0.8129769725546838,0,-0.034757609269729345,0.36328015723570983,1.0899398056612262,0.004761904761904762,5.0081304609737165,320.71552263144025,0.4866753383811777,0.3,curvature/curv_floor_gradient,shadow_fp32,sparse
post,21,10,401,5376,10,2.04638853350607,0,-0.3795343564953433,0.3795343564953433,0.2124160616529852,126.0,21,2.4670296463105275,0,0.5158837292502205,0.5158837292502205,0.25114528697646316,0.04999999999999999,3.563299655065311,8.326207815295351,0.8885584345830372,0.7,curvature/curv_floor_gradient,shadow_fp32,sparse
warmup,12,10,1,270,12,0.08778431054688599,0,-0.910921725467404,0.9508210236427825,43.64601873817578,8.0,10,0.11767334334668744,0,-0.9580189770267538,0.9580189770267538,5.972916861217687,0.004761904761904762,0.1574710776936027,2.273437598730498,0.08825681296417676,0.2,curvature/curv_floor_random,native,sparse
post,21,10,401,5376,10,0.2508792030108479,0,0.006410459764872752,0.9929659735896468,5.580087643820894,126.0,21,1.695424512290936,0,6.422472674662086,6.422472674662086,5.64647956626377,0.04999999999999999,0.47837022687064107,24.793397643833472,2.2752041012763073,0.1,curvature/curv_floor_random,native,sparse
warmup,12,10,1,270,12,0.18157709234858693,0,-0.0031791705135690183,0.9916189507692845,5.858865913960487,8.0,10,0.5762809625955119,0,-0.7227106067575753,0.7995194649512544,1.2660926294354247,0.004761904761904762,0.7889019446748896,2.7520115378653265,0.4780538184749622,0.1,curvature/curv_floor_random,shadow_fp32,sparse
post,21,10,401,5376,10,1.2862540780693084,0,-0.9780327396239178,0.9889976592558646,1.64863539709087,126.0,21,0.18094837609554756,0,-0.18632158467682863,0.986694603160796,4.72415053814017,0.04999999999999999,1.4985609107698425,3.3747849214472216,0.6926118654891766,0.1,curvature/curv_floor_random,shadow_fp32,sparse
warmup,12,10,1,270,12,0.2886077251993082,0,-0.012899507482108913,0.9901206112588514,3.8087737866564413,8.0,10,0.2722861610694272,0,-0.6921683248092421,0.9063717396104873,2.0252860897041125,0.004761904761904762,0.21645898083338064,8.112147152873376,0.8390305304333143,0.2,curvature/curv_floor_update,native,sparse
post,21,10,401,5376,10,1.2850441803952666,0,0.14688108413149975,1.0024270107066715,3.23683896730034,126.0,21,0.18687733749441235,0,0.4798992714813948,0.9510081296630717,4.762258382127811,0.04999999999999999,0.48360847183106137,20.16439319262745,8.900463963939004,0.3,curvature/curv_floor_update,native,sparse
warmup,12,10,1,270,12,1.0311171600234648,0,-0.3122578831292883,0.99461906770354,5.140045145667452,8.0,10,1.323159792734975,0,-0.8808684321118256,0.9976923052499418,2.6177283347426172,0.004761904761904762,1.0908878232545578,3.164277749424806,3.6816852882425923,0.3,curvature/curv_floor_update,shadow_fp32,sparse
post,21,10,401,5376,10,0.17589331495667174,0,-0.39171184730349834,0.9358962968501794,5.918662799970462,126.0,21,0.2858612720523509,0,-0.23074359925285126,0.9916925023096781,5.818732636674194,0.04999999999999999,0.9604997672066925,18.081114220462513,1.1375472140261267,0.2,curvature/curv_floor_update,shadow_fp32,sparse
warmup,12,10,1,270,12,1.599205092107581,0,0.2908790920627575,0.40347989059743283,0.2667908968717419,8.0,10,1.1624228907150145,0,0.5006787091942799,0.5240106243342074,0.40231320142959903,0.004761904761904762,2.0957101090357013,1384.7887814964188,0.6941136763123772,0.5,curvature/curv_snr_gradient,native,sparse
post,21,10,401,5376,10,1.3645302451237984,0,-0.2733288625280805,0.2733288625280805,0.2076175900699701,126.0,21,4.3835915197607305,0,1.0410521089594624,1.0410521089594624,0.22778735289490712,0.04999999999999999,4.374207052490631,11.117657978773122,1.3846097055090643,0.8,curvature/curv_snr_gradient,native,sparse
warmup,12,10,1,270,12,0.7430982839402165,0,-0.014433929052190002,0.09575087583656422,0.09489579365062581,8.0,10,2.458867514791456,0,0.04799244305733928,0.12457131004001518,0.09758209309614649,0.004761904761904762,2.111429675655396,182.7993163909104,0.07229609106454019,0.2,curvature/curv_snr_gradient,shadow_fp32,sparse
post,21,10,401,5376,10,1.4308031327410664,0,0.061229149066985816,0.08773736370435953,0.05933294107885033,126.0,21,0.878013712849822,0,0.01778789675417531,0.07914052336281979,0.0833820192920023,0.04999999999999999,0.7887481834777514,2.5289827881910214,0.030705621754547635,0.2,curvature/curv_snr_gradient,shadow_fp32,sparse
warmup,12,10,1,270,12,1.0130799258194654,0,0.2996692884595251,0.4357008943748072,0.37586304030654694,8.0,10,4.285918876210579,0,1.0793368807036057,1.0793368807036057,0.29133612148758725,0.004761904761904762,2.972330931643339,30.120994930431817,0.7290177575315719,0.3,curvature/curv_snr_random,native,sparse
post,21,10,401,5376,10,0.8749725629759352,0,0.17302974275098248,0.4340931292486205,0.41037465725270117,126.0,21,1.0828279148801805,0,0.3811619981106017,0.581763949325889,0.4363567390825888,0.04999999999999999,0.47510115275265785,2.1635613974735826,0.20573519922964295,0.0,curvature/curv_snr_random,native,sparse
warmup,12,10,1,270,12,1.1182955346724317,0,-0.23442836220521993,0.4986304548816667,0.48753310850710463,8.0,10,1.5055072641278393,0,0.13108819416169545,0.6039697278710721,0.40683620037859936,0.004761904761904762,0.4085627957061988,5.877738090809044,0.19145507448327184,0.0,curvature/curv_snr_random,shadow_fp32,sparse
post,21,10,401,5376,10,0.9517265613038006,0,-0.0513709020474468,0.42893169953039423,0.33201533397933003,126.0,21,1.0665517438836214,0,0.24407159436143513,0.5115236787642365,0.42149414650413314,0.04999999999999999,0.8573728308711256,4.784202152755056,0.16441150886802713,0.2,curvature/curv_snr_random,shadow_fp32,sparse
warmup,12,10,1,270,12,1.0150490888245314,0,0.3493932225278302,0.46719139438480034,0.49268299847995667,8.0,10,2.3206857032765305,0,1.604040313984806,1.604040313984806,0.38912039604294846,0.004761904761904762,1.8156592059345296,75.50777831916784,1.0467806372814992,0.3,curvature/curv_snr_update,native,sparse
post,21,10,401,5376,10,0.697196157348041,0,-0.1102971783828626,0.2933494749813551,0.4246432890061585,126.0,21,0.6096578814875528,0,0.37051174942930876,0.47270169638437814,0.5395257164247846,0.04999999999999999,0.43383649104450206,1.3956650895547447,0.27286975331956875,0.5,curvature/curv_snr_update,native,sparse
warmup,12,10,1,270,12,0.7317964144030167,0,0.04289031547224046,0.4864702978467851,0.5487828171874196,8.0,10,1.2039732772600744,0,0.4547902425437753,0.5081024613618623,0.4347672048542566,0.004761904761904762,0.4519512186879775,3.184768349720529,0.20690190952935855,0.0,curvature/curv_snr_update,shadow_fp32,sparse
post,21,10,401,5376,10,0.959766081490845,0,-0.08623235912540461,0.33829501813289065,0.28869485899445424,126.0,21,0.7123736464252403,0,0.2126999017321749,0.3311391073279377,0.5322558222721249,0.04999999999999999,0.6056970799809278,3.838468648935361,0.2985029885865238,0.2,curvature/curv_snr_update,shadow_fp32,sparse
warmup,12,10,1,270,12,1.0179270148247295,0,0.07771003100817547,0.14179227517046764,0.14059387388030078,8.0,10,5.375382439655556,0,0.07650454288760289,0.9032490868154051,0.13918083630436096,0.004761904761904762,3.158007419634272,664.664169635079,0.6088809912623118,0.2,curvature/dhd,native,sparse
post,21,10,401,5376,10,5.520656991832077,0,0.2794587467916315,0.5749981799770382,0.10767369963084536,126.0,21,3.625698608200147,0,-0.4588273690038152,0.4588273690038152,0.12432737158899354,0.04999999999999999,7.2356409069023595,630.0486275278175,0.8359426757019021,0.5,curvature/dhd,native,sparse
warmup,12,10,1,270,12,0.7934869208901596,0,0.06794733604006052,0.1242888856352019,0.1369949018500392,8.0,10,5.397310784672795,0,0.07131154808361703,0.906584494049569,0.13862159138816452,0.004761904761904762,3.182365026068018,595.4072354685289,0.6096704163808322,0.2,curvature/dhd,shadow_fp32,sparse
post,21,10,401,5376,10,5.512140172424399,0,0.28401816004270036,0.5774441886268395,0.10933294861234158,126.0,21,3.647837909098386,0,-0.45918784002075846,0.45918784002075846,0.12449104242253674,0.04999999999999999,7.2786011729345095,628.6449312823885,0.8400043883090351,0.5,curvature/dhd,shadow_fp32,sparse
warmup,7,5,17,270,7,0.9482884367335084,0,-0.5737606310933588,0.8905596244394781,0.9967924488033273,24.0,5,0.8281693650841973,0,-0.5081127348723842,0.6641750394059479,0.5897233587616886,0.009523809523809521,0.38441194553344243,13.412708024645568,0.033047520027594146,0.0,curvature/e_curv_gradient,shadow_fp32,sparse
post,21,10,401,5376,10,0.7971644506618311,0,0.16210541886659008,0.3818626328922312,0.8006410056132566,126.0,21,1.156157347151979,0,0.9426711134167336,0.9765254256011922,0.9355663567214201,0.04999999999999999,0.6502128308637702,2.8050616181413712,0.5009609849748596,0.1,curvature/e_curv_gradient,shadow_fp32,sparse
warmup,12,10,1,270,12,1.4927736967825633,0,0.15808395247779516,0.19484042957723477,0.08810308718952448,8.0,10,3.489322515981798,0,0.42615266317569056,0.5215124565990754,0.08567419560213921,0.004761904761904762,3.14391451529723,114.76951271324735,0.40606052839583606,0.3,curvature/e_fd_gradient,shadow_fp32,sparse
post,21,10,401,5376,10,1.2181444708554128,0,-0.15364092670768997,0.3960018307354619,0.30224713598258784,126.0,21,1.7985482807676458,0,-0.5571211171545716,0.5890214496435955,0.3160837795035527,0.04999999999999999,2.2578513883839753,9.45546253194352,0.44790428842889285,0.4,curvature/e_fd_gradient,shadow_fp32,sparse
warmup,1,0,9,9,1,16.02737714668193,0,0.567405655368967,0.567405655368967,0.035402277626344764,4.0,0,,0,,,,,,,,,curvature/e_fd_random,shadow_fp32,sparse
warmup,12,10,1,270,12,0.7925759019486727,0,0.12342416233469972,0.12342416233469972,0.17426405486445373,8.0,10,1.5602241620789354,0,-0.02451500310248197,0.20931483643890003,0.21351653028699982,0.004761904761904762,2.315596714345198,40.2959013760412,0.2359895551887442,0.6,curvature/e_lin_gradient,native,sparse
post,21,10,401,5376,10,0.8602702784823038,0,-0.011852025635689923,0.06817705683331268,0.053938893705327604,126.0,21,1.714985469495499,0,-0.1270124158473545,0.16148159352182165,0.08419134366151382,0.04999999999999999,1.5826344585019232,6.329855026315345,0.13227024733073312,0.3,curvature/e_lin_gradient,native,sparse
warmup,12,10,1,270,12,2.520580764447116,0,0.136901839521804,0.16192704959671872,0.031949269641126106,8.0,10,6.115816168403621,0,0.03823577421335861,0.30084800406229417,0.0364803483021557,0.004761904761904762,4.916088493713633,86.39178429770138,0.17335964286098593,0.4,curvature/e_lin_gradient,shadow_fp32,sparse
post,21,10,401,5376,10,1.5767853137936705,0,0.05863308024123256,0.06833264444865267,0.054476919028946864,126.0,21,0.9557338532805413,0,0.051786548277377976,0.06135079477870053,0.06560232446397446,0.04999999999999999,1.7981719100434683,3.588906190889322,0.12142444461260357,0.3,curvature/e_lin_gradient,shadow_fp32,sparse
warmup,12,10,1,270,12,5.582564890980931,0,0.1326946369896688,0.1326946369896688,0.020692309468351447,8.0,10,5.1761907273421635,0,0.09409613745780901,0.09409613745780901,0.02897157980550105,0.004761904761904762,5.699557908417811,31.67487093056742,0.08428808486776593,0.2,curvature/e_lin_random,native,sparse
post,21,10,401,5376,10,3.040431421337865,0,-0.0927098999586013,0.11492984723207367,0.043296379500689194,126.0,21,4.821578886792571,0,-0.2626024608349396,0.2626024608349396,0.04616658414547882,0.04999999999999999,2.041380722665476,10.197468768371051,0.026167504267861477,0.0,curvature/e_lin_random,native,sparse
warmup,12,10,1,270,12,9.086665982174756,0,0.17109198229530675,0.17109198229530675,0.016747470013602064,8.0,10,5.801021817862344,0,0.19243057001530417,0.2047192854934592,0.021146377904600076,0.004761904761904762,11.97546467994291,31.76200614046301,0.03583390886463046,0.2,curvature/e_lin_random,shadow_fp32,sparse
post,21,10,401,5376,10,3.1435450925248603,0,0.16469034921652426,0.16469034921652426,0.047812967398973144,126.0,21,2.443977115086186,0,0.10004747080200152,0.10004747080200152,0.04054506626856841,0.04999999999999999,5.40462290231203,8.386138922282356,0.05983356473536254,0.1,curvature/e_lin_random,shadow_fp32,sparse
warmup,12,10,1,270,12,3.926579473278191,0,0.21498571295591798,0.21498571295591798,0.054657953883657566,8.0,10,3.4777067776083905,0,0.04113256215968475,0.3672107955078885,0.0724776118412534,0.004761904761904762,5.425182222206503,13.253559533931853,0.26127703195098617,0.4,curvature/e_lin_update,native,sparse
post,21,10,401,5376,10,2.831613054261848,0,0.0055521512272000365,0.11801672139212242,0.04823474597455748,126.0,21,1.9240797075076455,0,-0.13430353205020168,0.1354425902962585,0.06295309236728357,0.04999999999999999,1.714932428828085,5.48923187793288,0.0474692407330673,0.1,curvature/e_lin_update,native,sparse
warmup,12,10,1,270,12,3.4022949083693117,0,0.13546917866771874,0.13546917866771874,0.03258721882732317,8.0,10,2.336990268319183,0,0.0677536011588518,0.12722983473851535,0.02132955457011706,0.004761904761904762,4.079604137367532,17.776643547460363,0.1129694855542924,0.4,curvature/e_lin_update,shadow_fp32,sparse
post,21,10,401,5376,10,4.263806874572003,0,0.19934246929204014,0.19934246929204014,0.0456820940456428,126.0,21,3.8472355509637275,0,0.1820263663464317,0.1820263663464317,0.05385395261366249,0.04999999999999999,2.608879299631524,13.26102293494658,0.06921618884317106,0.1,curvature/e_lin_update,shadow_fp32,sparse
warmup,12,10,1,270,12,3.4857637888508757,0,3.21881387721654,3.21881387721654,1.212338790170073,8.0,10,1.7214292438619287,0,3.1738108702318586,3.1738108702318586,0.8121548236679197,0.004761904761904762,1.9372883651077923,61.1201423468959,1.44572714724577,0.2,curvature/e_sym_gradient,native,sparse
post,21,10,401,5376,10,0.739217575229564,0,1.1747986258640357,1.1747986258640357,1.4755302752550055,126.0,21,0.6131274304193151,0,0.6685041107928962,0.6809389074380834,1.0529672195155126,0.04999999999999999,2.7307430706075846,39.60437243274144,0.5518703139750618,0.2,curvature/e_sym_gradient,native,sparse
warmup,12,10,1,270,12,0.6929521484110215,0,0.22763423213529893,0.8399026018914912,1.072105512630598,8.0,10,0.9909039662331653,0,-0.03887287515832316,0.9848710824006268,0.926639303173376,0.004761904761904762,0.5479982195287703,4.273888656051017,1.0163770032104198,0.1,curvature/e_sym_gradient,shadow_fp32,sparse
post,21,10,401,5376,10,0.837229551818854,0,0.2521799262708041,0.7319899756908681,0.9567955795029583,126.0,21,0.5925033398574976,0,0.05766483627741361,0.9547943152110494,1.6809977530010214,0.04999999999999999,0.6719120724335236,19.284656910091357,1.3069245164026038,0.2,curvature/e_sym_gradient,shadow_fp32,sparse
warmup,12,10,1,270,12,1.1522217902151164,0,-0.13538722156499197,0.8301209695578153,0.9848133549368905,8.0,10,1.3160524607613466,0,-0.4759077489671722,0.7337064740701786,0.6133689391123558,0.004761904761904762,0.9653179751382925,4.281428908889129,0.4021909225620689,0.3,curvature/e_sym_random,native,sparse
post,21,10,401,5376,10,0.6011171360815101,0,1.2069278599793867,1.2069278599793867,1.4874761205892248,126.0,21,0.7250162834624333,0,0.984779198122245,0.984779198122245,1.3668915356868219,0.04999999999999999,0.23460742692802852,2.0429473873165884,0.8970253309130196,0.4,curvature/e_sym_random,native,sparse
warmup,12,10,1,270,12,1.142366205703179,0,1.4821899750897112,1.7491568275348544,1.8551675160268248,8.0,10,0.9706670577176084,0,0.46526810535973456,0.9439519325950164,1.9343237619298266,0.004761904761904762,1.4475333433591349,107.68908808960097,0.7215196928897083,0.0,curvature/e_sym_random,shadow_fp32,sparse
post,21,10,401,5376,10,0.9395168148936162,0,0.46317377861835984,0.9304248552543457,0.9799670441191652,126.0,21,0.4648123392566564,0,3.7809176129748963,3.7809176129748963,1.6474771295519022,0.04999999999999999,0.9138190387322553,9.615285288667094,0.5957109955711033,0.2,curvature/e_sym_random,shadow_fp32,sparse
warmup,12,10,1,270,12,0.9414418819130833,0,-0.6929550836541207,0.9612446412750666,1.3399187485573383,8.0,10,0.7355006043240803,0,-0.5222876352791124,0.923063484014409,1.6221087783941373,0.004761904761904762,0.7477783286821074,16.247525876825588,0.3022917726045055,0.2,curvature/e_sym_update,native,sparse
post,21,10,401,5376,10,0.3650041806915296,0,0.04836969671871827,0.47136020180925153,1.2182360820674343,126.0,21,0.42604597611106065,0,-0.2817126418613624,0.6823580220972313,1.6569270669454104,0.04999999999999999,0.31192736136096255,72.39979041843776,0.3504042921854141,0.2,curvature/e_sym_update,native,sparse
warmup,12,10,1,270,12,0.37761241460917555,0,-0.2805502873221454,0.7067571636763874,1.659610696250778,8.0,10,0.35284083884764494,0,-0.6401900814082648,0.6935150064530753,1.47734752455133,0.004761904761904762,0.2552858172205663,0.848582825670281,0.10710338996140067,0.0,curvature/e_sym_update,shadow_fp32,sparse
post,21,10,401,5376,10,0.21284222510102363,0,-0.19054629745136806,0.5174781086942101,1.8035316684591822,126.0,21,0.5535734325578542,0,0.5038050609767198,0.627533351656521,1.350790531216272,0.04999999999999999,0.9873698906690357,138.6172391000548,0.6126486771685649,0.4,curvature/e_sym_update,shadow_fp32,sparse
warmup,7,5,17,270,7,1.8020052591631452,0,-0.15194223422623052,0.2599367468003074,0.1998843983961865,24.0,5,3.154447945572204,0,0.08466171388984578,0.4808616310661089,0.18308932223118113,0.009523809523809521,2.7590223694706086,9.434855878257133,0.29403102789234875,0.2,curvature/eta_star,native,sparse
post,21,10,401,5376,10,2.4047439003717828,0,0.42746658532390136,0.42746658532390136,0.19788207862604917,126.0,21,1.8272983514243046,0,-0.3973883592860892,0.4389201927799885,0.2539151603302841,0.04999999999999999,2.7784002038946234,9.248009339426327,0.8100037307133361,0.8,curvature/eta_star,native,sparse
warmup,8,6,9,270,8,1.3639989635069467,0,-0.1932751369473398,0.27483723544553873,0.23005898918852827,20.0,6,2.0522320691672924,0,0.05730921139622939,0.5143256308893602,0.4164100518387165,0.007936507936507936,2.9831731484405255,9.507527899886597,0.34426918118143846,0.3333333333333333,curvature/eta_star,shadow_fp32,sparse
post,21,10,401,5376,10,2.260688113306025,0,0.41222633377311885,0.41222633377311885,0.194122072706388,126.0,21,1.820257680704094,0,-0.3994448413103233,0.4238010717539658,0.2682417012888616,0.04999999999999999,2.952988829170134,9.221631845813258,0.8037197065789679,0.8,curvature/eta_star,shadow_fp32,sparse
warmup,12,10,1,270,12,1.208616978243825,0,0.06134906873744786,0.17504935456674325,0.08447616154708934,8.0,10,3.0502820840024434,0,0.03609550739806662,0.34884565292256453,0.10074748780722359,0.004761904761904762,2.1119184022607653,52.305562571365584,0.20141446965264614,0.4,curvature/eta_star_rho,native,sparse
post,21,10,401,5376,10,2.0536290709900293,0,-0.07106741822165086,0.07106741822165086,0.03990035194727501,126.0,21,0.6846419904533186,0,0.015789448627474605,0.0386583542946312,0.06939114046114446,0.04999999999999999,2.36021064363625,5.7222266226753815,0.10970679871508057,0.7,curvature/eta_star_rho,native,sparse
warmup,12,10,1,270,12,1.143010671339428,0,0.059157245521143306,0.16264497362686076,0.08712731840026633,8.0,10,3.0182135942893202,0,0.03574861825111642,0.34216894930941066,0.09948487537029009,0.004761904761904762,2.0093661052745975,51.0164166506018,0.20124492501025992,0.4,curvature/eta_star_rho,shadow_fp32,sparse
post,21,10,401,5376,10,2.0570767327831616,0,-0.06735438545748577,0.06735438545748577,0.039342756458804126,126.0,21,0.6656828635605292,0,0.009701672877436512,0.04333251938896794,0.06866103565439625,0.04999999999999999,2.2916712233413783,5.768666112715565,0.10806158409662348,0.7,curvature/eta_star_rho,shadow_fp32,sparse
warmup,12,10,1,270,12,0.0,0,0.0,0.0,0.0,8.0,10,0.0,0,0.0,0.0,0.0,0.004761904761904762,0.0,0.0,0.0,0.0,curvature/eta_star_rho_threshold,native,sparse
post,21,10,401,5376,10,0.0,0,0.0,0.0,0.0,126.0,21,0.0,0,0.0,0.0,0.0,0.04999999999999999,0.0,0.0,0.0,0.0,curvature/eta_star_rho_threshold,native,sparse
warmup,12,10,1,270,12,0.0,0,0.0,0.0,0.0,8.0,10,0.0,0,0.0,0.0,0.0,0.004761904761904762,0.0,0.0,0.0,0.0,curvature/eta_star_rho_threshold,shadow_fp32,sparse
post,21,10,401,5376,10,0.0,0,0.0,0.0,0.0,126.0,21,0.0,0,0.0,0.0,0.0,0.04999999999999999,0.0,0.0,0.0,0.0,curvature/eta_star_rho_threshold,shadow_fp32,sparse
warmup,12,10,1,270,12,0.0,0,,,,8.0,10,0.0,0,,,,0.004761904761904762,0.0,0.0,,,curvature/fd_conclusive_gradient,native,sparse
post,21,10,401,5376,10,0.0,0,,,,126.0,21,0.0,0,,,,0.04999999999999999,0.0,0.0,,,curvature/fd_conclusive_gradient,native,sparse
warmup,12,10,1,270,12,0.0,0,0.0,0.0,0.0,8.0,10,0.0,0,0.0,0.0,0.0,0.004761904761904762,0.0,0.0,0.0,0.0,curvature/fd_conclusive_gradient,shadow_fp32,sparse
post,21,10,401,5376,10,0.0,0,0.0,0.0,0.0,126.0,21,0.0,0,0.0,0.0,0.0,0.04999999999999999,0.0,0.0,0.0,0.0,curvature/fd_conclusive_gradient,shadow_fp32,sparse
warmup,12,10,1,270,12,0.0,0,,,,8.0,10,0.0,0,,,,0.004761904761904762,0.0,0.0,,,curvature/fd_conclusive_random,native,sparse
post,21,10,401,5376,10,0.0,0,,,,126.0,21,0.0,0,,,,0.04999999999999999,0.0,0.0,,,curvature/fd_conclusive_random,native,sparse
warmup,12,10,1,270,12,0.0,1,-1.0,1.0,0.017958116639513643,8.0,10,0.0,3,-1.0,1.0,0.0,0.004761904761904762,1.1360667950200545,53.449058702192104,0.0,0.3333333333333333,curvature/fd_conclusive_random,shadow_fp32,sparse
post,21,10,401,5376,10,0.0,0,-1.0,1.0,0.5731470650478276,126.0,21,0.0,0,-1.0,1.0,183.85265839790037,0.04999999999999999,0.07437559782379558,819.6205532072153,,,curvature/fd_conclusive_random,shadow_fp32,sparse
warmup,12,10,1,270,12,0.0,0,,,,8.0,10,0.0,0,,,,0.004761904761904762,0.0,0.0,,,curvature/fd_conclusive_update,native,sparse
post,21,10,401,5376,10,0.0,0,,,,126.0,21,0.0,0,,,,0.04999999999999999,0.0,0.0,,,curvature/fd_conclusive_update,native,sparse
warmup,12,10,1,270,12,0.0,0,,,,8.0,10,0.0,0,,,,0.004761904761904762,0.0,0.0,,,curvature/fd_conclusive_update,shadow_fp32,sparse
post,21,10,401,5376,10,0.0,0,,,,126.0,21,0.0,0,,,,0.04999999999999999,0.0,0.0,,,curvature/fd_conclusive_update,shadow_fp32,sparse
warmup,12,10,1,270,12,1.7675592583246291,0,-5.229292015153889e-10,1.44859641530749e-09,4.5246803034073467e-10,8.0,10,2.7946771307929343,0,-4.230683605666761e-10,1.7708972137484731e-09,4.0109488816041264e-10,0.004761904761904762,3.6927401510996796,283.2002171010451,1.8626051838132502e-09,0.5,curvature/fd_cos_gradient,shadow_fp32,sparse
post,21,10,401,5376,10,0.991282347141754,0,5.516223919369097e-08,1.5330338343265455e-07,8.529999008751729e-08,126.0,21,1.2262784835963076,0,1.3567095544578724e-07,1.6300452870469986e-07,1.1165919077392087e-07,0.04999999999999999,1.6633003433641713,16.9246893672436,4.0352113403644183e-07,0.4,curvature/fd_cos_gradient,shadow_fp32,sparse
warmup,1,0,9,9,1,19.5266557500705,0,-7.668901812189929e-07,7.668901812189929e-07,3.9274015532138635e-08,4.0,0,,0,,,,,,,,,curvature/fd_cos_random,shadow_fp32,sparse
warmup,12,10,1,270,12,0.0,0,0.0,0.0,0.0,8.0,10,0.0,0,0.0,0.0,0.0,0.004761904761904762,0.0,0.0,0.0,0.0,curvature/fd_eps_gradient,native,sparse
post,21,10,401,5376,10,0.0,0,0.0,0.0,0.0,126.0,21,0.0,0,0.0,0.0,0.0,0.04999999999999999,0.0,0.0,0.0,0.0,curvature/fd_eps_gradient,native,sparse
warmup,12,10,1,270,12,0.0,0,0.0,0.0,0.0,8.0,10,2.1840841194526517,4,-0.5191248868341967,0.6666666666666666,0.028533159087887967,0.004761904761904762,3.337548357039951,40.88810015999612,0.6646533421187495,0.8,curvature/fd_eps_gradient,shadow_fp32,sparse
post,21,10,401,5376,10,1.8032262105591739,0,1.2250316055625792,1.2250316055625792,0.29742767207565696,126.0,21,1.8257418583505538,1,0.002960125370016144,0.005426739023186974,0.3130495168499705,0.04999999999999999,2.2751982995641344,528.106642921316,1.8801843317972355,0.8,curvature/fd_eps_gradient,shadow_fp32,sparse
warmup,12,10,1,270,12,0.0,0,0.0,0.0,0.0,8.0,10,0.0,0,0.0,0.0,0.027907176516061803,0.004761904761904762,0.0,45.37527327944196,0.0,0.1,curvature/fd_eps_random,native,sparse
post,21,10,401,5376,10,1.0668933851430478,0,-0.807156368221942,0.8821885971418681,1.1320301081107245,126.0,21,0.17689838341875577,0,-0.6663356504468717,0.7,1.6460410090893645,0.04999999999999999,1.3838917026565882,2.307429950388718,1.2375224901077444,0.3,curvature/fd_eps_random,native,sparse
warmup,12,10,1,270,12,0.0,0,0.0,0.0,0.0,8.0,10,0.0,0,0.0,0.0,0.0,0.004761904761904762,0.0,0.0,0.0,0.0,curvature/fd_eps_random,shadow_fp32,sparse
post,21,10,401,5376,10,0.0,0,0.0,0.0,0.0,126.0,21,0.0,0,0.0,0.0,0.0,0.04999999999999999,0.0,0.0,0.0,0.0,curvature/fd_eps_random,shadow_fp32,sparse
warmup,12,10,1,270,12,0.0,1,0.0,0.0,0.29556988867969425,8.0,10,0.21071731536245839,0,0.0,0.07130104887301933,0.24400640984309696,0.004761904761904762,0.03650267163704918,2.4993571083715964,0.005347593582887693,0.4,curvature/fd_eps_update,native,sparse
post,21,10,401,5376,10,1.2565889880339007,0,-0.32323232323232315,0.6933114035087719,0.5353073725986578,126.0,21,0.6339860369971045,0,-0.0118764845605702,0.6993961082531877,1.1041252632559113,0.04999999999999999,1.0129999125282838,3.9954211735354814,0.14045130009152218,0.4,curvature/fd_eps_update,native,sparse
warmup,12,10,1,270,12,0.0,0,0.0,0.0,0.0,8.0,10,0.0,0,0.0,0.0,0.0,0.004761904761904762,0.0,0.0,0.0,0.0,curvature/fd_eps_update,shadow_fp32,sparse
post,21,10,401,5376,10,0.0,0,0.0,0.0,0.0,126.0,21,0.0,0,0.0,0.0,0.0,0.04999999999999999,0.0,0.0,0.0,0.0,curvature/fd_eps_update,shadow_fp32,sparse
warmup,12,10,1,270,12,6.0737245544688285,0,0.12434096110109542,0.12434096110109542,0.021180665669310553,8.0,10,4.487911931402307,0,0.08711816206727772,0.1693700849308089,0.022850190632157635,0.004761904761904762,3.495823657838462,300.50791881366126,0.1572749880325042,0.3,curvature/fd_floor_gradient,native,sparse
post,21,10,401,5376,10,3.0799940965750485,0,-0.16065044199406542,0.16065044199406542,0.045807824703495814,126.0,21,4.188736550512493,0,0.21321813364095377,0.21321813364095377,0.0528911241161579,0.04999999999999999,5.667288669056333,16.851230612974746,0.36844195938884206,0.8,curvature/fd_floor_gradient,native,sparse
warmup,12,10,1,270,12,6.017700717851573,0,0.12420949785925786,0.13991321216341407,0.0213648208065836,8.0,10,19.908172361238513,0,0.8190888830707946,1.0959218284639742,0.15857588164573344,0.004761904761904762,9.090713812631854,6114.881535571888,1.1078115407113232,0.5,curvature/fd_floor_gradient,shadow_fp32,sparse
post,21,10,401,5376,10,2.0299350102889635,0,-0.6707596549443351,0.6707596549443351,0.36556060569916116,126.0,21,1.8743224376732288,0,0.06280505486729242,0.30766495868365146,0.38138044518069125,0.04999999999999999,4.111843505819412,37.41122475135471,0.6453870575346384,0.6,curvature/fd_floor_gradient,shadow_fp32,sparse
warmup,12,10,1,270,12,4.342278662770117,0,0.13942552168643357,0.15582804448232063,0.0489405788208681,8.0,10,2.993809406027619,0,0.09588587983908288,0.18383096576425434,0.2812842322554672,0.004761904761904762,2.835619415822564,301.3343627064429,0.20682686399377892,0.4,curvature/fd_floor_random,native,sparse
post,21,10,401,5376,10,0.3499303588419202,0,0.01460160386518325,0.9353582954742751,2.444466992436961,126.0,21,0.4514097947713875,0,2.35287692190032,2.35287692190032,10.524287762551264,0.04999999999999999,0.615229472937769,7.730801481179206,0.973808986463058,0.2,curvature/fd_floor_random,native,sparse
warmup,12,10,1,270,12,6.016735772687697,0,0.12420038651367848,0.12420038651367848,0.021367094926167347,8.0,10,4.537726408777883,0,0.09659873462007483,0.16936647815104547,0.022829544269573843,0.004761904761904762,3.6033114650260405,289.7193972010181,0.16692964706031943,0.3,curvature/fd_floor_random,shadow_fp32,sparse
post,21,10,401,5376,10,3.164174293402355,0,-0.15946956426822517,0.15946956426822517,0.04548184745299421,126.0,21,4.154721387055092,0,0.20309150931267472,0.20309150931267472,0.0519874248816924,0.04999999999999999,5.785270959426418,16.619981703849696,0.36088300159416,0.8,curvature/fd_floor_random,shadow_fp32,sparse
warmup,12,10,1,270,12,1.215435539355207,0,0.1558191038656354,0.1558191038656354,0.3858929342341902,8.0,10,2.1360745580478384,0,0.5325593672639916,0.7002389200173904,0.6091744821783296,0.004761904761904762,2.2064832599629107,304.82275710999676,0.8162731121515479,0.3,curvature/fd_floor_update,native,sparse
post,21,10,401,5376,10,0.7162270945242976,0,0.29500100312346644,0.7213618235764288,1.9007103338365847,126.0,21,0.47771073976960987,0,0.4425128359333605,0.5705021248137512,1.4458817297717503,0.04999999999999999,0.5122799021561557,17.200601538155162,0.4753547035466965,0.3,curvature/fd_floor_update,native,sparse
warmup,12,10,1,270,12,6.016737974518877,0,0.12420038134829293,0.12420038134829293,0.02136708903602727,8.0,10,4.537725285757583,0,0.09659862491119123,0.16936646100441172,0.022829539320428013,0.004761904761904762,3.603313512034415,289.7193919455911,0.1669296907980138,0.3,curvature/fd_floor_update,shadow_fp32,sparse
post,21,10,401,5376,10,3.1641750788515473,0,-0.15946949451975376,0.15946949451975376,0.045481884660929825,126.0,21,4.154701731696465,0,0.20309152442474784,0.20309152442474784,0.051987432385004036,0.04999999999999999,5.785276387372002,16.619977066800626,0.36088305043990226,0.8,curvature/fd_floor_update,shadow_fp32,sparse
warmup,12,10,1,270,12,0.640411500927645,0,-0.007391484689531028,0.06614982093212522,0.0696022415505226,8.0,10,2.9710882807429226,0,0.1560487261196224,0.42773609284505454,0.08931965015281611,0.004761904761904762,3.6328462601168408,324.4584389181033,0.385046891235925,0.6,curvature/fd_snr_gradient,native,sparse
post,21,10,401,5376,10,1.3967439290176216,0,-0.13352394523895667,0.1504027358039653,0.12532354854583727,126.0,21,2.495503434794343,0,0.3541518509552374,0.3541518509552374,0.1418910863483839,0.04999999999999999,3.948091265492095,6.541716204807928,0.6900187669230685,0.7,curvature/fd_snr_gradient,native,sparse
warmup,12,10,1,270,12,0.5775234237782304,0,-0.032441894859513806,0.05762092827231728,0.06919661159359419,8.0,10,5.330771704695113,0,-0.12865221635451918,0.4414181917871994,0.10150924547760787,0.004761904761904762,4.961591865326918,33.196492916834295,0.5323946346949231,0.4,curvature/fd_snr_gradient,shadow_fp32,sparse
post,21,10,401,5376,10,1.239080053689063,0,0.5316368110114399,0.628862119273851,0.3427787478945822,126.0,21,1.881690872821855,0,0.7169689799110057,0.7169689799110057,0.3775839753992019,0.04999999999999999,2.9228640805576926,50.70194419928262,0.8581924114480501,0.5,curvature/fd_snr_gradient,shadow_fp32,sparse
warmup,12,10,1,270,12,1.1525540209845226,0,0.053397372723692396,0.09536175453096565,0.0700633859437313,8.0,10,5.118584744922222,0,0.8301479855167836,0.8301479855167836,0.08763299123556834,0.004761904761904762,5.0875709014544155,31.229773778060007,0.7186337719010537,0.4,curvature/fd_snr_random,native,sparse
post,21,10,401,5376,10,1.789848878017673,0,-0.018084469484249847,0.06323189121462787,0.0377419361815037,126.0,21,0.8108834526661113,0,0.004532658135439232,0.038537198364600775,0.04752495347869532,0.04999999999999999,2.0552635167022135,6.036972219033564,0.07055439591757881,0.1,curvature/fd_snr_random,native,sparse
warmup,12,10,1,270,12,3.219076673792337,0,-0.2092089858206974,0.2092089858206974,0.06571979525077404,8.0,10,6.095504202084561,0,-0.06806982389142888,0.3442110438471438,0.07538897750945184,0.004761904761904762,5.627573481930711,28.406008463120735,0.35966050042674313,0.4,curvature/fd_snr_random,shadow_fp32,sparse
post,21,10,401,5376,10,8.893199747105328,0,-0.31602499010670837,0.31602499010670837,0.04835441135393145,126.0,21,2.308916044028397,0,-0.02197310731025441,0.14441047859587666,0.051303859454699285,0.04999999999999999,3.063645132537814,15.34191381016872,0.1798529046504038,0.2,curvature/fd_snr_random,shadow_fp32,sparse
warmup,12,10,1,270,12,0.5253171663190412,0,0.035193085560212486,0.11296458429294495,0.1004823823926839,8.0,10,2.974855418092195,0,0.40315126652373084,0.40315126652373084,0.10849944929252331,0.004761904761904762,2.4938674721703804,26.758079485519218,0.34613593459529945,0.3,curvature/fd_snr_update,native,sparse
post,21,10,401,5376,10,1.9121584063642199,0,0.04143323336160052,0.06253585080951256,0.035188170045773626,126.0,21,0.9098923882247723,0,-0.008527362407094006,0.04417812028417907,0.048477122545192125,0.04999999999999999,2.5653093414332977,6.137224489759644,0.1106218982384816,0.3,curvature/fd_snr_update,native,sparse
warmup,12,10,1,270,12,1.3537633117010233,0,-0.07960314854318541,0.11216585701618478,0.10950762925831026,8.0,10,2.4427716707993166,0,0.12400591169131797,0.2941660930097504,0.09986799580954744,0.004761904761904762,1.7818180091901379,31.900863582669487,0.3301806895877143,0.7,curvature/fd_snr_update,shadow_fp32,sparse
post,21,10,401,5376,10,2.01556297744093,0,-0.1483819390234787,0.1688481555327146,0.09238729974182217,126.0,21,3.141313491367698,0,-0.3261379706267122,0.3261379706267122,0.10972954068793642,0.04999999999999999,1.1031315331266867,4.732168011408653,0.0959170312742553,0.2,curvature/fd_snr_update,shadow_fp32,sparse
warmup,12,10,1,270,12,2.700175135218444,0,0.6290390761159177,0.6290390761159177,0.2636681519582409,8.0,10,2.2067848648773754,0,-0.01984350408961027,0.8494154633923592,0.8028524021560839,0.004761904761904762,6.7743593762871175,10958.7499957057,1.0250957669027185,0.4,curvature/gHg,native,sparse
post,21,10,401,5376,10,1.891701330611398,0,-0.5076636052986908,0.5076636052986908,0.3142682978604805,126.0,21,4.433648211960167,0,1.3834944904391386,1.3834944904391386,0.3039713740181459,0.04999999999999999,4.424536349394494,12.762363734388984,1.9145594413138913,0.8,curvature/gHg,native,sparse
warmup,12,10,1,270,12,2.496724765281443,0,0.6117572620446938,0.6117572620446938,0.26038539438427366,8.0,10,2.2219737249105203,0,0.013626089379080802,0.8559703363905119,0.792770032640249,0.004761904761904762,6.7924038751936955,9575.57118708182,1.0271183514827245,0.4,curvature/gHg,shadow_fp32,sparse
post,21,10,401,5376,10,1.858661206235419,0,-0.5052134585130681,0.5052134585130681,0.32540681852756603,126.0,21,4.865076320389879,0,1.3566164012485376,1.3566164012485376,0.3033134205894287,0.04999999999999999,4.470625731327209,13.430886620808913,1.8309260596871315,0.7,curvature/gHg,shadow_fp32,sparse
warmup,12,10,1,270,12,6.385174471511386,0,0.26319409650378695,0.26319409650378695,0.04244693688728049,8.0,10,4.208501676513851,0,0.19923666881100593,0.36890478399416027,0.0556760761391746,0.004761904761904762,3.8398970769973273,525.2151031111471,0.3439877639554651,0.3,curvature/gg,native,sparse
post,21,10,401,5376,10,2.907092628902025,0,-0.2994625710763163,0.2994625710763163,0.09690298638598208,126.0,21,4.4259922729026675,0,0.4527395401311005,0.4527395401311005,0.09951393979798774,0.04999999999999999,5.794570479362905,16.236659192108526,0.7464711051471522,0.8,curvature/gg,native,sparse
warmup,12,10,1,270,12,6.4192545924212405,0,0.2638295757353147,0.2638295757353147,0.04236031778998284,8.0,10,4.27414708941964,0,0.20593886786868726,0.36952313238583395,0.05555923632647462,0.004761904761904762,3.8912753566393667,500.2379204167554,0.35223169122744413,0.3,curvature/gg,shadow_fp32,sparse
post,21,10,401,5376,10,2.846490680318839,0,-0.29351840531225254,0.29351840531225254,0.095379629454075,126.0,21,4.551028399448178,0,0.44728255666316363,0.44728255666316363,0.09842127002596196,0.04999999999999999,5.815396531698148,16.401625053826432,0.7447979357163383,0.8,curvature/gg,shadow_fp32,sparse
warmup,12,10,1,270,12,0.0,0,0.0,0.0,0.0,8.0,10,0.0,0,0.0,0.0,0.0,0.004761904761904762,0.0,0.0,0.0,0.0,curvature/native_verdict_code,native,sparse
post,21,10,401,5376,10,0.0,0,0.0,0.0,0.0,126.0,21,0.0,0,0.0,0.0,0.0,0.04999999999999999,0.0,0.0,0.0,0.0,curvature/native_verdict_code,native,sparse
warmup,12,10,1,270,12,0.0,2,0.0,0.0,0.0,8.0,10,0.0,1,0.0,0.0,0.0,0.004761904761904762,0.0,0.0,0.0,0.0,curvature/shadow_verdict_code,shadow_fp32,sparse
post,21,10,401,5376,10,0.0,0,0.0,0.0,0.0,126.0,21,0.0,0,0.0,0.0,0.0,0.04999999999999999,0.0,0.0,0.0,0.0,curvature/shadow_verdict_code,shadow_fp32,sparse
warmup,12,10,1,270,12,0.0,0,0.0,0.0,0.0,8.0,10,0.0,0,0.0,0.0,0.0,0.004761904761904762,0.0,0.0,0.0,0.0,curvature/verdict_code_gradient,native,sparse
post,21,10,401,5376,10,0.0,0,0.0,0.0,0.0,126.0,21,0.0,0,0.0,0.0,0.0,0.04999999999999999,0.0,0.0,0.0,0.0,curvature/verdict_code_gradient,native,sparse
warmup,12,10,1,270,12,0.0,2,0.5,0.5,0.0,8.0,10,0.0,2,-0.5,1.0,0.0,0.004761904761904762,0.0,0.7767394027104528,0.0,0.0,curvature/verdict_code_gradient,shadow_fp32,sparse
post,21,10,401,5376,10,0.0,0,,,,126.0,21,0.0,0,,,,0.04999999999999999,0.0,0.0,,,curvature/verdict_code_gradient,shadow_fp32,sparse
warmup,12,10,1,270,12,0.0,0,0.0,0.0,0.0,8.0,10,0.0,0,0.0,0.0,0.0,0.004761904761904762,0.0,0.0,0.0,0.0,curvature/verdict_code_random,native,sparse
post,21,10,401,5376,10,0.0,0,0.0,0.0,0.0,126.0,21,0.0,0,0.0,0.0,0.0,0.04999999999999999,0.0,0.0,0.0,0.0,curvature/verdict_code_random,native,sparse
warmup,12,10,1,270,12,0.0,0,0.0,0.0,0.0,8.0,10,0.0,0,0.0,0.0,0.0,0.004761904761904762,0.0,0.0,0.0,0.0,curvature/verdict_code_random,shadow_fp32,sparse
post,21,10,401,5376,10,0.0,0,0.0,0.0,0.0,126.0,21,0.0,0,0.0,0.0,0.0,0.04999999999999999,0.0,0.0,0.0,0.0,curvature/verdict_code_random,shadow_fp32,sparse
warmup,12,10,1,270,12,0.0,0,0.0,0.0,0.0,8.0,10,0.0,0,0.0,0.0,0.0,0.004761904761904762,0.0,0.0,0.0,0.0,curvature/verdict_code_update,native,sparse
post,21,10,401,5376,10,0.0,0,0.0,0.0,0.0,126.0,21,0.0,0,0.0,0.0,0.0,0.04999999999999999,0.0,0.0,0.0,0.0,curvature/verdict_code_update,native,sparse
warmup,12,10,1,270,12,0.0,0,0.0,0.0,0.0,8.0,10,0.0,0,0.0,0.0,0.0,0.004761904761904762,0.0,0.0,0.0,0.0,curvature/verdict_code_update,shadow_fp32,sparse
post,21,10,401,5376,10,0.0,0,0.0,0.0,0.0,126.0,21,0.0,0,0.0,0.0,0.0,0.04999999999999999,0.0,0.0,0.0,0.0,curvature/verdict_code_update,shadow_fp32,sparse
warmup,12,10,1,270,12,1.8668909201846593,0,0.32665164085823095,0.32665164085823095,0.22753560148291999,8.0,10,2.2897255702973354,0,-0.12223799418054959,0.6777845046243112,0.5769616857264845,0.004761904761904762,4.8806657293964415,1865.9862728478274,0.5467652845039606,0.4,curvature/vhv_gradient,native,sparse
post,21,10,401,5376,10,1.9173214616488898,0,-0.3183999829319014,0.3183999829319014,0.2092808811267306,126.0,21,3.003688023781782,0,0.6601725296009435,0.6601725296009435,0.2291115610530822,0.04999999999999999,3.6538133267841704,8.593483209132112,1.1314656455510022,0.8,curvature/vhv_gradient,native,sparse
warmup,12,10,1,270,12,1.844427215884915,0,0.3294513931418729,0.3294513931418729,0.22742076143116863,8.0,10,2.2536956104726675,0,-0.08885673739122586,0.6833437756283827,0.5762968166740128,0.004761904761904762,4.985229677342877,1681.739177115611,0.5999750905860364,0.4,curvature/vhv_gradient,shadow_fp32,sparse
post,21,10,401,5376,10,1.8123156793453863,0,-0.2975969363808755,0.2975969363808755,0.2047476539357829,126.0,21,2.9631870513713814,0,0.6651149874348223,0.6651149874348223,0.22998111394081996,0.04999999999999999,3.597895827608719,8.800983780998585,1.1369235910506514,0.8,curvature/vhv_gradient,shadow_fp32,sparse
warmup,12,10,1,270,12,4.063881105343916,0,-0.46643853951911957,0.46643853951911957,0.13352817289609642,8.0,10,5.686244829121957,0,-0.2792030982678717,0.9662589241013348,0.13496232493274168,0.004761904761904762,2.9857827193683883,42.86334017952127,0.32054251457986893,0.2,curvature/vhv_random,native,sparse
post,21,10,401,5376,10,3.09413293696189,0,-0.6107765327643798,0.6107765327643798,0.20600060883254803,126.0,21,0.8793610581908019,0,-0.18141839101171348,0.19813564736149836,0.2027138459731564,0.04999999999999999,1.8962961438368047,14.961055011496615,0.26983369991229217,0.1,curvature/vhv_random,native,sparse
warmup,12,10,1,270,12,4.009662873201254,0,-0.45683601881808056,0.45683601881808056,0.13869557818066103,8.0,10,5.632128235494859,0,-0.27230092466313505,0.9632665526842793,0.136198702651057,0.004761904761904762,2.837152440724428,40.34752334275868,0.3201700279153223,0.2,curvature/vhv_random,shadow_fp32,sparse
post,21,10,401,5376,10,3.0084846038270543,0,-0.6133502971638602,0.6133502971638602,0.20912593941494145,126.0,21,0.8687102365233107,0,-0.17681928696582314,0.2034142575823301,0.2010632367027773,0.04999999999999999,1.8570380364339623,15.467816780967235,0.268744291457485,0.1,curvature/vhv_random,shadow_fp32,sparse
warmup,12,10,1,270,12,0.7912704762838005,0,-0.0009045912346763231,0.09791304097186818,0.13496953137816425,8.0,10,5.420268440495834,0,-0.3539639187798941,0.7561130311887354,0.1241069001917534,0.004761904761904762,6.884753637746103,166.10500991165324,0.833465652841654,0.7,curvature/vhv_update,native,sparse
post,21,10,401,5376,10,2.7792568170603316,0,-0.3143101546811028,0.3143101546811028,0.1017519511105358,126.0,21,3.990532552033649,0,-0.5401686136581153,0.5401686136581153,0.12454789210764493,0.04999999999999999,1.298399347229915,2.716474713123041,0.15338320284444026,0.0,curvature/vhv_update,native,sparse
warmup,12,10,1,270,12,0.6814351700428374,0,-0.0010165493634922262,0.09941993857600141,0.13457319403753176,8.0,10,5.468097421147825,0,-0.35396413313065234,0.7554123040696405,0.12330273728870338,0.004761904761904762,6.908391148868565,145.18815229908873,0.8347216874450194,0.6,curvature/vhv_update,shadow_fp32,sparse
post,21,10,401,5376,10,2.7351100271780227,0,-0.3136249030584345,0.3136249030584345,0.10443693065949086,126.0,21,4.066558209637717,0,-0.5418073556570688,0.5418073556570688,0.12397395909591222,0.04999999999999999,1.365879729457164,2.700521013792356,0.1540523989739548,0.0,curvature/vhv_update,shadow_fp32,sparse
warmup,14,14,0,400,14,0.0,0,0.0,0.0,0.0,12.0,14,0.0,0,0.0,0.0,0.0,0.004761904761904762,0.0,0.0,0.0,0.0,grad/finite,none,continuous
post,42,19,432,5184,19,0.0,0,0.0,0.0,0.0,74.0,42,0.0,0,0.0,0.0,0.0,0.0220238095238095,0.0,0.0,0.0,0.0,grad/finite,none,continuous
warmup,2,2,0,216,2,0.19935052888535626,0,-0.039606815998225076,0.039606815998225076,0.320606222496856,101.0,2,1.232569808660144,0,0.4611392718672321,0.47623731487465787,0.42574940479443757,0.04007936507936508,1.3995338694084134,2.799067738816827,0.5007460878654572,0.5,grad/max_abs,none,periodic
post,22,10,432,4968,10,1.8057843408128271,0,-0.33110438703364087,0.45011368184610895,0.2316981303549926,101.0,22,1.268999509559506,0,-0.3069582978909212,0.3069582978909212,0.22816946382776088,0.040079365079365076,0.9920521766997812,6.214893863813588,0.1936123658397485,0.2,grad/max_abs,none,periodic
warmup,2,2,0,216,2,0.0,0,,,,101.0,2,0.0,0,,,,0.04007936507936508,0.0,0.0,,,grad/nonfinite,none,periodic
post,22,10,432,4968,10,0.0,0,,,,101.0,22,0.0,0,,,,0.040079365079365076,0.0,0.0,,,grad/nonfinite,none,periodic
warmup,2,2,0,216,2,0.7800684683373807,0,-0.23278550558023928,0.23278550558023928,0.1492083804363947,101.0,2,0.5565247576767608,0,0.30779715348592657,0.30779715348592657,0.27653500517285207,0.04007936507936508,1.3365932260141415,2.673186452028283,0.5405826590661659,1.0,grad/norm,none,periodic
post,22,10,432,4968,10,3.7132428549382093,0,-0.22106302714875548,0.2824996105264254,0.07458574403228,101.0,22,4.81985604436364,0,-0.41200156078484407,0.41200156078484407,0.08026334614101063,0.040079365079365076,4.673772788794195,9.268143183766796,0.23568556793851994,0.3,grad/norm,none,periodic
warmup,2,2,0,216,2,1.7990792080172047,0,-0.4490202245861558,0.4490202245861558,0.12479167748290208,101.0,2,0.30922559886883955,0,-0.15011437683407308,0.15011437683407308,0.24272630950218532,0.04007936507936508,1.4898536091483652,2.9797072182967304,0.29890584775208273,0.0,grad/rms,none,periodic
post,22,10,432,4968,10,7.610328687172392,0,-0.4602493461939822,0.4602493461939822,0.057430882795408575,101.0,22,7.4477719252592705,0,-0.5413997834357036,0.5413997834357036,0.07270227527640148,0.040079365079365076,2.862492540951484,5.549317874207896,0.10373644130141604,0.0,grad/rms,none,periodic
warmup,2,2,0,216,2,2.6396629752158924,0,-0.003308784738734424,0.0033812517282215213,0.04705714804283004,101.0,2,3.1506738106002556,0,0.11019714312286658,0.11019714312286658,0.10078388674884094,0.04007936507936508,0.5821055144284828,1.1642110288569656,0.113505927861601,0.5,grad/zero_fraction,none,periodic
post,22,10,432,4968,10,3.4903695174843996,0,-0.11966457624236902,0.129299203740363,0.029652995950988165,101.0,22,2.419409359630163,0,0.1622782959810704,0.1622782959810704,0.051107330651447604,0.040079365079365076,8.83998158299481,25.602688652028206,0.3203483676156872,0.6,grad/zero_fraction,none,periodic
warmup,401,401,0,400,401,0.0,0,0.0,0.0,0.0,1.0,401,0.0,0,0.0,0.0,0.0,0.0003968253968253954,0.0,0.0,0.0,0.0,loss/finite,none,continuous
post,4973,2119,401,5373,2119,0.0,0,0.0,0.0,0.0,1.0,4973,0.0,0,0.0,0.0,0.0,0.0003968253968253954,0.0,0.0,0.0,0.0,loss/finite,none,continuous
warmup,401,401,0,400,401,3.6393672941716417,0,-0.027723587159038655,0.027723587159038655,0.005061708930457787,1.0,401,16.52047699958361,0,-0.18370567494589696,0.18370567494589696,0.010915871143697221,0.0003968253968253954,12.978143317422953,845.4983100275523,0.15597599253184555,0.0,loss/train_mean,none,continuous
post,4973,2119,401,5373,2119,28.589474219383394,0,-0.010771008106952173,0.014644646748793228,0.0005622740273505057,1.0,4973,133.50173248900506,0,-0.07969656489106094,0.07969656489106094,0.000557584849481026,0.0003968253968253954,59.36197487882234,629.6820922290152,0.07819279374577566,0.38744690891930156,loss/train_mean,none,continuous
warmup,400,398,1,400,400,,400,0.8438202499639427,0.8438202499639427,0.0,1.0,398,,398,0.8438202499639427,0.8438202499639427,0.0,0.0003968253968253954,,,0.0,0.0,mem/alloc_end_bytes,none,continuous
post,4976,2120,401,5376,2120,,2120,0.8438202499639427,0.8438202499639427,0.0,1.0,4976,6677549141971652.0,4943,0.8438202499639427,0.8438202499639427,0.0,0.0003968253968253954,,,0.0,0.0,mem/alloc_end_bytes,none,continuous
warmup,400,398,1,400,400,,400,0.8438220846979195,0.8438220846979195,0.0,1.0,398,7310645962677057.0,397,0.8438220846979195,0.8438220846979195,0.0,0.0003968253968253954,,,0.0,0.0,mem/alloc_start_bytes,none,continuous
post,4976,2120,401,5376,2120,,2120,0.8438220846979195,0.8438220846979195,0.0,1.0,4976,,4976,0.8438220846979195,0.8438220846979195,0.0,0.0003968253968253954,,,0.0,0.0,mem/alloc_start_bytes,none,continuous
warmup,400,398,1,400,400,,400,0.4149538722824023,0.4149538722824023,0.0,1.0,398,,398,0.4149538722824023,0.4149538722824023,0.0,0.0003968253968253954,,,0.0,0.0,mem/cuda_peak_absolute,none,continuous
post,4976,2120,401,5376,2120,,2120,0.4149538722824023,0.4149538722824023,0.0,1.0,4976,,4976,0.4149538722824023,0.4149538722824023,0.0,0.0003968253968253954,,,0.0,0.0,mem/cuda_peak_absolute,none,continuous
warmup,2,2,0,216,2,1.8458371134962654,0,0.005748816811791565,0.005748816811791565,0.0015572383851635012,101.0,2,1.8172876944103806,0,0.05248865638632696,0.05248865638632696,0.014441482366213048,0.04007936507936508,0.02854941908588482,0.05709883817176964,0.0467398395745354,0.0,muon/cautious_mask_fraction,none,periodic
post,22,10,432,4968,10,52.19284558380189,0,-0.04684174926443477,0.04684174926443477,0.00091622895099713,101.0,22,15.397418264932277,0,0.013875367299929258,0.016439260179870456,0.0011664959118792984,0.040079365079365076,78.98280108424034,387.1616065164,0.09867966032180217,0.9,muon/cautious_mask_fraction,none,periodic
warmup,1,1,216,216,1,7.367723085610292,0,0.02450546947606064,0.02450546947606064,0.0033260573438110936,101.0,1,3.2497068864134953,0,0.16426309827271884,0.16426309827271884,0.050547050553844286,0.04007936507936508,4.118016199196797,4.118016199196797,0.1397576287966582,0.0,muon/cos_data_decay,none,periodic
post,22,10,432,4968,10,28.596497501593184,0,-0.06989694798544015,0.06989694798544015,0.002159807400410844,101.0,22,13.927433885003639,0,0.026891450870527467,0.029773217792382657,0.0023263705363560407,0.040079365079365076,67.40684766344503,250.02161945727295,0.15062148341180587,0.9,muon/cos_data_decay,none,periodic
warmup,2,2,0,216,2,3.151141111562488,0,-0.00957985786419202,0.07336899055689237,0.03433500702260444,101.0,2,4.158871755825691,0,0.17524142950050628,0.25819027792159066,0.0751721847107223,0.04007936507936508,1.0077306442632028,2.0154612885264056,0.1848212873646983,0.0,muon/cos_nesterov_final,none,periodic
post,22,10,432,4968,10,3.3470003222655693,0,-0.05797248693157676,0.05797248693157676,0.025161997661770574,101.0,22,0.7108935619160195,0,-0.010440134966121757,0.022144755253946637,0.030823333349689327,0.040079365079365076,4.101077103748477,21.090451734471678,0.12345583183594559,0.2,muon/cos_nesterov_final,none,periodic
warmup,2,2,0,216,2,2.5438447496265324,0,-0.041585069549987225,0.041585069549987225,0.037054106411040885,101.0,2,3.3041717108186193,0,0.04240858177666834,0.12535743027890064,0.06318196098621333,0.04007936507936508,0.7641560417069405,1.528312083413881,0.08399365132665557,0.5,muon/cos_raw_final,none,periodic
post,22,10,432,4968,10,8.001126390478753,0,-0.2816951506791652,0.2816951506791652,0.027527683100045344,101.0,22,2.6687702922155596,0,-0.06771770402620866,0.06771770402620866,0.03304478306320188,0.040079365079365076,5.549632441198851,205.11550196276488,0.27535878106390893,0.0,muon/cos_raw_final,none,periodic
warmup,2,2,0,216,2,0.9790769500134823,0,-0.048322556490912244,0.048322556490912244,0.024677609094079327,101.0,2,0.9907362420779003,0,-0.11072712391684543,0.11072712391684543,0.05588123216559346,0.04007936507936508,0.01165929206441807,0.02331858412883614,0.062404567425933186,0.0,muon/cos_raw_momentum,none,periodic
post,22,10,432,4968,10,2.936182664184499,0,-0.13628815286130358,0.13628815286130358,0.046948797410772625,101.0,22,1.85621820171374,0,-0.11108351172803865,0.11663657704426639,0.05661745872484854,0.040079365079365076,1.482550461144022,9.98807752292361,0.10013560723715112,0.2,muon/cos_raw_momentum,none,periodic
warmup,2,2,0,216,2,1.1951269792128838,0,-0.014656587389013933,0.014656587389013933,0.006131811783994274,101.0,2,0.9864400697817322,0,-0.032911228330111515,0.032911228330111515,0.016681818459277437,0.04007936507936508,0.20868690943115165,0.4173738188623033,0.018254640941097584,0.0,muon/cos_raw_nesterov,none,periodic
post,22,10,432,4968,10,3.0652956559985682,0,-0.06263557302758854,0.07420748607119193,0.013605430872817379,101.0,22,3.229432979191973,0,-0.06059459643217118,0.06059459643217118,0.018347962719240836,0.040079365079365076,4.047362644924714,18.413879434988978,0.06442738347499549,0.4,muon/cos_raw_nesterov,none,periodic
warmup,2,2,0,216,2,6189257.017849645,0,0.15470053513052534,0.15470053513052534,1.249750452149372e-08,101.0,2,8184696.97712452,0,0.15470054694424448,0.15470054694424448,9.450597094591185e-09,0.04007936507936508,1995439.959274875,3990879.91854975,1.1813719141828827e-08,0.0,muon/data_norm,none,periodic
post,22,10,432,4968,10,63697266.49931616,0,0.6695453062182122,0.6695453062182122,7.218252312246169e-09,101.0,22,17578774.004461296,0,0.15481719117565615,0.15481719117565615,8.808150661467811e-09,0.040079365079365076,51350371.194896564,1483854488.244946,0.514844749630989,0.0,muon/data_norm,none,periodic
warmup,2,2,0,216,2,2344.602300918512,0,-0.4228948516564398,0.4228948516564398,0.01615456829187003,101.0,2,2352.757753652629,0,-0.38474221021782906,0.38474221021782906,0.005533942333723506,0.04007936507936508,8.15545273411711,16.31090546823422,0.038152641438610774,0.0,muon/decay_norm,none,periodic
post,22,10,432,4968,10,266.7912056860324,0,1.2366295115099852,1.2366295115099852,0.0037859034343898776,101.0,22,50.638890915097065,0,-0.19966427797683212,0.19966427797683212,0.00380014269454451,0.040079365079365076,302.9179592974706,80357.03262547596,1.3785075870769896,0.9,muon/decay_norm,none,periodic
warmup,2,2,0,216,2,1.4104344650959397,0,-0.13109932968094007,0.13109932968094007,0.046474803659885926,101.0,2,2.343783944179735,0,-0.4730580210847142,0.4730580210847142,0.10091758292385447,0.04007936507936508,0.9333494790837953,1.8666989581675906,0.3419586914037741,0.0,muon/factored_scale_dispersion,none,periodic
post,22,10,432,4968,10,1.8164167296837563,0,0.05080749302622427,0.09320589755921754,0.06833832395449185,101.0,22,2.0949973539784326,0,-0.12184226955774294,0.14084365848056027,0.0682052715641002,0.040079365079365076,2.796724592670275,67.74488376623495,0.2550450720221945,0.5,muon/factored_scale_dispersion,none,periodic
warmup,2,2,0,216,2,0.0,0,0.0,0.0,0.0,101.0,2,0.0,0,0.0,0.0,0.0,0.04007936507936508,0.0,0.0,0.0,0.0,muon/norm_degenerate,none,periodic
post,22,10,432,4968,10,0.0,0,,,,101.0,22,0.0,0,,,,0.040079365079365076,0.0,0.0,,,muon/norm_degenerate,none,periodic
warmup,2,2,0,216,2,0.2889390698549523,1,0.010927675662940173,0.16562821404219177,0.3055244307974051,101.0,2,1.327519820401552,1,0.144482521492467,0.2991830598717186,0.16710318540855548,0.04007936507936508,1.0385807505465996,1.0385807505465996,0.1335548458295268,0.0,muon/norm_deviation,none,periodic
post,22,10,432,4968,10,1.278816444370992,0,0.739336127590003,0.739336127590003,0.5911760283323773,101.0,22,1.4831459421516633,0,0.8386102004834382,0.8386102004834382,0.6093814986475565,0.040079365079365076,0.8079495952788336,2.2066201291152057,0.04686581568522841,0.1,muon/norm_deviation,none,periodic
warmup,2,2,0,216,2,0.6766855449226269,0,0.01092056746946669,0.01092056746946669,0.008069159708971884,101.0,2,1.3194192384394978,0,-0.0773201389054293,0.0773201389054293,0.029300822912388825,0.04007936507936508,1.9961047833621248,3.9922095667242496,0.08824070637489599,0.5,muon/polar_residual,none,periodic
post,22,10,432,4968,10,7.456257489710371,0,0.044224855802506666,0.044224855802506666,0.005965675239608732,101.0,22,3.6675182506948234,0,0.028096662828637722,0.03142821623376348,0.008053097784468914,0.040079365079365076,5.458346251009439,20.92024418452017,0.03381860654461064,0.1,muon/polar_residual,none,periodic
warmup,12,10,1,270,12,2.4581374225707457,0,-0.07663705984100697,0.07663705984100697,0.02452384869063806,8.0,10,12.504420715042846,0,-0.175291998786283,0.3683258094689119,0.04409694354802035,0.004761904761904762,9.666207041856865,233.02225305035802,0.221069503084817,0.2,muon/replay_update_relerr,none,sparse
post,21,10,401,5376,10,27.479073210249773,0,0.14855552102665026,0.21347983207342724,0.008745868348909742,126.0,21,7.438878667466803,0,-0.1264903541033184,0.1264903541033184,0.012849843162244235,0.04999999999999999,28.288732508236468,155.94615346182087,0.3299550040859278,0.6,muon/replay_update_relerr,none,sparse
warmup,2,2,0,216,2,,2,0.1547005383792516,0.1547005383792516,0.0,101.0,2,,2,0.1547005383792516,0.1547005383792516,0.0,0.04007936507936508,,,0.0,0.0,muon/u_final_norm_analytic,none,periodic
post,22,10,432,4968,10,,10,0.1547005383792516,0.1547005383792516,0.0,101.0,22,,22,0.1547005383792516,0.1547005383792516,0.0,0.040079365079365076,,,0.0,0.0,muon/u_final_norm_analytic,none,periodic
warmup,2,2,0,216,2,8829482.159303006,0,0.1547005461092651,0.1547005461092651,8.760454085422663e-09,101.0,2,9119607.017703708,0,0.15470056393399856,0.15470056393399856,8.481756046816573e-09,0.04007936507936508,290124.8584007025,580249.716801405,1.782473346700897e-08,0.0,muon/u_final_norm_observed,none,periodic
post,22,10,432,4968,10,26112095.731275186,0,0.1547005609444177,0.1547005609444177,5.9332916116400454e-09,101.0,22,17326490.692793112,0,0.1547005596846034,0.1547005596846034,8.931544972598975e-09,0.040079365079365076,15518015.68445841,191545854.2320406,5.564219793252612e-09,0.0,muon/u_final_norm_observed,none,periodic
warmup,2,2,0,216,2,1.2088361775498626,0,0.008091145684295923,0.0316053784486196,0.16942145657880525,101.0,2,1.1620403138256339,0,-0.0060234937375955545,0.01749073902672813,0.21582623867567816,0.04007936507936508,0.046795863724228684,0.09359172744845737,0.014114639421891478,0.0,noise/b_noise,none,periodic
post,22,10,432,4968,10,1.6048264921851514,0,-0.3771580846709971,0.7272704426664652,0.23561738888455838,101.0,22,1.556703314959186,0,0.04690169626980477,0.337117873561404,0.2572928233800036,0.040079365079365076,1.0646494174289767,9.831726402178226,0.36825432663025415,0.3,noise/b_noise,none,periodic
warmup,2,2,0,216,2,0.9700405040544515,0,-0.20897576200613957,0.20897576200613957,0.10771496712389295,101.0,2,1.131132991373193,0,0.6196476048486113,0.6196476048486113,0.27390572531014257,0.04007936507936508,2.1011734954276444,4.202346990855289,0.8286233668547508,1.0,noise/mean_grad_norm,none,periodic
post,22,10,432,4968,10,5.342011067733226,0,-0.2970502211726711,0.2970502211726711,0.057494766947972176,101.0,22,5.199932923485168,0,-0.37078324859337747,0.37078324859337747,0.0672027078446061,0.040079365079365076,1.5088274495721796,8.174860636260709,0.12585293637631875,0.0,noise/mean_grad_norm,none,periodic
warmup,2,2,0,216,2,203.5841191338932,0,0.11183200755594186,0.22130537146043117,0.038106362641038526,101.0,2,205.60910441356222,0,0.5378494363279468,0.5378494363279468,0.06789119683537533,0.04007936507936508,3.477048120775182,6.954096241550364,0.426017428772005,0.5,noise/row_trace,none,periodic
post,22,10,432,4968,10,2.3535416465285204,0,-0.3139569652824451,0.3139569652824451,0.1398632915182365,101.0,22,4.576020307076259,0,0.5100252213905233,0.5100252213905233,0.13860083350568964,0.040079365079365076,4.609740472919419,7.966201615027682,0.625414582411056,0.7,noise/row_trace,none,periodic
warmup,2,2,0,216,2,203.5841191338932,0,0.11183200755594186,0.22130537146043117,0.038106362641038526,101.0,2,205.60910441356222,0,0.5378494363279468,0.5378494363279468,0.06789119683537533,0.04007936507936508,3.477048120775182,6.954096241550364,0.426017428772005,0.5,noise/s2,none,periodic
post,22,10,432,4968,10,2.3535416465285204,0,-0.3139569652824451,0.3139569652824451,0.1398632915182365,101.0,22,4.576020307076259,0,0.5100252213905233,0.5100252213905233,0.13860083350568964,0.040079365079365076,4.609740472919419,7.966201615027682,0.625414582411056,0.7,noise/s2,none,periodic
warmup,2,2,0,216,2,17.655343864897446,0,0.0893020504848655,0.27654534318151386,0.2718764590298322,101.0,2,18.037096593710523,0,0.4593218985070978,0.4593218985070978,0.25320850133421086,0.04007936507936508,0.7328637148072321,1.4657274296144642,0.3700198480222323,0.5,noise/signal_raw,none,periodic
post,22,10,432,4968,10,2.2018685065445487,0,0.06767964740213528,0.5558928092108674,0.36012407173286554,101.0,22,1.1069575729742902,0,0.3445571324870065,0.46493680493487655,0.39142557720851834,0.040079365079365076,1.5182477146379547,68.60780773419846,0.6634715527946657,0.2,noise/signal_raw,none,periodic
warmup,1,1,216,216,1,0.27737148953875485,0,-0.09539472888731827,0.09539472888731827,0.3439240602772534,101.0,1,1.8796042106740558,0,-0.8812770979563856,0.8812770979563856,0.4688631217953836,0.04007936507936508,1.602232721135301,1.602232721135301,0.7858823690690674,0.0,optim/adamw_m_norm,none,periodic
post,22,10,432,4968,10,2.1134288289353607,0,-0.4326228149783788,0.47129514200411815,0.21712399302298016,101.0,22,1.8389238053365087,0,-0.4163568558769982,0.4163568558769982,0.24146849183680008,0.040079365079365076,0.9044948131381955,4.657955129855833,0.1382662330827088,0.2,optim/adamw_m_norm,none,periodic
warmup,1,1,216,216,1,0.5930298597848542,0,-0.27049184814853006,0.27049184814853006,0.45611842925862456,101.0,1,1.760685054013809,0,-0.9179701198117531,0.9179701198117531,0.521370995749109,0.04007936507936508,1.1676551942289548,1.1676551942289548,0.647478271663223,0.0,optim/adamw_m_rms,none,periodic
post,22,10,432,4968,10,1.7116847456290998,0,-0.5510680770363143,0.6417435181047821,0.33355955266329185,101.0,22,1.319748832332737,0,-0.6004518188410033,0.6232458377821627,0.43406674631529885,0.040079365079365076,0.7169605969738342,2.910747538863194,0.1744605585214472,0.2,optim/adamw_m_rms,none,periodic
warmup,1,1,216,216,1,0.07401284398818841,0,0.04904219637043963,0.04904219637043963,0.6626173746041456,101.0,1,3.042435188417083,0,-0.9166795374686071,0.9166795374686071,0.30129796715424423,0.04007936507936508,3.1164480324052715,3.1164480324052715,0.9657217338390467,1.0,optim/adamw_v_norm,none,periodic
post,22,10,432,4968,10,3.330278692087448,0,-0.6901249457432553,0.6901249457432553,0.1663474669184623,101.0,22,4.074936876916472,0,-0.8784008075776146,0.8784008075776146,0.22824300141627096,0.040079365079365076,1.996351465528619,7.118792775087773,0.19985360979744982,0.1,optim/adamw_v_norm,none,periodic
warmup,1,1,216,216,1,0.03110107798464777,0,0.020541372492381738,0.020541372492381738,0.660471399175342,101.0,1,3.0530866677454336,0,-0.9199041552533497,0.9199041552533497,0.30130299443240416,0.04007936507936508,3.0841877457300813,3.0841877457300813,0.9404455277457314,1.0,optim/adamw_v_rms,none,periodic
post,22,10,432,4968,10,2.996644893603194,0,-0.6639180368776875,0.6639180368776875,0.18981505762798312,101.0,22,3.7023314445805267,0,-0.877840111268245,0.877840111268245,0.24029339293270258,0.040079365079365076,2.884136599665034,20.631146905366972,0.22490249725335726,0.1,optim/adamw_v_rms,none,periodic
warmup,401,401,0,400,401,0.0,0,0.0,0.0,0.0,1.0,401,0.0,0,0.0,0.0,0.0,0.0003968253968253954,0.0,0.0,0.0,0.0,optim/beta1,none,continuous
post,4973,2119,401,5373,2119,0.0,0,0.0,0.0,0.0,1.0,4973,0.0,0,0.0,0.0,0.0,0.0003968253968253954,0.0,0.0,0.0,0.0,optim/beta1,none,continuous
warmup,401,401,0,400,401,0.0,0,0.0,0.0,0.0,1.0,401,0.0,0,0.0,0.0,0.0,0.0003968253968253954,0.0,0.0,0.0,0.0,optim/beta2,none,continuous
post,4973,2119,401,5373,2119,0.0,0,0.0,0.0,0.0,1.0,4973,0.0,0,0.0,0.0,0.0,0.0003968253968253954,0.0,0.0,0.0,0.0,optim/beta2,none,continuous
warmup,401,401,0,400,401,0.0,0,0.0,0.0,0.0,1.0,401,0.0,0,0.0,0.0,0.0,0.0003968253968253954,0.0,0.0,0.0,0.0,optim/eps,none,continuous
post,4973,2119,401,5373,2119,0.0,0,0.0,0.0,0.0,1.0,4973,0.0,0,0.0,0.0,0.0,0.0003968253968253954,0.0,0.0,0.0,0.0,optim/eps,none,continuous
warmup,401,401,0,400,401,0.0,0,0.0,0.0,0.0,1.0,401,0.0,72,0.0,0.0,0.0,0.0003968253968253954,0.0,8217409606758413.0,0.0,0.20698254364089774,optim/lr,none,continuous
post,4973,2119,401,5373,2119,0.0,1446,0.5042703645881162,0.5042703645881162,0.0,1.0,4973,0.0,3083,9.68170955211568e-05,9.68170955211568e-05,0.0,0.0003968253968253954,0.0,3863553755688774.0,0.5042703645881162,0.4714487966021708,optim/lr,none,continuous
warmup,401,401,0,400,401,0.0,0,0.0,0.0,0.0,1.0,401,0.0,72,0.0,0.0,0.0,0.0003968253968253954,0.0,8217409606758413.0,0.0,0.20698254364089774,optim/lr_eff,none,continuous
post,4973,2119,401,5373,2119,0.0,1446,0.5042703645881162,0.5042703645881162,0.0,1.0,4973,0.0,3083,9.68170955211568e-05,9.68170955211568e-05,0.0,0.0003968253968253954,0.0,3863553755688774.0,0.5042703645881162,0.4714487966021708,optim/lr_eff,none,continuous
warmup,401,401,0,400,401,0.0,0,0.0,0.0,0.0,1.0,401,254868094834616.7,257,0.03629893238434163,0.03629893238434163,0.0,0.0003968253968253954,254868094834616.7,512304130171345.7,0.03629893238434163,0.9975062344139651,optim/momentum,none,continuous
post,4973,2119,401,5373,2119,28231422312477.5,1096,0.026130198915009045,0.026130198915009045,0.0,1.0,4973,10882096492.07871,2480,3.605556421558852e-06,3.605556421558852e-06,0.0,0.0003968253968253954,193058709430714.3,511322270567595.7,0.03609993824790968,0.6852288815479,optim/momentum,none,continuous
warmup,1,1,216,216,1,1.7020547998954223,0,-0.19125030867008894,0.19125030867008894,0.11236436610727207,101.0,1,0.8920457686065218,0,0.13767019657635635,0.13767019657635635,0.1543308666677642,0.04007936507936508,2.5941005685019443,2.5941005685019443,0.3289205052464453,1.0,optim/muon_momentum_norm,none,periodic
post,22,10,432,4968,10,19.75886430488983,0,-0.5570854245089193,0.5570854245089193,0.02617415416679582,101.0,22,11.336812111223338,0,-0.3415814693094109,0.3415814693094109,0.02965933526904853,0.040079365079365076,10.972843744917855,48.94661201652004,0.27897802762483814,0.0,optim/muon_momentum_norm,none,periodic
warmup,1,1,216,216,1,3.086034534087361,0,-0.3986107533366488,0.3986107533366488,0.1291660054136532,101.0,1,0.9806632686921865,0,-0.17769304296865768,0.17769304296865768,0.1811967967410764,0.04007936507936508,2.1053712653951746,2.1053712653951746,0.22091771036799113,0.0,optim/muon_momentum_rms,none,periodic
post,22,10,432,4968,10,39.70418646234471,0,-0.6471232303706241,0.6471232303706241,0.017343799226152055,101.0,22,20.132136459055697,0,-0.4690348545398648,0.4690348545398648,0.022343576438235896,0.040079365079365076,15.292647955395438,42.184589337336504,0.2525117568577746,0.0,optim/muon_momentum_rms,none,periodic
warmup,1,1,216,216,1,,1,-0.2500000223517411,0.2500000223517411,0.0,101.0,1,,1,-0.2499801557203089,0.2499801557203089,0.0,0.04007936507936508,,,1.986663143221934e-05,0.0,optim/muon_second_momentum_mean,none,periodic
post,22,10,432,4968,10,,10,-0.2500000223517411,0.2500000223517411,0.0,101.0,22,,22,-0.2500000223517411,0.2500000223517411,0.0,0.040079365079365076,,,0.0,0.0,optim/muon_second_momentum_mean,none,periodic
warmup,1,1,216,216,1,687.0320989367074,0,-0.133689326436981,0.133689326436981,0.00019458963655975717,101.0,1,122.54499833444464,0,-0.13812354345974862,0.13812354345974862,0.0011271250996534978,0.04007936507936508,564.4871006022627,564.4871006022627,0.004434217022767611,0.0,optim/muon_second_momentum_norm,none,periodic
post,22,10,432,4968,10,2682.376198564423,0,-0.13382861139855487,0.13382861139855487,5.3152152902825786e-05,101.0,22,2115.6330705064074,0,-0.13408691409611606,0.13408691409611606,6.380168966544186e-05,0.040079365079365076,937.4198274447836,5637.025445211158,0.0002791135420626145,0.0,optim/muon_second_momentum_norm,none,periodic
warmup,1,1,216,216,1,1283.535153113351,0,-0.249752960956863,0.249752960956863,0.00019458209644750328,101.0,1,224.99354309545578,0,-0.25359307506397555,0.25359307506397555,0.0011271126787686797,0.04007936507936508,1058.5416100178952,1058.5416100178952,0.0038401141071125466,0.0,optim/muon_second_momentum_rms,none,periodic
post,22,10,432,4968,10,5009.453680547319,0,-0.24987358906240703,0.24987358906240703,5.314345821398452e-05,101.0,22,3947.2339100226945,0,-0.25009726626314943,0.25009726626314943,6.379660713463504e-05,0.040079365079365076,1754.242901951658,10553.923558378216,0.0002417006532327015,0.0,optim/muon_second_momentum_rms,none,periodic
warmup,401,401,0,400,401,0.0,0,0.0,0.0,0.0,1.0,401,0.0,0,0.0,0.0,0.0,0.0003968253968253954,0.0,0.0,0.0,0.0,optim/ns_steps,none,continuous
post,4973,2119,401,5373,2119,0.0,0,0.0,0.0,0.0,1.0,4973,0.0,0,0.0,0.0,0.0,0.0003968253968253954,0.0,0.0,0.0,0.0,optim/ns_steps,none,continuous
warmup,401,401,0,400,401,0.0,0,0.0,0.0,1.2929865381496213e-16,1.0,401,0.0,0,0.0,0.0,1.2929865381496213e-16,0.0003968253968253954,0.0,0.0,0.0,0.0,optim/weight_decay,none,continuous
post,4973,2119,401,5373,2119,0.0,614,0.0,0.0,1.2929865381496213e-16,1.0,4973,0.0,1269,0.0,0.0,1.2929865381496213e-16,0.0003968253968253954,0.0,1.2670703739094101e+20,0.0,0.32987258140632375,optim/weight_decay,none,continuous
warmup,2,1,1,217,2,0.6491118922092152,0,0.14240077316480038,0.14240077316480038,0.22855327666950623,101.0,1,0.7078916322870925,0,0.21016865305033033,0.21016865305033033,0.29689382310016393,0.04007936507936508,0.30550600140718553,0.30550600140718553,0.004878188267640082,0.0,overhead/attention,none,periodic
post,22,10,433,4969,10,0.4765664611657845,0,0.11689182553443021,0.11689182553443021,0.23510753976251114,101.0,22,0.5950456034874322,0,0.1618287326370092,0.1618287326370092,0.2615129600557803,0.040079365079365076,0.1970776161045383,6.659336597576499,0.017974707496032458,0.1,overhead/attention,none,periodic
warmup,2,1,1,217,2,,2,1.0869552608229442,1.0869552608229442,0.0,101.0,1,,1,1.0869552608229442,1.0869552608229442,0.0,0.04007936507936508,,,0.0,0.0,overhead/attention/work,none,periodic
post,22,10,433,4969,10,,10,1.0869552608229442,1.0869552608229442,0.0,101.0,22,,22,1.0869552608229442,1.0869552608229442,0.0,0.040079365079365076,,,0.0,0.0,overhead/attention/work,none,periodic
warmup,401,401,0,400,401,0.2612577629408261,0,-0.017875544649190667,0.06431250069964514,0.27749264242539096,1.0,401,0.29772635382536294,0,-0.03354288448244136,0.0797934552153507,0.2841470652609336,0.0003968253968253954,0.2638136954763445,278834.0415926409,0.056223816208504016,0.24438902743142144,overhead/grads_ready,none,continuous
post,4973,2119,401,5373,2119,0.18714623316741125,0,-0.025362722178930572,0.05936903473646824,0.31567720961748263,1.0,4973,0.2450891554606466,0,7.257297576311694e-05,0.0745682837655498,0.30880352924032745,0.0003968253968253954,0.22414743533392392,48254.59683510245,0.061733831384645624,0.25058990089664934,overhead/grads_ready,none,continuous
warmup,13,13,0,400,13,5.584438301029339,0,0.7676064074196758,0.7676064074196758,0.13465707215134803,8.0,13,5.52238929734764,0,0.7617983027865207,0.7617983027865207,0.1377629756851,0.0031746031746031746,0.9004683110164535,5.831902464499786,0.0974161712439362,0.0,overhead/grads_ready/calibration,none,sparse
post,19,9,538,5106,9,6.913788730582007,0,0.9413260520822018,0.9413260520822018,0.11629681416474844,126.0,19,6.345801122320554,0,0.6644704338572994,0.6644704338572994,0.12081472509208721,0.04999999999999999,1.1073925567807272,2.7351660506463187,0.1099819522527632,0.0,overhead/grads_ready/calibration,none,sparse
warmup,13,13,0,400,13,,13,0.8754576030823261,0.8754576030823261,0.0,8.0,13,,13,0.8754576030823261,0.8754576030823261,0.0,0.0031746031746031746,,,0.0,0.0,overhead/grads_ready/calibration/work,none,sparse
post,19,9,538,5106,9,,9,0.8754576030823261,0.8754576030823261,0.0,126.0,19,,19,0.8754576030823261,0.8754576030823261,0.0,0.04999999999999999,,,0.0,0.0,overhead/grads_ready/calibration/work,none,sparse
warmup,2,2,0,216,2,5.958905860453065,0,0.8156559992938344,0.8156559992938344,0.1265430911839283,101.0,2,4.962735403486854,0,0.9117839445725268,0.9117839445725268,0.16806767954581445,0.04007936507936508,0.9961704569662109,1.9923409139324217,0.0961279452786924,0.0,overhead/grads_ready/periodic_scan,none,periodic
post,22,10,432,4968,10,3.828597699065222,0,0.40793052080307823,0.40793052080307823,0.1040164690912174,101.0,22,3.2764081202520225,0,0.4925442757683497,0.4925442757683497,0.11404240283495666,0.040079365079365076,0.8849474882995381,4.252094749445905,0.1119459946915016,0.0,overhead/grads_ready/periodic_scan,none,periodic
warmup,2,2,0,216,2,,2,0.8754576030823261,0.8754576030823261,0.0,101.0,2,,2,0.8754576030823261,0.8754576030823261,0.0,0.04007936507936508,,,0.0,0.0,overhead/grads_ready/periodic_scan/work,none,periodic
post,22,10,432,4968,10,,10,0.8754576030823261,0.8754576030823261,0.0,101.0,22,,22,0.8754576030823261,0.8754576030823261,0.0,0.040079365079365076,,,0.0,0.0,overhead/grads_ready/periodic_scan/work,none,periodic
post,3,0,1345,4032,1,4.456032944847947,0,0.7879841699760295,0.7879841699760295,0.17683535551214777,629.0,2,9.511787278522236,0,0.7803693488326167,0.7803693488326167,0.5974433228820232,0.2498015873015873,,,,,overhead/lineage_checkpoint,none,sparse
warmup,401,401,0,400,401,3.1697091401718773,0,3.3440003949707062,3.3440003949707062,1.0354366150082899,1.0,401,3.140198668496491,0,3.3436397948890173,3.3436397948890173,1.0519608551923303,0.0003968253968253954,0.2253530354213722,1.9385028985161101,0.18194813080699523,0.0,overhead/microbatch_cpu_launch,none,continuous
post,4973,2119,401,5373,2119,3.1087397534214047,0,3.1445828053078215,3.1445828053078215,0.9966197304395722,1.0,4973,3.0622690566839594,0,3.069886196175423,3.069886196175423,0.995779878269642,0.0003968253968253954,0.2491668703155776,3.2340610500957387,0.22003340237680602,0.0,overhead/microbatch_cpu_launch,none,continuous
warmup,401,401,0,400,401,0.0,0,0.0,0.0,0.0,1.0,401,0.0,0,0.0,0.0,0.0,0.0003968253968253954,0.0,0.0,0.0,0.0,overhead/microbatch_cpu_launch/work,none,continuous
post,4973,2119,401,5373,2119,0.0,0,0.0,0.0,0.0,1.0,4973,0.0,0,0.0,0.0,0.0,0.0003968253968253954,0.0,0.0,0.0,0.0,overhead/microbatch_cpu_launch/work,none,continuous
warmup,13,13,0,400,13,60.14711276592845,0,0.9372014697746439,0.9372014697746439,0.016160337146775654,8.0,13,59.65027076077339,0,0.9330799304045593,0.9330799304045593,0.015671595025140043,0.0031746031746031746,13.65951326276506,207.0501778476211,0.008353473947067425,0.0,overhead/muon_reference,none,sparse
post,19,9,538,5106,9,43.30865523488239,0,0.9052013358639779,0.9052013358639779,0.02117965018720775,126.0,19,47.51321359757363,0,0.9360179745195017,0.9360179745195017,0.01977437623629809,0.04999999999999999,19.472204655509252,153.25940075649555,0.06803407286950203,0.1111111111111111,overhead/muon_reference,none,sparse
warmup,13,13,0,400,13,,13,0.8754576030823261,0.8754576030823261,0.0,8.0,13,,13,0.8754576030823261,0.8754576030823261,0.0,0.0031746031746031746,,,0.0,0.0,overhead/muon_reference/work,none,sparse
post,19,9,538,5106,9,,9,0.8754576030823261,0.8754576030823261,0.0,126.0,19,,19,0.8754576030823261,0.8754576030823261,0.0,0.04999999999999999,,,0.0,0.0,overhead/muon_reference/work,none,sparse
warmup,2,2,0,216,2,9.255257429453403,0,0.640666292265728,0.640666292265728,0.08901426986630946,101.0,2,6.991881170093942,0,0.6437895699732765,0.6437895699732765,0.10089044190386551,0.04007936507936508,2.263376259359461,4.526752518718922,0.003123277707548444,0.0,overhead/noise,none,periodic
post,22,10,432,4968,10,8.884678342251963,0,0.6015734209017021,0.6015734209017021,0.06733180927765268,101.0,22,8.900881449215555,0,0.6104693866428874,0.6104693866428874,0.06780145955047603,0.040079365079365076,2.471741638605627,50.688198909743164,0.00845637914097258,0.0,overhead/noise,none,periodic
warmup,2,2,0,216,2,,2,1.0869552608229442,1.0869552608229442,0.0,101.0,2,,2,1.0869552608229442,1.0869552608229442,0.0,0.04007936507936508,,,0.0,0.0,overhead/noise/work,none,periodic
post,22,10,432,4968,10,,10,1.0869552608229442,1.0869552608229442,0.0,101.0,22,,22,1.0869552608229442,1.0869552608229442,0.0,0.040079365079365076,,,0.0,0.0,overhead/noise/work,none,periodic
warmup,13,13,0,400,13,3.5093386514213565,0,0.5257461503473143,0.5257461503473143,0.14913761644814946,8.0,13,3.8132639645002357,0,0.5243041913738233,0.5243041913738233,0.13765951926668774,0.0031746031746031746,0.8814555879015087,4.354025207795759,0.03040245467326863,0.07692307692307693,overhead/probe_grad_sketch,none,sparse
post,19,9,538,5106,9,2.975447618148279,0,0.49420759145735377,0.49420759145735377,0.16609520814381393,126.0,19,3.1708179045461273,0,0.5436877300341801,0.5436877300341801,0.16760117848362566,0.04999999999999999,0.0313605711624243,0.29976487063503754,0.015886043677715733,0.0,overhead/probe_grad_sketch,none,sparse
warmup,13,13,0,400,13,,13,1.0869552608229442,1.0869552608229442,0.0,8.0,13,,13,1.0869552608229442,1.0869552608229442,0.0,0.0031746031746031746,,,0.0,0.0,overhead/probe_grad_sketch/work,none,sparse
post,19,9,538,5106,9,,9,1.0869552608229442,1.0869552608229442,0.0,126.0,19,,19,1.0869552608229442,1.0869552608229442,0.0,0.04999999999999999,,,0.0,0.0,overhead/probe_grad_sketch/work,none,sparse
warmup,2,1,1,217,2,31.193580994039397,0,0.6082836975854768,0.6082836975854768,0.027652162266547944,101.0,1,11.24119696490871,0,0.3982455331771482,0.3982455331771482,0.035427324547407074,0.04007936507936508,37.40984319265684,37.40984319265684,0.2384073212460382,0.0,overhead/probes,none,periodic
post,22,10,433,4969,10,19.39516112497511,0,0.315784725059125,0.315784725059125,0.017497548538991135,101.0,22,18.69319291226249,0,0.4040627072451005,0.4040627072451005,0.021574167947008217,0.040079365079365076,15.785812371154684,110.50548069487795,0.08763551498311503,0.0,overhead/probes,none,periodic
warmup,2,1,1,217,2,,2,1.0869552608229442,1.0869552608229442,0.0,101.0,1,,1,1.0869552608229442,1.0869552608229442,0.0,0.04007936507936508,,,0.0,0.0,overhead/probes/work,none,periodic
post,22,10,433,4969,10,,10,1.0869552608229442,1.0869552608229442,0.0,101.0,22,,22,1.0869552608229442,1.0869552608229442,0.0,0.040079365079365076,,,0.0,0.0,overhead/probes/work,none,periodic
warmup,12,10,1,270,12,5.579013476716632,0,0.593564581999405,0.593564581999405,0.10827473127303733,8.0,10,5.955316618530913,0,0.6042932633660573,0.6042932633660573,0.10342941176052727,0.004761904761904762,1.0386384447884165,2.502653751790209,0.04244685535164905,0.0,overhead/shadow_acceptance,none,sparse
post,21,10,401,5376,10,4.422601183999025,0,0.5984734471617805,0.5984734471617805,0.13272828658202063,126.0,21,5.180849226682698,0,0.5930572953781829,0.5930572953781829,0.11225509669559641,0.04999999999999999,1.0702192893353066,3.104348391888557,0.03886488146284178,0.0,overhead/shadow_acceptance,none,sparse
warmup,400,398,1,400,400,0.16674542634607661,0,-0.006542356958700405,0.04858437096798304,0.3237386226175524,1.0,398,0.2555005441133924,0,-0.022363478549320442,0.06906599045473331,0.3254211226647287,0.0003968253968253954,0.27123336230142336,2962.0423102804425,0.06314033664549855,0.3241206030150754,overhead/step_end_emit,none,continuous
post,4976,2120,401,5376,2120,0.11483164833642245,0,-0.004818406824120441,0.04120767796408885,0.3518440729682313,1.0,4976,0.15709496813396612,0,0.010450908379174943,0.0527373762676311,0.3460490641111936,0.0003968253968253954,0.1571129368200153,3256.6414318076536,0.0484871082005144,0.33537735849056605,overhead/step_end_emit,none,continuous
warmup,13,13,0,400,13,3.0382624378137986,0,0.6222384334589963,0.6222384334589963,0.19101958766650062,8.0,13,3.488972822968385,0,0.6379511609453294,0.6379511609453294,0.17602851907488193,0.0031746031746031746,0.9252603315965153,58.99571138982007,0.03970841531367464,0.0,overhead/theta_snapshot,none,sparse
post,19,9,538,5106,9,2.487823662451679,0,0.5836486303238209,0.5836486303238209,0.23640223667749302,126.0,19,2.58102962474311,0,0.5843081871883788,0.5843081871883788,0.22421706554698698,0.04999999999999999,0.15663297142614052,0.44700964753564465,0.02504750209526696,0.0,overhead/theta_snapshot,none,sparse
warmup,13,13,0,400,13,,13,0.8754576030823261,0.8754576030823261,0.0,8.0,13,,13,0.8754576030823261,0.8754576030823261,0.0,0.0031746031746031746,,,0.0,0.0,overhead/theta_snapshot/work,none,sparse
post,19,9,538,5106,9,,9,0.8754576030823261,0.8754576030823261,0.0,126.0,19,,19,0.8754576030823261,0.8754576030823261,0.0,0.04999999999999999,,,0.0,0.0,overhead/theta_snapshot/work,none,sparse
warmup,12,10,1,270,12,4.722760084887408,0,0.5710930453281959,0.5710930453281959,0.12469115102662814,8.0,10,4.578120830943608,0,0.5775517151761029,0.5775517151761029,0.12483149463139007,0.004761904761904762,1.1149398886384398,2.428268416140736,0.011293179211632365,0.0,overhead/update_effectiveness,none,sparse
post,21,10,401,5376,10,4.113014038759957,0,0.5582735608354912,0.5582735608354912,0.1505802256285591,126.0,21,4.231197054473113,0,0.5791394971827324,0.5791394971827324,0.1415599962264766,0.04999999999999999,0.7555484606934435,1.8922788768142795,0.05229434644594588,0.0,overhead/update_effectiveness,none,sparse
warmup,12,10,1,270,12,,12,1.0869552608229442,1.0869552608229442,0.0,8.0,10,,10,1.0869552608229442,1.0869552608229442,0.0,0.004761904761904762,,,0.0,0.0,overhead/update_effectiveness/work,none,sparse
post,21,10,401,5376,10,,10,1.0869552608229442,1.0869552608229442,0.0,126.0,21,,21,1.0869552608229442,1.0869552608229442,0.0,0.04999999999999999,,,0.0,0.0,overhead/update_effectiveness/work,none,sparse
warmup,2,2,0,216,2,38.921979261209344,0,0.16493536111708448,0.16493536111708448,0.002118794627711332,101.0,2,27.150834222252925,0,0.25112853432375287,0.25112853432375287,0.004624692786012574,0.04007936507936508,11.77114503895642,23.54229007791284,0.08619317320666839,0.0,param/norm,none,periodic
post,22,10,432,4968,10,181.99183009512095,0,0.6557681409077913,0.6557681409077913,0.0032953329114025075,101.0,22,220.11231890297495,0,0.6768648464378663,0.6768648464378663,0.0032692923311766885,0.040079365079365076,150.15226804977397,280.513612460373,0.20378873980799217,0.0,param/norm,none,periodic
warmup,2,2,0,216,2,570.7888061564171,0,-0.13941443025014383,0.13941443025014383,0.039711767400714415,101.0,2,571.8145890419662,0,-0.03149669557564924,0.10237754065429194,0.00919438280058246,0.04007936507936508,2.8535700176857124,5.707140035371425,0.1079177346744946,0.5,param/rms,none,periodic
post,22,10,432,4968,10,45.16586441868666,0,0.23725862129326883,0.23725862129326883,0.0033538671944566244,101.0,22,70.14253328485063,0,0.27740043785766433,0.27740043785766433,0.0039636999625643834,0.040079365079365076,46.46091543788066,160.84137567704548,0.1625011996242318,0.1,param/rms,none,periodic
warmup,2,1,1,217,2,7.160711972054133,0,0.1482937727329675,0.1482937727329675,0.13631378120864515,101.0,1,0.8779718852274933,0,-0.22055408460002668,0.22055408460002668,0.2512085959824083,0.04007936507936508,1.2657726481712404,1.2657726481712404,0.3208150990017983,1.0,probe/attn_out_norm,none,periodic
post,22,10,433,4969,10,82.75626825417098,0,1.477815700488283,1.477815700488283,0.020396966662629898,101.0,22,51.31118334621151,0,1.1919272338161222,1.1919272338161222,0.022536409693358815,0.040079365079365076,68.47764620486677,144.57812539423253,1.030177530473059,0.0,probe/attn_out_norm,none,periodic
warmup,2,1,1,217,2,0.6354353164503115,0,-1.194663326797834,1.194663326797834,1.8709186618854057,101.0,1,0.1262426002424443,0,3.97980925755238,3.97980925755238,31.525089390659744,0.04007936507936508,0.54861036436982,0.54861036436982,4.75849674699046,1.0,probe/attn_out_stats_mean,none,periodic
post,22,10,433,4969,10,1.1317095145589537,0,20.415885434251884,20.415885434251884,19.41612390031915,101.0,22,0.7188072519911897,0,8.330070504188562,8.330070504188562,12.06351876764735,0.040079365079365076,0.5505130431033314,1.5476384814501798,12.399544011188167,0.0,probe/attn_out_stats_mean,none,periodic
warmup,2,1,1,217,2,1.3704140016142117,0,-0.005548449961216829,0.041597605468642634,0.13631377211786733,101.0,1,1.293665995703334,0,-0.324980047043613,0.324980047043613,0.2512086180845539,0.04007936507936508,1.111309206191785,1.111309206191785,0.27783399161375355,0.0,probe/attn_out_stats_rms,none,periodic
post,22,10,433,4969,10,64.39092541398054,0,1.1458513145746299,1.1458513145746299,0.02039696218867036,101.0,22,38.46395371700561,0,0.8982646522210866,0.8982646522210866,0.022536414637636774,0.040079365079365076,55.424809199356964,118.76783707304457,0.8921598505197446,0.0,probe/attn_out_stats_rms,none,periodic
warmup,2,1,1,217,2,1.3745436525479278,0,-0.005559610487016291,0.04156198191509898,0.13628419616792442,101.0,1,1.2935230159125395,0,-0.32496572152367276,0.32496572152367276,0.2512253106640084,0.04007936507936508,1.1112643374519637,1.1112643374519637,0.2778441291215575,0.0,probe/attn_out_stats_std,none,periodic
post,22,10,433,4969,10,64.56279633986243,0,1.1452970929266229,1.1452970929266229,0.02043083305053609,101.0,22,38.48886087029127,0,0.8980104377867408,0.8980104377867408,0.02251596780549378,0.040079365079365076,55.579974717952204,117.5243040161169,0.8916610873555554,0.0,probe/attn_out_stats_std,none,periodic
warmup,2,1,1,217,2,4.500028933359148,0,-0.25960207673797353,0.25960207673797353,0.06060287489776774,101.0,1,11.495948307426401,0,1.0849615147203386,1.0849615147203386,0.09437773080620515,0.04007936507936508,15.1681673527441,15.1681673527441,1.3656769621186486,1.0,probe/attn_residual_ratio,none,periodic
post,22,10,433,4969,10,6.680631111497634,0,-0.22308393535287882,0.22308393535287882,0.032580378782620406,101.0,22,1.9207016371671253,0,-0.06664702606133034,0.06735521062468125,0.03312201061556563,0.040079365079365076,3.2537668630427925,11.972356522966948,0.11345339573663969,0.1,probe/attn_residual_ratio,none,periodic
warmup,2,1,1,217,2,3.31168369475321,0,-0.04865268286774596,0.09619417207642472,0.05088897818284467,101.0,1,1.134075343338782,0,0.1390189389331595,0.1390189389331595,0.12258351241803729,0.04007936507936508,0.5220777223668835,0.5220777223668835,0.09147744972448074,0.0,probe/backout_contribution_ratio,none,periodic
post,22,10,433,4969,10,4.195357234735342,0,-0.04953924878577019,0.07600983239797243,0.02331033860700197,101.0,22,14.239112784404057,0,-0.3401426043879209,0.3401426043879209,0.022959827327285014,0.040079365079365076,9.931979914319244,16.25134904607301,0.23906970391237126,0.4,probe/backout_contribution_ratio,none,periodic
warmup,2,1,1,217,2,6.779458880811434,0,0.45856060118880937,0.45856060118880937,0.19420452569622437,101.0,1,1.0531549655800767,0,-0.48004468445556797,0.48004468445556797,0.4558158107255942,0.04007936507936508,2.079606692551831,2.079606692551831,0.8324779580371287,1.0,probe/backout_term_norm,none,periodic
post,22,10,433,4969,10,23.012418494958858,0,1.7833698919653753,1.7833698919653753,0.07941351816541069,101.0,22,7.22893239911053,0,0.5817994880684794,0.5817994880684794,0.07916013655281609,0.040079365079365076,13.343393008391029,23.53815743160333,1.1889660059125535,0.0,probe/backout_term_norm,none,periodic
warmup,2,1,1,217,2,0.290664699879323,0,3.639625416307238,13.021759077546635,47.39283502084019,101.0,1,0.24198216579355258,0,0.806964820506948,0.806964820506948,3.3348111331287575,0.04007936507936508,0.4161667532165222,0.4161667532165222,10.189098481746345,1.0,probe/block_in_stats_mean,none,periodic
post,22,10,433,4969,10,0.1086189902375871,0,0.28431568362827203,0.48448171531809675,3.616845254089769,101.0,22,0.20304761114903494,0,0.47899254134181,0.7111816205165504,3.6042703311849333,0.040079365079365076,0.11465508715972927,0.38786356488105456,0.4164454405605783,0.3,probe/block_in_stats_mean,none,periodic
warmup,2,1,1,217,2,6.500235670905051,0,0.30225904483454785,0.30225904483454785,0.15735213192531947,101.0,1,1.8060918773436039,0,-0.6514621162764602,0.6514621162764602,0.3607026444494226,0.04007936507936508,2.664665016773376,2.664665016773376,0.8962194852215334,1.0,probe/block_in_stats_rms,none,periodic
post,22,10,433,4969,10,91.23561994166002,0,1.6935500456252122,1.6935500456252122,0.019307031145689744,101.0,22,57.76535927231374,0,1.1640532134902828,1.1640532134902828,0.019499821110586166,0.040079365079365076,37.45336167647181,116.22178951381969,1.1642935596165194,0.0,probe/block_in_stats_rms,none,periodic
warmup,2,1,1,217,2,6.500503057503552,0,0.30225500543324507,0.30225500543324507,0.15732187602580888,101.0,1,1.8061994638078778,0,-0.6514617490951611,0.6514617490951611,0.3606809558683691,0.04007936507936508,2.6649178817654624,2.6649178817654624,0.8962092610703354,1.0,probe/block_in_stats_std,none,periodic
post,22,10,433,4969,10,91.92523052530768,0,1.6931181397492836,1.6931181397492836,0.01916339342989258,101.0,22,58.064224686729794,0,1.163733669599024,1.163733669599024,0.01940302983546244,0.040079365079365076,37.84034392384747,117.50350733021801,1.1641358698457487,0.0,probe/block_in_stats_std,none,periodic
warmup,2,1,1,217,2,17.34118517763191,0,0.11805000923860856,0.11805000923860856,0.06541846441514622,101.0,1,1.5944715477432483,0,-0.26852333160102465,0.26852333160102465,0.16840898288908443,0.04007936507936508,2.2306541724679425,2.2306541724679425,0.34884872812040724,1.0,probe/c_proj_in_norm,none,periodic
post,22,10,433,4969,10,44.968990017425696,0,0.6609815657267935,0.6609815657267935,0.017172370625356696,101.0,22,27.475664633758598,0,0.5084184399384584,0.5084184399384584,0.017924223292373705,0.040079365079365076,27.54540328296345,38.31084297514782,0.36869850367240936,0.0,probe/c_proj_in_norm,none,periodic
warmup,2,1,1,217,2,0.330763754653874,0,-26.59806031864821,27.010796862355697,105.58961608779731,101.0,1,1.3759670121072598,0,-8.47622031617249,8.47622031617249,6.160191517376108,0.04007936507936508,1.7824131586480498,1.7824131586480498,8.888956859879976,1.0,probe/c_proj_in_stats_mean,none,periodic
post,22,10,433,4969,10,2.0150761648533537,0,-8.742780088372964,8.742780088372964,5.165935266048171,101.0,22,1.9918457154777878,0,-10.574308043188976,10.574308043188976,3.8164940118587474,0.040079365079365076,0.5558775048443382,8.415267633587707,9.241421969819866,0.0,probe/c_proj_in_stats_mean,none,periodic
warmup,2,1,1,217,2,0.35671152013545304,0,-0.03174031158447147,0.03267042232951153,0.06541846698171293,101.0,1,2.176384074161662,0,-0.3665225961546286,0.3665225961546286,0.16840896811644437,0.04007936507936508,1.666246697669501,1.666246697669501,0.3021118622406456,0.0,probe/c_proj_in_stats_rms,none,periodic
post,22,10,433,4969,10,29.74102476373483,0,0.43845224733238275,0.43845224733238275,0.017172379088119312,101.0,22,16.11890097210131,0,0.3063286879150372,0.3063286879150372,0.017924214828475282,0.040079365079365076,19.181217990952764,30.88027198972901,0.3193021480352479,0.1,probe/c_proj_in_stats_rms,none,periodic
warmup,2,1,1,217,2,0.35878746717555143,0,-0.03174026530574096,0.03268176542659023,0.06540261461621179,101.0,1,2.176224544534285,0,-0.3664826139431207,0.3664826139431207,0.16840294116871496,0.04007936507936508,1.666011035054103,1.666011035054103,0.30206058321078955,0.0,probe/c_proj_in_stats_std,none,periodic
post,22,10,433,4969,10,29.801555954080982,0,0.4384701828701425,0.4384701828701425,0.017198898602216448,101.0,22,16.0642428355632,0,0.3059502715873994,0.3059502715873994,0.017906249837358848,0.040079365079365076,19.227786812585776,30.72210871396949,0.3192719720507941,0.1,probe/c_proj_in_stats_std,none,periodic
warmup,2,1,1,217,2,25.50142279992622,0,-0.034473207745786286,0.034473207745786286,0.01276136865630021,101.0,1,6.520131919974941,0,-0.20899297444914966,0.20899297444914966,0.03205348864321029,0.04007936507936508,3.8192957208661995,3.8192957208661995,0.14006105200233737,0.0,probe/logit_entropy_mean,none,periodic
post,22,10,433,4969,10,1.0720546618479534,0,-0.015869921447031823,0.015869921447031823,0.01910305151030711,101.0,22,3.802890759410798,0,-0.080173877200748,0.080173877200748,0.022585259163989655,0.040079365079365076,3.5697919768503814,11.946611605308615,0.06899512760410922,0.2,probe/logit_entropy_mean,none,periodic
warmup,2,1,1,217,2,4.620086308934321,0,0.011179115283818902,0.011261835324287948,0.0038028913936945484,101.0,1,37.80230425312611,0,0.12500728583335374,0.12500728583335374,0.0033068694700804147,0.04007936507936508,34.846677655293135,34.846677655293135,0.10256633522524689,0.0,probe/logit_lse_mean,none,periodic
post,22,10,433,4969,10,7.9726497720068314,0,0.027378336493767426,0.027378336493767426,0.003286029814769666,101.0,22,2.4858497532807884,0,0.011070669513958893,0.011070669513958893,0.0035923014554274484,0.040079365079365076,6.62332107054902,42.80965116705433,0.01927499596614496,0.1,probe/logit_lse_mean,none,periodic
warmup,2,1,1,217,2,1.8740510376987736,0,0.08699691463555267,0.08699691463555267,0.05087561558871818,101.0,1,17.206564627587245,0,0.4285298473530222,0.4285298473530222,0.024905020649267855,0.04007936507936508,14.9803146621111,14.9803146621111,0.3680267900477344,0.0,probe/logit_margin_mean,none,periodic
post,22,10,433,4969,10,1.3174099136560398,0,0.014509523789938427,0.01784251036118069,0.014718571366335993,101.0,22,4.929440431180442,0,0.07876863424133171,0.07876863424133171,0.018072049915966094,0.040079365079365076,4.381928588700479,13.566834720739761,0.08181294794070787,0.4,probe/logit_margin_mean,none,periodic
warmup,2,1,1,217,2,3.87164156152447,0,0.07229529878292208,0.07229529878292208,0.018003949845088334,101.0,1,3.323534677667195,0,0.016645037469292544,0.016645037469292544,0.005008233427242522,0.04007936507936508,0.39662638365315983,0.39662638365315983,0.013285679342153758,0.0,probe/logit_max_postcap,none,periodic
post,22,10,433,4969,10,1.4372041878783057,0,0.0009576026453969381,0.0011871095191027343,0.0008162003563109944,101.0,22,1.6401758806713898,0,0.0010216097856262474,0.0016362593385731458,0.0008917330674239867,0.040079365079365076,2.806648432769169,8.725232475802185,0.0030016386095896457,0.7,probe/logit_max_postcap,none,periodic
warmup,2,1,1,217,2,4.006964495773294,0,0.10727126183312599,0.10727126183312599,0.026737111529229408,101.0,1,5.793484695237066,0,0.2552729413406586,0.2552729413406586,0.044062072270687674,0.04007936507936508,1.802836242865006,1.802836242865006,0.1819860230555725,0.0,probe/logit_max_precap,none,periodic
post,22,10,433,4969,10,1.5238069502390645,0,0.034462224555653204,0.045644524890880805,0.03651030316918982,101.0,22,2.02440845299994,0,0.03444954550342208,0.06661780922729793,0.03981426915066458,0.040079365079365076,2.9317832390920517,11.979015757072153,0.1153248090906628,0.7,probe/logit_max_precap,none,periodic
warmup,2,1,1,217,2,6.821911255880836,0,1.3774553020418239,1.3774553020418239,0.10095816629499448,101.0,1,338.0953475159515,0,242.40507150311677,242.40507150311677,0.7169725146592855,0.04007936507936508,324.4515250041898,324.4515250041898,241.02761620107495,0.0,probe/logit_saturation_fraction,none,periodic
post,22,10,433,4969,10,1.9033703833077042,0,-0.43900993377785835,0.45797666047550406,0.180772669998283,101.0,22,19.927244130153085,0,4.47934327355091,4.47934327355091,0.1933240685637182,0.040079365079365076,65.71752423088925,1634.4583668672542,24.51273075575231,0.7,probe/logit_saturation_fraction,none,periodic
warmup,2,1,1,217,2,0.0,0,,,,101.0,1,0.0,0,,,,0.04007936507936508,0.0,0.0,,,probe/logit_softcap_equiv_err,none,periodic
post,22,10,433,4969,10,0.0,0,,,,101.0,22,0.0,0,,,,0.040079365079365076,0.0,0.0,,,probe/logit_softcap_equiv_err,none,periodic
warmup,2,1,1,217,2,4.662514365375303,0,0.022724644108903586,0.022889632196000913,0.007500780677052201,101.0,1,39.248913239404985,0,0.2639672258039191,0.2639672258039191,0.006725465854145033,0.04007936507936508,36.202942828267346,36.202942828267346,0.21835294949901463,0.0,probe/logit_z_loss,none,periodic
post,22,10,433,4969,10,8.017154570193537,0,0.054388278889310984,0.054388278889310984,0.0064299929635533125,101.0,22,2.593650405272096,0,0.022588143466950126,0.022588143466950126,0.007034588308679505,0.040079365079365076,6.555812151952629,40.13338044634943,0.03707029780435227,0.1,probe/logit_z_loss,none,periodic
warmup,2,1,1,217,2,11.424886480428723,0,-0.015590975362460392,0.015590975362460392,0.0030576041308238875,101.0,1,16.53623270957533,0,-0.2188340327711511,0.2188340327711511,0.013233608683097144,0.04007936507936508,11.49794108658395,11.49794108658395,0.1881704635698801,0.0,probe/loss,none,periodic
post,22,10,433,4969,10,14.175063238699487,0,-0.012960236067680965,0.016312890095484693,0.0012969722675819683,101.0,22,57.12883407159646,0,-0.07717599332970239,0.07717599332970239,0.0013265508418522445,0.040079365079365076,41.51708818423059,81.6684422119053,0.07715750478712953,0.4,probe/loss,none,periodic
warmup,2,1,1,217,2,18.38086792737324,0,0.22859919382897798,0.22859919382897798,0.1362125046946552,101.0,1,0.3077960510873054,0,-0.06835920206420185,0.06835920206420185,0.2220925246529949,0.04007936507936508,1.2166197543570387,1.2166197543570387,0.3104939298295562,1.0,probe/mlp_out_norm,none,periodic
post,22,10,433,4969,10,27.12668780144086,0,1.1532348458859765,1.1532348458859765,0.04282671802405361,101.0,22,28.493920752738696,0,1.3347748999182905,1.3347748999182905,0.04515148091832495,0.040079365079365076,19.1948476631566,38.411272134566744,0.7150344895568777,0.0,probe/mlp_out_norm,none,periodic
warmup,2,1,1,217,2,0.21787649846331855,0,5.49365063028103,7.762656923410994,187.66369738867866,101.0,1,0.48654068207634227,0,1.0540320926923337,1.0540320926923337,2.1663801846829887,0.04007936507936508,0.45067922459524157,0.45067922459524157,12.20227546099969,0.0,probe/mlp_out_stats_mean,none,periodic
post,22,10,433,4969,10,0.3166224752062692,0,12.065567772966666,12.065567772966666,57.5159565353905,101.0,22,0.24135785764413678,0,1.154951760091642,6.036094257355578,30.62504719700074,0.040079365079365076,0.21235786057944034,0.46944578308074464,22.665644287629874,0.1,probe/mlp_out_stats_mean,none,periodic
warmup,2,1,1,217,2,4.49953777555851,0,0.06399809430746954,0.06399809430746954,0.13621250967559653,101.0,1,0.869797317164517,0,-0.19317545016894513,0.19317545016894513,0.22209248793579245,0.04007936507936508,1.1540040198801775,1.1540040198801775,0.26889565796664844,1.0,probe/mlp_out_stats_rms,none,periodic
post,22,10,433,4969,10,20.359290028270358,0,0.8647561026412263,0.8647561026412263,0.04282672915680637,101.0,22,22.633113492301224,0,1.0219744524050594,1.0219744524050594,0.04515148473095076,0.040079365079365076,16.700534991662074,31.39134793194185,0.6192380114249679,0.0,probe/mlp_out_stats_rms,none,periodic
warmup,2,1,1,217,2,4.508795292176976,0,0.0639882549961236,0.0639882549961236,0.13618356978196158,101.0,1,0.8697224009243334,0,-0.1931756287029772,0.1931756287029772,0.22211182383904546,0.04007936507936508,1.1539479313502468,1.1539479313502468,0.26888841139395037,1.0,probe/mlp_out_stats_std,none,periodic
post,22,10,433,4969,10,20.357825345712385,0,0.8647717295923529,0.8647717295923529,0.042829512662100874,101.0,22,22.638177589540227,0,1.0220406451204642,1.0220406451204642,0.04515072453367738,0.040079365079365076,16.712913428870955,31.40348212187265,0.6192367385966975,0.0,probe/mlp_out_stats_std,none,periodic
warmup,2,1,1,217,2,5.552650120670187,0,-0.19857523668100113,0.19857523668100113,0.04120528355241555,101.0,1,11.978686719553599,0,1.3743249050735347,1.3743249050735347,0.11473084965400537,0.04007936507936508,15.14812020411827,15.14812020411827,1.5451161784225043,1.0,probe/mlp_residual_ratio,none,periodic
post,22,10,433,4969,10,9.663622205455887,0,-0.3029993123432102,0.3029993123432102,0.03392029044032191,101.0,22,4.0434821392229185,0,-0.12606826620144096,0.1347798293918825,0.03424998962476816,0.040079365079365076,8.930731250563998,17.280782655266712,0.28759916073401354,0.3,probe/mlp_residual_ratio,none,periodic
warmup,2,1,1,217,2,1.0744184371584116,0,0.032897279757732156,0.032897279757732156,0.017623546228096552,101.0,1,11.94716072928671,0,0.26480700806036805,0.26480700806036805,0.02216484854106236,0.04007936507936508,10.070878117302588,10.070878117302588,0.1990700527516737,0.0,probe/relu2_sparsity,none,periodic
post,22,10,433,4969,10,26.524061773188862,0,0.0682443546271237,0.0682443546271237,0.0029819469172569914,101.0,22,17.291897223521687,0,0.053547087300800364,0.053547087300800364,0.0030979098804367533,0.040079365079365076,13.05251872789788,28.147790654585535,0.03632744817732067,0.0,probe/relu2_sparsity,none,periodic
warmup,2,1,1,217,2,1.9855079602777004,0,0.009068903003247832,0.009068903003247832,0.006055468242002145,101.0,1,5.874489786536909,0,0.05073579624267679,0.05073579624267679,0.008636630258333671,0.04007936507936508,4.852762833060869,4.852762833060869,0.04141686205071434,0.0,probe/resid_contribution_ratio,none,periodic
post,22,10,433,4969,10,3.393673530986147,0,0.01621992409146749,0.01621992409146749,0.0045028249990806775,101.0,22,4.017428845449592,0,0.01832085238065981,0.01832085238065981,0.004655157683311464,0.040079365079365076,0.6061898332252216,2.08385657183849,0.005227626079231195,0.0,probe/resid_contribution_ratio,none,periodic
warmup,2,1,1,217,2,11.72714920825458,0,0.5170367425885591,0.5170367425885591,0.15134661435138574,101.0,1,1.6427181491715412,0,-0.5763451332175684,0.5763451332175684,0.35084846022321714,0.04007936507936508,3.274480114112496,3.274480114112496,1.0266150023122125,1.0,probe/resid_term_norm,none,periodic
post,22,10,433,4969,10,131.14427252612097,0,2.1161527906329067,2.1161527906329067,0.01671456494333528,101.0,22,83.72145199898016,0,1.489969064614454,1.489969064614454,0.017395847109216638,0.040079365079365076,55.18480441195014,177.70973794477192,1.3374492192460097,0.0,probe/resid_term_norm,none,periodic
warmup,2,1,1,217,2,0.0,0,,,,101.0,1,0.0,0,,,,0.04007936507936508,0.0,0.0,,,probe/residual_mix_equiv_err,none,periodic
post,22,10,433,4969,10,0.0,0,,,,101.0,22,0.0,0,,,,0.040079365079365076,0.0,0.0,,,probe/residual_mix_equiv_err,none,periodic
warmup,2,1,1,217,2,34.2000795776848,0,-0.1783431619226576,0.1783431619226576,0.01852860420874753,101.0,1,1.3269425983109715,0,0.04593983071815214,0.04593983071815214,0.03462081236718731,0.04007936507936508,7.63090711068755,7.63090711068755,0.26564046068427805,1.0,probe/ve_contribution_ratio,none,periodic
post,22,10,433,4969,10,3.987093052028345,0,-0.1654786734598727,0.1654786734598727,0.04753628792304837,101.0,22,6.288922466178676,0,-0.32278589939656266,0.32278589939656266,0.04627203656899431,0.040079365079365076,4.566502183838597,9.742678462175222,0.16123953050480125,0.0,probe/ve_contribution_ratio,none,periodic
warmup,2,1,1,217,2,1.0396780198577915,0,0.01506096017023198,0.01685374978754505,0.02393598823845324,101.0,1,12.186980728172918,0,-0.1435393785670253,0.1435393785670253,0.011778091864476498,0.04007936507936508,12.87204912241768,12.87204912241768,0.17545408852480235,1.0,probe/ve_gate_mean,none,periodic
post,22,10,433,4969,10,5.647229009092262,0,0.08685286796785886,0.08685286796785886,0.014897302143938938,101.0,22,7.916935838400539,0,-0.11991507428647964,0.12242996453895161,0.014914142018997944,0.040079365079365076,11.363657093490794,20.763408833984222,0.1934217634486359,0.7,probe/ve_gate_mean,none,periodic
warmup,2,1,1,217,2,0.9371798576517181,0,0.012105168609830207,0.01387506698202523,0.026554130954787026,101.0,1,10.743481467100917,0,-0.11619026886585178,0.11619026886585178,0.010814955023811777,0.04007936507936508,11.24484473091011,11.24484473091011,0.1421705044577072,1.0,probe/ve_gate_rms,none,periodic
post,22,10,433,4969,10,7.683451413985754,0,0.11384074905695257,0.11384074905695257,0.016355382625719075,101.0,22,3.2787515983008735,0,-0.046483841748416056,0.053166994796093846,0.0170434710837125,0.040079365079365076,9.517167733952563,15.992661725843822,0.14543897703492922,0.6,probe/ve_gate_rms,none,periodic
warmup,2,1,1,217,2,0.5899339522397413,0,-0.040428086811773685,0.040428086811773685,0.06553876269534208,101.0,1,1.2788596513708392,0,0.07653674214653144,0.07653674214653144,0.059847647913897316,0.04007936507936508,1.6879183120525942,1.6879183120525942,0.09935533132413449,1.0,probe/ve_gate_std,none,periodic
post,22,10,433,4969,10,7.886405494274315,0,0.15295228679808476,0.15295228679808476,0.01903742859433174,101.0,22,9.496220594175423,0,0.20944600322023066,0.20944600322023066,0.021684700230068986,0.040079365079365076,2.2366106925140343,5.647504295124052,0.0592906553166208,0.0,probe/ve_gate_std,none,periodic
warmup,2,1,1,217,2,2.097189118036013,0,-0.2652694148092094,0.2652694148092094,0.14829077465129867,101.0,1,8.097589247029832,0,-0.512697784160793,0.512697784160793,0.06331486674862506,0.04007936507936508,6.800403442957119,6.800403442957119,0.24619612609935676,0.0,probe/x0_contribution_ratio,none,periodic
post,22,10,433,4969,10,3.084345972293284,0,-0.38953830961312796,0.38953830961312796,0.1227811848959133,101.0,22,3.72506930031651,0,-0.4330344984786976,0.4330344984786976,0.12183622884479214,0.040079365079365076,0.5544588681245586,2.321792715798026,0.045378853341562664,0.0,probe/x0_contribution_ratio,none,periodic
warmup,2,1,1,217,2,0.870993442526993,0,0.023377001075163745,0.1589836289100752,0.314301726885025,101.0,1,1.9193420688562837,0,-0.8408524994989298,0.8408524994989298,0.43809413295462507,0.04007936507936508,1.650724905348798,1.650724905348798,0.7052458716640184,0.0,probe/x0_term_norm,none,periodic
post,22,10,433,4969,10,10.540430139195669,0,1.517191195753076,1.517191195753076,0.13726520129090988,101.0,22,3.683332511170793,0,0.5043301825872664,0.5043301825872664,0.13471666785712944,0.040079365079365076,5.105127225680372,16.18931512712024,1.1738967989351687,0.0,probe/x0_term_norm,none,periodic
warmup,400,398,1,400,400,0.5510196598112045,0,0.00018996496011900485,0.030301980917508256,0.06794003900915807,1.0,398,2.198092745196477,0,0.0713547029082869,0.18943039271136547,0.11004738354808252,0.0003968253968253954,1.7183319961007255,15.93365770394044,0.17420195834028102,0.2864321608040201,scalars/backout_lambda,none,continuous
post,4976,2120,401,5376,2120,3.141924609317603,0,-0.13600677117003435,0.13600677117003435,0.0484201476750709,1.0,4976,8.443780548207666,0,-0.4011577576675131,0.4011577576675131,0.04650112827785752,0.0003968253968253954,9.035976807997988,49.818504614867656,0.23904917743800624,0.0009433962264150943,scalars/backout_lambda,none,continuous
warmup,400,398,1,400,400,1.6647474547246244,0,0.055729555806424864,0.05808912537723602,0.033524517833629364,1.0,398,5.318873006188455,0,-0.15341299581870654,0.19981360751604066,0.034176181663530425,0.0003968253968253954,7.123663986854111,91.68912933374767,0.2604568186919744,0.6834170854271356,scalars/smear_lambda,none,continuous
post,4976,2120,401,5376,2120,1.0260957618545687,0,0.05585137341238875,0.05975817673254638,0.062327363076953385,1.0,4976,1.3378060624484616,0,-0.08021242568619821,0.08066728082842733,0.0585472797168111,0.0003968253968253954,3.8871232445744988,37.83595771669231,0.1887929416218082,0.7867924528301887,scalars/smear_lambda,none,continuous
warmup,1,1,216,216,1,0.09944508796534393,0,0.5325026080238019,0.5325026080238019,5.354740177909805,101.0,1,1.1437499511999971,0,-1.1266348834434956,1.1266348834434956,0.9850360056946494,0.04007936507936508,1.243195039165341,1.243195039165341,1.6591374914672974,1.0,sketch/grad_cosine_prev,none,periodic
post,22,10,432,4968,10,1.6845512954118007,0,1.0784004292556197,3.430654054777804,1.6695769646593992,101.0,22,0.9699395705344903,0,0.0951516371238469,1.8537891549283438,1.833548103584019,0.040079365079365076,1.0065749331669074,7.241828119090816,1.9763591791920048,0.1,sketch/grad_cosine_prev,none,periodic
warmup,2,2,0,216,2,0.6450485299663113,0,-0.4118256973550764,0.4118256973550764,0.3192207083834333,101.0,2,0.7308055785930548,0,0.705008203721576,0.705008203721576,0.48235004245510565,0.04007936507936508,1.3758541085593663,2.7517082171187326,1.1168339010766524,1.0,sketch/grad_sq_norm,none,periodic
post,22,10,432,4968,10,3.4388728182104886,0,-0.38772244250471144,0.5442332957112697,0.1469725341646697,101.0,22,3.933815597707481,0,-0.6545149936342907,0.6545149936342907,0.15055799350335525,0.040079365079365076,3.9399323202044814,8.919959376340966,0.3221821014305373,0.3,sketch/grad_sq_norm,none,periodic
warmup,12,10,1,400,12,2.95741989355012,0,0.04714111958009878,0.10602524780449485,0.030632421600527652,12.0,10,5.342111481028695,0,0.0393060694704714,0.5627987964970271,0.10147886058874145,0.006349206349206349,4.683791137193064,61.51540134192825,0.4163492881830455,0.3,sketch/probe_grad_cosine_prev,none,sparse
post,19,9,538,5106,9,6.134347107273401,0,-0.15680492846046332,0.15680492846046332,0.016153932901217447,126.0,19,2.8311839089668447,0,0.08080660632461165,0.08080660632461165,0.02363030888702148,0.04999999999999999,9.050424438381722,25.205902434997757,0.3017804999697438,0.8888888888888888,sketch/probe_grad_cosine_prev,none,sparse
warmup,13,13,0,400,13,0.5324608242019093,0,-0.043356146269665156,0.17193558589743616,0.32237903074922325,8.0,13,4.005626006513021,0,2.2295183607887323,2.2295183607887323,0.38374559355196336,0.0031746031746031746,5.3765776257181885,7622.807632231898,2.3112930598035692,0.3333333333333333,sketch/probe_grad_sq_norm,none,sparse
post,19,9,538,5106,9,9.744552223095539,0,-0.48171958116276237,0.48171958116276237,0.04520237963520145,126.0,19,4.615963377880584,0,-0.538685682283523,0.538685682283523,0.11969953388882651,0.04999999999999999,3.2553275859424473,17.220701460997606,0.0957786742289275,0.0,sketch/probe_grad_sq_norm,none,sparse
warmup,400,398,1,400,400,207.9700904813293,0,0.8438636751566579,0.8438636751566579,0.004047084170414537,1.0,398,225.22639207458252,0,0.847508347202548,0.847508347202548,0.003771362512789077,0.0003968253968253954,110.48143162961861,1983.2527346076984,0.006949896738528305,0.005025125628140704,step/dt_excl_serialized_telemetry,none,continuous
post,4976,2120,401,5376,2120,281.67756348384466,0,0.8241206001439964,0.8241206001439964,0.0029222580241987615,1.0,4976,278.64717452013775,0,0.8225447135816909,0.8225447135816909,0.002963728442936347,0.0003968253968253954,201.38912941820564,15301.175032613262,0.0027558175353630254,0.0,step/dt_excl_serialized_telemetry,none,continuous
warmup,400,398,1,400,400,17.078345986174764,0,0.6844077803375272,0.6844077803375272,0.04020065074435591,1.0,398,17.223918146301713,0,0.6833956790961923,0.6833956790961923,0.03998226767646262,0.0003968253968253954,2.606217612418283,52.90300173958097,0.009994130357174835,0.0,step/loader_call_elapsed,none,continuous
post,4976,2120,401,5376,2120,15.458725673506521,0,0.673980352174907,0.673980352174907,0.04384416408243963,1.0,4976,15.643478437842859,0,0.6718138550449376,0.6718138550449376,0.04318045249431962,0.0003968253968253954,1.9258255774485749,84.99823752651749,0.009491478313239154,0.0,step/loader_call_elapsed,none,continuous
warmup,400,398,1,400,400,199.84237896861558,0,0.8426688168988932,0.8426688168988932,0.004228510943762248,1.0,398,203.7252347193281,0,0.8448145407321042,0.8448145407321042,0.004157716177157534,0.0003968253968253954,138.27890782691597,8407.126803215877,0.00854284223419427,0.07788944723618091,step/observed_dt,none,continuous
post,4976,2120,401,5376,2120,261.43038217480984,0,0.8228622265909439,0.8228622265909439,0.003179566475965579,1.0,4976,251.07710144711848,0,0.8211637074419418,0.8211637074419418,0.0033081525761989106,0.0003968253968253954,214.5034562516604,9148.883875404365,0.0032069026841294868,0.01981132075471698,step/observed_dt,none,continuous
warmup,400,398,1,400,400,0.0,0,,,,1.0,398,0.0,0,,,,0.0003968253968253954,0.0,0.0,,,step/skipped,none,continuous
post,4976,2120,401,5376,2120,0.0,0,,,,1.0,4976,0.0,0,,,,0.0003968253968253954,0.0,0.0,,,step/skipped,none,continuous
warmup,12,10,1,270,12,1.9867920573655629,0,-0.13534365482310898,0.3372482831534126,0.33714687545408706,8.0,10,7.95104440043597,0,-0.923582745984023,1.3329236337816477,0.27406910069714885,0.004761904761904762,6.38329332462167,141.8722069142939,1.3406004594549068,0.2,update/actual,native,sparse
post,21,10,401,5376,10,3.2865423318641604,0,-0.9616744052405304,6.533072676916024,2.5012838964263517,126.0,21,1.034909463519627,0,0.4285261307160139,1.3405710563456736,2.6971031126470435,0.04999999999999999,2.3515439279545878,24.603184937182856,5.36291420062517,0.1,update/actual,native,sparse
warmup,12,10,1,270,12,2.027091737954111,0,-0.1451757446058022,0.31060108035566225,0.3291800474640346,8.0,10,8.131399180065802,0,-0.933959483864849,1.3481969656367672,0.26538030385782135,0.004761904761904762,6.603785105021697,141.9028894891104,1.3827971280118394,0.2,update/actual,shadow_fp32,sparse
post,21,10,401,5376,10,3.0287138546584966,0,-1.0198792334125688,6.423430357936347,2.5584959024280307,126.0,21,1.0273380067876137,0,0.38076614996013364,1.3882762208639037,1.4757093751429415,0.04999999999999999,2.192305733319986,39.9234366165111,5.108894087473188,0.1,update/actual,shadow_fp32,sparse
warmup,12,10,1,270,12,2.6779777487990346,0,0.04572864787058825,0.04572864787058825,0.024672184580041494,8.0,10,39.82976291930632,0,0.6938251855502122,0.6938251855502122,0.018324126755280463,0.004761904761904762,37.39774810724933,1388.6654451504653,0.6462827255109516,0.6,update/direction_norm,native,sparse
post,21,10,401,5376,10,250.8846054160527,0,0.6408196538533134,0.6408196538533134,0.004182587300822083,126.0,21,20.828717146165868,0,0.09186557234431288,0.09711769619406725,0.005109277403243693,0.04999999999999999,232.54031147114057,7643.739069682176,0.5048840507438288,0.2,update/direction_norm,native,sparse
warmup,12,10,1,270,12,2.6779777487990346,0,0.04572864787058825,0.04572864787058825,0.024672184580041494,8.0,10,39.82976291930632,0,0.6938251855502122,0.6938251855502122,0.018324126755280463,0.004761904761904762,37.39774810724933,1388.6654451504653,0.6462827255109516,0.6,update/direction_norm,shadow_fp32,sparse
post,21,10,401,5376,10,250.8846054160527,0,0.6408196538533134,0.6408196538533134,0.004182587300822083,126.0,21,20.828717146165868,0,0.09186557234431288,0.09711769619406725,0.005109277403243693,0.04999999999999999,232.54031147114057,7643.739069682176,0.5048840507438288,0.2,update/direction_norm,shadow_fp32,sparse
warmup,12,10,1,270,12,2.1567915370776944,0,-0.02065783694361851,0.02065783694361851,0.009808977645257295,8.0,10,23.34631356717714,0,-0.22038510523971544,0.22038510523971544,0.009473418758526829,0.004761904761904762,21.434966147333796,301.30811673852617,0.19972726829609694,0.0,update/loss_after,native,sparse
post,21,10,401,5376,10,2.413072023549277,0,-0.0077504363314410026,0.03546171117724171,0.013817480891858858,126.0,21,10.794128609909308,0,-0.17382482599370885,0.17382482599370885,0.01731987554369378,0.04999999999999999,7.686136655400736,22.07317930849985,0.1659267223670648,0.5,update/loss_after,native,sparse
warmup,12,10,1,270,12,2.186122314611688,0,-0.021073156224379497,0.021073156224379497,0.009762235980341864,8.0,10,23.731463494535276,0,-0.22057185157993736,0.22057185157993736,0.009404713269706681,0.004761904761904762,21.797992065205577,294.45017972882107,0.1994195597370134,0.0,update/loss_after,shadow_fp32,sparse
post,21,10,401,5376,10,2.441344403733707,0,-0.008438691443513944,0.03570094418313369,0.013638486363774724,126.0,21,10.84971856858671,0,-0.17425596618344194,0.17425596618344194,0.017417652760643734,0.04999999999999999,7.692234194939848,22.425937088781737,0.1661253553979296,0.5,update/loss_after,shadow_fp32,sparse
warmup,12,10,1,270,12,2.912613269556271,0,-0.015566654817684608,0.015566654817684608,0.0028915744533859044,8.0,10,53.545359321820314,0,-0.20783124172864925,0.20783124172864925,0.0044316372105947174,0.004761904761904762,48.916493149213096,480.55645921824913,0.16841612832530437,0.0,update/loss_before,native,sparse
post,21,10,401,5376,10,2.5129478828613236,0,-0.025226836561122817,0.03200897244962257,0.012481583304291614,126.0,21,12.57473557580195,0,-0.17637175071026923,0.17637175071026923,0.01477868108657795,0.04999999999999999,11.680267545859769,22.52919237867842,0.19153575399163794,0.4,update/loss_before,native,sparse
warmup,12,10,1,270,12,2.889907462434585,0,-0.01535966792034275,0.01535966792034275,0.002961804200509556,8.0,10,53.94809009331891,0,-0.20755843345586222,0.20755843345586222,0.004435831628110064,0.004761904761904762,49.32750840800276,461.27370187460724,0.16808595983270636,0.0,update/loss_before,shadow_fp32,sparse
post,21,10,401,5376,10,2.5144428834404615,0,-0.025788326941224255,0.03189016763486653,0.012350000399462997,126.0,21,13.12078177502384,0,-0.17622499984370096,0.17622499984370096,0.014870254168997985,0.04999999999999999,11.522572496914268,23.75215422963534,0.19201410310502515,0.4,update/loss_before,shadow_fp32,sparse
warmup,12,10,1,270,12,0.6888650788867421,0,-0.010244669866827066,0.5855121241271127,0.6029965795095312,8.0,10,1.6298545345471358,0,-0.058105455167356934,1.2464905184074284,0.7512133089702278,0.004761904761904762,1.458939733429264,65.22585178741721,1.4956812316017594,0.5,update/normalized_residual,native,sparse
post,21,10,401,5376,10,0.8164621259866769,0,-1.1818499068800352,1.3642253052763502,1.9061083940507286,126.0,21,0.2979751536861018,0,-0.08463972584074331,1.2794987548023977,2.4762723497640056,0.04999999999999999,0.5618689303330762,4.65627246973574,0.6900728092704569,0.1,update/normalized_residual,native,sparse
warmup,12,10,1,270,12,0.5776466841441482,0,-0.20754767936319934,0.4367144563443207,0.6979963934422431,8.0,10,1.459044371903262,0,-0.7274627837960269,1.9812438104985162,0.7651241699007003,0.004761904761904762,2.5786156805926144,201.68617051752196,2.620843966544061,0.5,update/normalized_residual,shadow_fp32,sparse
post,21,10,401,5376,10,2.1633312629388928,0,-0.2294765733191264,3.180660241988348,2.6162069604708313,126.0,21,0.6166453924476697,0,0.5748809537200305,1.0967913680030053,2.440128225733147,0.04999999999999999,1.030014431540587,11.29098403258391,1.5584148516671532,0.1,update/normalized_residual,shadow_fp32,sparse
warmup,12,10,1,270,12,1.9910766718931021,0,-0.13502397147742623,0.17473251878243923,0.1230080091058325,8.0,10,10.206413330543551,0,-0.6767776175376886,0.9668203914973268,0.07266935887355247,0.004761904761904762,8.790056182059125,179.92942009000464,0.8015639143529787,0.3,update/p1,native,sparse
post,21,10,401,5376,10,2.7202743152351028,0,-0.2490646442276241,1.1616344025546819,0.8623225254935106,126.0,21,1.391848830669266,0,0.8077189673565668,0.8397052702038869,0.6938047227702819,0.04999999999999999,2.722309386454155,18.319642442575187,0.8525476749948597,0.3,update/p1,native,sparse
warmup,12,10,1,270,12,1.9738302815839806,0,-0.13742419310843923,0.17511729335679804,0.12393343117251193,8.0,10,10.191099729132251,0,-0.6706022939799949,0.9681350342025075,0.07331029193511696,0.004761904761904762,8.669999718917914,169.90987598926898,0.7966677890010204,0.3,update/p1,shadow_fp32,sparse
post,21,10,401,5376,10,2.7187573481555933,0,-0.2599195154967508,1.1480541096420904,0.8666668725769848,126.0,21,1.3976008146621652,0,0.8126743548927968,0.8444053114206708,0.6916748566315689,0.04999999999999999,2.7720351741089755,18.279879968731574,0.8627238347219566,0.3,update/p1,shadow_fp32,sparse
warmup,12,10,1,270,12,2.1338214067722783,0,-0.14081676871010967,0.38309588130729355,0.24052162257224036,8.0,10,8.698996313656957,0,-0.6786683609868243,1.2799144176815538,0.1871546887636601,0.004761904761904762,7.452947892442685,135.12951485506903,1.5709802004289328,0.2,update/p2,native,sparse
post,21,10,401,5376,10,2.9205126581904213,0,-0.8475178085583961,7.01267667731099,2.4722201185041777,126.0,21,0.9369707054436917,0,0.3886906568452576,1.6364938760179135,1.4662317408652796,0.04999999999999999,2.1312323063593057,39.76167461715603,4.95705002438449,0.1,update/p2,native,sparse
warmup,12,10,1,270,12,2.1620487651581572,0,-0.1447381527835611,0.3899801673967709,0.2396364013016163,8.0,10,8.687077155401841,0,-0.6797058747618976,1.286332714648617,0.1845789419620794,0.004761904761904762,7.492171499386107,140.45960659986068,1.5371539305368869,0.2,update/p2,shadow_fp32,sparse
post,21,10,401,5376,10,2.9137889947282263,0,-0.8496027872658871,6.916905054584507,2.421577384907618,126.0,21,0.9440045129089285,0,0.38345115397806695,1.5668025586918821,1.454412854696041,0.04999999999999999,2.1375500933370253,39.57985108636212,4.699810376231413,0.1,update/p2,shadow_fp32,sparse
warmup,12,10,1,270,12,0.6581653887594856,0,0.11905984907928427,0.188330820834111,0.10502279225451475,8.0,10,7.1679393474193205,0,-0.042743012705041133,0.9626131833581366,0.13139913095107864,0.004761904761904762,4.962838382581425,1631.247019776206,0.6159731638564576,0.6,update/residual_p1,native,sparse
post,21,10,401,5376,10,4.804402393463128,0,0.3325700359565742,0.670100181507723,0.12568428786210936,126.0,21,2.5212818624788835,0,-0.48913702379025714,0.5088461537203589,0.14723162596525696,0.04999999999999999,6.664320805811268,52.0435232208809,0.8742787435562982,0.5,update/residual_p1,native,sparse
warmup,12,10,1,270,12,0.6016305802861848,0,0.03648521257589345,0.10469003587072714,0.11155227436399376,8.0,10,6.940262014151061,0,-0.06475977510589814,0.9622840402612309,0.12128608340410296,0.004761904761904762,4.696129260948209,582.0745704582041,0.6381308125967224,0.6,update/residual_p1,shadow_fp32,sparse
post,21,10,401,5376,10,5.781065811120786,0,0.29861411047779846,0.619990764797073,0.1164473049895941,126.0,21,3.5589746525871933,0,-0.4539717241822599,0.4539717241822599,0.11854266759512411,0.04999999999999999,7.688667918490885,649.3740411220975,0.8393238222794501,0.5,update/residual_p1,shadow_fp32,sparse
warmup,12,10,1,270,12,1.0524696913375022,0,0.18571730148164883,0.4736416792620421,0.6770004975788024,8.0,10,2.2854061587742,0,-0.5117433488593628,1.703330247642214,0.5833675987533626,0.004761904761904762,1.838236671352363,138.34263130440416,1.666035383481347,0.5,update/residual_p2,native,sparse
post,21,10,401,5376,10,1.065219300114013,0,-0.19130113046179714,1.6786832692263314,1.4073559401170743,126.0,21,0.7718593143611224,0,0.5366083983984623,1.05761079694787,1.6500870909582213,0.04999999999999999,0.9323003897655686,3.2054145114689785,0.5327396938469771,0.2,update/residual_p2,native,sparse
warmup,12,10,1,270,12,1.6428299157295272,0,-0.09857834989580488,0.4641012420357146,0.6851487711203066,8.0,10,2.908654807300074,0,-1.3112918601734962,2.004953002172414,0.5426099955683826,0.004761904761904762,3.4834518991998698,444.3630122977876,2.5914762180891193,0.5,update/residual_p2,shadow_fp32,sparse
post,21,10,401,5376,10,2.147939647532289,0,0.4935440371355754,1.7045390698135865,0.8924960324258561,126.0,21,0.9117539496366432,0,0.623357561501555,0.8997123563099373,1.1990923788372245,0.04999999999999999,1.5691685905204904,312.92523037914543,1.79131891413094,0.2,update/residual_p2,shadow_fp32,sparse
