run,kind,s0,s1,gap,progress,cos
d12-s10,batch_grad,0,101,101,0.0,0.030046762805907484
d12-s10,batch_grad,0,202,202,0.0,-0.032818169292334144
d12-s10,batch_grad,0,303,303,0.0,0.043616819440162574
d12-s10,batch_grad,0,404,404,0.0,0.006580538329140175
d12-s10,batch_grad,0,505,505,0.0,0.010596202968251004
d12-s10,batch_grad,0,606,606,0.0,-0.022031057268981268
d12-s10,batch_grad,0,707,707,0.0,0.01716542855001492
d12-s10,batch_grad,0,808,808,0.0,0.017339474326410254
d12-s10,batch_grad,0,909,909,0.0,-0.0032017574065478873
d12-s10,batch_grad,0,1010,1010,0.0,0.009677432617683664
d12-s10,batch_grad,0,1111,1111,0.0,0.0004610264292412694
d12-s10,batch_grad,0,1212,1212,0.0,0.008868199034238277
d12-s10,batch_grad,0,1313,1313,0.0,-0.004955149456506394
d12-s10,batch_grad,0,1414,1414,0.0,-0.01007611862942353
d12-s10,batch_grad,0,1515,1515,0.0,0.011262079629217157
d12-s10,batch_grad,0,1616,1616,0.0,-0.000669676540844903
d12-s10,batch_grad,0,1717,1717,0.0,-0.0092799813993438
d12-s10,batch_grad,0,1818,1818,0.0,0.007592899449518199
d12-s10,batch_grad,0,1919,1919,0.0,0.005229088683947168
d12-s10,batch_grad,0,2020,2020,0.0,-0.0035525051651486895
d12-s10,batch_grad,0,2121,2121,0.0,0.0022782853985700174
d12-s10,batch_grad,0,2222,2222,0.0,-0.000789738664055633
d12-s10,batch_grad,0,2323,2323,0.0,0.0007405494063293289
d12-s10,batch_grad,0,2424,2424,0.0,0.005020447437858339
d12-s10,batch_grad,101,202,101,0.04007936507936508,-0.0032122324605630696
d12-s10,batch_grad,101,303,202,0.04007936507936508,-0.006319847230713371
d12-s10,batch_grad,101,404,303,0.04007936507936508,-0.11452446634773084
d12-s10,batch_grad,101,505,404,0.04007936507936508,0.09963687916013098
d12-s10,batch_grad,101,606,505,0.04007936507936508,0.016806530710408805
d12-s10,batch_grad,101,707,606,0.04007936507936508,0.06799575414623271
d12-s10,batch_grad,101,808,707,0.04007936507936508,-0.07254262364990263
d12-s10,batch_grad,101,909,808,0.04007936507936508,-0.08059665106221138
d12-s10,batch_grad,101,1010,909,0.04007936507936508,-0.040159060025042166
d12-s10,batch_grad,101,1111,1010,0.04007936507936508,-0.0692261200491184
d12-s10,batch_grad,101,1212,1111,0.04007936507936508,0.008019821690997075
d12-s10,batch_grad,101,1313,1212,0.04007936507936508,0.06929660088879593
d12-s10,batch_grad,101,1414,1313,0.04007936507936508,-0.05385029296321664
d12-s10,batch_grad,101,1515,1414,0.04007936507936508,0.03809990965508036
d12-s10,batch_grad,101,1616,1515,0.04007936507936508,-0.059812875634984934
d12-s10,batch_grad,101,1717,1616,0.04007936507936508,-0.006646786468277636
d12-s10,batch_grad,101,1818,1717,0.04007936507936508,-0.0002525917973973032
d12-s10,batch_grad,101,1919,1818,0.04007936507936508,-0.040234995169213236
d12-s10,batch_grad,101,2020,1919,0.04007936507936508,-0.024983871732824164
d12-s10,batch_grad,101,2121,2020,0.04007936507936508,-0.019592458381567774
d12-s10,batch_grad,101,2222,2121,0.04007936507936508,0.012153147938879288
d12-s10,batch_grad,101,2323,2222,0.04007936507936508,0.02420836672771675
d12-s10,batch_grad,101,2424,2323,0.04007936507936508,0.018270762454863997
d12-s10,batch_grad,202,303,101,0.08015873015873017,-0.2273207090584085
d12-s10,batch_grad,202,404,202,0.08015873015873017,0.07099255696141783
d12-s10,batch_grad,202,505,303,0.08015873015873017,-0.12853288442313723
d12-s10,batch_grad,202,606,404,0.08015873015873017,0.08076876018576506
d12-s10,batch_grad,202,707,505,0.08015873015873017,-0.05794588754588896
d12-s10,batch_grad,202,808,606,0.08015873015873017,-0.028871277466625385
d12-s10,batch_grad,202,909,707,0.08015873015873017,0.06356486699175111
d12-s10,batch_grad,202,1010,808,0.08015873015873017,-0.07070565797027281
d12-s10,batch_grad,202,1111,909,0.08015873015873017,0.02998456244887496
d12-s10,batch_grad,202,1212,1010,0.08015873015873017,-0.12608221275448425
d12-s10,batch_grad,202,1313,1111,0.08015873015873017,-0.10153098443488637
d12-s10,batch_grad,202,1414,1212,0.08015873015873017,0.09612358471971268
d12-s10,batch_grad,202,1515,1313,0.08015873015873017,-0.054407708335828704
d12-s10,batch_grad,202,1616,1414,0.08015873015873017,0.09592520254041981
d12-s10,batch_grad,202,1717,1515,0.08015873015873017,0.06236114685978902
d12-s10,batch_grad,202,1818,1616,0.08015873015873017,-0.027493663906467007
d12-s10,batch_grad,202,1919,1717,0.08015873015873017,0.05109603569551883
d12-s10,batch_grad,202,2020,1818,0.08015873015873017,0.016148575414521058
d12-s10,batch_grad,202,2121,1919,0.08015873015873017,-0.05234988357305513
d12-s10,batch_grad,202,2222,2020,0.08015873015873017,-0.03218343182889693
d12-s10,batch_grad,202,2323,2121,0.08015873015873017,0.01941659763123773
d12-s10,batch_grad,202,2424,2222,0.08015873015873017,-0.025660405122750442
d12-s10,batch_grad,303,404,101,0.12023809523809524,0.2331108706351343
d12-s10,batch_grad,303,505,202,0.12023809523809524,0.15916584318446148
d12-s10,batch_grad,303,606,303,0.12023809523809524,-0.16353671790459146
d12-s10,batch_grad,303,707,404,0.12023809523809524,0.02013819942626861
d12-s10,batch_grad,303,808,505,0.12023809523809524,0.24731975790450858
d12-s10,batch_grad,303,909,606,0.12023809523809524,-0.18556277079252237
d12-s10,batch_grad,303,1010,707,0.12023809523809524,0.04819285271056788
d12-s10,batch_grad,303,1111,808,0.12023809523809524,0.11536635243504668
d12-s10,batch_grad,303,1212,909,0.12023809523809524,0.20549753673323992
d12-s10,batch_grad,303,1313,1010,0.12023809523809524,-0.07920779817703226
d12-s10,batch_grad,303,1414,1111,0.12023809523809524,-0.021672201252666758
d12-s10,batch_grad,303,1515,1212,0.12023809523809524,-0.034897783755122216
d12-s10,batch_grad,303,1616,1313,0.12023809523809524,-0.07129937092565054
d12-s10,batch_grad,303,1717,1414,0.12023809523809524,0.014263451311365681
d12-s10,batch_grad,303,1818,1515,0.12023809523809524,0.012563678062678142
d12-s10,batch_grad,303,1919,1616,0.12023809523809524,-0.041182671755037495
d12-s10,batch_grad,303,2020,1717,0.12023809523809524,0.030147540326174057
d12-s10,batch_grad,303,2121,1818,0.12023809523809524,0.0488854895286204
d12-s10,batch_grad,303,2222,1919,0.12023809523809524,-0.02002931739043826
d12-s10,batch_grad,303,2323,2020,0.12023809523809524,-0.025385113708634475
d12-s10,batch_grad,303,2424,2121,0.12023809523809524,0.0067881582402366854
d12-s10,batch_grad,404,505,101,0.16031746031746033,-0.16531046512719624
d12-s10,batch_grad,404,606,202,0.16031746031746033,-0.2187793924457674
d12-s10,batch_grad,404,707,303,0.16031746031746033,-0.2025939105583559
d12-s10,batch_grad,404,808,404,0.16031746031746033,0.27841266863368364
d12-s10,batch_grad,404,909,505,0.16031746031746033,0.18484434487477594
d12-s10,batch_grad,404,1010,606,0.16031746031746033,0.1276044655362348
d12-s10,batch_grad,404,1111,707,0.16031746031746033,0.4587793105871459
d12-s10,batch_grad,404,1212,808,0.16031746031746033,-0.019172477961498124
d12-s10,batch_grad,404,1313,909,0.16031746031746033,-0.4149900221783281
d12-s10,batch_grad,404,1414,1010,0.16031746031746033,0.2059773893548437
d12-s10,batch_grad,404,1515,1111,0.16031746031746033,-0.10120300807260456
d12-s10,batch_grad,404,1616,1212,0.16031746031746033,0.24790107977595122
d12-s10,batch_grad,404,1717,1313,0.16031746031746033,0.08283494168406667
d12-s10,batch_grad,404,1818,1414,0.16031746031746033,0.09386502030832765
d12-s10,batch_grad,404,1919,1515,0.16031746031746033,0.24168724487200433
d12-s10,batch_grad,404,2020,1616,0.16031746031746033,0.036866170272307944
d12-s10,batch_grad,404,2121,1717,0.16031746031746033,0.06936213809858606
d12-s10,batch_grad,404,2222,1818,0.16031746031746033,-0.03555481621438129
d12-s10,batch_grad,404,2323,1919,0.16031746031746033,-0.09792944293806156
d12-s10,batch_grad,404,2424,2020,0.16031746031746033,-0.01761016569544836
d12-s10,batch_grad,505,606,101,0.2003968253968254,-0.029899322068320636
d12-s10,batch_grad,505,707,202,0.2003968253968254,0.28252487212281285
d12-s10,batch_grad,505,808,303,0.2003968253968254,0.0012480190767732381
d12-s10,batch_grad,505,909,404,0.2003968253968254,-0.39585885946864935
d12-s10,batch_grad,505,1010,505,0.2003968253968254,-0.12234355009223737
d12-s10,batch_grad,505,1111,606,0.2003968253968254,-0.07471922772766897
d12-s10,batch_grad,505,1212,707,0.2003968253968254,0.20936045074480317
d12-s10,batch_grad,505,1313,808,0.2003968253968254,0.2530594875982239
d12-s10,batch_grad,505,1414,909,0.2003968253968254,-0.2952814245448416
d12-s10,batch_grad,505,1515,1010,0.2003968253968254,0.3011971418311483
d12-s10,batch_grad,505,1616,1111,0.2003968253968254,-0.3348519406846787
d12-s10,batch_grad,505,1717,1212,0.2003968253968254,-0.06184371649683884
d12-s10,batch_grad,505,1818,1313,0.2003968253968254,0.15494025105307152
d12-s10,batch_grad,505,1919,1414,0.2003968253968254,-0.13652356108835415
d12-s10,batch_grad,505,2020,1515,0.2003968253968254,-0.08969617764897861
d12-s10,batch_grad,505,2121,1616,0.2003968253968254,0.07779848200016114
d12-s10,batch_grad,505,2222,1717,0.2003968253968254,0.02347013789310978
d12-s10,batch_grad,505,2323,1818,0.2003968253968254,0.13076248816092798
d12-s10,batch_grad,505,2424,1919,0.2003968253968254,0.048685572280798485
d12-s10,batch_grad,606,707,101,0.24047619047619048,-0.17666251977536288
d12-s10,batch_grad,606,808,202,0.24047619047619048,-0.2938886107619026
d12-s10,batch_grad,606,909,303,0.24047619047619048,-0.2041343544747104
d12-s10,batch_grad,606,1010,404,0.24047619047619048,-0.39208088103044103
d12-s10,batch_grad,606,1111,505,0.24047619047619048,-0.10946407676421822
d12-s10,batch_grad,606,1212,606,0.24047619047619048,-0.10207693421412124
d12-s10,batch_grad,606,1313,707,0.24047619047619048,0.24794767106332247
d12-s10,batch_grad,606,1414,808,0.24047619047619048,0.17585177872794922
d12-s10,batch_grad,606,1515,909,0.24047619047619048,-0.1088521356908312
d12-s10,batch_grad,606,1616,1010,0.24047619047619048,0.07611901129493266
d12-s10,batch_grad,606,1717,1111,0.24047619047619048,-0.007362860921069278
d12-s10,batch_grad,606,1818,1212,0.24047619047619048,-0.15640723721039648
d12-s10,batch_grad,606,1919,1313,0.24047619047619048,-0.12375177951940827
d12-s10,batch_grad,606,2020,1414,0.24047619047619048,0.047706687382452366
d12-s10,batch_grad,606,2121,1515,0.24047619047619048,-0.14092007256793784
d12-s10,batch_grad,606,2222,1616,0.24047619047619048,-0.05491085342161979
d12-s10,batch_grad,606,2323,1717,0.24047619047619048,0.022056955689098854
d12-s10,batch_grad,606,2424,1818,0.24047619047619048,-0.09532187768910269
d12-s10,batch_grad,707,808,101,0.28055555555555556,0.11823483833648805
d12-s10,batch_grad,707,909,202,0.28055555555555556,-0.1892871392048254
d12-s10,batch_grad,707,1010,303,0.28055555555555556,0.15835484307517583
d12-s10,batch_grad,707,1111,404,0.28055555555555556,-0.07230334427596342
d12-s10,batch_grad,707,1212,505,0.28055555555555556,0.3095278255565378
d12-s10,batch_grad,707,1313,606,0.28055555555555556,0.1574870830674248
d12-s10,batch_grad,707,1414,707,0.28055555555555556,-0.6007011717860579
d12-s10,batch_grad,707,1515,808,0.28055555555555556,0.44055858793574426
d12-s10,batch_grad,707,1616,909,0.28055555555555556,-0.34547690797048275
d12-s10,batch_grad,707,1717,1010,0.28055555555555556,-0.4230305921149948
d12-s10,batch_grad,707,1818,1111,0.28055555555555556,0.43173515324320355
d12-s10,batch_grad,707,1919,1212,0.28055555555555556,-0.015403445370359287
d12-s10,batch_grad,707,2020,1313,0.28055555555555556,-0.3510012285669612
d12-s10,batch_grad,707,2121,1414,0.28055555555555556,0.25879957559556027
d12-s10,batch_grad,707,2222,1515,0.28055555555555556,0.13666684363714038
d12-s10,batch_grad,707,2323,1616,0.28055555555555556,0.11936825329030532
d12-s10,batch_grad,707,2424,1717,0.28055555555555556,-0.017698432335257912
d12-s10,batch_grad,808,909,101,0.32063492063492066,-0.018286761284781676
d12-s10,batch_grad,808,1010,202,0.32063492063492066,0.4361937705649876
d12-s10,batch_grad,808,1111,303,0.32063492063492066,0.12438681931353024
d12-s10,batch_grad,808,1212,404,0.32063492063492066,0.483376089986353
d12-s10,batch_grad,808,1313,505,0.32063492063492066,-0.23669942256460805
d12-s10,batch_grad,808,1414,606,0.32063492063492066,-0.22111240192084664
d12-s10,batch_grad,808,1515,707,0.32063492063492066,0.2907863348206384
d12-s10,batch_grad,808,1616,808,0.32063492063492066,0.011104202160414672
d12-s10,batch_grad,808,1717,909,0.32063492063492066,-0.2530530214104843
d12-s10,batch_grad,808,1818,1010,0.32063492063492066,0.3363407715310079
d12-s10,batch_grad,808,1919,1111,0.32063492063492066,0.16590318864092518
d12-s10,batch_grad,808,2020,1212,0.32063492063492066,-0.25600826253413905
d12-s10,batch_grad,808,2121,1313,0.32063492063492066,0.35979356462775564
d12-s10,batch_grad,808,2222,1414,0.32063492063492066,-0.12066191212295638
d12-s10,batch_grad,808,2323,1515,0.32063492063492066,-0.022642643492203622
d12-s10,batch_grad,808,2424,1616,0.32063492063492066,-0.0382547673548083
d12-s10,batch_grad,909,1010,101,0.3607142857142857,0.24340199883855418
d12-s10,batch_grad,909,1111,202,0.3607142857142857,0.1804699835866809
d12-s10,batch_grad,909,1212,303,0.3607142857142857,-0.4705208702271961
d12-s10,batch_grad,909,1313,404,0.3607142857142857,-0.4515667372276722
d12-s10,batch_grad,909,1414,505,0.3607142857142857,0.2751065781164128
d12-s10,batch_grad,909,1515,606,0.3607142857142857,-0.15139060585506509
d12-s10,batch_grad,909,1616,707,0.3607142857142857,0.4122673634436538
d12-s10,batch_grad,909,1717,808,0.3607142857142857,0.1514129088757279
d12-s10,batch_grad,909,1818,909,0.3607142857142857,-0.025203244228234885
d12-s10,batch_grad,909,1919,1010,0.3607142857142857,0.36022089926432665
d12-s10,batch_grad,909,2020,1111,0.3607142857142857,0.030561548578535252
d12-s10,batch_grad,909,2121,1212,0.3607142857142857,0.023858095258351763
d12-s10,batch_grad,909,2222,1313,0.3607142857142857,-0.03225639958556734
d12-s10,batch_grad,909,2323,1414,0.3607142857142857,-0.017603608548084716
d12-s10,batch_grad,909,2424,1515,0.3607142857142857,-0.01571923852549802
d12-s10,batch_grad,1010,1111,101,0.4007936507936508,-0.13093685961095977
d12-s10,batch_grad,1010,1212,202,0.4007936507936508,0.16032898537567927
d12-s10,batch_grad,1010,1313,303,0.4007936507936508,-0.24390728696855413
d12-s10,batch_grad,1010,1414,404,0.4007936507936508,-0.3535125614682726
d12-s10,batch_grad,1010,1515,505,0.4007936507936508,0.28988774007761275
d12-s10,batch_grad,1010,1616,606,0.4007936507936508,0.15817899434186794
d12-s10,batch_grad,1010,1717,707,0.4007936507936508,-0.2708602194699406
d12-s10,batch_grad,1010,1818,808,0.4007936507936508,0.3224085397716787
d12-s10,batch_grad,1010,1919,909,0.4007936507936508,0.0495201530477784
d12-s10,batch_grad,1010,2020,1010,0.4007936507936508,-0.23356028112678126
d12-s10,batch_grad,1010,2121,1111,0.4007936507936508,0.3857986133706986
d12-s10,batch_grad,1010,2222,1212,0.4007936507936508,-0.10041753078672339
d12-s10,batch_grad,1010,2323,1313,0.4007936507936508,-0.01635567470012816
d12-s10,batch_grad,1010,2424,1414,0.4007936507936508,0.03779098649879007
d12-s10,batch_grad,1111,1212,101,0.44087301587301586,0.08938500257307117
d12-s10,batch_grad,1111,1313,202,0.44087301587301586,-0.3767753231283115
d12-s10,batch_grad,1111,1414,303,0.44087301587301586,0.1525798002946883
d12-s10,batch_grad,1111,1515,404,0.44087301587301586,0.022264247190421704
d12-s10,batch_grad,1111,1616,505,0.44087301587301586,0.029358584331242995
d12-s10,batch_grad,1111,1717,606,0.44087301587301586,-0.0050586123037172255
d12-s10,batch_grad,1111,1818,707,0.44087301587301586,0.2566990804102379
d12-s10,batch_grad,1111,1919,808,0.44087301587301586,0.37598463191715364
d12-s10,batch_grad,1111,2020,909,0.44087301587301586,-0.055067229221471524
d12-s10,batch_grad,1111,2121,1010,0.44087301587301586,0.10082836732976483
d12-s10,batch_grad,1111,2222,1111,0.44087301587301586,0.028032766883878808
d12-s10,batch_grad,1111,2323,1212,0.44087301587301586,-0.04745417772371164
d12-s10,batch_grad,1111,2424,1313,0.44087301587301586,-0.08678244158963912
d12-s10,batch_grad,1212,1313,101,0.48095238095238096,0.2957122811172538
d12-s10,batch_grad,1212,1414,202,0.48095238095238096,-0.498735684724053
d12-s10,batch_grad,1212,1515,303,0.48095238095238096,0.39053770179471087
d12-s10,batch_grad,1212,1616,404,0.48095238095238096,-0.4645741952108604
d12-s10,batch_grad,1212,1717,505,0.48095238095238096,-0.4483735055474126
d12-s10,batch_grad,1212,1818,606,0.48095238095238096,0.38557752980140175
d12-s10,batch_grad,1212,1919,707,0.48095238095238096,-0.12949172051984037
d12-s10,batch_grad,1212,2020,808,0.48095238095238096,-0.284228253475538
d12-s10,batch_grad,1212,2121,909,0.48095238095238096,0.3146076244176956
d12-s10,batch_grad,1212,2222,1010,0.48095238095238096,0.015078699185393197
d12-s10,batch_grad,1212,2323,1111,0.48095238095238096,-0.022967479379796336
d12-s10,batch_grad,1212,2424,1212,0.48095238095238096,-0.012315546787845594
d12-s10,batch_grad,1313,1414,101,0.5210317460317461,-0.23902911961456552
d12-s10,batch_grad,1313,1515,202,0.5210317460317461,0.014550161745161817
d12-s10,batch_grad,1313,1616,303,0.5210317460317461,-0.48027699363339804
d12-s10,batch_grad,1313,1717,404,0.5210317460317461,-0.16581223419260324
d12-s10,batch_grad,1313,1818,505,0.5210317460317461,-0.11535370947868155
d12-s10,batch_grad,1313,1919,606,0.5210317460317461,-0.4828019163862888
d12-s10,batch_grad,1313,2020,707,0.5210317460317461,0.002817728305453005
d12-s10,batch_grad,1313,2121,808,0.5210317460317461,-0.09772857387627133
d12-s10,batch_grad,1313,2222,909,0.5210317460317461,0.1339705558461116
d12-s10,batch_grad,1313,2323,1010,0.5210317460317461,-0.029272504663384238
d12-s10,batch_grad,1313,2424,1111,0.5210317460317461,-0.003885772737335294
d12-s10,batch_grad,1414,1515,101,0.5611111111111111,-0.557111580456203
d12-s10,batch_grad,1414,1616,202,0.5611111111111111,0.37491001184508477
d12-s10,batch_grad,1414,1717,303,0.5611111111111111,0.536827793521787
d12-s10,batch_grad,1414,1818,404,0.5611111111111111,-0.4354949063331003
d12-s10,batch_grad,1414,1919,505,0.5611111111111111,0.10689503417400668
d12-s10,batch_grad,1414,2020,606,0.5611111111111111,0.432650133780236
d12-s10,batch_grad,1414,2121,707,0.5611111111111111,-0.3955458681352213
d12-s10,batch_grad,1414,2222,808,0.5611111111111111,-0.13058061212710295
d12-s10,batch_grad,1414,2323,909,0.5611111111111111,-0.13412518321295241
d12-s10,batch_grad,1414,2424,1010,0.5611111111111111,-0.0649223981528355
d12-s10,batch_grad,1515,1616,101,0.6011904761904762,-0.15000477543725527
d12-s10,batch_grad,1515,1717,202,0.6011904761904762,-0.5019835096303659
d12-s10,batch_grad,1515,1818,303,0.6011904761904762,0.5964599510241047
d12-s10,batch_grad,1515,1919,404,0.6011904761904762,0.11913144293007884
d12-s10,batch_grad,1515,2020,505,0.6011904761904762,-0.46026306947905643
d12-s10,batch_grad,1515,2121,606,0.6011904761904762,0.4203211700568898
d12-s10,batch_grad,1515,2222,707,0.6011904761904762,0.017487165011605823
d12-s10,batch_grad,1515,2323,808,0.6011904761904762,0.10264876443356992
d12-s10,batch_grad,1515,2424,909,0.6011904761904762,0.07285979617009695
d12-s10,batch_grad,1616,1717,101,0.6412698412698413,0.13688462012726055
d12-s10,batch_grad,1616,1818,202,0.6412698412698413,-0.11353655492881104
d12-s10,batch_grad,1616,1919,303,0.6412698412698413,0.2662141724782485
d12-s10,batch_grad,1616,2020,404,0.6412698412698413,0.10805470519210103
d12-s10,batch_grad,1616,2121,505,0.6412698412698413,-0.011197093921021055
d12-s10,batch_grad,1616,2222,606,0.6412698412698413,-0.15286256139508692
d12-s10,batch_grad,1616,2323,707,0.6412698412698413,0.017999073701006483
d12-s10,batch_grad,1616,2424,808,0.6412698412698413,0.05367709090075823
d12-s10,batch_grad,1717,1818,101,0.6813492063492064,-0.5230369890995262
d12-s10,batch_grad,1717,1919,202,0.6813492063492064,-0.0036820090484560716
d12-s10,batch_grad,1717,2020,303,0.6813492063492064,0.5578861236040022
d12-s10,batch_grad,1717,2121,404,0.6813492063492064,-0.37018491631022016
d12-s10,batch_grad,1717,2222,505,0.6813492063492064,-0.08212773253381751
d12-s10,batch_grad,1717,2323,606,0.6813492063492064,-0.0590089867430471
d12-s10,batch_grad,1717,2424,707,0.6813492063492064,0.03429817238736653
d12-s10,batch_grad,1818,1919,101,0.7214285714285714,0.22885928754693038
d12-s10,batch_grad,1818,2020,202,0.7214285714285714,-0.49814916582324786
d12-s10,batch_grad,1818,2121,303,0.7214285714285714,0.4339266973262567
d12-s10,batch_grad,1818,2222,404,0.7214285714285714,0.021449140202351898
d12-s10,batch_grad,1818,2323,505,0.7214285714285714,0.05611066170460301
d12-s10,batch_grad,1818,2424,606,0.7214285714285714,-0.027829113977651976
d12-s10,batch_grad,1919,2020,101,0.7615079365079365,-0.13171830525228126
d12-s10,batch_grad,1919,2121,202,0.7615079365079365,0.16745558287069123
d12-s10,batch_grad,1919,2222,303,0.7615079365079365,-0.017935069723477155
d12-s10,batch_grad,1919,2323,404,0.7615079365079365,0.02190912520038476
d12-s10,batch_grad,1919,2424,505,0.7615079365079365,-0.015510398243387739
d12-s10,batch_grad,2020,2121,101,0.8015873015873016,-0.30180410856376766
d12-s10,batch_grad,2020,2222,202,0.8015873015873016,-0.012512073044632477
d12-s10,batch_grad,2020,2323,303,0.8015873015873016,-0.07047580761332686
d12-s10,batch_grad,2020,2424,404,0.8015873015873016,0.05383780630236772
d12-s10,batch_grad,2121,2222,101,0.8416666666666667,-0.08223380540286604
d12-s10,batch_grad,2121,2323,202,0.8416666666666667,0.06586302725682701
d12-s10,batch_grad,2121,2424,303,0.8416666666666667,0.019332234029100115
d12-s10,batch_grad,2222,2323,101,0.8817460317460317,-0.09864286674426236
d12-s10,batch_grad,2222,2424,202,0.8817460317460317,-0.0021788867612592814
d12-s10,batch_grad,2323,2424,101,0.9218253968253968,0.028775057958880884
d12-s10,probe_grad,0,1,1,0.0,0.9816572743580109
d12-s10,probe_grad,0,2,2,0.0,0.9795053637868925
d12-s10,probe_grad,0,4,4,0.0,0.9438180306002031
d12-s10,probe_grad,0,8,8,0.0,0.31425020379793184
d12-s10,probe_grad,0,16,16,0.0,0.6437521691354384
d12-s10,probe_grad,0,32,32,0.0,0.5538879865244399
d12-s10,probe_grad,0,40,40,0.0,0.48934710117280394
d12-s10,probe_grad,0,64,64,0.0,0.3555981406117494
d12-s10,probe_grad,0,126,126,0.0,0.1223079876070364
d12-s10,probe_grad,0,252,252,0.0,0.051519651258542604
d12-s10,probe_grad,0,378,378,0.0,0.03265873364900255
d12-s10,probe_grad,0,400,400,0.0,0.031282787422066555
d12-s10,probe_grad,0,504,504,0.0,0.02278440902398476
d12-s10,probe_grad,0,630,630,0.0,0.022019281798492593
d12-s10,probe_grad,0,756,756,0.0,0.022033283004081233
d12-s10,probe_grad,0,882,882,0.0,0.014387088281879207
d12-s10,probe_grad,0,1008,1008,0.0,0.015406354405557815
d12-s10,probe_grad,0,1134,1134,0.0,0.011195318404470451
d12-s10,probe_grad,0,1260,1260,0.0,0.009816024508826056
d12-s10,probe_grad,0,1385,1385,0.0,0.010843214202768039
d12-s10,probe_grad,0,1511,1511,0.0,0.009191256776345257
d12-s10,probe_grad,0,1637,1637,0.0,0.009804427679747168
d12-s10,probe_grad,0,1763,1763,0.0,0.009216035975238204
d12-s10,probe_grad,0,1889,1889,0.0,0.007888917432440705
d12-s10,probe_grad,0,2015,2015,0.0,0.009362256883026483
d12-s10,probe_grad,0,2141,2141,0.0,0.0089670469774532
d12-s10,probe_grad,0,2267,2267,0.0,0.008880902698887033
d12-s10,probe_grad,0,2393,2393,0.0,0.008949226722756392
d12-s10,probe_grad,0,2519,2519,0.0,0.008891396637730706
d12-s10,probe_grad,1,2,1,0.0003968253968253968,0.980775015709606
d12-s10,probe_grad,1,4,3,0.0003968253968253968,0.9489454294251686
d12-s10,probe_grad,1,8,7,0.0003968253968253968,0.31426399088384954
d12-s10,probe_grad,1,16,15,0.0003968253968253968,0.6488796387418392
d12-s10,probe_grad,1,32,31,0.0003968253968253968,0.5569930810065697
d12-s10,probe_grad,1,40,39,0.0003968253968253968,0.49218068644472046
d12-s10,probe_grad,1,64,63,0.0003968253968253968,0.3578952116333653
d12-s10,probe_grad,1,126,125,0.0003968253968253968,0.12304836561295235
d12-s10,probe_grad,1,252,251,0.0003968253968253968,0.05229489090775268
d12-s10,probe_grad,1,378,377,0.0003968253968253968,0.03285986140823033
d12-s10,probe_grad,1,400,399,0.0003968253968253968,0.03170301761314577
d12-s10,probe_grad,1,504,503,0.0003968253968253968,0.023061597287622963
d12-s10,probe_grad,1,630,629,0.0003968253968253968,0.022103542172428797
d12-s10,probe_grad,1,756,755,0.0003968253968253968,0.022174213084405675
d12-s10,probe_grad,1,882,881,0.0003968253968253968,0.014605758494478307
d12-s10,probe_grad,1,1008,1007,0.0003968253968253968,0.015530017582725101
d12-s10,probe_grad,1,1134,1133,0.0003968253968253968,0.011364057969140915
d12-s10,probe_grad,1,1260,1259,0.0003968253968253968,0.009971644026608169
d12-s10,probe_grad,1,1385,1384,0.0003968253968253968,0.010996327588216937
d12-s10,probe_grad,1,1511,1510,0.0003968253968253968,0.009392701558525328
d12-s10,probe_grad,1,1637,1636,0.0003968253968253968,0.00996634401264304
d12-s10,probe_grad,1,1763,1762,0.0003968253968253968,0.009397148588171797
d12-s10,probe_grad,1,1889,1888,0.0003968253968253968,0.00808360362556055
d12-s10,probe_grad,1,2015,2014,0.0003968253968253968,0.009517494335888634
d12-s10,probe_grad,1,2141,2140,0.0003968253968253968,0.00909774056918814
d12-s10,probe_grad,1,2267,2266,0.0003968253968253968,0.009004744762834293
d12-s10,probe_grad,1,2393,2392,0.0003968253968253968,0.00908159419950282
d12-s10,probe_grad,1,2519,2518,0.0003968253968253968,0.009001702520045734
d12-s10,probe_grad,2,4,2,0.0007936507936507937,0.9594824519113296
d12-s10,probe_grad,2,8,6,0.0007936507936507937,0.319943453753272
d12-s10,probe_grad,2,16,14,0.0007936507936507937,0.6606909305414718
d12-s10,probe_grad,2,32,30,0.0007936507936507937,0.5648833880150045
d12-s10,probe_grad,2,40,38,0.0007936507936507937,0.5001034393467648
d12-s10,probe_grad,2,64,62,0.0007936507936507937,0.3642258673495539
d12-s10,probe_grad,2,126,124,0.0007936507936507937,0.12496605079483458
d12-s10,probe_grad,2,252,250,0.0007936507936507937,0.05422384761107177
d12-s10,probe_grad,2,378,376,0.0007936507936507937,0.03330099422424659
d12-s10,probe_grad,2,400,398,0.0007936507936507937,0.032736896483955294
d12-s10,probe_grad,2,504,502,0.0007936507936507937,0.023763044824478014
d12-s10,probe_grad,2,630,628,0.0007936507936507937,0.022406775515184534
d12-s10,probe_grad,2,756,754,0.0007936507936507937,0.022676305538285972
d12-s10,probe_grad,2,882,880,0.0007936507936507937,0.015223101421354308
d12-s10,probe_grad,2,1008,1006,0.0007936507936507937,0.015954783574793158
d12-s10,probe_grad,2,1134,1132,0.0007936507936507937,0.011819502126015437
d12-s10,probe_grad,2,1260,1258,0.0007936507936507937,0.010382354770362354
d12-s10,probe_grad,2,1385,1383,0.0007936507936507937,0.011472737683923312
d12-s10,probe_grad,2,1511,1509,0.0007936507936507937,0.009939080864577511
d12-s10,probe_grad,2,1637,1635,0.0007936507936507937,0.010465661975252666
d12-s10,probe_grad,2,1763,1761,0.0007936507936507937,0.00987972588658534
d12-s10,probe_grad,2,1889,1887,0.0007936507936507937,0.008583647535180743
d12-s10,probe_grad,2,2015,2013,0.0007936507936507937,0.009991469632624891
d12-s10,probe_grad,2,2141,2139,0.0007936507936507937,0.009499281542648702
d12-s10,probe_grad,2,2267,2265,0.0007936507936507937,0.009389042194196725
d12-s10,probe_grad,2,2393,2391,0.0007936507936507937,0.009480107353298033
d12-s10,probe_grad,2,2519,2517,0.0007936507936507937,0.009357032188294097
d12-s10,probe_grad,4,8,4,0.0015873015873015873,0.3551019347715674
d12-s10,probe_grad,4,16,12,0.0015873015873015873,0.7100231877366484
d12-s10,probe_grad,4,32,28,0.0015873015873015873,0.5934553074125882
d12-s10,probe_grad,4,40,36,0.0015873015873015873,0.5303108188408584
d12-s10,probe_grad,4,64,60,0.0015873015873015873,0.38794140312695613
d12-s10,probe_grad,4,126,122,0.0015873015873015873,0.13061967683392992
d12-s10,probe_grad,4,252,248,0.0015873015873015873,0.06096296297100679
d12-s10,probe_grad,4,378,374,0.0015873015873015873,0.03417546817761056
d12-s10,probe_grad,4,400,396,0.0015873015873015873,0.03655780795654524
d12-s10,probe_grad,4,504,500,0.0015873015873015873,0.026601260122832475
d12-s10,probe_grad,4,630,626,0.0015873015873015873,0.0230268897275994
d12-s10,probe_grad,4,756,752,0.0015873015873015873,0.024424827671142846
d12-s10,probe_grad,4,882,878,0.0015873015873015873,0.017847216321753647
d12-s10,probe_grad,4,1008,1004,0.0015873015873015873,0.016927569036149816
d12-s10,probe_grad,4,1134,1130,0.0015873015873015873,0.013538574571634635
d12-s10,probe_grad,4,1260,1256,0.0015873015873015873,0.011938774681033566
d12-s10,probe_grad,4,1385,1381,0.0015873015873015873,0.01337199723129235
d12-s10,probe_grad,4,1511,1507,0.0015873015873015873,0.012259189624707026
d12-s10,probe_grad,4,1637,1633,0.0015873015873015873,0.012448098375851839
d12-s10,probe_grad,4,1763,1759,0.0015873015873015873,0.011961166656587587
d12-s10,probe_grad,4,1889,1885,0.0015873015873015873,0.010737640839752581
d12-s10,probe_grad,4,2015,2011,0.0015873015873015873,0.012082502407045816
d12-s10,probe_grad,4,2141,2137,0.0015873015873015873,0.011293101430512967
d12-s10,probe_grad,4,2267,2263,0.0015873015873015873,0.011103659068182089
d12-s10,probe_grad,4,2393,2389,0.0015873015873015873,0.011201153767838474
d12-s10,probe_grad,4,2519,2515,0.0015873015873015873,0.010963683845030598
d12-s10,probe_grad,8,16,8,0.0031746031746031746,0.31929793457070144
d12-s10,probe_grad,8,32,24,0.0031746031746031746,0.38082528470188104
d12-s10,probe_grad,8,40,32,0.0031746031746031746,0.3643638898020449
d12-s10,probe_grad,8,64,56,0.0031746031746031746,0.2848320048536395
d12-s10,probe_grad,8,126,118,0.0031746031746031746,0.10221298687231546
d12-s10,probe_grad,8,252,244,0.0031746031746031746,0.042296909235851846
d12-s10,probe_grad,8,378,370,0.0031746031746031746,0.039710395532511884
d12-s10,probe_grad,8,400,392,0.0031746031746031746,0.03604802452579131
d12-s10,probe_grad,8,504,496,0.0031746031746031746,0.02019024413265184
d12-s10,probe_grad,8,630,622,0.0031746031746031746,0.023343051737638072
d12-s10,probe_grad,8,756,748,0.0031746031746031746,0.015085561318061026
d12-s10,probe_grad,8,882,874,0.0031746031746031746,0.012594282769607687
d12-s10,probe_grad,8,1008,1000,0.0031746031746031746,0.029918929404663626
d12-s10,probe_grad,8,1134,1126,0.0031746031746031746,0.013162103504705983
d12-s10,probe_grad,8,1260,1252,0.0031746031746031746,0.005849872656183223
d12-s10,probe_grad,8,1385,1377,0.0031746031746031746,0.003362077092628215
d12-s10,probe_grad,8,1511,1503,0.0031746031746031746,0.0065758191932277785
d12-s10,probe_grad,8,1637,1629,0.0031746031746031746,0.0065439003183130956
d12-s10,probe_grad,8,1763,1755,0.0031746031746031746,0.001513584473458291
d12-s10,probe_grad,8,1889,1881,0.0031746031746031746,0.002018575821566043
d12-s10,probe_grad,8,2015,2007,0.0031746031746031746,0.003956808856483842
d12-s10,probe_grad,8,2141,2133,0.0031746031746031746,0.0028761212075303516
d12-s10,probe_grad,8,2267,2259,0.0031746031746031746,0.005332974970185935
d12-s10,probe_grad,8,2393,2385,0.0031746031746031746,0.005541412209078886
d12-s10,probe_grad,8,2519,2511,0.0031746031746031746,0.005814041543109614
d12-s10,probe_grad,16,32,16,0.006349206349206349,0.7988585092802255
d12-s10,probe_grad,16,40,24,0.006349206349206349,0.7069699864053127
d12-s10,probe_grad,16,64,48,0.006349206349206349,0.5168548878906684
d12-s10,probe_grad,16,126,110,0.006349206349206349,0.1836381513485522
d12-s10,probe_grad,16,252,236,0.006349206349206349,0.08506234137080158
d12-s10,probe_grad,16,378,362,0.006349206349206349,0.05618208331544673
d12-s10,probe_grad,16,400,384,0.006349206349206349,0.058291052617392584
d12-s10,probe_grad,16,504,488,0.006349206349206349,0.048638851750910865
d12-s10,probe_grad,16,630,614,0.006349206349206349,0.03786048634331128
d12-s10,probe_grad,16,756,740,0.006349206349206349,0.03788915702694831
d12-s10,probe_grad,16,882,866,0.006349206349206349,0.02930807276053738
d12-s10,probe_grad,16,1008,992,0.006349206349206349,0.02118791382968109
d12-s10,probe_grad,16,1134,1118,0.006349206349206349,0.023596919505709933
d12-s10,probe_grad,16,1260,1244,0.006349206349206349,0.02111737193574438
d12-s10,probe_grad,16,1385,1369,0.006349206349206349,0.02115700511102008
d12-s10,probe_grad,16,1511,1495,0.006349206349206349,0.019765426773181192
d12-s10,probe_grad,16,1637,1621,0.006349206349206349,0.0195392105594677
d12-s10,probe_grad,16,1763,1747,0.006349206349206349,0.01977366432351445
d12-s10,probe_grad,16,1889,1873,0.006349206349206349,0.018023005464254265
d12-s10,probe_grad,16,2015,1999,0.006349206349206349,0.019264125852368644
d12-s10,probe_grad,16,2141,2125,0.006349206349206349,0.019134737112136303
d12-s10,probe_grad,16,2267,2251,0.006349206349206349,0.018497250942675573
d12-s10,probe_grad,16,2393,2377,0.006349206349206349,0.0181356621405969
d12-s10,probe_grad,16,2519,2503,0.006349206349206349,0.01816525936479071
d12-s10,probe_grad,32,40,8,0.012698412698412698,0.955296749930731
d12-s10,probe_grad,32,64,32,0.012698412698412698,0.6855351704595705
d12-s10,probe_grad,32,126,94,0.012698412698412698,0.24856700846743124
d12-s10,probe_grad,32,252,220,0.012698412698412698,0.11293182900840923
d12-s10,probe_grad,32,378,346,0.012698412698412698,0.07105077683832849
d12-s10,probe_grad,32,400,368,0.012698412698412698,0.07728884997980802
d12-s10,probe_grad,32,504,472,0.012698412698412698,0.06494909609380697
d12-s10,probe_grad,32,630,598,0.012698412698412698,0.04945814451894092
d12-s10,probe_grad,32,756,724,0.012698412698412698,0.049689033870564704
d12-s10,probe_grad,32,882,850,0.012698412698412698,0.03959343262725449
d12-s10,probe_grad,32,1008,976,0.012698412698412698,0.029679846374679925
d12-s10,probe_grad,32,1134,1102,0.012698412698412698,0.03249114155851596
d12-s10,probe_grad,32,1260,1228,0.012698412698412698,0.026081210880656187
d12-s10,probe_grad,32,1385,1353,0.012698412698412698,0.026186936550219385
d12-s10,probe_grad,32,1511,1479,0.012698412698412698,0.023755163858900474
d12-s10,probe_grad,32,1637,1605,0.012698412698412698,0.023214214992729
d12-s10,probe_grad,32,1763,1731,0.012698412698412698,0.022630234285947303
d12-s10,probe_grad,32,1889,1857,0.012698412698412698,0.021569485260443926
d12-s10,probe_grad,32,2015,1983,0.012698412698412698,0.022560122631364733
d12-s10,probe_grad,32,2141,2109,0.012698412698412698,0.02279688716823134
d12-s10,probe_grad,32,2267,2235,0.012698412698412698,0.02181538419089268
d12-s10,probe_grad,32,2393,2361,0.012698412698412698,0.021083415753393165
d12-s10,probe_grad,32,2519,2487,0.012698412698412698,0.021450553027589806
d12-s10,probe_grad,40,64,24,0.015873015873015872,0.7515858988218217
d12-s10,probe_grad,40,126,86,0.015873015873015872,0.27383721524620064
d12-s10,probe_grad,40,252,212,0.015873015873015872,0.12575200733285166
d12-s10,probe_grad,40,378,338,0.015873015873015872,0.07459338443852628
d12-s10,probe_grad,40,400,360,0.015873015873015872,0.08638578074913195
d12-s10,probe_grad,40,504,464,0.015873015873015872,0.07039885669552151
d12-s10,probe_grad,40,630,590,0.015873015873015872,0.05388692417770468
d12-s10,probe_grad,40,756,716,0.015873015873015872,0.05532326968002352
d12-s10,probe_grad,40,882,842,0.015873015873015872,0.0428753035922735
d12-s10,probe_grad,40,1008,968,0.015873015873015872,0.0343297495133439
d12-s10,probe_grad,40,1134,1094,0.015873015873015872,0.03731262590524282
d12-s10,probe_grad,40,1260,1220,0.015873015873015872,0.030113228567704882
d12-s10,probe_grad,40,1385,1345,0.015873015873015872,0.03016723383979273
d12-s10,probe_grad,40,1511,1471,0.015873015873015872,0.027587106919293274
d12-s10,probe_grad,40,1637,1597,0.015873015873015872,0.026696808224570653
d12-s10,probe_grad,40,1763,1723,0.015873015873015872,0.02616780799611685
d12-s10,probe_grad,40,1889,1849,0.015873015873015872,0.02456265380203578
d12-s10,probe_grad,40,2015,1975,0.015873015873015872,0.025996930746846614
d12-s10,probe_grad,40,2141,2101,0.015873015873015872,0.02570647792363728
d12-s10,probe_grad,40,2267,2227,0.015873015873015872,0.02461284581693631
d12-s10,probe_grad,40,2393,2353,0.015873015873015872,0.02378960968378545
d12-s10,probe_grad,40,2519,2479,0.015873015873015872,0.024333106226533487
d12-s10,probe_grad,64,126,62,0.025396825396825397,0.3834990237258957
d12-s10,probe_grad,64,252,188,0.025396825396825397,0.17047345111198633
d12-s10,probe_grad,64,378,314,0.025396825396825397,0.12133194967919424
d12-s10,probe_grad,64,400,336,0.025396825396825397,0.12125527458691336
d12-s10,probe_grad,64,504,440,0.025396825396825397,0.09688714387203051
d12-s10,probe_grad,64,630,566,0.025396825396825397,0.08678069732040429
d12-s10,probe_grad,64,756,692,0.025396825396825397,0.07557710921178895
d12-s10,probe_grad,64,882,818,0.025396825396825397,0.06161656940121068
d12-s10,probe_grad,64,1008,944,0.025396825396825397,0.05860914604119053
d12-s10,probe_grad,64,1134,1070,0.025396825396825397,0.056851520862900164
d12-s10,probe_grad,64,1260,1196,0.025396825396825397,0.04630487005042313
d12-s10,probe_grad,64,1385,1321,0.025396825396825397,0.042087201698604644
d12-s10,probe_grad,64,1511,1447,0.025396825396825397,0.04117604093831109
d12-s10,probe_grad,64,1637,1573,0.025396825396825397,0.03992865747165639
d12-s10,probe_grad,64,1763,1699,0.025396825396825397,0.037219762713560166
d12-s10,probe_grad,64,1889,1825,0.025396825396825397,0.037119155203679144
d12-s10,probe_grad,64,2015,1951,0.025396825396825397,0.03759568493021408
d12-s10,probe_grad,64,2141,2077,0.025396825396825397,0.03776226051146658
d12-s10,probe_grad,64,2267,2203,0.025396825396825397,0.03802646658189166
d12-s10,probe_grad,64,2393,2329,0.025396825396825397,0.03775594031279373
d12-s10,probe_grad,64,2519,2455,0.025396825396825397,0.03820100402763509
d12-s10,probe_grad,126,252,126,0.05,0.302970778317767
d12-s10,probe_grad,126,378,252,0.05,0.21895242874293014
d12-s10,probe_grad,126,400,274,0.05,0.18202501096193913
d12-s10,probe_grad,126,504,378,0.05,0.1519832133207643
d12-s10,probe_grad,126,630,504,0.05,0.1544696140805072
d12-s10,probe_grad,126,756,630,0.05,0.10915653474977738
d12-s10,probe_grad,126,882,756,0.05,0.09229648317317803
d12-s10,probe_grad,126,1008,882,0.05,0.10490013823705564
d12-s10,probe_grad,126,1134,1008,0.05,0.08253344702011825
d12-s10,probe_grad,126,1260,1134,0.05,0.08350232853725782
d12-s10,probe_grad,126,1385,1259,0.05,0.06514570433681814
d12-s10,probe_grad,126,1511,1385,0.05,0.06644655782612165
d12-s10,probe_grad,126,1637,1511,0.05,0.07178538969879694
d12-s10,probe_grad,126,1763,1637,0.05,0.06409776471336298
d12-s10,probe_grad,126,1889,1763,0.05,0.05373787747599356
d12-s10,probe_grad,126,2015,1889,0.05,0.06103778404588449
d12-s10,probe_grad,126,2141,2015,0.05,0.058100076095691004
d12-s10,probe_grad,126,2267,2141,0.05,0.06382421275698984
d12-s10,probe_grad,126,2393,2267,0.05,0.06527565765979952
d12-s10,probe_grad,126,2519,2393,0.05,0.06349555257679948
d12-s10,probe_grad,252,378,126,0.1,0.42651362359290623
d12-s10,probe_grad,252,400,148,0.1,0.4278577043956389
d12-s10,probe_grad,252,504,252,0.1,0.3267581257788283
d12-s10,probe_grad,252,630,378,0.1,0.30838061833397473
d12-s10,probe_grad,252,756,504,0.1,0.2610184431630653
d12-s10,probe_grad,252,882,630,0.1,0.23716499450842707
d12-s10,probe_grad,252,1008,756,0.1,0.23265739649830455
d12-s10,probe_grad,252,1134,882,0.1,0.19790267333246156
d12-s10,probe_grad,252,1260,1008,0.1,0.19841543609068643
d12-s10,probe_grad,252,1385,1133,0.1,0.19045702402569592
d12-s10,probe_grad,252,1511,1259,0.1,0.18177269023859655
d12-s10,probe_grad,252,1637,1385,0.1,0.18403835052858894
d12-s10,probe_grad,252,1763,1511,0.1,0.17669821791786672
d12-s10,probe_grad,252,1889,1637,0.1,0.16211061846661903
d12-s10,probe_grad,252,2015,1763,0.1,0.1651502526361884
d12-s10,probe_grad,252,2141,1889,0.1,0.1650431868799451
d12-s10,probe_grad,252,2267,2015,0.1,0.16314957766682522
d12-s10,probe_grad,252,2393,2141,0.1,0.16416711538103854
d12-s10,probe_grad,252,2519,2267,0.1,0.16132480177610442
d12-s10,probe_grad,378,400,22,0.15,0.7118044329787785
d12-s10,probe_grad,378,504,126,0.15,0.5027117810863215
d12-s10,probe_grad,378,630,252,0.15,0.4717766264176194
d12-s10,probe_grad,378,756,378,0.15,0.380453040840653
d12-s10,probe_grad,378,882,504,0.15,0.35750593838092315
d12-s10,probe_grad,378,1008,630,0.15,0.327738857367765
d12-s10,probe_grad,378,1134,756,0.15,0.31126992640760276
d12-s10,probe_grad,378,1260,882,0.15,0.29765704728345493
d12-s10,probe_grad,378,1385,1007,0.15,0.26848526947080975
d12-s10,probe_grad,378,1511,1133,0.15,0.27416374558726725
d12-s10,probe_grad,378,1637,1259,0.15,0.2665753378378126
d12-s10,probe_grad,378,1763,1385,0.15,0.2642412220311346
d12-s10,probe_grad,378,1889,1511,0.15,0.24907249012922744
d12-s10,probe_grad,378,2015,1637,0.15,0.24929600200961183
d12-s10,probe_grad,378,2141,1763,0.15,0.2475071617831792
d12-s10,probe_grad,378,2267,1889,0.15,0.2534993077616961
d12-s10,probe_grad,378,2393,2015,0.15,0.2531770577974286
d12-s10,probe_grad,378,2519,2141,0.15,0.250363568756808
d12-s10,probe_grad,400,504,104,0.15873015873015872,0.5275297195468442
d12-s10,probe_grad,400,630,230,0.15873015873015872,0.4641524271574318
d12-s10,probe_grad,400,756,356,0.15873015873015872,0.4137406203851883
d12-s10,probe_grad,400,882,482,0.15873015873015872,0.38439586145740945
d12-s10,probe_grad,400,1008,608,0.15873015873015872,0.3460372683499236
d12-s10,probe_grad,400,1134,734,0.15873015873015872,0.33469715248610854
d12-s10,probe_grad,400,1260,860,0.15873015873015872,0.31430952159909814
d12-s10,probe_grad,400,1385,985,0.15873015873015872,0.3059566994106834
d12-s10,probe_grad,400,1511,1111,0.15873015873015872,0.303044050010128
d12-s10,probe_grad,400,1637,1237,0.15873015873015872,0.2946536068007886
d12-s10,probe_grad,400,1763,1363,0.15873015873015872,0.2874540324853729
d12-s10,probe_grad,400,1889,1489,0.15873015873015872,0.27730535250534805
d12-s10,probe_grad,400,2015,1615,0.15873015873015872,0.27832656619661905
d12-s10,probe_grad,400,2141,1741,0.15873015873015872,0.27504945522571767
d12-s10,probe_grad,400,2267,1867,0.15873015873015872,0.27398790781643034
d12-s10,probe_grad,400,2393,1993,0.15873015873015872,0.27207996259663875
d12-s10,probe_grad,400,2519,2119,0.15873015873015872,0.2697121369808943
d12-s10,probe_grad,504,630,126,0.2,0.5802877956147027
d12-s10,probe_grad,504,756,252,0.2,0.5122368110904068
d12-s10,probe_grad,504,882,378,0.2,0.472559005435087
d12-s10,probe_grad,504,1008,504,0.2,0.41532294983985846
d12-s10,probe_grad,504,1134,630,0.2,0.41396295196195537
d12-s10,probe_grad,504,1260,756,0.2,0.3937242787471157
d12-s10,probe_grad,504,1385,881,0.2,0.3718626165553174
d12-s10,probe_grad,504,1511,1007,0.2,0.35357219561355047
d12-s10,probe_grad,504,1637,1133,0.2,0.3586428488116641
d12-s10,probe_grad,504,1763,1259,0.2,0.35697125363337195
d12-s10,probe_grad,504,1889,1385,0.2,0.3475706828457455
d12-s10,probe_grad,504,2015,1511,0.2,0.34251895430941903
d12-s10,probe_grad,504,2141,1637,0.2,0.34132485664305096
d12-s10,probe_grad,504,2267,1763,0.2,0.34470145756137494
d12-s10,probe_grad,504,2393,1889,0.2,0.3407700061808239
d12-s10,probe_grad,504,2519,2015,0.2,0.3425123288227386
d12-s10,probe_grad,630,756,126,0.25,0.6272714048509322
d12-s10,probe_grad,630,882,252,0.25,0.558336715226579
d12-s10,probe_grad,630,1008,378,0.25,0.5329453446416368
d12-s10,probe_grad,630,1134,504,0.25,0.5166088200960989
d12-s10,probe_grad,630,1260,630,0.25,0.5149891316777051
d12-s10,probe_grad,630,1385,755,0.25,0.4727214302534468
d12-s10,probe_grad,630,1511,881,0.25,0.45314819497641057
d12-s10,probe_grad,630,1637,1007,0.25,0.47395352666819335
d12-s10,probe_grad,630,1763,1133,0.25,0.45827683742500025
d12-s10,probe_grad,630,1889,1259,0.25,0.440725649722913
d12-s10,probe_grad,630,2015,1385,0.25,0.43472177418762253
d12-s10,probe_grad,630,2141,1511,0.25,0.4312431989497107
d12-s10,probe_grad,630,2267,1637,0.25,0.4353151603817603
d12-s10,probe_grad,630,2393,1763,0.25,0.4331129913838702
d12-s10,probe_grad,630,2519,1889,0.25,0.4312770305484949
d12-s10,probe_grad,756,882,126,0.3,0.6335846515550365
d12-s10,probe_grad,756,1008,252,0.3,0.5701960022334203
d12-s10,probe_grad,756,1134,378,0.3,0.5829024891136455
d12-s10,probe_grad,756,1260,504,0.3,0.5862908992462422
d12-s10,probe_grad,756,1385,629,0.3,0.5498280480454578
d12-s10,probe_grad,756,1511,755,0.3,0.5064429514230058
d12-s10,probe_grad,756,1637,881,0.3,0.5239409618110119
d12-s10,probe_grad,756,1763,1007,0.3,0.506846701696106
d12-s10,probe_grad,756,1889,1133,0.3,0.5133909849356549
d12-s10,probe_grad,756,2015,1259,0.3,0.48648894761354483
d12-s10,probe_grad,756,2141,1385,0.3,0.49345045649723185
d12-s10,probe_grad,756,2267,1511,0.3,0.490445757265534
d12-s10,probe_grad,756,2393,1637,0.3,0.4812020229259907
d12-s10,probe_grad,756,2519,1763,0.3,0.48308761351442897
d12-s10,probe_grad,882,1008,126,0.35,0.6990630960415631
d12-s10,probe_grad,882,1134,252,0.35,0.6951372299591994
d12-s10,probe_grad,882,1260,378,0.35,0.6540089679959533
d12-s10,probe_grad,882,1385,503,0.35,0.6494443003384
d12-s10,probe_grad,882,1511,629,0.35,0.652053551453275
d12-s10,probe_grad,882,1637,755,0.35,0.6211844861402591
d12-s10,probe_grad,882,1763,881,0.35,0.6152291444849951
d12-s10,probe_grad,882,1889,1007,0.35,0.6087514920716832
d12-s10,probe_grad,882,2015,1133,0.35,0.5948473532863703
d12-s10,probe_grad,882,2141,1259,0.35,0.5910280821950624
d12-s10,probe_grad,882,2267,1385,0.35,0.5897397312133958
d12-s10,probe_grad,882,2393,1511,0.35,0.5831226755282686
d12-s10,probe_grad,882,2519,1637,0.35,0.5795585928304282
d12-s10,probe_grad,1008,1134,126,0.4,0.6912631677083116
d12-s10,probe_grad,1008,1260,252,0.4,0.6941818002015143
d12-s10,probe_grad,1008,1385,377,0.4,0.6906479048852039
d12-s10,probe_grad,1008,1511,503,0.4,0.6769880641880546
d12-s10,probe_grad,1008,1637,629,0.4,0.6745328002127372
d12-s10,probe_grad,1008,1763,755,0.4,0.6509542928998372
d12-s10,probe_grad,1008,1889,881,0.4,0.625602437879935
d12-s10,probe_grad,1008,2015,1007,0.4,0.6235592839682284
d12-s10,probe_grad,1008,2141,1133,0.4,0.6098110883693121
d12-s10,probe_grad,1008,2267,1259,0.4,0.6073627435600534
d12-s10,probe_grad,1008,2393,1385,0.4,0.6173669434764063
d12-s10,probe_grad,1008,2519,1511,0.4,0.6078536436632108
d12-s10,probe_grad,1134,1260,126,0.45,0.7419698549342055
d12-s10,probe_grad,1134,1385,251,0.45,0.7226050582450242
d12-s10,probe_grad,1134,1511,377,0.45,0.7159935201785314
d12-s10,probe_grad,1134,1637,503,0.45,0.6910596037342721
d12-s10,probe_grad,1134,1763,629,0.45,0.6799475244445242
d12-s10,probe_grad,1134,1889,755,0.45,0.6819871279526908
d12-s10,probe_grad,1134,2015,881,0.45,0.6744491296709635
d12-s10,probe_grad,1134,2141,1007,0.45,0.6698172914821258
d12-s10,probe_grad,1134,2267,1133,0.45,0.6706924161260663
d12-s10,probe_grad,1134,2393,1259,0.45,0.6571323179759089
d12-s10,probe_grad,1134,2519,1385,0.45,0.6561089597590275
d12-s10,probe_grad,1260,1385,125,0.5,0.7873568129966348
d12-s10,probe_grad,1260,1511,251,0.5,0.743625213856943
d12-s10,probe_grad,1260,1637,377,0.5,0.760258377029775
d12-s10,probe_grad,1260,1763,503,0.5,0.7446332383597887
d12-s10,probe_grad,1260,1889,629,0.5,0.7276586169627486
d12-s10,probe_grad,1260,2015,755,0.5,0.7043019276431752
d12-s10,probe_grad,1260,2141,881,0.5,0.7159577517819071
d12-s10,probe_grad,1260,2267,1007,0.5,0.7082459690227256
d12-s10,probe_grad,1260,2393,1133,0.5,0.6985551803383058
d12-s10,probe_grad,1260,2519,1259,0.5,0.700819942951587
d12-s10,probe_grad,1385,1511,126,0.5496031746031746,0.8219762020583371
d12-s10,probe_grad,1385,1637,252,0.5496031746031746,0.8071637559676751
d12-s10,probe_grad,1385,1763,378,0.5496031746031746,0.7918788089753127
d12-s10,probe_grad,1385,1889,504,0.5496031746031746,0.7804741255194564
d12-s10,probe_grad,1385,2015,630,0.5496031746031746,0.7702610046355431
d12-s10,probe_grad,1385,2141,756,0.5496031746031746,0.7569421522982804
d12-s10,probe_grad,1385,2267,882,0.5496031746031746,0.7487771762111483
d12-s10,probe_grad,1385,2393,1008,0.5496031746031746,0.7506250299712968
d12-s10,probe_grad,1385,2519,1134,0.5496031746031746,0.7456178436824163
d12-s10,probe_grad,1511,1637,126,0.5996031746031746,0.8391149750335581
d12-s10,probe_grad,1511,1763,252,0.5996031746031746,0.8193192249366383
d12-s10,probe_grad,1511,1889,378,0.5996031746031746,0.7983042518258167
d12-s10,probe_grad,1511,2015,504,0.5996031746031746,0.7927493583399697
d12-s10,probe_grad,1511,2141,630,0.5996031746031746,0.7824677114319752
d12-s10,probe_grad,1511,2267,756,0.5996031746031746,0.7758645435935109
d12-s10,probe_grad,1511,2393,882,0.5996031746031746,0.7789499226691828
d12-s10,probe_grad,1511,2519,1008,0.5996031746031746,0.7710669722307398
d12-s10,probe_grad,1637,1763,126,0.6496031746031746,0.8668078508167424
d12-s10,probe_grad,1637,1889,252,0.6496031746031746,0.8324488901289968
d12-s10,probe_grad,1637,2015,378,0.6496031746031746,0.8314410206196823
d12-s10,probe_grad,1637,2141,504,0.6496031746031746,0.8213284179431757
d12-s10,probe_grad,1637,2267,630,0.6496031746031746,0.81254731420576
d12-s10,probe_grad,1637,2393,756,0.6496031746031746,0.8167340333651386
d12-s10,probe_grad,1637,2519,882,0.6496031746031746,0.8118008056356629
d12-s10,probe_grad,1763,1889,126,0.6996031746031746,0.8707240528763155
d12-s10,probe_grad,1763,2015,252,0.6996031746031746,0.859897014159741
d12-s10,probe_grad,1763,2141,378,0.6996031746031746,0.8531922700670375
d12-s10,probe_grad,1763,2267,504,0.6996031746031746,0.8411940090069839
d12-s10,probe_grad,1763,2393,630,0.6996031746031746,0.8455180678821731
d12-s10,probe_grad,1763,2519,756,0.6996031746031746,0.8430780165077407
d12-s10,probe_grad,1889,2015,126,0.7496031746031746,0.8994034639572095
d12-s10,probe_grad,1889,2141,252,0.7496031746031746,0.8826948280087673
d12-s10,probe_grad,1889,2267,378,0.7496031746031746,0.8775303064032757
d12-s10,probe_grad,1889,2393,504,0.7496031746031746,0.8761091157507637
d12-s10,probe_grad,1889,2519,630,0.7496031746031746,0.8772383754145556
d12-s10,probe_grad,2015,2141,126,0.7996031746031746,0.9186443122716016
d12-s10,probe_grad,2015,2267,252,0.7996031746031746,0.9099832520730852
d12-s10,probe_grad,2015,2393,378,0.7996031746031746,0.9131698823000682
d12-s10,probe_grad,2015,2519,504,0.7996031746031746,0.9098949774686971
d12-s10,probe_grad,2141,2267,126,0.8496031746031746,0.938349242495102
d12-s10,probe_grad,2141,2393,252,0.8496031746031746,0.9323891342291801
d12-s10,probe_grad,2141,2519,378,0.8496031746031746,0.9336713746213408
d12-s10,probe_grad,2267,2393,126,0.8996031746031746,0.9568622706894273
d12-s10,probe_grad,2267,2519,252,0.8996031746031746,0.9564795770320931
d12-s10,probe_grad,2393,2519,126,0.9496031746031746,0.9735356614679761
d12-s11,batch_grad,0,101,101,0.0,0.30228916564345015
d12-s11,batch_grad,0,202,202,0.0,-0.020316192481236166
d12-s11,batch_grad,0,303,303,0.0,-0.003152947087439025
d12-s11,batch_grad,0,404,404,0.0,0.014700878420249391
d12-s11,batch_grad,0,505,505,0.0,0.023057572140933884
d12-s11,batch_grad,0,606,606,0.0,-0.014284742710414593
d12-s11,batch_grad,0,707,707,0.0,0.004061321244459044
d12-s11,batch_grad,0,808,808,0.0,0.011452878658042464
d12-s11,batch_grad,0,909,909,0.0,0.003041818643476593
d12-s11,batch_grad,0,1010,1010,0.0,-0.01493920747696019
d12-s11,batch_grad,0,1111,1111,0.0,0.004298041166379841
d12-s11,batch_grad,0,1212,1212,0.0,-0.008925411278422052
d12-s11,batch_grad,0,1313,1313,0.0,-0.004073042853221387
d12-s11,batch_grad,0,1414,1414,0.0,0.010602401591791018
d12-s11,batch_grad,0,1515,1515,0.0,-0.007163531304879241
d12-s11,batch_grad,0,1616,1616,0.0,0.009077802643180597
d12-s11,batch_grad,0,1717,1717,0.0,-0.012422157382332285
d12-s11,batch_grad,0,1818,1818,0.0,0.002007822950802081
d12-s11,batch_grad,0,1919,1919,0.0,0.01015857787315029
d12-s11,batch_grad,0,2020,2020,0.0,0.0026447555053979877
d12-s11,batch_grad,0,2121,2121,0.0,0.0056672090672240764
d12-s11,batch_grad,0,2222,2222,0.0,-0.0013948336873708428
d12-s11,batch_grad,0,2323,2323,0.0,0.0037128309623067645
d12-s11,batch_grad,0,2424,2424,0.0,-0.00041165195370381104
d12-s11,batch_grad,101,202,101,0.04007936507936508,-0.16785303068538007
d12-s11,batch_grad,101,303,202,0.04007936507936508,-0.08557837850481298
d12-s11,batch_grad,101,404,303,0.04007936507936508,0.10366534978441858
d12-s11,batch_grad,101,505,404,0.04007936507936508,0.010427548091611146
d12-s11,batch_grad,101,606,505,0.04007936507936508,-0.08871195990290039
d12-s11,batch_grad,101,707,606,0.04007936507936508,-0.0607923768037751
d12-s11,batch_grad,101,808,707,0.04007936507936508,0.04247266636781057
d12-s11,batch_grad,101,909,808,0.04007936507936508,-0.02009928517256543
d12-s11,batch_grad,101,1010,909,0.04007936507936508,-0.036026905109449996
d12-s11,batch_grad,101,1111,1010,0.04007936507936508,0.04746613856296543
d12-s11,batch_grad,101,1212,1111,0.04007936507936508,-0.03789115836452456
d12-s11,batch_grad,101,1313,1212,0.04007936507936508,-0.03877176073685334
d12-s11,batch_grad,101,1414,1313,0.04007936507936508,0.0555562299331903
d12-s11,batch_grad,101,1515,1414,0.04007936507936508,-0.00847082318195788
d12-s11,batch_grad,101,1616,1515,0.04007936507936508,0.0477727415511565
d12-s11,batch_grad,101,1717,1616,0.04007936507936508,-0.015305997125870035
d12-s11,batch_grad,101,1818,1717,0.04007936507936508,0.005725256058254203
d12-s11,batch_grad,101,1919,1818,0.04007936507936508,0.012698866957314087
d12-s11,batch_grad,101,2020,1919,0.04007936507936508,-0.02421274144284533
d12-s11,batch_grad,101,2121,2020,0.04007936507936508,0.00945343585182981
d12-s11,batch_grad,101,2222,2121,0.04007936507936508,0.007932988020804261
d12-s11,batch_grad,101,2323,2222,0.04007936507936508,0.02611174097815479
d12-s11,batch_grad,101,2424,2323,0.04007936507936508,0.005226738632046937
d12-s11,batch_grad,202,303,101,0.08015873015873017,0.2522167428422974
d12-s11,batch_grad,202,404,202,0.08015873015873017,-0.42129377260191553
d12-s11,batch_grad,202,505,303,0.08015873015873017,0.18140990637474058
d12-s11,batch_grad,202,606,404,0.08015873015873017,0.37769460467838717
d12-s11,batch_grad,202,707,505,0.08015873015873017,0.4600515743893119
d12-s11,batch_grad,202,808,606,0.08015873015873017,-0.10395387921030863
d12-s11,batch_grad,202,909,707,0.08015873015873017,0.23717067382681645
d12-s11,batch_grad,202,1010,808,0.08015873015873017,0.07402970868088457
d12-s11,batch_grad,202,1111,909,0.08015873015873017,-0.26480882049610854
d12-s11,batch_grad,202,1212,1010,0.08015873015873017,0.0994913555964998
d12-s11,batch_grad,202,1313,1111,0.08015873015873017,0.07850940102592655
d12-s11,batch_grad,202,1414,1212,0.08015873015873017,-0.2223147451575256
d12-s11,batch_grad,202,1515,1313,0.08015873015873017,-0.07306384473592006
d12-s11,batch_grad,202,1616,1414,0.08015873015873017,-0.0791439572641879
d12-s11,batch_grad,202,1717,1515,0.08015873015873017,-0.008306531399767596
d12-s11,batch_grad,202,1818,1616,0.08015873015873017,0.03697519933587299
d12-s11,batch_grad,202,1919,1717,0.08015873015873017,0.08125114831557584
d12-s11,batch_grad,202,2020,1818,0.08015873015873017,0.1495648849036937
d12-s11,batch_grad,202,2121,1919,0.08015873015873017,0.07340975880633221
d12-s11,batch_grad,202,2222,2020,0.08015873015873017,0.04314914179759651
d12-s11,batch_grad,202,2323,2121,0.08015873015873017,-0.13397813097436065
d12-s11,batch_grad,202,2424,2222,0.08015873015873017,0.03884034259328011
d12-s11,batch_grad,303,404,101,0.12023809523809524,-0.3748011628926562
d12-s11,batch_grad,303,505,202,0.12023809523809524,0.11499423943755681
d12-s11,batch_grad,303,606,303,0.12023809523809524,0.24379394887089664
d12-s11,batch_grad,303,707,404,0.12023809523809524,0.14027961126127772
d12-s11,batch_grad,303,808,505,0.12023809523809524,-0.09995544403010453
d12-s11,batch_grad,303,909,606,0.12023809523809524,0.06672990869514776
d12-s11,batch_grad,303,1010,707,0.12023809523809524,0.1258892559281292
d12-s11,batch_grad,303,1111,808,0.12023809523809524,-0.12334236355952398
d12-s11,batch_grad,303,1212,909,0.12023809523809524,0.10021311207504952
d12-s11,batch_grad,303,1313,1010,0.12023809523809524,-0.043778583259294394
d12-s11,batch_grad,303,1414,1111,0.12023809523809524,-0.14782801539535298
d12-s11,batch_grad,303,1515,1212,0.12023809523809524,0.02922733889832995
d12-s11,batch_grad,303,1616,1313,0.12023809523809524,0.034775078847222717
d12-s11,batch_grad,303,1717,1414,0.12023809523809524,0.06860779381311656
d12-s11,batch_grad,303,1818,1515,0.12023809523809524,-0.007093910371480663
d12-s11,batch_grad,303,1919,1616,0.12023809523809524,0.05423691722463329
d12-s11,batch_grad,303,2020,1717,0.12023809523809524,0.04577421400392471
d12-s11,batch_grad,303,2121,1818,0.12023809523809524,-0.07501354303865605
d12-s11,batch_grad,303,2222,1919,0.12023809523809524,0.05817951226595935
d12-s11,batch_grad,303,2323,2020,0.12023809523809524,-0.10494700664514815
d12-s11,batch_grad,303,2424,2121,0.12023809523809524,0.009541594029071569
d12-s11,batch_grad,404,505,101,0.16031746031746033,0.13323012369770537
d12-s11,batch_grad,404,606,202,0.16031746031746033,-0.5369205374821637
d12-s11,batch_grad,404,707,303,0.16031746031746033,-0.4104254456717223
d12-s11,batch_grad,404,808,404,0.16031746031746033,0.18706854845452248
d12-s11,batch_grad,404,909,505,0.16031746031746033,-0.1699999506486012
d12-s11,batch_grad,404,1010,606,0.16031746031746033,-0.26703029829833935
d12-s11,batch_grad,404,1111,707,0.16031746031746033,0.4355522203350803
d12-s11,batch_grad,404,1212,808,0.16031746031746033,-0.19497950413057602
d12-s11,batch_grad,404,1313,909,0.16031746031746033,-0.06911193520296832
d12-s11,batch_grad,404,1414,1010,0.16031746031746033,0.26588111062161407
d12-s11,batch_grad,404,1515,1111,0.16031746031746033,-0.11677525324305549
d12-s11,batch_grad,404,1616,1212,0.16031746031746033,0.12698754098221152
d12-s11,batch_grad,404,1717,1313,0.16031746031746033,-0.11213887205875124
d12-s11,batch_grad,404,1818,1414,0.16031746031746033,0.1803940993401074
d12-s11,batch_grad,404,1919,1515,0.16031746031746033,-0.011607832954336197
d12-s11,batch_grad,404,2020,1616,0.16031746031746033,-0.16934150446624652
d12-s11,batch_grad,404,2121,1717,0.16031746031746033,0.0036236646081142425
d12-s11,batch_grad,404,2222,1818,0.16031746031746033,-0.00503752229514822
d12-s11,batch_grad,404,2323,1919,0.16031746031746033,0.10733392558518026
d12-s11,batch_grad,404,2424,2020,0.16031746031746033,-0.002141048084009217
d12-s11,batch_grad,505,606,101,0.2003968253968254,-0.03225447518421948
d12-s11,batch_grad,505,707,202,0.2003968253968254,0.28765368683403997
d12-s11,batch_grad,505,808,303,0.2003968253968254,-0.08285689301326235
d12-s11,batch_grad,505,909,404,0.2003968253968254,0.2071718408453823
d12-s11,batch_grad,505,1010,505,0.2003968253968254,-0.02874739702170779
d12-s11,batch_grad,505,1111,606,0.2003968253968254,0.06752844677853397
d12-s11,batch_grad,505,1212,707,0.2003968253968254,-0.12914182309013048
d12-s11,batch_grad,505,1313,808,0.2003968253968254,-0.18250305412847134
d12-s11,batch_grad,505,1414,909,0.2003968253968254,0.006787935465039939
d12-s11,batch_grad,505,1515,1010,0.2003968253968254,-0.33421127359590724
d12-s11,batch_grad,505,1616,1111,0.2003968253968254,0.05109604075879563
d12-s11,batch_grad,505,1717,1212,0.2003968253968254,-0.15684269906802764
d12-s11,batch_grad,505,1818,1313,0.2003968253968254,0.04419620210040875
d12-s11,batch_grad,505,1919,1414,0.2003968253968254,0.1613848209152245
d12-s11,batch_grad,505,2020,1515,0.2003968253968254,0.00783318399991154
d12-s11,batch_grad,505,2121,1616,0.2003968253968254,0.12258436856687667
d12-s11,batch_grad,505,2222,1717,0.2003968253968254,0.09195867119465333
d12-s11,batch_grad,505,2323,1818,0.2003968253968254,-0.09012897809431582
d12-s11,batch_grad,505,2424,1919,0.2003968253968254,0.036648311398670204
d12-s11,batch_grad,606,707,101,0.24047619047619048,0.3362424406761674
d12-s11,batch_grad,606,808,202,0.24047619047619048,-0.09421849839901687
d12-s11,batch_grad,606,909,303,0.24047619047619048,-0.03598778283216673
d12-s11,batch_grad,606,1010,404,0.24047619047619048,0.3527200080179063
d12-s11,batch_grad,606,1111,505,0.24047619047619048,-0.29380688631604757
d12-s11,batch_grad,606,1212,606,0.24047619047619048,0.4070420237595061
d12-s11,batch_grad,606,1313,707,0.24047619047619048,0.07086933051705258
d12-s11,batch_grad,606,1414,808,0.24047619047619048,-0.2674863991688213
d12-s11,batch_grad,606,1515,909,0.24047619047619048,0.23510667375134459
d12-s11,batch_grad,606,1616,1010,0.24047619047619048,-0.17080970134447857
d12-s11,batch_grad,606,1717,1111,0.24047619047619048,0.24591925108013163
d12-s11,batch_grad,606,1818,1212,0.24047619047619048,-0.15907917816208125
d12-s11,batch_grad,606,1919,1313,0.24047619047619048,-0.06257607904215796
d12-s11,batch_grad,606,2020,1414,0.24047619047619048,0.15409036909382184
d12-s11,batch_grad,606,2121,1515,0.24047619047619048,-0.02259870415117274
d12-s11,batch_grad,606,2222,1616,0.24047619047619048,-0.040179360380847524
d12-s11,batch_grad,606,2323,1717,0.24047619047619048,-0.05333939413209114
d12-s11,batch_grad,606,2424,1818,0.24047619047619048,-0.004821827505821802
d12-s11,batch_grad,707,808,101,0.28055555555555556,-0.17699022652427232
d12-s11,batch_grad,707,909,202,0.28055555555555556,0.43778261987271266
d12-s11,batch_grad,707,1010,303,0.28055555555555556,-0.06409164782342926
d12-s11,batch_grad,707,1111,404,0.28055555555555556,-0.4640959373780381
d12-s11,batch_grad,707,1212,505,0.28055555555555556,0.039020425294240164
d12-s11,batch_grad,707,1313,606,0.28055555555555556,0.10908693285131826
d12-s11,batch_grad,707,1414,707,0.28055555555555556,-0.29469108807169886
d12-s11,batch_grad,707,1515,808,0.28055555555555556,-0.3169802670080352
d12-s11,batch_grad,707,1616,909,0.28055555555555556,-0.22256389021067038
d12-s11,batch_grad,707,1717,1010,0.28055555555555556,-0.22539287258411386
d12-s11,batch_grad,707,1818,1111,0.28055555555555556,-0.053292776461526734
d12-s11,batch_grad,707,1919,1212,0.28055555555555556,0.0882386159894102
d12-s11,batch_grad,707,2020,1313,0.28055555555555556,0.1669785385358308
d12-s11,batch_grad,707,2121,1414,0.28055555555555556,0.22147589698335587
d12-s11,batch_grad,707,2222,1515,0.28055555555555556,0.035931413954385386
d12-s11,batch_grad,707,2323,1616,0.28055555555555556,-0.16943098155544642
d12-s11,batch_grad,707,2424,1717,0.28055555555555556,0.04997216187877945
d12-s11,batch_grad,808,909,101,0.32063492063492066,-0.15669094423475685
d12-s11,batch_grad,808,1010,202,0.32063492063492066,-0.041491750814952835
d12-s11,batch_grad,808,1111,303,0.32063492063492066,0.31995119444954706
d12-s11,batch_grad,808,1212,404,0.32063492063492066,-0.07519286924564818
d12-s11,batch_grad,808,1313,505,0.32063492063492066,0.051499379948184806
d12-s11,batch_grad,808,1414,606,0.32063492063492066,-7.058363247797524e-05
d12-s11,batch_grad,808,1515,707,0.32063492063492066,0.11103309160849603
d12-s11,batch_grad,808,1616,808,0.32063492063492066,0.2770285772500884
d12-s11,batch_grad,808,1717,909,0.32063492063492066,-0.13321224729153938
d12-s11,batch_grad,808,1818,1010,0.32063492063492066,0.2686601701260808
d12-s11,batch_grad,808,1919,1111,0.32063492063492066,0.028676104994622146
d12-s11,batch_grad,808,2020,1212,0.32063492063492066,-0.11792011290663897
d12-s11,batch_grad,808,2121,1313,0.32063492063492066,0.01287425983189985
d12-s11,batch_grad,808,2222,1414,0.32063492063492066,0.049972218780563564
d12-s11,batch_grad,808,2323,1515,0.32063492063492066,0.10637772425760952
d12-s11,batch_grad,808,2424,1616,0.32063492063492066,0.12138882740155446
d12-s11,batch_grad,909,1010,101,0.3607142857142857,-0.23419687219043195
d12-s11,batch_grad,909,1111,202,0.3607142857142857,-0.3200793294457273
d12-s11,batch_grad,909,1212,303,0.3607142857142857,-0.3947598953406278
d12-s11,batch_grad,909,1313,404,0.3607142857142857,0.24147855610378804
d12-s11,batch_grad,909,1414,505,0.3607142857142857,-0.16889291442234497
d12-s11,batch_grad,909,1515,606,0.3607142857142857,-0.29036165908664113
d12-s11,batch_grad,909,1616,707,0.3607142857142857,-0.2764568210131564
d12-s11,batch_grad,909,1717,808,0.3607142857142857,-0.3804630864360076
d12-s11,batch_grad,909,1818,909,0.3607142857142857,0.1209155254869622
d12-s11,batch_grad,909,1919,1010,0.3607142857142857,0.048215667375992026
d12-s11,batch_grad,909,2020,1111,0.3607142857142857,0.24880245763937398
d12-s11,batch_grad,909,2121,1212,0.3607142857142857,0.3951420981468514
d12-s11,batch_grad,909,2222,1313,0.3607142857142857,0.12430921893674902
d12-s11,batch_grad,909,2323,1414,0.3607142857142857,-0.1438230030714449
d12-s11,batch_grad,909,2424,1515,0.3607142857142857,0.049136723285026246
d12-s11,batch_grad,1010,1111,101,0.4007936507936508,-0.11398193068759398
d12-s11,batch_grad,1010,1212,202,0.4007936507936508,0.3578171877363479
d12-s11,batch_grad,1010,1313,303,0.4007936507936508,-0.157183880189237
d12-s11,batch_grad,1010,1414,404,0.4007936507936508,-0.31634877584776483
d12-s11,batch_grad,1010,1515,505,0.4007936507936508,0.3570464400050011
d12-s11,batch_grad,1010,1616,606,0.4007936507936508,-0.02297490746028976
d12-s11,batch_grad,1010,1717,707,0.4007936507936508,0.44613196430427843
d12-s11,batch_grad,1010,1818,808,0.4007936507936508,-0.19688129526185014
d12-s11,batch_grad,1010,1919,909,0.4007936507936508,-0.054281316881609684
d12-s11,batch_grad,1010,2020,1010,0.4007936507936508,0.06541692667106366
d12-s11,batch_grad,1010,2121,1111,0.4007936507936508,-0.25703286010671295
d12-s11,batch_grad,1010,2222,1212,0.4007936507936508,-0.03644602301115026
d12-s11,batch_grad,1010,2323,1313,0.4007936507936508,0.033292152596993495
d12-s11,batch_grad,1010,2424,1414,0.4007936507936508,-0.07397745009787317
d12-s11,batch_grad,1111,1212,101,0.44087301587301586,-0.10731253850354613
d12-s11,batch_grad,1111,1313,202,0.44087301587301586,-0.18540538679575158
d12-s11,batch_grad,1111,1414,303,0.44087301587301586,0.1563041402509265
d12-s11,batch_grad,1111,1515,404,0.44087301587301586,-0.03301039349046425
d12-s11,batch_grad,1111,1616,505,0.44087301587301586,0.34929887830554524
d12-s11,batch_grad,1111,1717,606,0.44087301587301586,-0.059848455958057656
d12-s11,batch_grad,1111,1818,707,0.44087301587301586,0.22618175445139685
d12-s11,batch_grad,1111,1919,808,0.44087301587301586,0.06427657025897747
d12-s11,batch_grad,1111,2020,909,0.44087301587301586,-0.33052506412145843
d12-s11,batch_grad,1111,2121,1010,0.44087301587301586,-0.1022581642753984
d12-s11,batch_grad,1111,2222,1111,0.44087301587301586,0.022638377304559434
d12-s11,batch_grad,1111,2323,1212,0.44087301587301586,0.1810037535546391
d12-s11,batch_grad,1111,2424,1313,0.44087301587301586,-0.0347808708702628
d12-s11,batch_grad,1212,1313,101,0.48095238095238096,0.018774004462316793
d12-s11,batch_grad,1212,1414,202,0.48095238095238096,-0.15057748378050217
d12-s11,batch_grad,1212,1515,303,0.48095238095238096,0.3303318290512251
d12-s11,batch_grad,1212,1616,404,0.48095238095238096,-0.20149097500160423
d12-s11,batch_grad,1212,1717,505,0.48095238095238096,0.4741484088766018
d12-s11,batch_grad,1212,1818,606,0.48095238095238096,-0.1836832627660686
d12-s11,batch_grad,1212,1919,707,0.48095238095238096,-0.06107335341418097
d12-s11,batch_grad,1212,2020,808,0.48095238095238096,0.06654948049537027
d12-s11,batch_grad,1212,2121,909,0.48095238095238096,-0.29230269086275684
d12-s11,batch_grad,1212,2222,1010,0.48095238095238096,-0.1680951695467315
d12-s11,batch_grad,1212,2323,1111,0.48095238095238096,-0.041470694212492186
d12-s11,batch_grad,1212,2424,1212,0.48095238095238096,-0.13911022654738758
d12-s11,batch_grad,1313,1414,101,0.5210317460317461,-0.15485674523969511
d12-s11,batch_grad,1313,1515,202,0.5210317460317461,0.21688934345118274
d12-s11,batch_grad,1313,1616,303,0.5210317460317461,-0.42144526259398685
d12-s11,batch_grad,1313,1717,404,0.5210317460317461,-0.058047217501260455
d12-s11,batch_grad,1313,1818,505,0.5210317460317461,0.24083751922879487
d12-s11,batch_grad,1313,1919,606,0.5210317460317461,-0.331790586147312
d12-s11,batch_grad,1313,2020,707,0.5210317460317461,0.4428643541415822
d12-s11,batch_grad,1313,2121,808,0.5210317460317461,0.14002082015143016
d12-s11,batch_grad,1313,2222,909,0.5210317460317461,-0.19358713890324122
d12-s11,batch_grad,1313,2323,1010,0.5210317460317461,-0.010925134798832923
d12-s11,batch_grad,1313,2424,1111,0.5210317460317461,0.019354442760452985
d12-s11,batch_grad,1414,1515,101,0.5611111111111111,-0.09171287193106005
d12-s11,batch_grad,1414,1616,202,0.5611111111111111,0.23617138998567744
d12-s11,batch_grad,1414,1717,303,0.5611111111111111,-0.08314260469209127
d12-s11,batch_grad,1414,1818,404,0.5611111111111111,0.024389507326094954
d12-s11,batch_grad,1414,1919,505,0.5611111111111111,0.12130480230299506
d12-s11,batch_grad,1414,2020,606,0.5611111111111111,-0.12274035326622162
d12-s11,batch_grad,1414,2121,707,0.5611111111111111,0.06115278283040203
d12-s11,batch_grad,1414,2222,808,0.5611111111111111,-0.03365477542298304
d12-s11,batch_grad,1414,2323,909,0.5611111111111111,0.037151198825958874
d12-s11,batch_grad,1414,2424,1010,0.5611111111111111,-0.009137835687190272
d12-s11,batch_grad,1515,1616,101,0.6011904761904762,0.013982487331711875
d12-s11,batch_grad,1515,1717,202,0.6011904761904762,0.5401283920741098
d12-s11,batch_grad,1515,1818,303,0.6011904761904762,-0.021477836260856562
d12-s11,batch_grad,1515,1919,404,0.6011904761904762,-0.3507605258300816
d12-s11,batch_grad,1515,2020,505,0.6011904761904762,0.20962167562713366
d12-s11,batch_grad,1515,2121,606,0.6011904761904762,-0.2246056562727188
d12-s11,batch_grad,1515,2222,707,0.6011904761904762,-0.10747663936119763
d12-s11,batch_grad,1515,2323,808,0.6011904761904762,0.06417903883832213
d12-s11,batch_grad,1515,2424,909,0.6011904761904762,0.018594410750731056
d12-s11,batch_grad,1616,1717,101,0.6412698412698413,0.06396443361402507
d12-s11,batch_grad,1616,1818,202,0.6412698412698413,0.15183938336586233
d12-s11,batch_grad,1616,1919,303,0.6412698412698413,0.29295247612108166
d12-s11,batch_grad,1616,2020,404,0.6412698412698413,-0.19634959878062416
d12-s11,batch_grad,1616,2121,505,0.6412698412698413,-0.07225280499854793
d12-s11,batch_grad,1616,2222,606,0.6412698412698413,0.16127094142274093
d12-s11,batch_grad,1616,2323,707,0.6412698412698413,0.1030424422613484
d12-s11,batch_grad,1616,2424,808,0.6412698412698413,0.17077509647895694
d12-s11,batch_grad,1717,1818,101,0.6813492063492064,-0.04430252791792973
d12-s11,batch_grad,1717,1919,202,0.6813492063492064,-0.031381512693466625
d12-s11,batch_grad,1717,2020,303,0.6813492063492064,0.14637313583501851
d12-s11,batch_grad,1717,2121,404,0.6813492063492064,-0.31568565214786143
d12-s11,batch_grad,1717,2222,505,0.6813492063492064,-0.11633533589009598
d12-s11,batch_grad,1717,2323,606,0.6813492063492064,0.02866548922512789
d12-s11,batch_grad,1717,2424,707,0.6813492063492064,-0.05980727591481688
d12-s11,batch_grad,1818,1919,101,0.7214285714285714,0.024602688674937395
d12-s11,batch_grad,1818,2020,202,0.7214285714285714,0.03823927220067347
d12-s11,batch_grad,1818,2121,303,0.7214285714285714,0.01537236631157528
d12-s11,batch_grad,1818,2222,404,0.7214285714285714,-0.0002519818760321421
d12-s11,batch_grad,1818,2323,505,0.7214285714285714,0.013113828874119207
d12-s11,batch_grad,1818,2424,606,0.7214285714285714,0.10132599147135866
d12-s11,batch_grad,1919,2020,101,0.7615079365079365,-0.18964978757850584
d12-s11,batch_grad,1919,2121,202,0.7615079365079365,0.08184798862292446
d12-s11,batch_grad,1919,2222,303,0.7615079365079365,0.17742052396404892
d12-s11,batch_grad,1919,2323,404,0.7615079365079365,-0.08006289892362133
d12-s11,batch_grad,1919,2424,505,0.7615079365079365,0.07116614294090155
d12-s11,batch_grad,2020,2121,101,0.8015873015873016,0.18030729435135795
d12-s11,batch_grad,2020,2222,202,0.8015873015873016,-0.05125055356370327
d12-s11,batch_grad,2020,2323,303,0.8015873015873016,-0.08704383288840106
d12-s11,batch_grad,2020,2424,404,0.8015873015873016,0.10088516412699795
d12-s11,batch_grad,2121,2222,101,0.8416666666666667,0.08223889447985921
d12-s11,batch_grad,2121,2323,202,0.8416666666666667,-0.03502256812986904
d12-s11,batch_grad,2121,2424,303,0.8416666666666667,0.12177350839424866
d12-s11,batch_grad,2222,2323,101,0.8817460317460317,-0.139102830104048
d12-s11,batch_grad,2222,2424,202,0.8817460317460317,0.03859954685611945
d12-s11,batch_grad,2323,2424,101,0.9218253968253968,0.024499138171208443
d12-s11,probe_grad,0,1,1,0.0,0.9979370749195994
d12-s11,probe_grad,0,2,2,0.0,0.9956632908044534
d12-s11,probe_grad,0,4,4,0.0,0.9595321854632858
d12-s11,probe_grad,0,8,8,0.0,0.32975688541676645
d12-s11,probe_grad,0,16,16,0.0,0.6306853133670238
d12-s11,probe_grad,0,32,32,0.0,0.5125936160587912
d12-s11,probe_grad,0,40,40,0.0,0.4628901634646076
d12-s11,probe_grad,0,64,64,0.0,0.3617651671866038
d12-s11,probe_grad,0,126,126,0.0,0.1560650478773456
d12-s11,probe_grad,0,252,252,0.0,0.06165609498241905
d12-s11,probe_grad,0,378,378,0.0,0.04318764780848874
d12-s11,probe_grad,0,400,400,0.0,0.041224755722871764
d12-s11,probe_grad,0,504,504,0.0,0.038924238386959714
d12-s11,probe_grad,0,630,630,0.0,0.030477207610634643
d12-s11,probe_grad,0,756,756,0.0,0.03379181736008689
d12-s11,probe_grad,0,882,882,0.0,0.028000537521337094
d12-s11,probe_grad,0,1008,1008,0.0,0.022687577178989813
d12-s11,probe_grad,0,1134,1134,0.0,0.020272393026652638
d12-s11,probe_grad,0,1260,1260,0.0,0.021467637260411634
d12-s11,probe_grad,0,1385,1385,0.0,0.019484191517903354
d12-s11,probe_grad,0,1511,1511,0.0,0.01641543423098166
d12-s11,probe_grad,0,1637,1637,0.0,0.01730617673094389
d12-s11,probe_grad,0,1763,1763,0.0,0.017104953596443494
d12-s11,probe_grad,0,1889,1889,0.0,0.015136558230820515
d12-s11,probe_grad,0,2015,2015,0.0,0.016393882227434854
d12-s11,probe_grad,0,2141,2141,0.0,0.01678578543943344
d12-s11,probe_grad,0,2267,2267,0.0,0.016003131369416956
d12-s11,probe_grad,0,2393,2393,0.0,0.01669839370925501
d12-s11,probe_grad,0,2519,2519,0.0,0.016561782778262302
d12-s11,probe_grad,1,2,1,0.0003968253968253968,0.9968227308643723
d12-s11,probe_grad,1,4,3,0.0003968253968253968,0.9640861141381966
d12-s11,probe_grad,1,8,7,0.0003968253968253968,0.3314884140077705
d12-s11,probe_grad,1,16,15,0.0003968253968253968,0.6340057441477387
d12-s11,probe_grad,1,32,31,0.0003968253968253968,0.514580313652795
d12-s11,probe_grad,1,40,39,0.0003968253968253968,0.464753056836362
d12-s11,probe_grad,1,64,63,0.0003968253968253968,0.36353407343954425
d12-s11,probe_grad,1,126,125,0.0003968253968253968,0.15612332914932425
d12-s11,probe_grad,1,252,251,0.0003968253968253968,0.06202475407397649
d12-s11,probe_grad,1,378,377,0.0003968253968253968,0.04342379867880069
d12-s11,probe_grad,1,400,399,0.0003968253968253968,0.041185380247822846
d12-s11,probe_grad,1,504,503,0.0003968253968253968,0.03904625719369174
d12-s11,probe_grad,1,630,629,0.0003968253968253968,0.03037004607122936
d12-s11,probe_grad,1,756,755,0.0003968253968253968,0.033997164915024025
d12-s11,probe_grad,1,882,881,0.0003968253968253968,0.028100617393939445
d12-s11,probe_grad,1,1008,1007,0.0003968253968253968,0.022692819831748166
d12-s11,probe_grad,1,1134,1133,0.0003968253968253968,0.02029986375363158
d12-s11,probe_grad,1,1260,1259,0.0003968253968253968,0.021533363902051735
d12-s11,probe_grad,1,1385,1384,0.0003968253968253968,0.019490414035137803
d12-s11,probe_grad,1,1511,1510,0.0003968253968253968,0.016371902184206647
d12-s11,probe_grad,1,1637,1636,0.0003968253968253968,0.017292533895584366
d12-s11,probe_grad,1,1763,1762,0.0003968253968253968,0.017134147523400006
d12-s11,probe_grad,1,1889,1888,0.0003968253968253968,0.015145933752687276
d12-s11,probe_grad,1,2015,2014,0.0003968253968253968,0.01642168056850037
d12-s11,probe_grad,1,2141,2140,0.0003968253968253968,0.016822593456305
d12-s11,probe_grad,1,2267,2266,0.0003968253968253968,0.016016939816655647
d12-s11,probe_grad,1,2393,2392,0.0003968253968253968,0.01673224439759605
d12-s11,probe_grad,1,2519,2518,0.0003968253968253968,0.016584506855620067
d12-s11,probe_grad,2,4,2,0.0007936507936507937,0.9732590162308901
d12-s11,probe_grad,2,8,6,0.0007936507936507937,0.3425725254665599
d12-s11,probe_grad,2,16,14,0.0007936507936507937,0.6426185592575471
d12-s11,probe_grad,2,32,30,0.0007936507936507937,0.5218258025803246
d12-s11,probe_grad,2,40,38,0.0007936507936507937,0.47182766090552725
d12-s11,probe_grad,2,64,62,0.0007936507936507937,0.3696748306812808
d12-s11,probe_grad,2,126,124,0.0007936507936507937,0.15607148334535828
d12-s11,probe_grad,2,252,250,0.0007936507936507937,0.06311507616077541
d12-s11,probe_grad,2,378,376,0.0007936507936507937,0.044337472790231154
d12-s11,probe_grad,2,400,398,0.0007936507936507937,0.041341121929322176
d12-s11,probe_grad,2,504,502,0.0007936507936507937,0.039507501667052504
d12-s11,probe_grad,2,630,628,0.0007936507936507937,0.030238787944688598
d12-s11,probe_grad,2,756,754,0.0007936507936507937,0.034552116381769124
d12-s11,probe_grad,2,882,880,0.0007936507936507937,0.028399365757731374
d12-s11,probe_grad,2,1008,1006,0.0007936507936507937,0.02278740672908092
d12-s11,probe_grad,2,1134,1132,0.0007936507936507937,0.02047201878724912
d12-s11,probe_grad,2,1260,1258,0.0007936507936507937,0.021901247249822387
d12-s11,probe_grad,2,1385,1383,0.0007936507936507937,0.019658756513798056
d12-s11,probe_grad,2,1511,1509,0.0007936507936507937,0.0163446465908096
d12-s11,probe_grad,2,1637,1635,0.0007936507936507937,0.01736460093611796
d12-s11,probe_grad,2,1763,1761,0.0007936507936507937,0.017325671266671828
d12-s11,probe_grad,2,1889,1887,0.0007936507936507937,0.015278913895175234
d12-s11,probe_grad,2,2015,2013,0.0007936507936507937,0.016606644116127743
d12-s11,probe_grad,2,2141,2139,0.0007936507936507937,0.017015652992728395
d12-s11,probe_grad,2,2267,2265,0.0007936507936507937,0.016161528242463304
d12-s11,probe_grad,2,2393,2391,0.0007936507936507937,0.016923458364467524
d12-s11,probe_grad,2,2519,2517,0.0007936507936507937,0.016755642807010442
d12-s11,probe_grad,4,8,4,0.0015873015873015873,0.4103887835624829
d12-s11,probe_grad,4,16,12,0.0015873015873015873,0.6729340470299505
d12-s11,probe_grad,4,32,28,0.0015873015873015873,0.5496139588248857
d12-s11,probe_grad,4,40,36,0.0015873015873015873,0.49980118520075095
d12-s11,probe_grad,4,64,60,0.0015873015873015873,0.3928183032380108
d12-s11,probe_grad,4,126,122,0.0015873015873015873,0.15144737959305554
d12-s11,probe_grad,4,252,248,0.0015873015873015873,0.06636281449301862
d12-s11,probe_grad,4,378,374,0.0015873015873015873,0.04748951718059051
d12-s11,probe_grad,4,400,396,0.0015873015873015873,0.04095767120641706
d12-s11,probe_grad,4,504,500,0.0015873015873015873,0.040391860006925906
d12-s11,probe_grad,4,630,626,0.0015873015873015873,0.02873004265915686
d12-s11,probe_grad,4,756,752,0.0015873015873015873,0.03611819849928144
d12-s11,probe_grad,4,882,878,0.0015873015873015873,0.02888153163581261
d12-s11,probe_grad,4,1008,1004,0.0015873015873015873,0.022836934803168424
d12-s11,probe_grad,4,1134,1130,0.0015873015873015873,0.020415929422152885
d12-s11,probe_grad,4,1260,1256,0.0015873015873015873,0.023098392336710984
d12-s11,probe_grad,4,1385,1381,0.0015873015873015873,0.019973843445023474
d12-s11,probe_grad,4,1511,1507,0.0015873015873015873,0.01594904562118644
d12-s11,probe_grad,4,1637,1633,0.0015873015873015873,0.017382542291966434
d12-s11,probe_grad,4,1763,1759,0.0015873015873015873,0.01769546341302057
d12-s11,probe_grad,4,1889,1885,0.0015873015873015873,0.015566319173166518
d12-s11,probe_grad,4,2015,2011,0.0015873015873015873,0.016976094476506234
d12-s11,probe_grad,4,2141,2137,0.0015873015873015873,0.01756396397684107
d12-s11,probe_grad,4,2267,2263,0.0015873015873015873,0.01639649085802116
d12-s11,probe_grad,4,2393,2389,0.0015873015873015873,0.017470411366774383
d12-s11,probe_grad,4,2519,2515,0.0015873015873015873,0.017255467979144488
d12-s11,probe_grad,8,16,8,0.0031746031746031746,0.38440285850103156
d12-s11,probe_grad,8,32,24,0.0031746031746031746,0.39949548560297055
d12-s11,probe_grad,8,40,32,0.0031746031746031746,0.37686982976200883
d12-s11,probe_grad,8,64,56,0.0031746031746031746,0.2933124176514592
d12-s11,probe_grad,8,126,118,0.0031746031746031746,0.06746427845059834
d12-s11,probe_grad,8,252,244,0.0031746031746031746,0.04373923120824258
d12-s11,probe_grad,8,378,370,0.0031746031746031746,0.028553709758274176
d12-s11,probe_grad,8,400,392,0.0031746031746031746,0.01866552587896322
d12-s11,probe_grad,8,504,496,0.0031746031746031746,0.015860176634139016
d12-s11,probe_grad,8,630,622,0.0031746031746031746,0.004538035660946004
d12-s11,probe_grad,8,756,748,0.0031746031746031746,0.017548244826330238
d12-s11,probe_grad,8,882,874,0.0031746031746031746,0.012446445950611276
d12-s11,probe_grad,8,1008,1000,0.0031746031746031746,0.011067641891966531
d12-s11,probe_grad,8,1134,1126,0.0031746031746031746,0.00871934149780134
d12-s11,probe_grad,8,1260,1252,0.0031746031746031746,0.026260879848686147
d12-s11,probe_grad,8,1385,1377,0.0031746031746031746,0.014591572047613651
d12-s11,probe_grad,8,1511,1503,0.0031746031746031746,0.0061661320874883034
d12-s11,probe_grad,8,1637,1629,0.0031746031746031746,0.007679498289117392
d12-s11,probe_grad,8,1763,1755,0.0031746031746031746,0.01125696001048389
d12-s11,probe_grad,8,1889,1881,0.0031746031746031746,0.011263293850035905
d12-s11,probe_grad,8,2015,2007,0.0031746031746031746,0.011554583428758314
d12-s11,probe_grad,8,2141,2133,0.0031746031746031746,0.013998426513621754
d12-s11,probe_grad,8,2267,2259,0.0031746031746031746,0.010470774345849657
d12-s11,probe_grad,8,2393,2385,0.0031746031746031746,0.013505315848577554
d12-s11,probe_grad,8,2519,2511,0.0031746031746031746,0.012548335317836416
d12-s11,probe_grad,16,32,16,0.006349206349206349,0.7813367027824009
d12-s11,probe_grad,16,40,24,0.006349206349206349,0.7114711437932663
d12-s11,probe_grad,16,64,48,0.006349206349206349,0.5456277627818171
d12-s11,probe_grad,16,126,110,0.006349206349206349,0.2521111677985802
d12-s11,probe_grad,16,252,236,0.006349206349206349,0.08706140187820695
d12-s11,probe_grad,16,378,362,0.006349206349206349,0.06287839926272999
d12-s11,probe_grad,16,400,384,0.006349206349206349,0.0629279053793776
d12-s11,probe_grad,16,504,488,0.006349206349206349,0.051579265257688044
d12-s11,probe_grad,16,630,614,0.006349206349206349,0.03881233361118554
d12-s11,probe_grad,16,756,740,0.006349206349206349,0.04163403160524442
d12-s11,probe_grad,16,882,866,0.006349206349206349,0.03404394407487872
d12-s11,probe_grad,16,1008,992,0.006349206349206349,0.029397129172771767
d12-s11,probe_grad,16,1134,1118,0.006349206349206349,0.022810339185047972
d12-s11,probe_grad,16,1260,1244,0.006349206349206349,0.024844454817243615
d12-s11,probe_grad,16,1385,1369,0.006349206349206349,0.02305750057456741
d12-s11,probe_grad,16,1511,1495,0.006349206349206349,0.020886118551369258
d12-s11,probe_grad,16,1637,1621,0.006349206349206349,0.020725559338535947
d12-s11,probe_grad,16,1763,1747,0.006349206349206349,0.019508313524111132
d12-s11,probe_grad,16,1889,1873,0.006349206349206349,0.01956867271191505
d12-s11,probe_grad,16,2015,1999,0.006349206349206349,0.02028974594260626
d12-s11,probe_grad,16,2141,2125,0.006349206349206349,0.020638805427759754
d12-s11,probe_grad,16,2267,2251,0.006349206349206349,0.02017682873153119
d12-s11,probe_grad,16,2393,2377,0.006349206349206349,0.02148819921673685
d12-s11,probe_grad,16,2519,2503,0.006349206349206349,0.021117324575679018
d12-s11,probe_grad,32,40,8,0.012698412698412698,0.9406761952176241
d12-s11,probe_grad,32,64,32,0.012698412698412698,0.7139141348717928
d12-s11,probe_grad,32,126,94,0.012698412698412698,0.3192403853716341
d12-s11,probe_grad,32,252,220,0.012698412698412698,0.1180511307402115
d12-s11,probe_grad,32,378,346,0.012698412698412698,0.08444173004150803
d12-s11,probe_grad,32,400,368,0.012698412698412698,0.08318594945224747
d12-s11,probe_grad,32,504,472,0.012698412698412698,0.0695082883268391
d12-s11,probe_grad,32,630,598,0.012698412698412698,0.053492386506473505
d12-s11,probe_grad,32,756,724,0.012698412698412698,0.05373437869905972
d12-s11,probe_grad,32,882,850,0.012698412698412698,0.0439117338213733
d12-s11,probe_grad,32,1008,976,0.012698412698412698,0.038461441205963794
d12-s11,probe_grad,32,1134,1102,0.012698412698412698,0.03178416525437843
d12-s11,probe_grad,32,1260,1228,0.012698412698412698,0.031405377243934364
d12-s11,probe_grad,32,1385,1353,0.012698412698412698,0.029538650362466914
d12-s11,probe_grad,32,1511,1479,0.012698412698412698,0.026056012242726453
d12-s11,probe_grad,32,1637,1605,0.012698412698412698,0.02541825184162757
d12-s11,probe_grad,32,1763,1731,0.012698412698412698,0.024615710249703444
d12-s11,probe_grad,32,1889,1857,0.012698412698412698,0.024821203234631342
d12-s11,probe_grad,32,2015,1983,0.012698412698412698,0.025168644563756934
d12-s11,probe_grad,32,2141,2109,0.012698412698412698,0.026709056790688974
d12-s11,probe_grad,32,2267,2235,0.012698412698412698,0.025521037420748842
d12-s11,probe_grad,32,2393,2361,0.012698412698412698,0.026980878302925462
d12-s11,probe_grad,32,2519,2487,0.012698412698412698,0.026499742287255407
d12-s11,probe_grad,40,64,24,0.015873015873015872,0.7767922635203491
d12-s11,probe_grad,40,126,86,0.015873015873015872,0.34338409325834796
d12-s11,probe_grad,40,252,212,0.015873015873015872,0.12667127623201893
d12-s11,probe_grad,40,378,338,0.015873015873015872,0.08833192955196843
d12-s11,probe_grad,40,400,360,0.015873015873015872,0.08716580415862096
d12-s11,probe_grad,40,504,464,0.015873015873015872,0.07180593941442295
d12-s11,probe_grad,40,630,590,0.015873015873015872,0.0545393903389721
d12-s11,probe_grad,40,756,716,0.015873015873015872,0.05355015517115498
d12-s11,probe_grad,40,882,842,0.015873015873015872,0.044150161711227674
d12-s11,probe_grad,40,1008,968,0.015873015873015872,0.0384992973180458
d12-s11,probe_grad,40,1134,1094,0.015873015873015872,0.03239727884408155
d12-s11,probe_grad,40,1260,1220,0.015873015873015872,0.031175747360606566
d12-s11,probe_grad,40,1385,1345,0.015873015873015872,0.02894226011995544
d12-s11,probe_grad,40,1511,1471,0.015873015873015872,0.025216884215980048
d12-s11,probe_grad,40,1637,1597,0.015873015873015872,0.02500748473652899
d12-s11,probe_grad,40,1763,1723,0.015873015873015872,0.024426885463640538
d12-s11,probe_grad,40,1889,1849,0.015873015873015872,0.024884017361149702
d12-s11,probe_grad,40,2015,1975,0.015873015873015872,0.025238406714314005
d12-s11,probe_grad,40,2141,2101,0.015873015873015872,0.026661052679308517
d12-s11,probe_grad,40,2267,2227,0.015873015873015872,0.025550212835859065
d12-s11,probe_grad,40,2393,2353,0.015873015873015872,0.027033113515335383
d12-s11,probe_grad,40,2519,2479,0.015873015873015872,0.026716586473076495
d12-s11,probe_grad,64,126,62,0.025396825396825397,0.43369575429044216
d12-s11,probe_grad,64,252,188,0.025396825396825397,0.1745847406300308
d12-s11,probe_grad,64,378,314,0.025396825396825397,0.12220592937155408
d12-s11,probe_grad,64,400,336,0.025396825396825397,0.11381249775610248
d12-s11,probe_grad,64,504,440,0.025396825396825397,0.0984815748787654
d12-s11,probe_grad,64,630,566,0.025396825396825397,0.07544549180535232
d12-s11,probe_grad,64,756,692,0.025396825396825397,0.07258171100263812
d12-s11,probe_grad,64,882,818,0.025396825396825397,0.05977652575088558
d12-s11,probe_grad,64,1008,944,0.025396825396825397,0.04937685699387396
d12-s11,probe_grad,64,1134,1070,0.025396825396825397,0.04611298618199181
d12-s11,probe_grad,64,1260,1196,0.025396825396825397,0.04210987629745397
d12-s11,probe_grad,64,1385,1321,0.025396825396825397,0.038502256978747554
d12-s11,probe_grad,64,1511,1447,0.025396825396825397,0.03373217942647152
d12-s11,probe_grad,64,1637,1573,0.025396825396825397,0.03491759803659368
d12-s11,probe_grad,64,1763,1699,0.025396825396825397,0.03374970461281341
d12-s11,probe_grad,64,1889,1825,0.025396825396825397,0.03349806883751833
d12-s11,probe_grad,64,2015,1951,0.025396825396825397,0.034187589389720156
d12-s11,probe_grad,64,2141,2077,0.025396825396825397,0.03494141858181257
d12-s11,probe_grad,64,2267,2203,0.025396825396825397,0.03468153175297472
d12-s11,probe_grad,64,2393,2329,0.025396825396825397,0.03553632720974097
d12-s11,probe_grad,64,2519,2455,0.025396825396825397,0.03508480028836818
d12-s11,probe_grad,126,252,126,0.05,0.2811939708993449
d12-s11,probe_grad,126,378,252,0.05,0.20378705213451104
d12-s11,probe_grad,126,400,274,0.05,0.19707387334910972
d12-s11,probe_grad,126,504,378,0.05,0.18031353899640207
d12-s11,probe_grad,126,630,504,0.05,0.16559830779602175
d12-s11,probe_grad,126,756,630,0.05,0.1328524537347152
d12-s11,probe_grad,126,882,756,0.05,0.10312062190285945
d12-s11,probe_grad,126,1008,882,0.05,0.09022325201375929
d12-s11,probe_grad,126,1134,1008,0.05,0.0941947064089976
d12-s11,probe_grad,126,1260,1134,0.05,0.038201517362352014
d12-s11,probe_grad,126,1385,1259,0.05,0.0652480237003882
d12-s11,probe_grad,126,1511,1385,0.05,0.08281541050207276
d12-s11,probe_grad,126,1637,1511,0.05,0.07265743597942802
d12-s11,probe_grad,126,1763,1637,0.05,0.06419538847411181
d12-s11,probe_grad,126,1889,1763,0.05,0.057991171292756084
d12-s11,probe_grad,126,2015,1889,0.05,0.06463453984669548
d12-s11,probe_grad,126,2141,2015,0.05,0.05398501427661842
d12-s11,probe_grad,126,2267,2141,0.05,0.05955083971617797
d12-s11,probe_grad,126,2393,2267,0.05,0.05884171397123178
d12-s11,probe_grad,126,2519,2393,0.05,0.06160086803433297
d12-s11,probe_grad,252,378,126,0.1,0.45622897083342995
d12-s11,probe_grad,252,400,148,0.1,0.4196513450154117
d12-s11,probe_grad,252,504,252,0.1,0.33636346531698347
d12-s11,probe_grad,252,630,378,0.1,0.30413039815492204
d12-s11,probe_grad,252,756,504,0.1,0.2664344835632788
d12-s11,probe_grad,252,882,630,0.1,0.23053175963903574
d12-s11,probe_grad,252,1008,756,0.1,0.20099870772418527
d12-s11,probe_grad,252,1134,882,0.1,0.18846835708476928
d12-s11,probe_grad,252,1260,1008,0.1,0.1620083157774639
d12-s11,probe_grad,252,1385,1133,0.1,0.16116264706017405
d12-s11,probe_grad,252,1511,1259,0.1,0.1651424000538709
d12-s11,probe_grad,252,1637,1385,0.1,0.15220652509524465
d12-s11,probe_grad,252,1763,1511,0.1,0.15862375557334193
d12-s11,probe_grad,252,1889,1637,0.1,0.1526561182880484
d12-s11,probe_grad,252,2015,1763,0.1,0.15366282119680344
d12-s11,probe_grad,252,2141,1889,0.1,0.15045382560391588
d12-s11,probe_grad,252,2267,2015,0.1,0.15093055296004174
d12-s11,probe_grad,252,2393,2141,0.1,0.14978678267988302
d12-s11,probe_grad,252,2519,2267,0.1,0.15088857673333989
d12-s11,probe_grad,378,400,22,0.15,0.732898107718004
d12-s11,probe_grad,378,504,126,0.15,0.5290699788923392
d12-s11,probe_grad,378,630,252,0.15,0.474666874883058
d12-s11,probe_grad,378,756,378,0.15,0.42533013532972863
d12-s11,probe_grad,378,882,504,0.15,0.36304889699745374
d12-s11,probe_grad,378,1008,630,0.15,0.3247090437856516
d12-s11,probe_grad,378,1134,756,0.15,0.3232203778344227
d12-s11,probe_grad,378,1260,882,0.15,0.27210352287103
d12-s11,probe_grad,378,1385,1007,0.15,0.2701224288242739
d12-s11,probe_grad,378,1511,1133,0.15,0.2773204526205211
d12-s11,probe_grad,378,1637,1259,0.15,0.2608524706335662
d12-s11,probe_grad,378,1763,1385,0.15,0.26472044069101835
d12-s11,probe_grad,378,1889,1511,0.15,0.2529139932549557
d12-s11,probe_grad,378,2015,1637,0.15,0.2607475240023039
d12-s11,probe_grad,378,2141,1763,0.15,0.2498973786002255
d12-s11,probe_grad,378,2267,1889,0.15,0.2544410336514006
d12-s11,probe_grad,378,2393,2015,0.15,0.2528510846878395
d12-s11,probe_grad,378,2519,2141,0.15,0.2554228965465768
d12-s11,probe_grad,400,504,104,0.15873015873015872,0.5571854840113756
d12-s11,probe_grad,400,630,230,0.15873015873015872,0.5145139221827585
d12-s11,probe_grad,400,756,356,0.15873015873015872,0.4318035090554844
d12-s11,probe_grad,400,882,482,0.15873015873015872,0.3961386654596055
d12-s11,probe_grad,400,1008,608,0.15873015873015872,0.36742187895759243
d12-s11,probe_grad,400,1134,734,0.15873015873015872,0.3453558160648581
d12-s11,probe_grad,400,1260,860,0.15873015873015872,0.28528384851723915
d12-s11,probe_grad,400,1385,985,0.15873015873015872,0.27731980469869233
d12-s11,probe_grad,400,1511,1111,0.15873015873015872,0.3041922680222771
d12-s11,probe_grad,400,1637,1237,0.15873015873015872,0.27905297233883936
d12-s11,probe_grad,400,1763,1363,0.15873015873015872,0.2849934741964935
d12-s11,probe_grad,400,1889,1489,0.15873015873015872,0.28495288948826847
d12-s11,probe_grad,400,2015,1615,0.15873015873015872,0.28241493446700217
d12-s11,probe_grad,400,2141,1741,0.15873015873015872,0.27151515187775643
d12-s11,probe_grad,400,2267,1867,0.15873015873015872,0.27828991767883904
d12-s11,probe_grad,400,2393,1993,0.15873015873015872,0.2718904787980556
d12-s11,probe_grad,400,2519,2119,0.15873015873015872,0.277353799451499
d12-s11,probe_grad,504,630,126,0.2,0.5861326944454806
d12-s11,probe_grad,504,756,252,0.2,0.5388521934434444
d12-s11,probe_grad,504,882,378,0.2,0.46257472685323964
d12-s11,probe_grad,504,1008,504,0.2,0.4197869993424198
d12-s11,probe_grad,504,1134,630,0.2,0.41020368769775917
d12-s11,probe_grad,504,1260,756,0.2,0.3433059272917749
d12-s11,probe_grad,504,1385,881,0.2,0.34483397693975787
d12-s11,probe_grad,504,1511,1007,0.2,0.36567040065563833
d12-s11,probe_grad,504,1637,1133,0.2,0.35121209020994837
d12-s11,probe_grad,504,1763,1259,0.2,0.34362967307005665
d12-s11,probe_grad,504,1889,1385,0.2,0.3359415185756966
d12-s11,probe_grad,504,2015,1511,0.2,0.34503145592432494
d12-s11,probe_grad,504,2141,1637,0.2,0.33129084868354575
d12-s11,probe_grad,504,2267,1763,0.2,0.33943831557703713
d12-s11,probe_grad,504,2393,1889,0.2,0.3375856859155173
d12-s11,probe_grad,504,2519,2015,0.2,0.3416116822402692
d12-s11,probe_grad,630,756,126,0.25,0.6303315951709629
d12-s11,probe_grad,630,882,252,0.25,0.5682987316324243
d12-s11,probe_grad,630,1008,378,0.25,0.5527855315697199
d12-s11,probe_grad,630,1134,504,0.25,0.49793330438628003
d12-s11,probe_grad,630,1260,630,0.25,0.41571451842803464
d12-s11,probe_grad,630,1385,755,0.25,0.4296428767843063
d12-s11,probe_grad,630,1511,881,0.25,0.46935176118290045
d12-s11,probe_grad,630,1637,1007,0.25,0.4422719047590147
d12-s11,probe_grad,630,1763,1133,0.25,0.44157625132008327
d12-s11,probe_grad,630,1889,1259,0.25,0.42976886359543204
d12-s11,probe_grad,630,2015,1385,0.25,0.4261548398124148
d12-s11,probe_grad,630,2141,1511,0.25,0.41013218758521824
d12-s11,probe_grad,630,2267,1637,0.25,0.42212792164855883
d12-s11,probe_grad,630,2393,1763,0.25,0.41546258970293104
d12-s11,probe_grad,630,2519,1889,0.25,0.4221443467676851
d12-s11,probe_grad,756,882,126,0.3,0.6834904363412676
d12-s11,probe_grad,756,1008,252,0.3,0.6224386712737904
d12-s11,probe_grad,756,1134,378,0.3,0.6210059132372339
d12-s11,probe_grad,756,1260,504,0.3,0.5634504997738986
d12-s11,probe_grad,756,1385,629,0.3,0.5732320714285595
d12-s11,probe_grad,756,1511,755,0.3,0.579357838804232
d12-s11,probe_grad,756,1637,881,0.3,0.572531516304453
d12-s11,probe_grad,756,1763,1007,0.3,0.571133742285609
d12-s11,probe_grad,756,1889,1133,0.3,0.5453743727306486
d12-s11,probe_grad,756,2015,1259,0.3,0.5566672901321597
d12-s11,probe_grad,756,2141,1385,0.3,0.5416871113113524
d12-s11,probe_grad,756,2267,1511,0.3,0.5426519062652494
d12-s11,probe_grad,756,2393,1637,0.3,0.5393368488688852
d12-s11,probe_grad,756,2519,1763,0.3,0.5389550994535042
d12-s11,probe_grad,882,1008,126,0.35,0.7343017171125205
d12-s11,probe_grad,882,1134,252,0.35,0.6870981785348782
d12-s11,probe_grad,882,1260,378,0.35,0.6413508113647025
d12-s11,probe_grad,882,1385,503,0.35,0.6404706872244196
d12-s11,probe_grad,882,1511,629,0.35,0.6688573301029729
d12-s11,probe_grad,882,1637,755,0.35,0.6464630586283469
d12-s11,probe_grad,882,1763,881,0.35,0.657425355125555
d12-s11,probe_grad,882,1889,1007,0.35,0.63144950179109
d12-s11,probe_grad,882,2015,1133,0.35,0.6345814487386747
d12-s11,probe_grad,882,2141,1259,0.35,0.6283485657529251
d12-s11,probe_grad,882,2267,1385,0.35,0.6313287336145582
d12-s11,probe_grad,882,2393,1511,0.35,0.6192575659673109
d12-s11,probe_grad,882,2519,1637,0.35,0.6189152919012221
d12-s11,probe_grad,1008,1134,126,0.4,0.7346797458855724
d12-s11,probe_grad,1008,1260,252,0.4,0.6873617764935424
d12-s11,probe_grad,1008,1385,377,0.4,0.6883125278912033
d12-s11,probe_grad,1008,1511,503,0.4,0.7204276041299068
d12-s11,probe_grad,1008,1637,629,0.4,0.6974880442337948
d12-s11,probe_grad,1008,1763,755,0.4,0.6989031355127725
d12-s11,probe_grad,1008,1889,881,0.4,0.687055619907267
d12-s11,probe_grad,1008,2015,1007,0.4,0.6748376665675548
d12-s11,probe_grad,1008,2141,1133,0.4,0.662521678555536
d12-s11,probe_grad,1008,2267,1259,0.4,0.6606329549504045
d12-s11,probe_grad,1008,2393,1385,0.4,0.6516929930216321
d12-s11,probe_grad,1008,2519,1511,0.4,0.6571469899980958
d12-s11,probe_grad,1134,1260,126,0.45,0.7279288492033337
d12-s11,probe_grad,1134,1385,251,0.45,0.6922525162861033
d12-s11,probe_grad,1134,1511,377,0.45,0.7644261942778539
d12-s11,probe_grad,1134,1637,503,0.45,0.722464038514819
d12-s11,probe_grad,1134,1763,629,0.45,0.7325796426240968
d12-s11,probe_grad,1134,1889,755,0.45,0.7074897474500234
d12-s11,probe_grad,1134,2015,881,0.45,0.7145171540668256
d12-s11,probe_grad,1134,2141,1007,0.45,0.691113709392289
d12-s11,probe_grad,1134,2267,1133,0.45,0.6990141918714237
d12-s11,probe_grad,1134,2393,1259,0.45,0.6834709571155012
d12-s11,probe_grad,1134,2519,1385,0.45,0.686091795508458
d12-s11,probe_grad,1260,1385,125,0.5,0.7924332955709694
d12-s11,probe_grad,1260,1511,251,0.5,0.7303918114481087
d12-s11,probe_grad,1260,1637,377,0.5,0.7503500486742709
d12-s11,probe_grad,1260,1763,503,0.5,0.7472056140988058
d12-s11,probe_grad,1260,1889,629,0.5,0.735694987194642
d12-s11,probe_grad,1260,2015,755,0.5,0.7376088466249535
d12-s11,probe_grad,1260,2141,881,0.5,0.740137527192143
d12-s11,probe_grad,1260,2267,1007,0.5,0.7247792717094049
d12-s11,probe_grad,1260,2393,1133,0.5,0.7282749523277146
d12-s11,probe_grad,1260,2519,1259,0.5,0.7236283868865946
d12-s11,probe_grad,1385,1511,126,0.5496031746031746,0.7904607062897049
d12-s11,probe_grad,1385,1637,252,0.5496031746031746,0.8112564056710561
d12-s11,probe_grad,1385,1763,378,0.5496031746031746,0.7887016683030804
d12-s11,probe_grad,1385,1889,504,0.5496031746031746,0.7769415277799222
d12-s11,probe_grad,1385,2015,630,0.5496031746031746,0.7798300014292106
d12-s11,probe_grad,1385,2141,756,0.5496031746031746,0.7787050184697305
d12-s11,probe_grad,1385,2267,882,0.5496031746031746,0.7621918455902649
d12-s11,probe_grad,1385,2393,1008,0.5496031746031746,0.7657716806514985
d12-s11,probe_grad,1385,2519,1134,0.5496031746031746,0.7593161706041975
d12-s11,probe_grad,1511,1637,126,0.5996031746031746,0.8631682746895389
d12-s11,probe_grad,1511,1763,252,0.5996031746031746,0.8412034097061195
d12-s11,probe_grad,1511,1889,378,0.5996031746031746,0.8229134586746647
d12-s11,probe_grad,1511,2015,504,0.5996031746031746,0.8160500408465471
d12-s11,probe_grad,1511,2141,630,0.5996031746031746,0.8023480706927292
d12-s11,probe_grad,1511,2267,756,0.5996031746031746,0.80823995269707
d12-s11,probe_grad,1511,2393,882,0.5996031746031746,0.7929881976777845
d12-s11,probe_grad,1511,2519,1008,0.5996031746031746,0.7999973201470422
d12-s11,probe_grad,1637,1763,126,0.6496031746031746,0.8756166270794662
d12-s11,probe_grad,1637,1889,252,0.6496031746031746,0.8618052774746524
d12-s11,probe_grad,1637,2015,378,0.6496031746031746,0.8543620742519686
d12-s11,probe_grad,1637,2141,504,0.6496031746031746,0.843532412939618
d12-s11,probe_grad,1637,2267,630,0.6496031746031746,0.8420244103244183
d12-s11,probe_grad,1637,2393,756,0.6496031746031746,0.8349109418912867
d12-s11,probe_grad,1637,2519,882,0.6496031746031746,0.8371941853955464
d12-s11,probe_grad,1763,1889,126,0.6996031746031746,0.9009208638071017
d12-s11,probe_grad,1763,2015,252,0.6996031746031746,0.8927820154474725
d12-s11,probe_grad,1763,2141,378,0.6996031746031746,0.8790912483878391
d12-s11,probe_grad,1763,2267,504,0.6996031746031746,0.8708821321718813
d12-s11,probe_grad,1763,2393,630,0.6996031746031746,0.8664627383090194
d12-s11,probe_grad,1763,2519,756,0.6996031746031746,0.8674972996308362
d12-s11,probe_grad,1889,2015,126,0.7496031746031746,0.9228613397826415
d12-s11,probe_grad,1889,2141,252,0.7496031746031746,0.9052157332533882
d12-s11,probe_grad,1889,2267,378,0.7496031746031746,0.8984088450010635
d12-s11,probe_grad,1889,2393,504,0.7496031746031746,0.8926784970414645
d12-s11,probe_grad,1889,2519,630,0.7496031746031746,0.8953408407574092
d12-s11,probe_grad,2015,2141,126,0.7996031746031746,0.9409601568507289
d12-s11,probe_grad,2015,2267,252,0.7996031746031746,0.9294035649533658
d12-s11,probe_grad,2015,2393,378,0.7996031746031746,0.9249833569759398
d12-s11,probe_grad,2015,2519,504,0.7996031746031746,0.9271463183640175
d12-s11,probe_grad,2141,2267,126,0.8496031746031746,0.9561396514387487
d12-s11,probe_grad,2141,2393,252,0.8496031746031746,0.9530478670414505
d12-s11,probe_grad,2141,2519,378,0.8496031746031746,0.9534353599959183
d12-s11,probe_grad,2267,2393,126,0.8996031746031746,0.9749674921062782
d12-s11,probe_grad,2267,2519,252,0.8996031746031746,0.9730364096324483
d12-s11,probe_grad,2393,2519,126,0.9496031746031746,0.9895078209300112
d12-s7,batch_grad,0,101,101,0.0,0.1289701699240667
d12-s7,batch_grad,0,202,202,0.0,0.04867968858868162
d12-s7,batch_grad,0,303,303,0.0,0.027524014845717662
d12-s7,batch_grad,0,404,404,0.0,0.02081291600324234
d12-s7,batch_grad,0,505,505,0.0,0.008871276513681596
d12-s7,batch_grad,0,606,606,0.0,-0.014723645442039973
d12-s7,batch_grad,0,707,707,0.0,0.0008836724796576176
d12-s7,batch_grad,0,808,808,0.0,0.01100537885853164
d12-s7,batch_grad,0,909,909,0.0,-0.00468676094338563
d12-s7,batch_grad,0,1010,1010,0.0,0.010734513672335941
d12-s7,batch_grad,0,1111,1111,0.0,-0.013740192269699568
d12-s7,batch_grad,0,1212,1212,0.0,0.0005919140303644122
d12-s7,batch_grad,0,1313,1313,0.0,0.0052315198066725035
d12-s7,batch_grad,0,1414,1414,0.0,0.0025610357381844443
d12-s7,batch_grad,0,1515,1515,0.0,0.005021958348464721
d12-s7,batch_grad,0,1616,1616,0.0,0.00021726326619628188
d12-s7,batch_grad,0,1717,1717,0.0,0.0059554718684853465
d12-s7,batch_grad,0,1818,1818,0.0,0.0018972899371178986
d12-s7,batch_grad,0,1919,1919,0.0,0.006902098590139594
d12-s7,batch_grad,0,2020,2020,0.0,-0.008806473795744693
d12-s7,batch_grad,0,2121,2121,0.0,0.009912967555434648
d12-s7,batch_grad,0,2222,2222,0.0,0.0024772345541998098
d12-s7,batch_grad,0,2323,2323,0.0,0.008231520516671876
d12-s7,batch_grad,0,2424,2424,0.0,0.005780957351986332
d12-s7,batch_grad,101,202,101,0.04007936507936508,0.07632391078808913
d12-s7,batch_grad,101,303,202,0.04007936507936508,0.05152096224730552
d12-s7,batch_grad,101,404,303,0.04007936507936508,0.16389843882146718
d12-s7,batch_grad,101,505,404,0.04007936507936508,0.23693934271023642
d12-s7,batch_grad,101,606,505,0.04007936507936508,0.028603349990010556
d12-s7,batch_grad,101,707,606,0.04007936507936508,-0.1363163668627385
d12-s7,batch_grad,101,808,707,0.04007936507936508,-0.06788648947272798
d12-s7,batch_grad,101,909,808,0.04007936507936508,0.011942044820300276
d12-s7,batch_grad,101,1010,909,0.04007936507936508,0.16528390370161816
d12-s7,batch_grad,101,1111,1010,0.04007936507936508,-0.011783908776921374
d12-s7,batch_grad,101,1212,1111,0.04007936507936508,-0.04649610074116997
d12-s7,batch_grad,101,1313,1212,0.04007936507936508,0.08941315703544485
d12-s7,batch_grad,101,1414,1313,0.04007936507936508,-0.08128547487505407
d12-s7,batch_grad,101,1515,1414,0.04007936507936508,0.10455919648967281
d12-s7,batch_grad,101,1616,1515,0.04007936507936508,0.06915843302073349
d12-s7,batch_grad,101,1717,1616,0.04007936507936508,-0.0010173106337736035
d12-s7,batch_grad,101,1818,1717,0.04007936507936508,-0.015387621359058327
d12-s7,batch_grad,101,1919,1818,0.04007936507936508,0.09081629382132266
d12-s7,batch_grad,101,2020,1919,0.04007936507936508,-0.08624762339537592
d12-s7,batch_grad,101,2121,2020,0.04007936507936508,0.0018101762143436324
d12-s7,batch_grad,101,2222,2121,0.04007936507936508,0.026772582916056258
d12-s7,batch_grad,101,2323,2222,0.04007936507936508,0.06111068413789078
d12-s7,batch_grad,101,2424,2323,0.04007936507936508,0.005824731403835099
d12-s7,batch_grad,202,303,101,0.08015873015873017,0.16655106526000216
d12-s7,batch_grad,202,404,202,0.08015873015873017,-0.19304195337749888
d12-s7,batch_grad,202,505,303,0.08015873015873017,-0.20631714136898716
d12-s7,batch_grad,202,606,404,0.08015873015873017,-0.07995803631860811
d12-s7,batch_grad,202,707,505,0.08015873015873017,0.030231782210354732
d12-s7,batch_grad,202,808,606,0.08015873015873017,0.21211793296586137
d12-s7,batch_grad,202,909,707,0.08015873015873017,-0.1581844985705055
d12-s7,batch_grad,202,1010,808,0.08015873015873017,-0.1763265580142701
d12-s7,batch_grad,202,1111,909,0.08015873015873017,-0.05822058012585735
d12-s7,batch_grad,202,1212,1010,0.08015873015873017,-0.03070192463381578
d12-s7,batch_grad,202,1313,1111,0.08015873015873017,-0.030866069736017215
d12-s7,batch_grad,202,1414,1212,0.08015873015873017,0.19128932853949834
d12-s7,batch_grad,202,1515,1313,0.08015873015873017,-0.027572221457791028
d12-s7,batch_grad,202,1616,1414,0.08015873015873017,-0.038305188908003496
d12-s7,batch_grad,202,1717,1515,0.08015873015873017,-0.050710457407521635
d12-s7,batch_grad,202,1818,1616,0.08015873015873017,0.10551693226930699
d12-s7,batch_grad,202,1919,1717,0.08015873015873017,-0.034160191114908735
d12-s7,batch_grad,202,2020,1818,0.08015873015873017,0.058339002441698685
d12-s7,batch_grad,202,2121,1919,0.08015873015873017,0.07373549463478327
d12-s7,batch_grad,202,2222,2020,0.08015873015873017,0.007599384243734074
d12-s7,batch_grad,202,2323,2121,0.08015873015873017,-0.09914812910086081
d12-s7,batch_grad,202,2424,2222,0.08015873015873017,0.04422052997570866
d12-s7,batch_grad,303,404,101,0.12023809523809524,0.2397068735916074
d12-s7,batch_grad,303,505,202,0.12023809523809524,0.09517588840576675
d12-s7,batch_grad,303,606,303,0.12023809523809524,0.017420102534605606
d12-s7,batch_grad,303,707,404,0.12023809523809524,-0.1288713314981415
d12-s7,batch_grad,303,808,505,0.12023809523809524,0.13451363178821077
d12-s7,batch_grad,303,909,606,0.12023809523809524,-0.05993232419883034
d12-s7,batch_grad,303,1010,707,0.12023809523809524,0.12518622438285376
d12-s7,batch_grad,303,1111,808,0.12023809523809524,-0.11533773580616766
d12-s7,batch_grad,303,1212,909,0.12023809523809524,-0.10422975127096035
d12-s7,batch_grad,303,1313,1010,0.12023809523809524,0.13430707102936476
d12-s7,batch_grad,303,1414,1111,0.12023809523809524,0.07293527580410612
d12-s7,batch_grad,303,1515,1212,0.12023809523809524,0.07665374456629623
d12-s7,batch_grad,303,1616,1313,0.12023809523809524,0.04679639385268445
d12-s7,batch_grad,303,1717,1414,0.12023809523809524,0.0011708939131060236
d12-s7,batch_grad,303,1818,1515,0.12023809523809524,0.1449876332626807
d12-s7,batch_grad,303,1919,1616,0.12023809523809524,0.08777594754265003
d12-s7,batch_grad,303,2020,1717,0.12023809523809524,-0.0386193393530556
d12-s7,batch_grad,303,2121,1818,0.12023809523809524,0.1551572178049867
d12-s7,batch_grad,303,2222,1919,0.12023809523809524,0.03186654550756115
d12-s7,batch_grad,303,2323,2020,0.12023809523809524,-0.016934768969698172
d12-s7,batch_grad,303,2424,2121,0.12023809523809524,0.022347074180318602
d12-s7,batch_grad,404,505,101,0.16031746031746033,0.5085185047330905
d12-s7,batch_grad,404,606,202,0.16031746031746033,0.08659997498996008
d12-s7,batch_grad,404,707,303,0.16031746031746033,-0.24453048838269814
d12-s7,batch_grad,404,808,404,0.16031746031746033,-0.09247410630291603
d12-s7,batch_grad,404,909,505,0.16031746031746033,0.15852348241745925
d12-s7,batch_grad,404,1010,606,0.16031746031746033,0.5017187900558681
d12-s7,batch_grad,404,1111,707,0.16031746031746033,-0.20973551243014243
d12-s7,batch_grad,404,1212,808,0.16031746031746033,-0.18779586209737803
d12-s7,batch_grad,404,1313,909,0.16031746031746033,0.3260738822780973
d12-s7,batch_grad,404,1414,1010,0.16031746031746033,-0.07028955393503902
d12-s7,batch_grad,404,1515,1111,0.16031746031746033,0.24117465774888355
d12-s7,batch_grad,404,1616,1212,0.16031746031746033,0.18000880425907656
d12-s7,batch_grad,404,1717,1313,0.16031746031746033,0.06388158104131783
d12-s7,batch_grad,404,1818,1414,0.16031746031746033,0.1471915252090541
d12-s7,batch_grad,404,1919,1515,0.16031746031746033,0.3011457755279786
d12-s7,batch_grad,404,2020,1616,0.16031746031746033,-0.27880265019443456
d12-s7,batch_grad,404,2121,1717,0.16031746031746033,0.11842929279916523
d12-s7,batch_grad,404,2222,1818,0.16031746031746033,0.05336396140175691
d12-s7,batch_grad,404,2323,1919,0.16031746031746033,0.17396408805572536
d12-s7,batch_grad,404,2424,2020,0.16031746031746033,-0.015872085425467614
d12-s7,batch_grad,505,606,101,0.2003968253968254,0.09642551169849271
d12-s7,batch_grad,505,707,202,0.2003968253968254,-0.5829474347106081
d12-s7,batch_grad,505,808,303,0.2003968253968254,-0.28607998414027913
d12-s7,batch_grad,505,909,404,0.2003968253968254,0.051348095437683504
d12-s7,batch_grad,505,1010,505,0.2003968253968254,0.5221123357125181
d12-s7,batch_grad,505,1111,606,0.2003968253968254,-0.027856330192917576
d12-s7,batch_grad,505,1212,707,0.2003968253968254,-0.2798993734739499
d12-s7,batch_grad,505,1313,808,0.2003968253968254,0.3678690201549613
d12-s7,batch_grad,505,1414,909,0.2003968253968254,-0.2401945107352762
d12-s7,batch_grad,505,1515,1010,0.2003968253968254,0.3746828454156623
d12-s7,batch_grad,505,1616,1111,0.2003968253968254,0.310228788974327
d12-s7,batch_grad,505,1717,1212,0.2003968253968254,-0.08617434229141399
d12-s7,batch_grad,505,1818,1313,0.2003968253968254,0.006789001531794448
d12-s7,batch_grad,505,1919,1414,0.2003968253968254,0.30095742403576997
d12-s7,batch_grad,505,2020,1515,0.2003968253968254,-0.29110590815187515
d12-s7,batch_grad,505,2121,1616,0.2003968253968254,0.03648237600753984
d12-s7,batch_grad,505,2222,1717,0.2003968253968254,0.10986545989900655
d12-s7,batch_grad,505,2323,1818,0.2003968253968254,0.21362927428717077
d12-s7,batch_grad,505,2424,1919,0.2003968253968254,-0.0014580594156576674
d12-s7,batch_grad,606,707,101,0.24047619047619048,0.14257792479626896
d12-s7,batch_grad,606,808,202,0.24047619047619048,0.07762258686969713
d12-s7,batch_grad,606,909,303,0.24047619047619048,0.13688748679745946
d12-s7,batch_grad,606,1010,404,0.24047619047619048,0.06274032979688889
d12-s7,batch_grad,606,1111,505,0.24047619047619048,-0.07532396532212121
d12-s7,batch_grad,606,1212,606,0.24047619047619048,0.06850758721796103
d12-s7,batch_grad,606,1313,707,0.24047619047619048,-0.11910302936274206
d12-s7,batch_grad,606,1414,808,0.24047619047619048,-0.23331354968897958
d12-s7,batch_grad,606,1515,909,0.24047619047619048,-0.12597236577319204
d12-s7,batch_grad,606,1616,1010,0.24047619047619048,0.12752826115361293
d12-s7,batch_grad,606,1717,1111,0.24047619047619048,0.0905293523718317
d12-s7,batch_grad,606,1818,1212,0.24047619047619048,-0.16357947379466814
d12-s7,batch_grad,606,1919,1313,0.24047619047619048,-0.019768828935556638
d12-s7,batch_grad,606,2020,1414,0.24047619047619048,0.09230214292843723
d12-s7,batch_grad,606,2121,1515,0.24047619047619048,-0.06944779791245849
d12-s7,batch_grad,606,2222,1616,0.24047619047619048,0.02042608678932707
d12-s7,batch_grad,606,2323,1717,0.24047619047619048,0.08365994326925534
d12-s7,batch_grad,606,2424,1818,0.24047619047619048,-0.046958993058481405
d12-s7,batch_grad,707,808,101,0.28055555555555556,0.24815753711087615
d12-s7,batch_grad,707,909,202,0.28055555555555556,0.2762340978336878
d12-s7,batch_grad,707,1010,303,0.28055555555555556,-0.29729598946774277
d12-s7,batch_grad,707,1111,404,0.28055555555555556,-0.08966111161532397
d12-s7,batch_grad,707,1212,505,0.28055555555555556,0.48985045732362664
d12-s7,batch_grad,707,1313,606,0.28055555555555556,-0.43422165385254885
d12-s7,batch_grad,707,1414,707,0.28055555555555556,0.02862621131332535
d12-s7,batch_grad,707,1515,808,0.28055555555555556,-0.5008246842603924
d12-s7,batch_grad,707,1616,909,0.28055555555555556,-0.330314368658148
d12-s7,batch_grad,707,1717,1010,0.28055555555555556,0.3060781518088891
d12-s7,batch_grad,707,1818,1111,0.28055555555555556,-0.16782933524423907
d12-s7,batch_grad,707,1919,1212,0.28055555555555556,-0.3052315120716235
d12-s7,batch_grad,707,2020,1313,0.28055555555555556,0.21605104568060404
d12-s7,batch_grad,707,2121,1414,0.28055555555555556,-0.10582893180842547
d12-s7,batch_grad,707,2222,1515,0.28055555555555556,-0.1615858330508663
d12-s7,batch_grad,707,2323,1616,0.28055555555555556,-0.09235183600412027
d12-s7,batch_grad,707,2424,1717,0.28055555555555556,-0.07407316676717875
d12-s7,batch_grad,808,909,101,0.32063492063492066,-0.117842751695569
d12-s7,batch_grad,808,1010,202,0.32063492063492066,0.026593922076751073
d12-s7,batch_grad,808,1111,303,0.32063492063492066,-0.3838340554895588
d12-s7,batch_grad,808,1212,404,0.32063492063492066,-0.2076891213085142
d12-s7,batch_grad,808,1313,505,0.32063492063492066,0.033063535397994656
d12-s7,batch_grad,808,1414,606,0.32063492063492066,0.10325473263963096
d12-s7,batch_grad,808,1515,707,0.32063492063492066,0.14411577107754964
d12-s7,batch_grad,808,1616,808,0.32063492063492066,0.05322057250208809
d12-s7,batch_grad,808,1717,909,0.32063492063492066,0.16003698832655416
d12-s7,batch_grad,808,1818,1010,0.32063492063492066,0.18837453723208644
d12-s7,batch_grad,808,1919,1111,0.32063492063492066,0.23138185245371035
d12-s7,batch_grad,808,2020,1212,0.32063492063492066,0.09099387083083048
d12-s7,batch_grad,808,2121,1313,0.32063492063492066,0.32119958032537693
d12-s7,batch_grad,808,2222,1414,0.32063492063492066,-0.003975060818272359
d12-s7,batch_grad,808,2323,1515,0.32063492063492066,-0.07928958827255074
d12-s7,batch_grad,808,2424,1616,0.32063492063492066,0.15545551618427933
d12-s7,batch_grad,909,1010,101,0.3607142857142857,0.10689533669253486
d12-s7,batch_grad,909,1111,202,0.3607142857142857,-0.03198320817808711
d12-s7,batch_grad,909,1212,303,0.3607142857142857,0.17999187410860432
d12-s7,batch_grad,909,1313,404,0.3607142857142857,-0.3063392282560548
d12-s7,batch_grad,909,1414,505,0.3607142857142857,0.13737324990524882
d12-s7,batch_grad,909,1515,606,0.3607142857142857,-0.37017241010196694
d12-s7,batch_grad,909,1616,707,0.3607142857142857,-0.09291306967523245
d12-s7,batch_grad,909,1717,808,0.3607142857142857,0.2665519753987148
d12-s7,batch_grad,909,1818,909,0.3607142857142857,-0.1676905149414136
d12-s7,batch_grad,909,1919,1010,0.3607142857142857,-0.307541174629819
d12-s7,batch_grad,909,2020,1111,0.3607142857142857,0.010184078580588785
d12-s7,batch_grad,909,2121,1212,0.3607142857142857,-0.16551623088935905
d12-s7,batch_grad,909,2222,1313,0.3607142857142857,-0.20408118168092898
d12-s7,batch_grad,909,2323,1414,0.3607142857142857,0.006802300896299957
d12-s7,batch_grad,909,2424,1515,0.3607142857142857,-0.11445815233901345
d12-s7,batch_grad,1010,1111,101,0.4007936507936508,-0.3425930885278586
d12-s7,batch_grad,1010,1212,202,0.4007936507936508,-0.20527208408356976
d12-s7,batch_grad,1010,1313,303,0.4007936507936508,0.33877478430397334
d12-s7,batch_grad,1010,1414,404,0.4007936507936508,0.09210742864435695
d12-s7,batch_grad,1010,1515,505,0.4007936507936508,0.4491723551449403
d12-s7,batch_grad,1010,1616,606,0.4007936507936508,0.43032481675880263
d12-s7,batch_grad,1010,1717,707,0.4007936507936508,0.23218939436478045
d12-s7,batch_grad,1010,1818,808,0.4007936507936508,0.07483713199609465
d12-s7,batch_grad,1010,1919,909,0.4007936507936508,0.3834413038212615
d12-s7,batch_grad,1010,2020,1010,0.4007936507936508,-0.42266954214271363
d12-s7,batch_grad,1010,2121,1111,0.4007936507936508,0.15475075104344554
d12-s7,batch_grad,1010,2222,1212,0.4007936507936508,0.09436589007782788
d12-s7,batch_grad,1010,2323,1313,0.4007936507936508,0.21624508874142306
d12-s7,batch_grad,1010,2424,1414,0.4007936507936508,0.1238578639579972
d12-s7,batch_grad,1111,1212,101,0.44087301587301586,0.10888182751973373
d12-s7,batch_grad,1111,1313,202,0.44087301587301586,-0.3667676489708667
d12-s7,batch_grad,1111,1414,303,0.44087301587301586,-0.2501480792458551
d12-s7,batch_grad,1111,1515,404,0.44087301587301586,-0.2834273612641383
d12-s7,batch_grad,1111,1616,505,0.44087301587301586,-0.20486420425527357
d12-s7,batch_grad,1111,1717,606,0.44087301587301586,-0.39633656774058057
d12-s7,batch_grad,1111,1818,707,0.44087301587301586,-0.38465600037661796
d12-s7,batch_grad,1111,1919,808,0.44087301587301586,-0.36273101168908717
d12-s7,batch_grad,1111,2020,909,0.44087301587301586,0.2804034347419605
d12-s7,batch_grad,1111,2121,1010,0.44087301587301586,-0.4073060451100949
d12-s7,batch_grad,1111,2222,1111,0.44087301587301586,-0.07595886751960329
d12-s7,batch_grad,1111,2323,1212,0.44087301587301586,-0.05359684533630195
d12-s7,batch_grad,1111,2424,1313,0.44087301587301586,-0.1977784365953523
d12-s7,batch_grad,1212,1313,101,0.48095238095238096,-0.5301558477478275
d12-s7,batch_grad,1212,1414,202,0.48095238095238096,-0.08171098075943699
d12-s7,batch_grad,1212,1515,303,0.48095238095238096,-0.5803178587726318
d12-s7,batch_grad,1212,1616,404,0.48095238095238096,-0.42618528341054274
d12-s7,batch_grad,1212,1717,505,0.48095238095238096,0.2685450473533944
d12-s7,batch_grad,1212,1818,606,0.48095238095238096,-0.4607187216149168
d12-s7,batch_grad,1212,1919,707,0.48095238095238096,-0.49568092176282486
d12-s7,batch_grad,1212,2020,808,0.48095238095238096,0.13912752056559707
d12-s7,batch_grad,1212,2121,909,0.48095238095238096,-0.3444803986994849
d12-s7,batch_grad,1212,2222,1010,0.48095238095238096,-0.14847141589517418
d12-s7,batch_grad,1212,2323,1111,0.48095238095238096,0.013707132193715138
d12-s7,batch_grad,1212,2424,1212,0.48095238095238096,-0.1150685967958061
d12-s7,batch_grad,1313,1414,101,0.5210317460317461,-0.008525079851212577
d12-s7,batch_grad,1313,1515,202,0.5210317460317461,0.6718625238778457
d12-s7,batch_grad,1313,1616,303,0.5210317460317461,0.30235297533864136
d12-s7,batch_grad,1313,1717,404,0.5210317460317461,-0.12081134423272323
d12-s7,batch_grad,1313,1818,505,0.5210317460317461,0.5080371591232182
d12-s7,batch_grad,1313,1919,606,0.5210317460317461,0.5887617978681507
d12-s7,batch_grad,1313,2020,707,0.5210317460317461,-0.44220883277185963
d12-s7,batch_grad,1313,2121,808,0.5210317460317461,0.39466254310532267
d12-s7,batch_grad,1313,2222,909,0.5210317460317461,0.17587443623237772
d12-s7,batch_grad,1313,2323,1010,0.5210317460317461,0.08468458558345322
d12-s7,batch_grad,1313,2424,1111,0.5210317460317461,0.07927782417235041
d12-s7,batch_grad,1414,1515,101,0.5611111111111111,-0.0924016068373283
d12-s7,batch_grad,1414,1616,202,0.5611111111111111,-0.0305851755060611
d12-s7,batch_grad,1414,1717,303,0.5611111111111111,0.20252249041240156
d12-s7,batch_grad,1414,1818,404,0.5611111111111111,0.31191715701113754
d12-s7,batch_grad,1414,1919,505,0.5611111111111111,-0.06330891174507827
d12-s7,batch_grad,1414,2020,606,0.5611111111111111,-0.05717104210954867
d12-s7,batch_grad,1414,2121,707,0.5611111111111111,0.2113423372273649
d12-s7,batch_grad,1414,2222,808,0.5611111111111111,-0.0764744645402015
d12-s7,batch_grad,1414,2323,909,0.5611111111111111,-0.06573469597052191
d12-s7,batch_grad,1414,2424,1010,0.5611111111111111,0.09613455918006165
d12-s7,batch_grad,1515,1616,101,0.6011904761904762,0.4086082051731764
d12-s7,batch_grad,1515,1717,202,0.6011904761904762,-0.06526258791528272
d12-s7,batch_grad,1515,1818,303,0.6011904761904762,0.30124406667108516
d12-s7,batch_grad,1515,1919,404,0.6011904761904762,0.6236544225262791
d12-s7,batch_grad,1515,2020,505,0.6011904761904762,-0.2959754735848252
d12-s7,batch_grad,1515,2121,606,0.6011904761904762,0.3147766391442572
d12-s7,batch_grad,1515,2222,707,0.6011904761904762,0.24698473672894036
d12-s7,batch_grad,1515,2323,808,0.6011904761904762,0.049435427409501596
d12-s7,batch_grad,1515,2424,909,0.6011904761904762,0.19706565356368339
d12-s7,batch_grad,1616,1717,101,0.6412698412698413,0.06858492578095385
d12-s7,batch_grad,1616,1818,202,0.6412698412698413,0.063321203658245
d12-s7,batch_grad,1616,1919,303,0.6412698412698413,0.27300222656627177
d12-s7,batch_grad,1616,2020,404,0.6412698412698413,-0.18579982678190277
d12-s7,batch_grad,1616,2121,505,0.6412698412698413,0.06838678136255365
d12-s7,batch_grad,1616,2222,606,0.6412698412698413,0.08616832492464145
d12-s7,batch_grad,1616,2323,707,0.6412698412698413,-0.005103837808483189
d12-s7,batch_grad,1616,2424,808,0.6412698412698413,0.1392208706628266
d12-s7,batch_grad,1717,1818,101,0.6813492063492064,-0.15348907608027215
d12-s7,batch_grad,1717,1919,202,0.6813492063492064,-0.08058048516757195
d12-s7,batch_grad,1717,2020,303,0.6813492063492064,0.12208162442198599
d12-s7,batch_grad,1717,2121,404,0.6813492063492064,-0.0013437124408005917
d12-s7,batch_grad,1717,2222,505,0.6813492063492064,-0.12114060552140211
d12-s7,batch_grad,1717,2323,606,0.6813492063492064,0.04891892121160598
d12-s7,batch_grad,1717,2424,707,0.6813492063492064,0.046908871396833585
d12-s7,batch_grad,1818,1919,101,0.7214285714285714,0.4355581712531221
d12-s7,batch_grad,1818,2020,202,0.7214285714285714,-0.31395345488257825
d12-s7,batch_grad,1818,2121,303,0.7214285714285714,0.5158604316251859
d12-s7,batch_grad,1818,2222,404,0.7214285714285714,0.14114322589666603
d12-s7,batch_grad,1818,2323,505,0.7214285714285714,-0.06429867293436223
d12-s7,batch_grad,1818,2424,606,0.7214285714285714,0.06697402093692428
d12-s7,batch_grad,1919,2020,101,0.7615079365079365,-0.35132030157331856
d12-s7,batch_grad,1919,2121,202,0.7615079365079365,0.4356964697398892
d12-s7,batch_grad,1919,2222,303,0.7615079365079365,0.20599188751087172
d12-s7,batch_grad,1919,2323,404,0.7615079365079365,0.11498284726599074
d12-s7,batch_grad,1919,2424,505,0.7615079365079365,0.17056356893348565
d12-s7,batch_grad,2020,2121,101,0.8015873015873016,-0.14704667650438524
d12-s7,batch_grad,2020,2222,202,0.8015873015873016,-0.06051070251499519
d12-s7,batch_grad,2020,2323,303,0.8015873015873016,-0.15896574545818015
d12-s7,batch_grad,2020,2424,404,0.8015873015873016,0.02021043777754452
d12-s7,batch_grad,2121,2222,101,0.8416666666666667,0.08657543974463647
d12-s7,batch_grad,2121,2323,202,0.8416666666666667,0.008434812136342841
d12-s7,batch_grad,2121,2424,303,0.8416666666666667,0.18704142508344165
d12-s7,batch_grad,2222,2323,101,0.8817460317460317,-0.08245191709255156
d12-s7,batch_grad,2222,2424,202,0.8817460317460317,0.06824650973138228
d12-s7,batch_grad,2323,2424,101,0.9218253968253968,-0.01106221436230891
d12-s7,probe_grad,0,1,1,0.0,1.0135170016538073
d12-s7,probe_grad,0,2,2,0.0,1.0115962177163915
d12-s7,probe_grad,0,4,4,0.0,0.9689674435722022
d12-s7,probe_grad,0,8,8,0.0,0.21555204606148393
d12-s7,probe_grad,0,16,16,0.0,0.6570785384654036
d12-s7,probe_grad,0,32,32,0.0,0.5695544505183091
d12-s7,probe_grad,0,40,40,0.0,0.49873598402111446
d12-s7,probe_grad,0,64,64,0.0,0.3480227760292238
d12-s7,probe_grad,0,126,126,0.0,0.1224195038013409
d12-s7,probe_grad,0,252,252,0.0,0.04860188145647419
d12-s7,probe_grad,0,378,378,0.0,0.0340295155502501
d12-s7,probe_grad,0,400,400,0.0,0.03167713762993103
d12-s7,probe_grad,0,504,504,0.0,0.031078078134981667
d12-s7,probe_grad,0,630,630,0.0,0.027507839706741245
d12-s7,probe_grad,0,756,756,0.0,0.020998290230738247
d12-s7,probe_grad,0,882,882,0.0,0.01250119328090533
d12-s7,probe_grad,0,1008,1008,0.0,0.0145760333353703
d12-s7,probe_grad,0,1134,1134,0.0,0.012781843775699533
d12-s7,probe_grad,0,1260,1260,0.0,0.010341700733754657
d12-s7,probe_grad,0,1385,1385,0.0,0.011108742474497573
d12-s7,probe_grad,0,1511,1511,0.0,0.009703240283528503
d12-s7,probe_grad,0,1637,1637,0.0,0.009033516108659387
d12-s7,probe_grad,0,1763,1763,0.0,0.008750676617663324
d12-s7,probe_grad,0,1889,1889,0.0,0.010342063031885583
d12-s7,probe_grad,0,2015,2015,0.0,0.009572923619120653
d12-s7,probe_grad,0,2141,2141,0.0,0.010255862174830833
d12-s7,probe_grad,0,2267,2267,0.0,0.009551138641929711
d12-s7,probe_grad,0,2393,2393,0.0,0.009971222297758528
d12-s7,probe_grad,0,2519,2519,0.0,0.00989719380404421
d12-s7,probe_grad,1,2,1,0.0003968253968253968,1.0134057878078717
d12-s7,probe_grad,1,4,3,0.0003968253968253968,0.9748433188228498
d12-s7,probe_grad,1,8,7,0.0003968253968253968,0.21486267487493224
d12-s7,probe_grad,1,16,15,0.0003968253968253968,0.6625666465029489
d12-s7,probe_grad,1,32,31,0.0003968253968253968,0.5723882005039306
d12-s7,probe_grad,1,40,39,0.0003968253968253968,0.501732810450391
d12-s7,probe_grad,1,64,63,0.0003968253968253968,0.35052513170637045
d12-s7,probe_grad,1,126,125,0.0003968253968253968,0.12278626216451605
d12-s7,probe_grad,1,252,251,0.0003968253968253968,0.049474226558098564
d12-s7,probe_grad,1,378,377,0.0003968253968253968,0.034057964839207255
d12-s7,probe_grad,1,400,399,0.0003968253968253968,0.032020015225265194
d12-s7,probe_grad,1,504,503,0.0003968253968253968,0.03119689650316409
d12-s7,probe_grad,1,630,629,0.0003968253968253968,0.027721928395243692
d12-s7,probe_grad,1,756,755,0.0003968253968253968,0.021182235662444517
d12-s7,probe_grad,1,882,881,0.0003968253968253968,0.012736261766597444
d12-s7,probe_grad,1,1008,1007,0.0003968253968253968,0.014712167131828697
d12-s7,probe_grad,1,1134,1133,0.0003968253968253968,0.012856795094087532
d12-s7,probe_grad,1,1260,1259,0.0003968253968253968,0.010495607659896931
d12-s7,probe_grad,1,1385,1384,0.0003968253968253968,0.011197569722915182
d12-s7,probe_grad,1,1511,1510,0.0003968253968253968,0.009731877787149715
d12-s7,probe_grad,1,1637,1636,0.0003968253968253968,0.0090883997457973
d12-s7,probe_grad,1,1763,1762,0.0003968253968253968,0.008750084250088662
d12-s7,probe_grad,1,1889,1888,0.0003968253968253968,0.010385471744932206
d12-s7,probe_grad,1,2015,2014,0.0003968253968253968,0.009583665784325216
d12-s7,probe_grad,1,2141,2140,0.0003968253968253968,0.010287097581230318
d12-s7,probe_grad,1,2267,2266,0.0003968253968253968,0.009594118038057313
d12-s7,probe_grad,1,2393,2392,0.0003968253968253968,0.009989702510617036
d12-s7,probe_grad,1,2519,2518,0.0003968253968253968,0.009909291733789361
d12-s7,probe_grad,2,4,2,0.0007936507936507937,0.9864026037122248
d12-s7,probe_grad,2,8,6,0.0007936507936507937,0.21830745107475347
d12-s7,probe_grad,2,16,14,0.0007936507936507937,0.6752013029422282
d12-s7,probe_grad,2,32,30,0.0007936507936507937,0.5797425253486853
d12-s7,probe_grad,2,40,38,0.0007936507936507937,0.5090147827777242
d12-s7,probe_grad,2,64,62,0.0007936507936507937,0.35681733833939133
d12-s7,probe_grad,2,126,124,0.0007936507936507937,0.12340063083165889
d12-s7,probe_grad,2,252,250,0.0007936507936507937,0.051524056398912665
d12-s7,probe_grad,2,378,376,0.0007936507936507937,0.03400610637840239
d12-s7,probe_grad,2,400,398,0.0007936507936507937,0.03265991350448759
d12-s7,probe_grad,2,504,502,0.0007936507936507937,0.03145432679545421
d12-s7,probe_grad,2,630,628,0.0007936507936507937,0.028202308092817204
d12-s7,probe_grad,2,756,754,0.0007936507936507937,0.0215479963907554
d12-s7,probe_grad,2,882,880,0.0007936507936507937,0.013252106524496444
d12-s7,probe_grad,2,1008,1006,0.0007936507936507937,0.015069754735095494
d12-s7,probe_grad,2,1134,1132,0.0007936507936507937,0.013118181283062738
d12-s7,probe_grad,2,1260,1258,0.0007936507936507937,0.010831343049811681
d12-s7,probe_grad,2,1385,1383,0.0007936507936507937,0.011440398538735106
d12-s7,probe_grad,2,1511,1509,0.0007936507936507937,0.009821038262878177
d12-s7,probe_grad,2,1637,1635,0.0007936507936507937,0.00919104942041905
d12-s7,probe_grad,2,1763,1761,0.0007936507936507937,0.008781463992509168
d12-s7,probe_grad,2,1889,1887,0.0007936507936507937,0.010542808369232303
d12-s7,probe_grad,2,2015,2013,0.0007936507936507937,0.009690777677037679
d12-s7,probe_grad,2,2141,2139,0.0007936507936507937,0.010418776552000839
d12-s7,probe_grad,2,2267,2265,0.0007936507936507937,0.009753925226321607
d12-s7,probe_grad,2,2393,2391,0.0007936507936507937,0.010110531504705872
d12-s7,probe_grad,2,2519,2517,0.0007936507936507937,0.009996852235955988
d12-s7,probe_grad,4,8,4,0.0015873015873015873,0.2314217866722692
d12-s7,probe_grad,4,16,12,0.0015873015873015873,0.725778464171072
d12-s7,probe_grad,4,32,28,0.0015873015873015873,0.6014843038881137
d12-s7,probe_grad,4,40,36,0.0015873015873015873,0.5322666566369669
d12-s7,probe_grad,4,64,60,0.0015873015873015873,0.3762933985154559
d12-s7,probe_grad,4,126,122,0.0015873015873015873,0.12257180907829245
d12-s7,probe_grad,4,252,248,0.0015873015873015873,0.06025580962026202
d12-s7,probe_grad,4,378,374,0.0015873015873015873,0.03302274215537834
d12-s7,probe_grad,4,400,396,0.0015873015873015873,0.03451362911873983
d12-s7,probe_grad,4,504,500,0.0015873015873015873,0.032464563464188134
d12-s7,probe_grad,4,630,626,0.0015873015873015873,0.029703566946167863
d12-s7,probe_grad,4,756,752,0.0015873015873015873,0.023140401750280495
d12-s7,probe_grad,4,882,878,0.0015873015873015873,0.015277207150768562
d12-s7,probe_grad,4,1008,1004,0.0015873015873015873,0.01642436814578759
d12-s7,probe_grad,4,1134,1130,0.0015873015873015873,0.014490968242544498
d12-s7,probe_grad,4,1260,1256,0.0015873015873015873,0.011832328388596436
d12-s7,probe_grad,4,1385,1381,0.0015873015873015873,0.012313309670301142
d12-s7,probe_grad,4,1511,1507,0.0015873015873015873,0.009921807566853144
d12-s7,probe_grad,4,1637,1633,0.0015873015873015873,0.00949198483493541
d12-s7,probe_grad,4,1763,1759,0.0015873015873015873,0.008811271566601794
d12-s7,probe_grad,4,1889,1885,0.0015873015873015873,0.011010160499185476
d12-s7,probe_grad,4,2015,2011,0.0015873015873015873,0.010031926206682227
d12-s7,probe_grad,4,2141,2137,0.0015873015873015873,0.010783039362350554
d12-s7,probe_grad,4,2267,2263,0.0015873015873015873,0.010068440764804138
d12-s7,probe_grad,4,2393,2389,0.0015873015873015873,0.01035555978611997
d12-s7,probe_grad,4,2519,2515,0.0015873015873015873,0.010052781191624708
d12-s7,probe_grad,8,16,8,0.0031746031746031746,0.18418006368404086
d12-s7,probe_grad,8,32,24,0.0031746031746031746,0.28252938850238113
d12-s7,probe_grad,8,40,32,0.0031746031746031746,0.24866319284371674
d12-s7,probe_grad,8,64,56,0.0031746031746031746,0.20631525781843063
d12-s7,probe_grad,8,126,118,0.0031746031746031746,0.08475577181120525
d12-s7,probe_grad,8,252,244,0.0031746031746031746,0.054144781669108334
d12-s7,probe_grad,8,378,370,0.0031746031746031746,0.026343162312540518
d12-s7,probe_grad,8,400,392,0.0031746031746031746,0.05327124110986962
d12-s7,probe_grad,8,504,496,0.0031746031746031746,0.00010611093675070626
d12-s7,probe_grad,8,630,622,0.0031746031746031746,0.025223853845203148
d12-s7,probe_grad,8,756,748,0.0031746031746031746,0.01452337393763727
d12-s7,probe_grad,8,882,874,0.0031746031746031746,0.02784043697681387
d12-s7,probe_grad,8,1008,1000,0.0031746031746031746,0.020779545707796075
d12-s7,probe_grad,8,1134,1126,0.0031746031746031746,-0.009801069143185527
d12-s7,probe_grad,8,1260,1252,0.0031746031746031746,0.02639283413139513
d12-s7,probe_grad,8,1385,1377,0.0031746031746031746,0.014850181437919
d12-s7,probe_grad,8,1511,1503,0.0031746031746031746,0.02453468806636656
d12-s7,probe_grad,8,1637,1629,0.0031746031746031746,0.006979853930992697
d12-s7,probe_grad,8,1763,1755,0.0031746031746031746,0.00779923511094551
d12-s7,probe_grad,8,1889,1881,0.0031746031746031746,0.01383767701707919
d12-s7,probe_grad,8,2015,2007,0.0031746031746031746,0.012780806167539143
d12-s7,probe_grad,8,2141,2133,0.0031746031746031746,0.015118364870329096
d12-s7,probe_grad,8,2267,2259,0.0031746031746031746,0.01991459987155658
d12-s7,probe_grad,8,2393,2385,0.0031746031746031746,0.01977821882937413
d12-s7,probe_grad,8,2519,2511,0.0031746031746031746,0.02099797699864568
d12-s7,probe_grad,16,32,16,0.006349206349206349,0.7785081996114185
d12-s7,probe_grad,16,40,24,0.006349206349206349,0.6838040769002506
d12-s7,probe_grad,16,64,48,0.006349206349206349,0.4853434454691121
d12-s7,probe_grad,16,126,110,0.006349206349206349,0.1643616098802961
d12-s7,probe_grad,16,252,236,0.006349206349206349,0.08382737335002485
d12-s7,probe_grad,16,378,362,0.006349206349206349,0.05505768664497269
d12-s7,probe_grad,16,400,384,0.006349206349206349,0.04978559306328139
d12-s7,probe_grad,16,504,488,0.006349206349206349,0.05438739196896716
d12-s7,probe_grad,16,630,614,0.006349206349206349,0.04380828840587669
d12-s7,probe_grad,16,756,740,0.006349206349206349,0.039501663218749095
d12-s7,probe_grad,16,882,866,0.006349206349206349,0.02567731074191862
d12-s7,probe_grad,16,1008,992,0.006349206349206349,0.025126157904581413
d12-s7,probe_grad,16,1134,1118,0.006349206349206349,0.026480896132781147
d12-s7,probe_grad,16,1260,1244,0.006349206349206349,0.01910129780319061
d12-s7,probe_grad,16,1385,1369,0.006349206349206349,0.020719701648869288
d12-s7,probe_grad,16,1511,1495,0.006349206349206349,0.015998638683360007
d12-s7,probe_grad,16,1637,1621,0.006349206349206349,0.01753732178324842
d12-s7,probe_grad,16,1763,1747,0.006349206349206349,0.016534185022955172
d12-s7,probe_grad,16,1889,1873,0.006349206349206349,0.01781475633551565
d12-s7,probe_grad,16,2015,1999,0.006349206349206349,0.01697810203767928
d12-s7,probe_grad,16,2141,2125,0.006349206349206349,0.017822152553133727
d12-s7,probe_grad,16,2267,2251,0.006349206349206349,0.01638720385903311
d12-s7,probe_grad,16,2393,2377,0.006349206349206349,0.016670347164466193
d12-s7,probe_grad,16,2519,2503,0.006349206349206349,0.017114514784542064
d12-s7,probe_grad,32,40,8,0.012698412698412698,0.9130177595878571
d12-s7,probe_grad,32,64,32,0.012698412698412698,0.6383266322814517
d12-s7,probe_grad,32,126,94,0.012698412698412698,0.22639858134544197
d12-s7,probe_grad,32,252,220,0.012698412698412698,0.11279968149399909
d12-s7,probe_grad,32,378,346,0.012698412698412698,0.07510234553011748
d12-s7,probe_grad,32,400,368,0.012698412698412698,0.06646581278561453
d12-s7,probe_grad,32,504,472,0.012698412698412698,0.07204570080741904
d12-s7,probe_grad,32,630,598,0.012698412698412698,0.06085131454420808
d12-s7,probe_grad,32,756,724,0.012698412698412698,0.05370607477863652
d12-s7,probe_grad,32,882,850,0.012698412698412698,0.03869076731425359
d12-s7,probe_grad,32,1008,976,0.012698412698412698,0.037732727191428936
d12-s7,probe_grad,32,1134,1102,0.012698412698412698,0.036211028153918946
d12-s7,probe_grad,32,1260,1228,0.012698412698412698,0.0291416744203123
d12-s7,probe_grad,32,1385,1353,0.012698412698412698,0.030000699207255496
d12-s7,probe_grad,32,1511,1479,0.012698412698412698,0.02456042564333603
d12-s7,probe_grad,32,1637,1605,0.012698412698412698,0.026214189320925965
d12-s7,probe_grad,32,1763,1731,0.012698412698412698,0.024375755518523837
d12-s7,probe_grad,32,1889,1857,0.012698412698412698,0.02486743142325162
d12-s7,probe_grad,32,2015,1983,0.012698412698412698,0.02489350544092995
d12-s7,probe_grad,32,2141,2109,0.012698412698412698,0.02706423992957642
d12-s7,probe_grad,32,2267,2235,0.012698412698412698,0.02522695995669812
d12-s7,probe_grad,32,2393,2361,0.012698412698412698,0.02566277689528912
d12-s7,probe_grad,32,2519,2487,0.012698412698412698,0.025831393882567215
d12-s7,probe_grad,40,64,24,0.015873015873015872,0.7002661116528376
d12-s7,probe_grad,40,126,86,0.015873015873015872,0.24122890359331378
d12-s7,probe_grad,40,252,212,0.015873015873015872,0.12138869766808796
d12-s7,probe_grad,40,378,338,0.015873015873015872,0.08023413125412872
d12-s7,probe_grad,40,400,360,0.015873015873015872,0.07276513126874905
d12-s7,probe_grad,40,504,464,0.015873015873015872,0.0785469072788952
d12-s7,probe_grad,40,630,590,0.015873015873015872,0.0668680071787899
d12-s7,probe_grad,40,756,716,0.015873015873015872,0.05766775333725451
d12-s7,probe_grad,40,882,842,0.015873015873015872,0.04299328209223598
d12-s7,probe_grad,40,1008,968,0.015873015873015872,0.04001768095512574
d12-s7,probe_grad,40,1134,1094,0.015873015873015872,0.04124530265975851
d12-s7,probe_grad,40,1260,1220,0.015873015873015872,0.03098360703954927
d12-s7,probe_grad,40,1385,1345,0.015873015873015872,0.032781734311223144
d12-s7,probe_grad,40,1511,1471,0.015873015873015872,0.026365315706521817
d12-s7,probe_grad,40,1637,1597,0.015873015873015872,0.028924383105633073
d12-s7,probe_grad,40,1763,1723,0.015873015873015872,0.026911598283460823
d12-s7,probe_grad,40,1889,1849,0.015873015873015872,0.027384350056985463
d12-s7,probe_grad,40,2015,1975,0.015873015873015872,0.02712875994687933
d12-s7,probe_grad,40,2141,2101,0.015873015873015872,0.029306113389699052
d12-s7,probe_grad,40,2267,2227,0.015873015873015872,0.027509881673356353
d12-s7,probe_grad,40,2393,2353,0.015873015873015872,0.02827213119023923
d12-s7,probe_grad,40,2519,2479,0.015873015873015872,0.02838885771884255
d12-s7,probe_grad,64,126,62,0.025396825396825397,0.3272673027385142
d12-s7,probe_grad,64,252,188,0.025396825396825397,0.16111743901528774
d12-s7,probe_grad,64,378,314,0.025396825396825397,0.10098119834965537
d12-s7,probe_grad,64,400,336,0.025396825396825397,0.09640403174798642
d12-s7,probe_grad,64,504,440,0.025396825396825397,0.08724333735357248
d12-s7,probe_grad,64,630,566,0.025396825396825397,0.07886637873437237
d12-s7,probe_grad,64,756,692,0.025396825396825397,0.06668605216691613
d12-s7,probe_grad,64,882,818,0.025396825396825397,0.05412447593664459
d12-s7,probe_grad,64,1008,944,0.025396825396825397,0.04707690318368672
d12-s7,probe_grad,64,1134,1070,0.025396825396825397,0.042193704570219134
d12-s7,probe_grad,64,1260,1196,0.025396825396825397,0.039576838592007856
d12-s7,probe_grad,64,1385,1321,0.025396825396825397,0.03877759014821814
d12-s7,probe_grad,64,1511,1447,0.025396825396825397,0.03404784349882748
d12-s7,probe_grad,64,1637,1573,0.025396825396825397,0.03204489912681301
d12-s7,probe_grad,64,1763,1699,0.025396825396825397,0.031582168042977386
d12-s7,probe_grad,64,1889,1825,0.025396825396825397,0.03377305866372047
d12-s7,probe_grad,64,2015,1951,0.025396825396825397,0.03294901789647099
d12-s7,probe_grad,64,2141,2077,0.025396825396825397,0.03396265591347649
d12-s7,probe_grad,64,2267,2203,0.025396825396825397,0.034174569038235965
d12-s7,probe_grad,64,2393,2329,0.025396825396825397,0.03431112308399419
d12-s7,probe_grad,64,2519,2455,0.025396825396825397,0.034490138403148275
d12-s7,probe_grad,126,252,126,0.05,0.2840306385376738
d12-s7,probe_grad,126,378,252,0.05,0.1899213633437854
d12-s7,probe_grad,126,400,274,0.05,0.18376167059811008
d12-s7,probe_grad,126,504,378,0.05,0.14152357461212386
d12-s7,probe_grad,126,630,504,0.05,0.12866960895969135
d12-s7,probe_grad,126,756,630,0.05,0.11238184472362704
d12-s7,probe_grad,126,882,756,0.05,0.10241814167146641
d12-s7,probe_grad,126,1008,882,0.05,0.08794408557955409
d12-s7,probe_grad,126,1134,1008,0.05,0.06179216991442874
d12-s7,probe_grad,126,1260,1134,0.05,0.07205171701322302
d12-s7,probe_grad,126,1385,1259,0.05,0.0633242996504728
d12-s7,probe_grad,126,1511,1385,0.05,0.06852949243818318
d12-s7,probe_grad,126,1637,1511,0.05,0.06238006839855987
d12-s7,probe_grad,126,1763,1637,0.05,0.06207416829263713
d12-s7,probe_grad,126,1889,1763,0.05,0.06371686608333788
d12-s7,probe_grad,126,2015,1889,0.05,0.06258945520822172
d12-s7,probe_grad,126,2141,2015,0.05,0.06389330667980672
d12-s7,probe_grad,126,2267,2141,0.05,0.06414839709351777
d12-s7,probe_grad,126,2393,2267,0.05,0.06475846633448905
d12-s7,probe_grad,126,2519,2393,0.05,0.06630830845113554
d12-s7,probe_grad,252,378,126,0.1,0.4453026180060181
d12-s7,probe_grad,252,400,148,0.1,0.42249663200291465
d12-s7,probe_grad,252,504,252,0.1,0.3170968502292774
d12-s7,probe_grad,252,630,378,0.1,0.32106659354812517
d12-s7,probe_grad,252,756,504,0.1,0.2730801523886433
d12-s7,probe_grad,252,882,630,0.1,0.26632492790496665
d12-s7,probe_grad,252,1008,756,0.1,0.2250561435766164
d12-s7,probe_grad,252,1134,882,0.1,0.17432656633831084
d12-s7,probe_grad,252,1260,1008,0.1,0.19455328030313582
d12-s7,probe_grad,252,1385,1133,0.1,0.17875707947871464
d12-s7,probe_grad,252,1511,1259,0.1,0.1883342275233814
d12-s7,probe_grad,252,1637,1385,0.1,0.16360934385424994
d12-s7,probe_grad,252,1763,1511,0.1,0.16214005446619373
d12-s7,probe_grad,252,1889,1637,0.1,0.17419671833482858
d12-s7,probe_grad,252,2015,1763,0.1,0.17149602520248605
d12-s7,probe_grad,252,2141,1889,0.1,0.16747803067271017
d12-s7,probe_grad,252,2267,2015,0.1,0.16824306776031078
d12-s7,probe_grad,252,2393,2141,0.1,0.16992277134481232
d12-s7,probe_grad,252,2519,2267,0.1,0.1699755760370847
d12-s7,probe_grad,378,400,22,0.15,0.7022748193769078
d12-s7,probe_grad,378,504,126,0.15,0.4705361612469808
d12-s7,probe_grad,378,630,252,0.15,0.45272493531808566
d12-s7,probe_grad,378,756,378,0.15,0.39514440116375105
d12-s7,probe_grad,378,882,504,0.15,0.3359191827646428
d12-s7,probe_grad,378,1008,630,0.15,0.2936365868377495
d12-s7,probe_grad,378,1134,756,0.15,0.24713802247524858
d12-s7,probe_grad,378,1260,882,0.15,0.24909278878881155
d12-s7,probe_grad,378,1385,1007,0.15,0.24140286956374402
d12-s7,probe_grad,378,1511,1133,0.15,0.24004542538097182
d12-s7,probe_grad,378,1637,1259,0.15,0.2320831368776973
d12-s7,probe_grad,378,1763,1385,0.15,0.22691184632213077
d12-s7,probe_grad,378,1889,1511,0.15,0.23551851900037754
d12-s7,probe_grad,378,2015,1637,0.15,0.2329963910707331
d12-s7,probe_grad,378,2141,1763,0.15,0.22919988807843222
d12-s7,probe_grad,378,2267,1889,0.15,0.23364252144080355
d12-s7,probe_grad,378,2393,2015,0.15,0.2353451285648127
d12-s7,probe_grad,378,2519,2141,0.15,0.2379397338814321
d12-s7,probe_grad,400,504,104,0.15873015873015872,0.4899445395900732
d12-s7,probe_grad,400,630,230,0.15873015873015872,0.4628680959299778
d12-s7,probe_grad,400,756,356,0.15873015873015872,0.40306198956759304
d12-s7,probe_grad,400,882,482,0.15873015873015872,0.37069778272717835
d12-s7,probe_grad,400,1008,608,0.15873015873015872,0.3217699409514732
d12-s7,probe_grad,400,1134,734,0.15873015873015872,0.23778678808990455
d12-s7,probe_grad,400,1260,860,0.15873015873015872,0.2758446185567574
d12-s7,probe_grad,400,1385,985,0.15873015873015872,0.24818508605526274
d12-s7,probe_grad,400,1511,1111,0.15873015873015872,0.2673966447531539
d12-s7,probe_grad,400,1637,1237,0.15873015873015872,0.23659755796424276
d12-s7,probe_grad,400,1763,1363,0.15873015873015872,0.22936566637343944
d12-s7,probe_grad,400,1889,1489,0.15873015873015872,0.2498097043843292
d12-s7,probe_grad,400,2015,1615,0.15873015873015872,0.24674734307027635
d12-s7,probe_grad,400,2141,1741,0.15873015873015872,0.24042347452485024
d12-s7,probe_grad,400,2267,1867,0.15873015873015872,0.24357730476388054
d12-s7,probe_grad,400,2393,1993,0.15873015873015872,0.24805106241887376
d12-s7,probe_grad,400,2519,2119,0.15873015873015872,0.2500463278536277
d12-s7,probe_grad,504,630,126,0.2,0.5615322220308507
d12-s7,probe_grad,504,756,252,0.2,0.5092394521933609
d12-s7,probe_grad,504,882,378,0.2,0.40892691653456353
d12-s7,probe_grad,504,1008,504,0.2,0.381380986346594
d12-s7,probe_grad,504,1134,630,0.2,0.361150174542411
d12-s7,probe_grad,504,1260,756,0.2,0.32506598481012244
d12-s7,probe_grad,504,1385,881,0.2,0.3328247865175209
d12-s7,probe_grad,504,1511,1007,0.2,0.30528464073277295
d12-s7,probe_grad,504,1637,1133,0.2,0.3246052926124832
d12-s7,probe_grad,504,1763,1259,0.2,0.31060693965570074
d12-s7,probe_grad,504,1889,1385,0.2,0.3103089404116104
d12-s7,probe_grad,504,2015,1511,0.2,0.30787701856985883
d12-s7,probe_grad,504,2141,1637,0.2,0.3100833394459954
d12-s7,probe_grad,504,2267,1763,0.2,0.31089860791425095
d12-s7,probe_grad,504,2393,1889,0.2,0.3083591111505369
d12-s7,probe_grad,504,2519,2015,0.2,0.31308337956968585
d12-s7,probe_grad,630,756,126,0.25,0.6433637737281475
d12-s7,probe_grad,630,882,252,0.25,0.5616064287552982
d12-s7,probe_grad,630,1008,378,0.25,0.5035478560497431
d12-s7,probe_grad,630,1134,504,0.25,0.4663509303847647
d12-s7,probe_grad,630,1260,630,0.25,0.47402350444015107
d12-s7,probe_grad,630,1385,755,0.25,0.46110383685901
d12-s7,probe_grad,630,1511,881,0.25,0.4393611526041735
d12-s7,probe_grad,630,1637,1007,0.25,0.4485714696561889
d12-s7,probe_grad,630,1763,1133,0.25,0.4366455688394413
d12-s7,probe_grad,630,1889,1259,0.25,0.44048542999235973
d12-s7,probe_grad,630,2015,1385,0.25,0.4348029718085924
d12-s7,probe_grad,630,2141,1511,0.25,0.43172387912602106
d12-s7,probe_grad,630,2267,1637,0.25,0.43752288605965334
d12-s7,probe_grad,630,2393,1763,0.25,0.4312121804355953
d12-s7,probe_grad,630,2519,1889,0.25,0.43769776456785153
d12-s7,probe_grad,756,882,126,0.3,0.670922932794172
d12-s7,probe_grad,756,1008,252,0.3,0.6106616786840191
d12-s7,probe_grad,756,1134,378,0.3,0.6075088491035799
d12-s7,probe_grad,756,1260,504,0.3,0.5923444947069505
d12-s7,probe_grad,756,1385,629,0.3,0.5881312529494138
d12-s7,probe_grad,756,1511,755,0.3,0.5608606728771235
d12-s7,probe_grad,756,1637,881,0.3,0.5841849548281219
d12-s7,probe_grad,756,1763,1007,0.3,0.5680192684211259
d12-s7,probe_grad,756,1889,1133,0.3,0.5728407348757405
d12-s7,probe_grad,756,2015,1259,0.3,0.5609903381783536
d12-s7,probe_grad,756,2141,1385,0.3,0.5581888003167599
d12-s7,probe_grad,756,2267,1511,0.3,0.557415128441429
d12-s7,probe_grad,756,2393,1637,0.3,0.5504158408876197
d12-s7,probe_grad,756,2519,1763,0.3,0.5572896985106858
d12-s7,probe_grad,882,1008,126,0.35,0.73505112996735
d12-s7,probe_grad,882,1134,252,0.35,0.665880229320643
d12-s7,probe_grad,882,1260,378,0.35,0.7240719633031553
d12-s7,probe_grad,882,1385,503,0.35,0.667959461828042
d12-s7,probe_grad,882,1511,629,0.35,0.7028815621031179
d12-s7,probe_grad,882,1637,755,0.35,0.6364119203670225
d12-s7,probe_grad,882,1763,881,0.35,0.6453600560089207
d12-s7,probe_grad,882,1889,1007,0.35,0.6723807635087652
d12-s7,probe_grad,882,2015,1133,0.35,0.651731664516994
d12-s7,probe_grad,882,2141,1259,0.35,0.6360901677171749
d12-s7,probe_grad,882,2267,1385,0.35,0.6371933036131783
d12-s7,probe_grad,882,2393,1511,0.35,0.635773028969553
d12-s7,probe_grad,882,2519,1637,0.35,0.6293205578695314
d12-s7,probe_grad,1008,1134,126,0.4,0.7528339003891735
d12-s7,probe_grad,1008,1260,252,0.4,0.7675737310295486
d12-s7,probe_grad,1008,1385,377,0.4,0.721193180502795
d12-s7,probe_grad,1008,1511,503,0.4,0.7431719166559958
d12-s7,probe_grad,1008,1637,629,0.4,0.6802793242715074
d12-s7,probe_grad,1008,1763,755,0.4,0.6788300032293082
d12-s7,probe_grad,1008,1889,881,0.4,0.7062960570202126
d12-s7,probe_grad,1008,2015,1007,0.4,0.6858271889196307
d12-s7,probe_grad,1008,2141,1133,0.4,0.6802658195228977
d12-s7,probe_grad,1008,2267,1259,0.4,0.6697251250042666
d12-s7,probe_grad,1008,2393,1385,0.4,0.6700867680206003
d12-s7,probe_grad,1008,2519,1511,0.4,0.6619345471185419
d12-s7,probe_grad,1134,1260,126,0.45,0.7678163156342097
d12-s7,probe_grad,1134,1385,251,0.45,0.7796719034156714
d12-s7,probe_grad,1134,1511,377,0.45,0.7389238185127351
d12-s7,probe_grad,1134,1637,503,0.45,0.7371059924655676
d12-s7,probe_grad,1134,1763,629,0.45,0.7250750571131728
d12-s7,probe_grad,1134,1889,755,0.45,0.7273817123641889
d12-s7,probe_grad,1134,2015,881,0.45,0.7129112259003845
d12-s7,probe_grad,1134,2141,1007,0.45,0.716033002212245
d12-s7,probe_grad,1134,2267,1133,0.45,0.6994638159040603
d12-s7,probe_grad,1134,2393,1259,0.45,0.6925314582004989
d12-s7,probe_grad,1134,2519,1385,0.45,0.6903114304223306
d12-s7,probe_grad,1260,1385,125,0.5,0.8178339039649208
d12-s7,probe_grad,1260,1511,251,0.5,0.8407572854323676
d12-s7,probe_grad,1260,1637,377,0.5,0.7608230070862341
d12-s7,probe_grad,1260,1763,503,0.5,0.779942012032391
d12-s7,probe_grad,1260,1889,629,0.5,0.789478907840361
d12-s7,probe_grad,1260,2015,755,0.5,0.7570823598042886
d12-s7,probe_grad,1260,2141,881,0.5,0.7589188878031659
d12-s7,probe_grad,1260,2267,1007,0.5,0.7500954228623199
d12-s7,probe_grad,1260,2393,1133,0.5,0.7441995740862386
d12-s7,probe_grad,1260,2519,1259,0.5,0.7383917089717262
d12-s7,probe_grad,1385,1511,126,0.5496031746031746,0.8303356231339902
d12-s7,probe_grad,1385,1637,252,0.5496031746031746,0.8226426645917098
d12-s7,probe_grad,1385,1763,378,0.5496031746031746,0.816227244217619
d12-s7,probe_grad,1385,1889,504,0.5496031746031746,0.8134469222847884
d12-s7,probe_grad,1385,2015,630,0.5496031746031746,0.8009397307217198
d12-s7,probe_grad,1385,2141,756,0.5496031746031746,0.7965613129450626
d12-s7,probe_grad,1385,2267,882,0.5496031746031746,0.7885891487926969
d12-s7,probe_grad,1385,2393,1008,0.5496031746031746,0.7818819227184671
d12-s7,probe_grad,1385,2519,1134,0.5496031746031746,0.7808201523427685
d12-s7,probe_grad,1511,1637,126,0.5996031746031746,0.8018220513456884
d12-s7,probe_grad,1511,1763,252,0.5996031746031746,0.8276630324638357
d12-s7,probe_grad,1511,1889,378,0.5996031746031746,0.8470075775623035
d12-s7,probe_grad,1511,2015,504,0.5996031746031746,0.8150575459781213
d12-s7,probe_grad,1511,2141,630,0.5996031746031746,0.8189319051144647
d12-s7,probe_grad,1511,2267,756,0.5996031746031746,0.8065183632158364
d12-s7,probe_grad,1511,2393,882,0.5996031746031746,0.8090949900869572
d12-s7,probe_grad,1511,2519,1008,0.5996031746031746,0.7990998637106876
d12-s7,probe_grad,1637,1763,126,0.6496031746031746,0.8769861846618207
d12-s7,probe_grad,1637,1889,252,0.6496031746031746,0.8406105388846022
d12-s7,probe_grad,1637,2015,378,0.6496031746031746,0.8291567395117261
d12-s7,probe_grad,1637,2141,504,0.6496031746031746,0.8325130914303626
d12-s7,probe_grad,1637,2267,630,0.6496031746031746,0.8222215764275341
d12-s7,probe_grad,1637,2393,756,0.6496031746031746,0.8083467940674678
d12-s7,probe_grad,1637,2519,882,0.6496031746031746,0.8183696909281873
d12-s7,probe_grad,1763,1889,126,0.6996031746031746,0.8921294311307322
d12-s7,probe_grad,1763,2015,252,0.6996031746031746,0.8660287438894849
d12-s7,probe_grad,1763,2141,378,0.6996031746031746,0.8659440817677515
d12-s7,probe_grad,1763,2267,504,0.6996031746031746,0.8633403628097207
d12-s7,probe_grad,1763,2393,630,0.6996031746031746,0.853281890367652
d12-s7,probe_grad,1763,2519,756,0.6996031746031746,0.8566187368030864
d12-s7,probe_grad,1889,2015,126,0.7496031746031746,0.9137933709965423
d12-s7,probe_grad,1889,2141,252,0.7496031746031746,0.9017667606391214
d12-s7,probe_grad,1889,2267,378,0.7496031746031746,0.8959221429173174
d12-s7,probe_grad,1889,2393,504,0.7496031746031746,0.893590065379473
d12-s7,probe_grad,1889,2519,630,0.7496031746031746,0.890536007224899
d12-s7,probe_grad,2015,2141,126,0.7996031746031746,0.9259358510401097
d12-s7,probe_grad,2015,2267,252,0.7996031746031746,0.9181821548505642
d12-s7,probe_grad,2015,2393,378,0.7996031746031746,0.9181324374615883
d12-s7,probe_grad,2015,2519,504,0.7996031746031746,0.9165801735312451
d12-s7,probe_grad,2141,2267,126,0.8496031746031746,0.945349651582405
d12-s7,probe_grad,2141,2393,252,0.8496031746031746,0.9387171470685552
d12-s7,probe_grad,2141,2519,378,0.8496031746031746,0.9393223115904923
d12-s7,probe_grad,2267,2393,126,0.8996031746031746,0.9594037762429005
d12-s7,probe_grad,2267,2519,252,0.8996031746031746,0.9572111403270908
d12-s7,probe_grad,2393,2519,126,0.9496031746031746,0.9734825528595706
d12-s8,batch_grad,0,101,101,0.0,0.1264035160095967
d12-s8,batch_grad,0,202,202,0.0,-0.04128298292924784
d12-s8,batch_grad,0,303,303,0.0,0.00023963021587762527
d12-s8,batch_grad,0,404,404,0.0,0.02045012610478048
d12-s8,batch_grad,0,505,505,0.0,-0.01836354135943548
d12-s8,batch_grad,0,606,606,0.0,0.010423347759326122
d12-s8,batch_grad,0,707,707,0.0,-0.005543064188112728
d12-s8,batch_grad,0,808,808,0.0,0.014149125612008486
d12-s8,batch_grad,0,909,909,0.0,0.006076761825932356
d12-s8,batch_grad,0,1010,1010,0.0,-0.0037952303914340654
d12-s8,batch_grad,0,1111,1111,0.0,-0.002667734373823053
d12-s8,batch_grad,0,1212,1212,0.0,0.0004966721196857579
d12-s8,batch_grad,0,1313,1313,0.0,-0.0013138677339360968
d12-s8,batch_grad,0,1414,1414,0.0,0.003547000634390963
d12-s8,batch_grad,0,1515,1515,0.0,-0.0010628292935634946
d12-s8,batch_grad,0,1616,1616,0.0,0.00028837283609082744
d12-s8,batch_grad,0,1717,1717,0.0,-0.007600480360937827
d12-s8,batch_grad,0,1818,1818,0.0,-1.6908190844057776e-05
d12-s8,batch_grad,0,1919,1919,0.0,0.004174583625458703
d12-s8,batch_grad,0,2020,2020,0.0,0.0020438492598854065
d12-s8,batch_grad,0,2121,2121,0.0,0.0030844546282939697
d12-s8,batch_grad,0,2222,2222,0.0,-0.009887079410602925
d12-s8,batch_grad,0,2323,2323,0.0,0.0026858742667720836
d12-s8,batch_grad,0,2424,2424,0.0,-0.004140089003744217
d12-s8,batch_grad,101,202,101,0.04007936507936508,0.18130120120956836
d12-s8,batch_grad,101,303,202,0.04007936507936508,-0.21027109988567286
d12-s8,batch_grad,101,404,303,0.04007936507936508,0.07985486034689418
d12-s8,batch_grad,101,505,404,0.04007936507936508,-0.024520625732788695
d12-s8,batch_grad,101,606,505,0.04007936507936508,-0.05612138609793264
d12-s8,batch_grad,101,707,606,0.04007936507936508,0.1635593996492594
d12-s8,batch_grad,101,808,707,0.04007936507936508,0.1754651103250112
d12-s8,batch_grad,101,909,808,0.04007936507936508,-0.16287611556638532
d12-s8,batch_grad,101,1010,909,0.04007936507936508,-0.05268055532736234
d12-s8,batch_grad,101,1111,1010,0.04007936507936508,0.015318177985772603
d12-s8,batch_grad,101,1212,1111,0.04007936507936508,-0.13682636033803316
d12-s8,batch_grad,101,1313,1212,0.04007936507936508,0.02599068969525386
d12-s8,batch_grad,101,1414,1313,0.04007936507936508,-0.08459934123662227
d12-s8,batch_grad,101,1515,1414,0.04007936507936508,-0.036387605432515034
d12-s8,batch_grad,101,1616,1515,0.04007936507936508,0.13208048390613095
d12-s8,batch_grad,101,1717,1616,0.04007936507936508,-0.039170021530606905
d12-s8,batch_grad,101,1818,1717,0.04007936507936508,0.11870839359438407
d12-s8,batch_grad,101,1919,1818,0.04007936507936508,-0.04727998321085466
d12-s8,batch_grad,101,2020,1919,0.04007936507936508,0.040287669260322664
d12-s8,batch_grad,101,2121,2020,0.04007936507936508,0.0591659877028903
d12-s8,batch_grad,101,2222,2121,0.04007936507936508,0.01175523666331474
d12-s8,batch_grad,101,2323,2222,0.04007936507936508,-0.055750398301088445
d12-s8,batch_grad,101,2424,2323,0.04007936507936508,0.07623968779840667
d12-s8,batch_grad,202,303,101,0.08015873015873017,-0.5725967960153292
d12-s8,batch_grad,202,404,202,0.08015873015873017,-0.1510184723026335
d12-s8,batch_grad,202,505,303,0.08015873015873017,0.0074477402563688745
d12-s8,batch_grad,202,606,404,0.08015873015873017,-0.0694985892822662
d12-s8,batch_grad,202,707,505,0.08015873015873017,0.3545905947269911
d12-s8,batch_grad,202,808,606,0.08015873015873017,0.33048888551264055
d12-s8,batch_grad,202,909,707,0.08015873015873017,-0.27545908987266643
d12-s8,batch_grad,202,1010,808,0.08015873015873017,-0.029279339980425572
d12-s8,batch_grad,202,1111,909,0.08015873015873017,0.15564862271423252
d12-s8,batch_grad,202,1212,1010,0.08015873015873017,-0.26834356684151484
d12-s8,batch_grad,202,1313,1111,0.08015873015873017,0.018727249043988686
d12-s8,batch_grad,202,1414,1212,0.08015873015873017,-0.1524024082514926
d12-s8,batch_grad,202,1515,1313,0.08015873015873017,-0.12009389145733002
d12-s8,batch_grad,202,1616,1414,0.08015873015873017,0.30641758025338567
d12-s8,batch_grad,202,1717,1515,0.08015873015873017,-0.03817101631814099
d12-s8,batch_grad,202,1818,1616,0.08015873015873017,0.3575783354730091
d12-s8,batch_grad,202,1919,1717,0.08015873015873017,-0.14028785226821314
d12-s8,batch_grad,202,2020,1818,0.08015873015873017,0.10603476700130374
d12-s8,batch_grad,202,2121,1919,0.08015873015873017,0.08093099459969287
d12-s8,batch_grad,202,2222,2020,0.08015873015873017,0.00735656189542528
d12-s8,batch_grad,202,2323,2121,0.08015873015873017,-0.13614648640978388
d12-s8,batch_grad,202,2424,2222,0.08015873015873017,0.14122395592409778
d12-s8,batch_grad,303,404,101,0.12023809523809524,0.13909742137396988
d12-s8,batch_grad,303,505,202,0.12023809523809524,-0.1244508067546452
d12-s8,batch_grad,303,606,303,0.12023809523809524,0.07156404163295366
d12-s8,batch_grad,303,707,404,0.12023809523809524,-0.3530148031116994
d12-s8,batch_grad,303,808,505,0.12023809523809524,-0.31579963334051253
d12-s8,batch_grad,303,909,606,0.12023809523809524,0.2944812378633417
d12-s8,batch_grad,303,1010,707,0.12023809523809524,-0.04799508591773952
d12-s8,batch_grad,303,1111,808,0.12023809523809524,-0.26214788185460075
d12-s8,batch_grad,303,1212,909,0.12023809523809524,0.21813042242120526
d12-s8,batch_grad,303,1313,1010,0.12023809523809524,0.02853485085758868
d12-s8,batch_grad,303,1414,1111,0.12023809523809524,0.07755502752682293
d12-s8,batch_grad,303,1515,1212,0.12023809523809524,0.13648745342815277
d12-s8,batch_grad,303,1616,1313,0.12023809523809524,-0.33965012305626296
d12-s8,batch_grad,303,1717,1414,0.12023809523809524,0.004627419016207331
d12-s8,batch_grad,303,1818,1515,0.12023809523809524,-0.36235870357285777
d12-s8,batch_grad,303,1919,1616,0.12023809523809524,0.18169631186250096
d12-s8,batch_grad,303,2020,1717,0.12023809523809524,-0.10956522990107152
d12-s8,batch_grad,303,2121,1818,0.12023809523809524,-0.07010043690612555
d12-s8,batch_grad,303,2222,1919,0.12023809523809524,-0.003386285173611789
d12-s8,batch_grad,303,2323,2020,0.12023809523809524,0.11787686038260459
d12-s8,batch_grad,303,2424,2121,0.12023809523809524,-0.11641798502671499
d12-s8,batch_grad,404,505,101,0.16031746031746033,-0.05880549898529552
d12-s8,batch_grad,404,606,202,0.16031746031746033,-0.15131967821736775
d12-s8,batch_grad,404,707,303,0.16031746031746033,0.05383507510419727
d12-s8,batch_grad,404,808,404,0.16031746031746033,0.10140605691699558
d12-s8,batch_grad,404,909,505,0.16031746031746033,-0.1688904299220891
d12-s8,batch_grad,404,1010,606,0.16031746031746033,-0.1401887638785535
d12-s8,batch_grad,404,1111,707,0.16031746031746033,-0.14880720901238856
d12-s8,batch_grad,404,1212,808,0.16031746031746033,-0.04208733625386754
d12-s8,batch_grad,404,1313,909,0.16031746031746033,0.020702462199194117
d12-s8,batch_grad,404,1414,1010,0.16031746031746033,-0.04740194740459224
d12-s8,batch_grad,404,1515,1111,0.16031746031746033,0.14511774566017252
d12-s8,batch_grad,404,1616,1212,0.16031746031746033,-0.01995372613328466
d12-s8,batch_grad,404,1717,1313,0.16031746031746033,0.017569662378820097
d12-s8,batch_grad,404,1818,1414,0.16031746031746033,-0.17303857227902306
d12-s8,batch_grad,404,1919,1515,0.16031746031746033,0.06315298148118545
d12-s8,batch_grad,404,2020,1616,0.16031746031746033,0.03865593867362562
d12-s8,batch_grad,404,2121,1717,0.16031746031746033,0.08819022988553077
d12-s8,batch_grad,404,2222,1818,0.16031746031746033,-0.0008284735283481042
d12-s8,batch_grad,404,2323,1919,0.16031746031746033,0.023519626863514775
d12-s8,batch_grad,404,2424,2020,0.16031746031746033,0.08068230754762562
d12-s8,batch_grad,505,606,101,0.2003968253968254,-0.12838126058000315
d12-s8,batch_grad,505,707,202,0.2003968253968254,0.31004099922311495
d12-s8,batch_grad,505,808,303,0.2003968253968254,-0.3345755003690854
d12-s8,batch_grad,505,909,404,0.2003968253968254,-0.11650226895186697
d12-s8,batch_grad,505,1010,505,0.2003968253968254,0.08692995512746474
d12-s8,batch_grad,505,1111,606,0.2003968253968254,0.25759557426760227
d12-s8,batch_grad,505,1212,707,0.2003968253968254,0.13159228873837328
d12-s8,batch_grad,505,1313,808,0.2003968253968254,0.0077888569402716915
d12-s8,batch_grad,505,1414,909,0.2003968253968254,-0.15944530412483598
d12-s8,batch_grad,505,1515,1010,0.2003968253968254,-0.10102375833630071
d12-s8,batch_grad,505,1616,1111,0.2003968253968254,0.1746769423594748
d12-s8,batch_grad,505,1717,1212,0.2003968253968254,0.16885137869317787
d12-s8,batch_grad,505,1818,1313,0.2003968253968254,0.013254425823647574
d12-s8,batch_grad,505,1919,1414,0.2003968253968254,-0.21681367267931148
d12-s8,batch_grad,505,2020,1515,0.2003968253968254,0.03358472268673214
d12-s8,batch_grad,505,2121,1616,0.2003968253968254,-0.15793607405081606
d12-s8,batch_grad,505,2222,1717,0.2003968253968254,-0.01942039600472414
d12-s8,batch_grad,505,2323,1818,0.2003968253968254,0.09685156334541606
d12-s8,batch_grad,505,2424,1919,0.2003968253968254,-0.06086659045561413
d12-s8,batch_grad,606,707,101,0.24047619047619048,-0.1912673756952396
d12-s8,batch_grad,606,808,202,0.24047619047619048,0.20185995084323408
d12-s8,batch_grad,606,909,303,0.24047619047619048,0.26046840429204887
d12-s8,batch_grad,606,1010,404,0.24047619047619048,0.05240871891976121
d12-s8,batch_grad,606,1111,505,0.24047619047619048,-0.034353168576734316
d12-s8,batch_grad,606,1212,606,0.24047619047619048,0.10278398097380963
d12-s8,batch_grad,606,1313,707,0.24047619047619048,0.06782046564792824
d12-s8,batch_grad,606,1414,808,0.24047619047619048,0.18712777058334132
d12-s8,batch_grad,606,1515,909,0.24047619047619048,0.26141041105161306
d12-s8,batch_grad,606,1616,1010,0.24047619047619048,-0.11649315611422416
d12-s8,batch_grad,606,1717,1111,0.24047619047619048,-0.23042188108224423
d12-s8,batch_grad,606,1818,1212,0.24047619047619048,0.054475512530419226
d12-s8,batch_grad,606,1919,1313,0.24047619047619048,0.18373943623802966
d12-s8,batch_grad,606,2020,1414,0.24047619047619048,-0.026621534627715136
d12-s8,batch_grad,606,2121,1515,0.24047619047619048,0.23562926022657738
d12-s8,batch_grad,606,2222,1616,0.24047619047619048,-0.052404512702600235
d12-s8,batch_grad,606,2323,1717,0.24047619047619048,0.0042560992424300614
d12-s8,batch_grad,606,2424,1818,0.24047619047619048,-0.09765515382899174
d12-s8,batch_grad,707,808,101,0.28055555555555556,0.03690691394255726
d12-s8,batch_grad,707,909,202,0.28055555555555556,-0.5290276908059881
d12-s8,batch_grad,707,1010,303,0.28055555555555556,-0.11939508933375047
d12-s8,batch_grad,707,1111,404,0.28055555555555556,0.3308419903126174
d12-s8,batch_grad,707,1212,505,0.28055555555555556,-0.11943963721109023
d12-s8,batch_grad,707,1313,606,0.28055555555555556,0.1765826193892384
d12-s8,batch_grad,707,1414,707,0.28055555555555556,-0.5052406502208395
d12-s8,batch_grad,707,1515,808,0.28055555555555556,-0.1751287976369073
d12-s8,batch_grad,707,1616,909,0.28055555555555556,0.5270475958366898
d12-s8,batch_grad,707,1717,1010,0.28055555555555556,-0.007457218977292517
d12-s8,batch_grad,707,1818,1111,0.28055555555555556,0.30451095360424285
d12-s8,batch_grad,707,1919,1212,0.28055555555555556,-0.3088052018035304
d12-s8,batch_grad,707,2020,1313,0.28055555555555556,0.12260132816048067
d12-s8,batch_grad,707,2121,1414,0.28055555555555556,-0.009745604028012373
d12-s8,batch_grad,707,2222,1515,0.28055555555555556,-0.020724339972225322
d12-s8,batch_grad,707,2323,1616,0.28055555555555556,-0.04610388403082215
d12-s8,batch_grad,707,2424,1717,0.28055555555555556,0.12132116349426865
d12-s8,batch_grad,808,909,101,0.32063492063492066,-0.2157528859579674
d12-s8,batch_grad,808,1010,202,0.32063492063492066,-0.22912387420605215
d12-s8,batch_grad,808,1111,303,0.32063492063492066,-0.003344191375202489
d12-s8,batch_grad,808,1212,404,0.32063492063492066,-0.49484487196953825
d12-s8,batch_grad,808,1313,505,0.32063492063492066,0.134133783109728
d12-s8,batch_grad,808,1414,606,0.32063492063492066,0.15119126278353245
d12-s8,batch_grad,808,1515,707,0.32063492063492066,0.25075268767764586
d12-s8,batch_grad,808,1616,808,0.32063492063492066,0.16079197313862698
d12-s8,batch_grad,808,1717,909,0.32063492063492066,-0.2132993954691539
d12-s8,batch_grad,808,1818,1010,0.32063492063492066,0.25373593428202745
d12-s8,batch_grad,808,1919,1111,0.32063492063492066,0.08663431173291102
d12-s8,batch_grad,808,2020,1212,0.32063492063492066,0.20759578090707814
d12-s8,batch_grad,808,2121,1313,0.32063492063492066,0.3826713170558198
d12-s8,batch_grad,808,2222,1414,0.32063492063492066,-0.0792865502284659
d12-s8,batch_grad,808,2323,1515,0.32063492063492066,-0.1976968185067112
d12-s8,batch_grad,808,2424,1616,0.32063492063492066,0.19408891465682637
d12-s8,batch_grad,909,1010,101,0.3607142857142857,0.34823778798181443
d12-s8,batch_grad,909,1111,202,0.3607142857142857,-0.22905664428124428
d12-s8,batch_grad,909,1212,303,0.3607142857142857,0.4113065605044969
d12-s8,batch_grad,909,1313,404,0.3607142857142857,-0.3603312912836731
d12-s8,batch_grad,909,1414,505,0.3607142857142857,0.4853619830911651
d12-s8,batch_grad,909,1515,606,0.3607142857142857,-0.026823555134167083
d12-s8,batch_grad,909,1616,707,0.3607142857142857,-0.5731875339647333
d12-s8,batch_grad,909,1717,808,0.3607142857142857,0.037961835487490644
d12-s8,batch_grad,909,1818,909,0.3607142857142857,-0.21254916577425903
d12-s8,batch_grad,909,1919,1010,0.3607142857142857,0.1483095505325722
d12-s8,batch_grad,909,2020,1111,0.3607142857142857,-0.14619068356192122
d12-s8,batch_grad,909,2121,1212,0.3607142857142857,-0.11264880898077635
d12-s8,batch_grad,909,2222,1313,0.3607142857142857,0.045552258445183055
d12-s8,batch_grad,909,2323,1414,0.3607142857142857,0.0785913212031077
d12-s8,batch_grad,909,2424,1515,0.3607142857142857,-0.23441545810276823
d12-s8,batch_grad,1010,1111,101,0.4007936507936508,0.13264936210935493
d12-s8,batch_grad,1010,1212,202,0.4007936507936508,0.43612768946102476
d12-s8,batch_grad,1010,1313,303,0.4007936507936508,-0.42624391809372597
d12-s8,batch_grad,1010,1414,404,0.4007936507936508,0.2824161833194609
d12-s8,batch_grad,1010,1515,505,0.4007936507936508,-0.2741754358094025
d12-s8,batch_grad,1010,1616,606,0.4007936507936508,0.01531165636018556
d12-s8,batch_grad,1010,1717,707,0.4007936507936508,0.30450687431170326
d12-s8,batch_grad,1010,1818,808,0.4007936507936508,0.20554796486895252
d12-s8,batch_grad,1010,1919,909,0.4007936507936508,-0.21559335119007456
d12-s8,batch_grad,1010,2020,1010,0.4007936507936508,0.0745438472847187
d12-s8,batch_grad,1010,2121,1111,0.4007936507936508,-0.18044170909688037
d12-s8,batch_grad,1010,2222,1212,0.4007936507936508,0.12380789584908607
d12-s8,batch_grad,1010,2323,1313,0.4007936507936508,0.09528924829988854
d12-s8,batch_grad,1010,2424,1414,0.4007936507936508,-0.12810524452119115
d12-s8,batch_grad,1111,1212,101,0.44087301587301586,-0.16209986606647847
d12-s8,batch_grad,1111,1313,202,0.44087301587301586,0.047456743319024504
d12-s8,batch_grad,1111,1414,303,0.44087301587301586,-0.19019299602520834
d12-s8,batch_grad,1111,1515,404,0.44087301587301586,-0.0784352693810103
d12-s8,batch_grad,1111,1616,505,0.44087301587301586,0.386829443877796
d12-s8,batch_grad,1111,1717,606,0.44087301587301586,0.2391072537217118
d12-s8,batch_grad,1111,1818,707,0.44087301587301586,0.4088512729210956
d12-s8,batch_grad,1111,1919,808,0.44087301587301586,-0.2811991775083332
d12-s8,batch_grad,1111,2020,909,0.44087301587301586,0.29626180233308086
d12-s8,batch_grad,1111,2121,1010,0.44087301587301586,-0.16688860433981698
d12-s8,batch_grad,1111,2222,1111,0.44087301587301586,-0.012755618876841141
d12-s8,batch_grad,1111,2323,1212,0.44087301587301586,-0.022780763348762504
d12-s8,batch_grad,1111,2424,1313,0.44087301587301586,-0.042470164026880114
d12-s8,batch_grad,1212,1313,101,0.48095238095238096,-0.2891768676399438
d12-s8,batch_grad,1212,1414,202,0.48095238095238096,0.05627342522746322
d12-s8,batch_grad,1212,1515,303,0.48095238095238096,-0.19349875669468472
d12-s8,batch_grad,1212,1616,404,0.48095238095238096,-0.13610358059866878
d12-s8,batch_grad,1212,1717,505,0.48095238095238096,0.0036135749670033234
d12-s8,batch_grad,1212,1818,606,0.48095238095238096,-0.1424506624839606
d12-s8,batch_grad,1212,1919,707,0.48095238095238096,-0.06018169212083253
d12-s8,batch_grad,1212,2020,808,0.48095238095238096,-0.22167111260473008
d12-s8,batch_grad,1212,2121,909,0.48095238095238096,-0.15994087714604466
d12-s8,batch_grad,1212,2222,1010,0.48095238095238096,0.07189724029701867
d12-s8,batch_grad,1212,2323,1111,0.48095238095238096,0.1523680617311486
d12-s8,batch_grad,1212,2424,1212,0.48095238095238096,-0.19689941861300977
d12-s8,batch_grad,1313,1414,101,0.5210317460317461,-0.3193526361121834
d12-s8,batch_grad,1313,1515,202,0.5210317460317461,0.28005667452492816
d12-s8,batch_grad,1313,1616,303,0.5210317460317461,0.26140716408778963
d12-s8,batch_grad,1313,1717,404,0.5210317460317461,-0.33326459817704257
d12-s8,batch_grad,1313,1818,505,0.5210317460317461,-0.0967800524723673
d12-s8,batch_grad,1313,1919,606,0.5210317460317461,0.017247384928497932
d12-s8,batch_grad,1313,2020,707,0.5210317460317461,-0.0321185148959221
d12-s8,batch_grad,1313,2121,808,0.5210317460317461,0.22534682039137208
d12-s8,batch_grad,1313,2222,909,0.5210317460317461,-0.19784490953137257
d12-s8,batch_grad,1313,2323,1010,0.5210317460317461,0.019250573511283186
d12-s8,batch_grad,1313,2424,1111,0.5210317460317461,0.0215622840586021
d12-s8,batch_grad,1414,1515,101,0.5611111111111111,0.04332690930740106
d12-s8,batch_grad,1414,1616,202,0.5611111111111111,-0.38656583000778255
d12-s8,batch_grad,1414,1717,303,0.5611111111111111,0.061484212758590624
d12-s8,batch_grad,1414,1818,404,0.5611111111111111,-0.12412596537044611
d12-s8,batch_grad,1414,1919,505,0.5611111111111111,0.14016374405453502
d12-s8,batch_grad,1414,2020,606,0.5611111111111111,0.041340781861375075
d12-s8,batch_grad,1414,2121,707,0.5611111111111111,0.05953859279361882
d12-s8,batch_grad,1414,2222,808,0.5611111111111111,-0.02680266038222978
d12-s8,batch_grad,1414,2323,909,0.5611111111111111,-0.024374088958921805
d12-s8,batch_grad,1414,2424,1010,0.5611111111111111,-0.07623346619398025
d12-s8,batch_grad,1515,1616,101,0.6011904761904762,-0.1707783483956749
d12-s8,batch_grad,1515,1717,202,0.6011904761904762,-0.2550398070011503
d12-s8,batch_grad,1515,1818,303,0.6011904761904762,-0.21114784408905238
d12-s8,batch_grad,1515,1919,404,0.6011904761904762,0.4095778363145282
d12-s8,batch_grad,1515,2020,505,0.6011904761904762,0.043378625900881505
d12-s8,batch_grad,1515,2121,606,0.6011904761904762,0.3668187741407222
d12-s8,batch_grad,1515,2222,707,0.6011904761904762,-0.06766946887387211
d12-s8,batch_grad,1515,2323,808,0.6011904761904762,-0.030421124355037247
d12-s8,batch_grad,1515,2424,909,0.6011904761904762,0.0873320317723701
d12-s8,batch_grad,1616,1717,101,0.6412698412698413,-0.11397647806653181
d12-s8,batch_grad,1616,1818,202,0.6412698412698413,0.3857575758889377
d12-s8,batch_grad,1616,1919,303,0.6412698412698413,-0.3879410385517334
d12-s8,batch_grad,1616,2020,404,0.6412698412698413,0.1069981654303536
d12-s8,batch_grad,1616,2121,505,0.6412698412698413,0.013605985019226484
d12-s8,batch_grad,1616,2222,606,0.6412698412698413,-0.03206934873293242
d12-s8,batch_grad,1616,2323,707,0.6412698412698413,-0.013092009963816148
d12-s8,batch_grad,1616,2424,808,0.6412698412698413,0.127206129755054
d12-s8,batch_grad,1717,1818,101,0.6813492063492064,0.029459026842015127
d12-s8,batch_grad,1717,1919,202,0.6813492063492064,-0.214571417240328
d12-s8,batch_grad,1717,2020,303,0.6813492063492064,0.3044805417730399
d12-s8,batch_grad,1717,2121,404,0.6813492063492064,-0.34492137840822823
d12-s8,batch_grad,1717,2222,505,0.6813492063492064,0.024840687435281308
d12-s8,batch_grad,1717,2323,606,0.6813492063492064,0.001397089658532832
d12-s8,batch_grad,1717,2424,707,0.6813492063492064,0.003591739822125541
d12-s8,batch_grad,1818,1919,101,0.7214285714285714,-0.15919854921593157
d12-s8,batch_grad,1818,2020,202,0.7214285714285714,0.17297880447291034
d12-s8,batch_grad,1818,2121,303,0.7214285714285714,0.06341729898186908
d12-s8,batch_grad,1818,2222,404,0.7214285714285714,0.07995372266949308
d12-s8,batch_grad,1818,2323,505,0.7214285714285714,-0.08204485305205256
d12-s8,batch_grad,1818,2424,606,0.7214285714285714,0.059034897909690756
d12-s8,batch_grad,1919,2020,101,0.7615079365079365,-0.10548282135919439
d12-s8,batch_grad,1919,2121,202,0.7615079365079365,0.2712156022199201
d12-s8,batch_grad,1919,2222,303,0.7615079365079365,0.04120917653483446
d12-s8,batch_grad,1919,2323,404,0.7615079365079365,-0.007195956329597027
d12-s8,batch_grad,1919,2424,505,0.7615079365079365,0.016562815846375673
d12-s8,batch_grad,2020,2121,101,0.8015873015873016,0.0709604775593076
d12-s8,batch_grad,2020,2222,202,0.8015873015873016,-0.015944267824199353
d12-s8,batch_grad,2020,2323,303,0.8015873015873016,-0.04074660797915698
d12-s8,batch_grad,2020,2424,404,0.8015873015873016,0.11308730748292177
d12-s8,batch_grad,2121,2222,101,0.8416666666666667,-0.07134592412570015
d12-s8,batch_grad,2121,2323,202,0.8416666666666667,-0.02997130040180827
d12-s8,batch_grad,2121,2424,303,0.8416666666666667,0.11195658798517023
d12-s8,batch_grad,2222,2323,101,0.8817460317460317,-0.025412825248727476
d12-s8,batch_grad,2222,2424,202,0.8817460317460317,-0.03942874255757056
d12-s8,batch_grad,2323,2424,101,0.9218253968253968,-0.055182402857140864
d12-s8,probe_grad,0,1,1,0.0,0.9788203385174735
d12-s8,probe_grad,0,2,2,0.0,0.9774521228761824
d12-s8,probe_grad,0,4,4,0.0,0.9423575507403236
d12-s8,probe_grad,0,8,8,0.0,0.2695420484865826
d12-s8,probe_grad,0,16,16,0.0,0.6419141538355794
d12-s8,probe_grad,0,32,32,0.0,0.5401244264176392
d12-s8,probe_grad,0,40,40,0.0,0.4756318866707041
d12-s8,probe_grad,0,64,64,0.0,0.3583164160632507
d12-s8,probe_grad,0,126,126,0.0,0.10912530318083558
d12-s8,probe_grad,0,252,252,0.0,0.04833599765522945
d12-s8,probe_grad,0,378,378,0.0,0.03582962326907019
d12-s8,probe_grad,0,400,400,0.0,0.037356924404623695
d12-s8,probe_grad,0,504,504,0.0,0.03348080264008236
d12-s8,probe_grad,0,630,630,0.0,0.02575417368694353
d12-s8,probe_grad,0,756,756,0.0,0.02874816258777166
d12-s8,probe_grad,0,882,882,0.0,0.020235668322778656
d12-s8,probe_grad,0,1008,1008,0.0,0.019018798613238096
d12-s8,probe_grad,0,1134,1134,0.0,0.015355768128861589
d12-s8,probe_grad,0,1260,1260,0.0,0.011915502635823262
d12-s8,probe_grad,0,1385,1385,0.0,0.01352513783707533
d12-s8,probe_grad,0,1511,1511,0.0,0.012171997804539413
d12-s8,probe_grad,0,1637,1637,0.0,0.011529380485998546
d12-s8,probe_grad,0,1763,1763,0.0,0.010718341276139251
d12-s8,probe_grad,0,1889,1889,0.0,0.01136146758476785
d12-s8,probe_grad,0,2015,2015,0.0,0.011747025554532506
d12-s8,probe_grad,0,2141,2141,0.0,0.012589289909009689
d12-s8,probe_grad,0,2267,2267,0.0,0.012012790988064903
d12-s8,probe_grad,0,2393,2393,0.0,0.011941692327149523
d12-s8,probe_grad,0,2519,2519,0.0,0.012051070521333562
d12-s8,probe_grad,1,2,1,0.0003968253968253968,0.978835244741333
d12-s8,probe_grad,1,4,3,0.0003968253968253968,0.9473686652079286
d12-s8,probe_grad,1,8,7,0.0003968253968253968,0.26921912901833306
d12-s8,probe_grad,1,16,15,0.0003968253968253968,0.6465576631510295
d12-s8,probe_grad,1,32,31,0.0003968253968253968,0.5421388473790155
d12-s8,probe_grad,1,40,39,0.0003968253968253968,0.4773529051438343
d12-s8,probe_grad,1,64,63,0.0003968253968253968,0.35977054615713827
d12-s8,probe_grad,1,126,125,0.0003968253968253968,0.10859161411240725
d12-s8,probe_grad,1,252,251,0.0003968253968253968,0.048686762455157066
d12-s8,probe_grad,1,378,377,0.0003968253968253968,0.03605540079138548
d12-s8,probe_grad,1,400,399,0.0003968253968253968,0.03759320829237776
d12-s8,probe_grad,1,504,503,0.0003968253968253968,0.03375967687635383
d12-s8,probe_grad,1,630,629,0.0003968253968253968,0.025702474225642015
d12-s8,probe_grad,1,756,755,0.0003968253968253968,0.028981601347324422
d12-s8,probe_grad,1,882,881,0.0003968253968253968,0.020384585266698143
d12-s8,probe_grad,1,1008,1007,0.0003968253968253968,0.019183221231816674
d12-s8,probe_grad,1,1134,1133,0.0003968253968253968,0.01561402576396444
d12-s8,probe_grad,1,1260,1259,0.0003968253968253968,0.012042070678372166
d12-s8,probe_grad,1,1385,1384,0.0003968253968253968,0.013778312347000702
d12-s8,probe_grad,1,1511,1510,0.0003968253968253968,0.012314663791249647
d12-s8,probe_grad,1,1637,1636,0.0003968253968253968,0.011704474498366218
d12-s8,probe_grad,1,1763,1762,0.0003968253968253968,0.01078534729920008
d12-s8,probe_grad,1,1889,1888,0.0003968253968253968,0.011525852865224165
d12-s8,probe_grad,1,2015,2014,0.0003968253968253968,0.011900316144940238
d12-s8,probe_grad,1,2141,2140,0.0003968253968253968,0.01273849349968671
d12-s8,probe_grad,1,2267,2266,0.0003968253968253968,0.012159822381082246
d12-s8,probe_grad,1,2393,2392,0.0003968253968253968,0.012076328558727053
d12-s8,probe_grad,1,2519,2518,0.0003968253968253968,0.012184705773567369
d12-s8,probe_grad,2,4,2,0.0007936507936507937,0.957992166383893
d12-s8,probe_grad,2,8,6,0.0007936507936507937,0.27420825558159717
d12-s8,probe_grad,2,16,14,0.0007936507936507937,0.6582407483625816
d12-s8,probe_grad,2,32,30,0.0007936507936507937,0.5492643096905326
d12-s8,probe_grad,2,40,38,0.0007936507936507937,0.4839656176541056
d12-s8,probe_grad,2,64,62,0.0007936507936507937,0.3649141872045294
d12-s8,probe_grad,2,126,124,0.0007936507936507937,0.10751004530689087
d12-s8,probe_grad,2,252,250,0.0007936507936507937,0.04931334119984494
d12-s8,probe_grad,2,378,376,0.0007936507936507937,0.036563166241730005
d12-s8,probe_grad,2,400,398,0.0007936507936507937,0.0379123871560397
d12-s8,probe_grad,2,504,502,0.0007936507936507937,0.03430217978470937
d12-s8,probe_grad,2,630,628,0.0007936507936507937,0.02541576973635528
d12-s8,probe_grad,2,756,754,0.0007936507936507937,0.02940857545473256
d12-s8,probe_grad,2,882,880,0.0007936507936507937,0.02058411817035621
d12-s8,probe_grad,2,1008,1006,0.0007936507936507937,0.019359012435171616
d12-s8,probe_grad,2,1134,1132,0.0007936507936507937,0.016051234178078272
d12-s8,probe_grad,2,1260,1258,0.0007936507936507937,0.012227304774077461
d12-s8,probe_grad,2,1385,1383,0.0007936507936507937,0.014185204785506837
d12-s8,probe_grad,2,1511,1509,0.0007936507936507937,0.01255916834875077
d12-s8,probe_grad,2,1637,1635,0.0007936507936507937,0.012001067451899692
d12-s8,probe_grad,2,1763,1761,0.0007936507936507937,0.010857550070076516
d12-s8,probe_grad,2,1889,1887,0.0007936507936507937,0.011761031520133193
d12-s8,probe_grad,2,2015,2013,0.0007936507936507937,0.012175777878310189
d12-s8,probe_grad,2,2141,2139,0.0007936507936507937,0.012976872575206392
d12-s8,probe_grad,2,2267,2265,0.0007936507936507937,0.012391467969961092
d12-s8,probe_grad,2,2393,2391,0.0007936507936507937,0.012272255301968718
d12-s8,probe_grad,2,2519,2517,0.0007936507936507937,0.012376454847146353
d12-s8,probe_grad,4,8,4,0.0015873015873015873,0.30251012943467837
d12-s8,probe_grad,4,16,12,0.0015873015873015873,0.7078117710795341
d12-s8,probe_grad,4,32,28,0.0015873015873015873,0.575990536176959
d12-s8,probe_grad,4,40,36,0.0015873015873015873,0.5093342517714432
d12-s8,probe_grad,4,64,60,0.0015873015873015873,0.3854451958761365
d12-s8,probe_grad,4,126,122,0.0015873015873015873,0.09884747173009725
d12-s8,probe_grad,4,252,248,0.0015873015873015873,0.051613554424464976
d12-s8,probe_grad,4,378,374,0.0015873015873015873,0.03899556503249182
d12-s8,probe_grad,4,400,396,0.0015873015873015873,0.04014803761835533
d12-s8,probe_grad,4,504,500,0.0015873015873015873,0.03693720274744053
d12-s8,probe_grad,4,630,626,0.0015873015873015873,0.024349453440258524
d12-s8,probe_grad,4,756,752,0.0015873015873015873,0.032552135953723076
d12-s8,probe_grad,4,882,878,0.0015873015873015873,0.022113832579294477
d12-s8,probe_grad,4,1008,1004,0.0015873015873015873,0.020554110210068675
d12-s8,probe_grad,4,1134,1130,0.0015873015873015873,0.0184192021380396
d12-s8,probe_grad,4,1260,1256,0.0015873015873015873,0.01331177965865984
d12-s8,probe_grad,4,1385,1381,0.0015873015873015873,0.01631855969156487
d12-s8,probe_grad,4,1511,1507,0.0015873015873015873,0.014301542450235342
d12-s8,probe_grad,4,1637,1633,0.0015873015873015873,0.013846317450827442
d12-s8,probe_grad,4,1763,1759,0.0015873015873015873,0.011331879785727167
d12-s8,probe_grad,4,1889,1885,0.0015873015873015873,0.0133764246037582
d12-s8,probe_grad,4,2015,2011,0.0015873015873015873,0.014082621384187723
d12-s8,probe_grad,4,2141,2137,0.0015873015873015873,0.014531353367888874
d12-s8,probe_grad,4,2267,2263,0.0015873015873015873,0.013765344188742468
d12-s8,probe_grad,4,2393,2389,0.0015873015873015873,0.0136721950345271
d12-s8,probe_grad,4,2519,2515,0.0015873015873015873,0.013662401991368386
d12-s8,probe_grad,8,16,8,0.0031746031746031746,0.2512930725610765
d12-s8,probe_grad,8,32,24,0.0031746031746031746,0.31767755757313176
d12-s8,probe_grad,8,40,32,0.0031746031746031746,0.2921005557605871
d12-s8,probe_grad,8,64,56,0.0031746031746031746,0.23114022956440217
d12-s8,probe_grad,8,126,118,0.0031746031746031746,0.06840830967644948
d12-s8,probe_grad,8,252,244,0.0031746031746031746,0.038474382017394504
d12-s8,probe_grad,8,378,370,0.0031746031746031746,0.03176171716182962
d12-s8,probe_grad,8,400,392,0.0031746031746031746,0.01898005739090872
d12-s8,probe_grad,8,504,496,0.0031746031746031746,0.049984130822959334
d12-s8,probe_grad,8,630,622,0.0031746031746031746,0.019278022854930705
d12-s8,probe_grad,8,756,748,0.0031746031746031746,-0.0008502480978151223
d12-s8,probe_grad,8,882,874,0.0031746031746031746,0.0007514588887732749
d12-s8,probe_grad,8,1008,1000,0.0031746031746031746,0.011605335816314235
d12-s8,probe_grad,8,1134,1126,0.0031746031746031746,0.007197526080947287
d12-s8,probe_grad,8,1260,1252,0.0031746031746031746,0.004227167819189396
d12-s8,probe_grad,8,1385,1377,0.0031746031746031746,0.010354579467806511
d12-s8,probe_grad,8,1511,1503,0.0031746031746031746,-0.0022091700883876677
d12-s8,probe_grad,8,1637,1629,0.0031746031746031746,0.006912878096669443
d12-s8,probe_grad,8,1763,1755,0.0031746031746031746,0.008490931257809925
d12-s8,probe_grad,8,1889,1881,0.0031746031746031746,0.004087060396448449
d12-s8,probe_grad,8,2015,2007,0.0031746031746031746,0.005003932698192848
d12-s8,probe_grad,8,2141,2133,0.0031746031746031746,0.007812868542568479
d12-s8,probe_grad,8,2267,2259,0.0031746031746031746,0.008386844969024322
d12-s8,probe_grad,8,2393,2385,0.0031746031746031746,0.0067446586667841415
d12-s8,probe_grad,8,2519,2511,0.0031746031746031746,0.010486051295890947
d12-s8,probe_grad,16,32,16,0.006349206349206349,0.7653253775953391
d12-s8,probe_grad,16,40,24,0.006349206349206349,0.687912869520222
d12-s8,probe_grad,16,64,48,0.006349206349206349,0.5048047040941973
d12-s8,probe_grad,16,126,110,0.006349206349206349,0.1675277131495308
d12-s8,probe_grad,16,252,236,0.006349206349206349,0.07640187320620667
d12-s8,probe_grad,16,378,362,0.006349206349206349,0.05669758343658335
d12-s8,probe_grad,16,400,384,0.006349206349206349,0.06329039409766443
d12-s8,probe_grad,16,504,488,0.006349206349206349,0.05209910627077684
d12-s8,probe_grad,16,630,614,0.006349206349206349,0.04048314172213415
d12-s8,probe_grad,16,756,740,0.006349206349206349,0.04906313752112901
d12-s8,probe_grad,16,882,866,0.006349206349206349,0.03776508334957169
d12-s8,probe_grad,16,1008,992,0.006349206349206349,0.03359773215411481
d12-s8,probe_grad,16,1134,1118,0.006349206349206349,0.03071091424908565
d12-s8,probe_grad,16,1260,1244,0.006349206349206349,0.02593414331006894
d12-s8,probe_grad,16,1385,1369,0.006349206349206349,0.026226288967283812
d12-s8,probe_grad,16,1511,1495,0.006349206349206349,0.02580744152152557
d12-s8,probe_grad,16,1637,1621,0.006349206349206349,0.02334310799153508
d12-s8,probe_grad,16,1763,1747,0.006349206349206349,0.01935328059308743
d12-s8,probe_grad,16,1889,1873,0.006349206349206349,0.021803256094787143
d12-s8,probe_grad,16,2015,1999,0.006349206349206349,0.023727133004638006
d12-s8,probe_grad,16,2141,2125,0.006349206349206349,0.02400154775989791
d12-s8,probe_grad,16,2267,2251,0.006349206349206349,0.022760397231534384
d12-s8,probe_grad,16,2393,2377,0.006349206349206349,0.022715646914958178
d12-s8,probe_grad,16,2519,2503,0.006349206349206349,0.02205252115302483
d12-s8,probe_grad,32,40,8,0.012698412698412698,0.9232428027235112
d12-s8,probe_grad,32,64,32,0.012698412698412698,0.6634201000462492
d12-s8,probe_grad,32,126,94,0.012698412698412698,0.21567132212940657
d12-s8,probe_grad,32,252,220,0.012698412698412698,0.09755215400075025
d12-s8,probe_grad,32,378,346,0.012698412698412698,0.07391130440198217
d12-s8,probe_grad,32,400,368,0.012698412698412698,0.07948753800133672
d12-s8,probe_grad,32,504,472,0.012698412698412698,0.06798711962717754
d12-s8,probe_grad,32,630,598,0.012698412698412698,0.05410528547317804
d12-s8,probe_grad,32,756,724,0.012698412698412698,0.06295671473323428
d12-s8,probe_grad,32,882,850,0.012698412698412698,0.04869315665034023
d12-s8,probe_grad,32,1008,976,0.012698412698412698,0.0430831246499559
d12-s8,probe_grad,32,1134,1102,0.012698412698412698,0.04110304278768336
d12-s8,probe_grad,32,1260,1228,0.012698412698412698,0.03451143349845831
d12-s8,probe_grad,32,1385,1353,0.012698412698412698,0.03233746325776926
d12-s8,probe_grad,32,1511,1479,0.012698412698412698,0.03306002232069374
d12-s8,probe_grad,32,1637,1605,0.012698412698412698,0.030491830053566617
d12-s8,probe_grad,32,1763,1731,0.012698412698412698,0.027388536651694086
d12-s8,probe_grad,32,1889,1857,0.012698412698412698,0.028861885961928464
d12-s8,probe_grad,32,2015,1983,0.012698412698412698,0.030845496821525247
d12-s8,probe_grad,32,2141,2109,0.012698412698412698,0.03135073884452201
d12-s8,probe_grad,32,2267,2235,0.012698412698412698,0.030349712583002116
d12-s8,probe_grad,32,2393,2361,0.012698412698412698,0.0294873367119384
d12-s8,probe_grad,32,2519,2487,0.012698412698412698,0.02868998367335565
d12-s8,probe_grad,40,64,24,0.015873015873015872,0.7311357761256231
d12-s8,probe_grad,40,126,86,0.015873015873015872,0.23557321313371601
d12-s8,probe_grad,40,252,212,0.015873015873015872,0.10814505589907153
d12-s8,probe_grad,40,378,338,0.015873015873015872,0.08248377581602048
d12-s8,probe_grad,40,400,360,0.015873015873015872,0.088446024596164
d12-s8,probe_grad,40,504,464,0.015873015873015872,0.07569698706037568
d12-s8,probe_grad,40,630,590,0.015873015873015872,0.060053668979103664
d12-s8,probe_grad,40,756,716,0.015873015873015872,0.0700395950059192
d12-s8,probe_grad,40,882,842,0.015873015873015872,0.05455919298913667
d12-s8,probe_grad,40,1008,968,0.015873015873015872,0.04814335549020009
d12-s8,probe_grad,40,1134,1094,0.015873015873015872,0.04729944650232835
d12-s8,probe_grad,40,1260,1220,0.015873015873015872,0.038934816061917295
d12-s8,probe_grad,40,1385,1345,0.015873015873015872,0.03712255916337133
d12-s8,probe_grad,40,1511,1471,0.015873015873015872,0.03737788759214552
d12-s8,probe_grad,40,1637,1597,0.015873015873015872,0.03493283909823856
d12-s8,probe_grad,40,1763,1723,0.015873015873015872,0.03192175393833725
d12-s8,probe_grad,40,1889,1849,0.015873015873015872,0.03323093020002551
d12-s8,probe_grad,40,2015,1975,0.015873015873015872,0.03512399857762127
d12-s8,probe_grad,40,2141,2101,0.015873015873015872,0.03579391156224121
d12-s8,probe_grad,40,2267,2227,0.015873015873015872,0.03428224510387814
d12-s8,probe_grad,40,2393,2353,0.015873015873015872,0.03384346075306158
d12-s8,probe_grad,40,2519,2479,0.015873015873015872,0.03264031585510794
d12-s8,probe_grad,64,126,62,0.025396825396825397,0.3189318956478081
d12-s8,probe_grad,64,252,188,0.025396825396825397,0.14995942214158597
d12-s8,probe_grad,64,378,314,0.025396825396825397,0.11792375057003654
d12-s8,probe_grad,64,400,336,0.025396825396825397,0.1161065852391468
d12-s8,probe_grad,64,504,440,0.025396825396825397,0.10688788007444981
d12-s8,probe_grad,64,630,566,0.025396825396825397,0.08812566479312398
d12-s8,probe_grad,64,756,692,0.025396825396825397,0.07914261929959297
d12-s8,probe_grad,64,882,818,0.025396825396825397,0.06737642842363285
d12-s8,probe_grad,64,1008,944,0.025396825396825397,0.06312945598821472
d12-s8,probe_grad,64,1134,1070,0.025396825396825397,0.05638398889575779
d12-s8,probe_grad,64,1260,1196,0.025396825396825397,0.052030276368061526
d12-s8,probe_grad,64,1385,1321,0.025396825396825397,0.04892427793655129
d12-s8,probe_grad,64,1511,1447,0.025396825396825397,0.04348219330131962
d12-s8,probe_grad,64,1637,1573,0.025396825396825397,0.04482702938731868
d12-s8,probe_grad,64,1763,1699,0.025396825396825397,0.04262246540232464
d12-s8,probe_grad,64,1889,1825,0.025396825396825397,0.042314731780852946
d12-s8,probe_grad,64,2015,1951,0.025396825396825397,0.042277623754712536
d12-s8,probe_grad,64,2141,2077,0.025396825396825397,0.04437320573631278
d12-s8,probe_grad,64,2267,2203,0.025396825396825397,0.04409867642102457
d12-s8,probe_grad,64,2393,2329,0.025396825396825397,0.04323979062775656
d12-s8,probe_grad,64,2519,2455,0.025396825396825397,0.0431437738315828
d12-s8,probe_grad,126,252,126,0.05,0.29894179289113365
d12-s8,probe_grad,126,378,252,0.05,0.21053964375154932
d12-s8,probe_grad,126,400,274,0.05,0.19693981184489429
d12-s8,probe_grad,126,504,378,0.05,0.1878973714520421
d12-s8,probe_grad,126,630,504,0.05,0.1646925210639433
d12-s8,probe_grad,126,756,630,0.05,0.08141924509099804
d12-s8,probe_grad,126,882,756,0.05,0.1015294924978372
d12-s8,probe_grad,126,1008,882,0.05,0.10019632638415675
d12-s8,probe_grad,126,1134,1008,0.05,0.07558468898319258
d12-s8,probe_grad,126,1260,1134,0.05,0.0935367579198012
d12-s8,probe_grad,126,1385,1259,0.05,0.07876803258204265
d12-s8,probe_grad,126,1511,1385,0.05,0.059390505414787395
d12-s8,probe_grad,126,1637,1511,0.05,0.07415391422308173
d12-s8,probe_grad,126,1763,1637,0.05,0.07335949734402503
d12-s8,probe_grad,126,1889,1763,0.05,0.06483736374443039
d12-s8,probe_grad,126,2015,1889,0.05,0.06598283460792201
d12-s8,probe_grad,126,2141,2015,0.05,0.06878089339699656
d12-s8,probe_grad,126,2267,2141,0.05,0.07026135350674866
d12-s8,probe_grad,126,2393,2267,0.05,0.0704606965302061
d12-s8,probe_grad,126,2519,2393,0.05,0.074979277054827
d12-s8,probe_grad,252,378,126,0.1,0.43959973879478764
d12-s8,probe_grad,252,400,148,0.1,0.4231803737595026
d12-s8,probe_grad,252,504,252,0.1,0.35644020230491597
d12-s8,probe_grad,252,630,378,0.1,0.29211833331879367
d12-s8,probe_grad,252,756,504,0.1,0.23543194114033086
d12-s8,probe_grad,252,882,630,0.1,0.2317400367629365
d12-s8,probe_grad,252,1008,756,0.1,0.21950639917360004
d12-s8,probe_grad,252,1134,882,0.1,0.19470677330507688
d12-s8,probe_grad,252,1260,1008,0.1,0.1894772117505777
d12-s8,probe_grad,252,1385,1133,0.1,0.17620127349652473
d12-s8,probe_grad,252,1511,1259,0.1,0.1650294887938598
d12-s8,probe_grad,252,1637,1385,0.1,0.16895936669815434
d12-s8,probe_grad,252,1763,1511,0.1,0.16978530431427338
d12-s8,probe_grad,252,1889,1637,0.1,0.15888490780795
d12-s8,probe_grad,252,2015,1763,0.1,0.16112835740640713
d12-s8,probe_grad,252,2141,1889,0.1,0.16189447256671594
d12-s8,probe_grad,252,2267,2015,0.1,0.16417430859328735
d12-s8,probe_grad,252,2393,2141,0.1,0.16416381941125632
d12-s8,probe_grad,252,2519,2267,0.1,0.1670098943379681
d12-s8,probe_grad,378,400,22,0.15,0.7210701599081589
d12-s8,probe_grad,378,504,126,0.15,0.5227757633262369
d12-s8,probe_grad,378,630,252,0.15,0.4785759855404825
d12-s8,probe_grad,378,756,378,0.15,0.40036434176579555
d12-s8,probe_grad,378,882,504,0.15,0.3510408883214422
d12-s8,probe_grad,378,1008,630,0.15,0.34709465242372384
d12-s8,probe_grad,378,1134,756,0.15,0.31080877672053725
d12-s8,probe_grad,378,1260,882,0.15,0.29836282698562483
d12-s8,probe_grad,378,1385,1007,0.15,0.28862423131876497
d12-s8,probe_grad,378,1511,1133,0.15,0.2712743158254552
d12-s8,probe_grad,378,1637,1259,0.15,0.26734138754779413
d12-s8,probe_grad,378,1763,1385,0.15,0.2585930872614146
d12-s8,probe_grad,378,1889,1511,0.15,0.2581780259364786
d12-s8,probe_grad,378,2015,1637,0.15,0.2558297244875667
d12-s8,probe_grad,378,2141,1763,0.15,0.25775579537912274
d12-s8,probe_grad,378,2267,1889,0.15,0.25970446747331244
d12-s8,probe_grad,378,2393,2015,0.15,0.2587499360182884
d12-s8,probe_grad,378,2519,2141,0.15,0.2600713723345745
d12-s8,probe_grad,400,504,104,0.15873015873015872,0.5395302327636747
d12-s8,probe_grad,400,630,230,0.15873015873015872,0.46772072069367693
d12-s8,probe_grad,400,756,356,0.15873015873015872,0.4340812956998165
d12-s8,probe_grad,400,882,482,0.15873015873015872,0.3818904453816427
d12-s8,probe_grad,400,1008,608,0.15873015873015872,0.3659300745366762
d12-s8,probe_grad,400,1134,734,0.15873015873015872,0.33955289950293266
d12-s8,probe_grad,400,1260,860,0.15873015873015872,0.3178265274310027
d12-s8,probe_grad,400,1385,985,0.15873015873015872,0.3071927151093562
d12-s8,probe_grad,400,1511,1111,0.15873015873015872,0.29427021876008164
d12-s8,probe_grad,400,1637,1237,0.15873015873015872,0.2919491170777394
d12-s8,probe_grad,400,1763,1363,0.15873015873015872,0.28340917697958196
d12-s8,probe_grad,400,1889,1489,0.15873015873015872,0.28818783714600305
d12-s8,probe_grad,400,2015,1615,0.15873015873015872,0.27688783669793754
d12-s8,probe_grad,400,2141,1741,0.15873015873015872,0.28034675647015167
d12-s8,probe_grad,400,2267,1867,0.15873015873015872,0.28137077278320477
d12-s8,probe_grad,400,2393,1993,0.15873015873015872,0.28191218955810354
d12-s8,probe_grad,400,2519,2119,0.15873015873015872,0.28270161258047577
d12-s8,probe_grad,504,630,126,0.2,0.5797259967724201
d12-s8,probe_grad,504,756,252,0.2,0.48249987966514296
d12-s8,probe_grad,504,882,378,0.2,0.44249823704296065
d12-s8,probe_grad,504,1008,504,0.2,0.4288858250938765
d12-s8,probe_grad,504,1134,630,0.2,0.4054688769011071
d12-s8,probe_grad,504,1260,756,0.2,0.3839038840769182
d12-s8,probe_grad,504,1385,881,0.2,0.37061045116220176
d12-s8,probe_grad,504,1511,1007,0.2,0.34725954527402575
d12-s8,probe_grad,504,1637,1133,0.2,0.3580257352064281
d12-s8,probe_grad,504,1763,1259,0.2,0.3468077845793118
d12-s8,probe_grad,504,1889,1385,0.2,0.3387163072557305
d12-s8,probe_grad,504,2015,1511,0.2,0.3396744608490835
d12-s8,probe_grad,504,2141,1637,0.2,0.33625234170413243
d12-s8,probe_grad,504,2267,1763,0.2,0.3380764531695718
d12-s8,probe_grad,504,2393,1889,0.2,0.3397962319357234
d12-s8,probe_grad,504,2519,2015,0.2,0.3415289086507952
d12-s8,probe_grad,630,756,126,0.25,0.5518931701471407
d12-s8,probe_grad,630,882,252,0.25,0.515911065469116
d12-s8,probe_grad,630,1008,378,0.25,0.5109975613334192
d12-s8,probe_grad,630,1134,504,0.25,0.46752289710555317
d12-s8,probe_grad,630,1260,630,0.25,0.4727130516649061
d12-s8,probe_grad,630,1385,755,0.25,0.42841821997439694
d12-s8,probe_grad,630,1511,881,0.25,0.40857089153168
d12-s8,probe_grad,630,1637,1007,0.25,0.41203248793490516
d12-s8,probe_grad,630,1763,1133,0.25,0.4099704418647545
d12-s8,probe_grad,630,1889,1259,0.25,0.40755341343600077
d12-s8,probe_grad,630,2015,1385,0.25,0.40116627514391673
d12-s8,probe_grad,630,2141,1511,0.25,0.40100114513758556
d12-s8,probe_grad,630,2267,1637,0.25,0.40389912307849235
d12-s8,probe_grad,630,2393,1763,0.25,0.3977833247018932
d12-s8,probe_grad,630,2519,1889,0.25,0.4028388549799116
d12-s8,probe_grad,756,882,126,0.3,0.6459271800332754
d12-s8,probe_grad,756,1008,252,0.3,0.6190994916081599
d12-s8,probe_grad,756,1134,378,0.3,0.6171875060633468
d12-s8,probe_grad,756,1260,504,0.3,0.5468474664688607
d12-s8,probe_grad,756,1385,629,0.3,0.571832286398721
d12-s8,probe_grad,756,1511,755,0.3,0.581267420957914
d12-s8,probe_grad,756,1637,881,0.3,0.554402961728884
d12-s8,probe_grad,756,1763,1007,0.3,0.5306519695740355
d12-s8,probe_grad,756,1889,1133,0.3,0.5420822436964463
d12-s8,probe_grad,756,2015,1259,0.3,0.5281149841998616
d12-s8,probe_grad,756,2141,1385,0.3,0.5253069555694173
d12-s8,probe_grad,756,2267,1511,0.3,0.5132505343646375
d12-s8,probe_grad,756,2393,1637,0.3,0.5136125101041359
d12-s8,probe_grad,756,2519,1763,0.3,0.5076173837841309
d12-s8,probe_grad,882,1008,126,0.35,0.7068496423911672
d12-s8,probe_grad,882,1134,252,0.35,0.6607088994889911
d12-s8,probe_grad,882,1260,378,0.35,0.6466399786878166
d12-s8,probe_grad,882,1385,503,0.35,0.633246398420874
d12-s8,probe_grad,882,1511,629,0.35,0.6131204458888634
d12-s8,probe_grad,882,1637,755,0.35,0.6051958315703289
d12-s8,probe_grad,882,1763,881,0.35,0.6142267162737384
d12-s8,probe_grad,882,1889,1007,0.35,0.6014393906968595
d12-s8,probe_grad,882,2015,1133,0.35,0.5912096414787974
d12-s8,probe_grad,882,2141,1259,0.35,0.5774060706054789
d12-s8,probe_grad,882,2267,1385,0.35,0.5736479476155154
d12-s8,probe_grad,882,2393,1511,0.35,0.5737023312267783
d12-s8,probe_grad,882,2519,1637,0.35,0.5719560996019488
d12-s8,probe_grad,1008,1134,126,0.4,0.7307986665709437
d12-s8,probe_grad,1008,1260,252,0.4,0.7126865823333066
d12-s8,probe_grad,1008,1385,377,0.4,0.7074765311504653
d12-s8,probe_grad,1008,1511,503,0.4,0.6877035583524344
d12-s8,probe_grad,1008,1637,629,0.4,0.6781805681111438
d12-s8,probe_grad,1008,1763,755,0.4,0.6633725302918028
d12-s8,probe_grad,1008,1889,881,0.4,0.6556449378488914
d12-s8,probe_grad,1008,2015,1007,0.4,0.6508730723094827
d12-s8,probe_grad,1008,2141,1133,0.4,0.6424770493872424
d12-s8,probe_grad,1008,2267,1259,0.4,0.636145048887276
d12-s8,probe_grad,1008,2393,1385,0.4,0.6324486919693865
d12-s8,probe_grad,1008,2519,1511,0.4,0.6323104997397543
d12-s8,probe_grad,1134,1260,126,0.45,0.7617835204849511
d12-s8,probe_grad,1134,1385,251,0.45,0.7691033748028132
d12-s8,probe_grad,1134,1511,377,0.45,0.7463990908589088
d12-s8,probe_grad,1134,1637,503,0.45,0.7484897864609092
d12-s8,probe_grad,1134,1763,629,0.45,0.7185378344395376
d12-s8,probe_grad,1134,1889,755,0.45,0.7214027489663918
d12-s8,probe_grad,1134,2015,881,0.45,0.7049714200281123
d12-s8,probe_grad,1134,2141,1007,0.45,0.6885616424734247
d12-s8,probe_grad,1134,2267,1133,0.45,0.6757517650391982
d12-s8,probe_grad,1134,2393,1259,0.45,0.6810361450700575
d12-s8,probe_grad,1134,2519,1385,0.45,0.6746230196809877
d12-s8,probe_grad,1260,1385,125,0.5,0.8042348098340973
d12-s8,probe_grad,1260,1511,251,0.5,0.7438080888518603
d12-s8,probe_grad,1260,1637,377,0.5,0.7532652552769751
d12-s8,probe_grad,1260,1763,503,0.5,0.7638479702428305
d12-s8,probe_grad,1260,1889,629,0.5,0.7376542239957223
d12-s8,probe_grad,1260,2015,755,0.5,0.7253241109869307
d12-s8,probe_grad,1260,2141,881,0.5,0.7132483421522735
d12-s8,probe_grad,1260,2267,1007,0.5,0.7103656850561219
d12-s8,probe_grad,1260,2393,1133,0.5,0.7080896776588823
d12-s8,probe_grad,1260,2519,1259,0.5,0.7106441466123179
d12-s8,probe_grad,1385,1511,126,0.5496031746031746,0.8211627056545419
d12-s8,probe_grad,1385,1637,252,0.5496031746031746,0.8319561550217915
d12-s8,probe_grad,1385,1763,378,0.5496031746031746,0.7988445406349924
d12-s8,probe_grad,1385,1889,504,0.5496031746031746,0.7938605090966521
d12-s8,probe_grad,1385,2015,630,0.5496031746031746,0.7741976609493587
d12-s8,probe_grad,1385,2141,756,0.5496031746031746,0.7605086185256025
d12-s8,probe_grad,1385,2267,882,0.5496031746031746,0.7517305125881218
d12-s8,probe_grad,1385,2393,1008,0.5496031746031746,0.7549979984479932
d12-s8,probe_grad,1385,2519,1134,0.5496031746031746,0.7517513037400143
d12-s8,probe_grad,1511,1637,126,0.5996031746031746,0.8434335255651036
d12-s8,probe_grad,1511,1763,252,0.5996031746031746,0.8095149027211974
d12-s8,probe_grad,1511,1889,378,0.5996031746031746,0.808298728583058
d12-s8,probe_grad,1511,2015,504,0.5996031746031746,0.8015659879952001
d12-s8,probe_grad,1511,2141,630,0.5996031746031746,0.7912521858861037
d12-s8,probe_grad,1511,2267,756,0.5996031746031746,0.7819635649284261
d12-s8,probe_grad,1511,2393,882,0.5996031746031746,0.7810834570660259
d12-s8,probe_grad,1511,2519,1008,0.5996031746031746,0.7763438696339385
d12-s8,probe_grad,1637,1763,126,0.6496031746031746,0.8664764004922898
d12-s8,probe_grad,1637,1889,252,0.6496031746031746,0.8635658843774728
d12-s8,probe_grad,1637,2015,378,0.6496031746031746,0.8400459064089357
d12-s8,probe_grad,1637,2141,504,0.6496031746031746,0.8199333766032849
d12-s8,probe_grad,1637,2267,630,0.6496031746031746,0.8149755955535033
d12-s8,probe_grad,1637,2393,756,0.6496031746031746,0.8187660903590349
d12-s8,probe_grad,1637,2519,882,0.6496031746031746,0.8163765327848861
d12-s8,probe_grad,1763,1889,126,0.6996031746031746,0.897183016099161
d12-s8,probe_grad,1763,2015,252,0.6996031746031746,0.8744779155989781
d12-s8,probe_grad,1763,2141,378,0.6996031746031746,0.8522656110922118
d12-s8,probe_grad,1763,2267,504,0.6996031746031746,0.8500841693838549
d12-s8,probe_grad,1763,2393,630,0.6996031746031746,0.8528530398227022
d12-s8,probe_grad,1763,2519,756,0.6996031746031746,0.8532851583634276
d12-s8,probe_grad,1889,2015,126,0.7496031746031746,0.9150674632845355
d12-s8,probe_grad,1889,2141,252,0.7496031746031746,0.8936336258038713
d12-s8,probe_grad,1889,2267,378,0.7496031746031746,0.8877352552408502
d12-s8,probe_grad,1889,2393,504,0.7496031746031746,0.8897298111724743
d12-s8,probe_grad,1889,2519,630,0.7496031746031746,0.886652444411348
d12-s8,probe_grad,2015,2141,126,0.7996031746031746,0.9279558673856363
d12-s8,probe_grad,2015,2267,252,0.7996031746031746,0.9192663394526005
d12-s8,probe_grad,2015,2393,378,0.7996031746031746,0.9206010870588499
d12-s8,probe_grad,2015,2519,504,0.7996031746031746,0.9184539137683002
d12-s8,probe_grad,2141,2267,126,0.8496031746031746,0.9496596260621806
d12-s8,probe_grad,2141,2393,252,0.8496031746031746,0.9453072172992038
d12-s8,probe_grad,2141,2519,378,0.8496031746031746,0.946342286893173
d12-s8,probe_grad,2267,2393,126,0.8996031746031746,0.9711720353508921
d12-s8,probe_grad,2267,2519,252,0.8996031746031746,0.9692453840302587
d12-s8,probe_grad,2393,2519,126,0.9496031746031746,0.9873852716215163
d12-s9,batch_grad,0,101,101,0.0,-0.025480038555460813
d12-s9,batch_grad,0,202,202,0.0,0.057995563528251214
d12-s9,batch_grad,0,303,303,0.0,0.02627479105475259
d12-s9,batch_grad,0,404,404,0.0,0.019794248555338446
d12-s9,batch_grad,0,505,505,0.0,0.012962998127245206
d12-s9,batch_grad,0,606,606,0.0,-0.003414126062064431
d12-s9,batch_grad,0,707,707,0.0,0.015408388015927291
d12-s9,batch_grad,0,808,808,0.0,0.011287825272143922
d12-s9,batch_grad,0,909,909,0.0,0.003966262545461609
d12-s9,batch_grad,0,1010,1010,0.0,0.014059888940344056
d12-s9,batch_grad,0,1111,1111,0.0,-0.008912049383893726
d12-s9,batch_grad,0,1212,1212,0.0,-0.01003331059364556
d12-s9,batch_grad,0,1313,1313,0.0,-0.006007977526045169
d12-s9,batch_grad,0,1414,1414,0.0,-0.002183508037164219
d12-s9,batch_grad,0,1515,1515,0.0,0.004071543548220908
d12-s9,batch_grad,0,1616,1616,0.0,-0.0059452466448145684
d12-s9,batch_grad,0,1717,1717,0.0,0.002784275246483995
d12-s9,batch_grad,0,1818,1818,0.0,0.005752540380627482
d12-s9,batch_grad,0,1919,1919,0.0,0.0013187484856017337
d12-s9,batch_grad,0,2020,2020,0.0,0.003241822851062062
d12-s9,batch_grad,0,2121,2121,0.0,0.015196223410049873
d12-s9,batch_grad,0,2222,2222,0.0,-0.011409395161507263
d12-s9,batch_grad,0,2323,2323,0.0,0.0036394090285964287
d12-s9,batch_grad,0,2424,2424,0.0,-0.005568724782880768
d12-s9,batch_grad,101,202,101,0.04007936507936508,-0.39505155468109177
d12-s9,batch_grad,101,303,202,0.04007936507936508,0.25905122327809416
d12-s9,batch_grad,101,404,303,0.04007936507936508,0.2837245467228364
d12-s9,batch_grad,101,505,404,0.04007936507936508,0.1837192451236096
d12-s9,batch_grad,101,606,505,0.04007936507936508,0.4177261258288139
d12-s9,batch_grad,101,707,606,0.04007936507936508,-0.3723578345387372
d12-s9,batch_grad,101,808,707,0.04007936507936508,-0.2057460681439454
d12-s9,batch_grad,101,909,808,0.04007936507936508,-0.23795642818848164
d12-s9,batch_grad,101,1010,909,0.04007936507936508,0.0687414866659838
d12-s9,batch_grad,101,1111,1010,0.04007936507936508,0.09063362975991397
d12-s9,batch_grad,101,1212,1111,0.04007936507936508,0.25165279222511183
d12-s9,batch_grad,101,1313,1212,0.04007936507936508,-0.09451533063928724
d12-s9,batch_grad,101,1414,1313,0.04007936507936508,0.2283869734754845
d12-s9,batch_grad,101,1515,1414,0.04007936507936508,-0.20837339927840723
d12-s9,batch_grad,101,1616,1515,0.04007936507936508,0.19406530933782626
d12-s9,batch_grad,101,1717,1616,0.04007936507936508,-0.08522570646685179
d12-s9,batch_grad,101,1818,1717,0.04007936507936508,0.06711959698527645
d12-s9,batch_grad,101,1919,1818,0.04007936507936508,0.10562531466181387
d12-s9,batch_grad,101,2020,1919,0.04007936507936508,0.11319192066234263
d12-s9,batch_grad,101,2121,2020,0.04007936507936508,0.018374377253967906
d12-s9,batch_grad,101,2222,2121,0.04007936507936508,0.048964894533324824
d12-s9,batch_grad,101,2323,2222,0.04007936507936508,-0.08967224214624905
d12-s9,batch_grad,101,2424,2323,0.04007936507936508,0.009423737658036344
d12-s9,batch_grad,202,303,101,0.08015873015873017,-0.15517808256281865
d12-s9,batch_grad,202,404,202,0.08015873015873017,-0.3278079448021226
d12-s9,batch_grad,202,505,303,0.08015873015873017,-0.11769867828035026
d12-s9,batch_grad,202,606,404,0.08015873015873017,-0.4151752787216356
d12-s9,batch_grad,202,707,505,0.08015873015873017,0.47085121155657544
d12-s9,batch_grad,202,808,606,0.08015873015873017,0.21691370015268815
d12-s9,batch_grad,202,909,707,0.08015873015873017,0.2889125389758329
d12-s9,batch_grad,202,1010,808,0.08015873015873017,-0.02691903118892979
d12-s9,batch_grad,202,1111,909,0.08015873015873017,-0.10743169363552921
d12-s9,batch_grad,202,1212,1010,0.08015873015873017,-0.3109492722161773
d12-s9,batch_grad,202,1313,1111,0.08015873015873017,0.09820788413761883
d12-s9,batch_grad,202,1414,1212,0.08015873015873017,-0.27141453448317865
d12-s9,batch_grad,202,1515,1313,0.08015873015873017,0.23733749266327167
d12-s9,batch_grad,202,1616,1414,0.08015873015873017,-0.20708626600437635
d12-s9,batch_grad,202,1717,1515,0.08015873015873017,0.09122494801902642
d12-s9,batch_grad,202,1818,1616,0.08015873015873017,-0.022521631222479577
d12-s9,batch_grad,202,1919,1717,0.08015873015873017,-0.07868973729571306
d12-s9,batch_grad,202,2020,1818,0.08015873015873017,-0.1106846064412102
d12-s9,batch_grad,202,2121,1919,0.08015873015873017,0.0269514281891752
d12-s9,batch_grad,202,2222,2020,0.08015873015873017,-0.05605350039533894
d12-s9,batch_grad,202,2323,2121,0.08015873015873017,0.10922418538050044
d12-s9,batch_grad,202,2424,2222,0.08015873015873017,-0.009001227739778508
d12-s9,batch_grad,303,404,101,0.12023809523809524,0.13630041516347377
d12-s9,batch_grad,303,505,202,0.12023809523809524,0.06961188435148369
d12-s9,batch_grad,303,606,303,0.12023809523809524,0.43712859991471315
d12-s9,batch_grad,303,707,404,0.12023809523809524,-0.08427794660363805
d12-s9,batch_grad,303,808,505,0.12023809523809524,-0.213257428703606
d12-s9,batch_grad,303,909,606,0.12023809523809524,-0.009499076094528288
d12-s9,batch_grad,303,1010,707,0.12023809523809524,0.2691811597297897
d12-s9,batch_grad,303,1111,808,0.12023809523809524,-0.005281064770942842
d12-s9,batch_grad,303,1212,909,0.12023809523809524,0.06832289979072124
d12-s9,batch_grad,303,1313,1010,0.12023809523809524,-0.2074354259594763
d12-s9,batch_grad,303,1414,1111,0.12023809523809524,0.08906840111951629
d12-s9,batch_grad,303,1515,1212,0.12023809523809524,-0.02559850604243699
d12-s9,batch_grad,303,1616,1313,0.12023809523809524,0.07719120745225207
d12-s9,batch_grad,303,1717,1414,0.12023809523809524,0.07677147818239358
d12-s9,batch_grad,303,1818,1515,0.12023809523809524,0.12645714081338688
d12-s9,batch_grad,303,1919,1616,0.12023809523809524,0.10378433421861034
d12-s9,batch_grad,303,2020,1717,0.12023809523809524,0.10061646177611225
d12-s9,batch_grad,303,2121,1818,0.12023809523809524,0.019577128648016324
d12-s9,batch_grad,303,2222,1919,0.12023809523809524,0.0672123559598852
d12-s9,batch_grad,303,2323,2020,0.12023809523809524,-0.045369867371017385
d12-s9,batch_grad,303,2424,2121,0.12023809523809524,0.061187016166451245
d12-s9,batch_grad,404,505,101,0.16031746031746033,0.1875887076530571
d12-s9,batch_grad,404,606,202,0.16031746031746033,0.3668668926867945
d12-s9,batch_grad,404,707,303,0.16031746031746033,-0.5186451761066772
d12-s9,batch_grad,404,808,404,0.16031746031746033,-0.07572060400935467
d12-s9,batch_grad,404,909,505,0.16031746031746033,-0.3538821417992794
d12-s9,batch_grad,404,1010,606,0.16031746031746033,0.03779856743339008
d12-s9,batch_grad,404,1111,707,0.16031746031746033,-0.04538703473933116
d12-s9,batch_grad,404,1212,808,0.16031746031746033,0.29990268455558367
d12-s9,batch_grad,404,1313,909,0.16031746031746033,-0.17202967607885125
d12-s9,batch_grad,404,1414,1010,0.16031746031746033,0.2519243884879679
d12-s9,batch_grad,404,1515,1111,0.16031746031746033,-0.22599037911799782
d12-s9,batch_grad,404,1616,1212,0.16031746031746033,0.1874965612179565
d12-s9,batch_grad,404,1717,1313,0.16031746031746033,-0.1346538349139659
d12-s9,batch_grad,404,1818,1414,0.16031746031746033,0.05795236103692825
d12-s9,batch_grad,404,1919,1515,0.16031746031746033,0.09760945677791191
d12-s9,batch_grad,404,2020,1616,0.16031746031746033,0.07994798442394788
d12-s9,batch_grad,404,2121,1717,0.16031746031746033,0.08483888529722176
d12-s9,batch_grad,404,2222,1818,0.16031746031746033,0.019586338143165835
d12-s9,batch_grad,404,2323,1919,0.16031746031746033,-0.0917653486733208
d12-s9,batch_grad,404,2424,2020,0.16031746031746033,0.016874255658437372
d12-s9,batch_grad,505,606,101,0.2003968253968254,0.010339070229693648
d12-s9,batch_grad,505,707,202,0.2003968253968254,-0.3009044627950814
d12-s9,batch_grad,505,808,303,0.2003968253968254,-0.17312838738211717
d12-s9,batch_grad,505,909,404,0.2003968253968254,0.19486850538143236
d12-s9,batch_grad,505,1010,505,0.2003968253968254,-0.047612102198152526
d12-s9,batch_grad,505,1111,606,0.2003968253968254,0.16119707907308772
d12-s9,batch_grad,505,1212,707,0.2003968253968254,0.03020823364333252
d12-s9,batch_grad,505,1313,808,0.2003968253968254,-0.20352695973728502
d12-s9,batch_grad,505,1414,909,0.2003968253968254,0.3039557598302048
d12-s9,batch_grad,505,1515,1010,0.2003968253968254,-0.04523840954126287
d12-s9,batch_grad,505,1616,1111,0.2003968253968254,-0.08086827754276504
d12-s9,batch_grad,505,1717,1212,0.2003968253968254,0.017019489219586712
d12-s9,batch_grad,505,1818,1313,0.2003968253968254,0.19890047210370299
d12-s9,batch_grad,505,1919,1414,0.2003968253968254,-0.0037307574062539345
d12-s9,batch_grad,505,2020,1515,0.2003968253968254,-0.0688070424962533
d12-s9,batch_grad,505,2121,1616,0.2003968253968254,0.10901523109126966
d12-s9,batch_grad,505,2222,1717,0.2003968253968254,0.019217401486209176
d12-s9,batch_grad,505,2323,1818,0.2003968253968254,-0.029486846415439864
d12-s9,batch_grad,505,2424,1919,0.2003968253968254,-0.023410842160016175
d12-s9,batch_grad,606,707,101,0.24047619047619048,-0.47024123564021725
d12-s9,batch_grad,606,808,202,0.24047619047619048,-0.2212150219800129
d12-s9,batch_grad,606,909,303,0.24047619047619048,-0.431712938231182
d12-s9,batch_grad,606,1010,404,0.24047619047619048,0.18667130985034566
d12-s9,batch_grad,606,1111,505,0.24047619047619048,0.057643468198803505
d12-s9,batch_grad,606,1212,606,0.24047619047619048,0.4660478745236696
d12-s9,batch_grad,606,1313,707,0.24047619047619048,-0.18747529874199131
d12-s9,batch_grad,606,1414,808,0.24047619047619048,0.2677410047700711
d12-s9,batch_grad,606,1515,909,0.24047619047619048,-0.2814695461229719
d12-s9,batch_grad,606,1616,1010,0.24047619047619048,0.2937049926491766
d12-s9,batch_grad,606,1717,1111,0.24047619047619048,-0.1429742483671881
d12-s9,batch_grad,606,1818,1212,0.24047619047619048,0.04617644980236806
d12-s9,batch_grad,606,1919,1313,0.24047619047619048,0.2585331212753524
d12-s9,batch_grad,606,2020,1414,0.24047619047619048,0.19091238279512232
d12-s9,batch_grad,606,2121,1515,0.24047619047619048,0.021582285214014698
d12-s9,batch_grad,606,2222,1616,0.24047619047619048,0.02269847167981213
d12-s9,batch_grad,606,2323,1717,0.24047619047619048,-0.1335514087658705
d12-s9,batch_grad,606,2424,1818,0.24047619047619048,-0.0048761346567674285
d12-s9,batch_grad,707,808,101,0.28055555555555556,0.2552767105991482
d12-s9,batch_grad,707,909,202,0.28055555555555556,0.395904524582926
d12-s9,batch_grad,707,1010,303,0.28055555555555556,0.08409308685479162
d12-s9,batch_grad,707,1111,404,0.28055555555555556,-0.20049129581295827
d12-s9,batch_grad,707,1212,505,0.28055555555555556,-0.542081812350759
d12-s9,batch_grad,707,1313,606,0.28055555555555556,0.11480118531750662
d12-s9,batch_grad,707,1414,707,0.28055555555555556,-0.5413622976425764
d12-s9,batch_grad,707,1515,808,0.28055555555555556,0.4270918074409424
d12-s9,batch_grad,707,1616,909,0.28055555555555556,-0.3020661363353425
d12-s9,batch_grad,707,1717,1010,0.28055555555555556,0.23672337723830422
d12-s9,batch_grad,707,1818,1111,0.28055555555555556,0.004102036745439581
d12-s9,batch_grad,707,1919,1212,0.28055555555555556,-0.13641903214161114
d12-s9,batch_grad,707,2020,1313,0.28055555555555556,-0.07382620242304154
d12-s9,batch_grad,707,2121,1414,0.28055555555555556,0.0014040149364288775
d12-s9,batch_grad,707,2222,1515,0.28055555555555556,-0.019481296530911848
d12-s9,batch_grad,707,2323,1616,0.28055555555555556,0.12703178876692933
d12-s9,batch_grad,707,2424,1717,0.28055555555555556,-0.009270551787804322
d12-s9,batch_grad,808,909,101,0.32063492063492066,-0.08849313057552942
d12-s9,batch_grad,808,1010,202,0.32063492063492066,0.02897405852789167
d12-s9,batch_grad,808,1111,303,0.32063492063492066,-0.4478952444815026
d12-s9,batch_grad,808,1212,404,0.32063492063492066,-0.04764832629939027
d12-s9,batch_grad,808,1313,505,0.32063492063492066,0.14803698978545912
d12-s9,batch_grad,808,1414,606,0.32063492063492066,-0.26008830427227625
d12-s9,batch_grad,808,1515,707,0.32063492063492066,0.19630741529349868
d12-s9,batch_grad,808,1616,808,0.32063492063492066,-0.21859164151795352
d12-s9,batch_grad,808,1717,909,0.32063492063492066,-0.10775590070248983
d12-s9,batch_grad,808,1818,1010,0.32063492063492066,-0.1451953103403802
d12-s9,batch_grad,808,1919,1111,0.32063492063492066,-0.03629049568775497
d12-s9,batch_grad,808,2020,1212,0.32063492063492066,-0.04641576026465785
d12-s9,batch_grad,808,2121,1313,0.32063492063492066,0.20532352842621984
d12-s9,batch_grad,808,2222,1414,0.32063492063492066,-0.021151939844413097
d12-s9,batch_grad,808,2323,1515,0.32063492063492066,0.06770500038484976
d12-s9,batch_grad,808,2424,1616,0.32063492063492066,0.019775592401932888
d12-s9,batch_grad,909,1010,101,0.3607142857142857,0.13004375538314236
d12-s9,batch_grad,909,1111,202,0.3607142857142857,0.09349852212716525
d12-s9,batch_grad,909,1212,303,0.3607142857142857,-0.5586331505860261
d12-s9,batch_grad,909,1313,404,0.3607142857142857,-0.16105547340840468
d12-s9,batch_grad,909,1414,505,0.3607142857142857,-0.061822736720255414
d12-s9,batch_grad,909,1515,606,0.3607142857142857,0.37437025975096927
d12-s9,batch_grad,909,1616,707,0.3607142857142857,-0.39337658791613644
d12-s9,batch_grad,909,1717,808,0.3607142857142857,0.43755406300492955
d12-s9,batch_grad,909,1818,909,0.3607142857142857,0.21530484889887444
d12-s9,batch_grad,909,1919,1010,0.3607142857142857,-0.17022014513999387
d12-s9,batch_grad,909,2020,1111,0.3607142857142857,-0.23533270834401115
d12-s9,batch_grad,909,2121,1212,0.3607142857142857,-0.03585857461428887
d12-s9,batch_grad,909,2222,1313,0.3607142857142857,0.01934763271322099
d12-s9,batch_grad,909,2323,1414,0.3607142857142857,0.15333140736357317
d12-s9,batch_grad,909,2424,1515,0.3607142857142857,0.019088937084748233
d12-s9,batch_grad,1010,1111,101,0.4007936507936508,-0.3267017070302251
d12-s9,batch_grad,1010,1212,202,0.4007936507936508,-0.10490257351400614
d12-s9,batch_grad,1010,1313,303,0.4007936507936508,-0.12277402579444428
d12-s9,batch_grad,1010,1414,404,0.4007936507936508,-0.14276096724308593
d12-s9,batch_grad,1010,1515,505,0.4007936507936508,0.12319286307085497
d12-s9,batch_grad,1010,1616,606,0.4007936507936508,0.11779890863336856
d12-s9,batch_grad,1010,1717,707,0.4007936507936508,0.3819767459288999
d12-s9,batch_grad,1010,1818,808,0.4007936507936508,0.01610857143936731
d12-s9,batch_grad,1010,1919,909,0.4007936507936508,0.19169773728255782
d12-s9,batch_grad,1010,2020,1010,0.4007936507936508,0.23029864184721063
d12-s9,batch_grad,1010,2121,1111,0.4007936507936508,-0.0006853182613860659
d12-s9,batch_grad,1010,2222,1212,0.4007936507936508,0.07278453344303419
d12-s9,batch_grad,1010,2323,1313,0.4007936507936508,0.04215168820229674
d12-s9,batch_grad,1010,2424,1414,0.4007936507936508,0.18979524644856424
d12-s9,batch_grad,1111,1212,101,0.44087301587301586,0.09251947287170886
d12-s9,batch_grad,1111,1313,202,0.44087301587301586,-0.05218616675846015
d12-s9,batch_grad,1111,1414,303,0.44087301587301586,0.3217661952451639
d12-s9,batch_grad,1111,1515,404,0.44087301587301586,-0.09031414955417333
d12-s9,batch_grad,1111,1616,505,0.44087301587301586,0.14385550404131908
d12-s9,batch_grad,1111,1717,606,0.44087301587301586,-0.07251609590732014
d12-s9,batch_grad,1111,1818,707,0.44087301587301586,0.24690692604203207
d12-s9,batch_grad,1111,1919,808,0.44087301587301586,0.11330056561752018
d12-s9,batch_grad,1111,2020,909,0.44087301587301586,-0.14248329069570184
d12-s9,batch_grad,1111,2121,1010,0.44087301587301586,-0.11578703172984982
d12-s9,batch_grad,1111,2222,1111,0.44087301587301586,0.052795178509723574
d12-s9,batch_grad,1111,2323,1212,0.44087301587301586,-0.06248637401002341
d12-s9,batch_grad,1111,2424,1313,0.44087301587301586,-0.08705746743852417
d12-s9,batch_grad,1212,1313,101,0.48095238095238096,0.0022098174598709102
d12-s9,batch_grad,1212,1414,202,0.48095238095238096,0.44535173832547126
d12-s9,batch_grad,1212,1515,303,0.48095238095238096,-0.5713795262306708
d12-s9,batch_grad,1212,1616,404,0.48095238095238096,0.41062466169572415
d12-s9,batch_grad,1212,1717,505,0.48095238095238096,-0.2806176974689576
d12-s9,batch_grad,1212,1818,606,0.48095238095238096,-0.34058728530790305
d12-s9,batch_grad,1212,1919,707,0.48095238095238096,0.09714529605668362
d12-s9,batch_grad,1212,2020,808,0.48095238095238096,0.2272759439428829
d12-s9,batch_grad,1212,2121,909,0.48095238095238096,-0.08758658098699686
d12-s9,batch_grad,1212,2222,1010,0.48095238095238096,-0.0645231302215362
d12-s9,batch_grad,1212,2323,1111,0.48095238095238096,-0.15829076115119312
d12-s9,batch_grad,1212,2424,1212,0.48095238095238096,-0.037774464408398246
d12-s9,batch_grad,1313,1414,101,0.5210317460317461,-0.26779555715345643
d12-s9,batch_grad,1313,1515,202,0.5210317460317461,-0.12424883338200912
d12-s9,batch_grad,1313,1616,303,0.5210317460317461,0.2783243502744058
d12-s9,batch_grad,1313,1717,404,0.5210317460317461,-0.2368360303461868
d12-s9,batch_grad,1313,1818,505,0.5210317460317461,-0.11838427152943223
d12-s9,batch_grad,1313,1919,606,0.5210317460317461,0.17332260173511746
d12-s9,batch_grad,1313,2020,707,0.5210317460317461,0.22150137743164452
d12-s9,batch_grad,1313,2121,808,0.5210317460317461,-0.024158085972750234
d12-s9,batch_grad,1313,2222,909,0.5210317460317461,-0.03663595548985247
d12-s9,batch_grad,1313,2323,1010,0.5210317460317461,-0.03996205329315366
d12-s9,batch_grad,1313,2424,1111,0.5210317460317461,-0.014861328397357364
d12-s9,batch_grad,1414,1515,101,0.5611111111111111,-0.4739287559242356
d12-s9,batch_grad,1414,1616,202,0.5611111111111111,0.1787285047066469
d12-s9,batch_grad,1414,1717,303,0.5611111111111111,-0.01890233161204864
d12-s9,batch_grad,1414,1818,404,0.5611111111111111,-0.10198764072443427
d12-s9,batch_grad,1414,1919,505,0.5611111111111111,-0.14436936047935733
d12-s9,batch_grad,1414,2020,606,0.5611111111111111,-0.0031431715082373478
d12-s9,batch_grad,1414,2121,707,0.5611111111111111,-0.1105381637628518
d12-s9,batch_grad,1414,2222,808,0.5611111111111111,-0.017307135836198487
d12-s9,batch_grad,1414,2323,909,0.5611111111111111,-0.15960833678311467
d12-s9,batch_grad,1414,2424,1010,0.5611111111111111,-0.029160726812253974
d12-s9,batch_grad,1515,1616,101,0.6011904761904762,-0.5198121741093527
d12-s9,batch_grad,1515,1717,202,0.6011904761904762,0.20681342788427973
d12-s9,batch_grad,1515,1818,303,0.6011904761904762,0.45406328077381664
d12-s9,batch_grad,1515,1919,404,0.6011904761904762,0.08223598013689352
d12-s9,batch_grad,1515,2020,505,0.6011904761904762,-0.20650044042776095
d12-s9,batch_grad,1515,2121,606,0.6011904761904762,0.2836839067049822
d12-s9,batch_grad,1515,2222,707,0.6011904761904762,0.10948154215292116
d12-s9,batch_grad,1515,2323,808,0.6011904761904762,0.1352131413604712
d12-s9,batch_grad,1515,2424,909,0.6011904761904762,0.0971004518529369
d12-s9,batch_grad,1616,1717,101,0.6412698412698413,-0.08119952101694343
d12-s9,batch_grad,1616,1818,202,0.6412698412698413,-0.1857374929427813
d12-s9,batch_grad,1616,1919,303,0.6412698412698413,0.2177408371474545
d12-s9,batch_grad,1616,2020,404,0.6412698412698413,0.4122614756854467
d12-s9,batch_grad,1616,2121,505,0.6412698412698413,-0.25144879489842603
d12-s9,batch_grad,1616,2222,606,0.6412698412698413,0.008381335333085316
d12-s9,batch_grad,1616,2323,707,0.6412698412698413,-0.13321046257881988
d12-s9,batch_grad,1616,2424,808,0.6412698412698413,0.021390732351139752
d12-s9,batch_grad,1717,1818,101,0.6813492063492064,0.05802250627237126
d12-s9,batch_grad,1717,1919,202,0.6813492063492064,-0.19366277809914897
d12-s9,batch_grad,1717,2020,303,0.6813492063492064,0.12069273164700248
d12-s9,batch_grad,1717,2121,404,0.6813492063492064,-0.11099964630300041
d12-s9,batch_grad,1717,2222,505,0.6813492063492064,0.02176367538227146
d12-s9,batch_grad,1717,2323,606,0.6813492063492064,0.11016867766909169
d12-s9,batch_grad,1717,2424,707,0.6813492063492064,0.13211347781771798
d12-s9,batch_grad,1818,1919,101,0.7214285714285714,0.30084253146653017
d12-s9,batch_grad,1818,2020,202,0.7214285714285714,-0.1722074170747107
d12-s9,batch_grad,1818,2121,303,0.7214285714285714,0.2893176664253909
d12-s9,batch_grad,1818,2222,404,0.7214285714285714,0.09554763054244722
d12-s9,batch_grad,1818,2323,505,0.7214285714285714,0.030806302717333353
d12-s9,batch_grad,1818,2424,606,0.7214285714285714,0.025655497256632385
d12-s9,batch_grad,1919,2020,101,0.7615079365079365,0.13679323960123563
d12-s9,batch_grad,1919,2121,202,0.7615079365079365,0.27251902469600464
d12-s9,batch_grad,1919,2222,303,0.7615079365079365,0.01716971702374185
d12-s9,batch_grad,1919,2323,404,0.7615079365079365,0.004688599153534864
d12-s9,batch_grad,1919,2424,505,0.7615079365079365,0.040672995504651144
d12-s9,batch_grad,2020,2121,101,0.8015873015873016,-0.06275719325576883
d12-s9,batch_grad,2020,2222,202,0.8015873015873016,0.005911677604197883
d12-s9,batch_grad,2020,2323,303,0.8015873015873016,-0.07470042622877211
d12-s9,batch_grad,2020,2424,404,0.8015873015873016,0.10476776118586517
d12-s9,batch_grad,2121,2222,101,0.8416666666666667,-0.022634331350993554
d12-s9,batch_grad,2121,2323,202,0.8416666666666667,0.050229430222118364
d12-s9,batch_grad,2121,2424,303,0.8416666666666667,0.07354151077397438
d12-s9,batch_grad,2222,2323,101,0.8817460317460317,-0.08177136674342006
d12-s9,batch_grad,2222,2424,202,0.8817460317460317,0.029701941318146904
d12-s9,batch_grad,2323,2424,101,0.9218253968253968,0.017191431840174378
d12-s9,probe_grad,0,1,1,0.0,0.9943894391147393
d12-s9,probe_grad,0,2,2,0.0,0.9919563321767254
d12-s9,probe_grad,0,4,4,0.0,0.9566437274549919
d12-s9,probe_grad,0,8,8,0.0,0.35338335221612355
d12-s9,probe_grad,0,16,16,0.0,0.6202003448319126
d12-s9,probe_grad,0,32,32,0.0,0.524676260358638
d12-s9,probe_grad,0,40,40,0.0,0.47526042171474653
d12-s9,probe_grad,0,64,64,0.0,0.36370637871296313
d12-s9,probe_grad,0,126,126,0.0,0.13103292346493747
d12-s9,probe_grad,0,252,252,0.0,0.050451991446055465
d12-s9,probe_grad,0,378,378,0.0,0.028490385738916442
d12-s9,probe_grad,0,400,400,0.0,0.021277665881006862
d12-s9,probe_grad,0,504,504,0.0,0.020276493201117914
d12-s9,probe_grad,0,630,630,0.0,0.014064463140567522
d12-s9,probe_grad,0,756,756,0.0,0.016117486228181755
d12-s9,probe_grad,0,882,882,0.0,0.00904001565498496
d12-s9,probe_grad,0,1008,1008,0.0,0.009782692358890796
d12-s9,probe_grad,0,1134,1134,0.0,0.008165087549323607
d12-s9,probe_grad,0,1260,1260,0.0,0.007717640470836072
d12-s9,probe_grad,0,1385,1385,0.0,0.004987676897161861
d12-s9,probe_grad,0,1511,1511,0.0,0.007038054303583721
d12-s9,probe_grad,0,1637,1637,0.0,0.005391224149104311
d12-s9,probe_grad,0,1763,1763,0.0,0.005780244749067089
d12-s9,probe_grad,0,1889,1889,0.0,0.0051462838325751405
d12-s9,probe_grad,0,2015,2015,0.0,0.005441407435449212
d12-s9,probe_grad,0,2141,2141,0.0,0.006023107652498355
d12-s9,probe_grad,0,2267,2267,0.0,0.004194644612136476
d12-s9,probe_grad,0,2393,2393,0.0,0.00565441667379429
d12-s9,probe_grad,0,2519,2519,0.0,0.005454399173184558
d12-s9,probe_grad,1,2,1,0.0003968253968253968,0.993106166773119
d12-s9,probe_grad,1,4,3,0.0003968253968253968,0.9611345324606337
d12-s9,probe_grad,1,8,7,0.0003968253968253968,0.356874339342955
d12-s9,probe_grad,1,16,15,0.0003968253968253968,0.6227475380596463
d12-s9,probe_grad,1,32,31,0.0003968253968253968,0.527040680173815
d12-s9,probe_grad,1,40,39,0.0003968253968253968,0.4772629750276669
d12-s9,probe_grad,1,64,63,0.0003968253968253968,0.36575555556290024
d12-s9,probe_grad,1,126,125,0.0003968253968253968,0.13172619635297975
d12-s9,probe_grad,1,252,251,0.0003968253968253968,0.05106382540657819
d12-s9,probe_grad,1,378,377,0.0003968253968253968,0.02858428651334105
d12-s9,probe_grad,1,400,399,0.0003968253968253968,0.02137067826324464
d12-s9,probe_grad,1,504,503,0.0003968253968253968,0.02038360207875656
d12-s9,probe_grad,1,630,629,0.0003968253968253968,0.014001116870323667
d12-s9,probe_grad,1,756,755,0.0003968253968253968,0.016265350776421054
d12-s9,probe_grad,1,882,881,0.0003968253968253968,0.00906026955699356
d12-s9,probe_grad,1,1008,1007,0.0003968253968253968,0.00985162909358441
d12-s9,probe_grad,1,1134,1133,0.0003968253968253968,0.008210157828086461
d12-s9,probe_grad,1,1260,1259,0.0003968253968253968,0.00777940737391302
d12-s9,probe_grad,1,1385,1384,0.0003968253968253968,0.004988624774022603
d12-s9,probe_grad,1,1511,1510,0.0003968253968253968,0.0070902788253492865
d12-s9,probe_grad,1,1637,1636,0.0003968253968253968,0.005468713502924874
d12-s9,probe_grad,1,1763,1762,0.0003968253968253968,0.005883648109428868
d12-s9,probe_grad,1,1889,1888,0.0003968253968253968,0.005203045371649306
d12-s9,probe_grad,1,2015,2014,0.0003968253968253968,0.0054891333766550225
d12-s9,probe_grad,1,2141,2140,0.0003968253968253968,0.006105949886767204
d12-s9,probe_grad,1,2267,2266,0.0003968253968253968,0.004275127740724525
d12-s9,probe_grad,1,2393,2392,0.0003968253968253968,0.005729708023534293
d12-s9,probe_grad,1,2519,2518,0.0003968253968253968,0.005530518613096055
d12-s9,probe_grad,2,4,2,0.0007936507936507937,0.9698093179799274
d12-s9,probe_grad,2,8,6,0.0007936507936507937,0.370257366131485
d12-s9,probe_grad,2,16,14,0.0007936507936507937,0.6288745910577305
d12-s9,probe_grad,2,32,30,0.0007936507936507937,0.5336899778715515
d12-s9,probe_grad,2,40,38,0.0007936507936507937,0.48303756990117136
d12-s9,probe_grad,2,64,62,0.0007936507936507937,0.3719941591537679
d12-s9,probe_grad,2,126,124,0.0007936507936507937,0.1341151694408191
d12-s9,probe_grad,2,252,250,0.0007936507936507937,0.05270768580819928
d12-s9,probe_grad,2,378,376,0.0007936507936507937,0.029020514727928368
d12-s9,probe_grad,2,400,398,0.0007936507936507937,0.021884733028990175
d12-s9,probe_grad,2,504,502,0.0007936507936507937,0.020874787953981056
d12-s9,probe_grad,2,630,628,0.0007936507936507937,0.014123155178761428
d12-s9,probe_grad,2,756,754,0.0007936507936507937,0.016854641551992473
d12-s9,probe_grad,2,882,880,0.0007936507936507937,0.009316126343517299
d12-s9,probe_grad,2,1008,1006,0.0007936507936507937,0.01019495846948217
d12-s9,probe_grad,2,1134,1132,0.0007936507936507937,0.008469985564090777
d12-s9,probe_grad,2,1260,1258,0.0007936507936507937,0.008044310635780122
d12-s9,probe_grad,2,1385,1383,0.0007936507936507937,0.00509685428224564
d12-s9,probe_grad,2,1511,1509,0.0007936507936507937,0.00736960595805644
d12-s9,probe_grad,2,1637,1635,0.0007936507936507937,0.0057643601420135065
d12-s9,probe_grad,2,1763,1761,0.0007936507936507937,0.0062525090203439
d12-s9,probe_grad,2,1889,1887,0.0007936507936507937,0.005452149996664356
d12-s9,probe_grad,2,2015,2013,0.0007936507936507937,0.0057290181811098006
d12-s9,probe_grad,2,2141,2139,0.0007936507936507937,0.0063878198241152685
d12-s9,probe_grad,2,2267,2265,0.0007936507936507937,0.004514734571409521
d12-s9,probe_grad,2,2393,2391,0.0007936507936507937,0.005970672293959095
d12-s9,probe_grad,2,2519,2517,0.0007936507936507937,0.005762778379370547
d12-s9,probe_grad,4,8,4,0.0015873015873015873,0.44973847441258646
d12-s9,probe_grad,4,16,12,0.0015873015873015873,0.646558394226383
d12-s9,probe_grad,4,32,28,0.0015873015873015873,0.5584940727449738
d12-s9,probe_grad,4,40,36,0.0015873015873015873,0.5045373888550586
d12-s9,probe_grad,4,64,60,0.0015873015873015873,0.3958944034084533
d12-s9,probe_grad,4,126,122,0.0015873015873015873,0.14217206863332038
d12-s9,probe_grad,4,252,248,0.0015873015873015873,0.05909037508799673
d12-s9,probe_grad,4,378,374,0.0015873015873015873,0.02997497997135766
d12-s9,probe_grad,4,400,396,0.0015873015873015873,0.023523329820265414
d12-s9,probe_grad,4,504,500,0.0015873015873015873,0.022838769004935547
d12-s9,probe_grad,4,630,626,0.0015873015873015873,0.013943903534150474
d12-s9,probe_grad,4,756,752,0.0015873015873015873,0.02026159507538654
d12-s9,probe_grad,4,882,878,0.0015873015873015873,0.010464592455060994
d12-s9,probe_grad,4,1008,1004,0.0015873015873015873,0.01176470321541396
d12-s9,probe_grad,4,1134,1130,0.0015873015873015873,0.010131417471976795
d12-s9,probe_grad,4,1260,1256,0.0015873015873015873,0.009507157604508095
d12-s9,probe_grad,4,1385,1381,0.0015873015873015873,0.005915887721428236
d12-s9,probe_grad,4,1511,1507,0.0015873015873015873,0.009060160502292821
d12-s9,probe_grad,4,1637,1633,0.0015873015873015873,0.00736257347595055
d12-s9,probe_grad,4,1763,1759,0.0015873015873015873,0.008432191520098022
d12-s9,probe_grad,4,1889,1885,0.0015873015873015873,0.007054011980303123
d12-s9,probe_grad,4,2015,2011,0.0015873015873015873,0.0073271183770535
d12-s9,probe_grad,4,2141,2137,0.0015873015873015873,0.008082120419101052
d12-s9,probe_grad,4,2267,2263,0.0015873015873015873,0.006047693487418468
d12-s9,probe_grad,4,2393,2389,0.0015873015873015873,0.007446145628533377
d12-s9,probe_grad,4,2519,2515,0.0015873015873015873,0.007130511197609961
d12-s9,probe_grad,8,16,8,0.0031746031746031746,0.3794033832786563
d12-s9,probe_grad,8,32,24,0.0031746031746031746,0.4210745846333416
d12-s9,probe_grad,8,40,32,0.0031746031746031746,0.39437426854800967
d12-s9,probe_grad,8,64,56,0.0031746031746031746,0.30632942512075884
d12-s9,probe_grad,8,126,118,0.0031746031746031746,0.06238233733291717
d12-s9,probe_grad,8,252,244,0.0031746031746031746,0.03333108447825725
d12-s9,probe_grad,8,378,370,0.0031746031746031746,0.0024672145069439396
d12-s9,probe_grad,8,400,392,0.0031746031746031746,0.002881980738944579
d12-s9,probe_grad,8,504,496,0.0031746031746031746,-0.006899896764205375
d12-s9,probe_grad,8,630,622,0.0031746031746031746,-0.0177457219791144
d12-s9,probe_grad,8,756,748,0.0031746031746031746,0.04577411574363053
d12-s9,probe_grad,8,882,874,0.0031746031746031746,0.0008944091169797274
d12-s9,probe_grad,8,1008,1000,0.0031746031746031746,0.004319481839176062
d12-s9,probe_grad,8,1134,1126,0.0031746031746031746,0.013498837896443608
d12-s9,probe_grad,8,1260,1252,0.0031746031746031746,0.0038771031328922855
d12-s9,probe_grad,8,1385,1377,0.0031746031746031746,0.0013719159653415973
d12-s9,probe_grad,8,1511,1503,0.0031746031746031746,0.01061477213924505
d12-s9,probe_grad,8,1637,1629,0.0031746031746031746,0.005341796045453222
d12-s9,probe_grad,8,1763,1755,0.0031746031746031746,0.01613697101847846
d12-s9,probe_grad,8,1889,1881,0.0031746031746031746,0.013302497267635736
d12-s9,probe_grad,8,2015,2007,0.0031746031746031746,0.014376888379114255
d12-s9,probe_grad,8,2141,2133,0.0031746031746031746,0.011205736523483067
d12-s9,probe_grad,8,2267,2259,0.0031746031746031746,0.012535200437336405
d12-s9,probe_grad,8,2393,2385,0.0031746031746031746,0.010366781521048668
d12-s9,probe_grad,8,2519,2511,0.0031746031746031746,0.007317032922939901
d12-s9,probe_grad,16,32,16,0.006349206349206349,0.761900463209989
d12-s9,probe_grad,16,40,24,0.006349206349206349,0.6989087430169941
d12-s9,probe_grad,16,64,48,0.006349206349206349,0.5202100736052535
d12-s9,probe_grad,16,126,110,0.006349206349206349,0.19133328467092794
d12-s9,probe_grad,16,252,236,0.006349206349206349,0.07688387308435922
d12-s9,probe_grad,16,378,362,0.006349206349206349,0.05384836407941919
d12-s9,probe_grad,16,400,384,0.006349206349206349,0.05447476926073013
d12-s9,probe_grad,16,504,488,0.006349206349206349,0.04375837597429305
d12-s9,probe_grad,16,630,614,0.006349206349206349,0.03580125210242796
d12-s9,probe_grad,16,756,740,0.006349206349206349,0.03328199415358891
d12-s9,probe_grad,16,882,866,0.006349206349206349,0.026182914252813407
d12-s9,probe_grad,16,1008,992,0.006349206349206349,0.021253929371131228
d12-s9,probe_grad,16,1134,1118,0.006349206349206349,0.022056972431261455
d12-s9,probe_grad,16,1260,1244,0.006349206349206349,0.01690082741876332
d12-s9,probe_grad,16,1385,1369,0.006349206349206349,0.012442579622074772
d12-s9,probe_grad,16,1511,1495,0.006349206349206349,0.014950078550527083
d12-s9,probe_grad,16,1637,1621,0.006349206349206349,0.013404087932055102
d12-s9,probe_grad,16,1763,1747,0.006349206349206349,0.013193502121117978
d12-s9,probe_grad,16,1889,1873,0.006349206349206349,0.012672123538419126
d12-s9,probe_grad,16,2015,1999,0.006349206349206349,0.012837516778406962
d12-s9,probe_grad,16,2141,2125,0.006349206349206349,0.013708400116737395
d12-s9,probe_grad,16,2267,2251,0.006349206349206349,0.013232073279169882
d12-s9,probe_grad,16,2393,2377,0.006349206349206349,0.013363488863409378
d12-s9,probe_grad,16,2519,2503,0.006349206349206349,0.013690949564812952
d12-s9,probe_grad,32,40,8,0.012698412698412698,0.9359992113967456
d12-s9,probe_grad,32,64,32,0.012698412698412698,0.703818931583444
d12-s9,probe_grad,32,126,94,0.012698412698412698,0.26966720679033085
d12-s9,probe_grad,32,252,220,0.012698412698412698,0.11679707381374053
d12-s9,probe_grad,32,378,346,0.012698412698412698,0.08370782531871253
d12-s9,probe_grad,32,400,368,0.012698412698412698,0.08040972799797252
d12-s9,probe_grad,32,504,472,0.012698412698412698,0.068756019105204
d12-s9,probe_grad,32,630,598,0.012698412698412698,0.054685792924105726
d12-s9,probe_grad,32,756,724,0.012698412698412698,0.05527044237273742
d12-s9,probe_grad,32,882,850,0.012698412698412698,0.045526056882324584
d12-s9,probe_grad,32,1008,976,0.012698412698412698,0.039096757491644055
d12-s9,probe_grad,32,1134,1102,0.012698412698412698,0.03798239929151288
d12-s9,probe_grad,32,1260,1228,0.012698412698412698,0.033111518299393475
d12-s9,probe_grad,32,1385,1353,0.012698412698412698,0.02651013345826306
d12-s9,probe_grad,32,1511,1479,0.012698412698412698,0.026950327169309653
d12-s9,probe_grad,32,1637,1605,0.012698412698412698,0.025803342245207264
d12-s9,probe_grad,32,1763,1731,0.012698412698412698,0.026109407117651244
d12-s9,probe_grad,32,1889,1857,0.012698412698412698,0.025550132563952846
d12-s9,probe_grad,32,2015,1983,0.012698412698412698,0.025282544631691578
d12-s9,probe_grad,32,2141,2109,0.012698412698412698,0.02599700801071768
d12-s9,probe_grad,32,2267,2235,0.012698412698412698,0.025240950078811834
d12-s9,probe_grad,32,2393,2361,0.012698412698412698,0.025784015478858602
d12-s9,probe_grad,32,2519,2487,0.012698412698412698,0.02596855516249105
d12-s9,probe_grad,40,64,24,0.015873015873015872,0.7669812811276354
d12-s9,probe_grad,40,126,86,0.015873015873015872,0.2963138793876872
d12-s9,probe_grad,40,252,212,0.015873015873015872,0.12808797876129674
d12-s9,probe_grad,40,378,338,0.015873015873015872,0.09303229181947642
d12-s9,probe_grad,40,400,360,0.015873015873015872,0.08716378455760906
d12-s9,probe_grad,40,504,464,0.015873015873015872,0.07592535595972484
d12-s9,probe_grad,40,630,590,0.015873015873015872,0.05963921067134043
d12-s9,probe_grad,40,756,716,0.015873015873015872,0.059944681540590725
d12-s9,probe_grad,40,882,842,0.015873015873015872,0.04866361541086345
d12-s9,probe_grad,40,1008,968,0.015873015873015872,0.042528575997097515
d12-s9,probe_grad,40,1134,1094,0.015873015873015872,0.040736825236701225
d12-s9,probe_grad,40,1260,1220,0.015873015873015872,0.03466928604502759
d12-s9,probe_grad,40,1385,1345,0.015873015873015872,0.02873558964535074
d12-s9,probe_grad,40,1511,1471,0.015873015873015872,0.028888720181286374
d12-s9,probe_grad,40,1637,1597,0.015873015873015872,0.027859773002836728
d12-s9,probe_grad,40,1763,1723,0.015873015873015872,0.026996994718132487
d12-s9,probe_grad,40,1889,1849,0.015873015873015872,0.027019569363145972
d12-s9,probe_grad,40,2015,1975,0.015873015873015872,0.02722028761925041
d12-s9,probe_grad,40,2141,2101,0.015873015873015872,0.027345971449452593
d12-s9,probe_grad,40,2267,2227,0.015873015873015872,0.026334628882041494
d12-s9,probe_grad,40,2393,2353,0.015873015873015872,0.026824451729357726
d12-s9,probe_grad,40,2519,2479,0.015873015873015872,0.027040154023174858
d12-s9,probe_grad,64,126,62,0.025396825396825397,0.4017399781408578
d12-s9,probe_grad,64,252,188,0.025396825396825397,0.17700420666824637
d12-s9,probe_grad,64,378,314,0.025396825396825397,0.12302607750903494
d12-s9,probe_grad,64,400,336,0.025396825396825397,0.11320208439715039
d12-s9,probe_grad,64,504,440,0.025396825396825397,0.1026515459407809
d12-s9,probe_grad,64,630,566,0.025396825396825397,0.08163467792395339
d12-s9,probe_grad,64,756,692,0.025396825396825397,0.07897949631836072
d12-s9,probe_grad,64,882,818,0.025396825396825397,0.0696547568013894
d12-s9,probe_grad,64,1008,944,0.025396825396825397,0.06004367341972408
d12-s9,probe_grad,64,1134,1070,0.025396825396825397,0.05793352737186173
d12-s9,probe_grad,64,1260,1196,0.025396825396825397,0.04852908062263457
d12-s9,probe_grad,64,1385,1321,0.025396825396825397,0.04227185765711043
d12-s9,probe_grad,64,1511,1447,0.025396825396825397,0.0415564713189336
d12-s9,probe_grad,64,1637,1573,0.025396825396825397,0.03907535567838771
d12-s9,probe_grad,64,1763,1699,0.025396825396825397,0.0390193624991006
d12-s9,probe_grad,64,1889,1825,0.025396825396825397,0.03698742397578663
d12-s9,probe_grad,64,2015,1951,0.025396825396825397,0.03654781679782787
d12-s9,probe_grad,64,2141,2077,0.025396825396825397,0.03797096929092227
d12-s9,probe_grad,64,2267,2203,0.025396825396825397,0.03662760048771949
d12-s9,probe_grad,64,2393,2329,0.025396825396825397,0.03771192334388196
d12-s9,probe_grad,64,2519,2455,0.025396825396825397,0.03810965163587539
d12-s9,probe_grad,126,252,126,0.05,0.3525333846555996
d12-s9,probe_grad,126,378,252,0.05,0.2464476454987601
d12-s9,probe_grad,126,400,274,0.05,0.2362827424815874
d12-s9,probe_grad,126,504,378,0.05,0.2602698556406642
d12-s9,probe_grad,126,630,504,0.05,0.20908010124556128
d12-s9,probe_grad,126,756,630,0.05,0.05425856721056187
d12-s9,probe_grad,126,882,756,0.05,0.16405978742983557
d12-s9,probe_grad,126,1008,882,0.05,0.13005314089506542
d12-s9,probe_grad,126,1134,1008,0.05,0.07804733979550706
d12-s9,probe_grad,126,1260,1134,0.05,0.09386513612506303
d12-s9,probe_grad,126,1385,1259,0.05,0.09875382502453957
d12-s9,probe_grad,126,1511,1385,0.05,0.0764499920306628
d12-s9,probe_grad,126,1637,1511,0.05,0.07768382876748078
d12-s9,probe_grad,126,1763,1637,0.05,0.039294204183053585
d12-s9,probe_grad,126,1889,1763,0.05,0.040042047621561466
d12-s9,probe_grad,126,2015,1889,0.05,0.04895347280908147
d12-s9,probe_grad,126,2141,2015,0.05,0.05148412131912551
d12-s9,probe_grad,126,2267,2141,0.05,0.046548098204314645
d12-s9,probe_grad,126,2393,2267,0.05,0.04806095725477304
d12-s9,probe_grad,126,2519,2393,0.05,0.05182701676193405
d12-s9,probe_grad,252,378,126,0.1,0.48428867763843503
d12-s9,probe_grad,252,400,148,0.1,0.43631949517377144
d12-s9,probe_grad,252,504,252,0.1,0.38033425929242193
d12-s9,probe_grad,252,630,378,0.1,0.3307920680936495
d12-s9,probe_grad,252,756,504,0.1,0.2772328218437646
d12-s9,probe_grad,252,882,630,0.1,0.28171571927766853
d12-s9,probe_grad,252,1008,756,0.1,0.25490842393000807
d12-s9,probe_grad,252,1134,882,0.1,0.2035121513743799
d12-s9,probe_grad,252,1260,1008,0.1,0.19913970757315852
d12-s9,probe_grad,252,1385,1133,0.1,0.19959838602976981
d12-s9,probe_grad,252,1511,1259,0.1,0.186847701870944
d12-s9,probe_grad,252,1637,1385,0.1,0.1782030673294507
d12-s9,probe_grad,252,1763,1511,0.1,0.1623145081759626
d12-s9,probe_grad,252,1889,1637,0.1,0.15392111510360695
d12-s9,probe_grad,252,2015,1763,0.1,0.15953063313287885
d12-s9,probe_grad,252,2141,1889,0.1,0.16150227656557262
d12-s9,probe_grad,252,2267,2015,0.1,0.15819722716366313
d12-s9,probe_grad,252,2393,2141,0.1,0.15757484363308777
d12-s9,probe_grad,252,2519,2267,0.1,0.15821227955128744
d12-s9,probe_grad,378,400,22,0.15,0.7385878873733965
d12-s9,probe_grad,378,504,126,0.15,0.5337047639325937
d12-s9,probe_grad,378,630,252,0.15,0.5014596165676843
d12-s9,probe_grad,378,756,378,0.15,0.3892881969807161
d12-s9,probe_grad,378,882,504,0.15,0.4066551311434634
d12-s9,probe_grad,378,1008,630,0.15,0.3673321434958121
d12-s9,probe_grad,378,1134,756,0.15,0.30909257835639564
d12-s9,probe_grad,378,1260,882,0.15,0.2965697944515401
d12-s9,probe_grad,378,1385,1007,0.15,0.2853791346695245
d12-s9,probe_grad,378,1511,1133,0.15,0.269650128968841
d12-s9,probe_grad,378,1637,1259,0.15,0.26463700283917263
d12-s9,probe_grad,378,1763,1385,0.15,0.2428420402901379
d12-s9,probe_grad,378,1889,1511,0.15,0.24541136770930347
d12-s9,probe_grad,378,2015,1637,0.15,0.24639256587966796
d12-s9,probe_grad,378,2141,1763,0.15,0.24981666788892345
d12-s9,probe_grad,378,2267,1889,0.15,0.24709285741032236
d12-s9,probe_grad,378,2393,2015,0.15,0.2470508941025655
d12-s9,probe_grad,378,2519,2141,0.15,0.247907994407483
d12-s9,probe_grad,400,504,104,0.15873015873015872,0.5551231254536885
d12-s9,probe_grad,400,630,230,0.15873015873015872,0.4996970253718059
d12-s9,probe_grad,400,756,356,0.15873015873015872,0.4034497009344291
d12-s9,probe_grad,400,882,482,0.15873015873015872,0.41078664711383456
d12-s9,probe_grad,400,1008,608,0.15873015873015872,0.35857221166965036
d12-s9,probe_grad,400,1134,734,0.15873015873015872,0.31977931783354435
d12-s9,probe_grad,400,1260,860,0.15873015873015872,0.2967979946068539
d12-s9,probe_grad,400,1385,985,0.15873015873015872,0.279723003786985
d12-s9,probe_grad,400,1511,1111,0.15873015873015872,0.2627189799087458
d12-s9,probe_grad,400,1637,1237,0.15873015873015872,0.25501115676398406
d12-s9,probe_grad,400,1763,1363,0.15873015873015872,0.23672954728289217
d12-s9,probe_grad,400,1889,1489,0.15873015873015872,0.24415965743119358
d12-s9,probe_grad,400,2015,1615,0.15873015873015872,0.24609246886708855
d12-s9,probe_grad,400,2141,1741,0.15873015873015872,0.2481456349093243
d12-s9,probe_grad,400,2267,1867,0.15873015873015872,0.2476670232243478
d12-s9,probe_grad,400,2393,1993,0.15873015873015872,0.2469885658508264
d12-s9,probe_grad,400,2519,2119,0.15873015873015872,0.24749582220571023
d12-s9,probe_grad,504,630,126,0.2,0.5940812945351822
d12-s9,probe_grad,504,756,252,0.2,0.4589109534893312
d12-s9,probe_grad,504,882,378,0.2,0.5001884412216857
d12-s9,probe_grad,504,1008,504,0.2,0.4389137086099547
d12-s9,probe_grad,504,1134,630,0.2,0.38398351541354536
d12-s9,probe_grad,504,1260,756,0.2,0.36290863048162386
d12-s9,probe_grad,504,1385,881,0.2,0.32919238985964205
d12-s9,probe_grad,504,1511,1007,0.2,0.3220138875999256
d12-s9,probe_grad,504,1637,1133,0.2,0.32197851090948865
d12-s9,probe_grad,504,1763,1259,0.2,0.28632397717465696
d12-s9,probe_grad,504,1889,1385,0.2,0.28966750613879577
d12-s9,probe_grad,504,2015,1511,0.2,0.2990056186688024
d12-s9,probe_grad,504,2141,1637,0.2,0.2996253089622803
d12-s9,probe_grad,504,2267,1763,0.2,0.2935995679396619
d12-s9,probe_grad,504,2393,1889,0.2,0.2940088671834438
d12-s9,probe_grad,504,2519,2015,0.2,0.2983735457892794
d12-s9,probe_grad,630,756,126,0.25,0.5214347989604257
d12-s9,probe_grad,630,882,252,0.25,0.5861993471790018
d12-s9,probe_grad,630,1008,378,0.25,0.5185459783137459
d12-s9,probe_grad,630,1134,504,0.25,0.45780909480022886
d12-s9,probe_grad,630,1260,630,0.25,0.4428553858256705
d12-s9,probe_grad,630,1385,755,0.25,0.4204395418177246
d12-s9,probe_grad,630,1511,881,0.25,0.39049494339989355
d12-s9,probe_grad,630,1637,1007,0.25,0.39864494943901146
d12-s9,probe_grad,630,1763,1133,0.25,0.36476455239738975
d12-s9,probe_grad,630,1889,1259,0.25,0.3800884271006398
d12-s9,probe_grad,630,2015,1385,0.25,0.3720154754399763
d12-s9,probe_grad,630,2141,1511,0.25,0.3819589351687237
d12-s9,probe_grad,630,2267,1637,0.25,0.37631867361614635
d12-s9,probe_grad,630,2393,1763,0.25,0.3749540341356318
d12-s9,probe_grad,630,2519,1889,0.25,0.3799581931027267
d12-s9,probe_grad,756,882,126,0.3,0.6234247200104376
d12-s9,probe_grad,756,1008,252,0.3,0.5732323109186211
d12-s9,probe_grad,756,1134,378,0.3,0.5537015397963875
d12-s9,probe_grad,756,1260,504,0.3,0.5084482927875363
d12-s9,probe_grad,756,1385,629,0.3,0.4959663252587425
d12-s9,probe_grad,756,1511,755,0.3,0.5025104236107022
d12-s9,probe_grad,756,1637,881,0.3,0.4792333750997453
d12-s9,probe_grad,756,1763,1007,0.3,0.49271177808491684
d12-s9,probe_grad,756,1889,1133,0.3,0.47555887138475766
d12-s9,probe_grad,756,2015,1259,0.3,0.48760850811505074
d12-s9,probe_grad,756,2141,1385,0.3,0.4793728288977015
d12-s9,probe_grad,756,2267,1511,0.3,0.4705226413232964
d12-s9,probe_grad,756,2393,1637,0.3,0.4711172964999963
d12-s9,probe_grad,756,2519,1763,0.3,0.4674310453337158
d12-s9,probe_grad,882,1008,126,0.35,0.694391144472888
d12-s9,probe_grad,882,1134,252,0.35,0.6588139517502218
d12-s9,probe_grad,882,1260,378,0.35,0.6228343953952592
d12-s9,probe_grad,882,1385,503,0.35,0.6107609124192699
d12-s9,probe_grad,882,1511,629,0.35,0.5933607502355412
d12-s9,probe_grad,882,1637,755,0.35,0.5865879334920096
d12-s9,probe_grad,882,1763,881,0.35,0.5609302248722586
d12-s9,probe_grad,882,1889,1007,0.35,0.5587221249899076
d12-s9,probe_grad,882,2015,1133,0.35,0.5600527751043162
d12-s9,probe_grad,882,2141,1259,0.35,0.5558685047127457
d12-s9,probe_grad,882,2267,1385,0.35,0.5528953190278612
d12-s9,probe_grad,882,2393,1511,0.35,0.5512776088615706
d12-s9,probe_grad,882,2519,1637,0.35,0.5492707695374713
d12-s9,probe_grad,1008,1134,126,0.4,0.7359544615613611
d12-s9,probe_grad,1008,1260,252,0.4,0.7191531455281667
d12-s9,probe_grad,1008,1385,377,0.4,0.6993848407825475
d12-s9,probe_grad,1008,1511,503,0.4,0.6996310114849749
d12-s9,probe_grad,1008,1637,629,0.4,0.6973355237626154
d12-s9,probe_grad,1008,1763,755,0.4,0.6676985879966204
d12-s9,probe_grad,1008,1889,881,0.4,0.6542518477682756
d12-s9,probe_grad,1008,2015,1007,0.4,0.6527153137527322
d12-s9,probe_grad,1008,2141,1133,0.4,0.6552406900450453
d12-s9,probe_grad,1008,2267,1259,0.4,0.6447204398786354
d12-s9,probe_grad,1008,2393,1385,0.4,0.6393299183199109
d12-s9,probe_grad,1008,2519,1511,0.4,0.634806485703051
d12-s9,probe_grad,1134,1260,126,0.45,0.7629824336900302
d12-s9,probe_grad,1134,1385,251,0.45,0.7113225039172149
d12-s9,probe_grad,1134,1511,377,0.45,0.7292990133892308
d12-s9,probe_grad,1134,1637,503,0.45,0.7234149675305847
d12-s9,probe_grad,1134,1763,629,0.45,0.709260597504291
d12-s9,probe_grad,1134,1889,755,0.45,0.7084646825681772
d12-s9,probe_grad,1134,2015,881,0.45,0.7024015431490912
d12-s9,probe_grad,1134,2141,1007,0.45,0.6974836964935173
d12-s9,probe_grad,1134,2267,1133,0.45,0.6906868255630597
d12-s9,probe_grad,1134,2393,1259,0.45,0.6847205055549267
d12-s9,probe_grad,1134,2519,1385,0.45,0.6816377890106746
d12-s9,probe_grad,1260,1385,125,0.5,0.7988602319511934
d12-s9,probe_grad,1260,1511,251,0.5,0.7733567864068163
d12-s9,probe_grad,1260,1637,377,0.5,0.7713762808136351
d12-s9,probe_grad,1260,1763,503,0.5,0.7484567722945444
d12-s9,probe_grad,1260,1889,629,0.5,0.7458424469139849
d12-s9,probe_grad,1260,2015,755,0.5,0.7393500070057624
d12-s9,probe_grad,1260,2141,881,0.5,0.7420330147261849
d12-s9,probe_grad,1260,2267,1007,0.5,0.7259099143763333
d12-s9,probe_grad,1260,2393,1133,0.5,0.7201979786207052
d12-s9,probe_grad,1260,2519,1259,0.5,0.7188383381679044
d12-s9,probe_grad,1385,1511,126,0.5496031746031746,0.8435961533944443
d12-s9,probe_grad,1385,1637,252,0.5496031746031746,0.8229905201290767
d12-s9,probe_grad,1385,1763,378,0.5496031746031746,0.8000095287145426
d12-s9,probe_grad,1385,1889,504,0.5496031746031746,0.7821061766816022
d12-s9,probe_grad,1385,2015,630,0.5496031746031746,0.7774470435179776
d12-s9,probe_grad,1385,2141,756,0.5496031746031746,0.7757210060317762
d12-s9,probe_grad,1385,2267,882,0.5496031746031746,0.7674038920843129
d12-s9,probe_grad,1385,2393,1008,0.5496031746031746,0.7644759861448975
d12-s9,probe_grad,1385,2519,1134,0.5496031746031746,0.7580599049824758
d12-s9,probe_grad,1511,1637,126,0.5996031746031746,0.8746260761068093
d12-s9,probe_grad,1511,1763,252,0.5996031746031746,0.8534125734093296
d12-s9,probe_grad,1511,1889,378,0.5996031746031746,0.821684037269021
d12-s9,probe_grad,1511,2015,504,0.5996031746031746,0.8224224381825322
d12-s9,probe_grad,1511,2141,630,0.5996031746031746,0.8201827059474079
d12-s9,probe_grad,1511,2267,756,0.5996031746031746,0.8042920503884781
d12-s9,probe_grad,1511,2393,882,0.5996031746031746,0.8024720801882922
d12-s9,probe_grad,1511,2519,1008,0.5996031746031746,0.7972606981295993
d12-s9,probe_grad,1637,1763,126,0.6496031746031746,0.8850149966020388
d12-s9,probe_grad,1637,1889,252,0.6496031746031746,0.8674946266649336
d12-s9,probe_grad,1637,2015,378,0.6496031746031746,0.8600775074180383
d12-s9,probe_grad,1637,2141,504,0.6496031746031746,0.8567148159729694
d12-s9,probe_grad,1637,2267,630,0.6496031746031746,0.8452790560324226
d12-s9,probe_grad,1637,2393,756,0.6496031746031746,0.8409624016358027
d12-s9,probe_grad,1637,2519,882,0.6496031746031746,0.8398028379145549
d12-s9,probe_grad,1763,1889,126,0.6996031746031746,0.8981363285100523
d12-s9,probe_grad,1763,2015,252,0.6996031746031746,0.8806663524175192
d12-s9,probe_grad,1763,2141,378,0.6996031746031746,0.8754000033289244
d12-s9,probe_grad,1763,2267,504,0.6996031746031746,0.8635297424155582
d12-s9,probe_grad,1763,2393,630,0.6996031746031746,0.8607827075898606
d12-s9,probe_grad,1763,2519,756,0.6996031746031746,0.856734977155782
d12-s9,probe_grad,1889,2015,126,0.7496031746031746,0.9216972912419975
d12-s9,probe_grad,1889,2141,252,0.7496031746031746,0.9071621884790598
d12-s9,probe_grad,1889,2267,378,0.7496031746031746,0.9006310213266286
d12-s9,probe_grad,1889,2393,504,0.7496031746031746,0.8974057673348511
d12-s9,probe_grad,1889,2519,630,0.7496031746031746,0.8968311455737639
d12-s9,probe_grad,2015,2141,126,0.7996031746031746,0.9383730744748293
d12-s9,probe_grad,2015,2267,252,0.7996031746031746,0.9282689445960092
d12-s9,probe_grad,2015,2393,378,0.7996031746031746,0.9253323395205801
d12-s9,probe_grad,2015,2519,504,0.7996031746031746,0.9235972095155841
d12-s9,probe_grad,2141,2267,126,0.8496031746031746,0.9550963530290125
d12-s9,probe_grad,2141,2393,252,0.8496031746031746,0.9499910371296323
d12-s9,probe_grad,2141,2519,378,0.8496031746031746,0.9486991294217406
d12-s9,probe_grad,2267,2393,126,0.8996031746031746,0.9687934569136978
d12-s9,probe_grad,2267,2519,252,0.8996031746031746,0.9648963412501812
d12-s9,probe_grad,2393,2519,126,0.9496031746031746,0.9827730532655882
d14-s7,batch_grad,0,151,151,0.0,0.0013074235000122998
d14-s7,batch_grad,0,302,302,0.0,-0.03677330136897145
d14-s7,batch_grad,0,453,453,0.0,0.0017280220996876356
d14-s7,batch_grad,0,604,604,0.0,0.00941811415156113
d14-s7,batch_grad,0,755,755,0.0,-0.006939761196170111
d14-s7,batch_grad,0,906,906,0.0,-0.009870250004803125
d14-s7,batch_grad,0,1057,1057,0.0,-0.006746960103501229
d14-s7,batch_grad,0,1208,1208,0.0,-0.00610087689421357
d14-s7,batch_grad,0,1359,1359,0.0,-0.0014094022749363334
d14-s7,batch_grad,0,1510,1510,0.0,0.0005543622980489255
d14-s7,batch_grad,0,1661,1661,0.0,0.011384235389396698
d14-s7,batch_grad,0,1812,1812,0.0,0.005451962131323817
d14-s7,batch_grad,0,1963,1963,0.0,0.0028293457054890474
d14-s7,batch_grad,0,2114,2114,0.0,-0.006942366891664261
d14-s7,batch_grad,0,2265,2265,0.0,-0.006336363670668129
d14-s7,batch_grad,0,2416,2416,0.0,-0.004872713862327894
d14-s7,batch_grad,0,2567,2567,0.0,-0.004599884373307462
d14-s7,batch_grad,0,2718,2718,0.0,-0.008960409657535383
d14-s7,batch_grad,0,2869,2869,0.0,0.0026450443440538688
d14-s7,batch_grad,0,3020,3020,0.0,0.0011191015663808963
d14-s7,batch_grad,0,3171,3171,0.0,0.004095839456939719
d14-s7,batch_grad,0,3322,3322,0.0,0.002499158415361989
d14-s7,batch_grad,0,3473,3473,0.0,0.0021650709341555397
d14-s7,batch_grad,0,3624,3624,0.0,0.0003779175161177922
d14-s7,batch_grad,151,302,151,0.04017025804735302,-0.3616566863456904
d14-s7,batch_grad,151,453,302,0.04017025804735302,-0.22094773696299944
d14-s7,batch_grad,151,604,453,0.04017025804735302,0.17822270225929757
d14-s7,batch_grad,151,755,604,0.04017025804735302,0.22196389639413372
d14-s7,batch_grad,151,906,755,0.04017025804735302,-0.07183604655417823
d14-s7,batch_grad,151,1057,906,0.04017025804735302,-0.03290248488807969
d14-s7,batch_grad,151,1208,1057,0.04017025804735302,-0.025119307619719797
d14-s7,batch_grad,151,1359,1208,0.04017025804735302,-0.12215803034748704
d14-s7,batch_grad,151,1510,1359,0.04017025804735302,0.01196907370892247
d14-s7,batch_grad,151,1661,1510,0.04017025804735302,0.041234562516595866
d14-s7,batch_grad,151,1812,1661,0.04017025804735302,-0.13864914736628065
d14-s7,batch_grad,151,1963,1812,0.04017025804735302,-0.07497845743061277
d14-s7,batch_grad,151,2114,1963,0.04017025804735302,-0.018689254617138794
d14-s7,batch_grad,151,2265,2114,0.04017025804735302,0.03752498181043882
d14-s7,batch_grad,151,2416,2265,0.04017025804735302,0.12542525277609548
d14-s7,batch_grad,151,2567,2416,0.04017025804735302,-0.06969635313142701
d14-s7,batch_grad,151,2718,2567,0.04017025804735302,0.04865868494448748
d14-s7,batch_grad,151,2869,2718,0.04017025804735302,-0.13076897135736157
d14-s7,batch_grad,151,3020,2869,0.04017025804735302,0.07018116150185028
d14-s7,batch_grad,151,3171,3020,0.04017025804735302,-0.018356981671900478
d14-s7,batch_grad,151,3322,3171,0.04017025804735302,0.08246660376209752
d14-s7,batch_grad,151,3473,3322,0.04017025804735302,-0.06696798904601699
d14-s7,batch_grad,151,3624,3473,0.04017025804735302,-0.08382180923927716
d14-s7,batch_grad,302,453,151,0.08034051609470604,0.1922556764182294
d14-s7,batch_grad,302,604,302,0.08034051609470604,-0.362786269199562
d14-s7,batch_grad,302,755,453,0.08034051609470604,-0.17243253886483229
d14-s7,batch_grad,302,906,604,0.08034051609470604,0.3355572631811542
d14-s7,batch_grad,302,1057,755,0.08034051609470604,0.2273918014605547
d14-s7,batch_grad,302,1208,906,0.08034051609470604,0.15442943975950763
d14-s7,batch_grad,302,1359,1057,0.08034051609470604,0.23582252080288657
d14-s7,batch_grad,302,1510,1208,0.08034051609470604,-0.07550607815577229
d14-s7,batch_grad,302,1661,1359,0.08034051609470604,-0.14780601510417407
d14-s7,batch_grad,302,1812,1510,0.08034051609470604,0.17734523171383276
d14-s7,batch_grad,302,1963,1661,0.08034051609470604,0.0013578363092239185
d14-s7,batch_grad,302,2114,1812,0.08034051609470604,0.1525373770932633
d14-s7,batch_grad,302,2265,1963,0.08034051609470604,0.02187436580211492
d14-s7,batch_grad,302,2416,2114,0.08034051609470604,-0.13380355846107822
d14-s7,batch_grad,302,2567,2265,0.08034051609470604,0.165407508491147
d14-s7,batch_grad,302,2718,2416,0.08034051609470604,-0.017957143316544008
d14-s7,batch_grad,302,2869,2567,0.08034051609470604,0.1667626022020177
d14-s7,batch_grad,302,3020,2718,0.08034051609470604,-0.11097454846977231
d14-s7,batch_grad,302,3171,2869,0.08034051609470604,0.015726471091621577
d14-s7,batch_grad,302,3322,3020,0.08034051609470604,-0.10796354225757739
d14-s7,batch_grad,302,3473,3171,0.08034051609470604,0.10605540468658545
d14-s7,batch_grad,302,3624,3322,0.08034051609470604,0.12721211483178985
d14-s7,batch_grad,453,604,151,0.12051077414205906,-0.39341463079089706
d14-s7,batch_grad,453,755,302,0.12051077414205906,-0.6162759876974326
d14-s7,batch_grad,453,906,453,0.12051077414205906,-0.23244461043683676
d14-s7,batch_grad,453,1057,604,0.12051077414205906,-0.16936108709141906
d14-s7,batch_grad,453,1208,755,0.12051077414205906,0.05453411851721753
d14-s7,batch_grad,453,1359,906,0.12051077414205906,0.23936087315983007
d14-s7,batch_grad,453,1510,1057,0.12051077414205906,0.054334430233566045
d14-s7,batch_grad,453,1661,1208,0.12051077414205906,-0.05651848072191276
d14-s7,batch_grad,453,1812,1359,0.12051077414205906,0.1361070622862158
d14-s7,batch_grad,453,1963,1510,0.12051077414205906,0.19342408352402274
d14-s7,batch_grad,453,2114,1661,0.12051077414205906,-0.0507556055986285
d14-s7,batch_grad,453,2265,1812,0.12051077414205906,-0.030445462714641294
d14-s7,batch_grad,453,2416,1963,0.12051077414205906,-0.1736785466301708
d14-s7,batch_grad,453,2567,2114,0.12051077414205906,0.034908371515232205
d14-s7,batch_grad,453,2718,2265,0.12051077414205906,-0.08058881140131191
d14-s7,batch_grad,453,2869,2416,0.12051077414205906,0.21447746893047606
d14-s7,batch_grad,453,3020,2567,0.12051077414205906,-0.07381220657258813
d14-s7,batch_grad,453,3171,2718,0.12051077414205906,0.051170084430246544
d14-s7,batch_grad,453,3322,2869,0.12051077414205906,-0.13303561629048533
d14-s7,batch_grad,453,3473,3020,0.12051077414205906,0.07938193413206847
d14-s7,batch_grad,453,3624,3171,0.12051077414205906,0.09815570898260062
d14-s7,batch_grad,604,755,151,0.16068103218941207,0.4515608917053388
d14-s7,batch_grad,604,906,302,0.16068103218941207,-0.12041647717656609
d14-s7,batch_grad,604,1057,453,0.16068103218941207,-0.0031494956538001273
d14-s7,batch_grad,604,1208,604,0.16068103218941207,-0.17374087354252268
d14-s7,batch_grad,604,1359,755,0.16068103218941207,-0.30059139877306157
d14-s7,batch_grad,604,1510,906,0.16068103218941207,-0.034014958929866
d14-s7,batch_grad,604,1661,1057,0.16068103218941207,0.2330690683137874
d14-s7,batch_grad,604,1812,1208,0.16068103218941207,-0.11533988101688669
d14-s7,batch_grad,604,1963,1359,0.16068103218941207,-0.002935937699532531
d14-s7,batch_grad,604,2114,1510,0.16068103218941207,-0.06076536188552393
d14-s7,batch_grad,604,2265,1661,0.16068103218941207,-0.028202615811152867
d14-s7,batch_grad,604,2416,1812,0.16068103218941207,0.09677138569882077
d14-s7,batch_grad,604,2567,1963,0.16068103218941207,-0.07452823220370672
d14-s7,batch_grad,604,2718,2114,0.16068103218941207,0.014121323583968233
d14-s7,batch_grad,604,2869,2265,0.16068103218941207,-0.17783473530881605
d14-s7,batch_grad,604,3020,2416,0.16068103218941207,0.07682445373624626
d14-s7,batch_grad,604,3171,2567,0.16068103218941207,-0.03604380123602026
d14-s7,batch_grad,604,3322,2718,0.16068103218941207,0.10606115152827832
d14-s7,batch_grad,604,3473,2869,0.16068103218941207,-0.11457880470135486
d14-s7,batch_grad,604,3624,3020,0.16068103218941207,-0.10106441387400032
d14-s7,batch_grad,755,906,151,0.2008512902367651,0.3339156121141581
d14-s7,batch_grad,755,1057,302,0.2008512902367651,0.36321837306345955
d14-s7,batch_grad,755,1208,453,0.2008512902367651,0.1254738658089731
d14-s7,batch_grad,755,1359,604,0.2008512902367651,-0.3120319869439838
d14-s7,batch_grad,755,1510,755,0.2008512902367651,-0.17555458655216433
d14-s7,batch_grad,755,1661,906,0.2008512902367651,0.049886982403440056
d14-s7,batch_grad,755,1812,1057,0.2008512902367651,-0.17593993337323535
d14-s7,batch_grad,755,1963,1208,0.2008512902367651,-0.27913106284513334
d14-s7,batch_grad,755,2114,1359,0.2008512902367651,0.1903298917868213
d14-s7,batch_grad,755,2265,1510,0.2008512902367651,0.060206980863548906
d14-s7,batch_grad,755,2416,1661,0.2008512902367651,0.194760133855566
d14-s7,batch_grad,755,2567,1812,0.2008512902367651,0.05621698218045678
d14-s7,batch_grad,755,2718,1963,0.2008512902367651,0.1661383930503582
d14-s7,batch_grad,755,2869,2114,0.2008512902367651,-0.288961709282899
d14-s7,batch_grad,755,3020,2265,0.2008512902367651,0.04852887677148812
d14-s7,batch_grad,755,3171,2416,0.2008512902367651,-0.11325040866781691
d14-s7,batch_grad,755,3322,2567,0.2008512902367651,0.1874965422700155
d14-s7,batch_grad,755,3473,2718,0.2008512902367651,-0.12009810590131981
d14-s7,batch_grad,755,3624,2869,0.2008512902367651,-0.07818190404335713
d14-s7,batch_grad,906,1057,151,0.24102154828411812,0.6252765845180911
d14-s7,batch_grad,906,1208,302,0.24102154828411812,0.3364692688704876
d14-s7,batch_grad,906,1359,453,0.24102154828411812,-0.011363638108313114
d14-s7,batch_grad,906,1510,604,0.24102154828411812,-0.20484270595330487
d14-s7,batch_grad,906,1661,755,0.24102154828411812,-0.2528513281176507
d14-s7,batch_grad,906,1812,906,0.24102154828411812,0.08451299193608514
d14-s7,batch_grad,906,1963,1057,0.24102154828411812,-0.43498457140151003
d14-s7,batch_grad,906,2114,1208,0.24102154828411812,0.4715907529932234
d14-s7,batch_grad,906,2265,1359,0.24102154828411812,0.17600149380685096
d14-s7,batch_grad,906,2416,1510,0.24102154828411812,0.09631993309534041
d14-s7,batch_grad,906,2567,1661,0.24102154828411812,0.23399151633630155
d14-s7,batch_grad,906,2718,1812,0.24102154828411812,0.17046834912864248
d14-s7,batch_grad,906,2869,1963,0.24102154828411812,-0.11040397508690573
d14-s7,batch_grad,906,3020,2114,0.24102154828411812,-0.04909179766714958
d14-s7,batch_grad,906,3171,2265,0.24102154828411812,-0.04110561057402442
d14-s7,batch_grad,906,3322,2416,0.24102154828411812,0.08019110430956006
d14-s7,batch_grad,906,3473,2567,0.24102154828411812,0.039224587501184884
d14-s7,batch_grad,906,3624,2718,0.24102154828411812,0.12581799869054391
d14-s7,batch_grad,1057,1208,151,0.2811918063314711,0.36272873077385337
d14-s7,batch_grad,1057,1359,302,0.2811918063314711,-0.05313566685587412
d14-s7,batch_grad,1057,1510,453,0.2811918063314711,-0.2631101059397217
d14-s7,batch_grad,1057,1661,604,0.2811918063314711,-0.11272100322014078
d14-s7,batch_grad,1057,1812,755,0.2811918063314711,0.11376746773974775
d14-s7,batch_grad,1057,1963,906,0.2811918063314711,-0.49114892381211356
d14-s7,batch_grad,1057,2114,1057,0.2811918063314711,0.5985156851219985
d14-s7,batch_grad,1057,2265,1208,0.2811918063314711,0.11267232132910335
d14-s7,batch_grad,1057,2416,1359,0.2811918063314711,0.11770424533678162
d14-s7,batch_grad,1057,2567,1510,0.2811918063314711,0.18232132351410524
d14-s7,batch_grad,1057,2718,1661,0.2811918063314711,0.3763906149860675
d14-s7,batch_grad,1057,2869,1812,0.2811918063314711,-0.22088509448279134
d14-s7,batch_grad,1057,3020,1963,0.2811918063314711,-0.017927931951777668
d14-s7,batch_grad,1057,3171,2114,0.2811918063314711,-0.18415268836875975
d14-s7,batch_grad,1057,3322,2265,0.2811918063314711,0.11667914493170604
d14-s7,batch_grad,1057,3473,2416,0.2811918063314711,0.020981943453815096
d14-s7,batch_grad,1057,3624,2567,0.2811918063314711,0.06826475571787533
d14-s7,batch_grad,1208,1359,151,0.32136206437882414,0.3767063172942887
d14-s7,batch_grad,1208,1510,302,0.32136206437882414,-0.4293817020724306
d14-s7,batch_grad,1208,1661,453,0.32136206437882414,-0.4678212236048131
d14-s7,batch_grad,1208,1812,604,0.32136206437882414,-0.32923574624532126
d14-s7,batch_grad,1208,1963,755,0.32136206437882414,-0.4370898841473092
d14-s7,batch_grad,1208,2114,906,0.32136206437882414,0.42938388703994945
d14-s7,batch_grad,1208,2265,1057,0.32136206437882414,0.17544503432078626
d14-s7,batch_grad,1208,2416,1208,0.32136206437882414,0.11065882927161869
d14-s7,batch_grad,1208,2567,1359,0.32136206437882414,0.39870643126027344
d14-s7,batch_grad,1208,2718,1510,0.32136206437882414,0.14621420164871993
d14-s7,batch_grad,1208,2869,1661,0.32136206437882414,-0.05020749552725111
d14-s7,batch_grad,1208,3020,1812,0.32136206437882414,-0.043651524982056496
d14-s7,batch_grad,1208,3171,1963,0.32136206437882414,-0.2206166805131911
d14-s7,batch_grad,1208,3322,2114,0.32136206437882414,0.1655809825290887
d14-s7,batch_grad,1208,3473,2265,0.32136206437882414,0.07046933893536739
d14-s7,batch_grad,1208,3624,2416,0.32136206437882414,0.009860943604867245
d14-s7,batch_grad,1359,1510,151,0.36153232242617717,-0.40075290825362475
d14-s7,batch_grad,1359,1661,302,0.36153232242617717,-0.46844281023055756
d14-s7,batch_grad,1359,1812,453,0.36153232242617717,-0.22825784275486474
d14-s7,batch_grad,1359,1963,604,0.36153232242617717,-0.11427227284491188
d14-s7,batch_grad,1359,2114,755,0.36153232242617717,-0.07584371555470092
d14-s7,batch_grad,1359,2265,906,0.36153232242617717,-0.2575766844373207
d14-s7,batch_grad,1359,2416,1057,0.36153232242617717,-0.218577823643157
d14-s7,batch_grad,1359,2567,1208,0.36153232242617717,0.22327722964096802
d14-s7,batch_grad,1359,2718,1359,0.36153232242617717,-0.08026231524701634
d14-s7,batch_grad,1359,2869,1510,0.36153232242617717,0.38671364768053484
d14-s7,batch_grad,1359,3020,1661,0.36153232242617717,-0.30626216587221006
d14-s7,batch_grad,1359,3171,1812,0.36153232242617717,-0.13899043095266597
d14-s7,batch_grad,1359,3322,1963,0.36153232242617717,-0.02160904703287039
d14-s7,batch_grad,1359,3473,2114,0.36153232242617717,0.023996418159626942
d14-s7,batch_grad,1359,3624,2265,0.36153232242617717,0.013352942113548788
d14-s7,batch_grad,1510,1661,151,0.4017025804735302,0.3145373309941461
d14-s7,batch_grad,1510,1812,302,0.4017025804735302,0.3388803280539794
d14-s7,batch_grad,1510,1963,453,0.4017025804735302,0.38009273085781076
d14-s7,batch_grad,1510,2114,604,0.4017025804735302,-0.16708149564820113
d14-s7,batch_grad,1510,2265,755,0.4017025804735302,0.1667020979680351
d14-s7,batch_grad,1510,2416,906,0.4017025804735302,0.19259761786816848
d14-s7,batch_grad,1510,2567,1057,0.4017025804735302,-0.49982532251759204
d14-s7,batch_grad,1510,2718,1208,0.4017025804735302,0.07637248150839206
d14-s7,batch_grad,1510,2869,1359,0.4017025804735302,-0.10354405320727893
d14-s7,batch_grad,1510,3020,1510,0.4017025804735302,0.20658024045381873
d14-s7,batch_grad,1510,3171,1661,0.4017025804735302,0.2613588544755244
d14-s7,batch_grad,1510,3322,1812,0.4017025804735302,-0.2194043353580766
d14-s7,batch_grad,1510,3473,1963,0.4017025804735302,0.0873379323862958
d14-s7,batch_grad,1510,3624,2114,0.4017025804735302,-0.06718624554848386
d14-s7,batch_grad,1661,1812,151,0.4418728385208832,0.24328163555057508
d14-s7,batch_grad,1661,1963,302,0.4418728385208832,0.39550155858649905
d14-s7,batch_grad,1661,2114,453,0.4418728385208832,-0.29087449729034554
d14-s7,batch_grad,1661,2265,604,0.4418728385208832,-0.15397166686719793
d14-s7,batch_grad,1661,2416,755,0.4418728385208832,-0.06811987030500946
d14-s7,batch_grad,1661,2567,906,0.4418728385208832,-0.3290107019939599
d14-s7,batch_grad,1661,2718,1057,0.4418728385208832,-0.074328713564836
d14-s7,batch_grad,1661,2869,1208,0.4418728385208832,-0.10090665729880231
d14-s7,batch_grad,1661,3020,1359,0.4418728385208832,0.2443143951028541
d14-s7,batch_grad,1661,3171,1510,0.4418728385208832,0.026370122915238794
d14-s7,batch_grad,1661,3322,1661,0.4418728385208832,-0.13266743303761078
d14-s7,batch_grad,1661,3473,1812,0.4418728385208832,0.00413983870204324
d14-s7,batch_grad,1661,3624,1963,0.4418728385208832,-0.10006098080909709
d14-s7,batch_grad,1812,1963,151,0.48204309656823624,0.1762226663477033
d14-s7,batch_grad,1812,2114,302,0.48204309656823624,-0.09578649465914588
d14-s7,batch_grad,1812,2265,453,0.48204309656823624,-0.05599215244061322
d14-s7,batch_grad,1812,2416,604,0.48204309656823624,-0.23554940814798378
d14-s7,batch_grad,1812,2567,755,0.48204309656823624,-0.45080189912153296
d14-s7,batch_grad,1812,2718,906,0.48204309656823624,0.03164775514054231
d14-s7,batch_grad,1812,2869,1057,0.48204309656823624,-0.09464511687796123
d14-s7,batch_grad,1812,3020,1208,0.48204309656823624,-0.1038804479739567
d14-s7,batch_grad,1812,3171,1359,0.48204309656823624,0.27407373729103646
d14-s7,batch_grad,1812,3322,1510,0.48204309656823624,-0.2228699989315552
d14-s7,batch_grad,1812,3473,1661,0.48204309656823624,0.16102894282897462
d14-s7,batch_grad,1812,3624,1812,0.48204309656823624,0.1084379618790743
d14-s7,batch_grad,1963,2114,151,0.5222133546155893,-0.5992138009914557
d14-s7,batch_grad,1963,2265,302,0.5222133546155893,-0.2772405365902757
d14-s7,batch_grad,1963,2416,453,0.5222133546155893,-0.30374125057587936
d14-s7,batch_grad,1963,2567,604,0.5222133546155893,-0.29181237036394575
d14-s7,batch_grad,1963,2718,755,0.5222133546155893,-0.35493353492629987
d14-s7,batch_grad,1963,2869,906,0.5222133546155893,0.20637143597884572
d14-s7,batch_grad,1963,3020,1057,0.5222133546155893,-0.019913855482078947
d14-s7,batch_grad,1963,3171,1208,0.5222133546155893,0.20483756371442383
d14-s7,batch_grad,1963,3322,1359,0.5222133546155893,-0.23187618643011984
d14-s7,batch_grad,1963,3473,1510,0.5222133546155893,-0.032372191246836365
d14-s7,batch_grad,1963,3624,1661,0.5222133546155893,-0.10551962811626646
d14-s7,batch_grad,2114,2265,151,0.5623836126629422,0.5070332149849684
d14-s7,batch_grad,2114,2416,302,0.5623836126629422,0.41547482343015113
d14-s7,batch_grad,2114,2567,453,0.5623836126629422,0.3355063367679289
d14-s7,batch_grad,2114,2718,604,0.5623836126629422,0.4987847093093753
d14-s7,batch_grad,2114,2869,755,0.5623836126629422,-0.2923986731367931
d14-s7,batch_grad,2114,3020,906,0.5623836126629422,0.11185420097313119
d14-s7,batch_grad,2114,3171,1057,0.5623836126629422,-0.17584596482163323
d14-s7,batch_grad,2114,3322,1208,0.5623836126629422,0.10728421764396749
d14-s7,batch_grad,2114,3473,1359,0.5623836126629422,-0.0062591773337852055
d14-s7,batch_grad,2114,3624,1510,0.5623836126629422,0.06671965813382204
d14-s7,batch_grad,2265,2416,151,0.6025538707102953,0.3914533578245735
d14-s7,batch_grad,2265,2567,302,0.6025538707102953,0.08060246655416928
d14-s7,batch_grad,2265,2718,453,0.6025538707102953,0.30926202941646475
d14-s7,batch_grad,2265,2869,604,0.6025538707102953,-0.41936896070141705
d14-s7,batch_grad,2265,3020,755,0.6025538707102953,0.2923699908326074
d14-s7,batch_grad,2265,3171,906,0.6025538707102953,0.12673328330107936
d14-s7,batch_grad,2265,3322,1057,0.6025538707102953,0.049303365579093796
d14-s7,batch_grad,2265,3473,1208,0.6025538707102953,0.03852373160662963
d14-s7,batch_grad,2265,3624,1359,0.6025538707102953,-0.1300223650694568
d14-s7,batch_grad,2416,2567,151,0.6427241287576483,0.12246998540728164
d14-s7,batch_grad,2416,2718,302,0.6427241287576483,0.30715379041875
d14-s7,batch_grad,2416,2869,453,0.6427241287576483,-0.18282146722031767
d14-s7,batch_grad,2416,3020,604,0.6427241287576483,0.22024988644460866
d14-s7,batch_grad,2416,3171,755,0.6427241287576483,-0.029607522323581544
d14-s7,batch_grad,2416,3322,906,0.6427241287576483,0.09261489969188348
d14-s7,batch_grad,2416,3473,1057,0.6427241287576483,-0.056980238911271824
d14-s7,batch_grad,2416,3624,1208,0.6427241287576483,-0.0386643436817059
d14-s7,batch_grad,2567,2718,151,0.6828943868050014,-0.02384627814593801
d14-s7,batch_grad,2567,2869,302,0.6828943868050014,0.21728622396974065
d14-s7,batch_grad,2567,3020,453,0.6828943868050014,-0.0872842183705655
d14-s7,batch_grad,2567,3171,604,0.6828943868050014,-0.30055953769314087
d14-s7,batch_grad,2567,3322,755,0.6828943868050014,0.26617693029565775
d14-s7,batch_grad,2567,3473,906,0.6828943868050014,-0.12709414603966107
d14-s7,batch_grad,2567,3624,1057,0.6828943868050014,0.0933596265093452
d14-s7,batch_grad,2718,2869,151,0.7230646448523543,-0.27002210084165373
d14-s7,batch_grad,2718,3020,302,0.7230646448523543,0.012618588735413416
d14-s7,batch_grad,2718,3171,453,0.7230646448523543,-0.1285227903063002
d14-s7,batch_grad,2718,3322,604,0.7230646448523543,-0.06331256156872173
d14-s7,batch_grad,2718,3473,755,0.7230646448523543,-0.004815637107300748
d14-s7,batch_grad,2718,3624,906,0.7230646448523543,0.001921820126927783
d14-s7,batch_grad,2869,3020,151,0.7632349028997074,-0.24120640466168242
d14-s7,batch_grad,2869,3171,302,0.7632349028997074,-0.039766256784345526
d14-s7,batch_grad,2869,3322,453,0.7632349028997074,-0.039436826002756026
d14-s7,batch_grad,2869,3473,604,0.7632349028997074,-0.001704397070044002
d14-s7,batch_grad,2869,3624,755,0.7632349028997074,0.18189663708043666
d14-s7,batch_grad,3020,3171,151,0.8034051609470604,-0.06437526711097849
d14-s7,batch_grad,3020,3322,302,0.8034051609470604,0.05175514996377461
d14-s7,batch_grad,3020,3473,453,0.8034051609470604,0.0797043572284728
d14-s7,batch_grad,3020,3624,604,0.8034051609470604,-0.1404936229815586
d14-s7,batch_grad,3171,3322,151,0.8435754189944135,-0.1176111199339198
d14-s7,batch_grad,3171,3473,302,0.8435754189944135,0.10286335224258467
d14-s7,batch_grad,3171,3624,453,0.8435754189944135,-0.01568473933537453
d14-s7,batch_grad,3322,3473,151,0.8837456770417664,-0.09930271930733235
d14-s7,batch_grad,3322,3624,302,0.8837456770417664,-0.04915292096182264
d14-s7,batch_grad,3473,3624,151,0.9239159350891194,-0.0031191943673780607
d14-s7,probe_grad,0,1,1,0.0,1.0136625791121119
d14-s7,probe_grad,0,2,2,0.0,1.0113510268149066
d14-s7,probe_grad,0,4,4,0.0,0.9782437075773666
d14-s7,probe_grad,0,8,8,0.0,0.32117180417733715
d14-s7,probe_grad,0,16,16,0.0,0.665501989875536
d14-s7,probe_grad,0,32,32,0.0,0.5636689562551459
d14-s7,probe_grad,0,40,40,0.0,0.5032257939951191
d14-s7,probe_grad,0,64,64,0.0,0.34540392809701354
d14-s7,probe_grad,0,128,128,0.0,0.10618232518767809
d14-s7,probe_grad,0,188,188,0.0,0.07562659811205986
d14-s7,probe_grad,0,376,376,0.0,0.04872155409787083
d14-s7,probe_grad,0,400,400,0.0,0.04269235766086339
d14-s7,probe_grad,0,564,564,0.0,0.04192641464892435
d14-s7,probe_grad,0,752,752,0.0,0.03599813092739466
d14-s7,probe_grad,0,940,940,0.0,0.031175251869078303
d14-s7,probe_grad,0,1127,1127,0.0,0.023157954414349764
d14-s7,probe_grad,0,1315,1315,0.0,0.0172688600952461
d14-s7,probe_grad,0,1316,1316,0.0,0.017720841996372305
d14-s7,probe_grad,0,1503,1503,0.0,0.014240388677723577
d14-s7,probe_grad,0,1691,1691,0.0,0.011896227845291579
d14-s7,probe_grad,0,1879,1879,0.0,0.010947972695531301
d14-s7,probe_grad,0,2067,2067,0.0,0.010775263263245996
d14-s7,probe_grad,0,2255,2255,0.0,0.010210508213627343
d14-s7,probe_grad,0,2443,2443,0.0,0.008644580642203564
d14-s7,probe_grad,0,2631,2631,0.0,0.010059908386534285
d14-s7,probe_grad,0,2819,2819,0.0,0.008751271990856848
d14-s7,probe_grad,0,3006,3006,0.0,0.009392983507667645
d14-s7,probe_grad,0,3194,3194,0.0,0.010910331611969408
d14-s7,probe_grad,0,3382,3382,0.0,0.010446033028890026
d14-s7,probe_grad,0,3570,3570,0.0,0.010744932734739695
d14-s7,probe_grad,0,3758,3758,0.0,0.010981754600908727
d14-s7,probe_grad,1,2,1,0.00026602819898909286,1.0124849004692786
d14-s7,probe_grad,1,4,3,0.00026602819898909286,0.9827698485510806
d14-s7,probe_grad,1,8,7,0.00026602819898909286,0.3211522512476514
d14-s7,probe_grad,1,16,15,0.00026602819898909286,0.6699914731313574
d14-s7,probe_grad,1,32,31,0.00026602819898909286,0.5662019148963461
d14-s7,probe_grad,1,40,39,0.00026602819898909286,0.5057690360239674
d14-s7,probe_grad,1,64,63,0.00026602819898909286,0.3470051505109211
d14-s7,probe_grad,1,128,127,0.00026602819898909286,0.10637792635529565
d14-s7,probe_grad,1,188,187,0.00026602819898909286,0.07592719112745454
d14-s7,probe_grad,1,376,375,0.00026602819898909286,0.04912809040380739
d14-s7,probe_grad,1,400,399,0.00026602819898909286,0.04265163500199562
d14-s7,probe_grad,1,564,563,0.00026602819898909286,0.04187074416801911
d14-s7,probe_grad,1,752,751,0.00026602819898909286,0.035950157715079596
d14-s7,probe_grad,1,940,939,0.00026602819898909286,0.031137322507094552
d14-s7,probe_grad,1,1127,1126,0.00026602819898909286,0.023275639469181163
d14-s7,probe_grad,1,1315,1314,0.00026602819898909286,0.017260665912120374
d14-s7,probe_grad,1,1316,1315,0.00026602819898909286,0.01771138793086436
d14-s7,probe_grad,1,1503,1502,0.00026602819898909286,0.014223942174705939
d14-s7,probe_grad,1,1691,1690,0.00026602819898909286,0.011860173986279202
d14-s7,probe_grad,1,1879,1878,0.00026602819898909286,0.010953314420751845
d14-s7,probe_grad,1,2067,2066,0.00026602819898909286,0.010805095288700389
d14-s7,probe_grad,1,2255,2254,0.00026602819898909286,0.010199765338751615
d14-s7,probe_grad,1,2443,2442,0.00026602819898909286,0.008688515435367705
d14-s7,probe_grad,1,2631,2630,0.00026602819898909286,0.010093316376489319
d14-s7,probe_grad,1,2819,2818,0.00026602819898909286,0.008766071754816768
d14-s7,probe_grad,1,3006,3005,0.00026602819898909286,0.009441778481106009
d14-s7,probe_grad,1,3194,3193,0.00026602819898909286,0.01097673861113857
d14-s7,probe_grad,1,3382,3381,0.00026602819898909286,0.010511948015574134
d14-s7,probe_grad,1,3570,3569,0.00026602819898909286,0.010777833488327329
d14-s7,probe_grad,1,3758,3757,0.00026602819898909286,0.011011884825924991
d14-s7,probe_grad,2,4,2,0.0005320563979781857,0.9913807312976187
d14-s7,probe_grad,2,8,6,0.0005320563979781857,0.32594326245336175
d14-s7,probe_grad,2,16,14,0.0005320563979781857,0.6806234295247654
d14-s7,probe_grad,2,32,30,0.0005320563979781857,0.5725859619147026
d14-s7,probe_grad,2,40,38,0.0005320563979781857,0.5121675213998513
d14-s7,probe_grad,2,64,62,0.0005320563979781857,0.3514519605097694
d14-s7,probe_grad,2,128,126,0.0005320563979781857,0.10686347338487474
d14-s7,probe_grad,2,188,186,0.0005320563979781857,0.07689292831712555
d14-s7,probe_grad,2,376,374,0.0005320563979781857,0.05026389371233149
d14-s7,probe_grad,2,400,398,0.0005320563979781857,0.0429256217884704
d14-s7,probe_grad,2,564,562,0.0005320563979781857,0.04209201308545442
d14-s7,probe_grad,2,752,750,0.0005320563979781857,0.03614458445396419
d14-s7,probe_grad,2,940,938,0.0005320563979781857,0.031346828539568106
d14-s7,probe_grad,2,1127,1125,0.0005320563979781857,0.023754061425056587
d14-s7,probe_grad,2,1315,1313,0.0005320563979781857,0.01748318814038454
d14-s7,probe_grad,2,1316,1314,0.0005320563979781857,0.0179219607539702
d14-s7,probe_grad,2,1503,1501,0.0005320563979781857,0.014327027218618211
d14-s7,probe_grad,2,1691,1689,0.0005320563979781857,0.011936638899925718
d14-s7,probe_grad,2,1879,1877,0.0005320563979781857,0.011082340513195559
d14-s7,probe_grad,2,2067,2065,0.0005320563979781857,0.01097979055578214
d14-s7,probe_grad,2,2255,2253,0.0005320563979781857,0.01030780051431582
d14-s7,probe_grad,2,2443,2441,0.0005320563979781857,0.008874344928726192
d14-s7,probe_grad,2,2631,2629,0.0005320563979781857,0.01026289346587463
d14-s7,probe_grad,2,2819,2817,0.0005320563979781857,0.008911950026582053
d14-s7,probe_grad,2,3006,3004,0.0005320563979781857,0.009668640018823914
d14-s7,probe_grad,2,3194,3192,0.0005320563979781857,0.011218531236816723
d14-s7,probe_grad,2,3382,3380,0.0005320563979781857,0.010738731111535185
d14-s7,probe_grad,2,3570,3568,0.0005320563979781857,0.010972904678046732
d14-s7,probe_grad,2,3758,3756,0.0005320563979781857,0.01118829100063921
d14-s7,probe_grad,4,8,4,0.0010641127959563714,0.3551440602255418
d14-s7,probe_grad,4,16,12,0.0010641127959563714,0.7211292232199894
d14-s7,probe_grad,4,32,28,0.0010641127959563714,0.5927034386566035
d14-s7,probe_grad,4,40,36,0.0010641127959563714,0.5348594770011386
d14-s7,probe_grad,4,64,60,0.0010641127959563714,0.36474871782470003
d14-s7,probe_grad,4,128,124,0.0010641127959563714,0.10556829648073934
d14-s7,probe_grad,4,188,184,0.0010641127959563714,0.07925653433779313
d14-s7,probe_grad,4,376,372,0.0010641127959563714,0.054858880991966716
d14-s7,probe_grad,4,400,396,0.0010641127959563714,0.04293840872316733
d14-s7,probe_grad,4,564,560,0.0010641127959563714,0.042104437747651775
d14-s7,probe_grad,4,752,748,0.0010641127959563714,0.03657539974432413
d14-s7,probe_grad,4,940,936,0.0010641127959563714,0.03216079166945268
d14-s7,probe_grad,4,1127,1123,0.0010641127959563714,0.026047944010118902
d14-s7,probe_grad,4,1315,1311,0.0010641127959563714,0.018189566938624894
d14-s7,probe_grad,4,1316,1312,0.0010641127959563714,0.018904001461113276
d14-s7,probe_grad,4,1503,1499,0.0010641127959563714,0.014633110845609277
d14-s7,probe_grad,4,1691,1687,0.0010641127959563714,0.012075895336239328
d14-s7,probe_grad,4,1879,1875,0.0010641127959563714,0.011405279594698378
d14-s7,probe_grad,4,2067,2063,0.0010641127959563714,0.011586108744736008
d14-s7,probe_grad,4,2255,2251,0.0010641127959563714,0.010543043002976997
d14-s7,probe_grad,4,2443,2439,0.0010641127959563714,0.009431556295703013
d14-s7,probe_grad,4,2631,2627,0.0010641127959563714,0.01083628026004369
d14-s7,probe_grad,4,2819,2815,0.0010641127959563714,0.009396255731527879
d14-s7,probe_grad,4,3006,3002,0.0010641127959563714,0.010516621922645556
d14-s7,probe_grad,4,3194,3190,0.0010641127959563714,0.012153198686462113
d14-s7,probe_grad,4,3382,3378,0.0010641127959563714,0.011624752137746004
d14-s7,probe_grad,4,3570,3566,0.0010641127959563714,0.011668881109127699
d14-s7,probe_grad,4,3758,3754,0.0010641127959563714,0.011761689304298802
d14-s7,probe_grad,8,16,8,0.002128225591912743,0.31680611230475386
d14-s7,probe_grad,8,32,24,0.002128225591912743,0.34994328727758756
d14-s7,probe_grad,8,40,32,0.002128225591912743,0.3404584497389958
d14-s7,probe_grad,8,64,56,0.002128225591912743,0.2400151225561808
d14-s7,probe_grad,8,128,120,0.002128225591912743,0.0740333739910854
d14-s7,probe_grad,8,188,180,0.002128225591912743,0.08228281495909776
d14-s7,probe_grad,8,376,368,0.002128225591912743,0.04213993177797858
d14-s7,probe_grad,8,400,392,0.002128225591912743,0.03798904819820541
d14-s7,probe_grad,8,564,556,0.002128225591912743,0.03543076033439738
d14-s7,probe_grad,8,752,744,0.002128225591912743,0.01215943455335001
d14-s7,probe_grad,8,940,932,0.002128225591912743,0.004235797290327062
d14-s7,probe_grad,8,1127,1119,0.002128225591912743,0.0073166975038977495
d14-s7,probe_grad,8,1315,1307,0.002128225591912743,0.0008641811205682889
d14-s7,probe_grad,8,1316,1308,0.002128225591912743,0.000736755323064674
d14-s7,probe_grad,8,1503,1495,0.002128225591912743,0.003228087736212185
d14-s7,probe_grad,8,1691,1683,0.002128225591912743,-0.004873572011579223
d14-s7,probe_grad,8,1879,1871,0.002128225591912743,0.0006152909726942792
d14-s7,probe_grad,8,2067,2059,0.002128225591912743,-0.000845538499987756
d14-s7,probe_grad,8,2255,2247,0.002128225591912743,0.001018947519065887
d14-s7,probe_grad,8,2443,2435,0.002128225591912743,0.003980822291859084
d14-s7,probe_grad,8,2631,2623,0.002128225591912743,0.00419346553835239
d14-s7,probe_grad,8,2819,2811,0.002128225591912743,0.004472956525669657
d14-s7,probe_grad,8,3006,2998,0.002128225591912743,0.004847735147351982
d14-s7,probe_grad,8,3194,3186,0.002128225591912743,0.004792880615157553
d14-s7,probe_grad,8,3382,3374,0.002128225591912743,0.006145872357873544
d14-s7,probe_grad,8,3570,3562,0.002128225591912743,0.00880992553404194
d14-s7,probe_grad,8,3758,3750,0.002128225591912743,0.006748563195111109
d14-s7,probe_grad,16,32,16,0.004256451183825486,0.7729591975687204
d14-s7,probe_grad,16,40,24,0.004256451183825486,0.6966443752324167
d14-s7,probe_grad,16,64,48,0.004256451183825486,0.5023347776585856
d14-s7,probe_grad,16,128,112,0.004256451183825486,0.16989726094304758
d14-s7,probe_grad,16,188,172,0.004256451183825486,0.10818365962856044
d14-s7,probe_grad,16,376,360,0.004256451183825486,0.07514340118071355
d14-s7,probe_grad,16,400,384,0.004256451183825486,0.06235178444870038
d14-s7,probe_grad,16,564,548,0.004256451183825486,0.059975911661026476
d14-s7,probe_grad,16,752,736,0.004256451183825486,0.05486870900566036
d14-s7,probe_grad,16,940,924,0.004256451183825486,0.053524370236442846
d14-s7,probe_grad,16,1127,1111,0.004256451183825486,0.03995274227796844
d14-s7,probe_grad,16,1315,1299,0.004256451183825486,0.029664831511342398
d14-s7,probe_grad,16,1316,1300,0.004256451183825486,0.031410598654716355
d14-s7,probe_grad,16,1503,1487,0.004256451183825486,0.025144788289195013
d14-s7,probe_grad,16,1691,1675,0.004256451183825486,0.02127134169730757
d14-s7,probe_grad,16,1879,1863,0.004256451183825486,0.018196736301892103
d14-s7,probe_grad,16,2067,2051,0.004256451183825486,0.018595462334661018
d14-s7,probe_grad,16,2255,2239,0.004256451183825486,0.01667084466134206
d14-s7,probe_grad,16,2443,2427,0.004256451183825486,0.015930700465122485
d14-s7,probe_grad,16,2631,2615,0.004256451183825486,0.01642193303693544
d14-s7,probe_grad,16,2819,2803,0.004256451183825486,0.015397209164042035
d14-s7,probe_grad,16,3006,2990,0.004256451183825486,0.01625662436925684
d14-s7,probe_grad,16,3194,3178,0.004256451183825486,0.017840337955463022
d14-s7,probe_grad,16,3382,3366,0.004256451183825486,0.017737509409712138
d14-s7,probe_grad,16,3570,3554,0.004256451183825486,0.016820044337350532
d14-s7,probe_grad,16,3758,3742,0.004256451183825486,0.01719675607644051
d14-s7,probe_grad,32,40,8,0.008512902367650971,0.9292004977587669
d14-s7,probe_grad,32,64,32,0.008512902367650971,0.667011818247507
d14-s7,probe_grad,32,128,96,0.008512902367650971,0.22404930652524968
d14-s7,probe_grad,32,188,156,0.008512902367650971,0.13767923845721675
d14-s7,probe_grad,32,376,344,0.008512902367650971,0.08711390296953647
d14-s7,probe_grad,32,400,368,0.008512902367650971,0.07682932824260037
d14-s7,probe_grad,32,564,532,0.008512902367650971,0.07272677720289557
d14-s7,probe_grad,32,752,720,0.008512902367650971,0.06403287342812645
d14-s7,probe_grad,32,940,908,0.008512902367650971,0.05988274822049147
d14-s7,probe_grad,32,1127,1095,0.008512902367650971,0.044799813714631084
d14-s7,probe_grad,32,1315,1283,0.008512902367650971,0.0320250724786788
d14-s7,probe_grad,32,1316,1284,0.008512902367650971,0.034235497541046475
d14-s7,probe_grad,32,1503,1471,0.008512902367650971,0.029832271010230695
d14-s7,probe_grad,32,1691,1659,0.008512902367650971,0.02512644520549587
d14-s7,probe_grad,32,1879,1847,0.008512902367650971,0.02276549057699179
d14-s7,probe_grad,32,2067,2035,0.008512902367650971,0.02126374860640489
d14-s7,probe_grad,32,2255,2223,0.008512902367650971,0.01958570723474096
d14-s7,probe_grad,32,2443,2411,0.008512902367650971,0.01780542262769162
d14-s7,probe_grad,32,2631,2599,0.008512902367650971,0.019295074718193663
d14-s7,probe_grad,32,2819,2787,0.008512902367650971,0.018334368040648304
d14-s7,probe_grad,32,3006,2974,0.008512902367650971,0.019135031637366812
d14-s7,probe_grad,32,3194,3162,0.008512902367650971,0.020219363638175385
d14-s7,probe_grad,32,3382,3350,0.008512902367650971,0.020853683318740854
d14-s7,probe_grad,32,3570,3538,0.008512902367650971,0.01979346421303029
d14-s7,probe_grad,32,3758,3726,0.008512902367650971,0.020130105116515615
d14-s7,probe_grad,40,64,24,0.010641127959563713,0.7400378464268791
d14-s7,probe_grad,40,128,88,0.010641127959563713,0.24370257629724992
d14-s7,probe_grad,40,188,148,0.010641127959563713,0.15277951090654626
d14-s7,probe_grad,40,376,336,0.010641127959563713,0.09477991127252904
d14-s7,probe_grad,40,400,360,0.010641127959563713,0.08380238986025534
d14-s7,probe_grad,40,564,524,0.010641127959563713,0.0782731170899796
d14-s7,probe_grad,40,752,712,0.010641127959563713,0.07027377014604194
d14-s7,probe_grad,40,940,900,0.010641127959563713,0.06405956467317285
d14-s7,probe_grad,40,1127,1087,0.010641127959563713,0.04714081973027265
d14-s7,probe_grad,40,1315,1275,0.010641127959563713,0.03392402233788506
d14-s7,probe_grad,40,1316,1276,0.010641127959563713,0.0350693930518768
d14-s7,probe_grad,40,1503,1463,0.010641127959563713,0.030468898218145943
d14-s7,probe_grad,40,1691,1651,0.010641127959563713,0.025867311398761177
d14-s7,probe_grad,40,1879,1839,0.010641127959563713,0.023409413316825185
d14-s7,probe_grad,40,2067,2027,0.010641127959563713,0.021757065817968747
d14-s7,probe_grad,40,2255,2215,0.010641127959563713,0.01964203891964592
d14-s7,probe_grad,40,2443,2403,0.010641127959563713,0.018095367935266757
d14-s7,probe_grad,40,2631,2591,0.010641127959563713,0.019338836106033593
d14-s7,probe_grad,40,2819,2779,0.010641127959563713,0.018079501284868855
d14-s7,probe_grad,40,3006,2966,0.010641127959563713,0.019389765162296874
d14-s7,probe_grad,40,3194,3154,0.010641127959563713,0.020678362504202505
d14-s7,probe_grad,40,3382,3342,0.010641127959563713,0.020958891326005008
d14-s7,probe_grad,40,3570,3530,0.010641127959563713,0.019694775303331462
d14-s7,probe_grad,40,3758,3718,0.010641127959563713,0.019956106982057964
d14-s7,probe_grad,64,128,64,0.017025804735301943,0.3350169059124023
d14-s7,probe_grad,64,188,124,0.017025804735301943,0.21399760737545434
d14-s7,probe_grad,64,376,312,0.017025804735301943,0.12751541785229076
d14-s7,probe_grad,64,400,336,0.017025804735301943,0.11212486560967641
d14-s7,probe_grad,64,564,500,0.017025804735301943,0.10635812934050946
d14-s7,probe_grad,64,752,688,0.017025804735301943,0.08688368078787417
d14-s7,probe_grad,64,940,876,0.017025804735301943,0.07373011024520866
d14-s7,probe_grad,64,1127,1063,0.017025804735301943,0.05565924094558051
d14-s7,probe_grad,64,1315,1251,0.017025804735301943,0.040686355233038825
d14-s7,probe_grad,64,1316,1252,0.017025804735301943,0.04216813646886642
d14-s7,probe_grad,64,1503,1439,0.017025804735301943,0.03617757825547257
d14-s7,probe_grad,64,1691,1627,0.017025804735301943,0.02995721398609764
d14-s7,probe_grad,64,1879,1815,0.017025804735301943,0.028122314159002147
d14-s7,probe_grad,64,2067,2003,0.017025804735301943,0.026218328959786506
d14-s7,probe_grad,64,2255,2191,0.017025804735301943,0.024025263197638556
d14-s7,probe_grad,64,2443,2379,0.017025804735301943,0.024370855396153062
d14-s7,probe_grad,64,2631,2567,0.017025804735301943,0.025514302738071863
d14-s7,probe_grad,64,2819,2755,0.017025804735301943,0.0236393182335158
d14-s7,probe_grad,64,3006,2942,0.017025804735301943,0.024465276745102987
d14-s7,probe_grad,64,3194,3130,0.017025804735301943,0.02588647986513629
d14-s7,probe_grad,64,3382,3318,0.017025804735301943,0.026945581335047448
d14-s7,probe_grad,64,3570,3506,0.017025804735301943,0.026724849729718773
d14-s7,probe_grad,64,3758,3694,0.017025804735301943,0.026701947038401876
d14-s7,probe_grad,128,188,60,0.034051609470603886,0.45855192959975866
d14-s7,probe_grad,128,376,248,0.034051609470603886,0.21061769285309706
d14-s7,probe_grad,128,400,272,0.034051609470603886,0.22831496195691595
d14-s7,probe_grad,128,564,436,0.034051609470603886,0.19474941313644212
d14-s7,probe_grad,128,752,624,0.034051609470603886,0.12559039014003953
d14-s7,probe_grad,128,940,812,0.034051609470603886,0.10340929468880018
d14-s7,probe_grad,128,1127,999,0.034051609470603886,0.08130697847743508
d14-s7,probe_grad,128,1315,1187,0.034051609470603886,0.07487010451998331
d14-s7,probe_grad,128,1316,1188,0.034051609470603886,0.07522333129449252
d14-s7,probe_grad,128,1503,1375,0.034051609470603886,0.06210067253442505
d14-s7,probe_grad,128,1691,1563,0.034051609470603886,0.04684638482434994
d14-s7,probe_grad,128,1879,1751,0.034051609470603886,0.044516290274746406
d14-s7,probe_grad,128,2067,1939,0.034051609470603886,0.03761422753683115
d14-s7,probe_grad,128,2255,2127,0.034051609470603886,0.03976544748788093
d14-s7,probe_grad,128,2443,2315,0.034051609470603886,0.04693085453233185
d14-s7,probe_grad,128,2631,2503,0.034051609470603886,0.04237163507175215
d14-s7,probe_grad,128,2819,2691,0.034051609470603886,0.04499584981792282
d14-s7,probe_grad,128,3006,2878,0.034051609470603886,0.042358193872552206
d14-s7,probe_grad,128,3194,3066,0.034051609470603886,0.04288981497008549
d14-s7,probe_grad,128,3382,3254,0.034051609470603886,0.046940483044967736
d14-s7,probe_grad,128,3570,3442,0.034051609470603886,0.050568633172398444
d14-s7,probe_grad,128,3758,3630,0.034051609470603886,0.049165531266707176
d14-s7,probe_grad,188,376,188,0.05001330140994945,0.37918876636891463
d14-s7,probe_grad,188,400,212,0.05001330140994945,0.3608259864584109
d14-s7,probe_grad,188,564,376,0.05001330140994945,0.2968975166735585
d14-s7,probe_grad,188,752,564,0.05001330140994945,0.21547261751352112
d14-s7,probe_grad,188,940,752,0.05001330140994945,0.17586151518300835
d14-s7,probe_grad,188,1127,939,0.05001330140994945,0.1538344334886874
d14-s7,probe_grad,188,1315,1127,0.05001330140994945,0.13770700480851514
d14-s7,probe_grad,188,1316,1128,0.05001330140994945,0.12985822127584812
d14-s7,probe_grad,188,1503,1315,0.05001330140994945,0.10234058836773968
d14-s7,probe_grad,188,1691,1503,0.05001330140994945,0.08261525807723662
d14-s7,probe_grad,188,1879,1691,0.05001330140994945,0.08180337577076713
d14-s7,probe_grad,188,2067,1879,0.05001330140994945,0.06865931908570522
d14-s7,probe_grad,188,2255,2067,0.05001330140994945,0.07159532587882692
d14-s7,probe_grad,188,2443,2255,0.05001330140994945,0.08342684254197347
d14-s7,probe_grad,188,2631,2443,0.05001330140994945,0.07580654611685958
d14-s7,probe_grad,188,2819,2631,0.05001330140994945,0.0769217937655458
d14-s7,probe_grad,188,3006,2818,0.05001330140994945,0.07692772291964221
d14-s7,probe_grad,188,3194,3006,0.05001330140994945,0.0775449094205318
d14-s7,probe_grad,188,3382,3194,0.05001330140994945,0.08031740728301037
d14-s7,probe_grad,188,3570,3382,0.05001330140994945,0.08689191285853246
d14-s7,probe_grad,188,3758,3570,0.05001330140994945,0.08453900227187545
d14-s7,probe_grad,376,400,24,0.1000266028198989,0.7082357406660177
d14-s7,probe_grad,376,564,188,0.1000266028198989,0.49707097069342643
d14-s7,probe_grad,376,752,376,0.1000266028198989,0.44087870371539073
d14-s7,probe_grad,376,940,564,0.1000266028198989,0.36725510815569445
d14-s7,probe_grad,376,1127,751,0.1000266028198989,0.30661027203835256
d14-s7,probe_grad,376,1315,939,0.1000266028198989,0.2523622013357299
d14-s7,probe_grad,376,1316,940,0.1000266028198989,0.24091239642562848
d14-s7,probe_grad,376,1503,1127,0.1000266028198989,0.19054386714083646
d14-s7,probe_grad,376,1691,1315,0.1000266028198989,0.17239529256639674
d14-s7,probe_grad,376,1879,1503,0.1000266028198989,0.16085431584934248
d14-s7,probe_grad,376,2067,1691,0.1000266028198989,0.15003217253215967
d14-s7,probe_grad,376,2255,1879,0.1000266028198989,0.14923690992537703
d14-s7,probe_grad,376,2443,2067,0.1000266028198989,0.1517845776169728
d14-s7,probe_grad,376,2631,2255,0.1000266028198989,0.14816448918533243
d14-s7,probe_grad,376,2819,2443,0.1000266028198989,0.1506677337345293
d14-s7,probe_grad,376,3006,2630,0.1000266028198989,0.15124512136497112
d14-s7,probe_grad,376,3194,2818,0.1000266028198989,0.15369299807409245
d14-s7,probe_grad,376,3382,3006,0.1000266028198989,0.1551633288563665
d14-s7,probe_grad,376,3570,3194,0.1000266028198989,0.15974778904622006
d14-s7,probe_grad,376,3758,3382,0.1000266028198989,0.15881222919818144
d14-s7,probe_grad,400,564,164,0.10641127959563713,0.5202839133987357
d14-s7,probe_grad,400,752,352,0.10641127959563713,0.4457144984615222
d14-s7,probe_grad,400,940,540,0.10641127959563713,0.36793808634763603
d14-s7,probe_grad,400,1127,727,0.10641127959563713,0.29263995163293877
d14-s7,probe_grad,400,1315,915,0.10641127959563713,0.2505173349377986
d14-s7,probe_grad,400,1316,916,0.10641127959563713,0.24357083946950497
d14-s7,probe_grad,400,1503,1103,0.10641127959563713,0.2103283872845098
d14-s7,probe_grad,400,1691,1291,0.10641127959563713,0.1812563869020094
d14-s7,probe_grad,400,1879,1479,0.10641127959563713,0.1666612549377482
d14-s7,probe_grad,400,2067,1667,0.10641127959563713,0.1575344970323354
d14-s7,probe_grad,400,2255,1855,0.10641127959563713,0.15524399483757328
d14-s7,probe_grad,400,2443,2043,0.10641127959563713,0.16372988629930693
d14-s7,probe_grad,400,2631,2231,0.10641127959563713,0.15629119012356693
d14-s7,probe_grad,400,2819,2419,0.10641127959563713,0.15573459967469155
d14-s7,probe_grad,400,3006,2606,0.10641127959563713,0.15465712315609542
d14-s7,probe_grad,400,3194,2794,0.10641127959563713,0.15782008789629332
d14-s7,probe_grad,400,3382,2982,0.10641127959563713,0.16149918940094235
d14-s7,probe_grad,400,3570,3170,0.10641127959563713,0.1654881800073233
d14-s7,probe_grad,400,3758,3358,0.10641127959563713,0.16633249182103393
d14-s7,probe_grad,564,752,188,0.15003990422984836,0.5589207992045998
d14-s7,probe_grad,564,940,376,0.15003990422984836,0.4820480531952063
d14-s7,probe_grad,564,1127,563,0.15003990422984836,0.38694276257822735
d14-s7,probe_grad,564,1315,751,0.15003990422984836,0.3299509179177684
d14-s7,probe_grad,564,1316,752,0.15003990422984836,0.3324791641974155
d14-s7,probe_grad,564,1503,939,0.15003990422984836,0.29111267547865893
d14-s7,probe_grad,564,1691,1127,0.15003990422984836,0.2535464779643308
d14-s7,probe_grad,564,1879,1315,0.15003990422984836,0.23073448281576805
d14-s7,probe_grad,564,2067,1503,0.15003990422984836,0.22148288131902674
d14-s7,probe_grad,564,2255,1691,0.15003990422984836,0.21761351876566598
d14-s7,probe_grad,564,2443,1879,0.15003990422984836,0.22446921269737363
d14-s7,probe_grad,564,2631,2067,0.15003990422984836,0.21913696880621275
d14-s7,probe_grad,564,2819,2255,0.15003990422984836,0.21851120247302547
d14-s7,probe_grad,564,3006,2442,0.15003990422984836,0.21931546069212196
d14-s7,probe_grad,564,3194,2630,0.15003990422984836,0.2232870669841885
d14-s7,probe_grad,564,3382,2818,0.15003990422984836,0.23113926867687745
d14-s7,probe_grad,564,3570,3006,0.15003990422984836,0.23438943423412842
d14-s7,probe_grad,564,3758,3194,0.15003990422984836,0.23484433161626123
d14-s7,probe_grad,752,940,188,0.2000532056397978,0.6206412098832866
d14-s7,probe_grad,752,1127,375,0.2000532056397978,0.5352009251197882
d14-s7,probe_grad,752,1315,563,0.2000532056397978,0.4596965276188653
d14-s7,probe_grad,752,1316,564,0.2000532056397978,0.4498603005869245
d14-s7,probe_grad,752,1503,751,0.2000532056397978,0.3957750121428242
d14-s7,probe_grad,752,1691,939,0.2000532056397978,0.375802618393863
d14-s7,probe_grad,752,1879,1127,0.2000532056397978,0.3491410525557258
d14-s7,probe_grad,752,2067,1315,0.2000532056397978,0.34296615722829693
d14-s7,probe_grad,752,2255,1503,0.2000532056397978,0.32864409681249857
d14-s7,probe_grad,752,2443,1691,0.2000532056397978,0.32716333215147847
d14-s7,probe_grad,752,2631,1879,0.2000532056397978,0.3295808442192191
d14-s7,probe_grad,752,2819,2067,0.2000532056397978,0.324168777423737
d14-s7,probe_grad,752,3006,2254,0.2000532056397978,0.32574915311471564
d14-s7,probe_grad,752,3194,2442,0.2000532056397978,0.32923803073547037
d14-s7,probe_grad,752,3382,2630,0.2000532056397978,0.32841924844141457
d14-s7,probe_grad,752,3570,2818,0.2000532056397978,0.3277756631463124
d14-s7,probe_grad,752,3758,3006,0.2000532056397978,0.329603529591599
d14-s7,probe_grad,940,1127,187,0.25006650704974726,0.6904825220226951
d14-s7,probe_grad,940,1315,375,0.25006650704974726,0.6145991535265392
d14-s7,probe_grad,940,1316,376,0.25006650704974726,0.606208525498569
d14-s7,probe_grad,940,1503,563,0.25006650704974726,0.5708281545091008
d14-s7,probe_grad,940,1691,751,0.25006650704974726,0.5524280569724194
d14-s7,probe_grad,940,1879,939,0.25006650704974726,0.5234171216138597
d14-s7,probe_grad,940,2067,1127,0.25006650704974726,0.5248540086477153
d14-s7,probe_grad,940,2255,1315,0.25006650704974726,0.4981345652011518
d14-s7,probe_grad,940,2443,1503,0.25006650704974726,0.493563048060636
d14-s7,probe_grad,940,2631,1691,0.25006650704974726,0.49367559578753006
d14-s7,probe_grad,940,2819,1879,0.25006650704974726,0.4759281957877534
d14-s7,probe_grad,940,3006,2066,0.25006650704974726,0.4849148281448074
d14-s7,probe_grad,940,3194,2254,0.25006650704974726,0.49473425905576557
d14-s7,probe_grad,940,3382,2442,0.25006650704974726,0.48758595863101656
d14-s7,probe_grad,940,3570,2630,0.25006650704974726,0.47981762069451156
d14-s7,probe_grad,940,3758,2818,0.25006650704974726,0.4824036766775718
d14-s7,probe_grad,1127,1315,188,0.29981378026070765,0.7422729899801678
d14-s7,probe_grad,1127,1316,189,0.29981378026070765,0.7352327480428477
d14-s7,probe_grad,1127,1503,376,0.29981378026070765,0.6652927359449613
d14-s7,probe_grad,1127,1691,564,0.29981378026070765,0.6717599524252198
d14-s7,probe_grad,1127,1879,752,0.29981378026070765,0.6468117054161175
d14-s7,probe_grad,1127,2067,940,0.29981378026070765,0.6456620729701322
d14-s7,probe_grad,1127,2255,1128,0.29981378026070765,0.6171065691016969
d14-s7,probe_grad,1127,2443,1316,0.29981378026070765,0.6071307500925253
d14-s7,probe_grad,1127,2631,1504,0.29981378026070765,0.6276745690705872
d14-s7,probe_grad,1127,2819,1692,0.29981378026070765,0.605325457045169
d14-s7,probe_grad,1127,3006,1879,0.29981378026070765,0.6170142824093476
d14-s7,probe_grad,1127,3194,2067,0.29981378026070765,0.6168747549997688
d14-s7,probe_grad,1127,3382,2255,0.29981378026070765,0.601329384370234
d14-s7,probe_grad,1127,3570,2443,0.29981378026070765,0.596956428295234
d14-s7,probe_grad,1127,3758,2631,0.29981378026070765,0.5951043582891256
d14-s7,probe_grad,1315,1316,1,0.34982708167065707,0.9452250691386258
d14-s7,probe_grad,1315,1503,188,0.34982708167065707,0.8145658960219764
d14-s7,probe_grad,1315,1691,376,0.34982708167065707,0.7943318631810494
d14-s7,probe_grad,1315,1879,564,0.34982708167065707,0.7735983958759077
d14-s7,probe_grad,1315,2067,752,0.34982708167065707,0.7617747129166657
d14-s7,probe_grad,1315,2255,940,0.34982708167065707,0.7748453904686068
d14-s7,probe_grad,1315,2443,1128,0.34982708167065707,0.7576705485180485
d14-s7,probe_grad,1315,2631,1316,0.34982708167065707,0.7570358023100843
d14-s7,probe_grad,1315,2819,1504,0.34982708167065707,0.7447732614354144
d14-s7,probe_grad,1315,3006,1691,0.34982708167065707,0.7537792974256451
d14-s7,probe_grad,1315,3194,1879,0.34982708167065707,0.7367100827476506
d14-s7,probe_grad,1315,3382,2067,0.34982708167065707,0.7334574864328537
d14-s7,probe_grad,1315,3570,2255,0.34982708167065707,0.7303017656664197
d14-s7,probe_grad,1315,3758,2443,0.34982708167065707,0.7300516885228373
d14-s7,probe_grad,1316,1503,187,0.3500931098696462,0.8051699423588828
d14-s7,probe_grad,1316,1691,375,0.3500931098696462,0.7931315158047111
d14-s7,probe_grad,1316,1879,563,0.3500931098696462,0.7212737204498536
d14-s7,probe_grad,1316,2067,751,0.3500931098696462,0.7432596536648477
d14-s7,probe_grad,1316,2255,939,0.3500931098696462,0.7774887775036704
d14-s7,probe_grad,1316,2443,1127,0.3500931098696462,0.7370803259783313
d14-s7,probe_grad,1316,2631,1315,0.3500931098696462,0.7418723770721223
d14-s7,probe_grad,1316,2819,1503,0.3500931098696462,0.7605006576434489
d14-s7,probe_grad,1316,3006,1690,0.3500931098696462,0.7415520345190124
d14-s7,probe_grad,1316,3194,1878,0.3500931098696462,0.7339326185591921
d14-s7,probe_grad,1316,3382,2066,0.3500931098696462,0.7313952697221999
d14-s7,probe_grad,1316,3570,2254,0.3500931098696462,0.7322092223002233
d14-s7,probe_grad,1316,3758,2442,0.3500931098696462,0.7335381857036701
d14-s7,probe_grad,1503,1691,188,0.39984038308060654,0.8323358742428711
d14-s7,probe_grad,1503,1879,376,0.39984038308060654,0.8061021465513045
d14-s7,probe_grad,1503,2067,564,0.39984038308060654,0.7934605460046226
d14-s7,probe_grad,1503,2255,752,0.39984038308060654,0.8066345791694771
d14-s7,probe_grad,1503,2443,940,0.39984038308060654,0.7970053075405277
d14-s7,probe_grad,1503,2631,1128,0.39984038308060654,0.7966140949717339
d14-s7,probe_grad,1503,2819,1316,0.39984038308060654,0.7793185926886363
d14-s7,probe_grad,1503,3006,1503,0.39984038308060654,0.7749720700749243
d14-s7,probe_grad,1503,3194,1691,0.39984038308060654,0.7715579720994042
d14-s7,probe_grad,1503,3382,1879,0.39984038308060654,0.7756255013926813
d14-s7,probe_grad,1503,3570,2067,0.39984038308060654,0.7676385082398199
d14-s7,probe_grad,1503,3758,2255,0.39984038308060654,0.7711434718033068
d14-s7,probe_grad,1691,1879,188,0.449853684490556,0.8678066771682099
d14-s7,probe_grad,1691,2067,376,0.449853684490556,0.8744403355192651
d14-s7,probe_grad,1691,2255,564,0.449853684490556,0.8611146016181291
d14-s7,probe_grad,1691,2443,752,0.449853684490556,0.8380208779108198
d14-s7,probe_grad,1691,2631,940,0.449853684490556,0.8545674832945299
d14-s7,probe_grad,1691,2819,1128,0.449853684490556,0.8351918914202738
d14-s7,probe_grad,1691,3006,1315,0.449853684490556,0.8278184924031611
d14-s7,probe_grad,1691,3194,1503,0.449853684490556,0.8283280472962302
d14-s7,probe_grad,1691,3382,1691,0.449853684490556,0.8207520735315456
d14-s7,probe_grad,1691,3570,1879,0.449853684490556,0.8122251538227722
d14-s7,probe_grad,1691,3758,2067,0.449853684490556,0.8183644520284116
d14-s7,probe_grad,1879,2067,188,0.49986698590050543,0.8947484427008773
d14-s7,probe_grad,1879,2255,376,0.49986698590050543,0.8389252283151123
d14-s7,probe_grad,1879,2443,564,0.49986698590050543,0.8449802830172053
d14-s7,probe_grad,1879,2631,752,0.49986698590050543,0.8634869022479156
d14-s7,probe_grad,1879,2819,940,0.49986698590050543,0.8147556296109875
d14-s7,probe_grad,1879,3006,1127,0.49986698590050543,0.8271533866899596
d14-s7,probe_grad,1879,3194,1315,0.49986698590050543,0.8271548408331355
d14-s7,probe_grad,1879,3382,1503,0.49986698590050543,0.8164002860375141
d14-s7,probe_grad,1879,3570,1691,0.49986698590050543,0.8119806926211192
d14-s7,probe_grad,1879,3758,1879,0.49986698590050543,0.810894787697429
d14-s7,probe_grad,2067,2255,188,0.5498802873104549,0.9046984826661575
d14-s7,probe_grad,2067,2443,376,0.5498802873104549,0.8897444765653233
d14-s7,probe_grad,2067,2631,564,0.5498802873104549,0.9026113555523595
d14-s7,probe_grad,2067,2819,752,0.5498802873104549,0.8600475626314589
d14-s7,probe_grad,2067,3006,939,0.5498802873104549,0.867386389868827
d14-s7,probe_grad,2067,3194,1127,0.5498802873104549,0.8696316244451133
d14-s7,probe_grad,2067,3382,1315,0.5498802873104549,0.8552739616263749
d14-s7,probe_grad,2067,3570,1503,0.5498802873104549,0.8508490804996374
d14-s7,probe_grad,2067,3758,1691,0.5498802873104549,0.8514967304405515
d14-s7,probe_grad,2255,2443,188,0.5998935887204043,0.9232726553465748
d14-s7,probe_grad,2255,2631,376,0.5998935887204043,0.9117996757438243
d14-s7,probe_grad,2255,2819,564,0.5998935887204043,0.9144389575147284
d14-s7,probe_grad,2255,3006,751,0.5998935887204043,0.8997114770489963
d14-s7,probe_grad,2255,3194,939,0.5998935887204043,0.8925608933431158
d14-s7,probe_grad,2255,3382,1127,0.5998935887204043,0.8863863639525675
d14-s7,probe_grad,2255,3570,1315,0.5998935887204043,0.8874409662755508
d14-s7,probe_grad,2255,3758,1503,0.5998935887204043,0.8911655467973877
d14-s7,probe_grad,2443,2631,188,0.6499068901303539,0.9360190674522199
d14-s7,probe_grad,2443,2819,376,0.6499068901303539,0.9108770019681055
d14-s7,probe_grad,2443,3006,563,0.6499068901303539,0.9118079081343329
d14-s7,probe_grad,2443,3194,751,0.6499068901303539,0.9034186775184615
d14-s7,probe_grad,2443,3382,939,0.6499068901303539,0.8975613149055961
d14-s7,probe_grad,2443,3570,1127,0.6499068901303539,0.8993256310188863
d14-s7,probe_grad,2443,3758,1315,0.6499068901303539,0.8996536548560587
d14-s7,probe_grad,2631,2819,188,0.6999201915403033,0.9390406141870353
d14-s7,probe_grad,2631,3006,375,0.6999201915403033,0.9366637425279246
d14-s7,probe_grad,2631,3194,563,0.6999201915403033,0.9294928427081627
d14-s7,probe_grad,2631,3382,751,0.6999201915403033,0.9224552636812414
d14-s7,probe_grad,2631,3570,939,0.6999201915403033,0.9214677079917862
d14-s7,probe_grad,2631,3758,1127,0.6999201915403033,0.9244434402232554
d14-s7,probe_grad,2819,3006,187,0.7499334929502527,0.9526709410968698
d14-s7,probe_grad,2819,3194,375,0.7499334929502527,0.9386753292250947
d14-s7,probe_grad,2819,3382,563,0.7499334929502527,0.9437264772496905
d14-s7,probe_grad,2819,3570,751,0.7499334929502527,0.9393214679771109
d14-s7,probe_grad,2819,3758,939,0.7499334929502527,0.9436128807164559
d14-s7,probe_grad,3006,3194,188,0.7996807661612131,0.9611174985801956
d14-s7,probe_grad,3006,3382,376,0.7996807661612131,0.9551485606641008
d14-s7,probe_grad,3006,3570,564,0.7996807661612131,0.9555537147568266
d14-s7,probe_grad,3006,3758,752,0.7996807661612131,0.9562099058791673
d14-s7,probe_grad,3194,3382,188,0.8496940675711625,0.9703874168895328
d14-s7,probe_grad,3194,3570,376,0.8496940675711625,0.967037445344336
d14-s7,probe_grad,3194,3758,564,0.8496940675711625,0.9694620401693592
d14-s7,probe_grad,3382,3570,188,0.899707368981112,0.9801697794094417
d14-s7,probe_grad,3382,3758,376,0.899707368981112,0.9818952586069334
d14-s7,probe_grad,3570,3758,188,0.9497206703910615,0.9962954934644351
d16-s7,batch_grad,0,216,216,0.0,-0.01602430234337335
d16-s7,batch_grad,0,432,432,0.0,0.018615973786273082
d16-s7,batch_grad,0,648,648,0.0,0.005820438183677244
d16-s7,batch_grad,0,864,864,0.0,-0.005886108718470772
d16-s7,batch_grad,0,1080,1080,0.0,0.00030506938903983294
d16-s7,batch_grad,0,1296,1296,0.0,-0.01671407273832628
d16-s7,batch_grad,0,1512,1512,0.0,0.00750687244312748
d16-s7,batch_grad,0,1728,1728,0.0,-0.005532236267931272
d16-s7,batch_grad,0,1944,1944,0.0,0.0053898392941281285
d16-s7,batch_grad,0,2160,2160,0.0,0.0030823245762204156
d16-s7,batch_grad,0,2376,2376,0.0,-0.003560475683000607
d16-s7,batch_grad,0,2592,2592,0.0,-0.001693664910814906
d16-s7,batch_grad,0,2808,2808,0.0,-0.0003251146639491549
d16-s7,batch_grad,0,3024,3024,0.0,0.002052628480693599
d16-s7,batch_grad,0,3240,3240,0.0,-0.002864884196883928
d16-s7,batch_grad,0,3456,3456,0.0,-0.0030202533190279357
d16-s7,batch_grad,0,3672,3672,0.0,-0.0021403243414133866
d16-s7,batch_grad,0,3888,3888,0.0,0.00024325005498710252
d16-s7,batch_grad,0,4104,4104,0.0,0.001999288540465026
d16-s7,batch_grad,0,4320,4320,0.0,0.0024294324290055668
d16-s7,batch_grad,0,4536,4536,0.0,-0.0015180446742740653
d16-s7,batch_grad,0,4752,4752,0.0,-0.003520127813289175
d16-s7,batch_grad,0,4968,4968,0.0,-0.00490000362733154
d16-s7,batch_grad,0,5184,5184,0.0,0.0011398983604803718
d16-s7,batch_grad,216,432,216,0.04017857142857143,0.36118654292769864
d16-s7,batch_grad,216,648,432,0.04017857142857143,0.47933345427814195
d16-s7,batch_grad,216,864,648,0.04017857142857143,-0.09621077671233458
d16-s7,batch_grad,216,1080,864,0.04017857142857143,0.44884256908682235
d16-s7,batch_grad,216,1296,1080,0.04017857142857143,0.1447024300229752
d16-s7,batch_grad,216,1512,1296,0.04017857142857143,0.032619868889402194
d16-s7,batch_grad,216,1728,1512,0.04017857142857143,0.3636909510654823
d16-s7,batch_grad,216,1944,1728,0.04017857142857143,-0.1969157719953995
d16-s7,batch_grad,216,2160,1944,0.04017857142857143,-0.019050055853878037
d16-s7,batch_grad,216,2376,2160,0.04017857142857143,-0.05365358378584456
d16-s7,batch_grad,216,2592,2376,0.04017857142857143,0.1696452083378927
d16-s7,batch_grad,216,2808,2592,0.04017857142857143,-0.094173767544069
d16-s7,batch_grad,216,3024,2808,0.04017857142857143,0.14169502080599655
d16-s7,batch_grad,216,3240,3024,0.04017857142857143,0.009048144517688242
d16-s7,batch_grad,216,3456,3240,0.04017857142857143,0.11609589086901402
d16-s7,batch_grad,216,3672,3456,0.04017857142857143,0.12429372972625849
d16-s7,batch_grad,216,3888,3672,0.04017857142857143,-0.021739299129783913
d16-s7,batch_grad,216,4104,3888,0.04017857142857143,0.00048557370672550835
d16-s7,batch_grad,216,4320,4104,0.04017857142857143,0.018620828752945042
d16-s7,batch_grad,216,4536,4320,0.04017857142857143,-0.09923054793867138
d16-s7,batch_grad,216,4752,4536,0.04017857142857143,-0.13753518772322756
d16-s7,batch_grad,216,4968,4752,0.04017857142857143,0.1006993055912168
d16-s7,batch_grad,216,5184,4968,0.04017857142857143,0.08789535754915906
d16-s7,batch_grad,432,648,216,0.08035714285714286,0.6363761890176629
d16-s7,batch_grad,432,864,432,0.08035714285714286,-0.002575981109202669
d16-s7,batch_grad,432,1080,648,0.08035714285714286,0.47416569450710566
d16-s7,batch_grad,432,1296,864,0.08035714285714286,0.04245815264640433
d16-s7,batch_grad,432,1512,1080,0.08035714285714286,0.17977358409795072
d16-s7,batch_grad,432,1728,1296,0.08035714285714286,0.37194297122509656
d16-s7,batch_grad,432,1944,1512,0.08035714285714286,-0.19000936746402505
d16-s7,batch_grad,432,2160,1728,0.08035714285714286,0.03071751057936115
d16-s7,batch_grad,432,2376,1944,0.08035714285714286,-0.05584575833748497
d16-s7,batch_grad,432,2592,2160,0.08035714285714286,0.23740893293223062
d16-s7,batch_grad,432,2808,2376,0.08035714285714286,-0.06945159489978074
d16-s7,batch_grad,432,3024,2592,0.08035714285714286,0.1741464288029102
d16-s7,batch_grad,432,3240,2808,0.08035714285714286,-0.06189293835774394
d16-s7,batch_grad,432,3456,3024,0.08035714285714286,0.12755533917619405
d16-s7,batch_grad,432,3672,3240,0.08035714285714286,0.14936809127314662
d16-s7,batch_grad,432,3888,3456,0.08035714285714286,0.05611780555486936
d16-s7,batch_grad,432,4104,3672,0.08035714285714286,0.02576399048112888
d16-s7,batch_grad,432,4320,3888,0.08035714285714286,0.008201594664242551
d16-s7,batch_grad,432,4536,4104,0.08035714285714286,-0.13342760101732384
d16-s7,batch_grad,432,4752,4320,0.08035714285714286,-0.15669677571121185
d16-s7,batch_grad,432,4968,4536,0.08035714285714286,0.09678928888748883
d16-s7,batch_grad,432,5184,4752,0.08035714285714286,0.11836669345538361
d16-s7,batch_grad,648,864,216,0.12053571428571429,-0.11346344356594898
d16-s7,batch_grad,648,1080,432,0.12053571428571429,0.6586906141810391
d16-s7,batch_grad,648,1296,648,0.12053571428571429,0.08449646194638635
d16-s7,batch_grad,648,1512,864,0.12053571428571429,0.1550670720771959
d16-s7,batch_grad,648,1728,1080,0.12053571428571429,0.4181339729481031
d16-s7,batch_grad,648,1944,1296,0.12053571428571429,-0.20083691692973268
d16-s7,batch_grad,648,2160,1512,0.12053571428571429,0.012368370980382869
d16-s7,batch_grad,648,2376,1728,0.12053571428571429,-0.01770563617117971
d16-s7,batch_grad,648,2592,1944,0.12053571428571429,0.2407628267426935
d16-s7,batch_grad,648,2808,2160,0.12053571428571429,-0.09670655768660834
d16-s7,batch_grad,648,3024,2376,0.12053571428571429,0.2369296974346074
d16-s7,batch_grad,648,3240,2592,0.12053571428571429,-0.04213326451486004
d16-s7,batch_grad,648,3456,2808,0.12053571428571429,0.16901814992336153
d16-s7,batch_grad,648,3672,3024,0.12053571428571429,0.16137802847205626
d16-s7,batch_grad,648,3888,3240,0.12053571428571429,0.03383225251259608
d16-s7,batch_grad,648,4104,3456,0.12053571428571429,0.030254251069384282
d16-s7,batch_grad,648,4320,3672,0.12053571428571429,0.01361852557010081
d16-s7,batch_grad,648,4536,3888,0.12053571428571429,-0.1460556845869715
d16-s7,batch_grad,648,4752,4104,0.12053571428571429,-0.22997710724989587
d16-s7,batch_grad,648,4968,4320,0.12053571428571429,0.10838376173822498
d16-s7,batch_grad,648,5184,4536,0.12053571428571429,0.15799732060126165
d16-s7,batch_grad,864,1080,216,0.16071428571428573,-0.11339354637788261
d16-s7,batch_grad,864,1296,432,0.16071428571428573,0.15465345791079546
d16-s7,batch_grad,864,1512,648,0.16071428571428573,-0.05691574363083996
d16-s7,batch_grad,864,1728,864,0.16071428571428573,0.027789075957266398
d16-s7,batch_grad,864,1944,1080,0.16071428571428573,0.12451919024719368
d16-s7,batch_grad,864,2160,1296,0.16071428571428573,0.09563749270028027
d16-s7,batch_grad,864,2376,1512,0.16071428571428573,0.05486612921499697
d16-s7,batch_grad,864,2592,1728,0.16071428571428573,0.05661459641129244
d16-s7,batch_grad,864,2808,1944,0.16071428571428573,0.11180177447395206
d16-s7,batch_grad,864,3024,2160,0.16071428571428573,-0.15945650542969803
d16-s7,batch_grad,864,3240,2376,0.16071428571428573,0.1027128252012958
d16-s7,batch_grad,864,3456,2592,0.16071428571428573,0.0004763955973957966
d16-s7,batch_grad,864,3672,2808,0.16071428571428573,0.021021125764969877
d16-s7,batch_grad,864,3888,3024,0.16071428571428573,-0.09727661216043008
d16-s7,batch_grad,864,4104,3240,0.16071428571428573,-0.06642332729803208
d16-s7,batch_grad,864,4320,3456,0.16071428571428573,-0.07732837161695268
d16-s7,batch_grad,864,4536,3672,0.16071428571428573,-0.08692141983059076
d16-s7,batch_grad,864,4752,3888,0.16071428571428573,0.023248440282511426
d16-s7,batch_grad,864,4968,4104,0.16071428571428573,-0.018185779926383015
d16-s7,batch_grad,864,5184,4320,0.16071428571428573,0.013528081920707294
d16-s7,batch_grad,1080,1296,216,0.20089285714285715,0.060474089595974764
d16-s7,batch_grad,1080,1512,432,0.20089285714285715,0.15286552884954901
d16-s7,batch_grad,1080,1728,648,0.20089285714285715,0.5998788426636257
d16-s7,batch_grad,1080,1944,864,0.20089285714285715,-0.2969060213274935
d16-s7,batch_grad,1080,2160,1080,0.20089285714285715,0.01693661461088428
d16-s7,batch_grad,1080,2376,1296,0.20089285714285715,-0.20616857603462982
d16-s7,batch_grad,1080,2592,1512,0.20089285714285715,0.2985024184059747
d16-s7,batch_grad,1080,2808,1728,0.20089285714285715,-0.13378717677177904
d16-s7,batch_grad,1080,3024,1944,0.20089285714285715,0.21370655102943917
d16-s7,batch_grad,1080,3240,2160,0.20089285714285715,-0.11173078126010617
d16-s7,batch_grad,1080,3456,2376,0.20089285714285715,0.2340612738251328
d16-s7,batch_grad,1080,3672,2592,0.20089285714285715,0.17565522878053164
d16-s7,batch_grad,1080,3888,2808,0.20089285714285715,0.047033645116741546
d16-s7,batch_grad,1080,4104,3024,0.20089285714285715,0.007318277540664215
d16-s7,batch_grad,1080,4320,3240,0.20089285714285715,0.006025966800044853
d16-s7,batch_grad,1080,4536,3456,0.20089285714285715,-0.17650500073854805
d16-s7,batch_grad,1080,4752,3672,0.20089285714285715,-0.2217548792312757
d16-s7,batch_grad,1080,4968,3888,0.20089285714285715,0.09080558652803344
d16-s7,batch_grad,1080,5184,4104,0.20089285714285715,0.1353837900639546
d16-s7,batch_grad,1296,1512,216,0.24107142857142858,-0.21424025094653845
d16-s7,batch_grad,1296,1728,432,0.24107142857142858,0.38281637220802156
d16-s7,batch_grad,1296,1944,648,0.24107142857142858,-0.5134199095606791
d16-s7,batch_grad,1296,2160,864,0.24107142857142858,-0.10350669863224753
d16-s7,batch_grad,1296,2376,1080,0.24107142857142858,0.015986720484106782
d16-s7,batch_grad,1296,2592,1296,0.24107142857142858,0.06264760713758831
d16-s7,batch_grad,1296,2808,1512,0.24107142857142858,-0.08385241296499993
d16-s7,batch_grad,1296,3024,1728,0.24107142857142858,-0.18974098244999651
d16-s7,batch_grad,1296,3240,1944,0.24107142857142858,0.5391982527195718
d16-s7,batch_grad,1296,3456,2160,0.24107142857142858,0.2655782793750808
d16-s7,batch_grad,1296,3672,2376,0.24107142857142858,0.33395971732000285
d16-s7,batch_grad,1296,3888,2592,0.24107142857142858,-0.3816580068840377
d16-s7,batch_grad,1296,4104,2808,0.24107142857142858,-0.20398070585913308
d16-s7,batch_grad,1296,4320,3024,0.24107142857142858,-0.23506518609799446
d16-s7,batch_grad,1296,4536,3240,0.24107142857142858,-0.055397999673928985
d16-s7,batch_grad,1296,4752,3456,0.24107142857142858,-0.15313048149762543
d16-s7,batch_grad,1296,4968,3672,0.24107142857142858,0.18222337378104497
d16-s7,batch_grad,1296,5184,3888,0.24107142857142858,-0.13026003630471716
d16-s7,batch_grad,1512,1728,216,0.28125,-0.09741379396438667
d16-s7,batch_grad,1512,1944,432,0.28125,-0.12246544567358425
d16-s7,batch_grad,1512,2160,648,0.28125,-0.20441100683447966
d16-s7,batch_grad,1512,2376,864,0.28125,-0.09385049092390786
d16-s7,batch_grad,1512,2592,1080,0.28125,-0.042460768352602415
d16-s7,batch_grad,1512,2808,1296,0.28125,-0.39755256015184803
d16-s7,batch_grad,1512,3024,1512,0.28125,0.42795276263382503
d16-s7,batch_grad,1512,3240,1728,0.28125,-0.37681503814793693
d16-s7,batch_grad,1512,3456,1944,0.28125,0.31797985208906226
d16-s7,batch_grad,1512,3672,2160,0.28125,-0.1488978893307278
d16-s7,batch_grad,1512,3888,2376,0.28125,0.4179521421667608
d16-s7,batch_grad,1512,4104,2592,0.28125,0.14461225152868787
d16-s7,batch_grad,1512,4320,2808,0.28125,0.06465853106672269
d16-s7,batch_grad,1512,4536,3024,0.28125,-0.1443174958757328
d16-s7,batch_grad,1512,4752,3240,0.28125,-0.0822926253710727
d16-s7,batch_grad,1512,4968,3456,0.28125,-0.05688094590820796
d16-s7,batch_grad,1512,5184,3672,0.28125,0.030493788774201107
d16-s7,batch_grad,1728,1944,216,0.32142857142857145,-0.46390387570382374
d16-s7,batch_grad,1728,2160,432,0.32142857142857145,-0.022983892802510262
d16-s7,batch_grad,1728,2376,648,0.32142857142857145,-0.41603346851828377
d16-s7,batch_grad,1728,2592,864,0.32142857142857145,0.3832225941240684
d16-s7,batch_grad,1728,2808,1080,0.32142857142857145,-0.1352874224336238
d16-s7,batch_grad,1728,3024,1296,0.32142857142857145,-0.16176745611726007
d16-s7,batch_grad,1728,3240,1512,0.32142857142857145,0.16110939189369625
d16-s7,batch_grad,1728,3456,1728,0.32142857142857145,0.2775992194505243
d16-s7,batch_grad,1728,3672,1944,0.32142857142857145,0.30098170237466154
d16-s7,batch_grad,1728,3888,2160,0.32142857142857145,-0.19551144152063205
d16-s7,batch_grad,1728,4104,2376,0.32142857142857145,-0.29054735639942497
d16-s7,batch_grad,1728,4320,2592,0.32142857142857145,-0.1295779350852853
d16-s7,batch_grad,1728,4536,2808,0.32142857142857145,-0.16712401995631376
d16-s7,batch_grad,1728,4752,3024,0.32142857142857145,-0.17705634171131382
d16-s7,batch_grad,1728,4968,3240,0.32142857142857145,0.15591742284257865
d16-s7,batch_grad,1728,5184,3456,0.32142857142857145,0.01134876749291415
d16-s7,batch_grad,1944,2160,216,0.36160714285714285,0.2592946426537676
d16-s7,batch_grad,1944,2376,432,0.36160714285714285,0.22946614915907854
d16-s7,batch_grad,1944,2592,648,0.36160714285714285,0.03268695857109737
d16-s7,batch_grad,1944,2808,864,0.36160714285714285,0.3118356035229667
d16-s7,batch_grad,1944,3024,1080,0.36160714285714285,-0.16405695275212867
d16-s7,batch_grad,1944,3240,1296,0.36160714285714285,-0.19090576607669943
d16-s7,batch_grad,1944,3456,1512,0.36160714285714285,-0.46340549521114194
d16-s7,batch_grad,1944,3672,1728,0.36160714285714285,-0.4867173701935159
d16-s7,batch_grad,1944,3888,1944,0.36160714285714285,0.1396470364696963
d16-s7,batch_grad,1944,4104,2160,0.36160714285714285,0.05927492006351899
d16-s7,batch_grad,1944,4320,2376,0.36160714285714285,0.11980719154609616
d16-s7,batch_grad,1944,4536,2592,0.36160714285714285,0.07056717249223884
d16-s7,batch_grad,1944,4752,2808,0.36160714285714285,0.25790573343347767
d16-s7,batch_grad,1944,4968,3024,0.36160714285714285,-0.21636238977595038
d16-s7,batch_grad,1944,5184,3240,0.36160714285714285,0.09606255539023188
d16-s7,batch_grad,2160,2376,216,0.4017857142857143,0.03727370772122233
d16-s7,batch_grad,2160,2592,432,0.4017857142857143,0.5338279085385181
d16-s7,batch_grad,2160,2808,648,0.4017857142857143,0.4801266919773942
d16-s7,batch_grad,2160,3024,864,0.4017857142857143,-0.23004593489474714
d16-s7,batch_grad,2160,3240,1080,0.4017857142857143,0.003511897169289374
d16-s7,batch_grad,2160,3456,1296,0.4017857142857143,-0.4323347725444857
d16-s7,batch_grad,2160,3672,1512,0.4017857142857143,-0.14411746490115634
d16-s7,batch_grad,2160,3888,1728,0.4017857142857143,-0.06160041257068042
d16-s7,batch_grad,2160,4104,1944,0.4017857142857143,0.005304841794096056
d16-s7,batch_grad,2160,4320,2160,0.4017857142857143,0.055342649140509584
d16-s7,batch_grad,2160,4536,2376,0.4017857142857143,-0.15090574516236316
d16-s7,batch_grad,2160,4752,2592,0.4017857142857143,0.07899099171345868
d16-s7,batch_grad,2160,4968,2808,0.4017857142857143,-0.011090395954257686
d16-s7,batch_grad,2160,5184,3024,0.4017857142857143,0.12051201034060723
d16-s7,batch_grad,2376,2592,216,0.4419642857142857,-0.12468153641293228
d16-s7,batch_grad,2376,2808,432,0.4419642857142857,0.23494688347382037
d16-s7,batch_grad,2376,3024,648,0.4419642857142857,0.15011764078704895
d16-s7,batch_grad,2376,3240,864,0.4419642857142857,0.17702453028411871
d16-s7,batch_grad,2376,3456,1080,0.4419642857142857,-0.16646075185425588
d16-s7,batch_grad,2376,3672,1296,0.4419642857142857,0.012590807672023386
d16-s7,batch_grad,2376,3888,1512,0.4419642857142857,0.08221975815148998
d16-s7,batch_grad,2376,4104,1728,0.4419642857142857,0.267119825676487
d16-s7,batch_grad,2376,4320,1944,0.4419642857142857,-0.11324157174339398
d16-s7,batch_grad,2376,4536,2160,0.4419642857142857,-0.038226504361217495
d16-s7,batch_grad,2376,4752,2376,0.4419642857142857,0.13294829110105658
d16-s7,batch_grad,2376,4968,2592,0.4419642857142857,-0.11291806888873497
d16-s7,batch_grad,2376,5184,2808,0.4419642857142857,0.05146481636793571
d16-s7,batch_grad,2592,2808,216,0.48214285714285715,0.2743334381455323
d16-s7,batch_grad,2592,3024,432,0.48214285714285715,-0.21292947119640196
d16-s7,batch_grad,2592,3240,648,0.48214285714285715,-0.0344821456765898
d16-s7,batch_grad,2592,3456,864,0.48214285714285715,-0.13912220321788174
d16-s7,batch_grad,2592,3672,1080,0.48214285714285715,-0.04274207684852453
d16-s7,batch_grad,2592,3888,1296,0.48214285714285715,0.03304389274541243
d16-s7,batch_grad,2592,4104,1512,0.48214285714285715,-0.12382175827053088
d16-s7,batch_grad,2592,4320,1728,0.48214285714285715,-0.08117044804719328
d16-s7,batch_grad,2592,4536,1944,0.48214285714285715,-0.19627803069708638
d16-s7,batch_grad,2592,4752,2160,0.48214285714285715,0.05579985655739195
d16-s7,batch_grad,2592,4968,2376,0.48214285714285715,-0.01099538677622637
d16-s7,batch_grad,2592,5184,2592,0.48214285714285715,0.12149980318888351
d16-s7,batch_grad,2808,3024,216,0.5223214285714286,-0.38893972588146175
d16-s7,batch_grad,2808,3240,432,0.5223214285714286,0.03645597649384896
d16-s7,batch_grad,2808,3456,648,0.5223214285714286,-0.41355555951181616
d16-s7,batch_grad,2808,3672,864,0.5223214285714286,0.12214538449752929
d16-s7,batch_grad,2808,3888,1080,0.5223214285714286,-0.12205598111978046
d16-s7,batch_grad,2808,4104,1296,0.5223214285714286,-0.02757510824543497
d16-s7,batch_grad,2808,4320,1512,0.5223214285714286,-0.10391182320575215
d16-s7,batch_grad,2808,4536,1728,0.5223214285714286,0.03627679511986511
d16-s7,batch_grad,2808,4752,1944,0.5223214285714286,0.03142921748053588
d16-s7,batch_grad,2808,4968,2160,0.5223214285714286,-0.035903703142786514
d16-s7,batch_grad,2808,5184,2376,0.5223214285714286,0.11821537290191449
d16-s7,batch_grad,3024,3240,216,0.5625,-0.31730785362294067
d16-s7,batch_grad,3024,3456,432,0.5625,0.1388376771688637
d16-s7,batch_grad,3024,3672,648,0.5625,-0.06723038251650403
d16-s7,batch_grad,3024,3888,864,0.5625,0.40534741869322755
d16-s7,batch_grad,3024,4104,1080,0.5625,0.4786581769983296
d16-s7,batch_grad,3024,4320,1296,0.5625,0.23384000186670142
d16-s7,batch_grad,3024,4536,1512,0.5625,-0.12349588104242695
d16-s7,batch_grad,3024,4752,1728,0.5625,-0.06836733952692621
d16-s7,batch_grad,3024,4968,1944,0.5625,-0.023277340818211898
d16-s7,batch_grad,3024,5184,2160,0.5625,0.08222229353418323
d16-s7,batch_grad,3240,3456,216,0.6026785714285714,0.025177745659842148
d16-s7,batch_grad,3240,3672,432,0.6026785714285714,0.2725566643257654
d16-s7,batch_grad,3240,3888,648,0.6026785714285714,-0.5950063215982765
d16-s7,batch_grad,3240,4104,864,0.6026785714285714,-0.2699622815080554
d16-s7,batch_grad,3240,4320,1080,0.6026785714285714,-0.24973459233406053
d16-s7,batch_grad,3240,4536,1296,0.6026785714285714,-0.0005725028647794458
d16-s7,batch_grad,3240,4752,1512,0.6026785714285714,-0.05270549357544929
d16-s7,batch_grad,3240,4968,1728,0.6026785714285714,0.14673930489309997
d16-s7,batch_grad,3240,5184,1944,0.6026785714285714,-0.17921253807723836
d16-s7,batch_grad,3456,3672,216,0.6428571428571429,0.2940448025267046
d16-s7,batch_grad,3456,3888,432,0.6428571428571429,0.059096504067451636
d16-s7,batch_grad,3456,4104,648,0.6428571428571429,-0.18421803438986561
d16-s7,batch_grad,3456,4320,864,0.6428571428571429,-0.25794400758589325
d16-s7,batch_grad,3456,4536,1080,0.6428571428571429,-0.029914267635610066
d16-s7,batch_grad,3456,4752,1296,0.6428571428571429,-0.22084608800331051
d16-s7,batch_grad,3456,4968,1512,0.6428571428571429,0.073563464484039
d16-s7,batch_grad,3456,5184,1728,0.6428571428571429,-0.12462822805751031
d16-s7,batch_grad,3672,3888,216,0.6830357142857143,-0.2363054258470291
d16-s7,batch_grad,3672,4104,432,0.6830357142857143,-0.09496523925907549
d16-s7,batch_grad,3672,4320,648,0.6830357142857143,-0.21608100816018894
d16-s7,batch_grad,3672,4536,864,0.6830357142857143,-0.01566829615496901
d16-s7,batch_grad,3672,4752,1080,0.6830357142857143,-0.27665659479596927
d16-s7,batch_grad,3672,4968,1296,0.6830357142857143,0.21319309070648
d16-s7,batch_grad,3672,5184,1512,0.6830357142857143,0.005697914672088357
d16-s7,batch_grad,3888,4104,216,0.7232142857142857,0.3198108545666346
d16-s7,batch_grad,3888,4320,432,0.7232142857142857,0.13881499931993238
d16-s7,batch_grad,3888,4536,648,0.7232142857142857,-0.11364001958249816
d16-s7,batch_grad,3888,4752,864,0.7232142857142857,0.08981239475380418
d16-s7,batch_grad,3888,4968,1080,0.7232142857142857,-0.130616471410277
d16-s7,batch_grad,3888,5184,1296,0.7232142857142857,0.12933613335775773
d16-s7,batch_grad,4104,4320,216,0.7633928571428571,0.2377912744459507
d16-s7,batch_grad,4104,4536,432,0.7633928571428571,-0.15968643425579715
d16-s7,batch_grad,4104,4752,648,0.7633928571428571,0.08954843038227212
d16-s7,batch_grad,4104,4968,864,0.7633928571428571,-0.07674982022593121
d16-s7,batch_grad,4104,5184,1080,0.7633928571428571,0.10882550076920576
d16-s7,batch_grad,4320,4536,216,0.8035714285714286,-0.03402874196776823
d16-s7,batch_grad,4320,4752,432,0.8035714285714286,0.07712622209796403
d16-s7,batch_grad,4320,4968,648,0.8035714285714286,-0.06988247022848117
d16-s7,batch_grad,4320,5184,864,0.8035714285714286,0.13117770989070926
d16-s7,batch_grad,4536,4752,216,0.84375,-0.07021800682038068
d16-s7,batch_grad,4536,4968,432,0.84375,0.08254027619990956
d16-s7,batch_grad,4536,5184,648,0.84375,-0.04305409379409461
d16-s7,batch_grad,4752,4968,216,0.8839285714285714,-0.15889294708589774
d16-s7,batch_grad,4752,5184,432,0.8839285714285714,0.005236244377934648
d16-s7,batch_grad,4968,5184,216,0.9241071428571429,-0.09233094980975479
d16-s7,probe_grad,0,1,1,0.0,1.062171725480819
d16-s7,probe_grad,0,2,2,0.0,1.060446686647662
d16-s7,probe_grad,0,4,4,0.0,1.0278693609195564
d16-s7,probe_grad,0,8,8,0.0,0.2262347640301603
d16-s7,probe_grad,0,16,16,0.0,0.7258359390528829
d16-s7,probe_grad,0,32,32,0.0,0.6093210338235805
d16-s7,probe_grad,0,40,40,0.0,0.5327061384023279
d16-s7,probe_grad,0,64,64,0.0,0.3515702077907224
d16-s7,probe_grad,0,128,128,0.0,0.10804961285209312
d16-s7,probe_grad,0,256,256,0.0,0.055410287893349626
d16-s7,probe_grad,0,269,269,0.0,0.04146711903702374
d16-s7,probe_grad,0,400,400,0.0,0.03247994873213941
d16-s7,probe_grad,0,538,538,0.0,0.021456311775484446
d16-s7,probe_grad,0,806,806,0.0,0.01804643153349005
d16-s7,probe_grad,0,1075,1075,0.0,0.013760441441082061
d16-s7,probe_grad,0,1344,1344,0.0,0.008694469484451281
d16-s7,probe_grad,0,1613,1613,0.0,0.0027970212797339407
d16-s7,probe_grad,0,1881,1881,0.0,0.005664099792789831
d16-s7,probe_grad,0,1882,1882,0.0,0.0029202111301686547
d16-s7,probe_grad,0,2150,2150,0.0,0.000948464821527686
d16-s7,probe_grad,0,2419,2419,0.0,0.0001247183323502503
d16-s7,probe_grad,0,2688,2688,0.0,0.0006605998072922933
d16-s7,probe_grad,0,2956,2956,0.0,-0.0007550490191675634
d16-s7,probe_grad,0,3225,3225,0.0,0.0004791397741627189
d16-s7,probe_grad,0,3494,3494,0.0,0.0002499995331886062
d16-s7,probe_grad,0,3763,3763,0.0,0.00012766680272801383
d16-s7,probe_grad,0,4031,4031,0.0,0.0016550699469516485
d16-s7,probe_grad,0,4300,4300,0.0,0.0011631327322596985
d16-s7,probe_grad,0,4569,4569,0.0,0.00017211403097151562
d16-s7,probe_grad,0,4838,4838,0.0,0.0004408715031675736
d16-s7,probe_grad,0,5106,5106,0.0,0.00044776691879251136
d16-s7,probe_grad,0,5375,5375,0.0,0.0010882150735490735
d16-s7,probe_grad,1,2,1,0.00018601190476190475,1.0616084152799976
d16-s7,probe_grad,1,4,3,0.00018601190476190475,1.0323120899625438
d16-s7,probe_grad,1,8,7,0.00018601190476190475,0.22447574134358678
d16-s7,probe_grad,1,16,15,0.00018601190476190475,0.7297118686473513
d16-s7,probe_grad,1,32,31,0.00018601190476190475,0.6108483730643992
d16-s7,probe_grad,1,40,39,0.00018601190476190475,0.5342543324389528
d16-s7,probe_grad,1,64,63,0.00018601190476190475,0.35287077535007044
d16-s7,probe_grad,1,128,127,0.00018601190476190475,0.10794999368646807
d16-s7,probe_grad,1,256,255,0.00018601190476190475,0.05586500306870096
d16-s7,probe_grad,1,269,268,0.00018601190476190475,0.042163653317942626
d16-s7,probe_grad,1,400,399,0.00018601190476190475,0.03278273158463582
d16-s7,probe_grad,1,538,537,0.00018601190476190475,0.02157816456992036
d16-s7,probe_grad,1,806,805,0.00018601190476190475,0.018288118753564578
d16-s7,probe_grad,1,1075,1074,0.00018601190476190475,0.013884785658180911
d16-s7,probe_grad,1,1344,1343,0.00018601190476190475,0.008924314315696857
d16-s7,probe_grad,1,1613,1612,0.00018601190476190475,0.002940934143016719
d16-s7,probe_grad,1,1881,1880,0.00018601190476190475,0.005812876478258047
d16-s7,probe_grad,1,1882,1881,0.00018601190476190475,0.0030794170870681696
d16-s7,probe_grad,1,2150,2149,0.00018601190476190475,0.0011339318406836366
d16-s7,probe_grad,1,2419,2418,0.00018601190476190475,0.00034755720337229624
d16-s7,probe_grad,1,2688,2687,0.00018601190476190475,0.0008372803570418727
d16-s7,probe_grad,1,2956,2955,0.00018601190476190475,-0.0005559570097795139
d16-s7,probe_grad,1,3225,3224,0.00018601190476190475,0.000635781064540034
d16-s7,probe_grad,1,3494,3493,0.00018601190476190475,0.0003895496451625151
d16-s7,probe_grad,1,3763,3762,0.00018601190476190475,0.00030109053047068453
d16-s7,probe_grad,1,4031,4030,0.00018601190476190475,0.0017969151468278195
d16-s7,probe_grad,1,4300,4299,0.00018601190476190475,0.0013627099735560452
d16-s7,probe_grad,1,4569,4568,0.00018601190476190475,0.00034831794125268637
d16-s7,probe_grad,1,4838,4837,0.00018601190476190475,0.0005767532901918668
d16-s7,probe_grad,1,5106,5105,0.00018601190476190475,0.000595010113767626
d16-s7,probe_grad,1,5375,5374,0.00018601190476190475,0.0012489662440984732
d16-s7,probe_grad,2,4,2,0.0003720238095238095,1.0412473262872062
d16-s7,probe_grad,2,8,6,0.0003720238095238095,0.2250776453308826
d16-s7,probe_grad,2,16,14,0.0003720238095238095,0.7391894807764924
d16-s7,probe_grad,2,32,30,0.0003720238095238095,0.6169603381187622
d16-s7,probe_grad,2,40,38,0.0003720238095238095,0.5404351749982367
d16-s7,probe_grad,2,64,62,0.0003720238095238095,0.35749311626226343
d16-s7,probe_grad,2,128,126,0.0003720238095238095,0.10811802837629156
d16-s7,probe_grad,2,256,254,0.0003720238095238095,0.057122659181794794
d16-s7,probe_grad,2,269,267,0.0003720238095238095,0.04391266711438873
d16-s7,probe_grad,2,400,398,0.0003720238095238095,0.033511453517572024
d16-s7,probe_grad,2,538,536,0.0003720238095238095,0.021682704688238807
d16-s7,probe_grad,2,806,804,0.0003720238095238095,0.01873131581557433
d16-s7,probe_grad,2,1075,1073,0.0003720238095238095,0.01399752268768578
d16-s7,probe_grad,2,1344,1342,0.0003720238095238095,0.009389276724829561
d16-s7,probe_grad,2,1613,1611,0.0003720238095238095,0.003037076041057327
d16-s7,probe_grad,2,1881,1879,0.0003720238095238095,0.005888293063917657
d16-s7,probe_grad,2,1882,1880,0.0003720238095238095,0.0032376012814655537
d16-s7,probe_grad,2,2150,2148,0.0003720238095238095,0.0013398240207028547
d16-s7,probe_grad,2,2419,2417,0.0003720238095238095,0.0006005451407080862
d16-s7,probe_grad,2,2688,2686,0.0003720238095238095,0.001091307363747718
d16-s7,probe_grad,2,2956,2954,0.0003720238095238095,-0.00027777082290563414
d16-s7,probe_grad,2,3225,3223,0.0003720238095238095,0.0008852475668779106
d16-s7,probe_grad,2,3494,3492,0.0003720238095238095,0.0005810617555927196
d16-s7,probe_grad,2,3763,3761,0.0003720238095238095,0.0005839806471792911
d16-s7,probe_grad,2,4031,4029,0.0003720238095238095,0.0020054578028831003
d16-s7,probe_grad,2,4300,4298,0.0003720238095238095,0.0016830446996181387
d16-s7,probe_grad,2,4569,4567,0.0003720238095238095,0.0006320278592844619
d16-s7,probe_grad,2,4838,4836,0.0003720238095238095,0.0007956397915747775
d16-s7,probe_grad,2,5106,5104,0.0003720238095238095,0.0008618169765233513
d16-s7,probe_grad,2,5375,5373,0.0003720238095238095,0.0015271952601015
d16-s7,probe_grad,4,8,4,0.000744047619047619,0.2266289517921688
d16-s7,probe_grad,4,16,12,0.000744047619047619,0.7743103707286262
d16-s7,probe_grad,4,32,28,0.000744047619047619,0.6362904068308587
d16-s7,probe_grad,4,40,36,0.000744047619047619,0.5618615053538746
d16-s7,probe_grad,4,64,60,0.000744047619047619,0.37280762114712696
d16-s7,probe_grad,4,128,124,0.000744047619047619,0.10590491020777922
d16-s7,probe_grad,4,256,252,0.000744047619047619,0.06131540967134173
d16-s7,probe_grad,4,269,265,0.000744047619047619,0.05027071929401461
d16-s7,probe_grad,4,400,396,0.000744047619047619,0.0357442289639212
d16-s7,probe_grad,4,538,534,0.000744047619047619,0.021813305844266606
d16-s7,probe_grad,4,806,802,0.000744047619047619,0.02023293631724247
d16-s7,probe_grad,4,1075,1071,0.000744047619047619,0.014546613344302458
d16-s7,probe_grad,4,1344,1340,0.000744047619047619,0.011555662463656954
d16-s7,probe_grad,4,1613,1609,0.000744047619047619,0.0038187900120092225
d16-s7,probe_grad,4,1881,1877,0.000744047619047619,0.006424739578496888
d16-s7,probe_grad,4,1882,1878,0.000744047619047619,0.004225200253332609
d16-s7,probe_grad,4,2150,2146,0.000744047619047619,0.0025630127097682038
d16-s7,probe_grad,4,2419,2415,0.000744047619047619,0.001991325649553696
d16-s7,probe_grad,4,2688,2684,0.000744047619047619,0.0024758169671961895
d16-s7,probe_grad,4,2956,2952,0.000744047619047619,0.0012259050576648835
d16-s7,probe_grad,4,3225,3221,0.000744047619047619,0.002173763972383632
d16-s7,probe_grad,4,3494,3490,0.000744047619047619,0.001646491286872581
d16-s7,probe_grad,4,3763,3759,0.000744047619047619,0.0019978432981975006
d16-s7,probe_grad,4,4031,4027,0.000744047619047619,0.003290765749688885
d16-s7,probe_grad,4,4300,4296,0.000744047619047619,0.003332791529317262
d16-s7,probe_grad,4,4569,4565,0.000744047619047619,0.00224493625057236
d16-s7,probe_grad,4,4838,4834,0.000744047619047619,0.0019384980503856658
d16-s7,probe_grad,4,5106,5102,0.000744047619047619,0.00231670115352481
d16-s7,probe_grad,4,5375,5371,0.000744047619047619,0.003067728228344245
d16-s7,probe_grad,8,16,8,0.001488095238095238,0.1940121348617196
d16-s7,probe_grad,8,32,24,0.001488095238095238,0.257966890952169
d16-s7,probe_grad,8,40,32,0.001488095238095238,0.25699944219256465
d16-s7,probe_grad,8,64,56,0.001488095238095238,0.213185869865425
d16-s7,probe_grad,8,128,120,0.001488095238095238,0.09989975390565806
d16-s7,probe_grad,8,256,248,0.001488095238095238,0.10226970599231924
d16-s7,probe_grad,8,269,261,0.001488095238095238,0.13343911544947248
d16-s7,probe_grad,8,400,392,0.001488095238095238,0.0862843238218809
d16-s7,probe_grad,8,538,530,0.001488095238095238,0.06201757915202582
d16-s7,probe_grad,8,806,798,0.001488095238095238,0.026028884605981625
d16-s7,probe_grad,8,1075,1067,0.001488095238095238,0.03097904355247624
d16-s7,probe_grad,8,1344,1336,0.001488095238095238,-0.02245880156049501
d16-s7,probe_grad,8,1613,1605,0.001488095238095238,-0.0070620455638366365
d16-s7,probe_grad,8,1881,1873,0.001488095238095238,0.01915660737150321
d16-s7,probe_grad,8,1882,1874,0.001488095238095238,-0.0030639741211499916
d16-s7,probe_grad,8,2150,2142,0.001488095238095238,0.013166901374257231
d16-s7,probe_grad,8,2419,2411,0.001488095238095238,0.01221289878386773
d16-s7,probe_grad,8,2688,2680,0.001488095238095238,-0.012409113652423332
d16-s7,probe_grad,8,2956,2948,0.001488095238095238,-0.0003855831208186263
d16-s7,probe_grad,8,3225,3217,0.001488095238095238,0.000979814679402008
d16-s7,probe_grad,8,3494,3486,0.001488095238095238,0.006794523712183713
d16-s7,probe_grad,8,3763,3755,0.001488095238095238,0.0034415611094177683
d16-s7,probe_grad,8,4031,4023,0.001488095238095238,-0.009986374908018387
d16-s7,probe_grad,8,4300,4292,0.001488095238095238,0.0010366633278936041
d16-s7,probe_grad,8,4569,4561,0.001488095238095238,-0.0029153832130546704
d16-s7,probe_grad,8,4838,4830,0.001488095238095238,0.003483178409515682
d16-s7,probe_grad,8,5106,5098,0.001488095238095238,-0.003244311540949652
d16-s7,probe_grad,8,5375,5367,0.001488095238095238,-0.0028683792642034372
d16-s7,probe_grad,16,32,16,0.002976190476190476,0.8433036958081862
d16-s7,probe_grad,16,40,24,0.002976190476190476,0.7432037516972334
d16-s7,probe_grad,16,64,48,0.002976190476190476,0.5182686028671406
d16-s7,probe_grad,16,128,112,0.002976190476190476,0.17396439838457392
d16-s7,probe_grad,16,256,240,0.002976190476190476,0.08823994211165943
d16-s7,probe_grad,16,269,253,0.002976190476190476,0.06613038754721054
d16-s7,probe_grad,16,400,384,0.002976190476190476,0.058269131164574196
d16-s7,probe_grad,16,538,522,0.002976190476190476,0.043965859160649434
d16-s7,probe_grad,16,806,790,0.002976190476190476,0.04261458310946467
d16-s7,probe_grad,16,1075,1059,0.002976190476190476,0.027682658639337016
d16-s7,probe_grad,16,1344,1328,0.002976190476190476,0.0301581048227884
d16-s7,probe_grad,16,1613,1597,0.002976190476190476,0.018295615860050133
d16-s7,probe_grad,16,1881,1865,0.002976190476190476,0.014642469405798067
d16-s7,probe_grad,16,1882,1866,0.002976190476190476,0.017597621472032966
d16-s7,probe_grad,16,2150,2134,0.002976190476190476,0.01201022101214354
d16-s7,probe_grad,16,2419,2403,0.002976190476190476,0.01028414487433879
d16-s7,probe_grad,16,2688,2672,0.002976190476190476,0.01202574348997254
d16-s7,probe_grad,16,2956,2940,0.002976190476190476,0.009162059101660285
d16-s7,probe_grad,16,3225,3209,0.002976190476190476,0.008315852117726542
d16-s7,probe_grad,16,3494,3478,0.002976190476190476,0.007713747725082322
d16-s7,probe_grad,16,3763,3747,0.002976190476190476,0.008646243394293486
d16-s7,probe_grad,16,4031,4015,0.002976190476190476,0.011568307211703495
d16-s7,probe_grad,16,4300,4284,0.002976190476190476,0.010417859018288199
d16-s7,probe_grad,16,4569,4553,0.002976190476190476,0.010511359126953047
d16-s7,probe_grad,16,4838,4822,0.002976190476190476,0.008816354511507182
d16-s7,probe_grad,16,5106,5090,0.002976190476190476,0.010734132703200866
d16-s7,probe_grad,16,5375,5359,0.002976190476190476,0.010994025994020872
d16-s7,probe_grad,32,40,8,0.005952380952380952,0.9604451805660249
d16-s7,probe_grad,32,64,32,0.005952380952380952,0.672599024598933
d16-s7,probe_grad,32,128,96,0.005952380952380952,0.22414128017646917
d16-s7,probe_grad,32,256,224,0.005952380952380952,0.11953091098641945
d16-s7,probe_grad,32,269,237,0.005952380952380952,0.09117561051761508
d16-s7,probe_grad,32,400,368,0.005952380952380952,0.08560581472093641
d16-s7,probe_grad,32,538,506,0.005952380952380952,0.06684502250298828
d16-s7,probe_grad,32,806,774,0.005952380952380952,0.06350942098744823
d16-s7,probe_grad,32,1075,1043,0.005952380952380952,0.04616363538878892
d16-s7,probe_grad,32,1344,1312,0.005952380952380952,0.04385917848801571
d16-s7,probe_grad,32,1613,1581,0.005952380952380952,0.0311181564280745
d16-s7,probe_grad,32,1881,1849,0.005952380952380952,0.02536121348873984
d16-s7,probe_grad,32,1882,1850,0.005952380952380952,0.027829812383703613
d16-s7,probe_grad,32,2150,2118,0.005952380952380952,0.02046969498072497
d16-s7,probe_grad,32,2419,2387,0.005952380952380952,0.01825266257317801
d16-s7,probe_grad,32,2688,2656,0.005952380952380952,0.018901852866105396
d16-s7,probe_grad,32,2956,2924,0.005952380952380952,0.01638863458006704
d16-s7,probe_grad,32,3225,3193,0.005952380952380952,0.013637961190766785
d16-s7,probe_grad,32,3494,3462,0.005952380952380952,0.01351100673764118
d16-s7,probe_grad,32,3763,3731,0.005952380952380952,0.014761034883052696
d16-s7,probe_grad,32,4031,3999,0.005952380952380952,0.016721529321154425
d16-s7,probe_grad,32,4300,4268,0.005952380952380952,0.015848897004498288
d16-s7,probe_grad,32,4569,4537,0.005952380952380952,0.016604314231223136
d16-s7,probe_grad,32,4838,4806,0.005952380952380952,0.015565249828185367
d16-s7,probe_grad,32,5106,5074,0.005952380952380952,0.01716457282253907
d16-s7,probe_grad,32,5375,5343,0.005952380952380952,0.017269173599102863
d16-s7,probe_grad,40,64,24,0.00744047619047619,0.7357295773387929
d16-s7,probe_grad,40,128,88,0.00744047619047619,0.24466961988958466
d16-s7,probe_grad,40,256,216,0.00744047619047619,0.13414554831813297
d16-s7,probe_grad,40,269,229,0.00744047619047619,0.10604923719323979
d16-s7,probe_grad,40,400,360,0.00744047619047619,0.09998370110080093
d16-s7,probe_grad,40,538,498,0.00744047619047619,0.07960102623716875
d16-s7,probe_grad,40,806,766,0.00744047619047619,0.07304302398482598
d16-s7,probe_grad,40,1075,1035,0.00744047619047619,0.05496715658340887
d16-s7,probe_grad,40,1344,1304,0.00744047619047619,0.04966030639361574
d16-s7,probe_grad,40,1613,1573,0.00744047619047619,0.036588216808478034
d16-s7,probe_grad,40,1881,1841,0.00744047619047619,0.03181697542031611
d16-s7,probe_grad,40,1882,1842,0.00744047619047619,0.03293848140388417
d16-s7,probe_grad,40,2150,2110,0.00744047619047619,0.024958986968211663
d16-s7,probe_grad,40,2419,2379,0.00744047619047619,0.023234165708014443
d16-s7,probe_grad,40,2688,2648,0.00744047619047619,0.022144804734788616
d16-s7,probe_grad,40,2956,2916,0.00744047619047619,0.019829293450218288
d16-s7,probe_grad,40,3225,3185,0.00744047619047619,0.017706054722975765
d16-s7,probe_grad,40,3494,3454,0.00744047619047619,0.01689598123199006
d16-s7,probe_grad,40,3763,3723,0.00744047619047619,0.017811361322700156
d16-s7,probe_grad,40,4031,3991,0.00744047619047619,0.01974159331386883
d16-s7,probe_grad,40,4300,4260,0.00744047619047619,0.01959475487534306
d16-s7,probe_grad,40,4569,4529,0.00744047619047619,0.020180169698012396
d16-s7,probe_grad,40,4838,4798,0.00744047619047619,0.01938999839437257
d16-s7,probe_grad,40,5106,5066,0.00744047619047619,0.020892590733906438
d16-s7,probe_grad,40,5375,5335,0.00744047619047619,0.02113073786473256
d16-s7,probe_grad,64,128,64,0.011904761904761904,0.3329830520623242
d16-s7,probe_grad,64,256,192,0.011904761904761904,0.1910990929225083
d16-s7,probe_grad,64,269,205,0.011904761904761904,0.1707314440678533
d16-s7,probe_grad,64,400,336,0.011904761904761904,0.1384046316989244
d16-s7,probe_grad,64,538,474,0.011904761904761904,0.11124344803129498
d16-s7,probe_grad,64,806,742,0.011904761904761904,0.08736216831933433
d16-s7,probe_grad,64,1075,1011,0.011904761904761904,0.0716311481911743
d16-s7,probe_grad,64,1344,1280,0.011904761904761904,0.05147879262157174
d16-s7,probe_grad,64,1613,1549,0.011904761904761904,0.038436717571711104
d16-s7,probe_grad,64,1881,1817,0.011904761904761904,0.042262689518594326
d16-s7,probe_grad,64,1882,1818,0.011904761904761904,0.03655971583656105
d16-s7,probe_grad,64,2150,2086,0.011904761904761904,0.0358264015418311
d16-s7,probe_grad,64,2419,2355,0.011904761904761904,0.029951405576237648
d16-s7,probe_grad,64,2688,2624,0.011904761904761904,0.023607731675507816
d16-s7,probe_grad,64,2956,2892,0.011904761904761904,0.024529964407445096
d16-s7,probe_grad,64,3225,3161,0.011904761904761904,0.021137921430934636
d16-s7,probe_grad,64,3494,3430,0.011904761904761904,0.022184976176810953
d16-s7,probe_grad,64,3763,3699,0.011904761904761904,0.022194454006435185
d16-s7,probe_grad,64,4031,3967,0.011904761904761904,0.019452535903792038
d16-s7,probe_grad,64,4300,4236,0.011904761904761904,0.022828653650000502
d16-s7,probe_grad,64,4569,4505,0.011904761904761904,0.02144461741505726
d16-s7,probe_grad,64,4838,4774,0.011904761904761904,0.02285181853408704
d16-s7,probe_grad,64,5106,5042,0.011904761904761904,0.02311256720629625
d16-s7,probe_grad,64,5375,5311,0.011904761904761904,0.02328084936474938
d16-s7,probe_grad,128,256,128,0.023809523809523808,0.3431802173284812
d16-s7,probe_grad,128,269,141,0.023809523809523808,0.33934440663539367
d16-s7,probe_grad,128,400,272,0.023809523809523808,0.22930796504835377
d16-s7,probe_grad,128,538,410,0.023809523809523808,0.18911739591013102
d16-s7,probe_grad,128,806,678,0.023809523809523808,0.12112107727869575
d16-s7,probe_grad,128,1075,947,0.023809523809523808,0.10064318424294064
d16-s7,probe_grad,128,1344,1216,0.023809523809523808,0.05143256783875997
d16-s7,probe_grad,128,1613,1485,0.023809523809523808,0.03865818495300078
d16-s7,probe_grad,128,1881,1753,0.023809523809523808,0.053154626117224005
d16-s7,probe_grad,128,1882,1754,0.023809523809523808,0.0335398288421824
d16-s7,probe_grad,128,2150,2022,0.023809523809523808,0.05110895039964767
d16-s7,probe_grad,128,2419,2291,0.023809523809523808,0.0387483827936345
d16-s7,probe_grad,128,2688,2560,0.023809523809523808,0.020488201904658755
d16-s7,probe_grad,128,2956,2828,0.023809523809523808,0.03124858515489749
d16-s7,probe_grad,128,3225,3097,0.023809523809523808,0.022259438136147027
d16-s7,probe_grad,128,3494,3366,0.023809523809523808,0.028828650986811706
d16-s7,probe_grad,128,3763,3635,0.023809523809523808,0.02725006863052884
d16-s7,probe_grad,128,4031,3903,0.023809523809523808,0.01635524722731735
d16-s7,probe_grad,128,4300,4172,0.023809523809523808,0.023409926734022136
d16-s7,probe_grad,128,4569,4441,0.023809523809523808,0.018956257086080803
d16-s7,probe_grad,128,4838,4710,0.023809523809523808,0.022117018525882385
d16-s7,probe_grad,128,5106,4978,0.023809523809523808,0.020980465588590295
d16-s7,probe_grad,128,5375,5247,0.023809523809523808,0.021335929170216685
d16-s7,probe_grad,256,269,13,0.047619047619047616,0.7953393658172131
d16-s7,probe_grad,256,400,144,0.047619047619047616,0.47954348783937367
d16-s7,probe_grad,256,538,282,0.047619047619047616,0.3732674652836453
d16-s7,probe_grad,256,806,550,0.047619047619047616,0.2705339698195575
d16-s7,probe_grad,256,1075,819,0.047619047619047616,0.23703405120938803
d16-s7,probe_grad,256,1344,1088,0.047619047619047616,0.15764752791205647
d16-s7,probe_grad,256,1613,1357,0.047619047619047616,0.11609953918337935
d16-s7,probe_grad,256,1881,1625,0.047619047619047616,0.13844814893630622
d16-s7,probe_grad,256,1882,1626,0.047619047619047616,0.10939861619644443
d16-s7,probe_grad,256,2150,1894,0.047619047619047616,0.12820765021752248
d16-s7,probe_grad,256,2419,2163,0.047619047619047616,0.09294562120313621
d16-s7,probe_grad,256,2688,2432,0.047619047619047616,0.06643919070778903
d16-s7,probe_grad,256,2956,2700,0.047619047619047616,0.07875309205303527
d16-s7,probe_grad,256,3225,2969,0.047619047619047616,0.06712317990261193
d16-s7,probe_grad,256,3494,3238,0.047619047619047616,0.07509438237359634
d16-s7,probe_grad,256,3763,3507,0.047619047619047616,0.07340800159803389
d16-s7,probe_grad,256,4031,3775,0.047619047619047616,0.05734283180867291
d16-s7,probe_grad,256,4300,4044,0.047619047619047616,0.06666406527344049
d16-s7,probe_grad,256,4569,4313,0.047619047619047616,0.06085648744141086
d16-s7,probe_grad,256,4838,4582,0.047619047619047616,0.0671227822076159
d16-s7,probe_grad,256,5106,4850,0.047619047619047616,0.06486648805806036
d16-s7,probe_grad,256,5375,5119,0.047619047619047616,0.06642046707032366
d16-s7,probe_grad,269,400,131,0.050037202380952384,0.48881879436216996
d16-s7,probe_grad,269,538,269,0.050037202380952384,0.4010279424045502
d16-s7,probe_grad,269,806,537,0.050037202380952384,0.25771571943126886
d16-s7,probe_grad,269,1075,806,0.050037202380952384,0.22453311971826914
d16-s7,probe_grad,269,1344,1075,0.050037202380952384,0.11260479361081997
d16-s7,probe_grad,269,1613,1344,0.050037202380952384,0.07623845331196641
d16-s7,probe_grad,269,1881,1612,0.050037202380952384,0.1229274029291088
d16-s7,probe_grad,269,1882,1613,0.050037202380952384,0.07216863953502832
d16-s7,probe_grad,269,2150,1881,0.050037202380952384,0.12221335817513036
d16-s7,probe_grad,269,2419,2150,0.050037202380952384,0.08434109493777388
d16-s7,probe_grad,269,2688,2419,0.050037202380952384,0.03634448947298248
d16-s7,probe_grad,269,2956,2687,0.050037202380952384,0.06852518089821528
d16-s7,probe_grad,269,3225,2956,0.050037202380952384,0.047609537908933894
d16-s7,probe_grad,269,3494,3225,0.050037202380952384,0.06488092348559561
d16-s7,probe_grad,269,3763,3494,0.050037202380952384,0.06351182518745216
d16-s7,probe_grad,269,4031,3762,0.050037202380952384,0.03500022922116494
d16-s7,probe_grad,269,4300,4031,0.050037202380952384,0.05353366320366157
d16-s7,probe_grad,269,4569,4300,0.050037202380952384,0.03969167038342762
d16-s7,probe_grad,269,4838,4569,0.050037202380952384,0.048472880978013576
d16-s7,probe_grad,269,5106,4837,0.050037202380952384,0.042791209403403536
d16-s7,probe_grad,269,5375,5106,0.050037202380952384,0.04569071017261341
d16-s7,probe_grad,400,538,138,0.0744047619047619,0.5442818671503505
d16-s7,probe_grad,400,806,406,0.0744047619047619,0.42088445958432164
d16-s7,probe_grad,400,1075,675,0.0744047619047619,0.37518256183027854
d16-s7,probe_grad,400,1344,944,0.0744047619047619,0.27147214616306903
d16-s7,probe_grad,400,1613,1213,0.0744047619047619,0.21840705424928317
d16-s7,probe_grad,400,1881,1481,0.0744047619047619,0.22455047290710045
d16-s7,probe_grad,400,1882,1482,0.0744047619047619,0.1939089686421732
d16-s7,probe_grad,400,2150,1750,0.0744047619047619,0.19780989572747582
d16-s7,probe_grad,400,2419,2019,0.0744047619047619,0.15303255790482995
d16-s7,probe_grad,400,2688,2288,0.0744047619047619,0.12326628083973938
d16-s7,probe_grad,400,2956,2556,0.0744047619047619,0.13158403390580597
d16-s7,probe_grad,400,3225,2825,0.0744047619047619,0.1171281409473812
d16-s7,probe_grad,400,3494,3094,0.0744047619047619,0.12195863903556213
d16-s7,probe_grad,400,3763,3363,0.0744047619047619,0.11911553668831404
d16-s7,probe_grad,400,4031,3631,0.0744047619047619,0.10985198951721388
d16-s7,probe_grad,400,4300,3900,0.0744047619047619,0.11734526675562924
d16-s7,probe_grad,400,4569,4169,0.0744047619047619,0.11183015195522392
d16-s7,probe_grad,400,4838,4438,0.0744047619047619,0.1164590844655257
d16-s7,probe_grad,400,5106,4706,0.0744047619047619,0.11569932776199986
d16-s7,probe_grad,400,5375,4975,0.0744047619047619,0.1177728138252388
d16-s7,probe_grad,538,806,268,0.10007440476190477,0.5383238257549988
d16-s7,probe_grad,538,1075,537,0.10007440476190477,0.4578257744346677
d16-s7,probe_grad,538,1344,806,0.10007440476190477,0.3419496402322625
d16-s7,probe_grad,538,1613,1075,0.10007440476190477,0.2954048172476251
d16-s7,probe_grad,538,1881,1343,0.10007440476190477,0.28402727473113265
d16-s7,probe_grad,538,1882,1344,0.10007440476190477,0.26144220905372506
d16-s7,probe_grad,538,2150,1612,0.10007440476190477,0.2506618534336114
d16-s7,probe_grad,538,2419,1881,0.10007440476190477,0.206357875626875
d16-s7,probe_grad,538,2688,2150,0.10007440476190477,0.16727689317053485
d16-s7,probe_grad,538,2956,2418,0.10007440476190477,0.174167288841713
d16-s7,probe_grad,538,3225,2687,0.10007440476190477,0.15431713953334011
d16-s7,probe_grad,538,3494,2956,0.10007440476190477,0.16052199953206475
d16-s7,probe_grad,538,3763,3225,0.10007440476190477,0.15589496045089565
d16-s7,probe_grad,538,4031,3493,0.10007440476190477,0.14563554053627864
d16-s7,probe_grad,538,4300,3762,0.10007440476190477,0.1550849689031028
d16-s7,probe_grad,538,4569,4031,0.10007440476190477,0.15066677726885727
d16-s7,probe_grad,538,4838,4300,0.10007440476190477,0.15583136935249617
d16-s7,probe_grad,538,5106,4568,0.10007440476190477,0.15647391258577867
d16-s7,probe_grad,538,5375,4837,0.10007440476190477,0.15987424170083725
d16-s7,probe_grad,806,1075,269,0.14992559523809523,0.6034918284709009
d16-s7,probe_grad,806,1344,538,0.14992559523809523,0.5180021864544208
d16-s7,probe_grad,806,1613,807,0.14992559523809523,0.4640734479856709
d16-s7,probe_grad,806,1881,1075,0.14992559523809523,0.41519779150681607
d16-s7,probe_grad,806,1882,1076,0.14992559523809523,0.4262860258569635
d16-s7,probe_grad,806,2150,1344,0.14992559523809523,0.3729204957979901
d16-s7,probe_grad,806,2419,1613,0.14992559523809523,0.3258891013150692
d16-s7,probe_grad,806,2688,1882,0.14992559523809523,0.30440416404207876
d16-s7,probe_grad,806,2956,2150,0.14992559523809523,0.28729311203434893
d16-s7,probe_grad,806,3225,2419,0.14992559523809523,0.2761016882867737
d16-s7,probe_grad,806,3494,2688,0.14992559523809523,0.27381825675952215
d16-s7,probe_grad,806,3763,2957,0.14992559523809523,0.2669445336190194
d16-s7,probe_grad,806,4031,3225,0.14992559523809523,0.27188250482092213
d16-s7,probe_grad,806,4300,3494,0.14992559523809523,0.2746488772519024
d16-s7,probe_grad,806,4569,3763,0.14992559523809523,0.2767531399316098
d16-s7,probe_grad,806,4838,4032,0.14992559523809523,0.2809498317710737
d16-s7,probe_grad,806,5106,4300,0.14992559523809523,0.28162669837671384
d16-s7,probe_grad,806,5375,4569,0.14992559523809523,0.2844471451007875
d16-s7,probe_grad,1075,1344,269,0.19996279761904762,0.6665001608147786
d16-s7,probe_grad,1075,1613,538,0.19996279761904762,0.5985868898695617
d16-s7,probe_grad,1075,1881,806,0.19996279761904762,0.612435105228037
d16-s7,probe_grad,1075,1882,807,0.19996279761904762,0.5599277944174047
d16-s7,probe_grad,1075,2150,1075,0.19996279761904762,0.5745767465956
d16-s7,probe_grad,1075,2419,1344,0.19996279761904762,0.491439348434686
d16-s7,probe_grad,1075,2688,1613,0.19996279761904762,0.46286685087786944
d16-s7,probe_grad,1075,2956,1881,0.19996279761904762,0.4585187038377143
d16-s7,probe_grad,1075,3225,2150,0.19996279761904762,0.45245530512792004
d16-s7,probe_grad,1075,3494,2419,0.19996279761904762,0.44722259403136005
d16-s7,probe_grad,1075,3763,2688,0.19996279761904762,0.4517027347308999
d16-s7,probe_grad,1075,4031,2956,0.19996279761904762,0.4417549290371461
d16-s7,probe_grad,1075,4300,3225,0.19996279761904762,0.4459014150397074
d16-s7,probe_grad,1075,4569,3494,0.19996279761904762,0.44092466603157765
d16-s7,probe_grad,1075,4838,3763,0.19996279761904762,0.44719410781925806
d16-s7,probe_grad,1075,5106,4031,0.19996279761904762,0.44239013032031
d16-s7,probe_grad,1075,5375,4300,0.19996279761904762,0.44822721129742343
d16-s7,probe_grad,1344,1613,269,0.25,0.7076021070538578
d16-s7,probe_grad,1344,1881,537,0.25,0.671430521481692
d16-s7,probe_grad,1344,1882,538,0.25,0.6746289292304104
d16-s7,probe_grad,1344,2150,806,0.25,0.6349902163328287
d16-s7,probe_grad,1344,2419,1075,0.25,0.5582414798460335
d16-s7,probe_grad,1344,2688,1344,0.25,0.5740820168188927
d16-s7,probe_grad,1344,2956,1612,0.25,0.5452595376462755
d16-s7,probe_grad,1344,3225,1881,0.25,0.551485133483958
d16-s7,probe_grad,1344,3494,2150,0.25,0.5303700174731585
d16-s7,probe_grad,1344,3763,2419,0.25,0.5314913997502462
d16-s7,probe_grad,1344,4031,2687,0.25,0.5307992683345236
d16-s7,probe_grad,1344,4300,2956,0.25,0.532294041708672
d16-s7,probe_grad,1344,4569,3225,0.25,0.5324079117999002
d16-s7,probe_grad,1344,4838,3494,0.25,0.5314420358503553
d16-s7,probe_grad,1344,5106,3762,0.25,0.5327047195018147
d16-s7,probe_grad,1344,5375,4031,0.25,0.5332978033863051
d16-s7,probe_grad,1613,1881,268,0.3000372023809524,0.7252156813140506
d16-s7,probe_grad,1613,1882,269,0.3000372023809524,0.7720973046192458
d16-s7,probe_grad,1613,2150,537,0.3000372023809524,0.6972268126086082
d16-s7,probe_grad,1613,2419,806,0.3000372023809524,0.6833393474465113
d16-s7,probe_grad,1613,2688,1075,0.3000372023809524,0.6516551127084582
d16-s7,probe_grad,1613,2956,1343,0.3000372023809524,0.6275527646515533
d16-s7,probe_grad,1613,3225,1612,0.3000372023809524,0.624289905610925
d16-s7,probe_grad,1613,3494,1881,0.3000372023809524,0.6093370712698661
d16-s7,probe_grad,1613,3763,2150,0.3000372023809524,0.5976516868729417
d16-s7,probe_grad,1613,4031,2418,0.3000372023809524,0.6091902514957285
d16-s7,probe_grad,1613,4300,2687,0.3000372023809524,0.6019664746828796
d16-s7,probe_grad,1613,4569,2956,0.3000372023809524,0.6010924069367158
d16-s7,probe_grad,1613,4838,3225,0.3000372023809524,0.5944243519210904
d16-s7,probe_grad,1613,5106,3493,0.3000372023809524,0.5926412139688275
d16-s7,probe_grad,1613,5375,3762,0.3000372023809524,0.5926431418814397
d16-s7,probe_grad,1881,1882,1,0.34988839285714285,0.9142562956115204
d16-s7,probe_grad,1881,2150,269,0.34988839285714285,0.8122278306725284
d16-s7,probe_grad,1881,2419,538,0.34988839285714285,0.7339237113998427
d16-s7,probe_grad,1881,2688,807,0.34988839285714285,0.7157005844638611
d16-s7,probe_grad,1881,2956,1075,0.34988839285714285,0.7136959344736594
d16-s7,probe_grad,1881,3225,1344,0.34988839285714285,0.700366953546361
d16-s7,probe_grad,1881,3494,1613,0.34988839285714285,0.69409911889699
d16-s7,probe_grad,1881,3763,1882,0.34988839285714285,0.6810885061961476
d16-s7,probe_grad,1881,4031,2150,0.34988839285714285,0.6673452929011243
d16-s7,probe_grad,1881,4300,2419,0.34988839285714285,0.6817996944870591
d16-s7,probe_grad,1881,4569,2688,0.34988839285714285,0.6693759635826411
d16-s7,probe_grad,1881,4838,2957,0.34988839285714285,0.6730071973691533
d16-s7,probe_grad,1881,5106,3225,0.34988839285714285,0.6665385985432754
d16-s7,probe_grad,1881,5375,3494,0.34988839285714285,0.6727399436219323
d16-s7,probe_grad,1882,2150,268,0.35007440476190477,0.7756389122624561
d16-s7,probe_grad,1882,2419,537,0.35007440476190477,0.7489188795713674
d16-s7,probe_grad,1882,2688,806,0.35007440476190477,0.7332470577299056
d16-s7,probe_grad,1882,2956,1074,0.35007440476190477,0.6978627704814788
d16-s7,probe_grad,1882,3225,1343,0.35007440476190477,0.695461641639355
d16-s7,probe_grad,1882,3494,1612,0.35007440476190477,0.6872068268780733
d16-s7,probe_grad,1882,3763,1881,0.35007440476190477,0.6648128166494008
d16-s7,probe_grad,1882,4031,2149,0.35007440476190477,0.6731520831740164
d16-s7,probe_grad,1882,4300,2418,0.35007440476190477,0.6670220527765449
d16-s7,probe_grad,1882,4569,2687,0.35007440476190477,0.6639418150175349
d16-s7,probe_grad,1882,4838,2956,0.35007440476190477,0.6579086162247779
d16-s7,probe_grad,1882,5106,3224,0.35007440476190477,0.6611437882093297
d16-s7,probe_grad,1882,5375,3493,0.35007440476190477,0.6553817945616003
d16-s7,probe_grad,2150,2419,269,0.39992559523809523,0.7991530048751163
d16-s7,probe_grad,2150,2688,538,0.39992559523809523,0.7890668091656636
d16-s7,probe_grad,2150,2956,806,0.39992559523809523,0.7718617271785565
d16-s7,probe_grad,2150,3225,1075,0.39992559523809523,0.7664999772221032
d16-s7,probe_grad,2150,3494,1344,0.39992559523809523,0.7589370636119216
d16-s7,probe_grad,2150,3763,1613,0.39992559523809523,0.7579051106628247
d16-s7,probe_grad,2150,4031,1881,0.39992559523809523,0.7443613387618994
d16-s7,probe_grad,2150,4300,2150,0.39992559523809523,0.7440633891520443
d16-s7,probe_grad,2150,4569,2419,0.39992559523809523,0.7399844732849415
d16-s7,probe_grad,2150,4838,2688,0.39992559523809523,0.7366006439653868
d16-s7,probe_grad,2150,5106,2956,0.39992559523809523,0.7323112959837144
d16-s7,probe_grad,2150,5375,3225,0.39992559523809523,0.7309437768081611
d16-s7,probe_grad,2419,2688,269,0.4499627976190476,0.8231255539717065
d16-s7,probe_grad,2419,2956,537,0.4499627976190476,0.8152748202766251
d16-s7,probe_grad,2419,3225,806,0.4499627976190476,0.7965663936505051
d16-s7,probe_grad,2419,3494,1075,0.4499627976190476,0.7909243708543723
d16-s7,probe_grad,2419,3763,1344,0.4499627976190476,0.7856507929586346
d16-s7,probe_grad,2419,4031,1612,0.4499627976190476,0.7813746491778398
d16-s7,probe_grad,2419,4300,1881,0.4499627976190476,0.777989592712424
d16-s7,probe_grad,2419,4569,2150,0.4499627976190476,0.7735044768078316
d16-s7,probe_grad,2419,4838,2419,0.4499627976190476,0.7630928642555856
d16-s7,probe_grad,2419,5106,2687,0.4499627976190476,0.7571298196515178
d16-s7,probe_grad,2419,5375,2956,0.4499627976190476,0.7582332317019935
d16-s7,probe_grad,2688,2956,268,0.5,0.863653251934349
d16-s7,probe_grad,2688,3225,537,0.5,0.847585433888072
d16-s7,probe_grad,2688,3494,806,0.5,0.81952478646441
d16-s7,probe_grad,2688,3763,1075,0.5,0.8100418355759663
d16-s7,probe_grad,2688,4031,1343,0.5,0.824002302467951
d16-s7,probe_grad,2688,4300,1612,0.5,0.8113069354572723
d16-s7,probe_grad,2688,4569,1881,0.5,0.8146456519137868
d16-s7,probe_grad,2688,4838,2150,0.5,0.8015390744576059
d16-s7,probe_grad,2688,5106,2418,0.5,0.8096957675290357
d16-s7,probe_grad,2688,5375,2687,0.5,0.8031209593077644
d16-s7,probe_grad,2956,3225,269,0.5498511904761905,0.8629234401013244
d16-s7,probe_grad,2956,3494,538,0.5498511904761905,0.8574855382820465
d16-s7,probe_grad,2956,3763,807,0.5498511904761905,0.8458456420925724
d16-s7,probe_grad,2956,4031,1075,0.5498511904761905,0.8412888640423287
d16-s7,probe_grad,2956,4300,1344,0.5498511904761905,0.8406544477360077
d16-s7,probe_grad,2956,4569,1613,0.5498511904761905,0.8360672977075686
d16-s7,probe_grad,2956,4838,1882,0.5498511904761905,0.8276453605681835
d16-s7,probe_grad,2956,5106,2150,0.5498511904761905,0.830727432753045
d16-s7,probe_grad,2956,5375,2419,0.5498511904761905,0.8265295733450934
d16-s7,probe_grad,3225,3494,269,0.5998883928571429,0.884005510084388
d16-s7,probe_grad,3225,3763,538,0.5998883928571429,0.8735870222519843
d16-s7,probe_grad,3225,4031,806,0.5998883928571429,0.8594234290551509
d16-s7,probe_grad,3225,4300,1075,0.5998883928571429,0.8588638908863228
d16-s7,probe_grad,3225,4569,1344,0.5998883928571429,0.8539326533232652
d16-s7,probe_grad,3225,4838,1613,0.5998883928571429,0.8474231645171821
d16-s7,probe_grad,3225,5106,1881,0.5998883928571429,0.8504040955665193
d16-s7,probe_grad,3225,5375,2150,0.5998883928571429,0.8448500671826912
d16-s7,probe_grad,3494,3763,269,0.6499255952380952,0.9060492054649524
d16-s7,probe_grad,3494,4031,537,0.6499255952380952,0.8888462884615466
d16-s7,probe_grad,3494,4300,806,0.6499255952380952,0.889487423676464
d16-s7,probe_grad,3494,4569,1075,0.6499255952380952,0.8811037383458625
d16-s7,probe_grad,3494,4838,1344,0.6499255952380952,0.8742522068486958
d16-s7,probe_grad,3494,5106,1612,0.6499255952380952,0.8760164645943587
d16-s7,probe_grad,3494,5375,1881,0.6499255952380952,0.8742417453174806
d16-s7,probe_grad,3763,4031,268,0.6999627976190477,0.9043055592863942
d16-s7,probe_grad,3763,4300,537,0.6999627976190477,0.9018619399183343
d16-s7,probe_grad,3763,4569,806,0.6999627976190477,0.8945605935868183
d16-s7,probe_grad,3763,4838,1075,0.6999627976190477,0.8866856137568124
d16-s7,probe_grad,3763,5106,1343,0.6999627976190477,0.8885482372169288
d16-s7,probe_grad,3763,5375,1612,0.6999627976190477,0.8886584939164943
d16-s7,probe_grad,4031,4300,269,0.7498139880952381,0.9220104887579393
d16-s7,probe_grad,4031,4569,538,0.7498139880952381,0.9158314487550365
d16-s7,probe_grad,4031,4838,807,0.7498139880952381,0.9053254366528769
d16-s7,probe_grad,4031,5106,1075,0.7498139880952381,0.9096198516611361
d16-s7,probe_grad,4031,5375,1344,0.7498139880952381,0.9052784635022049
d16-s7,probe_grad,4300,4569,269,0.7998511904761905,0.9390836176856471
d16-s7,probe_grad,4300,4838,538,0.7998511904761905,0.9285205295036898
d16-s7,probe_grad,4300,5106,806,0.7998511904761905,0.9288405120919343
d16-s7,probe_grad,4300,5375,1075,0.7998511904761905,0.9286660957219246
d16-s7,probe_grad,4569,4838,269,0.8498883928571429,0.9469419868998877
d16-s7,probe_grad,4569,5106,537,0.8498883928571429,0.9475204102780058
d16-s7,probe_grad,4569,5375,806,0.8498883928571429,0.9459206769027674
d16-s7,probe_grad,4838,5106,268,0.8999255952380952,0.960199333476167
d16-s7,probe_grad,4838,5375,537,0.8999255952380952,0.9597397050278306
d16-s7,probe_grad,5106,5375,269,0.9497767857142857,0.974368906800677
