seg,tier,metric,n,ndef,nsteps,veclen
d12-s10-s0-0ffeb05742bb4154a3f1afc202dc3955,continuous,batch/bos_count,2520,2520,2520,0
d12-s10-s0-0ffeb05742bb4154a3f1afc202dc3955,continuous,batch/mean_segment_length,2520,2520,2520,0
d12-s10-s0-0ffeb05742bb4154a3f1afc202dc3955,continuous,batch/micro_batches,2520,2520,2520,0
d12-s10-s0-0ffeb05742bb4154a3f1afc202dc3955,continuous,batch/segments_per_row_max,2520,2520,2520,0
d12-s10-s0-0ffeb05742bb4154a3f1afc202dc3955,continuous,batch/segments_per_row_mean,2520,2520,2520,0
d12-s10-s0-0ffeb05742bb4154a3f1afc202dc3955,continuous,batch/valid_targets,2520,2520,2520,0
d12-s10-s0-0ffeb05742bb4154a3f1afc202dc3955,continuous,grad/finite,54,54,54,0
d12-s10-s0-0ffeb05742bb4154a3f1afc202dc3955,continuous,loss/finite,2520,2520,2520,0
d12-s10-s0-0ffeb05742bb4154a3f1afc202dc3955,continuous,loss/train_mean,2520,2520,2520,0
d12-s10-s0-0ffeb05742bb4154a3f1afc202dc3955,continuous,mem/alloc_end_bytes,2520,2520,2520,0
d12-s10-s0-0ffeb05742bb4154a3f1afc202dc3955,continuous,mem/alloc_start_bytes,2520,2520,2520,0
d12-s10-s0-0ffeb05742bb4154a3f1afc202dc3955,continuous,mem/cuda_peak_absolute,2520,2520,2520,0
d12-s10-s0-0ffeb05742bb4154a3f1afc202dc3955,continuous,optim/beta1,15120,15120,2520,0
d12-s10-s0-0ffeb05742bb4154a3f1afc202dc3955,continuous,optim/beta2,25200,25200,2520,0
d12-s10-s0-0ffeb05742bb4154a3f1afc202dc3955,continuous,optim/eps,15120,15120,2520,0
d12-s10-s0-0ffeb05742bb4154a3f1afc202dc3955,continuous,optim/lr,25200,25200,2520,0
d12-s10-s0-0ffeb05742bb4154a3f1afc202dc3955,continuous,optim/lr_eff,10080,10080,2520,0
d12-s10-s0-0ffeb05742bb4154a3f1afc202dc3955,continuous,optim/momentum,10080,10080,2520,0
d12-s10-s0-0ffeb05742bb4154a3f1afc202dc3955,continuous,optim/ns_steps,10080,10080,2520,0
d12-s10-s0-0ffeb05742bb4154a3f1afc202dc3955,continuous,optim/weight_decay,25200,25200,2520,0
d12-s10-s0-0ffeb05742bb4154a3f1afc202dc3955,continuous,overhead/grads_ready,2520,2520,2520,0
d12-s10-s0-0ffeb05742bb4154a3f1afc202dc3955,continuous,overhead/microbatch_cpu_launch,2520,2520,2520,0
d12-s10-s0-0ffeb05742bb4154a3f1afc202dc3955,continuous,overhead/microbatch_cpu_launch/work,2520,2520,2520,0
d12-s10-s0-0ffeb05742bb4154a3f1afc202dc3955,continuous,overhead/step_end_emit,2520,2520,2520,0
d12-s10-s0-0ffeb05742bb4154a3f1afc202dc3955,continuous,scalars/backout_lambda,2520,2520,2520,0
d12-s10-s0-0ffeb05742bb4154a3f1afc202dc3955,continuous,scalars/resid_lambdas,2520,2520,2520,12
d12-s10-s0-0ffeb05742bb4154a3f1afc202dc3955,continuous,scalars/smear_lambda,2520,2520,2520,0
d12-s10-s0-0ffeb05742bb4154a3f1afc202dc3955,continuous,scalars/x0_lambdas,2520,2520,2520,12
d12-s10-s0-0ffeb05742bb4154a3f1afc202dc3955,continuous,step/dt_excl_serialized_telemetry,2520,2520,2520,0
d12-s10-s0-0ffeb05742bb4154a3f1afc202dc3955,continuous,step/loader_call_elapsed,2520,2520,2520,0
d12-s10-s0-0ffeb05742bb4154a3f1afc202dc3955,continuous,step/observed_dt,2520,2520,2520,0
d12-s10-s0-0ffeb05742bb4154a3f1afc202dc3955,continuous,step/skipped,2520,2520,2520,0
d12-s10-s0-0ffeb05742bb4154a3f1afc202dc3955,periodic,attn/n_undefined_queries/b0,75,75,25,0
d12-s10-s0-0ffeb05742bb4154a3f1afc202dc3955,periodic,attn/n_undefined_queries/b1,75,75,25,0
d12-s10-s0-0ffeb05742bb4154a3f1afc202dc3955,periodic,attn/n_undefined_queries/b2,75,75,25,0
d12-s10-s0-0ffeb05742bb4154a3f1afc202dc3955,periodic,attn/n_undefined_queries/b3,75,75,25,0
d12-s10-s0-0ffeb05742bb4154a3f1afc202dc3955,periodic,attn/per_head_mean_distance,75,75,25,6
d12-s10-s0-0ffeb05742bb4154a3f1afc202dc3955,periodic,attn/per_head_mean_distance/b0,75,75,25,6
d12-s10-s0-0ffeb05742bb4154a3f1afc202dc3955,periodic,attn/per_head_mean_distance/b1,75,75,25,6
d12-s10-s0-0ffeb05742bb4154a3f1afc202dc3955,periodic,attn/per_head_mean_distance/b2,75,75,25,6
d12-s10-s0-0ffeb05742bb4154a3f1afc202dc3955,periodic,attn/per_head_mean_distance/b3,75,75,25,6
d12-s10-s0-0ffeb05742bb4154a3f1afc202dc3955,periodic,attn/per_head_median_distance,75,75,25,6
d12-s10-s0-0ffeb05742bb4154a3f1afc202dc3955,periodic,attn/per_head_median_distance/b0,75,75,25,6
d12-s10-s0-0ffeb05742bb4154a3f1afc202dc3955,periodic,attn/per_head_median_distance/b1,75,75,25,6
d12-s10-s0-0ffeb05742bb4154a3f1afc202dc3955,periodic,attn/per_head_median_distance/b2,75,75,25,6
d12-s10-s0-0ffeb05742bb4154a3f1afc202dc3955,periodic,attn/per_head_median_distance/b3,75,75,25,6
d12-s10-s0-0ffeb05742bb4154a3f1afc202dc3955,periodic,attn/per_head_norm_entropy,75,75,25,6
d12-s10-s0-0ffeb05742bb4154a3f1afc202dc3955,periodic,attn/per_head_norm_entropy/b0,75,75,25,6
d12-s10-s0-0ffeb05742bb4154a3f1afc202dc3955,periodic,attn/per_head_norm_entropy/b1,75,75,25,6
d12-s10-s0-0ffeb05742bb4154a3f1afc202dc3955,periodic,attn/per_head_norm_entropy/b2,75,75,25,6
d12-s10-s0-0ffeb05742bb4154a3f1afc202dc3955,periodic,attn/per_head_norm_entropy/b3,75,75,25,6
d12-s10-s0-0ffeb05742bb4154a3f1afc202dc3955,periodic,attn/validation_max_abs_err,75,75,25,0
d12-s10-s0-0ffeb05742bb4154a3f1afc202dc3955,periodic,grad/max_abs,375,375,25,0
d12-s10-s0-0ffeb05742bb4154a3f1afc202dc3955,periodic,grad/nonfinite,375,375,25,0
d12-s10-s0-0ffeb05742bb4154a3f1afc202dc3955,periodic,grad/norm,2825,2825,25,0
d12-s10-s0-0ffeb05742bb4154a3f1afc202dc3955,periodic,grad/rms,2825,2825,25,0
d12-s10-s0-0ffeb05742bb4154a3f1afc202dc3955,periodic,grad/zero_fraction,375,375,25,0
d12-s10-s0-0ffeb05742bb4154a3f1afc202dc3955,periodic,muon/cautious_mask_fraction,1950,1950,25,0
d12-s10-s0-0ffeb05742bb4154a3f1afc202dc3955,periodic,muon/cos_data_decay,1950,1872,25,0
d12-s10-s0-0ffeb05742bb4154a3f1afc202dc3955,periodic,muon/cos_nesterov_final,1950,1896,25,0
d12-s10-s0-0ffeb05742bb4154a3f1afc202dc3955,periodic,muon/cos_raw_final,1950,1896,25,0
d12-s10-s0-0ffeb05742bb4154a3f1afc202dc3955,periodic,muon/cos_raw_momentum,1950,1896,25,0
d12-s10-s0-0ffeb05742bb4154a3f1afc202dc3955,periodic,muon/cos_raw_nesterov,1950,1896,25,0
d12-s10-s0-0ffeb05742bb4154a3f1afc202dc3955,periodic,muon/data_norm,1950,1950,25,0
d12-s10-s0-0ffeb05742bb4154a3f1afc202dc3955,periodic,muon/decay_norm,1950,1950,25,0
d12-s10-s0-0ffeb05742bb4154a3f1afc202dc3955,periodic,muon/factored_scale_dispersion,1950,1950,25,0
d12-s10-s0-0ffeb05742bb4154a3f1afc202dc3955,periodic,muon/norm_degenerate,1950,1950,25,0
d12-s10-s0-0ffeb05742bb4154a3f1afc202dc3955,periodic,muon/norm_deviation,1950,1950,25,0
d12-s10-s0-0ffeb05742bb4154a3f1afc202dc3955,periodic,muon/polar_residual,1950,1950,25,0
d12-s10-s0-0ffeb05742bb4154a3f1afc202dc3955,periodic,muon/u_final_norm_analytic,1950,1950,25,0
d12-s10-s0-0ffeb05742bb4154a3f1afc202dc3955,periodic,muon/u_final_norm_observed,1950,1950,25,0
d12-s10-s0-0ffeb05742bb4154a3f1afc202dc3955,periodic,noise/b_noise,25,25,25,0
d12-s10-s0-0ffeb05742bb4154a3f1afc202dc3955,periodic,noise/mean_grad_norm,2825,2825,25,0
d12-s10-s0-0ffeb05742bb4154a3f1afc202dc3955,periodic,noise/pairwise_cosines,25,25,25,28
d12-s10-s0-0ffeb05742bb4154a3f1afc202dc3955,periodic,noise/per_sub_sq_norm,25,25,25,8
d12-s10-s0-0ffeb05742bb4154a3f1afc202dc3955,periodic,noise/row_trace,25,25,25,0
d12-s10-s0-0ffeb05742bb4154a3f1afc202dc3955,periodic,noise/s2,25,25,25,0
d12-s10-s0-0ffeb05742bb4154a3f1afc202dc3955,periodic,noise/signal_raw,25,25,25,0
d12-s10-s0-0ffeb05742bb4154a3f1afc202dc3955,periodic,optim/adamw_m_norm,853,840,25,0
d12-s10-s0-0ffeb05742bb4154a3f1afc202dc3955,periodic,optim/adamw_m_rms,853,840,25,0
d12-s10-s0-0ffeb05742bb4154a3f1afc202dc3955,periodic,optim/adamw_v_norm,853,840,25,0
d12-s10-s0-0ffeb05742bb4154a3f1afc202dc3955,periodic,optim/adamw_v_rms,853,840,25,0
d12-s10-s0-0ffeb05742bb4154a3f1afc202dc3955,periodic,optim/muon_momentum_norm,1950,1872,25,0
d12-s10-s0-0ffeb05742bb4154a3f1afc202dc3955,periodic,optim/muon_momentum_rms,1950,1872,25,0
d12-s10-s0-0ffeb05742bb4154a3f1afc202dc3955,periodic,optim/muon_second_momentum_mean,1950,1872,25,0
d12-s10-s0-0ffeb05742bb4154a3f1afc202dc3955,periodic,optim/muon_second_momentum_norm,1950,1872,25,0
d12-s10-s0-0ffeb05742bb4154a3f1afc202dc3955,periodic,optim/muon_second_momentum_rms,1950,1872,25,0
d12-s10-s0-0ffeb05742bb4154a3f1afc202dc3955,periodic,overhead/attention,25,25,25,0
d12-s10-s0-0ffeb05742bb4154a3f1afc202dc3955,periodic,overhead/attention/work,25,25,25,0
d12-s10-s0-0ffeb05742bb4154a3f1afc202dc3955,periodic,overhead/grads_ready/periodic_scan,25,25,25,0
d12-s10-s0-0ffeb05742bb4154a3f1afc202dc3955,periodic,overhead/grads_ready/periodic_scan/work,25,25,25,0
d12-s10-s0-0ffeb05742bb4154a3f1afc202dc3955,periodic,overhead/noise,25,25,25,0
d12-s10-s0-0ffeb05742bb4154a3f1afc202dc3955,periodic,overhead/noise/work,25,25,25,0
d12-s10-s0-0ffeb05742bb4154a3f1afc202dc3955,periodic,overhead/probes,25,25,25,0
d12-s10-s0-0ffeb05742bb4154a3f1afc202dc3955,periodic,overhead/probes/work,25,25,25,0
d12-s10-s0-0ffeb05742bb4154a3f1afc202dc3955,periodic,param/norm,2825,2825,25,0
d12-s10-s0-0ffeb05742bb4154a3f1afc202dc3955,periodic,param/rms,2825,2825,25,0
d12-s10-s0-0ffeb05742bb4154a3f1afc202dc3955,periodic,probe/attn_out_norm,600,600,25,0
d12-s10-s0-0ffeb05742bb4154a3f1afc202dc3955,periodic,probe/attn_out_stats_mean,600,600,25,0
d12-s10-s0-0ffeb05742bb4154a3f1afc202dc3955,periodic,probe/attn_out_stats_quantiles,600,600,25,7
d12-s10-s0-0ffeb05742bb4154a3f1afc202dc3955,periodic,probe/attn_out_stats_rms,600,600,25,0
d12-s10-s0-0ffeb05742bb4154a3f1afc202dc3955,periodic,probe/attn_out_stats_std,600,600,25,0
d12-s10-s0-0ffeb05742bb4154a3f1afc202dc3955,periodic,probe/attn_residual_ratio,600,600,25,0
d12-s10-s0-0ffeb05742bb4154a3f1afc202dc3955,periodic,probe/backout_contribution_ratio,50,50,25,0
d12-s10-s0-0ffeb05742bb4154a3f1afc202dc3955,periodic,probe/backout_term_norm,50,50,25,0
d12-s10-s0-0ffeb05742bb4154a3f1afc202dc3955,periodic,probe/block_in_stats_mean,600,600,25,0
d12-s10-s0-0ffeb05742bb4154a3f1afc202dc3955,periodic,probe/block_in_stats_quantiles,600,600,25,7
d12-s10-s0-0ffeb05742bb4154a3f1afc202dc3955,periodic,probe/block_in_stats_rms,600,600,25,0
d12-s10-s0-0ffeb05742bb4154a3f1afc202dc3955,periodic,probe/block_in_stats_std,600,600,25,0
d12-s10-s0-0ffeb05742bb4154a3f1afc202dc3955,periodic,probe/c_proj_in_norm,600,600,25,0
d12-s10-s0-0ffeb05742bb4154a3f1afc202dc3955,periodic,probe/c_proj_in_stats_mean,600,600,25,0
d12-s10-s0-0ffeb05742bb4154a3f1afc202dc3955,periodic,probe/c_proj_in_stats_quantiles,600,600,25,7
d12-s10-s0-0ffeb05742bb4154a3f1afc202dc3955,periodic,probe/c_proj_in_stats_rms,600,600,25,0
d12-s10-s0-0ffeb05742bb4154a3f1afc202dc3955,periodic,probe/c_proj_in_stats_std,600,600,25,0
d12-s10-s0-0ffeb05742bb4154a3f1afc202dc3955,periodic,probe/content_loss_sums,50,50,25,40
d12-s10-s0-0ffeb05742bb4154a3f1afc202dc3955,periodic,probe/logit_entropy_mean,50,50,25,0
d12-s10-s0-0ffeb05742bb4154a3f1afc202dc3955,periodic,probe/logit_lse_mean,50,50,25,0
d12-s10-s0-0ffeb05742bb4154a3f1afc202dc3955,periodic,probe/logit_margin_mean,50,50,25,0
d12-s10-s0-0ffeb05742bb4154a3f1afc202dc3955,periodic,probe/logit_max_postcap,50,50,25,0
d12-s10-s0-0ffeb05742bb4154a3f1afc202dc3955,periodic,probe/logit_max_precap,50,50,25,0
d12-s10-s0-0ffeb05742bb4154a3f1afc202dc3955,periodic,probe/logit_saturation_fraction,50,50,25,0
d12-s10-s0-0ffeb05742bb4154a3f1afc202dc3955,periodic,probe/logit_softcap_equiv_err,50,50,25,0
d12-s10-s0-0ffeb05742bb4154a3f1afc202dc3955,periodic,probe/logit_z_loss,50,50,25,0
d12-s10-s0-0ffeb05742bb4154a3f1afc202dc3955,periodic,probe/loss,50,50,25,0
d12-s10-s0-0ffeb05742bb4154a3f1afc202dc3955,periodic,probe/mlp_out_norm,600,600,25,0
d12-s10-s0-0ffeb05742bb4154a3f1afc202dc3955,periodic,probe/mlp_out_stats_mean,600,600,25,0
d12-s10-s0-0ffeb05742bb4154a3f1afc202dc3955,periodic,probe/mlp_out_stats_quantiles,600,600,25,7
d12-s10-s0-0ffeb05742bb4154a3f1afc202dc3955,periodic,probe/mlp_out_stats_rms,600,600,25,0
d12-s10-s0-0ffeb05742bb4154a3f1afc202dc3955,periodic,probe/mlp_out_stats_std,600,600,25,0
d12-s10-s0-0ffeb05742bb4154a3f1afc202dc3955,periodic,probe/mlp_residual_ratio,600,600,25,0
d12-s10-s0-0ffeb05742bb4154a3f1afc202dc3955,periodic,probe/n_segments,50,50,25,16
d12-s10-s0-0ffeb05742bb4154a3f1afc202dc3955,periodic,probe/per_row_loss,50,50,25,16
d12-s10-s0-0ffeb05742bb4154a3f1afc202dc3955,periodic,probe/per_token_loss,50,50,25,32768
d12-s10-s0-0ffeb05742bb4154a3f1afc202dc3955,periodic,probe/relu2_sparsity,600,600,25,0
d12-s10-s0-0ffeb05742bb4154a3f1afc202dc3955,periodic,probe/relu2_tail_quantiles,600,600,25,3
d12-s10-s0-0ffeb05742bb4154a3f1afc202dc3955,periodic,probe/resid_contribution_ratio,600,600,25,0
d12-s10-s0-0ffeb05742bb4154a3f1afc202dc3955,periodic,probe/resid_term_norm,600,600,25,0
d12-s10-s0-0ffeb05742bb4154a3f1afc202dc3955,periodic,probe/residual_mix_equiv_err,600,600,25,0
d12-s10-s0-0ffeb05742bb4154a3f1afc202dc3955,periodic,probe/segment_lengths,50,50,25,40
d12-s10-s0-0ffeb05742bb4154a3f1afc202dc3955,periodic,probe/transition_loss_sum,50,50,25,16
d12-s10-s0-0ffeb05742bb4154a3f1afc202dc3955,periodic,probe/ve_contribution_ratio,300,300,25,0
d12-s10-s0-0ffeb05742bb4154a3f1afc202dc3955,periodic,probe/ve_gate_mean,300,300,25,0
d12-s10-s0-0ffeb05742bb4154a3f1afc202dc3955,periodic,probe/ve_gate_quantiles,300,300,25,7
d12-s10-s0-0ffeb05742bb4154a3f1afc202dc3955,periodic,probe/ve_gate_rms,300,300,25,0
d12-s10-s0-0ffeb05742bb4154a3f1afc202dc3955,periodic,probe/ve_gate_std,300,300,25,0
d12-s10-s0-0ffeb05742bb4154a3f1afc202dc3955,periodic,probe/x0_contribution_ratio,600,600,25,0
d12-s10-s0-0ffeb05742bb4154a3f1afc202dc3955,periodic,probe/x0_term_norm,600,600,25,0
d12-s10-s0-0ffeb05742bb4154a3f1afc202dc3955,periodic,sketch/grad,2825,2825,25,4096
d12-s10-s0-0ffeb05742bb4154a3f1afc202dc3955,periodic,sketch/grad_cosine_prev,25,24,25,0
d12-s10-s0-0ffeb05742bb4154a3f1afc202dc3955,periodic,sketch/grad_sq_norm,2825,2825,25,0
d12-s10-s0-0ffeb05742bb4154a3f1afc202dc3955,sparse,calib/grad_cosine_prev,30,29,30,0
d12-s10-s0-0ffeb05742bb4154a3f1afc202dc3955,sparse,calib/grad_norm,30,30,30,0
d12-s10-s0-0ffeb05742bb4154a3f1afc202dc3955,sparse,curvature/Hg_norm,60,60,30,0
d12-s10-s0-0ffeb05742bb4154a3f1afc202dc3955,sparse,curvature/arith_eps,60,60,30,0
d12-s10-s0-0ffeb05742bb4154a3f1afc202dc3955,sparse,curvature/c_fd_gradient,60,60,30,0
d12-s10-s0-0ffeb05742bb4154a3f1afc202dc3955,sparse,curvature/c_fd_random,60,60,30,0
d12-s10-s0-0ffeb05742bb4154a3f1afc202dc3955,sparse,curvature/c_fd_update,60,60,30,0
d12-s10-s0-0ffeb05742bb4154a3f1afc202dc3955,sparse,curvature/curv_eps_gradient,60,60,30,0
d12-s10-s0-0ffeb05742bb4154a3f1afc202dc3955,sparse,curvature/curv_eps_random,60,60,30,0
d12-s10-s0-0ffeb05742bb4154a3f1afc202dc3955,sparse,curvature/curv_eps_update,60,60,30,0
d12-s10-s0-0ffeb05742bb4154a3f1afc202dc3955,sparse,curvature/curv_floor_gradient,60,60,30,0
d12-s10-s0-0ffeb05742bb4154a3f1afc202dc3955,sparse,curvature/curv_floor_random,60,60,30,0
d12-s10-s0-0ffeb05742bb4154a3f1afc202dc3955,sparse,curvature/curv_floor_update,60,60,30,0
d12-s10-s0-0ffeb05742bb4154a3f1afc202dc3955,sparse,curvature/curv_snr_gradient,60,60,30,0
d12-s10-s0-0ffeb05742bb4154a3f1afc202dc3955,sparse,curvature/curv_snr_random,60,60,30,0
d12-s10-s0-0ffeb05742bb4154a3f1afc202dc3955,sparse,curvature/curv_snr_update,60,60,30,0
d12-s10-s0-0ffeb05742bb4154a3f1afc202dc3955,sparse,curvature/dhd,60,60,30,0
d12-s10-s0-0ffeb05742bb4154a3f1afc202dc3955,sparse,curvature/e_curv_gradient,60,26,30,0
d12-s10-s0-0ffeb05742bb4154a3f1afc202dc3955,sparse,curvature/e_curv_random,60,0,30,0
d12-s10-s0-0ffeb05742bb4154a3f1afc202dc3955,sparse,curvature/e_curv_update,60,0,30,0
d12-s10-s0-0ffeb05742bb4154a3f1afc202dc3955,sparse,curvature/e_fd_gradient,60,30,30,0
d12-s10-s0-0ffeb05742bb4154a3f1afc202dc3955,sparse,curvature/e_fd_random,60,8,30,0
d12-s10-s0-0ffeb05742bb4154a3f1afc202dc3955,sparse,curvature/e_fd_update,60,0,30,0
d12-s10-s0-0ffeb05742bb4154a3f1afc202dc3955,sparse,curvature/e_lin_gradient,60,60,30,0
d12-s10-s0-0ffeb05742bb4154a3f1afc202dc3955,sparse,curvature/e_lin_random,60,60,30,0
d12-s10-s0-0ffeb05742bb4154a3f1afc202dc3955,sparse,curvature/e_lin_update,60,60,30,0
d12-s10-s0-0ffeb05742bb4154a3f1afc202dc3955,sparse,curvature/e_sym_gradient,60,60,30,0
d12-s10-s0-0ffeb05742bb4154a3f1afc202dc3955,sparse,curvature/e_sym_random,60,60,30,0
d12-s10-s0-0ffeb05742bb4154a3f1afc202dc3955,sparse,curvature/e_sym_update,60,60,30,0
d12-s10-s0-0ffeb05742bb4154a3f1afc202dc3955,sparse,curvature/eta_star,60,52,30,0
d12-s10-s0-0ffeb05742bb4154a3f1afc202dc3955,sparse,curvature/eta_star_rho,60,60,30,0
d12-s10-s0-0ffeb05742bb4154a3f1afc202dc3955,sparse,curvature/eta_star_rho_threshold,60,60,30,0
d12-s10-s0-0ffeb05742bb4154a3f1afc202dc3955,sparse,curvature/fd_conclusive_gradient,60,60,30,0
d12-s10-s0-0ffeb05742bb4154a3f1afc202dc3955,sparse,curvature/fd_conclusive_random,60,60,30,0
d12-s10-s0-0ffeb05742bb4154a3f1afc202dc3955,sparse,curvature/fd_conclusive_update,60,60,30,0
d12-s10-s0-0ffeb05742bb4154a3f1afc202dc3955,sparse,curvature/fd_cos_gradient,60,30,30,0
d12-s10-s0-0ffeb05742bb4154a3f1afc202dc3955,sparse,curvature/fd_cos_random,60,8,30,0
d12-s10-s0-0ffeb05742bb4154a3f1afc202dc3955,sparse,curvature/fd_cos_update,60,0,30,0
d12-s10-s0-0ffeb05742bb4154a3f1afc202dc3955,sparse,curvature/fd_eps_gradient,60,60,30,0
d12-s10-s0-0ffeb05742bb4154a3f1afc202dc3955,sparse,curvature/fd_eps_random,60,60,30,0
d12-s10-s0-0ffeb05742bb4154a3f1afc202dc3955,sparse,curvature/fd_eps_update,60,60,30,0
d12-s10-s0-0ffeb05742bb4154a3f1afc202dc3955,sparse,curvature/fd_floor_gradient,60,60,30,0
d12-s10-s0-0ffeb05742bb4154a3f1afc202dc3955,sparse,curvature/fd_floor_random,60,60,30,0
d12-s10-s0-0ffeb05742bb4154a3f1afc202dc3955,sparse,curvature/fd_floor_update,60,60,30,0
d12-s10-s0-0ffeb05742bb4154a3f1afc202dc3955,sparse,curvature/fd_snr_gradient,60,60,30,0
d12-s10-s0-0ffeb05742bb4154a3f1afc202dc3955,sparse,curvature/fd_snr_random,60,60,30,0
d12-s10-s0-0ffeb05742bb4154a3f1afc202dc3955,sparse,curvature/fd_snr_update,60,60,30,0
d12-s10-s0-0ffeb05742bb4154a3f1afc202dc3955,sparse,curvature/fd_sweep_conclusive_gradient,60,60,30,6
d12-s10-s0-0ffeb05742bb4154a3f1afc202dc3955,sparse,curvature/fd_sweep_conclusive_random,60,60,30,6
d12-s10-s0-0ffeb05742bb4154a3f1afc202dc3955,sparse,curvature/fd_sweep_conclusive_update,60,60,30,6
d12-s10-s0-0ffeb05742bb4154a3f1afc202dc3955,sparse,curvature/fd_sweep_cos_gradient,60,60,30,6
d12-s10-s0-0ffeb05742bb4154a3f1afc202dc3955,sparse,curvature/fd_sweep_cos_random,60,60,30,6
d12-s10-s0-0ffeb05742bb4154a3f1afc202dc3955,sparse,curvature/fd_sweep_cos_update,60,60,30,6
d12-s10-s0-0ffeb05742bb4154a3f1afc202dc3955,sparse,curvature/fd_sweep_cos_valid_gradient,60,60,30,6
d12-s10-s0-0ffeb05742bb4154a3f1afc202dc3955,sparse,curvature/fd_sweep_cos_valid_random,60,60,30,6
d12-s10-s0-0ffeb05742bb4154a3f1afc202dc3955,sparse,curvature/fd_sweep_cos_valid_update,60,60,30,6
d12-s10-s0-0ffeb05742bb4154a3f1afc202dc3955,sparse,curvature/fd_sweep_e_fd_gradient,60,60,30,6
d12-s10-s0-0ffeb05742bb4154a3f1afc202dc3955,sparse,curvature/fd_sweep_e_fd_random,60,60,30,6
d12-s10-s0-0ffeb05742bb4154a3f1afc202dc3955,sparse,curvature/fd_sweep_e_fd_update,60,60,30,6
d12-s10-s0-0ffeb05742bb4154a3f1afc202dc3955,sparse,curvature/fd_sweep_eps_gradient,60,60,30,6
d12-s10-s0-0ffeb05742bb4154a3f1afc202dc3955,sparse,curvature/fd_sweep_eps_random,60,60,30,6
d12-s10-s0-0ffeb05742bb4154a3f1afc202dc3955,sparse,curvature/fd_sweep_eps_update,60,60,30,6
d12-s10-s0-0ffeb05742bb4154a3f1afc202dc3955,sparse,curvature/fd_sweep_floor_gradient,60,60,30,6
d12-s10-s0-0ffeb05742bb4154a3f1afc202dc3955,sparse,curvature/fd_sweep_floor_random,60,60,30,6
d12-s10-s0-0ffeb05742bb4154a3f1afc202dc3955,sparse,curvature/fd_sweep_floor_update,60,60,30,6
d12-s10-s0-0ffeb05742bb4154a3f1afc202dc3955,sparse,curvature/fd_sweep_snr_gradient,60,60,30,6
d12-s10-s0-0ffeb05742bb4154a3f1afc202dc3955,sparse,curvature/fd_sweep_snr_random,60,60,30,6
d12-s10-s0-0ffeb05742bb4154a3f1afc202dc3955,sparse,curvature/fd_sweep_snr_update,60,60,30,6
d12-s10-s0-0ffeb05742bb4154a3f1afc202dc3955,sparse,curvature/gHg,60,60,30,0
d12-s10-s0-0ffeb05742bb4154a3f1afc202dc3955,sparse,curvature/gg,60,60,30,0
d12-s10-s0-0ffeb05742bb4154a3f1afc202dc3955,sparse,curvature/native_verdict_code,30,30,30,0
d12-s10-s0-0ffeb05742bb4154a3f1afc202dc3955,sparse,curvature/shadow_verdict_code,30,30,30,0
d12-s10-s0-0ffeb05742bb4154a3f1afc202dc3955,sparse,curvature/sweep_c_fd_gradient,60,60,30,5
d12-s10-s0-0ffeb05742bb4154a3f1afc202dc3955,sparse,curvature/sweep_c_fd_random,60,60,30,4
d12-s10-s0-0ffeb05742bb4154a3f1afc202dc3955,sparse,curvature/sweep_c_fd_update,60,60,30,4
d12-s10-s0-0ffeb05742bb4154a3f1afc202dc3955,sparse,curvature/sweep_e_curv_gradient,60,60,30,5
d12-s10-s0-0ffeb05742bb4154a3f1afc202dc3955,sparse,curvature/sweep_e_curv_random,60,60,30,4
d12-s10-s0-0ffeb05742bb4154a3f1afc202dc3955,sparse,curvature/sweep_e_curv_update,60,60,30,4
d12-s10-s0-0ffeb05742bb4154a3f1afc202dc3955,sparse,curvature/sweep_eps_gradient,60,60,30,5
d12-s10-s0-0ffeb05742bb4154a3f1afc202dc3955,sparse,curvature/sweep_eps_random,60,60,30,4
d12-s10-s0-0ffeb05742bb4154a3f1afc202dc3955,sparse,curvature/sweep_eps_update,60,60,30,4
d12-s10-s0-0ffeb05742bb4154a3f1afc202dc3955,sparse,curvature/sweep_floor_gradient,60,60,30,5
d12-s10-s0-0ffeb05742bb4154a3f1afc202dc3955,sparse,curvature/sweep_floor_random,60,60,30,4
d12-s10-s0-0ffeb05742bb4154a3f1afc202dc3955,sparse,curvature/sweep_floor_update,60,60,30,4
d12-s10-s0-0ffeb05742bb4154a3f1afc202dc3955,sparse,curvature/sweep_snr_gradient,60,60,30,5
d12-s10-s0-0ffeb05742bb4154a3f1afc202dc3955,sparse,curvature/sweep_snr_random,60,60,30,4
d12-s10-s0-0ffeb05742bb4154a3f1afc202dc3955,sparse,curvature/sweep_snr_update,60,60,30,4
d12-s10-s0-0ffeb05742bb4154a3f1afc202dc3955,sparse,curvature/verdict_code_gradient,60,60,30,0
d12-s10-s0-0ffeb05742bb4154a3f1afc202dc3955,sparse,curvature/verdict_code_random,60,60,30,0
d12-s10-s0-0ffeb05742bb4154a3f1afc202dc3955,sparse,curvature/verdict_code_update,60,60,30,0
d12-s10-s0-0ffeb05742bb4154a3f1afc202dc3955,sparse,curvature/vhv_gradient,60,60,30,0
d12-s10-s0-0ffeb05742bb4154a3f1afc202dc3955,sparse,curvature/vhv_random,60,60,30,0
d12-s10-s0-0ffeb05742bb4154a3f1afc202dc3955,sparse,curvature/vhv_update,60,60,30,0
d12-s10-s0-0ffeb05742bb4154a3f1afc202dc3955,sparse,muon/replay_update_relerr,2340,2340,30,0
d12-s10-s0-0ffeb05742bb4154a3f1afc202dc3955,sparse,overhead/grads_ready/calibration,30,30,30,0
d12-s10-s0-0ffeb05742bb4154a3f1afc202dc3955,sparse,overhead/grads_ready/calibration/work,30,30,30,0
d12-s10-s0-0ffeb05742bb4154a3f1afc202dc3955,sparse,overhead/lineage_checkpoint,3,3,3,0
d12-s10-s0-0ffeb05742bb4154a3f1afc202dc3955,sparse,overhead/muon_reference,30,30,30,0
d12-s10-s0-0ffeb05742bb4154a3f1afc202dc3955,sparse,overhead/muon_reference/work,30,30,30,0
d12-s10-s0-0ffeb05742bb4154a3f1afc202dc3955,sparse,overhead/probe_grad_sketch,30,30,30,0
d12-s10-s0-0ffeb05742bb4154a3f1afc202dc3955,sparse,overhead/probe_grad_sketch/work,30,30,30,0
d12-s10-s0-0ffeb05742bb4154a3f1afc202dc3955,sparse,overhead/shadow_acceptance,30,30,30,0
d12-s10-s0-0ffeb05742bb4154a3f1afc202dc3955,sparse,overhead/theta_snapshot,30,30,30,0
d12-s10-s0-0ffeb05742bb4154a3f1afc202dc3955,sparse,overhead/theta_snapshot/work,30,30,30,0
d12-s10-s0-0ffeb05742bb4154a3f1afc202dc3955,sparse,overhead/update_effectiveness,30,30,30,0
d12-s10-s0-0ffeb05742bb4154a3f1afc202dc3955,sparse,overhead/update_effectiveness/work,30,30,30,0
d12-s10-s0-0ffeb05742bb4154a3f1afc202dc3955,sparse,sketch/probe_grad,3390,3390,30,4096
d12-s10-s0-0ffeb05742bb4154a3f1afc202dc3955,sparse,sketch/probe_grad_cosine_prev,30,29,30,0
d12-s10-s0-0ffeb05742bb4154a3f1afc202dc3955,sparse,sketch/probe_grad_sq_norm,3390,3390,30,0
d12-s10-s0-0ffeb05742bb4154a3f1afc202dc3955,sparse,update/actual,60,60,30,0
d12-s10-s0-0ffeb05742bb4154a3f1afc202dc3955,sparse,update/direction_norm,60,60,30,0
d12-s10-s0-0ffeb05742bb4154a3f1afc202dc3955,sparse,update/loss_after,60,60,30,0
d12-s10-s0-0ffeb05742bb4154a3f1afc202dc3955,sparse,update/loss_before,60,60,30,0
d12-s10-s0-0ffeb05742bb4154a3f1afc202dc3955,sparse,update/normalized_residual,60,60,30,0
d12-s10-s0-0ffeb05742bb4154a3f1afc202dc3955,sparse,update/p1,60,60,30,0
d12-s10-s0-0ffeb05742bb4154a3f1afc202dc3955,sparse,update/p2,60,60,30,0
d12-s10-s0-0ffeb05742bb4154a3f1afc202dc3955,sparse,update/residual_p1,60,60,30,0
d12-s10-s0-0ffeb05742bb4154a3f1afc202dc3955,sparse,update/residual_p2,60,60,30,0
d12-s10-s0-0ffeb05742bb4154a3f1afc202dc3955,offline,overhead/total/attention,1,1,1,0
d12-s10-s0-0ffeb05742bb4154a3f1afc202dc3955,offline,overhead/total/grads_ready,1,1,1,0
d12-s10-s0-0ffeb05742bb4154a3f1afc202dc3955,offline,overhead/total/grads_ready/calibration,1,1,1,0
d12-s10-s0-0ffeb05742bb4154a3f1afc202dc3955,offline,overhead/total/grads_ready/periodic_scan,1,1,1,0
d12-s10-s0-0ffeb05742bb4154a3f1afc202dc3955,offline,overhead/total/lineage_checkpoint,1,1,1,0
d12-s10-s0-0ffeb05742bb4154a3f1afc202dc3955,offline,overhead/total/lineage_inventory,1,1,1,0
d12-s10-s0-0ffeb05742bb4154a3f1afc202dc3955,offline,overhead/total/microbatch_cpu_launch,1,1,1,0
d12-s10-s0-0ffeb05742bb4154a3f1afc202dc3955,offline,overhead/total/muon_reference,1,1,1,0
d12-s10-s0-0ffeb05742bb4154a3f1afc202dc3955,offline,overhead/total/noise,1,1,1,0
d12-s10-s0-0ffeb05742bb4154a3f1afc202dc3955,offline,overhead/total/probe_grad_sketch,1,1,1,0
d12-s10-s0-0ffeb05742bb4154a3f1afc202dc3955,offline,overhead/total/probes,1,1,1,0
d12-s10-s0-0ffeb05742bb4154a3f1afc202dc3955,offline,overhead/total/shadow_acceptance,1,1,1,0
d12-s10-s0-0ffeb05742bb4154a3f1afc202dc3955,offline,overhead/total/step_end_emit,1,1,1,0
d12-s10-s0-0ffeb05742bb4154a3f1afc202dc3955,offline,overhead/total/theta_snapshot,1,1,1,0
d12-s10-s0-0ffeb05742bb4154a3f1afc202dc3955,offline,overhead/total/update_effectiveness,1,1,1,0
d12-s11-s0-5fd1bf807f764954b30658872fc3e2ad,continuous,batch/bos_count,2520,2520,2520,0
d12-s11-s0-5fd1bf807f764954b30658872fc3e2ad,continuous,batch/mean_segment_length,2520,2520,2520,0
d12-s11-s0-5fd1bf807f764954b30658872fc3e2ad,continuous,batch/micro_batches,2520,2520,2520,0
d12-s11-s0-5fd1bf807f764954b30658872fc3e2ad,continuous,batch/segments_per_row_max,2520,2520,2520,0
d12-s11-s0-5fd1bf807f764954b30658872fc3e2ad,continuous,batch/segments_per_row_mean,2520,2520,2520,0
d12-s11-s0-5fd1bf807f764954b30658872fc3e2ad,continuous,batch/valid_targets,2520,2520,2520,0
d12-s11-s0-5fd1bf807f764954b30658872fc3e2ad,continuous,grad/finite,54,54,54,0
d12-s11-s0-5fd1bf807f764954b30658872fc3e2ad,continuous,loss/finite,2520,2520,2520,0
d12-s11-s0-5fd1bf807f764954b30658872fc3e2ad,continuous,loss/train_mean,2520,2520,2520,0
d12-s11-s0-5fd1bf807f764954b30658872fc3e2ad,continuous,mem/alloc_end_bytes,2520,2520,2520,0
d12-s11-s0-5fd1bf807f764954b30658872fc3e2ad,continuous,mem/alloc_start_bytes,2520,2520,2520,0
d12-s11-s0-5fd1bf807f764954b30658872fc3e2ad,continuous,mem/cuda_peak_absolute,2520,2520,2520,0
d12-s11-s0-5fd1bf807f764954b30658872fc3e2ad,continuous,optim/beta1,15120,15120,2520,0
d12-s11-s0-5fd1bf807f764954b30658872fc3e2ad,continuous,optim/beta2,25200,25200,2520,0
d12-s11-s0-5fd1bf807f764954b30658872fc3e2ad,continuous,optim/eps,15120,15120,2520,0
d12-s11-s0-5fd1bf807f764954b30658872fc3e2ad,continuous,optim/lr,25200,25200,2520,0
d12-s11-s0-5fd1bf807f764954b30658872fc3e2ad,continuous,optim/lr_eff,10080,10080,2520,0
d12-s11-s0-5fd1bf807f764954b30658872fc3e2ad,continuous,optim/momentum,10080,10080,2520,0
d12-s11-s0-5fd1bf807f764954b30658872fc3e2ad,continuous,optim/ns_steps,10080,10080,2520,0
d12-s11-s0-5fd1bf807f764954b30658872fc3e2ad,continuous,optim/weight_decay,25200,25200,2520,0
d12-s11-s0-5fd1bf807f764954b30658872fc3e2ad,continuous,overhead/grads_ready,2520,2520,2520,0
d12-s11-s0-5fd1bf807f764954b30658872fc3e2ad,continuous,overhead/microbatch_cpu_launch,2520,2520,2520,0
d12-s11-s0-5fd1bf807f764954b30658872fc3e2ad,continuous,overhead/microbatch_cpu_launch/work,2520,2520,2520,0
d12-s11-s0-5fd1bf807f764954b30658872fc3e2ad,continuous,overhead/step_end_emit,2520,2520,2520,0
d12-s11-s0-5fd1bf807f764954b30658872fc3e2ad,continuous,scalars/backout_lambda,2520,2520,2520,0
d12-s11-s0-5fd1bf807f764954b30658872fc3e2ad,continuous,scalars/resid_lambdas,2520,2520,2520,12
d12-s11-s0-5fd1bf807f764954b30658872fc3e2ad,continuous,scalars/smear_lambda,2520,2520,2520,0
d12-s11-s0-5fd1bf807f764954b30658872fc3e2ad,continuous,scalars/x0_lambdas,2520,2520,2520,12
d12-s11-s0-5fd1bf807f764954b30658872fc3e2ad,continuous,step/dt_excl_serialized_telemetry,2520,2520,2520,0
d12-s11-s0-5fd1bf807f764954b30658872fc3e2ad,continuous,step/loader_call_elapsed,2520,2520,2520,0
d12-s11-s0-5fd1bf807f764954b30658872fc3e2ad,continuous,step/observed_dt,2520,2520,2520,0
d12-s11-s0-5fd1bf807f764954b30658872fc3e2ad,continuous,step/skipped,2520,2520,2520,0
d12-s11-s0-5fd1bf807f764954b30658872fc3e2ad,periodic,attn/n_undefined_queries/b0,75,75,25,0
d12-s11-s0-5fd1bf807f764954b30658872fc3e2ad,periodic,attn/n_undefined_queries/b1,75,75,25,0
d12-s11-s0-5fd1bf807f764954b30658872fc3e2ad,periodic,attn/n_undefined_queries/b2,75,75,25,0
d12-s11-s0-5fd1bf807f764954b30658872fc3e2ad,periodic,attn/n_undefined_queries/b3,75,75,25,0
d12-s11-s0-5fd1bf807f764954b30658872fc3e2ad,periodic,attn/per_head_mean_distance,75,75,25,6
d12-s11-s0-5fd1bf807f764954b30658872fc3e2ad,periodic,attn/per_head_mean_distance/b0,75,75,25,6
d12-s11-s0-5fd1bf807f764954b30658872fc3e2ad,periodic,attn/per_head_mean_distance/b1,75,75,25,6
d12-s11-s0-5fd1bf807f764954b30658872fc3e2ad,periodic,attn/per_head_mean_distance/b2,75,75,25,6
d12-s11-s0-5fd1bf807f764954b30658872fc3e2ad,periodic,attn/per_head_mean_distance/b3,75,75,25,6
d12-s11-s0-5fd1bf807f764954b30658872fc3e2ad,periodic,attn/per_head_median_distance,75,75,25,6
d12-s11-s0-5fd1bf807f764954b30658872fc3e2ad,periodic,attn/per_head_median_distance/b0,75,75,25,6
d12-s11-s0-5fd1bf807f764954b30658872fc3e2ad,periodic,attn/per_head_median_distance/b1,75,75,25,6
d12-s11-s0-5fd1bf807f764954b30658872fc3e2ad,periodic,attn/per_head_median_distance/b2,75,75,25,6
d12-s11-s0-5fd1bf807f764954b30658872fc3e2ad,periodic,attn/per_head_median_distance/b3,75,75,25,6
d12-s11-s0-5fd1bf807f764954b30658872fc3e2ad,periodic,attn/per_head_norm_entropy,75,75,25,6
d12-s11-s0-5fd1bf807f764954b30658872fc3e2ad,periodic,attn/per_head_norm_entropy/b0,75,75,25,6
d12-s11-s0-5fd1bf807f764954b30658872fc3e2ad,periodic,attn/per_head_norm_entropy/b1,75,75,25,6
d12-s11-s0-5fd1bf807f764954b30658872fc3e2ad,periodic,attn/per_head_norm_entropy/b2,75,75,25,6
d12-s11-s0-5fd1bf807f764954b30658872fc3e2ad,periodic,attn/per_head_norm_entropy/b3,75,75,25,6
d12-s11-s0-5fd1bf807f764954b30658872fc3e2ad,periodic,attn/validation_max_abs_err,75,75,25,0
d12-s11-s0-5fd1bf807f764954b30658872fc3e2ad,periodic,grad/max_abs,375,375,25,0
d12-s11-s0-5fd1bf807f764954b30658872fc3e2ad,periodic,grad/nonfinite,375,375,25,0
d12-s11-s0-5fd1bf807f764954b30658872fc3e2ad,periodic,grad/norm,2825,2825,25,0
d12-s11-s0-5fd1bf807f764954b30658872fc3e2ad,periodic,grad/rms,2825,2825,25,0
d12-s11-s0-5fd1bf807f764954b30658872fc3e2ad,periodic,grad/zero_fraction,375,375,25,0
d12-s11-s0-5fd1bf807f764954b30658872fc3e2ad,periodic,muon/cautious_mask_fraction,1950,1950,25,0
d12-s11-s0-5fd1bf807f764954b30658872fc3e2ad,periodic,muon/cos_data_decay,1950,1872,25,0
d12-s11-s0-5fd1bf807f764954b30658872fc3e2ad,periodic,muon/cos_nesterov_final,1950,1896,25,0
d12-s11-s0-5fd1bf807f764954b30658872fc3e2ad,periodic,muon/cos_raw_final,1950,1896,25,0
d12-s11-s0-5fd1bf807f764954b30658872fc3e2ad,periodic,muon/cos_raw_momentum,1950,1896,25,0
d12-s11-s0-5fd1bf807f764954b30658872fc3e2ad,periodic,muon/cos_raw_nesterov,1950,1896,25,0
d12-s11-s0-5fd1bf807f764954b30658872fc3e2ad,periodic,muon/data_norm,1950,1950,25,0
d12-s11-s0-5fd1bf807f764954b30658872fc3e2ad,periodic,muon/decay_norm,1950,1950,25,0
d12-s11-s0-5fd1bf807f764954b30658872fc3e2ad,periodic,muon/factored_scale_dispersion,1950,1950,25,0
d12-s11-s0-5fd1bf807f764954b30658872fc3e2ad,periodic,muon/norm_degenerate,1950,1950,25,0
d12-s11-s0-5fd1bf807f764954b30658872fc3e2ad,periodic,muon/norm_deviation,1950,1950,25,0
d12-s11-s0-5fd1bf807f764954b30658872fc3e2ad,periodic,muon/polar_residual,1950,1950,25,0
d12-s11-s0-5fd1bf807f764954b30658872fc3e2ad,periodic,muon/u_final_norm_analytic,1950,1950,25,0
d12-s11-s0-5fd1bf807f764954b30658872fc3e2ad,periodic,muon/u_final_norm_observed,1950,1950,25,0
d12-s11-s0-5fd1bf807f764954b30658872fc3e2ad,periodic,noise/b_noise,25,25,25,0
d12-s11-s0-5fd1bf807f764954b30658872fc3e2ad,periodic,noise/mean_grad_norm,2825,2825,25,0
d12-s11-s0-5fd1bf807f764954b30658872fc3e2ad,periodic,noise/pairwise_cosines,25,25,25,28
d12-s11-s0-5fd1bf807f764954b30658872fc3e2ad,periodic,noise/per_sub_sq_norm,25,25,25,8
d12-s11-s0-5fd1bf807f764954b30658872fc3e2ad,periodic,noise/row_trace,25,25,25,0
d12-s11-s0-5fd1bf807f764954b30658872fc3e2ad,periodic,noise/s2,25,25,25,0
d12-s11-s0-5fd1bf807f764954b30658872fc3e2ad,periodic,noise/signal_raw,25,25,25,0
d12-s11-s0-5fd1bf807f764954b30658872fc3e2ad,periodic,optim/adamw_m_norm,853,840,25,0
d12-s11-s0-5fd1bf807f764954b30658872fc3e2ad,periodic,optim/adamw_m_rms,853,840,25,0
d12-s11-s0-5fd1bf807f764954b30658872fc3e2ad,periodic,optim/adamw_v_norm,853,840,25,0
d12-s11-s0-5fd1bf807f764954b30658872fc3e2ad,periodic,optim/adamw_v_rms,853,840,25,0
d12-s11-s0-5fd1bf807f764954b30658872fc3e2ad,periodic,optim/muon_momentum_norm,1950,1872,25,0
d12-s11-s0-5fd1bf807f764954b30658872fc3e2ad,periodic,optim/muon_momentum_rms,1950,1872,25,0
d12-s11-s0-5fd1bf807f764954b30658872fc3e2ad,periodic,optim/muon_second_momentum_mean,1950,1872,25,0
d12-s11-s0-5fd1bf807f764954b30658872fc3e2ad,periodic,optim/muon_second_momentum_norm,1950,1872,25,0
d12-s11-s0-5fd1bf807f764954b30658872fc3e2ad,periodic,optim/muon_second_momentum_rms,1950,1872,25,0
d12-s11-s0-5fd1bf807f764954b30658872fc3e2ad,periodic,overhead/attention,25,25,25,0
d12-s11-s0-5fd1bf807f764954b30658872fc3e2ad,periodic,overhead/attention/work,25,25,25,0
d12-s11-s0-5fd1bf807f764954b30658872fc3e2ad,periodic,overhead/grads_ready/periodic_scan,25,25,25,0
d12-s11-s0-5fd1bf807f764954b30658872fc3e2ad,periodic,overhead/grads_ready/periodic_scan/work,25,25,25,0
d12-s11-s0-5fd1bf807f764954b30658872fc3e2ad,periodic,overhead/noise,25,25,25,0
d12-s11-s0-5fd1bf807f764954b30658872fc3e2ad,periodic,overhead/noise/work,25,25,25,0
d12-s11-s0-5fd1bf807f764954b30658872fc3e2ad,periodic,overhead/probes,25,25,25,0
d12-s11-s0-5fd1bf807f764954b30658872fc3e2ad,periodic,overhead/probes/work,25,25,25,0
d12-s11-s0-5fd1bf807f764954b30658872fc3e2ad,periodic,param/norm,2825,2825,25,0
d12-s11-s0-5fd1bf807f764954b30658872fc3e2ad,periodic,param/rms,2825,2825,25,0
d12-s11-s0-5fd1bf807f764954b30658872fc3e2ad,periodic,probe/attn_out_norm,600,600,25,0
d12-s11-s0-5fd1bf807f764954b30658872fc3e2ad,periodic,probe/attn_out_stats_mean,600,600,25,0
d12-s11-s0-5fd1bf807f764954b30658872fc3e2ad,periodic,probe/attn_out_stats_quantiles,600,600,25,7
d12-s11-s0-5fd1bf807f764954b30658872fc3e2ad,periodic,probe/attn_out_stats_rms,600,600,25,0
d12-s11-s0-5fd1bf807f764954b30658872fc3e2ad,periodic,probe/attn_out_stats_std,600,600,25,0
d12-s11-s0-5fd1bf807f764954b30658872fc3e2ad,periodic,probe/attn_residual_ratio,600,600,25,0
d12-s11-s0-5fd1bf807f764954b30658872fc3e2ad,periodic,probe/backout_contribution_ratio,50,50,25,0
d12-s11-s0-5fd1bf807f764954b30658872fc3e2ad,periodic,probe/backout_term_norm,50,50,25,0
d12-s11-s0-5fd1bf807f764954b30658872fc3e2ad,periodic,probe/block_in_stats_mean,600,600,25,0
d12-s11-s0-5fd1bf807f764954b30658872fc3e2ad,periodic,probe/block_in_stats_quantiles,600,600,25,7
d12-s11-s0-5fd1bf807f764954b30658872fc3e2ad,periodic,probe/block_in_stats_rms,600,600,25,0
d12-s11-s0-5fd1bf807f764954b30658872fc3e2ad,periodic,probe/block_in_stats_std,600,600,25,0
d12-s11-s0-5fd1bf807f764954b30658872fc3e2ad,periodic,probe/c_proj_in_norm,600,600,25,0
d12-s11-s0-5fd1bf807f764954b30658872fc3e2ad,periodic,probe/c_proj_in_stats_mean,600,600,25,0
d12-s11-s0-5fd1bf807f764954b30658872fc3e2ad,periodic,probe/c_proj_in_stats_quantiles,600,600,25,7
d12-s11-s0-5fd1bf807f764954b30658872fc3e2ad,periodic,probe/c_proj_in_stats_rms,600,600,25,0
d12-s11-s0-5fd1bf807f764954b30658872fc3e2ad,periodic,probe/c_proj_in_stats_std,600,600,25,0
d12-s11-s0-5fd1bf807f764954b30658872fc3e2ad,periodic,probe/content_loss_sums,50,50,25,40
d12-s11-s0-5fd1bf807f764954b30658872fc3e2ad,periodic,probe/logit_entropy_mean,50,50,25,0
d12-s11-s0-5fd1bf807f764954b30658872fc3e2ad,periodic,probe/logit_lse_mean,50,50,25,0
d12-s11-s0-5fd1bf807f764954b30658872fc3e2ad,periodic,probe/logit_margin_mean,50,50,25,0
d12-s11-s0-5fd1bf807f764954b30658872fc3e2ad,periodic,probe/logit_max_postcap,50,50,25,0
d12-s11-s0-5fd1bf807f764954b30658872fc3e2ad,periodic,probe/logit_max_precap,50,50,25,0
d12-s11-s0-5fd1bf807f764954b30658872fc3e2ad,periodic,probe/logit_saturation_fraction,50,50,25,0
d12-s11-s0-5fd1bf807f764954b30658872fc3e2ad,periodic,probe/logit_softcap_equiv_err,50,50,25,0
d12-s11-s0-5fd1bf807f764954b30658872fc3e2ad,periodic,probe/logit_z_loss,50,50,25,0
d12-s11-s0-5fd1bf807f764954b30658872fc3e2ad,periodic,probe/loss,50,50,25,0
d12-s11-s0-5fd1bf807f764954b30658872fc3e2ad,periodic,probe/mlp_out_norm,600,600,25,0
d12-s11-s0-5fd1bf807f764954b30658872fc3e2ad,periodic,probe/mlp_out_stats_mean,600,600,25,0
d12-s11-s0-5fd1bf807f764954b30658872fc3e2ad,periodic,probe/mlp_out_stats_quantiles,600,600,25,7
d12-s11-s0-5fd1bf807f764954b30658872fc3e2ad,periodic,probe/mlp_out_stats_rms,600,600,25,0
d12-s11-s0-5fd1bf807f764954b30658872fc3e2ad,periodic,probe/mlp_out_stats_std,600,600,25,0
d12-s11-s0-5fd1bf807f764954b30658872fc3e2ad,periodic,probe/mlp_residual_ratio,600,600,25,0
d12-s11-s0-5fd1bf807f764954b30658872fc3e2ad,periodic,probe/n_segments,50,50,25,16
d12-s11-s0-5fd1bf807f764954b30658872fc3e2ad,periodic,probe/per_row_loss,50,50,25,16
d12-s11-s0-5fd1bf807f764954b30658872fc3e2ad,periodic,probe/per_token_loss,50,50,25,32768
d12-s11-s0-5fd1bf807f764954b30658872fc3e2ad,periodic,probe/relu2_sparsity,600,600,25,0
d12-s11-s0-5fd1bf807f764954b30658872fc3e2ad,periodic,probe/relu2_tail_quantiles,600,600,25,3
d12-s11-s0-5fd1bf807f764954b30658872fc3e2ad,periodic,probe/resid_contribution_ratio,600,600,25,0
d12-s11-s0-5fd1bf807f764954b30658872fc3e2ad,periodic,probe/resid_term_norm,600,600,25,0
d12-s11-s0-5fd1bf807f764954b30658872fc3e2ad,periodic,probe/residual_mix_equiv_err,600,600,25,0
d12-s11-s0-5fd1bf807f764954b30658872fc3e2ad,periodic,probe/segment_lengths,50,50,25,40
d12-s11-s0-5fd1bf807f764954b30658872fc3e2ad,periodic,probe/transition_loss_sum,50,50,25,16
d12-s11-s0-5fd1bf807f764954b30658872fc3e2ad,periodic,probe/ve_contribution_ratio,300,300,25,0
d12-s11-s0-5fd1bf807f764954b30658872fc3e2ad,periodic,probe/ve_gate_mean,300,300,25,0
d12-s11-s0-5fd1bf807f764954b30658872fc3e2ad,periodic,probe/ve_gate_quantiles,300,300,25,7
d12-s11-s0-5fd1bf807f764954b30658872fc3e2ad,periodic,probe/ve_gate_rms,300,300,25,0
d12-s11-s0-5fd1bf807f764954b30658872fc3e2ad,periodic,probe/ve_gate_std,300,300,25,0
d12-s11-s0-5fd1bf807f764954b30658872fc3e2ad,periodic,probe/x0_contribution_ratio,600,600,25,0
d12-s11-s0-5fd1bf807f764954b30658872fc3e2ad,periodic,probe/x0_term_norm,600,600,25,0
d12-s11-s0-5fd1bf807f764954b30658872fc3e2ad,periodic,sketch/grad,2825,2825,25,4096
d12-s11-s0-5fd1bf807f764954b30658872fc3e2ad,periodic,sketch/grad_cosine_prev,25,24,25,0
d12-s11-s0-5fd1bf807f764954b30658872fc3e2ad,periodic,sketch/grad_sq_norm,2825,2825,25,0
d12-s11-s0-5fd1bf807f764954b30658872fc3e2ad,sparse,calib/grad_cosine_prev,30,29,30,0
d12-s11-s0-5fd1bf807f764954b30658872fc3e2ad,sparse,calib/grad_norm,30,30,30,0
d12-s11-s0-5fd1bf807f764954b30658872fc3e2ad,sparse,curvature/Hg_norm,60,60,30,0
d12-s11-s0-5fd1bf807f764954b30658872fc3e2ad,sparse,curvature/arith_eps,60,60,30,0
d12-s11-s0-5fd1bf807f764954b30658872fc3e2ad,sparse,curvature/c_fd_gradient,60,60,30,0
d12-s11-s0-5fd1bf807f764954b30658872fc3e2ad,sparse,curvature/c_fd_random,60,60,30,0
d12-s11-s0-5fd1bf807f764954b30658872fc3e2ad,sparse,curvature/c_fd_update,60,60,30,0
d12-s11-s0-5fd1bf807f764954b30658872fc3e2ad,sparse,curvature/curv_eps_gradient,60,60,30,0
d12-s11-s0-5fd1bf807f764954b30658872fc3e2ad,sparse,curvature/curv_eps_random,60,60,30,0
d12-s11-s0-5fd1bf807f764954b30658872fc3e2ad,sparse,curvature/curv_eps_update,60,60,30,0
d12-s11-s0-5fd1bf807f764954b30658872fc3e2ad,sparse,curvature/curv_floor_gradient,60,60,30,0
d12-s11-s0-5fd1bf807f764954b30658872fc3e2ad,sparse,curvature/curv_floor_random,60,60,30,0
d12-s11-s0-5fd1bf807f764954b30658872fc3e2ad,sparse,curvature/curv_floor_update,60,60,30,0
d12-s11-s0-5fd1bf807f764954b30658872fc3e2ad,sparse,curvature/curv_snr_gradient,60,60,30,0
d12-s11-s0-5fd1bf807f764954b30658872fc3e2ad,sparse,curvature/curv_snr_random,60,60,30,0
d12-s11-s0-5fd1bf807f764954b30658872fc3e2ad,sparse,curvature/curv_snr_update,60,60,30,0
d12-s11-s0-5fd1bf807f764954b30658872fc3e2ad,sparse,curvature/dhd,60,60,30,0
d12-s11-s0-5fd1bf807f764954b30658872fc3e2ad,sparse,curvature/e_curv_gradient,60,26,30,0
d12-s11-s0-5fd1bf807f764954b30658872fc3e2ad,sparse,curvature/e_curv_random,60,0,30,0
d12-s11-s0-5fd1bf807f764954b30658872fc3e2ad,sparse,curvature/e_curv_update,60,0,30,0
d12-s11-s0-5fd1bf807f764954b30658872fc3e2ad,sparse,curvature/e_fd_gradient,60,30,30,0
d12-s11-s0-5fd1bf807f764954b30658872fc3e2ad,sparse,curvature/e_fd_random,60,5,30,0
d12-s11-s0-5fd1bf807f764954b30658872fc3e2ad,sparse,curvature/e_fd_update,60,1,30,0
d12-s11-s0-5fd1bf807f764954b30658872fc3e2ad,sparse,curvature/e_lin_gradient,60,60,30,0
d12-s11-s0-5fd1bf807f764954b30658872fc3e2ad,sparse,curvature/e_lin_random,60,60,30,0
d12-s11-s0-5fd1bf807f764954b30658872fc3e2ad,sparse,curvature/e_lin_update,60,60,30,0
d12-s11-s0-5fd1bf807f764954b30658872fc3e2ad,sparse,curvature/e_sym_gradient,60,60,30,0
d12-s11-s0-5fd1bf807f764954b30658872fc3e2ad,sparse,curvature/e_sym_random,60,60,30,0
d12-s11-s0-5fd1bf807f764954b30658872fc3e2ad,sparse,curvature/e_sym_update,60,60,30,0
d12-s11-s0-5fd1bf807f764954b30658872fc3e2ad,sparse,curvature/eta_star,60,55,30,0
d12-s11-s0-5fd1bf807f764954b30658872fc3e2ad,sparse,curvature/eta_star_rho,60,60,30,0
d12-s11-s0-5fd1bf807f764954b30658872fc3e2ad,sparse,curvature/eta_star_rho_threshold,60,60,30,0
d12-s11-s0-5fd1bf807f764954b30658872fc3e2ad,sparse,curvature/fd_conclusive_gradient,60,60,30,0
d12-s11-s0-5fd1bf807f764954b30658872fc3e2ad,sparse,curvature/fd_conclusive_random,60,60,30,0
d12-s11-s0-5fd1bf807f764954b30658872fc3e2ad,sparse,curvature/fd_conclusive_update,60,60,30,0
d12-s11-s0-5fd1bf807f764954b30658872fc3e2ad,sparse,curvature/fd_cos_gradient,60,30,30,0
d12-s11-s0-5fd1bf807f764954b30658872fc3e2ad,sparse,curvature/fd_cos_random,60,5,30,0
d12-s11-s0-5fd1bf807f764954b30658872fc3e2ad,sparse,curvature/fd_cos_update,60,1,30,0
d12-s11-s0-5fd1bf807f764954b30658872fc3e2ad,sparse,curvature/fd_eps_gradient,60,60,30,0
d12-s11-s0-5fd1bf807f764954b30658872fc3e2ad,sparse,curvature/fd_eps_random,60,60,30,0
d12-s11-s0-5fd1bf807f764954b30658872fc3e2ad,sparse,curvature/fd_eps_update,60,60,30,0
d12-s11-s0-5fd1bf807f764954b30658872fc3e2ad,sparse,curvature/fd_floor_gradient,60,60,30,0
d12-s11-s0-5fd1bf807f764954b30658872fc3e2ad,sparse,curvature/fd_floor_random,60,60,30,0
d12-s11-s0-5fd1bf807f764954b30658872fc3e2ad,sparse,curvature/fd_floor_update,60,60,30,0
d12-s11-s0-5fd1bf807f764954b30658872fc3e2ad,sparse,curvature/fd_snr_gradient,60,60,30,0
d12-s11-s0-5fd1bf807f764954b30658872fc3e2ad,sparse,curvature/fd_snr_random,60,60,30,0
d12-s11-s0-5fd1bf807f764954b30658872fc3e2ad,sparse,curvature/fd_snr_update,60,60,30,0
d12-s11-s0-5fd1bf807f764954b30658872fc3e2ad,sparse,curvature/fd_sweep_conclusive_gradient,60,60,30,6
d12-s11-s0-5fd1bf807f764954b30658872fc3e2ad,sparse,curvature/fd_sweep_conclusive_random,60,60,30,6
d12-s11-s0-5fd1bf807f764954b30658872fc3e2ad,sparse,curvature/fd_sweep_conclusive_update,60,60,30,6
d12-s11-s0-5fd1bf807f764954b30658872fc3e2ad,sparse,curvature/fd_sweep_cos_gradient,60,60,30,6
d12-s11-s0-5fd1bf807f764954b30658872fc3e2ad,sparse,curvature/fd_sweep_cos_random,60,60,30,6
d12-s11-s0-5fd1bf807f764954b30658872fc3e2ad,sparse,curvature/fd_sweep_cos_update,60,60,30,6
d12-s11-s0-5fd1bf807f764954b30658872fc3e2ad,sparse,curvature/fd_sweep_cos_valid_gradient,60,60,30,6
d12-s11-s0-5fd1bf807f764954b30658872fc3e2ad,sparse,curvature/fd_sweep_cos_valid_random,60,60,30,6
d12-s11-s0-5fd1bf807f764954b30658872fc3e2ad,sparse,curvature/fd_sweep_cos_valid_update,60,60,30,6
d12-s11-s0-5fd1bf807f764954b30658872fc3e2ad,sparse,curvature/fd_sweep_e_fd_gradient,60,60,30,6
d12-s11-s0-5fd1bf807f764954b30658872fc3e2ad,sparse,curvature/fd_sweep_e_fd_random,60,60,30,6
d12-s11-s0-5fd1bf807f764954b30658872fc3e2ad,sparse,curvature/fd_sweep_e_fd_update,60,60,30,6
d12-s11-s0-5fd1bf807f764954b30658872fc3e2ad,sparse,curvature/fd_sweep_eps_gradient,60,60,30,6
d12-s11-s0-5fd1bf807f764954b30658872fc3e2ad,sparse,curvature/fd_sweep_eps_random,60,60,30,6
d12-s11-s0-5fd1bf807f764954b30658872fc3e2ad,sparse,curvature/fd_sweep_eps_update,60,60,30,6
d12-s11-s0-5fd1bf807f764954b30658872fc3e2ad,sparse,curvature/fd_sweep_floor_gradient,60,60,30,6
d12-s11-s0-5fd1bf807f764954b30658872fc3e2ad,sparse,curvature/fd_sweep_floor_random,60,60,30,6
d12-s11-s0-5fd1bf807f764954b30658872fc3e2ad,sparse,curvature/fd_sweep_floor_update,60,60,30,6
d12-s11-s0-5fd1bf807f764954b30658872fc3e2ad,sparse,curvature/fd_sweep_snr_gradient,60,60,30,6
d12-s11-s0-5fd1bf807f764954b30658872fc3e2ad,sparse,curvature/fd_sweep_snr_random,60,60,30,6
d12-s11-s0-5fd1bf807f764954b30658872fc3e2ad,sparse,curvature/fd_sweep_snr_update,60,60,30,6
d12-s11-s0-5fd1bf807f764954b30658872fc3e2ad,sparse,curvature/gHg,60,60,30,0
d12-s11-s0-5fd1bf807f764954b30658872fc3e2ad,sparse,curvature/gg,60,60,30,0
d12-s11-s0-5fd1bf807f764954b30658872fc3e2ad,sparse,curvature/native_verdict_code,30,30,30,0
d12-s11-s0-5fd1bf807f764954b30658872fc3e2ad,sparse,curvature/shadow_verdict_code,30,30,30,0
d12-s11-s0-5fd1bf807f764954b30658872fc3e2ad,sparse,curvature/sweep_c_fd_gradient,60,60,30,5
d12-s11-s0-5fd1bf807f764954b30658872fc3e2ad,sparse,curvature/sweep_c_fd_random,60,60,30,4
d12-s11-s0-5fd1bf807f764954b30658872fc3e2ad,sparse,curvature/sweep_c_fd_update,60,60,30,4
d12-s11-s0-5fd1bf807f764954b30658872fc3e2ad,sparse,curvature/sweep_e_curv_gradient,60,60,30,5
d12-s11-s0-5fd1bf807f764954b30658872fc3e2ad,sparse,curvature/sweep_e_curv_random,60,60,30,4
d12-s11-s0-5fd1bf807f764954b30658872fc3e2ad,sparse,curvature/sweep_e_curv_update,60,60,30,4
d12-s11-s0-5fd1bf807f764954b30658872fc3e2ad,sparse,curvature/sweep_eps_gradient,60,60,30,5
d12-s11-s0-5fd1bf807f764954b30658872fc3e2ad,sparse,curvature/sweep_eps_random,60,60,30,4
d12-s11-s0-5fd1bf807f764954b30658872fc3e2ad,sparse,curvature/sweep_eps_update,60,60,30,4
d12-s11-s0-5fd1bf807f764954b30658872fc3e2ad,sparse,curvature/sweep_floor_gradient,60,60,30,5
d12-s11-s0-5fd1bf807f764954b30658872fc3e2ad,sparse,curvature/sweep_floor_random,60,60,30,4
d12-s11-s0-5fd1bf807f764954b30658872fc3e2ad,sparse,curvature/sweep_floor_update,60,60,30,4
d12-s11-s0-5fd1bf807f764954b30658872fc3e2ad,sparse,curvature/sweep_snr_gradient,60,60,30,5
d12-s11-s0-5fd1bf807f764954b30658872fc3e2ad,sparse,curvature/sweep_snr_random,60,60,30,4
d12-s11-s0-5fd1bf807f764954b30658872fc3e2ad,sparse,curvature/sweep_snr_update,60,60,30,4
d12-s11-s0-5fd1bf807f764954b30658872fc3e2ad,sparse,curvature/verdict_code_gradient,60,60,30,0
d12-s11-s0-5fd1bf807f764954b30658872fc3e2ad,sparse,curvature/verdict_code_random,60,60,30,0
d12-s11-s0-5fd1bf807f764954b30658872fc3e2ad,sparse,curvature/verdict_code_update,60,60,30,0
d12-s11-s0-5fd1bf807f764954b30658872fc3e2ad,sparse,curvature/vhv_gradient,60,60,30,0
d12-s11-s0-5fd1bf807f764954b30658872fc3e2ad,sparse,curvature/vhv_random,60,60,30,0
d12-s11-s0-5fd1bf807f764954b30658872fc3e2ad,sparse,curvature/vhv_update,60,60,30,0
d12-s11-s0-5fd1bf807f764954b30658872fc3e2ad,sparse,muon/replay_update_relerr,2340,2340,30,0
d12-s11-s0-5fd1bf807f764954b30658872fc3e2ad,sparse,overhead/grads_ready/calibration,30,30,30,0
d12-s11-s0-5fd1bf807f764954b30658872fc3e2ad,sparse,overhead/grads_ready/calibration/work,30,30,30,0
d12-s11-s0-5fd1bf807f764954b30658872fc3e2ad,sparse,overhead/lineage_checkpoint,3,3,3,0
d12-s11-s0-5fd1bf807f764954b30658872fc3e2ad,sparse,overhead/muon_reference,30,30,30,0
d12-s11-s0-5fd1bf807f764954b30658872fc3e2ad,sparse,overhead/muon_reference/work,30,30,30,0
d12-s11-s0-5fd1bf807f764954b30658872fc3e2ad,sparse,overhead/probe_grad_sketch,30,30,30,0
d12-s11-s0-5fd1bf807f764954b30658872fc3e2ad,sparse,overhead/probe_grad_sketch/work,30,30,30,0
d12-s11-s0-5fd1bf807f764954b30658872fc3e2ad,sparse,overhead/shadow_acceptance,30,30,30,0
d12-s11-s0-5fd1bf807f764954b30658872fc3e2ad,sparse,overhead/theta_snapshot,30,30,30,0
d12-s11-s0-5fd1bf807f764954b30658872fc3e2ad,sparse,overhead/theta_snapshot/work,30,30,30,0
d12-s11-s0-5fd1bf807f764954b30658872fc3e2ad,sparse,overhead/update_effectiveness,30,30,30,0
d12-s11-s0-5fd1bf807f764954b30658872fc3e2ad,sparse,overhead/update_effectiveness/work,30,30,30,0
d12-s11-s0-5fd1bf807f764954b30658872fc3e2ad,sparse,sketch/probe_grad,3390,3390,30,4096
d12-s11-s0-5fd1bf807f764954b30658872fc3e2ad,sparse,sketch/probe_grad_cosine_prev,30,29,30,0
d12-s11-s0-5fd1bf807f764954b30658872fc3e2ad,sparse,sketch/probe_grad_sq_norm,3390,3390,30,0
d12-s11-s0-5fd1bf807f764954b30658872fc3e2ad,sparse,update/actual,60,60,30,0
d12-s11-s0-5fd1bf807f764954b30658872fc3e2ad,sparse,update/direction_norm,60,60,30,0
d12-s11-s0-5fd1bf807f764954b30658872fc3e2ad,sparse,update/loss_after,60,60,30,0
d12-s11-s0-5fd1bf807f764954b30658872fc3e2ad,sparse,update/loss_before,60,60,30,0
d12-s11-s0-5fd1bf807f764954b30658872fc3e2ad,sparse,update/normalized_residual,60,60,30,0
d12-s11-s0-5fd1bf807f764954b30658872fc3e2ad,sparse,update/p1,60,60,30,0
d12-s11-s0-5fd1bf807f764954b30658872fc3e2ad,sparse,update/p2,60,60,30,0
d12-s11-s0-5fd1bf807f764954b30658872fc3e2ad,sparse,update/residual_p1,60,60,30,0
d12-s11-s0-5fd1bf807f764954b30658872fc3e2ad,sparse,update/residual_p2,60,60,30,0
d12-s11-s0-5fd1bf807f764954b30658872fc3e2ad,offline,overhead/total/attention,1,1,1,0
d12-s11-s0-5fd1bf807f764954b30658872fc3e2ad,offline,overhead/total/grads_ready,1,1,1,0
d12-s11-s0-5fd1bf807f764954b30658872fc3e2ad,offline,overhead/total/grads_ready/calibration,1,1,1,0
d12-s11-s0-5fd1bf807f764954b30658872fc3e2ad,offline,overhead/total/grads_ready/periodic_scan,1,1,1,0
d12-s11-s0-5fd1bf807f764954b30658872fc3e2ad,offline,overhead/total/lineage_checkpoint,1,1,1,0
d12-s11-s0-5fd1bf807f764954b30658872fc3e2ad,offline,overhead/total/lineage_inventory,1,1,1,0
d12-s11-s0-5fd1bf807f764954b30658872fc3e2ad,offline,overhead/total/microbatch_cpu_launch,1,1,1,0
d12-s11-s0-5fd1bf807f764954b30658872fc3e2ad,offline,overhead/total/muon_reference,1,1,1,0
d12-s11-s0-5fd1bf807f764954b30658872fc3e2ad,offline,overhead/total/noise,1,1,1,0
d12-s11-s0-5fd1bf807f764954b30658872fc3e2ad,offline,overhead/total/probe_grad_sketch,1,1,1,0
d12-s11-s0-5fd1bf807f764954b30658872fc3e2ad,offline,overhead/total/probes,1,1,1,0
d12-s11-s0-5fd1bf807f764954b30658872fc3e2ad,offline,overhead/total/shadow_acceptance,1,1,1,0
d12-s11-s0-5fd1bf807f764954b30658872fc3e2ad,offline,overhead/total/step_end_emit,1,1,1,0
d12-s11-s0-5fd1bf807f764954b30658872fc3e2ad,offline,overhead/total/theta_snapshot,1,1,1,0
d12-s11-s0-5fd1bf807f764954b30658872fc3e2ad,offline,overhead/total/update_effectiveness,1,1,1,0
d12-s7-s0-6c217854f4174ce884dfb2b2dcc13c45,continuous,batch/bos_count,2520,2520,2520,0
d12-s7-s0-6c217854f4174ce884dfb2b2dcc13c45,continuous,batch/mean_segment_length,2520,2520,2520,0
d12-s7-s0-6c217854f4174ce884dfb2b2dcc13c45,continuous,batch/micro_batches,2520,2520,2520,0
d12-s7-s0-6c217854f4174ce884dfb2b2dcc13c45,continuous,batch/segments_per_row_max,2520,2520,2520,0
d12-s7-s0-6c217854f4174ce884dfb2b2dcc13c45,continuous,batch/segments_per_row_mean,2520,2520,2520,0
d12-s7-s0-6c217854f4174ce884dfb2b2dcc13c45,continuous,batch/valid_targets,2520,2520,2520,0
d12-s7-s0-6c217854f4174ce884dfb2b2dcc13c45,continuous,grad/finite,54,54,54,0
d12-s7-s0-6c217854f4174ce884dfb2b2dcc13c45,continuous,loss/finite,2520,2520,2520,0
d12-s7-s0-6c217854f4174ce884dfb2b2dcc13c45,continuous,loss/train_mean,2520,2520,2520,0
d12-s7-s0-6c217854f4174ce884dfb2b2dcc13c45,continuous,mem/alloc_end_bytes,2520,2520,2520,0
d12-s7-s0-6c217854f4174ce884dfb2b2dcc13c45,continuous,mem/alloc_start_bytes,2520,2520,2520,0
d12-s7-s0-6c217854f4174ce884dfb2b2dcc13c45,continuous,mem/cuda_peak_absolute,2520,2520,2520,0
d12-s7-s0-6c217854f4174ce884dfb2b2dcc13c45,continuous,optim/beta1,15120,15120,2520,0
d12-s7-s0-6c217854f4174ce884dfb2b2dcc13c45,continuous,optim/beta2,25200,25200,2520,0
d12-s7-s0-6c217854f4174ce884dfb2b2dcc13c45,continuous,optim/eps,15120,15120,2520,0
d12-s7-s0-6c217854f4174ce884dfb2b2dcc13c45,continuous,optim/lr,25200,25200,2520,0
d12-s7-s0-6c217854f4174ce884dfb2b2dcc13c45,continuous,optim/lr_eff,10080,10080,2520,0
d12-s7-s0-6c217854f4174ce884dfb2b2dcc13c45,continuous,optim/momentum,10080,10080,2520,0
d12-s7-s0-6c217854f4174ce884dfb2b2dcc13c45,continuous,optim/ns_steps,10080,10080,2520,0
d12-s7-s0-6c217854f4174ce884dfb2b2dcc13c45,continuous,optim/weight_decay,25200,25200,2520,0
d12-s7-s0-6c217854f4174ce884dfb2b2dcc13c45,continuous,overhead/grads_ready,2520,2520,2520,0
d12-s7-s0-6c217854f4174ce884dfb2b2dcc13c45,continuous,overhead/microbatch_cpu_launch,2520,2520,2520,0
d12-s7-s0-6c217854f4174ce884dfb2b2dcc13c45,continuous,overhead/microbatch_cpu_launch/work,2520,2520,2520,0
d12-s7-s0-6c217854f4174ce884dfb2b2dcc13c45,continuous,overhead/step_end_emit,2520,2520,2520,0
d12-s7-s0-6c217854f4174ce884dfb2b2dcc13c45,continuous,scalars/backout_lambda,2520,2520,2520,0
d12-s7-s0-6c217854f4174ce884dfb2b2dcc13c45,continuous,scalars/resid_lambdas,2520,2520,2520,12
d12-s7-s0-6c217854f4174ce884dfb2b2dcc13c45,continuous,scalars/smear_lambda,2520,2520,2520,0
d12-s7-s0-6c217854f4174ce884dfb2b2dcc13c45,continuous,scalars/x0_lambdas,2520,2520,2520,12
d12-s7-s0-6c217854f4174ce884dfb2b2dcc13c45,continuous,step/dt_excl_serialized_telemetry,2520,2520,2520,0
d12-s7-s0-6c217854f4174ce884dfb2b2dcc13c45,continuous,step/loader_call_elapsed,2520,2520,2520,0
d12-s7-s0-6c217854f4174ce884dfb2b2dcc13c45,continuous,step/observed_dt,2520,2520,2520,0
d12-s7-s0-6c217854f4174ce884dfb2b2dcc13c45,continuous,step/skipped,2520,2520,2520,0
d12-s7-s0-6c217854f4174ce884dfb2b2dcc13c45,periodic,attn/n_undefined_queries/b0,75,75,25,0
d12-s7-s0-6c217854f4174ce884dfb2b2dcc13c45,periodic,attn/n_undefined_queries/b1,75,75,25,0
d12-s7-s0-6c217854f4174ce884dfb2b2dcc13c45,periodic,attn/n_undefined_queries/b2,75,75,25,0
d12-s7-s0-6c217854f4174ce884dfb2b2dcc13c45,periodic,attn/n_undefined_queries/b3,75,75,25,0
d12-s7-s0-6c217854f4174ce884dfb2b2dcc13c45,periodic,attn/per_head_mean_distance,75,75,25,6
d12-s7-s0-6c217854f4174ce884dfb2b2dcc13c45,periodic,attn/per_head_mean_distance/b0,75,75,25,6
d12-s7-s0-6c217854f4174ce884dfb2b2dcc13c45,periodic,attn/per_head_mean_distance/b1,75,75,25,6
d12-s7-s0-6c217854f4174ce884dfb2b2dcc13c45,periodic,attn/per_head_mean_distance/b2,75,75,25,6
d12-s7-s0-6c217854f4174ce884dfb2b2dcc13c45,periodic,attn/per_head_mean_distance/b3,75,75,25,6
d12-s7-s0-6c217854f4174ce884dfb2b2dcc13c45,periodic,attn/per_head_median_distance,75,75,25,6
d12-s7-s0-6c217854f4174ce884dfb2b2dcc13c45,periodic,attn/per_head_median_distance/b0,75,75,25,6
d12-s7-s0-6c217854f4174ce884dfb2b2dcc13c45,periodic,attn/per_head_median_distance/b1,75,75,25,6
d12-s7-s0-6c217854f4174ce884dfb2b2dcc13c45,periodic,attn/per_head_median_distance/b2,75,75,25,6
d12-s7-s0-6c217854f4174ce884dfb2b2dcc13c45,periodic,attn/per_head_median_distance/b3,75,75,25,6
d12-s7-s0-6c217854f4174ce884dfb2b2dcc13c45,periodic,attn/per_head_norm_entropy,75,75,25,6
d12-s7-s0-6c217854f4174ce884dfb2b2dcc13c45,periodic,attn/per_head_norm_entropy/b0,75,75,25,6
d12-s7-s0-6c217854f4174ce884dfb2b2dcc13c45,periodic,attn/per_head_norm_entropy/b1,75,75,25,6
d12-s7-s0-6c217854f4174ce884dfb2b2dcc13c45,periodic,attn/per_head_norm_entropy/b2,75,75,25,6
d12-s7-s0-6c217854f4174ce884dfb2b2dcc13c45,periodic,attn/per_head_norm_entropy/b3,75,75,25,6
d12-s7-s0-6c217854f4174ce884dfb2b2dcc13c45,periodic,attn/validation_max_abs_err,75,75,25,0
d12-s7-s0-6c217854f4174ce884dfb2b2dcc13c45,periodic,grad/max_abs,375,375,25,0
d12-s7-s0-6c217854f4174ce884dfb2b2dcc13c45,periodic,grad/nonfinite,375,375,25,0
d12-s7-s0-6c217854f4174ce884dfb2b2dcc13c45,periodic,grad/norm,2825,2825,25,0
d12-s7-s0-6c217854f4174ce884dfb2b2dcc13c45,periodic,grad/rms,2825,2825,25,0
d12-s7-s0-6c217854f4174ce884dfb2b2dcc13c45,periodic,grad/zero_fraction,375,375,25,0
d12-s7-s0-6c217854f4174ce884dfb2b2dcc13c45,periodic,muon/cautious_mask_fraction,1950,1950,25,0
d12-s7-s0-6c217854f4174ce884dfb2b2dcc13c45,periodic,muon/cos_data_decay,1950,1872,25,0
d12-s7-s0-6c217854f4174ce884dfb2b2dcc13c45,periodic,muon/cos_nesterov_final,1950,1896,25,0
d12-s7-s0-6c217854f4174ce884dfb2b2dcc13c45,periodic,muon/cos_raw_final,1950,1896,25,0
d12-s7-s0-6c217854f4174ce884dfb2b2dcc13c45,periodic,muon/cos_raw_momentum,1950,1896,25,0
d12-s7-s0-6c217854f4174ce884dfb2b2dcc13c45,periodic,muon/cos_raw_nesterov,1950,1896,25,0
d12-s7-s0-6c217854f4174ce884dfb2b2dcc13c45,periodic,muon/data_norm,1950,1950,25,0
d12-s7-s0-6c217854f4174ce884dfb2b2dcc13c45,periodic,muon/decay_norm,1950,1950,25,0
d12-s7-s0-6c217854f4174ce884dfb2b2dcc13c45,periodic,muon/factored_scale_dispersion,1950,1950,25,0
d12-s7-s0-6c217854f4174ce884dfb2b2dcc13c45,periodic,muon/norm_degenerate,1950,1950,25,0
d12-s7-s0-6c217854f4174ce884dfb2b2dcc13c45,periodic,muon/norm_deviation,1950,1950,25,0
d12-s7-s0-6c217854f4174ce884dfb2b2dcc13c45,periodic,muon/polar_residual,1950,1950,25,0
d12-s7-s0-6c217854f4174ce884dfb2b2dcc13c45,periodic,muon/u_final_norm_analytic,1950,1950,25,0
d12-s7-s0-6c217854f4174ce884dfb2b2dcc13c45,periodic,muon/u_final_norm_observed,1950,1950,25,0
d12-s7-s0-6c217854f4174ce884dfb2b2dcc13c45,periodic,noise/b_noise,25,25,25,0
d12-s7-s0-6c217854f4174ce884dfb2b2dcc13c45,periodic,noise/mean_grad_norm,2825,2825,25,0
d12-s7-s0-6c217854f4174ce884dfb2b2dcc13c45,periodic,noise/pairwise_cosines,25,25,25,28
d12-s7-s0-6c217854f4174ce884dfb2b2dcc13c45,periodic,noise/per_sub_sq_norm,25,25,25,8
d12-s7-s0-6c217854f4174ce884dfb2b2dcc13c45,periodic,noise/row_trace,25,25,25,0
d12-s7-s0-6c217854f4174ce884dfb2b2dcc13c45,periodic,noise/s2,25,25,25,0
d12-s7-s0-6c217854f4174ce884dfb2b2dcc13c45,periodic,noise/signal_raw,25,25,25,0
d12-s7-s0-6c217854f4174ce884dfb2b2dcc13c45,periodic,optim/adamw_m_norm,853,840,25,0
d12-s7-s0-6c217854f4174ce884dfb2b2dcc13c45,periodic,optim/adamw_m_rms,853,840,25,0
d12-s7-s0-6c217854f4174ce884dfb2b2dcc13c45,periodic,optim/adamw_v_norm,853,840,25,0
d12-s7-s0-6c217854f4174ce884dfb2b2dcc13c45,periodic,optim/adamw_v_rms,853,840,25,0
d12-s7-s0-6c217854f4174ce884dfb2b2dcc13c45,periodic,optim/muon_momentum_norm,1950,1872,25,0
d12-s7-s0-6c217854f4174ce884dfb2b2dcc13c45,periodic,optim/muon_momentum_rms,1950,1872,25,0
d12-s7-s0-6c217854f4174ce884dfb2b2dcc13c45,periodic,optim/muon_second_momentum_mean,1950,1872,25,0
d12-s7-s0-6c217854f4174ce884dfb2b2dcc13c45,periodic,optim/muon_second_momentum_norm,1950,1872,25,0
d12-s7-s0-6c217854f4174ce884dfb2b2dcc13c45,periodic,optim/muon_second_momentum_rms,1950,1872,25,0
d12-s7-s0-6c217854f4174ce884dfb2b2dcc13c45,periodic,overhead/attention,25,25,25,0
d12-s7-s0-6c217854f4174ce884dfb2b2dcc13c45,periodic,overhead/attention/work,25,25,25,0
d12-s7-s0-6c217854f4174ce884dfb2b2dcc13c45,periodic,overhead/grads_ready/periodic_scan,25,25,25,0
d12-s7-s0-6c217854f4174ce884dfb2b2dcc13c45,periodic,overhead/grads_ready/periodic_scan/work,25,25,25,0
d12-s7-s0-6c217854f4174ce884dfb2b2dcc13c45,periodic,overhead/noise,25,25,25,0
d12-s7-s0-6c217854f4174ce884dfb2b2dcc13c45,periodic,overhead/noise/work,25,25,25,0
d12-s7-s0-6c217854f4174ce884dfb2b2dcc13c45,periodic,overhead/probes,25,25,25,0
d12-s7-s0-6c217854f4174ce884dfb2b2dcc13c45,periodic,overhead/probes/work,25,25,25,0
d12-s7-s0-6c217854f4174ce884dfb2b2dcc13c45,periodic,param/norm,2825,2825,25,0
d12-s7-s0-6c217854f4174ce884dfb2b2dcc13c45,periodic,param/rms,2825,2825,25,0
d12-s7-s0-6c217854f4174ce884dfb2b2dcc13c45,periodic,probe/attn_out_norm,600,600,25,0
d12-s7-s0-6c217854f4174ce884dfb2b2dcc13c45,periodic,probe/attn_out_stats_mean,600,600,25,0
d12-s7-s0-6c217854f4174ce884dfb2b2dcc13c45,periodic,probe/attn_out_stats_quantiles,600,600,25,7
d12-s7-s0-6c217854f4174ce884dfb2b2dcc13c45,periodic,probe/attn_out_stats_rms,600,600,25,0
d12-s7-s0-6c217854f4174ce884dfb2b2dcc13c45,periodic,probe/attn_out_stats_std,600,600,25,0
d12-s7-s0-6c217854f4174ce884dfb2b2dcc13c45,periodic,probe/attn_residual_ratio,600,600,25,0
d12-s7-s0-6c217854f4174ce884dfb2b2dcc13c45,periodic,probe/backout_contribution_ratio,50,50,25,0
d12-s7-s0-6c217854f4174ce884dfb2b2dcc13c45,periodic,probe/backout_term_norm,50,50,25,0
d12-s7-s0-6c217854f4174ce884dfb2b2dcc13c45,periodic,probe/block_in_stats_mean,600,600,25,0
d12-s7-s0-6c217854f4174ce884dfb2b2dcc13c45,periodic,probe/block_in_stats_quantiles,600,600,25,7
d12-s7-s0-6c217854f4174ce884dfb2b2dcc13c45,periodic,probe/block_in_stats_rms,600,600,25,0
d12-s7-s0-6c217854f4174ce884dfb2b2dcc13c45,periodic,probe/block_in_stats_std,600,600,25,0
d12-s7-s0-6c217854f4174ce884dfb2b2dcc13c45,periodic,probe/c_proj_in_norm,600,600,25,0
d12-s7-s0-6c217854f4174ce884dfb2b2dcc13c45,periodic,probe/c_proj_in_stats_mean,600,600,25,0
d12-s7-s0-6c217854f4174ce884dfb2b2dcc13c45,periodic,probe/c_proj_in_stats_quantiles,600,600,25,7
d12-s7-s0-6c217854f4174ce884dfb2b2dcc13c45,periodic,probe/c_proj_in_stats_rms,600,600,25,0
d12-s7-s0-6c217854f4174ce884dfb2b2dcc13c45,periodic,probe/c_proj_in_stats_std,600,600,25,0
d12-s7-s0-6c217854f4174ce884dfb2b2dcc13c45,periodic,probe/content_loss_sums,50,50,25,40
d12-s7-s0-6c217854f4174ce884dfb2b2dcc13c45,periodic,probe/logit_entropy_mean,50,50,25,0
d12-s7-s0-6c217854f4174ce884dfb2b2dcc13c45,periodic,probe/logit_lse_mean,50,50,25,0
d12-s7-s0-6c217854f4174ce884dfb2b2dcc13c45,periodic,probe/logit_margin_mean,50,50,25,0
d12-s7-s0-6c217854f4174ce884dfb2b2dcc13c45,periodic,probe/logit_max_postcap,50,50,25,0
d12-s7-s0-6c217854f4174ce884dfb2b2dcc13c45,periodic,probe/logit_max_precap,50,50,25,0
d12-s7-s0-6c217854f4174ce884dfb2b2dcc13c45,periodic,probe/logit_saturation_fraction,50,50,25,0
d12-s7-s0-6c217854f4174ce884dfb2b2dcc13c45,periodic,probe/logit_softcap_equiv_err,50,50,25,0
d12-s7-s0-6c217854f4174ce884dfb2b2dcc13c45,periodic,probe/logit_z_loss,50,50,25,0
d12-s7-s0-6c217854f4174ce884dfb2b2dcc13c45,periodic,probe/loss,50,50,25,0
d12-s7-s0-6c217854f4174ce884dfb2b2dcc13c45,periodic,probe/mlp_out_norm,600,600,25,0
d12-s7-s0-6c217854f4174ce884dfb2b2dcc13c45,periodic,probe/mlp_out_stats_mean,600,600,25,0
d12-s7-s0-6c217854f4174ce884dfb2b2dcc13c45,periodic,probe/mlp_out_stats_quantiles,600,600,25,7
d12-s7-s0-6c217854f4174ce884dfb2b2dcc13c45,periodic,probe/mlp_out_stats_rms,600,600,25,0
d12-s7-s0-6c217854f4174ce884dfb2b2dcc13c45,periodic,probe/mlp_out_stats_std,600,600,25,0
d12-s7-s0-6c217854f4174ce884dfb2b2dcc13c45,periodic,probe/mlp_residual_ratio,600,600,25,0
d12-s7-s0-6c217854f4174ce884dfb2b2dcc13c45,periodic,probe/n_segments,50,50,25,16
d12-s7-s0-6c217854f4174ce884dfb2b2dcc13c45,periodic,probe/per_row_loss,50,50,25,16
d12-s7-s0-6c217854f4174ce884dfb2b2dcc13c45,periodic,probe/per_token_loss,50,50,25,32768
d12-s7-s0-6c217854f4174ce884dfb2b2dcc13c45,periodic,probe/relu2_sparsity,600,600,25,0
d12-s7-s0-6c217854f4174ce884dfb2b2dcc13c45,periodic,probe/relu2_tail_quantiles,600,600,25,3
d12-s7-s0-6c217854f4174ce884dfb2b2dcc13c45,periodic,probe/resid_contribution_ratio,600,600,25,0
d12-s7-s0-6c217854f4174ce884dfb2b2dcc13c45,periodic,probe/resid_term_norm,600,600,25,0
d12-s7-s0-6c217854f4174ce884dfb2b2dcc13c45,periodic,probe/residual_mix_equiv_err,600,600,25,0
d12-s7-s0-6c217854f4174ce884dfb2b2dcc13c45,periodic,probe/segment_lengths,50,50,25,40
d12-s7-s0-6c217854f4174ce884dfb2b2dcc13c45,periodic,probe/transition_loss_sum,50,50,25,16
d12-s7-s0-6c217854f4174ce884dfb2b2dcc13c45,periodic,probe/ve_contribution_ratio,300,300,25,0
d12-s7-s0-6c217854f4174ce884dfb2b2dcc13c45,periodic,probe/ve_gate_mean,300,300,25,0
d12-s7-s0-6c217854f4174ce884dfb2b2dcc13c45,periodic,probe/ve_gate_quantiles,300,300,25,7
d12-s7-s0-6c217854f4174ce884dfb2b2dcc13c45,periodic,probe/ve_gate_rms,300,300,25,0
d12-s7-s0-6c217854f4174ce884dfb2b2dcc13c45,periodic,probe/ve_gate_std,300,300,25,0
d12-s7-s0-6c217854f4174ce884dfb2b2dcc13c45,periodic,probe/x0_contribution_ratio,600,600,25,0
d12-s7-s0-6c217854f4174ce884dfb2b2dcc13c45,periodic,probe/x0_term_norm,600,600,25,0
d12-s7-s0-6c217854f4174ce884dfb2b2dcc13c45,periodic,sketch/grad,2825,2825,25,4096
d12-s7-s0-6c217854f4174ce884dfb2b2dcc13c45,periodic,sketch/grad_cosine_prev,25,24,25,0
d12-s7-s0-6c217854f4174ce884dfb2b2dcc13c45,periodic,sketch/grad_sq_norm,2825,2825,25,0
d12-s7-s0-6c217854f4174ce884dfb2b2dcc13c45,sparse,calib/grad_cosine_prev,30,29,30,0
d12-s7-s0-6c217854f4174ce884dfb2b2dcc13c45,sparse,calib/grad_norm,30,30,30,0
d12-s7-s0-6c217854f4174ce884dfb2b2dcc13c45,sparse,curvature/Hg_norm,60,60,30,0
d12-s7-s0-6c217854f4174ce884dfb2b2dcc13c45,sparse,curvature/arith_eps,60,60,30,0
d12-s7-s0-6c217854f4174ce884dfb2b2dcc13c45,sparse,curvature/c_fd_gradient,60,60,30,0
d12-s7-s0-6c217854f4174ce884dfb2b2dcc13c45,sparse,curvature/c_fd_random,60,60,30,0
d12-s7-s0-6c217854f4174ce884dfb2b2dcc13c45,sparse,curvature/c_fd_update,60,60,30,0
d12-s7-s0-6c217854f4174ce884dfb2b2dcc13c45,sparse,curvature/curv_eps_gradient,60,60,30,0
d12-s7-s0-6c217854f4174ce884dfb2b2dcc13c45,sparse,curvature/curv_eps_random,60,60,30,0
d12-s7-s0-6c217854f4174ce884dfb2b2dcc13c45,sparse,curvature/curv_eps_update,60,60,30,0
d12-s7-s0-6c217854f4174ce884dfb2b2dcc13c45,sparse,curvature/curv_floor_gradient,60,60,30,0
d12-s7-s0-6c217854f4174ce884dfb2b2dcc13c45,sparse,curvature/curv_floor_random,60,60,30,0
d12-s7-s0-6c217854f4174ce884dfb2b2dcc13c45,sparse,curvature/curv_floor_update,60,60,30,0
d12-s7-s0-6c217854f4174ce884dfb2b2dcc13c45,sparse,curvature/curv_snr_gradient,60,60,30,0
d12-s7-s0-6c217854f4174ce884dfb2b2dcc13c45,sparse,curvature/curv_snr_random,60,60,30,0
d12-s7-s0-6c217854f4174ce884dfb2b2dcc13c45,sparse,curvature/curv_snr_update,60,60,30,0
d12-s7-s0-6c217854f4174ce884dfb2b2dcc13c45,sparse,curvature/dhd,60,60,30,0
d12-s7-s0-6c217854f4174ce884dfb2b2dcc13c45,sparse,curvature/e_curv_gradient,60,26,30,0
d12-s7-s0-6c217854f4174ce884dfb2b2dcc13c45,sparse,curvature/e_curv_random,60,0,30,0
d12-s7-s0-6c217854f4174ce884dfb2b2dcc13c45,sparse,curvature/e_curv_update,60,0,30,0
d12-s7-s0-6c217854f4174ce884dfb2b2dcc13c45,sparse,curvature/e_fd_gradient,60,30,30,0
d12-s7-s0-6c217854f4174ce884dfb2b2dcc13c45,sparse,curvature/e_fd_random,60,15,30,0
d12-s7-s0-6c217854f4174ce884dfb2b2dcc13c45,sparse,curvature/e_fd_update,60,0,30,0
d12-s7-s0-6c217854f4174ce884dfb2b2dcc13c45,sparse,curvature/e_lin_gradient,60,60,30,0
d12-s7-s0-6c217854f4174ce884dfb2b2dcc13c45,sparse,curvature/e_lin_random,60,60,30,0
d12-s7-s0-6c217854f4174ce884dfb2b2dcc13c45,sparse,curvature/e_lin_update,60,60,30,0
d12-s7-s0-6c217854f4174ce884dfb2b2dcc13c45,sparse,curvature/e_sym_gradient,60,60,30,0
d12-s7-s0-6c217854f4174ce884dfb2b2dcc13c45,sparse,curvature/e_sym_random,60,60,30,0
d12-s7-s0-6c217854f4174ce884dfb2b2dcc13c45,sparse,curvature/e_sym_update,60,60,30,0
d12-s7-s0-6c217854f4174ce884dfb2b2dcc13c45,sparse,curvature/eta_star,60,54,30,0
d12-s7-s0-6c217854f4174ce884dfb2b2dcc13c45,sparse,curvature/eta_star_rho,60,60,30,0
d12-s7-s0-6c217854f4174ce884dfb2b2dcc13c45,sparse,curvature/eta_star_rho_threshold,60,60,30,0
d12-s7-s0-6c217854f4174ce884dfb2b2dcc13c45,sparse,curvature/fd_conclusive_gradient,60,60,30,0
d12-s7-s0-6c217854f4174ce884dfb2b2dcc13c45,sparse,curvature/fd_conclusive_random,60,60,30,0
d12-s7-s0-6c217854f4174ce884dfb2b2dcc13c45,sparse,curvature/fd_conclusive_update,60,60,30,0
d12-s7-s0-6c217854f4174ce884dfb2b2dcc13c45,sparse,curvature/fd_cos_gradient,60,30,30,0
d12-s7-s0-6c217854f4174ce884dfb2b2dcc13c45,sparse,curvature/fd_cos_random,60,15,30,0
d12-s7-s0-6c217854f4174ce884dfb2b2dcc13c45,sparse,curvature/fd_cos_update,60,0,30,0
d12-s7-s0-6c217854f4174ce884dfb2b2dcc13c45,sparse,curvature/fd_eps_gradient,60,60,30,0
d12-s7-s0-6c217854f4174ce884dfb2b2dcc13c45,sparse,curvature/fd_eps_random,60,60,30,0
d12-s7-s0-6c217854f4174ce884dfb2b2dcc13c45,sparse,curvature/fd_eps_update,60,60,30,0
d12-s7-s0-6c217854f4174ce884dfb2b2dcc13c45,sparse,curvature/fd_floor_gradient,60,60,30,0
d12-s7-s0-6c217854f4174ce884dfb2b2dcc13c45,sparse,curvature/fd_floor_random,60,60,30,0
d12-s7-s0-6c217854f4174ce884dfb2b2dcc13c45,sparse,curvature/fd_floor_update,60,60,30,0
d12-s7-s0-6c217854f4174ce884dfb2b2dcc13c45,sparse,curvature/fd_snr_gradient,60,60,30,0
d12-s7-s0-6c217854f4174ce884dfb2b2dcc13c45,sparse,curvature/fd_snr_random,60,60,30,0
d12-s7-s0-6c217854f4174ce884dfb2b2dcc13c45,sparse,curvature/fd_snr_update,60,60,30,0
d12-s7-s0-6c217854f4174ce884dfb2b2dcc13c45,sparse,curvature/fd_sweep_conclusive_gradient,60,60,30,6
d12-s7-s0-6c217854f4174ce884dfb2b2dcc13c45,sparse,curvature/fd_sweep_conclusive_random,60,60,30,6
d12-s7-s0-6c217854f4174ce884dfb2b2dcc13c45,sparse,curvature/fd_sweep_conclusive_update,60,60,30,6
d12-s7-s0-6c217854f4174ce884dfb2b2dcc13c45,sparse,curvature/fd_sweep_cos_gradient,60,60,30,6
d12-s7-s0-6c217854f4174ce884dfb2b2dcc13c45,sparse,curvature/fd_sweep_cos_random,60,60,30,6
d12-s7-s0-6c217854f4174ce884dfb2b2dcc13c45,sparse,curvature/fd_sweep_cos_update,60,60,30,6
d12-s7-s0-6c217854f4174ce884dfb2b2dcc13c45,sparse,curvature/fd_sweep_cos_valid_gradient,60,60,30,6
d12-s7-s0-6c217854f4174ce884dfb2b2dcc13c45,sparse,curvature/fd_sweep_cos_valid_random,60,60,30,6
d12-s7-s0-6c217854f4174ce884dfb2b2dcc13c45,sparse,curvature/fd_sweep_cos_valid_update,60,60,30,6
d12-s7-s0-6c217854f4174ce884dfb2b2dcc13c45,sparse,curvature/fd_sweep_e_fd_gradient,60,60,30,6
d12-s7-s0-6c217854f4174ce884dfb2b2dcc13c45,sparse,curvature/fd_sweep_e_fd_random,60,60,30,6
d12-s7-s0-6c217854f4174ce884dfb2b2dcc13c45,sparse,curvature/fd_sweep_e_fd_update,60,60,30,6
d12-s7-s0-6c217854f4174ce884dfb2b2dcc13c45,sparse,curvature/fd_sweep_eps_gradient,60,60,30,6
d12-s7-s0-6c217854f4174ce884dfb2b2dcc13c45,sparse,curvature/fd_sweep_eps_random,60,60,30,6
d12-s7-s0-6c217854f4174ce884dfb2b2dcc13c45,sparse,curvature/fd_sweep_eps_update,60,60,30,6
d12-s7-s0-6c217854f4174ce884dfb2b2dcc13c45,sparse,curvature/fd_sweep_floor_gradient,60,60,30,6
d12-s7-s0-6c217854f4174ce884dfb2b2dcc13c45,sparse,curvature/fd_sweep_floor_random,60,60,30,6
d12-s7-s0-6c217854f4174ce884dfb2b2dcc13c45,sparse,curvature/fd_sweep_floor_update,60,60,30,6
d12-s7-s0-6c217854f4174ce884dfb2b2dcc13c45,sparse,curvature/fd_sweep_snr_gradient,60,60,30,6
d12-s7-s0-6c217854f4174ce884dfb2b2dcc13c45,sparse,curvature/fd_sweep_snr_random,60,60,30,6
d12-s7-s0-6c217854f4174ce884dfb2b2dcc13c45,sparse,curvature/fd_sweep_snr_update,60,60,30,6
d12-s7-s0-6c217854f4174ce884dfb2b2dcc13c45,sparse,curvature/gHg,60,60,30,0
d12-s7-s0-6c217854f4174ce884dfb2b2dcc13c45,sparse,curvature/gg,60,60,30,0
d12-s7-s0-6c217854f4174ce884dfb2b2dcc13c45,sparse,curvature/native_verdict_code,30,30,30,0
d12-s7-s0-6c217854f4174ce884dfb2b2dcc13c45,sparse,curvature/shadow_verdict_code,30,30,30,0
d12-s7-s0-6c217854f4174ce884dfb2b2dcc13c45,sparse,curvature/sweep_c_fd_gradient,60,60,30,5
d12-s7-s0-6c217854f4174ce884dfb2b2dcc13c45,sparse,curvature/sweep_c_fd_random,60,60,30,4
d12-s7-s0-6c217854f4174ce884dfb2b2dcc13c45,sparse,curvature/sweep_c_fd_update,60,60,30,4
d12-s7-s0-6c217854f4174ce884dfb2b2dcc13c45,sparse,curvature/sweep_e_curv_gradient,60,60,30,5
d12-s7-s0-6c217854f4174ce884dfb2b2dcc13c45,sparse,curvature/sweep_e_curv_random,60,60,30,4
d12-s7-s0-6c217854f4174ce884dfb2b2dcc13c45,sparse,curvature/sweep_e_curv_update,60,60,30,4
d12-s7-s0-6c217854f4174ce884dfb2b2dcc13c45,sparse,curvature/sweep_eps_gradient,60,60,30,5
d12-s7-s0-6c217854f4174ce884dfb2b2dcc13c45,sparse,curvature/sweep_eps_random,60,60,30,4
d12-s7-s0-6c217854f4174ce884dfb2b2dcc13c45,sparse,curvature/sweep_eps_update,60,60,30,4
d12-s7-s0-6c217854f4174ce884dfb2b2dcc13c45,sparse,curvature/sweep_floor_gradient,60,60,30,5
d12-s7-s0-6c217854f4174ce884dfb2b2dcc13c45,sparse,curvature/sweep_floor_random,60,60,30,4
d12-s7-s0-6c217854f4174ce884dfb2b2dcc13c45,sparse,curvature/sweep_floor_update,60,60,30,4
d12-s7-s0-6c217854f4174ce884dfb2b2dcc13c45,sparse,curvature/sweep_snr_gradient,60,60,30,5
d12-s7-s0-6c217854f4174ce884dfb2b2dcc13c45,sparse,curvature/sweep_snr_random,60,60,30,4
d12-s7-s0-6c217854f4174ce884dfb2b2dcc13c45,sparse,curvature/sweep_snr_update,60,60,30,4
d12-s7-s0-6c217854f4174ce884dfb2b2dcc13c45,sparse,curvature/verdict_code_gradient,60,60,30,0
d12-s7-s0-6c217854f4174ce884dfb2b2dcc13c45,sparse,curvature/verdict_code_random,60,60,30,0
d12-s7-s0-6c217854f4174ce884dfb2b2dcc13c45,sparse,curvature/verdict_code_update,60,60,30,0
d12-s7-s0-6c217854f4174ce884dfb2b2dcc13c45,sparse,curvature/vhv_gradient,60,60,30,0
d12-s7-s0-6c217854f4174ce884dfb2b2dcc13c45,sparse,curvature/vhv_random,60,60,30,0
d12-s7-s0-6c217854f4174ce884dfb2b2dcc13c45,sparse,curvature/vhv_update,60,60,30,0
d12-s7-s0-6c217854f4174ce884dfb2b2dcc13c45,sparse,muon/replay_update_relerr,2340,2340,30,0
d12-s7-s0-6c217854f4174ce884dfb2b2dcc13c45,sparse,overhead/grads_ready/calibration,30,30,30,0
d12-s7-s0-6c217854f4174ce884dfb2b2dcc13c45,sparse,overhead/grads_ready/calibration/work,30,30,30,0
d12-s7-s0-6c217854f4174ce884dfb2b2dcc13c45,sparse,overhead/lineage_checkpoint,3,3,3,0
d12-s7-s0-6c217854f4174ce884dfb2b2dcc13c45,sparse,overhead/muon_reference,30,30,30,0
d12-s7-s0-6c217854f4174ce884dfb2b2dcc13c45,sparse,overhead/muon_reference/work,30,30,30,0
d12-s7-s0-6c217854f4174ce884dfb2b2dcc13c45,sparse,overhead/probe_grad_sketch,30,30,30,0
d12-s7-s0-6c217854f4174ce884dfb2b2dcc13c45,sparse,overhead/probe_grad_sketch/work,30,30,30,0
d12-s7-s0-6c217854f4174ce884dfb2b2dcc13c45,sparse,overhead/shadow_acceptance,30,30,30,0
d12-s7-s0-6c217854f4174ce884dfb2b2dcc13c45,sparse,overhead/theta_snapshot,30,30,30,0
d12-s7-s0-6c217854f4174ce884dfb2b2dcc13c45,sparse,overhead/theta_snapshot/work,30,30,30,0
d12-s7-s0-6c217854f4174ce884dfb2b2dcc13c45,sparse,overhead/update_effectiveness,30,30,30,0
d12-s7-s0-6c217854f4174ce884dfb2b2dcc13c45,sparse,overhead/update_effectiveness/work,30,30,30,0
d12-s7-s0-6c217854f4174ce884dfb2b2dcc13c45,sparse,sketch/probe_grad,3390,3390,30,4096
d12-s7-s0-6c217854f4174ce884dfb2b2dcc13c45,sparse,sketch/probe_grad_cosine_prev,30,29,30,0
d12-s7-s0-6c217854f4174ce884dfb2b2dcc13c45,sparse,sketch/probe_grad_sq_norm,3390,3390,30,0
d12-s7-s0-6c217854f4174ce884dfb2b2dcc13c45,sparse,update/actual,60,60,30,0
d12-s7-s0-6c217854f4174ce884dfb2b2dcc13c45,sparse,update/direction_norm,60,60,30,0
d12-s7-s0-6c217854f4174ce884dfb2b2dcc13c45,sparse,update/loss_after,60,60,30,0
d12-s7-s0-6c217854f4174ce884dfb2b2dcc13c45,sparse,update/loss_before,60,60,30,0
d12-s7-s0-6c217854f4174ce884dfb2b2dcc13c45,sparse,update/normalized_residual,60,60,30,0
d12-s7-s0-6c217854f4174ce884dfb2b2dcc13c45,sparse,update/p1,60,60,30,0
d12-s7-s0-6c217854f4174ce884dfb2b2dcc13c45,sparse,update/p2,60,60,30,0
d12-s7-s0-6c217854f4174ce884dfb2b2dcc13c45,sparse,update/residual_p1,60,60,30,0
d12-s7-s0-6c217854f4174ce884dfb2b2dcc13c45,sparse,update/residual_p2,60,60,30,0
d12-s7-s0-6c217854f4174ce884dfb2b2dcc13c45,offline,overhead/total/attention,1,1,1,0
d12-s7-s0-6c217854f4174ce884dfb2b2dcc13c45,offline,overhead/total/grads_ready,1,1,1,0
d12-s7-s0-6c217854f4174ce884dfb2b2dcc13c45,offline,overhead/total/grads_ready/calibration,1,1,1,0
d12-s7-s0-6c217854f4174ce884dfb2b2dcc13c45,offline,overhead/total/grads_ready/periodic_scan,1,1,1,0
d12-s7-s0-6c217854f4174ce884dfb2b2dcc13c45,offline,overhead/total/lineage_checkpoint,1,1,1,0
d12-s7-s0-6c217854f4174ce884dfb2b2dcc13c45,offline,overhead/total/lineage_inventory,1,1,1,0
d12-s7-s0-6c217854f4174ce884dfb2b2dcc13c45,offline,overhead/total/microbatch_cpu_launch,1,1,1,0
d12-s7-s0-6c217854f4174ce884dfb2b2dcc13c45,offline,overhead/total/muon_reference,1,1,1,0
d12-s7-s0-6c217854f4174ce884dfb2b2dcc13c45,offline,overhead/total/noise,1,1,1,0
d12-s7-s0-6c217854f4174ce884dfb2b2dcc13c45,offline,overhead/total/probe_grad_sketch,1,1,1,0
d12-s7-s0-6c217854f4174ce884dfb2b2dcc13c45,offline,overhead/total/probes,1,1,1,0
d12-s7-s0-6c217854f4174ce884dfb2b2dcc13c45,offline,overhead/total/shadow_acceptance,1,1,1,0
d12-s7-s0-6c217854f4174ce884dfb2b2dcc13c45,offline,overhead/total/step_end_emit,1,1,1,0
d12-s7-s0-6c217854f4174ce884dfb2b2dcc13c45,offline,overhead/total/theta_snapshot,1,1,1,0
d12-s7-s0-6c217854f4174ce884dfb2b2dcc13c45,offline,overhead/total/update_effectiveness,1,1,1,0
d12-s8-s0-2b2e72e4395440029b92226213d137bb,continuous,batch/bos_count,2520,2520,2520,0
d12-s8-s0-2b2e72e4395440029b92226213d137bb,continuous,batch/mean_segment_length,2520,2520,2520,0
d12-s8-s0-2b2e72e4395440029b92226213d137bb,continuous,batch/micro_batches,2520,2520,2520,0
d12-s8-s0-2b2e72e4395440029b92226213d137bb,continuous,batch/segments_per_row_max,2520,2520,2520,0
d12-s8-s0-2b2e72e4395440029b92226213d137bb,continuous,batch/segments_per_row_mean,2520,2520,2520,0
d12-s8-s0-2b2e72e4395440029b92226213d137bb,continuous,batch/valid_targets,2520,2520,2520,0
d12-s8-s0-2b2e72e4395440029b92226213d137bb,continuous,grad/finite,54,54,54,0
d12-s8-s0-2b2e72e4395440029b92226213d137bb,continuous,loss/finite,2520,2520,2520,0
d12-s8-s0-2b2e72e4395440029b92226213d137bb,continuous,loss/train_mean,2520,2520,2520,0
d12-s8-s0-2b2e72e4395440029b92226213d137bb,continuous,mem/alloc_end_bytes,2520,2520,2520,0
d12-s8-s0-2b2e72e4395440029b92226213d137bb,continuous,mem/alloc_start_bytes,2520,2520,2520,0
d12-s8-s0-2b2e72e4395440029b92226213d137bb,continuous,mem/cuda_peak_absolute,2520,2520,2520,0
d12-s8-s0-2b2e72e4395440029b92226213d137bb,continuous,optim/beta1,15120,15120,2520,0
d12-s8-s0-2b2e72e4395440029b92226213d137bb,continuous,optim/beta2,25200,25200,2520,0
d12-s8-s0-2b2e72e4395440029b92226213d137bb,continuous,optim/eps,15120,15120,2520,0
d12-s8-s0-2b2e72e4395440029b92226213d137bb,continuous,optim/lr,25200,25200,2520,0
d12-s8-s0-2b2e72e4395440029b92226213d137bb,continuous,optim/lr_eff,10080,10080,2520,0
d12-s8-s0-2b2e72e4395440029b92226213d137bb,continuous,optim/momentum,10080,10080,2520,0
d12-s8-s0-2b2e72e4395440029b92226213d137bb,continuous,optim/ns_steps,10080,10080,2520,0
d12-s8-s0-2b2e72e4395440029b92226213d137bb,continuous,optim/weight_decay,25200,25200,2520,0
d12-s8-s0-2b2e72e4395440029b92226213d137bb,continuous,overhead/grads_ready,2520,2520,2520,0
d12-s8-s0-2b2e72e4395440029b92226213d137bb,continuous,overhead/microbatch_cpu_launch,2520,2520,2520,0
d12-s8-s0-2b2e72e4395440029b92226213d137bb,continuous,overhead/microbatch_cpu_launch/work,2520,2520,2520,0
d12-s8-s0-2b2e72e4395440029b92226213d137bb,continuous,overhead/step_end_emit,2520,2520,2520,0
d12-s8-s0-2b2e72e4395440029b92226213d137bb,continuous,scalars/backout_lambda,2520,2520,2520,0
d12-s8-s0-2b2e72e4395440029b92226213d137bb,continuous,scalars/resid_lambdas,2520,2520,2520,12
d12-s8-s0-2b2e72e4395440029b92226213d137bb,continuous,scalars/smear_lambda,2520,2520,2520,0
d12-s8-s0-2b2e72e4395440029b92226213d137bb,continuous,scalars/x0_lambdas,2520,2520,2520,12
d12-s8-s0-2b2e72e4395440029b92226213d137bb,continuous,step/dt_excl_serialized_telemetry,2520,2520,2520,0
d12-s8-s0-2b2e72e4395440029b92226213d137bb,continuous,step/loader_call_elapsed,2520,2520,2520,0
d12-s8-s0-2b2e72e4395440029b92226213d137bb,continuous,step/observed_dt,2520,2520,2520,0
d12-s8-s0-2b2e72e4395440029b92226213d137bb,continuous,step/skipped,2520,2520,2520,0
d12-s8-s0-2b2e72e4395440029b92226213d137bb,periodic,attn/n_undefined_queries/b0,75,75,25,0
d12-s8-s0-2b2e72e4395440029b92226213d137bb,periodic,attn/n_undefined_queries/b1,75,75,25,0
d12-s8-s0-2b2e72e4395440029b92226213d137bb,periodic,attn/n_undefined_queries/b2,75,75,25,0
d12-s8-s0-2b2e72e4395440029b92226213d137bb,periodic,attn/n_undefined_queries/b3,75,75,25,0
d12-s8-s0-2b2e72e4395440029b92226213d137bb,periodic,attn/per_head_mean_distance,75,75,25,6
d12-s8-s0-2b2e72e4395440029b92226213d137bb,periodic,attn/per_head_mean_distance/b0,75,75,25,6
d12-s8-s0-2b2e72e4395440029b92226213d137bb,periodic,attn/per_head_mean_distance/b1,75,75,25,6
d12-s8-s0-2b2e72e4395440029b92226213d137bb,periodic,attn/per_head_mean_distance/b2,75,75,25,6
d12-s8-s0-2b2e72e4395440029b92226213d137bb,periodic,attn/per_head_mean_distance/b3,75,75,25,6
d12-s8-s0-2b2e72e4395440029b92226213d137bb,periodic,attn/per_head_median_distance,75,75,25,6
d12-s8-s0-2b2e72e4395440029b92226213d137bb,periodic,attn/per_head_median_distance/b0,75,75,25,6
d12-s8-s0-2b2e72e4395440029b92226213d137bb,periodic,attn/per_head_median_distance/b1,75,75,25,6
d12-s8-s0-2b2e72e4395440029b92226213d137bb,periodic,attn/per_head_median_distance/b2,75,75,25,6
d12-s8-s0-2b2e72e4395440029b92226213d137bb,periodic,attn/per_head_median_distance/b3,75,75,25,6
d12-s8-s0-2b2e72e4395440029b92226213d137bb,periodic,attn/per_head_norm_entropy,75,75,25,6
d12-s8-s0-2b2e72e4395440029b92226213d137bb,periodic,attn/per_head_norm_entropy/b0,75,75,25,6
d12-s8-s0-2b2e72e4395440029b92226213d137bb,periodic,attn/per_head_norm_entropy/b1,75,75,25,6
d12-s8-s0-2b2e72e4395440029b92226213d137bb,periodic,attn/per_head_norm_entropy/b2,75,75,25,6
d12-s8-s0-2b2e72e4395440029b92226213d137bb,periodic,attn/per_head_norm_entropy/b3,75,75,25,6
d12-s8-s0-2b2e72e4395440029b92226213d137bb,periodic,attn/validation_max_abs_err,75,75,25,0
d12-s8-s0-2b2e72e4395440029b92226213d137bb,periodic,grad/max_abs,375,375,25,0
d12-s8-s0-2b2e72e4395440029b92226213d137bb,periodic,grad/nonfinite,375,375,25,0
d12-s8-s0-2b2e72e4395440029b92226213d137bb,periodic,grad/norm,2825,2825,25,0
d12-s8-s0-2b2e72e4395440029b92226213d137bb,periodic,grad/rms,2825,2825,25,0
d12-s8-s0-2b2e72e4395440029b92226213d137bb,periodic,grad/zero_fraction,375,375,25,0
d12-s8-s0-2b2e72e4395440029b92226213d137bb,periodic,muon/cautious_mask_fraction,1950,1950,25,0
d12-s8-s0-2b2e72e4395440029b92226213d137bb,periodic,muon/cos_data_decay,1950,1872,25,0
d12-s8-s0-2b2e72e4395440029b92226213d137bb,periodic,muon/cos_nesterov_final,1950,1896,25,0
d12-s8-s0-2b2e72e4395440029b92226213d137bb,periodic,muon/cos_raw_final,1950,1896,25,0
d12-s8-s0-2b2e72e4395440029b92226213d137bb,periodic,muon/cos_raw_momentum,1950,1896,25,0
d12-s8-s0-2b2e72e4395440029b92226213d137bb,periodic,muon/cos_raw_nesterov,1950,1896,25,0
d12-s8-s0-2b2e72e4395440029b92226213d137bb,periodic,muon/data_norm,1950,1950,25,0
d12-s8-s0-2b2e72e4395440029b92226213d137bb,periodic,muon/decay_norm,1950,1950,25,0
d12-s8-s0-2b2e72e4395440029b92226213d137bb,periodic,muon/factored_scale_dispersion,1950,1950,25,0
d12-s8-s0-2b2e72e4395440029b92226213d137bb,periodic,muon/norm_degenerate,1950,1950,25,0
d12-s8-s0-2b2e72e4395440029b92226213d137bb,periodic,muon/norm_deviation,1950,1950,25,0
d12-s8-s0-2b2e72e4395440029b92226213d137bb,periodic,muon/polar_residual,1950,1950,25,0
d12-s8-s0-2b2e72e4395440029b92226213d137bb,periodic,muon/u_final_norm_analytic,1950,1950,25,0
d12-s8-s0-2b2e72e4395440029b92226213d137bb,periodic,muon/u_final_norm_observed,1950,1950,25,0
d12-s8-s0-2b2e72e4395440029b92226213d137bb,periodic,noise/b_noise,25,24,25,0
d12-s8-s0-2b2e72e4395440029b92226213d137bb,periodic,noise/mean_grad_norm,2825,2825,25,0
d12-s8-s0-2b2e72e4395440029b92226213d137bb,periodic,noise/pairwise_cosines,25,25,25,28
d12-s8-s0-2b2e72e4395440029b92226213d137bb,periodic,noise/per_sub_sq_norm,25,25,25,8
d12-s8-s0-2b2e72e4395440029b92226213d137bb,periodic,noise/row_trace,25,25,25,0
d12-s8-s0-2b2e72e4395440029b92226213d137bb,periodic,noise/s2,25,25,25,0
d12-s8-s0-2b2e72e4395440029b92226213d137bb,periodic,noise/signal_raw,25,25,25,0
d12-s8-s0-2b2e72e4395440029b92226213d137bb,periodic,optim/adamw_m_norm,853,840,25,0
d12-s8-s0-2b2e72e4395440029b92226213d137bb,periodic,optim/adamw_m_rms,853,840,25,0
d12-s8-s0-2b2e72e4395440029b92226213d137bb,periodic,optim/adamw_v_norm,853,840,25,0
d12-s8-s0-2b2e72e4395440029b92226213d137bb,periodic,optim/adamw_v_rms,853,840,25,0
d12-s8-s0-2b2e72e4395440029b92226213d137bb,periodic,optim/muon_momentum_norm,1950,1872,25,0
d12-s8-s0-2b2e72e4395440029b92226213d137bb,periodic,optim/muon_momentum_rms,1950,1872,25,0
d12-s8-s0-2b2e72e4395440029b92226213d137bb,periodic,optim/muon_second_momentum_mean,1950,1872,25,0
d12-s8-s0-2b2e72e4395440029b92226213d137bb,periodic,optim/muon_second_momentum_norm,1950,1872,25,0
d12-s8-s0-2b2e72e4395440029b92226213d137bb,periodic,optim/muon_second_momentum_rms,1950,1872,25,0
d12-s8-s0-2b2e72e4395440029b92226213d137bb,periodic,overhead/attention,25,25,25,0
d12-s8-s0-2b2e72e4395440029b92226213d137bb,periodic,overhead/attention/work,25,25,25,0
d12-s8-s0-2b2e72e4395440029b92226213d137bb,periodic,overhead/grads_ready/periodic_scan,25,25,25,0
d12-s8-s0-2b2e72e4395440029b92226213d137bb,periodic,overhead/grads_ready/periodic_scan/work,25,25,25,0
d12-s8-s0-2b2e72e4395440029b92226213d137bb,periodic,overhead/noise,25,25,25,0
d12-s8-s0-2b2e72e4395440029b92226213d137bb,periodic,overhead/noise/work,25,25,25,0
d12-s8-s0-2b2e72e4395440029b92226213d137bb,periodic,overhead/probes,25,25,25,0
d12-s8-s0-2b2e72e4395440029b92226213d137bb,periodic,overhead/probes/work,25,25,25,0
d12-s8-s0-2b2e72e4395440029b92226213d137bb,periodic,param/norm,2825,2825,25,0
d12-s8-s0-2b2e72e4395440029b92226213d137bb,periodic,param/rms,2825,2825,25,0
d12-s8-s0-2b2e72e4395440029b92226213d137bb,periodic,probe/attn_out_norm,600,600,25,0
d12-s8-s0-2b2e72e4395440029b92226213d137bb,periodic,probe/attn_out_stats_mean,600,600,25,0
d12-s8-s0-2b2e72e4395440029b92226213d137bb,periodic,probe/attn_out_stats_quantiles,600,600,25,7
d12-s8-s0-2b2e72e4395440029b92226213d137bb,periodic,probe/attn_out_stats_rms,600,600,25,0
d12-s8-s0-2b2e72e4395440029b92226213d137bb,periodic,probe/attn_out_stats_std,600,600,25,0
d12-s8-s0-2b2e72e4395440029b92226213d137bb,periodic,probe/attn_residual_ratio,600,600,25,0
d12-s8-s0-2b2e72e4395440029b92226213d137bb,periodic,probe/backout_contribution_ratio,50,50,25,0
d12-s8-s0-2b2e72e4395440029b92226213d137bb,periodic,probe/backout_term_norm,50,50,25,0
d12-s8-s0-2b2e72e4395440029b92226213d137bb,periodic,probe/block_in_stats_mean,600,600,25,0
d12-s8-s0-2b2e72e4395440029b92226213d137bb,periodic,probe/block_in_stats_quantiles,600,600,25,7
d12-s8-s0-2b2e72e4395440029b92226213d137bb,periodic,probe/block_in_stats_rms,600,600,25,0
d12-s8-s0-2b2e72e4395440029b92226213d137bb,periodic,probe/block_in_stats_std,600,600,25,0
d12-s8-s0-2b2e72e4395440029b92226213d137bb,periodic,probe/c_proj_in_norm,600,600,25,0
d12-s8-s0-2b2e72e4395440029b92226213d137bb,periodic,probe/c_proj_in_stats_mean,600,600,25,0
d12-s8-s0-2b2e72e4395440029b92226213d137bb,periodic,probe/c_proj_in_stats_quantiles,600,600,25,7
d12-s8-s0-2b2e72e4395440029b92226213d137bb,periodic,probe/c_proj_in_stats_rms,600,600,25,0
d12-s8-s0-2b2e72e4395440029b92226213d137bb,periodic,probe/c_proj_in_stats_std,600,600,25,0
d12-s8-s0-2b2e72e4395440029b92226213d137bb,periodic,probe/content_loss_sums,50,50,25,40
d12-s8-s0-2b2e72e4395440029b92226213d137bb,periodic,probe/logit_entropy_mean,50,50,25,0
d12-s8-s0-2b2e72e4395440029b92226213d137bb,periodic,probe/logit_lse_mean,50,50,25,0
d12-s8-s0-2b2e72e4395440029b92226213d137bb,periodic,probe/logit_margin_mean,50,50,25,0
d12-s8-s0-2b2e72e4395440029b92226213d137bb,periodic,probe/logit_max_postcap,50,50,25,0
d12-s8-s0-2b2e72e4395440029b92226213d137bb,periodic,probe/logit_max_precap,50,50,25,0
d12-s8-s0-2b2e72e4395440029b92226213d137bb,periodic,probe/logit_saturation_fraction,50,50,25,0
d12-s8-s0-2b2e72e4395440029b92226213d137bb,periodic,probe/logit_softcap_equiv_err,50,50,25,0
d12-s8-s0-2b2e72e4395440029b92226213d137bb,periodic,probe/logit_z_loss,50,50,25,0
d12-s8-s0-2b2e72e4395440029b92226213d137bb,periodic,probe/loss,50,50,25,0
d12-s8-s0-2b2e72e4395440029b92226213d137bb,periodic,probe/mlp_out_norm,600,600,25,0
d12-s8-s0-2b2e72e4395440029b92226213d137bb,periodic,probe/mlp_out_stats_mean,600,600,25,0
d12-s8-s0-2b2e72e4395440029b92226213d137bb,periodic,probe/mlp_out_stats_quantiles,600,600,25,7
d12-s8-s0-2b2e72e4395440029b92226213d137bb,periodic,probe/mlp_out_stats_rms,600,600,25,0
d12-s8-s0-2b2e72e4395440029b92226213d137bb,periodic,probe/mlp_out_stats_std,600,600,25,0
d12-s8-s0-2b2e72e4395440029b92226213d137bb,periodic,probe/mlp_residual_ratio,600,600,25,0
d12-s8-s0-2b2e72e4395440029b92226213d137bb,periodic,probe/n_segments,50,50,25,16
d12-s8-s0-2b2e72e4395440029b92226213d137bb,periodic,probe/per_row_loss,50,50,25,16
d12-s8-s0-2b2e72e4395440029b92226213d137bb,periodic,probe/per_token_loss,50,50,25,32768
d12-s8-s0-2b2e72e4395440029b92226213d137bb,periodic,probe/relu2_sparsity,600,600,25,0
d12-s8-s0-2b2e72e4395440029b92226213d137bb,periodic,probe/relu2_tail_quantiles,600,600,25,3
d12-s8-s0-2b2e72e4395440029b92226213d137bb,periodic,probe/resid_contribution_ratio,600,600,25,0
d12-s8-s0-2b2e72e4395440029b92226213d137bb,periodic,probe/resid_term_norm,600,600,25,0
d12-s8-s0-2b2e72e4395440029b92226213d137bb,periodic,probe/residual_mix_equiv_err,600,600,25,0
d12-s8-s0-2b2e72e4395440029b92226213d137bb,periodic,probe/segment_lengths,50,50,25,40
d12-s8-s0-2b2e72e4395440029b92226213d137bb,periodic,probe/transition_loss_sum,50,50,25,16
d12-s8-s0-2b2e72e4395440029b92226213d137bb,periodic,probe/ve_contribution_ratio,300,300,25,0
d12-s8-s0-2b2e72e4395440029b92226213d137bb,periodic,probe/ve_gate_mean,300,300,25,0
d12-s8-s0-2b2e72e4395440029b92226213d137bb,periodic,probe/ve_gate_quantiles,300,300,25,7
d12-s8-s0-2b2e72e4395440029b92226213d137bb,periodic,probe/ve_gate_rms,300,300,25,0
d12-s8-s0-2b2e72e4395440029b92226213d137bb,periodic,probe/ve_gate_std,300,300,25,0
d12-s8-s0-2b2e72e4395440029b92226213d137bb,periodic,probe/x0_contribution_ratio,600,600,25,0
d12-s8-s0-2b2e72e4395440029b92226213d137bb,periodic,probe/x0_term_norm,600,600,25,0
d12-s8-s0-2b2e72e4395440029b92226213d137bb,periodic,sketch/grad,2825,2825,25,4096
d12-s8-s0-2b2e72e4395440029b92226213d137bb,periodic,sketch/grad_cosine_prev,25,24,25,0
d12-s8-s0-2b2e72e4395440029b92226213d137bb,periodic,sketch/grad_sq_norm,2825,2825,25,0
d12-s8-s0-2b2e72e4395440029b92226213d137bb,sparse,calib/grad_cosine_prev,30,29,30,0
d12-s8-s0-2b2e72e4395440029b92226213d137bb,sparse,calib/grad_norm,30,30,30,0
d12-s8-s0-2b2e72e4395440029b92226213d137bb,sparse,curvature/Hg_norm,60,60,30,0
d12-s8-s0-2b2e72e4395440029b92226213d137bb,sparse,curvature/arith_eps,60,60,30,0
d12-s8-s0-2b2e72e4395440029b92226213d137bb,sparse,curvature/c_fd_gradient,60,60,30,0
d12-s8-s0-2b2e72e4395440029b92226213d137bb,sparse,curvature/c_fd_random,60,60,30,0
d12-s8-s0-2b2e72e4395440029b92226213d137bb,sparse,curvature/c_fd_update,60,60,30,0
d12-s8-s0-2b2e72e4395440029b92226213d137bb,sparse,curvature/curv_eps_gradient,60,60,30,0
d12-s8-s0-2b2e72e4395440029b92226213d137bb,sparse,curvature/curv_eps_random,60,60,30,0
d12-s8-s0-2b2e72e4395440029b92226213d137bb,sparse,curvature/curv_eps_update,60,60,30,0
d12-s8-s0-2b2e72e4395440029b92226213d137bb,sparse,curvature/curv_floor_gradient,60,60,30,0
d12-s8-s0-2b2e72e4395440029b92226213d137bb,sparse,curvature/curv_floor_random,60,60,30,0
d12-s8-s0-2b2e72e4395440029b92226213d137bb,sparse,curvature/curv_floor_update,60,60,30,0
d12-s8-s0-2b2e72e4395440029b92226213d137bb,sparse,curvature/curv_snr_gradient,60,60,30,0
d12-s8-s0-2b2e72e4395440029b92226213d137bb,sparse,curvature/curv_snr_random,60,60,30,0
d12-s8-s0-2b2e72e4395440029b92226213d137bb,sparse,curvature/curv_snr_update,60,60,30,0
d12-s8-s0-2b2e72e4395440029b92226213d137bb,sparse,curvature/dhd,60,60,30,0
d12-s8-s0-2b2e72e4395440029b92226213d137bb,sparse,curvature/e_curv_gradient,60,26,30,0
d12-s8-s0-2b2e72e4395440029b92226213d137bb,sparse,curvature/e_curv_random,60,0,30,0
d12-s8-s0-2b2e72e4395440029b92226213d137bb,sparse,curvature/e_curv_update,60,0,30,0
d12-s8-s0-2b2e72e4395440029b92226213d137bb,sparse,curvature/e_fd_gradient,60,30,30,0
d12-s8-s0-2b2e72e4395440029b92226213d137bb,sparse,curvature/e_fd_random,60,4,30,0
d12-s8-s0-2b2e72e4395440029b92226213d137bb,sparse,curvature/e_fd_update,60,0,30,0
d12-s8-s0-2b2e72e4395440029b92226213d137bb,sparse,curvature/e_lin_gradient,60,60,30,0
d12-s8-s0-2b2e72e4395440029b92226213d137bb,sparse,curvature/e_lin_random,60,60,30,0
d12-s8-s0-2b2e72e4395440029b92226213d137bb,sparse,curvature/e_lin_update,60,60,30,0
d12-s8-s0-2b2e72e4395440029b92226213d137bb,sparse,curvature/e_sym_gradient,60,60,30,0
d12-s8-s0-2b2e72e4395440029b92226213d137bb,sparse,curvature/e_sym_random,60,60,30,0
d12-s8-s0-2b2e72e4395440029b92226213d137bb,sparse,curvature/e_sym_update,60,60,30,0
d12-s8-s0-2b2e72e4395440029b92226213d137bb,sparse,curvature/eta_star,60,54,30,0
d12-s8-s0-2b2e72e4395440029b92226213d137bb,sparse,curvature/eta_star_rho,60,60,30,0
d12-s8-s0-2b2e72e4395440029b92226213d137bb,sparse,curvature/eta_star_rho_threshold,60,60,30,0
d12-s8-s0-2b2e72e4395440029b92226213d137bb,sparse,curvature/fd_conclusive_gradient,60,60,30,0
d12-s8-s0-2b2e72e4395440029b92226213d137bb,sparse,curvature/fd_conclusive_random,60,60,30,0
d12-s8-s0-2b2e72e4395440029b92226213d137bb,sparse,curvature/fd_conclusive_update,60,60,30,0
d12-s8-s0-2b2e72e4395440029b92226213d137bb,sparse,curvature/fd_cos_gradient,60,30,30,0
d12-s8-s0-2b2e72e4395440029b92226213d137bb,sparse,curvature/fd_cos_random,60,4,30,0
d12-s8-s0-2b2e72e4395440029b92226213d137bb,sparse,curvature/fd_cos_update,60,0,30,0
d12-s8-s0-2b2e72e4395440029b92226213d137bb,sparse,curvature/fd_eps_gradient,60,60,30,0
d12-s8-s0-2b2e72e4395440029b92226213d137bb,sparse,curvature/fd_eps_random,60,60,30,0
d12-s8-s0-2b2e72e4395440029b92226213d137bb,sparse,curvature/fd_eps_update,60,60,30,0
d12-s8-s0-2b2e72e4395440029b92226213d137bb,sparse,curvature/fd_floor_gradient,60,60,30,0
d12-s8-s0-2b2e72e4395440029b92226213d137bb,sparse,curvature/fd_floor_random,60,60,30,0
d12-s8-s0-2b2e72e4395440029b92226213d137bb,sparse,curvature/fd_floor_update,60,60,30,0
d12-s8-s0-2b2e72e4395440029b92226213d137bb,sparse,curvature/fd_snr_gradient,60,60,30,0
d12-s8-s0-2b2e72e4395440029b92226213d137bb,sparse,curvature/fd_snr_random,60,60,30,0
d12-s8-s0-2b2e72e4395440029b92226213d137bb,sparse,curvature/fd_snr_update,60,60,30,0
d12-s8-s0-2b2e72e4395440029b92226213d137bb,sparse,curvature/fd_sweep_conclusive_gradient,60,60,30,6
d12-s8-s0-2b2e72e4395440029b92226213d137bb,sparse,curvature/fd_sweep_conclusive_random,60,60,30,6
d12-s8-s0-2b2e72e4395440029b92226213d137bb,sparse,curvature/fd_sweep_conclusive_update,60,60,30,6
d12-s8-s0-2b2e72e4395440029b92226213d137bb,sparse,curvature/fd_sweep_cos_gradient,60,60,30,6
d12-s8-s0-2b2e72e4395440029b92226213d137bb,sparse,curvature/fd_sweep_cos_random,60,60,30,6
d12-s8-s0-2b2e72e4395440029b92226213d137bb,sparse,curvature/fd_sweep_cos_update,60,60,30,6
d12-s8-s0-2b2e72e4395440029b92226213d137bb,sparse,curvature/fd_sweep_cos_valid_gradient,60,60,30,6
d12-s8-s0-2b2e72e4395440029b92226213d137bb,sparse,curvature/fd_sweep_cos_valid_random,60,60,30,6
d12-s8-s0-2b2e72e4395440029b92226213d137bb,sparse,curvature/fd_sweep_cos_valid_update,60,60,30,6
d12-s8-s0-2b2e72e4395440029b92226213d137bb,sparse,curvature/fd_sweep_e_fd_gradient,60,60,30,6
d12-s8-s0-2b2e72e4395440029b92226213d137bb,sparse,curvature/fd_sweep_e_fd_random,60,60,30,6
d12-s8-s0-2b2e72e4395440029b92226213d137bb,sparse,curvature/fd_sweep_e_fd_update,60,60,30,6
d12-s8-s0-2b2e72e4395440029b92226213d137bb,sparse,curvature/fd_sweep_eps_gradient,60,60,30,6
d12-s8-s0-2b2e72e4395440029b92226213d137bb,sparse,curvature/fd_sweep_eps_random,60,60,30,6
d12-s8-s0-2b2e72e4395440029b92226213d137bb,sparse,curvature/fd_sweep_eps_update,60,60,30,6
d12-s8-s0-2b2e72e4395440029b92226213d137bb,sparse,curvature/fd_sweep_floor_gradient,60,60,30,6
d12-s8-s0-2b2e72e4395440029b92226213d137bb,sparse,curvature/fd_sweep_floor_random,60,60,30,6
d12-s8-s0-2b2e72e4395440029b92226213d137bb,sparse,curvature/fd_sweep_floor_update,60,60,30,6
d12-s8-s0-2b2e72e4395440029b92226213d137bb,sparse,curvature/fd_sweep_snr_gradient,60,60,30,6
d12-s8-s0-2b2e72e4395440029b92226213d137bb,sparse,curvature/fd_sweep_snr_random,60,60,30,6
d12-s8-s0-2b2e72e4395440029b92226213d137bb,sparse,curvature/fd_sweep_snr_update,60,60,30,6
d12-s8-s0-2b2e72e4395440029b92226213d137bb,sparse,curvature/gHg,60,60,30,0
d12-s8-s0-2b2e72e4395440029b92226213d137bb,sparse,curvature/gg,60,60,30,0
d12-s8-s0-2b2e72e4395440029b92226213d137bb,sparse,curvature/native_verdict_code,30,30,30,0
d12-s8-s0-2b2e72e4395440029b92226213d137bb,sparse,curvature/shadow_verdict_code,30,30,30,0
d12-s8-s0-2b2e72e4395440029b92226213d137bb,sparse,curvature/sweep_c_fd_gradient,60,60,30,5
d12-s8-s0-2b2e72e4395440029b92226213d137bb,sparse,curvature/sweep_c_fd_random,60,60,30,4
d12-s8-s0-2b2e72e4395440029b92226213d137bb,sparse,curvature/sweep_c_fd_update,60,60,30,4
d12-s8-s0-2b2e72e4395440029b92226213d137bb,sparse,curvature/sweep_e_curv_gradient,60,60,30,5
d12-s8-s0-2b2e72e4395440029b92226213d137bb,sparse,curvature/sweep_e_curv_random,60,60,30,4
d12-s8-s0-2b2e72e4395440029b92226213d137bb,sparse,curvature/sweep_e_curv_update,60,60,30,4
d12-s8-s0-2b2e72e4395440029b92226213d137bb,sparse,curvature/sweep_eps_gradient,60,60,30,5
d12-s8-s0-2b2e72e4395440029b92226213d137bb,sparse,curvature/sweep_eps_random,60,60,30,4
d12-s8-s0-2b2e72e4395440029b92226213d137bb,sparse,curvature/sweep_eps_update,60,60,30,4
d12-s8-s0-2b2e72e4395440029b92226213d137bb,sparse,curvature/sweep_floor_gradient,60,60,30,5
d12-s8-s0-2b2e72e4395440029b92226213d137bb,sparse,curvature/sweep_floor_random,60,60,30,4
d12-s8-s0-2b2e72e4395440029b92226213d137bb,sparse,curvature/sweep_floor_update,60,60,30,4
d12-s8-s0-2b2e72e4395440029b92226213d137bb,sparse,curvature/sweep_snr_gradient,60,60,30,5
d12-s8-s0-2b2e72e4395440029b92226213d137bb,sparse,curvature/sweep_snr_random,60,60,30,4
d12-s8-s0-2b2e72e4395440029b92226213d137bb,sparse,curvature/sweep_snr_update,60,60,30,4
d12-s8-s0-2b2e72e4395440029b92226213d137bb,sparse,curvature/verdict_code_gradient,60,60,30,0
d12-s8-s0-2b2e72e4395440029b92226213d137bb,sparse,curvature/verdict_code_random,60,60,30,0
d12-s8-s0-2b2e72e4395440029b92226213d137bb,sparse,curvature/verdict_code_update,60,60,30,0
d12-s8-s0-2b2e72e4395440029b92226213d137bb,sparse,curvature/vhv_gradient,60,60,30,0
d12-s8-s0-2b2e72e4395440029b92226213d137bb,sparse,curvature/vhv_random,60,60,30,0
d12-s8-s0-2b2e72e4395440029b92226213d137bb,sparse,curvature/vhv_update,60,60,30,0
d12-s8-s0-2b2e72e4395440029b92226213d137bb,sparse,muon/replay_update_relerr,2340,2340,30,0
d12-s8-s0-2b2e72e4395440029b92226213d137bb,sparse,overhead/grads_ready/calibration,30,30,30,0
d12-s8-s0-2b2e72e4395440029b92226213d137bb,sparse,overhead/grads_ready/calibration/work,30,30,30,0
d12-s8-s0-2b2e72e4395440029b92226213d137bb,sparse,overhead/lineage_checkpoint,3,3,3,0
d12-s8-s0-2b2e72e4395440029b92226213d137bb,sparse,overhead/muon_reference,30,30,30,0
d12-s8-s0-2b2e72e4395440029b92226213d137bb,sparse,overhead/muon_reference/work,30,30,30,0
d12-s8-s0-2b2e72e4395440029b92226213d137bb,sparse,overhead/probe_grad_sketch,30,30,30,0
d12-s8-s0-2b2e72e4395440029b92226213d137bb,sparse,overhead/probe_grad_sketch/work,30,30,30,0
d12-s8-s0-2b2e72e4395440029b92226213d137bb,sparse,overhead/shadow_acceptance,30,30,30,0
d12-s8-s0-2b2e72e4395440029b92226213d137bb,sparse,overhead/theta_snapshot,30,30,30,0
d12-s8-s0-2b2e72e4395440029b92226213d137bb,sparse,overhead/theta_snapshot/work,30,30,30,0
d12-s8-s0-2b2e72e4395440029b92226213d137bb,sparse,overhead/update_effectiveness,30,30,30,0
d12-s8-s0-2b2e72e4395440029b92226213d137bb,sparse,overhead/update_effectiveness/work,30,30,30,0
d12-s8-s0-2b2e72e4395440029b92226213d137bb,sparse,sketch/probe_grad,3390,3390,30,4096
d12-s8-s0-2b2e72e4395440029b92226213d137bb,sparse,sketch/probe_grad_cosine_prev,30,29,30,0
d12-s8-s0-2b2e72e4395440029b92226213d137bb,sparse,sketch/probe_grad_sq_norm,3390,3390,30,0
d12-s8-s0-2b2e72e4395440029b92226213d137bb,sparse,update/actual,60,60,30,0
d12-s8-s0-2b2e72e4395440029b92226213d137bb,sparse,update/direction_norm,60,60,30,0
d12-s8-s0-2b2e72e4395440029b92226213d137bb,sparse,update/loss_after,60,60,30,0
d12-s8-s0-2b2e72e4395440029b92226213d137bb,sparse,update/loss_before,60,60,30,0
d12-s8-s0-2b2e72e4395440029b92226213d137bb,sparse,update/normalized_residual,60,60,30,0
d12-s8-s0-2b2e72e4395440029b92226213d137bb,sparse,update/p1,60,60,30,0
d12-s8-s0-2b2e72e4395440029b92226213d137bb,sparse,update/p2,60,60,30,0
d12-s8-s0-2b2e72e4395440029b92226213d137bb,sparse,update/residual_p1,60,60,30,0
d12-s8-s0-2b2e72e4395440029b92226213d137bb,sparse,update/residual_p2,60,60,30,0
d12-s8-s0-2b2e72e4395440029b92226213d137bb,offline,overhead/total/attention,1,1,1,0
d12-s8-s0-2b2e72e4395440029b92226213d137bb,offline,overhead/total/grads_ready,1,1,1,0
d12-s8-s0-2b2e72e4395440029b92226213d137bb,offline,overhead/total/grads_ready/calibration,1,1,1,0
d12-s8-s0-2b2e72e4395440029b92226213d137bb,offline,overhead/total/grads_ready/periodic_scan,1,1,1,0
d12-s8-s0-2b2e72e4395440029b92226213d137bb,offline,overhead/total/lineage_checkpoint,1,1,1,0
d12-s8-s0-2b2e72e4395440029b92226213d137bb,offline,overhead/total/lineage_inventory,1,1,1,0
d12-s8-s0-2b2e72e4395440029b92226213d137bb,offline,overhead/total/microbatch_cpu_launch,1,1,1,0
d12-s8-s0-2b2e72e4395440029b92226213d137bb,offline,overhead/total/muon_reference,1,1,1,0
d12-s8-s0-2b2e72e4395440029b92226213d137bb,offline,overhead/total/noise,1,1,1,0
d12-s8-s0-2b2e72e4395440029b92226213d137bb,offline,overhead/total/probe_grad_sketch,1,1,1,0
d12-s8-s0-2b2e72e4395440029b92226213d137bb,offline,overhead/total/probes,1,1,1,0
d12-s8-s0-2b2e72e4395440029b92226213d137bb,offline,overhead/total/shadow_acceptance,1,1,1,0
d12-s8-s0-2b2e72e4395440029b92226213d137bb,offline,overhead/total/step_end_emit,1,1,1,0
d12-s8-s0-2b2e72e4395440029b92226213d137bb,offline,overhead/total/theta_snapshot,1,1,1,0
d12-s8-s0-2b2e72e4395440029b92226213d137bb,offline,overhead/total/update_effectiveness,1,1,1,0
d12-s9-s0-b872e698e81b4a8fa0cd08512f43c2c2,continuous,batch/bos_count,2520,2520,2520,0
d12-s9-s0-b872e698e81b4a8fa0cd08512f43c2c2,continuous,batch/mean_segment_length,2520,2520,2520,0
d12-s9-s0-b872e698e81b4a8fa0cd08512f43c2c2,continuous,batch/micro_batches,2520,2520,2520,0
d12-s9-s0-b872e698e81b4a8fa0cd08512f43c2c2,continuous,batch/segments_per_row_max,2520,2520,2520,0
d12-s9-s0-b872e698e81b4a8fa0cd08512f43c2c2,continuous,batch/segments_per_row_mean,2520,2520,2520,0
d12-s9-s0-b872e698e81b4a8fa0cd08512f43c2c2,continuous,batch/valid_targets,2520,2520,2520,0
d12-s9-s0-b872e698e81b4a8fa0cd08512f43c2c2,continuous,grad/finite,54,54,54,0
d12-s9-s0-b872e698e81b4a8fa0cd08512f43c2c2,continuous,loss/finite,2520,2520,2520,0
d12-s9-s0-b872e698e81b4a8fa0cd08512f43c2c2,continuous,loss/train_mean,2520,2520,2520,0
d12-s9-s0-b872e698e81b4a8fa0cd08512f43c2c2,continuous,mem/alloc_end_bytes,2520,2520,2520,0
d12-s9-s0-b872e698e81b4a8fa0cd08512f43c2c2,continuous,mem/alloc_start_bytes,2520,2520,2520,0
d12-s9-s0-b872e698e81b4a8fa0cd08512f43c2c2,continuous,mem/cuda_peak_absolute,2520,2520,2520,0
d12-s9-s0-b872e698e81b4a8fa0cd08512f43c2c2,continuous,optim/beta1,15120,15120,2520,0
d12-s9-s0-b872e698e81b4a8fa0cd08512f43c2c2,continuous,optim/beta2,25200,25200,2520,0
d12-s9-s0-b872e698e81b4a8fa0cd08512f43c2c2,continuous,optim/eps,15120,15120,2520,0
d12-s9-s0-b872e698e81b4a8fa0cd08512f43c2c2,continuous,optim/lr,25200,25200,2520,0
d12-s9-s0-b872e698e81b4a8fa0cd08512f43c2c2,continuous,optim/lr_eff,10080,10080,2520,0
d12-s9-s0-b872e698e81b4a8fa0cd08512f43c2c2,continuous,optim/momentum,10080,10080,2520,0
d12-s9-s0-b872e698e81b4a8fa0cd08512f43c2c2,continuous,optim/ns_steps,10080,10080,2520,0
d12-s9-s0-b872e698e81b4a8fa0cd08512f43c2c2,continuous,optim/weight_decay,25200,25200,2520,0
d12-s9-s0-b872e698e81b4a8fa0cd08512f43c2c2,continuous,overhead/grads_ready,2520,2520,2520,0
d12-s9-s0-b872e698e81b4a8fa0cd08512f43c2c2,continuous,overhead/microbatch_cpu_launch,2520,2520,2520,0
d12-s9-s0-b872e698e81b4a8fa0cd08512f43c2c2,continuous,overhead/microbatch_cpu_launch/work,2520,2520,2520,0
d12-s9-s0-b872e698e81b4a8fa0cd08512f43c2c2,continuous,overhead/step_end_emit,2520,2520,2520,0
d12-s9-s0-b872e698e81b4a8fa0cd08512f43c2c2,continuous,scalars/backout_lambda,2520,2520,2520,0
d12-s9-s0-b872e698e81b4a8fa0cd08512f43c2c2,continuous,scalars/resid_lambdas,2520,2520,2520,12
d12-s9-s0-b872e698e81b4a8fa0cd08512f43c2c2,continuous,scalars/smear_lambda,2520,2520,2520,0
d12-s9-s0-b872e698e81b4a8fa0cd08512f43c2c2,continuous,scalars/x0_lambdas,2520,2520,2520,12
d12-s9-s0-b872e698e81b4a8fa0cd08512f43c2c2,continuous,step/dt_excl_serialized_telemetry,2520,2520,2520,0
d12-s9-s0-b872e698e81b4a8fa0cd08512f43c2c2,continuous,step/loader_call_elapsed,2520,2520,2520,0
d12-s9-s0-b872e698e81b4a8fa0cd08512f43c2c2,continuous,step/observed_dt,2520,2520,2520,0
d12-s9-s0-b872e698e81b4a8fa0cd08512f43c2c2,continuous,step/skipped,2520,2520,2520,0
d12-s9-s0-b872e698e81b4a8fa0cd08512f43c2c2,periodic,attn/n_undefined_queries/b0,75,75,25,0
d12-s9-s0-b872e698e81b4a8fa0cd08512f43c2c2,periodic,attn/n_undefined_queries/b1,75,75,25,0
d12-s9-s0-b872e698e81b4a8fa0cd08512f43c2c2,periodic,attn/n_undefined_queries/b2,75,75,25,0
d12-s9-s0-b872e698e81b4a8fa0cd08512f43c2c2,periodic,attn/n_undefined_queries/b3,75,75,25,0
d12-s9-s0-b872e698e81b4a8fa0cd08512f43c2c2,periodic,attn/per_head_mean_distance,75,75,25,6
d12-s9-s0-b872e698e81b4a8fa0cd08512f43c2c2,periodic,attn/per_head_mean_distance/b0,75,75,25,6
d12-s9-s0-b872e698e81b4a8fa0cd08512f43c2c2,periodic,attn/per_head_mean_distance/b1,75,75,25,6
d12-s9-s0-b872e698e81b4a8fa0cd08512f43c2c2,periodic,attn/per_head_mean_distance/b2,75,75,25,6
d12-s9-s0-b872e698e81b4a8fa0cd08512f43c2c2,periodic,attn/per_head_mean_distance/b3,75,75,25,6
d12-s9-s0-b872e698e81b4a8fa0cd08512f43c2c2,periodic,attn/per_head_median_distance,75,75,25,6
d12-s9-s0-b872e698e81b4a8fa0cd08512f43c2c2,periodic,attn/per_head_median_distance/b0,75,75,25,6
d12-s9-s0-b872e698e81b4a8fa0cd08512f43c2c2,periodic,attn/per_head_median_distance/b1,75,75,25,6
d12-s9-s0-b872e698e81b4a8fa0cd08512f43c2c2,periodic,attn/per_head_median_distance/b2,75,75,25,6
d12-s9-s0-b872e698e81b4a8fa0cd08512f43c2c2,periodic,attn/per_head_median_distance/b3,75,75,25,6
d12-s9-s0-b872e698e81b4a8fa0cd08512f43c2c2,periodic,attn/per_head_norm_entropy,75,75,25,6
d12-s9-s0-b872e698e81b4a8fa0cd08512f43c2c2,periodic,attn/per_head_norm_entropy/b0,75,75,25,6
d12-s9-s0-b872e698e81b4a8fa0cd08512f43c2c2,periodic,attn/per_head_norm_entropy/b1,75,75,25,6
d12-s9-s0-b872e698e81b4a8fa0cd08512f43c2c2,periodic,attn/per_head_norm_entropy/b2,75,75,25,6
d12-s9-s0-b872e698e81b4a8fa0cd08512f43c2c2,periodic,attn/per_head_norm_entropy/b3,75,75,25,6
d12-s9-s0-b872e698e81b4a8fa0cd08512f43c2c2,periodic,attn/validation_max_abs_err,75,75,25,0
d12-s9-s0-b872e698e81b4a8fa0cd08512f43c2c2,periodic,grad/max_abs,375,375,25,0
d12-s9-s0-b872e698e81b4a8fa0cd08512f43c2c2,periodic,grad/nonfinite,375,375,25,0
d12-s9-s0-b872e698e81b4a8fa0cd08512f43c2c2,periodic,grad/norm,2825,2825,25,0
d12-s9-s0-b872e698e81b4a8fa0cd08512f43c2c2,periodic,grad/rms,2825,2825,25,0
d12-s9-s0-b872e698e81b4a8fa0cd08512f43c2c2,periodic,grad/zero_fraction,375,375,25,0
d12-s9-s0-b872e698e81b4a8fa0cd08512f43c2c2,periodic,muon/cautious_mask_fraction,1950,1950,25,0
d12-s9-s0-b872e698e81b4a8fa0cd08512f43c2c2,periodic,muon/cos_data_decay,1950,1872,25,0
d12-s9-s0-b872e698e81b4a8fa0cd08512f43c2c2,periodic,muon/cos_nesterov_final,1950,1896,25,0
d12-s9-s0-b872e698e81b4a8fa0cd08512f43c2c2,periodic,muon/cos_raw_final,1950,1896,25,0
d12-s9-s0-b872e698e81b4a8fa0cd08512f43c2c2,periodic,muon/cos_raw_momentum,1950,1896,25,0
d12-s9-s0-b872e698e81b4a8fa0cd08512f43c2c2,periodic,muon/cos_raw_nesterov,1950,1896,25,0
d12-s9-s0-b872e698e81b4a8fa0cd08512f43c2c2,periodic,muon/data_norm,1950,1950,25,0
d12-s9-s0-b872e698e81b4a8fa0cd08512f43c2c2,periodic,muon/decay_norm,1950,1950,25,0
d12-s9-s0-b872e698e81b4a8fa0cd08512f43c2c2,periodic,muon/factored_scale_dispersion,1950,1950,25,0
d12-s9-s0-b872e698e81b4a8fa0cd08512f43c2c2,periodic,muon/norm_degenerate,1950,1950,25,0
d12-s9-s0-b872e698e81b4a8fa0cd08512f43c2c2,periodic,muon/norm_deviation,1950,1950,25,0
d12-s9-s0-b872e698e81b4a8fa0cd08512f43c2c2,periodic,muon/polar_residual,1950,1950,25,0
d12-s9-s0-b872e698e81b4a8fa0cd08512f43c2c2,periodic,muon/u_final_norm_analytic,1950,1950,25,0
d12-s9-s0-b872e698e81b4a8fa0cd08512f43c2c2,periodic,muon/u_final_norm_observed,1950,1950,25,0
d12-s9-s0-b872e698e81b4a8fa0cd08512f43c2c2,periodic,noise/b_noise,25,25,25,0
d12-s9-s0-b872e698e81b4a8fa0cd08512f43c2c2,periodic,noise/mean_grad_norm,2825,2825,25,0
d12-s9-s0-b872e698e81b4a8fa0cd08512f43c2c2,periodic,noise/pairwise_cosines,25,25,25,28
d12-s9-s0-b872e698e81b4a8fa0cd08512f43c2c2,periodic,noise/per_sub_sq_norm,25,25,25,8
d12-s9-s0-b872e698e81b4a8fa0cd08512f43c2c2,periodic,noise/row_trace,25,25,25,0
d12-s9-s0-b872e698e81b4a8fa0cd08512f43c2c2,periodic,noise/s2,25,25,25,0
d12-s9-s0-b872e698e81b4a8fa0cd08512f43c2c2,periodic,noise/signal_raw,25,25,25,0
d12-s9-s0-b872e698e81b4a8fa0cd08512f43c2c2,periodic,optim/adamw_m_norm,853,840,25,0
d12-s9-s0-b872e698e81b4a8fa0cd08512f43c2c2,periodic,optim/adamw_m_rms,853,840,25,0
d12-s9-s0-b872e698e81b4a8fa0cd08512f43c2c2,periodic,optim/adamw_v_norm,853,840,25,0
d12-s9-s0-b872e698e81b4a8fa0cd08512f43c2c2,periodic,optim/adamw_v_rms,853,840,25,0
d12-s9-s0-b872e698e81b4a8fa0cd08512f43c2c2,periodic,optim/muon_momentum_norm,1950,1872,25,0
d12-s9-s0-b872e698e81b4a8fa0cd08512f43c2c2,periodic,optim/muon_momentum_rms,1950,1872,25,0
d12-s9-s0-b872e698e81b4a8fa0cd08512f43c2c2,periodic,optim/muon_second_momentum_mean,1950,1872,25,0
d12-s9-s0-b872e698e81b4a8fa0cd08512f43c2c2,periodic,optim/muon_second_momentum_norm,1950,1872,25,0
d12-s9-s0-b872e698e81b4a8fa0cd08512f43c2c2,periodic,optim/muon_second_momentum_rms,1950,1872,25,0
d12-s9-s0-b872e698e81b4a8fa0cd08512f43c2c2,periodic,overhead/attention,25,25,25,0
d12-s9-s0-b872e698e81b4a8fa0cd08512f43c2c2,periodic,overhead/attention/work,25,25,25,0
d12-s9-s0-b872e698e81b4a8fa0cd08512f43c2c2,periodic,overhead/grads_ready/periodic_scan,25,25,25,0
d12-s9-s0-b872e698e81b4a8fa0cd08512f43c2c2,periodic,overhead/grads_ready/periodic_scan/work,25,25,25,0
d12-s9-s0-b872e698e81b4a8fa0cd08512f43c2c2,periodic,overhead/noise,25,25,25,0
d12-s9-s0-b872e698e81b4a8fa0cd08512f43c2c2,periodic,overhead/noise/work,25,25,25,0
d12-s9-s0-b872e698e81b4a8fa0cd08512f43c2c2,periodic,overhead/probes,25,25,25,0
d12-s9-s0-b872e698e81b4a8fa0cd08512f43c2c2,periodic,overhead/probes/work,25,25,25,0
d12-s9-s0-b872e698e81b4a8fa0cd08512f43c2c2,periodic,param/norm,2825,2825,25,0
d12-s9-s0-b872e698e81b4a8fa0cd08512f43c2c2,periodic,param/rms,2825,2825,25,0
d12-s9-s0-b872e698e81b4a8fa0cd08512f43c2c2,periodic,probe/attn_out_norm,600,600,25,0
d12-s9-s0-b872e698e81b4a8fa0cd08512f43c2c2,periodic,probe/attn_out_stats_mean,600,600,25,0
d12-s9-s0-b872e698e81b4a8fa0cd08512f43c2c2,periodic,probe/attn_out_stats_quantiles,600,600,25,7
d12-s9-s0-b872e698e81b4a8fa0cd08512f43c2c2,periodic,probe/attn_out_stats_rms,600,600,25,0
d12-s9-s0-b872e698e81b4a8fa0cd08512f43c2c2,periodic,probe/attn_out_stats_std,600,600,25,0
d12-s9-s0-b872e698e81b4a8fa0cd08512f43c2c2,periodic,probe/attn_residual_ratio,600,600,25,0
d12-s9-s0-b872e698e81b4a8fa0cd08512f43c2c2,periodic,probe/backout_contribution_ratio,50,50,25,0
d12-s9-s0-b872e698e81b4a8fa0cd08512f43c2c2,periodic,probe/backout_term_norm,50,50,25,0
d12-s9-s0-b872e698e81b4a8fa0cd08512f43c2c2,periodic,probe/block_in_stats_mean,600,600,25,0
d12-s9-s0-b872e698e81b4a8fa0cd08512f43c2c2,periodic,probe/block_in_stats_quantiles,600,600,25,7
d12-s9-s0-b872e698e81b4a8fa0cd08512f43c2c2,periodic,probe/block_in_stats_rms,600,600,25,0
d12-s9-s0-b872e698e81b4a8fa0cd08512f43c2c2,periodic,probe/block_in_stats_std,600,600,25,0
d12-s9-s0-b872e698e81b4a8fa0cd08512f43c2c2,periodic,probe/c_proj_in_norm,600,600,25,0
d12-s9-s0-b872e698e81b4a8fa0cd08512f43c2c2,periodic,probe/c_proj_in_stats_mean,600,600,25,0
d12-s9-s0-b872e698e81b4a8fa0cd08512f43c2c2,periodic,probe/c_proj_in_stats_quantiles,600,600,25,7
d12-s9-s0-b872e698e81b4a8fa0cd08512f43c2c2,periodic,probe/c_proj_in_stats_rms,600,600,25,0
d12-s9-s0-b872e698e81b4a8fa0cd08512f43c2c2,periodic,probe/c_proj_in_stats_std,600,600,25,0
d12-s9-s0-b872e698e81b4a8fa0cd08512f43c2c2,periodic,probe/content_loss_sums,50,50,25,40
d12-s9-s0-b872e698e81b4a8fa0cd08512f43c2c2,periodic,probe/logit_entropy_mean,50,50,25,0
d12-s9-s0-b872e698e81b4a8fa0cd08512f43c2c2,periodic,probe/logit_lse_mean,50,50,25,0
d12-s9-s0-b872e698e81b4a8fa0cd08512f43c2c2,periodic,probe/logit_margin_mean,50,50,25,0
d12-s9-s0-b872e698e81b4a8fa0cd08512f43c2c2,periodic,probe/logit_max_postcap,50,50,25,0
d12-s9-s0-b872e698e81b4a8fa0cd08512f43c2c2,periodic,probe/logit_max_precap,50,50,25,0
d12-s9-s0-b872e698e81b4a8fa0cd08512f43c2c2,periodic,probe/logit_saturation_fraction,50,50,25,0
d12-s9-s0-b872e698e81b4a8fa0cd08512f43c2c2,periodic,probe/logit_softcap_equiv_err,50,50,25,0
d12-s9-s0-b872e698e81b4a8fa0cd08512f43c2c2,periodic,probe/logit_z_loss,50,50,25,0
d12-s9-s0-b872e698e81b4a8fa0cd08512f43c2c2,periodic,probe/loss,50,50,25,0
d12-s9-s0-b872e698e81b4a8fa0cd08512f43c2c2,periodic,probe/mlp_out_norm,600,600,25,0
d12-s9-s0-b872e698e81b4a8fa0cd08512f43c2c2,periodic,probe/mlp_out_stats_mean,600,600,25,0
d12-s9-s0-b872e698e81b4a8fa0cd08512f43c2c2,periodic,probe/mlp_out_stats_quantiles,600,600,25,7
d12-s9-s0-b872e698e81b4a8fa0cd08512f43c2c2,periodic,probe/mlp_out_stats_rms,600,600,25,0
d12-s9-s0-b872e698e81b4a8fa0cd08512f43c2c2,periodic,probe/mlp_out_stats_std,600,600,25,0
d12-s9-s0-b872e698e81b4a8fa0cd08512f43c2c2,periodic,probe/mlp_residual_ratio,600,600,25,0
d12-s9-s0-b872e698e81b4a8fa0cd08512f43c2c2,periodic,probe/n_segments,50,50,25,16
d12-s9-s0-b872e698e81b4a8fa0cd08512f43c2c2,periodic,probe/per_row_loss,50,50,25,16
d12-s9-s0-b872e698e81b4a8fa0cd08512f43c2c2,periodic,probe/per_token_loss,50,50,25,32768
d12-s9-s0-b872e698e81b4a8fa0cd08512f43c2c2,periodic,probe/relu2_sparsity,600,600,25,0
d12-s9-s0-b872e698e81b4a8fa0cd08512f43c2c2,periodic,probe/relu2_tail_quantiles,600,600,25,3
d12-s9-s0-b872e698e81b4a8fa0cd08512f43c2c2,periodic,probe/resid_contribution_ratio,600,600,25,0
d12-s9-s0-b872e698e81b4a8fa0cd08512f43c2c2,periodic,probe/resid_term_norm,600,600,25,0
d12-s9-s0-b872e698e81b4a8fa0cd08512f43c2c2,periodic,probe/residual_mix_equiv_err,600,600,25,0
d12-s9-s0-b872e698e81b4a8fa0cd08512f43c2c2,periodic,probe/segment_lengths,50,50,25,40
d12-s9-s0-b872e698e81b4a8fa0cd08512f43c2c2,periodic,probe/transition_loss_sum,50,50,25,16
d12-s9-s0-b872e698e81b4a8fa0cd08512f43c2c2,periodic,probe/ve_contribution_ratio,300,300,25,0
d12-s9-s0-b872e698e81b4a8fa0cd08512f43c2c2,periodic,probe/ve_gate_mean,300,300,25,0
d12-s9-s0-b872e698e81b4a8fa0cd08512f43c2c2,periodic,probe/ve_gate_quantiles,300,300,25,7
d12-s9-s0-b872e698e81b4a8fa0cd08512f43c2c2,periodic,probe/ve_gate_rms,300,300,25,0
d12-s9-s0-b872e698e81b4a8fa0cd08512f43c2c2,periodic,probe/ve_gate_std,300,300,25,0
d12-s9-s0-b872e698e81b4a8fa0cd08512f43c2c2,periodic,probe/x0_contribution_ratio,600,600,25,0
d12-s9-s0-b872e698e81b4a8fa0cd08512f43c2c2,periodic,probe/x0_term_norm,600,600,25,0
d12-s9-s0-b872e698e81b4a8fa0cd08512f43c2c2,periodic,sketch/grad,2825,2825,25,4096
d12-s9-s0-b872e698e81b4a8fa0cd08512f43c2c2,periodic,sketch/grad_cosine_prev,25,24,25,0
d12-s9-s0-b872e698e81b4a8fa0cd08512f43c2c2,periodic,sketch/grad_sq_norm,2825,2825,25,0
d12-s9-s0-b872e698e81b4a8fa0cd08512f43c2c2,sparse,calib/grad_cosine_prev,30,29,30,0
d12-s9-s0-b872e698e81b4a8fa0cd08512f43c2c2,sparse,calib/grad_norm,30,30,30,0
d12-s9-s0-b872e698e81b4a8fa0cd08512f43c2c2,sparse,curvature/Hg_norm,60,60,30,0
d12-s9-s0-b872e698e81b4a8fa0cd08512f43c2c2,sparse,curvature/arith_eps,60,60,30,0
d12-s9-s0-b872e698e81b4a8fa0cd08512f43c2c2,sparse,curvature/c_fd_gradient,60,60,30,0
d12-s9-s0-b872e698e81b4a8fa0cd08512f43c2c2,sparse,curvature/c_fd_random,60,60,30,0
d12-s9-s0-b872e698e81b4a8fa0cd08512f43c2c2,sparse,curvature/c_fd_update,60,60,30,0
d12-s9-s0-b872e698e81b4a8fa0cd08512f43c2c2,sparse,curvature/curv_eps_gradient,60,60,30,0
d12-s9-s0-b872e698e81b4a8fa0cd08512f43c2c2,sparse,curvature/curv_eps_random,60,60,30,0
d12-s9-s0-b872e698e81b4a8fa0cd08512f43c2c2,sparse,curvature/curv_eps_update,60,60,30,0
d12-s9-s0-b872e698e81b4a8fa0cd08512f43c2c2,sparse,curvature/curv_floor_gradient,60,60,30,0
d12-s9-s0-b872e698e81b4a8fa0cd08512f43c2c2,sparse,curvature/curv_floor_random,60,60,30,0
d12-s9-s0-b872e698e81b4a8fa0cd08512f43c2c2,sparse,curvature/curv_floor_update,60,60,30,0
d12-s9-s0-b872e698e81b4a8fa0cd08512f43c2c2,sparse,curvature/curv_snr_gradient,60,60,30,0
d12-s9-s0-b872e698e81b4a8fa0cd08512f43c2c2,sparse,curvature/curv_snr_random,60,60,30,0
d12-s9-s0-b872e698e81b4a8fa0cd08512f43c2c2,sparse,curvature/curv_snr_update,60,60,30,0
d12-s9-s0-b872e698e81b4a8fa0cd08512f43c2c2,sparse,curvature/dhd,60,60,30,0
d12-s9-s0-b872e698e81b4a8fa0cd08512f43c2c2,sparse,curvature/e_curv_gradient,60,25,30,0
d12-s9-s0-b872e698e81b4a8fa0cd08512f43c2c2,sparse,curvature/e_curv_random,60,0,30,0
d12-s9-s0-b872e698e81b4a8fa0cd08512f43c2c2,sparse,curvature/e_curv_update,60,0,30,0
d12-s9-s0-b872e698e81b4a8fa0cd08512f43c2c2,sparse,curvature/e_fd_gradient,60,30,30,0
d12-s9-s0-b872e698e81b4a8fa0cd08512f43c2c2,sparse,curvature/e_fd_random,60,6,30,0
d12-s9-s0-b872e698e81b4a8fa0cd08512f43c2c2,sparse,curvature/e_fd_update,60,1,30,0
d12-s9-s0-b872e698e81b4a8fa0cd08512f43c2c2,sparse,curvature/e_lin_gradient,60,60,30,0
d12-s9-s0-b872e698e81b4a8fa0cd08512f43c2c2,sparse,curvature/e_lin_random,60,60,30,0
d12-s9-s0-b872e698e81b4a8fa0cd08512f43c2c2,sparse,curvature/e_lin_update,60,60,30,0
d12-s9-s0-b872e698e81b4a8fa0cd08512f43c2c2,sparse,curvature/e_sym_gradient,60,60,30,0
d12-s9-s0-b872e698e81b4a8fa0cd08512f43c2c2,sparse,curvature/e_sym_random,60,60,30,0
d12-s9-s0-b872e698e81b4a8fa0cd08512f43c2c2,sparse,curvature/e_sym_update,60,60,30,0
d12-s9-s0-b872e698e81b4a8fa0cd08512f43c2c2,sparse,curvature/eta_star,60,52,30,0
d12-s9-s0-b872e698e81b4a8fa0cd08512f43c2c2,sparse,curvature/eta_star_rho,60,60,30,0
d12-s9-s0-b872e698e81b4a8fa0cd08512f43c2c2,sparse,curvature/eta_star_rho_threshold,60,60,30,0
d12-s9-s0-b872e698e81b4a8fa0cd08512f43c2c2,sparse,curvature/fd_conclusive_gradient,60,60,30,0
d12-s9-s0-b872e698e81b4a8fa0cd08512f43c2c2,sparse,curvature/fd_conclusive_random,60,60,30,0
d12-s9-s0-b872e698e81b4a8fa0cd08512f43c2c2,sparse,curvature/fd_conclusive_update,60,60,30,0
d12-s9-s0-b872e698e81b4a8fa0cd08512f43c2c2,sparse,curvature/fd_cos_gradient,60,30,30,0
d12-s9-s0-b872e698e81b4a8fa0cd08512f43c2c2,sparse,curvature/fd_cos_random,60,6,30,0
d12-s9-s0-b872e698e81b4a8fa0cd08512f43c2c2,sparse,curvature/fd_cos_update,60,1,30,0
d12-s9-s0-b872e698e81b4a8fa0cd08512f43c2c2,sparse,curvature/fd_eps_gradient,60,60,30,0
d12-s9-s0-b872e698e81b4a8fa0cd08512f43c2c2,sparse,curvature/fd_eps_random,60,60,30,0
d12-s9-s0-b872e698e81b4a8fa0cd08512f43c2c2,sparse,curvature/fd_eps_update,60,60,30,0
d12-s9-s0-b872e698e81b4a8fa0cd08512f43c2c2,sparse,curvature/fd_floor_gradient,60,60,30,0
d12-s9-s0-b872e698e81b4a8fa0cd08512f43c2c2,sparse,curvature/fd_floor_random,60,60,30,0
d12-s9-s0-b872e698e81b4a8fa0cd08512f43c2c2,sparse,curvature/fd_floor_update,60,60,30,0
d12-s9-s0-b872e698e81b4a8fa0cd08512f43c2c2,sparse,curvature/fd_snr_gradient,60,60,30,0
d12-s9-s0-b872e698e81b4a8fa0cd08512f43c2c2,sparse,curvature/fd_snr_random,60,60,30,0
d12-s9-s0-b872e698e81b4a8fa0cd08512f43c2c2,sparse,curvature/fd_snr_update,60,60,30,0
d12-s9-s0-b872e698e81b4a8fa0cd08512f43c2c2,sparse,curvature/fd_sweep_conclusive_gradient,60,60,30,6
d12-s9-s0-b872e698e81b4a8fa0cd08512f43c2c2,sparse,curvature/fd_sweep_conclusive_random,60,60,30,6
d12-s9-s0-b872e698e81b4a8fa0cd08512f43c2c2,sparse,curvature/fd_sweep_conclusive_update,60,60,30,6
d12-s9-s0-b872e698e81b4a8fa0cd08512f43c2c2,sparse,curvature/fd_sweep_cos_gradient,60,60,30,6
d12-s9-s0-b872e698e81b4a8fa0cd08512f43c2c2,sparse,curvature/fd_sweep_cos_random,60,60,30,6
d12-s9-s0-b872e698e81b4a8fa0cd08512f43c2c2,sparse,curvature/fd_sweep_cos_update,60,60,30,6
d12-s9-s0-b872e698e81b4a8fa0cd08512f43c2c2,sparse,curvature/fd_sweep_cos_valid_gradient,60,60,30,6
d12-s9-s0-b872e698e81b4a8fa0cd08512f43c2c2,sparse,curvature/fd_sweep_cos_valid_random,60,60,30,6
d12-s9-s0-b872e698e81b4a8fa0cd08512f43c2c2,sparse,curvature/fd_sweep_cos_valid_update,60,60,30,6
d12-s9-s0-b872e698e81b4a8fa0cd08512f43c2c2,sparse,curvature/fd_sweep_e_fd_gradient,60,60,30,6
d12-s9-s0-b872e698e81b4a8fa0cd08512f43c2c2,sparse,curvature/fd_sweep_e_fd_random,60,60,30,6
d12-s9-s0-b872e698e81b4a8fa0cd08512f43c2c2,sparse,curvature/fd_sweep_e_fd_update,60,60,30,6
d12-s9-s0-b872e698e81b4a8fa0cd08512f43c2c2,sparse,curvature/fd_sweep_eps_gradient,60,60,30,6
d12-s9-s0-b872e698e81b4a8fa0cd08512f43c2c2,sparse,curvature/fd_sweep_eps_random,60,60,30,6
d12-s9-s0-b872e698e81b4a8fa0cd08512f43c2c2,sparse,curvature/fd_sweep_eps_update,60,60,30,6
d12-s9-s0-b872e698e81b4a8fa0cd08512f43c2c2,sparse,curvature/fd_sweep_floor_gradient,60,60,30,6
d12-s9-s0-b872e698e81b4a8fa0cd08512f43c2c2,sparse,curvature/fd_sweep_floor_random,60,60,30,6
d12-s9-s0-b872e698e81b4a8fa0cd08512f43c2c2,sparse,curvature/fd_sweep_floor_update,60,60,30,6
d12-s9-s0-b872e698e81b4a8fa0cd08512f43c2c2,sparse,curvature/fd_sweep_snr_gradient,60,60,30,6
d12-s9-s0-b872e698e81b4a8fa0cd08512f43c2c2,sparse,curvature/fd_sweep_snr_random,60,60,30,6
d12-s9-s0-b872e698e81b4a8fa0cd08512f43c2c2,sparse,curvature/fd_sweep_snr_update,60,60,30,6
d12-s9-s0-b872e698e81b4a8fa0cd08512f43c2c2,sparse,curvature/gHg,60,60,30,0
d12-s9-s0-b872e698e81b4a8fa0cd08512f43c2c2,sparse,curvature/gg,60,60,30,0
d12-s9-s0-b872e698e81b4a8fa0cd08512f43c2c2,sparse,curvature/native_verdict_code,30,30,30,0
d12-s9-s0-b872e698e81b4a8fa0cd08512f43c2c2,sparse,curvature/shadow_verdict_code,30,30,30,0
d12-s9-s0-b872e698e81b4a8fa0cd08512f43c2c2,sparse,curvature/sweep_c_fd_gradient,60,60,30,5
d12-s9-s0-b872e698e81b4a8fa0cd08512f43c2c2,sparse,curvature/sweep_c_fd_random,60,60,30,4
d12-s9-s0-b872e698e81b4a8fa0cd08512f43c2c2,sparse,curvature/sweep_c_fd_update,60,60,30,4
d12-s9-s0-b872e698e81b4a8fa0cd08512f43c2c2,sparse,curvature/sweep_e_curv_gradient,60,60,30,5
d12-s9-s0-b872e698e81b4a8fa0cd08512f43c2c2,sparse,curvature/sweep_e_curv_random,60,60,30,4
d12-s9-s0-b872e698e81b4a8fa0cd08512f43c2c2,sparse,curvature/sweep_e_curv_update,60,60,30,4
d12-s9-s0-b872e698e81b4a8fa0cd08512f43c2c2,sparse,curvature/sweep_eps_gradient,60,60,30,5
d12-s9-s0-b872e698e81b4a8fa0cd08512f43c2c2,sparse,curvature/sweep_eps_random,60,60,30,4
d12-s9-s0-b872e698e81b4a8fa0cd08512f43c2c2,sparse,curvature/sweep_eps_update,60,60,30,4
d12-s9-s0-b872e698e81b4a8fa0cd08512f43c2c2,sparse,curvature/sweep_floor_gradient,60,60,30,5
d12-s9-s0-b872e698e81b4a8fa0cd08512f43c2c2,sparse,curvature/sweep_floor_random,60,60,30,4
d12-s9-s0-b872e698e81b4a8fa0cd08512f43c2c2,sparse,curvature/sweep_floor_update,60,60,30,4
d12-s9-s0-b872e698e81b4a8fa0cd08512f43c2c2,sparse,curvature/sweep_snr_gradient,60,60,30,5
d12-s9-s0-b872e698e81b4a8fa0cd08512f43c2c2,sparse,curvature/sweep_snr_random,60,60,30,4
d12-s9-s0-b872e698e81b4a8fa0cd08512f43c2c2,sparse,curvature/sweep_snr_update,60,60,30,4
d12-s9-s0-b872e698e81b4a8fa0cd08512f43c2c2,sparse,curvature/verdict_code_gradient,60,60,30,0
d12-s9-s0-b872e698e81b4a8fa0cd08512f43c2c2,sparse,curvature/verdict_code_random,60,60,30,0
d12-s9-s0-b872e698e81b4a8fa0cd08512f43c2c2,sparse,curvature/verdict_code_update,60,60,30,0
d12-s9-s0-b872e698e81b4a8fa0cd08512f43c2c2,sparse,curvature/vhv_gradient,60,60,30,0
d12-s9-s0-b872e698e81b4a8fa0cd08512f43c2c2,sparse,curvature/vhv_random,60,60,30,0
d12-s9-s0-b872e698e81b4a8fa0cd08512f43c2c2,sparse,curvature/vhv_update,60,60,30,0
d12-s9-s0-b872e698e81b4a8fa0cd08512f43c2c2,sparse,muon/replay_update_relerr,2340,2340,30,0
d12-s9-s0-b872e698e81b4a8fa0cd08512f43c2c2,sparse,overhead/grads_ready/calibration,30,30,30,0
d12-s9-s0-b872e698e81b4a8fa0cd08512f43c2c2,sparse,overhead/grads_ready/calibration/work,30,30,30,0
d12-s9-s0-b872e698e81b4a8fa0cd08512f43c2c2,sparse,overhead/lineage_checkpoint,3,3,3,0
d12-s9-s0-b872e698e81b4a8fa0cd08512f43c2c2,sparse,overhead/muon_reference,30,30,30,0
d12-s9-s0-b872e698e81b4a8fa0cd08512f43c2c2,sparse,overhead/muon_reference/work,30,30,30,0
d12-s9-s0-b872e698e81b4a8fa0cd08512f43c2c2,sparse,overhead/probe_grad_sketch,30,30,30,0
d12-s9-s0-b872e698e81b4a8fa0cd08512f43c2c2,sparse,overhead/probe_grad_sketch/work,30,30,30,0
d12-s9-s0-b872e698e81b4a8fa0cd08512f43c2c2,sparse,overhead/shadow_acceptance,30,30,30,0
d12-s9-s0-b872e698e81b4a8fa0cd08512f43c2c2,sparse,overhead/theta_snapshot,30,30,30,0
d12-s9-s0-b872e698e81b4a8fa0cd08512f43c2c2,sparse,overhead/theta_snapshot/work,30,30,30,0
d12-s9-s0-b872e698e81b4a8fa0cd08512f43c2c2,sparse,overhead/update_effectiveness,30,30,30,0
d12-s9-s0-b872e698e81b4a8fa0cd08512f43c2c2,sparse,overhead/update_effectiveness/work,30,30,30,0
d12-s9-s0-b872e698e81b4a8fa0cd08512f43c2c2,sparse,sketch/probe_grad,3390,3390,30,4096
d12-s9-s0-b872e698e81b4a8fa0cd08512f43c2c2,sparse,sketch/probe_grad_cosine_prev,30,29,30,0
d12-s9-s0-b872e698e81b4a8fa0cd08512f43c2c2,sparse,sketch/probe_grad_sq_norm,3390,3390,30,0
d12-s9-s0-b872e698e81b4a8fa0cd08512f43c2c2,sparse,update/actual,60,60,30,0
d12-s9-s0-b872e698e81b4a8fa0cd08512f43c2c2,sparse,update/direction_norm,60,60,30,0
d12-s9-s0-b872e698e81b4a8fa0cd08512f43c2c2,sparse,update/loss_after,60,60,30,0
d12-s9-s0-b872e698e81b4a8fa0cd08512f43c2c2,sparse,update/loss_before,60,60,30,0
d12-s9-s0-b872e698e81b4a8fa0cd08512f43c2c2,sparse,update/normalized_residual,60,60,30,0
d12-s9-s0-b872e698e81b4a8fa0cd08512f43c2c2,sparse,update/p1,60,60,30,0
d12-s9-s0-b872e698e81b4a8fa0cd08512f43c2c2,sparse,update/p2,60,60,30,0
d12-s9-s0-b872e698e81b4a8fa0cd08512f43c2c2,sparse,update/residual_p1,60,60,30,0
d12-s9-s0-b872e698e81b4a8fa0cd08512f43c2c2,sparse,update/residual_p2,60,60,30,0
d12-s9-s0-b872e698e81b4a8fa0cd08512f43c2c2,offline,overhead/total/attention,1,1,1,0
d12-s9-s0-b872e698e81b4a8fa0cd08512f43c2c2,offline,overhead/total/grads_ready,1,1,1,0
d12-s9-s0-b872e698e81b4a8fa0cd08512f43c2c2,offline,overhead/total/grads_ready/calibration,1,1,1,0
d12-s9-s0-b872e698e81b4a8fa0cd08512f43c2c2,offline,overhead/total/grads_ready/periodic_scan,1,1,1,0
d12-s9-s0-b872e698e81b4a8fa0cd08512f43c2c2,offline,overhead/total/lineage_checkpoint,1,1,1,0
d12-s9-s0-b872e698e81b4a8fa0cd08512f43c2c2,offline,overhead/total/lineage_inventory,1,1,1,0
d12-s9-s0-b872e698e81b4a8fa0cd08512f43c2c2,offline,overhead/total/microbatch_cpu_launch,1,1,1,0
d12-s9-s0-b872e698e81b4a8fa0cd08512f43c2c2,offline,overhead/total/muon_reference,1,1,1,0
d12-s9-s0-b872e698e81b4a8fa0cd08512f43c2c2,offline,overhead/total/noise,1,1,1,0
d12-s9-s0-b872e698e81b4a8fa0cd08512f43c2c2,offline,overhead/total/probe_grad_sketch,1,1,1,0
d12-s9-s0-b872e698e81b4a8fa0cd08512f43c2c2,offline,overhead/total/probes,1,1,1,0
d12-s9-s0-b872e698e81b4a8fa0cd08512f43c2c2,offline,overhead/total/shadow_acceptance,1,1,1,0
d12-s9-s0-b872e698e81b4a8fa0cd08512f43c2c2,offline,overhead/total/step_end_emit,1,1,1,0
d12-s9-s0-b872e698e81b4a8fa0cd08512f43c2c2,offline,overhead/total/theta_snapshot,1,1,1,0
d12-s9-s0-b872e698e81b4a8fa0cd08512f43c2c2,offline,overhead/total/update_effectiveness,1,1,1,0
d14-s7-s0-b72acf7ac59942dab902e26fa0b2c80d,continuous,batch/bos_count,3759,3759,3759,0
d14-s7-s0-b72acf7ac59942dab902e26fa0b2c80d,continuous,batch/mean_segment_length,3759,3759,3759,0
d14-s7-s0-b72acf7ac59942dab902e26fa0b2c80d,continuous,batch/micro_batches,3759,3759,3759,0
d14-s7-s0-b72acf7ac59942dab902e26fa0b2c80d,continuous,batch/segments_per_row_max,3759,3759,3759,0
d14-s7-s0-b72acf7ac59942dab902e26fa0b2c80d,continuous,batch/segments_per_row_mean,3759,3759,3759,0
d14-s7-s0-b72acf7ac59942dab902e26fa0b2c80d,continuous,batch/valid_targets,3759,3759,3759,0
d14-s7-s0-b72acf7ac59942dab902e26fa0b2c80d,continuous,grad/finite,56,56,56,0
d14-s7-s0-b72acf7ac59942dab902e26fa0b2c80d,continuous,loss/finite,3759,3759,3759,0
d14-s7-s0-b72acf7ac59942dab902e26fa0b2c80d,continuous,loss/train_mean,3759,3759,3759,0
d14-s7-s0-b72acf7ac59942dab902e26fa0b2c80d,continuous,mem/alloc_end_bytes,3759,3759,3759,0
d14-s7-s0-b72acf7ac59942dab902e26fa0b2c80d,continuous,mem/alloc_start_bytes,3759,3759,3759,0
d14-s7-s0-b72acf7ac59942dab902e26fa0b2c80d,continuous,mem/cuda_peak_absolute,3759,3759,3759,0
d14-s7-s0-b72acf7ac59942dab902e26fa0b2c80d,continuous,optim/beta1,22554,22554,3759,0
d14-s7-s0-b72acf7ac59942dab902e26fa0b2c80d,continuous,optim/beta2,37590,37590,3759,0
d14-s7-s0-b72acf7ac59942dab902e26fa0b2c80d,continuous,optim/eps,22554,22554,3759,0
d14-s7-s0-b72acf7ac59942dab902e26fa0b2c80d,continuous,optim/lr,37590,37590,3759,0
d14-s7-s0-b72acf7ac59942dab902e26fa0b2c80d,continuous,optim/lr_eff,15036,15036,3759,0
d14-s7-s0-b72acf7ac59942dab902e26fa0b2c80d,continuous,optim/momentum,15036,15036,3759,0
d14-s7-s0-b72acf7ac59942dab902e26fa0b2c80d,continuous,optim/ns_steps,15036,15036,3759,0
d14-s7-s0-b72acf7ac59942dab902e26fa0b2c80d,continuous,optim/weight_decay,37590,37590,3759,0
d14-s7-s0-b72acf7ac59942dab902e26fa0b2c80d,continuous,overhead/grads_ready,3759,3759,3759,0
d14-s7-s0-b72acf7ac59942dab902e26fa0b2c80d,continuous,overhead/microbatch_cpu_launch,3759,3759,3759,0
d14-s7-s0-b72acf7ac59942dab902e26fa0b2c80d,continuous,overhead/microbatch_cpu_launch/work,3759,3759,3759,0
d14-s7-s0-b72acf7ac59942dab902e26fa0b2c80d,continuous,overhead/step_end_emit,3759,3759,3759,0
d14-s7-s0-b72acf7ac59942dab902e26fa0b2c80d,continuous,scalars/backout_lambda,3759,3759,3759,0
d14-s7-s0-b72acf7ac59942dab902e26fa0b2c80d,continuous,scalars/resid_lambdas,3759,3759,3759,14
d14-s7-s0-b72acf7ac59942dab902e26fa0b2c80d,continuous,scalars/smear_lambda,3759,3759,3759,0
d14-s7-s0-b72acf7ac59942dab902e26fa0b2c80d,continuous,scalars/x0_lambdas,3759,3759,3759,14
d14-s7-s0-b72acf7ac59942dab902e26fa0b2c80d,continuous,step/dt_excl_serialized_telemetry,3759,3759,3759,0
d14-s7-s0-b72acf7ac59942dab902e26fa0b2c80d,continuous,step/loader_call_elapsed,3759,3759,3759,0
d14-s7-s0-b72acf7ac59942dab902e26fa0b2c80d,continuous,step/observed_dt,3759,3759,3759,0
d14-s7-s0-b72acf7ac59942dab902e26fa0b2c80d,continuous,step/skipped,3759,3759,3759,0
d14-s7-s0-b72acf7ac59942dab902e26fa0b2c80d,periodic,attn/n_undefined_queries/b0,75,75,25,0
d14-s7-s0-b72acf7ac59942dab902e26fa0b2c80d,periodic,attn/n_undefined_queries/b1,75,75,25,0
d14-s7-s0-b72acf7ac59942dab902e26fa0b2c80d,periodic,attn/n_undefined_queries/b2,75,75,25,0
d14-s7-s0-b72acf7ac59942dab902e26fa0b2c80d,periodic,attn/n_undefined_queries/b3,75,75,25,0
d14-s7-s0-b72acf7ac59942dab902e26fa0b2c80d,periodic,attn/per_head_mean_distance,75,75,25,7
d14-s7-s0-b72acf7ac59942dab902e26fa0b2c80d,periodic,attn/per_head_mean_distance/b0,75,75,25,7
d14-s7-s0-b72acf7ac59942dab902e26fa0b2c80d,periodic,attn/per_head_mean_distance/b1,75,75,25,7
d14-s7-s0-b72acf7ac59942dab902e26fa0b2c80d,periodic,attn/per_head_mean_distance/b2,75,75,25,7
d14-s7-s0-b72acf7ac59942dab902e26fa0b2c80d,periodic,attn/per_head_mean_distance/b3,75,75,25,7
d14-s7-s0-b72acf7ac59942dab902e26fa0b2c80d,periodic,attn/per_head_median_distance,75,75,25,7
d14-s7-s0-b72acf7ac59942dab902e26fa0b2c80d,periodic,attn/per_head_median_distance/b0,75,75,25,7
d14-s7-s0-b72acf7ac59942dab902e26fa0b2c80d,periodic,attn/per_head_median_distance/b1,75,75,25,7
d14-s7-s0-b72acf7ac59942dab902e26fa0b2c80d,periodic,attn/per_head_median_distance/b2,75,75,25,7
d14-s7-s0-b72acf7ac59942dab902e26fa0b2c80d,periodic,attn/per_head_median_distance/b3,75,75,25,7
d14-s7-s0-b72acf7ac59942dab902e26fa0b2c80d,periodic,attn/per_head_norm_entropy,75,75,25,7
d14-s7-s0-b72acf7ac59942dab902e26fa0b2c80d,periodic,attn/per_head_norm_entropy/b0,75,75,25,7
d14-s7-s0-b72acf7ac59942dab902e26fa0b2c80d,periodic,attn/per_head_norm_entropy/b1,75,75,25,7
d14-s7-s0-b72acf7ac59942dab902e26fa0b2c80d,periodic,attn/per_head_norm_entropy/b2,75,75,25,7
d14-s7-s0-b72acf7ac59942dab902e26fa0b2c80d,periodic,attn/per_head_norm_entropy/b3,75,75,25,7
d14-s7-s0-b72acf7ac59942dab902e26fa0b2c80d,periodic,attn/validation_max_abs_err,75,75,25,0
d14-s7-s0-b72acf7ac59942dab902e26fa0b2c80d,periodic,grad/max_abs,375,375,25,0
d14-s7-s0-b72acf7ac59942dab902e26fa0b2c80d,periodic,grad/nonfinite,375,375,25,0
d14-s7-s0-b72acf7ac59942dab902e26fa0b2c80d,periodic,grad/norm,3275,3275,25,0
d14-s7-s0-b72acf7ac59942dab902e26fa0b2c80d,periodic,grad/rms,3275,3275,25,0
d14-s7-s0-b72acf7ac59942dab902e26fa0b2c80d,periodic,grad/zero_fraction,375,375,25,0
d14-s7-s0-b72acf7ac59942dab902e26fa0b2c80d,periodic,muon/cautious_mask_fraction,2275,2275,25,0
d14-s7-s0-b72acf7ac59942dab902e26fa0b2c80d,periodic,muon/cos_data_decay,2275,2184,25,0
d14-s7-s0-b72acf7ac59942dab902e26fa0b2c80d,periodic,muon/cos_nesterov_final,2275,2212,25,0
d14-s7-s0-b72acf7ac59942dab902e26fa0b2c80d,periodic,muon/cos_raw_final,2275,2212,25,0
d14-s7-s0-b72acf7ac59942dab902e26fa0b2c80d,periodic,muon/cos_raw_momentum,2275,2212,25,0
d14-s7-s0-b72acf7ac59942dab902e26fa0b2c80d,periodic,muon/cos_raw_nesterov,2275,2212,25,0
d14-s7-s0-b72acf7ac59942dab902e26fa0b2c80d,periodic,muon/data_norm,2275,2275,25,0
d14-s7-s0-b72acf7ac59942dab902e26fa0b2c80d,periodic,muon/decay_norm,2275,2275,25,0
d14-s7-s0-b72acf7ac59942dab902e26fa0b2c80d,periodic,muon/factored_scale_dispersion,2275,2275,25,0
d14-s7-s0-b72acf7ac59942dab902e26fa0b2c80d,periodic,muon/norm_degenerate,2275,2275,25,0
d14-s7-s0-b72acf7ac59942dab902e26fa0b2c80d,periodic,muon/norm_deviation,2275,2275,25,0
d14-s7-s0-b72acf7ac59942dab902e26fa0b2c80d,periodic,muon/polar_residual,2275,2275,25,0
d14-s7-s0-b72acf7ac59942dab902e26fa0b2c80d,periodic,muon/u_final_norm_analytic,2275,2275,25,0
d14-s7-s0-b72acf7ac59942dab902e26fa0b2c80d,periodic,muon/u_final_norm_observed,2275,2275,25,0
d14-s7-s0-b72acf7ac59942dab902e26fa0b2c80d,periodic,noise/b_noise,25,25,25,0
d14-s7-s0-b72acf7ac59942dab902e26fa0b2c80d,periodic,noise/mean_grad_norm,3275,3275,25,0
d14-s7-s0-b72acf7ac59942dab902e26fa0b2c80d,periodic,noise/pairwise_cosines,25,25,25,28
d14-s7-s0-b72acf7ac59942dab902e26fa0b2c80d,periodic,noise/per_sub_sq_norm,25,25,25,8
d14-s7-s0-b72acf7ac59942dab902e26fa0b2c80d,periodic,noise/row_trace,25,25,25,0
d14-s7-s0-b72acf7ac59942dab902e26fa0b2c80d,periodic,noise/s2,25,25,25,0
d14-s7-s0-b72acf7ac59942dab902e26fa0b2c80d,periodic,noise/signal_raw,25,25,25,0
d14-s7-s0-b72acf7ac59942dab902e26fa0b2c80d,periodic,optim/adamw_m_norm,974,960,25,0
d14-s7-s0-b72acf7ac59942dab902e26fa0b2c80d,periodic,optim/adamw_m_rms,974,960,25,0
d14-s7-s0-b72acf7ac59942dab902e26fa0b2c80d,periodic,optim/adamw_v_norm,974,960,25,0
d14-s7-s0-b72acf7ac59942dab902e26fa0b2c80d,periodic,optim/adamw_v_rms,974,960,25,0
d14-s7-s0-b72acf7ac59942dab902e26fa0b2c80d,periodic,optim/muon_momentum_norm,2275,2184,25,0
d14-s7-s0-b72acf7ac59942dab902e26fa0b2c80d,periodic,optim/muon_momentum_rms,2275,2184,25,0
d14-s7-s0-b72acf7ac59942dab902e26fa0b2c80d,periodic,optim/muon_second_momentum_mean,2275,2184,25,0
d14-s7-s0-b72acf7ac59942dab902e26fa0b2c80d,periodic,optim/muon_second_momentum_norm,2275,2184,25,0
d14-s7-s0-b72acf7ac59942dab902e26fa0b2c80d,periodic,optim/muon_second_momentum_rms,2275,2184,25,0
d14-s7-s0-b72acf7ac59942dab902e26fa0b2c80d,periodic,overhead/attention,25,25,25,0
d14-s7-s0-b72acf7ac59942dab902e26fa0b2c80d,periodic,overhead/attention/work,25,25,25,0
d14-s7-s0-b72acf7ac59942dab902e26fa0b2c80d,periodic,overhead/grads_ready/periodic_scan,25,25,25,0
d14-s7-s0-b72acf7ac59942dab902e26fa0b2c80d,periodic,overhead/grads_ready/periodic_scan/work,25,25,25,0
d14-s7-s0-b72acf7ac59942dab902e26fa0b2c80d,periodic,overhead/noise,25,25,25,0
d14-s7-s0-b72acf7ac59942dab902e26fa0b2c80d,periodic,overhead/noise/work,25,25,25,0
d14-s7-s0-b72acf7ac59942dab902e26fa0b2c80d,periodic,overhead/probes,25,25,25,0
d14-s7-s0-b72acf7ac59942dab902e26fa0b2c80d,periodic,overhead/probes/work,25,25,25,0
d14-s7-s0-b72acf7ac59942dab902e26fa0b2c80d,periodic,param/norm,3275,3275,25,0
d14-s7-s0-b72acf7ac59942dab902e26fa0b2c80d,periodic,param/rms,3275,3275,25,0
d14-s7-s0-b72acf7ac59942dab902e26fa0b2c80d,periodic,probe/attn_out_norm,700,700,25,0
d14-s7-s0-b72acf7ac59942dab902e26fa0b2c80d,periodic,probe/attn_out_stats_mean,700,700,25,0
d14-s7-s0-b72acf7ac59942dab902e26fa0b2c80d,periodic,probe/attn_out_stats_quantiles,700,700,25,7
d14-s7-s0-b72acf7ac59942dab902e26fa0b2c80d,periodic,probe/attn_out_stats_rms,700,700,25,0
d14-s7-s0-b72acf7ac59942dab902e26fa0b2c80d,periodic,probe/attn_out_stats_std,700,700,25,0
d14-s7-s0-b72acf7ac59942dab902e26fa0b2c80d,periodic,probe/attn_residual_ratio,700,700,25,0
d14-s7-s0-b72acf7ac59942dab902e26fa0b2c80d,periodic,probe/backout_contribution_ratio,50,50,25,0
d14-s7-s0-b72acf7ac59942dab902e26fa0b2c80d,periodic,probe/backout_term_norm,50,50,25,0
d14-s7-s0-b72acf7ac59942dab902e26fa0b2c80d,periodic,probe/block_in_stats_mean,700,700,25,0
d14-s7-s0-b72acf7ac59942dab902e26fa0b2c80d,periodic,probe/block_in_stats_quantiles,700,700,25,7
d14-s7-s0-b72acf7ac59942dab902e26fa0b2c80d,periodic,probe/block_in_stats_rms,700,700,25,0
d14-s7-s0-b72acf7ac59942dab902e26fa0b2c80d,periodic,probe/block_in_stats_std,700,700,25,0
d14-s7-s0-b72acf7ac59942dab902e26fa0b2c80d,periodic,probe/c_proj_in_norm,700,700,25,0
d14-s7-s0-b72acf7ac59942dab902e26fa0b2c80d,periodic,probe/c_proj_in_stats_mean,700,700,25,0
d14-s7-s0-b72acf7ac59942dab902e26fa0b2c80d,periodic,probe/c_proj_in_stats_quantiles,700,700,25,7
d14-s7-s0-b72acf7ac59942dab902e26fa0b2c80d,periodic,probe/c_proj_in_stats_rms,700,700,25,0
d14-s7-s0-b72acf7ac59942dab902e26fa0b2c80d,periodic,probe/c_proj_in_stats_std,700,700,25,0
d14-s7-s0-b72acf7ac59942dab902e26fa0b2c80d,periodic,probe/content_loss_sums,50,50,25,40
d14-s7-s0-b72acf7ac59942dab902e26fa0b2c80d,periodic,probe/logit_entropy_mean,50,50,25,0
d14-s7-s0-b72acf7ac59942dab902e26fa0b2c80d,periodic,probe/logit_lse_mean,50,50,25,0
d14-s7-s0-b72acf7ac59942dab902e26fa0b2c80d,periodic,probe/logit_margin_mean,50,50,25,0
d14-s7-s0-b72acf7ac59942dab902e26fa0b2c80d,periodic,probe/logit_max_postcap,50,50,25,0
d14-s7-s0-b72acf7ac59942dab902e26fa0b2c80d,periodic,probe/logit_max_precap,50,50,25,0
d14-s7-s0-b72acf7ac59942dab902e26fa0b2c80d,periodic,probe/logit_saturation_fraction,50,50,25,0
d14-s7-s0-b72acf7ac59942dab902e26fa0b2c80d,periodic,probe/logit_softcap_equiv_err,50,50,25,0
d14-s7-s0-b72acf7ac59942dab902e26fa0b2c80d,periodic,probe/logit_z_loss,50,50,25,0
d14-s7-s0-b72acf7ac59942dab902e26fa0b2c80d,periodic,probe/loss,50,50,25,0
d14-s7-s0-b72acf7ac59942dab902e26fa0b2c80d,periodic,probe/mlp_out_norm,700,700,25,0
d14-s7-s0-b72acf7ac59942dab902e26fa0b2c80d,periodic,probe/mlp_out_stats_mean,700,700,25,0
d14-s7-s0-b72acf7ac59942dab902e26fa0b2c80d,periodic,probe/mlp_out_stats_quantiles,700,700,25,7
d14-s7-s0-b72acf7ac59942dab902e26fa0b2c80d,periodic,probe/mlp_out_stats_rms,700,700,25,0
d14-s7-s0-b72acf7ac59942dab902e26fa0b2c80d,periodic,probe/mlp_out_stats_std,700,700,25,0
d14-s7-s0-b72acf7ac59942dab902e26fa0b2c80d,periodic,probe/mlp_residual_ratio,700,700,25,0
d14-s7-s0-b72acf7ac59942dab902e26fa0b2c80d,periodic,probe/n_segments,50,50,25,16
d14-s7-s0-b72acf7ac59942dab902e26fa0b2c80d,periodic,probe/per_row_loss,50,50,25,16
d14-s7-s0-b72acf7ac59942dab902e26fa0b2c80d,periodic,probe/per_token_loss,50,50,25,32768
d14-s7-s0-b72acf7ac59942dab902e26fa0b2c80d,periodic,probe/relu2_sparsity,700,700,25,0
d14-s7-s0-b72acf7ac59942dab902e26fa0b2c80d,periodic,probe/relu2_tail_quantiles,700,700,25,3
d14-s7-s0-b72acf7ac59942dab902e26fa0b2c80d,periodic,probe/resid_contribution_ratio,700,700,25,0
d14-s7-s0-b72acf7ac59942dab902e26fa0b2c80d,periodic,probe/resid_term_norm,700,700,25,0
d14-s7-s0-b72acf7ac59942dab902e26fa0b2c80d,periodic,probe/residual_mix_equiv_err,700,700,25,0
d14-s7-s0-b72acf7ac59942dab902e26fa0b2c80d,periodic,probe/segment_lengths,50,50,25,40
d14-s7-s0-b72acf7ac59942dab902e26fa0b2c80d,periodic,probe/transition_loss_sum,50,50,25,16
d14-s7-s0-b72acf7ac59942dab902e26fa0b2c80d,periodic,probe/ve_contribution_ratio,350,350,25,0
d14-s7-s0-b72acf7ac59942dab902e26fa0b2c80d,periodic,probe/ve_gate_mean,350,350,25,0
d14-s7-s0-b72acf7ac59942dab902e26fa0b2c80d,periodic,probe/ve_gate_quantiles,350,350,25,7
d14-s7-s0-b72acf7ac59942dab902e26fa0b2c80d,periodic,probe/ve_gate_rms,350,350,25,0
d14-s7-s0-b72acf7ac59942dab902e26fa0b2c80d,periodic,probe/ve_gate_std,350,350,25,0
d14-s7-s0-b72acf7ac59942dab902e26fa0b2c80d,periodic,probe/x0_contribution_ratio,700,700,25,0
d14-s7-s0-b72acf7ac59942dab902e26fa0b2c80d,periodic,probe/x0_term_norm,700,700,25,0
d14-s7-s0-b72acf7ac59942dab902e26fa0b2c80d,periodic,sketch/grad,3275,3275,25,4096
d14-s7-s0-b72acf7ac59942dab902e26fa0b2c80d,periodic,sketch/grad_cosine_prev,25,24,25,0
d14-s7-s0-b72acf7ac59942dab902e26fa0b2c80d,periodic,sketch/grad_sq_norm,3275,3275,25,0
d14-s7-s0-b72acf7ac59942dab902e26fa0b2c80d,sparse,calib/grad_cosine_prev,32,31,32,0
d14-s7-s0-b72acf7ac59942dab902e26fa0b2c80d,sparse,calib/grad_norm,32,32,32,0
d14-s7-s0-b72acf7ac59942dab902e26fa0b2c80d,sparse,curvature/Hg_norm,64,64,32,0
d14-s7-s0-b72acf7ac59942dab902e26fa0b2c80d,sparse,curvature/arith_eps,64,64,32,0
d14-s7-s0-b72acf7ac59942dab902e26fa0b2c80d,sparse,curvature/c_fd_gradient,64,64,32,0
d14-s7-s0-b72acf7ac59942dab902e26fa0b2c80d,sparse,curvature/c_fd_random,64,64,32,0
d14-s7-s0-b72acf7ac59942dab902e26fa0b2c80d,sparse,curvature/c_fd_update,64,64,32,0
d14-s7-s0-b72acf7ac59942dab902e26fa0b2c80d,sparse,curvature/curv_eps_gradient,64,64,32,0
d14-s7-s0-b72acf7ac59942dab902e26fa0b2c80d,sparse,curvature/curv_eps_random,64,64,32,0
d14-s7-s0-b72acf7ac59942dab902e26fa0b2c80d,sparse,curvature/curv_eps_update,64,64,32,0
d14-s7-s0-b72acf7ac59942dab902e26fa0b2c80d,sparse,curvature/curv_floor_gradient,64,64,32,0
d14-s7-s0-b72acf7ac59942dab902e26fa0b2c80d,sparse,curvature/curv_floor_random,64,64,32,0
d14-s7-s0-b72acf7ac59942dab902e26fa0b2c80d,sparse,curvature/curv_floor_update,64,64,32,0
d14-s7-s0-b72acf7ac59942dab902e26fa0b2c80d,sparse,curvature/curv_snr_gradient,64,64,32,0
d14-s7-s0-b72acf7ac59942dab902e26fa0b2c80d,sparse,curvature/curv_snr_random,64,64,32,0
d14-s7-s0-b72acf7ac59942dab902e26fa0b2c80d,sparse,curvature/curv_snr_update,64,64,32,0
d14-s7-s0-b72acf7ac59942dab902e26fa0b2c80d,sparse,curvature/dhd,64,64,32,0
d14-s7-s0-b72acf7ac59942dab902e26fa0b2c80d,sparse,curvature/e_curv_gradient,64,28,32,0
d14-s7-s0-b72acf7ac59942dab902e26fa0b2c80d,sparse,curvature/e_curv_random,64,0,32,0
d14-s7-s0-b72acf7ac59942dab902e26fa0b2c80d,sparse,curvature/e_curv_update,64,0,32,0
d14-s7-s0-b72acf7ac59942dab902e26fa0b2c80d,sparse,curvature/e_fd_gradient,64,32,32,0
d14-s7-s0-b72acf7ac59942dab902e26fa0b2c80d,sparse,curvature/e_fd_random,64,1,32,0
d14-s7-s0-b72acf7ac59942dab902e26fa0b2c80d,sparse,curvature/e_fd_update,64,0,32,0
d14-s7-s0-b72acf7ac59942dab902e26fa0b2c80d,sparse,curvature/e_lin_gradient,64,64,32,0
d14-s7-s0-b72acf7ac59942dab902e26fa0b2c80d,sparse,curvature/e_lin_random,64,64,32,0
d14-s7-s0-b72acf7ac59942dab902e26fa0b2c80d,sparse,curvature/e_lin_update,64,64,32,0
d14-s7-s0-b72acf7ac59942dab902e26fa0b2c80d,sparse,curvature/e_sym_gradient,64,64,32,0
d14-s7-s0-b72acf7ac59942dab902e26fa0b2c80d,sparse,curvature/e_sym_random,64,64,32,0
d14-s7-s0-b72acf7ac59942dab902e26fa0b2c80d,sparse,curvature/e_sym_update,64,64,32,0
d14-s7-s0-b72acf7ac59942dab902e26fa0b2c80d,sparse,curvature/eta_star,64,59,32,0
d14-s7-s0-b72acf7ac59942dab902e26fa0b2c80d,sparse,curvature/eta_star_rho,64,64,32,0
d14-s7-s0-b72acf7ac59942dab902e26fa0b2c80d,sparse,curvature/eta_star_rho_threshold,64,64,32,0
d14-s7-s0-b72acf7ac59942dab902e26fa0b2c80d,sparse,curvature/fd_conclusive_gradient,64,64,32,0
d14-s7-s0-b72acf7ac59942dab902e26fa0b2c80d,sparse,curvature/fd_conclusive_random,64,64,32,0
d14-s7-s0-b72acf7ac59942dab902e26fa0b2c80d,sparse,curvature/fd_conclusive_update,64,64,32,0
d14-s7-s0-b72acf7ac59942dab902e26fa0b2c80d,sparse,curvature/fd_cos_gradient,64,32,32,0
d14-s7-s0-b72acf7ac59942dab902e26fa0b2c80d,sparse,curvature/fd_cos_random,64,1,32,0
d14-s7-s0-b72acf7ac59942dab902e26fa0b2c80d,sparse,curvature/fd_cos_update,64,0,32,0
d14-s7-s0-b72acf7ac59942dab902e26fa0b2c80d,sparse,curvature/fd_eps_gradient,64,64,32,0
d14-s7-s0-b72acf7ac59942dab902e26fa0b2c80d,sparse,curvature/fd_eps_random,64,64,32,0
d14-s7-s0-b72acf7ac59942dab902e26fa0b2c80d,sparse,curvature/fd_eps_update,64,64,32,0
d14-s7-s0-b72acf7ac59942dab902e26fa0b2c80d,sparse,curvature/fd_floor_gradient,64,64,32,0
d14-s7-s0-b72acf7ac59942dab902e26fa0b2c80d,sparse,curvature/fd_floor_random,64,64,32,0
d14-s7-s0-b72acf7ac59942dab902e26fa0b2c80d,sparse,curvature/fd_floor_update,64,64,32,0
d14-s7-s0-b72acf7ac59942dab902e26fa0b2c80d,sparse,curvature/fd_snr_gradient,64,64,32,0
d14-s7-s0-b72acf7ac59942dab902e26fa0b2c80d,sparse,curvature/fd_snr_random,64,64,32,0
d14-s7-s0-b72acf7ac59942dab902e26fa0b2c80d,sparse,curvature/fd_snr_update,64,64,32,0
d14-s7-s0-b72acf7ac59942dab902e26fa0b2c80d,sparse,curvature/fd_sweep_conclusive_gradient,64,64,32,6
d14-s7-s0-b72acf7ac59942dab902e26fa0b2c80d,sparse,curvature/fd_sweep_conclusive_random,64,64,32,6
d14-s7-s0-b72acf7ac59942dab902e26fa0b2c80d,sparse,curvature/fd_sweep_conclusive_update,64,64,32,6
d14-s7-s0-b72acf7ac59942dab902e26fa0b2c80d,sparse,curvature/fd_sweep_cos_gradient,64,64,32,6
d14-s7-s0-b72acf7ac59942dab902e26fa0b2c80d,sparse,curvature/fd_sweep_cos_random,64,64,32,6
d14-s7-s0-b72acf7ac59942dab902e26fa0b2c80d,sparse,curvature/fd_sweep_cos_update,64,64,32,6
d14-s7-s0-b72acf7ac59942dab902e26fa0b2c80d,sparse,curvature/fd_sweep_cos_valid_gradient,64,64,32,6
d14-s7-s0-b72acf7ac59942dab902e26fa0b2c80d,sparse,curvature/fd_sweep_cos_valid_random,64,64,32,6
d14-s7-s0-b72acf7ac59942dab902e26fa0b2c80d,sparse,curvature/fd_sweep_cos_valid_update,64,64,32,6
d14-s7-s0-b72acf7ac59942dab902e26fa0b2c80d,sparse,curvature/fd_sweep_e_fd_gradient,64,64,32,6
d14-s7-s0-b72acf7ac59942dab902e26fa0b2c80d,sparse,curvature/fd_sweep_e_fd_random,64,64,32,6
d14-s7-s0-b72acf7ac59942dab902e26fa0b2c80d,sparse,curvature/fd_sweep_e_fd_update,64,64,32,6
d14-s7-s0-b72acf7ac59942dab902e26fa0b2c80d,sparse,curvature/fd_sweep_eps_gradient,64,64,32,6
d14-s7-s0-b72acf7ac59942dab902e26fa0b2c80d,sparse,curvature/fd_sweep_eps_random,64,64,32,6
d14-s7-s0-b72acf7ac59942dab902e26fa0b2c80d,sparse,curvature/fd_sweep_eps_update,64,64,32,6
d14-s7-s0-b72acf7ac59942dab902e26fa0b2c80d,sparse,curvature/fd_sweep_floor_gradient,64,64,32,6
d14-s7-s0-b72acf7ac59942dab902e26fa0b2c80d,sparse,curvature/fd_sweep_floor_random,64,64,32,6
d14-s7-s0-b72acf7ac59942dab902e26fa0b2c80d,sparse,curvature/fd_sweep_floor_update,64,64,32,6
d14-s7-s0-b72acf7ac59942dab902e26fa0b2c80d,sparse,curvature/fd_sweep_snr_gradient,64,64,32,6
d14-s7-s0-b72acf7ac59942dab902e26fa0b2c80d,sparse,curvature/fd_sweep_snr_random,64,64,32,6
d14-s7-s0-b72acf7ac59942dab902e26fa0b2c80d,sparse,curvature/fd_sweep_snr_update,64,64,32,6
d14-s7-s0-b72acf7ac59942dab902e26fa0b2c80d,sparse,curvature/gHg,64,64,32,0
d14-s7-s0-b72acf7ac59942dab902e26fa0b2c80d,sparse,curvature/gg,64,64,32,0
d14-s7-s0-b72acf7ac59942dab902e26fa0b2c80d,sparse,curvature/native_verdict_code,32,32,32,0
d14-s7-s0-b72acf7ac59942dab902e26fa0b2c80d,sparse,curvature/shadow_verdict_code,32,32,32,0
d14-s7-s0-b72acf7ac59942dab902e26fa0b2c80d,sparse,curvature/sweep_c_fd_gradient,64,64,32,5
d14-s7-s0-b72acf7ac59942dab902e26fa0b2c80d,sparse,curvature/sweep_c_fd_random,64,64,32,4
d14-s7-s0-b72acf7ac59942dab902e26fa0b2c80d,sparse,curvature/sweep_c_fd_update,64,64,32,4
d14-s7-s0-b72acf7ac59942dab902e26fa0b2c80d,sparse,curvature/sweep_e_curv_gradient,64,64,32,5
d14-s7-s0-b72acf7ac59942dab902e26fa0b2c80d,sparse,curvature/sweep_e_curv_random,64,64,32,4
d14-s7-s0-b72acf7ac59942dab902e26fa0b2c80d,sparse,curvature/sweep_e_curv_update,64,64,32,4
d14-s7-s0-b72acf7ac59942dab902e26fa0b2c80d,sparse,curvature/sweep_eps_gradient,64,64,32,5
d14-s7-s0-b72acf7ac59942dab902e26fa0b2c80d,sparse,curvature/sweep_eps_random,64,64,32,4
d14-s7-s0-b72acf7ac59942dab902e26fa0b2c80d,sparse,curvature/sweep_eps_update,64,64,32,4
d14-s7-s0-b72acf7ac59942dab902e26fa0b2c80d,sparse,curvature/sweep_floor_gradient,64,64,32,5
d14-s7-s0-b72acf7ac59942dab902e26fa0b2c80d,sparse,curvature/sweep_floor_random,64,64,32,4
d14-s7-s0-b72acf7ac59942dab902e26fa0b2c80d,sparse,curvature/sweep_floor_update,64,64,32,4
d14-s7-s0-b72acf7ac59942dab902e26fa0b2c80d,sparse,curvature/sweep_snr_gradient,64,64,32,5
d14-s7-s0-b72acf7ac59942dab902e26fa0b2c80d,sparse,curvature/sweep_snr_random,64,64,32,4
d14-s7-s0-b72acf7ac59942dab902e26fa0b2c80d,sparse,curvature/sweep_snr_update,64,64,32,4
d14-s7-s0-b72acf7ac59942dab902e26fa0b2c80d,sparse,curvature/verdict_code_gradient,64,64,32,0
d14-s7-s0-b72acf7ac59942dab902e26fa0b2c80d,sparse,curvature/verdict_code_random,64,64,32,0
d14-s7-s0-b72acf7ac59942dab902e26fa0b2c80d,sparse,curvature/verdict_code_update,64,64,32,0
d14-s7-s0-b72acf7ac59942dab902e26fa0b2c80d,sparse,curvature/vhv_gradient,64,64,32,0
d14-s7-s0-b72acf7ac59942dab902e26fa0b2c80d,sparse,curvature/vhv_random,64,64,32,0
d14-s7-s0-b72acf7ac59942dab902e26fa0b2c80d,sparse,curvature/vhv_update,64,64,32,0
d14-s7-s0-b72acf7ac59942dab902e26fa0b2c80d,sparse,muon/replay_update_relerr,2912,2912,32,0
d14-s7-s0-b72acf7ac59942dab902e26fa0b2c80d,sparse,overhead/grads_ready/calibration,32,32,32,0
d14-s7-s0-b72acf7ac59942dab902e26fa0b2c80d,sparse,overhead/grads_ready/calibration/work,32,32,32,0
d14-s7-s0-b72acf7ac59942dab902e26fa0b2c80d,sparse,overhead/lineage_checkpoint,3,3,3,0
d14-s7-s0-b72acf7ac59942dab902e26fa0b2c80d,sparse,overhead/muon_reference,32,32,32,0
d14-s7-s0-b72acf7ac59942dab902e26fa0b2c80d,sparse,overhead/muon_reference/work,32,32,32,0
d14-s7-s0-b72acf7ac59942dab902e26fa0b2c80d,sparse,overhead/probe_grad_sketch,32,32,32,0
d14-s7-s0-b72acf7ac59942dab902e26fa0b2c80d,sparse,overhead/probe_grad_sketch/work,32,32,32,0
d14-s7-s0-b72acf7ac59942dab902e26fa0b2c80d,sparse,overhead/shadow_acceptance,32,32,32,0
d14-s7-s0-b72acf7ac59942dab902e26fa0b2c80d,sparse,overhead/theta_snapshot,32,32,32,0
d14-s7-s0-b72acf7ac59942dab902e26fa0b2c80d,sparse,overhead/theta_snapshot/work,32,32,32,0
d14-s7-s0-b72acf7ac59942dab902e26fa0b2c80d,sparse,overhead/update_effectiveness,32,32,32,0
d14-s7-s0-b72acf7ac59942dab902e26fa0b2c80d,sparse,overhead/update_effectiveness/work,32,32,32,0
d14-s7-s0-b72acf7ac59942dab902e26fa0b2c80d,sparse,sketch/probe_grad,4192,4192,32,4096
d14-s7-s0-b72acf7ac59942dab902e26fa0b2c80d,sparse,sketch/probe_grad_cosine_prev,32,31,32,0
d14-s7-s0-b72acf7ac59942dab902e26fa0b2c80d,sparse,sketch/probe_grad_sq_norm,4192,4192,32,0
d14-s7-s0-b72acf7ac59942dab902e26fa0b2c80d,sparse,update/actual,64,64,32,0
d14-s7-s0-b72acf7ac59942dab902e26fa0b2c80d,sparse,update/direction_norm,64,64,32,0
d14-s7-s0-b72acf7ac59942dab902e26fa0b2c80d,sparse,update/loss_after,64,64,32,0
d14-s7-s0-b72acf7ac59942dab902e26fa0b2c80d,sparse,update/loss_before,64,64,32,0
d14-s7-s0-b72acf7ac59942dab902e26fa0b2c80d,sparse,update/normalized_residual,64,64,32,0
d14-s7-s0-b72acf7ac59942dab902e26fa0b2c80d,sparse,update/p1,64,64,32,0
d14-s7-s0-b72acf7ac59942dab902e26fa0b2c80d,sparse,update/p2,64,64,32,0
d14-s7-s0-b72acf7ac59942dab902e26fa0b2c80d,sparse,update/residual_p1,64,64,32,0
d14-s7-s0-b72acf7ac59942dab902e26fa0b2c80d,sparse,update/residual_p2,64,64,32,0
d14-s7-s0-b72acf7ac59942dab902e26fa0b2c80d,offline,overhead/total/attention,1,1,1,0
d14-s7-s0-b72acf7ac59942dab902e26fa0b2c80d,offline,overhead/total/grads_ready,1,1,1,0
d14-s7-s0-b72acf7ac59942dab902e26fa0b2c80d,offline,overhead/total/grads_ready/calibration,1,1,1,0
d14-s7-s0-b72acf7ac59942dab902e26fa0b2c80d,offline,overhead/total/grads_ready/periodic_scan,1,1,1,0
d14-s7-s0-b72acf7ac59942dab902e26fa0b2c80d,offline,overhead/total/lineage_checkpoint,1,1,1,0
d14-s7-s0-b72acf7ac59942dab902e26fa0b2c80d,offline,overhead/total/lineage_inventory,1,1,1,0
d14-s7-s0-b72acf7ac59942dab902e26fa0b2c80d,offline,overhead/total/microbatch_cpu_launch,1,1,1,0
d14-s7-s0-b72acf7ac59942dab902e26fa0b2c80d,offline,overhead/total/muon_reference,1,1,1,0
d14-s7-s0-b72acf7ac59942dab902e26fa0b2c80d,offline,overhead/total/noise,1,1,1,0
d14-s7-s0-b72acf7ac59942dab902e26fa0b2c80d,offline,overhead/total/probe_grad_sketch,1,1,1,0
d14-s7-s0-b72acf7ac59942dab902e26fa0b2c80d,offline,overhead/total/probes,1,1,1,0
d14-s7-s0-b72acf7ac59942dab902e26fa0b2c80d,offline,overhead/total/shadow_acceptance,1,1,1,0
d14-s7-s0-b72acf7ac59942dab902e26fa0b2c80d,offline,overhead/total/step_end_emit,1,1,1,0
d14-s7-s0-b72acf7ac59942dab902e26fa0b2c80d,offline,overhead/total/theta_snapshot,1,1,1,0
d14-s7-s0-b72acf7ac59942dab902e26fa0b2c80d,offline,overhead/total/update_effectiveness,1,1,1,0
d16-s7-s0-8e0a39fc8f164343bd01ef6b915e849f,continuous,batch/bos_count,5376,5376,5376,0
d16-s7-s0-8e0a39fc8f164343bd01ef6b915e849f,continuous,batch/mean_segment_length,5376,5376,5376,0
d16-s7-s0-8e0a39fc8f164343bd01ef6b915e849f,continuous,batch/micro_batches,5376,5376,5376,0
d16-s7-s0-8e0a39fc8f164343bd01ef6b915e849f,continuous,batch/segments_per_row_max,5376,5376,5376,0
d16-s7-s0-8e0a39fc8f164343bd01ef6b915e849f,continuous,batch/segments_per_row_mean,5376,5376,5376,0
d16-s7-s0-8e0a39fc8f164343bd01ef6b915e849f,continuous,batch/valid_targets,5376,5376,5376,0
d16-s7-s0-8e0a39fc8f164343bd01ef6b915e849f,continuous,grad/finite,57,57,57,0
d16-s7-s0-8e0a39fc8f164343bd01ef6b915e849f,continuous,loss/finite,5376,5376,5376,0
d16-s7-s0-8e0a39fc8f164343bd01ef6b915e849f,continuous,loss/train_mean,5376,5376,5376,0
d16-s7-s0-8e0a39fc8f164343bd01ef6b915e849f,continuous,mem/alloc_end_bytes,5376,5376,5376,0
d16-s7-s0-8e0a39fc8f164343bd01ef6b915e849f,continuous,mem/alloc_start_bytes,5376,5376,5376,0
d16-s7-s0-8e0a39fc8f164343bd01ef6b915e849f,continuous,mem/cuda_peak_absolute,5376,5376,5376,0
d16-s7-s0-8e0a39fc8f164343bd01ef6b915e849f,continuous,optim/beta1,32256,32256,5376,0
d16-s7-s0-8e0a39fc8f164343bd01ef6b915e849f,continuous,optim/beta2,53760,53760,5376,0
d16-s7-s0-8e0a39fc8f164343bd01ef6b915e849f,continuous,optim/eps,32256,32256,5376,0
d16-s7-s0-8e0a39fc8f164343bd01ef6b915e849f,continuous,optim/lr,53760,53760,5376,0
d16-s7-s0-8e0a39fc8f164343bd01ef6b915e849f,continuous,optim/lr_eff,21504,21504,5376,0
d16-s7-s0-8e0a39fc8f164343bd01ef6b915e849f,continuous,optim/momentum,21504,21504,5376,0
d16-s7-s0-8e0a39fc8f164343bd01ef6b915e849f,continuous,optim/ns_steps,21504,21504,5376,0
d16-s7-s0-8e0a39fc8f164343bd01ef6b915e849f,continuous,optim/weight_decay,53760,53760,5376,0
d16-s7-s0-8e0a39fc8f164343bd01ef6b915e849f,continuous,overhead/grads_ready,5376,5376,5376,0
d16-s7-s0-8e0a39fc8f164343bd01ef6b915e849f,continuous,overhead/microbatch_cpu_launch,5376,5376,5376,0
d16-s7-s0-8e0a39fc8f164343bd01ef6b915e849f,continuous,overhead/microbatch_cpu_launch/work,5376,5376,5376,0
d16-s7-s0-8e0a39fc8f164343bd01ef6b915e849f,continuous,overhead/step_end_emit,5376,5376,5376,0
d16-s7-s0-8e0a39fc8f164343bd01ef6b915e849f,continuous,scalars/backout_lambda,5376,5376,5376,0
d16-s7-s0-8e0a39fc8f164343bd01ef6b915e849f,continuous,scalars/resid_lambdas,5376,5376,5376,16
d16-s7-s0-8e0a39fc8f164343bd01ef6b915e849f,continuous,scalars/smear_lambda,5376,5376,5376,0
d16-s7-s0-8e0a39fc8f164343bd01ef6b915e849f,continuous,scalars/x0_lambdas,5376,5376,5376,16
d16-s7-s0-8e0a39fc8f164343bd01ef6b915e849f,continuous,step/dt_excl_serialized_telemetry,5376,5376,5376,0
d16-s7-s0-8e0a39fc8f164343bd01ef6b915e849f,continuous,step/loader_call_elapsed,5376,5376,5376,0
d16-s7-s0-8e0a39fc8f164343bd01ef6b915e849f,continuous,step/observed_dt,5376,5376,5376,0
d16-s7-s0-8e0a39fc8f164343bd01ef6b915e849f,continuous,step/skipped,5376,5376,5376,0
d16-s7-s0-8e0a39fc8f164343bd01ef6b915e849f,periodic,attn/n_undefined_queries/b0,75,75,25,0
d16-s7-s0-8e0a39fc8f164343bd01ef6b915e849f,periodic,attn/n_undefined_queries/b1,75,75,25,0
d16-s7-s0-8e0a39fc8f164343bd01ef6b915e849f,periodic,attn/n_undefined_queries/b2,75,75,25,0
d16-s7-s0-8e0a39fc8f164343bd01ef6b915e849f,periodic,attn/n_undefined_queries/b3,75,75,25,0
d16-s7-s0-8e0a39fc8f164343bd01ef6b915e849f,periodic,attn/per_head_mean_distance,75,75,25,8
d16-s7-s0-8e0a39fc8f164343bd01ef6b915e849f,periodic,attn/per_head_mean_distance/b0,75,75,25,8
d16-s7-s0-8e0a39fc8f164343bd01ef6b915e849f,periodic,attn/per_head_mean_distance/b1,75,75,25,8
d16-s7-s0-8e0a39fc8f164343bd01ef6b915e849f,periodic,attn/per_head_mean_distance/b2,75,75,25,8
d16-s7-s0-8e0a39fc8f164343bd01ef6b915e849f,periodic,attn/per_head_mean_distance/b3,75,75,25,8
d16-s7-s0-8e0a39fc8f164343bd01ef6b915e849f,periodic,attn/per_head_median_distance,75,75,25,8
d16-s7-s0-8e0a39fc8f164343bd01ef6b915e849f,periodic,attn/per_head_median_distance/b0,75,75,25,8
d16-s7-s0-8e0a39fc8f164343bd01ef6b915e849f,periodic,attn/per_head_median_distance/b1,75,75,25,8
d16-s7-s0-8e0a39fc8f164343bd01ef6b915e849f,periodic,attn/per_head_median_distance/b2,75,75,25,8
d16-s7-s0-8e0a39fc8f164343bd01ef6b915e849f,periodic,attn/per_head_median_distance/b3,75,75,25,8
d16-s7-s0-8e0a39fc8f164343bd01ef6b915e849f,periodic,attn/per_head_norm_entropy,75,75,25,8
d16-s7-s0-8e0a39fc8f164343bd01ef6b915e849f,periodic,attn/per_head_norm_entropy/b0,75,75,25,8
d16-s7-s0-8e0a39fc8f164343bd01ef6b915e849f,periodic,attn/per_head_norm_entropy/b1,75,75,25,8
d16-s7-s0-8e0a39fc8f164343bd01ef6b915e849f,periodic,attn/per_head_norm_entropy/b2,75,75,25,8
d16-s7-s0-8e0a39fc8f164343bd01ef6b915e849f,periodic,attn/per_head_norm_entropy/b3,75,75,25,8
d16-s7-s0-8e0a39fc8f164343bd01ef6b915e849f,periodic,attn/validation_max_abs_err,75,75,25,0
d16-s7-s0-8e0a39fc8f164343bd01ef6b915e849f,periodic,grad/max_abs,375,375,25,0
d16-s7-s0-8e0a39fc8f164343bd01ef6b915e849f,periodic,grad/nonfinite,375,375,25,0
d16-s7-s0-8e0a39fc8f164343bd01ef6b915e849f,periodic,grad/norm,3725,3725,25,0
d16-s7-s0-8e0a39fc8f164343bd01ef6b915e849f,periodic,grad/rms,3725,3725,25,0
d16-s7-s0-8e0a39fc8f164343bd01ef6b915e849f,periodic,grad/zero_fraction,375,375,25,0
d16-s7-s0-8e0a39fc8f164343bd01ef6b915e849f,periodic,muon/cautious_mask_fraction,2600,2600,25,0
d16-s7-s0-8e0a39fc8f164343bd01ef6b915e849f,periodic,muon/cos_data_decay,2600,2496,25,0
d16-s7-s0-8e0a39fc8f164343bd01ef6b915e849f,periodic,muon/cos_nesterov_final,2600,2528,25,0
d16-s7-s0-8e0a39fc8f164343bd01ef6b915e849f,periodic,muon/cos_raw_final,2600,2528,25,0
d16-s7-s0-8e0a39fc8f164343bd01ef6b915e849f,periodic,muon/cos_raw_momentum,2600,2528,25,0
d16-s7-s0-8e0a39fc8f164343bd01ef6b915e849f,periodic,muon/cos_raw_nesterov,2600,2528,25,0
d16-s7-s0-8e0a39fc8f164343bd01ef6b915e849f,periodic,muon/data_norm,2600,2600,25,0
d16-s7-s0-8e0a39fc8f164343bd01ef6b915e849f,periodic,muon/decay_norm,2600,2600,25,0
d16-s7-s0-8e0a39fc8f164343bd01ef6b915e849f,periodic,muon/factored_scale_dispersion,2600,2600,25,0
d16-s7-s0-8e0a39fc8f164343bd01ef6b915e849f,periodic,muon/norm_degenerate,2600,2600,25,0
d16-s7-s0-8e0a39fc8f164343bd01ef6b915e849f,periodic,muon/norm_deviation,2600,2600,25,0
d16-s7-s0-8e0a39fc8f164343bd01ef6b915e849f,periodic,muon/polar_residual,2600,2600,25,0
d16-s7-s0-8e0a39fc8f164343bd01ef6b915e849f,periodic,muon/u_final_norm_analytic,2600,2600,25,0
d16-s7-s0-8e0a39fc8f164343bd01ef6b915e849f,periodic,muon/u_final_norm_observed,2600,2600,25,0
d16-s7-s0-8e0a39fc8f164343bd01ef6b915e849f,periodic,noise/b_noise,25,24,25,0
d16-s7-s0-8e0a39fc8f164343bd01ef6b915e849f,periodic,noise/mean_grad_norm,3725,3725,25,0
d16-s7-s0-8e0a39fc8f164343bd01ef6b915e849f,periodic,noise/pairwise_cosines,25,25,25,28
d16-s7-s0-8e0a39fc8f164343bd01ef6b915e849f,periodic,noise/per_sub_sq_norm,25,25,25,8
d16-s7-s0-8e0a39fc8f164343bd01ef6b915e849f,periodic,noise/row_trace,25,25,25,0
d16-s7-s0-8e0a39fc8f164343bd01ef6b915e849f,periodic,noise/s2,25,25,25,0
d16-s7-s0-8e0a39fc8f164343bd01ef6b915e849f,periodic,noise/signal_raw,25,25,25,0
d16-s7-s0-8e0a39fc8f164343bd01ef6b915e849f,periodic,optim/adamw_m_norm,1095,1080,25,0
d16-s7-s0-8e0a39fc8f164343bd01ef6b915e849f,periodic,optim/adamw_m_rms,1095,1080,25,0
d16-s7-s0-8e0a39fc8f164343bd01ef6b915e849f,periodic,optim/adamw_v_norm,1095,1080,25,0
d16-s7-s0-8e0a39fc8f164343bd01ef6b915e849f,periodic,optim/adamw_v_rms,1095,1080,25,0
d16-s7-s0-8e0a39fc8f164343bd01ef6b915e849f,periodic,optim/muon_momentum_norm,2600,2496,25,0
d16-s7-s0-8e0a39fc8f164343bd01ef6b915e849f,periodic,optim/muon_momentum_rms,2600,2496,25,0
d16-s7-s0-8e0a39fc8f164343bd01ef6b915e849f,periodic,optim/muon_second_momentum_mean,2600,2496,25,0
d16-s7-s0-8e0a39fc8f164343bd01ef6b915e849f,periodic,optim/muon_second_momentum_norm,2600,2496,25,0
d16-s7-s0-8e0a39fc8f164343bd01ef6b915e849f,periodic,optim/muon_second_momentum_rms,2600,2496,25,0
d16-s7-s0-8e0a39fc8f164343bd01ef6b915e849f,periodic,overhead/attention,25,25,25,0
d16-s7-s0-8e0a39fc8f164343bd01ef6b915e849f,periodic,overhead/attention/work,25,25,25,0
d16-s7-s0-8e0a39fc8f164343bd01ef6b915e849f,periodic,overhead/grads_ready/periodic_scan,25,25,25,0
d16-s7-s0-8e0a39fc8f164343bd01ef6b915e849f,periodic,overhead/grads_ready/periodic_scan/work,25,25,25,0
d16-s7-s0-8e0a39fc8f164343bd01ef6b915e849f,periodic,overhead/noise,25,25,25,0
d16-s7-s0-8e0a39fc8f164343bd01ef6b915e849f,periodic,overhead/noise/work,25,25,25,0
d16-s7-s0-8e0a39fc8f164343bd01ef6b915e849f,periodic,overhead/probes,25,25,25,0
d16-s7-s0-8e0a39fc8f164343bd01ef6b915e849f,periodic,overhead/probes/work,25,25,25,0
d16-s7-s0-8e0a39fc8f164343bd01ef6b915e849f,periodic,param/norm,3725,3725,25,0
d16-s7-s0-8e0a39fc8f164343bd01ef6b915e849f,periodic,param/rms,3725,3725,25,0
d16-s7-s0-8e0a39fc8f164343bd01ef6b915e849f,periodic,probe/attn_out_norm,800,800,25,0
d16-s7-s0-8e0a39fc8f164343bd01ef6b915e849f,periodic,probe/attn_out_stats_mean,800,800,25,0
d16-s7-s0-8e0a39fc8f164343bd01ef6b915e849f,periodic,probe/attn_out_stats_quantiles,800,800,25,7
d16-s7-s0-8e0a39fc8f164343bd01ef6b915e849f,periodic,probe/attn_out_stats_rms,800,800,25,0
d16-s7-s0-8e0a39fc8f164343bd01ef6b915e849f,periodic,probe/attn_out_stats_std,800,800,25,0
d16-s7-s0-8e0a39fc8f164343bd01ef6b915e849f,periodic,probe/attn_residual_ratio,800,800,25,0
d16-s7-s0-8e0a39fc8f164343bd01ef6b915e849f,periodic,probe/backout_contribution_ratio,50,50,25,0
d16-s7-s0-8e0a39fc8f164343bd01ef6b915e849f,periodic,probe/backout_term_norm,50,50,25,0
d16-s7-s0-8e0a39fc8f164343bd01ef6b915e849f,periodic,probe/block_in_stats_mean,800,800,25,0
d16-s7-s0-8e0a39fc8f164343bd01ef6b915e849f,periodic,probe/block_in_stats_quantiles,800,800,25,7
d16-s7-s0-8e0a39fc8f164343bd01ef6b915e849f,periodic,probe/block_in_stats_rms,800,800,25,0
d16-s7-s0-8e0a39fc8f164343bd01ef6b915e849f,periodic,probe/block_in_stats_std,800,800,25,0
d16-s7-s0-8e0a39fc8f164343bd01ef6b915e849f,periodic,probe/c_proj_in_norm,800,800,25,0
d16-s7-s0-8e0a39fc8f164343bd01ef6b915e849f,periodic,probe/c_proj_in_stats_mean,800,800,25,0
d16-s7-s0-8e0a39fc8f164343bd01ef6b915e849f,periodic,probe/c_proj_in_stats_quantiles,800,800,25,7
d16-s7-s0-8e0a39fc8f164343bd01ef6b915e849f,periodic,probe/c_proj_in_stats_rms,800,800,25,0
d16-s7-s0-8e0a39fc8f164343bd01ef6b915e849f,periodic,probe/c_proj_in_stats_std,800,800,25,0
d16-s7-s0-8e0a39fc8f164343bd01ef6b915e849f,periodic,probe/content_loss_sums,50,50,25,40
d16-s7-s0-8e0a39fc8f164343bd01ef6b915e849f,periodic,probe/logit_entropy_mean,50,50,25,0
d16-s7-s0-8e0a39fc8f164343bd01ef6b915e849f,periodic,probe/logit_lse_mean,50,50,25,0
d16-s7-s0-8e0a39fc8f164343bd01ef6b915e849f,periodic,probe/logit_margin_mean,50,50,25,0
d16-s7-s0-8e0a39fc8f164343bd01ef6b915e849f,periodic,probe/logit_max_postcap,50,50,25,0
d16-s7-s0-8e0a39fc8f164343bd01ef6b915e849f,periodic,probe/logit_max_precap,50,50,25,0
d16-s7-s0-8e0a39fc8f164343bd01ef6b915e849f,periodic,probe/logit_saturation_fraction,50,50,25,0
d16-s7-s0-8e0a39fc8f164343bd01ef6b915e849f,periodic,probe/logit_softcap_equiv_err,50,50,25,0
d16-s7-s0-8e0a39fc8f164343bd01ef6b915e849f,periodic,probe/logit_z_loss,50,50,25,0
d16-s7-s0-8e0a39fc8f164343bd01ef6b915e849f,periodic,probe/loss,50,50,25,0
d16-s7-s0-8e0a39fc8f164343bd01ef6b915e849f,periodic,probe/mlp_out_norm,800,800,25,0
d16-s7-s0-8e0a39fc8f164343bd01ef6b915e849f,periodic,probe/mlp_out_stats_mean,800,800,25,0
d16-s7-s0-8e0a39fc8f164343bd01ef6b915e849f,periodic,probe/mlp_out_stats_quantiles,800,800,25,7
d16-s7-s0-8e0a39fc8f164343bd01ef6b915e849f,periodic,probe/mlp_out_stats_rms,800,800,25,0
d16-s7-s0-8e0a39fc8f164343bd01ef6b915e849f,periodic,probe/mlp_out_stats_std,800,800,25,0
d16-s7-s0-8e0a39fc8f164343bd01ef6b915e849f,periodic,probe/mlp_residual_ratio,800,800,25,0
d16-s7-s0-8e0a39fc8f164343bd01ef6b915e849f,periodic,probe/n_segments,50,50,25,16
d16-s7-s0-8e0a39fc8f164343bd01ef6b915e849f,periodic,probe/per_row_loss,50,50,25,16
d16-s7-s0-8e0a39fc8f164343bd01ef6b915e849f,periodic,probe/per_token_loss,50,50,25,32768
d16-s7-s0-8e0a39fc8f164343bd01ef6b915e849f,periodic,probe/relu2_sparsity,800,800,25,0
d16-s7-s0-8e0a39fc8f164343bd01ef6b915e849f,periodic,probe/relu2_tail_quantiles,800,800,25,3
d16-s7-s0-8e0a39fc8f164343bd01ef6b915e849f,periodic,probe/resid_contribution_ratio,800,800,25,0
d16-s7-s0-8e0a39fc8f164343bd01ef6b915e849f,periodic,probe/resid_term_norm,800,800,25,0
d16-s7-s0-8e0a39fc8f164343bd01ef6b915e849f,periodic,probe/residual_mix_equiv_err,800,800,25,0
d16-s7-s0-8e0a39fc8f164343bd01ef6b915e849f,periodic,probe/segment_lengths,50,50,25,40
d16-s7-s0-8e0a39fc8f164343bd01ef6b915e849f,periodic,probe/transition_loss_sum,50,50,25,16
d16-s7-s0-8e0a39fc8f164343bd01ef6b915e849f,periodic,probe/ve_contribution_ratio,400,400,25,0
d16-s7-s0-8e0a39fc8f164343bd01ef6b915e849f,periodic,probe/ve_gate_mean,400,400,25,0
d16-s7-s0-8e0a39fc8f164343bd01ef6b915e849f,periodic,probe/ve_gate_quantiles,400,400,25,7
d16-s7-s0-8e0a39fc8f164343bd01ef6b915e849f,periodic,probe/ve_gate_rms,400,400,25,0
d16-s7-s0-8e0a39fc8f164343bd01ef6b915e849f,periodic,probe/ve_gate_std,400,400,25,0
d16-s7-s0-8e0a39fc8f164343bd01ef6b915e849f,periodic,probe/x0_contribution_ratio,800,800,25,0
d16-s7-s0-8e0a39fc8f164343bd01ef6b915e849f,periodic,probe/x0_term_norm,800,800,25,0
d16-s7-s0-8e0a39fc8f164343bd01ef6b915e849f,periodic,sketch/grad,3725,3725,25,4096
d16-s7-s0-8e0a39fc8f164343bd01ef6b915e849f,periodic,sketch/grad_cosine_prev,25,24,25,0
d16-s7-s0-8e0a39fc8f164343bd01ef6b915e849f,periodic,sketch/grad_sq_norm,3725,3725,25,0
d16-s7-s0-8e0a39fc8f164343bd01ef6b915e849f,sparse,calib/grad_cosine_prev,33,32,33,0
d16-s7-s0-8e0a39fc8f164343bd01ef6b915e849f,sparse,calib/grad_norm,33,33,33,0
d16-s7-s0-8e0a39fc8f164343bd01ef6b915e849f,sparse,curvature/Hg_norm,66,66,33,0
d16-s7-s0-8e0a39fc8f164343bd01ef6b915e849f,sparse,curvature/arith_eps,66,66,33,0
d16-s7-s0-8e0a39fc8f164343bd01ef6b915e849f,sparse,curvature/c_fd_gradient,66,66,33,0
d16-s7-s0-8e0a39fc8f164343bd01ef6b915e849f,sparse,curvature/c_fd_random,66,66,33,0
d16-s7-s0-8e0a39fc8f164343bd01ef6b915e849f,sparse,curvature/c_fd_update,66,66,33,0
d16-s7-s0-8e0a39fc8f164343bd01ef6b915e849f,sparse,curvature/curv_eps_gradient,66,66,33,0
d16-s7-s0-8e0a39fc8f164343bd01ef6b915e849f,sparse,curvature/curv_eps_random,66,66,33,0
d16-s7-s0-8e0a39fc8f164343bd01ef6b915e849f,sparse,curvature/curv_eps_update,66,66,33,0
d16-s7-s0-8e0a39fc8f164343bd01ef6b915e849f,sparse,curvature/curv_floor_gradient,66,66,33,0
d16-s7-s0-8e0a39fc8f164343bd01ef6b915e849f,sparse,curvature/curv_floor_random,66,66,33,0
d16-s7-s0-8e0a39fc8f164343bd01ef6b915e849f,sparse,curvature/curv_floor_update,66,66,33,0
d16-s7-s0-8e0a39fc8f164343bd01ef6b915e849f,sparse,curvature/curv_snr_gradient,66,66,33,0
d16-s7-s0-8e0a39fc8f164343bd01ef6b915e849f,sparse,curvature/curv_snr_random,66,66,33,0
d16-s7-s0-8e0a39fc8f164343bd01ef6b915e849f,sparse,curvature/curv_snr_update,66,66,33,0
d16-s7-s0-8e0a39fc8f164343bd01ef6b915e849f,sparse,curvature/dhd,66,66,33,0
d16-s7-s0-8e0a39fc8f164343bd01ef6b915e849f,sparse,curvature/e_curv_gradient,66,29,33,0
d16-s7-s0-8e0a39fc8f164343bd01ef6b915e849f,sparse,curvature/e_curv_random,66,0,33,0
d16-s7-s0-8e0a39fc8f164343bd01ef6b915e849f,sparse,curvature/e_curv_update,66,0,33,0
d16-s7-s0-8e0a39fc8f164343bd01ef6b915e849f,sparse,curvature/e_fd_gradient,66,33,33,0
d16-s7-s0-8e0a39fc8f164343bd01ef6b915e849f,sparse,curvature/e_fd_random,66,1,33,0
d16-s7-s0-8e0a39fc8f164343bd01ef6b915e849f,sparse,curvature/e_fd_update,66,0,33,0
d16-s7-s0-8e0a39fc8f164343bd01ef6b915e849f,sparse,curvature/e_lin_gradient,66,66,33,0
d16-s7-s0-8e0a39fc8f164343bd01ef6b915e849f,sparse,curvature/e_lin_random,66,66,33,0
d16-s7-s0-8e0a39fc8f164343bd01ef6b915e849f,sparse,curvature/e_lin_update,66,66,33,0
d16-s7-s0-8e0a39fc8f164343bd01ef6b915e849f,sparse,curvature/e_sym_gradient,66,66,33,0
d16-s7-s0-8e0a39fc8f164343bd01ef6b915e849f,sparse,curvature/e_sym_random,66,66,33,0
d16-s7-s0-8e0a39fc8f164343bd01ef6b915e849f,sparse,curvature/e_sym_update,66,66,33,0
d16-s7-s0-8e0a39fc8f164343bd01ef6b915e849f,sparse,curvature/eta_star,66,61,33,0
d16-s7-s0-8e0a39fc8f164343bd01ef6b915e849f,sparse,curvature/eta_star_rho,66,66,33,0
d16-s7-s0-8e0a39fc8f164343bd01ef6b915e849f,sparse,curvature/eta_star_rho_threshold,66,66,33,0
d16-s7-s0-8e0a39fc8f164343bd01ef6b915e849f,sparse,curvature/fd_conclusive_gradient,66,66,33,0
d16-s7-s0-8e0a39fc8f164343bd01ef6b915e849f,sparse,curvature/fd_conclusive_random,66,66,33,0
d16-s7-s0-8e0a39fc8f164343bd01ef6b915e849f,sparse,curvature/fd_conclusive_update,66,66,33,0
d16-s7-s0-8e0a39fc8f164343bd01ef6b915e849f,sparse,curvature/fd_cos_gradient,66,33,33,0
d16-s7-s0-8e0a39fc8f164343bd01ef6b915e849f,sparse,curvature/fd_cos_random,66,1,33,0
d16-s7-s0-8e0a39fc8f164343bd01ef6b915e849f,sparse,curvature/fd_cos_update,66,0,33,0
d16-s7-s0-8e0a39fc8f164343bd01ef6b915e849f,sparse,curvature/fd_eps_gradient,66,66,33,0
d16-s7-s0-8e0a39fc8f164343bd01ef6b915e849f,sparse,curvature/fd_eps_random,66,66,33,0
d16-s7-s0-8e0a39fc8f164343bd01ef6b915e849f,sparse,curvature/fd_eps_update,66,66,33,0
d16-s7-s0-8e0a39fc8f164343bd01ef6b915e849f,sparse,curvature/fd_floor_gradient,66,66,33,0
d16-s7-s0-8e0a39fc8f164343bd01ef6b915e849f,sparse,curvature/fd_floor_random,66,66,33,0
d16-s7-s0-8e0a39fc8f164343bd01ef6b915e849f,sparse,curvature/fd_floor_update,66,66,33,0
d16-s7-s0-8e0a39fc8f164343bd01ef6b915e849f,sparse,curvature/fd_snr_gradient,66,66,33,0
d16-s7-s0-8e0a39fc8f164343bd01ef6b915e849f,sparse,curvature/fd_snr_random,66,66,33,0
d16-s7-s0-8e0a39fc8f164343bd01ef6b915e849f,sparse,curvature/fd_snr_update,66,66,33,0
d16-s7-s0-8e0a39fc8f164343bd01ef6b915e849f,sparse,curvature/fd_sweep_conclusive_gradient,66,66,33,6
d16-s7-s0-8e0a39fc8f164343bd01ef6b915e849f,sparse,curvature/fd_sweep_conclusive_random,66,66,33,6
d16-s7-s0-8e0a39fc8f164343bd01ef6b915e849f,sparse,curvature/fd_sweep_conclusive_update,66,66,33,6
d16-s7-s0-8e0a39fc8f164343bd01ef6b915e849f,sparse,curvature/fd_sweep_cos_gradient,66,66,33,6
d16-s7-s0-8e0a39fc8f164343bd01ef6b915e849f,sparse,curvature/fd_sweep_cos_random,66,66,33,6
d16-s7-s0-8e0a39fc8f164343bd01ef6b915e849f,sparse,curvature/fd_sweep_cos_update,66,66,33,6
d16-s7-s0-8e0a39fc8f164343bd01ef6b915e849f,sparse,curvature/fd_sweep_cos_valid_gradient,66,66,33,6
d16-s7-s0-8e0a39fc8f164343bd01ef6b915e849f,sparse,curvature/fd_sweep_cos_valid_random,66,66,33,6
d16-s7-s0-8e0a39fc8f164343bd01ef6b915e849f,sparse,curvature/fd_sweep_cos_valid_update,66,66,33,6
d16-s7-s0-8e0a39fc8f164343bd01ef6b915e849f,sparse,curvature/fd_sweep_e_fd_gradient,66,66,33,6
d16-s7-s0-8e0a39fc8f164343bd01ef6b915e849f,sparse,curvature/fd_sweep_e_fd_random,66,66,33,6
d16-s7-s0-8e0a39fc8f164343bd01ef6b915e849f,sparse,curvature/fd_sweep_e_fd_update,66,66,33,6
d16-s7-s0-8e0a39fc8f164343bd01ef6b915e849f,sparse,curvature/fd_sweep_eps_gradient,66,66,33,6
d16-s7-s0-8e0a39fc8f164343bd01ef6b915e849f,sparse,curvature/fd_sweep_eps_random,66,66,33,6
d16-s7-s0-8e0a39fc8f164343bd01ef6b915e849f,sparse,curvature/fd_sweep_eps_update,66,66,33,6
d16-s7-s0-8e0a39fc8f164343bd01ef6b915e849f,sparse,curvature/fd_sweep_floor_gradient,66,66,33,6
d16-s7-s0-8e0a39fc8f164343bd01ef6b915e849f,sparse,curvature/fd_sweep_floor_random,66,66,33,6
d16-s7-s0-8e0a39fc8f164343bd01ef6b915e849f,sparse,curvature/fd_sweep_floor_update,66,66,33,6
d16-s7-s0-8e0a39fc8f164343bd01ef6b915e849f,sparse,curvature/fd_sweep_snr_gradient,66,66,33,6
d16-s7-s0-8e0a39fc8f164343bd01ef6b915e849f,sparse,curvature/fd_sweep_snr_random,66,66,33,6
d16-s7-s0-8e0a39fc8f164343bd01ef6b915e849f,sparse,curvature/fd_sweep_snr_update,66,66,33,6
d16-s7-s0-8e0a39fc8f164343bd01ef6b915e849f,sparse,curvature/gHg,66,66,33,0
d16-s7-s0-8e0a39fc8f164343bd01ef6b915e849f,sparse,curvature/gg,66,66,33,0
d16-s7-s0-8e0a39fc8f164343bd01ef6b915e849f,sparse,curvature/native_verdict_code,33,33,33,0
d16-s7-s0-8e0a39fc8f164343bd01ef6b915e849f,sparse,curvature/shadow_verdict_code,33,33,33,0
d16-s7-s0-8e0a39fc8f164343bd01ef6b915e849f,sparse,curvature/sweep_c_fd_gradient,66,66,33,5
d16-s7-s0-8e0a39fc8f164343bd01ef6b915e849f,sparse,curvature/sweep_c_fd_random,66,66,33,4
d16-s7-s0-8e0a39fc8f164343bd01ef6b915e849f,sparse,curvature/sweep_c_fd_update,66,66,33,4
d16-s7-s0-8e0a39fc8f164343bd01ef6b915e849f,sparse,curvature/sweep_e_curv_gradient,66,66,33,5
d16-s7-s0-8e0a39fc8f164343bd01ef6b915e849f,sparse,curvature/sweep_e_curv_random,66,66,33,4
d16-s7-s0-8e0a39fc8f164343bd01ef6b915e849f,sparse,curvature/sweep_e_curv_update,66,66,33,4
d16-s7-s0-8e0a39fc8f164343bd01ef6b915e849f,sparse,curvature/sweep_eps_gradient,66,66,33,5
d16-s7-s0-8e0a39fc8f164343bd01ef6b915e849f,sparse,curvature/sweep_eps_random,66,66,33,4
d16-s7-s0-8e0a39fc8f164343bd01ef6b915e849f,sparse,curvature/sweep_eps_update,66,66,33,4
d16-s7-s0-8e0a39fc8f164343bd01ef6b915e849f,sparse,curvature/sweep_floor_gradient,66,66,33,5
d16-s7-s0-8e0a39fc8f164343bd01ef6b915e849f,sparse,curvature/sweep_floor_random,66,66,33,4
d16-s7-s0-8e0a39fc8f164343bd01ef6b915e849f,sparse,curvature/sweep_floor_update,66,66,33,4
d16-s7-s0-8e0a39fc8f164343bd01ef6b915e849f,sparse,curvature/sweep_snr_gradient,66,66,33,5
d16-s7-s0-8e0a39fc8f164343bd01ef6b915e849f,sparse,curvature/sweep_snr_random,66,66,33,4
d16-s7-s0-8e0a39fc8f164343bd01ef6b915e849f,sparse,curvature/sweep_snr_update,66,66,33,4
d16-s7-s0-8e0a39fc8f164343bd01ef6b915e849f,sparse,curvature/verdict_code_gradient,66,66,33,0
d16-s7-s0-8e0a39fc8f164343bd01ef6b915e849f,sparse,curvature/verdict_code_random,66,66,33,0
d16-s7-s0-8e0a39fc8f164343bd01ef6b915e849f,sparse,curvature/verdict_code_update,66,66,33,0
d16-s7-s0-8e0a39fc8f164343bd01ef6b915e849f,sparse,curvature/vhv_gradient,66,66,33,0
d16-s7-s0-8e0a39fc8f164343bd01ef6b915e849f,sparse,curvature/vhv_random,66,66,33,0
d16-s7-s0-8e0a39fc8f164343bd01ef6b915e849f,sparse,curvature/vhv_update,66,66,33,0
d16-s7-s0-8e0a39fc8f164343bd01ef6b915e849f,sparse,muon/replay_update_relerr,3432,3432,33,0
d16-s7-s0-8e0a39fc8f164343bd01ef6b915e849f,sparse,overhead/grads_ready/calibration,33,33,33,0
d16-s7-s0-8e0a39fc8f164343bd01ef6b915e849f,sparse,overhead/grads_ready/calibration/work,33,33,33,0
d16-s7-s0-8e0a39fc8f164343bd01ef6b915e849f,sparse,overhead/lineage_checkpoint,3,3,3,0
d16-s7-s0-8e0a39fc8f164343bd01ef6b915e849f,sparse,overhead/muon_reference,33,33,33,0
d16-s7-s0-8e0a39fc8f164343bd01ef6b915e849f,sparse,overhead/muon_reference/work,33,33,33,0
d16-s7-s0-8e0a39fc8f164343bd01ef6b915e849f,sparse,overhead/probe_grad_sketch,33,33,33,0
d16-s7-s0-8e0a39fc8f164343bd01ef6b915e849f,sparse,overhead/probe_grad_sketch/work,33,33,33,0
d16-s7-s0-8e0a39fc8f164343bd01ef6b915e849f,sparse,overhead/shadow_acceptance,33,33,33,0
d16-s7-s0-8e0a39fc8f164343bd01ef6b915e849f,sparse,overhead/theta_snapshot,33,33,33,0
d16-s7-s0-8e0a39fc8f164343bd01ef6b915e849f,sparse,overhead/theta_snapshot/work,33,33,33,0
d16-s7-s0-8e0a39fc8f164343bd01ef6b915e849f,sparse,overhead/update_effectiveness,33,33,33,0
d16-s7-s0-8e0a39fc8f164343bd01ef6b915e849f,sparse,overhead/update_effectiveness/work,33,33,33,0
d16-s7-s0-8e0a39fc8f164343bd01ef6b915e849f,sparse,sketch/probe_grad,4917,4917,33,4096
d16-s7-s0-8e0a39fc8f164343bd01ef6b915e849f,sparse,sketch/probe_grad_cosine_prev,33,32,33,0
d16-s7-s0-8e0a39fc8f164343bd01ef6b915e849f,sparse,sketch/probe_grad_sq_norm,4917,4917,33,0
d16-s7-s0-8e0a39fc8f164343bd01ef6b915e849f,sparse,update/actual,66,66,33,0
d16-s7-s0-8e0a39fc8f164343bd01ef6b915e849f,sparse,update/direction_norm,66,66,33,0
d16-s7-s0-8e0a39fc8f164343bd01ef6b915e849f,sparse,update/loss_after,66,66,33,0
d16-s7-s0-8e0a39fc8f164343bd01ef6b915e849f,sparse,update/loss_before,66,66,33,0
d16-s7-s0-8e0a39fc8f164343bd01ef6b915e849f,sparse,update/normalized_residual,66,66,33,0
d16-s7-s0-8e0a39fc8f164343bd01ef6b915e849f,sparse,update/p1,66,66,33,0
d16-s7-s0-8e0a39fc8f164343bd01ef6b915e849f,sparse,update/p2,66,66,33,0
d16-s7-s0-8e0a39fc8f164343bd01ef6b915e849f,sparse,update/residual_p1,66,66,33,0
d16-s7-s0-8e0a39fc8f164343bd01ef6b915e849f,sparse,update/residual_p2,66,66,33,0
d16-s7-s0-8e0a39fc8f164343bd01ef6b915e849f,offline,overhead/total/attention,1,1,1,0
d16-s7-s0-8e0a39fc8f164343bd01ef6b915e849f,offline,overhead/total/grads_ready,1,1,1,0
d16-s7-s0-8e0a39fc8f164343bd01ef6b915e849f,offline,overhead/total/grads_ready/calibration,1,1,1,0
d16-s7-s0-8e0a39fc8f164343bd01ef6b915e849f,offline,overhead/total/grads_ready/periodic_scan,1,1,1,0
d16-s7-s0-8e0a39fc8f164343bd01ef6b915e849f,offline,overhead/total/lineage_checkpoint,1,1,1,0
d16-s7-s0-8e0a39fc8f164343bd01ef6b915e849f,offline,overhead/total/lineage_inventory,1,1,1,0
d16-s7-s0-8e0a39fc8f164343bd01ef6b915e849f,offline,overhead/total/microbatch_cpu_launch,1,1,1,0
d16-s7-s0-8e0a39fc8f164343bd01ef6b915e849f,offline,overhead/total/muon_reference,1,1,1,0
d16-s7-s0-8e0a39fc8f164343bd01ef6b915e849f,offline,overhead/total/noise,1,1,1,0
d16-s7-s0-8e0a39fc8f164343bd01ef6b915e849f,offline,overhead/total/probe_grad_sketch,1,1,1,0
d16-s7-s0-8e0a39fc8f164343bd01ef6b915e849f,offline,overhead/total/probes,1,1,1,0
d16-s7-s0-8e0a39fc8f164343bd01ef6b915e849f,offline,overhead/total/shadow_acceptance,1,1,1,0
d16-s7-s0-8e0a39fc8f164343bd01ef6b915e849f,offline,overhead/total/step_end_emit,1,1,1,0
d16-s7-s0-8e0a39fc8f164343bd01ef6b915e849f,offline,overhead/total/theta_snapshot,1,1,1,0
d16-s7-s0-8e0a39fc8f164343bd01ef6b915e849f,offline,overhead/total/update_effectiveness,1,1,1,0
