run,arm,step,progress,p1,p2,actual,residual_p1,residual_p2,normalized_residual,direction_norm,loss_before,loss_after,c_gg,c_gHg,c_dhd,c_eta_star,c_Hg_norm,c_verdict_code_gradient,c_verdict_code_update,c_eta_star_rho
d12-s10,native,1,0.0003968253968253968,-0.03626688372622468,-0.03615609857911551,-0.036040306091308594,0.00022657763491608363,0.00011579248780691637,0.003202571415539851,33.01509301282509,10.40013313293457,10.364092826843262,4.3755569244241554,-5.166755286355304e-05,0.00022157029421833978,,0.6636137079657219,2.0,2.0,-3.722081470397319e-05
d12-s10,native,2,0.0007936507936507937,-0.0686522721586712,-0.0695639404988661,-0.06911945343017578,-0.0004671812715045798,0.0004444870686903246,0.006389618895979157,51.744372260914595,10.364092826843262,10.294973373413086,4.377422895507482,-0.0013683522327575188,-0.0018233366803898064,,0.6834548629303285,2.0,2.0,-0.0009569270135526692
d12-s10,native,3,0.0011904761904761906,-0.10587819692974498,-0.11036866506483836,-0.10877609252929688,-0.002897895599551892,0.0015925725355414866,0.014429571424152831,69.80846009257756,10.294973373413086,10.186197280883789,4.4018940692046895,-0.014054321138397816,-0.008980936270186753,,0.7618867641928795,2.0,2.0,-0.008792242347795414
d12-s10,native,5,0.001984126984126984,-0.2383481166977047,-0.2660710148399798,-0.26909828186035156,-0.030750165162646864,-0.00302726702037176,-0.011249670564387916,127.03805160247398,10.016469955444336,9.747371673583984,4.674848772933978,-0.34234334797516947,-0.05544579628455021,,1.3316560226530776,2.0,2.0,-0.11890114936356387
d12-s10,native,9,0.0035714285714285713,-0.7278983688135974,-0.41634521030319116,-0.2895336151123047,0.4383647537012927,0.12681159519088647,0.3045828126581297,273.9383839696559,7.622768402099609,7.333234786987305,16.93691842180027,102.51178753023598,0.6231063170208124,0.16521922824538307,68.70878359573886,2.0,2.0,0.3625303319522645
d12-s10,native,17,0.006746031746031746,-0.12082697069221338,-0.07484056193467516,-0.07403898239135742,0.046787988300855954,0.0008015795433177347,0.010710496054497776,379.8780949645586,5.357212543487549,5.283173561096191,4.224503866724391,10.892740762716953,0.09197281751507644,0.3878274493765408,8.669590711371177,2.0,2.0,0.6112948217365891
d12-s10,native,33,0.013095238095238096,-0.11609813759162227,-0.019596608807055355,-0.03123950958251953,0.08485862800910274,-0.011642900775464177,-0.37269793703736986,598.542520937232,4.849823951721191,4.818584442138672,3.212576079412515,4.278956722175672,0.19300305756913383,0.7507848964125661,4.219609035998251,2.0,2.0,0.5657687681994455
d12-s10,native,41,0.01626984126984127,-0.2232488375218486,-0.13135802567580207,-0.13825178146362305,0.08499705605822555,-0.0068937557878209765,-0.04986377545981112,736.2239233396973,4.631906032562256,4.493654251098633,3.335571278967913,5.311940092519334,0.18378162369209303,0.6279384219082799,4.650780843084519,2.0,2.0,0.6253773973204694
d12-s10,native,65,0.025793650793650792,-0.18580756225411935,-0.07080941762122234,-0.07698464393615723,0.10882291831796212,-0.00617522631493489,-0.08021374132815315,842.0556939841994,3.962825298309326,3.885840654373169,2.907773041374309,6.558159541332279,0.22999628926579402,0.44338247995467334,5.665640434073728,2.0,2.0,0.6788170090453199
d12-s10,native,127,0.0503968253968254,-0.18492801935938424,-0.028379404442867517,-0.04610586166381836,0.13882215769556588,-0.017726457220950842,-0.38447296246632573,1190.3855334492346,2.9654247760772705,2.919318914413452,2.7812172877544508,5.087398917090548,0.31309722983303345,0.5466874788236602,6.059513409487663,2.0,2.0,0.5034317272833521
d12-s10,native,253,0.1003968253968254,-0.21787025714348304,-0.08870666843952432,-0.10194706916809082,0.11592318797539222,-0.013240400728566498,-0.12987524640591347,794.6908426653374,2.521078109741211,2.41913104057312,4.407090793672344,9.440204198772157,0.25832717740791744,0.4668427399319978,10.661301528770693,2.0,2.0,0.4217889162000114
d12-s10,native,379,0.1503968253968254,-0.1109744322992009,0.004973937525009797,-0.003788471221923828,0.10718596107727707,-0.008762408746933625,-1.7616644163451503,749.0769041199469,2.227818489074707,2.224030017852783,4.10389434384636,8.199351929509183,0.2318967396484214,0.5005144771352705,10.604080192250168,2.0,2.0,0.3816879404210096
d12-s10,native,401,0.15912698412698412,0.017274916669734408,0.0848720785037491,0.07945585250854492,0.062180935838810514,-0.00541622599520418,-0.06381634679731481,748.7409429353277,2.128342628479004,2.207798480987549,4.291982089991216,4.778308124195366,0.1351943236680294,0.8982221276728478,7.501590114784807,2.0,2.0,0.3074622989237392
d12-s10,native,505,0.2003968253968254,-0.0030041231947409465,0.043004654539509024,0.038826942443847656,0.0418310656385886,-0.004177712095661368,-0.09714557971447581,729.2848664317095,2.0116026401519775,2.050429582595825,3.296846601457518,3.5876285603524702,0.09201755546849995,0.9189486999550521,5.401949089507279,2.0,2.0,0.36576960694368127
d12-s10,native,631,0.2503968253968254,-0.04084691587346805,0.016136960728161863,0.010935544967651367,0.05178246084111942,-0.005201415760510496,-0.3223293312868452,727.6825337464501,1.9596918821334839,1.9706274271011353,3.6808387972233323,6.620768003039378,0.11396775320325983,0.5559534476262542,7.786283151702257,2.0,2.0,0.44320512957942115
d12-s10,native,757,0.3003968253968254,-0.06239354582207401,0.009134032372816604,0.008867025375366211,0.07126057119744023,-0.0002670069974503933,-0.02923210544392433,741.2551938053374,1.8907623291015625,1.8996293544769287,4.274094555226121,8.305582895327838,0.14305515638978122,0.5146050083529283,8.248668971359606,2.0,2.0,0.4870394934266745
d12-s10,native,883,0.3503968253968254,-0.05857711487368365,0.001373980742477146,0.0024285316467285156,0.06100564652041217,0.0010545509042513695,0.43423395600875087,757.192647622206,1.896697998046875,1.8991265296936035,5.2127496972245035,20.1001249098074,0.1199021912323216,0.25933916931436884,16.396213548489605,2.0,2.0,0.5369350495858589
d12-s10,native,1009,0.4003968253968254,-0.05813960418122281,-0.0047754339452794475,-0.0046471357345581055,0.05349246844666471,0.00012829821072134207,0.02686629365864558,705.2421302457509,1.8245192766189575,1.8198721408843994,6.574254005089939,49.97739443453922,0.10672834047188673,0.13154455288182235,32.523836456147556,2.0,2.0,0.5993059674477725
d12-s10,native,1135,0.4503968253968254,-0.004854848049165161,0.03009181811763701,0.03110349178314209,0.03595833983230725,0.0010116736655050793,0.03252604796138678,650.0120580863005,1.7905032634735107,1.8216067552566528,5.930243618093077,22.512611370075533,0.06989333233360434,0.2634187354193722,18.03130419779719,2.0,2.0,0.5126989956234357
d12-s10,native,1261,0.5003968253968254,-0.025122444943967905,0.004560860867205967,0.0035773515701293945,0.0286997965140973,-0.0009835092970765721,-0.21564115321919056,599.8446271621291,1.6882390975952148,1.6918164491653442,6.825303733607621,40.95393973158687,0.05936661162234774,0.1666580499541883,30.396160716947936,2.0,2.0,0.5157223623303318
d12-s10,native,1386,0.55,-0.02539833300763528,0.0013854082307930386,0.0013812780380249023,0.026779611045660182,-4.1301927681362816e-06,-0.0029812099252305344,560.1917170644625,1.6970335245132446,1.6984148025512695,8.756927970166547,80.37905886435736,0.05356748247685664,0.10894539067624799,47.54214992573777,2.0,2.0,0.5713315547134039
d12-s10,native,1512,0.6,-0.053145336796026246,-0.024511479786858345,-0.02669703960418701,0.026448297191839235,-0.0021855598173286667,-0.08186524984537596,502.30910858338603,1.6356290578842163,1.6089320182800293,9.739862855729623,110.29929676284338,0.0572677140183358,0.088303943375736,60.86698636498944,2.0,2.0,0.5806501239220286
d12-s10,native,1638,0.65,-0.05152602688580317,-0.03448995280907329,-0.0358203649520874,0.015705661933715767,-0.0013304121430141105,-0.03714122245246923,448.1065690973753,1.6438720226287842,1.6080516576766968,10.001637377371578,98.2343167033824,0.034072148153459755,0.10181408812127668,55.344291662440725,2.0,2.0,0.5612480472282563
d12-s10,native,1764,0.7,-0.04158533998875931,-0.02765029859461103,-0.027274608612060547,0.014310731376698763,0.0003756899825504839,0.013587194411842803,393.41340875858333,1.6016550064086914,1.5743803977966309,11.271770561984047,124.38405240488905,0.027870082788296554,0.09062070534004404,65.59973993604049,2.0,2.0,0.5647633611348177
d12-s10,native,1890,0.75,0.009483904536115532,0.02003822130110188,0.017688632011413574,0.008204727475298042,-0.002349589289688307,-0.1172553818216942,342.3235178709584,1.5371640920639038,1.5548527240753174,11.53112076074174,139.16717906404028,0.0211086335299727,0.0828580476969752,75.00089045288115,2.0,2.0,0.5464301377139463
d12-s10,native,2016,0.8,-0.009949691155614128,-0.003895142606202661,-0.0046923160552978516,0.005257375100316276,-0.0007971734490951907,-0.1698891207882605,281.80517957823446,1.5168049335479736,1.5121126174926758,11.408675812171243,126.02871215852647,0.012109097098822933,0.09052441794232353,69.81539626661494,2.0,2.0,0.5344421116513239
d12-s10,native,2142,0.85,0.00925641218252565,0.011892347256377165,0.012135505676269531,0.002879093493743882,0.00024315841989236593,0.020036941712931827,224.8785269321481,1.4838871955871582,1.4960227012634277,11.51746090498337,127.02220352112113,0.005271870147703033,0.09067281613539524,71.98905954102669,2.0,2.0,0.5199178990526174
d12-s10,native,2268,0.9,0.00448382226806761,0.005715193520437519,0.00665593147277832,0.0021721092047107104,0.0009407379523408014,0.14133828693823952,163.54965348880168,1.483446478843689,1.4901024103164673,11.987031646657284,132.97010694027767,0.002462742504739818,0.09014831921614647,72.0932837333997,2.0,2.0,0.532725376125958
d12-s10,native,2394,0.95,-0.0007641255865732409,-0.0004028474563495242,-0.0004265308380126953,0.00033759474856054556,-2.3683381663171103e-05,-0.055525602260125886,100.40016357913215,1.4610817432403564,1.4606552124023438,12.841618146442478,173.7474317465331,0.0007225562604474333,0.07390968613093596,89.52626164282076,2.0,2.0,0.5415743260033613
d12-s10,native,2520,1.0,0.000905802020560552,0.0009898214400420589,0.004434108734130859,0.003528306713570307,0.0034442872940888005,0.7767710492927107,34.778090094659625,1.4257965087890625,1.4302306175231934,12.727211218198022,150.06640165540114,0.0001680388389630137,0.08481053105693595,82.31722324885682,2.0,2.0,0.5110061547156761
d12-s10,shadow_fp32,1,0.0003968253968253968,-0.03626307007757737,-0.03615297491998497,-0.036149024963378906,0.0001140451141984633,3.9499566060613445e-06,0.00010925675175565848,33.01509301282509,10.400150299072266,10.364001274108887,4.374826202399592,-6.493417645865375e-05,0.0002201903151848052,,0.6639540516875103,1.0,1.0,-4.6757890449934063e-05
d12-s10,shadow_fp32,2,0.0007936507936507937,-0.0686489165029435,-0.06957975867028893,-0.06957149505615234,-0.0009225785532088471,8.263614136583275e-06,0.00011876462773809389,51.744372260914595,10.364001274108887,10.294429779052734,4.375663723781543,-0.0014420401225345588,-0.001861684334690872,,0.6835019198939813,1.0,1.0,-0.0010085922717832923
d12-s10,shadow_fp32,3,0.0011904761904761906,-0.10619175745154666,-0.11080921230649914,-0.11085700988769531,-0.004665252436148654,-4.779758119617672e-05,-0.0004311642650708195,69.80846009257756,10.294429779052734,10.183572769165039,4.4021508013406425,-0.014771101253577557,-0.009234909709904943,,0.7649087704647695,1.0,1.0,-0.009203876375685309
d12-s10,shadow_fp32,5,0.001984126984126984,-0.24388482288357682,-0.2725167260391519,-0.2745342254638672,-0.030649402580290364,-0.0020174994247152966,-0.007348808409248157,127.03805160247398,10.008445739746094,9.733911514282227,4.7130312239232905,-0.3803510526123238,-0.05726380631115012,,1.3824559507511063,1.0,1.0,-0.12673108753248888
d12-s10,shadow_fp32,9,0.0035714285714285713,-0.7261356097780205,-0.41443590229500615,-0.2912478446960449,0.4348877650819756,0.12318805759896123,0.297242726599668,273.9383839696559,7.6240234375,7.332775592803955,16.940331803568597,103.5314640807189,0.6233994149660287,0.16362496130027648,69.00289868186978,0.0,1.0,0.3645390557933913
d12-s10,shadow_fp32,17,0.006746031746031746,-0.12074356509675234,-0.07470360361654427,-0.07426881790161133,0.04647474719514101,0.00043478571493293927,0.005820143793393245,379.8780949645586,5.357767581939697,5.283498764038086,4.22489556760056,10.896903571335585,0.09207992296041616,0.38771523854851675,8.670039438756048,0.0,1.0,0.6114684386470083
d12-s10,shadow_fp32,33,0.013095238095238096,-0.11604246151840858,-0.01956851618761428,-0.03130054473876953,0.08474191677963905,-0.011732028551155252,-0.3748186700605152,598.542520937232,4.849054336547852,4.817753791809082,3.2136100177843394,4.28474995704202,0.1929478906615886,0.7500110974977072,4.223460497118644,0.0,1.0,0.5659270599410441
d12-s10,shadow_fp32,41,0.01626984126984127,-0.22343622314030195,-0.13128335213731723,-0.13881731033325195,0.08461891280705,-0.00753395819593472,-0.05427246917440133,736.2239233396973,4.6327433586120605,4.493926048278809,3.3362248442668503,5.318757095528546,0.18430574200596947,0.6272564782233803,4.654150767698471,0.0,1.0,0.6256652764490624
d12-s10,shadow_fp32,65,0.025793650793650792,-0.18562615472929503,-0.07038472098514699,-0.07482528686523438,0.11080086786406065,-0.004440565880087385,-0.05934579159162007,842.0556939841994,3.9620227813720703,3.887197494506836,2.904110645056696,6.552773020283432,0.23048286748829608,0.44318804208040186,5.66435455995892,0.0,1.0,0.6788410792875108
d12-s10,shadow_fp32,127,0.0503968253968254,-0.1850079087762966,-0.028475779978743704,-0.04507780075073242,0.1399301080255642,-0.016602020771988718,-0.368297044121412,1190.3855334492346,2.9645745754241943,2.919496774673462,2.7841228087006606,5.121316316145139,0.3130642575951058,0.5436342215230117,6.095049412253958,0.0,1.0,0.5035703786119639
d12-s10,shadow_fp32,253,0.1003968253968254,-0.2178910732501632,-0.08831520264938977,-0.09910988807678223,0.11878118517338096,-0.010794685427392453,-0.10891633152717935,794.6908426653374,2.5201070308685303,2.420997142791748,4.435727772238425,10.016565444728364,0.2591517412015468,0.4428391944039972,11.09273332515432,0.0,1.0,0.42874376558565747
d12-s10,shadow_fp32,379,0.1503968253968254,-0.1116851115116679,0.004478538248074329,-0.0034263134002685547,0.10825879811139935,-0.007904851648342884,-1.7650517223430642,749.0769041199469,2.2273905277252197,2.223964214324951,4.108303269066729,8.102058531740804,0.23232729951948447,0.5070690680611538,10.52267758674791,0.0,1.0,0.37987250871107814
d12-s10,shadow_fp32,401,0.15912698412698412,0.017398941245242064,0.08523527640586777,0.0794985294342041,0.06209958818896204,-0.005736746971663667,-0.06730484388115081,748.7409429353277,2.1275954246520996,2.2070939540863037,4.298163776697074,4.831039950405359,0.1356726703212514,0.8896974193592473,7.54846641767993,0.0,1.0,0.30870269559625546
d12-s10,shadow_fp32,505,0.2003968253968254,-0.0027079154607079986,0.043232537496660506,0.04015684127807617,0.04286475673878417,-0.003075696218584334,-0.07114308797677943,729.2848664317095,2.0113189220428467,2.051475763320923,3.288203669862995,3.51936582211867,0.09188090591473701,0.9343171003131142,5.322554220156081,0.0,1.0,0.36464055011637625
d12-s10,shadow_fp32,631,0.2503968253968254,-0.04072750983229373,0.01615650813936051,0.012126445770263672,0.0528539556025574,-0.004030062369096837,-0.2494389464811888,727.6825337464501,1.959343671798706,1.9714701175689697,3.6938512374481354,6.798290402713363,0.11376803594330848,0.5433500216427691,7.935254481105662,0.0,2.0,0.44575800685014966
d12-s10,shadow_fp32,757,0.3003968253968254,-0.062289091822063186,0.009396749245192113,0.007614612579345703,0.06990370440140889,-0.0017821366658464094,-0.1896545943011353,741.2551938053374,1.891418218612671,1.8990328311920166,4.2894638944020365,8.38596064926851,0.1433716821345106,0.5115053687708632,8.313218509241198,0.0,1.0,0.48705960921485786
d12-s10,shadow_fp32,883,0.3503968253968254,-0.05852336026937133,0.0016133186057855561,0.0005545616149902344,0.05907792188436156,-0.0010587569907953218,-0.6562603239053283,757.192647622206,1.8969249725341797,1.89747953414917,5.223816067142883,20.297114901096695,0.12027335775031377,0.25736741860098694,16.506488957021013,0.0,1.0,0.5380042001140053
d12-s10,shadow_fp32,1009,0.4003968253968254,-0.058192053526812074,-0.004722876377179691,-0.005021333694458008,0.053170719832354066,-0.0002984573172783167,-0.059437857636850715,705.2421302457509,1.825042486190796,1.820021152496338,6.587691868771938,50.046034514712716,0.10693835429926477,0.13163264447726153,32.54033009814781,0.0,1.0,0.5992127948480611
d12-s10,shadow_fp32,1135,0.4503968253968254,-0.004782715185117508,0.03019663069263168,0.030217289924621582,0.035000005109739094,2.0659231989902244e-05,0.0006836891078398377,650.0120580863005,1.7909239530563354,1.821141242980957,5.911262477839685,22.42645955576896,0.06995869175549838,0.2635842926138146,17.971805195769043,0.0,1.0,0.5132499231458172
d12-s10,shadow_fp32,1261,0.5003968253968254,-0.02534865817556185,0.004459349241564752,0.0033752918243408203,0.02872394999990267,-0.0010840574172239319,-0.24309767154356007,599.8446271621291,1.6878962516784668,1.6912715435028076,6.848015939156545,41.738508015812144,0.0596160148342532,0.164069495166484,30.800118452060474,0.0,1.0,0.5178478204925938
d12-s10,shadow_fp32,1386,0.55,-0.02514862998262781,0.0016213634541663961,0.001796722412109375,0.026945352394737186,0.00017535895794297887,0.09759936023567782,560.1917170644625,1.696181297302246,1.6979780197143555,8.74234991502255,79.62415867130586,0.053539986873588415,0.10979519358077723,47.234996035718446,0.0,1.0,0.5701207931160742
d12-s10,shadow_fp32,1512,0.6,-0.05293901745918987,-0.024381116040558613,-0.025562644004821777,0.027376373454368094,-0.001181527964263164,-0.04622088247367124,502.30910858338603,1.634667992591858,1.6091053485870361,9.694941458398485,108.01095709977005,0.057115802837262517,0.08975887001393051,60.00367645263897,0.0,1.0,0.57811915379359
d12-s10,shadow_fp32,1638,0.65,-0.051151151737175465,-0.03407483728235642,-0.03472864627838135,0.016422505458794118,-0.000653808996024928,-0.01882621599425617,448.1065690973753,1.6443406343460083,1.609611988067627,9.994963900679046,97.84983835878039,0.03415262890963809,0.10214594186687448,55.17807092677359,0.0,1.0,0.5609226595518585
d12-s10,shadow_fp32,1764,0.7,-0.04171327586896272,-0.02780454705846736,-0.02835547924041748,0.013357796628545242,-0.0005509321819501221,-0.019429478771243323,393.41340875858333,1.6016926765441895,1.573337197303772,11.279152541356968,125.1569322477446,0.027817457620990728,0.09012007835914518,65.81122154352082,0.0,1.0,0.5662610924405455
d12-s10,shadow_fp32,1890,0.75,0.00945752190089422,0.02007525950069568,0.020315051078796387,0.010857529177902166,0.0002397915781007058,0.011803641407083915,342.3235178709584,1.5360472202301025,1.556362271308899,11.452062009506347,135.510539630681,0.02123547519960292,0.08451048930007715,73.66560698831492,0.0,1.0,0.5435837402450269
d12-s10,shadow_fp32,2016,0.8,-0.010200973090762976,-0.004167685926138302,-0.0041277408599853516,0.006073232230777624,3.994506615295074e-05,0.009584471301551043,281.80517957823446,1.5155383348464966,1.5114105939865112,11.397443312523368,126.5014242480078,0.012066574329249347,0.09009735171185522,69.99583618552127,0.0,1.0,0.5353274196461185
d12-s10,shadow_fp32,2142,0.85,0.009236455857900595,0.011867942342532833,0.01188206672668457,0.002645610868783975,1.4124384151737238e-05,0.0011887144279384414,224.8785269321481,1.4841406345367432,1.4960227012634277,11.528236155656218,128.31430696938637,0.005262972969264475,0.08984373159889848,72.52856082885276,0.0,1.0,0.5210562271557676
d12-s10,shadow_fp32,2268,0.9,0.004471173276449309,0.005698540868631913,0.005711793899536133,0.001240620623086824,1.3253030904219684e-05,0.0023202922124511516,163.54965348880168,1.4836540222167969,1.489365816116333,11.983747606986832,132.9379057649063,0.0024547351843652093,0.09014545202915607,72.18615956350064,0.0,1.0,0.5319839978443985
d12-s10,shadow_fp32,2394,0.95,-0.0007173115049257994,-0.00035554176336244277,-0.0003565549850463867,0.0003607565198794127,-1.013221683943946e-06,-0.0028416982693766826,100.40016357913215,1.4609181880950928,1.4605616331100464,12.765756231161262,169.9408872786547,0.0007235394831267133,0.07511880416529221,88.18416390294469,0.0,1.0,0.5393665463253297
d12-s10,shadow_fp32,2520,1.0,0.0008848314894477955,0.0009689021906148215,0.0009691715240478516,8.434003460005602e-05,2.6933343303010837e-07,0.00027790068769788825,34.778090094659625,1.4272997379302979,1.4282689094543457,12.753079351992202,150.48145234618516,0.00016814140233405178,0.08474851320981089,82.35653435712719,0.0,1.0,0.5116551859166131
d12-s11,native,1,0.0003968253968253968,-0.03514357268912553,-0.03500680656987684,-0.034913063049316406,0.0002305096398091261,9.374352056043533e-05,0.0026778655280456543,33.01655195972672,10.396788597106934,10.361875534057617,4.452081881401844,0.0041480989351104156,0.00027353223849737885,,0.6366502582073407,2.0,2.0,0.003087924085370968
d12-s11,native,2,0.0007936507936507937,-0.0664778544504402,-0.06742349307689359,-0.06695556640625,-0.0004777119558097981,0.0004679266706435897,0.006940113145872456,51.76488504601702,10.361875534057617,10.294919967651367,4.452744523372349,0.005892465622175463,-0.0018912772529067726,,0.6330287454627707,2.0,2.0,0.004411230350511747
d12-s11,native,3,0.0011904761904761906,-0.1021430781090037,-0.1064641082578811,-0.10516166687011719,-0.0030185887611134943,0.0013024413877639057,0.012233619471165687,69.811865520556,10.294919967651367,10.18975830078125,4.475247407121946,0.0016446098195067578,-0.008642060297754791,,0.7009745809392239,2.0,2.0,0.0011090524473136602
d12-s11,native,5,0.001984126984126984,-0.22886943069552237,-0.2553744919986152,-0.25672435760498047,-0.027854926909458094,-0.0013498656063652414,-0.00525803480027504,126.22837325014758,10.02646255493164,9.76973819732666,4.719234842019393,-0.22789468884882202,-0.05301012260618573,,1.1840367066782793,2.0,2.0,-0.08859990227641018
d12-s11,native,9,0.0035714285714285713,-0.8473593833153756,-0.29322870646447874,-0.026568889617919922,0.8207904936974557,0.2666598168465588,0.9093919216223175,289.4609985897447,7.649535655975342,7.622966766357422,15.663364959257011,15.422511282428557,1.1082613537017938,1.015617020627689,30.720863530984044,2.0,2.0,0.1268466914402987
d12-s11,native,17,0.006746031746031746,-0.11032667075319053,-0.06340343374580268,-0.06288623809814453,0.047440432655045994,0.0005171956476581474,0.00815721826252645,382.3092697941206,5.38895320892334,5.326066970825195,3.9774578962954052,10.068107951869163,0.09384647401477571,0.39505514991592666,8.757100087939065,2.0,2.0,0.5764806765967591
d12-s11,native,33,0.013095238095238096,-0.09696950605713545,-0.0063364690845704175,-0.01670074462890625,0.0802687614282292,-0.010364275544335833,-0.6205876309489201,577.4176817203263,4.876893997192383,4.860193252563477,3.1184756728761984,3.8427376817864785,0.18126607394513006,0.81152447320485,3.997063087375319,2.0,2.0,0.5444130861395446
d12-s11,native,41,0.01626984126984127,-0.1536735185390639,-0.052524872935107964,-0.06509828567504883,0.08857523286401509,-0.012573412739940865,-0.19314506687170813,713.3661566968162,4.643713474273682,4.578615188598633,3.0045862356889073,3.724729636947192,0.2022972912079119,0.8066588795828634,3.716633953776675,2.0,2.0,0.5781661052379303
d12-s11,native,65,0.025793650793650792,-0.16263396198144064,-0.08626259194446666,-0.08727359771728516,0.07536036426415549,-0.001011005772818499,-0.011584325606623435,815.7472331276839,4.009946823120117,3.922673225402832,2.566381852228958,4.4975191429979855,0.15274274007394797,0.5706216628837387,4.493787248346982,2.0,2.0,0.6247408083732354
d12-s11,native,127,0.0503968253968254,-0.010533237324863384,0.08633961966890952,0.08415460586547852,0.0946878431903419,-0.002185013803431002,-0.025307197458246562,1119.746222764073,3.0177555084228516,3.10191011428833,1.925910036779957,1.3239658681612976,0.1937457139875458,1.4546523313736401,2.1839055321755017,2.0,2.0,0.43684255894947266
d12-s11,native,253,0.1003968253968254,-0.21521969448293854,-0.10103791960613173,-0.10232210159301758,0.11289759288992096,-0.0012841819868858462,-0.012550387129396864,829.2173404928741,2.4546852111816406,2.352363109588623,3.9781310259300176,7.93998288740818,0.22836354975361361,0.5010251385099124,9.029821934430483,2.0,2.0,0.4408601444282613
d12-s11,native,379,0.1503968253968254,-0.10846433906316916,-0.02579899355278953,-0.025315284729003906,0.08314905433416525,0.0004837088237856224,0.01874913541863036,767.826992790223,2.1224637031555176,2.0971484184265137,3.9558862639080816,7.431813521798411,0.16533069102075926,0.5322908402242585,9.265838138920218,2.0,2.0,0.4032628323537186
d12-s11,native,401,0.15912698412698412,-0.0955983922189736,-0.02861025043199937,-0.030068397521972656,0.06552999469700094,-0.0014581470899732857,-0.04849433990979187,751.5400950836467,2.1727569103240967,2.142688512802124,3.7010441579679423,4.603148691506278,0.13397628357394845,0.8040244636887578,7.179157165068403,2.0,2.0,0.3332877944838202
d12-s11,native,505,0.2003968253968254,-0.03935037896754021,0.03077760847457802,0.023728370666503906,0.06307874963404411,-0.007049237808074114,-0.22903786738000487,746.1405061305044,2.0588316917419434,2.0825600624084473,3.6320875769265246,6.64869607601553,0.14025597488423647,0.5462856980376796,7.535886568719563,2.0,2.0,0.4629392166205104
d12-s11,native,631,0.2503968253968254,-0.0696147337940703,-0.011863530892442138,-0.013677597045898438,0.055937136748171856,-0.0018140661534562993,-0.1326304721047687,738.587308033205,1.9044387340545654,1.890761137008667,3.6466091031402996,6.986809741902752,0.11550240580325631,0.5219276376269552,8.21635014019746,2.0,2.0,0.4453027455010664
d12-s11,native,757,0.3003968253968254,-0.08605313112204474,-0.0237618200440759,-0.02601313591003418,0.06003999521201056,-0.002251315865958281,-0.08654534669500841,748.6864519830795,1.9004240036010742,1.87441086769104,3.989078162851569,9.770279713863692,0.12458262215593768,0.40828699685958875,9.981460619032154,2.0,2.0,0.4900908865249056
d12-s11,native,883,0.3503968253968254,-0.09439319661811188,-0.04793028792625226,-0.05091524124145508,0.0434779553766568,-0.0029849533152028207,-0.05862592894428787,751.9329590263784,1.8861262798309326,1.8352110385894775,4.736479796319932,17.02630108285662,0.09292581738371924,0.2781860706720957,14.534363228394854,2.0,2.0,0.5382653887019435
d12-s11,native,1009,0.4003968253968254,-0.02266224637767988,0.01760097500145438,0.015450716018676758,0.03811296239635664,-0.002150258982777622,-0.1221670380532865,700.267622656358,1.9125635623931885,1.9280142784118652,5.58304748113313,23.028695547991443,0.08052644275826852,0.24243872039986572,19.549281457353775,2.0,2.0,0.4985432932579106
d12-s11,native,1135,0.4503968253968254,-0.09532104490554115,-0.051904402204856426,-0.05424785614013672,0.04107318876540443,-0.002343453935280293,-0.04319901470809325,647.3832129914349,1.816903829574585,1.7626559734344482,6.727728481996223,33.00468533032276,0.08683328540136945,0.2038416186872469,23.655933158986933,2.0,2.0,0.5378996778389066
d12-s11,native,1261,0.5003968253968254,-0.04135870834124967,0.005737317537057973,0.002185344696044922,0.04354405303729459,-0.0035519728410130513,-0.6190999222320297,612.105114422093,1.752528190612793,1.754713535308838,9.448990922583745,115.71283137789098,0.09419205175661528,0.0816589725622179,61.49109755640631,2.0,2.0,0.6121763670550091
d12-s11,native,1386,0.55,-0.05042981364178393,-0.014385287651672643,-0.016397953033447266,0.03403186060833666,-0.0020126653817746226,-0.12273881853846909,562.388078718987,1.7616620063781738,1.7452640533447266,10.166053292631322,148.52894164392427,0.07208905198022257,0.06844493187733675,72.39912137936666,2.0,2.0,0.6434304350553207
d12-s11,native,1512,0.6,-0.05114486638337959,-0.01780976853138834,-0.02077507972717285,0.030369786656206738,-0.002965311195784512,-0.142734046498316,498.4808364636794,1.6913554668426514,1.6705803871154785,8.665435556500285,65.93781363124582,0.0666701957039825,0.13141830278087976,42.09643438207352,2.0,2.0,0.5321009473503915
d12-s11,native,1638,0.65,-0.01890793549760035,-0.0028785550519326956,-0.0033025741577148438,0.015605361339885507,-0.0004240191057821481,-0.12839048739954426,450.5865363056356,1.6531460285186768,1.649843454360962,11.142958157277775,156.4472395790862,0.03205876089133531,0.07122502248845917,79.7506128802916,2.0,2.0,0.5876701415220316
d12-s11,native,1764,0.7,-0.03901620831031295,-0.026193641952332886,-0.02692246437072754,0.012093743939585413,-0.0007288224183946528,-0.027071162890537327,395.28756665751433,1.62491774559021,1.5979952812194824,11.648183228690563,159.78535024431773,0.025645132715960132,0.07289894355696601,81.18659875310252,2.0,2.0,0.5766648958714815
d12-s11,native,1890,0.75,-0.012531148333817074,-0.0037808981269334928,-0.004392147064208984,0.00813900126960809,-0.0006112489372754916,-0.13916859529966039,340.58535234144256,1.5563321113586426,1.5519399642944336,12.799885030688834,210.11510661112828,0.01750050041376716,0.06091844245344193,100.80643748017032,2.0,2.0,0.5825939583439605
d12-s11,native,2016,0.8,-0.01289051228427046,-0.00805570231228301,-0.0065729618072509766,0.006317550477019483,0.0014827405050320333,0.18406098531858736,282.68321166905946,1.5441584587097168,1.5375854969024658,13.093466261945185,203.29472673255594,0.009669619943974899,0.0644063251043903,98.60690262138041,2.0,2.0,0.5697593746079184
d12-s11,native,2142,0.85,-0.0005095004373168756,0.0021228206813096043,0.0032126903533935547,0.0037221907907104305,0.0010898696720839504,0.3392389406382487,224.84320976552095,1.4954407215118408,1.4986534118652344,12.221879385022707,180.8705589710067,0.00526464223725296,0.06757251956622669,92.15959323773664,2.0,2.0,0.5613818078573026
d12-s11,native,2268,0.9,9.49561982825412e-05,0.0015009733231222404,0.0013173818588256836,0.0012224256605431424,-0.0001835914642965568,-0.1223149415571625,163.75203515903303,1.4798222780227661,1.4811396598815918,11.923767747294615,150.5538243040225,0.0028120342496793984,0.07919936808258173,82.26426908261037,2.0,2.0,0.5299974673673548
d12-s11,native,2394,0.95,-0.001616550704510678,-0.0011891118884878324,0.001147150993347168,0.0027637016978578456,0.0023362628818350004,1.9647124080190426,100.53801842188894,1.4566770792007446,1.4578242301940918,12.053324887769833,157.48340282570098,0.0008548776320456907,0.07653711230198763,84.82634713360311,2.0,2.0,0.5347497539562664
d12-s11,native,2520,1.0,0.0016198749159936304,0.0017424132561878226,-0.0005668401718139648,-0.002186715087807595,-0.0023092534280017875,-1.3253190193548794,34.733360624951494,1.4243720769882202,1.4238052368164062,11.890550451788107,137.66020684946687,0.0002450766803883843,0.08637609025817149,78.24316640442689,2.0,2.0,0.5102241611181354
d12-s11,shadow_fp32,1,0.0003968253968253968,-0.03515023793019413,-0.035012971166846214,-0.035007476806640625,0.0001427611235535059,5.494360205589299e-06,0.00015692356353898664,33.01655195972672,10.396797180175781,10.36178970336914,4.4528536805459655,0.004138812809808882,0.0002745335266958264,1075.8770413565974,0.6370271190600975,1.0,1.0,0.0030789217466424125
d12-s11,shadow_fp32,2,0.0007936507936507937,-0.06648413799400871,-0.06745031386167251,-0.06744194030761719,-0.0009578023136084801,8.373554055321475e-06,0.00012414403396986422,51.76488504601702,10.36178970336914,10.294347763061523,4.453299962514809,0.005909225057328066,-0.001932351735327606,753.6182696227223,0.633068442144736,1.0,1.0,0.0044232235715447165
d12-s11,shadow_fp32,3,0.0011904761904761906,-0.102504111861462,-0.10694163055600975,-0.1069784164428711,-0.0044743045814091,-3.678588686134576e-05,-0.0003438626975843325,69.811865520556,10.294347763061523,10.187369346618652,4.478256079703495,0.0009616727352510471,-0.008875037389095515,4656.736034566307,0.7044299973891139,1.0,1.0,0.0006451118205196513
d12-s11,shadow_fp32,5,0.001984126984126984,-0.23400290264709733,-0.2612220374818228,-0.26296138763427734,-0.02895848498718001,-0.0017393501524545218,-0.006614469782436588,126.22837325014758,10.018847465515137,9.75588607788086,4.749881088885634,-0.25526310989191975,-0.05443826966945101,,1.221805919193912,1.0,1.0,-0.09586155344323946
d12-s11,shadow_fp32,9,0.0035714285714285713,-0.8470682852128861,-0.29589345152274027,-0.04182147979736328,0.8052468054155228,0.254071971725377,0.8586603401253401,289.4609985897447,7.650261878967285,7.608440399169922,15.613735191558884,14.90200592169497,1.1023496673802917,1.0477606352865387,30.001886615053355,0.0,1.0,0.12570216609397783
d12-s11,shadow_fp32,17,0.006746031746031746,-0.11016971373475154,-0.06321607583728196,-0.06240224838256836,0.04776746535218318,0.0008138274547136032,0.01287374206536314,382.3092697941206,5.387511253356934,5.325109004974365,3.973309139783311,10.044935016600348,0.09390727579493915,0.3955534936977676,8.748295911764824,0.0,1.0,0.5760331652245787
d12-s11,shadow_fp32,33,0.013095238095238096,-0.09716717447415052,-0.006543689635859579,-0.01748943328857422,0.0796777411855763,-0.01094574365271464,-0.6258489610332574,577.4176817203263,4.877135276794434,4.859645843505859,3.119648526846275,3.8468058143420016,0.18124696967658188,0.8109711478586533,3.999193770116463,0.0,1.0,0.5445966718653577
d12-s11,shadow_fp32,41,0.01626984126984127,-0.15367858336606172,-0.052515779548916425,-0.06399154663085938,0.08968703673520234,-0.01147576708194295,-0.17933254759635486,713.3661566968162,4.64358377456665,4.579592227935791,3.0044161787382597,3.7254789362699317,0.20232560763429058,0.806450990633268,3.7174982369754166,0.0,1.0,0.5781643310430625
d12-s11,shadow_fp32,65,0.025793650793650792,-0.16248728927870199,-0.08593118899852167,-0.08676505088806152,0.07572223839064046,-0.0008338618895398497,-0.00961057339337751,815.7472331276839,4.009607315063477,3.922842264175415,2.565709703416961,4.4894202000387775,0.15311220056036062,0.5715013496386013,4.489438858369788,0.0,1.0,0.6243015838100326
d12-s11,shadow_fp32,127,0.0503968253968254,-0.010848012426608888,0.0862057980951468,0.08224225044250488,0.09309026286911377,-0.0039635476526419106,-0.04597773862341923,1119.746222764073,3.018455982208252,3.100698232650757,1.929405198333307,1.3439850162144655,0.19410762104351137,1.4355853488365256,2.227808062976731,0.0,1.0,0.43431510440885374
d12-s11,shadow_fp32,253,0.1003968253968254,-0.21549288999494737,-0.10102194484419437,-0.1026298999786377,0.11286299001630967,-0.0016079551344433257,-0.015667511463793884,829.2173404928741,2.455073833465576,2.3524439334869385,3.983565933698053,7.985071498674179,0.228941890301506,0.49887667685373566,9.063657676857655,0.0,1.0,0.4414070953560368
d12-s11,shadow_fp32,379,0.1503968253968254,-0.10855984080352346,-0.025760226468998587,-0.026605844497680664,0.0819539963058428,-0.0008456180286820769,-0.031783168121417564,767.826992790223,2.122666120529175,2.096060276031494,3.976717018476781,7.631966248523605,0.16559922866904975,0.5210606138681592,9.437548695077139,0.0,1.0,0.40552244030446094
d12-s11,shadow_fp32,401,0.15912698412698412,-0.09554092421641822,-0.02843053827535541,-0.029847383499145508,0.06569354071727271,-0.0014168452237900975,-0.047469662586359034,751.5400950836467,2.172802448272705,2.1429550647735596,3.709201977863918,4.701572495527725,0.1342207718821256,0.7889279557833514,7.281943638897076,0.0,1.0,0.3352398074043454
d12-s11,shadow_fp32,505,0.2003968253968254,-0.039224693550255,0.030801044905849687,0.023856163024902344,0.06308085657515734,-0.006944881880947343,-0.22547552857949898,746.1405061305044,2.0592830181121826,2.083139181137085,3.6363374429385606,6.659345761808025,0.14005147691220937,0.5460502537341279,7.534521996321001,0.0,1.0,0.4634936308150918
d12-s11,shadow_fp32,631,0.2503968253968254,-0.06994492471660131,-0.012240875515027838,-0.015517711639404297,0.054427213077197015,-0.0032768361243764588,-0.21116748400296037,738.587308033205,1.906333088874817,1.8908153772354126,3.6626979086259226,7.168695833768296,0.11540809840314695,0.5109294624236539,8.35290745244369,0.0,1.0,0.44843751154334477
d12-s11,shadow_fp32,757,0.3003968253968254,-0.0861357713615063,-0.02376783461088513,-0.027157306671142578,0.05897846469036372,-0.0033894720602574493,-0.12480884431220533,748.6864519830795,1.9013490676879883,1.8741917610168457,3.9970686755098983,9.935848505566938,0.12473587350124234,0.402287602641122,10.092803827660639,0.0,1.0,0.4924048523583695
d12-s11,shadow_fp32,883,0.3503968253968254,-0.09451355999169955,-0.04772758602452012,-0.05006599426269531,0.04444756572900424,-0.002338408238175195,-0.046706517519768245,751.9329590263784,1.8872096538543701,1.8371436595916748,4.7372024329172,17.045901379645205,0.09357194793435887,0.2779085908929388,14.539628895445917,0.0,1.0,0.5386487765610479
d12-s11,shadow_fp32,1009,0.4003968253968254,-0.022672009168028053,0.01767362058730627,0.016687750816345215,0.03935975998437327,-0.0009858697709610557,-0.05578199249502602,700.267622656358,1.9142063856124878,1.930894136428833,5.6143381271227515,23.450818449633033,0.08069125951066865,0.23940904831023527,19.752154793195132,0.0,1.0,0.5010652006433345
d12-s11,shadow_fp32,1135,0.4503968253968254,-0.09494895123551375,-0.051757598000785845,-0.054540157318115234,0.04040879391739852,-0.002782559317329389,-0.051018542192674904,647.3832129914349,1.816720962524414,1.7621808052062988,6.720000158172982,32.74033423301164,0.08638270646945581,0.20525142200281193,23.553126506510708,0.0,1.0,0.5362285119748684
d12-s11,shadow_fp32,1261,0.5003968253968254,-0.041302005374313965,0.005784540321773675,0.0032519102096557617,0.044553915583969726,-0.002532630112117913,-0.43782737628862267,612.105114422093,1.7522486448287964,1.7555005550384521,9.426174328210418,114.66094856847461,0.09417309139217528,0.08220910820898347,61.17650613295061,0.0,1.0,0.6104683129995884
d12-s11,shadow_fp32,1386,0.55,-0.05024560122478039,-0.014225161436059265,-0.015537023544311523,0.034708577680468866,-0.0013118621082522583,-0.08443458327206838,562.388078718987,1.7602756023406982,1.7447385787963867,10.157723949801998,148.28406780955336,0.07204087957744225,0.06850178916623688,72.30963556410987,0.0,1.0,0.6434282361870882
d12-s11,shadow_fp32,1512,0.6,-0.050762045774723194,-0.01752873734383381,-0.02075183391571045,0.030010211859012745,-0.003223096571876638,-0.1553162281930442,498.4808364636794,1.6917157173156738,1.6709638833999634,8.705761603479822,66.85239808415423,0.06646661686177877,0.13022362477589738,42.63680594328327,0.0,1.0,0.5314090454469662
d12-s11,shadow_fp32,1638,0.65,-0.018963391495791952,-0.002895638113334806,-0.0033299922943115234,0.01563339920148043,-0.00043435418097671763,-0.1304369928178829,450.5865363056356,1.6527676582336426,1.649437665939331,11.201211117355168,158.34762605114798,0.03213550676491429,0.07073810575307934,80.33966165886318,0.0,1.0,0.588910187232443
d12-s11,shadow_fp32,1764,0.7,-0.03913504977773016,-0.026290788778206668,-0.02637624740600586,0.012758802371724304,-8.545862779919117e-05,-0.003239984311783953,395.28756665751433,1.6252810955047607,1.5989048480987549,11.643181246517592,158.72738317684178,0.02568852199904699,0.07335332450825867,80.86930148350048,0.0,1.0,0.5752178248670128
d12-s11,shadow_fp32,1890,0.75,-0.012515147957086218,-0.0037707362316431303,-0.0036940574645996094,0.008821090492486609,7.667876704352088e-05,0.020335224299183465,340.58535234144256,1.5563147068023682,1.5526206493377686,12.811051201350294,210.58383891793247,0.017488823450886176,0.060835870725782254,100.9253622371596,0.0,1.0,0.5829513847433219
d12-s11,shadow_fp32,2016,0.8,-0.012755922316094463,-0.007910768459028666,-0.007965445518493652,0.00479047679760081,-5.467705946498626e-05,-0.006864281393682328,282.68321166905946,1.544690728187561,1.5367252826690674,13.067645731770476,200.63653638910418,0.009690307714131593,0.0651309375996591,97.69104046185451,0.0,1.0,0.5681416272106969
d12-s11,shadow_fp32,2142,0.85,-0.0004235629718434263,0.0022087613553178555,0.002237677574157715,0.002661240546001141,2.8916218839859353e-05,0.012922424201683175,224.84320976552095,1.496018886566162,1.4982565641403198,12.243510014588288,182.09556116374654,0.005264648654322563,0.06723672963987577,92.57648290136994,0.0,1.0,0.5621415821029194
d12-s11,shadow_fp32,2268,0.9,0.0002043673550595139,0.0016138693416774593,0.0015944242477416992,0.0013900568926821853,-1.944509393576009e-05,-0.012048741142544301,163.75203515903303,1.4788116216659546,1.4804060459136963,11.83740313111904,146.6770286935011,0.002819003973235891,0.08070386506025212,80.92513361494018,0.0,1.0,0.5268056928996521
d12-s11,shadow_fp32,2394,0.95,-0.0016102109515790186,-0.0011829879289427215,-0.0011838674545288086,0.00042634349705021005,-8.795255860870928e-07,-0.0007429257242629016,100.53801842188894,1.4576807022094727,1.4564968347549438,12.073257870973084,158.04267831878087,0.0008544460452725942,0.07639238969755151,85.0662137618303,0.0,1.0,0.5346936660520811
d12-s11,shadow_fp32,2520,1.0,0.0016201949612682709,0.001742208139712673,0.0017421245574951172,0.00012192959622684633,-8.358221755574817e-08,-4.797487490187748e-05,34.733360624951494,1.4241209030151367,1.4258630275726318,11.92694259680101,139.35085183529333,0.0002440263568888042,0.08558930526594943,78.89407361457877,0.0,1.0,0.5114470551508645
d12-s7,native,1,0.0003968253968253968,-0.03644823436706513,-0.03636007393059855,-0.036231040954589844,0.0002171934124752875,0.00012903297600870556,0.003548754500747008,33.01775508373145,10.395186424255371,10.358955383300781,4.437174235019283,0.004105480366078114,0.0001763208729331588,,0.6624031371817424,2.0,2.0,0.0029423095244740438
d12-s7,native,2,0.0007936507936507937,-0.06911553658361341,-0.07007549844149721,-0.06963729858398438,-0.0005217620003709622,0.00043819985751283874,0.006253253523107959,51.75434755063617,10.358955383300781,10.289318084716797,4.439869171939003,0.0011745706803380856,-0.0019199237157675924,,0.6945823775600565,2.0,2.0,0.0008025466915150254
d12-s7,native,3,0.0011904761904761906,-0.10674096651160515,-0.11131051205670825,-0.1096038818359375,-0.0028629153243323463,0.0017066302207707496,0.015332156767918647,69.90133431741057,10.289318084716797,10.17971420288086,4.469409959557396,-0.016676208779694245,-0.009139091090206197,,0.7843088916890417,2.0,2.0,-0.010057385311843157
d12-s7,native,5,0.001984126984126984,-0.24035480407865784,-0.26870953648675994,-0.27216243743896484,-0.03180763336030701,-0.003452900952204907,-0.012686912215721373,128.0279885235104,10.00839614868164,9.736233711242676,4.767228215794035,-0.3999328482281158,-0.056709464816204216,,1.4089684650461776,2.0,2.0,-0.130002837536775
d12-s7,native,9,0.0035714285714285713,-0.7438216916604767,-0.5451297580164363,-0.4599180221557617,0.283903669504715,0.08521173586067454,0.1563145922738368,266.0123162725466,7.646533012390137,7.186614990234375,20.94636652923139,324.3542695992809,0.39738386728808095,0.0645786675017699,134.54808394657462,2.0,2.0,0.5267296335139312
d12-s7,native,17,0.006746031746031746,-0.12150848550680982,-0.07800873560895147,-0.07772445678710938,0.04378402871970044,0.0002842788218420933,0.003644192148776123,375.1012175893818,5.30087423324585,5.22314977645874,4.044555538195748,9.767668843128178,0.08699949979571668,0.4140758253737486,8.202789958911914,2.0,2.0,0.5920984638479607
d12-s7,native,33,0.013095238095238096,-0.11124778495099408,-0.021149349527986833,-0.031400203704833984,0.0798475812461601,-0.010250854176847152,-0.32645820623351746,598.8455477524233,4.851924896240234,4.8205246925354,3.2079457154287354,4.1980166043423015,0.1801968708460145,0.7641574623860548,4.135849741314712,2.0,2.0,0.5667165486185222
d12-s7,native,41,0.01626984126984127,-0.22419452536861767,-0.032928034921273414,-0.08189916610717773,0.14229535926143994,-0.04897113118590432,-0.5979441978910752,743.6350937298333,4.642165660858154,4.560266494750977,3.250662670141935,4.870690930645913,0.3825329808946885,0.6673925150308927,4.4636284793108265,2.0,2.0,0.6052246117386616
d12-s7,native,65,0.025793650793650792,-0.212861799987572,-0.09804172052146554,-0.0961606502532959,0.11670114973427609,0.0018810702681696378,0.019186426535199277,891.0789647021637,3.96197772026062,3.865817070007324,3.014535060733569,7.507819936209785,0.2296401589322129,0.4015193606594957,6.399166871445369,2.0,2.0,0.6757409578466772
d12-s7,native,127,0.0503968253968254,-0.0788192011097743,0.06216614867878198,0.04843473434448242,0.12725393545425673,-0.013731414334299558,-0.2208824999800293,1157.1430983026435,2.9446218013763428,2.993056535720825,3.3268376623403766,5.205651838524293,0.28197069957711257,0.6390818605501427,5.815141116135087,2.0,2.0,0.49079378617476865
d12-s7,native,253,0.1003968253968254,-0.2150987081804317,-0.0580156526214719,-0.07494854927062988,0.14015015890980181,-0.01693289664915798,-0.22592694340240527,785.4066289487903,2.5376105308532715,2.4626619815826416,4.8854726694558215,13.25277626725845,0.3141661111179196,0.3686376779426655,13.24973891324189,2.0,2.0,0.4525288289097267
d12-s7,native,379,0.1503968253968254,-0.11511282085099941,-0.001045205524794618,-0.010198116302490234,0.10491470454850918,-0.009152910777695616,-0.8975099426411333,741.6814793301797,2.1643614768981934,2.154163360595703,4.679144814173025,8.560781779348687,0.2281352306524096,0.5465791483507502,11.227094669290091,2.0,2.0,0.35250298489065507
d12-s7,native,401,0.15912698412698412,-0.0074602330587613735,0.07248867269780349,0.06142115592956543,0.0688813889883268,-0.011067516768238056,-0.1526792581011546,744.7142645928112,2.109687089920044,2.1711082458496094,4.779758582291729,12.230155111294755,0.1598978115131297,0.39081749485560824,13.262447587611637,2.0,2.0,0.42179876483860845
d12-s7,native,505,0.2003968253968254,0.047047654554690385,0.12256394798417002,0.11762428283691406,0.07057662828222368,-0.004939665147255953,-0.0403027580989309,734.8830682019277,2.026785373687744,2.144409656524658,3.9746694538036005,7.639715306305409,0.15103258685895926,0.5202640798045344,8.3707985164707,2.0,2.0,0.4577831230705545
d12-s7,native,631,0.2503968253968254,-0.013947699529616851,0.036777226199058856,0.033213138580322266,0.04716083810993912,-0.0035640876187365902,-0.09691018021440118,722.8582468897456,1.9404618740081787,1.973675012588501,3.7282251714993304,8.688004440036602,0.10144985145735141,0.42912330411788135,9.566012099233307,2.0,2.0,0.4703682956520004
d12-s7,native,757,0.3003968253968254,-0.004019396986438233,0.05192205163329556,0.04996013641357422,0.05397953340001245,-0.00196191521972134,-0.03778577999146785,733.6820171687967,1.8646175861358643,1.9145777225494385,4.441583631880368,11.918084009075386,0.11188289723946758,0.3726759795029293,11.241702437339201,2.0,2.0,0.5030433762463805
d12-s7,native,883,0.3503968253968254,-0.13209033498157716,-0.08140134258346313,-0.08692586421966553,0.04516447076191163,-0.005524521636202401,-0.06355440565125345,746.5848959711208,1.889912486076355,1.8029866218566895,6.195585455004263,37.36329424313875,0.10137798479622805,0.1658201071534798,25.73980845898787,2.0,2.0,0.5831746984994567
d12-s7,native,1009,0.4003968253968254,-0.05917936092913807,-0.009542340445601073,-0.014137983322143555,0.04504137760699452,-0.0045956428765424814,-0.32505646469002236,700.1203599353225,1.880322813987732,1.8661848306655884,7.845144252030614,65.43253724277963,0.099274040967074,0.11989668416681049,40.309129188415504,2.0,2.0,0.57954862289264
d12-s7,native,1135,0.4503968253968254,-0.01599735594623701,0.03552571181571068,0.0360112190246582,0.05200857497089521,0.0004855072089475221,0.01348210980070065,646.8618200703519,1.8184008598327637,1.8544120788574219,8.513358312395116,75.53804265946594,0.10304613552389538,0.11270292441616869,44.662169168464544,2.0,2.0,0.5796628379554664
d12-s7,native,1261,0.5003968253968254,-0.08599843479707031,-0.049032529268827965,-0.04992270469665527,0.03607573010041504,-0.0008901754278273083,-0.01783107372159162,597.7029051743219,1.7983654737472534,1.7484427690505981,10.828209592430571,148.4574139854186,0.07393181105648469,0.07293815311570839,73.04135710477289,2.0,2.0,0.6176674718066281
d12-s7,native,1386,0.55,0.01938528536417697,0.04752321407885182,0.04795050621032715,0.02856522084615018,0.0004272921314753264,0.008911107832753184,557.5651593573068,1.717299222946167,1.7652497291564941,10.049107867853719,107.8078760577976,0.056275857429349714,0.0932131142484082,60.81728149593853,2.0,2.0,0.5591904329052612
d12-s7,native,1512,0.6,-0.0774645094289915,-0.04685998336062596,-0.04908645153045654,0.028378057898534953,-0.0022264681698305824,-0.04535809985061013,496.8683886568325,1.7042595148086548,1.6551730632781982,11.741599037247443,152.2640666258511,0.06120905213673107,0.07711339449575674,75.4391063720453,2.0,2.0,0.5890297993914283
d12-s7,native,1638,0.65,-0.02966469783578735,-0.011606208644313675,-0.010779738426208496,0.018884959409578853,0.000826470218105179,0.07120931937666813,449.2651132580619,1.634381890296936,1.6236021518707275,10.438643382723136,75.79557424948395,0.03611697838294735,0.13772101453264216,43.22713906285665,2.0,2.0,0.542706875880052
d12-s7,native,1764,0.7,-0.015025606941042751,-0.0027214683664892256,-0.0026268959045410156,0.012398711036501735,9.457246194820995e-05,0.03475052773448593,391.98374152002106,1.6004693508148193,1.5978424549102783,11.294555895087763,101.98225808068807,0.02460827714910705,0.11075020408110146,59.44484642251726,2.0,2.0,0.5104765952076785
d12-s7,native,1890,0.75,-0.016795536945275504,-0.008646078665150046,-0.00795900821685791,0.008836528728417593,0.0006870704482921357,0.07946613429062667,339.3600090350851,1.5327379703521729,1.524778962135315,12.774874289833516,170.59170262835565,0.016298916560250915,0.07488567200518746,85.21259194280363,2.0,2.0,0.5601132037861499
d12-s7,native,2016,0.8,-0.006729536160771272,-0.002754100352020463,-0.004678845405578613,0.0020506907551926584,-0.0019247450535581504,-0.41137179938949603,281.5511478037834,1.5299813747406006,1.525302529335022,12.922195627909328,162.03313510243197,0.007950871617501618,0.07975032773228972,83.22739628701098,2.0,2.0,0.54158842145825
d12-s7,native,2142,0.85,0.003896395864011871,0.006314181658017622,0.006902337074279785,0.003005941210267914,0.0005881554162621636,0.08521105386953792,224.55596143165766,1.4863694906234741,1.493271827697754,12.470928989732291,164.85051449870952,0.004835571588011501,0.07564992458564584,83.76134747912181,2.0,2.0,0.557310529542004
d12-s7,native,2268,0.9,0.002923913889201632,0.004116540941673132,0.005854249000549316,0.0029303351113476846,0.0017377080588761844,0.2968285186901226,163.57356756934382,1.4577773809432983,1.4636316299438477,12.770989087044876,161.94422018113636,0.0023852541049430003,0.07886041917865538,83.34265367562591,2.0,2.0,0.5437332120329801
d12-s7,native,2394,0.95,-0.0012838812082507723,-0.0008753111404289487,0.00084686279296875,0.0021307440012195223,0.0017221739333976986,1.9674991598458833,100.34143871201437,1.4215662479400635,1.4224131107330322,12.443237895872326,140.52932156857622,0.0008171401356436472,0.08854549183744696,75.07552822724834,2.0,2.0,0.5306422807663987
d12-s7,native,2520,1.0,0.0019361290886775182,0.0020368656135996365,0.0012191534042358398,-0.0007169756844416784,-0.0008177122093637967,-0.40145614119269285,34.787689252278184,1.3954178094863892,1.396636962890625,12.23079061046182,124.7022251028838,0.00020147304984423654,0.09807997090966886,70.26923500458368,2.0,2.0,0.5074365102508064
d12-s7,shadow_fp32,1,0.0003968253968253968,-0.03645088778204698,-0.03636225560001104,-0.036357879638671875,9.300814337510205e-05,4.37596133916196e-06,0.00012034350639019851,33.01775508373145,10.395187377929688,10.358829498291016,4.437400332859204,0.0041063801606883,0.0001772643640718741,1080.6111853305417,0.6630361128556064,1.0,1.0,0.0029400699546923443
d12-s7,shadow_fp32,2,0.0007936507936507937,-0.06912731596793276,-0.07011700585975489,-0.07011222839355469,-0.000984912425621931,4.777466200200919e-06,6.813562760732551e-05,51.75434755063617,10.358829498291016,10.288717269897461,4.44008318907043,0.0011227151057668192,-0.0019793797836442505,3954.7728237234633,0.6941965408058441,1.0,1.0,0.000767523297859429
d12-s7,shadow_fp32,3,0.0011904761904761906,-0.10711740282326031,-0.1118293749406056,-0.11188888549804688,-0.004771482674786567,-5.951055744127243e-05,-0.0005318719296950298,69.90133431741057,10.288717269897461,10.176828384399414,4.4714550069089665,-0.017485297688507477,-0.009423944234690583,,0.7872788571897504,1.0,1.0,-0.010503160684521418
d12-s7,shadow_fp32,5,0.001984126984126984,-0.24640771899261427,-0.2756196156171878,-0.2779254913330078,-0.031517772340393546,-0.002305875715820027,-0.008296740629153544,128.0279885235104,9.99979305267334,9.721867561340332,4.807285503749506,-0.4443569948640708,-0.058423793249147024,,1.463027550161658,1.0,1.0,-0.13852544656599622
d12-s7,shadow_fp32,9,0.0035714285714285713,-0.7436474683795674,-0.5459253373018306,-0.4593067169189453,0.2843407514606221,0.08661862038288526,0.1586638583418517,266.0123162725466,7.646768569946289,7.187461853027344,20.794790623343626,315.4484397367994,0.39544426215547374,0.06592136147731201,132.10556213773745,0.0,1.0,0.5236366120099774
d12-s7,shadow_fp32,17,0.006746031746031746,-0.12134196741328421,-0.07783840343994369,-0.07781696319580078,0.043525004217483426,2.144024414291179e-05,0.0002754455795005358,375.1012175893818,5.300079345703125,5.222262382507324,4.0400095544323955,9.761415771773997,0.08700712794668103,0.41387536899252286,8.205618901101321,0.0,1.0,0.591848119789394
d12-s7,shadow_fp32,33,0.013095238095238096,-0.11116342206141656,-0.021034330085707487,-0.03090953826904297,0.0802538837923736,-0.009875208183335482,-0.31948740538857756,598.8455477524233,4.851261138916016,4.820351600646973,3.2059089068531588,4.192508670297602,0.18025818395141815,0.7646755579936796,4.132109718651568,0.0,1.0,0.5666651909767116
d12-s7,shadow_fp32,41,0.01626984126984127,-0.2245558605148981,-0.03275010867365616,-0.08069896697998047,0.14385689353491762,-0.04794885830632431,-0.5941694187760707,743.6350937298333,4.641858100891113,4.561159133911133,3.2516913194995083,4.878255984515916,0.38361150368248387,0.6665684067873251,4.467645076397606,0.0,1.0,0.6055238674708995
d12-s7,shadow_fp32,65,0.025793650793650792,-0.21270900787162858,-0.09766460421983382,-0.09890413284301758,0.113804875028611,-0.0012395286231837582,-0.012532627176977128,891.0789647021637,3.9633655548095703,3.8644614219665527,3.0129301494113987,7.509752508488807,0.23008880730358952,0.4012023227137871,6.405089163055854,0.0,1.0,0.675469763525642
d12-s7,shadow_fp32,127,0.0503968253968254,-0.07854801212967055,0.062087122041367016,0.05149126052856445,0.130039272658235,-0.010595861512802562,-0.1706611800389591,1157.1430983026435,2.9434456825256348,2.994936943054199,3.3141315133625158,5.100789934343602,0.28127026834207514,0.6497290725596204,5.699538472379278,0.0,1.0,0.4916011381104792
d12-s7,shadow_fp32,253,0.1003968253968254,-0.2146536566653916,-0.05776505909644439,-0.07379841804504395,0.14085523862034766,-0.016033358948599558,-0.2172588433916478,785.4066289487903,2.5368025302886963,2.4630041122436523,4.883630331937288,13.24354093966755,0.3137771951378944,0.3687556337225232,13.251205729942278,0.0,1.0,0.45224870356744135
d12-s7,shadow_fp32,379,0.1503968253968254,-0.11552245296792153,-0.0012060970029271062,-0.006677389144897461,0.10884506382302407,-0.005471292141970355,-0.8193759601612035,741.6814793301797,2.1618685722351074,2.15519118309021,4.671941928421717,8.426230826058326,0.22863271192998885,0.5544521654894169,11.13725547587876,0.0,1.0,0.3500309542417389
d12-s7,shadow_fp32,401,0.15912698412698412,-0.007253937730320051,0.07255041726114282,0.061517953872680664,0.06877189160300072,-0.011032463388462158,-0.1520661604019612,744.7142645928112,2.109325885772705,2.1708438396453857,4.771140738270203,12.022194149534279,0.15960870998292576,0.3968610620429075,13.139405957271737,0.0,1.0,0.41888700983437616
d12-s7,shadow_fp32,505,0.2003968253968254,0.045918032842714104,0.12125968842791358,0.11857080459594727,0.07265277175323316,-0.0026888838319663183,-0.0221745896499215,734.8830682019277,2.026219129562378,2.144789934158325,3.972133553597536,7.512441982967793,0.15068331117039896,0.5287406628368188,8.288297790735793,0.0,1.0,0.45478262437567457
d12-s7,shadow_fp32,631,0.2503968253968254,-0.013867368548972416,0.0368606683650898,0.034787654876708984,0.0486550234256814,-0.0020730134883808135,-0.05623917254696701,722.8582468897456,1.939464807510376,1.974252462387085,3.7241039764092396,8.68802592512015,0.10145607382812442,0.4286478894637664,9.573127320168078,0.0,1.0,0.4702798535359732
d12-s7,shadow_fp32,757,0.3003968253968254,-0.0040500622404056105,0.051900394810612226,0.0503617525100708,0.05441181475047641,-0.0015386423005414249,-0.02964606157922356,733.6820171687967,1.8635743856430054,1.9139361381530762,4.429849236941328,11.725514475968428,0.11190091410203568,0.3777957245304974,11.119560161026023,0.0,1.0,0.5010139580776866
d12-s7,shadow_fp32,883,0.3503968253968254,-0.13093624271669005,-0.08054203119814685,-0.0846712589263916,0.04626498379029845,-0.004129227728244755,-0.04876776111046692,746.5848959711208,1.8884475231170654,1.8037762641906738,6.134319775018037,35.97453334582263,0.10078842303708642,0.17051839744657468,25.10775938796417,0.0,1.0,0.5785008551033215
d12-s7,shadow_fp32,1009,0.4003968253968254,-0.05915836832325806,-0.009501670832836345,-0.013015985488891602,0.04614238283436646,-0.0035143146560552563,-0.2699998904465991,700.1203599353225,1.8808960914611816,1.86788010597229,7.8614423691433855,65.9508472992745,0.09931339498084343,0.11920153707001527,40.500244673384195,0.0,1.0,0.5807799500705062
d12-s7,shadow_fp32,1135,0.4503968253968254,-0.016825256018958516,0.03455523122095061,0.03430354595184326,0.051128801970801774,-0.000251685269107349,-0.00728356489638402,646.8618200703519,1.8178149461746216,1.8521184921264648,8.47794040278224,74.78297252409213,0.10276097447981825,0.11336725616317245,44.38369677611289,0.0,1.0,0.5786741358704174
d12-s7,shadow_fp32,1261,0.5003968253968254,-0.0855647762737202,-0.04844651430841136,-0.0498279333114624,0.03573684296225779,-0.0013814190030510404,-0.027723786865012503,597.7029051743219,1.799981951713562,1.7501540184020996,10.823801109121586,148.07226164716096,0.07423652393061766,0.07309810081049109,72.94483498099834,0.0,1.0,0.6170058219889594
d12-s7,shadow_fp32,1386,0.55,0.019272011515541587,0.04750001345272931,0.04665875434875488,0.027386742833213296,-0.0008412591039744302,-0.017710712962463217,557.5651593573068,1.7178516387939453,1.7645103931427002,10.08199986691819,109.23757290289501,0.05645600387437545,0.09229425003684788,61.36339545856726,0.0,1.0,0.5606467588760858
d12-s7,shadow_fp32,1512,0.6,-0.07786470593747047,-0.04724449246380235,-0.04879355430603027,0.029071151631440195,-0.0015490618422279237,-0.03174726383965185,496.8683886568325,1.7048933506011963,1.656099796295166,11.79125142330376,153.83214556496733,0.06124042694733624,0.07665011353770664,76.0184848943313,0.0,1.0,0.5893156003881784
d12-s7,shadow_fp32,1638,0.65,-0.029698026422254668,-0.0115693790517514,-0.011751770973205566,0.0179462554490491,-0.00018239192145416694,-0.015520377470768164,449.2651132580619,1.6356440782546997,1.6238923072814941,10.520826860211528,77.94194361071344,0.036257294741006536,0.13498286510224256,44.08140921791231,0.0,1.0,0.5451183790883966
d12-s7,shadow_fp32,1764,0.7,-0.01498052818549861,-0.002658414552027354,-0.002817869186401367,0.012162658999097242,-0.00015945463437401323,-0.05658695412246901,391.98374152002106,1.600689172744751,1.5978713035583496,11.317276405058374,102.78759160728944,0.02464422726694251,0.11010352736249714,59.84492371852204,0.0,1.0,0.5105548558897803
d12-s7,shadow_fp32,1890,0.75,-0.01701856658386481,-0.008851240136667795,-0.0091172456741333,0.007901320909731509,-0.00026600553746550584,-0.02917608529736068,339.3600090350851,1.533482551574707,1.5243653059005737,12.829441631012354,172.1468385368341,0.01633465289439403,0.07452615302178349,85.8324484762081,0.0,1.0,0.5599428097647936
d12-s7,shadow_fp32,2016,0.8,-0.006828591278912603,-0.002842906037161119,-0.0028737783432006836,0.00395481293571192,-3.0872306039564715e-05,-0.010742758261996138,281.5511478037834,1.5292346477508545,1.5263608694076538,12.933477286114702,162.4352958425821,0.007971370483502969,0.07962233342837435,83.63023801981873,0.0,1.0,0.5400816459849157
d12-s7,shadow_fp32,2142,0.85,0.0038805547114727,0.00629631361801216,0.006289482116699219,0.002408927405226519,-6.831501312941357e-06,-0.0010850001647627844,224.55596143165766,1.4872875213623047,1.493577003479004,12.453614419349552,163.94473236562118,0.004831517813078921,0.07596227240516723,83.42190844956565,0.0,1.0,0.5568902809223567
d12-s7,shadow_fp32,2268,0.9,0.002945710621774668,0.004137498069029648,0.004132747650146484,0.0011870370283718163,-4.750418883163812e-06,-0.0011481380302560261,163.57356756934382,1.459455966949463,1.4635887145996094,12.783177802550709,162.1712706675336,0.002383574894509961,0.0788251689089705,83.28752371078218,0.0,1.0,0.5445961350308337
d12-s7,shadow_fp32,2394,0.95,-0.001284420417968559,-0.0008754941182388966,-0.0008748769760131836,0.00040954344195537535,6.171422257130431e-07,0.0007049073350195176,100.34143871201437,1.4224791526794434,1.4216042757034302,12.431340953626686,140.1520141555586,0.0008178525994593247,0.08869898180577553,74.8325821632381,0.0,1.0,0.5311896731137427
d12-s7,shadow_fp32,2520,1.0,0.001915599398869439,0.002016547439410733,0.0020166635513305664,0.00010106415246112737,1.1611191983330188e-07,5.757624753851125e-05,34.787689252278184,1.3954180479049683,1.3974347114562988,12.259183066564987,126.51413350331602,0.00020189608108258777,0.09689971173255252,70.97419166731912,0.0,1.0,0.5091055425321235
d12-s8,native,1,0.0003968253968253968,-0.03534665144411659,-0.035204346721045186,-0.03511810302734375,0.0002285484167728405,8.624369370143631e-05,0.002449802417434997,33.01294544931292,10.398523330688477,10.363405227661133,4.376791579485127,0.0049952703128973135,0.0002846094461428021,,0.6208241681846601,2.0,2.0,0.0038460280389532382
d12-s8,native,2,0.0007936507936507937,-0.06679849604193111,-0.06773671093296427,-0.06724739074707031,-0.00044889470513920227,0.0004893201858939544,0.0072238551171787905,51.71394790440128,10.363405227661133,10.296157836914062,4.378900387091694,0.004631079774202242,-0.0018764297820663203,,0.6481068143478923,2.0,2.0,0.003414704614820363
d12-s8,native,3,0.0011904761904761906,-0.10302310760458805,-0.10746306174913989,-0.1060342788696289,-0.0030111712650408573,0.0014287828795109814,0.013295572043594944,69.69004422972924,10.296157836914062,10.190123558044434,4.4021476728222195,-0.005038904775583949,-0.008879908289103667,,0.722760468722446,2.0,2.0,-0.0033228402062113827
d12-s8,native,5,0.001984126984126984,-0.23222341077456576,-0.2592324579650438,-0.26238250732421875,-0.030159096549652986,-0.0031500493591749557,-0.0120055616180332,126.50251549415786,10.024406433105469,9.76202392578125,4.660283530757825,-0.292076942665349,-0.05401809438095609,,1.2605555086881872,2.0,2.0,-0.10733197711502082
d12-s8,native,9,0.0035714285714285713,-0.7525849859680848,-0.5036792424223338,-0.3795595169067383,0.3730254690613465,0.12411972551559547,0.24642612810222064,270.9484504881861,7.630566596984863,7.251007080078125,18.44699408777835,176.61791075574055,0.4978114870915019,0.10444577228234919,101.11900604049889,2.0,2.0,0.40666720120659244
d12-s8,native,17,0.006746031746031746,-0.12880123853163675,-0.08322761562142605,-0.08352422714233398,0.04527701138930276,-0.0002966115209079301,-0.0035512034179313403,377.6239238110689,5.3134541511535645,5.2299299240112305,4.09921092097401,10.222138924503412,0.0911472458204214,0.40101303173916203,8.394000949652014,2.0,2.0,0.6014819962115915
d12-s8,native,33,0.013095238095238096,-0.1331236797398856,-0.016900013127801497,-0.03335380554199219,0.0997698741978934,-0.01645379241419069,-0.49331079757827007,597.0761920173471,4.8535966873168945,4.820242881774902,3.3134796448658594,4.6570499303629855,0.2324473332241682,0.7114975562668266,4.404169705124355,2.0,2.0,0.5809044394568065
d12-s8,native,41,0.01626984126984127,-0.2085396076967381,-0.08846548701285072,-0.10456323623657227,0.10397637146016583,-0.01609774922372155,-0.1539522857469781,735.3207273706414,4.622559070587158,4.517995834350586,3.2301748115627724,4.767757531045983,0.24014824136777477,0.6775040027788735,4.329761843157659,2.0,2.0,0.6126848462246828
d12-s8,native,65,0.025793650793650792,-0.20543240376914262,-0.11305270894527417,-0.11473894119262695,0.09069346257651567,-0.0016862322473527869,-0.01469625072207955,860.8701060751855,3.9769129753112793,3.8621740341186523,2.946476964885807,6.151373903855264,0.18475938964773692,0.47899493851920705,5.320037664965059,2.0,2.0,0.6736059175858256
d12-s8,native,127,0.0503968253968254,-0.08609053615839261,0.052522049254586214,0.04459095001220703,0.13068148617059966,-0.007931099242379183,-0.15100513698419032,1183.6339646480233,2.9327969551086426,2.9773879051208496,2.906592948078434,3.591657670530976,0.27722517082595766,0.8092622445414557,5.207410548519548,2.0,2.0,0.4045582016198336
d12-s8,native,253,0.1003968253968254,-0.07252787547418563,0.07646368317615401,0.04940390586853027,0.1219317813427159,-0.02705977730762374,-0.3538905815625503,798.7063184314208,2.393291473388672,2.442695379257202,4.270298478539252,6.2526121723592665,0.2979831173006793,0.6829623141215813,8.142827667061551,2.0,2.0,0.3715841085190868
d12-s8,native,379,0.1503968253968254,-0.15213973034879322,-0.052601605471341795,-0.05632734298706055,0.09581238736173267,-0.0037257375157187522,-0.06614438597919707,745.1625986514217,2.1810660362243652,2.1247386932373047,4.419523180694679,9.658288920350365,0.19907624975490285,0.4575886284973918,10.49081801721786,2.0,2.0,0.43792842105905655
d12-s8,native,401,0.15912698412698412,-0.02230916714790438,0.04610428938201149,0.039021968841552734,0.061331135989457115,-0.007082320540458757,-0.15361521965507327,747.3352092818327,2.1702113151550293,2.209233283996582,4.040046775007337,6.946034692060469,0.13682691305983175,0.5816335440456746,8.731556592348047,2.0,2.0,0.39577839067964204
d12-s8,native,505,0.2003968253968254,-0.10981829100708038,-0.0563447953018788,-0.05987071990966797,0.04994757109741241,-0.003525924607789166,-0.05889230350176225,724.7753248926746,2.01816725730896,1.958296537399292,3.7336032341352445,8.646284689308247,0.10694699141040315,0.43181590339630077,8.874961532493602,2.0,2.0,0.5041955052247767
d12-s8,native,631,0.2503968253968254,-0.13645747784953915,-0.08163219104448774,-0.0738985538482666,0.06255892400127255,0.007733637196221138,0.09473759184053356,724.8620538442336,2.023183822631836,1.9492852687835693,3.9002570686258022,5.0206419624151915,0.10965057361010283,0.7768442955748182,9.554691718264877,2.0,2.0,0.2660700285122666
d12-s8,native,757,0.3003968253968254,-0.09115642122445952,-0.01925238710897348,-0.021618962287902832,0.06953745893655669,-0.002366575178929353,-0.10946756589947894,740.9924173195923,1.9173921346664429,1.89577317237854,4.218549451035187,13.550000462355626,0.14380806823097209,0.3113320521836946,12.374016660935672,2.0,2.0,0.5331470879014589
d12-s8,native,883,0.3503968253968254,0.0032191141610509073,0.055507842310561425,0.05817699432373047,0.054957880162679565,0.0026691520131690433,0.04587985412784196,750.17450135845,1.9087998867034912,1.9669768810272217,4.406044535847381,12.467359999848549,0.10457745629902103,0.35340637760527527,11.780868815968455,2.0,2.0,0.5041650532180605
d12-s8,native,1009,0.4003968253968254,-0.004889108413658746,0.036932485673044496,0.03880441188812256,0.04369352030178131,0.0018719262150780624,0.048240035707151914,694.9052264613831,1.9387754201889038,1.9775798320770264,4.733094894378744,12.777896274917083,0.08364318817340648,0.37041268707664926,12.637327534686866,2.0,2.0,0.46476296195859224
d12-s8,native,1135,0.4503968253968254,-0.07152665802646577,-0.03966336832619716,-0.04085731506347656,0.030669342962989204,-0.0011939467372794055,-0.029222349423217633,641.9849775166455,1.9298701286315918,1.8890128135681152,6.332628224559833,28.82258089081562,0.06372657940053722,0.21971065840872492,22.91480924135055,2.0,2.0,0.49983265312222147
d12-s8,native,1261,0.5003968253968254,-0.030468786459756293,0.012340477548761018,0.008130788803100586,0.03859957526285688,-0.004209688745660432,-0.3411285121687276,597.7934784580508,1.7268075942993164,1.734938383102417,6.003167729939088,22.95653566955253,0.08561852801703462,0.26150146591591983,19.417828330921893,2.0,2.0,0.48252014969708085
d12-s8,native,1386,0.55,-0.016762174945318564,0.012879534919197019,0.011793017387390137,0.0285551923327087,-0.001086517531806882,-0.08435999736197163,552.1323263530812,1.7510402202606201,1.7628332376480103,7.6524944165536954,48.36935676014204,0.059283419729031166,0.15820955516323107,36.06061295304248,2.0,2.0,0.48488159180671114
d12-s8,native,1512,0.6,-0.05919600299549142,-0.03404030414379479,-0.03587913513183594,0.023316867863655485,-0.0018388309880411485,-0.05125070549455732,499.0647319936152,1.6948134899139404,1.6589343547821045,8.032976409168679,52.07491490576668,0.05031139770339326,0.15425808037718217,36.245159720749406,2.0,2.0,0.5069210260978078
d12-s8,native,1638,0.65,-0.05262044535169236,-0.038719842614232114,-0.040457725524902344,0.012162719826790014,-0.0017378829106702298,-0.04295552674112974,448.57704557468935,1.7049005031585693,1.664442777633667,9.57726051596307,98.37244766906335,0.027801205474920487,0.09735714361995056,56.67278358498987,2.0,2.0,0.5608907562030829
d12-s8,native,1764,0.7,0.003337006650635079,0.015551444174718255,0.015167713165283203,0.011830706514648124,-0.0003837310094350517,-0.024674943698082867,395.3803660889621,1.637777328491211,1.6529450416564941,8.889599468755847,69.61356281942065,0.024428875048166352,0.1276992457894404,44.93512920134945,2.0,2.0,0.5195971614576566
d12-s8,native,1890,0.75,-0.015143946616641845,-0.006831440817372039,-0.0059708356857299805,0.009173110930911865,0.0008606051316420588,0.12597710419353697,339.8454025678647,1.570911169052124,1.564940333366394,9.993810753407384,94.62220299370198,0.016625011598539612,0.10561803083439697,55.76446820588254,2.0,2.0,0.5367473754453981
d12-s8,native,2016,0.8,-0.0101965871030225,-0.0070723632942868535,-0.005975842475891113,0.004220744627131387,0.0010965208183957402,0.15504305601516877,281.864718961602,1.5735667943954468,1.5675909519195557,10.176830593741537,92.42838391553596,0.0062484476174712944,0.11010503659829704,56.14387599629891,2.0,2.0,0.5160558378349163
d12-s8,native,2142,0.85,0.008151085697055353,0.010353082635015519,0.008718729019165039,0.0005676433221096858,-0.0016343536158504798,-0.1578615445725195,224.7778053822661,1.5276801586151123,1.5363988876342773,10.282854278228568,100.94189254380922,0.004403993875920332,0.10186904583511514,59.64647978135899,2.0,2.0,0.5277518748031261
d12-s8,native,2268,0.9,0.0031341599505368776,0.004571766926344357,0.004155755043029785,0.0010215950924929076,-0.00041601188331457165,-0.09099586440361693,163.3438621536917,1.5043065547943115,1.5084623098373413,10.10796204493627,88.83537465203901,0.002875213951614959,0.11378307441746424,54.64315144298716,2.0,2.0,0.511350162730419
d12-s8,native,2394,0.95,-0.0026738794331077004,-0.002318397720417786,-0.0017681121826171875,0.0009057672504905129,0.0005502855378005985,0.23735596914813845,100.28761856160402,1.484889268875122,1.4831211566925049,10.617058704149796,105.58523425439392,0.0007109634253798292,0.10055438887003244,60.84125617980939,2.0,2.0,0.5326021388604256
d12-s8,native,2520,1.0,0.0012001394016124068,0.001284677434442492,0.0030063390731811523,0.0018061996715687456,0.0017216616387386603,0.5726771321629024,34.78730351631698,1.4470733404159546,1.4500796794891357,10.481038443007144,95.07120569271598,0.00016907606566017044,0.11024408880311659,57.416168007486476,2.0,2.0,0.5114611380860903
d12-s8,shadow_fp32,1,0.0003968253968253968,-0.03534636861214213,-0.035204860040704694,-0.03520011901855469,0.00014624959358744416,4.741022150006602e-06,0.00013466953552790495,33.01294544931292,10.39851188659668,10.363311767578125,4.377751518551678,0.004986901465134238,0.00028301714287487577,877.8500135121153,0.6209982777604061,1.0,1.0,0.0038380872022656548
d12-s8,shadow_fp32,2,0.0007936507936507937,-0.06678958089071599,-0.0677473869911846,-0.06773853302001953,-0.000948952129303543,8.853971165068142e-06,0.00013069096179636028,51.71394790440128,10.363311767578125,10.295573234558105,4.379123878160103,0.004594376637708098,-0.0019156122009372346,953.1486474614816,0.6472046202295308,1.0,1.0,0.0033922774900450392
d12-s8,shadow_fp32,3,0.0011904761904761906,-0.10337617991363479,-0.10795938291316974,-0.10800838470458984,-0.004632204790955052,-4.900179142010297e-05,-0.00045368506856320595,69.69004422972924,10.295573234558105,10.187564849853516,4.404635780141338,-0.005575797167275218,-0.009166405999069902,,0.7246674982134679,1.0,1.0,-0.003666174921826589
d12-s8,shadow_fp32,5,0.001984126984126984,-0.23799209964450996,-0.26585455524476215,-0.26793479919433594,-0.02994269954982598,-0.00208024394957379,-0.007763993164863095,126.50251549415786,10.016189575195312,9.748254776000977,4.695894900163975,-0.32965714672602303,-0.055724911200504365,,1.3095201068089986,1.0,1.0,-0.11616923785066684
d12-s8,shadow_fp32,9,0.0035714285714285713,-0.750623623123924,-0.5014529605629108,-0.38022327423095703,0.370400348892967,0.12122968633195375,0.24175684633682532,270.9484504881861,7.631418228149414,7.251194953918457,18.451672250057108,178.84657780307367,0.49834132512202645,0.10317039597131165,101.65200645377409,0.0,1.0,0.40958761223676904
d12-s8,shadow_fp32,17,0.006746031746031746,-0.12880913060255816,-0.08316780096289718,-0.08297491073608398,0.04583421986647418,0.00019289022681319434,0.002319289732083292,377.6239238110689,5.313449859619141,5.230474948883057,4.0982445568733485,10.209731474864777,0.09128265927932197,0.4014057144365423,8.388140349543585,0.0,1.0,0.6012425334349936
d12-s8,shadow_fp32,33,0.013095238095238096,-0.13262932315934486,-0.016415753191998922,-0.03239631652832031,0.10023300663102455,-0.01598056333632139,-0.4932833435662802,597.0761920173471,4.852974891662598,4.820578575134277,3.3120933072303944,4.654218244906793,0.23242713993469188,0.7116325734949981,4.4021545120935395,0.0,1.0,0.5809385292354444
d12-s8,shadow_fp32,41,0.01626984126984127,-0.20849087835608315,-0.0883100648635741,-0.10455799102783203,0.10393288732825112,-0.016247926164257936,-0.15539631169781123,735.3207273706414,4.622217178344727,4.5176591873168945,3.2273500378849422,4.761068310071593,0.24036162698501812,0.6778625778289687,4.327025746154284,0.0,1.0,0.6124799800135952
d12-s8,shadow_fp32,65,0.025793650793650792,-0.2054249475241212,-0.1128860636802099,-0.11310768127441406,0.09231726624970713,-0.00022161759420416538,-0.001959350520735122,860.8701060751855,3.975722551345825,3.862614870071411,2.9438169528664266,6.148427635057807,0.18507776768782258,0.4787918355062089,5.31874834918394,0.0,1.0,0.6737506889303534
d12-s8,shadow_fp32,127,0.0503968253968254,-0.08674973952016152,0.05250096180404812,0.04543137550354004,0.13218111502370156,-0.0070695863005080795,-0.13465631976218337,1183.6339646480233,2.931997060775757,2.977428436279297,2.916721055765796,3.744755679347188,0.27850140264841927,0.7788815360777447,5.392451627607319,0.0,1.0,0.40662097903903077
d12-s8,shadow_fp32,253,0.1003968253968254,-0.07186264431858122,0.07639398369148323,0.04949522018432617,0.12135786450290739,-0.02689876350715706,-0.35210578382438595,798.7063184314208,2.3929519653320312,2.4424471855163574,4.23308150062229,5.853803963061918,0.2965132560201289,0.7231334577197072,7.809685508047123,0.0,1.0,0.36431438004590816
d12-s8,shadow_fp32,379,0.1503968253968254,-0.15186492815932887,-0.052320594129567105,-0.05783224105834961,0.09403268710097926,-0.005511646928782504,-0.09530405234031221,745.1625986514217,2.1821722984313965,2.124340057373047,4.406302170777906,9.50186874007483,0.19908866805952352,0.463730061034626,10.368270695040112,0.0,1.0,0.43658173382151605
d12-s8,shadow_fp32,401,0.15912698412698412,-0.022230580615418834,0.04600484680563787,0.039244651794433594,0.06147523240985243,-0.006760195011204277,-0.14694527817394706,747.3352092818327,2.169174909591675,2.2084195613861084,4.017367080054947,6.639395510659162,0.1364708548421134,0.6050802476829854,8.489398795339026,0.0,1.0,0.3901942335179556
d12-s8,shadow_fp32,505,0.2003968253968254,-0.1100507619437896,-0.05681728573124724,-0.059113502502441406,0.05093725944134819,-0.0022962167711941678,-0.03884420096913278,724.7753248926746,2.0168895721435547,1.9577760696411133,3.712056785738703,8.396267594616255,0.10646695242508472,0.4421079657012003,8.676950811954656,0.0,1.0,0.5022406150750307
d12-s8,shadow_fp32,631,0.2503968253968254,-0.13656391832026812,-0.08176176674657115,-0.07305240631103516,0.06351151200923297,0.008709360435535995,0.1065211868834921,724.8620538442336,2.0228211879730225,1.9497687816619873,3.8810842833730463,4.812627628532099,0.10960430314739394,0.8064376849693682,9.39077689095571,0.0,1.0,0.2601382415891369
d12-s8,shadow_fp32,757,0.3003968253968254,-0.09103128301857022,-0.019206328250059065,-0.022208690643310547,0.06882259237525967,-0.0030023623932514815,-0.13518862689709352,740.9924173195923,1.9175608158111572,1.8953521251678467,4.20138182415271,13.396606036507782,0.1436499095370223,0.3136153898012159,12.296497420631413,0.0,1.0,0.5315171557564863
d12-s8,shadow_fp32,883,0.3503968253968254,0.003190564751327074,0.055595298697064935,0.05836629867553711,0.05517573392421003,0.0027709999784721745,0.04747602711414653,750.17450135845,1.907652497291565,1.966018795967102,4.397648862406893,12.414887969033433,0.10480946789147572,0.3542238055934124,11.733259874090017,0.0,1.0,0.5045611878332701
d12-s8,shadow_fp32,1009,0.4003968253968254,-0.0045672637208184885,0.03721983971505702,0.03631114959716797,0.04087841331798646,-0.0009086901178890494,-0.024414133022755746,694.9052264613831,1.9393093585968018,1.9756205081939697,4.737616342335711,12.721838895213468,0.08357420687175102,0.37240027808544385,12.622988337372595,0.0,1.0,0.46302854613254885
d12-s8,shadow_fp32,1135,0.4503968253968254,-0.07131232013411344,-0.03943503006965943,-0.03958559036254883,0.03172672977156461,-0.0001505602928894012,-0.0038034115826107123,641.9849775166455,1.9289989471435547,1.8894133567810059,6.33763160282011,28.991784372060817,0.06375458012890803,0.21860094989281317,23.037180143610087,0.0,1.0,0.4998988437046752
d12-s8,shadow_fp32,1261,0.5003968253968254,-0.030797873230989828,0.01197874972426962,0.01018524169921875,0.04098311493020858,-0.0017935080250508703,-0.1497241420293741,597.7934784580508,1.726414680480957,1.7365999221801758,5.986436589884637,22.739956573255988,0.0855532459105189,0.26325628945682183,19.31499513652803,0.0,1.0,0.48118361936825954
d12-s8,shadow_fp32,1386,0.55,-0.01672536403482066,0.01288834464637148,0.010822415351867676,0.027547779386688336,-0.0020659292945038044,-0.1602943862216965,552.1323263530812,1.7518160343170166,1.7626384496688843,7.649081122703186,48.441263743443145,0.05922741736238428,0.15790424385322815,36.15639676145551,0.0,1.0,0.4844240404195243
d12-s8,shadow_fp32,1512,0.6,-0.05907006025133708,-0.033947651086606134,-0.034900665283203125,0.024169394968133952,-0.0009530141965969907,-0.0273064765059265,499.0647319936152,1.6948001384735107,1.6598994731903076,8.047744796744231,52.373778854559475,0.05024481832946188,0.1536598078800576,36.38874503713965,0.0,1.0,0.5073524174746181
d12-s8,shadow_fp32,1638,0.65,-0.052936622950490696,-0.039025420989177946,-0.039404988288879395,0.013531634661611301,-0.0003795672997014485,-0.009632468278351637,448.57704557468935,1.7029147148132324,1.663509726524353,9.605097410527101,99.45628821009375,0.027822403922625503,0.0965760695818154,57.09764096260711,0.0,1.0,0.562034784199295
d12-s8,shadow_fp32,1764,0.7,0.0033588187828393285,0.015609766125628269,0.01533055305480957,0.011971734271970243,-0.0002792130708186985,-0.01788707585825285,395.3803660889621,1.6373076438903809,1.6526381969451904,8.920033049698036,70.38731624923406,0.024501894685577882,0.12672784707564555,45.27135846308894,0.0,1.0,0.5205802027742842
d12-s8,shadow_fp32,1890,0.75,-0.015140725723287687,-0.006840069792518586,-0.007002115249633789,0.008138610473653898,-0.00016204545711520288,-0.023142357893020663,339.8454025678647,1.5713000297546387,1.5642979145050049,10.006140146945533,94.92147089292698,0.016601311861538202,0.10541492933914423,55.9615054436957,0.0,1.0,0.5362184828949383
d12-s8,shadow_fp32,2016,0.8,-0.010241167181578316,-0.007109459990252834,-0.007063508033752441,0.003177659147825874,4.5951956500392584e-05,0.00646349463438761,281.864718961602,1.5745190382003784,1.567455530166626,10.16145000436655,91.75295087994515,0.006263414382650963,0.11074793679020065,55.91939457478376,0.0,1.0,0.5147303039668621
d12-s8,shadow_fp32,2142,0.85,0.008179688512550236,0.010383150187416295,0.010391592979431152,0.0022119044668809165,8.442792014857342e-06,0.0008124636936385773,224.7778053822661,1.5264310836791992,1.5368226766586304,10.255665663531577,100.36568802282375,0.00440692334973212,0.10218298569526449,59.50829057241195,0.0,1.0,0.5266545783571712
d12-s8,shadow_fp32,2268,0.9,0.0031746602041861933,0.004613266585486291,0.004610776901245117,0.001436116697058924,-2.4896842411737535e-06,-0.0005396792478905297,163.3438621536917,1.5039660930633545,1.5085768699645996,10.102899911711592,88.59942124606692,0.002877212762600196,0.11402896056908585,54.54976505508136,0.0,1.0,0.5109930287544194
d12-s8,shadow_fp32,2394,0.95,-0.0027041218699315295,-0.0023500143239991453,-0.002348780632019043,0.0003553412379124865,1.2336919801023485e-06,0.0005249721108094817,100.28761856160402,1.4836441278457642,1.4812953472137451,10.644668546413179,105.90240667062449,0.0007082150918647683,0.10051394374369613,60.90067729495773,0.0,1.0,0.5329882509669045
d12-s8,shadow_fp32,2520,1.0,0.0012205158353377394,0.0013057016448766465,0.0013059377670288086,8.542193169106915e-05,2.3612215216211284e-07,0.00018080658827971858,34.78730351631698,1.44730544090271,1.4486113786697388,10.470963731571633,95.06957184561833,0.00017037161907781413,0.11014001144945969,57.44348523261391,0.0,1.0,0.5114550000195646
d12-s9,native,1,0.0003968253968253968,-0.03547373118514199,-0.035380567947365514,-0.03527355194091797,0.00020017924422402467,0.00010701600644754533,0.0030247113784818112,33.02409183683824,10.396719932556152,10.361446380615234,4.372324825139718,0.0015570385224365935,0.000186326475552963,,0.6472239412572908,2.0,2.0,0.0011505051694917024
d12-s9,native,2,0.0007936507936507937,-0.06721170361137105,-0.06813851421446372,-0.06774616241455078,-0.0005344588031797326,0.00039235179991294056,0.0057581502097041075,51.83510439056026,10.361446380615234,10.293700218200684,4.3763048669219575,0.0030791477550659416,-0.0018536212061853415,,0.6220067443131014,2.0,2.0,0.002366364553622338
d12-s9,native,3,0.0011904761904761906,-0.1031561153130555,-0.1075131843867889,-0.10599422454833984,-0.002838109235284339,0.0015189598384490605,0.014128126211799829,69.99649106807578,10.293700218200684,10.187705993652344,4.400188486171618,-0.001719204796654414,-0.008714138147466808,,0.6865636222636641,2.0,2.0,-0.0011937439554445793
d12-s9,native,5,0.001984126984126984,-0.23163102603111912,-0.25805219979044725,-0.2595043182373047,-0.027873292206185563,-0.0014521184468574422,-0.005595739048664104,126.66231374179974,10.022305488586426,9.762801170349121,4.644057819590662,-0.2228617827374913,-0.05284234751865626,,1.1494167085937657,2.0,2.0,-0.08997239581282894
d12-s9,native,9,0.0035714285714285713,-0.8870181679478387,-0.37624454252167927,-0.09590530395507812,0.7911128639927606,0.28033923856660115,0.7450984848516387,300.8975630845342,7.650117874145508,7.55421257019043,14.620651349896606,-0.443750815519222,1.021547250852319,,17.744494282311035,2.0,2.0,-0.006540217288103572
d12-s9,native,17,0.006746031746031746,-0.12644573121876193,-0.07673695707786679,-0.07610893249511719,0.05033679872364474,0.0006280245827496034,0.00818412153237106,383.70039286459735,5.402894020080566,5.326785087585449,3.8626418042568886,9.356777654568484,0.09941754828179028,0.4128175261673487,8.571228724229174,2.0,2.0,0.5554449297613474
d12-s9,native,33,0.013095238095238096,-0.07690955408726818,0.009139784629031603,0.0003490447998046875,0.07725859888707287,-0.008790739829226915,-0.9618103911665509,566.6487027311508,4.858039855957031,4.858388900756836,3.0599253448444603,3.8830520159448834,0.17209867743259957,0.7880206941033914,4.060054138734393,2.0,2.0,0.5467464452792248
d12-s9,native,41,0.01626984126984127,-0.11693219501115677,-0.024087510838195367,-0.032161712646484375,0.0847704823646724,-0.008074201808289008,-0.25105011965746815,697.3676157400288,4.666311740875244,4.63415002822876,2.9532383429902946,3.507317354739025,0.1856893683459228,0.8420219912520694,3.605157545966962,2.0,2.0,0.5661109649649299
d12-s9,native,65,0.025793650793650792,-0.1460002515339848,-0.06148146212147357,-0.06598424911499023,0.08001600241899456,-0.0045027869935166664,-0.06824033089578234,812.4751402130801,4.01993465423584,3.9539504051208496,2.4403863495770852,3.836504616033708,0.16903757882502246,0.6360962891529187,3.9677176339687503,2.0,2.0,0.6189644039702391
d12-s9,native,127,0.0503968253968254,-0.1346041148198176,-0.0015140250597446003,-0.0069272518157958984,0.1276768630040217,-0.005413226756051298,-0.7814392922324207,1132.2297381608569,3.0406646728515625,3.0337374210357666,2.8745494251094588,14.31965309591007,0.266180179520146,0.20074155469104749,16.110696076902414,2.0,2.0,0.5242437987629095
d12-s9,native,253,0.1003968253968254,-0.21656187702116303,-0.09561656992622082,-0.10679960250854492,0.10976227451261811,-0.011183032582324101,-0.10471043262009667,829.5814581221454,2.5055813789367676,2.3987817764282227,4.3413389405805685,9.914834709528336,0.24189061418988442,0.4378629667329162,10.895453285236457,2.0,2.0,0.4367453890542769
d12-s9,native,379,0.1503968253968254,-0.13398131475162559,-0.06581995616751199,-0.07049894332885742,0.06348237142276816,-0.004678987161345433,-0.06636960698147339,766.7165526953736,2.202960968017578,2.1324620246887207,4.341709120037191,10.200433556487901,0.1363227171682272,0.4256396648234312,11.203708466149264,2.0,2.0,0.4369446940451145
d12-s9,native,401,0.15912698412698412,0.018386734965953416,0.0966962819025252,0.08896470069885254,0.07057796573289912,-0.007731581203672663,-0.07995737841778128,764.4937859907001,2.1252143383026123,2.214179039001465,3.9038555737657443,6.316094853790887,0.15661909387314357,0.618080580506588,8.697394861746712,2.0,2.0,0.36754674833538087
d12-s9,native,505,0.2003968253968254,-0.04596483355765412,0.016348279982219403,0.012909650802612305,0.058874484360266426,-0.0034386291796070986,-0.2103358385926223,745.6948708781354,2.0224130153656006,2.035322666168213,3.4781994781751493,6.867728519326717,0.12462622707974705,0.506455586936354,8.003132327722238,2.0,2.0,0.4601250510264044
d12-s9,native,631,0.2503968253968254,-0.09997514200063898,-0.03175432412148518,-0.03411757946014404,0.06585756254049493,-0.0023632553386588595,-0.06926796613515916,733.1370751307497,1.9970729351043701,1.962955355644226,3.9741929666080917,9.380064633810878,0.1364416357583076,0.4236850300884845,9.796033587639068,2.0,2.0,0.4803204640966717
d12-s9,native,757,0.3003968253968254,-0.07522914902579593,0.0032870455292486472,0.0006030797958374023,0.07583222882163333,-0.002683965733411245,-0.8165283107668867,751.2659726397479,1.8885518312454224,1.8891549110412598,4.115483130630537,9.926910833500951,0.15703238911008915,0.41457843226935864,10.664558265916673,2.0,2.0,0.4588395410105268
d12-s9,native,883,0.3503968253968254,-0.06855831449564925,-0.011710796197941548,-0.017280101776123047,0.051278212719526206,-0.005569305578181499,-0.3222958782497996,750.7029147140507,1.9246569871902466,1.9073768854141235,4.313815600419035,10.453672466813995,0.11369503659541541,0.4126602984849183,10.370499048565328,2.0,2.0,0.48533146051141784
d12-s9,native,1009,0.4003968253968254,-0.0689079385457379,-0.030629277978891076,-0.030869603157043457,0.038038335388694444,-0.0002403251781523813,-0.007785172259253575,697.2816053830189,1.8757421970367432,1.8448725938796997,5.049840679104085,17.782841374264642,0.07655732113369365,0.2839726550343199,15.77872204862884,2.0,2.0,0.5015225793166751
d12-s9,native,1135,0.4503968253968254,0.003796640324440788,0.03750365617122791,0.03825783729553223,0.034461196971091436,0.0007541811243043164,0.01971311442616204,654.0769306572109,1.7768564224243164,1.8151142597198486,6.077254982446798,33.726648762912,0.06741403169357424,0.18019148671331198,24.731852948781547,2.0,2.0,0.5531753318175063
d12-s9,native,1261,0.5003968253968254,-0.016959466162708964,0.016511748416621348,0.016270756721496582,0.033230222884205546,-0.0002409916951247662,-0.0145951651541744,604.9194479048396,1.783376932144165,1.7996476888656616,8.44795293866118,72.53156063822082,0.06694242915866062,0.11647278597517856,42.21573314458159,2.0,2.0,0.5911217554954653
d12-s9,native,1386,0.55,-0.06537862957905,-0.03170888249941465,-0.0324479341506958,0.032930695428354195,-0.0007390516512811515,-0.022776539420008148,555.4534250464508,1.7255609035491943,1.6931129693984985,8.873995671831384,99.28879357464834,0.0673394941592707,0.08937560174058963,55.926367574253,2.0,2.0,0.5959694730416114
d12-s9,native,1512,0.6,-0.07413601162711668,-0.05072048772188519,-0.053489089012145996,0.020646922614970684,-0.002768601290260804,-0.05176011297616465,500.3573765333404,1.6986558437347412,1.6451667547225952,10.199525316020395,124.56682109900765,0.046831047810462975,0.08187995186867339,64.58043910875283,2.0,2.0,0.6039644937464476
d12-s9,native,1638,0.65,-0.044719273821475766,-0.029878982359465116,-0.032060980796813965,0.012658293024661801,-0.002181998437348849,-0.06805775690947308,448.6886522177683,1.658918023109436,1.626857042312622,9.796062998980297,104.64703984199942,0.0296805829240213,0.09361051219194362,59.878138141181914,2.0,2.0,0.5583838841246523
d12-s9,native,1764,0.7,-0.026582197397835166,-0.013014607507428638,-0.011288642883300781,0.015293554514534385,0.001725964624127857,0.1326174933160827,395.7583049745307,1.583069086074829,1.5717804431915283,11.310303411066501,145.7437127079123,0.027135179780813055,0.0776040571556846,73.78532143440353,2.0,2.0,0.5873307340313335
d12-s9,native,1890,0.75,0.009664525187739555,0.018270813263060785,0.017053961753845215,0.00738943656610566,-0.0012168515092155704,-0.06660083991311723,341.1256556256367,1.533267855644226,1.5503218173980713,10.713202457911487,121.18478410677406,0.017212576150642464,0.08840385809882079,67.15591831374623,2.0,2.0,0.5513205048483332
d12-s9,native,2016,0.8,-0.021048446239236508,-0.01602699755803024,-0.01695537567138672,0.004093070567849789,-0.0009283781133564775,-0.05475420488165149,281.86015996887454,1.5549033880233765,1.5379480123519897,11.08182332509968,130.6720192006517,0.010042897362412536,0.08480639843854507,69.5642060010022,2.0,2.0,0.5642754535964307
d12-s9,native,2142,0.85,0.002493423853015133,0.004994973886806584,0.007271170616149902,0.004777746763134769,0.0022761967293433187,0.3130440543215542,224.86425543102536,1.5035325288772583,1.5108036994934082,11.228342056326834,134.9235733382967,0.005003100067582901,0.08322001692153362,74.00144197346307,2.0,2.0,0.544113918119599
d12-s9,native,2268,0.9,5.0781215021623466e-05,0.00134579653843237,0.00023353099822998047,0.000182749783208357,-0.0011122655402023896,-0.8264737710634883,163.71930808063138,1.470536231994629,1.4707697629928589,11.219056702818031,141.66943490026682,0.002590030646821493,0.07919179398658631,77.69285586549124,2.0,2.0,0.5443984804922031
d12-s9,native,2394,0.95,-0.0038930019685537946,-0.003562355897274463,-0.004385709762573242,-0.0004927077940194476,-0.000823353865298779,-0.18773560264409514,100.27359883992341,1.4543429613113403,1.449957251548767,11.212800913020601,125.73966473613581,0.0006612921425586625,0.08917473206685114,71.73263738517309,2.0,2.0,0.5234780110801651
d12-s9,native,2520,1.0,0.0012144743169653013,0.001297166134311034,0.0026650428771972656,0.0014505685602319643,0.0013678767428862316,0.5132663172476912,34.71672347560266,1.4299378395080566,1.432602882385254,11.320405173447813,118.51105024666052,0.00016538363469146563,0.09552193782677922,67.91122581720742,2.0,2.0,0.518664222802364
d12-s9,shadow_fp32,1,0.0003968253968253968,-0.035473925550082136,-0.035380253760204775,-0.03537559509277344,9.83304573086985e-05,4.658667431337027e-06,0.00013167422322383205,33.02409183683824,10.396736145019531,10.361360549926758,4.372798200200975,0.0015444044171258524,0.00018734357975471816,2831.381568008452,0.6475692512873632,1.0,1.0,0.0011404994979344854
d12-s9,shadow_fp32,2,0.0007936507936507937,-0.06721392496887124,-0.0681651234936937,-0.06815433502197266,-0.0009404100531014148,1.0788471721048798e-05,0.00015826967176325724,51.83510439056026,10.361360549926758,10.293206214904785,4.3738106645500014,0.0030326315026537,-0.0019023970496449371,1442.2493008869376,0.6223024475117509,1.0,1.0,0.002330172880263279
d12-s9,shadow_fp32,3,0.0011904761904761906,-0.103459307082708,-0.1079133673625265,-0.1079397201538086,-0.0044804130711006,-2.6352791282088783e-05,-0.0002441435946335362,69.99649106807578,10.293206214904785,10.185266494750977,4.399172546607915,-0.002225785390410197,-0.008908120559637021,,0.6888579188197655,1.0,1.0,-0.0015405228130574665
d12-s9,shadow_fp32,5,0.001984126984126984,-0.23680591607783488,-0.26392852757016577,-0.2654399871826172,-0.028634071104782305,-0.0015114596124514157,-0.005694166988531245,126.66231374179974,10.014808654785156,9.749368667602539,4.675917934195149,-0.249485230143363,-0.054245222984661765,,1.1866728121303372,1.0,1.0,-0.09722554972316119
d12-s9,shadow_fp32,9,0.0035714285714285713,-0.8880728898294388,-0.38320874102166913,-0.10029888153076172,0.787774008298677,0.2829098594909074,0.7382656740465893,300.8975630845342,7.651151180267334,7.550852298736572,14.57119479390534,-0.6394499342064379,1.0097282976155393,,17.382325558276086,1.0,1.0,-0.009637204734321116
d12-s9,shadow_fp32,17,0.006746031746031746,-0.12637722151163186,-0.07661924756127084,-0.0762166976928711,0.050160523818760766,0.00040254986839974305,0.005253900047476089,383.70039286459735,5.402495384216309,5.3262786865234375,3.866329058754872,9.398479788506863,0.09951594790072205,0.41137813197011897,8.591358734843173,0.0,1.0,0.5563477698703553
d12-s9,shadow_fp32,33,0.013095238095238096,-0.0768464207254049,0.009132007724136026,-0.0007600784301757812,0.07608634229522912,-0.009892086154311808,-1.083232346394855,566.6487027311508,4.858739852905273,4.857979774475098,3.0587435144447803,3.8786973771296975,0.17195685689908186,0.7886007123113851,4.056130941155155,0.0,1.0,0.5467671312227852
d12-s9,shadow_fp32,41,0.01626984126984127,-0.11697132268995697,-0.024083881178966787,-0.03408002853393555,0.08289129415602142,-0.00999614735496876,-0.2933139373699465,697.3676157400288,4.667031764984131,4.632951736450195,2.954336684206277,3.512471372554584,0.18577488302198036,0.8410991495306105,3.6090955240615066,0.0,1.0,0.5662189796320769
d12-s9,shadow_fp32,65,0.025793650793650792,-0.14586078499227148,-0.0611768059145838,-0.06572628021240234,0.08013450477986914,-0.004549474297818545,-0.06921849651488529,812.4751402130801,4.018857002258301,3.9531307220458984,2.43821218072812,3.825911702041756,0.16936795815537536,0.6372891929071262,3.960899588666309,0.0,1.0,0.6185935132698317
d12-s9,shadow_fp32,127,0.0503968253968254,-0.1333558395928363,-0.0003214416229301853,-0.006947994232177734,0.12640784536065858,-0.006626552609247549,-0.9537360550126084,1132.2297381608569,3.040900230407715,3.033952236175537,2.857779876085521,14.016186220010496,0.26606879593981225,0.20389140321249105,15.935519795390153,0.0,1.0,0.5202945034919719
d12-s9,shadow_fp32,253,0.1003968253968254,-0.2179089556062882,-0.09618041728545113,-0.10738801956176758,0.11052093604452062,-0.011207602276316453,-0.10436548063790346,829.5814581221454,2.5059924125671387,2.398604393005371,4.3739187886806885,10.336794203109461,0.24345707664167415,0.4231407439034579,11.18192056812215,0.0,1.0,0.44201205035390195
d12-s9,shadow_fp32,379,0.1503968253968254,-0.13404174092683666,-0.06603413232084768,-0.06820821762084961,0.06583352330598705,-0.0021740853000019322,-0.03187424295540259,766.7165526953736,2.202301502227783,2.1340932846069336,4.341094640251897,10.247924649756587,0.13601521721197796,0.4236071974197242,11.245244810064104,0.0,1.0,0.43738852194407063
d12-s9,shadow_fp32,401,0.15912698412698412,0.018115718442276135,0.09660937978212006,0.08883428573608398,0.07071856729380785,-0.007775094046036074,-0.0804797014903831,764.4937859907001,2.125764846801758,2.214599132537842,3.925968995010404,6.585549161815608,0.15698732267968785,0.5961490679887401,8.903625961600564,0.0,1.0,0.37329455591821076
d12-s9,shadow_fp32,505,0.2003968253968254,-0.046648162600816764,0.01589130162342041,0.012531757354736328,0.05917991995555309,-0.003359544268684081,-0.21140774672181825,745.6948708781354,2.021759033203125,2.0342907905578613,3.4943160037967145,7.080658884982537,0.12507892844847435,0.4935015315040604,8.185134308281881,0.0,1.0,0.4627716800022819
d12-s9,shadow_fp32,631,0.2503968253968254,-0.10000793045217111,-0.031964735821556164,-0.03624725341796875,0.06376067703420236,-0.0042825175964125856,-0.11814736821658396,733.1370751307497,1.9989781379699707,1.962730884552002,3.97528080053282,9.318886568302133,0.1360863892612299,0.4265832373209262,9.777034462400447,0.0,1.0,0.4780496161749063
d12-s9,shadow_fp32,757,0.3003968253968254,-0.07420994786163883,0.0044670213602144015,-0.00026738643646240234,0.07394256142517643,-0.004734407796676804,-1.0598578817741693,751.2659726397479,1.8883310556411743,1.888063669204712,4.123951039894914,10.06882974559654,0.15735393844370646,0.40957600278209744,10.765188564828795,0.0,1.0,0.46057525973615077
d12-s9,shadow_fp32,883,0.3503968253968254,-0.0676524861060846,-0.010874121980637155,-0.014882326126098633,0.052770159979985964,-0.0040082041454614775,-0.2693264555217901,750.7029147140507,1.9226298332214355,1.907747507095337,4.28850585366804,10.14339245397013,0.11355672825089488,0.4227881227241204,10.18051647080022,0.0,1.0,0.4811277588795561
d12-s9,shadow_fp32,1009,0.4003968253968254,-0.06870625684091229,-0.030526310366354045,-0.03108048439025879,0.0376257724506535,-0.0005541740239047438,-0.017830289159792904,697.2816053830189,1.8751591444015503,1.8440786600112915,5.02356997625987,17.36939372332763,0.07635989294911649,0.2892196501662036,15.538770040734665,0.0,1.0,0.498725749920383
d12-s9,shadow_fp32,1135,0.4503968253968254,0.004065303871345676,0.03780674366852297,0.03688514232635498,0.032819838455009305,-0.0009216013421679894,-0.02437663899986429,654.0769306572109,1.7760294675827026,1.8129146099090576,6.058889584638245,33.47284706587821,0.06748287959435459,0.18100908992634207,24.62453722258327,0.0,1.0,0.5522402497799516
d12-s9,shadow_fp32,1261,0.5003968253968254,-0.01729816658106183,0.016269737647760543,0.014948606491088867,0.032246773072150695,-0.0013211311566716753,-0.08120174923985472,604.9194479048396,1.7839925289154053,1.7989411354064941,8.485900350891932,73.2838153317508,0.06713580845764475,0.11579501302541145,42.41284490983037,0.0,1.0,0.5931461330801987
d12-s9,shadow_fp32,1386,0.55,-0.065451659388511,-0.031800668955682176,-0.03313934803009033,0.032312311358420664,-0.0013386790744081556,-0.040395455975556396,555.4534250464508,1.7262088060379028,1.6930694580078125,8.84948483270934,98.62268530336283,0.06730198086565764,0.08973072275905258,55.65024527302708,0.0,1.0,0.5957317488347299
d12-s9,shadow_fp32,1512,0.6,-0.0737426233859074,-0.05036266266348876,-0.05124342441558838,0.022499198970319018,-0.0008807617520996194,-0.017187800427945044,500.3573765333404,1.697564959526062,1.6463215351104736,10.147745222045826,122.46711507139695,0.046759921444837274,0.08286098040383988,63.91882393423742,0.0,1.0,0.6014588703881321
d12-s9,shadow_fp32,1638,0.65,-0.04482617217553174,-0.0299414419254387,-0.030566811561584473,0.014259360613947267,-0.0006253696361457721,-0.020459105945211487,448.6886522177683,1.6579986810684204,1.627431869506836,9.75589173643151,102.73129243957709,0.029769460500186078,0.09496514163072152,59.0784031236764,0.0,1.0,0.5567247358707575
d12-s9,shadow_fp32,1764,0.7,-0.026528588239816922,-0.013060257766321009,-0.012910723686218262,0.01361786455359866,0.00014953408010274713,0.011449550443664016,395.7583049745307,1.584860920906067,1.5719501972198486,11.325784371507453,145.3287908808671,0.026936660946991826,0.07793214477915622,73.59373839144074,0.0,1.0,0.5867818218117146
d12-s9,shadow_fp32,1890,0.75,0.00973687096999945,0.01834966225986068,0.01827216148376465,0.008535290513765198,-7.750077609603237e-05,-0.004223553272997451,341.1256556256367,1.5319604873657227,1.5502326488494873,10.686696436980972,120.8869229837411,0.01722558257972246,0.08840241916338873,67.00185128814618,0.0,1.0,0.5519132038681533
d12-s9,shadow_fp32,2016,0.8,-0.02102386343653373,-0.015985483786703322,-0.015964984893798828,0.0050588785427349015,2.0498892904494137e-05,0.0012823442304289254,281.86015996887454,1.5547630786895752,1.5387980937957764,11.089635943118434,130.47381320916568,0.010076759299660811,0.08499510875289874,69.49954283945718,0.0,1.0,0.5637450775609605
d12-s9,shadow_fp32,2142,0.85,0.0025171462397649514,0.0050251424083636,0.005008578300476074,0.0024914320607111228,-1.6564107887525464e-05,-0.0032962464625792454,224.86425543102536,1.5043624639511108,1.509371042251587,11.275593044817926,136.89331941819273,0.0050159923371972965,0.08236773783220448,74.78530047543734,0.0,1.0,0.5451252703081172
d12-s9,shadow_fp32,2268,0.9,-7.48210056372409e-07,0.0012913884180117254,0.0012902021408081055,0.0012909503508644778,-1.186277203619893e-06,-0.0009186060422055931,163.71930808063138,1.4706171751022339,1.471907377243042,11.225627333500157,142.12293400258343,0.0025842732561361954,0.07898533345291128,78.00792897184301,0.0,1.0,0.5437760883563277
d12-s9,shadow_fp32,2394,0.95,-0.003872686383939257,-0.003540952922505346,-0.0035390853881835938,0.0003336009957556631,1.8675343217522226e-06,0.000527410096271734,100.27359883992341,1.4534175395965576,1.449878454208374,11.19686300251432,125.01955412918346,0.0006634669228678219,0.08956089373782708,71.44965075627816,0.0,1.0,0.5229132580191098
d12-s9,shadow_fp32,2520,1.0,0.001239264090759442,0.001321435352174163,0.0013216733932495117,8.240930249006975e-05,2.3804107534869563e-07,0.00018010582384762975,34.71672347560266,1.429592251777649,1.4309139251708984,11.318432216462671,118.65482422229267,0.0001643425228294422,0.09538956625360862,68.0243063863256,0.0,1.0,0.5184753828627776
d14-s7,native,1,0.00026602819898909286,-0.03898471408345618,-0.03885029273351822,-0.03873920440673828,0.00024550967671790186,0.00011108832677993868,0.002859394845282513,33.89247566085429,10.397255897521973,10.358516693115234,5.1699742268607345,0.013923207743425557,0.0002688426998759276,,0.7116542305275997,2.0,2.0,0.008604508712881093
d14-s7,native,2,0.0005320563979781857,-0.07353447022206494,-0.07430972644959034,-0.07374382019042969,-0.00020934996836474706,0.0005659062591606562,0.007615507231675133,51.62202161209122,10.358516693115234,10.284772872924805,5.1720771798743534,0.01811337097016826,-0.0015505124550508013,,0.7125391399745012,2.0,2.0,0.011177844354881106
d14-s7,native,3,0.0007980845969672786,-0.11220546590568017,-0.11644309808208268,-0.11478042602539062,-0.002574960119710451,0.0016626720566920578,0.014278837338388339,69.4580260371108,10.284772872924805,10.169992446899414,5.196153489418244,0.01708483579082537,-0.008475264352805018,,0.7919786895314205,2.0,2.0,0.009463598953325499
d14-s7,native,5,0.0013301409949454642,-0.24831548238741813,-0.2762003943982877,-0.2775993347167969,-0.029283852329378746,-0.0013989403185091787,-0.005039422446513998,125.8562621021477,9.992706298828125,9.715106964111328,5.474401476576748,-0.24387969636867304,-0.055769824021739176,,1.3444479533344262,2.0,2.0,-0.07752884771379968
d14-s7,native,9,0.0023942537909018356,-0.761368528806637,-0.5050339421183254,-0.3726515769958496,0.38871695181078736,0.1323823651224758,0.2621256792508011,271.64814183298023,7.5261335372924805,7.153481960296631,18.53720103206181,119.19227259161322,0.5126691733766232,0.15552351363897185,69.7050109003063,2.0,2.0,0.3971568166618474
d14-s7,native,17,0.004522479382814578,-0.11402284121957956,-0.06621989501960722,-0.06721210479736328,0.04681073642221628,-0.0009922097777560618,-0.014762367296002103,377.96487232241714,5.293591499328613,5.22637939453125,4.690750409898245,12.490846052487102,0.09560589239994469,0.3755350430377173,9.57006762409461,2.0,2.0,0.6026368530910713
d14-s7,native,33,0.008778930566640064,-0.10062007897368833,-0.01546937339194386,-0.024261474609375,0.07635860436431333,-0.00879210121743114,-0.36238939961356426,601.0335557855401,4.84458065032959,4.820319175720215,3.5900807352012336,4.757939255740976,0.17030141116348893,0.7545453067458578,4.543595873345724,2.0,2.0,0.5526715247773851
d14-s7,native,41,0.010907156158552806,-0.18657357581828635,-0.08107492032402748,-0.09090137481689453,0.09567220100139182,-0.009826454492867051,-0.10810017464159133,748.9368276262688,4.616036415100098,4.525135040283203,3.4926000781789286,5.255745807178374,0.21099731098851773,0.66452987003456,4.764841315079184,2.0,2.0,0.5902166829815793
d14-s7,native,65,0.017291832934291033,-0.1432139648136242,-0.07038569860509555,-0.06968212127685547,0.07353184353676873,0.0007035773282400848,0.009996026780774887,879.2618867891705,3.9385550022125244,3.868872880935669,2.7424321460991865,4.8161697099662835,0.14565653241705728,0.5694218250706921,4.8708457086131824,2.0,2.0,0.5970757923602206
d14-s7,native,129,0.034317637669592976,-0.05681923598467229,0.08543312520685284,0.09384870529174805,0.15066794127642033,0.008415580084895208,0.08967177606482309,1235.8321248168102,2.8880691528320312,2.9819178581237793,2.7923196309509826,3.4506924841806694,0.28450472238305025,0.8092055851838648,4.315520885688149,2.0,2.0,0.47850939640263923
d14-s7,native,189,0.05027932960893855,-0.1848853355908105,-0.056330511735106836,-0.06756830215454102,0.11731703343626948,-0.01123779041943418,-0.16631749002263377,946.7583775294192,2.638892650604248,2.571324348449707,4.93156695582134,24.560777763352707,0.2571096477114073,0.20079034154935285,19.832254313639787,2.0,2.0,0.5576703640284775
d14-s7,native,377,0.100292631018888,-0.1471790255980116,-0.058806343371273495,-0.06488537788391113,0.08229364771410047,-0.006079034512637638,-0.09368882036125098,785.1869613651036,2.1338565349578857,2.0689711570739746,4.899909370238964,15.964553773454806,0.17674536445347622,0.3069242923899526,14.592947271075504,2.0,2.0,0.49421935225702407
d14-s7,native,401,0.10667730779462622,0.041130914337627,0.10064207529401104,0.09597373008728027,0.05484281574965327,-0.004668345206730762,-0.046385621451990905,782.1135243787755,1.9751231670379639,2.071096897125244,3.8497019832890356,4.608800678172209,0.11902232191276806,0.8352936592640362,7.042913835660669,2.0,2.0,0.33352008710241104
d14-s7,native,565,0.15030593242883747,-0.03261402421272549,0.011843236878851457,0.007050991058349609,0.0396650152710751,-0.0047922458205018476,-0.40463986911039423,763.9167299790579,1.9266767501831055,1.933727741241455,3.652185126107492,7.605466687514305,0.08891452218315389,0.4802052623678161,8.443845500744501,2.0,2.0,0.4713127607581937
d14-s7,native,753,0.20031923383878691,-0.023919657627589238,0.025275397181459578,0.024341702461242676,0.04826136008883192,-0.0009336947202169023,-0.03694085254184656,768.6628771038679,1.8196858167648315,1.8440275192260742,3.6804535567886445,7.6403685610647285,0.09839010961809763,0.48171152050755944,8.667450531641625,2.0,2.0,0.4594859818335412
d14-s7,native,941,0.2503325352487364,-0.03146348990485477,0.02630075841488117,0.025148868560791016,0.05661235846564579,-0.001151889854090156,-0.04379683033925013,782.9848108219057,1.7504689693450928,1.7756178379058838,4.309567169946321,13.808976272389142,0.11552849663947189,0.31208447932257233,13.98955541541527,2.0,2.0,0.4754892945053453
d14-s7,native,1128,0.30007980845969673,-0.05885677049537071,-0.009704099368038434,-0.014746427536010742,0.04411034295935997,-0.005042328167972308,-0.3419355742710534,794.4575030371453,1.839219570159912,1.8244731426239014,6.657620415710561,44.0271161258689,0.09830534225466456,0.15121636394891555,28.6565728608155,2.0,2.0,0.5954378990880748
d14-s7,native,1316,0.3500931098696462,-0.0540766639011287,-0.01914107905424834,-0.019477367401123047,0.03459929650000566,-0.0003362883468747066,-0.017265595495996884,794.6094019495974,1.7257955074310303,1.7063181400299072,8.603088011437944,82.2817906243078,0.06987116969376073,0.10455640240887523,48.668140641711645,2.0,2.0,0.5764103852549726
d14-s7,native,1317,0.3503591380686353,-0.022645840295101954,0.01624819264355502,0.015186667442321777,0.037832507737423735,-0.0010615252012332425,-0.06533189410788438,793.7614762036777,1.7063181400299072,1.721504807472229,7.8977301303496334,55.98228072939568,0.07778806587731395,0.14107553367690184,36.556056387414934,2.0,2.0,0.5449292303922829
d14-s7,native,1504,0.4001064112795956,0.01612368760603702,0.0463518550087208,0.045618653297424316,0.029494965691387296,-0.0007332017112964828,-0.015818174076496737,750.3532446806587,1.6366612911224365,1.6822799444198608,9.471533270685306,84.6812551601111,0.06045633480536756,0.11184923101077095,52.715920342808275,2.0,2.0,0.5219577483064766
d14-s7,native,1692,0.4501197126895451,0.024999016656270218,0.052070135760841955,0.05132710933685303,0.02632809268058281,-0.0007430264239889281,-0.014269723194148123,685.3547219818729,1.6060186624526978,1.6573457717895508,12.424430939443853,147.32001832958045,0.054142238209143476,0.08433633853919462,80.30829945308288,2.0,2.0,0.5204309082560263
d14-s7,native,1880,0.5001330140994945,-0.02411140916225994,0.006112579815773022,0.0057212114334106445,0.029832620595670583,-0.00039136838236237745,-0.06402671116906854,647.0011603667317,1.5542854070663452,1.5600066184997559,16.25330169958372,352.7795689093641,0.06044797795606592,0.04607211735597848,153.71400413351745,2.0,2.0,0.56927117113975
d14-s7,native,2068,0.550146315509444,0.017591482595394583,0.04250977569260776,0.041936278343200684,0.0243447957478061,-0.0005734973494070789,-0.01349095214131669,585.2762338237076,1.5409046411514282,1.582840919494629,18.968304016260834,457.57801359160356,0.049836586194426366,0.04145370505758255,179.06712935786834,2.0,2.0,0.5867255845592797
d14-s7,native,2256,0.6001596169193935,-0.021911066239165673,-0.0009650389857757888,-0.0014369487762451172,0.020474117462920556,-0.0004719097904693284,-0.3284110041155908,524.8200804125614,1.5208275318145752,1.51939058303833,18.21910048508618,284.9699347739652,0.04189205450677977,0.06393341283366387,129.16826404653662,2.0,2.0,0.5168681300231579
d14-s7,native,2444,0.6501729183293429,0.009190787952176826,0.02185877684348686,0.020194530487060547,0.011003742534883721,-0.0016642463564263132,-0.07613629840053011,468.3132030210593,1.4917793273925781,1.5119738578796387,20.060918878631664,482.4922608332856,0.02533597778262007,0.041577700840186665,187.3243197506845,2.0,2.0,0.575070085417504
d14-s7,native,2632,0.7001862197392924,-0.0042169413177301045,0.004942668980628751,0.003148198127746582,0.0073651394454766865,-0.0017944708528821688,-0.36305705680777683,415.33152984372066,1.4718961715698242,1.4750443696975708,20.783316387548634,570.3802382252384,0.01831922059671771,0.03643765157821172,210.93910449621268,2.0,2.0,0.5931300778005437
d14-s7,native,2820,0.7501995211492418,-0.006518679739253552,0.0002400755128989093,-0.0007898807525634766,0.005728798986690075,-0.0010299562654623859,-1.3039389327056887,353.99127384510825,1.407129168510437,1.4063392877578735,17.216156484437455,291.1580346057682,0.013517510504304922,0.05912993782826003,137.534629604302,2.0,2.0,0.5102095885381632
d14-s7,native,3007,0.7999467943602022,-0.015760082623557298,-0.011981160067840214,-0.011168599128723145,0.004591483494834153,0.0008125609391170692,0.06781988843452165,293.6930914094708,1.3987367153167725,1.3875681161880493,19.578773646888884,468.09729233345433,0.007557845111434167,0.04182629117397613,190.3553487951193,2.0,2.0,0.555748503217175
d14-s7,native,3195,0.8499600957701516,-0.01740635739550788,-0.015023494009014503,-0.01446223258972168,0.002944124805786201,0.0005612614192928231,0.03735891390884511,232.28717737852887,1.3572518825531006,1.342789649963379,19.696341264802967,571.2466267361943,0.004765726772986755,0.034479575621019595,228.07674692125758,2.0,2.0,0.5643517269972932
d14-s7,native,3383,0.899973397180101,-0.0024201234430203697,-0.0011472222255301283,-0.0016932487487792969,0.0007268746942410728,-0.0005460265232491686,-0.3224727162165701,169.65042979414423,1.326664924621582,1.3249716758728027,18.334038956508543,433.59662673633954,0.002545802434980483,0.04228362912900857,183.57655021145126,2.0,2.0,0.551619506819199
d14-s7,native,3571,0.9499866985900506,0.0002836000250989091,0.0006568190659430817,0.0002549886703491211,-2.861135474978803e-05,-0.00040183039559396063,-0.6117824777467441,103.150288989482,1.3048110008239746,1.3050659894943237,19.137124937425934,509.01277404351896,0.0007464380816883452,0.03759655142915877,209.57841497599728,2.0,2.0,0.5551927469010606
d14-s7,native,3759,1.0,-6.40062828279441e-05,-4.797101680138391e-07,-0.00016427040100097656,-0.00010026411817303246,-0.00016379069083296272,-0.9970797528642364,35.468288689555486,1.263944387435913,1.263780117034912,17.655781775592313,370.0746032942188,0.00012705314531986052,0.047708709591064574,169.22144673879518,2.0,2.0,0.520463649187849
d14-s7,shadow_fp32,1,0.00026602819898909286,-0.03899328188420526,-0.038859221488285155,-0.03885364532470703,0.000139636559498231,5.576163578123461e-06,0.0001434965335011794,33.89247566085429,10.397269248962402,10.358415603637695,5.17094419904306,0.013836836487165998,0.00026812079184021455,373.7085571430461,0.7082501012180265,1.0,1.0,0.008591425687181305
d14-s7,shadow_fp32,2,0.0005320563979781857,-0.07353170029850634,-0.07434426309548493,-0.07433319091796875,-0.0008014906194624138,1.1072177516183168e-05,0.00014893116234083168,51.62202161209122,10.358415603637695,10.284082412719727,5.171674372844414,0.018223804334321202,-0.0016251255939571914,283.78675922812187,0.7092770024516495,1.0,1.0,0.011298156315310068
d14-s7,shadow_fp32,3,0.0007980845969672786,-0.1125646885605548,-0.11694746226957688,-0.1169900894165039,-0.004425400855949113,-4.262714692702951e-05,-0.00036436545300234686,69.4580260371108,10.284082412719727,10.167092323303223,5.1991534664076635,0.017093966702491505,-0.008765547418044166,304.1513743939766,0.7913772927047418,1.0,1.0,0.009473118074503191
d14-s7,shadow_fp32,5,0.0013301409949454642,-0.2543807846257164,-0.2832333057996628,-0.2854766845703125,-0.031095899944596106,-0.0022433787706496733,-0.007858360741530653,125.8562621021477,9.983549118041992,9.69807243347168,5.513341243742212,-0.275956809957883,-0.05770504234789286,,1.3863538458755271,1.0,1.0,-0.08477339723438221
d14-s7,shadow_fp32,9,0.0023942537909018356,-0.75389420430263,-0.4935724254121385,-0.3605837821960449,0.39331042210658507,0.1329886432160936,0.2694409905598891,271.64814183298023,7.528295993804932,7.167712211608887,18.84223415646661,134.2528118877825,0.5206435577809829,0.14034889766194403,74.49015867105983,0.0,1.0,0.41520090647275515
d14-s7,shadow_fp32,17,0.004522479382814578,-0.11419364189526918,-0.06630966151268033,-0.06599950790405273,0.04819413399121644,0.0003101536086276002,0.004677351709423065,377.96487232241714,5.29349422454834,5.227494716644287,4.691103446779993,12.469870618339325,0.09576796076517767,0.37619503765186063,9.551836836766796,0.0,1.0,0.6027504554120149
d14-s7,shadow_fp32,33,0.008778930566640064,-0.10083144951241074,-0.01570190113330419,-0.024958133697509766,0.07587331581490098,-0.009256232564205574,-0.3708703814311696,601.0335557855401,4.845714569091797,4.820756435394287,3.5933896001734293,4.768506067801193,0.1702590967582131,0.7535671652883894,4.549492877192202,0.0,1.0,0.552926235328402
d14-s7,shadow_fp32,41,0.010907156158552806,-0.18656846903550262,-0.0809823924268935,-0.09345006942749023,0.09311839960801238,-0.012467677000596727,-0.13341538510327855,748.9368276262688,4.617249965667725,4.523799896240234,3.4934664656410153,5.262190366466639,0.21117215321721822,0.6638806699018655,4.770730787958535,0.0,1.0,0.5901376946298337
d14-s7,shadow_fp32,65,0.017291832934291033,-0.14332147045862234,-0.07034515067590635,-0.07072997093200684,0.0725914995266155,-0.0003848202561004821,-0.005440695804476044,879.2618867891705,3.9387760162353516,3.8680460453033447,2.745312612510536,4.836527492385435,0.14595263956543197,0.5676205949067218,4.885879436738617,0.0,1.0,0.5974409845325473
d14-s7,shadow_fp32,129,0.034317637669592976,-0.05693963816597977,0.08470018567910248,0.09083938598632812,0.1477790241523079,0.006139200307225645,0.06758302294281945,1235.8321248168102,2.889070987701416,2.979910373687744,2.784625001838708,3.365021109357507,0.2832796476901645,0.8275208123049143,4.21566199586356,0.0,1.0,0.47834215002955155
d14-s7,shadow_fp32,189,0.05027932960893855,-0.1844803289677916,-0.05591720290095267,-0.06711196899414062,0.11736835997365097,-0.011194766093187952,-0.16680729623899634,946.7583775294192,2.6389546394348145,2.571842670440674,4.872455617679908,23.12690304543068,0.25712625213367785,0.21068344551401524,18.933665299459783,0.0,1.0,0.5533613703538567
d14-s7,shadow_fp32,377,0.100292631018888,-0.14727513498293368,-0.05889029540438574,-0.06558537483215332,0.08168976015078036,-0.006695079427767578,-0.10208189622917739,785.1869613651036,2.1339070796966553,2.068321704864502,4.895078142855999,15.932543650558188,0.17676967915709588,0.30723770480205165,14.554527304336593,0.0,1.0,0.4947743731880155
d14-s7,shadow_fp32,401,0.10667730779462622,0.0409542887085805,0.10031527001847079,0.09475970268249512,0.05380541397391462,-0.005555567335975675,-0.05538107343929536,782.1135243787755,1.9764113426208496,2.0711710453033447,3.8513351638980122,4.6018717832230465,0.1187219626197806,0.8369062297517174,7.049585597453104,0.0,1.0,0.33263295090299494
d14-s7,shadow_fp32,565,0.15030593242883747,-0.03265382719640679,0.011748499341208467,0.009003877639770508,0.0416577048361773,-0.002744621701437959,-0.23361466190078053,763.9167299790579,1.924828290939331,1.9338321685791016,3.6474977598459146,7.456830437933192,0.08880465307523051,0.48914854510985645,8.279163504947471,0.0,1.0,0.47159619374615536
d14-s7,shadow_fp32,753,0.20031923383878691,-0.02349987105346326,0.025758475471120083,0.022115230560302734,0.045615101613765995,-0.003643244910817349,-0.14143868548828079,768.6628771038679,1.8196895122528076,1.8418047428131104,3.671161834819218,7.568335039041982,0.09851669304916669,0.4850686202290434,8.600160439494152,0.0,1.0,0.45929533168019476
d14-s7,shadow_fp32,941,0.2503325352487364,-0.03162182898270271,0.02625245714003578,0.025414705276489258,0.057036534259191966,-0.0008377518635465236,-0.0319113696320992,782.9848108219057,1.7511868476867676,1.7766015529632568,4.3212204074821825,14.013058804155158,0.11574857224547698,0.30837096082126286,14.112105517122295,0.0,1.0,0.4776809481575443
d14-s7,shadow_fp32,1128,0.30007980845969673,-0.05937064945651109,-0.009882050395489325,-0.012416601181030273,0.04695404827548082,-0.0025345507855409483,-0.20412597204242672,794.4575030371453,1.8377206325531006,1.8253040313720703,6.674790782485571,44.40463374033241,0.09897719812204353,0.15031743807455183,28.834425793895466,0.0,1.0,0.5960712238113554
d14-s7,shadow_fp32,1316,0.3500931098696462,-0.05379261310718289,-0.01898046811300083,-0.020130634307861328,0.03366197879932156,-0.0011501661948604969,-0.057135119404128215,794.6094019495974,1.7266931533813477,1.7065625190734863,8.578155123649413,81.628737837037,0.06962428998836412,0.10508744041558965,48.35357862399165,0.0,1.0,0.5763914262027647
d14-s7,shadow_fp32,1317,0.3503591380686353,-0.022440737905713694,0.016431499474806703,0.01419377326965332,0.036634511175367014,-0.0022377262051533828,-0.13618514905376322,793.7614762036777,1.7065625190734863,1.7207562923431396,7.855113523716162,55.12372891962047,0.0777444747610408,0.14249967623145052,36.16614964924938,0.0,1.0,0.5438261418180489
d14-s7,shadow_fp32,1504,0.4001064112795956,0.016232942157608014,0.04635067940244493,0.04462456703186035,0.028391624874252338,-0.0017261123705845788,-0.037240281972944045,750.3532446806587,1.6371769905090332,1.6818015575408936,9.389331348904246,82.02774473964077,0.060235474489673826,0.11446531144683238,51.54318669540128,0.0,1.0,0.519364394524967
d14-s7,shadow_fp32,1692,0.4501197126895451,0.025244205361117576,0.05236552486006567,0.05221080780029297,0.026966602439175393,-0.00015471705977269934,-0.002954559515752848,685.3547219818729,1.6058762073516846,1.6580870151519775,12.49730516118133,150.56304730807608,0.05424263899789618,0.08300380063117244,81.53819601671405,0.0,1.0,0.5223349789632261
d14-s7,shadow_fp32,1880,0.5001330140994945,-0.02416703038506341,0.006122560944347384,0.005414724349975586,0.029581754735038997,-0.0007078365943717982,-0.11561119616543857,647.0011603667317,1.554478406906128,1.5598931312561035,16.28077054515474,356.41592243860515,0.06057918265882159,0.04567913361939997,154.87866203438594,0.0,1.0,0.5703323832870335
d14-s7,shadow_fp32,2068,0.550146315509444,0.0180801293451249,0.043041471201388876,0.042702436447143555,0.024622307102018653,-0.0003390347542453209,-0.007876932288373564,585.2762338237076,1.5398820638656616,1.5825845003128052,19.00901434285121,461.4796362878117,0.04992268371252794,0.04119144778686579,180.31948721233948,0.0,1.0,0.5869891568428094
d14-s7,shadow_fp32,2256,0.6001596169193935,-0.021977560755313263,-0.0010116134298579112,-0.0007435083389282227,0.02123405241638504,0.0002681050909296885,0.26502721594685225,524.8200804125614,1.5200567245483398,1.5193132162094116,18.182638516894457,282.7969485165822,0.041931894650910705,0.06429573802783906,128.36759792300896,0.0,1.0,0.5166433598852761
d14-s7,shadow_fp32,2444,0.6501729183293429,0.009028163715230327,0.02168822064097639,0.02117633819580078,0.012148174480570454,-0.0005118824451756099,-0.02360186451665337,468.3132030210593,1.4915525913238525,1.5127289295196533,19.99043419944455,474.770033281748,0.025320113851492125,0.04210550961117929,185.25984848025143,0.0,1.0,0.5731798058694924
d14-s7,shadow_fp32,2632,0.7001862197392924,-0.004335243945093477,0.004800995590319161,0.004900693893432617,0.009235937838526095,9.969830311345584e-05,0.020343711580733656,415.33152984372066,1.4718787670135498,1.4767794609069824,20.833566919064737,574.597424372906,0.018272479070825277,0.03625767543563515,212.3379806559006,0.0,1.0,0.5928627662706943
d14-s7,shadow_fp32,2820,0.7501995211492418,-0.0062353282877324395,0.000496134249901089,0.0005830526351928711,0.006818380922925311,8.691838529178205e-05,0.1490746804755112,353.99127384510825,1.406640648841858,1.4072237014770508,17.188809514672077,292.7846576000789,0.013462925075267057,0.0587080267646765,138.63401841199249,0.0,1.0,0.509396086438569
d14-s7,shadow_fp32,3007,0.7999467943602022,-0.01588688346877186,-0.012103990689921976,-0.012087106704711914,0.003799776764059945,1.6883985210061625e-05,0.0013949106243215776,293.6930914094708,1.3992657661437988,1.387178659439087,19.75086914638819,484.00041436345924,0.007565785557699767,0.040807545944694816,194.98765184155033,0.0,1.0,0.5585287309548631
d14-s7,shadow_fp32,3195,0.8499600957701516,-0.017505486405090274,-0.015132505349442969,-0.01511526107788086,0.002390225327209415,1.7244271562109198e-05,0.001139551658096322,232.28717737852887,1.3569416999816895,1.3418264389038086,19.683665370470116,570.1448002800062,0.0047459621112946136,0.03452397594576534,227.58816634885216,0.0,1.0,0.5646541241407684
d14-s7,shadow_fp32,3383,0.899973397180101,-0.0024198938704717904,-0.0011450486169810922,-0.0011315345764160156,0.0012883592940557747,1.3514040565076532e-05,0.011802154392977783,169.65042979414423,1.3243722915649414,1.3232407569885254,18.313653798605152,433.8621759882478,0.0025496905069813964,0.04221076372212087,184.23124826995743,0.0,1.0,0.5503018785688112
d14-s7,shadow_fp32,3571,0.9499866985900506,0.00029460511595025057,0.0006668731917697283,0.0006662607192993164,0.00037165560334906584,-6.124724704118477e-07,-0.0009184241891422963,103.150288989482,1.304870367050171,1.3055366277694702,19.106663794922312,510.4847994774984,0.0007445361516389555,0.03742846763405834,210.12103016509994,0.0,1.0,0.5558029692388805
d14-s7,shadow_fp32,3759,1.0,-5.476730766243708e-05,8.842213935608135e-06,9.059906005859375e-06,6.382721366829646e-05,2.1769207025124e-07,0.024028071605869922,35.468288689555486,1.2638368606567383,1.2638459205627441,17.694304011271647,375.1818054630892,0.00012721904319609042,0.04716194589828646,171.05693956630128,0.0,1.0,0.521415970352094
d16-s7,native,1,0.00018601190476190475,-0.04237565928150285,-0.042190355816257095,-0.04198169708251953,0.0003939621989833206,0.00020865873373756422,0.004945650011729987,34.67966951781702,10.39941120147705,10.357429504394531,5.8751637886259225,0.008281530441983771,0.00037060693049151006,,0.8223909276269791,2.0,2.0,0.004154533858599704
d16-s7,native,2,0.0003720238095238095,-0.07928209705864125,-0.0800701156716591,-0.0795135498046875,-0.00023145274604624566,0.0005565658669716006,0.006950981178219999,51.62216193585204,10.357429504394531,10.277915954589844,5.874513100112399,0.013788846571078704,-0.0015760372260357055,,0.8421559955508642,2.0,2.0,0.006755374902727159
d16-s7,native,3,0.0005580357142857143,-0.12068000432527311,-0.12497822270050425,-0.12297439575195312,-0.0022943914266800175,0.0020038269485511268,0.016033408903189994,69.20386151628867,10.277915954589844,10.15494155883789,5.903290274456992,0.010718109010219707,-0.008596436750462285,,0.9394041158447884,2.0,2.0,0.004695897857227941
d16-s7,native,5,0.0009300595238095238,-0.26216767759157156,-0.2901298530395174,-0.2914876937866211,-0.029320016195049536,-0.0013578407471037113,-0.004658312429812892,125.79993039558666,9.96672534942627,9.675237655639648,6.221392134027515,-0.33981193854268654,-0.055924350895891636,,1.6023227796236719,2.0,2.0,-0.08502464708427626
d16-s7,native,9,0.0016741071428571428,-0.8587762322093464,-0.615912856304283,-0.5380806922912598,0.32069553991808664,0.07783216401302329,0.12636879262440887,264.579804919431,7.491429328918457,6.953348636627197,28.20624892720772,538.5563199024102,0.4857267518101267,0.052373814742938805,163.79597919690582,2.0,2.0,0.6190920439033434
d16-s7,native,17,0.003162202380952381,-0.10559441446247202,-0.060044219363235674,-0.059830665588378906,0.04576374887409311,0.0002135537748567673,0.003556608398301929,377.28459289565956,5.224098205566406,5.164267539978027,5.091902177251242,14.282415938320028,0.09110039019847269,0.3565154662377224,10.70803670769452,2.0,2.0,0.5910875330474988
d16-s7,native,33,0.006138392857142857,-0.11661362139509371,-0.008360483413069289,-0.0228271484375,0.09378647295759371,-0.014466665024430711,-0.6337482346531358,621.6071028398632,4.798164367675781,4.775337219238281,4.065865796392919,6.2740033411659075,0.21650627596404884,0.6480496702504709,5.462544362873044,2.0,2.0,0.5696042864122125
d16-s7,native,41,0.007626488095238095,-0.252706598496454,-0.1338848587530513,-0.14495849609375,0.107748102402704,-0.011073637340698689,-0.07639177860631886,774.3587240056138,4.550657272338867,4.405698776245117,4.064344466272862,8.106059790927173,0.23764347948680536,0.5013958163523466,6.434519869111244,2.0,2.0,0.6248825573881401
d16-s7,native,65,0.01209077380952381,-0.30278964380173895,-0.1345355782699631,-0.13903427124023438,0.16375537256150458,-0.004498692970271279,-0.03235671989460845,947.2131350138065,3.948692560195923,3.8096582889556885,3.5261513806021436,9.583196244293383,0.3365081310635517,0.36795149454462045,7.581886031902407,2.0,2.0,0.6731047467541467
d16-s7,native,129,0.023995535714285716,-0.07357726843690549,0.06807754383230005,0.06276702880859375,0.13634429724549924,-0.005310515023706303,-0.07800685401911749,1223.8262934907557,2.8256888389587402,2.888455867767334,3.1852368386407655,3.9094118235214363,0.2833096245384111,0.814761141171266,5.209854116514321,2.0,2.0,0.42045061741602713
d16-s7,native,257,0.04780505952380952,-0.10400929059844691,0.022296716874679517,0.0178070068359375,0.12181629743438441,-0.0044897100387420175,-0.20136193431422178,870.2569303190013,2.340576648712158,2.3583836555480957,3.769838397444116,5.660048831125186,0.25261201494625285,0.6660434405995562,8.561320332771507,2.0,2.0,0.34050074319824686
d16-s7,native,270,0.05022321428571429,-0.10859353140240699,0.03451820477887915,0.012228250503540039,0.12082178190594703,-0.022289954275339113,-0.6457448878968872,879.4243241876945,2.3286304473876953,2.3408586978912354,4.769989401936747,16.300363950369384,0.2862234723625723,0.29263085268894584,15.709074376305784,2.0,2.0,0.4751032468058407
d16-s7,native,401,0.07459077380952381,-0.07704694273801355,-0.011961954305658329,-0.018220186233520508,0.05882675650449304,-0.006258231927862179,-0.34347793417987266,807.1681775931835,2.052056074142456,2.0338358879089355,3.601112156166887,6.341864047104738,0.13016997686471043,0.5678318124480939,8.799356189125378,2.0,2.0,0.3797936559067654
d16-s7,native,539,0.10026041666666667,-0.038835514968262735,0.00905716197963688,0.005089759826660156,0.04392527479492289,-0.003967402152976723,-0.4380403223323808,790.2918167690389,1.9587868452072144,1.9638766050338745,3.2055850331783,4.703151813775953,0.09578535389579923,0.6815823005731717,6.81527633499253,2.0,2.0,0.3854356463608781
d16-s7,native,807,0.15011160714285715,-0.02224368070517361,0.007096007717381586,0.0049932003021240234,0.027236881007297632,-0.0021028074152575627,-0.2963366866282799,803.7676689991141,1.6970505714416504,1.7020437717437744,3.1311727851762132,4.284515101027195,0.05867937684511039,0.7308114713904328,5.453982499562231,2.0,2.0,0.4439503686790386
d16-s7,native,1076,0.20014880952380953,-0.07301497316736089,-0.03924079733696774,-0.04226183891296387,0.03075313425439702,-0.003021041575996128,-0.07148391205166939,810.7545219584366,1.7423548698425293,1.7000930309295654,4.197158148128759,14.762653586935945,0.0675483516607863,0.2843091943743088,13.886431539863821,2.0,2.0,0.5189148564834328
d16-s7,native,1345,0.2501860119047619,-0.04253820900052292,-0.01558410495236865,-0.017409563064575195,0.025128645935947727,-0.0018254581122065447,-0.10485375798551594,828.5463387493577,1.7049598693847656,1.6875503063201904,4.827359409876202,16.64962466718472,0.053908208096308544,0.289938032020061,15.976812975906936,2.0,2.0,0.47430693979366906
d16-s7,native,1614,0.3002232142857143,0.015461840712949515,0.046399802558980484,0.04683709144592285,0.031375250732973335,0.00043728888694236773,0.009336380066367967,839.9904587532369,1.613715410232544,1.6605525016784668,5.776370643384867,28.76202192829718,0.061875923692061935,0.20083326053311476,23.5177754881868,2.0,2.0,0.5088568754715509
d16-s7,native,1882,0.35007440476190477,-0.07964807439989423,-0.039571197743736436,-0.04288208484649658,0.036765989553397646,-0.003310887102760146,-0.0772090982659077,831.0761716222895,1.623847484588623,1.5809653997421265,8.05469391520962,76.47681438852598,0.08015375331231558,0.10532203753008425,48.97678066200506,2.0,2.0,0.550192965990997
d16-s7,native,1883,0.3502604166666667,-0.002236711996849332,0.03493264352428394,0.035590291023254395,0.03782700302010373,0.0006576474989704525,0.0184782838257982,837.1667318414773,1.5809653997421265,1.6165556907653809,6.483395053862413,28.603367060714746,0.07433871104226655,0.2266654495640488,25.23571033990913,2.0,2.0,0.445143855302642
d16-s7,native,2151,0.40011160714285715,-0.05439287583349192,-0.025499910484765693,-0.026554107666015625,0.027838768167476297,-0.0010541971812499315,-0.03969996636712858,777.0575552125274,1.548732042312622,1.5221779346466064,8.103698360521967,62.77922999484801,0.057785930697452456,0.12908247458892055,42.34392665901314,2.0,2.0,0.5208146863343076
d16-s7,native,2420,0.45014880952380953,0.018286667601361863,0.04061519125294638,0.04101765155792236,0.0227309839565605,0.0004024603049759823,0.009811880731583449,730.8786461525249,1.4622195959091187,1.503237247467041,10.689279179302357,112.90941998699242,0.044657047303169044,0.0946712788050262,62.88424212694011,2.0,2.0,0.5491792697163502
d16-s7,native,2689,0.5001860119047619,0.00904785980510475,0.030393091692101228,0.0307159423828125,0.021668082577707748,0.0003228506907112724,0.010510850902361625,669.084144532624,1.4188742637634277,1.4495902061462402,12.309159374235318,157.0438707560131,0.04269046377399295,0.07838038705349479,86.22142458097746,2.0,2.0,0.5191484951894212
d16-s7,native,2957,0.5500372023809523,0.005016229313505333,0.020588153524180183,0.02011430263519287,0.015098073321687538,-0.0004738508889873122,-0.023015706019036054,608.7368917856459,1.4039561748504639,1.4240704774856567,14.134907742802884,203.83165566201652,0.0311438484213497,0.0693459889578716,101.96742338756545,2.0,2.0,0.5316963729909967
d16-s7,native,3226,0.6000744047619048,-0.010992145446292498,0.0018525443636381051,0.002511143684387207,0.013503289130679705,0.0006585993207491019,0.26227066369952445,547.9895027336498,1.3822985887527466,1.3848097324371338,16.66255261142618,313.05817781421104,0.025689379619861206,0.05322509933382036,139.57599016118434,2.0,2.0,0.5494694724101952
d16-s7,native,3495,0.6501116071428571,0.010718308847700147,0.018993829312830328,0.0183790922164917,0.007660783368791552,-0.0006147370963386287,-0.03236509532721629,492.1346380621098,1.3104546070098877,1.3288336992263794,17.27271907599206,343.6050288366513,0.01655104093026036,0.05026911024693837,146.97791678925134,2.0,2.0,0.5625058830262984
d16-s7,native,3764,0.7001488095238095,-0.0249995033156407,-0.017439628262109288,-0.014665484428405762,0.010334018887234939,0.002774143833703526,0.15907127101618615,428.6212354419037,1.2717955112457275,1.2571300268173218,16.739732840784775,310.2977125577967,0.015119750107062827,0.05394732917235669,132.21357895187444,2.0,2.0,0.5736252385249029
d16-s7,native,4032,0.75,-0.0002668462927594075,0.0047070347515685805,0.0014958381652832031,0.0017626844580426106,-0.0032111965862853774,-0.6822122112472768,368.90841944569036,1.268355131149292,1.2698509693145752,17.034344283713956,323.538899911484,0.009947762088655976,0.052650065535780485,143.09365870964265,2.0,2.0,0.5478269661011416
d16-s7,native,4301,0.8000372023809523,-0.00652581520694047,-0.004315475913326558,-0.00340878963470459,0.00311702557223588,0.0009066862786219678,0.21010110978074129,303.91282072387014,1.2687054872512817,1.2652966976165771,17.96023516881215,377.4546713082381,0.0044206785872278245,0.047582495420080285,161.8060823306309,2.0,2.0,0.5504450266804257
d16-s7,native,4570,0.8500744047619048,-0.003930249662233897,-0.0025283686485891555,-0.003037095069885254,0.0008931545923486434,-0.0005087264212960984,-0.16750427944796567,240.001806790517,1.2449334859848022,1.241896390914917,17.39296831883651,317.9643709871732,0.0028037620272894836,0.05470099767730941,143.01133858029254,2.0,2.0,0.5331152843988651
d16-s7,native,4839,0.9001116071428571,-0.0007960398205245404,-0.00011162611391329978,-0.0004036426544189453,0.00039239716610559505,-0.00029201654050564553,-0.7234531269397466,176.3954254583529,1.22404146194458,1.2236378192901611,17.1971203464135,356.17591035180124,0.0013688274132224812,0.048282659906526526,157.90657572962655,2.0,2.0,0.5439217957223406
d16-s7,native,5107,0.9499627976190477,0.0019904418167149894,0.00237542719774136,0.003935694694519043,0.0019452528778040536,0.001560267496777683,0.39644017584762214,105.79449370479972,1.2078392505645752,1.2117749452590942,15.969667891862729,258.454528339285,0.0007699707620527413,0.06178908140815634,121.92875476780803,2.0,2.0,0.5304324258136541
d16-s7,native,5376,1.0,0.0004954908247751483,0.0005493235351410661,0.0004705190658569336,-2.4971758918214664e-05,-7.880446928413252e-05,-0.14345729655274203,36.57470077735112,1.1822583675384521,1.182728886604309,16.596823329980197,312.83346463672626,0.00010766542073183564,0.05305322226077392,140.2914545165883,2.0,2.0,0.5473555185284296
d16-s7,shadow_fp32,1,0.00018601190476190475,-0.04238016782952102,-0.04219371353206788,-0.04218769073486328,0.00019247709465773644,6.022797204595365e-06,0.00014274157689433866,34.67966951781702,10.399405479431152,10.357217788696289,5.877060091891103,0.008322954117150057,0.0003729085949062775,706.1266960226285,0.8211675407446903,1.0,1.0,0.0041808603426197865
d16-s7,shadow_fp32,2,0.0003720238095238095,-0.07929583976035537,-0.08012824602570683,-0.08011531829833984,-0.0008194785379844749,1.2927727366982e-05,0.00016133795519291056,51.62216193585204,10.357217788696289,10.27710247039795,5.877215107008187,0.013919434053999633,-0.0016648125307029062,422.23089561025785,0.8405669902564215,2.0,1.0,0.006830672348741433
d16-s7,shadow_fp32,3,0.0005580357142857143,-0.12109719831172437,-0.12559679942013605,-0.1256723403930664,-0.004575142081342035,-7.554097293036022e-05,-0.0006010946616740811,69.20386151628867,10.27710247039795,10.151430130004883,5.908064780123881,0.01051008437192392,-0.008999202216823357,562.1329545085642,0.9402913605158781,2.0,1.0,0.004598552323454511
d16-s7,shadow_fp32,5,0.0009300595238095238,-0.26978458651312315,-0.299380264174378,-0.3019113540649414,-0.03212676755181826,-0.002531089890563387,-0.008383553173753602,125.79993039558666,9.95570182800293,9.653790473937988,6.275381072878818,-0.39786027410555924,-0.059191355322509694,,1.6746551522003517,1.0,1.0,-0.09483860032403098
d16-s7,shadow_fp32,9,0.0016741071428571428,-0.8566582731079353,-0.6165563972642794,-0.5372276306152344,0.3194306424927009,0.07932876664904498,0.12866425034438767,264.579804919431,7.489619255065918,6.952391624450684,27.68904210590548,514.1108939261466,0.4802037516873118,0.05385811200079935,159.4849395945291,0.0,1.0,0.6126087032723795
d16-s7,shadow_fp32,17,0.003162202380952381,-0.10543856477715235,-0.059885685901012134,-0.05892181396484375,0.046516750812308605,0.000963871936168384,0.01609519740262495,377.28459289565956,5.223630905151367,5.164709091186523,5.08619042228338,14.258333809524842,0.09110575775228044,0.35671702530107036,10.70313925305029,0.0,1.0,0.5906922791367324
d16-s7,shadow_fp32,33,0.006138392857142857,-0.11593254887675147,-0.007929294335084242,-0.02308177947998047,0.092850769396771,-0.015152485144896227,-0.6564695394494363,621.6071028398632,4.798530578613281,4.775448799133301,4.064129549175074,6.265899545576264,0.21600650908333446,0.6486107093823992,5.457806233423644,0.0,1.0,0.5694840217905245
d16-s7,shadow_fp32,41,0.007626488095238095,-0.25266421959682744,-0.13368857055656594,-0.14450550079345703,0.10815871880337041,-0.010816930236891092,-0.0748547991425726,774.3587240056138,4.551339149475098,4.406833648681641,4.066330395113517,8.110978516091187,0.237951298080523,0.50133660039247,6.4365035240681525,0.0,1.0,0.624916379969086
d16-s7,shadow_fp32,65,0.01209077380952381,-0.30286604497540454,-0.13404948256592944,-0.13806724548339844,0.1647987994920061,-0.004017762917468998,-0.029100043992346496,947.2131350138065,3.9488301277160645,3.810762882232666,3.5276572637235204,9.628220768828575,0.3376331248189502,0.36638724312848464,7.612923697422362,0.0,1.0,0.6733662899043347
d16-s7,shadow_fp32,129,0.023995535714285716,-0.07348399961819241,0.0683349923356937,0.06223630905151367,0.13572030866970608,-0.006098683284180034,-0.08924685692829855,1223.8262934907557,2.8265113830566406,2.8887476921081543,3.1763257411741486,3.8180708181038994,0.28363798390777223,0.8319190220655862,5.0835605437120375,0.0,1.0,0.42141836921858894
d16-s7,shadow_fp32,257,0.04780505952380952,-0.10440946303838974,0.022247457728787168,0.017669200897216797,0.12207866393560654,-0.004578256831570371,-0.20578786517464964,870.2569303190013,2.340252637863159,2.357921838760376,3.7927911017942146,6.03248268240581,0.2533138415343538,0.6287280546790752,8.92459820047319,0.0,1.0,0.34707868994691765
d16-s7,shadow_fp32,270,0.05022321428571429,-0.10812189544422768,0.03467657120804185,0.010967731475830078,0.11908962692005776,-0.023708839732211773,-0.6837134960654199,879.4243241876945,2.329232692718506,2.340200424194336,4.765779699590199,16.174800207493355,0.28559693330453906,0.2946422607051641,15.62346437494211,0.0,1.0,0.4742360907451358
d16-s7,shadow_fp32,401,0.07459077380952381,-0.07647145619956974,-0.011267670267540511,-0.0174410343170166,0.05903042188255314,-0.0061733640494760905,-0.3539563042687759,807.1681775931835,2.052056312561035,2.0346152782440186,3.58933276248375,6.1413994651566215,0.13040757186405846,0.5844486721386414,8.601498338734825,0.0,1.0,0.37686549438821026
d16-s7,shadow_fp32,539,0.10026041666666667,-0.039228915460671386,0.008751038503661851,0.0032252073287963867,0.04245412278946777,-0.005525831174865464,-0.631448618647169,790.2918167690389,1.959126353263855,1.9623515605926514,3.2173261116723633,4.819310643274963,0.09595990792866647,0.6675905227570118,6.94580968597422,0.0,1.0,0.3868249691577558
d16-s7,shadow_fp32,807,0.15011160714285715,-0.021746247040398466,0.007592917474633112,0.007336974143981934,0.0290832211843804,-0.0002559433306511781,-0.033708167052552515,803.7676689991141,1.6952213048934937,1.7025582790374756,3.1354131808655024,4.285421626221018,0.058678329030063155,0.7316463709617252,5.44666087886378,0.0,1.0,0.4443404301200876
d16-s7,shadow_fp32,1076,0.20014880952380953,-0.07297045160226454,-0.039096496564702966,-0.041489362716674805,0.03148108888558973,-0.0023928661519718383,-0.057674208406438894,810.7545219584366,1.742328405380249,1.7008390426635742,4.1949873848054215,14.725215858371552,0.06774791007512314,0.28488461053156616,13.885787763915312,0.0,1.0,0.5177568069315859
d16-s7,shadow_fp32,1345,0.2501860119047619,-0.042718350651746714,-0.015800810204866372,-0.015619516372680664,0.02709883427906605,0.00018129383218570827,0.011473704818622083,828.5463387493577,1.7036958932876587,1.688076376914978,4.813898867704234,16.34698707984493,0.053835080893760684,0.29448233146519986,15.774063628588493,0.0,1.0,0.47233012976028826
d16-s7,shadow_fp32,1614,0.3002232142857143,0.015351191491850583,0.04641257065971443,0.04655861854553223,0.031207427053681645,0.00014604788581779743,0.0031368603790288404,839.9904587532369,1.6132431030273438,1.659801721572876,5.7930224479396255,29.092547807017926,0.062122758335727696,0.19912392982446825,23.654288330721293,0.0,1.0,0.5109980756939589
d16-s7,shadow_fp32,1882,0.35007440476190477,-0.07971756210052926,-0.039747054048214554,-0.043115854263305664,0.03660170783722359,-0.0033688002150911098,-0.07813367664057101,831.0761716222895,1.6241756677627563,1.5810598134994507,8.09193966400962,77.16399293659559,0.0799410161046294,0.10486678249865371,49.290351167616635,0.0,1.0,0.5503341491991778
d16-s7,shadow_fp32,1883,0.3502604166666667,-0.002286656473165775,0.03498345780117687,0.03521525859832764,0.03750191507149341,0.0002318007971507663,0.006582396562658621,837.1667318414773,1.5810598134994507,1.6162750720977783,6.473837166155846,28.37780722669284,0.07454022854868529,0.2281302820348431,25.13408367385019,0.0,1.0,0.4437464501441413
d16-s7,shadow_fp32,2151,0.40011160714285715,-0.05459614665462042,-0.02561064563756771,-0.027297019958496094,0.027299126696124325,-0.0016863743209283855,-0.06177869685014858,777.0575552125274,1.5494706630706787,1.5221736431121826,8.158354058656549,64.6397528859993,0.05797100203410542,0.12621264306261937,43.27087184553984,0.0,1.0,0.5230012986811841
d16-s7,shadow_fp32,2420,0.45014880952380953,0.01831498990077416,0.040501620031956405,0.040824055671691895,0.022509065770917734,0.00032243563973548967,0.007898177543371129,730.8786461525249,1.462967872619629,1.5037919282913208,10.591258264964038,109.65587536920803,0.04437326026236449,0.09658632726521575,61.62205407772864,0.0,1.0,0.5467917536880269
d16-s7,shadow_fp32,2689,0.5001860119047619,0.00897181819247219,0.030300269414852456,0.03102850914001465,0.022056690947542458,0.0007282397251621928,0.023470019841302918,669.084144532624,1.4192523956298828,1.4502809047698975,12.26668561100902,155.57084496760064,0.04265690244476053,0.07884951459615518,85.48464620270492,0.0,1.0,0.5196087724908198
d16-s7,shadow_fp32,2957,0.5500372023809523,0.004989766144685015,0.020524898633658716,0.02003026008605957,0.015040493941374555,-0.0004946385475991452,-0.024099439243416728,608.7368917856459,1.4026689529418945,1.422699213027954,14.146607873187744,205.14130816160613,0.031070264977947404,0.06896030838432275,102.61182123477181,0.0,1.0,0.5315321852290152
d16-s7,shadow_fp32,3226,0.6000744047619048,-0.01100538284073357,0.0018415465371623974,0.0019412040710449219,0.012946586911778492,9.965753388252452e-05,0.05133799963075511,547.9895027336498,1.3821313381195068,1.3840725421905518,16.64897001484039,312.7412962106811,0.025693858755791936,0.05323559829343629,139.5735802856197,0.0,1.0,0.5491466357115107
d16-s7,shadow_fp32,3495,0.6501116071428571,0.010573413334025509,0.018850713419762063,0.018726468086242676,0.008153054752217167,-0.0001242453335193877,-0.006591014926211528,492.1346380621098,1.3094996213912964,1.328226089477539,17.336452135061396,348.76010386937236,0.01655460017147311,0.049708816870735716,148.81874372229206,0.0,1.0,0.5628453103115689
d16-s7,shadow_fp32,3764,0.7001488095238095,-0.024910690927199677,-0.017358381631001778,-0.017220258712768555,0.007690432214431123,0.00013812291823322304,0.007957131094902179,428.6212354419037,1.2720518112182617,1.2548315525054932,16.639432054143843,304.305826517916,0.015104618592395803,0.05467996536426553,130.49172929071787,0.0,1.0,0.5716866254165275
d16-s7,shadow_fp32,4032,0.75,-0.0004371162193736451,0.004514286883848695,0.004445075988769531,0.004882192208143177,-6.921089507916367e-05,-0.015331523418856649,368.90841944569036,1.266634225845337,1.2710793018341064,16.949827725720613,319.3463602357028,0.009902806206444681,0.05307662724951775,141.67912795866894,0.0,1.0,0.5474865460757163
d16-s7,shadow_fp32,4301,0.8000372023809523,-0.006583129032254215,-0.004375304763083264,-0.0043659210205078125,0.0022172080117464025,9.38374257545161e-06,0.002144706045308468,303.91282072387014,1.2694668769836426,1.2651009559631348,18.027992312362034,378.67404108447977,0.004415648538341902,0.0476082074724,161.56518284780168,0.0,1.0,0.5520063526864741
d16-s7,shadow_fp32,4570,0.8500744047619048,-0.0038304702577689823,-0.002423716654965995,-0.002440810203552246,0.0013896600542167362,-1.709354858625122e-05,-0.007003227273211999,240.001806790517,1.2447988986968994,1.2423580884933472,17.445834404387764,320.96572148825237,0.0028135072056059743,0.05435419808537497,143.87549956329036,0.0,1.0,0.5341041292224433
d16-s7,shadow_fp32,4839,0.9001116071428571,-0.0006997246385371697,-1.6454160592130362e-05,-1.6927719116210938e-05,0.0006827969194209588,-4.735585240805756e-07,-0.02797532974345429,176.3954254583529,1.220994472503662,1.220977544784546,17.132382110063695,353.52677212832856,0.0013665409558900788,0.04846134284801695,157.20257437677526,0.0,1.0,0.5433176055679174
d16-s7,shadow_fp32,5107,0.9499627976190477,0.0020419435635933925,0.002425358983246181,0.002422809600830078,0.0003808660372366856,-2.549382416102818e-06,-0.0010511361137519693,105.79449370479972,1.2079037427902222,1.2103265523910522,16.080871945238066,264.38137564663026,0.0007668308393055772,0.060824526334001726,123.6442463061249,0.0,1.0,0.5332147439601216
d16-s7,shadow_fp32,5376,1.0,0.0004848624470737388,0.0005386731533471375,0.0005388259887695312,5.396354169579247e-05,1.5283542239370642e-07,0.00028364523163168693,36.57470077735112,1.1818801164627075,1.182418942451477,16.501349082110863,306.8773339995653,0.00010762141254679747,0.05377180799587577,138.27626827300483,0.0,1.0,0.5463330028696869
