run,step,normalized_progress,metric,value,is_defined,undefined_reason
d12-s7,9,0.0035714285714285713,update/p1,-0.7436474683795674,True,
d12-s7,9,0.0035714285714285713,update/p2,-0.5459253373018306,True,
d12-s7,9,0.0035714285714285713,update/actual,-0.4593067169189453,True,
d12-s7,9,0.0035714285714285713,update/residual_p1,0.2843407514606221,True,
d12-s7,9,0.0035714285714285713,update/residual_p2,0.08661862038288526,True,
d12-s7,9,0.0035714285714285713,update/normalized_residual,0.1586638583418517,True,
d12-s7,9,0.0035714285714285713,update/loss_before,7.646768569946289,True,
d12-s7,9,0.0035714285714285713,update/loss_after,7.187461853027344,True,
d12-s7,9,0.0035714285714285713,update/direction_norm,266.0123162725466,True,
d12-s7,9,0.0035714285714285713,curvature/dhd,0.39544426215547374,True,
d12-s7,9,0.0035714285714285713,curvature/gHg,315.4484397367994,True,
d12-s7,9,0.0035714285714285713,curvature/gg,20.794790623343626,True,
d12-s7,9,0.0035714285714285713,curvature/eta_star,0.06592136147731201,True,
d12-s7,9,0.0035714285714285713,curvature/Hg_norm,132.10556213773745,True,
d12-s7,9,0.0035714285714285713,curvature/eta_star_rho,0.5236366120099774,True,
d12-s7,9,0.0035714285714285713,curvature/eta_star_rho_threshold,9.5367431640625e-07,True,
d12-s7,9,0.0035714285714285713,curvature/shadow_verdict_code,1.0,True,
d12-s7,9,0.0035714285714285713,curvature/arith_eps,1.1920928955078125e-07,True,
d12-s7,9,0.0035714285714285713,curvature/vhv_random,2.533378843176725e-05,True,
d12-s7,9,0.0035714285714285713,curvature/e_fd_random,0.0010204495557035432,True,
d12-s7,9,0.0035714285714285713,curvature/fd_cos_random,0.9999994810192651,True,
d12-s7,9,0.0035714285714285713,curvature/fd_eps_random,0.03,True,
d12-s7,9,0.0035714285714285713,curvature/fd_snr_random,1712.8060848339235,True,
d12-s7,9,0.0035714285714285713,curvature/fd_floor_random,1.8120330812715735e-05,True,
d12-s7,9,0.0035714285714285713,curvature/fd_conclusive_random,1.0,True,
d12-s7,9,0.0035714285714285713,curvature/e_sym_random,8.399022884695067e-07,True,
d12-s7,9,0.0035714285714285713,curvature/e_lin_random,5.118489390828751e-07,True,
d12-s7,9,0.0035714285714285713,curvature/curv_eps_random,0.003,True,
d12-s7,9,0.0035714285714285713,curvature/curv_snr_random,0.0,True,
d12-s7,9,0.0035714285714285713,curvature/curv_floor_random,0.4051403771477958,True,
d12-s7,9,0.0035714285714285713,curvature/c_fd_random,0.0,True,
d12-s7,9,0.0035714285714285713,curvature/verdict_code_random,1.0,True,
d12-s7,9,0.0035714285714285713,curvature/e_curv_random,,False,noise_floor_inconclusive
d12-s7,9,0.0035714285714285713,curvature/vhv_gradient,15.16959014278688,True,
d12-s7,9,0.0035714285714285713,curvature/e_fd_gradient,9.91556998600898e-05,True,
d12-s7,9,0.0035714285714285713,curvature/fd_cos_gradient,0.9999999992159027,True,
d12-s7,9,0.0035714285714285713,curvature/fd_eps_gradient,0.001,True,
d12-s7,9,0.0035714285714285713,curvature/fd_snr_gradient,53291.517535145395,True,
d12-s7,9,0.0035714285714285713,curvature/fd_floor_gradient,0.0005436078896962965,True,
d12-s7,9,0.0035714285714285713,curvature/fd_conclusive_gradient,1.0,True,
d12-s7,9,0.0035714285714285713,curvature/e_sym_gradient,7.434450225734459e-07,True,
d12-s7,9,0.0035714285714285713,curvature/e_lin_gradient,6.201755139104607e-07,True,
d12-s7,9,0.0035714285714285713,curvature/curv_eps_gradient,0.008602806544914778,True,
d12-s7,9,0.0035714285714285713,curvature/curv_snr_gradient,307.8311570827868,True,
d12-s7,9,0.0035714285714285713,curvature/curv_floor_gradient,0.04927012466178939,True,
d12-s7,9,0.0035714285714285713,curvature/c_fd_gradient,15.166879484251778,True,
d12-s7,9,0.0035714285714285713,curvature/verdict_code_gradient,0.0,True,
d12-s7,9,0.0035714285714285713,curvature/e_curv_gradient,0.00017869029483247797,True,
d12-s7,9,0.0035714285714285713,curvature/vhv_update,5.588325943773268e-06,True,
d12-s7,9,0.0035714285714285713,curvature/e_fd_update,,False,noise_floor_inconclusive
d12-s7,9,0.0035714285714285713,curvature/fd_cos_update,,False,noise_floor_inconclusive
d12-s7,9,0.0035714285714285713,curvature/fd_eps_update,0.03,True,
d12-s7,9,0.0035714285714285713,curvature/fd_snr_update,393.5744192857174,True,
d12-s7,9,0.0035714285714285713,curvature/fd_floor_update,1.8120330717611787e-05,True,
d12-s7,9,0.0035714285714285713,curvature/fd_conclusive_update,0.0,True,
d12-s7,9,0.0035714285714285713,curvature/e_sym_update,9.129201269265628e-07,True,
d12-s7,9,0.0035714285714285713,curvature/e_lin_update,5.081903892820149e-07,True,
d12-s7,9,0.0035714285714285713,curvature/curv_eps_update,0.003,True,
d12-s7,9,0.0035714285714285713,curvature/curv_snr_update,0.26154839708612304,True,
d12-s7,9,0.0035714285714285713,curvature/curv_floor_update,0.40514036451592494,True,
d12-s7,9,0.0035714285714285713,curvature/c_fd_update,-0.10596381293402778,True,
d12-s7,9,0.0035714285714285713,curvature/verdict_code_update,1.0,True,
d12-s7,9,0.0035714285714285713,curvature/e_curv_update,,False,noise_floor_inconclusive
d12-s7,17,0.006746031746031746,update/p1,-0.12134196741328421,True,
d12-s7,17,0.006746031746031746,update/p2,-0.07783840343994369,True,
d12-s7,17,0.006746031746031746,update/actual,-0.07781696319580078,True,
d12-s7,17,0.006746031746031746,update/residual_p1,0.043525004217483426,True,
d12-s7,17,0.006746031746031746,update/residual_p2,2.144024414291179e-05,True,
d12-s7,17,0.006746031746031746,update/normalized_residual,0.0002754455795005358,True,
d12-s7,17,0.006746031746031746,update/loss_before,5.300079345703125,True,
d12-s7,17,0.006746031746031746,update/loss_after,5.222262382507324,True,
d12-s7,17,0.006746031746031746,update/direction_norm,375.1012175893818,True,
d12-s7,17,0.006746031746031746,curvature/dhd,0.08700712794668103,True,
d12-s7,17,0.006746031746031746,curvature/gHg,9.761415771773997,True,
d12-s7,17,0.006746031746031746,curvature/gg,4.0400095544323955,True,
d12-s7,17,0.006746031746031746,curvature/eta_star,0.41387536899252286,True,
d12-s7,17,0.006746031746031746,curvature/Hg_norm,8.205618901101321,True,
d12-s7,17,0.006746031746031746,curvature/eta_star_rho,0.591848119789394,True,
d12-s7,17,0.006746031746031746,curvature/eta_star_rho_threshold,9.5367431640625e-07,True,
d12-s7,17,0.006746031746031746,curvature/shadow_verdict_code,1.0,True,
d12-s7,17,0.006746031746031746,curvature/arith_eps,1.1920928955078125e-07,True,
d12-s7,17,0.006746031746031746,curvature/vhv_random,2.2386335448196558e-06,True,
d12-s7,17,0.006746031746031746,curvature/e_fd_random,,False,noise_floor_inconclusive
d12-s7,17,0.006746031746031746,curvature/fd_cos_random,,False,noise_floor_inconclusive
d12-s7,17,0.006746031746031746,curvature/fd_eps_random,0.03,True,
d12-s7,17,0.006746031746031746,curvature/fd_snr_random,450.73921608790823,True,
d12-s7,17,0.006746031746031746,curvature/fd_floor_random,7.986933141617636e-06,True,
d12-s7,17,0.006746031746031746,curvature/fd_conclusive_random,0.0,True,
d12-s7,17,0.006746031746031746,curvature/e_sym_random,2.712648114694747e-07,True,
d12-s7,17,0.006746031746031746,curvature/e_lin_random,6.372478065298527e-07,True,
d12-s7,17,0.006746031746031746,curvature/curv_eps_random,0.003,True,
d12-s7,17,0.006746031746031746,curvature/curv_snr_random,0.18867642487328073,True,
d12-s7,17,0.006746031746031746,curvature/curv_floor_random,0.2808083018458597,True,
d12-s7,17,0.006746031746031746,curvature/c_fd_random,-0.05298190646701389,True,
d12-s7,17,0.006746031746031746,curvature/verdict_code_random,1.0,True,
d12-s7,17,0.006746031746031746,curvature/e_curv_random,,False,noise_floor_inconclusive
d12-s7,17,0.006746031746031746,curvature/vhv_gradient,2.416186080896921,True,
d12-s7,17,0.006746031746031746,curvature/e_fd_gradient,4.768066560260489e-05,True,
d12-s7,17,0.006746031746031746,curvature/fd_cos_gradient,0.999999998924261,True,
d12-s7,17,0.006746031746031746,curvature/fd_eps_gradient,0.003,True,
d12-s7,17,0.006746031746031746,curvature/fd_snr_gradient,51113.87383332948,True,
d12-s7,17,0.006746031746031746,curvature/fd_floor_gradient,7.98695681796864e-05,True,
d12-s7,17,0.006746031746031746,curvature/fd_conclusive_gradient,1.0,True,
d12-s7,17,0.006746031746031746,curvature/e_sym_gradient,6.735967067521727e-06,True,
d12-s7,17,0.006746031746031746,curvature/e_lin_gradient,5.697585309439957e-07,True,
d12-s7,17,0.006746031746031746,curvature/curv_eps_gradient,0.017320508075688773,True,
d12-s7,17,0.006746031746031746,curvature/curv_snr_gradient,286.5896915075899,True,
d12-s7,17,0.006746031746031746,curvature/curv_floor_gradient,0.008424537062031352,True,
d12-s7,17,0.006746031746031746,curvature/c_fd_gradient,2.4143854777018228,True,
d12-s7,17,0.006746031746031746,curvature/verdict_code_gradient,0.0,True,
d12-s7,17,0.006746031746031746,curvature/e_curv_gradient,0.0007452253819911535,True,
d12-s7,17,0.006746031746031746,curvature/vhv_update,6.183834485732799e-07,True,
d12-s7,17,0.006746031746031746,curvature/e_fd_update,,False,noise_floor_inconclusive
d12-s7,17,0.006746031746031746,curvature/fd_cos_update,,False,noise_floor_inconclusive
d12-s7,17,0.006746031746031746,curvature/fd_eps_update,0.03,True,
d12-s7,17,0.006746031746031746,curvature/fd_snr_update,98.99826644359725,True,
d12-s7,17,0.006746031746031746,curvature/fd_floor_update,7.986933023148763e-06,True,
d12-s7,17,0.006746031746031746,curvature/fd_conclusive_update,0.0,True,
d12-s7,17,0.006746031746031746,curvature/e_sym_update,4.918053105810851e-08,True,
d12-s7,17,0.006746031746031746,curvature/e_lin_update,6.163741143847453e-07,True,
d12-s7,17,0.006746031746031746,curvature/curv_eps_update,0.03,True,
d12-s7,17,0.006746031746031746,curvature/curv_snr_update,0.1886764248732807,True,
d12-s7,17,0.006746031746031746,curvature/curv_floor_update,0.0028080830184585973,True,
d12-s7,17,0.006746031746031746,curvature/c_fd_update,-0.0005298190646701389,True,
d12-s7,17,0.006746031746031746,curvature/verdict_code_update,1.0,True,
d12-s7,17,0.006746031746031746,curvature/e_curv_update,,False,noise_floor_inconclusive
d12-s7,33,0.013095238095238096,update/p1,-0.11116342206141656,True,
d12-s7,33,0.013095238095238096,update/p2,-0.021034330085707487,True,
d12-s7,33,0.013095238095238096,update/actual,-0.03090953826904297,True,
d12-s7,33,0.013095238095238096,update/residual_p1,0.0802538837923736,True,
d12-s7,33,0.013095238095238096,update/residual_p2,-0.009875208183335482,True,
d12-s7,33,0.013095238095238096,update/normalized_residual,-0.31948740538857756,True,
d12-s7,33,0.013095238095238096,update/loss_before,4.851261138916016,True,
d12-s7,33,0.013095238095238096,update/loss_after,4.820351600646973,True,
d12-s7,33,0.013095238095238096,update/direction_norm,598.8455477524233,True,
d12-s7,33,0.013095238095238096,curvature/dhd,0.18025818395141815,True,
d12-s7,33,0.013095238095238096,curvature/gHg,4.192508670297602,True,
d12-s7,33,0.013095238095238096,curvature/gg,3.2059089068531588,True,
d12-s7,33,0.013095238095238096,curvature/eta_star,0.7646755579936796,True,
d12-s7,33,0.013095238095238096,curvature/Hg_norm,4.132109718651568,True,
d12-s7,33,0.013095238095238096,curvature/eta_star_rho,0.5666651909767116,True,
d12-s7,33,0.013095238095238096,curvature/eta_star_rho_threshold,9.5367431640625e-07,True,
d12-s7,33,0.013095238095238096,curvature/shadow_verdict_code,1.0,True,
d12-s7,33,0.013095238095238096,curvature/arith_eps,1.1920928955078125e-07,True,
d12-s7,33,0.013095238095238096,curvature/vhv_random,3.7156163454985125e-07,True,
d12-s7,33,0.013095238095238096,curvature/e_fd_random,,False,noise_floor_inconclusive
d12-s7,33,0.013095238095238096,curvature/fd_cos_random,,False,noise_floor_inconclusive
d12-s7,33,0.013095238095238096,curvature/fd_eps_random,0.03,True,
d12-s7,33,0.013095238095238096,curvature/fd_snr_random,221.49136079361145,True,
d12-s7,33,0.013095238095238096,curvature/fd_floor_random,7.11482901485924e-06,True,
d12-s7,33,0.013095238095238096,curvature/fd_conclusive_random,0.0,True,
d12-s7,33,0.013095238095238096,curvature/e_sym_random,5.2472322602771434e-08,True,
d12-s7,33,0.013095238095238096,curvature/e_lin_random,6.435714617153608e-07,True,
d12-s7,33,0.013095238095238096,curvature/curv_eps_random,0.003,True,
d12-s7,33,0.013095238095238096,curvature/curv_snr_random,0.4122639133286301,True,
d12-s7,33,0.013095238095238096,curvature/curv_floor_random,0.25702907654097845,True,
d12-s7,33,0.013095238095238096,curvature/c_fd_random,0.10596381293402778,True,
d12-s7,33,0.013095238095238096,curvature/verdict_code_random,1.0,True,
d12-s7,33,0.013095238095238096,curvature/e_curv_random,,False,noise_floor_inconclusive
d12-s7,33,0.013095238095238096,curvature/vhv_gradient,1.3077441551969593,True,
d12-s7,33,0.013095238095238096,curvature/e_fd_gradient,5.4139635715045e-05,True,
d12-s7,33,0.013095238095238096,curvature/fd_cos_gradient,0.9999999993235382,True,
d12-s7,33,0.013095238095238096,curvature/fd_eps_gradient,0.01,True,
d12-s7,33,0.013095238095238096,curvature/fd_snr_gradient,108118.71885133485,True,
d12-s7,33,0.013095238095238096,curvature/fd_floor_gradient,2.1344960519936698e-05,True,
d12-s7,33,0.013095238095238096,curvature/fd_conclusive_gradient,1.0,True,
d12-s7,33,0.013095238095238096,curvature/e_sym_gradient,1.7352429235439996e-06,True,
d12-s7,33,0.013095238095238096,curvature/e_lin_gradient,3.795020980335741e-07,True,
d12-s7,33,0.013095238095238096,curvature/curv_eps_gradient,0.022795070569547774,True,
d12-s7,33,0.013095238095238096,curvature/curv_snr_gradient,294.14000246456993,True,
d12-s7,33,0.013095238095238096,curvature/curv_floor_gradient,0.0044520300840899555,True,
d12-s7,33,0.013095238095238096,curvature/c_fd_gradient,1.309520139906559,True,
d12-s7,33,0.013095238095238096,curvature/verdict_code_gradient,0.0,True,
d12-s7,33,0.013095238095238096,curvature/e_curv_gradient,0.001356210305957147,True,
d12-s7,33,0.013095238095238096,curvature/vhv_update,5.026496776475026e-07,True,
d12-s7,33,0.013095238095238096,curvature/e_fd_update,,False,noise_floor_inconclusive
d12-s7,33,0.013095238095238096,curvature/fd_cos_update,,False,noise_floor_inconclusive
d12-s7,33,0.013095238095238096,curvature/fd_eps_update,0.03,True,
d12-s7,33,0.013095238095238096,curvature/fd_snr_update,101.38728546943858,True,
d12-s7,33,0.013095238095238096,curvature/fd_floor_update,7.1148290412720075e-06,True,
d12-s7,33,0.013095238095238096,curvature/fd_conclusive_update,0.0,True,
d12-s7,33,0.013095238095238096,curvature/e_sym_update,2.8315721388401682e-06,True,
d12-s7,33,0.013095238095238096,curvature/e_lin_update,5.785362641766149e-07,True,
d12-s7,33,0.013095238095238096,curvature/curv_eps_update,0.003,True,
d12-s7,33,0.013095238095238096,curvature/curv_snr_update,0.4122639133286301,True,
d12-s7,33,0.013095238095238096,curvature/curv_floor_update,0.25702907654097845,True,
d12-s7,33,0.013095238095238096,curvature/c_fd_update,0.10596381293402778,True,
d12-s7,33,0.013095238095238096,curvature/verdict_code_update,1.0,True,
d12-s7,33,0.013095238095238096,curvature/e_curv_update,,False,noise_floor_inconclusive
d12-s7,41,0.01626984126984127,update/p1,-0.2245558605148981,True,
d12-s7,41,0.01626984126984127,update/p2,-0.03275010867365616,True,
d12-s7,41,0.01626984126984127,update/actual,-0.08069896697998047,True,
d12-s7,41,0.01626984126984127,update/residual_p1,0.14385689353491762,True,
d12-s7,41,0.01626984126984127,update/residual_p2,-0.04794885830632431,True,
d12-s7,41,0.01626984126984127,update/normalized_residual,-0.5941694187760707,True,
d12-s7,41,0.01626984126984127,update/loss_before,4.641858100891113,True,
d12-s7,41,0.01626984126984127,update/loss_after,4.561159133911133,True,
d12-s7,41,0.01626984126984127,update/direction_norm,743.6350937298333,True,
d12-s7,41,0.01626984126984127,curvature/dhd,0.38361150368248387,True,
d12-s7,41,0.01626984126984127,curvature/gHg,4.878255984515916,True,
d12-s7,41,0.01626984126984127,curvature/gg,3.2516913194995083,True,
d12-s7,41,0.01626984126984127,curvature/eta_star,0.6665684067873251,True,
d12-s7,41,0.01626984126984127,curvature/Hg_norm,4.467645076397606,True,
d12-s7,41,0.01626984126984127,curvature/eta_star_rho,0.6055238674708995,True,
d12-s7,41,0.01626984126984127,curvature/eta_star_rho_threshold,9.5367431640625e-07,True,
d12-s7,41,0.01626984126984127,curvature/shadow_verdict_code,1.0,True,
d12-s7,41,0.01626984126984127,curvature/arith_eps,1.1920928955078125e-07,True,
d12-s7,41,0.01626984126984127,curvature/vhv_random,-4.3789267799712727e-07,True,
d12-s7,41,0.01626984126984127,curvature/e_fd_random,,False,noise_floor_inconclusive
d12-s7,41,0.01626984126984127,curvature/fd_cos_random,,False,noise_floor_inconclusive
d12-s7,41,0.01626984126984127,curvature/fd_eps_random,0.03,True,
d12-s7,41,0.01626984126984127,curvature/fd_snr_random,245.03485316654996,True,
d12-s7,41,0.01626984126984127,curvature/fd_floor_random,7.165450448566029e-06,True,
d12-s7,41,0.01626984126984127,curvature/fd_conclusive_random,0.0,True,
d12-s7,41,0.01626984126984127,curvature/e_sym_random,2.4802452135279186e-08,True,
d12-s7,41,0.01626984126984127,curvature/e_lin_random,6.557724101161076e-07,True,
d12-s7,41,0.01626984126984127,curvature/curv_eps_random,0.003,True,
d12-s7,41,0.01626984126984127,curvature/curv_snr_random,0.0,True,
d12-s7,41,0.01626984126984127,curvature/curv_floor_random,0.24593449173456366,True,
d12-s7,41,0.01626984126984127,curvature/c_fd_random,0.0,True,
d12-s7,41,0.01626984126984127,curvature/verdict_code_random,1.0,True,
d12-s7,41,0.01626984126984127,curvature/e_curv_random,,False,noise_floor_inconclusive
d12-s7,41,0.01626984126984127,curvature/vhv_gradient,1.5002209772080242,True,
d12-s7,41,0.01626984126984127,curvature/e_fd_gradient,6.356528994649508e-05,True,
d12-s7,41,0.01626984126984127,curvature/fd_cos_gradient,0.99999999915001,True,
d12-s7,41,0.01626984126984127,curvature/fd_eps_gradient,0.01,True,
d12-s7,41,0.01626984126984127,curvature/fd_snr_gradient,115252.15501666546,True,
d12-s7,41,0.01626984126984127,curvature/fd_floor_gradient,2.149685478968178e-05,True,
d12-s7,41,0.01626984126984127,curvature/fd_conclusive_gradient,1.0,True,
d12-s7,41,0.01626984126984127,curvature/e_sym_gradient,1.7289003070358978e-07,True,
d12-s7,41,0.01626984126984127,curvature/e_lin_gradient,4.1796869291963743e-07,True,
d12-s7,41,0.01626984126984127,curvature/curv_eps_gradient,0.01987013346421578,True,
d12-s7,41,0.01626984126984127,curvature/curv_snr_gradient,267.77214970190914,True,
d12-s7,41,0.01626984126984127,curvature/curv_floor_gradient,0.005606273052012158,True,
d12-s7,41,0.01626984126984127,curvature/c_fd_gradient,1.5012037869531785,True,
d12-s7,41,0.01626984126984127,curvature/verdict_code_gradient,0.0,True,
d12-s7,41,0.01626984126984127,curvature/e_curv_gradient,0.0006546810990591737,True,
d12-s7,41,0.01626984126984127,curvature/vhv_update,6.937003624356687e-07,True,
d12-s7,41,0.01626984126984127,curvature/e_fd_update,,False,noise_floor_inconclusive
d12-s7,41,0.01626984126984127,curvature/fd_cos_update,,False,noise_floor_inconclusive
d12-s7,41,0.01626984126984127,curvature/fd_eps_update,0.03,True,
d12-s7,41,0.01626984126984127,curvature/fd_snr_update,128.66324963614855,True,
d12-s7,41,0.01626984126984127,curvature/fd_floor_update,7.165450697965959e-06,True,
d12-s7,41,0.01626984126984127,curvature/fd_conclusive_update,0.0,True,
d12-s7,41,0.01626984126984127,curvature/e_sym_update,3.922074822494747e-06,True,
d12-s7,41,0.01626984126984127,curvature/e_lin_update,5.460326666366333e-07,True,
d12-s7,41,0.01626984126984127,curvature/curv_eps_update,0.03,True,
d12-s7,41,0.01626984126984127,curvature/curv_snr_update,0.21543097698083452,True,
d12-s7,41,0.01626984126984127,curvature/curv_floor_update,0.0024593448541862825,True,
d12-s7,41,0.01626984126984127,curvature/c_fd_update,-0.0005298190646701389,True,
d12-s7,41,0.01626984126984127,curvature/verdict_code_update,1.0,True,
d12-s7,41,0.01626984126984127,curvature/e_curv_update,,False,noise_floor_inconclusive
d12-s7,65,0.025793650793650792,update/p1,-0.21270900787162858,True,
d12-s7,65,0.025793650793650792,update/p2,-0.09766460421983382,True,
d12-s7,65,0.025793650793650792,update/actual,-0.09890413284301758,True,
d12-s7,65,0.025793650793650792,update/residual_p1,0.113804875028611,True,
d12-s7,65,0.025793650793650792,update/residual_p2,-0.0012395286231837582,True,
d12-s7,65,0.025793650793650792,update/normalized_residual,-0.012532627176977128,True,
d12-s7,65,0.025793650793650792,update/loss_before,3.9633655548095703,True,
d12-s7,65,0.025793650793650792,update/loss_after,3.8644614219665527,True,
d12-s7,65,0.025793650793650792,update/direction_norm,891.0789647021637,True,
d12-s7,65,0.025793650793650792,curvature/dhd,0.23008880730358952,True,
d12-s7,65,0.025793650793650792,curvature/gHg,7.509752508488807,True,
d12-s7,65,0.025793650793650792,curvature/gg,3.0129301494113987,True,
d12-s7,65,0.025793650793650792,curvature/eta_star,0.4012023227137871,True,
d12-s7,65,0.025793650793650792,curvature/Hg_norm,6.405089163055854,True,
d12-s7,65,0.025793650793650792,curvature/eta_star_rho,0.675469763525642,True,
d12-s7,65,0.025793650793650792,curvature/eta_star_rho_threshold,9.5367431640625e-07,True,
d12-s7,65,0.025793650793650792,curvature/shadow_verdict_code,1.0,True,
d12-s7,65,0.025793650793650792,curvature/arith_eps,1.1920928955078125e-07,True,
d12-s7,65,0.025793650793650792,curvature/vhv_random,2.8932557288334905e-07,True,
d12-s7,65,0.025793650793650792,curvature/e_fd_random,,False,noise_floor_inconclusive
d12-s7,65,0.025793650793650792,curvature/fd_cos_random,,False,noise_floor_inconclusive
d12-s7,65,0.025793650793650792,curvature/fd_eps_random,0.03,True,
d12-s7,65,0.025793650793650792,curvature/fd_snr_random,393.20979864178105,True,
d12-s7,65,0.025793650793650792,curvature/fd_floor_random,6.8973676903379e-06,True,
d12-s7,65,0.025793650793650792,curvature/fd_conclusive_random,0.0,True,
d12-s7,65,0.025793650793650792,curvature/e_sym_random,2.0448803514502736e-07,True,
d12-s7,65,0.025793650793650792,curvature/e_lin_random,6.489298702435272e-07,True,
d12-s7,65,0.025793650793650792,curvature/curv_eps_random,0.01,True,
d12-s7,65,0.025793650793650792,curvature/curv_snr_random,0.25231082428525614,True,
d12-s7,65,0.025793650793650792,curvature/curv_floor_random,0.018898799112321285,True,
d12-s7,65,0.025793650793650792,curvature/c_fd_random,-0.00476837158203125,True,
d12-s7,65,0.025793650793650792,curvature/verdict_code_random,1.0,True,
d12-s7,65,0.025793650793650792,curvature/e_curv_random,,False,noise_floor_inconclusive
d12-s7,65,0.025793650793650792,curvature/vhv_gradient,2.492507990915011,True,
d12-s7,65,0.025793650793650792,curvature/e_fd_gradient,8.657868089695843e-05,True,
d12-s7,65,0.025793650793650792,curvature/fd_cos_gradient,0.9999999962534185,True,
d12-s7,65,0.025793650793650792,curvature/fd_eps_gradient,0.003,True,
d12-s7,65,0.025793650793650792,curvature/fd_snr_gradient,53498.87131412245,True,
d12-s7,65,0.025793650793650792,curvature/fd_floor_gradient,6.897421243998308e-05,True,
d12-s7,65,0.025793650793650792,curvature/fd_conclusive_gradient,1.0,True,
d12-s7,65,0.025793650793650792,curvature/e_sym_gradient,7.365798982614951e-07,True,
d12-s7,65,0.025793650793650792,curvature/e_lin_gradient,3.948555728522154e-07,True,
d12-s7,65,0.025793650793650792,curvature/curv_eps_gradient,0.01509803648477105,True,
d12-s7,65,0.025793650793650792,curvature/curv_snr_gradient,300.49141828587926,True,
d12-s7,65,0.025793650793650792,curvature/curv_floor_gradient,0.008291036708226802,True,
d12-s7,65,0.025793650793650792,curvature/c_fd_gradient,2.4913853795153593,True,
d12-s7,65,0.025793650793650792,curvature/verdict_code_gradient,0.0,True,
d12-s7,65,0.025793650793650792,curvature/e_curv_gradient,0.0004503943031451413,True,
d12-s7,65,0.025793650793650792,curvature/vhv_update,2.89776446402982e-07,True,
d12-s7,65,0.025793650793650792,curvature/e_fd_update,,False,noise_floor_inconclusive
d12-s7,65,0.025793650793650792,curvature/fd_cos_update,,False,noise_floor_inconclusive
d12-s7,65,0.025793650793650792,curvature/fd_eps_update,0.03,True,
d12-s7,65,0.025793650793650792,curvature/fd_snr_update,122.36128227712697,True,
d12-s7,65,0.025793650793650792,curvature/fd_floor_update,6.897367497103817e-06,True,
d12-s7,65,0.025793650793650792,curvature/fd_conclusive_update,0.0,True,
d12-s7,65,0.025793650793650792,curvature/e_sym_update,3.606853769536675e-08,True,
d12-s7,65,0.025793650793650792,curvature/e_lin_update,5.8736933502261e-07,True,
d12-s7,65,0.025793650793650792,curvature/curv_eps_update,0.003,True,
d12-s7,65,0.025793650793650792,curvature/curv_snr_update,0.12615541024538984,True,
d12-s7,65,0.025793650793650792,curvature/curv_floor_update,0.20998665996153754,True,
d12-s7,65,0.025793650793650792,curvature/c_fd_update,-0.026490953233506944,True,
d12-s7,65,0.025793650793650792,curvature/verdict_code_update,1.0,True,
d12-s7,65,0.025793650793650792,curvature/e_curv_update,,False,noise_floor_inconclusive
d12-s7,127,0.0503968253968254,update/p1,-0.07854801212967055,True,
d12-s7,127,0.0503968253968254,update/p2,0.062087122041367016,True,
d12-s7,127,0.0503968253968254,update/actual,0.05149126052856445,True,
d12-s7,127,0.0503968253968254,update/residual_p1,0.130039272658235,True,
d12-s7,127,0.0503968253968254,update/residual_p2,-0.010595861512802562,True,
d12-s7,127,0.0503968253968254,update/normalized_residual,-0.1706611800389591,True,
d12-s7,127,0.0503968253968254,update/loss_before,2.9434456825256348,True,
d12-s7,127,0.0503968253968254,update/loss_after,2.994936943054199,True,
d12-s7,127,0.0503968253968254,update/direction_norm,1157.1430983026435,True,
d12-s7,127,0.0503968253968254,curvature/dhd,0.28127026834207514,True,
d12-s7,127,0.0503968253968254,curvature/gHg,5.100789934343602,True,
d12-s7,127,0.0503968253968254,curvature/gg,3.3141315133625158,True,
d12-s7,127,0.0503968253968254,curvature/eta_star,0.6497290725596204,True,
d12-s7,127,0.0503968253968254,curvature/Hg_norm,5.699538472379278,True,
d12-s7,127,0.0503968253968254,curvature/eta_star_rho,0.4916011381104792,True,
d12-s7,127,0.0503968253968254,curvature/eta_star_rho_threshold,9.5367431640625e-07,True,
d12-s7,127,0.0503968253968254,curvature/shadow_verdict_code,1.0,True,
d12-s7,127,0.0503968253968254,curvature/arith_eps,1.1920928955078125e-07,True,
d12-s7,127,0.0503968253968254,curvature/vhv_random,3.7666753795649e-06,True,
d12-s7,127,0.0503968253968254,curvature/e_fd_random,0.008801344595187187,True,
d12-s7,127,0.0503968253968254,curvature/fd_cos_random,0.9999612691020823,True,
d12-s7,127,0.0503968253968254,curvature/fd_eps_random,0.03,True,
d12-s7,127,0.0503968253968254,curvature/fd_snr_random,790.3746067953641,True,
d12-s7,127,0.0503968253968254,curvature/fd_floor_random,7.233920117219075e-06,True,
d12-s7,127,0.0503968253968254,curvature/fd_conclusive_random,1.0,True,
d12-s7,127,0.0503968253968254,curvature/e_sym_random,1.7701619683548697e-06,True,
d12-s7,127,0.0503968253968254,curvature/e_lin_random,7.481703630145563e-07,True,
d12-s7,127,0.0503968253968254,curvature/curv_eps_random,0.1,True,
d12-s7,127,0.0503968253968254,curvature/curv_snr_random,0.3397378675736379,True,
d12-s7,127,0.0503968253968254,curvature/curv_floor_random,0.00014035443314242,True,
d12-s7,127,0.0503968253968254,curvature/c_fd_random,4.768371582031249e-05,True,
d12-s7,127,0.0503968253968254,curvature/verdict_code_random,1.0,True,
d12-s7,127,0.0503968253968254,curvature/e_curv_random,,False,noise_floor_inconclusive
d12-s7,127,0.0503968253968254,curvature/vhv_gradient,1.5391030506475198,True,
d12-s7,127,0.0503968253968254,curvature/e_fd_gradient,0.0004660341288558392,True,
d12-s7,127,0.0503968253968254,curvature/fd_cos_gradient,0.9999998917303539,True,
d12-s7,127,0.0503968253968254,curvature/fd_eps_gradient,0.003,True,
d12-s7,127,0.0503968253968254,curvature/fd_snr_gradient,43279.177912830906,True,
d12-s7,127,0.0503968253968254,curvature/fd_floor_gradient,7.233955163039056e-05,True,
d12-s7,127,0.0503968253968254,curvature/fd_conclusive_gradient,1.0,True,
d12-s7,127,0.0503968253968254,curvature/e_sym_gradient,1.0252785896810167e-06,True,
d12-s7,127,0.0503968253968254,curvature/e_lin_gradient,5.235830132736061e-07,True,
d12-s7,127,0.0503968253968254,curvature/curv_eps_gradient,0.017320508075688773,True,
d12-s7,127,0.0503968253968254,curvature/curv_snr_gradient,329.02323240969014,True,
d12-s7,127,0.0503968253968254,curvature/curv_floor_gradient,0.004678664424773159,True,
d12-s7,127,0.0503968253968254,curvature/c_fd_gradient,1.5393892923990884,True,
d12-s7,127,0.0503968253968254,curvature/verdict_code_gradient,0.0,True,
d12-s7,127,0.0503968253968254,curvature/e_curv_gradient,0.00018594500623195288,True,
d12-s7,127,0.0503968253968254,curvature/vhv_update,2.1006307785597807e-07,True,
d12-s7,127,0.0503968253968254,curvature/e_fd_update,,False,noise_floor_inconclusive
d12-s7,127,0.0503968253968254,curvature/fd_cos_update,,False,noise_floor_inconclusive
d12-s7,127,0.0503968253968254,curvature/fd_eps_update,0.03,True,
d12-s7,127,0.0503968253968254,curvature/fd_snr_update,128.85559068787444,True,
d12-s7,127,0.0503968253968254,curvature/fd_floor_update,7.233919890504901e-06,True,
d12-s7,127,0.0503968253968254,curvature/fd_conclusive_update,0.0,True,
d12-s7,127,0.0503968253968254,curvature/e_sym_update,2.6173276495744006e-07,True,
d12-s7,127,0.0503968253968254,curvature/e_lin_update,7.180200066734006e-07,True,
d12-s7,127,0.0503968253968254,curvature/curv_eps_update,0.01,True,
d12-s7,127,0.0503968253968254,curvature/curv_snr_update,0.3397378950923461,True,
d12-s7,127,0.0503968253968254,curvature/curv_floor_update,0.014035442177373625,True,
d12-s7,127,0.0503968253968254,curvature/c_fd_update,-0.00476837158203125,True,
d12-s7,127,0.0503968253968254,curvature/verdict_code_update,1.0,True,
d12-s7,127,0.0503968253968254,curvature/e_curv_update,,False,noise_floor_inconclusive
d12-s7,253,0.1003968253968254,update/p1,-0.2146536566653916,True,
d12-s7,253,0.1003968253968254,update/p2,-0.05776505909644439,True,
d12-s7,253,0.1003968253968254,update/actual,-0.07379841804504395,True,
d12-s7,253,0.1003968253968254,update/residual_p1,0.14085523862034766,True,
d12-s7,253,0.1003968253968254,update/residual_p2,-0.016033358948599558,True,
d12-s7,253,0.1003968253968254,update/normalized_residual,-0.2172588433916478,True,
d12-s7,253,0.1003968253968254,update/loss_before,2.5368025302886963,True,
d12-s7,253,0.1003968253968254,update/loss_after,2.4630041122436523,True,
d12-s7,253,0.1003968253968254,update/direction_norm,785.4066289487903,True,
d12-s7,253,0.1003968253968254,curvature/dhd,0.3137771951378944,True,
d12-s7,253,0.1003968253968254,curvature/gHg,13.24354093966755,True,
d12-s7,253,0.1003968253968254,curvature/gg,4.883630331937288,True,
d12-s7,253,0.1003968253968254,curvature/eta_star,0.3687556337225232,True,
d12-s7,253,0.1003968253968254,curvature/Hg_norm,13.251205729942278,True,
d12-s7,253,0.1003968253968254,curvature/eta_star_rho,0.45224870356744135,True,
d12-s7,253,0.1003968253968254,curvature/eta_star_rho_threshold,9.5367431640625e-07,True,
d12-s7,253,0.1003968253968254,curvature/shadow_verdict_code,1.0,True,
d12-s7,253,0.1003968253968254,curvature/arith_eps,1.1920928955078125e-07,True,
d12-s7,253,0.1003968253968254,curvature/vhv_random,5.255067566467469e-06,True,
d12-s7,253,0.1003968253968254,curvature/e_fd_random,0.00878537104022628,True,
d12-s7,253,0.1003968253968254,curvature/fd_cos_random,0.9999614096564906,True,
d12-s7,253,0.1003968253968254,curvature/fd_eps_random,0.03,True,
d12-s7,253,0.1003968253968254,curvature/fd_snr_random,822.250863272332,True,
d12-s7,253,0.1003968253968254,curvature/fd_floor_random,8.78132834751048e-06,True,
d12-s7,253,0.1003968253968254,curvature/fd_conclusive_random,1.0,True,
d12-s7,253,0.1003968253968254,curvature/e_sym_random,6.111037647434943e-07,True,
d12-s7,253,0.1003968253968254,curvature/e_lin_random,7.531175369061289e-07,True,
d12-s7,253,0.1003968253968254,curvature/curv_eps_random,0.01,True,
d12-s7,253,0.1003968253968254,curvature/curv_snr_random,0.39419703940383005,True,
d12-s7,253,0.1003968253968254,curvature/curv_floor_random,0.0120964165262194,True,
d12-s7,253,0.1003968253968254,curvature/c_fd_random,-0.00476837158203125,True,
d12-s7,253,0.1003968253968254,curvature/verdict_code_random,1.0,True,
d12-s7,253,0.1003968253968254,curvature/e_curv_random,,False,noise_floor_inconclusive
d12-s7,253,0.1003968253968254,curvature/vhv_gradient,2.71182289121195,True,
d12-s7,253,0.1003968253968254,curvature/e_fd_gradient,0.000736958603497825,True,
d12-s7,253,0.1003968253968254,curvature/fd_cos_gradient,0.9999997287864674,True,
d12-s7,253,0.1003968253968254,curvature/fd_eps_gradient,0.001,True,
d12-s7,253,0.1003968253968254,curvature/fd_snr_gradient,22761.536826451727,True,
d12-s7,253,0.1003968253968254,curvature/fd_floor_gradient,0.0002634404322277326,True,
d12-s7,253,0.1003968253968254,curvature/fd_conclusive_gradient,1.0,True,
d12-s7,253,0.1003968253968254,curvature/e_sym_gradient,9.434556733555554e-07,True,
d12-s7,253,0.1003968253968254,curvature/e_lin_gradient,4.771961983374124e-07,True,
d12-s7,253,0.1003968253968254,curvature/curv_eps_gradient,0.011472026904398771,True,
d12-s7,253,0.1003968253968254,curvature/curv_snr_gradient,294.84900768244336,True,
d12-s7,253,0.1003968253968254,curvature/curv_floor_gradient,0.009191612450646678,True,
d12-s7,253,0.1003968253968254,curvature/c_fd_gradient,2.710137810074764,True,
d12-s7,253,0.1003968253968254,curvature/verdict_code_gradient,0.0,True,
d12-s7,253,0.1003968253968254,curvature/e_curv_gradient,0.0006213831820089593,True,
d12-s7,253,0.1003968253968254,curvature/vhv_update,5.086655095911922e-07,True,
d12-s7,253,0.1003968253968254,curvature/e_fd_update,,False,noise_floor_inconclusive
d12-s7,253,0.1003968253968254,curvature/fd_cos_update,,False,noise_floor_inconclusive
d12-s7,253,0.1003968253968254,curvature/fd_eps_update,0.03,True,
d12-s7,253,0.1003968253968254,curvature/fd_snr_update,215.05746808409995,True,
d12-s7,253,0.1003968253968254,curvature/fd_floor_update,8.781327934497936e-06,True,
d12-s7,253,0.1003968253968254,curvature/fd_conclusive_update,0.0,True,
d12-s7,253,0.1003968253968254,curvature/e_sym_update,1.30363452145833e-06,True,
d12-s7,253,0.1003968253968254,curvature/e_lin_update,7.192424644876902e-07,True,
d12-s7,253,0.1003968253968254,curvature/curv_eps_update,0.1,True,
d12-s7,253,0.1003968253968254,curvature/curv_snr_update,0.3941970394038301,True,
d12-s7,253,0.1003968253968254,curvature/curv_floor_update,0.00012096416526219397,True,
d12-s7,253,0.1003968253968254,curvature/c_fd_update,-4.768371582031249e-05,True,
d12-s7,253,0.1003968253968254,curvature/verdict_code_update,1.0,True,
d12-s7,253,0.1003968253968254,curvature/e_curv_update,,False,noise_floor_inconclusive
d12-s7,379,0.1503968253968254,update/p1,-0.11552245296792153,True,
d12-s7,379,0.1503968253968254,update/p2,-0.0012060970029271062,True,
d12-s7,379,0.1503968253968254,update/actual,-0.006677389144897461,True,
d12-s7,379,0.1503968253968254,update/residual_p1,0.10884506382302407,True,
d12-s7,379,0.1503968253968254,update/residual_p2,-0.005471292141970355,True,
d12-s7,379,0.1503968253968254,update/normalized_residual,-0.8193759601612035,True,
d12-s7,379,0.1503968253968254,update/loss_before,2.1618685722351074,True,
d12-s7,379,0.1503968253968254,update/loss_after,2.15519118309021,True,
d12-s7,379,0.1503968253968254,update/direction_norm,741.6814793301797,True,
d12-s7,379,0.1503968253968254,curvature/dhd,0.22863271192998885,True,
d12-s7,379,0.1503968253968254,curvature/gHg,8.426230826058326,True,
d12-s7,379,0.1503968253968254,curvature/gg,4.671941928421717,True,
d12-s7,379,0.1503968253968254,curvature/eta_star,0.5544521654894169,True,
d12-s7,379,0.1503968253968254,curvature/Hg_norm,11.13725547587876,True,
d12-s7,379,0.1503968253968254,curvature/eta_star_rho,0.3500309542417389,True,
d12-s7,379,0.1503968253968254,curvature/eta_star_rho_threshold,9.5367431640625e-07,True,
d12-s7,379,0.1503968253968254,curvature/shadow_verdict_code,1.0,True,
d12-s7,379,0.1503968253968254,curvature/arith_eps,1.1920928955078125e-07,True,
d12-s7,379,0.1503968253968254,curvature/vhv_random,7.65080685514022e-06,True,
d12-s7,379,0.1503968253968254,curvature/e_fd_random,0.009828831162763304,True,
d12-s7,379,0.1503968253968254,curvature/fd_cos_random,0.9999517111415885,True,
d12-s7,379,0.1503968253968254,curvature/fd_eps_random,0.03,True,
d12-s7,379,0.1503968253968254,curvature/fd_snr_random,755.6494096092745,True,
d12-s7,379,0.1503968253968254,curvature/fd_floor_random,8.588900324033547e-06,True,
d12-s7,379,0.1503968253968254,curvature/fd_conclusive_random,1.0,True,
d12-s7,379,0.1503968253968254,curvature/e_sym_random,5.408583942393501e-07,True,
d12-s7,379,0.1503968253968254,curvature/e_lin_random,7.466541854334172e-07,True,
d12-s7,379,0.1503968253968254,curvature/curv_eps_random,0.1,True,
d12-s7,379,0.1503968253968254,curvature/curv_snr_random,0.4625627837423723,True,
d12-s7,379,0.1503968253968254,curvature/curv_floor_random,0.00010308593232366546,True,
d12-s7,379,0.1503968253968254,curvature/c_fd_random,4.768371582031249e-05,True,
d12-s7,379,0.1503968253968254,curvature/verdict_code_random,1.0,True,
d12-s7,379,0.1503968253968254,curvature/e_curv_random,,False,noise_floor_inconclusive
d12-s7,379,0.1503968253968254,curvature/vhv_gradient,1.803582193413284,True,
d12-s7,379,0.1503968253968254,curvature/e_fd_gradient,0.0019581953635129062,True,
d12-s7,379,0.1503968253968254,curvature/fd_cos_gradient,0.9999980979153199,True,
d12-s7,379,0.1503968253968254,curvature/fd_eps_gradient,0.0003,True,
d12-s7,379,0.1503968253968254,curvature/fd_snr_gradient,6000.237345579463,True,
d12-s7,379,0.1503968253968254,curvature/fd_floor_gradient,0.0008588899611649769,True,
d12-s7,379,0.1503968253968254,curvature/fd_conclusive_gradient,1.0,True,
d12-s7,379,0.1503968253968254,curvature/e_sym_gradient,3.91941101737551e-06,True,
d12-s7,379,0.1503968253968254,curvature/e_lin_gradient,5.328712845583057e-07,True,
d12-s7,379,0.1503968253968254,curvature/curv_eps_gradient,0.013160740129524924,True,
d12-s7,379,0.1503968253968254,curvature/curv_snr_gradient,303.1989622029692,True,
d12-s7,379,0.1503968253968254,curvature/curv_floor_gradient,0.0059518838751692,True,
d12-s7,379,0.1503968253968254,curvature/c_fd_gradient,1.804605014103888,True,
d12-s7,379,0.1503968253968254,curvature/verdict_code_gradient,0.0,True,
d12-s7,379,0.1503968253968254,curvature/e_curv_gradient,0.0005667836909518396,True,
d12-s7,379,0.1503968253968254,curvature/vhv_update,4.156267693709063e-07,True,
d12-s7,379,0.1503968253968254,curvature/e_fd_update,,False,noise_floor_inconclusive
d12-s7,379,0.1503968253968254,curvature/fd_cos_update,,False,noise_floor_inconclusive
d12-s7,379,0.1503968253968254,curvature/fd_eps_update,0.03,True,
d12-s7,379,0.1503968253968254,curvature/fd_snr_update,177.83141751722363,True,
d12-s7,379,0.1503968253968254,curvature/fd_floor_update,8.588901199761416e-06,True,
d12-s7,379,0.1503968253968254,curvature/fd_conclusive_update,0.0,True,
d12-s7,379,0.1503968253968254,curvature/e_sym_update,9.92222161577684e-07,True,
d12-s7,379,0.1503968253968254,curvature/e_lin_update,7.419185062487072e-07,True,
d12-s7,379,0.1503968253968254,curvature/curv_eps_update,0.03,True,
d12-s7,379,0.1503968253968254,curvature/curv_snr_update,0.46256278374237225,True,
d12-s7,379,0.1503968253968254,curvature/curv_floor_update,0.0011453992480407276,True,
d12-s7,379,0.1503968253968254,curvature/c_fd_update,0.0005298190646701389,True,
d12-s7,379,0.1503968253968254,curvature/verdict_code_update,1.0,True,
d12-s7,379,0.1503968253968254,curvature/e_curv_update,,False,noise_floor_inconclusive
d12-s7,401,0.15912698412698412,update/p1,-0.007253937730320051,True,
d12-s7,401,0.15912698412698412,update/p2,0.07255041726114282,True,
d12-s7,401,0.15912698412698412,update/actual,0.061517953872680664,True,
d12-s7,401,0.15912698412698412,update/residual_p1,0.06877189160300072,True,
d12-s7,401,0.15912698412698412,update/residual_p2,-0.011032463388462158,True,
d12-s7,401,0.15912698412698412,update/normalized_residual,-0.1520661604019612,True,
d12-s7,401,0.15912698412698412,update/loss_before,2.109325885772705,True,
d12-s7,401,0.15912698412698412,update/loss_after,2.1708438396453857,True,
d12-s7,401,0.15912698412698412,update/direction_norm,744.7142645928112,True,
d12-s7,401,0.15912698412698412,curvature/dhd,0.15960870998292576,True,
d12-s7,401,0.15912698412698412,curvature/gHg,12.022194149534279,True,
d12-s7,401,0.15912698412698412,curvature/gg,4.771140738270203,True,
d12-s7,401,0.15912698412698412,curvature/eta_star,0.3968610620429075,True,
d12-s7,401,0.15912698412698412,curvature/Hg_norm,13.139405957271737,True,
d12-s7,401,0.15912698412698412,curvature/eta_star_rho,0.41888700983437616,True,
d12-s7,401,0.15912698412698412,curvature/eta_star_rho_threshold,9.5367431640625e-07,True,
d12-s7,401,0.15912698412698412,curvature/shadow_verdict_code,1.0,True,
d12-s7,401,0.15912698412698412,curvature/arith_eps,1.1920928955078125e-07,True,
d12-s7,401,0.15912698412698412,curvature/vhv_random,6.186914410047248e-06,True,
d12-s7,401,0.15912698412698412,curvature/e_fd_random,,False,insufficient_conclusive_points
d12-s7,401,0.15912698412698412,curvature/fd_cos_random,,False,insufficient_conclusive_points
d12-s7,401,0.15912698412698412,curvature/fd_eps_random,0.03,True,
d12-s7,401,0.15912698412698412,curvature/fd_snr_random,714.5279362008444,True,
d12-s7,401,0.15912698412698412,curvature/fd_floor_random,8.679603801476838e-06,True,
d12-s7,401,0.15912698412698412,curvature/fd_conclusive_random,0.0,True,
d12-s7,401,0.15912698412698412,curvature/e_sym_random,3.635538832460639e-06,True,
d12-s7,401,0.15912698412698412,curvature/e_lin_random,7.857688908467361e-07,True,
d12-s7,401,0.15912698412698412,curvature/curv_eps_random,0.01,True,
d12-s7,401,0.15912698412698412,curvature/curv_snr_random,0.47408508577531905,True,
d12-s7,401,0.15912698412698412,curvature/curv_floor_random,0.01005805017939565,True,
d12-s7,401,0.15912698412698412,curvature/c_fd_random,0.00476837158203125,True,
d12-s7,401,0.15912698412698412,curvature/verdict_code_random,1.0,True,
d12-s7,401,0.15912698412698412,curvature/e_curv_random,,False,noise_floor_inconclusive
d12-s7,401,0.15912698412698412,curvature/vhv_gradient,2.5197728446617624,True,
d12-s7,401,0.15912698412698412,curvature/e_fd_gradient,0.0013504173156839896,True,
d12-s7,401,0.15912698412698412,curvature/fd_cos_gradient,0.9999990945763114,True,
d12-s7,401,0.15912698412698412,curvature/fd_eps_gradient,0.0003,True,
d12-s7,401,0.15912698412698412,curvature/fd_snr_gradient,6930.49931771448,True,
d12-s7,401,0.15912698412698412,curvature/fd_floor_gradient,0.0008679606323352655,True,
d12-s7,401,0.15912698412698412,curvature/fd_conclusive_gradient,1.0,True,
d12-s7,401,0.15912698412698412,curvature/e_sym_gradient,1.9472290481408708e-07,True,
d12-s7,401,0.15912698412698412,curvature/e_lin_gradient,5.322271818482559e-07,True,
d12-s7,401,0.15912698412698412,curvature/curv_eps_gradient,0.01,True,
d12-s7,401,0.15912698412698412,curvature/curv_snr_gradient,251.257583708876,True,
d12-s7,401,0.15912698412698412,curvature/curv_floor_gradient,0.010058350881081424,True,
d12-s7,401,0.15912698412698412,curvature/c_fd_gradient,2.5272369384765625,True,
d12-s7,401,0.15912698412698412,curvature/verdict_code_gradient,0.0,True,
d12-s7,401,0.15912698412698412,curvature/e_curv_gradient,0.0029534602399802997,True,
d12-s7,401,0.15912698412698412,curvature/vhv_update,2.8779101111827267e-07,True,
d12-s7,401,0.15912698412698412,curvature/e_fd_update,,False,noise_floor_inconclusive
d12-s7,401,0.15912698412698412,curvature/fd_cos_update,,False,noise_floor_inconclusive
d12-s7,401,0.15912698412698412,curvature/fd_eps_update,0.03,True,
d12-s7,401,0.15912698412698412,curvature/fd_snr_update,162.0752620311826,True,
d12-s7,401,0.15912698412698412,curvature/fd_floor_update,8.679604256942843e-06,True,
d12-s7,401,0.15912698412698412,curvature/fd_conclusive_update,0.0,True,
d12-s7,401,0.15912698412698412,curvature/e_sym_update,1.8950939939847793e-06,True,
d12-s7,401,0.15912698412698412,curvature/e_lin_update,7.580082901157333e-07,True,
d12-s7,401,0.15912698412698412,curvature/curv_eps_update,0.1,True,
d12-s7,401,0.15912698412698412,curvature/curv_snr_update,0.47408508577531905,True,
d12-s7,401,0.15912698412698412,curvature/curv_floor_update,0.00010058050179395649,True,
d12-s7,401,0.15912698412698412,curvature/c_fd_update,4.768371582031249e-05,True,
d12-s7,401,0.15912698412698412,curvature/verdict_code_update,1.0,True,
d12-s7,401,0.15912698412698412,curvature/e_curv_update,,False,noise_floor_inconclusive
d12-s7,505,0.2003968253968254,update/p1,0.045918032842714104,True,
d12-s7,505,0.2003968253968254,update/p2,0.12125968842791358,True,
d12-s7,505,0.2003968253968254,update/actual,0.11857080459594727,True,
d12-s7,505,0.2003968253968254,update/residual_p1,0.07265277175323316,True,
d12-s7,505,0.2003968253968254,update/residual_p2,-0.0026888838319663183,True,
d12-s7,505,0.2003968253968254,update/normalized_residual,-0.0221745896499215,True,
d12-s7,505,0.2003968253968254,update/loss_before,2.026219129562378,True,
d12-s7,505,0.2003968253968254,update/loss_after,2.144789934158325,True,
d12-s7,505,0.2003968253968254,update/direction_norm,734.8830682019277,True,
d12-s7,505,0.2003968253968254,curvature/dhd,0.15068331117039896,True,
d12-s7,505,0.2003968253968254,curvature/gHg,7.512441982967793,True,
d12-s7,505,0.2003968253968254,curvature/gg,3.972133553597536,True,
d12-s7,505,0.2003968253968254,curvature/eta_star,0.5287406628368188,True,
d12-s7,505,0.2003968253968254,curvature/Hg_norm,8.288297790735793,True,
d12-s7,505,0.2003968253968254,curvature/eta_star_rho,0.45478262437567457,True,
d12-s7,505,0.2003968253968254,curvature/eta_star_rho_threshold,9.5367431640625e-07,True,
d12-s7,505,0.2003968253968254,curvature/shadow_verdict_code,1.0,True,
d12-s7,505,0.2003968253968254,curvature/arith_eps,1.1920928955078125e-07,True,
d12-s7,505,0.2003968253968254,curvature/vhv_random,4.3851393807781385e-06,True,
d12-s7,505,0.2003968253968254,curvature/e_fd_random,,False,insufficient_conclusive_points
d12-s7,505,0.2003968253968254,curvature/fd_cos_random,,False,insufficient_conclusive_points
d12-s7,505,0.2003968253968254,curvature/fd_eps_random,0.03,True,
d12-s7,505,0.2003968253968254,curvature/fd_snr_random,652.5715175466005,True,
d12-s7,505,0.2003968253968254,curvature/fd_floor_random,7.919554603210758e-06,True,
d12-s7,505,0.2003968253968254,curvature/fd_conclusive_random,0.0,True,
d12-s7,505,0.2003968253968254,curvature/e_sym_random,6.028693265284216e-06,True,
d12-s7,505,0.2003968253968254,curvature/e_lin_random,7.731583575952878e-07,True,
d12-s7,505,0.2003968253968254,curvature/curv_eps_random,0.01,True,
d12-s7,505,0.2003968253968254,curvature/curv_snr_random,0.24676502526966643,True,
d12-s7,505,0.2003968253968254,curvature/curv_floor_random,0.009661765432156244,True,
d12-s7,505,0.2003968253968254,curvature/c_fd_random,-0.002384185791015625,True,
d12-s7,505,0.2003968253968254,curvature/verdict_code_random,1.0,True,
d12-s7,505,0.2003968253968254,curvature/e_curv_random,,False,noise_floor_inconclusive
d12-s7,505,0.2003968253968254,curvature/vhv_gradient,1.89128588875194,True,
d12-s7,505,0.2003968253968254,curvature/e_fd_gradient,0.0011061012030495916,True,
d12-s7,505,0.2003968253968254,curvature/fd_cos_gradient,0.999999390777092,True,
d12-s7,505,0.2003968253968254,curvature/fd_eps_gradient,0.001,True,
d12-s7,505,0.2003968253968254,curvature/fd_snr_gradient,17503.742112132248,True,
d12-s7,505,0.2003968253968254,curvature/fd_floor_gradient,0.00023758686767336268,True,
d12-s7,505,0.2003968253968254,curvature/fd_conclusive_gradient,1.0,True,
d12-s7,505,0.2003968253968254,curvature/e_sym_gradient,5.056554069455451e-07,True,
d12-s7,505,0.2003968253968254,curvature/e_lin_gradient,6.069801293550327e-07,True,
d12-s7,505,0.2003968253968254,curvature/curv_eps_gradient,0.011472026904398771,True,
d12-s7,505,0.2003968253968254,curvature/curv_snr_gradient,257.3680173225998,True,
d12-s7,505,0.2003968253968254,curvature/curv_floor_gradient,0.007341579622202811,True,
d12-s7,505,0.2003968253968254,curvature/c_fd_gradient,1.889487791382339,True,
d12-s7,505,0.2003968253968254,curvature/verdict_code_gradient,0.0,True,
d12-s7,505,0.2003968253968254,curvature/e_curv_gradient,0.0009507274285156222,True,
d12-s7,505,0.2003968253968254,curvature/vhv_update,2.7901576569694857e-07,True,
d12-s7,505,0.2003968253968254,curvature/e_fd_update,,False,noise_floor_inconclusive
d12-s7,505,0.2003968253968254,curvature/fd_cos_update,,False,noise_floor_inconclusive
d12-s7,505,0.2003968253968254,curvature/fd_eps_update,0.03,True,
d12-s7,505,0.2003968253968254,curvature/fd_snr_update,168.02677403189003,True,
d12-s7,505,0.2003968253968254,curvature/fd_floor_update,7.919555558016323e-06,True,
d12-s7,505,0.2003968253968254,curvature/fd_conclusive_update,0.0,True,
d12-s7,505,0.2003968253968254,curvature/e_sym_update,1.100782789951639e-06,True,
d12-s7,505,0.2003968253968254,curvature/e_lin_update,7.503838579199284e-07,True,
d12-s7,505,0.2003968253968254,curvature/curv_eps_update,0.003,True,
d12-s7,505,0.2003968253968254,curvature/curv_snr_update,0.4935300650573505,True,
d12-s7,505,0.2003968253968254,curvature/curv_floor_update,0.10735294608821278,True,
d12-s7,505,0.2003968253968254,curvature/c_fd_update,-0.05298190646701389,True,
d12-s7,505,0.2003968253968254,curvature/verdict_code_update,1.0,True,
d12-s7,505,0.2003968253968254,curvature/e_curv_update,,False,noise_floor_inconclusive
d12-s7,631,0.2503968253968254,update/p1,-0.013867368548972416,True,
d12-s7,631,0.2503968253968254,update/p2,0.0368606683650898,True,
d12-s7,631,0.2503968253968254,update/actual,0.034787654876708984,True,
d12-s7,631,0.2503968253968254,update/residual_p1,0.0486550234256814,True,
d12-s7,631,0.2503968253968254,update/residual_p2,-0.0020730134883808135,True,
d12-s7,631,0.2503968253968254,update/normalized_residual,-0.05623917254696701,True,
d12-s7,631,0.2503968253968254,update/loss_before,1.939464807510376,True,
d12-s7,631,0.2503968253968254,update/loss_after,1.974252462387085,True,
d12-s7,631,0.2503968253968254,update/direction_norm,722.8582468897456,True,
d12-s7,631,0.2503968253968254,curvature/dhd,0.10145607382812442,True,
d12-s7,631,0.2503968253968254,curvature/gHg,8.68802592512015,True,
d12-s7,631,0.2503968253968254,curvature/gg,3.7241039764092396,True,
d12-s7,631,0.2503968253968254,curvature/eta_star,0.4286478894637664,True,
d12-s7,631,0.2503968253968254,curvature/Hg_norm,9.573127320168078,True,
d12-s7,631,0.2503968253968254,curvature/eta_star_rho,0.4702798535359732,True,
d12-s7,631,0.2503968253968254,curvature/eta_star_rho_threshold,9.5367431640625e-07,True,
d12-s7,631,0.2503968253968254,curvature/shadow_verdict_code,1.0,True,
d12-s7,631,0.2503968253968254,curvature/arith_eps,1.1920928955078125e-07,True,
d12-s7,631,0.2503968253968254,curvature/vhv_random,3.926152247748044e-06,True,
d12-s7,631,0.2503968253968254,curvature/e_fd_random,,False,insufficient_conclusive_points
d12-s7,631,0.2503968253968254,curvature/fd_cos_random,,False,insufficient_conclusive_points
d12-s7,631,0.2503968253968254,curvature/fd_eps_random,0.03,True,
d12-s7,631,0.2503968253968254,curvature/fd_snr_random,568.8673469675205,True,
d12-s7,631,0.2503968253968254,curvature/fd_floor_random,7.668311055495983e-06,True,
d12-s7,631,0.2503968253968254,curvature/fd_conclusive_random,0.0,True,
d12-s7,631,0.2503968253968254,curvature/e_sym_random,3.9476037714394315e-07,True,
d12-s7,631,0.2503968253968254,curvature/e_lin_random,7.536509375046213e-07,True,
d12-s7,631,0.2503968253968254,curvature/curv_eps_random,0.03,True,
d12-s7,631,0.2503968253968254,curvature/curv_snr_random,0.9023108753817153,True,
d12-s7,631,0.2503968253968254,curvature/curv_floor_random,0.0010275653197469284,True,
d12-s7,631,0.2503968253968254,curvature/c_fd_random,-0.0009271833631727431,True,
d12-s7,631,0.2503968253968254,curvature/verdict_code_random,1.0,True,
d12-s7,631,0.2503968253968254,curvature/e_curv_random,,False,noise_floor_inconclusive
d12-s7,631,0.2503968253968254,curvature/vhv_gradient,2.3329170542150446,True,
d12-s7,631,0.2503968253968254,curvature/e_fd_gradient,0.0015567387756840008,True,
d12-s7,631,0.2503968253968254,curvature/fd_cos_gradient,0.9999987896377143,True,
d12-s7,631,0.2503968253968254,curvature/fd_eps_gradient,0.0003,True,
d12-s7,631,0.2503968253968254,curvature/fd_snr_gradient,6469.434634035527,True,
d12-s7,631,0.2503968253968254,curvature/fd_floor_gradient,0.0007668311412729898,True,
d12-s7,631,0.2503968253968254,curvature/fd_conclusive_gradient,1.0,True,
d12-s7,631,0.2503968253968254,curvature/e_sym_gradient,2.6476155920853954e-06,True,
d12-s7,631,0.2503968253968254,curvature/e_lin_gradient,4.3867541371268536e-07,True,
d12-s7,631,0.2503968253968254,curvature/curv_eps_gradient,0.01,True,
d12-s7,631,0.2503968253968254,curvature/curv_snr_gradient,251.22157719834402,True,
d12-s7,631,0.2503968253968254,curvature/curv_floor_gradient,0.009248365842040585,True,
d12-s7,631,0.2503968253968254,curvature/c_fd_gradient,2.3233890533447266,True,
d12-s7,631,0.2503968253968254,curvature/verdict_code_gradient,0.0,True,
d12-s7,631,0.2503968253968254,curvature/e_curv_gradient,0.004084157579929006,True,
d12-s7,631,0.2503968253968254,curvature/vhv_update,1.9416534809893592e-07,True,
d12-s7,631,0.2503968253968254,curvature/e_fd_update,,False,noise_floor_inconclusive
d12-s7,631,0.2503968253968254,curvature/fd_cos_update,,False,noise_floor_inconclusive
d12-s7,631,0.2503968253968254,curvature/fd_eps_update,0.03,True,
d12-s7,631,0.2503968253968254,curvature/fd_snr_update,120.67932924897218,True,
d12-s7,631,0.2503968253968254,curvature/fd_floor_update,7.668311426411659e-06,True,
d12-s7,631,0.2503968253968254,curvature/fd_conclusive_update,0.0,True,
d12-s7,631,0.2503968253968254,curvature/e_sym_update,6.100099735487235e-06,True,
d12-s7,631,0.2503968253968254,curvature/e_lin_update,7.384298787389525e-07,True,
d12-s7,631,0.2503968253968254,curvature/curv_eps_update,0.1,True,
d12-s7,631,0.2503968253968254,curvature/curv_snr_update,0.9023108753817153,True,
d12-s7,631,0.2503968253968254,curvature/curv_floor_update,9.248087877722354e-05,True,
d12-s7,631,0.2503968253968254,curvature/c_fd_update,-8.344650268554686e-05,True,
d12-s7,631,0.2503968253968254,curvature/verdict_code_update,1.0,True,
d12-s7,631,0.2503968253968254,curvature/e_curv_update,,False,noise_floor_inconclusive
d12-s7,757,0.3003968253968254,update/p1,-0.0040500622404056105,True,
d12-s7,757,0.3003968253968254,update/p2,0.051900394810612226,True,
d12-s7,757,0.3003968253968254,update/actual,0.0503617525100708,True,
d12-s7,757,0.3003968253968254,update/residual_p1,0.05441181475047641,True,
d12-s7,757,0.3003968253968254,update/residual_p2,-0.0015386423005414249,True,
d12-s7,757,0.3003968253968254,update/normalized_residual,-0.02964606157922356,True,
d12-s7,757,0.3003968253968254,update/loss_before,1.8635743856430054,True,
d12-s7,757,0.3003968253968254,update/loss_after,1.9139361381530762,True,
d12-s7,757,0.3003968253968254,update/direction_norm,733.6820171687967,True,
d12-s7,757,0.3003968253968254,curvature/dhd,0.11190091410203568,True,
d12-s7,757,0.3003968253968254,curvature/gHg,11.725514475968428,True,
d12-s7,757,0.3003968253968254,curvature/gg,4.429849236941328,True,
d12-s7,757,0.3003968253968254,curvature/eta_star,0.3777957245304974,True,
d12-s7,757,0.3003968253968254,curvature/Hg_norm,11.119560161026023,True,
d12-s7,757,0.3003968253968254,curvature/eta_star_rho,0.5010139580776866,True,
d12-s7,757,0.3003968253968254,curvature/eta_star_rho_threshold,9.5367431640625e-07,True,
d12-s7,757,0.3003968253968254,curvature/shadow_verdict_code,1.0,True,
d12-s7,757,0.3003968253968254,curvature/arith_eps,1.1920928955078125e-07,True,
d12-s7,757,0.3003968253968254,curvature/vhv_random,4.199064361438532e-06,True,
d12-s7,757,0.3003968253968254,curvature/e_fd_random,,False,insufficient_conclusive_points
d12-s7,757,0.3003968253968254,curvature/fd_cos_random,,False,insufficient_conclusive_points
d12-s7,757,0.3003968253968254,curvature/fd_eps_random,0.03,True,
d12-s7,757,0.3003968253968254,curvature/fd_snr_random,546.5451471118034,True,
d12-s7,757,0.3003968253968254,curvature/fd_floor_random,8.36340822684939e-06,True,
d12-s7,757,0.3003968253968254,curvature/fd_conclusive_random,0.0,True,
d12-s7,757,0.3003968253968254,curvature/e_sym_random,1.295118998673143e-06,True,
d12-s7,757,0.3003968253968254,curvature/e_lin_random,7.899039911790214e-07,True,
d12-s7,757,0.3003968253968254,curvature/curv_eps_random,0.003,True,
d12-s7,757,0.3003968253968254,curvature/curv_snr_random,0.5366031770644227,True,
d12-s7,757,0.3003968253968254,curvature/curv_floor_random,0.098735730110396,True,
d12-s7,757,0.3003968253968254,curvature/c_fd_random,0.05298190646701389,True,
d12-s7,757,0.3003968253968254,curvature/verdict_code_random,1.0,True,
d12-s7,757,0.3003968253968254,curvature/e_curv_random,,False,noise_floor_inconclusive
d12-s7,757,0.3003968253968254,curvature/vhv_gradient,2.6469335319295904,True,
d12-s7,757,0.3003968253968254,curvature/e_fd_gradient,0.0009155660809121529,True,
d12-s7,757,0.3003968253968254,curvature/fd_cos_gradient,0.9999995814012312,True,
d12-s7,757,0.3003968253968254,curvature/fd_eps_gradient,0.001,True,
d12-s7,757,0.3003968253968254,curvature/fd_snr_gradient,21057.280226334467,True,
d12-s7,757,0.3003968253968254,curvature/fd_floor_gradient,0.0002509026538683764,True,
d12-s7,757,0.3003968253968254,curvature/fd_conclusive_gradient,1.0,True,
d12-s7,757,0.3003968253968254,curvature/e_sym_gradient,1.0839762369301695e-06,True,
d12-s7,757,0.3003968253968254,curvature/e_lin_gradient,4.966369589737636e-07,True,
d12-s7,757,0.3003968253968254,curvature/curv_eps_gradient,0.01,True,
d12-s7,757,0.3003968253968254,curvature/curv_snr_gradient,297.8042095903949,True,
d12-s7,757,0.3003968253968254,curvature/curv_floor_gradient,0.00888653062247613,True,
d12-s7,757,0.3003968253968254,curvature/c_fd_gradient,2.6464462280273438,True,
d12-s7,757,0.3003968253968254,curvature/verdict_code_gradient,0.0,True,
d12-s7,757,0.3003968253968254,curvature/e_curv_gradient,0.0001841012992462131,True,
d12-s7,757,0.3003968253968254,curvature/vhv_update,2.0788247478010708e-07,True,
d12-s7,757,0.3003968253968254,curvature/e_fd_update,,False,noise_floor_inconclusive
d12-s7,757,0.3003968253968254,curvature/fd_cos_update,,False,noise_floor_inconclusive
d12-s7,757,0.3003968253968254,curvature/fd_eps_update,0.03,True,
d12-s7,757,0.3003968253968254,curvature/fd_snr_update,133.46731889754344,True,
d12-s7,757,0.3003968253968254,curvature/fd_floor_update,8.363407949686125e-06,True,
d12-s7,757,0.3003968253968254,curvature/fd_conclusive_update,0.0,True,
d12-s7,757,0.3003968253968254,curvature/e_sym_update,4.503833307896449e-06,True,
d12-s7,757,0.3003968253968254,curvature/e_lin_update,6.981866341835059e-07,True,
d12-s7,757,0.3003968253968254,curvature/curv_eps_update,0.01,True,
d12-s7,757,0.3003968253968254,curvature/curv_snr_update,0.26830159711358087,True,
d12-s7,757,0.3003968253968254,curvature/curv_floor_update,0.008886215425718547,True,
d12-s7,757,0.3003968253968254,curvature/c_fd_update,0.002384185791015625,True,
d12-s7,757,0.3003968253968254,curvature/verdict_code_update,1.0,True,
d12-s7,757,0.3003968253968254,curvature/e_curv_update,,False,noise_floor_inconclusive
d12-s7,883,0.3503968253968254,update/p1,-0.13093624271669005,True,
d12-s7,883,0.3503968253968254,update/p2,-0.08054203119814685,True,
d12-s7,883,0.3503968253968254,update/actual,-0.0846712589263916,True,
d12-s7,883,0.3503968253968254,update/residual_p1,0.04626498379029845,True,
d12-s7,883,0.3503968253968254,update/residual_p2,-0.004129227728244755,True,
d12-s7,883,0.3503968253968254,update/normalized_residual,-0.04876776111046692,True,
d12-s7,883,0.3503968253968254,update/loss_before,1.8884475231170654,True,
d12-s7,883,0.3503968253968254,update/loss_after,1.8037762641906738,True,
d12-s7,883,0.3503968253968254,update/direction_norm,746.5848959711208,True,
d12-s7,883,0.3503968253968254,curvature/dhd,0.10078842303708642,True,
d12-s7,883,0.3503968253968254,curvature/gHg,35.97453334582263,True,
d12-s7,883,0.3503968253968254,curvature/gg,6.134319775018037,True,
d12-s7,883,0.3503968253968254,curvature/eta_star,0.17051839744657468,True,
d12-s7,883,0.3503968253968254,curvature/Hg_norm,25.10775938796417,True,
d12-s7,883,0.3503968253968254,curvature/eta_star_rho,0.5785008551033215,True,
d12-s7,883,0.3503968253968254,curvature/eta_star_rho_threshold,9.5367431640625e-07,True,
d12-s7,883,0.3503968253968254,curvature/shadow_verdict_code,1.0,True,
d12-s7,883,0.3503968253968254,curvature/arith_eps,1.1920928955078125e-07,True,
d12-s7,883,0.3503968253968254,curvature/vhv_random,5.161605278718262e-06,True,
d12-s7,883,0.3503968253968254,curvature/e_fd_random,,False,insufficient_conclusive_points
d12-s7,883,0.3503968253968254,curvature/fd_cos_random,,False,insufficient_conclusive_points
d12-s7,883,0.3503968253968254,curvature/fd_eps_random,0.03,True,
d12-s7,883,0.3503968253968254,curvature/fd_snr_random,539.6500311605741,True,
d12-s7,883,0.3503968253968254,curvature/fd_floor_random,9.841744206194795e-06,True,
d12-s7,883,0.3503968253968254,curvature/fd_conclusive_random,0.0,True,
d12-s7,883,0.3503968253968254,curvature/e_sym_random,5.137198741563479e-08,True,
d12-s7,883,0.3503968253968254,curvature/e_lin_random,7.174773722222975e-07,True,
d12-s7,883,0.3503968253968254,curvature/curv_eps_random,0.1,True,
d12-s7,883,0.3503968253968254,curvature/curv_snr_random,0.39715160485578754,True,
d12-s7,883,0.3503968253968254,curvature/curv_floor_random,9.004819929714357e-05,True,
d12-s7,883,0.3503968253968254,curvature/c_fd_random,3.576278686523437e-05,True,
d12-s7,883,0.3503968253968254,curvature/verdict_code_random,1.0,True,
d12-s7,883,0.3503968253968254,curvature/e_curv_random,,False,noise_floor_inconclusive
d12-s7,883,0.3503968253968254,curvature/vhv_gradient,5.864470185416496,True,
d12-s7,883,0.3503968253968254,curvature/e_fd_gradient,0.0007494422895661942,True,
d12-s7,883,0.3503968253968254,curvature/fd_cos_gradient,0.9999997194664044,True,
d12-s7,883,0.3503968253968254,curvature/fd_eps_gradient,0.001,True,
d12-s7,883,0.3503968253968254,curvature/fd_snr_gradient,34335.24289129341,True,
d12-s7,883,0.3503968253968254,curvature/fd_floor_gradient,0.0002952537182724588,True,
d12-s7,883,0.3503968253968254,curvature/fd_conclusive_gradient,1.0,True,
d12-s7,883,0.3503968253968254,curvature/e_sym_gradient,7.433041772578423e-07,True,
d12-s7,883,0.3503968253968254,curvature/e_lin_gradient,4.0792904296788935e-07,True,
d12-s7,883,0.3503968253968254,curvature/curv_eps_gradient,0.006366789194265115,True,
d12-s7,883,0.3503968253968254,curvature/curv_snr_gradient,264.4946415198815,True,
d12-s7,883,0.3503968253968254,curvature/curv_floor_gradient,0.022215074019516008,True,
d12-s7,883,0.3503968253968254,curvature/c_fd_gradient,5.87576803912952,True,
d12-s7,883,0.3503968253968254,curvature/verdict_code_gradient,0.0,True,
d12-s7,883,0.3503968253968254,curvature/e_curv_gradient,0.0019227875637339606,True,
d12-s7,883,0.3503968253968254,curvature/vhv_update,1.8082242051207199e-07,True,
d12-s7,883,0.3503968253968254,curvature/e_fd_update,,False,noise_floor_inconclusive
d12-s7,883,0.3503968253968254,curvature/fd_cos_update,,False,noise_floor_inconclusive
d12-s7,883,0.3503968253968254,curvature/fd_eps_update,0.03,True,
d12-s7,883,0.3503968253968254,curvature/fd_snr_update,125.42815261174856,True,
d12-s7,883,0.3503968253968254,curvature/fd_floor_update,9.841744153010608e-06,True,
d12-s7,883,0.3503968253968254,curvature/fd_conclusive_update,0.0,True,
d12-s7,883,0.3503968253968254,curvature/e_sym_update,5.500922227026724e-07,True,
d12-s7,883,0.3503968253968254,curvature/e_lin_update,6.771838112550042e-07,True,
d12-s7,883,0.3503968253968254,curvature/curv_eps_update,0.03,True,
d12-s7,883,0.3503968253968254,curvature/curv_snr_update,0.7943031721059582,True,
d12-s7,883,0.3503968253968254,curvature/curv_floor_update,0.0010005355951155555,True,
d12-s7,883,0.3503968253968254,curvature/c_fd_update,0.0007947285970052084,True,
d12-s7,883,0.3503968253968254,curvature/verdict_code_update,1.0,True,
d12-s7,883,0.3503968253968254,curvature/e_curv_update,,False,noise_floor_inconclusive
d12-s7,1009,0.4003968253968254,update/p1,-0.05915836832325806,True,
d12-s7,1009,0.4003968253968254,update/p2,-0.009501670832836345,True,
d12-s7,1009,0.4003968253968254,update/actual,-0.013015985488891602,True,
d12-s7,1009,0.4003968253968254,update/residual_p1,0.04614238283436646,True,
d12-s7,1009,0.4003968253968254,update/residual_p2,-0.0035143146560552563,True,
d12-s7,1009,0.4003968253968254,update/normalized_residual,-0.2699998904465991,True,
d12-s7,1009,0.4003968253968254,update/loss_before,1.8808960914611816,True,
d12-s7,1009,0.4003968253968254,update/loss_after,1.86788010597229,True,
d12-s7,1009,0.4003968253968254,update/direction_norm,700.1203599353225,True,
d12-s7,1009,0.4003968253968254,curvature/dhd,0.09931339498084343,True,
d12-s7,1009,0.4003968253968254,curvature/gHg,65.9508472992745,True,
d12-s7,1009,0.4003968253968254,curvature/gg,7.8614423691433855,True,
d12-s7,1009,0.4003968253968254,curvature/eta_star,0.11920153707001527,True,
d12-s7,1009,0.4003968253968254,curvature/Hg_norm,40.500244673384195,True,
d12-s7,1009,0.4003968253968254,curvature/eta_star_rho,0.5807799500705062,True,
d12-s7,1009,0.4003968253968254,curvature/eta_star_rho_threshold,9.5367431640625e-07,True,
d12-s7,1009,0.4003968253968254,curvature/shadow_verdict_code,1.0,True,
d12-s7,1009,0.4003968253968254,curvature/arith_eps,1.1920928955078125e-07,True,
d12-s7,1009,0.4003968253968254,curvature/vhv_random,6.60845468965842e-06,True,
d12-s7,1009,0.4003968253968254,curvature/e_fd_random,,False,insufficient_conclusive_points
d12-s7,1009,0.4003968253968254,curvature/fd_cos_random,,False,insufficient_conclusive_points
d12-s7,1009,0.4003968253968254,curvature/fd_eps_random,0.03,True,
d12-s7,1009,0.4003968253968254,curvature/fd_snr_random,576.4314041505444,True,
d12-s7,1009,0.4003968253968254,curvature/fd_floor_random,1.1141405864790038e-05,True,
d12-s7,1009,0.4003968253968254,curvature/fd_conclusive_random,0.0,True,
d12-s7,1009,0.4003968253968254,curvature/e_sym_random,6.674884759109578e-07,True,
d12-s7,1009,0.4003968253968254,curvature/e_lin_random,7.059845439001898e-07,True,
d12-s7,1009,0.4003968253968254,curvature/curv_eps_random,0.01,True,
d12-s7,1009,0.4003968253968254,curvature/curv_snr_random,0.2658307316523938,True,
d12-s7,1009,0.4003968253968254,curvature/curv_floor_random,0.008968811755494244,True,
d12-s7,1009,0.4003968253968254,curvature/c_fd_random,0.002384185791015625,True,
d12-s7,1009,0.4003968253968254,curvature/verdict_code_random,1.0,True,
d12-s7,1009,0.4003968253968254,curvature/e_curv_random,,False,noise_floor_inconclusive
d12-s7,1009,0.4003968253968254,curvature/vhv_gradient,8.389154354352593,True,
d12-s7,1009,0.4003968253968254,curvature/e_fd_gradient,0.0008173876410452231,True,
d12-s7,1009,0.4003968253968254,curvature/fd_cos_gradient,0.9999996983699609,True,
d12-s7,1009,0.4003968253968254,curvature/fd_eps_gradient,0.0003,True,
d12-s7,1009,0.4003968253968254,curvature/fd_snr_gradient,12964.814957017114,True,
d12-s7,1009,0.4003968253968254,curvature/fd_floor_gradient,0.0011141411408246388,True,
d12-s7,1009,0.4003968253968254,curvature/fd_conclusive_gradient,1.0,True,
d12-s7,1009,0.4003968253968254,curvature/e_sym_gradient,2.984024663906981e-06,True,
d12-s7,1009,0.4003968253968254,curvature/e_lin_gradient,4.4588142261580946e-07,True,
d12-s7,1009,0.4003968253968254,curvature/curv_eps_gradient,0.005477225575051661,True,
d12-s7,1009,0.4003968253968254,curvature/curv_snr_gradient,280.7078678830631,True,
d12-s7,1009,0.4003968253968254,curvature/curv_floor_gradient,0.029897038681762446,True,
d12-s7,1009,0.4003968253968254,curvature/c_fd_gradient,8.392333984375,True,
d12-s7,1009,0.4003968253968254,curvature/verdict_code_gradient,0.0,True,
d12-s7,1009,0.4003968253968254,curvature/e_curv_gradient,0.00037887315117902205,True,
d12-s7,1009,0.4003968253968254,curvature/vhv_update,2.026107383258493e-07,True,
d12-s7,1009,0.4003968253968254,curvature/e_fd_update,,False,noise_floor_inconclusive
d12-s7,1009,0.4003968253968254,curvature/fd_cos_update,,False,noise_floor_inconclusive
d12-s7,1009,0.4003968253968254,curvature/fd_eps_update,0.03,True,
d12-s7,1009,0.4003968253968254,curvature/fd_snr_update,146.87566205962312,True,
d12-s7,1009,0.4003968253968254,curvature/fd_floor_update,1.114140554524003e-05,True,
d12-s7,1009,0.4003968253968254,curvature/fd_conclusive_update,0.0,True,
d12-s7,1009,0.4003968253968254,curvature/e_sym_update,1.5151643337680969e-05,True,
d12-s7,1009,0.4003968253968254,curvature/e_lin_update,7.234434787336305e-07,True,
d12-s7,1009,0.4003968253968254,curvature/curv_eps_update,0.03,True,
d12-s7,1009,0.4003968253968254,curvature/curv_snr_update,0.26583073165239374,True,
d12-s7,1009,0.4003968253968254,curvature/curv_floor_update,0.0009965346394993605,True,
d12-s7,1009,0.4003968253968254,curvature/c_fd_update,0.00026490953233506944,True,
d12-s7,1009,0.4003968253968254,curvature/verdict_code_update,1.0,True,
d12-s7,1009,0.4003968253968254,curvature/e_curv_update,,False,noise_floor_inconclusive
d12-s7,1135,0.4503968253968254,update/p1,-0.016825256018958516,True,
d12-s7,1135,0.4503968253968254,update/p2,0.03455523122095061,True,
d12-s7,1135,0.4503968253968254,update/actual,0.03430354595184326,True,
d12-s7,1135,0.4503968253968254,update/residual_p1,0.051128801970801774,True,
d12-s7,1135,0.4503968253968254,update/residual_p2,-0.000251685269107349,True,
d12-s7,1135,0.4503968253968254,update/normalized_residual,-0.00728356489638402,True,
d12-s7,1135,0.4503968253968254,update/loss_before,1.8178149461746216,True,
d12-s7,1135,0.4503968253968254,update/loss_after,1.8521184921264648,True,
d12-s7,1135,0.4503968253968254,update/direction_norm,646.8618200703519,True,
d12-s7,1135,0.4503968253968254,curvature/dhd,0.10276097447981825,True,
d12-s7,1135,0.4503968253968254,curvature/gHg,74.78297252409213,True,
d12-s7,1135,0.4503968253968254,curvature/gg,8.47794040278224,True,
d12-s7,1135,0.4503968253968254,curvature/eta_star,0.11336725616317245,True,
d12-s7,1135,0.4503968253968254,curvature/Hg_norm,44.38369677611289,True,
d12-s7,1135,0.4503968253968254,curvature/eta_star_rho,0.5786741358704174,True,
d12-s7,1135,0.4503968253968254,curvature/eta_star_rho_threshold,9.5367431640625e-07,True,
d12-s7,1135,0.4503968253968254,curvature/shadow_verdict_code,1.0,True,
d12-s7,1135,0.4503968253968254,curvature/arith_eps,1.1920928955078125e-07,True,
d12-s7,1135,0.4503968253968254,curvature/vhv_random,7.693698441782178e-06,True,
d12-s7,1135,0.4503968253968254,curvature/e_fd_random,,False,insufficient_conclusive_points
d12-s7,1135,0.4503968253968254,curvature/fd_cos_random,,False,insufficient_conclusive_points
d12-s7,1135,0.4503968253968254,curvature/fd_eps_random,0.03,True,
d12-s7,1135,0.4503968253968254,curvature/fd_snr_random,631.4069898795383,True,
d12-s7,1135,0.4503968253968254,curvature/fd_floor_random,1.1570017864355677e-05,True,
d12-s7,1135,0.4503968253968254,curvature/fd_conclusive_random,0.0,True,
d12-s7,1135,0.4503968253968254,curvature/e_sym_random,1.4904818593507427e-06,True,
d12-s7,1135,0.4503968253968254,curvature/e_lin_random,6.830602286370071e-07,True,
d12-s7,1135,0.4503968253968254,curvature/curv_eps_random,0.003,True,
d12-s7,1135,0.4503968253968254,curvature/curv_snr_random,0.4125832305925703,True,
d12-s7,1135,0.4503968253968254,curvature/curv_floor_random,0.09631130618951525,True,
d12-s7,1135,0.4503968253968254,curvature/c_fd_random,0.039736429850260414,True,
d12-s7,1135,0.4503968253968254,curvature/verdict_code_random,1.0,True,
d12-s7,1135,0.4503968253968254,curvature/e_curv_random,,False,noise_floor_inconclusive
d12-s7,1135,0.4503968253968254,curvature/vhv_gradient,8.820889763667468,True,
d12-s7,1135,0.4503968253968254,curvature/e_fd_gradient,0.00027397701476575547,True,
d12-s7,1135,0.4503968253968254,curvature/fd_cos_gradient,0.9999999625071166,True,
d12-s7,1135,0.4503968253968254,curvature/fd_eps_gradient,0.001,True,
d12-s7,1135,0.4503968253968254,curvature/fd_snr_gradient,43916.04864260492,True,
d12-s7,1135,0.4503968253968254,curvature/fd_floor_gradient,0.00034710341231419844,True,
d12-s7,1135,0.4503968253968254,curvature/fd_conclusive_gradient,1.0,True,
d12-s7,1135,0.4503968253968254,curvature/e_sym_gradient,1.365927524375254e-06,True,
d12-s7,1135,0.4503968253968254,curvature/e_lin_gradient,4.418251684696572e-07,True,
d12-s7,1135,0.4503968253968254,curvature/curv_eps_gradient,0.005477225575051661,True,
d12-s7,1135,0.4503968253968254,curvature/curv_snr_gradient,304.8879407042514,True,
d12-s7,1135,0.4503968253968254,curvature/curv_floor_gradient,0.02889444061793256,True,
d12-s7,1135,0.4503968253968254,curvature/c_fd_gradient,8.809566497802734,True,
d12-s7,1135,0.4503968253968254,curvature/verdict_code_gradient,0.0,True,
d12-s7,1135,0.4503968253968254,curvature/e_curv_gradient,0.0012836874927712363,True,
d12-s7,1135,0.4503968253968254,curvature/vhv_update,2.45586899696742e-07,True,
d12-s7,1135,0.4503968253968254,curvature/e_fd_update,,False,noise_floor_inconclusive
d12-s7,1135,0.4503968253968254,curvature/fd_cos_update,,False,noise_floor_inconclusive
d12-s7,1135,0.4503968253968254,curvature/fd_eps_update,0.03,True,
d12-s7,1135,0.4503968253968254,curvature/fd_snr_update,138.21952355807616,True,
d12-s7,1135,0.4503968253968254,curvature/fd_floor_update,1.1570016991381771e-05,True,
d12-s7,1135,0.4503968253968254,curvature/fd_conclusive_update,0.0,True,
d12-s7,1135,0.4503968253968254,curvature/e_sym_update,1.2045420787883541e-06,True,
d12-s7,1135,0.4503968253968254,curvature/e_lin_update,7.729050266479617e-07,True,
d12-s7,1135,0.4503968253968254,curvature/curv_eps_update,0.1,True,
d12-s7,1135,0.4503968253968254,curvature/curv_snr_update,0.27505549157113407,True,
d12-s7,1135,0.4503968253968254,curvature/curv_floor_update,8.668017414947825e-05,True,
d12-s7,1135,0.4503968253968254,curvature/c_fd_update,2.3841857910156247e-05,True,
d12-s7,1135,0.4503968253968254,curvature/verdict_code_update,1.0,True,
d12-s7,1135,0.4503968253968254,curvature/e_curv_update,,False,noise_floor_inconclusive
d12-s7,1261,0.5003968253968254,update/p1,-0.0855647762737202,True,
d12-s7,1261,0.5003968253968254,update/p2,-0.04844651430841136,True,
d12-s7,1261,0.5003968253968254,update/actual,-0.0498279333114624,True,
d12-s7,1261,0.5003968253968254,update/residual_p1,0.03573684296225779,True,
d12-s7,1261,0.5003968253968254,update/residual_p2,-0.0013814190030510404,True,
d12-s7,1261,0.5003968253968254,update/normalized_residual,-0.027723786865012503,True,
d12-s7,1261,0.5003968253968254,update/loss_before,1.799981951713562,True,
d12-s7,1261,0.5003968253968254,update/loss_after,1.7501540184020996,True,
d12-s7,1261,0.5003968253968254,update/direction_norm,597.7029051743219,True,
d12-s7,1261,0.5003968253968254,curvature/dhd,0.07423652393061766,True,
d12-s7,1261,0.5003968253968254,curvature/gHg,148.07226164716096,True,
d12-s7,1261,0.5003968253968254,curvature/gg,10.823801109121586,True,
d12-s7,1261,0.5003968253968254,curvature/eta_star,0.07309810081049109,True,
d12-s7,1261,0.5003968253968254,curvature/Hg_norm,72.94483498099834,True,
d12-s7,1261,0.5003968253968254,curvature/eta_star_rho,0.6170058219889594,True,
d12-s7,1261,0.5003968253968254,curvature/eta_star_rho_threshold,9.5367431640625e-07,True,
d12-s7,1261,0.5003968253968254,curvature/shadow_verdict_code,1.0,True,
d12-s7,1261,0.5003968253968254,curvature/arith_eps,1.1920928955078125e-07,True,
d12-s7,1261,0.5003968253968254,curvature/vhv_random,8.365853040114388e-06,True,
d12-s7,1261,0.5003968253968254,curvature/e_fd_random,0.009598159725554908,True,
d12-s7,1261,0.5003968253968254,curvature/fd_cos_random,0.9999545860125632,True,
d12-s7,1261,0.5003968253968254,curvature/fd_eps_random,0.03,True,
d12-s7,1261,0.5003968253968254,curvature/fd_snr_random,658.5904884497356,True,
d12-s7,1261,0.5003968253968254,curvature/fd_floor_random,1.3073107787269805e-05,True,
d12-s7,1261,0.5003968253968254,curvature/fd_conclusive_random,1.0,True,
d12-s7,1261,0.5003968253968254,curvature/e_sym_random,2.024474346176301e-06,True,
d12-s7,1261,0.5003968253968254,curvature/e_lin_random,6.57636338273888e-07,True,
d12-s7,1261,0.5003968253968254,curvature/curv_eps_random,0.03,True,
d12-s7,1261,0.5003968253968254,curvature/curv_snr_random,0.5555611628639181,True,
d12-s7,1261,0.5003968253968254,curvature/curv_floor_random,0.0009536646909206563,True,
d12-s7,1261,0.5003968253968254,curvature/c_fd_random,-0.0005298190646701389,True,
d12-s7,1261,0.5003968253968254,curvature/verdict_code_random,1.0,True,
d12-s7,1261,0.5003968253968254,curvature/e_curv_random,,False,noise_floor_inconclusive
d12-s7,1261,0.5003968253968254,curvature/vhv_gradient,13.680244929582624,True,
d12-s7,1261,0.5003968253968254,curvature/e_fd_gradient,0.0003411074439562791,True,
d12-s7,1261,0.5003968253968254,curvature/fd_cos_gradient,0.9999999419011562,True,
d12-s7,1261,0.5003968253968254,curvature/fd_eps_gradient,0.001,True,
d12-s7,1261,0.5003968253968254,curvature/fd_snr_gradient,56533.25210742535,True,
d12-s7,1261,0.5003968253968254,curvature/fd_floor_gradient,0.0003921986628329835,True,
d12-s7,1261,0.5003968253968254,curvature/fd_conclusive_gradient,1.0,True,
d12-s7,1261,0.5003968253968254,curvature/e_sym_gradient,8.229558318733383e-07,True,
d12-s7,1261,0.5003968253968254,curvature/e_lin_gradient,4.201401019018776e-07,True,
d12-s7,1261,0.5003968253968254,curvature/curv_eps_gradient,0.004053600464421103,True,
d12-s7,1261,0.5003968253968254,curvature/curv_snr_gradient,262.0777731064548,True,
d12-s7,1261,0.5003968253968254,curvature/curv_floor_gradient,0.05223600177338331,True,
d12-s7,1261,0.5003968253968254,curvature/c_fd_gradient,13.689895020753124,True,
d12-s7,1261,0.5003968253968254,curvature/verdict_code_gradient,0.0,True,
d12-s7,1261,0.5003968253968254,curvature/e_curv_gradient,0.0007049061483576246,True,
d12-s7,1261,0.5003968253968254,curvature/vhv_update,2.078006676186498e-07,True,
d12-s7,1261,0.5003968253968254,curvature/e_fd_update,,False,noise_floor_inconclusive
d12-s7,1261,0.5003968253968254,curvature/fd_cos_update,,False,noise_floor_inconclusive
d12-s7,1261,0.5003968253968254,curvature/fd_eps_update,0.03,True,
d12-s7,1261,0.5003968253968254,curvature/fd_snr_update,122.61419182355529,True,
d12-s7,1261,0.5003968253968254,curvature/fd_floor_update,1.307310771972367e-05,True,
d12-s7,1261,0.5003968253968254,curvature/fd_conclusive_update,0.0,True,
d12-s7,1261,0.5003968253968254,curvature/e_sym_update,1.4454204747141376e-06,True,
d12-s7,1261,0.5003968253968254,curvature/e_lin_update,6.79093700381349e-07,True,
d12-s7,1261,0.5003968253968254,curvature/curv_eps_update,0.01,True,
d12-s7,1261,0.5003968253968254,curvature/curv_snr_update,0.41667082385616927,True,
d12-s7,1261,0.5003968253968254,curvature/curv_floor_update,0.008582983213045736,True,
d12-s7,1261,0.5003968253968254,curvature/c_fd_update,0.0035762786865234375,True,
d12-s7,1261,0.5003968253968254,curvature/verdict_code_update,1.0,True,
d12-s7,1261,0.5003968253968254,curvature/e_curv_update,,False,noise_floor_inconclusive
d12-s7,1386,0.55,update/p1,0.019272011515541587,True,
d12-s7,1386,0.55,update/p2,0.04750001345272931,True,
d12-s7,1386,0.55,update/actual,0.04665875434875488,True,
d12-s7,1386,0.55,update/residual_p1,0.027386742833213296,True,
d12-s7,1386,0.55,update/residual_p2,-0.0008412591039744302,True,
d12-s7,1386,0.55,update/normalized_residual,-0.017710712962463217,True,
d12-s7,1386,0.55,update/loss_before,1.7178516387939453,True,
d12-s7,1386,0.55,update/loss_after,1.7645103931427002,True,
d12-s7,1386,0.55,update/direction_norm,557.5651593573068,True,
d12-s7,1386,0.55,curvature/dhd,0.05645600387437545,True,
d12-s7,1386,0.55,curvature/gHg,109.23757290289501,True,
d12-s7,1386,0.55,curvature/gg,10.08199986691819,True,
d12-s7,1386,0.55,curvature/eta_star,0.09229425003684788,True,
d12-s7,1386,0.55,curvature/Hg_norm,61.36339545856726,True,
d12-s7,1386,0.55,curvature/eta_star_rho,0.5606467588760858,True,
d12-s7,1386,0.55,curvature/eta_star_rho_threshold,9.5367431640625e-07,True,
d12-s7,1386,0.55,curvature/shadow_verdict_code,1.0,True,
d12-s7,1386,0.55,curvature/arith_eps,1.1920928955078125e-07,True,
d12-s7,1386,0.55,curvature/vhv_random,9.575304998561836e-06,True,
d12-s7,1386,0.55,curvature/e_fd_random,0.00876675386102294,True,
d12-s7,1386,0.55,curvature/fd_cos_random,0.9999616147067302,True,
d12-s7,1386,0.55,curvature/fd_eps_random,0.03,True,
d12-s7,1386,0.55,curvature/fd_snr_random,724.4962277110711,True,
d12-s7,1386,0.55,curvature/fd_floor_random,1.2617175646310945e-05,True,
d12-s7,1386,0.55,curvature/fd_conclusive_random,1.0,True,
d12-s7,1386,0.55,curvature/e_sym_random,8.149308812662547e-07,True,
d12-s7,1386,0.55,curvature/e_lin_random,7.171531729160216e-07,True,
d12-s7,1386,0.55,curvature/curv_eps_random,0.01,True,
d12-s7,1386,0.55,curvature/curv_snr_random,0.5821224876535204,True,
d12-s7,1386,0.55,curvature/curv_floor_random,0.008191354368136672,True,
d12-s7,1386,0.55,curvature/c_fd_random,-0.00476837158203125,True,
d12-s7,1386,0.55,curvature/verdict_code_random,1.0,True,
d12-s7,1386,0.55,curvature/e_curv_random,,False,noise_floor_inconclusive
d12-s7,1386,0.55,curvature/vhv_gradient,10.834912712246542,True,
d12-s7,1386,0.55,curvature/e_fd_gradient,0.000329266676536086,True,
d12-s7,1386,0.55,curvature/fd_cos_gradient,0.9999999470538227,True,
d12-s7,1386,0.55,curvature/fd_eps_gradient,0.001,True,
d12-s7,1386,0.55,curvature/fd_snr_gradient,51056.083822262546,True,
d12-s7,1386,0.55,curvature/fd_floor_gradient,0.00037851977510996185,True,
d12-s7,1386,0.55,curvature/fd_conclusive_gradient,1.0,True,
d12-s7,1386,0.55,curvature/e_sym_gradient,2.8070789344811158e-06,True,
d12-s7,1386,0.55,curvature/e_lin_gradient,4.4036525539053165e-07,True,
d12-s7,1386,0.55,curvature/curv_eps_gradient,0.004711951202502903,True,
d12-s7,1386,0.55,curvature/curv_snr_gradient,292.65185031032183,True,
d12-s7,1386,0.55,curvature/curv_floor_gradient,0.036895154015812455,True,
d12-s7,1386,0.55,curvature/c_fd_gradient,10.797435090211815,True,
d12-s7,1386,0.55,curvature/verdict_code_gradient,0.0,True,
d12-s7,1386,0.55,curvature/e_curv_gradient,0.0034589685242564453,True,
d12-s7,1386,0.55,curvature/vhv_update,1.816012577571907e-07,True,
d12-s7,1386,0.55,curvature/e_fd_update,,False,noise_floor_inconclusive
d12-s7,1386,0.55,curvature/fd_cos_update,,False,noise_floor_inconclusive
d12-s7,1386,0.55,curvature/fd_eps_update,0.03,True,
d12-s7,1386,0.55,curvature/fd_snr_update,117.03507248148753,True,
d12-s7,1386,0.55,curvature/fd_floor_update,1.2617175567697505e-05,True,
d12-s7,1386,0.55,curvature/fd_conclusive_update,0.0,True,
d12-s7,1386,0.55,curvature/e_sym_update,7.976227663745449e-07,True,
d12-s7,1386,0.55,curvature/e_lin_update,7.597475986101972e-07,True,
d12-s7,1386,0.55,curvature/curv_eps_update,0.003,True,
d12-s7,1386,0.55,curvature/curv_snr_update,0.29106123372774917,True,
d12-s7,1386,0.55,curvature/curv_floor_update,0.09101505169281962,True,
d12-s7,1386,0.55,curvature/c_fd_update,-0.026490953233506944,True,
d12-s7,1386,0.55,curvature/verdict_code_update,1.0,True,
d12-s7,1386,0.55,curvature/e_curv_update,,False,noise_floor_inconclusive
d12-s7,1512,0.6,update/p1,-0.07786470593747047,True,
d12-s7,1512,0.6,update/p2,-0.04724449246380235,True,
d12-s7,1512,0.6,update/actual,-0.04879355430603027,True,
d12-s7,1512,0.6,update/residual_p1,0.029071151631440195,True,
d12-s7,1512,0.6,update/residual_p2,-0.0015490618422279237,True,
d12-s7,1512,0.6,update/normalized_residual,-0.03174726383965185,True,
d12-s7,1512,0.6,update/loss_before,1.7048933506011963,True,
d12-s7,1512,0.6,update/loss_after,1.656099796295166,True,
d12-s7,1512,0.6,update/direction_norm,496.8683886568325,True,
d12-s7,1512,0.6,curvature/dhd,0.06124042694733624,True,
d12-s7,1512,0.6,curvature/gHg,153.83214556496733,True,
d12-s7,1512,0.6,curvature/gg,11.79125142330376,True,
d12-s7,1512,0.6,curvature/eta_star,0.07665011353770664,True,
d12-s7,1512,0.6,curvature/Hg_norm,76.0184848943313,True,
d12-s7,1512,0.6,curvature/eta_star_rho,0.5893156003881784,True,
d12-s7,1512,0.6,curvature/eta_star_rho_threshold,9.5367431640625e-07,True,
d12-s7,1512,0.6,curvature/shadow_verdict_code,1.0,True,
d12-s7,1512,0.6,curvature/arith_eps,1.1920928955078125e-07,True,
d12-s7,1512,0.6,curvature/vhv_random,1.1128727420270482e-05,True,
d12-s7,1512,0.6,curvature/e_fd_random,0.008773828503396147,True,
d12-s7,1512,0.6,curvature/fd_cos_random,0.9999617143832134,True,
d12-s7,1512,0.6,curvature/fd_eps_random,0.03,True,
d12-s7,1512,0.6,curvature/fd_snr_random,748.8196618324653,True,
d12-s7,1512,0.6,curvature/fd_floor_random,1.3644848408717902e-05,True,
d12-s7,1512,0.6,curvature/fd_conclusive_random,1.0,True,
d12-s7,1512,0.6,curvature/e_sym_random,5.227904106985144e-07,True,
d12-s7,1512,0.6,curvature/e_lin_random,6.861643005894269e-07,True,
d12-s7,1512,0.6,curvature/curv_eps_random,0.1,True,
d12-s7,1512,0.6,curvature/curv_snr_random,1.0264572933659315,True,
d12-s7,1512,0.6,curvature/curv_floor_random,8.129564008640953e-05,True,
d12-s7,1512,0.6,curvature/c_fd_random,-8.344650268554686e-05,True,
d12-s7,1512,0.6,curvature/verdict_code_random,1.0,True,
d12-s7,1512,0.6,curvature/e_curv_random,,False,noise_floor_inconclusive
d12-s7,1512,0.6,curvature/vhv_gradient,13.046295834079789,True,
d12-s7,1512,0.6,curvature/e_fd_gradient,0.00036933637066459787,True,
d12-s7,1512,0.6,curvature/fd_cos_gradient,0.999999932232085,True,
d12-s7,1512,0.6,curvature/fd_eps_gradient,0.001,True,
d12-s7,1512,0.6,curvature/fd_snr_gradient,54082.51448643828,True,
d12-s7,1512,0.6,curvature/fd_floor_gradient,0.00040935043751850537,True,
d12-s7,1512,0.6,curvature/fd_conclusive_gradient,1.0,True,
d12-s7,1512,0.6,curvature/e_sym_gradient,1.7328167665597539e-06,True,
d12-s7,1512,0.6,curvature/e_lin_gradient,4.444118368718956e-07,True,
d12-s7,1512,0.6,curvature/curv_eps_gradient,0.004053600464421103,True,
d12-s7,1512,0.6,curvature/curv_snr_gradient,262.6181762894439,True,
d12-s7,1512,0.6,curvature/curv_floor_gradient,0.04947650599383401,True,
d12-s7,1512,0.6,curvature/c_fd_gradient,12.993429773274428,True,
d12-s7,1512,0.6,curvature/verdict_code_gradient,0.0,True,
d12-s7,1512,0.6,curvature/e_curv_gradient,0.004052189332336221,True,
d12-s7,1512,0.6,curvature/vhv_update,2.4805933063691257e-07,True,
d12-s7,1512,0.6,curvature/e_fd_update,,False,noise_floor_inconclusive
d12-s7,1512,0.6,curvature/fd_cos_update,,False,noise_floor_inconclusive
d12-s7,1512,0.6,curvature/fd_eps_update,0.03,True,
d12-s7,1512,0.6,curvature/fd_snr_update,156.7572436830633,True,
d12-s7,1512,0.6,curvature/fd_floor_update,1.3644849062241847e-05,True,
d12-s7,1512,0.6,curvature/fd_conclusive_update,0.0,True,
d12-s7,1512,0.6,curvature/e_sym_update,3.4131718380158525e-06,True,
d12-s7,1512,0.6,curvature/e_lin_update,7.06588221095392e-07,True,
d12-s7,1512,0.6,curvature/curv_eps_update,0.03,True,
d12-s7,1512,0.6,curvature/curv_snr_update,0.879820521791128,True,
d12-s7,1512,0.6,curvature/curv_floor_update,0.0009032849056388335,True,
d12-s7,1512,0.6,curvature/c_fd_update,-0.0007947285970052084,True,
d12-s7,1512,0.6,curvature/verdict_code_update,1.0,True,
d12-s7,1512,0.6,curvature/e_curv_update,,False,noise_floor_inconclusive
d12-s7,1638,0.65,update/p1,-0.029698026422254668,True,
d12-s7,1638,0.65,update/p2,-0.0115693790517514,True,
d12-s7,1638,0.65,update/actual,-0.011751770973205566,True,
d12-s7,1638,0.65,update/residual_p1,0.0179462554490491,True,
d12-s7,1638,0.65,update/residual_p2,-0.00018239192145416694,True,
d12-s7,1638,0.65,update/normalized_residual,-0.015520377470768164,True,
d12-s7,1638,0.65,update/loss_before,1.6356440782546997,True,
d12-s7,1638,0.65,update/loss_after,1.6238923072814941,True,
d12-s7,1638,0.65,update/direction_norm,449.2651132580619,True,
d12-s7,1638,0.65,curvature/dhd,0.036257294741006536,True,
d12-s7,1638,0.65,curvature/gHg,77.94194361071344,True,
d12-s7,1638,0.65,curvature/gg,10.520826860211528,True,
d12-s7,1638,0.65,curvature/eta_star,0.13498286510224256,True,
d12-s7,1638,0.65,curvature/Hg_norm,44.08140921791231,True,
d12-s7,1638,0.65,curvature/eta_star_rho,0.5451183790883966,True,
d12-s7,1638,0.65,curvature/eta_star_rho_threshold,9.5367431640625e-07,True,
d12-s7,1638,0.65,curvature/shadow_verdict_code,1.0,True,
d12-s7,1638,0.65,curvature/arith_eps,1.1920928955078125e-07,True,
d12-s7,1638,0.65,curvature/vhv_random,1.1587898015424205e-05,True,
d12-s7,1638,0.65,curvature/e_fd_random,0.009273137809947722,True,
d12-s7,1638,0.65,curvature/fd_cos_random,0.9999570674868069,True,
d12-s7,1638,0.65,curvature/fd_eps_random,0.03,True,
d12-s7,1638,0.65,curvature/fd_snr_random,815.5118259339772,True,
d12-s7,1638,0.65,curvature/fd_floor_random,1.2888839253115352e-05,True,
d12-s7,1638,0.65,curvature/fd_conclusive_random,1.0,True,
d12-s7,1638,0.65,curvature/e_sym_random,7.354168006968258e-07,True,
d12-s7,1638,0.65,curvature/e_lin_random,7.502037785043132e-07,True,
d12-s7,1638,0.65,curvature/curv_eps_random,0.03,True,
d12-s7,1638,0.65,curvature/curv_snr_random,0.15284499108259303,True,
d12-s7,1638,0.65,curvature/curv_floor_random,0.0008665953998843179,True,
d12-s7,1638,0.65,curvature/c_fd_random,-0.00013245476616753472,True,
d12-s7,1638,0.65,curvature/verdict_code_random,1.0,True,
d12-s7,1638,0.65,curvature/e_curv_random,,False,noise_floor_inconclusive
d12-s7,1638,0.65,curvature/vhv_gradient,7.40834779112914,True,
d12-s7,1638,0.65,curvature/e_fd_gradient,0.0006004157165326031,True,
d12-s7,1638,0.65,curvature/fd_cos_gradient,0.9999998203586614,True,
d12-s7,1638,0.65,curvature/fd_eps_gradient,0.001,True,
d12-s7,1638,0.65,curvature/fd_snr_gradient,35148.6359944665,True,
d12-s7,1638,0.65,curvature/fd_floor_gradient,0.00038666716805546667,True,
d12-s7,1638,0.65,curvature/fd_conclusive_gradient,1.0,True,
d12-s7,1638,0.65,curvature/e_sym_gradient,5.424615707186549e-07,True,
d12-s7,1638,0.65,curvature/e_lin_gradient,5.231279038167255e-07,True,
d12-s7,1638,0.65,curvature/curv_eps_gradient,0.005477225575051661,True,
d12-s7,1638,0.65,curvature/curv_snr_gradient,284.5877131025124,True,
d12-s7,1638,0.65,curvature/curv_floor_gradient,0.02599874449060735,True,
d12-s7,1638,0.65,curvature/c_fd_gradient,7.398923238118489,True,
d12-s7,1638,0.65,curvature/verdict_code_gradient,0.0,True,
d12-s7,1638,0.65,curvature/e_curv_gradient,0.0012721531543019346,True,
d12-s7,1638,0.65,curvature/vhv_update,1.7963460541515716e-07,True,
d12-s7,1638,0.65,curvature/e_fd_update,,False,noise_floor_inconclusive
d12-s7,1638,0.65,curvature/fd_cos_update,,False,noise_floor_inconclusive
d12-s7,1638,0.65,curvature/fd_eps_update,0.03,True,
d12-s7,1638,0.65,curvature/fd_snr_update,135.07132736124868,True,
d12-s7,1638,0.65,curvature/fd_floor_update,1.2888838867723192e-05,True,
d12-s7,1638,0.65,curvature/fd_conclusive_update,0.0,True,
d12-s7,1638,0.65,curvature/e_sym_update,5.824551909683238e-07,True,
d12-s7,1638,0.65,curvature/e_lin_update,7.432509505671406e-07,True,
d12-s7,1638,0.65,curvature/curv_eps_update,0.003,True,
d12-s7,1638,0.65,curvature/curv_snr_update,0.15284499108259306,True,
d12-s7,1638,0.65,curvature/curv_floor_update,0.08665953998843179,True,
d12-s7,1638,0.65,curvature/c_fd_update,-0.013245476616753472,True,
d12-s7,1638,0.65,curvature/verdict_code_update,1.0,True,
d12-s7,1638,0.65,curvature/e_curv_update,,False,noise_floor_inconclusive
d12-s7,1764,0.7,update/p1,-0.01498052818549861,True,
d12-s7,1764,0.7,update/p2,-0.002658414552027354,True,
d12-s7,1764,0.7,update/actual,-0.002817869186401367,True,
d12-s7,1764,0.7,update/residual_p1,0.012162658999097242,True,
d12-s7,1764,0.7,update/residual_p2,-0.00015945463437401323,True,
d12-s7,1764,0.7,update/normalized_residual,-0.05658695412246901,True,
d12-s7,1764,0.7,update/loss_before,1.600689172744751,True,
d12-s7,1764,0.7,update/loss_after,1.5978713035583496,True,
d12-s7,1764,0.7,update/direction_norm,391.98374152002106,True,
d12-s7,1764,0.7,curvature/dhd,0.02464422726694251,True,
d12-s7,1764,0.7,curvature/gHg,102.78759160728944,True,
d12-s7,1764,0.7,curvature/gg,11.317276405058374,True,
d12-s7,1764,0.7,curvature/eta_star,0.11010352736249714,True,
d12-s7,1764,0.7,curvature/Hg_norm,59.84492371852204,True,
d12-s7,1764,0.7,curvature/eta_star_rho,0.5105548558897803,True,
d12-s7,1764,0.7,curvature/eta_star_rho_threshold,9.5367431640625e-07,True,
d12-s7,1764,0.7,curvature/shadow_verdict_code,1.0,True,
d12-s7,1764,0.7,curvature/arith_eps,1.1920928955078125e-07,True,
d12-s7,1764,0.7,curvature/vhv_random,1.2373778825382387e-05,True,
d12-s7,1764,0.7,curvature/e_fd_random,0.008431396880286506,True,
d12-s7,1764,0.7,curvature/fd_cos_random,0.9999644656321093,True,
d12-s7,1764,0.7,curvature/fd_eps_random,0.03,True,
d12-s7,1764,0.7,curvature/fd_snr_random,832.000203853715,True,
d12-s7,1764,0.7,curvature/fd_floor_random,1.3367794963040189e-05,True,
d12-s7,1764,0.7,curvature/fd_conclusive_random,1.0,True,
d12-s7,1764,0.7,curvature/e_sym_random,1.4507054439821261e-06,True,
d12-s7,1764,0.7,curvature/e_lin_random,7.179458869903542e-07,True,
d12-s7,1764,0.7,curvature/curv_eps_random,0.01,True,
d12-s7,1764,0.7,curvature/curv_snr_random,0.3123654422702213,True,
d12-s7,1764,0.7,curvature/curv_floor_random,0.007632681047198275,True,
d12-s7,1764,0.7,curvature/c_fd_random,0.002384185791015625,True,
d12-s7,1764,0.7,curvature/verdict_code_random,1.0,True,
d12-s7,1764,0.7,curvature/e_curv_random,,False,noise_floor_inconclusive
d12-s7,1764,0.7,curvature/vhv_gradient,9.082361834136835,True,
d12-s7,1764,0.7,curvature/e_fd_gradient,0.0005914660779254,True,
d12-s7,1764,0.7,curvature/fd_cos_gradient,0.9999998320133126,True,
d12-s7,1764,0.7,curvature/fd_eps_gradient,0.0003,True,
d12-s7,1764,0.7,curvature/fd_snr_gradient,13307.49461464,True,
d12-s7,1764,0.7,curvature/fd_floor_gradient,0.0013367805117738935,True,
d12-s7,1764,0.7,curvature/fd_conclusive_gradient,1.0,True,
d12-s7,1764,0.7,curvature/e_sym_gradient,6.539933035074204e-06,True,
d12-s7,1764,0.7,curvature/e_lin_gradient,4.954781072352567e-07,True,
d12-s7,1764,0.7,curvature/curv_eps_gradient,0.004711951202502903,True,
d12-s7,1764,0.7,curvature/curv_snr_gradient,264.5651951680735,True,
d12-s7,1764,0.7,curvature/curv_floor_gradient,0.03437868235161617,True,
d12-s7,1764,0.7,curvature/c_fd_gradient,9.095402805976535,True,
d12-s7,1764,0.7,curvature/verdict_code_gradient,0.0,True,
d12-s7,1764,0.7,curvature/e_curv_gradient,0.0014337981635218274,True,
d12-s7,1764,0.7,curvature/vhv_update,1.6039069137303467e-07,True,
d12-s7,1764,0.7,curvature/e_fd_update,,False,noise_floor_inconclusive
d12-s7,1764,0.7,curvature/fd_cos_update,,False,noise_floor_inconclusive
d12-s7,1764,0.7,curvature/fd_eps_update,0.03,True,
d12-s7,1764,0.7,curvature/fd_snr_update,128.26914873141988,True,
d12-s7,1764,0.7,curvature/fd_floor_update,1.336779593728993e-05,True,
d12-s7,1764,0.7,curvature/fd_conclusive_update,0.0,True,
d12-s7,1764,0.7,curvature/e_sym_update,1.4273058468916768e-06,True,
d12-s7,1764,0.7,curvature/e_lin_update,7.093214561243534e-07,True,
d12-s7,1764,0.7,curvature/curv_eps_update,0.1,True,
d12-s7,1764,0.7,curvature/curv_snr_update,0.1561827298587429,True,
d12-s7,1764,0.7,curvature/curv_floor_update,7.632680620872633e-05,True,
d12-s7,1764,0.7,curvature/c_fd_update,-1.1920928955078123e-05,True,
d12-s7,1764,0.7,curvature/verdict_code_update,1.0,True,
d12-s7,1764,0.7,curvature/e_curv_update,,False,noise_floor_inconclusive
d12-s7,1890,0.75,update/p1,-0.01701856658386481,True,
d12-s7,1890,0.75,update/p2,-0.008851240136667795,True,
d12-s7,1890,0.75,update/actual,-0.0091172456741333,True,
d12-s7,1890,0.75,update/residual_p1,0.007901320909731509,True,
d12-s7,1890,0.75,update/residual_p2,-0.00026600553746550584,True,
d12-s7,1890,0.75,update/normalized_residual,-0.02917608529736068,True,
d12-s7,1890,0.75,update/loss_before,1.533482551574707,True,
d12-s7,1890,0.75,update/loss_after,1.5243653059005737,True,
d12-s7,1890,0.75,update/direction_norm,339.3600090350851,True,
d12-s7,1890,0.75,curvature/dhd,0.01633465289439403,True,
d12-s7,1890,0.75,curvature/gHg,172.1468385368341,True,
d12-s7,1890,0.75,curvature/gg,12.829441631012354,True,
d12-s7,1890,0.75,curvature/eta_star,0.07452615302178349,True,
d12-s7,1890,0.75,curvature/Hg_norm,85.8324484762081,True,
d12-s7,1890,0.75,curvature/eta_star_rho,0.5599428097647936,True,
d12-s7,1890,0.75,curvature/eta_star_rho_threshold,9.5367431640625e-07,True,
d12-s7,1890,0.75,curvature/shadow_verdict_code,1.0,True,
d12-s7,1890,0.75,curvature/arith_eps,1.1920928955078125e-07,True,
d12-s7,1890,0.75,curvature/vhv_random,1.2049458897882797e-05,True,
d12-s7,1890,0.75,curvature/e_fd_random,0.009591495871658222,True,
d12-s7,1890,0.75,curvature/fd_cos_random,0.9999540149300805,True,
d12-s7,1890,0.75,curvature/fd_eps_random,0.03,True,
d12-s7,1890,0.75,curvature/fd_snr_random,771.191284913242,True,
d12-s7,1890,0.75,curvature/fd_floor_random,1.4232880760201332e-05,True,
d12-s7,1890,0.75,curvature/fd_conclusive_random,1.0,True,
d12-s7,1890,0.75,curvature/e_sym_random,2.3665934689248835e-08,True,
d12-s7,1890,0.75,curvature/e_lin_random,8.129018497772968e-07,True,
d12-s7,1890,0.75,curvature/curv_eps_random,0.1,True,
d12-s7,1890,0.75,curvature/curv_snr_random,0.9781655640946438,True,
d12-s7,1890,0.75,curvature/curv_floor_random,7.312215473120885e-05,True,
d12-s7,1890,0.75,curvature/c_fd_random,7.152557373046874e-05,True,
d12-s7,1890,0.75,curvature/verdict_code_random,1.0,True,
d12-s7,1890,0.75,curvature/e_curv_random,,False,noise_floor_inconclusive
d12-s7,1890,0.75,curvature/vhv_gradient,13.418108221917242,True,
d12-s7,1890,0.75,curvature/e_fd_gradient,0.0004130405044370933,True,
d12-s7,1890,0.75,curvature/fd_cos_gradient,0.9999999150580897,True,
d12-s7,1890,0.75,curvature/fd_eps_gradient,0.001,True,
d12-s7,1890,0.75,curvature/fd_snr_gradient,56122.88853531227,True,
d12-s7,1890,0.75,curvature/fd_floor_gradient,0.0004269915398267243,True,
d12-s7,1890,0.75,curvature/fd_conclusive_gradient,1.0,True,
d12-s7,1890,0.75,curvature/e_sym_gradient,1.3285849178811297e-06,True,
d12-s7,1890,0.75,curvature/e_lin_gradient,4.919603304751163e-07,True,
d12-s7,1890,0.75,curvature/curv_eps_gradient,0.004053600464421103,True,
d12-s7,1890,0.75,curvature/curv_snr_gradient,301.5902408275526,True,
d12-s7,1890,0.75,curvature/curv_floor_gradient,0.04450232099617249,True,
d12-s7,1890,0.75,curvature/c_fd_gradient,13.42146570662071,True,
d12-s7,1890,0.75,curvature/verdict_code_gradient,0.0,True,
d12-s7,1890,0.75,curvature/e_curv_gradient,0.0002501578275323267,True,
d12-s7,1890,0.75,curvature/vhv_update,1.4183667212983268e-07,True,
d12-s7,1890,0.75,curvature/e_fd_update,,False,noise_floor_inconclusive
d12-s7,1890,0.75,curvature/fd_cos_update,,False,noise_floor_inconclusive
d12-s7,1890,0.75,curvature/fd_eps_update,0.03,True,
d12-s7,1890,0.75,curvature/fd_snr_update,126.73543274047226,True,
d12-s7,1890,0.75,curvature/fd_floor_update,1.4232879526030167e-05,True,
d12-s7,1890,0.75,curvature/fd_conclusive_update,0.0,True,
d12-s7,1890,0.75,curvature/e_sym_update,5.291842432679421e-08,True,
d12-s7,1890,0.75,curvature/e_lin_update,8.327124094893589e-07,True,
d12-s7,1890,0.75,curvature/curv_eps_update,0.01,True,
d12-s7,1890,0.75,curvature/curv_snr_update,0.3260552387250609,True,
d12-s7,1890,0.75,curvature/curv_floor_update,0.007312214336252509,True,
d12-s7,1890,0.75,curvature/c_fd_update,-0.002384185791015625,True,
d12-s7,1890,0.75,curvature/verdict_code_update,1.0,True,
d12-s7,1890,0.75,curvature/e_curv_update,,False,noise_floor_inconclusive
d12-s7,2016,0.8,update/p1,-0.006828591278912603,True,
d12-s7,2016,0.8,update/p2,-0.002842906037161119,True,
d12-s7,2016,0.8,update/actual,-0.0028737783432006836,True,
d12-s7,2016,0.8,update/residual_p1,0.00395481293571192,True,
d12-s7,2016,0.8,update/residual_p2,-3.0872306039564715e-05,True,
d12-s7,2016,0.8,update/normalized_residual,-0.010742758261996138,True,
d12-s7,2016,0.8,update/loss_before,1.5292346477508545,True,
d12-s7,2016,0.8,update/loss_after,1.5263608694076538,True,
d12-s7,2016,0.8,update/direction_norm,281.5511478037834,True,
d12-s7,2016,0.8,curvature/dhd,0.007971370483502969,True,
d12-s7,2016,0.8,curvature/gHg,162.4352958425821,True,
d12-s7,2016,0.8,curvature/gg,12.933477286114702,True,
d12-s7,2016,0.8,curvature/eta_star,0.07962233342837435,True,
d12-s7,2016,0.8,curvature/Hg_norm,83.63023801981873,True,
d12-s7,2016,0.8,curvature/eta_star_rho,0.5400816459849157,True,
d12-s7,2016,0.8,curvature/eta_star_rho_threshold,9.5367431640625e-07,True,
d12-s7,2016,0.8,curvature/shadow_verdict_code,1.0,True,
d12-s7,2016,0.8,curvature/arith_eps,1.1920928955078125e-07,True,
d12-s7,2016,0.8,curvature/vhv_random,1.2218661395654282e-05,True,
d12-s7,2016,0.8,curvature/e_fd_random,0.009356475588292197,True,
d12-s7,2016,0.8,curvature/fd_cos_random,0.9999565892694643,True,
d12-s7,2016,0.8,curvature/fd_eps_random,0.03,True,
d12-s7,2016,0.8,curvature/fd_snr_random,791.9353919449027,True,
d12-s7,2016,0.8,curvature/fd_floor_random,1.429046828963423e-05,True,
d12-s7,2016,0.8,curvature/fd_conclusive_random,1.0,True,
d12-s7,2016,0.8,curvature/e_sym_random,2.986555448653542e-07,True,
d12-s7,2016,0.8,curvature/e_lin_random,7.603322195234947e-07,True,
d12-s7,2016,0.8,curvature/curv_eps_random,0.1,True,
d12-s7,2016,0.8,curvature/curv_snr_random,0.6539219337099998,True,
d12-s7,2016,0.8,curvature/curv_floor_random,7.291958468158553e-05,True,
d12-s7,2016,0.8,curvature/c_fd_random,-4.768371582031249e-05,True,
d12-s7,2016,0.8,curvature/verdict_code_random,1.0,True,
d12-s7,2016,0.8,curvature/e_curv_random,,False,noise_floor_inconclusive
d12-s7,2016,0.8,curvature/vhv_gradient,12.559291750189645,True,
d12-s7,2016,0.8,curvature/e_fd_gradient,0.0005076951311657591,True,
d12-s7,2016,0.8,curvature/fd_cos_gradient,0.9999998712220228,True,
d12-s7,2016,0.8,curvature/fd_eps_gradient,0.001,True,
d12-s7,2016,0.8,curvature/fd_snr_gradient,54241.64162439222,True,
d12-s7,2016,0.8,curvature/fd_floor_gradient,0.0004287191702750363,True,
d12-s7,2016,0.8,curvature/fd_conclusive_gradient,1.0,True,
d12-s7,2016,0.8,curvature/e_sym_gradient,8.936075200913504e-07,True,
d12-s7,2016,0.8,curvature/e_lin_gradient,4.874692540000866e-07,True,
d12-s7,2016,0.8,curvature/curv_eps_gradient,0.004053600464421103,True,
d12-s7,2016,0.8,curvature/curv_snr_gradient,282.4847404023297,True,
d12-s7,2016,0.8,curvature/curv_floor_gradient,0.04437894392724211,True,
d12-s7,2016,0.8,curvature/c_fd_gradient,12.536374454616533,True,
d12-s7,2016,0.8,curvature/verdict_code_gradient,0.0,True,
d12-s7,2016,0.8,curvature/e_curv_gradient,0.00182472833890225,True,
d12-s7,2016,0.8,curvature/vhv_update,1.0055841176449794e-07,True,
d12-s7,2016,0.8,curvature/e_fd_update,,False,noise_floor_inconclusive
d12-s7,2016,0.8,curvature/fd_cos_update,,False,noise_floor_inconclusive
d12-s7,2016,0.8,curvature/fd_eps_update,0.03,True,
d12-s7,2016,0.8,curvature/fd_snr_update,80.62780751381979,True,
d12-s7,2016,0.8,curvature/fd_floor_update,1.429046845136386e-05,True,
d12-s7,2016,0.8,curvature/fd_conclusive_update,0.0,True,
d12-s7,2016,0.8,curvature/e_sym_update,8.931999243160106e-07,True,
d12-s7,2016,0.8,curvature/e_lin_update,7.782404427533579e-07,True,
d12-s7,2016,0.8,curvature/curv_eps_update,0.003,True,
d12-s7,2016,0.8,curvature/curv_snr_update,0.8174024330673589,True,
d12-s7,2016,0.8,curvature/curv_floor_update,0.08102175917833342,True,
d12-s7,2016,0.8,curvature/c_fd_update,-0.06622738308376735,True,
d12-s7,2016,0.8,curvature/verdict_code_update,1.0,True,
d12-s7,2016,0.8,curvature/e_curv_update,,False,noise_floor_inconclusive
d12-s7,2142,0.85,update/p1,0.0038805547114727,True,
d12-s7,2142,0.85,update/p2,0.00629631361801216,True,
d12-s7,2142,0.85,update/actual,0.006289482116699219,True,
d12-s7,2142,0.85,update/residual_p1,0.002408927405226519,True,
d12-s7,2142,0.85,update/residual_p2,-6.831501312941357e-06,True,
d12-s7,2142,0.85,update/normalized_residual,-0.0010850001647627844,True,
d12-s7,2142,0.85,update/loss_before,1.4872875213623047,True,
d12-s7,2142,0.85,update/loss_after,1.493577003479004,True,
d12-s7,2142,0.85,update/direction_norm,224.55596143165766,True,
d12-s7,2142,0.85,curvature/dhd,0.004831517813078921,True,
d12-s7,2142,0.85,curvature/gHg,163.94473236562118,True,
d12-s7,2142,0.85,curvature/gg,12.453614419349552,True,
d12-s7,2142,0.85,curvature/eta_star,0.07596227240516723,True,
d12-s7,2142,0.85,curvature/Hg_norm,83.42190844956565,True,
d12-s7,2142,0.85,curvature/eta_star_rho,0.5568902809223567,True,
d12-s7,2142,0.85,curvature/eta_star_rho_threshold,9.5367431640625e-07,True,
d12-s7,2142,0.85,curvature/shadow_verdict_code,1.0,True,
d12-s7,2142,0.85,curvature/arith_eps,1.1920928955078125e-07,True,
d12-s7,2142,0.85,curvature/vhv_random,1.2404698311180443e-05,True,
d12-s7,2142,0.85,curvature/e_fd_random,0.009441011643524122,True,
d12-s7,2142,0.85,curvature/fd_cos_random,0.9999555650575531,True,
d12-s7,2142,0.85,curvature/fd_eps_random,0.03,True,
d12-s7,2142,0.85,curvature/fd_snr_random,803.0076443767967,True,
d12-s7,2142,0.85,curvature/fd_floor_random,1.4022858954913551e-05,True,
d12-s7,2142,0.85,curvature/fd_conclusive_random,1.0,True,
d12-s7,2142,0.85,curvature/e_sym_random,6.090606917024393e-06,True,
d12-s7,2142,0.85,curvature/e_lin_random,8.414065549929407e-07,True,
d12-s7,2142,0.85,curvature/curv_eps_random,0.003,True,
d12-s7,2142,0.85,curvature/curv_snr_random,0.3361824615485114,True,
d12-s7,2142,0.85,curvature/curv_floor_random,0.07879933150434226,True,
d12-s7,2142,0.85,curvature/c_fd_random,0.026490953233506944,True,
d12-s7,2142,0.85,curvature/verdict_code_random,1.0,True,
d12-s7,2142,0.85,curvature/e_curv_random,,False,noise_floor_inconclusive
d12-s7,2142,0.85,curvature/vhv_gradient,13.164429962884505,True,
d12-s7,2142,0.85,curvature/e_fd_gradient,0.0004054987308340602,True,
d12-s7,2142,0.85,curvature/fd_cos_gradient,0.9999999183065169,True,
d12-s7,2142,0.85,curvature/fd_eps_gradient,0.001,True,
d12-s7,2142,0.85,curvature/fd_snr_gradient,56193.157551899676,True,
d12-s7,2142,0.85,curvature/fd_floor_gradient,0.00042069079719039425,True,
d12-s7,2142,0.85,curvature/fd_conclusive_gradient,1.0,True,
d12-s7,2142,0.85,curvature/e_sym_gradient,2.756731088748115e-06,True,
d12-s7,2142,0.85,curvature/e_lin_gradient,4.784585131511306e-07,True,
d12-s7,2142,0.85,curvature/curv_eps_gradient,0.004053600464421103,True,
d12-s7,2142,0.85,curvature/curv_snr_gradient,305.0745008160494,True,
d12-s7,2142,0.85,curvature/curv_floor_gradient,0.043161739345379535,True,
d12-s7,2142,0.85,curvature/c_fd_gradient,13.167546085144101,True,
d12-s7,2142,0.85,curvature/verdict_code_gradient,0.0,True,
d12-s7,2142,0.85,curvature/e_curv_gradient,0.00023665170711741342,True,
d12-s7,2142,0.85,curvature/vhv_update,9.581519694717974e-08,True,
d12-s7,2142,0.85,curvature/e_fd_update,,False,noise_floor_inconclusive
d12-s7,2142,0.85,curvature/fd_cos_update,,False,noise_floor_inconclusive
d12-s7,2142,0.85,curvature/fd_eps_update,0.03,True,
d12-s7,2142,0.85,curvature/fd_snr_update,80.22946937397894,True,
d12-s7,2142,0.85,curvature/fd_floor_update,1.4022856846474011e-05,True,
d12-s7,2142,0.85,curvature/fd_conclusive_update,0.0,True,
d12-s7,2142,0.85,curvature/e_sym_update,1.3309188353662124e-06,True,
d12-s7,2142,0.85,curvature/e_lin_update,8.093426701895909e-07,True,
d12-s7,2142,0.85,curvature/curv_eps_update,0.1,True,
d12-s7,2142,0.85,curvature/curv_snr_update,0.5042736822181128,True,
d12-s7,2142,0.85,curvature/curv_floor_update,7.09193997749935e-05,True,
d12-s7,2142,0.85,curvature/c_fd_update,3.576278686523437e-05,True,
d12-s7,2142,0.85,curvature/verdict_code_update,1.0,True,
d12-s7,2142,0.85,curvature/e_curv_update,,False,noise_floor_inconclusive
d12-s7,2268,0.9,update/p1,0.002945710621774668,True,
d12-s7,2268,0.9,update/p2,0.004137498069029648,True,
d12-s7,2268,0.9,update/actual,0.004132747650146484,True,
d12-s7,2268,0.9,update/residual_p1,0.0011870370283718163,True,
d12-s7,2268,0.9,update/residual_p2,-4.750418883163812e-06,True,
d12-s7,2268,0.9,update/normalized_residual,-0.0011481380302560261,True,
d12-s7,2268,0.9,update/loss_before,1.459455966949463,True,
d12-s7,2268,0.9,update/loss_after,1.4635887145996094,True,
d12-s7,2268,0.9,update/direction_norm,163.57356756934382,True,
d12-s7,2268,0.9,curvature/dhd,0.002383574894509961,True,
d12-s7,2268,0.9,curvature/gHg,162.1712706675336,True,
d12-s7,2268,0.9,curvature/gg,12.783177802550709,True,
d12-s7,2268,0.9,curvature/eta_star,0.0788251689089705,True,
d12-s7,2268,0.9,curvature/Hg_norm,83.28752371078218,True,
d12-s7,2268,0.9,curvature/eta_star_rho,0.5445961350308337,True,
d12-s7,2268,0.9,curvature/eta_star_rho_threshold,9.5367431640625e-07,True,
d12-s7,2268,0.9,curvature/shadow_verdict_code,1.0,True,
d12-s7,2268,0.9,curvature/arith_eps,1.1920928955078125e-07,True,
d12-s7,2268,0.9,curvature/vhv_random,1.2333101527760122e-05,True,
d12-s7,2268,0.9,curvature/e_fd_random,0.009455563133630577,True,
d12-s7,2268,0.9,curvature/fd_cos_random,0.9999553295172543,True,
d12-s7,2268,0.9,curvature/fd_eps_random,0.03,True,
d12-s7,2268,0.9,curvature/fd_snr_random,808.8178064072611,True,
d12-s7,2268,0.9,curvature/fd_floor_random,1.4207192043364804e-05,True,
d12-s7,2268,0.9,curvature/fd_conclusive_random,1.0,True,
d12-s7,2268,0.9,curvature/e_sym_random,8.4593565090252e-07,True,
d12-s7,2268,0.9,curvature/e_lin_random,8.573648464024951e-07,True,
d12-s7,2268,0.9,curvature/curv_eps_random,0.01,True,
d12-s7,2268,0.9,curvature/curv_snr_random,0.5138901501173762,True,
d12-s7,2268,0.9,curvature/curv_floor_random,0.006959227931702117,True,
d12-s7,2268,0.9,curvature/c_fd_random,-0.0035762786865234375,True,
d12-s7,2268,0.9,curvature/verdict_code_random,1.0,True,
d12-s7,2268,0.9,curvature/e_curv_random,,False,noise_floor_inconclusive
d12-s7,2268,0.9,curvature/vhv_gradient,12.686302900809242,True,
d12-s7,2268,0.9,curvature/e_fd_gradient,0.0005581872384103279,True,
d12-s7,2268,0.9,curvature/fd_cos_gradient,0.9999998475892431,True,
d12-s7,2268,0.9,curvature/fd_eps_gradient,0.0003,True,
d12-s7,2268,0.9,curvature/fd_snr_gradient,16396.529074258346,True,
d12-s7,2268,0.9,curvature/fd_floor_gradient,0.0014207203557120205,True,
d12-s7,2268,0.9,curvature/fd_conclusive_gradient,1.0,True,
d12-s7,2268,0.9,curvature/e_sym_gradient,5.100617367425774e-06,True,
d12-s7,2268,0.9,curvature/e_lin_gradient,5.215231024939181e-07,True,
d12-s7,2268,0.9,curvature/curv_eps_gradient,0.004053600464421103,True,
d12-s7,2268,0.9,curvature/curv_snr_gradient,299.07338600430177,True,
d12-s7,2268,0.9,curvature/curv_floor_gradient,0.04235402506974189,True,
d12-s7,2268,0.9,curvature/c_fd_gradient,12.66696168851879,True,
d12-s7,2268,0.9,curvature/verdict_code_gradient,0.0,True,
d12-s7,2268,0.9,curvature/e_curv_gradient,0.00152457437298134,True,
d12-s7,2268,0.9,curvature/vhv_update,8.908458809524152e-08,True,
d12-s7,2268,0.9,curvature/e_fd_update,,False,noise_floor_inconclusive
d12-s7,2268,0.9,curvature/fd_cos_update,,False,noise_floor_inconclusive
d12-s7,2268,0.9,curvature/fd_eps_update,0.03,True,
d12-s7,2268,0.9,curvature/fd_snr_update,78.77433601193059,True,
d12-s7,2268,0.9,curvature/fd_floor_update,1.4207190036896853e-05,True,
d12-s7,2268,0.9,curvature/fd_conclusive_update,0.0,True,
d12-s7,2268,0.9,curvature/e_sym_update,5.679054711955971e-07,True,
d12-s7,2268,0.9,curvature/e_lin_update,8.409237489148044e-07,True,
d12-s7,2268,0.9,curvature/curv_eps_update,0.1,True,
d12-s7,2268,0.9,curvature/curv_snr_update,0.856483618508025,True,
d12-s7,2268,0.9,curvature/curv_floor_update,6.959227647485021e-05,True,
d12-s7,2268,0.9,curvature/c_fd_update,-5.960464477539061e-05,True,
d12-s7,2268,0.9,curvature/verdict_code_update,1.0,True,
d12-s7,2268,0.9,curvature/e_curv_update,,False,noise_floor_inconclusive
d12-s7,2394,0.95,update/p1,-0.001284420417968559,True,
d12-s7,2394,0.95,update/p2,-0.0008754941182388966,True,
d12-s7,2394,0.95,update/actual,-0.0008748769760131836,True,
d12-s7,2394,0.95,update/residual_p1,0.00040954344195537535,True,
d12-s7,2394,0.95,update/residual_p2,6.171422257130431e-07,True,
d12-s7,2394,0.95,update/normalized_residual,0.0007049073350195176,True,
d12-s7,2394,0.95,update/loss_before,1.4224791526794434,True,
d12-s7,2394,0.95,update/loss_after,1.4216042757034302,True,
d12-s7,2394,0.95,update/direction_norm,100.34143871201437,True,
d12-s7,2394,0.95,curvature/dhd,0.0008178525994593247,True,
d12-s7,2394,0.95,curvature/gHg,140.1520141555586,True,
d12-s7,2394,0.95,curvature/gg,12.431340953626686,True,
d12-s7,2394,0.95,curvature/eta_star,0.08869898180577553,True,
d12-s7,2394,0.95,curvature/Hg_norm,74.8325821632381,True,
d12-s7,2394,0.95,curvature/eta_star_rho,0.5311896731137427,True,
d12-s7,2394,0.95,curvature/eta_star_rho_threshold,9.5367431640625e-07,True,
d12-s7,2394,0.95,curvature/shadow_verdict_code,1.0,True,
d12-s7,2394,0.95,curvature/arith_eps,1.1920928955078125e-07,True,
d12-s7,2394,0.95,curvature/vhv_random,1.2635650714033303e-05,True,
d12-s7,2394,0.95,curvature/e_fd_random,,False,insufficient_conclusive_points
d12-s7,2394,0.95,curvature/fd_cos_random,,False,insufficient_conclusive_points
d12-s7,2394,0.95,curvature/fd_eps_random,0.03,True,
d12-s7,2394,0.95,curvature/fd_snr_random,805.0899534142111,True,
d12-s7,2394,0.95,curvature/fd_floor_random,1.4010310630669493e-05,True,
d12-s7,2394,0.95,curvature/fd_conclusive_random,0.0,True,
d12-s7,2394,0.95,curvature/e_sym_random,1.2685433289289576e-06,True,
d12-s7,2394,0.95,curvature/e_lin_random,8.145093512166518e-07,True,
d12-s7,2394,0.95,curvature/curv_eps_random,0.003,True,
d12-s7,2394,0.95,curvature/curv_snr_random,0.527248467190244,True,
d12-s7,2394,0.95,curvature/curv_floor_random,0.07536566215549101,True,
d12-s7,2394,0.95,curvature/c_fd_random,0.039736429850260414,True,
d12-s7,2394,0.95,curvature/verdict_code_random,1.0,True,
d12-s7,2394,0.95,curvature/e_curv_random,,False,noise_floor_inconclusive
d12-s7,2394,0.95,curvature/vhv_gradient,11.274086188374625,True,
d12-s7,2394,0.95,curvature/e_fd_gradient,0.0006955064399555222,True,
d12-s7,2394,0.95,curvature/fd_cos_gradient,0.9999997600161921,True,
d12-s7,2394,0.95,curvature/fd_eps_gradient,0.0003,True,
d12-s7,2394,0.95,curvature/fd_snr_gradient,15149.922771601572,True,
d12-s7,2394,0.95,curvature/fd_floor_gradient,0.00140103202329815,True,
d12-s7,2394,0.95,curvature/fd_conclusive_gradient,1.0,True,
d12-s7,2394,0.95,curvature/e_sym_gradient,1.8008435078254763e-05,True,
d12-s7,2394,0.95,curvature/e_lin_gradient,5.185061433651825e-07,True,
d12-s7,2394,0.95,curvature/curv_eps_gradient,0.004053600464421103,True,
d12-s7,2394,0.95,curvature/curv_snr_gradient,273.45730754078875,True,
d12-s7,2394,0.95,curvature/curv_floor_gradient,0.04128081632827973,True,
d12-s7,2394,0.95,curvature/c_fd_gradient,11.288540886217202,True,
d12-s7,2394,0.95,curvature/verdict_code_gradient,0.0,True,
d12-s7,2394,0.95,curvature/e_curv_gradient,0.0012804753057346658,True,
d12-s7,2394,0.95,curvature/vhv_update,8.122961592704905e-08,True,
d12-s7,2394,0.95,curvature/e_fd_update,,False,noise_floor_inconclusive
d12-s7,2394,0.95,curvature/fd_cos_update,,False,noise_floor_inconclusive
d12-s7,2394,0.95,curvature/fd_eps_update,0.03,True,
d12-s7,2394,0.95,curvature/fd_snr_update,69.41011344480756,True,
d12-s7,2394,0.95,curvature/fd_floor_update,1.4010310794132874e-05,True,
d12-s7,2394,0.95,curvature/fd_conclusive_update,0.0,True,
d12-s7,2394,0.95,curvature/e_sym_update,6.188090034513236e-06,True,
d12-s7,2394,0.95,curvature/e_lin_update,8.210444424221643e-07,True,
d12-s7,2394,0.95,curvature/curv_eps_update,0.003,True,
d12-s7,2394,0.95,curvature/curv_snr_update,0.35149901494805896,True,
d12-s7,2394,0.95,curvature/curv_floor_update,0.07536565426057172,True,
d12-s7,2394,0.95,curvature/c_fd_update,-0.026490953233506944,True,
d12-s7,2394,0.95,curvature/verdict_code_update,1.0,True,
d12-s7,2394,0.95,curvature/e_curv_update,,False,noise_floor_inconclusive
d12-s7,2520,1.0,update/p1,0.001915599398869439,True,
d12-s7,2520,1.0,update/p2,0.002016547439410733,True,
d12-s7,2520,1.0,update/actual,0.0020166635513305664,True,
d12-s7,2520,1.0,update/residual_p1,0.00010106415246112737,True,
d12-s7,2520,1.0,update/residual_p2,1.1611191983330188e-07,True,
d12-s7,2520,1.0,update/normalized_residual,5.757624753851125e-05,True,
d12-s7,2520,1.0,update/loss_before,1.3954180479049683,True,
d12-s7,2520,1.0,update/loss_after,1.3974347114562988,True,
d12-s7,2520,1.0,update/direction_norm,34.787689252278184,True,
d12-s7,2520,1.0,curvature/dhd,0.00020189608108258777,True,
d12-s7,2520,1.0,curvature/gHg,126.51413350331602,True,
d12-s7,2520,1.0,curvature/gg,12.259183066564987,True,
d12-s7,2520,1.0,curvature/eta_star,0.09689971173255252,True,
d12-s7,2520,1.0,curvature/Hg_norm,70.97419166731912,True,
d12-s7,2520,1.0,curvature/eta_star_rho,0.5091055425321235,True,
d12-s7,2520,1.0,curvature/eta_star_rho_threshold,9.5367431640625e-07,True,
d12-s7,2520,1.0,curvature/shadow_verdict_code,1.0,True,
d12-s7,2520,1.0,curvature/arith_eps,1.1920928955078125e-07,True,
d12-s7,2520,1.0,curvature/vhv_random,1.2960428010932074e-05,True,
d12-s7,2520,1.0,curvature/e_fd_random,0.00960556046832787,True,
d12-s7,2520,1.0,curvature/fd_cos_random,0.9999538721862418,True,
d12-s7,2520,1.0,curvature/fd_eps_random,0.03,True,
d12-s7,2520,1.0,curvature/fd_snr_random,811.1003519447382,True,
d12-s7,2520,1.0,curvature/fd_floor_random,1.3912962664780495e-05,True,
d12-s7,2520,1.0,curvature/fd_conclusive_random,1.0,True,
d12-s7,2520,1.0,curvature/e_sym_random,9.605597170591017e-08,True,
d12-s7,2520,1.0,curvature/e_lin_random,8.50833990817008e-07,True,
d12-s7,2520,1.0,curvature/curv_eps_random,0.01,True,
d12-s7,2520,1.0,curvature/curv_snr_random,0.5374733752224921,True,
d12-s7,2520,1.0,curvature/curv_floor_random,0.006653871338357931,True,
d12-s7,2520,1.0,curvature/c_fd_random,-0.0035762786865234375,True,
d12-s7,2520,1.0,curvature/verdict_code_random,1.0,True,
d12-s7,2520,1.0,curvature/e_curv_random,,False,noise_floor_inconclusive
d12-s7,2520,1.0,curvature/vhv_gradient,10.319946672625303,True,
d12-s7,2520,1.0,curvature/e_fd_gradient,0.00066066932792697,True,
d12-s7,2520,1.0,curvature/fd_cos_gradient,0.9999997864146776,True,
d12-s7,2520,1.0,curvature/fd_eps_gradient,0.0003,True,
d12-s7,2520,1.0,curvature/fd_snr_gradient,14569.672907036258,True,
d12-s7,2520,1.0,curvature/fd_floor_gradient,0.0013912970142886342,True,
d12-s7,2520,1.0,curvature/fd_conclusive_gradient,1.0,True,
d12-s7,2520,1.0,curvature/e_sym_gradient,1.1189353601891219e-06,True,
d12-s7,2520,1.0,curvature/e_lin_gradient,5.020128127208793e-07,True,
d12-s7,2520,1.0,curvature/curv_eps_gradient,0.004053600464421103,True,
d12-s7,2520,1.0,curvature/curv_snr_gradient,254.5754797215549,True,
d12-s7,2520,1.0,curvature/curv_floor_gradient,0.04049540294778599,True,
d12-s7,2520,1.0,curvature/c_fd_gradient,10.309136631950286,True,
d12-s7,2520,1.0,curvature/verdict_code_gradient,0.0,True,
d12-s7,2520,1.0,curvature/e_curv_gradient,0.0010474899743126748,True,
d12-s7,2520,1.0,curvature/vhv_update,1.6683100724887429e-07,True,
d12-s7,2520,1.0,curvature/e_fd_update,,False,noise_floor_inconclusive
d12-s7,2520,1.0,curvature/fd_cos_update,,False,noise_floor_inconclusive
d12-s7,2520,1.0,curvature/fd_eps_update,0.03,True,
d12-s7,2520,1.0,curvature/fd_snr_update,121.63050450509593,True,
d12-s7,2520,1.0,curvature/fd_floor_update,1.3912963795150874e-05,True,
d12-s7,2520,1.0,curvature/fd_conclusive_update,0.0,True,
d12-s7,2520,1.0,curvature/e_sym_update,1.044635270909616e-06,True,
d12-s7,2520,1.0,curvature/e_lin_update,7.675672520629546e-07,True,
d12-s7,2520,1.0,curvature/curv_eps_update,0.1,True,
d12-s7,2520,1.0,curvature/curv_snr_update,0.35831554521844666,True,
d12-s7,2520,1.0,curvature/curv_floor_update,6.653872048900665e-05,True,
d12-s7,2520,1.0,curvature/c_fd_update,2.3841857910156247e-05,True,
d12-s7,2520,1.0,curvature/verdict_code_update,1.0,True,
d12-s7,2520,1.0,curvature/e_curv_update,,False,noise_floor_inconclusive
d12-s8,9,0.0035714285714285713,update/p1,-0.750623623123924,True,
d12-s8,9,0.0035714285714285713,update/p2,-0.5014529605629108,True,
d12-s8,9,0.0035714285714285713,update/actual,-0.38022327423095703,True,
d12-s8,9,0.0035714285714285713,update/residual_p1,0.370400348892967,True,
d12-s8,9,0.0035714285714285713,update/residual_p2,0.12122968633195375,True,
d12-s8,9,0.0035714285714285713,update/normalized_residual,0.24175684633682532,True,
d12-s8,9,0.0035714285714285713,update/loss_before,7.631418228149414,True,
d12-s8,9,0.0035714285714285713,update/loss_after,7.251194953918457,True,
d12-s8,9,0.0035714285714285713,update/direction_norm,270.9484504881861,True,
d12-s8,9,0.0035714285714285713,curvature/dhd,0.49834132512202645,True,
d12-s8,9,0.0035714285714285713,curvature/gHg,178.84657780307367,True,
d12-s8,9,0.0035714285714285713,curvature/gg,18.451672250057108,True,
d12-s8,9,0.0035714285714285713,curvature/eta_star,0.10317039597131165,True,
d12-s8,9,0.0035714285714285713,curvature/Hg_norm,101.65200645377409,True,
d12-s8,9,0.0035714285714285713,curvature/eta_star_rho,0.40958761223676904,True,
d12-s8,9,0.0035714285714285713,curvature/eta_star_rho_threshold,9.5367431640625e-07,True,
d12-s8,9,0.0035714285714285713,curvature/shadow_verdict_code,1.0,True,
d12-s8,9,0.0035714285714285713,curvature/arith_eps,1.1920928955078125e-07,True,
d12-s8,9,0.0035714285714285713,curvature/vhv_random,3.154349435250855e-05,True,
d12-s8,9,0.0035714285714285713,curvature/e_fd_random,0.001020022825686902,True,
d12-s8,9,0.0035714285714285713,curvature/fd_cos_random,0.9999994816019669,True,
d12-s8,9,0.0035714285714285713,curvature/fd_eps_random,0.03,True,
d12-s8,9,0.0035714285714285713,curvature/fd_snr_random,1796.3212111333917,True,
d12-s8,9,0.0035714285714285713,curvature/fd_floor_random,1.7068946426796115e-05,True,
d12-s8,9,0.0035714285714285713,curvature/fd_conclusive_random,1.0,True,
d12-s8,9,0.0035714285714285713,curvature/e_sym_random,3.158199967482711e-07,True,
d12-s8,9,0.0035714285714285713,curvature/e_lin_random,5.066604754062062e-07,True,
d12-s8,9,0.0035714285714285713,curvature/curv_eps_random,0.03,True,
d12-s8,9,0.0035714285714285713,curvature/curv_snr_random,0.13103724032454703,True,
d12-s8,9,0.0035714285714285713,curvature/curv_floor_random,0.004043270930904125,True,
d12-s8,9,0.0035714285714285713,curvature/c_fd_random,0.0005298190646701389,True,
d12-s8,9,0.0035714285714285713,curvature/verdict_code_random,1.0,True,
d12-s8,9,0.0035714285714285713,curvature/e_curv_random,,False,noise_floor_inconclusive
d12-s8,9,0.0035714285714285713,curvature/vhv_gradient,9.692703695904822,True,
d12-s8,9,0.0035714285714285713,curvature/e_fd_gradient,5.233253565702497e-05,True,
d12-s8,9,0.0035714285714285713,curvature/fd_cos_gradient,0.9999999997902435,True,
d12-s8,9,0.0035714285714285713,curvature/fd_eps_gradient,0.003,True,
d12-s8,9,0.0035714285714285713,curvature/fd_snr_gradient,138643.4650043474,True,
d12-s8,9,0.0035714285714285713,curvature/fd_floor_gradient,0.00017068631615671428,True,
d12-s8,9,0.0035714285714285713,curvature/fd_conclusive_gradient,1.0,True,
d12-s8,9,0.0035714285714285713,curvature/e_sym_gradient,4.255661120103839e-07,True,
d12-s8,9,0.0035714285714285713,curvature/e_lin_gradient,9.440699357991259e-07,True,
d12-s8,9,0.0035714285714285713,curvature/curv_eps_gradient,0.01,True,
d12-s8,9,0.0035714285714285713,curvature/curv_snr_gradient,266.1281960840161,True,
d12-s8,9,0.0035714285714285713,curvature/curv_floor_gradient,0.03639059229954,True,
d12-s8,9,0.0035714285714285713,curvature/c_fd_gradient,9.684562683105469,True,
d12-s8,9,0.0035714285714285713,curvature/verdict_code_gradient,0.0,True,
d12-s8,9,0.0035714285714285713,curvature/e_curv_gradient,0.0008399114483188475,True,
d12-s8,9,0.0035714285714285713,curvature/vhv_update,6.7881831064737786e-06,True,
d12-s8,9,0.0035714285714285713,curvature/e_fd_update,,False,insufficient_conclusive_points
d12-s8,9,0.0035714285714285713,curvature/fd_cos_update,,False,insufficient_conclusive_points
d12-s8,9,0.0035714285714285713,curvature/fd_eps_update,0.03,True,
d12-s8,9,0.0035714285714285713,curvature/fd_snr_update,728.3123514654798,True,
d12-s8,9,0.0035714285714285713,curvature/fd_floor_update,1.7068946326075417e-05,True,
d12-s8,9,0.0035714285714285713,curvature/fd_conclusive_update,0.0,True,
d12-s8,9,0.0035714285714285713,curvature/e_sym_update,7.43749431474553e-07,True,
d12-s8,9,0.0035714285714285713,curvature/e_lin_update,4.6273417617826795e-07,True,
d12-s8,9,0.0035714285714285713,curvature/curv_eps_update,0.003,True,
d12-s8,9,0.0035714285714285713,curvature/curv_snr_update,0.13103724441837497,True,
d12-s8,9,0.0035714285714285713,curvature/curv_floor_update,0.40432708045854165,True,
d12-s8,9,0.0035714285714285713,curvature/c_fd_update,-0.05298190646701389,True,
d12-s8,9,0.0035714285714285713,curvature/verdict_code_update,1.0,True,
d12-s8,9,0.0035714285714285713,curvature/e_curv_update,,False,noise_floor_inconclusive
d12-s8,17,0.006746031746031746,update/p1,-0.12880913060255816,True,
d12-s8,17,0.006746031746031746,update/p2,-0.08316780096289718,True,
d12-s8,17,0.006746031746031746,update/actual,-0.08297491073608398,True,
d12-s8,17,0.006746031746031746,update/residual_p1,0.04583421986647418,True,
d12-s8,17,0.006746031746031746,update/residual_p2,0.00019289022681319434,True,
d12-s8,17,0.006746031746031746,update/normalized_residual,0.002319289732083292,True,
d12-s8,17,0.006746031746031746,update/loss_before,5.313449859619141,True,
d12-s8,17,0.006746031746031746,update/loss_after,5.230474948883057,True,
d12-s8,17,0.006746031746031746,update/direction_norm,377.6239238110689,True,
d12-s8,17,0.006746031746031746,curvature/dhd,0.09128265927932197,True,
d12-s8,17,0.006746031746031746,curvature/gHg,10.209731474864777,True,
d12-s8,17,0.006746031746031746,curvature/gg,4.0982445568733485,True,
d12-s8,17,0.006746031746031746,curvature/eta_star,0.4014057144365423,True,
d12-s8,17,0.006746031746031746,curvature/Hg_norm,8.388140349543585,True,
d12-s8,17,0.006746031746031746,curvature/eta_star_rho,0.6012425334349936,True,
d12-s8,17,0.006746031746031746,curvature/eta_star_rho_threshold,9.5367431640625e-07,True,
d12-s8,17,0.006746031746031746,curvature/shadow_verdict_code,1.0,True,
d12-s8,17,0.006746031746031746,curvature/arith_eps,1.1920928955078125e-07,True,
d12-s8,17,0.006746031746031746,curvature/vhv_random,2.450432875768357e-06,True,
d12-s8,17,0.006746031746031746,curvature/e_fd_random,,False,noise_floor_inconclusive
d12-s8,17,0.006746031746031746,curvature/fd_cos_random,,False,noise_floor_inconclusive
d12-s8,17,0.006746031746031746,curvature/fd_eps_random,0.03,True,
d12-s8,17,0.006746031746031746,curvature/fd_snr_random,439.5864762846643,True,
d12-s8,17,0.006746031746031746,curvature/fd_floor_random,8.04429143787229e-06,True,
d12-s8,17,0.006746031746031746,curvature/fd_conclusive_random,0.0,True,
d12-s8,17,0.006746031746031746,curvature/e_sym_random,2.3580151506352066e-08,True,
d12-s8,17,0.006746031746031746,curvature/e_lin_random,6.518274424109358e-07,True,
d12-s8,17,0.006746031746031746,curvature/curv_eps_random,0.003,True,
d12-s8,17,0.006746031746031746,curvature/curv_snr_random,0.18820163998617173,True,
d12-s8,17,0.006746031746031746,curvature/curv_floor_random,0.2815167097954448,True,
d12-s8,17,0.006746031746031746,curvature/c_fd_random,0.05298190646701389,True,
d12-s8,17,0.006746031746031746,curvature/verdict_code_random,1.0,True,
d12-s8,17,0.006746031746031746,curvature/e_curv_random,,False,noise_floor_inconclusive
d12-s8,17,0.006746031746031746,curvature/vhv_gradient,2.4912448292997245,True,
d12-s8,17,0.006746031746031746,curvature/e_fd_gradient,4.8835582140969e-05,True,
d12-s8,17,0.006746031746031746,curvature/fd_cos_gradient,0.9999999989015266,True,
d12-s8,17,0.006746031746031746,curvature/fd_eps_gradient,0.003,True,
d12-s8,17,0.006746031746031746,curvature/fd_snr_gradient,51508.42445073475,True,
d12-s8,17,0.006746031746031746,curvature/fd_floor_gradient,8.044303731860287e-05,True,
d12-s8,17,0.006746031746031746,curvature/fd_conclusive_gradient,1.0,True,
d12-s8,17,0.006746031746031746,curvature/e_sym_gradient,2.8986576867275114e-06,True,
d12-s8,17,0.006746031746031746,curvature/e_lin_gradient,5.770826426044842e-07,True,
d12-s8,17,0.006746031746031746,curvature/curv_eps_gradient,0.017320508075688773,True,
d12-s8,17,0.006746031746031746,curvature/curv_snr_gradient,295.2779856480065,True,
d12-s8,17,0.006746031746031746,curvature/curv_floor_gradient,0.008445798395465923,True,
d12-s8,17,0.006746031746031746,curvature/c_fd_gradient,2.4938583374023433,True,
d12-s8,17,0.006746031746031746,curvature/verdict_code_gradient,0.0,True,
d12-s8,17,0.006746031746031746,curvature/e_curv_gradient,0.0010479777714002517,True,
d12-s8,17,0.006746031746031746,curvature/vhv_update,6.401316129717136e-07,True,
d12-s8,17,0.006746031746031746,curvature/e_fd_update,,False,noise_floor_inconclusive
d12-s8,17,0.006746031746031746,curvature/fd_cos_update,,False,noise_floor_inconclusive
d12-s8,17,0.006746031746031746,curvature/fd_eps_update,0.03,True,
d12-s8,17,0.006746031746031746,curvature/fd_snr_update,101.35963883166505,True,
d12-s8,17,0.006746031746031746,curvature/fd_floor_update,8.04429074790487e-06,True,
d12-s8,17,0.006746031746031746,curvature/fd_conclusive_update,0.0,True,
d12-s8,17,0.006746031746031746,curvature/e_sym_update,6.581725111940516e-07,True,
d12-s8,17,0.006746031746031746,curvature/e_lin_update,6.363913743679322e-07,True,
d12-s8,17,0.006746031746031746,curvature/curv_eps_update,0.1,True,
d12-s8,17,0.006746031746031746,curvature/curv_snr_update,0.3764032715275916,True,
d12-s8,17,0.006746031746031746,curvature/curv_floor_update,0.00025336504450024217,True,
d12-s8,17,0.006746031746031746,curvature/c_fd_update,9.536743164062499e-05,True,
d12-s8,17,0.006746031746031746,curvature/verdict_code_update,1.0,True,
d12-s8,17,0.006746031746031746,curvature/e_curv_update,,False,noise_floor_inconclusive
d12-s8,33,0.013095238095238096,update/p1,-0.13262932315934486,True,
d12-s8,33,0.013095238095238096,update/p2,-0.016415753191998922,True,
d12-s8,33,0.013095238095238096,update/actual,-0.03239631652832031,True,
d12-s8,33,0.013095238095238096,update/residual_p1,0.10023300663102455,True,
d12-s8,33,0.013095238095238096,update/residual_p2,-0.01598056333632139,True,
d12-s8,33,0.013095238095238096,update/normalized_residual,-0.4932833435662802,True,
d12-s8,33,0.013095238095238096,update/loss_before,4.852974891662598,True,
d12-s8,33,0.013095238095238096,update/loss_after,4.820578575134277,True,
d12-s8,33,0.013095238095238096,update/direction_norm,597.0761920173471,True,
d12-s8,33,0.013095238095238096,curvature/dhd,0.23242713993469188,True,
d12-s8,33,0.013095238095238096,curvature/gHg,4.654218244906793,True,
d12-s8,33,0.013095238095238096,curvature/gg,3.3120933072303944,True,
d12-s8,33,0.013095238095238096,curvature/eta_star,0.7116325734949981,True,
d12-s8,33,0.013095238095238096,curvature/Hg_norm,4.4021545120935395,True,
d12-s8,33,0.013095238095238096,curvature/eta_star_rho,0.5809385292354444,True,
d12-s8,33,0.013095238095238096,curvature/eta_star_rho_threshold,9.5367431640625e-07,True,
d12-s8,33,0.013095238095238096,curvature/shadow_verdict_code,1.0,True,
d12-s8,33,0.013095238095238096,curvature/arith_eps,1.1920928955078125e-07,True,
d12-s8,33,0.013095238095238096,curvature/vhv_random,4.02018130596613e-07,True,
d12-s8,33,0.013095238095238096,curvature/e_fd_random,,False,noise_floor_inconclusive
d12-s8,33,0.013095238095238096,curvature/fd_cos_random,,False,noise_floor_inconclusive
d12-s8,33,0.013095238095238096,curvature/fd_eps_random,0.03,True,
d12-s8,33,0.013095238095238096,curvature/fd_snr_random,225.8867822985814,True,
d12-s8,33,0.013095238095238096,curvature/fd_floor_random,7.231695347459346e-06,True,
d12-s8,33,0.013095238095238096,curvature/fd_conclusive_random,0.0,True,
d12-s8,33,0.013095238095238096,curvature/e_sym_random,7.54499415977411e-07,True,
d12-s8,33,0.013095238095238096,curvature/e_lin_random,6.495813640525353e-07,True,
d12-s8,33,0.013095238095238096,curvature/curv_eps_random,0.003,True,
d12-s8,33,0.013095238095238096,curvature/curv_snr_random,0.4121183287346757,True,
d12-s8,33,0.013095238095238096,curvature/curv_floor_random,0.2571198744287055,True,
d12-s8,33,0.013095238095238096,curvature/c_fd_random,0.10596381293402778,True,
d12-s8,33,0.013095238095238096,curvature/verdict_code_random,1.0,True,
d12-s8,33,0.013095238095238096,curvature/e_curv_random,,False,noise_floor_inconclusive
d12-s8,33,0.013095238095238096,curvature/vhv_gradient,1.4052194218073781,True,
d12-s8,33,0.013095238095238096,curvature/e_fd_gradient,5.994223471872126e-05,True,
d12-s8,33,0.013095238095238096,curvature/fd_cos_gradient,0.9999999992514526,True,
d12-s8,33,0.013095238095238096,curvature/fd_eps_gradient,0.01,True,
d12-s8,33,0.013095238095238096,curvature/fd_snr_gradient,111491.81514223006,True,
d12-s8,33,0.013095238095238096,curvature/fd_floor_gradient,2.1695566221466396e-05,True,
d12-s8,33,0.013095238095238096,curvature/fd_conclusive_gradient,1.0,True,
d12-s8,33,0.013095238095238096,curvature/e_sym_gradient,3.2294909533008846e-06,True,
d12-s8,33,0.013095238095238096,curvature/e_lin_gradient,3.8948801483129176e-07,True,
d12-s8,33,0.013095238095238096,curvature/curv_eps_gradient,0.022795070569547774,True,
d12-s8,33,0.013095238095238096,curvature/curv_snr_gradient,315.46473222932195,True,
d12-s8,33,0.013095238095238096,curvature/curv_floor_gradient,0.004453614126739489,True,
d12-s8,33,0.013095238095238096,curvature/c_fd_gradient,1.4049581879445985,True,
d12-s8,33,0.013095238095238096,curvature/verdict_code_gradient,0.0,True,
d12-s8,33,0.013095238095238096,curvature/e_curv_gradient,0.00018590254214082572,True,
d12-s8,33,0.013095238095238096,curvature/vhv_update,6.519696633618058e-07,True,
d12-s8,33,0.013095238095238096,curvature/e_fd_update,,False,noise_floor_inconclusive
d12-s8,33,0.013095238095238096,curvature/fd_cos_update,,False,noise_floor_inconclusive
d12-s8,33,0.013095238095238096,curvature/fd_eps_update,0.03,True,
d12-s8,33,0.013095238095238096,curvature/fd_snr_update,123.15889463942672,True,
d12-s8,33,0.013095238095238096,curvature/fd_floor_update,7.231695756613892e-06,True,
d12-s8,33,0.013095238095238096,curvature/fd_conclusive_update,0.0,True,
d12-s8,33,0.013095238095238096,curvature/e_sym_update,8.288471885555934e-06,True,
d12-s8,33,0.013095238095238096,curvature/e_lin_update,5.23635558491497e-07,True,
d12-s8,33,0.013095238095238096,curvature/curv_eps_update,0.1,True,
d12-s8,33,0.013095238095238096,curvature/curv_snr_update,0.20605916942900965,True,
d12-s8,33,0.013095238095238096,curvature/curv_floor_update,0.00023140788130149298,True,
d12-s8,33,0.013095238095238096,curvature/c_fd_update,4.768371582031249e-05,True,
d12-s8,33,0.013095238095238096,curvature/verdict_code_update,1.0,True,
d12-s8,33,0.013095238095238096,curvature/e_curv_update,,False,noise_floor_inconclusive
d12-s8,41,0.01626984126984127,update/p1,-0.20849087835608315,True,
d12-s8,41,0.01626984126984127,update/p2,-0.0883100648635741,True,
d12-s8,41,0.01626984126984127,update/actual,-0.10455799102783203,True,
d12-s8,41,0.01626984126984127,update/residual_p1,0.10393288732825112,True,
d12-s8,41,0.01626984126984127,update/residual_p2,-0.016247926164257936,True,
d12-s8,41,0.01626984126984127,update/normalized_residual,-0.15539631169781123,True,
d12-s8,41,0.01626984126984127,update/loss_before,4.622217178344727,True,
d12-s8,41,0.01626984126984127,update/loss_after,4.5176591873168945,True,
d12-s8,41,0.01626984126984127,update/direction_norm,735.3207273706414,True,
d12-s8,41,0.01626984126984127,curvature/dhd,0.24036162698501812,True,
d12-s8,41,0.01626984126984127,curvature/gHg,4.761068310071593,True,
d12-s8,41,0.01626984126984127,curvature/gg,3.2273500378849422,True,
d12-s8,41,0.01626984126984127,curvature/eta_star,0.6778625778289687,True,
d12-s8,41,0.01626984126984127,curvature/Hg_norm,4.327025746154284,True,
d12-s8,41,0.01626984126984127,curvature/eta_star_rho,0.6124799800135952,True,
d12-s8,41,0.01626984126984127,curvature/eta_star_rho_threshold,9.5367431640625e-07,True,
d12-s8,41,0.01626984126984127,curvature/shadow_verdict_code,1.0,True,
d12-s8,41,0.01626984126984127,curvature/arith_eps,1.1920928955078125e-07,True,
d12-s8,41,0.01626984126984127,curvature/vhv_random,-2.167603970178627e-07,True,
d12-s8,41,0.01626984126984127,curvature/e_fd_random,,False,noise_floor_inconclusive
d12-s8,41,0.01626984126984127,curvature/fd_cos_random,,False,noise_floor_inconclusive
d12-s8,41,0.01626984126984127,curvature/fd_eps_random,0.03,True,
d12-s8,41,0.01626984126984127,curvature/fd_snr_random,231.75165432934767,True,
d12-s8,41,0.01626984126984127,curvature/fd_floor_random,7.1385806951244805e-06,True,
d12-s8,41,0.01626984126984127,curvature/fd_conclusive_random,0.0,True,
d12-s8,41,0.01626984126984127,curvature/e_sym_random,5.848609776525578e-07,True,
d12-s8,41,0.01626984126984127,curvature/e_lin_random,6.618049236003963e-07,True,
d12-s8,41,0.01626984126984127,curvature/curv_eps_random,0.1,True,
d12-s8,41,0.01626984126984127,curvature/curv_snr_random,0.8653854704387779,True,
d12-s8,41,0.01626984126984127,curvature/curv_floor_random,0.00022040451312932413,True,
d12-s8,41,0.01626984126984127,curvature/c_fd_random,0.00019073486328124997,True,
d12-s8,41,0.01626984126984127,curvature/verdict_code_random,1.0,True,
d12-s8,41,0.01626984126984127,curvature/e_curv_random,,False,noise_floor_inconclusive
d12-s8,41,0.01626984126984127,curvature/vhv_gradient,1.4752251433014403,True,
d12-s8,41,0.01626984126984127,curvature/e_fd_gradient,5.7701447124253816e-05,True,
d12-s8,41,0.01626984126984127,curvature/fd_cos_gradient,0.9999999991813344,True,
d12-s8,41,0.01626984126984127,curvature/fd_eps_gradient,0.01,True,
d12-s8,41,0.01626984126984127,curvature/fd_snr_gradient,112466.63176540453,True,
d12-s8,41,0.01626984126984127,curvature/fd_floor_gradient,2.1416215932603144e-05,True,
d12-s8,41,0.01626984126984127,curvature/fd_conclusive_gradient,1.0,True,
d12-s8,41,0.01626984126984127,curvature/e_sym_gradient,1.5456419096101917e-06,True,
d12-s8,41,0.01626984126984127,curvature/e_lin_gradient,3.9647333581714187e-07,True,
d12-s8,41,0.01626984126984127,curvature/curv_eps_gradient,0.01987013346421578,True,
d12-s8,41,0.01626984126984127,curvature/curv_snr_gradient,265.01595491736174,True,
d12-s8,41,0.01626984126984127,curvature/curv_floor_gradient,0.005582549601859499,True,
d12-s8,41,0.01626984126984127,curvature/c_fd_gradient,1.4794647136103327,True,
d12-s8,41,0.01626984126984127,curvature/verdict_code_gradient,0.0,True,
d12-s8,41,0.01626984126984127,curvature/e_curv_gradient,0.0028656109671900375,True,
d12-s8,41,0.01626984126984127,curvature/vhv_update,4.4454066716695265e-07,True,
d12-s8,41,0.01626984126984127,curvature/e_fd_update,,False,noise_floor_inconclusive
d12-s8,41,0.01626984126984127,curvature/fd_cos_update,,False,noise_floor_inconclusive
d12-s8,41,0.01626984126984127,curvature/fd_eps_update,0.03,True,
d12-s8,41,0.01626984126984127,curvature/fd_snr_update,103.57890209366957,True,
d12-s8,41,0.01626984126984127,curvature/fd_floor_update,7.138580743804309e-06,True,
d12-s8,41,0.01626984126984127,curvature/fd_conclusive_update,0.0,True,
d12-s8,41,0.01626984126984127,curvature/e_sym_update,2.522409175611642e-07,True,
d12-s8,41,0.01626984126984127,curvature/e_lin_update,5.620875881186444e-07,True,
d12-s8,41,0.01626984126984127,curvature/curv_eps_update,0.1,True,
d12-s8,41,0.01626984126984127,curvature/curv_snr_update,0.6490391195681248,True,
d12-s8,41,0.01626984126984127,curvature/curv_floor_update,0.00022040450744498225,True,
d12-s8,41,0.01626984126984127,curvature/c_fd_update,0.00014305114746093747,True,
d12-s8,41,0.01626984126984127,curvature/verdict_code_update,1.0,True,
d12-s8,41,0.01626984126984127,curvature/e_curv_update,,False,noise_floor_inconclusive
d12-s8,65,0.025793650793650792,update/p1,-0.2054249475241212,True,
d12-s8,65,0.025793650793650792,update/p2,-0.1128860636802099,True,
d12-s8,65,0.025793650793650792,update/actual,-0.11310768127441406,True,
d12-s8,65,0.025793650793650792,update/residual_p1,0.09231726624970713,True,
d12-s8,65,0.025793650793650792,update/residual_p2,-0.00022161759420416538,True,
d12-s8,65,0.025793650793650792,update/normalized_residual,-0.001959350520735122,True,
d12-s8,65,0.025793650793650792,update/loss_before,3.975722551345825,True,
d12-s8,65,0.025793650793650792,update/loss_after,3.862614870071411,True,
d12-s8,65,0.025793650793650792,update/direction_norm,860.8701060751855,True,
d12-s8,65,0.025793650793650792,curvature/dhd,0.18507776768782258,True,
d12-s8,65,0.025793650793650792,curvature/gHg,6.148427635057807,True,
d12-s8,65,0.025793650793650792,curvature/gg,2.9438169528664266,True,
d12-s8,65,0.025793650793650792,curvature/eta_star,0.4787918355062089,True,
d12-s8,65,0.025793650793650792,curvature/Hg_norm,5.31874834918394,True,
d12-s8,65,0.025793650793650792,curvature/eta_star_rho,0.6737506889303534,True,
d12-s8,65,0.025793650793650792,curvature/eta_star_rho_threshold,9.5367431640625e-07,True,
d12-s8,65,0.025793650793650792,curvature/shadow_verdict_code,1.0,True,
d12-s8,65,0.025793650793650792,curvature/arith_eps,1.1920928955078125e-07,True,
d12-s8,65,0.025793650793650792,curvature/vhv_random,8.489344851935912e-07,True,
d12-s8,65,0.025793650793650792,curvature/e_fd_random,,False,noise_floor_inconclusive
d12-s8,65,0.025793650793650792,curvature/fd_cos_random,,False,noise_floor_inconclusive
d12-s8,65,0.025793650793650792,curvature/fd_eps_random,0.03,True,
d12-s8,65,0.025793650793650792,curvature/fd_snr_random,370.95749455480734,True,
d12-s8,65,0.025793650793650792,curvature/fd_floor_random,6.8177999191829705e-06,True,
d12-s8,65,0.025793650793650792,curvature/fd_conclusive_random,0.0,True,
d12-s8,65,0.025793650793650792,curvature/e_sym_random,1.4103283927342128e-06,True,
d12-s8,65,0.025793650793650792,curvature/e_lin_random,6.628283042770633e-07,True,
d12-s8,65,0.025793650793650792,curvature/curv_eps_random,0.003,True,
d12-s8,65,0.025793650793650792,curvature/curv_snr_random,0.5030532422993695,True,
d12-s8,65,0.025793650793650792,curvature/curv_floor_random,0.21064134772233148,True,
d12-s8,65,0.025793650793650792,curvature/c_fd_random,-0.10596381293402778,True,
d12-s8,65,0.025793650793650792,curvature/verdict_code_random,1.0,True,
d12-s8,65,0.025793650793650792,curvature/e_curv_random,,False,noise_floor_inconclusive
d12-s8,65,0.025793650793650792,curvature/vhv_gradient,2.08859052476133,True,
d12-s8,65,0.025793650793650792,curvature/e_fd_gradient,7.863125148085639e-05,True,
d12-s8,65,0.025793650793650792,curvature/fd_cos_gradient,0.9999999969147406,True,
d12-s8,65,0.025793650793650792,curvature/fd_eps_gradient,0.003,True,
d12-s8,65,0.025793650793650792,curvature/fd_snr_gradient,45468.37199357781,True,
d12-s8,65,0.025793650793650792,curvature/fd_floor_gradient,6.817830282547052e-05,True,
d12-s8,65,0.025793650793650792,curvature/fd_conclusive_gradient,1.0,True,
d12-s8,65,0.025793650793650792,curvature/e_sym_gradient,7.110510957086035e-07,True,
d12-s8,65,0.025793650793650792,curvature/e_lin_gradient,3.869417354407624e-07,True,
d12-s8,65,0.025793650793650792,curvature/curv_eps_gradient,0.01509803648477105,True,
d12-s8,65,0.025793650793650792,curvature/curv_snr_gradient,251.1417971393518,True,
d12-s8,65,0.025793650793650792,curvature/curv_floor_gradient,0.008316837605557648,True,
d12-s8,65,0.025793650793650792,curvature/c_fd_gradient,2.0887055427758914,True,
d12-s8,65,0.025793650793650792,curvature/verdict_code_gradient,0.0,True,
d12-s8,65,0.025793650793650792,curvature/e_curv_gradient,5.506664879561069e-05,True,
d12-s8,65,0.025793650793650792,curvature/vhv_update,2.4973473366691236e-07,True,
d12-s8,65,0.025793650793650792,curvature/e_fd_update,,False,noise_floor_inconclusive
d12-s8,65,0.025793650793650792,curvature/fd_cos_update,,False,noise_floor_inconclusive
d12-s8,65,0.025793650793650792,curvature/fd_eps_update,0.03,True,
d12-s8,65,0.025793650793650792,curvature/fd_snr_update,106.66308915555251,True,
d12-s8,65,0.025793650793650792,curvature/fd_floor_update,6.817799306005352e-06,True,
d12-s8,65,0.025793650793650792,curvature/fd_conclusive_update,0.0,True,
d12-s8,65,0.025793650793650792,curvature/e_sym_update,1.4976116199757673e-06,True,
d12-s8,65,0.025793650793650792,curvature/e_lin_update,6.1263162969343e-07,True,
d12-s8,65,0.025793650793650792,curvature/curv_eps_update,0.01,True,
d12-s8,65,0.025793650793650792,curvature/curv_snr_update,0.5030532422993695,True,
d12-s8,65,0.025793650793650792,curvature/curv_floor_update,0.018957721295009833,True,
d12-s8,65,0.025793650793650792,curvature/c_fd_update,-0.0095367431640625,True,
d12-s8,65,0.025793650793650792,curvature/verdict_code_update,1.0,True,
d12-s8,65,0.025793650793650792,curvature/e_curv_update,,False,noise_floor_inconclusive
d12-s8,127,0.0503968253968254,update/p1,-0.08674973952016152,True,
d12-s8,127,0.0503968253968254,update/p2,0.05250096180404812,True,
d12-s8,127,0.0503968253968254,update/actual,0.04543137550354004,True,
d12-s8,127,0.0503968253968254,update/residual_p1,0.13218111502370156,True,
d12-s8,127,0.0503968253968254,update/residual_p2,-0.0070695863005080795,True,
d12-s8,127,0.0503968253968254,update/normalized_residual,-0.13465631976218337,True,
d12-s8,127,0.0503968253968254,update/loss_before,2.931997060775757,True,
d12-s8,127,0.0503968253968254,update/loss_after,2.977428436279297,True,
d12-s8,127,0.0503968253968254,update/direction_norm,1183.6339646480233,True,
d12-s8,127,0.0503968253968254,curvature/dhd,0.27850140264841927,True,
d12-s8,127,0.0503968253968254,curvature/gHg,3.744755679347188,True,
d12-s8,127,0.0503968253968254,curvature/gg,2.916721055765796,True,
d12-s8,127,0.0503968253968254,curvature/eta_star,0.7788815360777447,True,
d12-s8,127,0.0503968253968254,curvature/Hg_norm,5.392451627607319,True,
d12-s8,127,0.0503968253968254,curvature/eta_star_rho,0.40662097903903077,True,
d12-s8,127,0.0503968253968254,curvature/eta_star_rho_threshold,9.5367431640625e-07,True,
d12-s8,127,0.0503968253968254,curvature/shadow_verdict_code,1.0,True,
d12-s8,127,0.0503968253968254,curvature/arith_eps,1.1920928955078125e-07,True,
d12-s8,127,0.0503968253968254,curvature/vhv_random,5.132674962558863e-06,True,
d12-s8,127,0.0503968253968254,curvature/e_fd_random,0.008786882145417441,True,
d12-s8,127,0.0503968253968254,curvature/fd_cos_random,0.999961457933045,True,
d12-s8,127,0.0503968253968254,curvature/fd_eps_random,0.03,True,
d12-s8,127,0.0503968253968254,curvature/fd_snr_random,767.9371454519227,True,
d12-s8,127,0.0503968253968254,curvature/fd_floor_random,6.786350785945953e-06,True,
d12-s8,127,0.0503968253968254,curvature/fd_conclusive_random,1.0,True,
d12-s8,127,0.0503968253968254,curvature/e_sym_random,5.356479219773389e-07,True,
d12-s8,127,0.0503968253968254,curvature/e_lin_random,6.907761460426554e-07,True,
d12-s8,127,0.0503968253968254,curvature/curv_eps_random,0.1,True,
d12-s8,127,0.0503968253968254,curvature/curv_snr_random,0.6821288684507202,True,
d12-s8,127,0.0503968253968254,curvature/curv_floor_random,0.00013980852600070645,True,
d12-s8,127,0.0503968253968254,curvature/c_fd_random,9.536743164062499e-05,True,
d12-s8,127,0.0503968253968254,curvature/verdict_code_random,1.0,True,
d12-s8,127,0.0503968253968254,curvature/e_curv_random,,False,noise_floor_inconclusive
d12-s8,127,0.0503968253968254,curvature/vhv_gradient,1.2838921148995066,True,
d12-s8,127,0.0503968253968254,curvature/e_fd_gradient,0.0005236704711726845,True,
d12-s8,127,0.0503968253968254,curvature/fd_cos_gradient,0.999999863240426,True,
d12-s8,127,0.0503968253968254,curvature/fd_eps_gradient,0.003,True,
d12-s8,127,0.0503968253968254,curvature/fd_snr_gradient,46527.94219787735,True,
d12-s8,127,0.0503968253968254,curvature/fd_floor_gradient,6.78635481462015e-05,True,
d12-s8,127,0.0503968253968254,curvature/fd_conclusive_gradient,1.0,True,
d12-s8,127,0.0503968253968254,curvature/e_sym_gradient,5.1737546794729276e-08,True,
d12-s8,127,0.0503968253968254,curvature/e_lin_gradient,4.334048604789137e-07,True,
d12-s8,127,0.0503968253968254,curvature/curv_eps_gradient,0.017320508075688773,True,
d12-s8,127,0.0503968253968254,curvature/curv_snr_gradient,276.08259533435336,True,
d12-s8,127,0.0503968253968254,curvature/curv_floor_gradient,0.004660437203559316,True,
d12-s8,127,0.0503968253968254,curvature/c_fd_gradient,1.2866655985514321,True,
d12-s8,127,0.0503968253968254,curvature/verdict_code_gradient,0.0,True,
d12-s8,127,0.0503968253968254,curvature/e_curv_gradient,0.0021555590318479085,True,
d12-s8,127,0.0503968253968254,curvature/vhv_update,1.9878909617565997e-07,True,
d12-s8,127,0.0503968253968254,curvature/e_fd_update,,False,noise_floor_inconclusive
d12-s8,127,0.0503968253968254,curvature/fd_cos_update,,False,noise_floor_inconclusive
d12-s8,127,0.0503968253968254,curvature/fd_eps_update,0.03,True,
d12-s8,127,0.0503968253968254,curvature/fd_snr_update,140.80075930010483,True,
d12-s8,127,0.0503968253968254,curvature/fd_floor_update,6.786351123940092e-06,True,
d12-s8,127,0.0503968253968254,curvature/fd_conclusive_update,0.0,True,
d12-s8,127,0.0503968253968254,curvature/e_sym_update,1.1292505674395301e-06,True,
d12-s8,127,0.0503968253968254,curvature/e_lin_update,6.987556742889343e-07,True,
d12-s8,127,0.0503968253968254,curvature/curv_eps_update,0.1,True,
d12-s8,127,0.0503968253968254,curvature/curv_snr_update,0.3410644480923751,True,
d12-s8,127,0.0503968253968254,curvature/curv_floor_update,0.00013980852031636457,True,
d12-s8,127,0.0503968253968254,curvature/c_fd_update,4.768371582031249e-05,True,
d12-s8,127,0.0503968253968254,curvature/verdict_code_update,1.0,True,
d12-s8,127,0.0503968253968254,curvature/e_curv_update,,False,noise_floor_inconclusive
d12-s8,253,0.1003968253968254,update/p1,-0.07186264431858122,True,
d12-s8,253,0.1003968253968254,update/p2,0.07639398369148323,True,
d12-s8,253,0.1003968253968254,update/actual,0.04949522018432617,True,
d12-s8,253,0.1003968253968254,update/residual_p1,0.12135786450290739,True,
d12-s8,253,0.1003968253968254,update/residual_p2,-0.02689876350715706,True,
d12-s8,253,0.1003968253968254,update/normalized_residual,-0.35210578382438595,True,
d12-s8,253,0.1003968253968254,update/loss_before,2.3929519653320312,True,
d12-s8,253,0.1003968253968254,update/loss_after,2.4424471855163574,True,
d12-s8,253,0.1003968253968254,update/direction_norm,798.7063184314208,True,
d12-s8,253,0.1003968253968254,curvature/dhd,0.2965132560201289,True,
d12-s8,253,0.1003968253968254,curvature/gHg,5.853803963061918,True,
d12-s8,253,0.1003968253968254,curvature/gg,4.23308150062229,True,
d12-s8,253,0.1003968253968254,curvature/eta_star,0.7231334577197072,True,
d12-s8,253,0.1003968253968254,curvature/Hg_norm,7.809685508047123,True,
d12-s8,253,0.1003968253968254,curvature/eta_star_rho,0.36431438004590816,True,
d12-s8,253,0.1003968253968254,curvature/eta_star_rho_threshold,9.5367431640625e-07,True,
d12-s8,253,0.1003968253968254,curvature/shadow_verdict_code,1.0,True,
d12-s8,253,0.1003968253968254,curvature/arith_eps,1.1920928955078125e-07,True,
d12-s8,253,0.1003968253968254,curvature/vhv_random,4.003864920061469e-06,True,
d12-s8,253,0.1003968253968254,curvature/e_fd_random,0.008956746628598218,True,
d12-s8,253,0.1003968253968254,curvature/fd_cos_random,0.9999599106788902,True,
d12-s8,253,0.1003968253968254,curvature/fd_eps_random,0.03,True,
d12-s8,253,0.1003968253968254,curvature/fd_snr_random,861.4910020427794,True,
d12-s8,253,0.1003968253968254,curvature/fd_floor_random,8.175553709026794e-06,True,
d12-s8,253,0.1003968253968254,curvature/fd_conclusive_random,1.0,True,
d12-s8,253,0.1003968253968254,curvature/e_sym_random,3.4588271791261795e-07,True,
d12-s8,253,0.1003968253968254,curvature/e_lin_random,7.530688668867256e-07,True,
d12-s8,253,0.1003968253968254,curvature/curv_eps_random,0.1,True,
d12-s8,253,0.1003968253968254,curvature/curv_snr_random,0.4178938669353588,True,
d12-s8,253,0.1003968253968254,curvature/curv_floor_random,0.00011410484717089273,True,
d12-s8,253,0.1003968253968254,curvature/c_fd_random,4.768371582031249e-05,True,
d12-s8,253,0.1003968253968254,curvature/verdict_code_random,1.0,True,
d12-s8,253,0.1003968253968254,curvature/e_curv_random,,False,noise_floor_inconclusive
d12-s8,253,0.1003968253968254,curvature/vhv_gradient,1.3828706923688396,True,
d12-s8,253,0.1003968253968254,curvature/e_fd_gradient,0.0008606789667098515,True,
d12-s8,253,0.1003968253968254,curvature/fd_cos_gradient,0.9999996318040028,True,
d12-s8,253,0.1003968253968254,curvature/fd_eps_gradient,0.001,True,
d12-s8,253,0.1003968253968254,curvature/fd_snr_gradient,15477.308608642925,True,
d12-s8,253,0.1003968253968254,curvature/fd_floor_gradient,0.000245266752877701,True,
d12-s8,253,0.1003968253968254,curvature/fd_conclusive_gradient,1.0,True,
d12-s8,253,0.1003968253968254,curvature/e_sym_gradient,4.5929139824659164e-07,True,
d12-s8,253,0.1003968253968254,curvature/e_lin_gradient,5.777037634836627e-07,True,
d12-s8,253,0.1003968253968254,curvature/curv_eps_gradient,0.01509803648477105,True,
d12-s8,253,0.1003968253968254,curvature/curv_snr_gradient,276.21876421756747,True,
d12-s8,253,0.1003968253968254,curvature/curv_floor_gradient,0.00500584538610627,True,
d12-s8,253,0.1003968253968254,curvature/c_fd_gradient,1.3827084264144858,True,
d12-s8,253,0.1003968253968254,curvature/verdict_code_gradient,0.0,True,
d12-s8,253,0.1003968253968254,curvature/e_curv_gradient,0.00011733993297371065,True,
d12-s8,253,0.1003968253968254,curvature/vhv_update,4.648040438014497e-07,True,
d12-s8,253,0.1003968253968254,curvature/e_fd_update,,False,noise_floor_inconclusive
d12-s8,253,0.1003968253968254,curvature/fd_cos_update,,False,noise_floor_inconclusive
d12-s8,253,0.1003968253968254,curvature/fd_eps_update,0.03,True,
d12-s8,253,0.1003968253968254,curvature/fd_snr_update,203.131994437948,True,
d12-s8,253,0.1003968253968254,curvature/fd_floor_update,8.175553634981617e-06,True,
d12-s8,253,0.1003968253968254,curvature/fd_conclusive_update,0.0,True,
d12-s8,253,0.1003968253968254,curvature/e_sym_update,3.259364266726927e-08,True,
d12-s8,253,0.1003968253968254,curvature/e_lin_update,7.568183040592067e-07,True,
d12-s8,253,0.1003968253968254,curvature/curv_eps_update,0.1,True,
d12-s8,253,0.1003968253968254,curvature/curv_snr_update,0.8357876922344233,True,
d12-s8,253,0.1003968253968254,curvature/curv_floor_update,0.00011410485285523461,True,
d12-s8,253,0.1003968253968254,curvature/c_fd_update,9.536743164062499e-05,True,
d12-s8,253,0.1003968253968254,curvature/verdict_code_update,1.0,True,
d12-s8,253,0.1003968253968254,curvature/e_curv_update,,False,noise_floor_inconclusive
d12-s8,379,0.1503968253968254,update/p1,-0.15186492815932887,True,
d12-s8,379,0.1503968253968254,update/p2,-0.052320594129567105,True,
d12-s8,379,0.1503968253968254,update/actual,-0.05783224105834961,True,
d12-s8,379,0.1503968253968254,update/residual_p1,0.09403268710097926,True,
d12-s8,379,0.1503968253968254,update/residual_p2,-0.005511646928782504,True,
d12-s8,379,0.1503968253968254,update/normalized_residual,-0.09530405234031221,True,
d12-s8,379,0.1503968253968254,update/loss_before,2.1821722984313965,True,
d12-s8,379,0.1503968253968254,update/loss_after,2.124340057373047,True,
d12-s8,379,0.1503968253968254,update/direction_norm,745.1625986514217,True,
d12-s8,379,0.1503968253968254,curvature/dhd,0.19908866805952352,True,
d12-s8,379,0.1503968253968254,curvature/gHg,9.50186874007483,True,
d12-s8,379,0.1503968253968254,curvature/gg,4.406302170777906,True,
d12-s8,379,0.1503968253968254,curvature/eta_star,0.463730061034626,True,
d12-s8,379,0.1503968253968254,curvature/Hg_norm,10.368270695040112,True,
d12-s8,379,0.1503968253968254,curvature/eta_star_rho,0.43658173382151605,True,
d12-s8,379,0.1503968253968254,curvature/eta_star_rho_threshold,9.5367431640625e-07,True,
d12-s8,379,0.1503968253968254,curvature/shadow_verdict_code,1.0,True,
d12-s8,379,0.1503968253968254,curvature/arith_eps,1.1920928955078125e-07,True,
d12-s8,379,0.1503968253968254,curvature/vhv_random,5.131502292049673e-06,True,
d12-s8,379,0.1503968253968254,curvature/e_fd_random,,False,insufficient_conclusive_points
d12-s8,379,0.1503968253968254,curvature/fd_cos_random,,False,insufficient_conclusive_points
d12-s8,379,0.1503968253968254,curvature/fd_eps_random,0.03,True,
d12-s8,379,0.1503968253968254,curvature/fd_snr_random,714.6065618477434,True,
d12-s8,379,0.1503968253968254,curvature/fd_floor_random,8.341150752415692e-06,True,
d12-s8,379,0.1503968253968254,curvature/fd_conclusive_random,0.0,True,
d12-s8,379,0.1503968253968254,curvature/e_sym_random,2.013410416963628e-06,True,
d12-s8,379,0.1503968253968254,curvature/e_lin_random,7.382560263944797e-07,True,
d12-s8,379,0.1503968253968254,curvature/curv_eps_random,0.003,True,
d12-s8,379,0.1503968253968254,curvature/curv_snr_random,0.4582589813588754,True,
d12-s8,379,0.1503968253968254,curvature/curv_floor_random,0.11561564229446554,True,
d12-s8,379,0.1503968253968254,curvature/c_fd_random,-0.05298190646701389,True,
d12-s8,379,0.1503968253968254,curvature/verdict_code_random,1.0,True,
d12-s8,379,0.1503968253968254,curvature/e_curv_random,,False,noise_floor_inconclusive
d12-s8,379,0.1503968253968254,curvature/vhv_gradient,2.156427025823817,True,
d12-s8,379,0.1503968253968254,curvature/e_fd_gradient,0.002035954495354136,True,
d12-s8,379,0.1503968253968254,curvature/fd_cos_gradient,0.9999979278608604,True,
d12-s8,379,0.1503968253968254,curvature/fd_eps_gradient,0.0003,True,
d12-s8,379,0.1503968253968254,curvature/fd_snr_gradient,5921.840602609289,True,
d12-s8,379,0.1503968253968254,curvature/fd_floor_gradient,0.0008341150279747416,True,
d12-s8,379,0.1503968253968254,curvature/fd_conclusive_gradient,1.0,True,
d12-s8,379,0.1503968253968254,curvature/e_sym_gradient,1.0940504983310734e-07,True,
d12-s8,379,0.1503968253968254,curvature/e_lin_gradient,5.57375532367499e-07,True,
d12-s8,379,0.1503968253968254,curvature/curv_eps_gradient,0.011472026904398771,True,
d12-s8,379,0.1503968253968254,curvature/curv_snr_gradient,272.4261020133719,True,
d12-s8,379,0.1503968253968254,curvature/curv_floor_gradient,0.007906657381462056,True,
d12-s8,379,0.1503968253968254,curvature/c_fd_gradient,2.153979850386962,True,
d12-s8,379,0.1503968253968254,curvature/verdict_code_gradient,0.0,True,
d12-s8,379,0.1503968253968254,curvature/e_curv_gradient,0.0011348287734988213,True,
d12-s8,379,0.1503968253968254,curvature/vhv_update,3.585456620263506e-07,True,
d12-s8,379,0.1503968253968254,curvature/e_fd_update,,False,noise_floor_inconclusive
d12-s8,379,0.1503968253968254,curvature/fd_cos_update,,False,noise_floor_inconclusive
d12-s8,379,0.1503968253968254,curvature/fd_eps_update,0.03,True,
d12-s8,379,0.1503968253968254,curvature/fd_snr_update,175.42513256130312,True,
d12-s8,379,0.1503968253968254,curvature/fd_floor_update,8.3411504553741e-06,True,
d12-s8,379,0.1503968253968254,curvature/fd_conclusive_update,0.0,True,
d12-s8,379,0.1503968253968254,curvature/e_sym_update,1.2635366093054527e-07,True,
d12-s8,379,0.1503968253968254,curvature/e_lin_update,7.292589143480181e-07,True,
d12-s8,379,0.1503968253968254,curvature/curv_eps_update,0.003,True,
d12-s8,379,0.1503968253968254,curvature/curv_snr_update,0.2291294844209116,True,
d12-s8,379,0.1503968253968254,curvature/curv_floor_update,0.11561564545243325,True,
d12-s8,379,0.1503968253968254,curvature/c_fd_update,-0.026490953233506944,True,
d12-s8,379,0.1503968253968254,curvature/verdict_code_update,1.0,True,
d12-s8,379,0.1503968253968254,curvature/e_curv_update,,False,noise_floor_inconclusive
d12-s8,401,0.15912698412698412,update/p1,-0.022230580615418834,True,
d12-s8,401,0.15912698412698412,update/p2,0.04600484680563787,True,
d12-s8,401,0.15912698412698412,update/actual,0.039244651794433594,True,
d12-s8,401,0.15912698412698412,update/residual_p1,0.06147523240985243,True,
d12-s8,401,0.15912698412698412,update/residual_p2,-0.006760195011204277,True,
d12-s8,401,0.15912698412698412,update/normalized_residual,-0.14694527817394706,True,
d12-s8,401,0.15912698412698412,update/loss_before,2.169174909591675,True,
d12-s8,401,0.15912698412698412,update/loss_after,2.2084195613861084,True,
d12-s8,401,0.15912698412698412,update/direction_norm,747.3352092818327,True,
d12-s8,401,0.15912698412698412,curvature/dhd,0.1364708548421134,True,
d12-s8,401,0.15912698412698412,curvature/gHg,6.639395510659162,True,
d12-s8,401,0.15912698412698412,curvature/gg,4.017367080054947,True,
d12-s8,401,0.15912698412698412,curvature/eta_star,0.6050802476829854,True,
d12-s8,401,0.15912698412698412,curvature/Hg_norm,8.489398795339026,True,
d12-s8,401,0.15912698412698412,curvature/eta_star_rho,0.3901942335179556,True,
d12-s8,401,0.15912698412698412,curvature/eta_star_rho_threshold,9.5367431640625e-07,True,
d12-s8,401,0.15912698412698412,curvature/shadow_verdict_code,1.0,True,
d12-s8,401,0.15912698412698412,curvature/arith_eps,1.1920928955078125e-07,True,
d12-s8,401,0.15912698412698412,curvature/vhv_random,4.709341368832298e-06,True,
d12-s8,401,0.15912698412698412,curvature/e_fd_random,,False,insufficient_conclusive_points
d12-s8,401,0.15912698412698412,curvature/fd_cos_random,,False,insufficient_conclusive_points
d12-s8,401,0.15912698412698412,curvature/fd_eps_random,0.03,True,
d12-s8,401,0.15912698412698412,curvature/fd_snr_random,693.3407577434772,True,
d12-s8,401,0.15912698412698412,curvature/fd_floor_random,7.964519906447065e-06,True,
d12-s8,401,0.15912698412698412,curvature/fd_conclusive_random,0.0,True,
d12-s8,401,0.15912698412698412,curvature/e_sym_random,2.2350702133712103e-06,True,
d12-s8,401,0.15912698412698412,curvature/e_lin_random,7.954293546110655e-07,True,
d12-s8,401,0.15912698412698412,curvature/curv_eps_random,0.03,True,
d12-s8,401,0.15912698412698412,curvature/curv_snr_random,0.461004804423215,True,
d12-s8,401,0.15912698412698412,curvature/curv_floor_random,0.00114927015854644,True,
d12-s8,401,0.15912698412698412,curvature/c_fd_random,-0.0005298190646701389,True,
d12-s8,401,0.15912698412698412,curvature/verdict_code_random,1.0,True,
d12-s8,401,0.15912698412698412,curvature/e_curv_random,,False,noise_floor_inconclusive
d12-s8,401,0.15912698412698412,curvature/vhv_gradient,1.6526734919815325,True,
d12-s8,401,0.15912698412698412,curvature/e_fd_gradient,0.0014531899224941686,True,
d12-s8,401,0.15912698412698412,curvature/fd_cos_gradient,0.999998944128725,True,
d12-s8,401,0.15912698412698412,curvature/fd_eps_gradient,0.001,True,
d12-s8,401,0.15912698412698412,curvature/fd_snr_gradient,17726.677166189962,True,
d12-s8,401,0.15912698412698412,curvature/fd_floor_gradient,0.0002389358120655463,True,
d12-s8,401,0.15912698412698412,curvature/fd_conclusive_gradient,1.0,True,
d12-s8,401,0.15912698412698412,curvature/e_sym_gradient,3.397630649710808e-07,True,
d12-s8,401,0.15912698412698412,curvature/e_lin_gradient,5.640112048147076e-07,True,
d12-s8,401,0.15912698412698412,curvature/curv_eps_gradient,0.013160740129524924,True,
d12-s8,401,0.15912698412698412,curvature/curv_snr_gradient,276.1327727487623,True,
d12-s8,401,0.15912698412698412,curvature/curv_floor_gradient,0.005971979830054605,True,
d12-s8,401,0.15912698412698412,curvature/c_fd_gradient,1.6490593492726604,True,
d12-s8,401,0.15912698412698412,curvature/verdict_code_gradient,0.0,True,
d12-s8,401,0.15912698412698412,curvature/e_curv_gradient,0.002186846177667406,True,
d12-s8,401,0.15912698412698412,curvature/vhv_update,2.4434812228359087e-07,True,
d12-s8,401,0.15912698412698412,curvature/e_fd_update,,False,noise_floor_inconclusive
d12-s8,401,0.15912698412698412,curvature/fd_cos_update,,False,noise_floor_inconclusive
d12-s8,401,0.15912698412698412,curvature/fd_eps_update,0.03,True,
d12-s8,401,0.15912698412698412,curvature/fd_snr_update,160.73389848122042,True,
d12-s8,401,0.15912698412698412,curvature/fd_floor_update,7.96452004964136e-06,True,
d12-s8,401,0.15912698412698412,curvature/fd_conclusive_update,0.0,True,
d12-s8,401,0.15912698412698412,curvature/e_sym_update,5.092051221688893e-07,True,
d12-s8,401,0.15912698412698412,curvature/e_lin_update,7.770822279688837e-07,True,
d12-s8,401,0.15912698412698412,curvature/curv_eps_update,0.003,True,
d12-s8,401,0.15912698412698412,curvature/curv_snr_update,0.46100480442321506,True,
d12-s8,401,0.15912698412698412,curvature/curv_floor_update,0.11492701585464399,True,
d12-s8,401,0.15912698412698412,curvature/c_fd_update,-0.05298190646701389,True,
d12-s8,401,0.15912698412698412,curvature/verdict_code_update,1.0,True,
d12-s8,401,0.15912698412698412,curvature/e_curv_update,,False,noise_floor_inconclusive
d12-s8,505,0.2003968253968254,update/p1,-0.1100507619437896,True,
d12-s8,505,0.2003968253968254,update/p2,-0.05681728573124724,True,
d12-s8,505,0.2003968253968254,update/actual,-0.059113502502441406,True,
d12-s8,505,0.2003968253968254,update/residual_p1,0.05093725944134819,True,
d12-s8,505,0.2003968253968254,update/residual_p2,-0.0022962167711941678,True,
d12-s8,505,0.2003968253968254,update/normalized_residual,-0.03884420096913278,True,
d12-s8,505,0.2003968253968254,update/loss_before,2.0168895721435547,True,
d12-s8,505,0.2003968253968254,update/loss_after,1.9577760696411133,True,
d12-s8,505,0.2003968253968254,update/direction_norm,724.7753248926746,True,
d12-s8,505,0.2003968253968254,curvature/dhd,0.10646695242508472,True,
d12-s8,505,0.2003968253968254,curvature/gHg,8.396267594616255,True,
d12-s8,505,0.2003968253968254,curvature/gg,3.712056785738703,True,
d12-s8,505,0.2003968253968254,curvature/eta_star,0.4421079657012003,True,
d12-s8,505,0.2003968253968254,curvature/Hg_norm,8.676950811954656,True,
d12-s8,505,0.2003968253968254,curvature/eta_star_rho,0.5022406150750307,True,
d12-s8,505,0.2003968253968254,curvature/eta_star_rho_threshold,9.5367431640625e-07,True,
d12-s8,505,0.2003968253968254,curvature/shadow_verdict_code,1.0,True,
d12-s8,505,0.2003968253968254,curvature/arith_eps,1.1920928955078125e-07,True,
d12-s8,505,0.2003968253968254,curvature/vhv_random,4.216603801237088e-06,True,
d12-s8,505,0.2003968253968254,curvature/e_fd_random,,False,insufficient_conclusive_points
d12-s8,505,0.2003968253968254,curvature/fd_cos_random,,False,insufficient_conclusive_points
d12-s8,505,0.2003968253968254,curvature/fd_eps_random,0.03,True,
d12-s8,505,0.2003968253968254,curvature/fd_snr_random,613.0558063979886,True,
d12-s8,505,0.2003968253968254,curvature/fd_floor_random,7.655897890274697e-06,True,
d12-s8,505,0.2003968253968254,curvature/fd_conclusive_random,0.0,True,
d12-s8,505,0.2003968253968254,curvature/e_sym_random,5.845761511647544e-07,True,
d12-s8,505,0.2003968253968254,curvature/e_lin_random,7.687367856870359e-07,True,
d12-s8,505,0.2003968253968254,curvature/curv_eps_random,0.003,True,
d12-s8,505,0.2003968253968254,curvature/curv_snr_random,1.2395325970933029,True,
d12-s8,505,0.2003968253968254,curvature/curv_floor_random,0.1068586388757669,True,
d12-s8,505,0.2003968253968254,curvature/c_fd_random,-0.1324547661675347,True,
d12-s8,505,0.2003968253968254,curvature/verdict_code_random,1.0,True,
d12-s8,505,0.2003968253968254,curvature/e_curv_random,,False,noise_floor_inconclusive
d12-s8,505,0.2003968253968254,curvature/vhv_gradient,2.2618909356444923,True,
d12-s8,505,0.2003968253968254,curvature/e_fd_gradient,0.0015059114722904884,True,
d12-s8,505,0.2003968253968254,curvature/fd_cos_gradient,0.9999988754389422,True,
d12-s8,505,0.2003968253968254,curvature/fd_eps_gradient,0.001,True,
d12-s8,505,0.2003968253968254,curvature/fd_snr_gradient,19608.384584333253,True,
d12-s8,505,0.2003968253968254,curvature/fd_floor_gradient,0.00022967727731002205,True,
d12-s8,505,0.2003968253968254,curvature/fd_conclusive_gradient,1.0,True,
d12-s8,505,0.2003968253968254,curvature/e_sym_gradient,8.355917121466807e-07,True,
d12-s8,505,0.2003968253968254,curvature/e_lin_gradient,5.802439288366849e-07,True,
d12-s8,505,0.2003968253968254,curvature/curv_eps_gradient,0.011472026904398771,True,
d12-s8,505,0.2003968253968254,curvature/curv_snr_gradient,308.50827138650953,True,
d12-s8,505,0.2003968253968254,curvature/curv_floor_gradient,0.007307820482301043,True,
d12-s8,505,0.2003968253968254,curvature/c_fd_gradient,2.254523064597623,True,
d12-s8,505,0.2003968253968254,curvature/verdict_code_gradient,0.0,True,
d12-s8,505,0.2003968253968254,curvature/e_curv_gradient,0.003257394479442412,True,
d12-s8,505,0.2003968253968254,curvature/vhv_update,2.026786430274022e-07,True,
d12-s8,505,0.2003968253968254,curvature/e_fd_update,,False,noise_floor_inconclusive
d12-s8,505,0.2003968253968254,curvature/fd_cos_update,,False,noise_floor_inconclusive
d12-s8,505,0.2003968253968254,curvature/fd_eps_update,0.03,True,
d12-s8,505,0.2003968253968254,curvature/fd_snr_update,120.23773846824562,True,
d12-s8,505,0.2003968253968254,curvature/fd_floor_update,7.655898012342492e-06,True,
d12-s8,505,0.2003968253968254,curvature/fd_conclusive_update,0.0,True,
d12-s8,505,0.2003968253968254,curvature/e_sym_update,4.781749554145614e-07,True,
d12-s8,505,0.2003968253968254,curvature/e_lin_update,7.361472156092033e-07,True,
d12-s8,505,0.2003968253968254,curvature/curv_eps_update,0.03,True,
d12-s8,505,0.2003968253968254,curvature/curv_snr_update,0.9916260483693556,True,
d12-s8,505,0.2003968253968254,curvature/curv_floor_update,0.0010685864203373462,True,
d12-s8,505,0.2003968253968254,curvature/c_fd_update,-0.0010596381293402778,True,
d12-s8,505,0.2003968253968254,curvature/verdict_code_update,1.0,True,
d12-s8,505,0.2003968253968254,curvature/e_curv_update,,False,noise_floor_inconclusive
d12-s8,631,0.2503968253968254,update/p1,-0.13656391832026812,True,
d12-s8,631,0.2503968253968254,update/p2,-0.08176176674657115,True,
d12-s8,631,0.2503968253968254,update/actual,-0.07305240631103516,True,
d12-s8,631,0.2503968253968254,update/residual_p1,0.06351151200923297,True,
d12-s8,631,0.2503968253968254,update/residual_p2,0.008709360435535995,True,
d12-s8,631,0.2503968253968254,update/normalized_residual,0.1065211868834921,True,
d12-s8,631,0.2503968253968254,update/loss_before,2.0228211879730225,True,
d12-s8,631,0.2503968253968254,update/loss_after,1.9497687816619873,True,
d12-s8,631,0.2503968253968254,update/direction_norm,724.8620538442336,True,
d12-s8,631,0.2503968253968254,curvature/dhd,0.10960430314739394,True,
d12-s8,631,0.2503968253968254,curvature/gHg,4.812627628532099,True,
d12-s8,631,0.2503968253968254,curvature/gg,3.8810842833730463,True,
d12-s8,631,0.2503968253968254,curvature/eta_star,0.8064376849693682,True,
d12-s8,631,0.2503968253968254,curvature/Hg_norm,9.39077689095571,True,
d12-s8,631,0.2503968253968254,curvature/eta_star_rho,0.2601382415891369,True,
d12-s8,631,0.2503968253968254,curvature/eta_star_rho_threshold,9.5367431640625e-07,True,
d12-s8,631,0.2503968253968254,curvature/shadow_verdict_code,1.0,True,
d12-s8,631,0.2503968253968254,curvature/arith_eps,1.1920928955078125e-07,True,
d12-s8,631,0.2503968253968254,curvature/vhv_random,4.7468391250119495e-06,True,
d12-s8,631,0.2503968253968254,curvature/e_fd_random,,False,insufficient_conclusive_points
d12-s8,631,0.2503968253968254,curvature/fd_cos_random,,False,insufficient_conclusive_points
d12-s8,631,0.2503968253968254,curvature/fd_eps_random,0.03,True,
d12-s8,631,0.2503968253968254,curvature/fd_snr_random,517.9845965909597,True,
d12-s8,631,0.2503968253968254,curvature/fd_floor_random,7.828263281723997e-06,True,
d12-s8,631,0.2503968253968254,curvature/fd_conclusive_random,0.0,True,
d12-s8,631,0.2503968253968254,curvature/e_sym_random,1.6680845368264772e-07,True,
d12-s8,631,0.2503968253968254,curvature/e_lin_random,7.183178666873565e-07,True,
d12-s8,631,0.2503968253968254,curvature/curv_eps_random,0.03,True,
d12-s8,631,0.2503968253968254,curvature/curv_snr_random,0.4943590985094692,True,
d12-s8,631,0.2503968253968254,curvature/curv_floor_random,0.0010717291666474517,True,
d12-s8,631,0.2503968253968254,curvature/c_fd_random,-0.0005298190646701389,True,
d12-s8,631,0.2503968253968254,curvature/verdict_code_random,1.0,True,
d12-s8,631,0.2503968253968254,curvature/e_curv_random,,False,noise_floor_inconclusive
d12-s8,631,0.2503968253968254,curvature/vhv_gradient,1.240021295747555,True,
d12-s8,631,0.2503968253968254,curvature/e_fd_gradient,0.0027568010784942325,True,
d12-s8,631,0.2503968253968254,curvature/fd_cos_gradient,0.999996222023864,True,
d12-s8,631,0.2503968253968254,curvature/fd_eps_gradient,0.0003,True,
d12-s8,631,0.2503968253968254,curvature/fd_snr_gradient,6089.19266450947,True,
d12-s8,631,0.2503968253968254,curvature/fd_floor_gradient,0.0007828259981362001,True,
d12-s8,631,0.2503968253968254,curvature/fd_conclusive_gradient,1.0,True,
d12-s8,631,0.2503968253968254,curvature/e_sym_gradient,3.8315529193024564e-07,True,
d12-s8,631,0.2503968253968254,curvature/e_lin_gradient,5.463011312542688e-07,True,
d12-s8,631,0.2503968253968254,curvature/curv_eps_gradient,0.01509803648477105,True,
d12-s8,631,0.2503968253968254,curvature/curv_snr_gradient,293.8861703863904,True,
d12-s8,631,0.2503968253968254,curvature/curv_floor_gradient,0.004231573213584371,True,
d12-s8,631,0.2503968253968254,curvature/c_fd_gradient,1.2436008464499422,True,
d12-s8,631,0.2503968253968254,curvature/verdict_code_gradient,0.0,True,
d12-s8,631,0.2503968253968254,curvature/e_curv_gradient,0.002878375897383511,True,
d12-s8,631,0.2503968253968254,curvature/vhv_update,2.086012070534196e-07,True,
d12-s8,631,0.2503968253968254,curvature/e_fd_update,,False,noise_floor_inconclusive
d12-s8,631,0.2503968253968254,curvature/fd_cos_update,,False,noise_floor_inconclusive
d12-s8,631,0.2503968253968254,curvature/fd_eps_update,0.03,True,
d12-s8,631,0.2503968253968254,curvature/fd_snr_update,135.4687153353179,True,
d12-s8,631,0.2503968253968254,curvature/fd_floor_update,7.828262753749236e-06,True,
d12-s8,631,0.2503968253968254,curvature/fd_conclusive_update,0.0,True,
d12-s8,631,0.2503968253968254,curvature/e_sym_update,3.5373991542380764e-07,True,
d12-s8,631,0.2503968253968254,curvature/e_lin_update,6.952574249645128e-07,True,
d12-s8,631,0.2503968253968254,curvature/curv_eps_update,0.01,True,
d12-s8,631,0.2503968253968254,curvature/curv_snr_update,0.2471795419713179,True,
d12-s8,631,0.2503968253968254,curvature/curv_floor_update,0.00964556278404416,True,
d12-s8,631,0.2503968253968254,curvature/c_fd_update,-0.002384185791015625,True,
d12-s8,631,0.2503968253968254,curvature/verdict_code_update,1.0,True,
d12-s8,631,0.2503968253968254,curvature/e_curv_update,,False,noise_floor_inconclusive
d12-s8,757,0.3003968253968254,update/p1,-0.09103128301857022,True,
d12-s8,757,0.3003968253968254,update/p2,-0.019206328250059065,True,
d12-s8,757,0.3003968253968254,update/actual,-0.022208690643310547,True,
d12-s8,757,0.3003968253968254,update/residual_p1,0.06882259237525967,True,
d12-s8,757,0.3003968253968254,update/residual_p2,-0.0030023623932514815,True,
d12-s8,757,0.3003968253968254,update/normalized_residual,-0.13518862689709352,True,
d12-s8,757,0.3003968253968254,update/loss_before,1.9175608158111572,True,
d12-s8,757,0.3003968253968254,update/loss_after,1.8953521251678467,True,
d12-s8,757,0.3003968253968254,update/direction_norm,740.9924173195923,True,
d12-s8,757,0.3003968253968254,curvature/dhd,0.1436499095370223,True,
d12-s8,757,0.3003968253968254,curvature/gHg,13.396606036507782,True,
d12-s8,757,0.3003968253968254,curvature/gg,4.20138182415271,True,
d12-s8,757,0.3003968253968254,curvature/eta_star,0.3136153898012159,True,
d12-s8,757,0.3003968253968254,curvature/Hg_norm,12.296497420631413,True,
d12-s8,757,0.3003968253968254,curvature/eta_star_rho,0.5315171557564863,True,
d12-s8,757,0.3003968253968254,curvature/eta_star_rho_threshold,9.5367431640625e-07,True,
d12-s8,757,0.3003968253968254,curvature/shadow_verdict_code,1.0,True,
d12-s8,757,0.3003968253968254,curvature/arith_eps,1.1920928955078125e-07,True,
d12-s8,757,0.3003968253968254,curvature/vhv_random,3.6454421703161785e-06,True,
d12-s8,757,0.3003968253968254,curvature/e_fd_random,,False,insufficient_conclusive_points
d12-s8,757,0.3003968253968254,curvature/fd_cos_random,,False,insufficient_conclusive_points
d12-s8,757,0.3003968253968254,curvature/fd_eps_random,0.03,True,
d12-s8,757,0.3003968253968254,curvature/fd_snr_random,506.6773342323624,True,
d12-s8,757,0.3003968253968254,curvature/fd_floor_random,8.144885708820822e-06,True,
d12-s8,757,0.3003968253968254,curvature/fd_conclusive_random,0.0,True,
d12-s8,757,0.3003968253968254,curvature/e_sym_random,3.699244572245914e-08,True,
d12-s8,757,0.3003968253968254,curvature/e_lin_random,7.624813890015373e-07,True,
d12-s8,757,0.3003968253968254,curvature/curv_eps_random,0.003,True,
d12-s8,757,0.3003968253968254,curvature/curv_snr_random,0.5214958784731623,True,
d12-s8,757,0.3003968253968254,curvature/curv_floor_random,0.10159602147218215,True,
d12-s8,757,0.3003968253968254,curvature/c_fd_random,-0.05298190646701389,True,
d12-s8,757,0.3003968253968254,curvature/verdict_code_random,1.0,True,
d12-s8,757,0.3003968253968254,curvature/e_curv_random,,False,noise_floor_inconclusive
d12-s8,757,0.3003968253968254,curvature/vhv_gradient,3.1886190394824676,True,
d12-s8,757,0.3003968253968254,curvature/e_fd_gradient,0.0007531462742303613,True,
d12-s8,757,0.3003968253968254,curvature/fd_cos_gradient,0.9999997164223243,True,
d12-s8,757,0.3003968253968254,curvature/fd_eps_gradient,0.001,True,
d12-s8,757,0.3003968253968254,curvature/fd_snr_gradient,24551.507263892017,True,
d12-s8,757,0.3003968253968254,curvature/fd_floor_gradient,0.00024434709175645347,True,
d12-s8,757,0.3003968253968254,curvature/fd_conclusive_gradient,1.0,True,
d12-s8,757,0.3003968253968254,curvature/e_sym_gradient,1.37828122762904e-06,True,
d12-s8,757,0.3003968253968254,curvature/e_lin_gradient,4.875059594260404e-07,True,
d12-s8,757,0.3003968253968254,curvature/curv_eps_gradient,0.008602806544914778,True,
d12-s8,757,0.3003968253968254,curvature/curv_snr_gradient,258.3932322201291,True,
d12-s8,757,0.3003968253968254,curvature/curv_floor_gradient,0.012355271740631765,True,
d12-s8,757,0.3003968253968254,curvature/c_fd_gradient,3.1925186000198624,True,
d12-s8,757,0.3003968253968254,curvature/verdict_code_gradient,0.0,True,
d12-s8,757,0.3003968253968254,curvature/e_curv_gradient,0.0012214683846698835,True,
d12-s8,757,0.3003968253968254,curvature/vhv_update,2.6162415652720027e-07,True,
d12-s8,757,0.3003968253968254,curvature/e_fd_update,,False,noise_floor_inconclusive
d12-s8,757,0.3003968253968254,curvature/fd_cos_update,,False,noise_floor_inconclusive
d12-s8,757,0.3003968253968254,curvature/fd_eps_update,0.03,True,
d12-s8,757,0.3003968253968254,curvature/fd_snr_update,173.12008607715563,True,
d12-s8,757,0.3003968253968254,curvature/fd_floor_update,8.144884625334654e-06,True,
d12-s8,757,0.3003968253968254,curvature/fd_conclusive_update,0.0,True,
d12-s8,757,0.3003968253968254,curvature/e_sym_update,3.205695246423379e-07,True,
d12-s8,757,0.3003968253968254,curvature/e_lin_update,7.185841565631431e-07,True,
d12-s8,757,0.3003968253968254,curvature/curv_eps_update,0.01,True,
d12-s8,757,0.3003968253968254,curvature/curv_snr_update,0.3911219027761379,True,
d12-s8,757,0.3003968253968254,curvature/curv_floor_update,0.00914364207460494,True,
d12-s8,757,0.3003968253968254,curvature/c_fd_update,-0.0035762786865234375,True,
d12-s8,757,0.3003968253968254,curvature/verdict_code_update,1.0,True,
d12-s8,757,0.3003968253968254,curvature/e_curv_update,,False,noise_floor_inconclusive
d12-s8,883,0.3503968253968254,update/p1,0.003190564751327074,True,
d12-s8,883,0.3503968253968254,update/p2,0.055595298697064935,True,
d12-s8,883,0.3503968253968254,update/actual,0.05836629867553711,True,
d12-s8,883,0.3503968253968254,update/residual_p1,0.05517573392421003,True,
d12-s8,883,0.3503968253968254,update/residual_p2,0.0027709999784721745,True,
d12-s8,883,0.3503968253968254,update/normalized_residual,0.04747602711414653,True,
d12-s8,883,0.3503968253968254,update/loss_before,1.907652497291565,True,
d12-s8,883,0.3503968253968254,update/loss_after,1.966018795967102,True,
d12-s8,883,0.3503968253968254,update/direction_norm,750.17450135845,True,
d12-s8,883,0.3503968253968254,curvature/dhd,0.10480946789147572,True,
d12-s8,883,0.3503968253968254,curvature/gHg,12.414887969033433,True,
d12-s8,883,0.3503968253968254,curvature/gg,4.397648862406893,True,
d12-s8,883,0.3503968253968254,curvature/eta_star,0.3542238055934124,True,
d12-s8,883,0.3503968253968254,curvature/Hg_norm,11.733259874090017,True,
d12-s8,883,0.3503968253968254,curvature/eta_star_rho,0.5045611878332701,True,
d12-s8,883,0.3503968253968254,curvature/eta_star_rho_threshold,9.5367431640625e-07,True,
d12-s8,883,0.3503968253968254,curvature/shadow_verdict_code,1.0,True,
d12-s8,883,0.3503968253968254,curvature/arith_eps,1.1920928955078125e-07,True,
d12-s8,883,0.3503968253968254,curvature/vhv_random,3.8271117961543025e-06,True,
d12-s8,883,0.3503968253968254,curvature/e_fd_random,,False,insufficient_conclusive_points
d12-s8,883,0.3503968253968254,curvature/fd_cos_random,,False,insufficient_conclusive_points
d12-s8,883,0.3503968253968254,curvature/fd_eps_random,0.03,True,
d12-s8,883,0.3503968253968254,curvature/fd_snr_random,547.5529220335019,True,
d12-s8,883,0.3503968253968254,curvature/fd_floor_random,8.33295801803682e-06,True,
d12-s8,883,0.3503968253968254,curvature/fd_conclusive_random,0.0,True,
d12-s8,883,0.3503968253968254,curvature/e_sym_random,3.7141546060105476e-07,True,
d12-s8,883,0.3503968253968254,curvature/e_lin_random,7.735694205875379e-07,True,
d12-s8,883,0.3503968253968254,curvature/curv_eps_random,0.01,True,
d12-s8,883,0.3503968253968254,curvature/curv_snr_random,0.3931533473282906,True,
d12-s8,883,0.3503968253968254,curvature/curv_floor_random,0.009096396382801686,True,
d12-s8,883,0.3503968253968254,curvature/c_fd_random,0.0035762786865234375,True,
d12-s8,883,0.3503968253968254,curvature/verdict_code_random,1.0,True,
d12-s8,883,0.3503968253968254,curvature/e_curv_random,,False,noise_floor_inconclusive
d12-s8,883,0.3503968253968254,curvature/vhv_gradient,2.823074067366095,True,
d12-s8,883,0.3503968253968254,curvature/e_fd_gradient,0.000667332828888877,True,
d12-s8,883,0.3503968253968254,curvature/fd_cos_gradient,0.9999997782505698,True,
d12-s8,883,0.3503968253968254,curvature/fd_eps_gradient,0.001,True,
d12-s8,883,0.3503968253968254,curvature/fd_snr_gradient,22381.38995168736,True,
d12-s8,883,0.3503968253968254,curvature/fd_floor_gradient,0.00024998926585279176,True,
d12-s8,883,0.3503968253968254,curvature/fd_conclusive_gradient,1.0,True,
d12-s8,883,0.3503968253968254,curvature/e_sym_gradient,1.2896091057468115e-07,True,
d12-s8,883,0.3503968253968254,curvature/e_lin_gradient,5.023532848113368e-07,True,
d12-s8,883,0.3503968253968254,curvature/curv_eps_gradient,0.01,True,
d12-s8,883,0.3503968253968254,curvature/curv_snr_gradient,310.448618204879,True,
d12-s8,883,0.3503968253968254,curvature/curv_floor_gradient,0.009096732611624248,True,
d12-s8,883,0.3503968253968254,curvature/c_fd_gradient,2.824068069458008,True,
d12-s8,883,0.3503968253968254,curvature/verdict_code_gradient,0.0,True,
d12-s8,883,0.3503968253968254,curvature/e_curv_gradient,0.0003519752596131907,True,
d12-s8,883,0.3503968253968254,curvature/vhv_update,1.862412702942312e-07,True,
d12-s8,883,0.3503968253968254,curvature/e_fd_update,,False,noise_floor_inconclusive
d12-s8,883,0.3503968253968254,curvature/fd_cos_update,,False,noise_floor_inconclusive
d12-s8,883,0.3503968253968254,curvature/fd_eps_update,0.03,True,
d12-s8,883,0.3503968253968254,curvature/fd_snr_update,121.68177400771368,True,
d12-s8,883,0.3503968253968254,curvature/fd_floor_update,8.33295768419894e-06,True,
d12-s8,883,0.3503968253968254,curvature/fd_conclusive_update,0.0,True,
d12-s8,883,0.3503968253968254,curvature/e_sym_update,2.1397404566013767e-06,True,
d12-s8,883,0.3503968253968254,curvature/e_lin_update,7.797933560005004e-07,True,
d12-s8,883,0.3503968253968254,curvature/curv_eps_update,0.003,True,
d12-s8,883,0.3503968253968254,curvature/curv_snr_update,0.26210223564688867,True,
d12-s8,883,0.3503968253968254,curvature/curv_floor_update,0.10107106934103487,True,
d12-s8,883,0.3503968253968254,curvature/c_fd_update,0.026490953233506944,True,
d12-s8,883,0.3503968253968254,curvature/verdict_code_update,1.0,True,
d12-s8,883,0.3503968253968254,curvature/e_curv_update,,False,noise_floor_inconclusive
d12-s8,1009,0.4003968253968254,update/p1,-0.0045672637208184885,True,
d12-s8,1009,0.4003968253968254,update/p2,0.03721983971505702,True,
d12-s8,1009,0.4003968253968254,update/actual,0.03631114959716797,True,
d12-s8,1009,0.4003968253968254,update/residual_p1,0.04087841331798646,True,
d12-s8,1009,0.4003968253968254,update/residual_p2,-0.0009086901178890494,True,
d12-s8,1009,0.4003968253968254,update/normalized_residual,-0.024414133022755746,True,
d12-s8,1009,0.4003968253968254,update/loss_before,1.9393093585968018,True,
d12-s8,1009,0.4003968253968254,update/loss_after,1.9756205081939697,True,
d12-s8,1009,0.4003968253968254,update/direction_norm,694.9052264613831,True,
d12-s8,1009,0.4003968253968254,curvature/dhd,0.08357420687175102,True,
d12-s8,1009,0.4003968253968254,curvature/gHg,12.721838895213468,True,
d12-s8,1009,0.4003968253968254,curvature/gg,4.737616342335711,True,
d12-s8,1009,0.4003968253968254,curvature/eta_star,0.37240027808544385,True,
d12-s8,1009,0.4003968253968254,curvature/Hg_norm,12.622988337372595,True,
d12-s8,1009,0.4003968253968254,curvature/eta_star_rho,0.46302854613254885,True,
d12-s8,1009,0.4003968253968254,curvature/eta_star_rho_threshold,9.5367431640625e-07,True,
d12-s8,1009,0.4003968253968254,curvature/shadow_verdict_code,1.0,True,
d12-s8,1009,0.4003968253968254,curvature/arith_eps,1.1920928955078125e-07,True,
d12-s8,1009,0.4003968253968254,curvature/vhv_random,4.303438652404707e-06,True,
d12-s8,1009,0.4003968253968254,curvature/e_fd_random,,False,insufficient_conclusive_points
d12-s8,1009,0.4003968253968254,curvature/fd_cos_random,,False,insufficient_conclusive_points
d12-s8,1009,0.4003968253968254,curvature/fd_eps_random,0.03,True,
d12-s8,1009,0.4003968253968254,curvature/fd_snr_random,528.331768716663,True,
d12-s8,1009,0.4003968253968254,curvature/fd_floor_random,8.649057165752988e-06,True,
d12-s8,1009,0.4003968253968254,curvature/fd_conclusive_random,0.0,True,
d12-s8,1009,0.4003968253968254,curvature/e_sym_random,1.1351839341690011e-05,True,
d12-s8,1009,0.4003968253968254,curvature/e_lin_random,7.481947951293663e-07,True,
d12-s8,1009,0.4003968253968254,curvature/curv_eps_random,0.01,True,
d12-s8,1009,0.4003968253968254,curvature/curv_snr_random,0.5156475201014501,True,
d12-s8,1009,0.4003968253968254,curvature/curv_floor_random,0.009247347065866052,True,
d12-s8,1009,0.4003968253968254,curvature/c_fd_random,-0.00476837158203125,True,
d12-s8,1009,0.4003968253968254,curvature/verdict_code_random,1.0,True,
d12-s8,1009,0.4003968253968254,curvature/e_curv_random,,False,noise_floor_inconclusive
d12-s8,1009,0.4003968253968254,curvature/vhv_gradient,2.685282497565278,True,
d12-s8,1009,0.4003968253968254,curvature/e_fd_gradient,0.0007765090996755883,True,
d12-s8,1009,0.4003968253968254,curvature/fd_cos_gradient,0.9999996999453937,True,
d12-s8,1009,0.4003968253968254,curvature/fd_eps_gradient,0.001,True,
d12-s8,1009,0.4003968253968254,curvature/fd_snr_gradient,22351.91132802063,True,
d12-s8,1009,0.4003968253968254,curvature/fd_floor_gradient,0.00025947225623447457,True,
d12-s8,1009,0.4003968253968254,curvature/fd_conclusive_gradient,1.0,True,
d12-s8,1009,0.4003968253968254,curvature/e_sym_gradient,3.8454132927898796e-08,True,
d12-s8,1009,0.4003968253968254,curvature/e_lin_gradient,4.908215886017089e-07,True,
d12-s8,1009,0.4003968253968254,curvature/curv_eps_gradient,0.01,True,
d12-s8,1009,0.4003968253968254,curvature/curv_snr_gradient,290.04168349733106,True,
d12-s8,1009,0.4003968253968254,curvature/curv_floor_gradient,0.009247667378531332,True,
d12-s8,1009,0.4003968253968254,curvature/c_fd_gradient,2.682209014892578,True,
d12-s8,1009,0.4003968253968254,curvature/verdict_code_gradient,0.0,True,
d12-s8,1009,0.4003968253968254,curvature/e_curv_gradient,0.0011445658605701225,True,
d12-s8,1009,0.4003968253968254,curvature/vhv_update,1.7306973479911215e-07,True,
d12-s8,1009,0.4003968253968254,curvature/e_fd_update,,False,noise_floor_inconclusive
d12-s8,1009,0.4003968253968254,curvature/fd_cos_update,,False,noise_floor_inconclusive
d12-s8,1009,0.4003968253968254,curvature/fd_eps_update,0.03,True,
d12-s8,1009,0.4003968253968254,curvature/fd_snr_update,125.42196431771572,True,
d12-s8,1009,0.4003968253968254,curvature/fd_floor_update,8.649057497197638e-06,True,
d12-s8,1009,0.4003968253968254,curvature/fd_conclusive_update,0.0,True,
d12-s8,1009,0.4003968253968254,curvature/e_sym_update,1.4233092736083853e-07,True,
d12-s8,1009,0.4003968253968254,curvature/e_lin_update,7.557663615787306e-07,True,
d12-s8,1009,0.4003968253968254,curvature/curv_eps_update,0.1,True,
d12-s8,1009,0.4003968253968254,curvature/curv_snr_update,0.3867356341329301,True,
d12-s8,1009,0.4003968253968254,curvature/curv_floor_update,9.247347207974598e-05,True,
d12-s8,1009,0.4003968253968254,curvature/c_fd_update,-3.576278686523437e-05,True,
d12-s8,1009,0.4003968253968254,curvature/verdict_code_update,1.0,True,
d12-s8,1009,0.4003968253968254,curvature/e_curv_update,,False,noise_floor_inconclusive
d12-s8,1135,0.4503968253968254,update/p1,-0.07131232013411344,True,
d12-s8,1135,0.4503968253968254,update/p2,-0.03943503006965943,True,
d12-s8,1135,0.4503968253968254,update/actual,-0.03958559036254883,True,
d12-s8,1135,0.4503968253968254,update/residual_p1,0.03172672977156461,True,
d12-s8,1135,0.4503968253968254,update/residual_p2,-0.0001505602928894012,True,
d12-s8,1135,0.4503968253968254,update/normalized_residual,-0.0038034115826107123,True,
d12-s8,1135,0.4503968253968254,update/loss_before,1.9289989471435547,True,
d12-s8,1135,0.4503968253968254,update/loss_after,1.8894133567810059,True,
d12-s8,1135,0.4503968253968254,update/direction_norm,641.9849775166455,True,
d12-s8,1135,0.4503968253968254,curvature/dhd,0.06375458012890803,True,
d12-s8,1135,0.4503968253968254,curvature/gHg,28.991784372060817,True,
d12-s8,1135,0.4503968253968254,curvature/gg,6.33763160282011,True,
d12-s8,1135,0.4503968253968254,curvature/eta_star,0.21860094989281317,True,
d12-s8,1135,0.4503968253968254,curvature/Hg_norm,23.037180143610087,True,
d12-s8,1135,0.4503968253968254,curvature/eta_star_rho,0.4998988437046752,True,
d12-s8,1135,0.4503968253968254,curvature/eta_star_rho_threshold,9.5367431640625e-07,True,
d12-s8,1135,0.4503968253968254,curvature/shadow_verdict_code,1.0,True,
d12-s8,1135,0.4503968253968254,curvature/arith_eps,1.1920928955078125e-07,True,
d12-s8,1135,0.4503968253968254,curvature/vhv_random,5.031379972830068e-06,True,
d12-s8,1135,0.4503968253968254,curvature/e_fd_random,,False,insufficient_conclusive_points
d12-s8,1135,0.4503968253968254,curvature/fd_cos_random,,False,insufficient_conclusive_points
d12-s8,1135,0.4503968253968254,curvature/fd_eps_random,0.03,True,
d12-s8,1135,0.4503968253968254,curvature/fd_snr_random,533.8522098606123,True,
d12-s8,1135,0.4503968253968254,curvature/fd_floor_random,1.000350919396906e-05,True,
d12-s8,1135,0.4503968253968254,curvature/fd_conclusive_random,0.0,True,
d12-s8,1135,0.4503968253968254,curvature/e_sym_random,2.653277709248679e-06,True,
d12-s8,1135,0.4503968253968254,curvature/e_lin_random,7.376877305780896e-07,True,
d12-s8,1135,0.4503968253968254,curvature/curv_eps_random,0.01,True,
d12-s8,1135,0.4503968253968254,curvature/curv_snr_random,0.25920180837321216,True,
d12-s8,1135,0.4503968253968254,curvature/curv_floor_random,0.009198183477110433,True,
d12-s8,1135,0.4503968253968254,curvature/c_fd_random,-0.002384185791015625,True,
d12-s8,1135,0.4503968253968254,curvature/verdict_code_random,1.0,True,
d12-s8,1135,0.4503968253968254,curvature/e_curv_random,,False,noise_floor_inconclusive
d12-s8,1135,0.4503968253968254,curvature/vhv_gradient,4.574545630042243,True,
d12-s8,1135,0.4503968253968254,curvature/e_fd_gradient,0.0008936748362707424,True,
d12-s8,1135,0.4503968253968254,curvature/fd_cos_gradient,0.9999996215736018,True,
d12-s8,1135,0.4503968253968254,curvature/fd_eps_gradient,0.0003,True,
d12-s8,1135,0.4503968253968254,curvature/fd_snr_gradient,9147.730363959978,True,
d12-s8,1135,0.4503968253968254,curvature/fd_floor_gradient,0.0010003511323263242,True,
d12-s8,1135,0.4503968253968254,curvature/fd_conclusive_gradient,1.0,True,
d12-s8,1135,0.4503968253968254,curvature/e_sym_gradient,1.571700927225211e-06,True,
d12-s8,1135,0.4503968253968254,curvature/e_lin_gradient,4.562033280918475e-07,True,
d12-s8,1135,0.4503968253968254,curvature/curv_eps_gradient,0.007400828044922853,True,
d12-s8,1135,0.4503968253968254,curvature/curv_snr_gradient,272.93061546083896,True,
d12-s8,1135,0.4503968253968254,curvature/curv_floor_gradient,0.01679405552297537,True,
d12-s8,1135,0.4503968253968254,curvature/c_fd_gradient,4.58361190996917,True,
d12-s8,1135,0.4503968253968254,curvature/verdict_code_gradient,0.0,True,
d12-s8,1135,0.4503968253968254,curvature/e_curv_gradient,0.0019779772164410293,True,
d12-s8,1135,0.4503968253968254,curvature/vhv_update,1.5468978389136562e-07,True,
d12-s8,1135,0.4503968253968254,curvature/e_fd_update,,False,noise_floor_inconclusive
d12-s8,1135,0.4503968253968254,curvature/fd_cos_update,,False,noise_floor_inconclusive
d12-s8,1135,0.4503968253968254,curvature/fd_eps_update,0.03,True,
d12-s8,1135,0.4503968253968254,curvature/fd_snr_update,108.27932802433493,True,
d12-s8,1135,0.4503968253968254,curvature/fd_floor_update,1.0003508455308705e-05,True,
d12-s8,1135,0.4503968253968254,curvature/fd_conclusive_update,0.0,True,
d12-s8,1135,0.4503968253968254,curvature/e_sym_update,1.1878724726172045e-06,True,
d12-s8,1135,0.4503968253968254,curvature/e_lin_update,7.405808650823696e-07,True,
d12-s8,1135,0.4503968253968254,curvature/curv_eps_update,0.003,True,
d12-s8,1135,0.4503968253968254,curvature/curv_snr_update,0.25920179235492324,True,
d12-s8,1135,0.4503968253968254,curvature/curv_floor_update,0.1022020449504958,True,
d12-s8,1135,0.4503968253968254,curvature/c_fd_update,0.026490953233506944,True,
d12-s8,1135,0.4503968253968254,curvature/verdict_code_update,1.0,True,
d12-s8,1135,0.4503968253968254,curvature/e_curv_update,,False,noise_floor_inconclusive
d12-s8,1261,0.5003968253968254,update/p1,-0.030797873230989828,True,
d12-s8,1261,0.5003968253968254,update/p2,0.01197874972426962,True,
d12-s8,1261,0.5003968253968254,update/actual,0.01018524169921875,True,
d12-s8,1261,0.5003968253968254,update/residual_p1,0.04098311493020858,True,
d12-s8,1261,0.5003968253968254,update/residual_p2,-0.0017935080250508703,True,
d12-s8,1261,0.5003968253968254,update/normalized_residual,-0.1497241420293741,True,
d12-s8,1261,0.5003968253968254,update/loss_before,1.726414680480957,True,
d12-s8,1261,0.5003968253968254,update/loss_after,1.7365999221801758,True,
d12-s8,1261,0.5003968253968254,update/direction_norm,597.7934784580508,True,
d12-s8,1261,0.5003968253968254,curvature/dhd,0.0855532459105189,True,
d12-s8,1261,0.5003968253968254,curvature/gHg,22.739956573255988,True,
d12-s8,1261,0.5003968253968254,curvature/gg,5.986436589884637,True,
d12-s8,1261,0.5003968253968254,curvature/eta_star,0.26325628945682183,True,
d12-s8,1261,0.5003968253968254,curvature/Hg_norm,19.31499513652803,True,
d12-s8,1261,0.5003968253968254,curvature/eta_star_rho,0.48118361936825954,True,
d12-s8,1261,0.5003968253968254,curvature/eta_star_rho_threshold,9.5367431640625e-07,True,
d12-s8,1261,0.5003968253968254,curvature/shadow_verdict_code,1.0,True,
d12-s8,1261,0.5003968253968254,curvature/arith_eps,1.1920928955078125e-07,True,
d12-s8,1261,0.5003968253968254,curvature/vhv_random,6.252806108175598e-06,True,
d12-s8,1261,0.5003968253968254,curvature/e_fd_random,,False,insufficient_conclusive_points
d12-s8,1261,0.5003968253968254,curvature/fd_cos_random,,False,insufficient_conclusive_points
d12-s8,1261,0.5003968253968254,curvature/fd_eps_random,0.03,True,
d12-s8,1261,0.5003968253968254,curvature/fd_snr_random,613.3126310777279,True,
d12-s8,1261,0.5003968253968254,curvature/fd_floor_random,9.722390046706096e-06,True,
d12-s8,1261,0.5003968253968254,curvature/fd_conclusive_random,0.0,True,
d12-s8,1261,0.5003968253968254,curvature/e_sym_random,1.6408866907775881e-07,True,
d12-s8,1261,0.5003968253968254,curvature/e_lin_random,1.0083010175091715e-06,True,
d12-s8,1261,0.5003968253968254,curvature/curv_eps_random,0.01,True,
d12-s8,1261,0.5003968253968254,curvature/curv_snr_random,0.5792351515289615,True,
d12-s8,1261,0.5003968253968254,curvature/curv_floor_random,0.008232186132772767,True,
d12-s8,1261,0.5003968253968254,curvature/c_fd_random,-0.00476837158203125,True,
d12-s8,1261,0.5003968253968254,curvature/verdict_code_random,1.0,True,
d12-s8,1261,0.5003968253968254,curvature/e_curv_random,,False,noise_floor_inconclusive
d12-s8,1261,0.5003968253968254,curvature/vhv_gradient,3.798579561950931,True,
d12-s8,1261,0.5003968253968254,curvature/e_fd_gradient,0.0007324790906603593,True,
d12-s8,1261,0.5003968253968254,curvature/fd_cos_gradient,0.9999997317371997,True,
d12-s8,1261,0.5003968253968254,curvature/fd_eps_gradient,0.001,True,
d12-s8,1261,0.5003968253968254,curvature/fd_snr_gradient,27065.407929327674,True,
d12-s8,1261,0.5003968253968254,curvature/fd_floor_gradient,0.0002916727136954542,True,
d12-s8,1261,0.5003968253968254,curvature/fd_conclusive_gradient,1.0,True,
d12-s8,1261,0.5003968253968254,curvature/e_sym_gradient,2.993726020357397e-06,True,
d12-s8,1261,0.5003968253968254,curvature/e_lin_gradient,5.313091921708051e-07,True,
d12-s8,1261,0.5003968253968254,curvature/curv_eps_gradient,0.007400828044922853,True,
d12-s8,1261,0.5003968253968254,curvature/curv_snr_gradient,252.68370577633667,True,
d12-s8,1261,0.5003968253968254,curvature/curv_floor_gradient,0.015030300592547875,True,
d12-s8,1261,0.5003968253968254,curvature/c_fd_gradient,3.797912052657266,True,
d12-s8,1261,0.5003968253968254,curvature/verdict_code_gradient,0.0,True,
d12-s8,1261,0.5003968253968254,curvature/e_curv_gradient,0.0001757260267367317,True,
d12-s8,1261,0.5003968253968254,curvature/vhv_update,2.3940552971099615e-07,True,
d12-s8,1261,0.5003968253968254,curvature/e_fd_update,,False,noise_floor_inconclusive
d12-s8,1261,0.5003968253968254,curvature/fd_cos_update,,False,noise_floor_inconclusive
d12-s8,1261,0.5003968253968254,curvature/fd_eps_update,0.03,True,
d12-s8,1261,0.5003968253968254,curvature/fd_snr_update,179.16426362077252,True,
d12-s8,1261,0.5003968253968254,curvature/fd_floor_update,9.722390275752358e-06,True,
d12-s8,1261,0.5003968253968254,curvature/fd_conclusive_update,0.0,True,
d12-s8,1261,0.5003968253968254,curvature/e_sym_update,2.225980800633652e-05,True,
d12-s8,1261,0.5003968253968254,curvature/e_lin_update,8.747072838549664e-07,True,
d12-s8,1261,0.5003968253968254,curvature/curv_eps_update,0.01,True,
d12-s8,1261,0.5003968253968254,curvature/curv_snr_update,0.5792351515289615,True,
d12-s8,1261,0.5003968253968254,curvature/curv_floor_update,0.008232186132772767,True,
d12-s8,1261,0.5003968253968254,curvature/c_fd_update,-0.00476837158203125,True,
d12-s8,1261,0.5003968253968254,curvature/verdict_code_update,1.0,True,
d12-s8,1261,0.5003968253968254,curvature/e_curv_update,,False,noise_floor_inconclusive
d12-s8,1386,0.55,update/p1,-0.01672536403482066,True,
d12-s8,1386,0.55,update/p2,0.01288834464637148,True,
d12-s8,1386,0.55,update/actual,0.010822415351867676,True,
d12-s8,1386,0.55,update/residual_p1,0.027547779386688336,True,
d12-s8,1386,0.55,update/residual_p2,-0.0020659292945038044,True,
d12-s8,1386,0.55,update/normalized_residual,-0.1602943862216965,True,
d12-s8,1386,0.55,update/loss_before,1.7518160343170166,True,
d12-s8,1386,0.55,update/loss_after,1.7626384496688843,True,
d12-s8,1386,0.55,update/direction_norm,552.1323263530812,True,
d12-s8,1386,0.55,curvature/dhd,0.05922741736238428,True,
d12-s8,1386,0.55,curvature/gHg,48.441263743443145,True,
d12-s8,1386,0.55,curvature/gg,7.649081122703186,True,
d12-s8,1386,0.55,curvature/eta_star,0.15790424385322815,True,
d12-s8,1386,0.55,curvature/Hg_norm,36.15639676145551,True,
d12-s8,1386,0.55,curvature/eta_star_rho,0.4844240404195243,True,
d12-s8,1386,0.55,curvature/eta_star_rho_threshold,9.5367431640625e-07,True,
d12-s8,1386,0.55,curvature/shadow_verdict_code,1.0,True,
d12-s8,1386,0.55,curvature/arith_eps,1.1920928955078125e-07,True,
d12-s8,1386,0.55,curvature/vhv_random,5.905487830182997e-06,True,
d12-s8,1386,0.55,curvature/e_fd_random,,False,insufficient_conclusive_points
d12-s8,1386,0.55,curvature/fd_cos_random,,False,insufficient_conclusive_points
d12-s8,1386,0.55,curvature/fd_eps_random,0.03,True,
d12-s8,1386,0.55,curvature/fd_snr_random,620.7094368759344,True,
d12-s8,1386,0.55,curvature/fd_floor_random,1.0989894129845321e-05,True,
d12-s8,1386,0.55,curvature/fd_conclusive_random,0.0,True,
d12-s8,1386,0.55,curvature/e_sym_random,1.009821858626781e-06,True,
d12-s8,1386,0.55,curvature/e_lin_random,8.179565129768508e-07,True,
d12-s8,1386,0.55,curvature/curv_eps_random,0.03,True,
d12-s8,1386,0.55,curvature/curv_snr_random,0.5708361565150869,True,
d12-s8,1386,0.55,curvature/curv_floor_random,0.000928145595935348,True,
d12-s8,1386,0.55,curvature/c_fd_random,0.0005298190646701389,True,
d12-s8,1386,0.55,curvature/verdict_code_random,1.0,True,
d12-s8,1386,0.55,curvature/e_curv_random,,False,noise_floor_inconclusive
d12-s8,1386,0.55,curvature/vhv_gradient,6.332951354470415,True,
d12-s8,1386,0.55,curvature/e_fd_gradient,0.0005559126555329746,True,
d12-s8,1386,0.55,curvature/fd_cos_gradient,0.9999998455415335,True,
d12-s8,1386,0.55,curvature/fd_eps_gradient,0.001,True,
d12-s8,1386,0.55,curvature/fd_snr_gradient,39651.846703126845,True,
d12-s8,1386,0.55,curvature/fd_floor_gradient,0.00032969854777285357,True,
d12-s8,1386,0.55,curvature/fd_conclusive_gradient,1.0,True,
d12-s8,1386,0.55,curvature/e_sym_gradient,6.662785442522409e-07,True,
d12-s8,1386,0.55,curvature/e_lin_gradient,4.930232602866672e-07,True,
d12-s8,1386,0.55,curvature/curv_eps_gradient,0.006366789194265115,True,
d12-s8,1386,0.55,curvature/curv_snr_gradient,307.8121230554591,True,
d12-s8,1386,0.55,curvature/curv_floor_gradient,0.020607892653557645,True,
d12-s8,1386,0.55,curvature/c_fd_gradient,6.343359189390577,True,
d12-s8,1386,0.55,curvature/verdict_code_gradient,0.0,True,
d12-s8,1386,0.55,curvature/e_curv_gradient,0.0016407450074038894,True,
d12-s8,1386,0.55,curvature/vhv_update,1.942837247329777e-07,True,
d12-s8,1386,0.55,curvature/e_fd_update,,False,noise_floor_inconclusive
d12-s8,1386,0.55,curvature/fd_cos_update,,False,noise_floor_inconclusive
d12-s8,1386,0.55,curvature/fd_eps_update,0.03,True,
d12-s8,1386,0.55,curvature/fd_snr_update,131.4257563962768,True,
d12-s8,1386,0.55,curvature/fd_floor_update,1.0989894010646906e-05,True,
d12-s8,1386,0.55,curvature/fd_conclusive_update,0.0,True,
d12-s8,1386,0.55,curvature/e_sym_update,3.991245929230163e-06,True,
d12-s8,1386,0.55,curvature/e_lin_update,8.150283136757667e-07,True,
d12-s8,1386,0.55,curvature/curv_eps_update,0.01,True,
d12-s8,1386,0.55,curvature/curv_snr_update,0.2854181073911569,True,
d12-s8,1386,0.55,curvature/curv_floor_update,0.008353309510766849,True,
d12-s8,1386,0.55,curvature/c_fd_update,-0.002384185791015625,True,
d12-s8,1386,0.55,curvature/verdict_code_update,1.0,True,
d12-s8,1386,0.55,curvature/e_curv_update,,False,noise_floor_inconclusive
d12-s8,1512,0.6,update/p1,-0.05907006025133708,True,
d12-s8,1512,0.6,update/p2,-0.033947651086606134,True,
d12-s8,1512,0.6,update/actual,-0.034900665283203125,True,
d12-s8,1512,0.6,update/residual_p1,0.024169394968133952,True,
d12-s8,1512,0.6,update/residual_p2,-0.0009530141965969907,True,
d12-s8,1512,0.6,update/normalized_residual,-0.0273064765059265,True,
d12-s8,1512,0.6,update/loss_before,1.6948001384735107,True,
d12-s8,1512,0.6,update/loss_after,1.6598994731903076,True,
d12-s8,1512,0.6,update/direction_norm,499.0647319936152,True,
d12-s8,1512,0.6,curvature/dhd,0.05024481832946188,True,
d12-s8,1512,0.6,curvature/gHg,52.373778854559475,True,
d12-s8,1512,0.6,curvature/gg,8.047744796744231,True,
d12-s8,1512,0.6,curvature/eta_star,0.1536598078800576,True,
d12-s8,1512,0.6,curvature/Hg_norm,36.38874503713965,True,
d12-s8,1512,0.6,curvature/eta_star_rho,0.5073524174746181,True,
d12-s8,1512,0.6,curvature/eta_star_rho_threshold,9.5367431640625e-07,True,
d12-s8,1512,0.6,curvature/shadow_verdict_code,1.0,True,
d12-s8,1512,0.6,curvature/arith_eps,1.1920928955078125e-07,True,
d12-s8,1512,0.6,curvature/vhv_random,5.8788140503342e-06,True,
d12-s8,1512,0.6,curvature/e_fd_random,,False,insufficient_conclusive_points
d12-s8,1512,0.6,curvature/fd_cos_random,,False,insufficient_conclusive_points
d12-s8,1512,0.6,curvature/fd_eps_random,0.03,True,
d12-s8,1512,0.6,curvature/fd_snr_random,639.0679308884285,True,
d12-s8,1512,0.6,curvature/fd_floor_random,1.1272647520481044e-05,True,
d12-s8,1512,0.6,curvature/fd_conclusive_random,0.0,True,
d12-s8,1512,0.6,curvature/e_sym_random,5.251580297195412e-07,True,
d12-s8,1512,0.6,curvature/e_lin_random,8.108108828091845e-07,True,
d12-s8,1512,0.6,curvature/curv_eps_random,0.003,True,
d12-s8,1512,0.6,curvature/curv_snr_random,0.5900400330167761,True,
d12-s8,1512,0.6,curvature/curv_floor_random,0.08979374873282116,True,
d12-s8,1512,0.6,curvature/c_fd_random,0.05298190646701389,True,
d12-s8,1512,0.6,curvature/verdict_code_random,1.0,True,
d12-s8,1512,0.6,curvature/e_curv_random,,False,noise_floor_inconclusive
d12-s8,1512,0.6,curvature/vhv_gradient,6.507882521879162,True,
d12-s8,1512,0.6,curvature/e_fd_gradient,0.00044615697287317917,True,
d12-s8,1512,0.6,curvature/fd_cos_gradient,0.9999999005548521,True,
d12-s8,1512,0.6,curvature/fd_eps_gradient,0.001,True,
d12-s8,1512,0.6,curvature/fd_snr_gradient,37929.78970043852,True,
d12-s8,1512,0.6,curvature/fd_floor_gradient,0.000338181264909114,True,
d12-s8,1512,0.6,curvature/fd_conclusive_gradient,1.0,True,
d12-s8,1512,0.6,curvature/e_sym_gradient,1.1777775504736137e-06,True,
d12-s8,1512,0.6,curvature/e_lin_gradient,4.995741354770805e-07,True,
d12-s8,1512,0.6,curvature/curv_eps_gradient,0.006366789194265115,True,
d12-s8,1512,0.6,curvature/curv_snr_gradient,326.8694640321045,True,
d12-s8,1512,0.6,curvature/curv_floor_gradient,0.019937218285311118,True,
d12-s8,1512,0.6,curvature/c_fd_gradient,6.516867855210719,True,
d12-s8,1512,0.6,curvature/verdict_code_gradient,0.0,True,
d12-s8,1512,0.6,curvature/e_curv_gradient,0.0013787809621415915,True,
d12-s8,1512,0.6,curvature/vhv_update,2.0173328706615214e-07,True,
d12-s8,1512,0.6,curvature/e_fd_update,,False,noise_floor_inconclusive
d12-s8,1512,0.6,curvature/fd_cos_update,,False,noise_floor_inconclusive
d12-s8,1512,0.6,curvature/fd_eps_update,0.03,True,
d12-s8,1512,0.6,curvature/fd_snr_update,138.20008170169177,True,
d12-s8,1512,0.6,curvature/fd_floor_update,1.1272648226617687e-05,True,
d12-s8,1512,0.6,curvature/fd_conclusive_update,0.0,True,
d12-s8,1512,0.6,curvature/e_sym_update,1.2636721918491062e-06,True,
d12-s8,1512,0.6,curvature/e_lin_update,7.811148283557065e-07,True,
d12-s8,1512,0.6,curvature/curv_eps_update,0.03,True,
d12-s8,1512,0.6,curvature/curv_snr_update,0.7375500283014749,True,
d12-s8,1512,0.6,curvature/curv_floor_update,0.0008979375031180502,True,
d12-s8,1512,0.6,curvature/c_fd_update,0.0006622738308376736,True,
d12-s8,1512,0.6,curvature/verdict_code_update,1.0,True,
d12-s8,1512,0.6,curvature/e_curv_update,,False,noise_floor_inconclusive
d12-s8,1638,0.65,update/p1,-0.052936622950490696,True,
d12-s8,1638,0.65,update/p2,-0.039025420989177946,True,
d12-s8,1638,0.65,update/actual,-0.039404988288879395,True,
d12-s8,1638,0.65,update/residual_p1,0.013531634661611301,True,
d12-s8,1638,0.65,update/residual_p2,-0.0003795672997014485,True,
d12-s8,1638,0.65,update/normalized_residual,-0.009632468278351637,True,
d12-s8,1638,0.65,update/loss_before,1.7029147148132324,True,
d12-s8,1638,0.65,update/loss_after,1.663509726524353,True,
d12-s8,1638,0.65,update/direction_norm,448.57704557468935,True,
d12-s8,1638,0.65,curvature/dhd,0.027822403922625503,True,
d12-s8,1638,0.65,curvature/gHg,99.45628821009375,True,
d12-s8,1638,0.65,curvature/gg,9.605097410527101,True,
d12-s8,1638,0.65,curvature/eta_star,0.0965760695818154,True,
d12-s8,1638,0.65,curvature/Hg_norm,57.09764096260711,True,
d12-s8,1638,0.65,curvature/eta_star_rho,0.562034784199295,True,
d12-s8,1638,0.65,curvature/eta_star_rho_threshold,9.5367431640625e-07,True,
d12-s8,1638,0.65,curvature/shadow_verdict_code,1.0,True,
d12-s8,1638,0.65,curvature/arith_eps,1.1920928955078125e-07,True,
d12-s8,1638,0.65,curvature/vhv_random,7.646879329832899e-06,True,
d12-s8,1638,0.65,curvature/e_fd_random,,False,insufficient_conclusive_points
d12-s8,1638,0.65,curvature/fd_cos_random,,False,insufficient_conclusive_points
d12-s8,1638,0.65,curvature/fd_eps_random,0.03,True,
d12-s8,1638,0.65,curvature/fd_snr_random,681.7727951834659,True,
d12-s8,1638,0.65,curvature/fd_floor_random,1.231515083766742e-05,True,
d12-s8,1638,0.65,curvature/fd_conclusive_random,0.0,True,
d12-s8,1638,0.65,curvature/e_sym_random,1.889817792566226e-07,True,
d12-s8,1638,0.65,curvature/e_lin_random,7.516344848931731e-07,True,
d12-s8,1638,0.65,curvature/curv_eps_random,0.03,True,
d12-s8,1638,0.65,curvature/curv_snr_random,0.5872284274122275,True,
d12-s8,1638,0.65,curvature/curv_floor_random,0.0009022367445747175,True,
d12-s8,1638,0.65,curvature/c_fd_random,0.0005298190646701389,True,
d12-s8,1638,0.65,curvature/verdict_code_random,1.0,True,
d12-s8,1638,0.65,curvature/e_curv_random,,False,noise_floor_inconclusive
d12-s8,1638,0.65,curvature/vhv_gradient,10.354531949202864,True,
d12-s8,1638,0.65,curvature/e_fd_gradient,0.0004337323796426094,True,
d12-s8,1638,0.65,curvature/fd_cos_gradient,0.9999999059484623,True,
d12-s8,1638,0.65,curvature/fd_eps_gradient,0.001,True,
d12-s8,1638,0.65,curvature/fd_snr_gradient,49865.932066451816,True,
d12-s8,1638,0.65,curvature/fd_floor_gradient,0.000369458217014605,True,
d12-s8,1638,0.65,curvature/fd_conclusive_gradient,1.0,True,
d12-s8,1638,0.65,curvature/e_sym_gradient,7.868550634539535e-07,True,
d12-s8,1638,0.65,curvature/e_lin_gradient,4.5643710437267926e-07,True,
d12-s8,1638,0.65,curvature/curv_eps_gradient,0.004711951202502903,True,
d12-s8,1638,0.65,curvature/curv_snr_gradient,283.03457181885545,True,
d12-s8,1638,0.65,curvature/curv_floor_gradient,0.036574304337868305,True,
d12-s8,1638,0.65,curvature/c_fd_gradient,10.351792567841063,True,
d12-s8,1638,0.65,curvature/verdict_code_gradient,0.0,True,
d12-s8,1638,0.65,curvature/e_curv_gradient,0.0002645586855339938,True,
d12-s8,1638,0.65,curvature/vhv_update,1.3826764092825956e-07,True,
d12-s8,1638,0.65,curvature/e_fd_update,,False,noise_floor_inconclusive
d12-s8,1638,0.65,curvature/fd_cos_update,,False,noise_floor_inconclusive
d12-s8,1638,0.65,curvature/fd_eps_update,0.03,True,
d12-s8,1638,0.65,curvature/fd_snr_update,114.990635225901,True,
d12-s8,1638,0.65,curvature/fd_floor_update,1.2315148754045343e-05,True,
d12-s8,1638,0.65,curvature/fd_conclusive_update,0.0,True,
d12-s8,1638,0.65,curvature/e_sym_update,6.438322595800791e-07,True,
d12-s8,1638,0.65,curvature/e_lin_update,7.079174264265814e-07,True,
d12-s8,1638,0.65,curvature/curv_eps_update,0.003,True,
d12-s8,1638,0.65,curvature/curv_snr_update,0.14680711969924573,True,
d12-s8,1638,0.65,curvature/curv_floor_update,0.09022366656255246,True,
d12-s8,1638,0.65,curvature/c_fd_update,-0.013245476616753472,True,
d12-s8,1638,0.65,curvature/verdict_code_update,1.0,True,
d12-s8,1638,0.65,curvature/e_curv_update,,False,noise_floor_inconclusive
d12-s8,1764,0.7,update/p1,0.0033588187828393285,True,
d12-s8,1764,0.7,update/p2,0.015609766125628269,True,
d12-s8,1764,0.7,update/actual,0.01533055305480957,True,
d12-s8,1764,0.7,update/residual_p1,0.011971734271970243,True,
d12-s8,1764,0.7,update/residual_p2,-0.0002792130708186985,True,
d12-s8,1764,0.7,update/normalized_residual,-0.01788707585825285,True,
d12-s8,1764,0.7,update/loss_before,1.6373076438903809,True,
d12-s8,1764,0.7,update/loss_after,1.6526381969451904,True,
d12-s8,1764,0.7,update/direction_norm,395.3803660889621,True,
d12-s8,1764,0.7,curvature/dhd,0.024501894685577882,True,
d12-s8,1764,0.7,curvature/gHg,70.38731624923406,True,
d12-s8,1764,0.7,curvature/gg,8.920033049698036,True,
d12-s8,1764,0.7,curvature/eta_star,0.12672784707564555,True,
d12-s8,1764,0.7,curvature/Hg_norm,45.27135846308894,True,
d12-s8,1764,0.7,curvature/eta_star_rho,0.5205802027742842,True,
d12-s8,1764,0.7,curvature/eta_star_rho_threshold,9.5367431640625e-07,True,
d12-s8,1764,0.7,curvature/shadow_verdict_code,1.0,True,
d12-s8,1764,0.7,curvature/arith_eps,1.1920928955078125e-07,True,
d12-s8,1764,0.7,curvature/vhv_random,6.913251303745511e-06,True,
d12-s8,1764,0.7,curvature/e_fd_random,,False,insufficient_conclusive_points
d12-s8,1764,0.7,curvature/fd_cos_random,,False,insufficient_conclusive_points
d12-s8,1764,0.7,curvature/fd_eps_random,0.03,True,
d12-s8,1764,0.7,curvature/fd_snr_random,733.9673081711016,True,
d12-s8,1764,0.7,curvature/fd_floor_random,1.1867850140589021e-05,True,
d12-s8,1764,0.7,curvature/fd_conclusive_random,0.0,True,
d12-s8,1764,0.7,curvature/e_sym_random,3.1935879513668443e-07,True,
d12-s8,1764,0.7,curvature/e_lin_random,7.808028138503378e-07,True,
d12-s8,1764,0.7,curvature/curv_eps_random,0.1,True,
d12-s8,1764,0.7,curvature/curv_snr_random,0.7634483909616518,True,
d12-s8,1764,0.7,curvature/curv_floor_random,7.807291950712168e-05,True,
d12-s8,1764,0.7,curvature/c_fd_random,5.960464477539061e-05,True,
d12-s8,1764,0.7,curvature/verdict_code_random,1.0,True,
d12-s8,1764,0.7,curvature/e_curv_random,,False,noise_floor_inconclusive
d12-s8,1764,0.7,curvature/vhv_gradient,7.890925177754776,True,
d12-s8,1764,0.7,curvature/e_fd_gradient,0.0009071321144427617,True,
d12-s8,1764,0.7,curvature/fd_cos_gradient,0.9999995900614542,True,
d12-s8,1764,0.7,curvature/fd_eps_gradient,0.0003,True,
d12-s8,1764,0.7,curvature/fd_snr_gradient,12772.969559606605,True,
d12-s8,1764,0.7,curvature/fd_floor_gradient,0.0011867859505613437,True,
d12-s8,1764,0.7,curvature/fd_conclusive_gradient,1.0,True,
d12-s8,1764,0.7,curvature/e_sym_gradient,7.626338494370708e-07,True,
d12-s8,1764,0.7,curvature/e_lin_gradient,5.233279278287751e-07,True,
d12-s8,1764,0.7,curvature/curv_eps_gradient,0.005477225575051661,True,
d12-s8,1764,0.7,curvature/curv_snr_gradient,303.07808827275954,True,
d12-s8,1764,0.7,curvature/curv_floor_gradient,0.0260252444187851,True,
d12-s8,1764,0.7,curvature/c_fd_gradient,7.887681325276692,True,
d12-s8,1764,0.7,curvature/verdict_code_gradient,0.0,True,
d12-s8,1764,0.7,curvature/e_curv_gradient,0.00041108645754603254,True,
d12-s8,1764,0.7,curvature/vhv_update,1.5673623909769038e-07,True,
d12-s8,1764,0.7,curvature/e_fd_update,,False,noise_floor_inconclusive
d12-s8,1764,0.7,curvature/fd_cos_update,,False,noise_floor_inconclusive
d12-s8,1764,0.7,curvature/fd_eps_update,0.03,True,
d12-s8,1764,0.7,curvature/fd_snr_update,116.26859034723873,True,
d12-s8,1764,0.7,curvature/fd_floor_update,1.1867850369946825e-05,True,
d12-s8,1764,0.7,curvature/fd_conclusive_update,0.0,True,
d12-s8,1764,0.7,curvature/e_sym_update,1.6398005845025864e-05,True,
d12-s8,1764,0.7,curvature/e_lin_update,8.529773629873119e-07,True,
d12-s8,1764,0.7,curvature/curv_eps_update,0.1,True,
d12-s8,1764,0.7,curvature/curv_snr_update,0.305379395294331,True,
d12-s8,1764,0.7,curvature/curv_floor_update,7.807290955952338e-05,True,
d12-s8,1764,0.7,curvature/c_fd_update,-2.3841857910156247e-05,True,
d12-s8,1764,0.7,curvature/verdict_code_update,1.0,True,
d12-s8,1764,0.7,curvature/e_curv_update,,False,noise_floor_inconclusive
d12-s8,1890,0.75,update/p1,-0.015140725723287687,True,
d12-s8,1890,0.75,update/p2,-0.006840069792518586,True,
d12-s8,1890,0.75,update/actual,-0.007002115249633789,True,
d12-s8,1890,0.75,update/residual_p1,0.008138610473653898,True,
d12-s8,1890,0.75,update/residual_p2,-0.00016204545711520288,True,
d12-s8,1890,0.75,update/normalized_residual,-0.023142357893020663,True,
d12-s8,1890,0.75,update/loss_before,1.5713000297546387,True,
d12-s8,1890,0.75,update/loss_after,1.5642979145050049,True,
d12-s8,1890,0.75,update/direction_norm,339.8454025678647,True,
d12-s8,1890,0.75,curvature/dhd,0.016601311861538202,True,
d12-s8,1890,0.75,curvature/gHg,94.92147089292698,True,
d12-s8,1890,0.75,curvature/gg,10.006140146945533,True,
d12-s8,1890,0.75,curvature/eta_star,0.10541492933914423,True,
d12-s8,1890,0.75,curvature/Hg_norm,55.9615054436957,True,
d12-s8,1890,0.75,curvature/eta_star_rho,0.5362184828949383,True,
d12-s8,1890,0.75,curvature/eta_star_rho_threshold,9.5367431640625e-07,True,
d12-s8,1890,0.75,curvature/shadow_verdict_code,1.0,True,
d12-s8,1890,0.75,curvature/arith_eps,1.1920928955078125e-07,True,
d12-s8,1890,0.75,curvature/vhv_random,6.700319114385341e-06,True,
d12-s8,1890,0.75,curvature/e_fd_random,,False,insufficient_conclusive_points
d12-s8,1890,0.75,curvature/fd_cos_random,,False,insufficient_conclusive_points
d12-s8,1890,0.75,curvature/fd_eps_random,0.03,True,
d12-s8,1890,0.75,curvature/fd_snr_random,729.8365561596892,True,
d12-s8,1890,0.75,curvature/fd_floor_random,1.2569620383416596e-05,True,
d12-s8,1890,0.75,curvature/fd_conclusive_random,0.0,True,
d12-s8,1890,0.75,curvature/e_sym_random,5.663236100063566e-07,True,
d12-s8,1890,0.75,curvature/e_lin_random,7.926024830525579e-07,True,
d12-s8,1890,0.75,curvature/curv_eps_random,0.003,True,
d12-s8,1890,0.75,curvature/curv_snr_random,0.3182078352734525,True,
d12-s8,1890,0.75,curvature/curv_floor_random,0.08325047436604412,True,
d12-s8,1890,0.75,curvature/c_fd_random,0.026490953233506944,True,
d12-s8,1890,0.75,curvature/verdict_code_random,1.0,True,
d12-s8,1890,0.75,curvature/e_curv_random,,False,noise_floor_inconclusive
d12-s8,1890,0.75,curvature/vhv_gradient,9.486322040047668,True,
d12-s8,1890,0.75,curvature/e_fd_gradient,0.0007067293062923451,True,
d12-s8,1890,0.75,curvature/fd_cos_gradient,0.9999997503740662,True,
d12-s8,1890,0.75,curvature/fd_eps_gradient,0.0003,True,
d12-s8,1890,0.75,curvature/fd_snr_gradient,14074.732055266875,True,
d12-s8,1890,0.75,curvature/fd_floor_gradient,0.0012569627212371398,True,
d12-s8,1890,0.75,curvature/fd_conclusive_gradient,1.0,True,
d12-s8,1890,0.75,curvature/e_sym_gradient,4.45375799511847e-07,True,
d12-s8,1890,0.75,curvature/e_lin_gradient,5.027807877545062e-07,True,
d12-s8,1890,0.75,curvature/curv_eps_gradient,0.004711951202502903,True,
d12-s8,1890,0.75,curvature/curv_snr_gradient,281.6044911556665,True,
d12-s8,1890,0.75,curvature/curv_floor_gradient,0.0337475477760698,True,
d12-s8,1890,0.75,curvature/c_fd_gradient,9.50346101923168,True,
d12-s8,1890,0.75,curvature/verdict_code_gradient,0.0,True,
d12-s8,1890,0.75,curvature/e_curv_gradient,0.0018034460444810352,True,
d12-s8,1890,0.75,curvature/vhv_update,1.4374065178883228e-07,True,
d12-s8,1890,0.75,curvature/e_fd_update,,False,noise_floor_inconclusive
d12-s8,1890,0.75,curvature/fd_cos_update,,False,noise_floor_inconclusive
d12-s8,1890,0.75,curvature/fd_eps_update,0.03,True,
d12-s8,1890,0.75,curvature/fd_snr_update,124.72891791545689,True,
d12-s8,1890,0.75,curvature/fd_floor_update,1.2569620850535924e-05,True,
d12-s8,1890,0.75,curvature/fd_conclusive_update,0.0,True,
d12-s8,1890,0.75,curvature/e_sym_update,8.721520172343832e-07,True,
d12-s8,1890,0.75,curvature/e_lin_update,7.487358232447775e-07,True,
d12-s8,1890,0.75,curvature/curv_eps_update,0.1,True,
d12-s8,1890,0.75,curvature/curv_snr_update,0.6364156464055403,True,
d12-s8,1890,0.75,curvature/curv_floor_update,7.492542977161064e-05,True,
d12-s8,1890,0.75,curvature/c_fd_update,4.768371582031249e-05,True,
d12-s8,1890,0.75,curvature/verdict_code_update,1.0,True,
d12-s8,1890,0.75,curvature/e_curv_update,,False,noise_floor_inconclusive
d12-s8,2016,0.8,update/p1,-0.010241167181578316,True,
d12-s8,2016,0.8,update/p2,-0.007109459990252834,True,
d12-s8,2016,0.8,update/actual,-0.007063508033752441,True,
d12-s8,2016,0.8,update/residual_p1,0.003177659147825874,True,
d12-s8,2016,0.8,update/residual_p2,4.5951956500392584e-05,True,
d12-s8,2016,0.8,update/normalized_residual,0.00646349463438761,True,
d12-s8,2016,0.8,update/loss_before,1.5745190382003784,True,
d12-s8,2016,0.8,update/loss_after,1.567455530166626,True,
d12-s8,2016,0.8,update/direction_norm,281.864718961602,True,
d12-s8,2016,0.8,curvature/dhd,0.006263414382650963,True,
d12-s8,2016,0.8,curvature/gHg,91.75295087994515,True,
d12-s8,2016,0.8,curvature/gg,10.16145000436655,True,
d12-s8,2016,0.8,curvature/eta_star,0.11074793679020065,True,
d12-s8,2016,0.8,curvature/Hg_norm,55.91939457478376,True,
d12-s8,2016,0.8,curvature/eta_star_rho,0.5147303039668621,True,
d12-s8,2016,0.8,curvature/eta_star_rho_threshold,9.5367431640625e-07,True,
d12-s8,2016,0.8,curvature/shadow_verdict_code,1.0,True,
d12-s8,2016,0.8,curvature/arith_eps,1.1920928955078125e-07,True,
d12-s8,2016,0.8,curvature/vhv_random,6.472048155356514e-06,True,
d12-s8,2016,0.8,curvature/e_fd_random,,False,insufficient_conclusive_points
d12-s8,2016,0.8,curvature/fd_cos_random,,False,insufficient_conclusive_points
d12-s8,2016,0.8,curvature/fd_eps_random,0.03,True,
d12-s8,2016,0.8,curvature/fd_snr_random,752.175318375834,True,
d12-s8,2016,0.8,curvature/fd_floor_random,1.2666790188674552e-05,True,
d12-s8,2016,0.8,curvature/fd_conclusive_random,0.0,True,
d12-s8,2016,0.8,curvature/e_sym_random,3.5871560932344374e-07,True,
d12-s8,2016,0.8,curvature/e_lin_random,8.105762300155092e-07,True,
d12-s8,2016,0.8,curvature/curv_eps_random,0.01,True,
d12-s8,2016,0.8,curvature/curv_snr_random,0.6351146295789029,True,
d12-s8,2016,0.8,curvature/curv_floor_random,0.007507891268687672,True,
d12-s8,2016,0.8,curvature/c_fd_random,-0.00476837158203125,True,
d12-s8,2016,0.8,curvature/verdict_code_random,1.0,True,
d12-s8,2016,0.8,curvature/e_curv_random,,False,noise_floor_inconclusive
d12-s8,2016,0.8,curvature/vhv_gradient,9.029514608475449,True,
d12-s8,2016,0.8,curvature/e_fd_gradient,0.0007142039638646997,True,
d12-s8,2016,0.8,curvature/fd_cos_gradient,0.9999997468075891,True,
d12-s8,2016,0.8,curvature/fd_eps_gradient,0.0003,True,
d12-s8,2016,0.8,curvature/fd_snr_gradient,13848.983635286097,True,
d12-s8,2016,0.8,curvature/fd_floor_gradient,0.0012666795269294941,True,
d12-s8,2016,0.8,curvature/fd_conclusive_gradient,1.0,True,
d12-s8,2016,0.8,curvature/e_sym_gradient,7.891767903345595e-07,True,
d12-s8,2016,0.8,curvature/e_lin_gradient,5.017781983401955e-07,True,
d12-s8,2016,0.8,curvature/curv_eps_gradient,0.004711951202502903,True,
d12-s8,2016,0.8,curvature/curv_snr_gradient,266.8984107570739,True,
d12-s8,2016,0.8,curvature/curv_floor_gradient,0.03381662464441117,True,
d12-s8,2016,0.8,curvature/c_fd_gradient,9.02560337476184,True,
d12-s8,2016,0.8,curvature/verdict_code_gradient,0.0,True,
d12-s8,2016,0.8,curvature/e_curv_gradient,0.0004331610150935106,True,
d12-s8,2016,0.8,curvature/vhv_update,7.883691981750104e-08,True,
d12-s8,2016,0.8,curvature/e_fd_update,,False,noise_floor_inconclusive
d12-s8,2016,0.8,curvature/fd_cos_update,,False,noise_floor_inconclusive
d12-s8,2016,0.8,curvature/fd_eps_update,0.03,True,
d12-s8,2016,0.8,curvature/fd_snr_update,65.79008952630453,True,
d12-s8,2016,0.8,curvature/fd_floor_update,1.2666792650934302e-05,True,
d12-s8,2016,0.8,curvature/fd_conclusive_update,0.0,True,
d12-s8,2016,0.8,curvature/e_sym_update,1.485657647861192e-06,True,
d12-s8,2016,0.8,curvature/e_lin_update,7.870348828801563e-07,True,
d12-s8,2016,0.8,curvature/curv_eps_update,0.003,True,
d12-s8,2016,0.8,curvature/curv_snr_update,0.3175573027680715,True,
d12-s8,2016,0.8,curvature/curv_floor_update,0.0834210172544974,True,
d12-s8,2016,0.8,curvature/c_fd_update,-0.026490953233506944,True,
d12-s8,2016,0.8,curvature/verdict_code_update,1.0,True,
d12-s8,2016,0.8,curvature/e_curv_update,,False,noise_floor_inconclusive
d12-s8,2142,0.85,update/p1,0.008179688512550236,True,
d12-s8,2142,0.85,update/p2,0.010383150187416295,True,
d12-s8,2142,0.85,update/actual,0.010391592979431152,True,
d12-s8,2142,0.85,update/residual_p1,0.0022119044668809165,True,
d12-s8,2142,0.85,update/residual_p2,8.442792014857342e-06,True,
d12-s8,2142,0.85,update/normalized_residual,0.0008124636936385773,True,
d12-s8,2142,0.85,update/loss_before,1.5264310836791992,True,
d12-s8,2142,0.85,update/loss_after,1.5368226766586304,True,
d12-s8,2142,0.85,update/direction_norm,224.7778053822661,True,
d12-s8,2142,0.85,curvature/dhd,0.00440692334973212,True,
d12-s8,2142,0.85,curvature/gHg,100.36568802282375,True,
d12-s8,2142,0.85,curvature/gg,10.255665663531577,True,
d12-s8,2142,0.85,curvature/eta_star,0.10218298569526449,True,
d12-s8,2142,0.85,curvature/Hg_norm,59.50829057241195,True,
d12-s8,2142,0.85,curvature/eta_star_rho,0.5266545783571712,True,
d12-s8,2142,0.85,curvature/eta_star_rho_threshold,9.5367431640625e-07,True,
d12-s8,2142,0.85,curvature/shadow_verdict_code,1.0,True,
d12-s8,2142,0.85,curvature/arith_eps,1.1920928955078125e-07,True,
d12-s8,2142,0.85,curvature/vhv_random,7.2699388424579294e-06,True,
d12-s8,2142,0.85,curvature/e_fd_random,,False,insufficient_conclusive_points
d12-s8,2142,0.85,curvature/fd_cos_random,,False,insufficient_conclusive_points
d12-s8,2142,0.85,curvature/fd_eps_random,0.03,True,
d12-s8,2142,0.85,curvature/fd_snr_random,787.69285739529,True,
d12-s8,2142,0.85,curvature/fd_floor_random,1.2725378756738949e-05,True,
d12-s8,2142,0.85,curvature/fd_conclusive_random,0.0,True,
d12-s8,2142,0.85,curvature/e_sym_random,3.173242326208781e-08,True,
d12-s8,2142,0.85,curvature/e_lin_random,8.96416874835507e-07,True,
d12-s8,2142,0.85,curvature/curv_eps_random,0.01,True,
d12-s8,2142,0.85,curvature/curv_snr_random,0.49134222432215685,True,
d12-s8,2142,0.85,curvature/curv_floor_random,0.007278590175019417,True,
d12-s8,2142,0.85,curvature/c_fd_random,-0.0035762786865234375,True,
d12-s8,2142,0.85,curvature/verdict_code_random,1.0,True,
d12-s8,2142,0.85,curvature/e_curv_random,,False,noise_floor_inconclusive
d12-s8,2142,0.85,curvature/vhv_gradient,9.786363640736315,True,
d12-s8,2142,0.85,curvature/e_fd_gradient,0.0006717469446371571,True,
d12-s8,2142,0.85,curvature/fd_cos_gradient,0.9999997910451066,True,
d12-s8,2142,0.85,curvature/fd_eps_gradient,0.0003,True,
d12-s8,2142,0.85,curvature/fd_snr_gradient,14602.404533290926,True,
d12-s8,2142,0.85,curvature/fd_floor_gradient,0.0012725389334652993,True,
d12-s8,2142,0.85,curvature/fd_conclusive_gradient,1.0,True,
d12-s8,2142,0.85,curvature/e_sym_gradient,4.6746722453747235e-07,True,
d12-s8,2142,0.85,curvature/e_lin_gradient,5.615428365373026e-07,True,
d12-s8,2142,0.85,curvature/curv_eps_gradient,0.004711951202502903,True,
d12-s8,2142,0.85,curvature/curv_snr_gradient,298.23410941616197,True,
d12-s8,2142,0.85,curvature/curv_floor_gradient,0.0327839413681234,True,
d12-s8,2142,0.85,curvature/c_fd_gradient,9.777289557073951,True,
d12-s8,2142,0.85,curvature/verdict_code_gradient,0.0,True,
d12-s8,2142,0.85,curvature/e_curv_gradient,0.0009272170946716885,True,
d12-s8,2142,0.85,curvature/vhv_update,8.722253882898785e-08,True,
d12-s8,2142,0.85,curvature/e_fd_update,,False,noise_floor_inconclusive
d12-s8,2142,0.85,curvature/fd_cos_update,,False,noise_floor_inconclusive
d12-s8,2142,0.85,curvature/fd_eps_update,0.03,True,
d12-s8,2142,0.85,curvature/fd_snr_update,73.13945249078814,True,
d12-s8,2142,0.85,curvature/fd_floor_update,1.2725382577249724e-05,True,
d12-s8,2142,0.85,curvature/fd_conclusive_update,0.0,True,
d12-s8,2142,0.85,curvature/e_sym_update,2.1782520866687372e-07,True,
d12-s8,2142,0.85,curvature/e_lin_update,7.790453144822815e-07,True,
d12-s8,2142,0.85,curvature/curv_eps_update,0.003,True,
d12-s8,2142,0.85,curvature/curv_snr_update,0.0,True,
d12-s8,2142,0.85,curvature/curv_floor_update,0.08087322890383399,True,
d12-s8,2142,0.85,curvature/c_fd_update,0.0,True,
d12-s8,2142,0.85,curvature/verdict_code_update,1.0,True,
d12-s8,2142,0.85,curvature/e_curv_update,,False,noise_floor_inconclusive
d12-s8,2268,0.9,update/p1,0.0031746602041861933,True,
d12-s8,2268,0.9,update/p2,0.004613266585486291,True,
d12-s8,2268,0.9,update/actual,0.004610776901245117,True,
d12-s8,2268,0.9,update/residual_p1,0.001436116697058924,True,
d12-s8,2268,0.9,update/residual_p2,-2.4896842411737535e-06,True,
d12-s8,2268,0.9,update/normalized_residual,-0.0005396792478905297,True,
d12-s8,2268,0.9,update/loss_before,1.5039660930633545,True,
d12-s8,2268,0.9,update/loss_after,1.5085768699645996,True,
d12-s8,2268,0.9,update/direction_norm,163.3438621536917,True,
d12-s8,2268,0.9,curvature/dhd,0.002877212762600196,True,
d12-s8,2268,0.9,curvature/gHg,88.59942124606692,True,
d12-s8,2268,0.9,curvature/gg,10.102899911711592,True,
d12-s8,2268,0.9,curvature/eta_star,0.11402896056908585,True,
d12-s8,2268,0.9,curvature/Hg_norm,54.54976505508136,True,
d12-s8,2268,0.9,curvature/eta_star_rho,0.5109930287544194,True,
d12-s8,2268,0.9,curvature/eta_star_rho_threshold,9.5367431640625e-07,True,
d12-s8,2268,0.9,curvature/shadow_verdict_code,1.0,True,
d12-s8,2268,0.9,curvature/arith_eps,1.1920928955078125e-07,True,
d12-s8,2268,0.9,curvature/vhv_random,7.3241460704460615e-06,True,
d12-s8,2268,0.9,curvature/e_fd_random,,False,insufficient_conclusive_points
d12-s8,2268,0.9,curvature/fd_cos_random,,False,insufficient_conclusive_points
d12-s8,2268,0.9,curvature/fd_eps_random,0.03,True,
d12-s8,2268,0.9,curvature/fd_snr_random,782.9272290605567,True,
d12-s8,2268,0.9,curvature/fd_floor_random,1.2630247200622432e-05,True,
d12-s8,2268,0.9,curvature/fd_conclusive_random,0.0,True,
d12-s8,2268,0.9,curvature/e_sym_random,1.082389381970375e-06,True,
d12-s8,2268,0.9,curvature/e_lin_random,8.4773291277151e-07,True,
d12-s8,2268,0.9,curvature/curv_eps_random,0.1,True,
d12-s8,2268,0.9,curvature/curv_snr_random,0.33245431670430553,True,
d12-s8,2268,0.9,curvature/curv_floor_random,7.17146889428477e-05,True,
d12-s8,2268,0.9,curvature/c_fd_random,-2.3841857910156247e-05,True,
d12-s8,2268,0.9,curvature/verdict_code_random,1.0,True,
d12-s8,2268,0.9,curvature/e_curv_random,,False,noise_floor_inconclusive
d12-s8,2268,0.9,curvature/vhv_gradient,8.769702352222472,True,
d12-s8,2268,0.9,curvature/e_fd_gradient,0.0007713592435441064,True,
d12-s8,2268,0.9,curvature/fd_cos_gradient,0.9999997027751153,True,
d12-s8,2268,0.9,curvature/fd_eps_gradient,0.0003,True,
d12-s8,2268,0.9,curvature/fd_snr_gradient,13588.391611673793,True,
d12-s8,2268,0.9,curvature/fd_floor_gradient,0.0012630254362622215,True,
d12-s8,2268,0.9,curvature/fd_conclusive_gradient,1.0,True,
d12-s8,2268,0.9,curvature/e_sym_gradient,2.893212359541198e-07,True,
d12-s8,2268,0.9,curvature/e_lin_gradient,5.317748899849687e-07,True,
d12-s8,2268,0.9,curvature/curv_eps_gradient,0.004711951202502903,True,
d12-s8,2268,0.9,curvature/curv_snr_gradient,271.10772243347293,True,
d12-s8,2268,0.9,curvature/curv_floor_gradient,0.03230134481353625,True,
d12-s8,2268,0.9,curvature/c_fd_gradient,8.757144023936085,True,
d12-s8,2268,0.9,curvature/verdict_code_gradient,0.0,True,
d12-s8,2268,0.9,curvature/e_curv_gradient,0.001432013058368418,True,
d12-s8,2268,0.9,curvature/vhv_update,1.0783664874462638e-07,True,
d12-s8,2268,0.9,curvature/e_fd_update,,False,noise_floor_inconclusive
d12-s8,2268,0.9,curvature/fd_cos_update,,False,noise_floor_inconclusive
d12-s8,2268,0.9,curvature/fd_eps_update,0.03,True,
d12-s8,2268,0.9,curvature/fd_snr_update,102.55484565612393,True,
d12-s8,2268,0.9,curvature/fd_floor_update,1.2630247403176892e-05,True,
d12-s8,2268,0.9,curvature/fd_conclusive_update,0.0,True,
d12-s8,2268,0.9,curvature/e_sym_update,7.920731696430796e-07,True,
d12-s8,2268,0.9,curvature/e_lin_update,8.709525329775651e-07,True,
d12-s8,2268,0.9,curvature/curv_eps_update,0.003,True,
d12-s8,2268,0.9,curvature/curv_snr_update,0.49868148493824144,True,
d12-s8,2268,0.9,curvature/curv_floor_update,0.07968298613529139,True,
d12-s8,2268,0.9,curvature/c_fd_update,-0.039736429850260414,True,
d12-s8,2268,0.9,curvature/verdict_code_update,1.0,True,
d12-s8,2268,0.9,curvature/e_curv_update,,False,noise_floor_inconclusive
d12-s8,2394,0.95,update/p1,-0.0027041218699315295,True,
d12-s8,2394,0.95,update/p2,-0.0023500143239991453,True,
d12-s8,2394,0.95,update/actual,-0.002348780632019043,True,
d12-s8,2394,0.95,update/residual_p1,0.0003553412379124865,True,
d12-s8,2394,0.95,update/residual_p2,1.2336919801023485e-06,True,
d12-s8,2394,0.95,update/normalized_residual,0.0005249721108094817,True,
d12-s8,2394,0.95,update/loss_before,1.4836441278457642,True,
d12-s8,2394,0.95,update/loss_after,1.4812953472137451,True,
d12-s8,2394,0.95,update/direction_norm,100.28761856160402,True,
d12-s8,2394,0.95,curvature/dhd,0.0007082150918647683,True,
d12-s8,2394,0.95,curvature/gHg,105.90240667062449,True,
d12-s8,2394,0.95,curvature/gg,10.644668546413179,True,
d12-s8,2394,0.95,curvature/eta_star,0.10051394374369613,True,
d12-s8,2394,0.95,curvature/Hg_norm,60.90067729495773,True,
d12-s8,2394,0.95,curvature/eta_star_rho,0.5329882509669045,True,
d12-s8,2394,0.95,curvature/eta_star_rho_threshold,9.5367431640625e-07,True,
d12-s8,2394,0.95,curvature/shadow_verdict_code,1.0,True,
d12-s8,2394,0.95,curvature/arith_eps,1.1920928955078125e-07,True,
d12-s8,2394,0.95,curvature/vhv_random,7.26675757878794e-06,True,
d12-s8,2394,0.95,curvature/e_fd_random,,False,insufficient_conclusive_points
d12-s8,2394,0.95,curvature/fd_cos_random,,False,insufficient_conclusive_points
d12-s8,2394,0.95,curvature/fd_eps_random,0.03,True,
d12-s8,2394,0.95,curvature/fd_snr_random,788.3426480975647,True,
d12-s8,2394,0.95,curvature/fd_floor_random,1.2964475473351133e-05,True,
d12-s8,2394,0.95,curvature/fd_conclusive_random,0.0,True,
d12-s8,2394,0.95,curvature/e_sym_random,8.192299665892664e-07,True,
d12-s8,2394,0.95,curvature/e_lin_random,8.303727995031348e-07,True,
d12-s8,2394,0.95,curvature/curv_eps_random,0.01,True,
d12-s8,2394,0.95,curvature/curv_snr_random,0.33700805382031884,True,
d12-s8,2394,0.95,curvature/curv_floor_random,0.007074566212850186,True,
d12-s8,2394,0.95,curvature/c_fd_random,-0.002384185791015625,True,
d12-s8,2394,0.95,curvature/verdict_code_random,1.0,True,
d12-s8,2394,0.95,curvature/e_curv_random,,False,noise_floor_inconclusive
d12-s8,2394,0.95,curvature/vhv_gradient,9.94886931759071,True,
d12-s8,2394,0.95,curvature/e_fd_gradient,0.0007526718627121288,True,
d12-s8,2394,0.95,curvature/fd_cos_gradient,0.9999997168756971,True,
d12-s8,2394,0.95,curvature/fd_eps_gradient,0.0003,True,
d12-s8,2394,0.95,curvature/fd_snr_gradient,14397.955292438613,True,
d12-s8,2394,0.95,curvature/fd_floor_gradient,0.0012964484594367664,True,
d12-s8,2394,0.95,curvature/fd_conclusive_gradient,1.0,True,
d12-s8,2394,0.95,curvature/e_sym_gradient,5.013480696090904e-07,True,
d12-s8,2394,0.95,curvature/e_lin_gradient,5.981964930711557e-07,True,
d12-s8,2394,0.95,curvature/curv_eps_gradient,0.004711951202502903,True,
d12-s8,2394,0.95,curvature/curv_snr_gradient,312.22632773702776,True,
d12-s8,2394,0.95,curvature/curv_floor_gradient,0.03186503717899809,True,
d12-s8,2394,0.95,curvature/c_fd_gradient,9.949103541602433,True,
d12-s8,2394,0.95,curvature/verdict_code_gradient,0.0,True,
d12-s8,2394,0.95,curvature/e_curv_gradient,2.354222274843848e-05,True,
d12-s8,2394,0.95,curvature/vhv_update,7.041587027888053e-08,True,
d12-s8,2394,0.95,curvature/e_fd_update,,False,noise_floor_inconclusive
d12-s8,2394,0.95,curvature/fd_cos_update,,False,noise_floor_inconclusive
d12-s8,2394,0.95,curvature/fd_eps_update,0.03,True,
d12-s8,2394,0.95,curvature/fd_snr_update,68.63387362770004,True,
d12-s8,2394,0.95,curvature/fd_floor_update,1.2964475259859977e-05,True,
d12-s8,2394,0.95,curvature/fd_conclusive_update,0.0,True,
d12-s8,2394,0.95,curvature/e_sym_update,1.3593723713794005e-07,True,
d12-s8,2394,0.95,curvature/e_lin_update,9.199633851137172e-07,True,
d12-s8,2394,0.95,curvature/curv_eps_update,0.1,True,
d12-s8,2394,0.95,curvature/curv_snr_update,0.33700802674206726,True,
d12-s8,2394,0.95,curvature/curv_floor_update,7.074566781284374e-05,True,
d12-s8,2394,0.95,curvature/c_fd_update,2.3841857910156247e-05,True,
d12-s8,2394,0.95,curvature/verdict_code_update,1.0,True,
d12-s8,2394,0.95,curvature/e_curv_update,,False,noise_floor_inconclusive
d12-s8,2520,1.0,update/p1,0.0012205158353377394,True,
d12-s8,2520,1.0,update/p2,0.0013057016448766465,True,
d12-s8,2520,1.0,update/actual,0.0013059377670288086,True,
d12-s8,2520,1.0,update/residual_p1,8.542193169106915e-05,True,
d12-s8,2520,1.0,update/residual_p2,2.3612215216211284e-07,True,
d12-s8,2520,1.0,update/normalized_residual,0.00018080658827971858,True,
d12-s8,2520,1.0,update/loss_before,1.44730544090271,True,
d12-s8,2520,1.0,update/loss_after,1.4486113786697388,True,
d12-s8,2520,1.0,update/direction_norm,34.78730351631698,True,
d12-s8,2520,1.0,curvature/dhd,0.00017037161907781413,True,
d12-s8,2520,1.0,curvature/gHg,95.06957184561833,True,
d12-s8,2520,1.0,curvature/gg,10.470963731571633,True,
d12-s8,2520,1.0,curvature/eta_star,0.11014001144945969,True,
d12-s8,2520,1.0,curvature/Hg_norm,57.44348523261391,True,
d12-s8,2520,1.0,curvature/eta_star_rho,0.5114550000195646,True,
d12-s8,2520,1.0,curvature/eta_star_rho_threshold,9.5367431640625e-07,True,
d12-s8,2520,1.0,curvature/shadow_verdict_code,1.0,True,
d12-s8,2520,1.0,curvature/arith_eps,1.1920928955078125e-07,True,
d12-s8,2520,1.0,curvature/vhv_random,7.396706309923495e-06,True,
d12-s8,2520,1.0,curvature/e_fd_random,,False,insufficient_conclusive_points
d12-s8,2520,1.0,curvature/fd_cos_random,,False,insufficient_conclusive_points
d12-s8,2520,1.0,curvature/fd_eps_random,0.03,True,
d12-s8,2520,1.0,curvature/fd_snr_random,801.0671917731303,True,
d12-s8,2520,1.0,curvature/fd_floor_random,1.2858258048951559e-05,True,
d12-s8,2520,1.0,curvature/fd_conclusive_random,0.0,True,
d12-s8,2520,1.0,curvature/e_sym_random,2.977869184358664e-07,True,
d12-s8,2520,1.0,curvature/e_lin_random,9.015254993875545e-07,True,
d12-s8,2520,1.0,curvature/curv_eps_random,0.03,True,
d12-s8,2520,1.0,curvature/curv_snr_random,0.34546956383757566,True,
d12-s8,2520,1.0,curvature/curv_floor_random,0.0007668100465707539,True,
d12-s8,2520,1.0,curvature/c_fd_random,0.00026490953233506944,True,
d12-s8,2520,1.0,curvature/verdict_code_random,1.0,True,
d12-s8,2520,1.0,curvature/e_curv_random,,False,noise_floor_inconclusive
d12-s8,2520,1.0,curvature/vhv_gradient,9.07935231611646,True,
d12-s8,2520,1.0,curvature/e_fd_gradient,0.0011225955173468677,True,
d12-s8,2520,1.0,curvature/fd_cos_gradient,0.9999993844178093,True,
d12-s8,2520,1.0,curvature/fd_eps_gradient,0.0003,True,
d12-s8,2520,1.0,curvature/fd_snr_gradient,13805.914999053226,True,
d12-s8,2520,1.0,curvature/fd_floor_gradient,0.0012858262170233569,True,
d12-s8,2520,1.0,curvature/fd_conclusive_gradient,1.0,True,
d12-s8,2520,1.0,curvature/e_sym_gradient,1.3966072406745032e-06,True,
d12-s8,2520,1.0,curvature/e_lin_gradient,5.493354887328523e-07,True,
d12-s8,2520,1.0,curvature/curv_eps_gradient,0.004711951202502903,True,
d12-s8,2520,1.0,curvature/curv_snr_gradient,292.2570805220956,True,
d12-s8,2520,1.0,curvature/curv_floor_gradient,0.03108449730529856,True,
d12-s8,2520,1.0,curvature/c_fd_gradient,9.084664431943505,True,
d12-s8,2520,1.0,curvature/verdict_code_gradient,0.0,True,
d12-s8,2520,1.0,curvature/e_curv_gradient,0.0005847344023371132,True,
d12-s8,2520,1.0,curvature/vhv_update,1.4078476410751738e-07,True,
d12-s8,2520,1.0,curvature/e_fd_update,,False,noise_floor_inconclusive
d12-s8,2520,1.0,curvature/fd_cos_update,,False,noise_floor_inconclusive
d12-s8,2520,1.0,curvature/fd_eps_update,0.03,True,
d12-s8,2520,1.0,curvature/fd_snr_update,108.6150641275038,True,
d12-s8,2520,1.0,curvature/fd_floor_update,1.2858257260706478e-05,True,
d12-s8,2520,1.0,curvature/fd_conclusive_update,0.0,True,
d12-s8,2520,1.0,curvature/e_sym_update,2.27469007412221e-06,True,
d12-s8,2520,1.0,curvature/e_lin_update,9.152331919370659e-07,True,
d12-s8,2520,1.0,curvature/curv_eps_update,0.03,True,
d12-s8,2520,1.0,curvature/curv_snr_update,0.34546959229264934,True,
d12-s8,2520,1.0,curvature/curv_floor_update,0.0007668099834113996,True,
d12-s8,2520,1.0,curvature/c_fd_update,-0.00026490953233506944,True,
d12-s8,2520,1.0,curvature/verdict_code_update,1.0,True,
d12-s8,2520,1.0,curvature/e_curv_update,,False,noise_floor_inconclusive
d12-s9,17,0.006746031746031746,update/p1,-0.12637722151163186,True,
d12-s9,17,0.006746031746031746,update/p2,-0.07661924756127084,True,
d12-s9,17,0.006746031746031746,update/actual,-0.0762166976928711,True,
d12-s9,17,0.006746031746031746,update/residual_p1,0.050160523818760766,True,
d12-s9,17,0.006746031746031746,update/residual_p2,0.00040254986839974305,True,
d12-s9,17,0.006746031746031746,update/normalized_residual,0.005253900047476089,True,
d12-s9,17,0.006746031746031746,update/loss_before,5.402495384216309,True,
d12-s9,17,0.006746031746031746,update/loss_after,5.3262786865234375,True,
d12-s9,17,0.006746031746031746,update/direction_norm,383.70039286459735,True,
d12-s9,17,0.006746031746031746,curvature/dhd,0.09951594790072205,True,
d12-s9,17,0.006746031746031746,curvature/gHg,9.398479788506863,True,
d12-s9,17,0.006746031746031746,curvature/gg,3.866329058754872,True,
d12-s9,17,0.006746031746031746,curvature/eta_star,0.41137813197011897,True,
d12-s9,17,0.006746031746031746,curvature/Hg_norm,8.591358734843173,True,
d12-s9,17,0.006746031746031746,curvature/eta_star_rho,0.5563477698703553,True,
d12-s9,17,0.006746031746031746,curvature/eta_star_rho_threshold,9.5367431640625e-07,True,
d12-s9,17,0.006746031746031746,curvature/shadow_verdict_code,1.0,True,
d12-s9,17,0.006746031746031746,curvature/arith_eps,1.1920928955078125e-07,True,
d12-s9,17,0.006746031746031746,curvature/vhv_random,2.5281711111633636e-06,True,
d12-s9,17,0.006746031746031746,curvature/e_fd_random,,False,noise_floor_inconclusive
d12-s9,17,0.006746031746031746,curvature/fd_cos_random,,False,noise_floor_inconclusive
d12-s9,17,0.006746031746031746,curvature/fd_eps_random,0.03,True,
d12-s9,17,0.006746031746031746,curvature/fd_snr_random,360.2601052361437,True,
d12-s9,17,0.006746031746031746,curvature/fd_floor_random,7.813367840715816e-06,True,
d12-s9,17,0.006746031746031746,curvature/fd_conclusive_random,0.0,True,
d12-s9,17,0.006746031746031746,curvature/e_sym_random,3.1447662584933604e-06,True,
d12-s9,17,0.006746031746031746,curvature/e_lin_random,6.736740740374559e-07,True,
d12-s9,17,0.006746031746031746,curvature/curv_eps_random,0.1,True,
d12-s9,17,0.006746031746031746,curvature/curv_snr_random,0.18509965320602662,True,
d12-s9,17,0.006746031746031746,curvature/curv_floor_random,0.0002576110489371785,True,
d12-s9,17,0.006746031746031746,curvature/c_fd_random,-4.768371582031249e-05,True,
d12-s9,17,0.006746031746031746,curvature/verdict_code_random,1.0,True,
d12-s9,17,0.006746031746031746,curvature/e_curv_random,,False,noise_floor_inconclusive
d12-s9,17,0.006746031746031746,curvature/vhv_gradient,2.4308535215908136,True,
d12-s9,17,0.006746031746031746,curvature/e_fd_gradient,4.237092837084722e-05,True,
d12-s9,17,0.006746031746031746,curvature/fd_cos_gradient,0.9999999991027197,True,
d12-s9,17,0.006746031746031746,curvature/fd_eps_gradient,0.003,True,
d12-s9,17,0.006746031746031746,curvature/fd_snr_gradient,55920.5653896278,True,
d12-s9,17,0.006746031746031746,curvature/fd_floor_gradient,7.813421607827292e-05,True,
d12-s9,17,0.006746031746031746,curvature/fd_conclusive_gradient,1.0,True,
d12-s9,17,0.006746031746031746,curvature/e_sym_gradient,8.042876549717364e-07,True,
d12-s9,17,0.006746031746031746,curvature/e_lin_gradient,5.631598847297471e-07,True,
d12-s9,17,0.006746031746031746,curvature/curv_eps_gradient,0.017320508075688773,True,
d12-s9,17,0.006746031746031746,curvature/curv_snr_gradient,282.822728140879,True,
d12-s9,17,0.006746031746031746,curvature/curv_floor_gradient,0.008587324676530745,True,
d12-s9,17,0.006746031746031746,curvature/c_fd_gradient,2.4286905924479165,True,
d12-s9,17,0.006746031746031746,curvature/verdict_code_gradient,0.0,True,
d12-s9,17,0.006746031746031746,curvature/e_curv_gradient,0.0008897817674680728,True,
d12-s9,17,0.006746031746031746,curvature/vhv_update,6.759401754080739e-07,True,
d12-s9,17,0.006746031746031746,curvature/e_fd_update,,False,noise_floor_inconclusive
d12-s9,17,0.006746031746031746,curvature/fd_cos_update,,False,noise_floor_inconclusive
d12-s9,17,0.006746031746031746,curvature/fd_eps_update,0.03,True,
d12-s9,17,0.006746031746031746,curvature/fd_snr_update,107.46607100379217,True,
d12-s9,17,0.006746031746031746,curvature/fd_floor_update,7.813367718162258e-06,True,
d12-s9,17,0.006746031746031746,curvature/fd_conclusive_update,0.0,True,
d12-s9,17,0.006746031746031746,curvature/e_sym_update,4.119930944157191e-06,True,
d12-s9,17,0.006746031746031746,curvature/e_lin_update,6.266992945626201e-07,True,
d12-s9,17,0.006746031746031746,curvature/curv_eps_update,0.1,True,
d12-s9,17,0.006746031746031746,curvature/curv_snr_update,0.18509965320602662,True,
d12-s9,17,0.006746031746031746,curvature/curv_floor_update,0.0002576110489371785,True,
d12-s9,17,0.006746031746031746,curvature/c_fd_update,-4.768371582031249e-05,True,
d12-s9,17,0.006746031746031746,curvature/verdict_code_update,1.0,True,
d12-s9,17,0.006746031746031746,curvature/e_curv_update,,False,noise_floor_inconclusive
d12-s9,33,0.013095238095238096,update/p1,-0.0768464207254049,True,
d12-s9,33,0.013095238095238096,update/p2,0.009132007724136026,True,
d12-s9,33,0.013095238095238096,update/actual,-0.0007600784301757812,True,
d12-s9,33,0.013095238095238096,update/residual_p1,0.07608634229522912,True,
d12-s9,33,0.013095238095238096,update/residual_p2,-0.009892086154311808,True,
d12-s9,33,0.013095238095238096,update/normalized_residual,-1.083232346394855,True,
d12-s9,33,0.013095238095238096,update/loss_before,4.858739852905273,True,
d12-s9,33,0.013095238095238096,update/loss_after,4.857979774475098,True,
d12-s9,33,0.013095238095238096,update/direction_norm,566.6487027311508,True,
d12-s9,33,0.013095238095238096,curvature/dhd,0.17195685689908186,True,
d12-s9,33,0.013095238095238096,curvature/gHg,3.8786973771296975,True,
d12-s9,33,0.013095238095238096,curvature/gg,3.0587435144447803,True,
d12-s9,33,0.013095238095238096,curvature/eta_star,0.7886007123113851,True,
d12-s9,33,0.013095238095238096,curvature/Hg_norm,4.056130941155155,True,
d12-s9,33,0.013095238095238096,curvature/eta_star_rho,0.5467671312227852,True,
d12-s9,33,0.013095238095238096,curvature/eta_star_rho_threshold,9.5367431640625e-07,True,
d12-s9,33,0.013095238095238096,curvature/shadow_verdict_code,1.0,True,
d12-s9,33,0.013095238095238096,curvature/arith_eps,1.1920928955078125e-07,True,
d12-s9,33,0.013095238095238096,curvature/vhv_random,1.2259256911095244e-06,True,
d12-s9,33,0.013095238095238096,curvature/e_fd_random,,False,noise_floor_inconclusive
d12-s9,33,0.013095238095238096,curvature/fd_cos_random,,False,noise_floor_inconclusive
d12-s9,33,0.013095238095238096,curvature/fd_eps_random,0.03,True,
d12-s9,33,0.013095238095238096,curvature/fd_snr_random,199.3678213594961,True,
d12-s9,33,0.013095238095238096,curvature/fd_floor_random,6.949609304723314e-06,True,
d12-s9,33,0.013095238095238096,curvature/fd_conclusive_random,0.0,True,
d12-s9,33,0.013095238095238096,curvature/e_sym_random,3.877414732842168e-06,True,
d12-s9,33,0.013095238095238096,curvature/e_lin_random,6.052847393477409e-07,True,
d12-s9,33,0.013095238095238096,curvature/curv_eps_random,0.003,True,
d12-s9,33,0.013095238095238096,curvature/curv_snr_random,0.20581467741415105,True,
d12-s9,33,0.013095238095238096,curvature/curv_floor_random,0.25742530675011543,True,
d12-s9,33,0.013095238095238096,curvature/c_fd_random,0.05298190646701389,True,
d12-s9,33,0.013095238095238096,curvature/verdict_code_random,1.0,True,
d12-s9,33,0.013095238095238096,curvature/e_curv_random,,False,noise_floor_inconclusive
d12-s9,33,0.013095238095238096,curvature/vhv_gradient,1.2680690695871806,True,
d12-s9,33,0.013095238095238096,curvature/e_fd_gradient,4.674544269914507e-05,True,
d12-s9,33,0.013095238095238096,curvature/fd_cos_gradient,0.9999999995120236,True,
d12-s9,33,0.013095238095238096,curvature/fd_eps_gradient,0.01,True,
d12-s9,33,0.013095238095238096,curvature/fd_snr_gradient,111235.58850350331,True,
d12-s9,33,0.013095238095238096,curvature/fd_floor_gradient,2.084955340175107e-05,True,
d12-s9,33,0.013095238095238096,curvature/fd_conclusive_gradient,1.0,True,
d12-s9,33,0.013095238095238096,curvature/e_sym_gradient,2.442183616238764e-07,True,
d12-s9,33,0.013095238095238096,curvature/e_lin_gradient,3.8510135674625066e-07,True,
d12-s9,33,0.013095238095238096,curvature/curv_eps_gradient,0.022795070569547774,True,
d12-s9,33,0.013095238095238096,curvature/curv_snr_gradient,284.6320477311677,True,
d12-s9,33,0.013095238095238096,curvature/curv_floor_gradient,0.004458888288633088,True,
d12-s9,33,0.013095238095238096,curvature/c_fd_gradient,1.2691425041981579,True,
d12-s9,33,0.013095238095238096,curvature/verdict_code_gradient,0.0,True,
d12-s9,33,0.013095238095238096,curvature/e_curv_gradient,0.0008457951785765009,True,
d12-s9,33,0.013095238095238096,curvature/vhv_update,5.355397578299716e-07,True,
d12-s9,33,0.013095238095238096,curvature/e_fd_update,,False,noise_floor_inconclusive
d12-s9,33,0.013095238095238096,curvature/fd_cos_update,,False,noise_floor_inconclusive
d12-s9,33,0.013095238095238096,curvature/fd_eps_update,0.03,True,
d12-s9,33,0.013095238095238096,curvature/fd_snr_update,98.05830446799033,True,
d12-s9,33,0.013095238095238096,curvature/fd_floor_update,6.9496088768926185e-06,True,
d12-s9,33,0.013095238095238096,curvature/fd_conclusive_update,0.0,True,
d12-s9,33,0.013095238095238096,curvature/e_sym_update,6.532246714182878e-07,True,
d12-s9,33,0.013095238095238096,curvature/e_lin_update,5.197960453885826e-07,True,
d12-s9,33,0.013095238095238096,curvature/curv_eps_update,0.01,True,
d12-s9,33,0.013095238095238096,curvature/curv_snr_update,0.20581467741415105,True,
d12-s9,33,0.013095238095238096,curvature/curv_floor_update,0.02316827760751039,True,
d12-s9,33,0.013095238095238096,curvature/c_fd_update,0.00476837158203125,True,
d12-s9,33,0.013095238095238096,curvature/verdict_code_update,1.0,True,
d12-s9,33,0.013095238095238096,curvature/e_curv_update,,False,noise_floor_inconclusive
d12-s9,41,0.01626984126984127,update/p1,-0.11697132268995697,True,
d12-s9,41,0.01626984126984127,update/p2,-0.024083881178966787,True,
d12-s9,41,0.01626984126984127,update/actual,-0.03408002853393555,True,
d12-s9,41,0.01626984126984127,update/residual_p1,0.08289129415602142,True,
d12-s9,41,0.01626984126984127,update/residual_p2,-0.00999614735496876,True,
d12-s9,41,0.01626984126984127,update/normalized_residual,-0.2933139373699465,True,
d12-s9,41,0.01626984126984127,update/loss_before,4.667031764984131,True,
d12-s9,41,0.01626984126984127,update/loss_after,4.632951736450195,True,
d12-s9,41,0.01626984126984127,update/direction_norm,697.3676157400288,True,
d12-s9,41,0.01626984126984127,curvature/dhd,0.18577488302198036,True,
d12-s9,41,0.01626984126984127,curvature/gHg,3.512471372554584,True,
d12-s9,41,0.01626984126984127,curvature/gg,2.954336684206277,True,
d12-s9,41,0.01626984126984127,curvature/eta_star,0.8410991495306105,True,
d12-s9,41,0.01626984126984127,curvature/Hg_norm,3.6090955240615066,True,
d12-s9,41,0.01626984126984127,curvature/eta_star_rho,0.5662189796320769,True,
d12-s9,41,0.01626984126984127,curvature/eta_star_rho_threshold,9.5367431640625e-07,True,
d12-s9,41,0.01626984126984127,curvature/shadow_verdict_code,1.0,True,
d12-s9,41,0.01626984126984127,curvature/arith_eps,1.1920928955078125e-07,True,
d12-s9,41,0.01626984126984127,curvature/vhv_random,5.820026343658754e-07,True,
d12-s9,41,0.01626984126984127,curvature/e_fd_random,,False,noise_floor_inconclusive
d12-s9,41,0.01626984126984127,curvature/fd_cos_random,,False,noise_floor_inconclusive
d12-s9,41,0.01626984126984127,curvature/fd_eps_random,0.03,True,
d12-s9,41,0.01626984126984127,curvature/fd_snr_random,205.2149820297407,True,
d12-s9,41,0.01626984126984127,curvature/fd_floor_random,6.82997099921814e-06,True,
d12-s9,41,0.01626984126984127,curvature/fd_conclusive_random,0.0,True,
d12-s9,41,0.01626984126984127,curvature/e_sym_random,4.990786668404469e-05,True,
d12-s9,41,0.01626984126984127,curvature/e_lin_random,6.401278384094128e-07,True,
d12-s9,41,0.01626984126984127,curvature/curv_eps_random,0.003,True,
d12-s9,41,0.01626984126984127,curvature/curv_snr_random,0.4285378798649356,True,
d12-s9,41,0.01626984126984127,curvature/curv_floor_random,0.2472682530828428,True,
d12-s9,41,0.01626984126984127,curvature/c_fd_random,0.10596381293402778,True,
d12-s9,41,0.01626984126984127,curvature/verdict_code_random,1.0,True,
d12-s9,41,0.01626984126984127,curvature/e_curv_random,,False,noise_floor_inconclusive
d12-s9,41,0.01626984126984127,curvature/vhv_gradient,1.1889205550732669,True,
d12-s9,41,0.01626984126984127,curvature/e_fd_gradient,5.042304379570261e-05,True,
d12-s9,41,0.01626984126984127,curvature/fd_cos_gradient,0.999999999410114,True,
d12-s9,41,0.01626984126984127,curvature/fd_eps_gradient,0.01,True,
d12-s9,41,0.01626984126984127,curvature/fd_snr_gradient,102474.58767246648,True,
d12-s9,41,0.01626984126984127,curvature/fd_floor_gradient,2.049048512528669e-05,True,
d12-s9,41,0.01626984126984127,curvature/fd_conclusive_gradient,1.0,True,
d12-s9,41,0.01626984126984127,curvature/e_sym_gradient,1.8822300468956054e-07,True,
d12-s9,41,0.01626984126984127,curvature/e_lin_gradient,3.8806674018041483e-07,True,
d12-s9,41,0.01626984126984127,curvature/curv_eps_gradient,0.022795070569547774,True,
d12-s9,41,0.01626984126984127,curvature/curv_snr_gradient,277.8976227980973,True,
d12-s9,41,0.01626984126984127,curvature/curv_floor_gradient,0.004282953441180566,True,
d12-s9,41,0.01626984126984127,curvature/c_fd_gradient,1.1902225798590098,True,
d12-s9,41,0.01626984126984127,curvature/verdict_code_gradient,0.0,True,
d12-s9,41,0.01626984126984127,curvature/e_curv_gradient,0.0010939338639476676,True,
d12-s9,41,0.01626984126984127,curvature/vhv_update,3.8200004989099626e-07,True,
d12-s9,41,0.01626984126984127,curvature/e_fd_update,,False,noise_floor_inconclusive
d12-s9,41,0.01626984126984127,curvature/fd_cos_update,,False,noise_floor_inconclusive
d12-s9,41,0.01626984126984127,curvature/fd_eps_update,0.03,True,
d12-s9,41,0.01626984126984127,curvature/fd_snr_update,78.25635298662381,True,
d12-s9,41,0.01626984126984127,curvature/fd_floor_update,6.8299707300808164e-06,True,
d12-s9,41,0.01626984126984127,curvature/fd_conclusive_update,0.0,True,
d12-s9,41,0.01626984126984127,curvature/e_sym_update,5.592345817697184e-08,True,
d12-s9,41,0.01626984126984127,curvature/e_lin_update,5.983360911775353e-07,True,
d12-s9,41,0.01626984126984127,curvature/curv_eps_update,0.01,True,
d12-s9,41,0.01626984126984127,curvature/curv_snr_update,0.2142689454055069,True,
d12-s9,41,0.01626984126984127,curvature/curv_floor_update,0.022254142209021666,True,
d12-s9,41,0.01626984126984127,curvature/c_fd_update,0.00476837158203125,True,
d12-s9,41,0.01626984126984127,curvature/verdict_code_update,1.0,True,
d12-s9,41,0.01626984126984127,curvature/e_curv_update,,False,noise_floor_inconclusive
d12-s9,65,0.025793650793650792,update/p1,-0.14586078499227148,True,
d12-s9,65,0.025793650793650792,update/p2,-0.0611768059145838,True,
d12-s9,65,0.025793650793650792,update/actual,-0.06572628021240234,True,
d12-s9,65,0.025793650793650792,update/residual_p1,0.08013450477986914,True,
d12-s9,65,0.025793650793650792,update/residual_p2,-0.004549474297818545,True,
d12-s9,65,0.025793650793650792,update/normalized_residual,-0.06921849651488529,True,
d12-s9,65,0.025793650793650792,update/loss_before,4.018857002258301,True,
d12-s9,65,0.025793650793650792,update/loss_after,3.9531307220458984,True,
d12-s9,65,0.025793650793650792,update/direction_norm,812.4751402130801,True,
d12-s9,65,0.025793650793650792,curvature/dhd,0.16936795815537536,True,
d12-s9,65,0.025793650793650792,curvature/gHg,3.825911702041756,True,
d12-s9,65,0.025793650793650792,curvature/gg,2.43821218072812,True,
d12-s9,65,0.025793650793650792,curvature/eta_star,0.6372891929071262,True,
d12-s9,65,0.025793650793650792,curvature/Hg_norm,3.960899588666309,True,
d12-s9,65,0.025793650793650792,curvature/eta_star_rho,0.6185935132698317,True,
d12-s9,65,0.025793650793650792,curvature/eta_star_rho_threshold,9.5367431640625e-07,True,
d12-s9,65,0.025793650793650792,curvature/shadow_verdict_code,1.0,True,
d12-s9,65,0.025793650793650792,curvature/arith_eps,1.1920928955078125e-07,True,
d12-s9,65,0.025793650793650792,curvature/vhv_random,6.91651152667197e-07,True,
d12-s9,65,0.025793650793650792,curvature/e_fd_random,,False,noise_floor_inconclusive
d12-s9,65,0.025793650793650792,curvature/fd_cos_random,,False,noise_floor_inconclusive
d12-s9,65,0.025793650793650792,curvature/fd_eps_random,0.03,True,
d12-s9,65,0.025793650793650792,curvature/fd_snr_random,311.5760554695296,True,
d12-s9,65,0.025793650793650792,curvature/fd_floor_random,6.204755087573463e-06,True,
d12-s9,65,0.025793650793650792,curvature/fd_conclusive_random,0.0,True,
d12-s9,65,0.025793650793650792,curvature/e_sym_random,6.328838565768808e-07,True,
d12-s9,65,0.025793650793650792,curvature/e_lin_random,6.820738369255902e-07,True,
d12-s9,65,0.025793650793650792,curvature/curv_eps_random,0.003,True,
d12-s9,65,0.025793650793650792,curvature/curv_snr_random,0.2488269747096154,True,
d12-s9,65,0.025793650793650792,curvature/curv_floor_random,0.21292669948201767,True,
d12-s9,65,0.025793650793650792,curvature/c_fd_random,-0.05298190646701389,True,
d12-s9,65,0.025793650793650792,curvature/verdict_code_random,1.0,True,
d12-s9,65,0.025793650793650792,curvature/e_curv_random,,False,noise_floor_inconclusive
d12-s9,65,0.025793650793650792,curvature/vhv_gradient,1.5691462304773065,True,
d12-s9,65,0.025793650793650792,curvature/e_fd_gradient,7.273592516747551e-05,True,
d12-s9,65,0.025793650793650792,curvature/fd_cos_gradient,0.9999999987018163,True,
d12-s9,65,0.025793650793650792,curvature/fd_eps_gradient,0.01,True,
d12-s9,65,0.025793650793650792,curvature/fd_snr_gradient,136265.80365995815,True,
d12-s9,65,0.025793650793650792,curvature/fd_floor_gradient,1.861534859451145e-05,True,
d12-s9,65,0.025793650793650792,curvature/fd_conclusive_gradient,1.0,True,
d12-s9,65,0.025793650793650792,curvature/e_sym_gradient,8.611738845040932e-07,True,
d12-s9,65,0.025793650793650792,curvature/e_lin_gradient,3.80211796821859e-07,True,
d12-s9,65,0.025793650793650792,curvature/curv_eps_gradient,0.01987013346421578,True,
d12-s9,65,0.025793650793650792,curvature/curv_snr_gradient,322.9649688256309,True,
d12-s9,65,0.025793650793650792,curvature/curv_floor_gradient,0.004853866160713253,True,
d12-s9,65,0.025793650793650792,curvature/c_fd_gradient,1.5676287332785404,True,
d12-s9,65,0.025793650793650792,curvature/verdict_code_gradient,0.0,True,
d12-s9,65,0.025793650793650792,curvature/e_curv_gradient,0.0009670846281194284,True,
d12-s9,65,0.025793650793650792,curvature/vhv_update,2.565730478266515e-07,True,
d12-s9,65,0.025793650793650792,curvature/e_fd_update,,False,noise_floor_inconclusive
d12-s9,65,0.025793650793650792,curvature/fd_cos_update,,False,noise_floor_inconclusive
d12-s9,65,0.025793650793650792,curvature/fd_eps_update,0.03,True,
d12-s9,65,0.025793650793650792,curvature/fd_snr_update,100.15506121318344,True,
d12-s9,65,0.025793650793650792,curvature/fd_floor_update,6.204754654355775e-06,True,
d12-s9,65,0.025793650793650792,curvature/fd_conclusive_update,0.0,True,
d12-s9,65,0.025793650793650792,curvature/e_sym_update,1.10805659391162e-06,True,
d12-s9,65,0.025793650793650792,curvature/e_lin_update,5.794747865080074e-07,True,
d12-s9,65,0.025793650793650792,curvature/curv_eps_update,0.003,True,
d12-s9,65,0.025793650793650792,curvature/curv_snr_update,0.2488269747096154,True,
d12-s9,65,0.025793650793650792,curvature/curv_floor_update,0.21292669948201767,True,
d12-s9,65,0.025793650793650792,curvature/c_fd_update,-0.05298190646701389,True,
d12-s9,65,0.025793650793650792,curvature/verdict_code_update,1.0,True,
d12-s9,65,0.025793650793650792,curvature/e_curv_update,,False,noise_floor_inconclusive
d12-s9,127,0.0503968253968254,update/p1,-0.1333558395928363,True,
d12-s9,127,0.0503968253968254,update/p2,-0.0003214416229301853,True,
d12-s9,127,0.0503968253968254,update/actual,-0.006947994232177734,True,
d12-s9,127,0.0503968253968254,update/residual_p1,0.12640784536065858,True,
d12-s9,127,0.0503968253968254,update/residual_p2,-0.006626552609247549,True,
d12-s9,127,0.0503968253968254,update/normalized_residual,-0.9537360550126084,True,
d12-s9,127,0.0503968253968254,update/loss_before,3.040900230407715,True,
d12-s9,127,0.0503968253968254,update/loss_after,3.033952236175537,True,
d12-s9,127,0.0503968253968254,update/direction_norm,1132.2297381608569,True,
d12-s9,127,0.0503968253968254,curvature/dhd,0.26606879593981225,True,
d12-s9,127,0.0503968253968254,curvature/gHg,14.016186220010496,True,
d12-s9,127,0.0503968253968254,curvature/gg,2.857779876085521,True,
d12-s9,127,0.0503968253968254,curvature/eta_star,0.20389140321249105,True,
d12-s9,127,0.0503968253968254,curvature/Hg_norm,15.935519795390153,True,
d12-s9,127,0.0503968253968254,curvature/eta_star_rho,0.5202945034919719,True,
d12-s9,127,0.0503968253968254,curvature/eta_star_rho_threshold,9.5367431640625e-07,True,
d12-s9,127,0.0503968253968254,curvature/shadow_verdict_code,1.0,True,
d12-s9,127,0.0503968253968254,curvature/arith_eps,1.1920928955078125e-07,True,
d12-s9,127,0.0503968253968254,curvature/vhv_random,2.9651141054189146e-06,True,
d12-s9,127,0.0503968253968254,curvature/e_fd_random,0.008622664253362791,True,
d12-s9,127,0.0503968253968254,curvature/fd_cos_random,0.9999628241625936,True,
d12-s9,127,0.0503968253968254,curvature/fd_eps_random,0.03,True,
d12-s9,127,0.0503968253968254,curvature/fd_snr_random,640.7594042789187,True,
d12-s9,127,0.0503968253968254,curvature/fd_floor_random,6.717431144206228e-06,True,
d12-s9,127,0.0503968253968254,curvature/fd_conclusive_random,1.0,True,
d12-s9,127,0.0503968253968254,curvature/e_sym_random,1.351146943882791e-06,True,
d12-s9,127,0.0503968253968254,curvature/e_lin_random,6.238898993394458e-07,True,
d12-s9,127,0.0503968253968254,curvature/curv_eps_random,0.01,True,
d12-s9,127,0.0503968253968254,curvature/curv_snr_random,0.8221248859100183,True,
d12-s9,127,0.0503968253968254,curvature/curv_floor_random,0.0145001436635539,True,
d12-s9,127,0.0503968253968254,curvature/c_fd_random,0.011920928955078125,True,
d12-s9,127,0.0503968253968254,curvature/verdict_code_random,1.0,True,
d12-s9,127,0.0503968253968254,curvature/e_curv_random,,False,noise_floor_inconclusive
d12-s9,127,0.0503968253968254,curvature/vhv_gradient,4.904572284820564,True,
d12-s9,127,0.0503968253968254,curvature/e_fd_gradient,6.565965929033973e-05,True,
d12-s9,127,0.0503968253968254,curvature/fd_cos_gradient,0.999999997857328,True,
d12-s9,127,0.0503968253968254,curvature/fd_eps_gradient,0.003,True,
d12-s9,127,0.0503968253968254,curvature/fd_snr_gradient,140321.43268546465,True,
d12-s9,127,0.0503968253968254,curvature/fd_floor_gradient,6.717846739075128e-05,True,
d12-s9,127,0.0503968253968254,curvature/fd_conclusive_gradient,1.0,True,
d12-s9,127,0.0503968253968254,curvature/e_sym_gradient,1.2916116631750423e-07,True,
d12-s9,127,0.0503968253968254,curvature/e_lin_gradient,2.6022570207228444e-07,True,
d12-s9,127,0.0503968253968254,curvature/curv_eps_gradient,0.008602806544914778,True,
d12-s9,127,0.0503968253968254,curvature/curv_snr_gradient,250.90503492340534,True,
d12-s9,127,0.0503968253968254,curvature/curv_floor_gradient,0.019593180478908817,True,
d12-s9,127,0.0503968253968254,curvature/c_fd_gradient,4.9160276323212,True,
d12-s9,127,0.0503968253968254,curvature/verdict_code_gradient,0.0,True,
d12-s9,127,0.0503968253968254,curvature/e_curv_gradient,0.002330204050384307,True,
d12-s9,127,0.0503968253968254,curvature/vhv_update,2.0755099168650223e-07,True,
d12-s9,127,0.0503968253968254,curvature/e_fd_update,,False,noise_floor_inconclusive
d12-s9,127,0.0503968253968254,curvature/fd_cos_update,,False,noise_floor_inconclusive
d12-s9,127,0.0503968253968254,curvature/fd_eps_update,0.03,True,
d12-s9,127,0.0503968253968254,curvature/fd_snr_update,203.30293238797725,True,
d12-s9,127,0.0503968253968254,curvature/fd_floor_update,6.7174314492363335e-06,True,
d12-s9,127,0.0503968253968254,curvature/fd_conclusive_update,0.0,True,
d12-s9,127,0.0503968253968254,curvature/e_sym_update,4.213970261534374e-07,True,
d12-s9,127,0.0503968253968254,curvature/e_lin_update,5.424011409117593e-07,True,
d12-s9,127,0.0503968253968254,curvature/curv_eps_update,0.03,True,
d12-s9,127,0.0503968253968254,curvature/curv_snr_update,0.9865498437546736,True,
d12-s9,127,0.0503968253968254,curvature/curv_floor_update,0.0016111271053078882,True,
d12-s9,127,0.0503968253968254,curvature/c_fd_update,0.0015894571940104167,True,
d12-s9,127,0.0503968253968254,curvature/verdict_code_update,1.0,True,
d12-s9,127,0.0503968253968254,curvature/e_curv_update,,False,noise_floor_inconclusive
d12-s9,253,0.1003968253968254,update/p1,-0.2179089556062882,True,
d12-s9,253,0.1003968253968254,update/p2,-0.09618041728545113,True,
d12-s9,253,0.1003968253968254,update/actual,-0.10738801956176758,True,
d12-s9,253,0.1003968253968254,update/residual_p1,0.11052093604452062,True,
d12-s9,253,0.1003968253968254,update/residual_p2,-0.011207602276316453,True,
d12-s9,253,0.1003968253968254,update/normalized_residual,-0.10436548063790346,True,
d12-s9,253,0.1003968253968254,update/loss_before,2.5059924125671387,True,
d12-s9,253,0.1003968253968254,update/loss_after,2.398604393005371,True,
d12-s9,253,0.1003968253968254,update/direction_norm,829.5814581221454,True,
d12-s9,253,0.1003968253968254,curvature/dhd,0.24345707664167415,True,
d12-s9,253,0.1003968253968254,curvature/gHg,10.336794203109461,True,
d12-s9,253,0.1003968253968254,curvature/gg,4.3739187886806885,True,
d12-s9,253,0.1003968253968254,curvature/eta_star,0.4231407439034579,True,
d12-s9,253,0.1003968253968254,curvature/Hg_norm,11.18192056812215,True,
d12-s9,253,0.1003968253968254,curvature/eta_star_rho,0.44201205035390195,True,
d12-s9,253,0.1003968253968254,curvature/eta_star_rho_threshold,9.5367431640625e-07,True,
d12-s9,253,0.1003968253968254,curvature/shadow_verdict_code,1.0,True,
d12-s9,253,0.1003968253968254,curvature/arith_eps,1.1920928955078125e-07,True,
d12-s9,253,0.1003968253968254,curvature/vhv_random,5.991559512152259e-06,True,
d12-s9,253,0.1003968253968254,curvature/e_fd_random,0.008998379450476757,True,
d12-s9,253,0.1003968253968254,curvature/fd_cos_random,0.9999595169655201,True,
d12-s9,253,0.1003968253968254,curvature/fd_eps_random,0.03,True,
d12-s9,253,0.1003968253968254,curvature/fd_snr_random,731.7770132741792,True,
d12-s9,253,0.1003968253968254,curvature/fd_floor_random,8.310442013386933e-06,True,
d12-s9,253,0.1003968253968254,curvature/fd_conclusive_random,1.0,True,
d12-s9,253,0.1003968253968254,curvature/e_sym_random,4.975923625815685e-07,True,
d12-s9,253,0.1003968253968254,curvature/e_lin_random,7.343596772835445e-07,True,
d12-s9,253,0.1003968253968254,curvature/curv_eps_random,0.03,True,
d12-s9,253,0.1003968253968254,curvature/curv_snr_random,0.7980870892701505,True,
d12-s9,253,0.1003968253968254,curvature/curv_floor_random,0.0013277224297780776,True,
d12-s9,253,0.1003968253968254,curvature/c_fd_random,-0.0010596381293402778,True,
d12-s9,253,0.1003968253968254,curvature/verdict_code_random,1.0,True,
d12-s9,253,0.1003968253968254,curvature/e_curv_random,,False,noise_floor_inconclusive
d12-s9,253,0.1003968253968254,curvature/vhv_gradient,2.3632799304354766,True,
d12-s9,253,0.1003968253968254,curvature/e_fd_gradient,0.0006128538520525395,True,
d12-s9,253,0.1003968253968254,curvature/fd_cos_gradient,0.9999998213885918,True,
d12-s9,253,0.1003968253968254,curvature/fd_eps_gradient,0.001,True,
d12-s9,253,0.1003968253968254,curvature/fd_snr_gradient,21445.436444220635,True,
d12-s9,253,0.1003968253968254,curvature/fd_floor_gradient,0.0002493136958265393,True,
d12-s9,253,0.1003968253968254,curvature/fd_conclusive_gradient,1.0,True,
d12-s9,253,0.1003968253968254,curvature/e_sym_gradient,3.269511486215647e-07,True,
d12-s9,253,0.1003968253968254,curvature/e_lin_gradient,4.627413614953941e-07,True,
d12-s9,253,0.1003968253968254,curvature/curv_eps_gradient,0.011472026904398771,True,
d12-s9,253,0.1003968253968254,curvature/curv_snr_gradient,259.7692783411097,True,
d12-s9,253,0.1003968253968254,curvature/curv_floor_gradient,0.009079939986596501,True,
d12-s9,253,0.1003968253968254,curvature/c_fd_gradient,2.3586894576987585,True,
d12-s9,253,0.1003968253968254,curvature/verdict_code_gradient,0.0,True,
d12-s9,253,0.1003968253968254,curvature/e_curv_gradient,0.0019424159946520643,True,
d12-s9,253,0.1003968253968254,curvature/vhv_update,3.537563946393785e-07,True,
d12-s9,253,0.1003968253968254,curvature/e_fd_update,,False,noise_floor_inconclusive
d12-s9,253,0.1003968253968254,curvature/fd_cos_update,,False,noise_floor_inconclusive
d12-s9,253,0.1003968253968254,curvature/fd_eps_update,0.03,True,
d12-s9,253,0.1003968253968254,curvature/fd_snr_update,166.48577395063916,True,
d12-s9,253,0.1003968253968254,curvature/fd_floor_update,8.310443514367759e-06,True,
d12-s9,253,0.1003968253968254,curvature/fd_conclusive_update,0.0,True,
d12-s9,253,0.1003968253968254,curvature/e_sym_update,2.83689357060889e-07,True,
d12-s9,253,0.1003968253968254,curvature/e_lin_update,7.023493833511206e-07,True,
d12-s9,253,0.1003968253968254,curvature/curv_eps_update,0.003,True,
d12-s9,253,0.1003968253968254,curvature/curv_snr_update,0.3990435256526955,True,
d12-s9,253,0.1003968253968254,curvature/curv_floor_update,0.13277224929374318,True,
d12-s9,253,0.1003968253968254,curvature/c_fd_update,-0.05298190646701389,True,
d12-s9,253,0.1003968253968254,curvature/verdict_code_update,1.0,True,
d12-s9,253,0.1003968253968254,curvature/e_curv_update,,False,noise_floor_inconclusive
d12-s9,379,0.1503968253968254,update/p1,-0.13404174092683666,True,
d12-s9,379,0.1503968253968254,update/p2,-0.06603413232084768,True,
d12-s9,379,0.1503968253968254,update/actual,-0.06820821762084961,True,
d12-s9,379,0.1503968253968254,update/residual_p1,0.06583352330598705,True,
d12-s9,379,0.1503968253968254,update/residual_p2,-0.0021740853000019322,True,
d12-s9,379,0.1503968253968254,update/normalized_residual,-0.03187424295540259,True,
d12-s9,379,0.1503968253968254,update/loss_before,2.202301502227783,True,
d12-s9,379,0.1503968253968254,update/loss_after,2.1340932846069336,True,
d12-s9,379,0.1503968253968254,update/direction_norm,766.7165526953736,True,
d12-s9,379,0.1503968253968254,curvature/dhd,0.13601521721197796,True,
d12-s9,379,0.1503968253968254,curvature/gHg,10.247924649756587,True,
d12-s9,379,0.1503968253968254,curvature/gg,4.341094640251897,True,
d12-s9,379,0.1503968253968254,curvature/eta_star,0.4236071974197242,True,
d12-s9,379,0.1503968253968254,curvature/Hg_norm,11.245244810064104,True,
d12-s9,379,0.1503968253968254,curvature/eta_star_rho,0.43738852194407063,True,
d12-s9,379,0.1503968253968254,curvature/eta_star_rho_threshold,9.5367431640625e-07,True,
d12-s9,379,0.1503968253968254,curvature/shadow_verdict_code,1.0,True,
d12-s9,379,0.1503968253968254,curvature/arith_eps,1.1920928955078125e-07,True,
d12-s9,379,0.1503968253968254,curvature/vhv_random,7.000590284670968e-06,True,
d12-s9,379,0.1503968253968254,curvature/e_fd_random,0.009772028451933352,True,
d12-s9,379,0.1503968253968254,curvature/fd_cos_random,0.9999522533008154,True,
d12-s9,379,0.1503968253968254,curvature/fd_eps_random,0.03,True,
d12-s9,379,0.1503968253968254,curvature/fd_snr_random,700.0756249733121,True,
d12-s9,379,0.1503968253968254,curvature/fd_floor_random,8.279201490338631e-06,True,
d12-s9,379,0.1503968253968254,curvature/fd_conclusive_random,1.0,True,
d12-s9,379,0.1503968253968254,curvature/e_sym_random,5.696349622482212e-08,True,
d12-s9,379,0.1503968253968254,curvature/e_lin_random,7.297464342639081e-07,True,
d12-s9,379,0.1503968253968254,curvature/curv_eps_random,0.1,True,
d12-s9,379,0.1503968253968254,curvature/curv_snr_random,0.9081409672992268,True,
d12-s9,379,0.1503968253968254,curvature/curv_floor_random,0.00010501390761419313,True,
d12-s9,379,0.1503968253968254,curvature/c_fd_random,-9.536743164062499e-05,True,
d12-s9,379,0.1503968253968254,curvature/verdict_code_random,1.0,True,
d12-s9,379,0.1503968253968254,curvature/e_curv_random,,False,noise_floor_inconclusive
d12-s9,379,0.1503968253968254,curvature/vhv_gradient,2.360677363350831,True,
d12-s9,379,0.1503968253968254,curvature/e_fd_gradient,0.0013208888938706289,True,
d12-s9,379,0.1503968253968254,curvature/fd_cos_gradient,0.9999991537597046,True,
d12-s9,379,0.1503968253968254,curvature/fd_eps_gradient,0.0003,True,
d12-s9,379,0.1503968253968254,curvature/fd_snr_gradient,6520.493555910336,True,
d12-s9,379,0.1503968253968254,curvature/fd_floor_gradient,0.0008279201979558366,True,
d12-s9,379,0.1503968253968254,curvature/fd_conclusive_gradient,1.0,True,
d12-s9,379,0.1503968253968254,curvature/e_sym_gradient,8.218309722692053e-07,True,
d12-s9,379,0.1503968253968254,curvature/e_lin_gradient,5.339499752728828e-07,True,
d12-s9,379,0.1503968253968254,curvature/curv_eps_gradient,0.011472026904398771,True,
d12-s9,379,0.1503968253968254,curvature/curv_snr_gradient,295.58943680058803,True,
d12-s9,379,0.1503968253968254,curvature/curv_floor_gradient,0.00797961349102603,True,
d12-s9,379,0.1503968253968254,curvature/c_fd_gradient,2.3586894576987585,True,
d12-s9,379,0.1503968253968254,curvature/verdict_code_gradient,0.0,True,
d12-s9,379,0.1503968253968254,curvature/e_curv_gradient,0.0008420912077756041,True,
d12-s9,379,0.1503968253968254,curvature/vhv_update,2.3137575951886262e-07,True,
d12-s9,379,0.1503968253968254,curvature/e_fd_update,,False,noise_floor_inconclusive
d12-s9,379,0.1503968253968254,curvature/fd_cos_update,,False,noise_floor_inconclusive
d12-s9,379,0.1503968253968254,curvature/fd_eps_update,0.03,True,
d12-s9,379,0.1503968253968254,curvature/fd_snr_update,132.70849861889593,True,
d12-s9,379,0.1503968253968254,curvature/fd_floor_update,8.279201180152107e-06,True,
d12-s9,379,0.1503968253968254,curvature/fd_conclusive_update,0.0,True,
d12-s9,379,0.1503968253968254,curvature/e_sym_update,1.1372104280871479e-06,True,
d12-s9,379,0.1503968253968254,curvature/e_lin_update,7.341545508403603e-07,True,
d12-s9,379,0.1503968253968254,curvature/curv_eps_update,0.1,True,
d12-s9,379,0.1503968253968254,curvature/curv_snr_update,0.6811057070404917,True,
d12-s9,379,0.1503968253968254,curvature/curv_floor_update,0.00010501391045636407,True,
d12-s9,379,0.1503968253968254,curvature/c_fd_update,-7.152557373046874e-05,True,
d12-s9,379,0.1503968253968254,curvature/verdict_code_update,1.0,True,
d12-s9,379,0.1503968253968254,curvature/e_curv_update,,False,noise_floor_inconclusive
d12-s9,401,0.15912698412698412,update/p1,0.018115718442276135,True,
d12-s9,401,0.15912698412698412,update/p2,0.09660937978212006,True,
d12-s9,401,0.15912698412698412,update/actual,0.08883428573608398,True,
d12-s9,401,0.15912698412698412,update/residual_p1,0.07071856729380785,True,
d12-s9,401,0.15912698412698412,update/residual_p2,-0.007775094046036074,True,
d12-s9,401,0.15912698412698412,update/normalized_residual,-0.0804797014903831,True,
d12-s9,401,0.15912698412698412,update/loss_before,2.125764846801758,True,
d12-s9,401,0.15912698412698412,update/loss_after,2.214599132537842,True,
d12-s9,401,0.15912698412698412,update/direction_norm,764.4937859907001,True,
d12-s9,401,0.15912698412698412,curvature/dhd,0.15698732267968785,True,
d12-s9,401,0.15912698412698412,curvature/gHg,6.585549161815608,True,
d12-s9,401,0.15912698412698412,curvature/gg,3.925968995010404,True,
d12-s9,401,0.15912698412698412,curvature/eta_star,0.5961490679887401,True,
d12-s9,401,0.15912698412698412,curvature/Hg_norm,8.903625961600564,True,
d12-s9,401,0.15912698412698412,curvature/eta_star_rho,0.37329455591821076,True,
d12-s9,401,0.15912698412698412,curvature/eta_star_rho_threshold,9.5367431640625e-07,True,
d12-s9,401,0.15912698412698412,curvature/shadow_verdict_code,1.0,True,
d12-s9,401,0.15912698412698412,curvature/arith_eps,1.1920928955078125e-07,True,
d12-s9,401,0.15912698412698412,curvature/vhv_random,5.550473666551713e-06,True,
d12-s9,401,0.15912698412698412,curvature/e_fd_random,,False,insufficient_conclusive_points
d12-s9,401,0.15912698412698412,curvature/fd_cos_random,,False,insufficient_conclusive_points
d12-s9,401,0.15912698412698412,curvature/fd_eps_random,0.03,True,
d12-s9,401,0.15912698412698412,curvature/fd_snr_random,702.6972681514097,True,
d12-s9,401,0.15912698412698412,curvature/fd_floor_random,7.873398949467997e-06,True,
d12-s9,401,0.15912698412698412,curvature/fd_conclusive_random,0.0,True,
d12-s9,401,0.15912698412698412,curvature/e_sym_random,3.267266339661672e-07,True,
d12-s9,401,0.15912698412698412,curvature/e_lin_random,7.746084591535881e-07,True,
d12-s9,401,0.15912698412698412,curvature/curv_eps_random,0.03,True,
d12-s9,401,0.15912698412698412,curvature/curv_snr_random,0.47041894477783935,True,
d12-s9,401,0.15912698412698412,curvature/curv_floor_random,0.001126270679681814,True,
d12-s9,401,0.15912698412698412,curvature/c_fd_random,-0.0005298190646701389,True,
d12-s9,401,0.15912698412698412,curvature/verdict_code_random,1.0,True,
d12-s9,401,0.15912698412698412,curvature/e_curv_random,,False,noise_floor_inconclusive
d12-s9,401,0.15912698412698412,curvature/vhv_gradient,1.6774323451991862,True,
d12-s9,401,0.15912698412698412,curvature/e_fd_gradient,0.0015527834669522155,True,
d12-s9,401,0.15912698412698412,curvature/fd_cos_gradient,0.9999988200809657,True,
d12-s9,401,0.15912698412698412,curvature/fd_eps_gradient,0.0003,True,
d12-s9,401,0.15912698412698412,curvature/fd_snr_gradient,5707.305761429065,True,
d12-s9,401,0.15912698412698412,curvature/fd_floor_gradient,0.0007873399436107975,True,
d12-s9,401,0.15912698412698412,curvature/fd_conclusive_gradient,1.0,True,
d12-s9,401,0.15912698412698412,curvature/e_sym_gradient,8.460752186513491e-07,True,
d12-s9,401,0.15912698412698412,curvature/e_lin_gradient,6.386752739086006e-07,True,
d12-s9,401,0.15912698412698412,curvature/curv_eps_gradient,0.013160740129524924,True,
d12-s9,401,0.15912698412698412,curvature/curv_snr_gradient,286.7105310756419,True,
d12-s9,401,0.15912698412698412,curvature/curv_floor_gradient,0.005852474478180323,True,
d12-s9,401,0.15912698412698412,curvature/c_fd_gradient,1.6779660657457205,True,
d12-s9,401,0.15912698412698412,curvature/verdict_code_gradient,0.0,True,
d12-s9,401,0.15912698412698412,curvature/e_curv_gradient,0.00031807588808247883,True,
d12-s9,401,0.15912698412698412,curvature/vhv_update,2.6860659375863913e-07,True,
d12-s9,401,0.15912698412698412,curvature/e_fd_update,,False,noise_floor_inconclusive
d12-s9,401,0.15912698412698412,curvature/fd_cos_update,,False,noise_floor_inconclusive
d12-s9,401,0.15912698412698412,curvature/fd_eps_update,0.03,True,
d12-s9,401,0.15912698412698412,curvature/fd_snr_update,148.85549513793856,True,
d12-s9,401,0.15912698412698412,curvature/fd_floor_update,7.87339896442519e-06,True,
d12-s9,401,0.15912698412698412,curvature/fd_conclusive_update,0.0,True,
d12-s9,401,0.15912698412698412,curvature/e_sym_update,5.034571722764138e-07,True,
d12-s9,401,0.15912698412698412,curvature/e_lin_update,7.630420478986994e-07,True,
d12-s9,401,0.15912698412698412,curvature/curv_eps_update,0.01,True,
d12-s9,401,0.15912698412698412,curvature/curv_snr_update,0.2352094526036974,True,
d12-s9,401,0.15912698412698412,curvature/curv_floor_update,0.01013643696978761,True,
d12-s9,401,0.15912698412698412,curvature/c_fd_update,0.002384185791015625,True,
d12-s9,401,0.15912698412698412,curvature/verdict_code_update,1.0,True,
d12-s9,401,0.15912698412698412,curvature/e_curv_update,,False,noise_floor_inconclusive
d12-s9,505,0.2003968253968254,update/p1,-0.046648162600816764,True,
d12-s9,505,0.2003968253968254,update/p2,0.01589130162342041,True,
d12-s9,505,0.2003968253968254,update/actual,0.012531757354736328,True,
d12-s9,505,0.2003968253968254,update/residual_p1,0.05917991995555309,True,
d12-s9,505,0.2003968253968254,update/residual_p2,-0.003359544268684081,True,
d12-s9,505,0.2003968253968254,update/normalized_residual,-0.21140774672181825,True,
d12-s9,505,0.2003968253968254,update/loss_before,2.021759033203125,True,
d12-s9,505,0.2003968253968254,update/loss_after,2.0342907905578613,True,
d12-s9,505,0.2003968253968254,update/direction_norm,745.6948708781354,True,
d12-s9,505,0.2003968253968254,curvature/dhd,0.12507892844847435,True,
d12-s9,505,0.2003968253968254,curvature/gHg,7.080658884982537,True,
d12-s9,505,0.2003968253968254,curvature/gg,3.4943160037967145,True,
d12-s9,505,0.2003968253968254,curvature/eta_star,0.4935015315040604,True,
d12-s9,505,0.2003968253968254,curvature/Hg_norm,8.185134308281881,True,
d12-s9,505,0.2003968253968254,curvature/eta_star_rho,0.4627716800022819,True,
d12-s9,505,0.2003968253968254,curvature/eta_star_rho_threshold,9.5367431640625e-07,True,
d12-s9,505,0.2003968253968254,curvature/shadow_verdict_code,1.0,True,
d12-s9,505,0.2003968253968254,curvature/arith_eps,1.1920928955078125e-07,True,
d12-s9,505,0.2003968253968254,curvature/vhv_random,4.7857409417357844e-06,True,
d12-s9,505,0.2003968253968254,curvature/e_fd_random,,False,insufficient_conclusive_points
d12-s9,505,0.2003968253968254,curvature/fd_cos_random,,False,insufficient_conclusive_points
d12-s9,505,0.2003968253968254,curvature/fd_eps_random,0.03,True,
d12-s9,505,0.2003968253968254,curvature/fd_snr_random,612.5741132875135,True,
d12-s9,505,0.2003968253968254,curvature/fd_floor_random,7.427966467084446e-06,True,
d12-s9,505,0.2003968253968254,curvature/fd_conclusive_random,0.0,True,
d12-s9,505,0.2003968253968254,curvature/e_sym_random,2.294026287411871e-06,True,
d12-s9,505,0.2003968253968254,curvature/e_lin_random,7.620286768083318e-07,True,
d12-s9,505,0.2003968253968254,curvature/curv_eps_random,0.003,True,
d12-s9,505,0.2003968253968254,curvature/curv_snr_random,0.24730938605826286,True,
d12-s9,505,0.2003968253968254,curvature/curv_floor_random,0.1071166511539761,True,
d12-s9,505,0.2003968253968254,curvature/c_fd_random,0.026490953233506944,True,
d12-s9,505,0.2003968253968254,curvature/verdict_code_random,1.0,True,
d12-s9,505,0.2003968253968254,curvature/e_curv_random,,False,noise_floor_inconclusive
d12-s9,505,0.2003968253968254,curvature/vhv_gradient,2.026336340346625,True,
d12-s9,505,0.2003968253968254,curvature/e_fd_gradient,0.0011562187182274622,True,
d12-s9,505,0.2003968253968254,curvature/fd_cos_gradient,0.9999993351833361,True,
d12-s9,505,0.2003968253968254,curvature/fd_eps_gradient,0.001,True,
d12-s9,505,0.2003968253968254,curvature/fd_snr_gradient,19651.247423893656,True,
d12-s9,505,0.2003968253968254,curvature/fd_floor_gradient,0.000222839307762671,True,
d12-s9,505,0.2003968253968254,curvature/fd_conclusive_gradient,1.0,True,
d12-s9,505,0.2003968253968254,curvature/e_sym_gradient,6.763239463420025e-07,True,
d12-s9,505,0.2003968253968254,curvature/e_lin_gradient,5.136057786399706e-07,True,
d12-s9,505,0.2003968253968254,curvature/curv_eps_gradient,0.011472026904398771,True,
d12-s9,505,0.2003968253968254,curvature/curv_snr_gradient,276.97737493384557,True,
d12-s9,505,0.2003968253968254,curvature/curv_floor_gradient,0.00732543652401287,True,
d12-s9,505,0.2003968253968254,curvature/c_fd_gradient,2.028980178665599,True,
d12-s9,505,0.2003968253968254,curvature/verdict_code_gradient,0.0,True,
d12-s9,505,0.2003968253968254,curvature/e_curv_gradient,0.0013030380221422198,True,
d12-s9,505,0.2003968253968254,curvature/vhv_update,2.2493747532363424e-07,True,
d12-s9,505,0.2003968253968254,curvature/e_fd_update,,False,noise_floor_inconclusive
d12-s9,505,0.2003968253968254,curvature/fd_cos_update,,False,noise_floor_inconclusive
d12-s9,505,0.2003968253968254,curvature/fd_eps_update,0.03,True,
d12-s9,505,0.2003968253968254,curvature/fd_snr_update,137.79381017866785,True,
d12-s9,505,0.2003968253968254,curvature/fd_floor_update,7.427966438856629e-06,True,
d12-s9,505,0.2003968253968254,curvature/fd_conclusive_update,0.0,True,
d12-s9,505,0.2003968253968254,curvature/e_sym_update,2.8389771676481603e-07,True,
d12-s9,505,0.2003968253968254,curvature/e_lin_update,7.624650480702602e-07,True,
d12-s9,505,0.2003968253968254,curvature/curv_eps_update,0.01,True,
d12-s9,505,0.2003968253968254,curvature/curv_snr_update,0.24730940064040474,True,
d12-s9,505,0.2003968253968254,curvature/curv_floor_update,0.009640498035423661,True,
d12-s9,505,0.2003968253968254,curvature/c_fd_update,-0.002384185791015625,True,
d12-s9,505,0.2003968253968254,curvature/verdict_code_update,1.0,True,
d12-s9,505,0.2003968253968254,curvature/e_curv_update,,False,noise_floor_inconclusive
d12-s9,631,0.2503968253968254,update/p1,-0.10000793045217111,True,
d12-s9,631,0.2503968253968254,update/p2,-0.031964735821556164,True,
d12-s9,631,0.2503968253968254,update/actual,-0.03624725341796875,True,
d12-s9,631,0.2503968253968254,update/residual_p1,0.06376067703420236,True,
d12-s9,631,0.2503968253968254,update/residual_p2,-0.0042825175964125856,True,
d12-s9,631,0.2503968253968254,update/normalized_residual,-0.11814736821658396,True,
d12-s9,631,0.2503968253968254,update/loss_before,1.9989781379699707,True,
d12-s9,631,0.2503968253968254,update/loss_after,1.962730884552002,True,
d12-s9,631,0.2503968253968254,update/direction_norm,733.1370751307497,True,
d12-s9,631,0.2503968253968254,curvature/dhd,0.1360863892612299,True,
d12-s9,631,0.2503968253968254,curvature/gHg,9.318886568302133,True,
d12-s9,631,0.2503968253968254,curvature/gg,3.97528080053282,True,
d12-s9,631,0.2503968253968254,curvature/eta_star,0.4265832373209262,True,
d12-s9,631,0.2503968253968254,curvature/Hg_norm,9.777034462400447,True,
d12-s9,631,0.2503968253968254,curvature/eta_star_rho,0.4780496161749063,True,
d12-s9,631,0.2503968253968254,curvature/eta_star_rho_threshold,9.5367431640625e-07,True,
d12-s9,631,0.2503968253968254,curvature/shadow_verdict_code,1.0,True,
d12-s9,631,0.2503968253968254,curvature/arith_eps,1.1920928955078125e-07,True,
d12-s9,631,0.2503968253968254,curvature/vhv_random,5.059150866678658e-06,True,
d12-s9,631,0.2503968253968254,curvature/e_fd_random,,False,insufficient_conclusive_points
d12-s9,631,0.2503968253968254,curvature/fd_cos_random,,False,insufficient_conclusive_points
d12-s9,631,0.2503968253968254,curvature/fd_eps_random,0.03,True,
d12-s9,631,0.2503968253968254,curvature/fd_snr_random,521.945343752655,True,
d12-s9,631,0.2503968253968254,curvature/fd_floor_random,7.92269081498468e-06,True,
d12-s9,631,0.2503968253968254,curvature/fd_conclusive_random,0.0,True,
d12-s9,631,0.2503968253968254,curvature/e_sym_random,2.858357472617783e-06,True,
d12-s9,631,0.2503968253968254,curvature/e_lin_random,7.290663724809773e-07,True,
d12-s9,631,0.2503968253968254,curvature/curv_eps_random,0.1,True,
d12-s9,631,0.2503968253968254,curvature/curv_snr_random,0.6253194485106064,True,
d12-s9,631,0.2503968253968254,curvature/curv_floor_random,9.531871256740486e-05,True,
d12-s9,631,0.2503968253968254,curvature/c_fd_random,5.960464477539061e-05,True,
d12-s9,631,0.2503968253968254,curvature/verdict_code_random,1.0,True,
d12-s9,631,0.2503968253968254,curvature/e_curv_random,,False,noise_floor_inconclusive
d12-s9,631,0.2503968253968254,curvature/vhv_gradient,2.3442084413853213,True,
d12-s9,631,0.2503968253968254,curvature/e_fd_gradient,0.002402315287348878,True,
d12-s9,631,0.2503968253968254,curvature/fd_cos_gradient,0.9999972353656542,True,
d12-s9,631,0.2503968253968254,curvature/fd_eps_gradient,0.0003,True,
d12-s9,631,0.2503968253968254,curvature/fd_snr_gradient,6192.493313680706,True,
d12-s9,631,0.2503968253968254,curvature/fd_floor_gradient,0.000792268773278769,True,
d12-s9,631,0.2503968253968254,curvature/fd_conclusive_gradient,1.0,True,
d12-s9,631,0.2503968253968254,curvature/e_sym_gradient,6.24386709029871e-06,True,
d12-s9,631,0.2503968253968254,curvature/e_lin_gradient,5.370659897292464e-07,True,
d12-s9,631,0.2503968253968254,curvature/curv_eps_gradient,0.011472026904398771,True,
d12-s9,631,0.2503968253968254,curvature/curv_snr_gradient,326.65418377407235,True,
d12-s9,631,0.2503968253968254,curvature/curv_floor_gradient,0.007242937433540074,True,
d12-s9,631,0.2503968253968254,curvature/c_fd_gradient,2.365935815479707,True,
d12-s9,631,0.2503968253968254,curvature/verdict_code_gradient,0.0,True,
d12-s9,631,0.2503968253968254,curvature/e_curv_gradient,0.00918341653743494,True,
d12-s9,631,0.2503968253968254,curvature/vhv_update,2.5318870304251254e-07,True,
d12-s9,631,0.2503968253968254,curvature/e_fd_update,,False,noise_floor_inconclusive
d12-s9,631,0.2503968253968254,curvature/fd_cos_update,,False,noise_floor_inconclusive
d12-s9,631,0.2503968253968254,curvature/fd_eps_update,0.03,True,
d12-s9,631,0.2503968253968254,curvature/fd_snr_update,160.6850585146425,True,
d12-s9,631,0.2503968253968254,curvature/fd_floor_update,7.92269175129287e-06,True,
d12-s9,631,0.2503968253968254,curvature/fd_conclusive_update,0.0,True,
d12-s9,631,0.2503968253968254,curvature/e_sym_update,5.71897445587647e-07,True,
d12-s9,631,0.2503968253968254,curvature/e_lin_update,7.015837827513424e-07,True,
d12-s9,631,0.2503968253968254,curvature/curv_eps_update,0.1,True,
d12-s9,631,0.2503968253968254,curvature/curv_snr_update,1.1255749401953064,True,
d12-s9,631,0.2503968253968254,curvature/curv_floor_update,9.531871825174675e-05,True,
d12-s9,631,0.2503968253968254,curvature/c_fd_update,0.0001072883605957031,True,
d12-s9,631,0.2503968253968254,curvature/verdict_code_update,1.0,True,
d12-s9,631,0.2503968253968254,curvature/e_curv_update,,False,noise_floor_inconclusive
d12-s9,757,0.3003968253968254,update/p1,-0.07420994786163883,True,
d12-s9,757,0.3003968253968254,update/p2,0.0044670213602144015,True,
d12-s9,757,0.3003968253968254,update/actual,-0.00026738643646240234,True,
d12-s9,757,0.3003968253968254,update/residual_p1,0.07394256142517643,True,
d12-s9,757,0.3003968253968254,update/residual_p2,-0.004734407796676804,True,
d12-s9,757,0.3003968253968254,update/normalized_residual,-1.0598578817741693,True,
d12-s9,757,0.3003968253968254,update/loss_before,1.8883310556411743,True,
d12-s9,757,0.3003968253968254,update/loss_after,1.888063669204712,True,
d12-s9,757,0.3003968253968254,update/direction_norm,751.2659726397479,True,
d12-s9,757,0.3003968253968254,curvature/dhd,0.15735393844370646,True,
d12-s9,757,0.3003968253968254,curvature/gHg,10.06882974559654,True,
d12-s9,757,0.3003968253968254,curvature/gg,4.123951039894914,True,
d12-s9,757,0.3003968253968254,curvature/eta_star,0.40957600278209744,True,
d12-s9,757,0.3003968253968254,curvature/Hg_norm,10.765188564828795,True,
d12-s9,757,0.3003968253968254,curvature/eta_star_rho,0.46057525973615077,True,
d12-s9,757,0.3003968253968254,curvature/eta_star_rho_threshold,9.5367431640625e-07,True,
d12-s9,757,0.3003968253968254,curvature/shadow_verdict_code,1.0,True,
d12-s9,757,0.3003968253968254,curvature/arith_eps,1.1920928955078125e-07,True,
d12-s9,757,0.3003968253968254,curvature/vhv_random,2.792048081030483e-06,True,
d12-s9,757,0.3003968253968254,curvature/e_fd_random,,False,insufficient_conclusive_points
d12-s9,757,0.3003968253968254,curvature/fd_cos_random,,False,insufficient_conclusive_points
d12-s9,757,0.3003968253968254,curvature/fd_eps_random,0.03,True,
d12-s9,757,0.3003968253968254,curvature/fd_snr_random,515.9754282667033,True,
d12-s9,757,0.3003968253968254,curvature/fd_floor_random,8.069480114052063e-06,True,
d12-s9,757,0.3003968253968254,curvature/fd_conclusive_random,0.0,True,
d12-s9,757,0.3003968253968254,curvature/e_sym_random,4.0454596477689616e-07,True,
d12-s9,757,0.3003968253968254,curvature/e_lin_random,7.837631012153324e-07,True,
d12-s9,757,0.3003968253968254,curvature/curv_eps_random,0.01,True,
d12-s9,757,0.3003968253968254,curvature/curv_snr_random,0.6619602505109106,True,
d12-s9,757,0.3003968253968254,curvature/curv_floor_random,0.009004263432643711,True,
d12-s9,757,0.3003968253968254,curvature/c_fd_random,-0.0059604644775390625,True,
d12-s9,757,0.3003968253968254,curvature/verdict_code_random,1.0,True,
d12-s9,757,0.3003968253968254,curvature/e_curv_random,,False,noise_floor_inconclusive
d12-s9,757,0.3003968253968254,curvature/vhv_gradient,2.4415491537210663,True,
d12-s9,757,0.3003968253968254,curvature/e_fd_gradient,0.001055585386931339,True,
d12-s9,757,0.3003968253968254,curvature/fd_cos_gradient,0.9999994428696223,True,
d12-s9,757,0.3003968253968254,curvature/fd_eps_gradient,0.001,True,
d12-s9,757,0.3003968253968254,curvature/fd_snr_gradient,21897.64572029399,True,
d12-s9,757,0.3003968253968254,curvature/fd_floor_gradient,0.00024208476292665926,True,
d12-s9,757,0.3003968253968254,curvature/fd_conclusive_gradient,1.0,True,
d12-s9,757,0.3003968253968254,curvature/e_sym_gradient,4.18179904173245e-07,True,
d12-s9,757,0.3003968253968254,curvature/e_lin_gradient,5.087813311550104e-07,True,
d12-s9,757,0.3003968253968254,curvature/curv_eps_gradient,0.01,True,
d12-s9,757,0.3003968253968254,curvature/curv_snr_gradient,270.86536669873436,True,
d12-s9,757,0.3003968253968254,curvature/curv_floor_gradient,0.00900455489727392,True,
d12-s9,757,0.3003968253968254,curvature/c_fd_gradient,2.4390220642089844,True,
d12-s9,757,0.3003968253968254,curvature/verdict_code_gradient,0.0,True,
d12-s9,757,0.3003968253968254,curvature/e_curv_gradient,0.0010350352800517983,True,
d12-s9,757,0.3003968253968254,curvature/vhv_update,2.787983325041822e-07,True,
d12-s9,757,0.3003968253968254,curvature/e_fd_update,,False,noise_floor_inconclusive
d12-s9,757,0.3003968253968254,curvature/fd_cos_update,,False,noise_floor_inconclusive
d12-s9,757,0.3003968253968254,curvature/fd_eps_update,0.03,True,
d12-s9,757,0.3003968253968254,curvature/fd_snr_update,169.85438939465297,True,
d12-s9,757,0.3003968253968254,curvature/fd_floor_update,8.06947959202101e-06,True,
d12-s9,757,0.3003968253968254,curvature/fd_conclusive_update,0.0,True,
d12-s9,757,0.3003968253968254,curvature/e_sym_update,1.3985316796553478e-06,True,
d12-s9,757,0.3003968253968254,curvature/e_lin_update,7.418215096913951e-07,True,
d12-s9,757,0.3003968253968254,curvature/curv_eps_update,0.03,True,
d12-s9,757,0.3003968253968254,curvature/curv_snr_update,0.6619602505109107,True,
d12-s9,757,0.3003968253968254,curvature/curv_floor_update,0.00100047371473819,True,
d12-s9,757,0.3003968253968254,curvature/c_fd_update,-0.0006622738308376736,True,
d12-s9,757,0.3003968253968254,curvature/verdict_code_update,1.0,True,
d12-s9,757,0.3003968253968254,curvature/e_curv_update,,False,noise_floor_inconclusive
d12-s9,883,0.3503968253968254,update/p1,-0.0676524861060846,True,
d12-s9,883,0.3503968253968254,update/p2,-0.010874121980637155,True,
d12-s9,883,0.3503968253968254,update/actual,-0.014882326126098633,True,
d12-s9,883,0.3503968253968254,update/residual_p1,0.052770159979985964,True,
d12-s9,883,0.3503968253968254,update/residual_p2,-0.0040082041454614775,True,
d12-s9,883,0.3503968253968254,update/normalized_residual,-0.2693264555217901,True,
d12-s9,883,0.3503968253968254,update/loss_before,1.9226298332214355,True,
d12-s9,883,0.3503968253968254,update/loss_after,1.907747507095337,True,
d12-s9,883,0.3503968253968254,update/direction_norm,750.7029147140507,True,
d12-s9,883,0.3503968253968254,curvature/dhd,0.11355672825089488,True,
d12-s9,883,0.3503968253968254,curvature/gHg,10.14339245397013,True,
d12-s9,883,0.3503968253968254,curvature/gg,4.28850585366804,True,
d12-s9,883,0.3503968253968254,curvature/eta_star,0.4227881227241204,True,
d12-s9,883,0.3503968253968254,curvature/Hg_norm,10.18051647080022,True,
d12-s9,883,0.3503968253968254,curvature/eta_star_rho,0.4811277588795561,True,
d12-s9,883,0.3503968253968254,curvature/eta_star_rho_threshold,9.5367431640625e-07,True,
d12-s9,883,0.3503968253968254,curvature/shadow_verdict_code,1.0,True,
d12-s9,883,0.3503968253968254,curvature/arith_eps,1.1920928955078125e-07,True,
d12-s9,883,0.3503968253968254,curvature/vhv_random,3.718090926267257e-06,True,
d12-s9,883,0.3503968253968254,curvature/e_fd_random,,False,insufficient_conclusive_points
d12-s9,883,0.3503968253968254,curvature/fd_cos_random,,False,insufficient_conclusive_points
d12-s9,883,0.3503968253968254,curvature/fd_eps_random,0.03,True,
d12-s9,883,0.3503968253968254,curvature/fd_snr_random,524.3880502593785,True,
d12-s9,883,0.3503968253968254,curvature/fd_floor_random,8.228900102439079e-06,True,
d12-s9,883,0.3503968253968254,curvature/fd_conclusive_random,0.0,True,
d12-s9,883,0.3503968253968254,curvature/e_sym_random,1.5940940515435828e-06,True,
d12-s9,883,0.3503968253968254,curvature/e_lin_random,7.472394936196073e-07,True,
d12-s9,883,0.3503968253968254,curvature/curv_eps_random,0.03,True,
d12-s9,883,0.3503968253968254,curvature/curv_snr_random,0.5201209534586869,True,
d12-s9,883,0.3503968253968254,curvature/curv_floor_random,0.0010186458767849319,True,
d12-s9,883,0.3503968253968254,curvature/c_fd_random,-0.0005298190646701389,True,
d12-s9,883,0.3503968253968254,curvature/verdict_code_random,1.0,True,
d12-s9,883,0.3503968253968254,curvature/e_curv_random,,False,noise_floor_inconclusive
d12-s9,883,0.3503968253968254,curvature/vhv_gradient,2.3652507531053866,True,
d12-s9,883,0.3503968253968254,curvature/e_fd_gradient,0.0013749254821028472,True,
d12-s9,883,0.3503968253968254,curvature/fd_cos_gradient,0.9999990548687608,True,
d12-s9,883,0.3503968253968254,curvature/fd_eps_gradient,0.001,True,
d12-s9,883,0.3503968253968254,curvature/fd_snr_gradient,19913.759516809998,True,
d12-s9,883,0.3503968253968254,curvature/fd_floor_gradient,0.0002468672906970886,True,
d12-s9,883,0.3503968253968254,curvature/fd_conclusive_gradient,1.0,True,
d12-s9,883,0.3503968253968254,curvature/e_sym_gradient,8.417647394172599e-07,True,
d12-s9,883,0.3503968253968254,curvature/e_lin_gradient,5.146271606919505e-07,True,
d12-s9,883,0.3503968253968254,curvature/curv_eps_gradient,0.01,True,
d12-s9,883,0.3503968253968254,curvature/curv_snr_gradient,257.97204334836,True,
d12-s9,883,0.3503968253968254,curvature/curv_floor_gradient,0.009168095402856125,True,
d12-s9,883,0.3503968253968254,curvature/c_fd_gradient,2.3651123046875,True,
d12-s9,883,0.3503968253968254,curvature/verdict_code_gradient,0.0,True,
d12-s9,883,0.3503968253968254,curvature/e_curv_gradient,5.8534351042822895e-05,True,
d12-s9,883,0.3503968253968254,curvature/vhv_update,2.015007595223206e-07,True,
d12-s9,883,0.3503968253968254,curvature/e_fd_update,,False,noise_floor_inconclusive
d12-s9,883,0.3503968253968254,curvature/fd_cos_update,,False,noise_floor_inconclusive
d12-s9,883,0.3503968253968254,curvature/fd_eps_update,0.03,True,
d12-s9,883,0.3503968253968254,curvature/fd_snr_update,130.41017667008094,True,
d12-s9,883,0.3503968253968254,curvature/fd_floor_update,8.228900869533082e-06,True,
d12-s9,883,0.3503968253968254,curvature/fd_conclusive_update,0.0,True,
d12-s9,883,0.3503968253968254,curvature/e_sym_update,1.471762889940532e-06,True,
d12-s9,883,0.3503968253968254,curvature/e_lin_update,7.791404999654005e-07,True,
d12-s9,883,0.3503968253968254,curvature/curv_eps_update,0.03,True,
d12-s9,883,0.3503968253968254,curvature/curv_snr_update,0.13003023231794905,True,
d12-s9,883,0.3503968253968254,curvature/curv_floor_update,0.0010186459241544475,True,
d12-s9,883,0.3503968253968254,curvature/c_fd_update,-0.00013245476616753472,True,
d12-s9,883,0.3503968253968254,curvature/verdict_code_update,1.0,True,
d12-s9,883,0.3503968253968254,curvature/e_curv_update,,False,noise_floor_inconclusive
d12-s9,1009,0.4003968253968254,update/p1,-0.06870625684091229,True,
d12-s9,1009,0.4003968253968254,update/p2,-0.030526310366354045,True,
d12-s9,1009,0.4003968253968254,update/actual,-0.03108048439025879,True,
d12-s9,1009,0.4003968253968254,update/residual_p1,0.0376257724506535,True,
d12-s9,1009,0.4003968253968254,update/residual_p2,-0.0005541740239047438,True,
d12-s9,1009,0.4003968253968254,update/normalized_residual,-0.017830289159792904,True,
d12-s9,1009,0.4003968253968254,update/loss_before,1.8751591444015503,True,
d12-s9,1009,0.4003968253968254,update/loss_after,1.8440786600112915,True,
d12-s9,1009,0.4003968253968254,update/direction_norm,697.2816053830189,True,
d12-s9,1009,0.4003968253968254,curvature/dhd,0.07635989294911649,True,
d12-s9,1009,0.4003968253968254,curvature/gHg,17.36939372332763,True,
d12-s9,1009,0.4003968253968254,curvature/gg,5.02356997625987,True,
d12-s9,1009,0.4003968253968254,curvature/eta_star,0.2892196501662036,True,
d12-s9,1009,0.4003968253968254,curvature/Hg_norm,15.538770040734665,True,
d12-s9,1009,0.4003968253968254,curvature/eta_star_rho,0.498725749920383,True,
d12-s9,1009,0.4003968253968254,curvature/eta_star_rho_threshold,9.5367431640625e-07,True,
d12-s9,1009,0.4003968253968254,curvature/shadow_verdict_code,1.0,True,
d12-s9,1009,0.4003968253968254,curvature/arith_eps,1.1920928955078125e-07,True,
d12-s9,1009,0.4003968253968254,curvature/vhv_random,4.670270719133855e-06,True,
d12-s9,1009,0.4003968253968254,curvature/e_fd_random,,False,insufficient_conclusive_points
d12-s9,1009,0.4003968253968254,curvature/fd_cos_random,,False,insufficient_conclusive_points
d12-s9,1009,0.4003968253968254,curvature/fd_eps_random,0.03,True,
d12-s9,1009,0.4003968253968254,curvature/fd_snr_random,520.2722337610865,True,
d12-s9,1009,0.4003968253968254,curvature/fd_floor_random,8.906253835071488e-06,True,
d12-s9,1009,0.4003968253968254,curvature/fd_conclusive_random,0.0,True,
d12-s9,1009,0.4003968253968254,curvature/e_sym_random,1.1167637534521092e-07,True,
d12-s9,1009,0.4003968253968254,curvature/e_lin_random,7.474939701768604e-07,True,
d12-s9,1009,0.4003968253968254,curvature/curv_eps_random,0.03,True,
d12-s9,1009,0.4003968253968254,curvature/curv_snr_random,0.3999660330054864,True,
d12-s9,1009,0.4003968253968254,curvature/curv_floor_random,0.000993495111364003,True,
d12-s9,1009,0.4003968253968254,curvature/c_fd_random,0.0003973642985026042,True,
d12-s9,1009,0.4003968253968254,curvature/verdict_code_random,1.0,True,
d12-s9,1009,0.4003968253968254,curvature/e_curv_random,,False,noise_floor_inconclusive
d12-s9,1009,0.4003968253968254,curvature/vhv_gradient,3.4575792782430366,True,
d12-s9,1009,0.4003968253968254,curvature/e_fd_gradient,0.0005112469218758591,True,
d12-s9,1009,0.4003968253968254,curvature/fd_cos_gradient,0.9999998693134767,True,
d12-s9,1009,0.4003968253968254,curvature/fd_eps_gradient,0.001,True,
d12-s9,1009,0.4003968253968254,curvature/fd_snr_gradient,25947.364979057766,True,
d12-s9,1009,0.4003968253968254,curvature/fd_floor_gradient,0.0002671883095669079,True,
d12-s9,1009,0.4003968253968254,curvature/fd_conclusive_gradient,1.0,True,
d12-s9,1009,0.4003968253968254,curvature/e_sym_gradient,9.162599545252677e-07,True,
d12-s9,1009,0.4003968253968254,curvature/e_lin_gradient,4.813499626082833e-07,True,
d12-s9,1009,0.4003968253968254,curvature/curv_eps_gradient,0.008602806544914778,True,
d12-s9,1009,0.4003968253968254,curvature/curv_snr_gradient,286.76585586823927,True,
d12-s9,1009,0.4003968253968254,curvature/curv_floor_gradient,0.01208210918718693,True,
d12-s9,1009,0.4003968253968254,curvature/c_fd_gradient,3.4647363817571764,True,
d12-s9,1009,0.4003968253968254,curvature/verdict_code_gradient,0.0,True,
d12-s9,1009,0.4003968253968254,curvature/e_curv_gradient,0.0020656992987472212,True,
d12-s9,1009,0.4003968253968254,curvature/vhv_update,1.570539445231518e-07,True,
d12-s9,1009,0.4003968253968254,curvature/e_fd_update,,False,noise_floor_inconclusive
d12-s9,1009,0.4003968253968254,curvature/fd_cos_update,,False,noise_floor_inconclusive
d12-s9,1009,0.4003968253968254,curvature/fd_eps_update,0.03,True,
d12-s9,1009,0.4003968253968254,curvature/fd_snr_update,102.99953371504438,True,
d12-s9,1009,0.4003968253968254,curvature/fd_floor_update,8.906254014327644e-06,True,
d12-s9,1009,0.4003968253968254,curvature/fd_conclusive_update,0.0,True,
d12-s9,1009,0.4003968253968254,curvature/e_sym_update,5.624354218607765e-07,True,
d12-s9,1009,0.4003968253968254,curvature/e_lin_update,7.633101393375363e-07,True,
d12-s9,1009,0.4003968253968254,curvature/curv_eps_update,0.01,True,
d12-s9,1009,0.4003968253968254,curvature/curv_snr_update,0.2666440431928227,True,
d12-s9,1009,0.4003968253968254,curvature/curv_floor_update,0.008941455291733291,True,
d12-s9,1009,0.4003968253968254,curvature/c_fd_update,-0.002384185791015625,True,
d12-s9,1009,0.4003968253968254,curvature/verdict_code_update,1.0,True,
d12-s9,1009,0.4003968253968254,curvature/e_curv_update,,False,noise_floor_inconclusive
d12-s9,1135,0.4503968253968254,update/p1,0.004065303871345676,True,
d12-s9,1135,0.4503968253968254,update/p2,0.03780674366852297,True,
d12-s9,1135,0.4503968253968254,update/actual,0.03688514232635498,True,
d12-s9,1135,0.4503968253968254,update/residual_p1,0.032819838455009305,True,
d12-s9,1135,0.4503968253968254,update/residual_p2,-0.0009216013421679894,True,
d12-s9,1135,0.4503968253968254,update/normalized_residual,-0.02437663899986429,True,
d12-s9,1135,0.4503968253968254,update/loss_before,1.7760294675827026,True,
d12-s9,1135,0.4503968253968254,update/loss_after,1.8129146099090576,True,
d12-s9,1135,0.4503968253968254,update/direction_norm,654.0769306572109,True,
d12-s9,1135,0.4503968253968254,curvature/dhd,0.06748287959435459,True,
d12-s9,1135,0.4503968253968254,curvature/gHg,33.47284706587821,True,
d12-s9,1135,0.4503968253968254,curvature/gg,6.058889584638245,True,
d12-s9,1135,0.4503968253968254,curvature/eta_star,0.18100908992634207,True,
d12-s9,1135,0.4503968253968254,curvature/Hg_norm,24.62453722258327,True,
d12-s9,1135,0.4503968253968254,curvature/eta_star_rho,0.5522402497799516,True,
d12-s9,1135,0.4503968253968254,curvature/eta_star_rho_threshold,9.5367431640625e-07,True,
d12-s9,1135,0.4503968253968254,curvature/shadow_verdict_code,1.0,True,
d12-s9,1135,0.4503968253968254,curvature/arith_eps,1.1920928955078125e-07,True,
d12-s9,1135,0.4503968253968254,curvature/vhv_random,5.1390130820879196e-06,True,
d12-s9,1135,0.4503968253968254,curvature/e_fd_random,,False,insufficient_conclusive_points
d12-s9,1135,0.4503968253968254,curvature/fd_cos_random,,False,insufficient_conclusive_points
d12-s9,1135,0.4503968253968254,curvature/fd_eps_random,0.03,True,
d12-s9,1135,0.4503968253968254,curvature/fd_snr_random,557.0252415432003,True,
d12-s9,1135,0.4503968253968254,curvature/fd_floor_random,9.781047320039478e-06,True,
d12-s9,1135,0.4503968253968254,curvature/fd_conclusive_random,0.0,True,
d12-s9,1135,0.4503968253968254,curvature/e_sym_random,1.080973144671536e-06,True,
d12-s9,1135,0.4503968253968254,curvature/e_lin_random,7.958034288649328e-07,True,
d12-s9,1135,0.4503968253968254,curvature/curv_eps_random,0.03,True,
d12-s9,1135,0.4503968253968254,curvature/curv_snr_random,0.563053758608131,True,
d12-s9,1135,0.4503968253968254,curvature/curv_floor_random,0.000940974208181918,True,
d12-s9,1135,0.4503968253968254,curvature/c_fd_random,-0.0005298190646701389,True,
d12-s9,1135,0.4503968253968254,curvature/verdict_code_random,1.0,True,
d12-s9,1135,0.4503968253968254,curvature/e_curv_random,,False,noise_floor_inconclusive
d12-s9,1135,0.4503968253968254,curvature/vhv_gradient,5.5245855736675535,True,
d12-s9,1135,0.4503968253968254,curvature/e_fd_gradient,0.0004760092954245709,True,
d12-s9,1135,0.4503968253968254,curvature/fd_cos_gradient,0.9999998867955292,True,
d12-s9,1135,0.4503968253968254,curvature/fd_eps_gradient,0.001,True,
d12-s9,1135,0.4503968253968254,curvature/fd_snr_gradient,34092.83766599333,True,
d12-s9,1135,0.4503968253968254,curvature/fd_floor_gradient,0.00029343269040399113,True,
d12-s9,1135,0.4503968253968254,curvature/fd_conclusive_gradient,1.0,True,
d12-s9,1135,0.4503968253968254,curvature/e_sym_gradient,4.264791669465062e-07,True,
d12-s9,1135,0.4503968253968254,curvature/e_lin_gradient,4.699498213728124e-07,True,
d12-s9,1135,0.4503968253968254,curvature/curv_eps_gradient,0.006366789194265115,True,
d12-s9,1135,0.4503968253968254,curvature/curv_snr_gradient,264.4861460519721,True,
d12-s9,1135,0.4503968253968254,curvature/curv_floor_gradient,0.020892625058550305,True,
d12-s9,1135,0.4503968253968254,curvature/c_fd_gradient,5.525809882644829,True,
d12-s9,1135,0.4503968253968254,curvature/verdict_code_gradient,0.0,True,
d12-s9,1135,0.4503968253968254,curvature/e_curv_gradient,0.00022156190735419243,True,
d12-s9,1135,0.4503968253968254,curvature/vhv_update,1.5773787378152037e-07,True,
d12-s9,1135,0.4503968253968254,curvature/e_fd_update,,False,noise_floor_inconclusive
d12-s9,1135,0.4503968253968254,curvature/fd_cos_update,,False,noise_floor_inconclusive
d12-s9,1135,0.4503968253968254,curvature/fd_eps_update,0.03,True,
d12-s9,1135,0.4503968253968254,curvature/fd_snr_update,114.49035609573744,True,
d12-s9,1135,0.4503968253968254,curvature/fd_floor_update,9.781047416423988e-06,True,
d12-s9,1135,0.4503968253968254,curvature/fd_conclusive_update,0.0,True,
d12-s9,1135,0.4503968253968254,curvature/e_sym_update,1.8911732677231617e-06,True,
d12-s9,1135,0.4503968253968254,curvature/e_lin_update,7.246680166490272e-07,True,
d12-s9,1135,0.4503968253968254,curvature/curv_eps_update,0.1,True,
d12-s9,1135,0.4503968253968254,curvature/curv_snr_update,0.4222903118699361,True,
d12-s9,1135,0.4503968253968254,curvature/curv_floor_update,8.468768015745808e-05,True,
d12-s9,1135,0.4503968253968254,curvature/c_fd_update,-3.576278686523437e-05,True,
d12-s9,1135,0.4503968253968254,curvature/verdict_code_update,1.0,True,
d12-s9,1135,0.4503968253968254,curvature/e_curv_update,,False,noise_floor_inconclusive
d12-s9,1261,0.5003968253968254,update/p1,-0.01729816658106183,True,
d12-s9,1261,0.5003968253968254,update/p2,0.016269737647760543,True,
d12-s9,1261,0.5003968253968254,update/actual,0.014948606491088867,True,
d12-s9,1261,0.5003968253968254,update/residual_p1,0.032246773072150695,True,
d12-s9,1261,0.5003968253968254,update/residual_p2,-0.0013211311566716753,True,
d12-s9,1261,0.5003968253968254,update/normalized_residual,-0.08120174923985472,True,
d12-s9,1261,0.5003968253968254,update/loss_before,1.7839925289154053,True,
d12-s9,1261,0.5003968253968254,update/loss_after,1.7989411354064941,True,
d12-s9,1261,0.5003968253968254,update/direction_norm,604.9194479048396,True,
d12-s9,1261,0.5003968253968254,curvature/dhd,0.06713580845764475,True,
d12-s9,1261,0.5003968253968254,curvature/gHg,73.2838153317508,True,
d12-s9,1261,0.5003968253968254,curvature/gg,8.485900350891932,True,
d12-s9,1261,0.5003968253968254,curvature/eta_star,0.11579501302541145,True,
d12-s9,1261,0.5003968253968254,curvature/Hg_norm,42.41284490983037,True,
d12-s9,1261,0.5003968253968254,curvature/eta_star_rho,0.5931461330801987,True,
d12-s9,1261,0.5003968253968254,curvature/eta_star_rho_threshold,9.5367431640625e-07,True,
d12-s9,1261,0.5003968253968254,curvature/shadow_verdict_code,1.0,True,
d12-s9,1261,0.5003968253968254,curvature/arith_eps,1.1920928955078125e-07,True,
d12-s9,1261,0.5003968253968254,curvature/vhv_random,5.4110511863603815e-06,True,
d12-s9,1261,0.5003968253968254,curvature/e_fd_random,,False,insufficient_conclusive_points
d12-s9,1261,0.5003968253968254,curvature/fd_cos_random,,False,insufficient_conclusive_points
d12-s9,1261,0.5003968253968254,curvature/fd_eps_random,0.03,True,
d12-s9,1261,0.5003968253968254,curvature/fd_snr_random,573.6642579920698,True,
d12-s9,1261,0.5003968253968254,curvature/fd_floor_random,1.1575447028468086e-05,True,
d12-s9,1261,0.5003968253968254,curvature/fd_conclusive_random,0.0,True,
d12-s9,1261,0.5003968253968254,curvature/e_sym_random,6.500083928719532e-07,True,
d12-s9,1261,0.5003968253968254,curvature/e_lin_random,7.341260535964274e-07,True,
d12-s9,1261,0.5003968253968254,curvature/curv_eps_random,0.03,True,
d12-s9,1261,0.5003968253968254,curvature/curv_snr_random,0.8408107803347263,True,
d12-s9,1261,0.5003968253968254,curvature/curv_floor_random,0.0009451931583094443,True,
d12-s9,1261,0.5003968253968254,curvature/c_fd_random,-0.0007947285970052084,True,
d12-s9,1261,0.5003968253968254,curvature/verdict_code_random,1.0,True,
d12-s9,1261,0.5003968253968254,curvature/e_curv_random,,False,noise_floor_inconclusive
d12-s9,1261,0.5003968253968254,curvature/vhv_gradient,8.63594882873466,True,
d12-s9,1261,0.5003968253968254,curvature/e_fd_gradient,0.0005596989590998769,True,
d12-s9,1261,0.5003968253968254,curvature/fd_cos_gradient,0.9999998438366701,True,
d12-s9,1261,0.5003968253968254,curvature/fd_eps_gradient,0.001,True,
d12-s9,1261,0.5003968253968254,curvature/fd_snr_gradient,41926.4545503333,True,
d12-s9,1261,0.5003968253968254,curvature/fd_floor_gradient,0.0003472643530569797,True,
d12-s9,1261,0.5003968253968254,curvature/fd_conclusive_gradient,1.0,True,
d12-s9,1261,0.5003968253968254,curvature/e_sym_gradient,1.9653845743597e-07,True,
d12-s9,1261,0.5003968253968254,curvature/e_lin_gradient,4.7031254598038844e-07,True,
d12-s9,1261,0.5003968253968254,curvature/curv_eps_gradient,0.005477225575051661,True,
d12-s9,1261,0.5003968253968254,curvature/curv_snr_gradient,303.94205357981826,True,
d12-s9,1261,0.5003968253968254,curvature/curv_floor_gradient,0.02835682503625018,True,
d12-s9,1261,0.5003968253968254,curvature/c_fd_gradient,8.618831634521484,True,
d12-s9,1261,0.5003968253968254,curvature/verdict_code_gradient,0.0,True,
d12-s9,1261,0.5003968253968254,curvature/e_curv_gradient,0.0019820861091975747,True,
d12-s9,1261,0.5003968253968254,curvature/vhv_update,1.834674930948384e-07,True,
d12-s9,1261,0.5003968253968254,curvature/e_fd_update,,False,noise_floor_inconclusive
d12-s9,1261,0.5003968253968254,curvature/fd_cos_update,,False,noise_floor_inconclusive
d12-s9,1261,0.5003968253968254,curvature/fd_eps_update,0.03,True,
d12-s9,1261,0.5003968253968254,curvature/fd_snr_update,120.22015830922479,True,
d12-s9,1261,0.5003968253968254,curvature/fd_floor_update,1.1575447462930134e-05,True,
d12-s9,1261,0.5003968253968254,curvature/fd_conclusive_update,0.0,True,
d12-s9,1261,0.5003968253968254,curvature/e_sym_update,1.4726725174288858e-07,True,
d12-s9,1261,0.5003968253968254,curvature/e_lin_update,7.325059028951923e-07,True,
d12-s9,1261,0.5003968253968254,curvature/curv_eps_update,0.1,True,
d12-s9,1261,0.5003968253968254,curvature/curv_snr_update,0.8408107803347262,True,
d12-s9,1261,0.5003968253968254,curvature/curv_floor_update,8.506738424784997e-05,True,
d12-s9,1261,0.5003968253968254,curvature/c_fd_update,-7.152557373046874e-05,True,
d12-s9,1261,0.5003968253968254,curvature/verdict_code_update,1.0,True,
d12-s9,1261,0.5003968253968254,curvature/e_curv_update,,False,noise_floor_inconclusive
d12-s9,1386,0.55,update/p1,-0.065451659388511,True,
d12-s9,1386,0.55,update/p2,-0.031800668955682176,True,
d12-s9,1386,0.55,update/actual,-0.03313934803009033,True,
d12-s9,1386,0.55,update/residual_p1,0.032312311358420664,True,
d12-s9,1386,0.55,update/residual_p2,-0.0013386790744081556,True,
d12-s9,1386,0.55,update/normalized_residual,-0.040395455975556396,True,
d12-s9,1386,0.55,update/loss_before,1.7262088060379028,True,
d12-s9,1386,0.55,update/loss_after,1.6930694580078125,True,
d12-s9,1386,0.55,update/direction_norm,555.4534250464508,True,
d12-s9,1386,0.55,curvature/dhd,0.06730198086565764,True,
d12-s9,1386,0.55,curvature/gHg,98.62268530336283,True,
d12-s9,1386,0.55,curvature/gg,8.84948483270934,True,
d12-s9,1386,0.55,curvature/eta_star,0.08973072275905258,True,
d12-s9,1386,0.55,curvature/Hg_norm,55.65024527302708,True,
d12-s9,1386,0.55,curvature/eta_star_rho,0.5957317488347299,True,
d12-s9,1386,0.55,curvature/eta_star_rho_threshold,9.5367431640625e-07,True,
d12-s9,1386,0.55,curvature/shadow_verdict_code,1.0,True,
d12-s9,1386,0.55,curvature/arith_eps,1.1920928955078125e-07,True,
d12-s9,1386,0.55,curvature/vhv_random,6.732299886260406e-06,True,
d12-s9,1386,0.55,curvature/e_fd_random,,False,insufficient_conclusive_points
d12-s9,1386,0.55,curvature/fd_cos_random,,False,insufficient_conclusive_points
d12-s9,1386,0.55,curvature/fd_eps_random,0.03,True,
d12-s9,1386,0.55,curvature/fd_snr_random,578.5433804946889,True,
d12-s9,1386,0.55,curvature/fd_floor_random,1.1820828876885236e-05,True,
d12-s9,1386,0.55,curvature/fd_conclusive_random,0.0,True,
d12-s9,1386,0.55,curvature/e_sym_random,1.8122481530252144e-07,True,
d12-s9,1386,0.55,curvature/e_lin_random,7.831997750826436e-07,True,
d12-s9,1386,0.55,curvature/curv_eps_random,0.1,True,
d12-s9,1386,0.55,curvature/curv_snr_random,0.7241301792251129,True,
d12-s9,1386,0.55,curvature/curv_floor_random,8.231205725905964e-05,True,
d12-s9,1386,0.55,curvature/c_fd_random,5.960464477539061e-05,True,
d12-s9,1386,0.55,curvature/verdict_code_random,1.0,True,
d12-s9,1386,0.55,curvature/e_curv_random,,False,noise_floor_inconclusive
d12-s9,1386,0.55,curvature/vhv_gradient,11.144454273880925,True,
d12-s9,1386,0.55,curvature/e_fd_gradient,0.00024868167858347224,True,
d12-s9,1386,0.55,curvature/fd_cos_gradient,0.9999999695434254,True,
d12-s9,1386,0.55,curvature/fd_eps_gradient,0.001,True,
d12-s9,1386,0.55,curvature/fd_snr_gradient,52751.48878616435,True,
d12-s9,1386,0.55,curvature/fd_floor_gradient,0.0003546282522177632,True,
d12-s9,1386,0.55,curvature/fd_conclusive_gradient,1.0,True,
d12-s9,1386,0.55,curvature/e_sym_gradient,1.4124077836065533e-07,True,
d12-s9,1386,0.55,curvature/e_lin_gradient,4.3468843949266844e-07,True,
d12-s9,1386,0.55,curvature/curv_eps_gradient,0.004711951202502903,True,
d12-s9,1386,0.55,curvature/curv_snr_gradient,301.2273633695,True,
d12-s9,1386,0.55,curvature/curv_floor_gradient,0.03707468295518777,True,
d12-s9,1386,0.55,curvature/c_fd_gradient,11.167908994351354,True,
d12-s9,1386,0.55,curvature/verdict_code_gradient,0.0,True,
d12-s9,1386,0.55,curvature/e_curv_gradient,0.00210018907588631,True,
d12-s9,1386,0.55,curvature/vhv_update,2.1813861197006735e-07,True,
d12-s9,1386,0.55,curvature/e_fd_update,,False,noise_floor_inconclusive
d12-s9,1386,0.55,curvature/fd_cos_update,,False,noise_floor_inconclusive
d12-s9,1386,0.55,curvature/fd_eps_update,0.03,True,
d12-s9,1386,0.55,curvature/fd_snr_update,140.15358718566213,True,
d12-s9,1386,0.55,curvature/fd_floor_update,1.1820828050222474e-05,True,
d12-s9,1386,0.55,curvature/fd_conclusive_update,0.0,True,
d12-s9,1386,0.55,curvature/e_sym_update,9.22078638128005e-07,True,
d12-s9,1386,0.55,curvature/e_lin_update,7.758230719207138e-07,True,
d12-s9,1386,0.55,curvature/curv_eps_update,0.01,True,
d12-s9,1386,0.55,curvature/curv_snr_update,0.57930415338155,True,
d12-s9,1386,0.55,curvature/curv_floor_update,0.008231205583797419,True,
d12-s9,1386,0.55,curvature/c_fd_update,0.00476837158203125,True,
d12-s9,1386,0.55,curvature/verdict_code_update,1.0,True,
d12-s9,1386,0.55,curvature/e_curv_update,,False,noise_floor_inconclusive
d12-s9,1512,0.6,update/p1,-0.0737426233859074,True,
d12-s9,1512,0.6,update/p2,-0.05036266266348876,True,
d12-s9,1512,0.6,update/actual,-0.05124342441558838,True,
d12-s9,1512,0.6,update/residual_p1,0.022499198970319018,True,
d12-s9,1512,0.6,update/residual_p2,-0.0008807617520996194,True,
d12-s9,1512,0.6,update/normalized_residual,-0.017187800427945044,True,
d12-s9,1512,0.6,update/loss_before,1.697564959526062,True,
d12-s9,1512,0.6,update/loss_after,1.6463215351104736,True,
d12-s9,1512,0.6,update/direction_norm,500.3573765333404,True,
d12-s9,1512,0.6,curvature/dhd,0.046759921444837274,True,
d12-s9,1512,0.6,curvature/gHg,122.46711507139695,True,
d12-s9,1512,0.6,curvature/gg,10.147745222045826,True,
d12-s9,1512,0.6,curvature/eta_star,0.08286098040383988,True,
d12-s9,1512,0.6,curvature/Hg_norm,63.91882393423742,True,
d12-s9,1512,0.6,curvature/eta_star_rho,0.6014588703881321,True,
d12-s9,1512,0.6,curvature/eta_star_rho_threshold,9.5367431640625e-07,True,
d12-s9,1512,0.6,curvature/shadow_verdict_code,1.0,True,
d12-s9,1512,0.6,curvature/arith_eps,1.1920928955078125e-07,True,
d12-s9,1512,0.6,curvature/vhv_random,6.638471605101297e-06,True,
d12-s9,1512,0.6,curvature/e_fd_random,,False,insufficient_conclusive_points
d12-s9,1512,0.6,curvature/fd_cos_random,,False,insufficient_conclusive_points
d12-s9,1512,0.6,curvature/fd_eps_random,0.03,True,
d12-s9,1512,0.6,curvature/fd_snr_random,606.5484025213252,True,
d12-s9,1512,0.6,curvature/fd_floor_random,1.2658246509517856e-05,True,
d12-s9,1512,0.6,curvature/fd_conclusive_random,0.0,True,
d12-s9,1512,0.6,curvature/e_sym_random,2.9656984310899443e-07,True,
d12-s9,1512,0.6,curvature/e_lin_random,7.549047850272249e-07,True,
d12-s9,1512,0.6,curvature/curv_eps_random,0.01,True,
d12-s9,1512,0.6,curvature/curv_snr_random,0.7363489112508083,True,
d12-s9,1512,0.6,curvature/curv_floor_random,0.008094619801113367,True,
d12-s9,1512,0.6,curvature/c_fd_random,-0.0059604644775390625,True,
d12-s9,1512,0.6,curvature/verdict_code_random,1.0,True,
d12-s9,1512,0.6,curvature/e_curv_random,,False,noise_floor_inconclusive
d12-s9,1512,0.6,curvature/vhv_gradient,12.068406427079156,True,
d12-s9,1512,0.6,curvature/e_fd_gradient,0.00024260789800685192,True,
d12-s9,1512,0.6,curvature/fd_cos_gradient,0.9999999722215749,True,
d12-s9,1512,0.6,curvature/fd_eps_gradient,0.001,True,
d12-s9,1512,0.6,curvature/fd_snr_gradient,52837.89582544597,True,
d12-s9,1512,0.6,curvature/fd_floor_gradient,0.0003797506140264313,True,
d12-s9,1512,0.6,curvature/fd_conclusive_gradient,1.0,True,
d12-s9,1512,0.6,curvature/e_sym_gradient,8.383436216155609e-07,True,
d12-s9,1512,0.6,curvature/e_lin_gradient,4.237595431834187e-07,True,
d12-s9,1512,0.6,curvature/curv_eps_gradient,0.004711951202502903,True,
d12-s9,1512,0.6,curvature/curv_snr_gradient,330.0185691891004,True,
d12-s9,1512,0.6,curvature/curv_floor_gradient,0.036459609329182185,True,
d12-s9,1512,0.6,curvature/c_fd_gradient,12.032348104010282,True,
d12-s9,1512,0.6,curvature/verdict_code_gradient,0.0,True,
d12-s9,1512,0.6,curvature/e_curv_gradient,0.0029878280356854504,True,
d12-s9,1512,0.6,curvature/vhv_update,1.8677258966778992e-07,True,
d12-s9,1512,0.6,curvature/e_fd_update,,False,noise_floor_inconclusive
d12-s9,1512,0.6,curvature/fd_cos_update,,False,noise_floor_inconclusive
d12-s9,1512,0.6,curvature/fd_eps_update,0.03,True,
d12-s9,1512,0.6,curvature/fd_snr_update,138.45568055934052,True,
d12-s9,1512,0.6,curvature/fd_floor_update,1.2658246849771348e-05,True,
d12-s9,1512,0.6,curvature/fd_conclusive_update,0.0,True,
d12-s9,1512,0.6,curvature/e_sym_update,1.2769341746237245e-06,True,
d12-s9,1512,0.6,curvature/e_lin_update,8.045946181900528e-07,True,
d12-s9,1512,0.6,curvature/curv_eps_update,0.1,True,
d12-s9,1512,0.6,curvature/curv_snr_update,0.7363489112508083,True,
d12-s9,1512,0.6,curvature/curv_floor_update,8.094619801113366e-05,True,
d12-s9,1512,0.6,curvature/c_fd_update,-5.960464477539061e-05,True,
d12-s9,1512,0.6,curvature/verdict_code_update,1.0,True,
d12-s9,1512,0.6,curvature/e_curv_update,,False,noise_floor_inconclusive
d12-s9,1638,0.65,update/p1,-0.04482617217553174,True,
d12-s9,1638,0.65,update/p2,-0.0299414419254387,True,
d12-s9,1638,0.65,update/actual,-0.030566811561584473,True,
d12-s9,1638,0.65,update/residual_p1,0.014259360613947267,True,
d12-s9,1638,0.65,update/residual_p2,-0.0006253696361457721,True,
d12-s9,1638,0.65,update/normalized_residual,-0.020459105945211487,True,
d12-s9,1638,0.65,update/loss_before,1.6579986810684204,True,
d12-s9,1638,0.65,update/loss_after,1.627431869506836,True,
d12-s9,1638,0.65,update/direction_norm,448.6886522177683,True,
d12-s9,1638,0.65,curvature/dhd,0.029769460500186078,True,
d12-s9,1638,0.65,curvature/gHg,102.73129243957709,True,
d12-s9,1638,0.65,curvature/gg,9.75589173643151,True,
d12-s9,1638,0.65,curvature/eta_star,0.09496514163072152,True,
d12-s9,1638,0.65,curvature/Hg_norm,59.0784031236764,True,
d12-s9,1638,0.65,curvature/eta_star_rho,0.5567247358707575,True,
d12-s9,1638,0.65,curvature/eta_star_rho_threshold,9.5367431640625e-07,True,
d12-s9,1638,0.65,curvature/shadow_verdict_code,1.0,True,
d12-s9,1638,0.65,curvature/arith_eps,1.1920928955078125e-07,True,
d12-s9,1638,0.65,curvature/vhv_random,7.807932680179011e-06,True,
d12-s9,1638,0.65,curvature/e_fd_random,,False,insufficient_conclusive_points
d12-s9,1638,0.65,curvature/fd_cos_random,,False,insufficient_conclusive_points
d12-s9,1638,0.65,curvature/fd_eps_random,0.03,True,
d12-s9,1638,0.65,curvature/fd_snr_random,636.6295633788133,True,
d12-s9,1638,0.65,curvature/fd_floor_random,1.2411445187856513e-05,True,
d12-s9,1638,0.65,curvature/fd_conclusive_random,0.0,True,
d12-s9,1638,0.65,curvature/e_sym_random,3.828883349784823e-07,True,
d12-s9,1638,0.65,curvature/e_lin_random,8.058593076984026e-07,True,
d12-s9,1638,0.65,curvature/curv_eps_random,0.1,True,
d12-s9,1638,0.65,curvature/curv_snr_random,0.6031367452331708,True,
d12-s9,1638,0.65,curvature/curv_floor_random,7.905954362286137e-05,True,
d12-s9,1638,0.65,curvature/c_fd_random,4.768371582031249e-05,True,
d12-s9,1638,0.65,curvature/verdict_code_random,1.0,True,
d12-s9,1638,0.65,curvature/e_curv_random,,False,noise_floor_inconclusive
d12-s9,1638,0.65,curvature/vhv_gradient,10.53018071055044,True,
d12-s9,1638,0.65,curvature/e_fd_gradient,0.0005319086616472315,True,
d12-s9,1638,0.65,curvature/fd_cos_gradient,0.9999998585379218,True,
d12-s9,1638,0.65,curvature/fd_eps_gradient,0.001,True,
d12-s9,1638,0.65,curvature/fd_snr_gradient,50798.0852913357,True,
d12-s9,1638,0.65,curvature/fd_floor_gradient,0.0003723470811970633,True,
d12-s9,1638,0.65,curvature/fd_conclusive_gradient,1.0,True,
d12-s9,1638,0.65,curvature/e_sym_gradient,5.771786990199586e-07,True,
d12-s9,1638,0.65,curvature/e_lin_gradient,4.563539610641313e-07,True,
d12-s9,1638,0.65,curvature/curv_eps_gradient,0.004711951202502903,True,
d12-s9,1638,0.65,curvature/curv_snr_gradient,295.82816192190387,True,
d12-s9,1638,0.65,curvature/curv_floor_gradient,0.03560967575894128,True,
d12-s9,1638,0.65,curvature/c_fd_gradient,10.534344926402575,True,
d12-s9,1638,0.65,curvature/verdict_code_gradient,0.0,True,
d12-s9,1638,0.65,curvature/e_curv_gradient,0.0003952989845337838,True,
d12-s9,1638,0.65,curvature/vhv_update,1.4787023146675023e-07,True,
d12-s9,1638,0.65,curvature/e_fd_update,,False,noise_floor_inconclusive
d12-s9,1638,0.65,curvature/fd_cos_update,,False,noise_floor_inconclusive
d12-s9,1638,0.65,curvature/fd_eps_update,0.03,True,
d12-s9,1638,0.65,curvature/fd_snr_update,118.29872147081907,True,
d12-s9,1638,0.65,curvature/fd_floor_update,1.241144500195064e-05,True,
d12-s9,1638,0.65,curvature/fd_conclusive_update,0.0,True,
d12-s9,1638,0.65,curvature/e_sym_update,1.331116494815727e-07,True,
d12-s9,1638,0.65,curvature/e_lin_update,7.886947649172225e-07,True,
d12-s9,1638,0.65,curvature/curv_eps_update,0.01,True,
d12-s9,1638,0.65,curvature/curv_snr_update,0.15078419985992897,True,
d12-s9,1638,0.65,curvature/curv_floor_update,0.007905953651743403,True,
d12-s9,1638,0.65,curvature/c_fd_update,-0.0011920928955078125,True,
d12-s9,1638,0.65,curvature/verdict_code_update,1.0,True,
d12-s9,1638,0.65,curvature/e_curv_update,,False,noise_floor_inconclusive
d12-s9,1764,0.7,update/p1,-0.026528588239816922,True,
d12-s9,1764,0.7,update/p2,-0.013060257766321009,True,
d12-s9,1764,0.7,update/actual,-0.012910723686218262,True,
d12-s9,1764,0.7,update/residual_p1,0.01361786455359866,True,
d12-s9,1764,0.7,update/residual_p2,0.00014953408010274713,True,
d12-s9,1764,0.7,update/normalized_residual,0.011449550443664016,True,
d12-s9,1764,0.7,update/loss_before,1.584860920906067,True,
d12-s9,1764,0.7,update/loss_after,1.5719501972198486,True,
d12-s9,1764,0.7,update/direction_norm,395.7583049745307,True,
d12-s9,1764,0.7,curvature/dhd,0.026936660946991826,True,
d12-s9,1764,0.7,curvature/gHg,145.3287908808671,True,
d12-s9,1764,0.7,curvature/gg,11.325784371507453,True,
d12-s9,1764,0.7,curvature/eta_star,0.07793214477915622,True,
d12-s9,1764,0.7,curvature/Hg_norm,73.59373839144074,True,
d12-s9,1764,0.7,curvature/eta_star_rho,0.5867818218117146,True,
d12-s9,1764,0.7,curvature/eta_star_rho_threshold,9.5367431640625e-07,True,
d12-s9,1764,0.7,curvature/shadow_verdict_code,1.0,True,
d12-s9,1764,0.7,curvature/arith_eps,1.1920928955078125e-07,True,
d12-s9,1764,0.7,curvature/vhv_random,8.010414028052339e-06,True,
d12-s9,1764,0.7,curvature/e_fd_random,,False,insufficient_conclusive_points
d12-s9,1764,0.7,curvature/fd_cos_random,,False,insufficient_conclusive_points
d12-s9,1764,0.7,curvature/fd_eps_random,0.03,True,
d12-s9,1764,0.7,curvature/fd_snr_random,644.6438705462442,True,
d12-s9,1764,0.7,curvature/fd_floor_random,1.3372819570388446e-05,True,
d12-s9,1764,0.7,curvature/fd_conclusive_random,0.0,True,
d12-s9,1764,0.7,curvature/e_sym_random,5.085599203380061e-07,True,
d12-s9,1764,0.7,curvature/e_lin_random,7.712007568171056e-07,True,
d12-s9,1764,0.7,curvature/curv_eps_random,0.003,True,
d12-s9,1764,0.7,curvature/curv_snr_random,0.4732276709057063,True,
d12-s9,1764,0.7,curvature/curv_floor_random,0.08396894833771916,True,
d12-s9,1764,0.7,curvature/c_fd_random,-0.039736429850260414,True,
d12-s9,1764,0.7,curvature/verdict_code_random,1.0,True,
d12-s9,1764,0.7,curvature/e_curv_random,,False,noise_floor_inconclusive
d12-s9,1764,0.7,curvature/vhv_gradient,12.831676915802236,True,
d12-s9,1764,0.7,curvature/e_fd_gradient,0.0004917796761648736,True,
d12-s9,1764,0.7,curvature/fd_cos_gradient,0.9999998791334598,True,
d12-s9,1764,0.7,curvature/fd_eps_gradient,0.001,True,
d12-s9,1764,0.7,curvature/fd_snr_gradient,54507.943663017424,True,
d12-s9,1764,0.7,curvature/fd_floor_gradient,0.0004011870728385808,True,
d12-s9,1764,0.7,curvature/fd_conclusive_gradient,1.0,True,
d12-s9,1764,0.7,curvature/e_sym_gradient,1.1141515339486453e-06,True,
d12-s9,1764,0.7,curvature/e_lin_gradient,4.587528737035998e-07,True,
d12-s9,1764,0.7,curvature/curv_eps_gradient,0.004053600464421103,True,
d12-s9,1764,0.7,curvature/curv_snr_gradient,278.7218212562317,True,
d12-s9,1764,0.7,curvature/curv_floor_gradient,0.045993217910340195,True,
d12-s9,1764,0.7,curvature/c_fd_gradient,12.819313461404754,True,
d12-s9,1764,0.7,curvature/verdict_code_gradient,0.0,True,
d12-s9,1764,0.7,curvature/e_curv_gradient,0.0009635104186777309,True,
d12-s9,1764,0.7,curvature/vhv_update,1.719822839034077e-07,True,
d12-s9,1764,0.7,curvature/e_fd_update,,False,noise_floor_inconclusive
d12-s9,1764,0.7,curvature/fd_cos_update,,False,noise_floor_inconclusive
d12-s9,1764,0.7,curvature/fd_eps_update,0.03,True,
d12-s9,1764,0.7,curvature/fd_snr_update,112.73993060656747,True,
d12-s9,1764,0.7,curvature/fd_floor_update,1.3372820400341315e-05,True,
d12-s9,1764,0.7,curvature/fd_conclusive_update,0.0,True,
d12-s9,1764,0.7,curvature/e_sym_update,3.205218290224319e-07,True,
d12-s9,1764,0.7,curvature/e_lin_update,7.705546356777032e-07,True,
d12-s9,1764,0.7,curvature/curv_eps_update,0.01,True,
d12-s9,1764,0.7,curvature/curv_snr_update,0.630970239739278,True,
d12-s9,1764,0.7,curvature/curv_floor_update,0.007557205208286177,True,
d12-s9,1764,0.7,curvature/c_fd_update,-0.00476837158203125,True,
d12-s9,1764,0.7,curvature/verdict_code_update,1.0,True,
d12-s9,1764,0.7,curvature/e_curv_update,,False,noise_floor_inconclusive
d12-s9,1890,0.75,update/p1,0.00973687096999945,True,
d12-s9,1890,0.75,update/p2,0.01834966225986068,True,
d12-s9,1890,0.75,update/actual,0.01827216148376465,True,
d12-s9,1890,0.75,update/residual_p1,0.008535290513765198,True,
d12-s9,1890,0.75,update/residual_p2,-7.750077609603237e-05,True,
d12-s9,1890,0.75,update/normalized_residual,-0.004223553272997451,True,
d12-s9,1890,0.75,update/loss_before,1.5319604873657227,True,
d12-s9,1890,0.75,update/loss_after,1.5502326488494873,True,
d12-s9,1890,0.75,update/direction_norm,341.1256556256367,True,
d12-s9,1890,0.75,curvature/dhd,0.01722558257972246,True,
d12-s9,1890,0.75,curvature/gHg,120.8869229837411,True,
d12-s9,1890,0.75,curvature/gg,10.686696436980972,True,
d12-s9,1890,0.75,curvature/eta_star,0.08840241916338873,True,
d12-s9,1890,0.75,curvature/Hg_norm,67.00185128814618,True,
d12-s9,1890,0.75,curvature/eta_star_rho,0.5519132038681533,True,
d12-s9,1890,0.75,curvature/eta_star_rho_threshold,9.5367431640625e-07,True,
d12-s9,1890,0.75,curvature/shadow_verdict_code,1.0,True,
d12-s9,1890,0.75,curvature/arith_eps,1.1920928955078125e-07,True,
d12-s9,1890,0.75,curvature/vhv_random,8.029952918499e-06,True,
d12-s9,1890,0.75,curvature/e_fd_random,0.009713621265510739,True,
d12-s9,1890,0.75,curvature/fd_cos_random,0.9999529457436902,True,
d12-s9,1890,0.75,curvature/fd_eps_random,0.03,True,
d12-s9,1890,0.75,curvature/fd_snr_random,722.9624021388659,True,
d12-s9,1890,0.75,curvature/fd_floor_random,1.2990044253606565e-05,True,
d12-s9,1890,0.75,curvature/fd_conclusive_random,1.0,True,
d12-s9,1890,0.75,curvature/e_sym_random,6.512229162966619e-08,True,
d12-s9,1890,0.75,curvature/e_lin_random,8.091332392912886e-07,True,
d12-s9,1890,0.75,curvature/curv_eps_random,0.003,True,
d12-s9,1890,0.75,curvature/curv_snr_random,0.32637918769921337,True,
d12-s9,1890,0.75,curvature/curv_floor_random,0.08116618409480401,True,
d12-s9,1890,0.75,curvature/c_fd_random,-0.026490953233506944,True,
d12-s9,1890,0.75,curvature/verdict_code_random,1.0,True,
d12-s9,1890,0.75,curvature/e_curv_random,,False,noise_floor_inconclusive
d12-s9,1890,0.75,curvature/vhv_gradient,11.311906918857487,True,
d12-s9,1890,0.75,curvature/e_fd_gradient,0.0006293621180633523,True,
d12-s9,1890,0.75,curvature/fd_cos_gradient,0.9999998058216414,True,
d12-s9,1890,0.75,curvature/fd_eps_gradient,0.0003,True,
d12-s9,1890,0.75,curvature/fd_snr_gradient,15778.07604219068,True,
d12-s9,1890,0.75,curvature/fd_floor_gradient,0.0012990054339361368,True,
d12-s9,1890,0.75,curvature/fd_conclusive_gradient,1.0,True,
d12-s9,1890,0.75,curvature/e_sym_gradient,4.471969671570149e-07,True,
d12-s9,1890,0.75,curvature/e_lin_gradient,4.810371520162878e-07,True,
d12-s9,1890,0.75,curvature/curv_eps_gradient,0.004053600464421103,True,
d12-s9,1890,0.75,curvature/curv_snr_gradient,254.07849184430628,True,
d12-s9,1890,0.75,curvature/curv_floor_gradient,0.04445789822881553,True,
d12-s9,1890,0.75,curvature/c_fd_gradient,11.295795732545105,True,
d12-s9,1890,0.75,curvature/verdict_code_gradient,0.0,True,
d12-s9,1890,0.75,curvature/e_curv_gradient,0.0014242679353666668,True,
d12-s9,1890,0.75,curvature/vhv_update,1.4802845295927017e-07,True,
d12-s9,1890,0.75,curvature/e_fd_update,,False,noise_floor_inconclusive
d12-s9,1890,0.75,curvature/fd_cos_update,,False,noise_floor_inconclusive
d12-s9,1890,0.75,curvature/fd_eps_update,0.03,True,
d12-s9,1890,0.75,curvature/fd_snr_update,106.11369488244054,True,
d12-s9,1890,0.75,curvature/fd_floor_update,1.2990044876341275e-05,True,
d12-s9,1890,0.75,curvature/fd_conclusive_update,0.0,True,
d12-s9,1890,0.75,curvature/e_sym_update,2.630609588336544e-06,True,
d12-s9,1890,0.75,curvature/e_lin_update,7.921364634530468e-07,True,
d12-s9,1890,0.75,curvature/curv_eps_update,0.01,True,
d12-s9,1890,0.75,curvature/curv_snr_update,0.48956879107275203,True,
d12-s9,1890,0.75,curvature/curv_floor_update,0.007304956426423814,True,
d12-s9,1890,0.75,curvature/c_fd_update,-0.0035762786865234375,True,
d12-s9,1890,0.75,curvature/verdict_code_update,1.0,True,
d12-s9,1890,0.75,curvature/e_curv_update,,False,noise_floor_inconclusive
d12-s9,2016,0.8,update/p1,-0.02102386343653373,True,
d12-s9,2016,0.8,update/p2,-0.015985483786703322,True,
d12-s9,2016,0.8,update/actual,-0.015964984893798828,True,
d12-s9,2016,0.8,update/residual_p1,0.0050588785427349015,True,
d12-s9,2016,0.8,update/residual_p2,2.0498892904494137e-05,True,
d12-s9,2016,0.8,update/normalized_residual,0.0012823442304289254,True,
d12-s9,2016,0.8,update/loss_before,1.5547630786895752,True,
d12-s9,2016,0.8,update/loss_after,1.5387980937957764,True,
d12-s9,2016,0.8,update/direction_norm,281.86015996887454,True,
d12-s9,2016,0.8,curvature/dhd,0.010076759299660811,True,
d12-s9,2016,0.8,curvature/gHg,130.47381320916568,True,
d12-s9,2016,0.8,curvature/gg,11.089635943118434,True,
d12-s9,2016,0.8,curvature/eta_star,0.08499510875289874,True,
d12-s9,2016,0.8,curvature/Hg_norm,69.49954283945718,True,
d12-s9,2016,0.8,curvature/eta_star_rho,0.5637450775609605,True,
d12-s9,2016,0.8,curvature/eta_star_rho_threshold,9.5367431640625e-07,True,
d12-s9,2016,0.8,curvature/shadow_verdict_code,1.0,True,
d12-s9,2016,0.8,curvature/arith_eps,1.1920928955078125e-07,True,
d12-s9,2016,0.8,curvature/vhv_random,7.534747899019347e-06,True,
d12-s9,2016,0.8,curvature/e_fd_random,,False,insufficient_conclusive_points
d12-s9,2016,0.8,curvature/fd_cos_random,,False,insufficient_conclusive_points
d12-s9,2016,0.8,curvature/fd_eps_random,0.03,True,
d12-s9,2016,0.8,curvature/fd_snr_random,686.1107253177589,True,
d12-s9,2016,0.8,curvature/fd_floor_random,1.323266982941935e-05,True,
d12-s9,2016,0.8,curvature/fd_conclusive_random,0.0,True,
d12-s9,2016,0.8,curvature/e_sym_random,3.374307047819069e-07,True,
d12-s9,2016,0.8,curvature/e_lin_random,8.30252020839048e-07,True,
d12-s9,2016,0.8,curvature/curv_eps_random,0.01,True,
d12-s9,2016,0.8,curvature/curv_snr_random,0.9647771085152583,True,
d12-s9,2016,0.8,curvature/curv_floor_random,0.007413688933866069,True,
d12-s9,2016,0.8,curvature/c_fd_random,0.007152557373046875,True,
d12-s9,2016,0.8,curvature/verdict_code_random,1.0,True,
d12-s9,2016,0.8,curvature/e_curv_random,,False,noise_floor_inconclusive
d12-s9,2016,0.8,curvature/vhv_gradient,11.765381491832187,True,
d12-s9,2016,0.8,curvature/e_fd_gradient,0.0005641873891959316,True,
d12-s9,2016,0.8,curvature/fd_cos_gradient,0.9999998411927522,True,
d12-s9,2016,0.8,curvature/fd_eps_gradient,0.001,True,
d12-s9,2016,0.8,curvature/fd_snr_gradient,52571.68783016801,True,
d12-s9,2016,0.8,curvature/fd_floor_gradient,0.00039698249547120073,True,
d12-s9,2016,0.8,curvature/fd_conclusive_gradient,1.0,True,
d12-s9,2016,0.8,curvature/e_sym_gradient,3.503973433273444e-07,True,
d12-s9,2016,0.8,curvature/e_lin_gradient,4.880792363915852e-07,True,
d12-s9,2016,0.8,curvature/curv_eps_gradient,0.004053600464421103,True,
d12-s9,2016,0.8,curvature/curv_snr_gradient,261.44647776080495,True,
d12-s9,2016,0.8,curvature/curv_floor_gradient,0.045119675086855916,True,
d12-s9,2016,0.8,curvature/c_fd_gradient,11.79638012917042,True,
d12-s9,2016,0.8,curvature/verdict_code_gradient,0.0,True,
d12-s9,2016,0.8,curvature/e_curv_gradient,0.0026278092939356857,True,
d12-s9,2016,0.8,curvature/vhv_update,1.2683919080270701e-07,True,
d12-s9,2016,0.8,curvature/e_fd_update,,False,noise_floor_inconclusive
d12-s9,2016,0.8,curvature/fd_cos_update,,False,noise_floor_inconclusive
d12-s9,2016,0.8,curvature/fd_eps_update,0.03,True,
d12-s9,2016,0.8,curvature/fd_snr_update,95.83860585045194,True,
d12-s9,2016,0.8,curvature/fd_floor_update,1.3232669064473803e-05,True,
d12-s9,2016,0.8,curvature/fd_conclusive_update,0.0,True,
d12-s9,2016,0.8,curvature/e_sym_update,1.5080773400585112e-07,True,
d12-s9,2016,0.8,curvature/e_lin_update,8.545529970513122e-07,True,
d12-s9,2016,0.8,curvature/curv_eps_update,0.003,True,
d12-s9,2016,0.8,curvature/curv_snr_update,0.6431847636678165,True,
d12-s9,2016,0.8,curvature/curv_floor_update,0.08237431832943305,True,
d12-s9,2016,0.8,curvature/c_fd_update,0.05298190646701389,True,
d12-s9,2016,0.8,curvature/verdict_code_update,1.0,True,
d12-s9,2016,0.8,curvature/e_curv_update,,False,noise_floor_inconclusive
d12-s9,2142,0.85,update/p1,0.0025171462397649514,True,
d12-s9,2142,0.85,update/p2,0.0050251424083636,True,
d12-s9,2142,0.85,update/actual,0.005008578300476074,True,
d12-s9,2142,0.85,update/residual_p1,0.0024914320607111228,True,
d12-s9,2142,0.85,update/residual_p2,-1.6564107887525464e-05,True,
d12-s9,2142,0.85,update/normalized_residual,-0.0032962464625792454,True,
d12-s9,2142,0.85,update/loss_before,1.5043624639511108,True,
d12-s9,2142,0.85,update/loss_after,1.509371042251587,True,
d12-s9,2142,0.85,update/direction_norm,224.86425543102536,True,
d12-s9,2142,0.85,curvature/dhd,0.0050159923371972965,True,
d12-s9,2142,0.85,curvature/gHg,136.89331941819273,True,
d12-s9,2142,0.85,curvature/gg,11.275593044817926,True,
d12-s9,2142,0.85,curvature/eta_star,0.08236773783220448,True,
d12-s9,2142,0.85,curvature/Hg_norm,74.78530047543734,True,
d12-s9,2142,0.85,curvature/eta_star_rho,0.5451252703081172,True,
d12-s9,2142,0.85,curvature/eta_star_rho_threshold,9.5367431640625e-07,True,
d12-s9,2142,0.85,curvature/shadow_verdict_code,1.0,True,
d12-s9,2142,0.85,curvature/arith_eps,1.1920928955078125e-07,True,
d12-s9,2142,0.85,curvature/vhv_random,8.622013554616566e-06,True,
d12-s9,2142,0.85,curvature/e_fd_random,,False,insufficient_conclusive_points
d12-s9,2142,0.85,curvature/fd_cos_random,,False,insufficient_conclusive_points
d12-s9,2142,0.85,curvature/fd_eps_random,0.03,True,
d12-s9,2142,0.85,curvature/fd_snr_random,723.3480338418537,True,
d12-s9,2142,0.85,curvature/fd_floor_random,1.3343153362974336e-05,True,
d12-s9,2142,0.85,curvature/fd_conclusive_random,0.0,True,
d12-s9,2142,0.85,curvature/e_sym_random,7.809909514953535e-08,True,
d12-s9,2142,0.85,curvature/e_lin_random,8.126274311152016e-07,True,
d12-s9,2142,0.85,curvature/curv_eps_random,0.03,True,
d12-s9,2142,0.85,curvature/curv_snr_random,0.9971002429532599,True,
d12-s9,2142,0.85,curvature/curv_floor_random,0.0007970398188364117,True,
d12-s9,2142,0.85,curvature/c_fd_random,-0.0007947285970052084,True,
d12-s9,2142,0.85,curvature/verdict_code_random,1.0,True,
d12-s9,2142,0.85,curvature/e_curv_random,,False,noise_floor_inconclusive
d12-s9,2142,0.85,curvature/vhv_gradient,12.140678015929547,True,
d12-s9,2142,0.85,curvature/e_fd_gradient,0.0004933637568512695,True,
d12-s9,2142,0.85,curvature/fd_cos_gradient,0.9999998787488961,True,
d12-s9,2142,0.85,curvature/fd_eps_gradient,0.0003,True,
d12-s9,2142,0.85,curvature/fd_snr_gradient,16691.208029191417,True,
d12-s9,2142,0.85,curvature/fd_floor_gradient,0.0013343165349871207,True,
d12-s9,2142,0.85,curvature/fd_conclusive_gradient,1.0,True,
d12-s9,2142,0.85,curvature/e_sym_gradient,5.542373497589546e-07,True,
d12-s9,2142,0.85,curvature/e_lin_gradient,5.378944339640783e-07,True,
d12-s9,2142,0.85,curvature/curv_eps_gradient,0.004053600464421103,True,
d12-s9,2142,0.85,curvature/curv_snr_gradient,277.35084764870913,True,
d12-s9,2142,0.85,curvature/curv_floor_gradient,0.043657117416156584,True,
d12-s9,2142,0.85,curvature/c_fd_gradient,12.108338521270252,True,
d12-s9,2142,0.85,curvature/verdict_code_gradient,0.0,True,
d12-s9,2142,0.85,curvature/e_curv_gradient,0.00266373052780604,True,
d12-s9,2142,0.85,curvature/vhv_update,9.92009850442761e-08,True,
d12-s9,2142,0.85,curvature/e_fd_update,,False,noise_floor_inconclusive
d12-s9,2142,0.85,curvature/fd_cos_update,,False,noise_floor_inconclusive
d12-s9,2142,0.85,curvature/fd_eps_update,0.03,True,
d12-s9,2142,0.85,curvature/fd_snr_update,75.49031103030487,True,
d12-s9,2142,0.85,curvature/fd_floor_update,1.3343154677508343e-05,True,
d12-s9,2142,0.85,curvature/fd_conclusive_update,0.0,True,
d12-s9,2142,0.85,curvature/e_sym_update,5.057434211464771e-07,True,
d12-s9,2142,0.85,curvature/e_lin_update,8.11329268900982e-07,True,
d12-s9,2142,0.85,curvature/curv_eps_update,0.1,True,
d12-s9,2142,0.85,curvature/curv_snr_update,0.9971002429532599,True,
d12-s9,2142,0.85,curvature/curv_floor_update,7.173358369527703e-05,True,
d12-s9,2142,0.85,curvature/c_fd_update,-7.152557373046874e-05,True,
d12-s9,2142,0.85,curvature/verdict_code_update,1.0,True,
d12-s9,2142,0.85,curvature/e_curv_update,,False,noise_floor_inconclusive
d12-s9,2268,0.9,update/p1,-7.48210056372409e-07,True,
d12-s9,2268,0.9,update/p2,0.0012913884180117254,True,
d12-s9,2268,0.9,update/actual,0.0012902021408081055,True,
d12-s9,2268,0.9,update/residual_p1,0.0012909503508644778,True,
d12-s9,2268,0.9,update/residual_p2,-1.186277203619893e-06,True,
d12-s9,2268,0.9,update/normalized_residual,-0.0009186060422055931,True,
d12-s9,2268,0.9,update/loss_before,1.4706171751022339,True,
d12-s9,2268,0.9,update/loss_after,1.471907377243042,True,
d12-s9,2268,0.9,update/direction_norm,163.71930808063138,True,
d12-s9,2268,0.9,curvature/dhd,0.0025842732561361954,True,
d12-s9,2268,0.9,curvature/gHg,142.12293400258343,True,
d12-s9,2268,0.9,curvature/gg,11.225627333500157,True,
d12-s9,2268,0.9,curvature/eta_star,0.07898533345291128,True,
d12-s9,2268,0.9,curvature/Hg_norm,78.00792897184301,True,
d12-s9,2268,0.9,curvature/eta_star_rho,0.5437760883563277,True,
d12-s9,2268,0.9,curvature/eta_star_rho_threshold,9.5367431640625e-07,True,
d12-s9,2268,0.9,curvature/shadow_verdict_code,1.0,True,
d12-s9,2268,0.9,curvature/arith_eps,1.1920928955078125e-07,True,
d12-s9,2268,0.9,curvature/vhv_random,8.469101978223361e-06,True,
d12-s9,2268,0.9,curvature/e_fd_random,,False,insufficient_conclusive_points
d12-s9,2268,0.9,curvature/fd_cos_random,,False,insufficient_conclusive_points
d12-s9,2268,0.9,curvature/fd_eps_random,0.03,True,
d12-s9,2268,0.9,curvature/fd_snr_random,731.8616125471316,True,
d12-s9,2268,0.9,curvature/fd_floor_random,1.3313557237590344e-05,True,
d12-s9,2268,0.9,curvature/fd_conclusive_random,0.0,True,
d12-s9,2268,0.9,curvature/e_sym_random,3.8000768962138825e-07,True,
d12-s9,2268,0.9,curvature/e_lin_random,8.107557787972541e-07,True,
d12-s9,2268,0.9,curvature/curv_eps_random,0.003,True,
d12-s9,2268,0.9,curvature/curv_snr_random,0.509989932866933,True,
d12-s9,2268,0.9,curvature/curv_floor_random,0.07791610635700232,True,
d12-s9,2268,0.9,curvature/c_fd_random,0.039736429850260414,True,
d12-s9,2268,0.9,curvature/verdict_code_random,1.0,True,
d12-s9,2268,0.9,curvature/e_curv_random,,False,noise_floor_inconclusive
d12-s9,2268,0.9,curvature/vhv_gradient,12.660577275538568,True,
d12-s9,2268,0.9,curvature/e_fd_gradient,0.0005345147334524094,True,
d12-s9,2268,0.9,curvature/fd_cos_gradient,0.9999998573272136,True,
d12-s9,2268,0.9,curvature/fd_eps_gradient,0.001,True,
d12-s9,2268,0.9,curvature/fd_snr_gradient,58292.58662938666,True,
d12-s9,2268,0.9,curvature/fd_floor_gradient,0.00039941103843783296,True,
d12-s9,2268,0.9,curvature/fd_conclusive_gradient,1.0,True,
d12-s9,2268,0.9,curvature/e_sym_gradient,1.3483202817047628e-06,True,
d12-s9,2268,0.9,curvature/e_lin_gradient,5.171392663294991e-07,True,
d12-s9,2268,0.9,curvature/curv_eps_gradient,0.004053600464421103,True,
d12-s9,2268,0.9,curvature/curv_snr_gradient,296.46368790390625,True,
d12-s9,2268,0.9,curvature/curv_floor_gradient,0.04267791473998011,True,
d12-s9,2268,0.9,curvature/c_fd_gradient,12.652451995862982,True,
d12-s9,2268,0.9,curvature/verdict_code_gradient,0.0,True,
d12-s9,2268,0.9,curvature/e_curv_gradient,0.0006417779773189589,True,
d12-s9,2268,0.9,curvature/vhv_update,9.641365975002286e-08,True,
d12-s9,2268,0.9,curvature/e_fd_update,,False,noise_floor_inconclusive
d12-s9,2268,0.9,curvature/fd_cos_update,,False,noise_floor_inconclusive
d12-s9,2268,0.9,curvature/fd_eps_update,0.03,True,
d12-s9,2268,0.9,curvature/fd_snr_update,87.08534042699057,True,
d12-s9,2268,0.9,curvature/fd_floor_update,1.3313558418835374e-05,True,
d12-s9,2268,0.9,curvature/fd_conclusive_update,0.0,True,
d12-s9,2268,0.9,curvature/e_sym_update,6.185355079052758e-08,True,
d12-s9,2268,0.9,curvature/e_lin_update,7.870018795150545e-07,True,
d12-s9,2268,0.9,curvature/curv_eps_update,0.01,True,
d12-s9,2268,0.9,curvature/curv_snr_update,0.3399933230280834,True,
d12-s9,2268,0.9,curvature/curv_floor_update,0.0070124488615874725,True,
d12-s9,2268,0.9,curvature/c_fd_update,-0.002384185791015625,True,
d12-s9,2268,0.9,curvature/verdict_code_update,1.0,True,
d12-s9,2268,0.9,curvature/e_curv_update,,False,noise_floor_inconclusive
d12-s9,2394,0.95,update/p1,-0.003872686383939257,True,
d12-s9,2394,0.95,update/p2,-0.003540952922505346,True,
d12-s9,2394,0.95,update/actual,-0.0035390853881835938,True,
d12-s9,2394,0.95,update/residual_p1,0.0003336009957556631,True,
d12-s9,2394,0.95,update/residual_p2,1.8675343217522226e-06,True,
d12-s9,2394,0.95,update/normalized_residual,0.000527410096271734,True,
d12-s9,2394,0.95,update/loss_before,1.4534175395965576,True,
d12-s9,2394,0.95,update/loss_after,1.449878454208374,True,
d12-s9,2394,0.95,update/direction_norm,100.27359883992341,True,
d12-s9,2394,0.95,curvature/dhd,0.0006634669228678219,True,
d12-s9,2394,0.95,curvature/gHg,125.01955412918346,True,
d12-s9,2394,0.95,curvature/gg,11.19686300251432,True,
d12-s9,2394,0.95,curvature/eta_star,0.08956089373782708,True,
d12-s9,2394,0.95,curvature/Hg_norm,71.44965075627816,True,
d12-s9,2394,0.95,curvature/eta_star_rho,0.5229132580191098,True,
d12-s9,2394,0.95,curvature/eta_star_rho_threshold,9.5367431640625e-07,True,
d12-s9,2394,0.95,curvature/shadow_verdict_code,1.0,True,
d12-s9,2394,0.95,curvature/arith_eps,1.1920928955078125e-07,True,
d12-s9,2394,0.95,curvature/vhv_random,8.515932178222183e-06,True,
d12-s9,2394,0.95,curvature/e_fd_random,,False,insufficient_conclusive_points
d12-s9,2394,0.95,curvature/fd_cos_random,,False,insufficient_conclusive_points
d12-s9,2394,0.95,curvature/fd_eps_random,0.03,True,
d12-s9,2394,0.95,curvature/fd_snr_random,776.4281261686622,True,
d12-s9,2394,0.95,curvature/fd_floor_random,1.3296488857619962e-05,True,
d12-s9,2394,0.95,curvature/fd_conclusive_random,0.0,True,
d12-s9,2394,0.95,curvature/e_sym_random,3.7113631465881926e-07,True,
d12-s9,2394,0.95,curvature/e_lin_random,8.186964752199592e-07,True,
d12-s9,2394,0.95,curvature/curv_eps_random,0.01,True,
d12-s9,2394,0.95,curvature/curv_snr_random,1.032050167683694,True,
d12-s9,2394,0.95,curvature/curv_floor_random,0.006930435745289287,True,
d12-s9,2394,0.95,curvature/c_fd_random,0.007152557373046875,True,
d12-s9,2394,0.95,curvature/verdict_code_random,1.0,True,
d12-s9,2394,0.95,curvature/e_curv_random,,False,noise_floor_inconclusive
d12-s9,2394,0.95,curvature/vhv_gradient,11.165587253279472,True,
d12-s9,2394,0.95,curvature/e_fd_gradient,0.0005724631269546134,True,
d12-s9,2394,0.95,curvature/fd_cos_gradient,0.9999998370275206,True,
d12-s9,2394,0.95,curvature/fd_eps_gradient,0.0003,True,
d12-s9,2394,0.95,curvature/fd_snr_gradient,16058.851559810164,True,
d12-s9,2394,0.95,curvature/fd_floor_gradient,0.0013296502164378697,True,
d12-s9,2394,0.95,curvature/fd_conclusive_gradient,1.0,True,
d12-s9,2394,0.95,curvature/e_sym_gradient,1.883288627741101e-06,True,
d12-s9,2394,0.95,curvature/e_lin_gradient,5.358638009254534e-07,True,
d12-s9,2394,0.95,curvature/curv_eps_gradient,0.004053600464421103,True,
d12-s9,2394,0.95,curvature/curv_snr_gradient,265.57253454080427,True,
d12-s9,2394,0.95,curvature/curv_floor_gradient,0.04217861892100629,True,
d12-s9,2394,0.95,curvature/c_fd_gradient,11.201482730282365,True,
d12-s9,2394,0.95,curvature/verdict_code_gradient,0.0,True,
d12-s9,2394,0.95,curvature/e_curv_gradient,0.003204529067018207,True,
d12-s9,2394,0.95,curvature/vhv_update,6.59851353292814e-08,True,
d12-s9,2394,0.95,curvature/e_fd_update,,False,noise_floor_inconclusive
d12-s9,2394,0.95,curvature/fd_cos_update,,False,noise_floor_inconclusive
d12-s9,2394,0.95,curvature/fd_eps_update,0.03,True,
d12-s9,2394,0.95,curvature/fd_snr_update,60.082479227229285,True,
d12-s9,2394,0.95,curvature/fd_floor_update,1.3296488941580582e-05,True,
d12-s9,2394,0.95,curvature/fd_conclusive_update,0.0,True,
d12-s9,2394,0.95,curvature/e_sym_update,1.8717890851671655e-06,True,
d12-s9,2394,0.95,curvature/e_lin_update,8.098922671733156e-07,True,
d12-s9,2394,0.95,curvature/curv_eps_update,0.01,True,
d12-s9,2394,0.95,curvature/curv_snr_update,0.6880334733387078,True,
d12-s9,2394,0.95,curvature/curv_floor_update,0.006930435461072193,True,
d12-s9,2394,0.95,curvature/c_fd_update,0.00476837158203125,True,
d12-s9,2394,0.95,curvature/verdict_code_update,1.0,True,
d12-s9,2394,0.95,curvature/e_curv_update,,False,noise_floor_inconclusive
d12-s9,2520,1.0,update/p1,0.001239264090759442,True,
d12-s9,2520,1.0,update/p2,0.001321435352174163,True,
d12-s9,2520,1.0,update/actual,0.0013216733932495117,True,
d12-s9,2520,1.0,update/residual_p1,8.240930249006975e-05,True,
d12-s9,2520,1.0,update/residual_p2,2.3804107534869563e-07,True,
d12-s9,2520,1.0,update/normalized_residual,0.00018010582384762975,True,
d12-s9,2520,1.0,update/loss_before,1.429592251777649,True,
d12-s9,2520,1.0,update/loss_after,1.4309139251708984,True,
d12-s9,2520,1.0,update/direction_norm,34.71672347560266,True,
d12-s9,2520,1.0,curvature/dhd,0.0001643425228294422,True,
d12-s9,2520,1.0,curvature/gHg,118.65482422229267,True,
d12-s9,2520,1.0,curvature/gg,11.318432216462671,True,
d12-s9,2520,1.0,curvature/eta_star,0.09538956625360862,True,
d12-s9,2520,1.0,curvature/Hg_norm,68.0243063863256,True,
d12-s9,2520,1.0,curvature/eta_star_rho,0.5184753828627776,True,
d12-s9,2520,1.0,curvature/eta_star_rho_threshold,9.5367431640625e-07,True,
d12-s9,2520,1.0,curvature/shadow_verdict_code,1.0,True,
d12-s9,2520,1.0,curvature/arith_eps,1.1920928955078125e-07,True,
d12-s9,2520,1.0,curvature/vhv_random,8.470561389984313e-06,True,
d12-s9,2520,1.0,curvature/e_fd_random,,False,insufficient_conclusive_points
d12-s9,2520,1.0,curvature/fd_cos_random,,False,insufficient_conclusive_points
d12-s9,2520,1.0,curvature/fd_eps_random,0.03,True,
d12-s9,2520,1.0,curvature/fd_snr_random,784.2264006019662,True,
d12-s9,2520,1.0,curvature/fd_floor_random,1.3368478579311661e-05,True,
d12-s9,2520,1.0,curvature/fd_conclusive_random,0.0,True,
d12-s9,2520,1.0,curvature/e_sym_random,7.184098802976398e-08,True,
d12-s9,2520,1.0,curvature/e_lin_random,8.127836958786942e-07,True,
d12-s9,2520,1.0,curvature/curv_eps_random,0.03,True,
d12-s9,2520,1.0,curvature/curv_snr_random,0.349750062321294,True,
d12-s9,2520,1.0,curvature/curv_floor_random,0.0007574252612761888,True,
d12-s9,2520,1.0,curvature/c_fd_random,0.00026490953233506944,True,
d12-s9,2520,1.0,curvature/verdict_code_random,1.0,True,
d12-s9,2520,1.0,curvature/e_curv_random,,False,noise_floor_inconclusive
d12-s9,2520,1.0,curvature/vhv_gradient,10.483325957386677,True,
d12-s9,2520,1.0,curvature/e_fd_gradient,0.0011112290460084044,True,
d12-s9,2520,1.0,curvature/fd_cos_gradient,0.9999993830952072,True,
d12-s9,2520,1.0,curvature/fd_eps_gradient,0.0003,True,
d12-s9,2520,1.0,curvature/fd_snr_gradient,15125.255617579036,True,
d12-s9,2520,1.0,curvature/fd_floor_gradient,0.0013368491432180437,True,
d12-s9,2520,1.0,curvature/fd_conclusive_gradient,1.0,True,
d12-s9,2520,1.0,curvature/e_sym_gradient,1.5789454328700505e-06,True,
d12-s9,2520,1.0,curvature/e_lin_gradient,5.203136192965781e-07,True,
d12-s9,2520,1.0,curvature/curv_eps_gradient,0.004053600464421103,True,
d12-s9,2520,1.0,curvature/curv_snr_gradient,252.86168324508412,True,
d12-s9,2520,1.0,curvature/curv_floor_gradient,0.041487138958811814,True,
d12-s9,2520,1.0,curvature/c_fd_gradient,10.490507790147863,True,
d12-s9,2520,1.0,curvature/verdict_code_gradient,0.0,True,
d12-s9,2520,1.0,curvature/e_curv_gradient,0.0006846029672586725,True,
d12-s9,2520,1.0,curvature/vhv_update,1.3635544699001315e-07,True,
d12-s9,2520,1.0,curvature/e_fd_update,,False,noise_floor_inconclusive
d12-s9,2520,1.0,curvature/fd_cos_update,,False,noise_floor_inconclusive
d12-s9,2520,1.0,curvature/fd_eps_update,0.03,True,
d12-s9,2520,1.0,curvature/fd_snr_update,109.9697111021996,True,
d12-s9,2520,1.0,curvature/fd_floor_update,1.3368477438123648e-05,True,
d12-s9,2520,1.0,curvature/fd_conclusive_update,0.0,True,
d12-s9,2520,1.0,curvature/e_sym_update,3.6545984298081254e-07,True,
d12-s9,2520,1.0,curvature/e_lin_update,7.863559831672908e-07,True,
d12-s9,2520,1.0,curvature/curv_eps_update,0.03,True,
d12-s9,2520,1.0,curvature/curv_snr_update,0.5246250825452246,True,
d12-s9,2520,1.0,curvature/curv_floor_update,0.0007574252770660274,True,
d12-s9,2520,1.0,curvature/c_fd_update,0.0003973642985026042,True,
d12-s9,2520,1.0,curvature/verdict_code_update,1.0,True,
d12-s9,2520,1.0,curvature/e_curv_update,,False,noise_floor_inconclusive
d12-s10,9,0.0035714285714285713,update/p1,-0.7261356097780205,True,
d12-s10,9,0.0035714285714285713,update/p2,-0.41443590229500615,True,
d12-s10,9,0.0035714285714285713,update/actual,-0.2912478446960449,True,
d12-s10,9,0.0035714285714285713,update/residual_p1,0.4348877650819756,True,
d12-s10,9,0.0035714285714285713,update/residual_p2,0.12318805759896123,True,
d12-s10,9,0.0035714285714285713,update/normalized_residual,0.297242726599668,True,
d12-s10,9,0.0035714285714285713,update/loss_before,7.6240234375,True,
d12-s10,9,0.0035714285714285713,update/loss_after,7.332775592803955,True,
d12-s10,9,0.0035714285714285713,update/direction_norm,273.9383839696559,True,
d12-s10,9,0.0035714285714285713,curvature/dhd,0.6233994149660287,True,
d12-s10,9,0.0035714285714285713,curvature/gHg,103.5314640807189,True,
d12-s10,9,0.0035714285714285713,curvature/gg,16.940331803568597,True,
d12-s10,9,0.0035714285714285713,curvature/eta_star,0.16362496130027648,True,
d12-s10,9,0.0035714285714285713,curvature/Hg_norm,69.00289868186978,True,
d12-s10,9,0.0035714285714285713,curvature/eta_star_rho,0.3645390557933913,True,
d12-s10,9,0.0035714285714285713,curvature/eta_star_rho_threshold,9.5367431640625e-07,True,
d12-s10,9,0.0035714285714285713,curvature/shadow_verdict_code,1.0,True,
d12-s10,9,0.0035714285714285713,curvature/arith_eps,1.1920928955078125e-07,True,
d12-s10,9,0.0035714285714285713,curvature/vhv_random,2.3959339034498754e-05,True,
d12-s10,9,0.0035714285714285713,curvature/e_fd_random,0.0010387069699938842,True,
d12-s10,9,0.0035714285714285713,curvature/fd_cos_random,0.9999994605775663,True,
d12-s10,9,0.0035714285714285713,curvature/fd_eps_random,0.03,True,
d12-s10,9,0.0035714285714285713,curvature/fd_snr_random,1684.1506526768444,True,
d12-s10,9,0.0035714285714285713,curvature/fd_floor_random,1.6354971855883587e-05,True,
d12-s10,9,0.0035714285714285713,curvature/fd_conclusive_random,1.0,True,
d12-s10,9,0.0035714285714285713,curvature/e_sym_random,1.3218742752666307e-06,True,
d12-s10,9,0.0035714285714285713,curvature/e_lin_random,5.108793488556853e-07,True,
d12-s10,9,0.0035714285714285713,curvature/curv_eps_random,0.003,True,
d12-s10,9,0.0035714285714285713,curvature/curv_snr_random,0.2623286875938376,True,
d12-s10,9,0.0035714285714285713,curvature/curv_floor_random,0.4039352840360758,True,
d12-s10,9,0.0035714285714285713,curvature/c_fd_random,-0.10596381293402778,True,
d12-s10,9,0.0035714285714285713,curvature/verdict_code_random,1.0,True,
d12-s10,9,0.0035714285714285713,curvature/e_curv_random,,False,noise_floor_inconclusive
d12-s10,9,0.0035714285714285713,curvature/vhv_gradient,6.111537158386032,True,
d12-s10,9,0.0035714285714285713,curvature/e_fd_gradient,2.67153450352796e-05,True,
d12-s10,9,0.0035714285714285713,curvature/fd_cos_gradient,0.9999999996431757,True,
d12-s10,9,0.0035714285714285713,curvature/fd_eps_gradient,0.003,True,
d12-s10,9,0.0035714285714285713,curvature/fd_snr_gradient,102509.37174553708,True,
d12-s10,9,0.0035714285714285713,curvature/fd_floor_gradient,0.00016354712840956106,True,
d12-s10,9,0.0035714285714285713,curvature/fd_conclusive_gradient,1.0,True,
d12-s10,9,0.0035714285714285713,curvature/e_sym_gradient,9.697076487861173e-07,True,
d12-s10,9,0.0035714285714285713,curvature/e_lin_gradient,1.3176281586424588e-06,True,
d12-s10,9,0.0035714285714285713,curvature/curv_eps_gradient,0.013160740129524924,True,
d12-s10,9,0.0035714285714285713,curvature/curv_snr_gradient,290.7812611632339,True,
d12-s10,9,0.0035714285714285713,curvature/curv_floor_gradient,0.020989821291524456,True,
d12-s10,9,0.0035714285714285713,curvature/c_fd_gradient,6.103446706740381,True,
d12-s10,9,0.0035714285714285713,curvature/verdict_code_gradient,0.0,True,
d12-s10,9,0.0035714285714285713,curvature/e_curv_gradient,0.0013237997963490057,True,
d12-s10,9,0.0035714285714285713,curvature/vhv_update,8.307313856310145e-06,True,
d12-s10,9,0.0035714285714285713,curvature/e_fd_update,,False,insufficient_conclusive_points
d12-s10,9,0.0035714285714285713,curvature/fd_cos_update,,False,insufficient_conclusive_points
d12-s10,9,0.0035714285714285713,curvature/fd_eps_update,0.03,True,
d12-s10,9,0.0035714285714285713,curvature/fd_snr_update,885.2819365109915,True,
d12-s10,9,0.0035714285714285713,curvature/fd_floor_update,1.6354971693722128e-05,True,
d12-s10,9,0.0035714285714285713,curvature/fd_conclusive_update,0.0,True,
d12-s10,9,0.0035714285714285713,curvature/e_sym_update,5.147144385547512e-09,True,
d12-s10,9,0.0035714285714285713,curvature/e_lin_update,4.342272433787305e-07,True,
d12-s10,9,0.0035714285714285713,curvature/curv_eps_update,0.03,True,
d12-s10,9,0.0035714285714285713,curvature/curv_snr_update,0.26232868759383754,True,
d12-s10,9,0.0035714285714285713,curvature/curv_floor_update,0.004039352840360759,True,
d12-s10,9,0.0035714285714285713,curvature/c_fd_update,-0.0010596381293402778,True,
d12-s10,9,0.0035714285714285713,curvature/verdict_code_update,1.0,True,
d12-s10,9,0.0035714285714285713,curvature/e_curv_update,,False,noise_floor_inconclusive
d12-s10,17,0.006746031746031746,update/p1,-0.12074356509675234,True,
d12-s10,17,0.006746031746031746,update/p2,-0.07470360361654427,True,
d12-s10,17,0.006746031746031746,update/actual,-0.07426881790161133,True,
d12-s10,17,0.006746031746031746,update/residual_p1,0.04647474719514101,True,
d12-s10,17,0.006746031746031746,update/residual_p2,0.00043478571493293927,True,
d12-s10,17,0.006746031746031746,update/normalized_residual,0.005820143793393245,True,
d12-s10,17,0.006746031746031746,update/loss_before,5.357767581939697,True,
d12-s10,17,0.006746031746031746,update/loss_after,5.283498764038086,True,
d12-s10,17,0.006746031746031746,update/direction_norm,379.8780949645586,True,
d12-s10,17,0.006746031746031746,curvature/dhd,0.09207992296041616,True,
d12-s10,17,0.006746031746031746,curvature/gHg,10.896903571335585,True,
d12-s10,17,0.006746031746031746,curvature/gg,4.22489556760056,True,
d12-s10,17,0.006746031746031746,curvature/eta_star,0.38771523854851675,True,
d12-s10,17,0.006746031746031746,curvature/Hg_norm,8.670039438756048,True,
d12-s10,17,0.006746031746031746,curvature/eta_star_rho,0.6114684386470083,True,
d12-s10,17,0.006746031746031746,curvature/eta_star_rho_threshold,9.5367431640625e-07,True,
d12-s10,17,0.006746031746031746,curvature/shadow_verdict_code,1.0,True,
d12-s10,17,0.006746031746031746,curvature/arith_eps,1.1920928955078125e-07,True,
d12-s10,17,0.006746031746031746,curvature/vhv_random,2.347922336857667e-06,True,
d12-s10,17,0.006746031746031746,curvature/e_fd_random,,False,noise_floor_inconclusive
d12-s10,17,0.006746031746031746,curvature/fd_cos_random,,False,noise_floor_inconclusive
d12-s10,17,0.006746031746031746,curvature/fd_eps_random,0.03,True,
d12-s10,17,0.006746031746031746,curvature/fd_snr_random,434.7883585274669,True,
d12-s10,17,0.006746031746031746,curvature/fd_floor_random,8.167645200052071e-06,True,
d12-s10,17,0.006746031746031746,curvature/fd_conclusive_random,0.0,True,
d12-s10,17,0.006746031746031746,curvature/e_sym_random,1.3003677013974852e-06,True,
d12-s10,17,0.006746031746031746,curvature/e_lin_random,6.226033771732429e-07,True,
d12-s10,17,0.006746031746031746,curvature/curv_eps_random,0.01,True,
d12-s10,17,0.006746031746031746,curvature/curv_snr_random,0.1866448968635851,True,
d12-s10,17,0.006746031746031746,curvature/curv_floor_random,0.025547827249283728,True,
d12-s10,17,0.006746031746031746,curvature/c_fd_random,0.00476837158203125,True,
d12-s10,17,0.006746031746031746,curvature/verdict_code_random,1.0,True,
d12-s10,17,0.006746031746031746,curvature/e_curv_random,,False,noise_floor_inconclusive
d12-s10,17,0.006746031746031746,curvature/vhv_gradient,2.579213016444549,True,
d12-s10,17,0.006746031746031746,curvature/e_fd_gradient,4.418217929365889e-05,True,
d12-s10,17,0.006746031746031746,curvature/fd_cos_gradient,0.9999999990957943,True,
d12-s10,17,0.006746031746031746,curvature/fd_eps_gradient,0.003,True,
d12-s10,17,0.006746031746031746,curvature/fd_snr_gradient,51643.510121746855,True,
d12-s10,17,0.006746031746031746,curvature/fd_floor_gradient,8.167654913520509e-05,True,
d12-s10,17,0.006746031746031746,curvature/fd_conclusive_gradient,1.0,True,
d12-s10,17,0.006746031746031746,curvature/e_sym_gradient,3.521987454045871e-07,True,
d12-s10,17,0.006746031746031746,curvature/e_lin_gradient,5.669503659328696e-07,True,
d12-s10,17,0.006746031746031746,curvature/curv_eps_gradient,0.017320508075688773,True,
d12-s10,17,0.006746031746031746,curvature/curv_snr_gradient,303.1003671174344,True,
d12-s10,17,0.006746031746031746,curvature/curv_floor_gradient,0.008516249939323945,True,
d12-s10,17,0.006746031746031746,curvature/c_fd_gradient,2.5812784830729165,True,
d12-s10,17,0.006746031746031746,curvature/verdict_code_gradient,0.0,True,
d12-s10,17,0.006746031746031746,curvature/e_curv_gradient,0.0008001719465420187,True,
d12-s10,17,0.006746031746031746,curvature/vhv_update,6.380819888977895e-07,True,
d12-s10,17,0.006746031746031746,curvature/e_fd_update,,False,noise_floor_inconclusive
d12-s10,17,0.006746031746031746,curvature/fd_cos_update,,False,noise_floor_inconclusive
d12-s10,17,0.006746031746031746,curvature/fd_eps_update,0.03,True,
d12-s10,17,0.006746031746031746,curvature/fd_snr_update,92.03478823393598,True,
d12-s10,17,0.006746031746031746,curvature/fd_floor_update,8.167645018640045e-06,True,
d12-s10,17,0.006746031746031746,curvature/fd_conclusive_update,0.0,True,
d12-s10,17,0.006746031746031746,curvature/e_sym_update,4.306112114834012e-07,True,
d12-s10,17,0.006746031746031746,curvature/e_lin_update,6.210853288849775e-07,True,
d12-s10,17,0.006746031746031746,curvature/curv_eps_update,0.003,True,
d12-s10,17,0.006746031746031746,curvature/curv_snr_update,0.1866448968635851,True,
d12-s10,17,0.006746031746031746,curvature/curv_floor_update,0.28386474721426364,True,
d12-s10,17,0.006746031746031746,curvature/c_fd_update,0.05298190646701389,True,
d12-s10,17,0.006746031746031746,curvature/verdict_code_update,1.0,True,
d12-s10,17,0.006746031746031746,curvature/e_curv_update,,False,noise_floor_inconclusive
d12-s10,33,0.013095238095238096,update/p1,-0.11604246151840858,True,
d12-s10,33,0.013095238095238096,update/p2,-0.01956851618761428,True,
d12-s10,33,0.013095238095238096,update/actual,-0.03130054473876953,True,
d12-s10,33,0.013095238095238096,update/residual_p1,0.08474191677963905,True,
d12-s10,33,0.013095238095238096,update/residual_p2,-0.011732028551155252,True,
d12-s10,33,0.013095238095238096,update/normalized_residual,-0.3748186700605152,True,
d12-s10,33,0.013095238095238096,update/loss_before,4.849054336547852,True,
d12-s10,33,0.013095238095238096,update/loss_after,4.817753791809082,True,
d12-s10,33,0.013095238095238096,update/direction_norm,598.542520937232,True,
d12-s10,33,0.013095238095238096,curvature/dhd,0.1929478906615886,True,
d12-s10,33,0.013095238095238096,curvature/gHg,4.28474995704202,True,
d12-s10,33,0.013095238095238096,curvature/gg,3.2136100177843394,True,
d12-s10,33,0.013095238095238096,curvature/eta_star,0.7500110974977072,True,
d12-s10,33,0.013095238095238096,curvature/Hg_norm,4.223460497118644,True,
d12-s10,33,0.013095238095238096,curvature/eta_star_rho,0.5659270599410441,True,
d12-s10,33,0.013095238095238096,curvature/eta_star_rho_threshold,9.5367431640625e-07,True,
d12-s10,33,0.013095238095238096,curvature/shadow_verdict_code,1.0,True,
d12-s10,33,0.013095238095238096,curvature/arith_eps,1.1920928955078125e-07,True,
d12-s10,33,0.013095238095238096,curvature/vhv_random,7.991749627745828e-07,True,
d12-s10,33,0.013095238095238096,curvature/e_fd_random,,False,noise_floor_inconclusive
d12-s10,33,0.013095238095238096,curvature/fd_cos_random,,False,noise_floor_inconclusive
d12-s10,33,0.013095238095238096,curvature/fd_eps_random,0.03,True,
d12-s10,33,0.013095238095238096,curvature/fd_snr_random,221.1830327713893,True,
d12-s10,33,0.013095238095238096,curvature/fd_floor_random,7.123368547146101e-06,True,
d12-s10,33,0.013095238095238096,curvature/fd_conclusive_random,0.0,True,
d12-s10,33,0.013095238095238096,curvature/e_sym_random,1.0572190860135439e-06,True,
d12-s10,33,0.013095238095238096,curvature/e_lin_random,6.266056509767695e-07,True,
d12-s10,33,0.013095238095238096,curvature/curv_eps_random,0.003,True,
d12-s10,33,0.013095238095238096,curvature/curv_snr_random,0.0,True,
d12-s10,33,0.013095238095238096,curvature/curv_floor_random,0.25691214331244633,True,
d12-s10,33,0.013095238095238096,curvature/c_fd_random,0.0,True,
d12-s10,33,0.013095238095238096,curvature/verdict_code_random,1.0,True,
d12-s10,33,0.013095238095238096,curvature/e_curv_random,,False,noise_floor_inconclusive
d12-s10,33,0.013095238095238096,curvature/vhv_gradient,1.333313460631385,True,
d12-s10,33,0.013095238095238096,curvature/e_fd_gradient,5.482012345895885e-05,True,
d12-s10,33,0.013095238095238096,curvature/fd_cos_gradient,0.9999999992654971,True,
d12-s10,33,0.013095238095238096,curvature/fd_eps_gradient,0.01,True,
d12-s10,33,0.013095238095238096,curvature/fd_snr_gradient,110243.81834318384,True,
d12-s10,33,0.013095238095238096,curvature/fd_floor_gradient,2.1370643963014024e-05,True,
d12-s10,33,0.013095238095238096,curvature/fd_conclusive_gradient,1.0,True,
d12-s10,33,0.013095238095238096,curvature/e_sym_gradient,1.1986727772879059e-07,True,
d12-s10,33,0.013095238095238096,curvature/e_lin_gradient,4.435418031483877e-07,True,
d12-s10,33,0.013095238095238096,curvature/curv_eps_gradient,0.022795070569547774,True,
d12-s10,33,0.013095238095238096,curvature/curv_snr_gradient,299.4291402967304,True,
d12-s10,33,0.013095238095238096,curvature/curv_floor_gradient,0.004450007694831535,True,
d12-s10,33,0.013095238095238096,curvature/c_fd_gradient,1.3324619783772416,True,
d12-s10,33,0.013095238095238096,curvature/verdict_code_gradient,0.0,True,
d12-s10,33,0.013095238095238096,curvature/e_curv_gradient,0.0006386212089542899,True,
d12-s10,33,0.013095238095238096,curvature/vhv_update,5.385797409533832e-07,True,
d12-s10,33,0.013095238095238096,curvature/e_fd_update,,False,noise_floor_inconclusive
d12-s10,33,0.013095238095238096,curvature/fd_cos_update,,False,noise_floor_inconclusive
d12-s10,33,0.013095238095238096,curvature/fd_eps_update,0.03,True,
d12-s10,33,0.013095238095238096,curvature/fd_snr_update,106.02178322577657,True,
d12-s10,33,0.013095238095238096,curvature/fd_floor_update,7.123368864612818e-06,True,
d12-s10,33,0.013095238095238096,curvature/fd_conclusive_update,0.0,True,
d12-s10,33,0.013095238095238096,curvature/e_sym_update,1.8130059616457073e-07,True,
d12-s10,33,0.013095238095238096,curvature/e_lin_update,4.864099120476454e-07,True,
d12-s10,33,0.013095238095238096,curvature/curv_eps_update,0.1,True,
d12-s10,33,0.013095238095238096,curvature/curv_snr_update,0.2062257824266723,True,
d12-s10,33,0.013095238095238096,curvature/curv_floor_update,0.00023122092329685978,True,
d12-s10,33,0.013095238095238096,curvature/c_fd_update,-4.768371582031249e-05,True,
d12-s10,33,0.013095238095238096,curvature/verdict_code_update,1.0,True,
d12-s10,33,0.013095238095238096,curvature/e_curv_update,,False,noise_floor_inconclusive
d12-s10,41,0.01626984126984127,update/p1,-0.22343622314030195,True,
d12-s10,41,0.01626984126984127,update/p2,-0.13128335213731723,True,
d12-s10,41,0.01626984126984127,update/actual,-0.13881731033325195,True,
d12-s10,41,0.01626984126984127,update/residual_p1,0.08461891280705,True,
d12-s10,41,0.01626984126984127,update/residual_p2,-0.00753395819593472,True,
d12-s10,41,0.01626984126984127,update/normalized_residual,-0.05427246917440133,True,
d12-s10,41,0.01626984126984127,update/loss_before,4.6327433586120605,True,
d12-s10,41,0.01626984126984127,update/loss_after,4.493926048278809,True,
d12-s10,41,0.01626984126984127,update/direction_norm,736.2239233396973,True,
d12-s10,41,0.01626984126984127,curvature/dhd,0.18430574200596947,True,
d12-s10,41,0.01626984126984127,curvature/gHg,5.318757095528546,True,
d12-s10,41,0.01626984126984127,curvature/gg,3.3362248442668503,True,
d12-s10,41,0.01626984126984127,curvature/eta_star,0.6272564782233803,True,
d12-s10,41,0.01626984126984127,curvature/Hg_norm,4.654150767698471,True,
d12-s10,41,0.01626984126984127,curvature/eta_star_rho,0.6256652764490624,True,
d12-s10,41,0.01626984126984127,curvature/eta_star_rho_threshold,9.5367431640625e-07,True,
d12-s10,41,0.01626984126984127,curvature/shadow_verdict_code,1.0,True,
d12-s10,41,0.01626984126984127,curvature/arith_eps,1.1920928955078125e-07,True,
d12-s10,41,0.01626984126984127,curvature/vhv_random,-3.733861035357142e-07,True,
d12-s10,41,0.01626984126984127,curvature/e_fd_random,,False,noise_floor_inconclusive
d12-s10,41,0.01626984126984127,curvature/fd_cos_random,,False,noise_floor_inconclusive
d12-s10,41,0.01626984126984127,curvature/fd_eps_random,0.03,True,
d12-s10,41,0.01626984126984127,curvature/fd_snr_random,244.3089241375898,True,
d12-s10,41,0.01626984126984127,curvature/fd_floor_random,7.2579925299850164e-06,True,
d12-s10,41,0.01626984126984127,curvature/fd_conclusive_random,0.0,True,
d12-s10,41,0.01626984126984127,curvature/e_sym_random,9.34229068451763e-07,True,
d12-s10,41,0.01626984126984127,curvature/e_lin_random,6.378937969991846e-07,True,
d12-s10,41,0.01626984126984127,curvature/curv_eps_random,0.01,True,
d12-s10,41,0.01626984126984127,curvature/curv_snr_random,0.43170962478517083,True,
d12-s10,41,0.01626984126984127,curvature/curv_floor_random,0.022090642914918135,True,
d12-s10,41,0.01626984126984127,curvature/c_fd_random,0.0095367431640625,True,
d12-s10,41,0.01626984126984127,curvature/verdict_code_random,1.0,True,
d12-s10,41,0.01626984126984127,curvature/e_curv_random,,False,noise_floor_inconclusive
d12-s10,41,0.01626984126984127,curvature/vhv_gradient,1.5942442883735652,True,
d12-s10,41,0.01626984126984127,curvature/e_fd_gradient,7.023207053527317e-05,True,
d12-s10,41,0.01626984126984127,curvature/fd_cos_gradient,0.9999999986117508,True,
d12-s10,41,0.01626984126984127,curvature/fd_eps_gradient,0.01,True,
d12-s10,41,0.01626984126984127,curvature/fd_snr_gradient,117021.32423636223,True,
d12-s10,41,0.01626984126984127,curvature/fd_floor_gradient,2.1774479907369895e-05,True,
d12-s10,41,0.01626984126984127,curvature/fd_conclusive_gradient,1.0,True,
d12-s10,41,0.01626984126984127,curvature/e_sym_gradient,3.733636807996558e-09,True,
d12-s10,41,0.01626984126984127,curvature/e_lin_gradient,4.064673106620197e-07,True,
d12-s10,41,0.01626984126984127,curvature/curv_eps_gradient,0.01987013346421578,True,
d12-s10,41,0.01626984126984127,curvature/curv_snr_gradient,285.13452959787116,True,
d12-s10,41,0.01626984126984127,curvature/curv_floor_gradient,0.005595276167904083,True,
d12-s10,41,0.01626984126984127,curvature/c_fd_gradient,1.5954064381055097,True,
d12-s10,41,0.01626984126984127,curvature/verdict_code_gradient,0.0,True,
d12-s10,41,0.01626984126984127,curvature/e_curv_gradient,0.0007284349017197894,True,
d12-s10,41,0.01626984126984127,curvature/vhv_update,3.4003139235706984e-07,True,
d12-s10,41,0.01626984126984127,curvature/e_fd_update,,False,noise_floor_inconclusive
d12-s10,41,0.01626984126984127,curvature/fd_cos_update,,False,noise_floor_inconclusive
d12-s10,41,0.01626984126984127,curvature/fd_eps_update,0.03,True,
d12-s10,41,0.01626984126984127,curvature/fd_snr_update,83.83234999902973,True,
d12-s10,41,0.01626984126984127,curvature/fd_floor_update,7.257992261173433e-06,True,
d12-s10,41,0.01626984126984127,curvature/fd_conclusive_update,0.0,True,
d12-s10,41,0.01626984126984127,curvature/e_sym_update,5.366345730947591e-09,True,
d12-s10,41,0.01626984126984127,curvature/e_lin_update,5.354917259366581e-07,True,
d12-s10,41,0.01626984126984127,curvature/curv_eps_update,0.1,True,
d12-s10,41,0.01626984126984127,curvature/curv_snr_update,0.43170962478517083,True,
d12-s10,41,0.01626984126984127,curvature/curv_floor_update,0.0002209064291491813,True,
d12-s10,41,0.01626984126984127,curvature/c_fd_update,9.536743164062499e-05,True,
d12-s10,41,0.01626984126984127,curvature/verdict_code_update,1.0,True,
d12-s10,41,0.01626984126984127,curvature/e_curv_update,,False,noise_floor_inconclusive
d12-s10,65,0.025793650793650792,update/p1,-0.18562615472929503,True,
d12-s10,65,0.025793650793650792,update/p2,-0.07038472098514699,True,
d12-s10,65,0.025793650793650792,update/actual,-0.07482528686523438,True,
d12-s10,65,0.025793650793650792,update/residual_p1,0.11080086786406065,True,
d12-s10,65,0.025793650793650792,update/residual_p2,-0.004440565880087385,True,
d12-s10,65,0.025793650793650792,update/normalized_residual,-0.05934579159162007,True,
d12-s10,65,0.025793650793650792,update/loss_before,3.9620227813720703,True,
d12-s10,65,0.025793650793650792,update/loss_after,3.887197494506836,True,
d12-s10,65,0.025793650793650792,update/direction_norm,842.0556939841994,True,
d12-s10,65,0.025793650793650792,curvature/dhd,0.23048286748829608,True,
d12-s10,65,0.025793650793650792,curvature/gHg,6.552773020283432,True,
d12-s10,65,0.025793650793650792,curvature/gg,2.904110645056696,True,
d12-s10,65,0.025793650793650792,curvature/eta_star,0.44318804208040186,True,
d12-s10,65,0.025793650793650792,curvature/Hg_norm,5.66435455995892,True,
d12-s10,65,0.025793650793650792,curvature/eta_star_rho,0.6788410792875108,True,
d12-s10,65,0.025793650793650792,curvature/eta_star_rho_threshold,9.5367431640625e-07,True,
d12-s10,65,0.025793650793650792,curvature/shadow_verdict_code,1.0,True,
d12-s10,65,0.025793650793650792,curvature/arith_eps,1.1920928955078125e-07,True,
d12-s10,65,0.025793650793650792,curvature/vhv_random,6.210221184421736e-07,True,
d12-s10,65,0.025793650793650792,curvature/e_fd_random,,False,noise_floor_inconclusive
d12-s10,65,0.025793650793650792,curvature/fd_cos_random,,False,noise_floor_inconclusive
d12-s10,65,0.025793650793650792,curvature/fd_eps_random,0.03,True,
d12-s10,65,0.025793650793650792,curvature/fd_snr_random,365.7834476934766,True,
d12-s10,65,0.025793650793650792,curvature/fd_floor_random,6.771663415408768e-06,True,
d12-s10,65,0.025793650793650792,curvature/fd_conclusive_random,0.0,True,
d12-s10,65,0.025793650793650792,curvature/e_sym_random,5.939699571309065e-07,True,
d12-s10,65,0.025793650793650792,curvature/e_lin_random,6.571339958453662e-07,True,
d12-s10,65,0.025793650793650792,curvature/curv_eps_random,0.003,True,
d12-s10,65,0.025793650793650792,curvature/curv_snr_random,0.2523963352229091,True,
d12-s10,65,0.025793650793650792,curvature/curv_floor_random,0.20991551410689782,True,
d12-s10,65,0.025793650793650792,curvature/c_fd_random,-0.05298190646701389,True,
d12-s10,65,0.025793650793650792,curvature/verdict_code_random,1.0,True,
d12-s10,65,0.025793650793650792,curvature/e_curv_random,,False,noise_floor_inconclusive
d12-s10,65,0.025793650793650792,curvature/vhv_gradient,2.2563784317932507,True,
d12-s10,65,0.025793650793650792,curvature/e_fd_gradient,7.316071774003865e-05,True,
d12-s10,65,0.025793650793650792,curvature/fd_cos_gradient,0.9999999974921812,True,
d12-s10,65,0.025793650793650792,curvature/fd_eps_gradient,0.003,True,
d12-s10,65,0.025793650793650792,curvature/fd_snr_gradient,49084.718565398645,True,
d12-s10,65,0.025793650793650792,curvature/fd_floor_gradient,6.771697344236926e-05,True,
d12-s10,65,0.025793650793650792,curvature/fd_conclusive_gradient,1.0,True,
d12-s10,65,0.025793650793650792,curvature/e_sym_gradient,1.151853092511402e-09,True,
d12-s10,65,0.025793650793650792,curvature/e_lin_gradient,3.848886118694424e-07,True,
d12-s10,65,0.025793650793650792,curvature/curv_eps_gradient,0.01509803648477105,True,
d12-s10,65,0.025793650793650792,curvature/curv_snr_gradient,271.94822651132966,True,
d12-s10,65,0.025793650793650792,curvature/curv_floor_gradient,0.008288199533425716,True,
d12-s10,65,0.025793650793650792,curvature/c_fd_gradient,2.2539611640871535,True,
d12-s10,65,0.025793650793650792,curvature/verdict_code_gradient,0.0,True,
d12-s10,65,0.025793650793650792,curvature/e_curv_gradient,0.0010713042067930353,True,
d12-s10,65,0.025793650793650792,curvature/vhv_update,3.250551351071565e-07,True,
d12-s10,65,0.025793650793650792,curvature/e_fd_update,,False,noise_floor_inconclusive
d12-s10,65,0.025793650793650792,curvature/fd_cos_update,,False,noise_floor_inconclusive
d12-s10,65,0.025793650793650792,curvature/fd_eps_update,0.03,True,
d12-s10,65,0.025793650793650792,curvature/fd_snr_update,125.61649168682739,True,
d12-s10,65,0.025793650793650792,curvature/fd_floor_update,6.77166435599678e-06,True,
d12-s10,65,0.025793650793650792,curvature/fd_conclusive_update,0.0,True,
d12-s10,65,0.025793650793650792,curvature/e_sym_update,4.3056781004560805e-06,True,
d12-s10,65,0.025793650793650792,curvature/e_lin_update,5.77311969309381e-07,True,
d12-s10,65,0.025793650793650792,curvature/curv_eps_update,0.1,True,
d12-s10,65,0.025793650793650792,curvature/curv_snr_update,0.2523963352229091,True,
d12-s10,65,0.025793650793650792,curvature/curv_floor_update,0.000188923962696208,True,
d12-s10,65,0.025793650793650792,curvature/c_fd_update,-4.768371582031249e-05,True,
d12-s10,65,0.025793650793650792,curvature/verdict_code_update,1.0,True,
d12-s10,65,0.025793650793650792,curvature/e_curv_update,,False,noise_floor_inconclusive
d12-s10,127,0.0503968253968254,update/p1,-0.1850079087762966,True,
d12-s10,127,0.0503968253968254,update/p2,-0.028475779978743704,True,
d12-s10,127,0.0503968253968254,update/actual,-0.04507780075073242,True,
d12-s10,127,0.0503968253968254,update/residual_p1,0.1399301080255642,True,
d12-s10,127,0.0503968253968254,update/residual_p2,-0.016602020771988718,True,
d12-s10,127,0.0503968253968254,update/normalized_residual,-0.368297044121412,True,
d12-s10,127,0.0503968253968254,update/loss_before,2.9645745754241943,True,
d12-s10,127,0.0503968253968254,update/loss_after,2.919496774673462,True,
d12-s10,127,0.0503968253968254,update/direction_norm,1190.3855334492346,True,
d12-s10,127,0.0503968253968254,curvature/dhd,0.3130642575951058,True,
d12-s10,127,0.0503968253968254,curvature/gHg,5.121316316145139,True,
d12-s10,127,0.0503968253968254,curvature/gg,2.7841228087006606,True,
d12-s10,127,0.0503968253968254,curvature/eta_star,0.5436342215230117,True,
d12-s10,127,0.0503968253968254,curvature/Hg_norm,6.095049412253958,True,
d12-s10,127,0.0503968253968254,curvature/eta_star_rho,0.5035703786119639,True,
d12-s10,127,0.0503968253968254,curvature/eta_star_rho_threshold,9.5367431640625e-07,True,
d12-s10,127,0.0503968253968254,curvature/shadow_verdict_code,1.0,True,
d12-s10,127,0.0503968253968254,curvature/arith_eps,1.1920928955078125e-07,True,
d12-s10,127,0.0503968253968254,curvature/vhv_random,3.5121245973023166e-06,True,
d12-s10,127,0.0503968253968254,curvature/e_fd_random,0.00964501756936541,True,
d12-s10,127,0.0503968253968254,curvature/fd_cos_random,0.9999534863849647,True,
d12-s10,127,0.0503968253968254,curvature/fd_eps_random,0.03,True,
d12-s10,127,0.0503968253968254,curvature/fd_snr_random,679.036610668244,True,
d12-s10,127,0.0503968253968254,curvature/fd_floor_random,6.630297273389039e-06,True,
d12-s10,127,0.0503968253968254,curvature/fd_conclusive_random,1.0,True,
d12-s10,127,0.0503968253968254,curvature/e_sym_random,6.435503634872129e-07,True,
d12-s10,127,0.0503968253968254,curvature/e_lin_random,7.451706567221476e-07,True,
d12-s10,127,0.0503968253968254,curvature/curv_eps_random,0.01,True,
d12-s10,127,0.0503968253968254,curvature/curv_snr_random,0.337316513498619,True,
d12-s10,127,0.0503968253968254,curvature/curv_floor_random,0.014136193726699275,True,
d12-s10,127,0.0503968253968254,curvature/c_fd_random,0.00476837158203125,True,
d12-s10,127,0.0503968253968254,curvature/verdict_code_random,1.0,True,
d12-s10,127,0.0503968253968254,curvature/e_curv_random,,False,noise_floor_inconclusive
d12-s10,127,0.0503968253968254,curvature/vhv_gradient,1.8394719380069704,True,
d12-s10,127,0.0503968253968254,curvature/e_fd_gradient,0.0004392908233447046,True,
d12-s10,127,0.0503968253968254,curvature/fd_cos_gradient,0.9999999035328185,True,
d12-s10,127,0.0503968253968254,curvature/fd_eps_gradient,0.001,True,
d12-s10,127,0.0503968253968254,curvature/fd_snr_gradient,18364.465016954655,True,
d12-s10,127,0.0503968253968254,curvature/fd_floor_gradient,0.00019890913498947982,True,
d12-s10,127,0.0503968253968254,curvature/fd_conclusive_gradient,1.0,True,
d12-s10,127,0.0503968253968254,curvature/e_sym_gradient,5.545763034428303e-08,True,
d12-s10,127,0.0503968253968254,curvature/e_lin_gradient,4.5073130549821317e-07,True,
d12-s10,127,0.0503968253968254,curvature/curv_eps_gradient,0.01509803648477105,True,
d12-s10,127,0.0503968253968254,curvature/curv_snr_gradient,296.6593939528459,True,
d12-s10,127,0.0503968253968254,curvature/curv_floor_gradient,0.006201644804302276,True,
d12-s10,127,0.0503968253968254,curvature/c_fd_gradient,1.839776189155129,True,
d12-s10,127,0.0503968253968254,curvature/verdict_code_gradient,0.0,True,
d12-s10,127,0.0503968253968254,curvature/e_curv_gradient,0.00016537400035506158,True,
d12-s10,127,0.0503968253968254,curvature/vhv_update,2.2093181725690799e-07,True,
d12-s10,127,0.0503968253968254,curvature/e_fd_update,,False,noise_floor_inconclusive
d12-s10,127,0.0503968253968254,curvature/fd_cos_update,,False,noise_floor_inconclusive
d12-s10,127,0.0503968253968254,curvature/fd_eps_update,0.03,True,
d12-s10,127,0.0503968253968254,curvature/fd_snr_update,153.13118226863568,True,
d12-s10,127,0.0503968253968254,curvature/fd_floor_update,6.630297562074123e-06,True,
d12-s10,127,0.0503968253968254,curvature/fd_conclusive_update,0.0,True,
d12-s10,127,0.0503968253968254,curvature/e_sym_update,3.828700483048141e-07,True,
d12-s10,127,0.0503968253968254,curvature/e_lin_update,6.656679267240238e-07,True,
d12-s10,127,0.0503968253968254,curvature/curv_eps_update,0.03,True,
d12-s10,127,0.0503968253968254,curvature/curv_snr_update,0.337316513498619,True,
d12-s10,127,0.0503968253968254,curvature/curv_floor_update,0.001570688191855475,True,
d12-s10,127,0.0503968253968254,curvature/c_fd_update,0.0005298190646701389,True,
d12-s10,127,0.0503968253968254,curvature/verdict_code_update,1.0,True,
d12-s10,127,0.0503968253968254,curvature/e_curv_update,,False,noise_floor_inconclusive
d12-s10,253,0.1003968253968254,update/p1,-0.2178910732501632,True,
d12-s10,253,0.1003968253968254,update/p2,-0.08831520264938977,True,
d12-s10,253,0.1003968253968254,update/actual,-0.09910988807678223,True,
d12-s10,253,0.1003968253968254,update/residual_p1,0.11878118517338096,True,
d12-s10,253,0.1003968253968254,update/residual_p2,-0.010794685427392453,True,
d12-s10,253,0.1003968253968254,update/normalized_residual,-0.10891633152717935,True,
d12-s10,253,0.1003968253968254,update/loss_before,2.5201070308685303,True,
d12-s10,253,0.1003968253968254,update/loss_after,2.420997142791748,True,
d12-s10,253,0.1003968253968254,update/direction_norm,794.6908426653374,True,
d12-s10,253,0.1003968253968254,curvature/dhd,0.2591517412015468,True,
d12-s10,253,0.1003968253968254,curvature/gHg,10.016565444728364,True,
d12-s10,253,0.1003968253968254,curvature/gg,4.435727772238425,True,
d12-s10,253,0.1003968253968254,curvature/eta_star,0.4428391944039972,True,
d12-s10,253,0.1003968253968254,curvature/Hg_norm,11.09273332515432,True,
d12-s10,253,0.1003968253968254,curvature/eta_star_rho,0.42874376558565747,True,
d12-s10,253,0.1003968253968254,curvature/eta_star_rho_threshold,9.5367431640625e-07,True,
d12-s10,253,0.1003968253968254,curvature/shadow_verdict_code,1.0,True,
d12-s10,253,0.1003968253968254,curvature/arith_eps,1.1920928955078125e-07,True,
d12-s10,253,0.1003968253968254,curvature/vhv_random,5.783955221940661e-06,True,
d12-s10,253,0.1003968253968254,curvature/e_fd_random,0.008895831945461669,True,
d12-s10,253,0.1003968253968254,curvature/fd_cos_random,0.999960431364035,True,
d12-s10,253,0.1003968253968254,curvature/fd_eps_random,0.03,True,
d12-s10,253,0.1003968253968254,curvature/fd_snr_random,778.6612911895171,True,
d12-s10,253,0.1003968253968254,curvature/fd_floor_random,8.368955860209682e-06,True,
d12-s10,253,0.1003968253968254,curvature/fd_conclusive_random,1.0,True,
d12-s10,253,0.1003968253968254,curvature/e_sym_random,3.857047206745951e-08,True,
d12-s10,253,0.1003968253968254,curvature/e_lin_random,7.424065660300053e-07,True,
d12-s10,253,0.1003968253968254,curvature/curv_eps_random,0.1,True,
d12-s10,253,0.1003968253968254,curvature/curv_snr_random,0.3968085245776635,True,
d12-s10,253,0.1003968253968254,curvature/curv_floor_random,0.00012016807318104836,True,
d12-s10,253,0.1003968253968254,curvature/c_fd_random,4.768371582031249e-05,True,
d12-s10,253,0.1003968253968254,curvature/verdict_code_random,1.0,True,
d12-s10,253,0.1003968253968254,curvature/e_curv_random,,False,noise_floor_inconclusive
d12-s10,253,0.1003968253968254,curvature/vhv_gradient,2.258155940254957,True,
d12-s10,253,0.1003968253968254,curvature/e_fd_gradient,0.0008833086527397783,True,
d12-s10,253,0.1003968253968254,curvature/fd_cos_gradient,0.9999996099208958,True,
d12-s10,253,0.1003968253968254,curvature/fd_eps_gradient,0.001,True,
d12-s10,253,0.1003968253968254,curvature/fd_snr_gradient,20978.13062188339,True,
d12-s10,253,0.1003968253968254,curvature/fd_floor_gradient,0.0002510691081737741,True,
d12-s10,253,0.1003968253968254,curvature/fd_conclusive_gradient,1.0,True,
d12-s10,253,0.1003968253968254,curvature/e_sym_gradient,1.1212951419426226e-07,True,
d12-s10,253,0.1003968253968254,curvature/e_lin_gradient,4.645553479807975e-07,True,
d12-s10,253,0.1003968253968254,curvature/curv_eps_gradient,0.013160740129524924,True,
d12-s10,253,0.1003968253968254,curvature/curv_snr_gradient,325.76716260163715,True,
d12-s10,253,0.1003968253968254,curvature/curv_floor_gradient,0.0069381760521257775,True,
d12-s10,253,0.1003968253968254,curvature/c_fd_gradient,2.260229926131643,True,
d12-s10,253,0.1003968253968254,curvature/verdict_code_gradient,0.0,True,
d12-s10,253,0.1003968253968254,curvature/e_curv_gradient,0.0009175995117611251,True,
d12-s10,253,0.1003968253968254,curvature/vhv_update,4.103530487944965e-07,True,
d12-s10,253,0.1003968253968254,curvature/e_fd_update,,False,noise_floor_inconclusive
d12-s10,253,0.1003968253968254,curvature/fd_cos_update,,False,noise_floor_inconclusive
d12-s10,253,0.1003968253968254,curvature/fd_eps_update,0.03,True,
d12-s10,253,0.1003968253968254,curvature/fd_snr_update,174.65177861439895,True,
d12-s10,253,0.1003968253968254,curvature/fd_floor_update,8.36895592313557e-06,True,
d12-s10,253,0.1003968253968254,curvature/fd_conclusive_update,0.0,True,
d12-s10,253,0.1003968253968254,curvature/e_sym_update,1.821493506980152e-07,True,
d12-s10,253,0.1003968253968254,curvature/e_lin_update,6.831697485295313e-07,True,
d12-s10,253,0.1003968253968254,curvature/curv_eps_update,0.003,True,
d12-s10,253,0.1003968253968254,curvature/curv_snr_update,0.19840427636658603,True,
d12-s10,253,0.1003968253968254,curvature/curv_floor_update,0.13352007183837283,True,
d12-s10,253,0.1003968253968254,curvature/c_fd_update,-0.026490953233506944,True,
d12-s10,253,0.1003968253968254,curvature/verdict_code_update,1.0,True,
d12-s10,253,0.1003968253968254,curvature/e_curv_update,,False,noise_floor_inconclusive
d12-s10,379,0.1503968253968254,update/p1,-0.1116851115116679,True,
d12-s10,379,0.1503968253968254,update/p2,0.004478538248074329,True,
d12-s10,379,0.1503968253968254,update/actual,-0.0034263134002685547,True,
d12-s10,379,0.1503968253968254,update/residual_p1,0.10825879811139935,True,
d12-s10,379,0.1503968253968254,update/residual_p2,-0.007904851648342884,True,
d12-s10,379,0.1503968253968254,update/normalized_residual,-1.7650517223430642,True,
d12-s10,379,0.1503968253968254,update/loss_before,2.2273905277252197,True,
d12-s10,379,0.1503968253968254,update/loss_after,2.223964214324951,True,
d12-s10,379,0.1503968253968254,update/direction_norm,749.0769041199469,True,
d12-s10,379,0.1503968253968254,curvature/dhd,0.23232729951948447,True,
d12-s10,379,0.1503968253968254,curvature/gHg,8.102058531740804,True,
d12-s10,379,0.1503968253968254,curvature/gg,4.108303269066729,True,
d12-s10,379,0.1503968253968254,curvature/eta_star,0.5070690680611538,True,
d12-s10,379,0.1503968253968254,curvature/Hg_norm,10.52267758674791,True,
d12-s10,379,0.1503968253968254,curvature/eta_star_rho,0.37987250871107814,True,
d12-s10,379,0.1503968253968254,curvature/eta_star_rho_threshold,9.5367431640625e-07,True,
d12-s10,379,0.1503968253968254,curvature/shadow_verdict_code,1.0,True,
d12-s10,379,0.1503968253968254,curvature/arith_eps,1.1920928955078125e-07,True,
d12-s10,379,0.1503968253968254,curvature/vhv_random,5.753730132843007e-06,True,
d12-s10,379,0.1503968253968254,curvature/e_fd_random,,False,insufficient_conclusive_points
d12-s10,379,0.1503968253968254,curvature/fd_cos_random,,False,insufficient_conclusive_points
d12-s10,379,0.1503968253968254,curvature/fd_eps_random,0.03,True,
d12-s10,379,0.1503968253968254,curvature/fd_snr_random,708.15458079532,True,
d12-s10,379,0.1503968253968254,curvature/fd_floor_random,8.054158182163305e-06,True,
d12-s10,379,0.1503968253968254,curvature/fd_conclusive_random,0.0,True,
d12-s10,379,0.1503968253968254,curvature/e_sym_random,3.8697230044337555e-05,True,
d12-s10,379,0.1503968253968254,curvature/e_lin_random,7.489934686359528e-07,True,
d12-s10,379,0.1503968253968254,curvature/curv_eps_random,0.003,True,
d12-s10,379,0.1503968253968254,curvature/curv_snr_random,0.44895582253443955,True,
d12-s10,379,0.1503968253968254,curvature/curv_floor_random,0.11801140292138572,True,
d12-s10,379,0.1503968253968254,curvature/c_fd_random,0.05298190646701389,True,
d12-s10,379,0.1503968253968254,curvature/verdict_code_random,1.0,True,
d12-s10,379,0.1503968253968254,curvature/e_curv_random,,False,noise_floor_inconclusive
d12-s10,379,0.1503968253968254,curvature/vhv_gradient,1.9721178942344713,True,
d12-s10,379,0.1503968253968254,curvature/e_fd_gradient,0.0012534724288657277,True,
d12-s10,379,0.1503968253968254,curvature/fd_cos_gradient,0.999999214501646,True,
d12-s10,379,0.1503968253968254,curvature/fd_eps_gradient,0.001,True,
d12-s10,379,0.1503968253968254,curvature/fd_snr_gradient,21485.864470779678,True,
d12-s10,379,0.1503968253968254,curvature/fd_floor_gradient,0.00024162517859938084,True,
d12-s10,379,0.1503968253968254,curvature/fd_conclusive_gradient,1.0,True,
d12-s10,379,0.1503968253968254,curvature/e_sym_gradient,8.927522069440034e-07,True,
d12-s10,379,0.1503968253968254,curvature/e_lin_gradient,4.7494025345626166e-07,True,
d12-s10,379,0.1503968253968254,curvature/curv_eps_gradient,0.013160740129524924,True,
d12-s10,379,0.1503968253968254,curvature/curv_snr_gradient,321.6645292339523,True,
d12-s10,379,0.1503968253968254,curvature/curv_floor_gradient,0.006132287188789229,True,
d12-s10,379,0.1503968253968254,curvature/c_fd_gradient,1.9725392717092842,True,
d12-s10,379,0.1503968253968254,curvature/verdict_code_gradient,0.0,True,
d12-s10,379,0.1503968253968254,curvature/e_curv_gradient,0.0002136218431016721,True,
d12-s10,379,0.1503968253968254,curvature/vhv_update,4.1404488409536924e-07,True,
d12-s10,379,0.1503968253968254,curvature/e_fd_update,,False,noise_floor_inconclusive
d12-s10,379,0.1503968253968254,curvature/fd_cos_update,,False,noise_floor_inconclusive
d12-s10,379,0.1503968253968254,curvature/fd_eps_update,0.03,True,
d12-s10,379,0.1503968253968254,curvature/fd_snr_update,197.78014997722838,True,
d12-s10,379,0.1503968253968254,curvature/fd_floor_update,8.05415749769532e-06,True,
d12-s10,379,0.1503968253968254,curvature/fd_conclusive_update,0.0,True,
d12-s10,379,0.1503968253968254,curvature/e_sym_update,1.153039866152896e-07,True,
d12-s10,379,0.1503968253968254,curvature/e_lin_update,7.138425926150062e-07,True,
d12-s10,379,0.1503968253968254,curvature/curv_eps_update,0.003,True,
d12-s10,379,0.1503968253968254,curvature/curv_snr_update,0.44895582253443955,True,
d12-s10,379,0.1503968253968254,curvature/curv_floor_update,0.11801140292138572,True,
d12-s10,379,0.1503968253968254,curvature/c_fd_update,0.05298190646701389,True,
d12-s10,379,0.1503968253968254,curvature/verdict_code_update,1.0,True,
d12-s10,379,0.1503968253968254,curvature/e_curv_update,,False,noise_floor_inconclusive
d12-s10,401,0.15912698412698412,update/p1,0.017398941245242064,True,
d12-s10,401,0.15912698412698412,update/p2,0.08523527640586777,True,
d12-s10,401,0.15912698412698412,update/actual,0.0794985294342041,True,
d12-s10,401,0.15912698412698412,update/residual_p1,0.06209958818896204,True,
d12-s10,401,0.15912698412698412,update/residual_p2,-0.005736746971663667,True,
d12-s10,401,0.15912698412698412,update/normalized_residual,-0.06730484388115081,True,
d12-s10,401,0.15912698412698412,update/loss_before,2.1275954246520996,True,
d12-s10,401,0.15912698412698412,update/loss_after,2.2070939540863037,True,
d12-s10,401,0.15912698412698412,update/direction_norm,748.7409429353277,True,
d12-s10,401,0.15912698412698412,curvature/dhd,0.1356726703212514,True,
d12-s10,401,0.15912698412698412,curvature/gHg,4.831039950405359,True,
d12-s10,401,0.15912698412698412,curvature/gg,4.298163776697074,True,
d12-s10,401,0.15912698412698412,curvature/eta_star,0.8896974193592473,True,
d12-s10,401,0.15912698412698412,curvature/Hg_norm,7.54846641767993,True,
d12-s10,401,0.15912698412698412,curvature/eta_star_rho,0.30870269559625546,True,
d12-s10,401,0.15912698412698412,curvature/eta_star_rho_threshold,9.5367431640625e-07,True,
d12-s10,401,0.15912698412698412,curvature/shadow_verdict_code,1.0,True,
d12-s10,401,0.15912698412698412,curvature/arith_eps,1.1920928955078125e-07,True,
d12-s10,401,0.15912698412698412,curvature/vhv_random,4.179487091350632e-06,True,
d12-s10,401,0.15912698412698412,curvature/e_fd_random,,False,insufficient_conclusive_points
d12-s10,401,0.15912698412698412,curvature/fd_cos_random,,False,insufficient_conclusive_points
d12-s10,401,0.15912698412698412,curvature/fd_eps_random,0.03,True,
d12-s10,401,0.15912698412698412,curvature/fd_snr_random,687.8372200411542,True,
d12-s10,401,0.15912698412698412,curvature/fd_floor_random,8.238162616284313e-06,True,
d12-s10,401,0.15912698412698412,curvature/fd_conclusive_random,0.0,True,
d12-s10,401,0.15912698412698412,curvature/e_sym_random,1.6693941574419665e-06,True,
d12-s10,401,0.15912698412698412,curvature/e_lin_random,7.645390265894232e-07,True,
d12-s10,401,0.15912698412698412,curvature/curv_eps_random,0.003,True,
d12-s10,401,0.15912698412698412,curvature/curv_snr_random,0.23500709214453838,True,
d12-s10,401,0.15912698412698412,curvature/curv_floor_random,0.11272405863059652,True,
d12-s10,401,0.15912698412698412,curvature/c_fd_random,-0.026490953233506944,True,
d12-s10,401,0.15912698412698412,curvature/verdict_code_random,1.0,True,
d12-s10,401,0.15912698412698412,curvature/e_curv_random,,False,noise_floor_inconclusive
d12-s10,401,0.15912698412698412,curvature/vhv_gradient,1.1239773131744073,True,
d12-s10,401,0.15912698412698412,curvature/e_fd_gradient,0.002703517557684337,True,
d12-s10,401,0.15912698412698412,curvature/fd_cos_gradient,0.9999963632524831,True,
d12-s10,401,0.15912698412698412,curvature/fd_eps_gradient,0.0003,True,
d12-s10,401,0.15912698412698412,curvature/fd_snr_gradient,4419.639041808129,True,
d12-s10,401,0.15912698412698412,curvature/fd_floor_gradient,0.0008238163807183473,True,
d12-s10,401,0.15912698412698412,curvature/fd_conclusive_gradient,1.0,True,
d12-s10,401,0.15912698412698412,curvature/e_sym_gradient,6.564526320031661e-07,True,
d12-s10,401,0.15912698412698412,curvature/e_lin_gradient,6.172443577808591e-07,True,
d12-s10,401,0.15912698412698412,curvature/curv_eps_gradient,0.01509803648477105,True,
d12-s10,401,0.15912698412698412,curvature/curv_snr_gradient,253.329987618292,True,
d12-s10,401,0.15912698412698412,curvature/curv_floor_gradient,0.004450730659527725,True,
d12-s10,401,0.15912698412698412,curvature/c_fd_gradient,1.1275035428705111,True,
d12-s10,401,0.15912698412698412,curvature/verdict_code_gradient,0.0,True,
d12-s10,401,0.15912698412698412,curvature/e_curv_gradient,0.0031274666216359777,True,
d12-s10,401,0.15912698412698412,curvature/vhv_update,2.4200767370391917e-07,True,
d12-s10,401,0.15912698412698412,curvature/e_fd_update,,False,noise_floor_inconclusive
d12-s10,401,0.15912698412698412,curvature/fd_cos_update,,False,noise_floor_inconclusive
d12-s10,401,0.15912698412698412,curvature/fd_eps_update,0.03,True,
d12-s10,401,0.15912698412698412,curvature/fd_snr_update,145.50218795048488,True,
d12-s10,401,0.15912698412698412,curvature/fd_floor_update,8.238162819052538e-06,True,
d12-s10,401,0.15912698412698412,curvature/fd_conclusive_update,0.0,True,
d12-s10,401,0.15912698412698412,curvature/e_sym_update,2.672659240743038e-07,True,
d12-s10,401,0.15912698412698412,curvature/e_lin_update,7.264208204191361e-07,True,
d12-s10,401,0.15912698412698412,curvature/curv_eps_update,0.1,True,
d12-s10,401,0.15912698412698412,curvature/curv_snr_update,0.23500709214453838,True,
d12-s10,401,0.15912698412698412,curvature/curv_floor_update,0.00010145165276753686,True,
d12-s10,401,0.15912698412698412,curvature/c_fd_update,-2.3841857910156247e-05,True,
d12-s10,401,0.15912698412698412,curvature/verdict_code_update,1.0,True,
d12-s10,401,0.15912698412698412,curvature/e_curv_update,,False,noise_floor_inconclusive
d12-s10,505,0.2003968253968254,update/p1,-0.0027079154607079986,True,
d12-s10,505,0.2003968253968254,update/p2,0.043232537496660506,True,
d12-s10,505,0.2003968253968254,update/actual,0.04015684127807617,True,
d12-s10,505,0.2003968253968254,update/residual_p1,0.04286475673878417,True,
d12-s10,505,0.2003968253968254,update/residual_p2,-0.003075696218584334,True,
d12-s10,505,0.2003968253968254,update/normalized_residual,-0.07114308797677943,True,
d12-s10,505,0.2003968253968254,update/loss_before,2.0113189220428467,True,
d12-s10,505,0.2003968253968254,update/loss_after,2.051475763320923,True,
d12-s10,505,0.2003968253968254,update/direction_norm,729.2848664317095,True,
d12-s10,505,0.2003968253968254,curvature/dhd,0.09188090591473701,True,
d12-s10,505,0.2003968253968254,curvature/gHg,3.51936582211867,True,
d12-s10,505,0.2003968253968254,curvature/gg,3.288203669862995,True,
d12-s10,505,0.2003968253968254,curvature/eta_star,0.9343171003131142,True,
d12-s10,505,0.2003968253968254,curvature/Hg_norm,5.322554220156081,True,
d12-s10,505,0.2003968253968254,curvature/eta_star_rho,0.36464055011637625,True,
d12-s10,505,0.2003968253968254,curvature/eta_star_rho_threshold,9.5367431640625e-07,True,
d12-s10,505,0.2003968253968254,curvature/shadow_verdict_code,1.0,True,
d12-s10,505,0.2003968253968254,curvature/arith_eps,1.1920928955078125e-07,True,
d12-s10,505,0.2003968253968254,curvature/vhv_random,4.46545147193365e-06,True,
d12-s10,505,0.2003968253968254,curvature/e_fd_random,,False,insufficient_conclusive_points
d12-s10,505,0.2003968253968254,curvature/fd_cos_random,,False,insufficient_conclusive_points
d12-s10,505,0.2003968253968254,curvature/fd_eps_random,0.03,True,
d12-s10,505,0.2003968253968254,curvature/fd_snr_random,616.6801699213212,True,
d12-s10,505,0.2003968253968254,curvature/fd_floor_random,7.205568130922651e-06,True,
d12-s10,505,0.2003968253968254,curvature/fd_conclusive_random,0.0,True,
d12-s10,505,0.2003968253968254,curvature/e_sym_random,7.85447151195792e-07,True,
d12-s10,505,0.2003968253968254,curvature/e_lin_random,7.508942554887903e-07,True,
d12-s10,505,0.2003968253968254,curvature/curv_eps_random,0.01,True,
d12-s10,505,0.2003968253968254,curvature/curv_snr_random,0.24859308969005256,True,
d12-s10,505,0.2003968253968254,curvature/curv_floor_random,0.009590716274487932,True,
d12-s10,505,0.2003968253968254,curvature/c_fd_random,0.002384185791015625,True,
d12-s10,505,0.2003968253968254,curvature/verdict_code_random,1.0,True,
d12-s10,505,0.2003968253968254,curvature/e_curv_random,,False,noise_floor_inconclusive
d12-s10,505,0.2003968253968254,curvature/vhv_gradient,1.0703003968467726,True,
d12-s10,505,0.2003968253968254,curvature/e_fd_gradient,0.002411714388797243,True,
d12-s10,505,0.2003968253968254,curvature/fd_cos_gradient,0.999997092989933,True,
d12-s10,505,0.2003968253968254,curvature/fd_eps_gradient,0.0003,True,
d12-s10,505,0.2003968253968254,curvature/fd_snr_gradient,4073.7544356559874,True,
d12-s10,505,0.2003968253968254,curvature/fd_floor_gradient,0.0007205567826681357,True,
d12-s10,505,0.2003968253968254,curvature/fd_conclusive_gradient,1.0,True,
d12-s10,505,0.2003968253968254,curvature/e_sym_gradient,2.5988613120420607e-07,True,
d12-s10,505,0.2003968253968254,curvature/e_lin_gradient,5.961001773014381e-07,True,
d12-s10,505,0.2003968253968254,curvature/curv_eps_gradient,0.01509803648477105,True,
d12-s10,505,0.2003968253968254,curvature/curv_snr_gradient,254.30302878722122,True,
d12-s10,505,0.2003968253968254,curvature/curv_floor_gradient,0.004207491578100687,True,
d12-s10,505,0.2003968253968254,curvature/c_fd_gradient,1.0699778519077299,True,
d12-s10,505,0.2003968253968254,curvature/verdict_code_gradient,0.0,True,
d12-s10,505,0.2003968253968254,curvature/e_curv_gradient,0.00030135926324326043,True,
d12-s10,505,0.2003968253968254,curvature/vhv_update,1.7275510574944803e-07,True,
d12-s10,505,0.2003968253968254,curvature/e_fd_update,,False,noise_floor_inconclusive
d12-s10,505,0.2003968253968254,curvature/fd_cos_update,,False,noise_floor_inconclusive
d12-s10,505,0.2003968253968254,curvature/fd_eps_update,0.03,True,
d12-s10,505,0.2003968253968254,curvature/fd_snr_update,109.49765934955751,True,
d12-s10,505,0.2003968253968254,curvature/fd_floor_update,7.205568172308191e-06,True,
d12-s10,505,0.2003968253968254,curvature/fd_conclusive_update,0.0,True,
d12-s10,505,0.2003968253968254,curvature/e_sym_update,1.0949923931606573e-06,True,
d12-s10,505,0.2003968253968254,curvature/e_lin_update,7.703544613260905e-07,True,
d12-s10,505,0.2003968253968254,curvature/curv_eps_update,0.003,True,
d12-s10,505,0.2003968253968254,curvature/curv_snr_update,0.24859308969005256,True,
d12-s10,505,0.2003968253968254,curvature/curv_floor_update,0.10656351416097701,True,
d12-s10,505,0.2003968253968254,curvature/c_fd_update,0.026490953233506944,True,
d12-s10,505,0.2003968253968254,curvature/verdict_code_update,1.0,True,
d12-s10,505,0.2003968253968254,curvature/e_curv_update,,False,noise_floor_inconclusive
d12-s10,631,0.2503968253968254,update/p1,-0.04072750983229373,True,
d12-s10,631,0.2503968253968254,update/p2,0.01615650813936051,True,
d12-s10,631,0.2503968253968254,update/actual,0.012126445770263672,True,
d12-s10,631,0.2503968253968254,update/residual_p1,0.0528539556025574,True,
d12-s10,631,0.2503968253968254,update/residual_p2,-0.004030062369096837,True,
d12-s10,631,0.2503968253968254,update/normalized_residual,-0.2494389464811888,True,
d12-s10,631,0.2503968253968254,update/loss_before,1.959343671798706,True,
d12-s10,631,0.2503968253968254,update/loss_after,1.9714701175689697,True,
d12-s10,631,0.2503968253968254,update/direction_norm,727.6825337464501,True,
d12-s10,631,0.2503968253968254,curvature/dhd,0.11376803594330848,True,
d12-s10,631,0.2503968253968254,curvature/gHg,6.798290402713363,True,
d12-s10,631,0.2503968253968254,curvature/gg,3.6938512374481354,True,
d12-s10,631,0.2503968253968254,curvature/eta_star,0.5433500216427691,True,
d12-s10,631,0.2503968253968254,curvature/Hg_norm,7.935254481105662,True,
d12-s10,631,0.2503968253968254,curvature/eta_star_rho,0.44575800685014966,True,
d12-s10,631,0.2503968253968254,curvature/eta_star_rho_threshold,9.5367431640625e-07,True,
d12-s10,631,0.2503968253968254,curvature/shadow_verdict_code,2.0,True,
d12-s10,631,0.2503968253968254,curvature/arith_eps,1.1920928955078125e-07,True,
d12-s10,631,0.2503968253968254,curvature/vhv_random,4.186288155243873e-06,True,
d12-s10,631,0.2503968253968254,curvature/e_fd_random,,False,insufficient_conclusive_points
d12-s10,631,0.2503968253968254,curvature/fd_cos_random,,False,insufficient_conclusive_points
d12-s10,631,0.2503968253968254,curvature/fd_eps_random,0.03,True,
d12-s10,631,0.2503968253968254,curvature/fd_snr_random,540.7985090876346,True,
d12-s10,631,0.2503968253968254,curvature/fd_floor_random,7.637101670072916e-06,True,
d12-s10,631,0.2503968253968254,curvature/fd_conclusive_random,0.0,True,
d12-s10,631,0.2503968253968254,curvature/e_sym_random,4.649465125719328e-06,True,
d12-s10,631,0.2503968253968254,curvature/e_lin_random,7.503473050254998e-07,True,
d12-s10,631,0.2503968253968254,curvature/curv_eps_random,0.01,True,
d12-s10,631,0.2503968253968254,curvature/curv_snr_random,0.2551875010019825,True,
d12-s10,631,0.2503968253968254,curvature/curv_floor_random,0.00934287839982062,True,
d12-s10,631,0.2503968253968254,curvature/c_fd_random,-0.002384185791015625,True,
d12-s10,631,0.2503968253968254,curvature/verdict_code_random,1.0,True,
d12-s10,631,0.2503968253968254,curvature/e_curv_random,,False,noise_floor_inconclusive
d12-s10,631,0.2503968253968254,curvature/vhv_gradient,1.8404339805353032,True,
d12-s10,631,0.2503968253968254,curvature/e_fd_gradient,0.0014847524703231975,True,
d12-s10,631,0.2503968253968254,curvature/fd_cos_gradient,0.9999989023901407,True,
d12-s10,631,0.2503968253968254,curvature/fd_eps_gradient,0.0003,True,
d12-s10,631,0.2503968253968254,curvature/fd_snr_gradient,5406.20614750247,True,
d12-s10,631,0.2503968253968254,curvature/fd_floor_gradient,0.0007637101126385103,True,
d12-s10,631,0.2503968253968254,curvature/fd_conclusive_gradient,1.0,True,
d12-s10,631,0.2503968253968254,curvature/e_sym_gradient,6.186869027759807e-07,True,
d12-s10,631,0.2503968253968254,curvature/e_lin_gradient,4.919144053127508e-07,True,
d12-s10,631,0.2503968253968254,curvature/curv_eps_gradient,0.011472026904398771,True,
d12-s10,631,0.2503968253968254,curvature/curv_snr_gradient,259.39006584619756,True,
d12-s10,631,0.2503968253968254,curvature/curv_floor_gradient,0.007099272152447966,True,
d12-s10,631,0.2503968253968254,curvature/c_fd_gradient,1.8414806710835547,True,
d12-s10,631,0.2503968253968254,curvature/verdict_code_gradient,0.0,True,
d12-s10,631,0.2503968253968254,curvature/e_curv_gradient,0.0005683961633089984,True,
d12-s10,631,0.2503968253968254,curvature/vhv_update,2.1485047767242076e-07,True,
d12-s10,631,0.2503968253968254,curvature/e_fd_update,,False,noise_floor_inconclusive
d12-s10,631,0.2503968253968254,curvature/fd_cos_update,,False,noise_floor_inconclusive
d12-s10,631,0.2503968253968254,curvature/fd_eps_update,0.03,True,
d12-s10,631,0.2503968253968254,curvature/fd_snr_update,130.92956631381412,True,
d12-s10,631,0.2503968253968254,curvature/fd_floor_update,7.637101271421157e-06,True,
d12-s10,631,0.2503968253968254,curvature/fd_conclusive_update,0.0,True,
d12-s10,631,0.2503968253968254,curvature/e_sym_update,0.0001370425424801867,True,
d12-s10,631,0.2503968253968254,curvature/e_lin_update,7.084804275884409e-07,True,
d12-s10,631,0.2503968253968254,curvature/curv_eps_update,0.1,True,
d12-s10,631,0.2503968253968254,curvature/curv_snr_update,0.6379687816161613,True,
d12-s10,631,0.2503968253968254,curvature/curv_floor_update,9.342877973494977e-05,True,
d12-s10,631,0.2503968253968254,curvature/c_fd_update,-5.960464477539061e-05,True,
d12-s10,631,0.2503968253968254,curvature/verdict_code_update,2.0,True,
d12-s10,631,0.2503968253968254,curvature/e_curv_update,,False,noise_floor_inconclusive
d12-s10,757,0.3003968253968254,update/p1,-0.062289091822063186,True,
d12-s10,757,0.3003968253968254,update/p2,0.009396749245192113,True,
d12-s10,757,0.3003968253968254,update/actual,0.007614612579345703,True,
d12-s10,757,0.3003968253968254,update/residual_p1,0.06990370440140889,True,
d12-s10,757,0.3003968253968254,update/residual_p2,-0.0017821366658464094,True,
d12-s10,757,0.3003968253968254,update/normalized_residual,-0.1896545943011353,True,
d12-s10,757,0.3003968253968254,update/loss_before,1.891418218612671,True,
d12-s10,757,0.3003968253968254,update/loss_after,1.8990328311920166,True,
d12-s10,757,0.3003968253968254,update/direction_norm,741.2551938053374,True,
d12-s10,757,0.3003968253968254,curvature/dhd,0.1433716821345106,True,
d12-s10,757,0.3003968253968254,curvature/gHg,8.38596064926851,True,
d12-s10,757,0.3003968253968254,curvature/gg,4.2894638944020365,True,
d12-s10,757,0.3003968253968254,curvature/eta_star,0.5115053687708632,True,
d12-s10,757,0.3003968253968254,curvature/Hg_norm,8.313218509241198,True,
d12-s10,757,0.3003968253968254,curvature/eta_star_rho,0.48705960921485786,True,
d12-s10,757,0.3003968253968254,curvature/eta_star_rho_threshold,9.5367431640625e-07,True,
d12-s10,757,0.3003968253968254,curvature/shadow_verdict_code,1.0,True,
d12-s10,757,0.3003968253968254,curvature/arith_eps,1.1920928955078125e-07,True,
d12-s10,757,0.3003968253968254,curvature/vhv_random,3.337453908545479e-06,True,
d12-s10,757,0.3003968253968254,curvature/e_fd_random,,False,insufficient_conclusive_points
d12-s10,757,0.3003968253968254,curvature/fd_cos_random,,False,insufficient_conclusive_points
d12-s10,757,0.3003968253968254,curvature/fd_eps_random,0.03,True,
d12-s10,757,0.3003968253968254,curvature/fd_snr_random,546.5741103642887,True,
d12-s10,757,0.3003968253968254,curvature/fd_floor_random,8.229819577984879e-06,True,
d12-s10,757,0.3003968253968254,curvature/fd_conclusive_random,0.0,True,
d12-s10,757,0.3003968253968254,curvature/e_sym_random,9.406419806203764e-08,True,
d12-s10,757,0.3003968253968254,curvature/e_lin_random,7.746846557855494e-07,True,
d12-s10,757,0.3003968253968254,curvature/curv_eps_random,0.1,True,
d12-s10,757,0.3003968253968254,curvature/curv_snr_random,0.5287038335497766,True,
d12-s10,757,0.3003968253968254,curvature/curv_floor_random,9.01898431493464e-05,True,
d12-s10,757,0.3003968253968254,curvature/c_fd_random,-4.768371582031249e-05,True,
d12-s10,757,0.3003968253968254,curvature/verdict_code_random,1.0,True,
d12-s10,757,0.3003968253968254,curvature/e_curv_random,,False,noise_floor_inconclusive
d12-s10,757,0.3003968253968254,curvature/vhv_gradient,1.9550134576832383,True,
d12-s10,757,0.3003968253968254,curvature/e_fd_gradient,0.0012121580998917922,True,
d12-s10,757,0.3003968253968254,curvature/fd_cos_gradient,0.9999992691468111,True,
d12-s10,757,0.3003968253968254,curvature/fd_eps_gradient,0.001,True,
d12-s10,757,0.3003968253968254,curvature/fd_snr_gradient,16259.00615205014,True,
d12-s10,757,0.3003968253968254,curvature/fd_floor_gradient,0.000246894787842763,True,
d12-s10,757,0.3003968253968254,curvature/fd_conclusive_gradient,1.0,True,
d12-s10,757,0.3003968253968254,curvature/e_sym_gradient,5.449554958736956e-07,True,
d12-s10,757,0.3003968253968254,curvature/e_lin_gradient,5.892174884396348e-07,True,
d12-s10,757,0.3003968253968254,curvature/curv_eps_gradient,0.011472026904398771,True,
d12-s10,757,0.3003968253968254,curvature/curv_snr_gradient,284.82950085144995,True,
d12-s10,757,0.3003968253968254,curvature/curv_floor_gradient,0.0068531792577941585,True,
d12-s10,757,0.3003968253968254,curvature/c_fd_gradient,1.9519876272430203,True,
d12-s10,757,0.3003968253968254,curvature/verdict_code_gradient,0.0,True,
d12-s10,757,0.3003968253968254,curvature/e_curv_gradient,0.0015477287014707812,True,
d12-s10,757,0.3003968253968254,curvature/vhv_update,2.6093237265568034e-07,True,
d12-s10,757,0.3003968253968254,curvature/e_fd_update,,False,noise_floor_inconclusive
d12-s10,757,0.3003968253968254,curvature/fd_cos_update,,False,noise_floor_inconclusive
d12-s10,757,0.3003968253968254,curvature/fd_eps_update,0.03,True,
d12-s10,757,0.3003968253968254,curvature/fd_snr_update,145.21721627374131,True,
d12-s10,757,0.3003968253968254,curvature/fd_floor_update,8.22982005400669e-06,True,
d12-s10,757,0.3003968253968254,curvature/fd_conclusive_update,0.0,True,
d12-s10,757,0.3003968253968254,curvature/e_sym_update,3.708999977099788e-07,True,
d12-s10,757,0.3003968253968254,curvature/e_lin_update,8.021388982054601e-07,True,
d12-s10,757,0.3003968253968254,curvature/curv_eps_update,0.1,True,
d12-s10,757,0.3003968253968254,curvature/curv_snr_update,0.5287038335497766,True,
d12-s10,757,0.3003968253968254,curvature/curv_floor_update,9.01898431493464e-05,True,
d12-s10,757,0.3003968253968254,curvature/c_fd_update,-4.768371582031249e-05,True,
d12-s10,757,0.3003968253968254,curvature/verdict_code_update,1.0,True,
d12-s10,757,0.3003968253968254,curvature/e_curv_update,,False,noise_floor_inconclusive
d12-s10,883,0.3503968253968254,update/p1,-0.05852336026937133,True,
d12-s10,883,0.3503968253968254,update/p2,0.0016133186057855561,True,
d12-s10,883,0.3503968253968254,update/actual,0.0005545616149902344,True,
d12-s10,883,0.3503968253968254,update/residual_p1,0.05907792188436156,True,
d12-s10,883,0.3503968253968254,update/residual_p2,-0.0010587569907953218,True,
d12-s10,883,0.3503968253968254,update/normalized_residual,-0.6562603239053283,True,
d12-s10,883,0.3503968253968254,update/loss_before,1.8969249725341797,True,
d12-s10,883,0.3503968253968254,update/loss_after,1.89747953414917,True,
d12-s10,883,0.3503968253968254,update/direction_norm,757.192647622206,True,
d12-s10,883,0.3503968253968254,curvature/dhd,0.12027335775031377,True,
d12-s10,883,0.3503968253968254,curvature/gHg,20.297114901096695,True,
d12-s10,883,0.3503968253968254,curvature/gg,5.223816067142883,True,
d12-s10,883,0.3503968253968254,curvature/eta_star,0.25736741860098694,True,
d12-s10,883,0.3503968253968254,curvature/Hg_norm,16.506488957021013,True,
d12-s10,883,0.3503968253968254,curvature/eta_star_rho,0.5380042001140053,True,
d12-s10,883,0.3503968253968254,curvature/eta_star_rho_threshold,9.5367431640625e-07,True,
d12-s10,883,0.3503968253968254,curvature/shadow_verdict_code,1.0,True,
d12-s10,883,0.3503968253968254,curvature/arith_eps,1.1920928955078125e-07,True,
d12-s10,883,0.3503968253968254,curvature/vhv_random,4.383449933978232e-06,True,
d12-s10,883,0.3503968253968254,curvature/e_fd_random,,False,insufficient_conclusive_points
d12-s10,883,0.3503968253968254,curvature/fd_cos_random,,False,insufficient_conclusive_points
d12-s10,883,0.3503968253968254,curvature/fd_eps_random,0.03,True,
d12-s10,883,0.3503968253968254,curvature/fd_snr_random,508.09719607083656,True,
d12-s10,883,0.3503968253968254,curvature/fd_floor_random,9.082026509062083e-06,True,
d12-s10,883,0.3503968253968254,curvature/fd_conclusive_random,0.0,True,
d12-s10,883,0.3503968253968254,curvature/e_sym_random,6.853717405054058e-06,True,
d12-s10,883,0.3503968253968254,curvature/e_lin_random,7.576489091400454e-07,True,
d12-s10,883,0.3503968253968254,curvature/curv_eps_random,0.03,True,
d12-s10,883,0.3503968253968254,curvature/curv_snr_random,0.26358449751594015,True,
d12-s10,883,0.3503968253968254,curvature/curv_floor_random,0.001005026983117811,True,
d12-s10,883,0.3503968253968254,curvature/c_fd_random,-0.00026490953233506944,True,
d12-s10,883,0.3503968253968254,curvature/verdict_code_random,1.0,True,
d12-s10,883,0.3503968253968254,curvature/e_curv_random,,False,noise_floor_inconclusive
d12-s10,883,0.3503968253968254,curvature/vhv_gradient,3.8854961551309457,True,
d12-s10,883,0.3503968253968254,curvature/e_fd_gradient,0.0006580706883242927,True,
d12-s10,883,0.3503968253968254,curvature/fd_cos_gradient,0.9999997838748942,True,
d12-s10,883,0.3503968253968254,curvature/fd_eps_gradient,0.001,True,
d12-s10,883,0.3503968253968254,curvature/fd_snr_gradient,26507.445878856655,True,
d12-s10,883,0.3503968253968254,curvature/fd_floor_gradient,0.0002724616479394607,True,
d12-s10,883,0.3503968253968254,curvature/fd_conclusive_gradient,1.0,True,
d12-s10,883,0.3503968253968254,curvature/e_sym_gradient,4.4838690221508066e-07,True,
d12-s10,883,0.3503968253968254,curvature/e_lin_gradient,4.694471759434822e-07,True,
d12-s10,883,0.3503968253968254,curvature/curv_eps_gradient,0.008602806544914778,True,
d12-s10,883,0.3503968253968254,curvature/curv_snr_gradient,317.6072839072686,True,
d12-s10,883,0.3503968253968254,curvature/curv_floor_gradient,0.012222396681789571,True,
d12-s10,883,0.3503968253968254,curvature/c_fd_gradient,3.8819222129403976,True,
d12-s10,883,0.3503968253968254,curvature/verdict_code_gradient,0.0,True,
d12-s10,883,0.3503968253968254,curvature/e_curv_gradient,0.0009198161696360314,True,
d12-s10,883,0.3503968253968254,curvature/vhv_update,2.0977641639057784e-07,True,
d12-s10,883,0.3503968253968254,curvature/e_fd_update,,False,noise_floor_inconclusive
d12-s10,883,0.3503968253968254,curvature/fd_cos_update,,False,noise_floor_inconclusive
d12-s10,883,0.3503968253968254,curvature/fd_eps_update,0.03,True,
d12-s10,883,0.3503968253968254,curvature/fd_snr_update,132.42724583919158,True,
d12-s10,883,0.3503968253968254,curvature/fd_floor_update,9.082027469815926e-06,True,
d12-s10,883,0.3503968253968254,curvature/fd_conclusive_update,0.0,True,
d12-s10,883,0.3503968253968254,curvature/e_sym_update,7.234687813422614e-07,True,
d12-s10,883,0.3503968253968254,curvature/e_lin_update,7.248601554608183e-07,True,
d12-s10,883,0.3503968253968254,curvature/curv_eps_update,0.03,True,
d12-s10,883,0.3503968253968254,curvature/curv_snr_update,0.39537671521536843,True,
d12-s10,883,0.3503968253968254,curvature/curv_floor_update,0.0010050270620670038,True,
d12-s10,883,0.3503968253968254,curvature/c_fd_update,0.0003973642985026042,True,
d12-s10,883,0.3503968253968254,curvature/verdict_code_update,1.0,True,
d12-s10,883,0.3503968253968254,curvature/e_curv_update,,False,noise_floor_inconclusive
d12-s10,1009,0.4003968253968254,update/p1,-0.058192053526812074,True,
d12-s10,1009,0.4003968253968254,update/p2,-0.004722876377179691,True,
d12-s10,1009,0.4003968253968254,update/actual,-0.005021333694458008,True,
d12-s10,1009,0.4003968253968254,update/residual_p1,0.053170719832354066,True,
d12-s10,1009,0.4003968253968254,update/residual_p2,-0.0002984573172783167,True,
d12-s10,1009,0.4003968253968254,update/normalized_residual,-0.059437857636850715,True,
d12-s10,1009,0.4003968253968254,update/loss_before,1.825042486190796,True,
d12-s10,1009,0.4003968253968254,update/loss_after,1.820021152496338,True,
d12-s10,1009,0.4003968253968254,update/direction_norm,705.2421302457509,True,
d12-s10,1009,0.4003968253968254,curvature/dhd,0.10693835429926477,True,
d12-s10,1009,0.4003968253968254,curvature/gHg,50.046034514712716,True,
d12-s10,1009,0.4003968253968254,curvature/gg,6.587691868771938,True,
d12-s10,1009,0.4003968253968254,curvature/eta_star,0.13163264447726153,True,
d12-s10,1009,0.4003968253968254,curvature/Hg_norm,32.54033009814781,True,
d12-s10,1009,0.4003968253968254,curvature/eta_star_rho,0.5992127948480611,True,
d12-s10,1009,0.4003968253968254,curvature/eta_star_rho_threshold,9.5367431640625e-07,True,
d12-s10,1009,0.4003968253968254,curvature/shadow_verdict_code,1.0,True,
d12-s10,1009,0.4003968253968254,curvature/arith_eps,1.1920928955078125e-07,True,
d12-s10,1009,0.4003968253968254,curvature/vhv_random,4.294860508556285e-06,True,
d12-s10,1009,0.4003968253968254,curvature/e_fd_random,,False,noise_floor_inconclusive
d12-s10,1009,0.4003968253968254,curvature/fd_cos_random,,False,noise_floor_inconclusive
d12-s10,1009,0.4003968253968254,curvature/fd_eps_random,0.03,True,
d12-s10,1009,0.4003968253968254,curvature/fd_snr_random,487.02743183288374,True,
d12-s10,1009,0.4003968253968254,curvature/fd_floor_random,1.019895144079186e-05,True,
d12-s10,1009,0.4003968253968254,curvature/fd_conclusive_random,0.0,True,
d12-s10,1009,0.4003968253968254,curvature/e_sym_random,5.646899120066108e-07,True,
d12-s10,1009,0.4003968253968254,curvature/e_lin_random,7.960201713784508e-07,True,
d12-s10,1009,0.4003968253968254,curvature/curv_eps_random,0.01,True,
d12-s10,1009,0.4003968253968254,curvature/curv_snr_random,0.5479324853449461,True,
d12-s10,1009,0.4003968253968254,curvature/curv_floor_random,0.008702480158717663,True,
d12-s10,1009,0.4003968253968254,curvature/c_fd_random,-0.00476837158203125,True,
d12-s10,1009,0.4003968253968254,curvature/verdict_code_random,1.0,True,
d12-s10,1009,0.4003968253968254,curvature/e_curv_random,,False,noise_floor_inconclusive
d12-s10,1009,0.4003968253968254,curvature/vhv_gradient,7.596900349073037,True,
d12-s10,1009,0.4003968253968254,curvature/e_fd_gradient,0.0003282527334679135,True,
d12-s10,1009,0.4003968253968254,curvature/fd_cos_gradient,0.9999999464519685,True,
d12-s10,1009,0.4003968253968254,curvature/fd_eps_gradient,0.001,True,
d12-s10,1009,0.4003968253968254,curvature/fd_snr_gradient,41435.80206772575,True,
d12-s10,1009,0.4003968253968254,curvature/fd_floor_gradient,0.0003059705302516146,True,
d12-s10,1009,0.4003968253968254,curvature/fd_conclusive_gradient,1.0,True,
d12-s10,1009,0.4003968253968254,curvature/e_sym_gradient,3.5903709432512725e-07,True,
d12-s10,1009,0.4003968253968254,curvature/e_lin_gradient,4.3905482028045824e-07,True,
d12-s10,1009,0.4003968253968254,curvature/curv_eps_gradient,0.005477225575051661,True,
d12-s10,1009,0.4003968253968254,curvature/curv_snr_gradient,261.6295845273072,True,
d12-s10,1009,0.4003968253968254,curvature/curv_floor_gradient,0.02900917384825637,True,
d12-s10,1009,0.4003968253968254,curvature/c_fd_gradient,7.589658101399739,True,
d12-s10,1009,0.4003968253968254,curvature/verdict_code_gradient,0.0,True,
d12-s10,1009,0.4003968253968254,curvature/e_curv_gradient,0.0009533161342811753,True,
d12-s10,1009,0.4003968253968254,curvature/vhv_update,2.1500917934581547e-07,True,
d12-s10,1009,0.4003968253968254,curvature/e_fd_update,,False,noise_floor_inconclusive
d12-s10,1009,0.4003968253968254,curvature/fd_cos_update,,False,noise_floor_inconclusive
d12-s10,1009,0.4003968253968254,curvature/fd_eps_update,0.03,True,
d12-s10,1009,0.4003968253968254,curvature/fd_snr_update,144.2074896137385,True,
d12-s10,1009,0.4003968253968254,curvature/fd_floor_update,1.0198950613217773e-05,True,
d12-s10,1009,0.4003968253968254,curvature/fd_conclusive_update,0.0,True,
d12-s10,1009,0.4003968253968254,curvature/e_sym_update,2.9896851565189935e-06,True,
d12-s10,1009,0.4003968253968254,curvature/e_lin_update,6.972836817031171e-07,True,
d12-s10,1009,0.4003968253968254,curvature/curv_eps_update,0.003,True,
d12-s10,1009,0.4003968253968254,curvature/curv_snr_update,0.4109493572980461,True,
d12-s10,1009,0.4003968253968254,curvature/curv_floor_update,0.09669422556473566,True,
d12-s10,1009,0.4003968253968254,curvature/c_fd_update,-0.039736429850260414,True,
d12-s10,1009,0.4003968253968254,curvature/verdict_code_update,1.0,True,
d12-s10,1009,0.4003968253968254,curvature/e_curv_update,,False,noise_floor_inconclusive
d12-s10,1135,0.4503968253968254,update/p1,-0.004782715185117508,True,
d12-s10,1135,0.4503968253968254,update/p2,0.03019663069263168,True,
d12-s10,1135,0.4503968253968254,update/actual,0.030217289924621582,True,
d12-s10,1135,0.4503968253968254,update/residual_p1,0.035000005109739094,True,
d12-s10,1135,0.4503968253968254,update/residual_p2,2.0659231989902244e-05,True,
d12-s10,1135,0.4503968253968254,update/normalized_residual,0.0006836891078398377,True,
d12-s10,1135,0.4503968253968254,update/loss_before,1.7909239530563354,True,
d12-s10,1135,0.4503968253968254,update/loss_after,1.821141242980957,True,
d12-s10,1135,0.4503968253968254,update/direction_norm,650.0120580863005,True,
d12-s10,1135,0.4503968253968254,curvature/dhd,0.06995869175549838,True,
d12-s10,1135,0.4503968253968254,curvature/gHg,22.42645955576896,True,
d12-s10,1135,0.4503968253968254,curvature/gg,5.911262477839685,True,
d12-s10,1135,0.4503968253968254,curvature/eta_star,0.2635842926138146,True,
d12-s10,1135,0.4503968253968254,curvature/Hg_norm,17.971805195769043,True,
d12-s10,1135,0.4503968253968254,curvature/eta_star_rho,0.5132499231458172,True,
d12-s10,1135,0.4503968253968254,curvature/eta_star_rho_threshold,9.5367431640625e-07,True,
d12-s10,1135,0.4503968253968254,curvature/shadow_verdict_code,1.0,True,
d12-s10,1135,0.4503968253968254,curvature/arith_eps,1.1920928955078125e-07,True,
d12-s10,1135,0.4503968253968254,curvature/vhv_random,4.934777547359897e-06,True,
d12-s10,1135,0.4503968253968254,curvature/e_fd_random,,False,insufficient_conclusive_points
d12-s10,1135,0.4503968253968254,curvature/fd_cos_random,,False,insufficient_conclusive_points
d12-s10,1135,0.4503968253968254,curvature/fd_eps_random,0.03,True,
d12-s10,1135,0.4503968253968254,curvature/fd_snr_random,557.954686694701,True,
d12-s10,1135,0.4503968253968254,curvature/fd_floor_random,9.661152592527221e-06,True,
d12-s10,1135,0.4503968253968254,curvature/fd_conclusive_random,0.0,True,
d12-s10,1135,0.4503968253968254,curvature/e_sym_random,2.9487550061635394e-07,True,
d12-s10,1135,0.4503968253968254,curvature/e_lin_random,8.036059878023545e-07,True,
d12-s10,1135,0.4503968253968254,curvature/curv_eps_random,0.003,True,
d12-s10,1135,0.4503968253968254,curvature/curv_snr_random,0.5583710379530329,True,
d12-s10,1135,0.4503968253968254,curvature/curv_floor_random,0.09488655905443011,True,
d12-s10,1135,0.4503968253968254,curvature/c_fd_random,-0.05298190646701389,True,
d12-s10,1135,0.4503968253968254,curvature/verdict_code_random,1.0,True,
d12-s10,1135,0.4503968253968254,curvature/e_curv_random,,False,noise_floor_inconclusive
d12-s10,1135,0.4503968253968254,curvature/vhv_gradient,3.7938527779466886,True,
d12-s10,1135,0.4503968253968254,curvature/e_fd_gradient,0.001040643004123636,True,
d12-s10,1135,0.4503968253968254,curvature/fd_cos_gradient,0.999999462425761,True,
d12-s10,1135,0.4503968253968254,curvature/fd_eps_gradient,0.0003,True,
d12-s10,1135,0.4503968253968254,curvature/fd_snr_gradient,7651.756794099258,True,
d12-s10,1135,0.4503968253968254,curvature/fd_floor_gradient,0.0009661153914048224,True,
d12-s10,1135,0.4503968253968254,curvature/fd_conclusive_gradient,1.0,True,
d12-s10,1135,0.4503968253968254,curvature/e_sym_gradient,6.174453258090826e-07,True,
d12-s10,1135,0.4503968253968254,curvature/e_lin_gradient,4.971572099309392e-07,True,
d12-s10,1135,0.4503968253968254,curvature/curv_eps_gradient,0.008602806544914778,True,
d12-s10,1135,0.4503968253968254,curvature/curv_snr_gradient,328.3092987481918,True,
d12-s10,1135,0.4503968253968254,curvature/curv_floor_gradient,0.011539418387776935,True,
d12-s10,1135,0.4503968253968254,curvature/c_fd_gradient,3.7884983588530354,True,
d12-s10,1135,0.4503968253968254,curvature/verdict_code_gradient,0.0,True,
d12-s10,1135,0.4503968253968254,curvature/e_curv_gradient,0.0014113407680914592,True,
d12-s10,1135,0.4503968253968254,curvature/vhv_update,1.6557653479267117e-07,True,
d12-s10,1135,0.4503968253968254,curvature/e_fd_update,,False,noise_floor_inconclusive
d12-s10,1135,0.4503968253968254,curvature/fd_cos_update,,False,noise_floor_inconclusive
d12-s10,1135,0.4503968253968254,curvature/fd_eps_update,0.03,True,
d12-s10,1135,0.4503968253968254,curvature/fd_snr_update,123.37917174067076,True,
d12-s10,1135,0.4503968253968254,curvature/fd_floor_update,9.661152540126185e-06,True,
d12-s10,1135,0.4503968253968254,curvature/fd_conclusive_update,0.0,True,
d12-s10,1135,0.4503968253968254,curvature/e_sym_update,1.969854503471612e-06,True,
d12-s10,1135,0.4503968253968254,curvature/e_lin_update,7.24826615286501e-07,True,
d12-s10,1135,0.4503968253968254,curvature/curv_eps_update,0.003,True,
d12-s10,1135,0.4503968253968254,curvature/curv_snr_update,0.2791855096848019,True,
d12-s10,1135,0.4503968253968254,curvature/curv_floor_update,0.09488656221239782,True,
d12-s10,1135,0.4503968253968254,curvature/c_fd_update,-0.026490953233506944,True,
d12-s10,1135,0.4503968253968254,curvature/verdict_code_update,1.0,True,
d12-s10,1135,0.4503968253968254,curvature/e_curv_update,,False,noise_floor_inconclusive
d12-s10,1261,0.5003968253968254,update/p1,-0.02534865817556185,True,
d12-s10,1261,0.5003968253968254,update/p2,0.004459349241564752,True,
d12-s10,1261,0.5003968253968254,update/actual,0.0033752918243408203,True,
d12-s10,1261,0.5003968253968254,update/residual_p1,0.02872394999990267,True,
d12-s10,1261,0.5003968253968254,update/residual_p2,-0.0010840574172239319,True,
d12-s10,1261,0.5003968253968254,update/normalized_residual,-0.24309767154356007,True,
d12-s10,1261,0.5003968253968254,update/loss_before,1.6878962516784668,True,
d12-s10,1261,0.5003968253968254,update/loss_after,1.6912715435028076,True,
d12-s10,1261,0.5003968253968254,update/direction_norm,599.8446271621291,True,
d12-s10,1261,0.5003968253968254,curvature/dhd,0.0596160148342532,True,
d12-s10,1261,0.5003968253968254,curvature/gHg,41.738508015812144,True,
d12-s10,1261,0.5003968253968254,curvature/gg,6.848015939156545,True,
d12-s10,1261,0.5003968253968254,curvature/eta_star,0.164069495166484,True,
d12-s10,1261,0.5003968253968254,curvature/Hg_norm,30.800118452060474,True,
d12-s10,1261,0.5003968253968254,curvature/eta_star_rho,0.5178478204925938,True,
d12-s10,1261,0.5003968253968254,curvature/eta_star_rho_threshold,9.5367431640625e-07,True,
d12-s10,1261,0.5003968253968254,curvature/shadow_verdict_code,1.0,True,
d12-s10,1261,0.5003968253968254,curvature/arith_eps,1.1920928955078125e-07,True,
d12-s10,1261,0.5003968253968254,curvature/vhv_random,5.603743207944679e-06,True,
d12-s10,1261,0.5003968253968254,curvature/e_fd_random,,False,insufficient_conclusive_points
d12-s10,1261,0.5003968253968254,curvature/fd_cos_random,,False,insufficient_conclusive_points
d12-s10,1261,0.5003968253968254,curvature/fd_eps_random,0.03,True,
d12-s10,1261,0.5003968253968254,curvature/fd_snr_random,591.8400696518545,True,
d12-s10,1261,0.5003968253968254,curvature/fd_floor_random,1.0398512282784768e-05,True,
d12-s10,1261,0.5003968253968254,curvature/fd_conclusive_random,0.0,True,
d12-s10,1261,0.5003968253968254,curvature/e_sym_random,1.0476774659412485e-06,True,
d12-s10,1261,0.5003968253968254,curvature/e_lin_random,7.740120864442301e-07,True,
d12-s10,1261,0.5003968253968254,curvature/curv_eps_random,0.1,True,
d12-s10,1261,0.5003968253968254,curvature/curv_snr_random,0.5924534333076655,True,
d12-s10,1261,0.5003968253968254,curvature/curv_floor_random,8.048517088354855e-05,True,
d12-s10,1261,0.5003968253968254,curvature/c_fd_random,4.768371582031249e-05,True,
d12-s10,1261,0.5003968253968254,curvature/verdict_code_random,1.0,True,
d12-s10,1261,0.5003968253968254,curvature/e_curv_random,,False,noise_floor_inconclusive
d12-s10,1261,0.5003968253968254,curvature/vhv_gradient,6.094978371188196,True,
d12-s10,1261,0.5003968253968254,curvature/e_fd_gradient,0.0005519915774915234,True,
d12-s10,1261,0.5003968253968254,curvature/fd_cos_gradient,0.9999998479602658,True,
d12-s10,1261,0.5003968253968254,curvature/fd_eps_gradient,0.001,True,
d12-s10,1261,0.5003968253968254,curvature/fd_snr_gradient,37728.92417137263,True,
d12-s10,1261,0.5003968253968254,curvature/fd_floor_gradient,0.0003119576020629879,True,
d12-s10,1261,0.5003968253968254,curvature/fd_conclusive_gradient,1.0,True,
d12-s10,1261,0.5003968253968254,curvature/e_sym_gradient,6.850586137110396e-07,True,
d12-s10,1261,0.5003968253968254,curvature/e_lin_gradient,4.563852038642487e-07,True,
d12-s10,1261,0.5003968253968254,curvature/curv_eps_gradient,0.006366789194265115,True,
d12-s10,1261,0.5003968253968254,curvature/curv_snr_gradient,307.1758782201654,True,
d12-s10,1261,0.5003968253968254,curvature/curv_floor_gradient,0.019855956016614766,True,
d12-s10,1261,0.5003968253968254,curvature/c_fd_gradient,6.099270727304617,True,
d12-s10,1261,0.5003968253968254,curvature/verdict_code_gradient,0.0,True,
d12-s10,1261,0.5003968253968254,curvature/e_curv_gradient,0.0007037490723613241,True,
d12-s10,1261,0.5003968253968254,curvature/vhv_update,1.656858448952595e-07,True,
d12-s10,1261,0.5003968253968254,curvature/e_fd_update,,False,noise_floor_inconclusive
d12-s10,1261,0.5003968253968254,curvature/fd_cos_update,,False,noise_floor_inconclusive
d12-s10,1261,0.5003968253968254,curvature/fd_eps_update,0.03,True,
d12-s10,1261,0.5003968253968254,curvature/fd_snr_update,123.26251409465357,True,
d12-s10,1261,0.5003968253968254,curvature/fd_floor_update,1.0398512311595537e-05,True,
d12-s10,1261,0.5003968253968254,curvature/fd_conclusive_update,0.0,True,
d12-s10,1261,0.5003968253968254,curvature/e_sym_update,2.4672426711862636e-06,True,
d12-s10,1261,0.5003968253968254,curvature/e_lin_update,7.382491475523414e-07,True,
d12-s10,1261,0.5003968253968254,curvature/curv_eps_update,0.1,True,
d12-s10,1261,0.5003968253968254,curvature/curv_snr_update,0.44434008282623455,True,
d12-s10,1261,0.5003968253968254,curvature/curv_floor_update,8.048516946246308e-05,True,
d12-s10,1261,0.5003968253968254,curvature/c_fd_update,3.576278686523437e-05,True,
d12-s10,1261,0.5003968253968254,curvature/verdict_code_update,1.0,True,
d12-s10,1261,0.5003968253968254,curvature/e_curv_update,,False,noise_floor_inconclusive
d12-s10,1386,0.55,update/p1,-0.02514862998262781,True,
d12-s10,1386,0.55,update/p2,0.0016213634541663961,True,
d12-s10,1386,0.55,update/actual,0.001796722412109375,True,
d12-s10,1386,0.55,update/residual_p1,0.026945352394737186,True,
d12-s10,1386,0.55,update/residual_p2,0.00017535895794297887,True,
d12-s10,1386,0.55,update/normalized_residual,0.09759936023567782,True,
d12-s10,1386,0.55,update/loss_before,1.696181297302246,True,
d12-s10,1386,0.55,update/loss_after,1.6979780197143555,True,
d12-s10,1386,0.55,update/direction_norm,560.1917170644625,True,
d12-s10,1386,0.55,curvature/dhd,0.053539986873588415,True,
d12-s10,1386,0.55,curvature/gHg,79.62415867130586,True,
d12-s10,1386,0.55,curvature/gg,8.74234991502255,True,
d12-s10,1386,0.55,curvature/eta_star,0.10979519358077723,True,
d12-s10,1386,0.55,curvature/Hg_norm,47.234996035718446,True,
d12-s10,1386,0.55,curvature/eta_star_rho,0.5701207931160742,True,
d12-s10,1386,0.55,curvature/eta_star_rho_threshold,9.5367431640625e-07,True,
d12-s10,1386,0.55,curvature/shadow_verdict_code,1.0,True,
d12-s10,1386,0.55,curvature/arith_eps,1.1920928955078125e-07,True,
d12-s10,1386,0.55,curvature/vhv_random,5.845830014066226e-06,True,
d12-s10,1386,0.55,curvature/e_fd_random,,False,insufficient_conclusive_points
d12-s10,1386,0.55,curvature/fd_cos_random,,False,insufficient_conclusive_points
d12-s10,1386,0.55,curvature/fd_eps_random,0.03,True,
d12-s10,1386,0.55,curvature/fd_snr_random,601.6272671360988,True,
d12-s10,1386,0.55,curvature/fd_floor_random,1.1749055678508342e-05,True,
d12-s10,1386,0.55,curvature/fd_conclusive_random,0.0,True,
d12-s10,1386,0.55,curvature/e_sym_random,1.4901980605926098e-06,True,
d12-s10,1386,0.55,curvature/e_lin_random,8.24075008557661e-07,True,
d12-s10,1386,0.55,curvature/curv_eps_random,0.03,True,
d12-s10,1386,0.55,curvature/curv_snr_random,0.5895596607930268,True,
d12-s10,1386,0.55,curvature/curv_floor_random,0.0008986691252883045,True,
d12-s10,1386,0.55,curvature/c_fd_random,-0.0005298190646701389,True,
d12-s10,1386,0.55,curvature/verdict_code_random,1.0,True,
d12-s10,1386,0.55,curvature/e_curv_random,,False,noise_floor_inconclusive
d12-s10,1386,0.55,curvature/vhv_gradient,9.107865123229864,True,
d12-s10,1386,0.55,curvature/e_fd_gradient,0.0006372689091665271,True,
d12-s10,1386,0.55,curvature/fd_cos_gradient,0.999999799231891,True,
d12-s10,1386,0.55,curvature/fd_eps_gradient,0.0003,True,
d12-s10,1386,0.55,curvature/fd_snr_gradient,13597.101198205502,True,
d12-s10,1386,0.55,curvature/fd_floor_gradient,0.0011749067295305751,True,
d12-s10,1386,0.55,curvature/fd_conclusive_gradient,1.0,True,
d12-s10,1386,0.55,curvature/e_sym_gradient,2.2192630989876388e-07,True,
d12-s10,1386,0.55,curvature/e_lin_gradient,4.837560532709094e-07,True,
d12-s10,1386,0.55,curvature/curv_eps_gradient,0.005477225575051661,True,
d12-s10,1386,0.55,curvature/curv_snr_gradient,337.21454600450403,True,
d12-s10,1386,0.55,curvature/curv_floor_gradient,0.026961159467949376,True,
d12-s10,1386,0.55,curvature/c_fd_gradient,9.091695149739584,True,
d12-s10,1386,0.55,curvature/verdict_code_gradient,0.0,True,
d12-s10,1386,0.55,curvature/e_curv_gradient,0.0017753856992280303,True,
d12-s10,1386,0.55,curvature/vhv_update,1.7061015427500663e-07,True,
d12-s10,1386,0.55,curvature/e_fd_update,,False,noise_floor_inconclusive
d12-s10,1386,0.55,curvature/fd_cos_update,,False,noise_floor_inconclusive
d12-s10,1386,0.55,curvature/fd_eps_update,0.03,True,
d12-s10,1386,0.55,curvature/fd_snr_update,126.84043133083614,True,
d12-s10,1386,0.55,curvature/fd_floor_update,1.1749055458979942e-05,True,
d12-s10,1386,0.55,curvature/fd_conclusive_update,0.0,True,
d12-s10,1386,0.55,curvature/e_sym_update,2.84063378460858e-06,True,
d12-s10,1386,0.55,curvature/e_lin_update,7.582421823736155e-07,True,
d12-s10,1386,0.55,curvature/curv_eps_update,0.01,True,
d12-s10,1386,0.55,curvature/curv_snr_update,0.44216973782573854,True,
d12-s10,1386,0.55,curvature/curv_floor_update,0.008088022269703288,True,
d12-s10,1386,0.55,curvature/c_fd_update,-0.0035762786865234375,True,
d12-s10,1386,0.55,curvature/verdict_code_update,1.0,True,
d12-s10,1386,0.55,curvature/e_curv_update,,False,noise_floor_inconclusive
d12-s10,1512,0.6,update/p1,-0.05293901745918987,True,
d12-s10,1512,0.6,update/p2,-0.024381116040558613,True,
d12-s10,1512,0.6,update/actual,-0.025562644004821777,True,
d12-s10,1512,0.6,update/residual_p1,0.027376373454368094,True,
d12-s10,1512,0.6,update/residual_p2,-0.001181527964263164,True,
d12-s10,1512,0.6,update/normalized_residual,-0.04622088247367124,True,
d12-s10,1512,0.6,update/loss_before,1.634667992591858,True,
d12-s10,1512,0.6,update/loss_after,1.6091053485870361,True,
d12-s10,1512,0.6,update/direction_norm,502.30910858338603,True,
d12-s10,1512,0.6,curvature/dhd,0.057115802837262517,True,
d12-s10,1512,0.6,curvature/gHg,108.01095709977005,True,
d12-s10,1512,0.6,curvature/gg,9.694941458398485,True,
d12-s10,1512,0.6,curvature/eta_star,0.08975887001393051,True,
d12-s10,1512,0.6,curvature/Hg_norm,60.00367645263897,True,
d12-s10,1512,0.6,curvature/eta_star_rho,0.57811915379359,True,
d12-s10,1512,0.6,curvature/eta_star_rho_threshold,9.5367431640625e-07,True,
d12-s10,1512,0.6,curvature/shadow_verdict_code,1.0,True,
d12-s10,1512,0.6,curvature/arith_eps,1.1920928955078125e-07,True,
d12-s10,1512,0.6,curvature/vhv_random,7.031849687727805e-06,True,
d12-s10,1512,0.6,curvature/e_fd_random,,False,insufficient_conclusive_points
d12-s10,1512,0.6,curvature/fd_cos_random,,False,insufficient_conclusive_points
d12-s10,1512,0.6,curvature/fd_eps_random,0.03,True,
d12-s10,1512,0.6,curvature/fd_snr_random,609.1705629034851,True,
d12-s10,1512,0.6,curvature/fd_floor_random,1.2372612407101468e-05,True,
d12-s10,1512,0.6,curvature/fd_conclusive_random,0.0,True,
d12-s10,1512,0.6,curvature/e_sym_random,6.229512198118226e-07,True,
d12-s10,1512,0.6,curvature/e_lin_random,8.320341412579012e-07,True,
d12-s10,1512,0.6,curvature/curv_eps_random,0.003,True,
d12-s10,1512,0.6,curvature/curv_snr_random,0.6117449730503136,True,
d12-s10,1512,0.6,curvature/curv_floor_random,0.0866078330040586,True,
d12-s10,1512,0.6,curvature/c_fd_random,0.05298190646701389,True,
d12-s10,1512,0.6,curvature/verdict_code_random,1.0,True,
d12-s10,1512,0.6,curvature/e_curv_random,,False,noise_floor_inconclusive
d12-s10,1512,0.6,curvature/vhv_gradient,11.14095941499304,True,
d12-s10,1512,0.6,curvature/e_fd_gradient,0.0005667293327667954,True,
d12-s10,1512,0.6,curvature/fd_cos_gradient,0.9999998394291731,True,
d12-s10,1512,0.6,curvature/fd_eps_gradient,0.0003,True,
d12-s10,1512,0.6,curvature/fd_snr_gradient,15575.650603279193,True,
d12-s10,1512,0.6,curvature/fd_floor_gradient,0.0012372625594981122,True,
d12-s10,1512,0.6,curvature/fd_conclusive_gradient,1.0,True,
d12-s10,1512,0.6,curvature/e_sym_gradient,1.49004702241773e-06,True,
d12-s10,1512,0.6,curvature/e_lin_gradient,4.4749787277018336e-07,True,
d12-s10,1512,0.6,curvature/curv_eps_gradient,0.004711951202502903,True,
d12-s10,1512,0.6,curvature/curv_snr_gradient,317.7894972536679,True,
d12-s10,1512,0.6,curvature/curv_floor_gradient,0.035108682686930896,True,
d12-s10,1512,0.6,curvature/c_fd_gradient,11.157170620318324,True,
d12-s10,1512,0.6,curvature/verdict_code_gradient,0.0,True,
d12-s10,1512,0.6,curvature/e_curv_gradient,0.0014529853380356,True,
d12-s10,1512,0.6,curvature/vhv_update,2.2636756524871967e-07,True,
d12-s10,1512,0.6,curvature/e_fd_update,,False,noise_floor_inconclusive
d12-s10,1512,0.6,curvature/fd_cos_update,,False,noise_floor_inconclusive
d12-s10,1512,0.6,curvature/fd_eps_update,0.03,True,
d12-s10,1512,0.6,curvature/fd_snr_update,157.37316799520372,True,
d12-s10,1512,0.6,curvature/fd_floor_update,1.237261398410138e-05,True,
d12-s10,1512,0.6,curvature/fd_conclusive_update,0.0,True,
d12-s10,1512,0.6,curvature/e_sym_update,4.6937093946590724e-07,True,
d12-s10,1512,0.6,curvature/e_lin_update,7.499916087999571e-07,True,
d12-s10,1512,0.6,curvature/curv_eps_update,0.1,True,
d12-s10,1512,0.6,curvature/curv_snr_update,0.4588087381524704,True,
d12-s10,1512,0.6,curvature/curv_floor_update,7.794704828256725e-05,True,
d12-s10,1512,0.6,curvature/c_fd_update,3.576278686523437e-05,True,
d12-s10,1512,0.6,curvature/verdict_code_update,1.0,True,
d12-s10,1512,0.6,curvature/e_curv_update,,False,noise_floor_inconclusive
d12-s10,1638,0.65,update/p1,-0.051151151737175465,True,
d12-s10,1638,0.65,update/p2,-0.03407483728235642,True,
d12-s10,1638,0.65,update/actual,-0.03472864627838135,True,
d12-s10,1638,0.65,update/residual_p1,0.016422505458794118,True,
d12-s10,1638,0.65,update/residual_p2,-0.000653808996024928,True,
d12-s10,1638,0.65,update/normalized_residual,-0.01882621599425617,True,
d12-s10,1638,0.65,update/loss_before,1.6443406343460083,True,
d12-s10,1638,0.65,update/loss_after,1.609611988067627,True,
d12-s10,1638,0.65,update/direction_norm,448.1065690973753,True,
d12-s10,1638,0.65,curvature/dhd,0.03415262890963809,True,
d12-s10,1638,0.65,curvature/gHg,97.84983835878039,True,
d12-s10,1638,0.65,curvature/gg,9.994963900679046,True,
d12-s10,1638,0.65,curvature/eta_star,0.10214594186687448,True,
d12-s10,1638,0.65,curvature/Hg_norm,55.17807092677359,True,
d12-s10,1638,0.65,curvature/eta_star_rho,0.5609226595518585,True,
d12-s10,1638,0.65,curvature/eta_star_rho_threshold,9.5367431640625e-07,True,
d12-s10,1638,0.65,curvature/shadow_verdict_code,1.0,True,
d12-s10,1638,0.65,curvature/arith_eps,1.1920928955078125e-07,True,
d12-s10,1638,0.65,curvature/vhv_random,8.142800216933338e-06,True,
d12-s10,1638,0.65,curvature/e_fd_random,,False,insufficient_conclusive_points
d12-s10,1638,0.65,curvature/fd_cos_random,,False,insufficient_conclusive_points
d12-s10,1638,0.65,curvature/fd_eps_random,0.03,True,
d12-s10,1638,0.65,curvature/fd_snr_random,646.9485036715017,True,
d12-s10,1638,0.65,curvature/fd_floor_random,1.2562597799677945e-05,True,
d12-s10,1638,0.65,curvature/fd_conclusive_random,0.0,True,
d12-s10,1638,0.65,curvature/e_sym_random,9.004792977846715e-07,True,
d12-s10,1638,0.65,curvature/e_lin_random,8.447523363976371e-07,True,
d12-s10,1638,0.65,curvature/curv_eps_random,0.003,True,
d12-s10,1638,0.65,curvature/curv_snr_random,0.4561098494770785,True,
d12-s10,1638,0.65,curvature/curv_floor_random,0.08712030642578207,True,
d12-s10,1638,0.65,curvature/c_fd_random,0.039736429850260414,True,
d12-s10,1638,0.65,curvature/verdict_code_random,1.0,True,
d12-s10,1638,0.65,curvature/e_curv_random,,False,noise_floor_inconclusive
d12-s10,1638,0.65,curvature/vhv_gradient,9.789914732975422,True,
d12-s10,1638,0.65,curvature/e_fd_gradient,0.000580612623306319,True,
d12-s10,1638,0.65,curvature/fd_cos_gradient,0.9999998314713797,True,
d12-s10,1638,0.65,curvature/fd_eps_gradient,0.0003,True,
d12-s10,1638,0.65,curvature/fd_snr_gradient,13892.999763900185,True,
d12-s10,1638,0.65,curvature/fd_floor_gradient,0.001256261005220246,True,
d12-s10,1638,0.65,curvature/fd_conclusive_gradient,1.0,True,
d12-s10,1638,0.65,curvature/e_sym_gradient,3.4503664552826007e-07,True,
d12-s10,1638,0.65,curvature/e_lin_gradient,4.7049382398509707e-07,True,
d12-s10,1638,0.65,curvature/curv_eps_gradient,0.004711951202502903,True,
d12-s10,1638,0.65,curvature/curv_snr_gradient,277.3056362517974,True,
d12-s10,1638,0.65,curvature/curv_floor_gradient,0.03531625700254774,True,
d12-s10,1638,0.65,curvature/c_fd_gradient,9.793397118123496,True,
d12-s10,1638,0.65,curvature/verdict_code_gradient,0.0,True,
d12-s10,1638,0.65,curvature/e_curv_gradient,0.0003555850034539063,True,
d12-s10,1638,0.65,curvature/vhv_update,1.700832524853379e-07,True,
d12-s10,1638,0.65,curvature/e_fd_update,,False,noise_floor_inconclusive
d12-s10,1638,0.65,curvature/fd_cos_update,,False,noise_floor_inconclusive
d12-s10,1638,0.65,curvature/fd_eps_update,0.03,True,
d12-s10,1638,0.65,curvature/fd_snr_update,124.9237558523527,True,
d12-s10,1638,0.65,curvature/fd_floor_update,1.2562598020752426e-05,True,
d12-s10,1638,0.65,curvature/fd_conclusive_update,0.0,True,
d12-s10,1638,0.65,curvature/e_sym_update,7.79164892684076e-06,True,
d12-s10,1638,0.65,curvature/e_lin_update,7.237206584768446e-07,True,
d12-s10,1638,0.65,curvature/curv_eps_update,0.003,True,
d12-s10,1638,0.65,curvature/curv_snr_update,0.304073260540107,True,
d12-s10,1638,0.65,curvature/curv_floor_update,0.08712029853086278,True,
d12-s10,1638,0.65,curvature/c_fd_update,-0.026490953233506944,True,
d12-s10,1638,0.65,curvature/verdict_code_update,1.0,True,
d12-s10,1638,0.65,curvature/e_curv_update,,False,noise_floor_inconclusive
d12-s10,1764,0.7,update/p1,-0.04171327586896272,True,
d12-s10,1764,0.7,update/p2,-0.02780454705846736,True,
d12-s10,1764,0.7,update/actual,-0.02835547924041748,True,
d12-s10,1764,0.7,update/residual_p1,0.013357796628545242,True,
d12-s10,1764,0.7,update/residual_p2,-0.0005509321819501221,True,
d12-s10,1764,0.7,update/normalized_residual,-0.019429478771243323,True,
d12-s10,1764,0.7,update/loss_before,1.6016926765441895,True,
d12-s10,1764,0.7,update/loss_after,1.573337197303772,True,
d12-s10,1764,0.7,update/direction_norm,393.41340875858333,True,
d12-s10,1764,0.7,curvature/dhd,0.027817457620990728,True,
d12-s10,1764,0.7,curvature/gHg,125.1569322477446,True,
d12-s10,1764,0.7,curvature/gg,11.279152541356968,True,
d12-s10,1764,0.7,curvature/eta_star,0.09012007835914518,True,
d12-s10,1764,0.7,curvature/Hg_norm,65.81122154352082,True,
d12-s10,1764,0.7,curvature/eta_star_rho,0.5662610924405455,True,
d12-s10,1764,0.7,curvature/eta_star_rho_threshold,9.5367431640625e-07,True,
d12-s10,1764,0.7,curvature/shadow_verdict_code,1.0,True,
d12-s10,1764,0.7,curvature/arith_eps,1.1920928955078125e-07,True,
d12-s10,1764,0.7,curvature/vhv_random,9.377531971340836e-06,True,
d12-s10,1764,0.7,curvature/e_fd_random,0.009972225411277312,True,
d12-s10,1764,0.7,curvature/fd_cos_random,0.999950631055447,True,
d12-s10,1764,0.7,curvature/fd_eps_random,0.03,True,
d12-s10,1764,0.7,curvature/fd_snr_random,677.3623415616421,True,
d12-s10,1764,0.7,curvature/fd_floor_random,1.3345261227850229e-05,True,
d12-s10,1764,0.7,curvature/fd_conclusive_random,1.0,True,
d12-s10,1764,0.7,curvature/e_sym_random,3.0931474385765465e-06,True,
d12-s10,1764,0.7,curvature/e_lin_random,7.67161871302813e-07,True,
d12-s10,1764,0.7,curvature/curv_eps_random,0.01,True,
d12-s10,1764,0.7,curvature/curv_snr_random,0.3121697368761361,True,
d12-s10,1764,0.7,curvature/curv_floor_random,0.007637466126197978,True,
d12-s10,1764,0.7,curvature/c_fd_random,0.002384185791015625,True,
d12-s10,1764,0.7,curvature/verdict_code_random,1.0,True,
d12-s10,1764,0.7,curvature/e_curv_random,,False,noise_floor_inconclusive
d12-s10,1764,0.7,curvature/vhv_gradient,11.096306143679572,True,
d12-s10,1764,0.7,curvature/e_fd_gradient,0.0005944529405908854,True,
d12-s10,1764,0.7,curvature/fd_cos_gradient,0.9999998261762778,True,
d12-s10,1764,0.7,curvature/fd_eps_gradient,0.0003,True,
d12-s10,1764,0.7,curvature/fd_snr_gradient,14683.659348903457,True,
d12-s10,1764,0.7,curvature/fd_floor_gradient,0.0013345271783312537,True,
d12-s10,1764,0.7,curvature/fd_conclusive_gradient,1.0,True,
d12-s10,1764,0.7,curvature/e_sym_gradient,4.903525260547684e-07,True,
d12-s10,1764,0.7,curvature/e_lin_gradient,4.876485913237831e-07,True,
d12-s10,1764,0.7,curvature/curv_eps_gradient,0.004711951202502903,True,
d12-s10,1764,0.7,curvature/curv_snr_gradient,322.30288148393237,True,
d12-s10,1764,0.7,curvature/curv_floor_gradient,0.0344004718110358,True,
d12-s10,1764,0.7,curvature/c_fd_gradient,11.087371189103628,True,
d12-s10,1764,0.7,curvature/verdict_code_gradient,0.0,True,
d12-s10,1764,0.7,curvature/e_curv_gradient,0.0008052188232958,True,
d12-s10,1764,0.7,curvature/vhv_update,1.7972935499782622e-07,True,
d12-s10,1764,0.7,curvature/e_fd_update,,False,noise_floor_inconclusive
d12-s10,1764,0.7,curvature/fd_cos_update,,False,noise_floor_inconclusive
d12-s10,1764,0.7,curvature/fd_eps_update,0.03,True,
d12-s10,1764,0.7,curvature/fd_snr_update,127.04211654697936,True,
d12-s10,1764,0.7,curvature/fd_floor_update,1.3345261079234451e-05,True,
d12-s10,1764,0.7,curvature/fd_conclusive_update,0.0,True,
d12-s10,1764,0.7,curvature/e_sym_update,3.06855150221642e-06,True,
d12-s10,1764,0.7,curvature/e_lin_update,7.342982620842015e-07,True,
d12-s10,1764,0.7,curvature/curv_eps_update,0.1,True,
d12-s10,1764,0.7,curvature/curv_snr_update,0.3121697601100151,True,
d12-s10,1764,0.7,curvature/curv_floor_update,7.637465557763788e-05,True,
d12-s10,1764,0.7,curvature/c_fd_update,-2.3841857910156247e-05,True,
d12-s10,1764,0.7,curvature/verdict_code_update,1.0,True,
d12-s10,1764,0.7,curvature/e_curv_update,,False,noise_floor_inconclusive
d12-s10,1890,0.75,update/p1,0.00945752190089422,True,
d12-s10,1890,0.75,update/p2,0.02007525950069568,True,
d12-s10,1890,0.75,update/actual,0.020315051078796387,True,
d12-s10,1890,0.75,update/residual_p1,0.010857529177902166,True,
d12-s10,1890,0.75,update/residual_p2,0.0002397915781007058,True,
d12-s10,1890,0.75,update/normalized_residual,0.011803641407083915,True,
d12-s10,1890,0.75,update/loss_before,1.5360472202301025,True,
d12-s10,1890,0.75,update/loss_after,1.556362271308899,True,
d12-s10,1890,0.75,update/direction_norm,342.3235178709584,True,
d12-s10,1890,0.75,curvature/dhd,0.02123547519960292,True,
d12-s10,1890,0.75,curvature/gHg,135.510539630681,True,
d12-s10,1890,0.75,curvature/gg,11.452062009506347,True,
d12-s10,1890,0.75,curvature/eta_star,0.08451048930007715,True,
d12-s10,1890,0.75,curvature/Hg_norm,73.66560698831492,True,
d12-s10,1890,0.75,curvature/eta_star_rho,0.5435837402450269,True,
d12-s10,1890,0.75,curvature/eta_star_rho_threshold,9.5367431640625e-07,True,
d12-s10,1890,0.75,curvature/shadow_verdict_code,1.0,True,
d12-s10,1890,0.75,curvature/arith_eps,1.1920928955078125e-07,True,
d12-s10,1890,0.75,curvature/vhv_random,9.624727785568208e-06,True,
d12-s10,1890,0.75,curvature/e_fd_random,0.00919148776276708,True,
d12-s10,1890,0.75,curvature/fd_cos_random,0.9999578512342409,True,
d12-s10,1890,0.75,curvature/fd_eps_random,0.03,True,
d12-s10,1890,0.75,curvature/fd_snr_random,786.2924719782065,True,
d12-s10,1890,0.75,curvature/fd_floor_random,1.3447163573844941e-05,True,
d12-s10,1890,0.75,curvature/fd_conclusive_random,1.0,True,
d12-s10,1890,0.75,curvature/e_sym_random,5.066853541660585e-06,True,
d12-s10,1890,0.75,curvature/e_lin_random,8.841981190117986e-07,True,
d12-s10,1890,0.75,curvature/curv_eps_random,0.003,True,
d12-s10,1890,0.75,curvature/curv_snr_random,0.48826621113460794,True,
d12-s10,1890,0.75,curvature/curv_floor_random,0.08138271488809955,True,
d12-s10,1890,0.75,curvature/c_fd_random,0.039736429850260414,True,
d12-s10,1890,0.75,curvature/verdict_code_random,1.0,True,
d12-s10,1890,0.75,curvature/e_curv_random,,False,noise_floor_inconclusive
d12-s10,1890,0.75,curvature/vhv_gradient,11.832850970981738,True,
d12-s10,1890,0.75,curvature/e_fd_gradient,0.0005665625895548081,True,
d12-s10,1890,0.75,curvature/fd_cos_gradient,0.9999998584861401,True,
d12-s10,1890,0.75,curvature/fd_eps_gradient,0.0003,True,
d12-s10,1890,0.75,curvature/fd_snr_gradient,16187.949232026329,True,
d12-s10,1890,0.75,curvature/fd_floor_gradient,0.0013447176554814205,True,
d12-s10,1890,0.75,curvature/fd_conclusive_gradient,1.0,True,
d12-s10,1890,0.75,curvature/e_sym_gradient,9.780403801093006e-07,True,
d12-s10,1890,0.75,curvature/e_lin_gradient,4.856949007669436e-07,True,
d12-s10,1890,0.75,curvature/curv_eps_gradient,0.004053600464421103,True,
d12-s10,1890,0.75,curvature/curv_snr_gradient,265.44567898424964,True,
d12-s10,1890,0.75,curvature/curv_floor_gradient,0.044576556703008266,True,
d12-s10,1890,0.75,curvature/c_fd_gradient,11.832654360809935,True,
d12-s10,1890,0.75,curvature/verdict_code_gradient,0.0,True,
d12-s10,1890,0.75,curvature/e_curv_gradient,1.6615621398914708e-05,True,
d12-s10,1890,0.75,curvature/vhv_update,1.8121261844170345e-07,True,
d12-s10,1890,0.75,curvature/e_fd_update,,False,noise_floor_inconclusive
d12-s10,1890,0.75,curvature/fd_cos_update,,False,noise_floor_inconclusive
d12-s10,1890,0.75,curvature/fd_eps_update,0.03,True,
d12-s10,1890,0.75,curvature/fd_snr_update,132.88326006309185,True,
d12-s10,1890,0.75,curvature/fd_floor_update,1.3447164894641705e-05,True,
d12-s10,1890,0.75,curvature/fd_conclusive_update,0.0,True,
d12-s10,1890,0.75,curvature/e_sym_update,2.0274765293467777e-05,True,
d12-s10,1890,0.75,curvature/e_lin_update,9.006999284189587e-07,True,
d12-s10,1890,0.75,curvature/curv_eps_update,0.1,True,
d12-s10,1890,0.75,curvature/curv_snr_update,0.48826621113460794,True,
d12-s10,1890,0.75,curvature/curv_floor_update,7.324444339928958e-05,True,
d12-s10,1890,0.75,curvature/c_fd_update,3.576278686523437e-05,True,
d12-s10,1890,0.75,curvature/verdict_code_update,1.0,True,
d12-s10,1890,0.75,curvature/e_curv_update,,False,noise_floor_inconclusive
d12-s10,2016,0.8,update/p1,-0.010200973090762976,True,
d12-s10,2016,0.8,update/p2,-0.004167685926138302,True,
d12-s10,2016,0.8,update/actual,-0.0041277408599853516,True,
d12-s10,2016,0.8,update/residual_p1,0.006073232230777624,True,
d12-s10,2016,0.8,update/residual_p2,3.994506615295074e-05,True,
d12-s10,2016,0.8,update/normalized_residual,0.009584471301551043,True,
d12-s10,2016,0.8,update/loss_before,1.5155383348464966,True,
d12-s10,2016,0.8,update/loss_after,1.5114105939865112,True,
d12-s10,2016,0.8,update/direction_norm,281.80517957823446,True,
d12-s10,2016,0.8,curvature/dhd,0.012066574329249347,True,
d12-s10,2016,0.8,curvature/gHg,126.5014242480078,True,
d12-s10,2016,0.8,curvature/gg,11.397443312523368,True,
d12-s10,2016,0.8,curvature/eta_star,0.09009735171185522,True,
d12-s10,2016,0.8,curvature/Hg_norm,69.99583618552127,True,
d12-s10,2016,0.8,curvature/eta_star_rho,0.5353274196461185,True,
d12-s10,2016,0.8,curvature/eta_star_rho_threshold,9.5367431640625e-07,True,
d12-s10,2016,0.8,curvature/shadow_verdict_code,1.0,True,
d12-s10,2016,0.8,curvature/arith_eps,1.1920928955078125e-07,True,
d12-s10,2016,0.8,curvature/vhv_random,8.991173594186747e-06,True,
d12-s10,2016,0.8,curvature/e_fd_random,,False,insufficient_conclusive_points
d12-s10,2016,0.8,curvature/fd_cos_random,,False,insufficient_conclusive_points
d12-s10,2016,0.8,curvature/fd_eps_random,0.03,True,
d12-s10,2016,0.8,curvature/fd_snr_random,744.4400370597324,True,
d12-s10,2016,0.8,curvature/fd_floor_random,1.341505759954437e-05,True,
d12-s10,2016,0.8,curvature/fd_conclusive_random,0.0,True,
d12-s10,2016,0.8,curvature/e_sym_random,1.5788894757818377e-06,True,
d12-s10,2016,0.8,curvature/e_lin_random,8.545776053794198e-07,True,
d12-s10,2016,0.8,curvature/curv_eps_random,0.03,True,
d12-s10,2016,0.8,curvature/curv_snr_random,0.4948736290664759,True,
d12-s10,2016,0.8,curvature/curv_floor_random,0.0008029611504096263,True,
d12-s10,2016,0.8,curvature/c_fd_random,0.0003973642985026042,True,
d12-s10,2016,0.8,curvature/verdict_code_random,1.0,True,
d12-s10,2016,0.8,curvature/e_curv_random,,False,noise_floor_inconclusive
d12-s10,2016,0.8,curvature/vhv_gradient,11.099106352578225,True,
d12-s10,2016,0.8,curvature/e_fd_gradient,0.0005506762245602959,True,
d12-s10,2016,0.8,curvature/fd_cos_gradient,0.9999998492713006,True,
d12-s10,2016,0.8,curvature/fd_eps_gradient,0.0003,True,
d12-s10,2016,0.8,curvature/fd_snr_gradient,15455.895744086243,True,
d12-s10,2016,0.8,curvature/fd_floor_gradient,0.0013415064422878389,True,
d12-s10,2016,0.8,curvature/fd_conclusive_gradient,1.0,True,
d12-s10,2016,0.8,curvature/e_sym_gradient,1.3599940071660159e-05,True,
d12-s10,2016,0.8,curvature/e_lin_gradient,5.001805547360983e-07,True,
d12-s10,2016,0.8,curvature/curv_eps_gradient,0.004053600464421103,True,
d12-s10,2016,0.8,curvature/curv_snr_gradient,252.04807655778174,True,
d12-s10,2016,0.8,curvature/curv_floor_gradient,0.04398131237670683,True,
d12-s10,2016,0.8,curvature/c_fd_gradient,11.085405189035916,True,
d12-s10,2016,0.8,curvature/verdict_code_gradient,0.0,True,
d12-s10,2016,0.8,curvature/e_curv_gradient,0.001234438440994576,True,
d12-s10,2016,0.8,curvature/vhv_update,1.5194487674062219e-07,True,
d12-s10,2016,0.8,curvature/e_fd_update,,False,noise_floor_inconclusive
d12-s10,2016,0.8,curvature/fd_cos_update,,False,noise_floor_inconclusive
d12-s10,2016,0.8,curvature/fd_eps_update,0.03,True,
d12-s10,2016,0.8,curvature/fd_snr_update,114.30494121326285,True,
d12-s10,2016,0.8,curvature/fd_floor_update,1.3415055491072901e-05,True,
d12-s10,2016,0.8,curvature/fd_conclusive_update,0.0,True,
d12-s10,2016,0.8,curvature/e_sym_update,9.905693996921902e-07,True,
d12-s10,2016,0.8,curvature/e_lin_update,7.810769382626201e-07,True,
d12-s10,2016,0.8,curvature/curv_eps_update,0.03,True,
d12-s10,2016,0.8,curvature/curv_snr_update,0.4948736874551711,True,
d12-s10,2016,0.8,curvature/curv_floor_update,0.0008029610556705949,True,
d12-s10,2016,0.8,curvature/c_fd_update,-0.0003973642985026042,True,
d12-s10,2016,0.8,curvature/verdict_code_update,1.0,True,
d12-s10,2016,0.8,curvature/e_curv_update,,False,noise_floor_inconclusive
d12-s10,2142,0.85,update/p1,0.009236455857900595,True,
d12-s10,2142,0.85,update/p2,0.011867942342532833,True,
d12-s10,2142,0.85,update/actual,0.01188206672668457,True,
d12-s10,2142,0.85,update/residual_p1,0.002645610868783975,True,
d12-s10,2142,0.85,update/residual_p2,1.4124384151737238e-05,True,
d12-s10,2142,0.85,update/normalized_residual,0.0011887144279384414,True,
d12-s10,2142,0.85,update/loss_before,1.4841406345367432,True,
d12-s10,2142,0.85,update/loss_after,1.4960227012634277,True,
d12-s10,2142,0.85,update/direction_norm,224.8785269321481,True,
d12-s10,2142,0.85,curvature/dhd,0.005262972969264475,True,
d12-s10,2142,0.85,curvature/gHg,128.31430696938637,True,
d12-s10,2142,0.85,curvature/gg,11.528236155656218,True,
d12-s10,2142,0.85,curvature/eta_star,0.08984373159889848,True,
d12-s10,2142,0.85,curvature/Hg_norm,72.52856082885276,True,
d12-s10,2142,0.85,curvature/eta_star_rho,0.5210562271557676,True,
d12-s10,2142,0.85,curvature/eta_star_rho_threshold,9.5367431640625e-07,True,
d12-s10,2142,0.85,curvature/shadow_verdict_code,1.0,True,
d12-s10,2142,0.85,curvature/arith_eps,1.1920928955078125e-07,True,
d12-s10,2142,0.85,curvature/vhv_random,9.255206102815028e-06,True,
d12-s10,2142,0.85,curvature/e_fd_random,0.009247813803813119,True,
d12-s10,2142,0.85,curvature/fd_cos_random,0.9999574009161328,True,
d12-s10,2142,0.85,curvature/fd_eps_random,0.03,True,
d12-s10,2142,0.85,curvature/fd_snr_random,814.9744432940655,True,
d12-s10,2142,0.85,curvature/fd_floor_random,1.3491811568267508e-05,True,
d12-s10,2142,0.85,curvature/fd_conclusive_random,1.0,True,
d12-s10,2142,0.85,curvature/e_sym_random,3.9309075457891955e-06,True,
d12-s10,2142,0.85,curvature/e_lin_random,8.404641547734207e-07,True,
d12-s10,2142,0.85,curvature/curv_eps_random,0.003,True,
d12-s10,2142,0.85,curvature/curv_snr_random,0.6737906483062116,True,
d12-s10,2142,0.85,curvature/curv_floor_random,0.07863259396698494,True,
d12-s10,2142,0.85,curvature/c_fd_random,-0.05298190646701389,True,
d12-s10,2142,0.85,curvature/verdict_code_random,1.0,True,
d12-s10,2142,0.85,curvature/e_curv_random,,False,noise_floor_inconclusive
d12-s10,2142,0.85,curvature/vhv_gradient,11.130436612148408,True,
d12-s10,2142,0.85,curvature/e_fd_gradient,0.0006708155753918296,True,
d12-s10,2142,0.85,curvature/fd_cos_gradient,0.9999997908955733,True,
d12-s10,2142,0.85,curvature/fd_eps_gradient,0.0003,True,
d12-s10,2142,0.85,curvature/fd_snr_gradient,15832.77514526792,True,
d12-s10,2142,0.85,curvature/fd_floor_gradient,0.001349182061349921,True,
d12-s10,2142,0.85,curvature/fd_conclusive_gradient,1.0,True,
d12-s10,2142,0.85,curvature/e_sym_gradient,7.70580056347515e-06,True,
d12-s10,2142,0.85,curvature/e_lin_gradient,4.984818823752212e-07,True,
d12-s10,2142,0.85,curvature/curv_eps_gradient,0.004053600464421103,True,
d12-s10,2142,0.85,curvature/curv_snr_gradient,257.5485470831173,True,
d12-s10,2142,0.85,curvature/curv_floor_gradient,0.043070171278364634,True,
d12-s10,2142,0.85,curvature/c_fd_gradient,11.092660035363819,True,
d12-s10,2142,0.85,curvature/verdict_code_gradient,0.0,True,
d12-s10,2142,0.85,curvature/e_curv_gradient,0.0033939887626112933,True,
d12-s10,2142,0.85,curvature/vhv_update,1.0407229560288656e-07,True,
d12-s10,2142,0.85,curvature/e_fd_update,,False,noise_floor_inconclusive
d12-s10,2142,0.85,curvature/fd_cos_update,,False,noise_floor_inconclusive
d12-s10,2142,0.85,curvature/fd_eps_update,0.03,True,
d12-s10,2142,0.85,curvature/fd_snr_update,88.47700043041708,True,
d12-s10,2142,0.85,curvature/fd_floor_update,1.3491810376856626e-05,True,
d12-s10,2142,0.85,curvature/fd_conclusive_update,0.0,True,
d12-s10,2142,0.85,curvature/e_sym_update,4.408081321367983e-06,True,
d12-s10,2142,0.85,curvature/e_lin_update,8.099160931181421e-07,True,
d12-s10,2142,0.85,curvature/curv_eps_update,0.1,True,
d12-s10,2142,0.85,curvature/curv_snr_update,1.0106860130495312,True,
d12-s10,2142,0.85,curvature/curv_floor_update,7.076933172811549e-05,True,
d12-s10,2142,0.85,curvature/c_fd_update,-7.152557373046874e-05,True,
d12-s10,2142,0.85,curvature/verdict_code_update,1.0,True,
d12-s10,2142,0.85,curvature/e_curv_update,,False,noise_floor_inconclusive
d12-s10,2268,0.9,update/p1,0.004471173276449309,True,
d12-s10,2268,0.9,update/p2,0.005698540868631913,True,
d12-s10,2268,0.9,update/actual,0.005711793899536133,True,
d12-s10,2268,0.9,update/residual_p1,0.001240620623086824,True,
d12-s10,2268,0.9,update/residual_p2,1.3253030904219684e-05,True,
d12-s10,2268,0.9,update/normalized_residual,0.0023202922124511516,True,
d12-s10,2268,0.9,update/loss_before,1.4836540222167969,True,
d12-s10,2268,0.9,update/loss_after,1.489365816116333,True,
d12-s10,2268,0.9,update/direction_norm,163.54965348880168,True,
d12-s10,2268,0.9,curvature/dhd,0.0024547351843652093,True,
d12-s10,2268,0.9,curvature/gHg,132.9379057649063,True,
d12-s10,2268,0.9,curvature/gg,11.983747606986832,True,
d12-s10,2268,0.9,curvature/eta_star,0.09014545202915607,True,
d12-s10,2268,0.9,curvature/Hg_norm,72.18615956350064,True,
d12-s10,2268,0.9,curvature/eta_star_rho,0.5319839978443985,True,
d12-s10,2268,0.9,curvature/eta_star_rho_threshold,9.5367431640625e-07,True,
d12-s10,2268,0.9,curvature/shadow_verdict_code,1.0,True,
d12-s10,2268,0.9,curvature/arith_eps,1.1920928955078125e-07,True,
d12-s10,2268,0.9,curvature/vhv_random,9.15450930484298e-06,True,
d12-s10,2268,0.9,curvature/e_fd_random,,False,insufficient_conclusive_points
d12-s10,2268,0.9,curvature/fd_cos_random,,False,insufficient_conclusive_points
d12-s10,2268,0.9,curvature/fd_eps_random,0.03,True,
d12-s10,2268,0.9,curvature/fd_snr_random,794.3468843443342,True,
d12-s10,2268,0.9,curvature/fd_floor_random,1.3755780309738881e-05,True,
d12-s10,2268,0.9,curvature/fd_conclusive_random,0.0,True,
d12-s10,2268,0.9,curvature/e_sym_random,2.630804564498967e-07,True,
d12-s10,2268,0.9,curvature/e_lin_random,8.353991020475398e-07,True,
d12-s10,2268,0.9,curvature/curv_eps_random,0.01,True,
d12-s10,2268,0.9,curvature/curv_snr_random,0.674011531446811,True,
d12-s10,2268,0.9,curvature/curv_floor_random,0.007074614245539124,True,
d12-s10,2268,0.9,curvature/c_fd_random,0.00476837158203125,True,
d12-s10,2268,0.9,curvature/verdict_code_random,1.0,True,
d12-s10,2268,0.9,curvature/e_curv_random,,False,noise_floor_inconclusive
d12-s10,2268,0.9,curvature/vhv_gradient,11.093184666411965,True,
d12-s10,2268,0.9,curvature/e_fd_gradient,0.001291500167660385,True,
d12-s10,2268,0.9,curvature/fd_cos_gradient,0.9999991666112779,True,
d12-s10,2268,0.9,curvature/fd_eps_gradient,0.0003,True,
d12-s10,2268,0.9,curvature/fd_snr_gradient,15159.586444942215,True,
d12-s10,2268,0.9,curvature/fd_floor_gradient,0.0013755795115519371,True,
d12-s10,2268,0.9,curvature/fd_conclusive_gradient,1.0,True,
d12-s10,2268,0.9,curvature/e_sym_gradient,5.186832748358573e-06,True,
d12-s10,2268,0.9,curvature/e_lin_gradient,5.033751702332861e-07,True,
d12-s10,2268,0.9,curvature/curv_eps_gradient,0.004053600464421103,True,
d12-s10,2268,0.9,curvature/curv_snr_gradient,257.29603075804727,True,
d12-s10,2268,0.9,curvature/curv_floor_gradient,0.043056048358264584,True,
d12-s10,2268,0.9,curvature/c_fd_gradient,11.078150342708014,True,
d12-s10,2268,0.9,curvature/verdict_code_gradient,0.0,True,
d12-s10,2268,0.9,curvature/e_curv_gradient,0.0013552757081085826,True,
d12-s10,2268,0.9,curvature/vhv_update,9.177099452178022e-08,True,
d12-s10,2268,0.9,curvature/e_fd_update,,False,noise_floor_inconclusive
d12-s10,2268,0.9,curvature/fd_cos_update,,False,noise_floor_inconclusive
d12-s10,2268,0.9,curvature/fd_eps_update,0.03,True,
d12-s10,2268,0.9,curvature/fd_snr_update,91.26376848829939,True,
d12-s10,2268,0.9,curvature/fd_floor_update,1.3755778911716602e-05,True,
d12-s10,2268,0.9,curvature/fd_conclusive_update,0.0,True,
d12-s10,2268,0.9,curvature/e_sym_update,9.375645280171043e-07,True,
d12-s10,2268,0.9,curvature/e_lin_update,7.806818208989588e-07,True,
d12-s10,2268,0.9,curvature/curv_eps_update,0.003,True,
d12-s10,2268,0.9,curvature/curv_snr_update,0.3370058063402396,True,
d12-s10,2268,0.9,curvature/curv_floor_update,0.07860681547653156,True,
d12-s10,2268,0.9,curvature/c_fd_update,-0.026490953233506944,True,
d12-s10,2268,0.9,curvature/verdict_code_update,1.0,True,
d12-s10,2268,0.9,curvature/e_curv_update,,False,noise_floor_inconclusive
d12-s10,2394,0.95,update/p1,-0.0007173115049257994,True,
d12-s10,2394,0.95,update/p2,-0.00035554176336244277,True,
d12-s10,2394,0.95,update/actual,-0.0003565549850463867,True,
d12-s10,2394,0.95,update/residual_p1,0.0003607565198794127,True,
d12-s10,2394,0.95,update/residual_p2,-1.013221683943946e-06,True,
d12-s10,2394,0.95,update/normalized_residual,-0.0028416982693766826,True,
d12-s10,2394,0.95,update/loss_before,1.4609181880950928,True,
d12-s10,2394,0.95,update/loss_after,1.4605616331100464,True,
d12-s10,2394,0.95,update/direction_norm,100.40016357913215,True,
d12-s10,2394,0.95,curvature/dhd,0.0007235394831267133,True,
d12-s10,2394,0.95,curvature/gHg,169.9408872786547,True,
d12-s10,2394,0.95,curvature/gg,12.765756231161262,True,
d12-s10,2394,0.95,curvature/eta_star,0.07511880416529221,True,
d12-s10,2394,0.95,curvature/Hg_norm,88.18416390294469,True,
d12-s10,2394,0.95,curvature/eta_star_rho,0.5393665463253297,True,
d12-s10,2394,0.95,curvature/eta_star_rho_threshold,9.5367431640625e-07,True,
d12-s10,2394,0.95,curvature/shadow_verdict_code,1.0,True,
d12-s10,2394,0.95,curvature/arith_eps,1.1920928955078125e-07,True,
d12-s10,2394,0.95,curvature/vhv_random,9.997887211297104e-06,True,
d12-s10,2394,0.95,curvature/e_fd_random,0.008999591125756837,True,
d12-s10,2394,0.95,curvature/fd_cos_random,0.9999602844917516,True,
d12-s10,2394,0.95,curvature/fd_eps_random,0.03,True,
d12-s10,2394,0.95,curvature/fd_snr_random,829.2836803403495,True,
d12-s10,2394,0.95,curvature/fd_floor_random,1.4197507721514738e-05,True,
d12-s10,2394,0.95,curvature/fd_conclusive_random,1.0,True,
d12-s10,2394,0.95,curvature/e_sym_random,4.3933733170665976e-07,True,
d12-s10,2394,0.95,curvature/e_lin_random,8.835000050491163e-07,True,
d12-s10,2394,0.95,curvature/curv_eps_random,0.01,True,
d12-s10,2394,0.95,curvature/curv_snr_random,0.6845009710674055,True,
d12-s10,2394,0.95,curvature/curv_floor_random,0.006966201340219413,True,
d12-s10,2394,0.95,curvature/c_fd_random,0.00476837158203125,True,
d12-s10,2394,0.95,curvature/verdict_code_random,1.0,True,
d12-s10,2394,0.95,curvature/e_curv_random,,False,noise_floor_inconclusive
d12-s10,2394,0.95,curvature/vhv_gradient,13.312245764961762,True,
d12-s10,2394,0.95,curvature/e_fd_gradient,0.0005784463662018381,True,
d12-s10,2394,0.95,curvature/fd_cos_gradient,0.999999832812565,True,
d12-s10,2394,0.95,curvature/fd_eps_gradient,0.0003,True,
d12-s10,2394,0.95,curvature/fd_snr_gradient,17384.20144830206,True,
d12-s10,2394,0.95,curvature/fd_floor_gradient,0.001419752063133126,True,
d12-s10,2394,0.95,curvature/fd_conclusive_gradient,1.0,True,
d12-s10,2394,0.95,curvature/e_sym_gradient,8.751660889774825e-06,True,
d12-s10,2394,0.95,curvature/e_lin_gradient,5.29969518361601e-07,True,
d12-s10,2394,0.95,curvature/curv_eps_gradient,0.004053600464421103,True,
d12-s10,2394,0.95,curvature/curv_snr_gradient,314.1742043121925,True,
d12-s10,2394,0.95,curvature/curv_floor_gradient,0.0423965356646346,True,
d12-s10,2394,0.95,curvature/c_fd_gradient,13.319897858030068,True,
d12-s10,2394,0.95,curvature/verdict_code_gradient,0.0,True,
d12-s10,2394,0.95,curvature/e_curv_gradient,0.0005744858669236804,True,
d12-s10,2394,0.95,curvature/vhv_update,7.177833866947751e-08,True,
d12-s10,2394,0.95,curvature/e_fd_update,,False,noise_floor_inconclusive
d12-s10,2394,0.95,curvature/fd_cos_update,,False,noise_floor_inconclusive
d12-s10,2394,0.95,curvature/fd_eps_update,0.03,True,
d12-s10,2394,0.95,curvature/fd_snr_update,71.39588841228266,True,
d12-s10,2394,0.95,curvature/fd_floor_update,1.4197509981034095e-05,True,
d12-s10,2394,0.95,curvature/fd_conclusive_update,0.0,True,
d12-s10,2394,0.95,curvature/e_sym_update,2.3505757551782494e-06,True,
d12-s10,2394,0.95,curvature/e_lin_update,8.124666520390762e-07,True,
d12-s10,2394,0.95,curvature/curv_eps_update,0.03,True,
d12-s10,2394,0.95,curvature/curv_snr_update,0.6845009710674055,True,
d12-s10,2394,0.95,curvature/curv_floor_update,0.0007740223711354904,True,
d12-s10,2394,0.95,curvature/c_fd_update,0.0005298190646701389,True,
d12-s10,2394,0.95,curvature/verdict_code_update,1.0,True,
d12-s10,2394,0.95,curvature/e_curv_update,,False,noise_floor_inconclusive
d12-s10,2520,1.0,update/p1,0.0008848314894477955,True,
d12-s10,2520,1.0,update/p2,0.0009689021906148215,True,
d12-s10,2520,1.0,update/actual,0.0009691715240478516,True,
d12-s10,2520,1.0,update/residual_p1,8.434003460005602e-05,True,
d12-s10,2520,1.0,update/residual_p2,2.6933343303010837e-07,True,
d12-s10,2520,1.0,update/normalized_residual,0.00027790068769788825,True,
d12-s10,2520,1.0,update/loss_before,1.4272997379302979,True,
d12-s10,2520,1.0,update/loss_after,1.4282689094543457,True,
d12-s10,2520,1.0,update/direction_norm,34.778090094659625,True,
d12-s10,2520,1.0,curvature/dhd,0.00016814140233405178,True,
d12-s10,2520,1.0,curvature/gHg,150.48145234618516,True,
d12-s10,2520,1.0,curvature/gg,12.753079351992202,True,
d12-s10,2520,1.0,curvature/eta_star,0.08474851320981089,True,
d12-s10,2520,1.0,curvature/Hg_norm,82.35653435712719,True,
d12-s10,2520,1.0,curvature/eta_star_rho,0.5116551859166131,True,
d12-s10,2520,1.0,curvature/eta_star_rho_threshold,9.5367431640625e-07,True,
d12-s10,2520,1.0,curvature/shadow_verdict_code,1.0,True,
d12-s10,2520,1.0,curvature/arith_eps,1.1920928955078125e-07,True,
d12-s10,2520,1.0,curvature/vhv_random,1.0253890012438378e-05,True,
d12-s10,2520,1.0,curvature/e_fd_random,,False,insufficient_conclusive_points
d12-s10,2520,1.0,curvature/fd_cos_random,,False,insufficient_conclusive_points
d12-s10,2520,1.0,curvature/fd_eps_random,0.03,True,
d12-s10,2520,1.0,curvature/fd_snr_random,844.9112341510348,True,
d12-s10,2520,1.0,curvature/fd_floor_random,1.4190457055665308e-05,True,
d12-s10,2520,1.0,curvature/fd_conclusive_random,0.0,True,
d12-s10,2520,1.0,curvature/e_sym_random,6.055512680508228e-06,True,
d12-s10,2520,1.0,curvature/e_lin_random,8.771226042799079e-07,True,
d12-s10,2520,1.0,curvature/curv_eps_random,0.1,True,
d12-s10,2520,1.0,curvature/curv_snr_random,0.3503118271743181,True,
d12-s10,2520,1.0,curvature/curv_floor_random,6.805895793604576e-05,True,
d12-s10,2520,1.0,curvature/c_fd_random,2.3841857910156247e-05,True,
d12-s10,2520,1.0,curvature/verdict_code_random,1.0,True,
d12-s10,2520,1.0,curvature/e_curv_random,,False,noise_floor_inconclusive
d12-s10,2520,1.0,curvature/vhv_gradient,11.7996180659345,True,
d12-s10,2520,1.0,curvature/e_fd_gradient,0.0007668831550794907,True,
d12-s10,2520,1.0,curvature/fd_cos_gradient,0.9999997099881399,True,
d12-s10,2520,1.0,curvature/fd_eps_gradient,0.0003,True,
d12-s10,2520,1.0,curvature/fd_snr_gradient,16252.981599852355,True,
d12-s10,2520,1.0,curvature/fd_floor_gradient,0.001419046733536429,True,
d12-s10,2520,1.0,curvature/fd_conclusive_gradient,1.0,True,
d12-s10,2520,1.0,curvature/e_sym_gradient,2.8869188964533048e-05,True,
d12-s10,2520,1.0,curvature/e_lin_gradient,5.388987747235129e-07,True,
d12-s10,2520,1.0,curvature/curv_eps_gradient,0.004053600464421103,True,
d12-s10,2520,1.0,curvature/curv_snr_gradient,285.66957833407594,True,
d12-s10,2520,1.0,curvature/curv_floor_gradient,0.04142077161248249,True,
d12-s10,2520,1.0,curvature/c_fd_gradient,11.832654360809935,True,
d12-s10,2520,1.0,curvature/verdict_code_gradient,0.0,True,
d12-s10,2520,1.0,curvature/e_curv_gradient,0.002791959763893073,True,
d12-s10,2520,1.0,curvature/vhv_update,1.390155010415824e-07,True,
d12-s10,2520,1.0,curvature/e_fd_update,,False,noise_floor_inconclusive
d12-s10,2520,1.0,curvature/fd_cos_update,,False,noise_floor_inconclusive
d12-s10,2520,1.0,curvature/fd_eps_update,0.03,True,
d12-s10,2520,1.0,curvature/fd_snr_update,97.00232452177646,True,
d12-s10,2520,1.0,curvature/fd_floor_update,1.4190458051968149e-05,True,
d12-s10,2520,1.0,curvature/fd_conclusive_update,0.0,True,
d12-s10,2520,1.0,curvature/e_sym_update,9.733878420277522e-07,True,
d12-s10,2520,1.0,curvature/e_lin_update,8.822604541121152e-07,True,
d12-s10,2520,1.0,curvature/curv_eps_update,0.1,True,
d12-s10,2520,1.0,curvature/curv_snr_update,0.17515592455903758,True,
d12-s10,2520,1.0,curvature/curv_floor_update,6.805895367278934e-05,True,
d12-s10,2520,1.0,curvature/c_fd_update,-1.1920928955078123e-05,True,
d12-s10,2520,1.0,curvature/verdict_code_update,1.0,True,
d12-s10,2520,1.0,curvature/e_curv_update,,False,noise_floor_inconclusive
d12-s11,9,0.0035714285714285713,update/p1,-0.8470682852128861,True,
d12-s11,9,0.0035714285714285713,update/p2,-0.29589345152274027,True,
d12-s11,9,0.0035714285714285713,update/actual,-0.04182147979736328,True,
d12-s11,9,0.0035714285714285713,update/residual_p1,0.8052468054155228,True,
d12-s11,9,0.0035714285714285713,update/residual_p2,0.254071971725377,True,
d12-s11,9,0.0035714285714285713,update/normalized_residual,0.8586603401253401,True,
d12-s11,9,0.0035714285714285713,update/loss_before,7.650261878967285,True,
d12-s11,9,0.0035714285714285713,update/loss_after,7.608440399169922,True,
d12-s11,9,0.0035714285714285713,update/direction_norm,289.4609985897447,True,
d12-s11,9,0.0035714285714285713,curvature/dhd,1.1023496673802917,True,
d12-s11,9,0.0035714285714285713,curvature/gHg,14.90200592169497,True,
d12-s11,9,0.0035714285714285713,curvature/gg,15.613735191558884,True,
d12-s11,9,0.0035714285714285713,curvature/eta_star,1.0477606352865387,True,
d12-s11,9,0.0035714285714285713,curvature/Hg_norm,30.001886615053355,True,
d12-s11,9,0.0035714285714285713,curvature/eta_star_rho,0.12570216609397783,True,
d12-s11,9,0.0035714285714285713,curvature/eta_star_rho_threshold,9.5367431640625e-07,True,
d12-s11,9,0.0035714285714285713,curvature/shadow_verdict_code,1.0,True,
d12-s11,9,0.0035714285714285713,curvature/arith_eps,1.1920928955078125e-07,True,
d12-s11,9,0.0035714285714285713,curvature/vhv_random,3.233514492259194e-05,True,
d12-s11,9,0.0035714285714285713,curvature/e_fd_random,0.0010255084587597262,True,
d12-s11,9,0.0035714285714285713,curvature/fd_cos_random,0.9999994753924344,True,
d12-s11,9,0.0035714285714285713,curvature/fd_eps_random,0.03,True,
d12-s11,9,0.0035714285714285713,curvature/fd_snr_random,1744.983870352992,True,
d12-s11,9,0.0035714285714285713,curvature/fd_floor_random,1.5701540125163133e-05,True,
d12-s11,9,0.0035714285714285713,curvature/fd_conclusive_random,1.0,True,
d12-s11,9,0.0035714285714285713,curvature/e_sym_random,1.6412434475677648e-07,True,
d12-s11,9,0.0035714285714285713,curvature/e_lin_random,5.057958051693053e-07,True,
d12-s11,9,0.0035714285714285713,curvature/curv_eps_random,0.01,True,
d12-s11,9,0.0035714285714285713,curvature/curv_snr_random,0.2614289509708212,True,
d12-s11,9,0.0035714285714285713,curvature/curv_floor_random,0.036479292475632974,True,
d12-s11,9,0.0035714285714285713,curvature/c_fd_random,0.0095367431640625,True,
d12-s11,9,0.0035714285714285713,curvature/verdict_code_random,1.0,True,
d12-s11,9,0.0035714285714285713,curvature/e_curv_random,,False,noise_floor_inconclusive
d12-s11,9,0.0035714285714285713,curvature/vhv_gradient,0.9544164770273863,True,
d12-s11,9,0.0035714285714285713,curvature/e_fd_gradient,9.553940266798371e-05,True,
d12-s11,9,0.0035714285714285713,curvature/fd_cos_gradient,0.9999999972382365,True,
d12-s11,9,0.0035714285714285713,curvature/fd_eps_gradient,0.003,True,
d12-s11,9,0.0035714285714285713,curvature/fd_snr_gradient,48357.433300281584,True,
d12-s11,9,0.0035714285714285713,curvature/fd_floor_gradient,0.00015701165948207448,True,
d12-s11,9,0.0035714285714285713,curvature/fd_conclusive_gradient,1.0,True,
d12-s11,9,0.0035714285714285713,curvature/e_sym_gradient,4.679554344898635e-06,True,
d12-s11,9,0.0035714285714285713,curvature/e_lin_gradient,3.357193427331589e-06,True,
d12-s11,9,0.0035714285714285713,curvature/curv_eps_gradient,0.034872340605791446,True,
d12-s11,9,0.0035714285714285713,curvature/curv_snr_gradient,322.5909295710355,True,
d12-s11,9,0.0035714285714285713,curvature/curv_floor_gradient,0.0029998593887530477,True,
d12-s11,9,0.0035714285714285713,curvature/c_fd_gradient,0.9677274288002439,True,
d12-s11,9,0.0035714285714285713,curvature/verdict_code_gradient,0.0,True,
d12-s11,9,0.0035714285714285713,curvature/e_curv_gradient,0.013754856353880601,True,
d12-s11,9,0.0035714285714285713,curvature/vhv_update,1.3156466214819236e-05,True,
d12-s11,9,0.0035714285714285713,curvature/e_fd_update,0.004458350230578712,True,
d12-s11,9,0.0035714285714285713,curvature/fd_cos_update,0.9999989412331883,True,
d12-s11,9,0.0035714285714285713,curvature/fd_eps_update,0.03,True,
d12-s11,9,0.0035714285714285713,curvature/fd_snr_update,1410.077924774563,True,
d12-s11,9,0.0035714285714285713,curvature/fd_floor_update,1.5701539977730313e-05,True,
d12-s11,9,0.0035714285714285713,curvature/fd_conclusive_update,1.0,True,
d12-s11,9,0.0035714285714285713,curvature/e_sym_update,1.9924106605737606e-07,True,
d12-s11,9,0.0035714285714285713,curvature/e_lin_update,3.595789376250337e-07,True,
d12-s11,9,0.0035714285714285713,curvature/curv_eps_update,0.003,True,
d12-s11,9,0.0035714285714285713,curvature/curv_snr_update,0.13071447752225324,True,
d12-s11,9,0.0035714285714285713,curvature/curv_floor_update,0.40532546563554206,True,
d12-s11,9,0.0035714285714285713,curvature/c_fd_update,0.05298190646701389,True,
d12-s11,9,0.0035714285714285713,curvature/verdict_code_update,1.0,True,
d12-s11,9,0.0035714285714285713,curvature/e_curv_update,,False,noise_floor_inconclusive
d12-s11,17,0.006746031746031746,update/p1,-0.11016971373475154,True,
d12-s11,17,0.006746031746031746,update/p2,-0.06321607583728196,True,
d12-s11,17,0.006746031746031746,update/actual,-0.06240224838256836,True,
d12-s11,17,0.006746031746031746,update/residual_p1,0.04776746535218318,True,
d12-s11,17,0.006746031746031746,update/residual_p2,0.0008138274547136032,True,
d12-s11,17,0.006746031746031746,update/normalized_residual,0.01287374206536314,True,
d12-s11,17,0.006746031746031746,update/loss_before,5.387511253356934,True,
d12-s11,17,0.006746031746031746,update/loss_after,5.325109004974365,True,
d12-s11,17,0.006746031746031746,update/direction_norm,382.3092697941206,True,
d12-s11,17,0.006746031746031746,curvature/dhd,0.09390727579493915,True,
d12-s11,17,0.006746031746031746,curvature/gHg,10.044935016600348,True,
d12-s11,17,0.006746031746031746,curvature/gg,3.973309139783311,True,
d12-s11,17,0.006746031746031746,curvature/eta_star,0.3955534936977676,True,
d12-s11,17,0.006746031746031746,curvature/Hg_norm,8.748295911764824,True,
d12-s11,17,0.006746031746031746,curvature/eta_star_rho,0.5760331652245787,True,
d12-s11,17,0.006746031746031746,curvature/eta_star_rho_threshold,9.5367431640625e-07,True,
d12-s11,17,0.006746031746031746,curvature/shadow_verdict_code,1.0,True,
d12-s11,17,0.006746031746031746,curvature/arith_eps,1.1920928955078125e-07,True,
d12-s11,17,0.006746031746031746,curvature/vhv_random,2.184926538648366e-06,True,
d12-s11,17,0.006746031746031746,curvature/e_fd_random,,False,noise_floor_inconclusive
d12-s11,17,0.006746031746031746,curvature/fd_cos_random,,False,noise_floor_inconclusive
d12-s11,17,0.006746031746031746,curvature/fd_eps_random,0.03,True,
d12-s11,17,0.006746031746031746,curvature/fd_snr_random,373.0753525667308,True,
d12-s11,17,0.006746031746031746,curvature/fd_floor_random,7.92072660076443e-06,True,
d12-s11,17,0.006746031746031746,curvature/fd_conclusive_random,0.0,True,
d12-s11,17,0.006746031746031746,curvature/e_sym_random,2.291169997089455e-08,True,
d12-s11,17,0.006746031746031746,curvature/e_lin_random,6.886973276400528e-07,True,
d12-s11,17,0.006746031746031746,curvature/curv_eps_random,0.1,True,
d12-s11,17,0.006746031746031746,curvature/curv_snr_random,0.3712289393848942,True,
d12-s11,17,0.006746031746031746,curvature/curv_floor_random,0.0002568965442151238,True,
d12-s11,17,0.006746031746031746,curvature/c_fd_random,-9.536743164062499e-05,True,
d12-s11,17,0.006746031746031746,curvature/verdict_code_random,1.0,True,
d12-s11,17,0.006746031746031746,curvature/e_curv_random,,False,noise_floor_inconclusive
d12-s11,17,0.006746031746031746,curvature/vhv_gradient,2.52810293983641,True,
d12-s11,17,0.006746031746031746,curvature/e_fd_gradient,3.999466763726359e-05,True,
d12-s11,17,0.006746031746031746,curvature/fd_cos_gradient,0.9999999992298303,True,
d12-s11,17,0.006746031746031746,curvature/fd_eps_gradient,0.003,True,
d12-s11,17,0.006746031746031746,curvature/fd_snr_gradient,55409.40066615072,True,
d12-s11,17,0.006746031746031746,curvature/fd_floor_gradient,7.920765651267836e-05,True,
d12-s11,17,0.006746031746031746,curvature/fd_conclusive_gradient,1.0,True,
d12-s11,17,0.006746031746031746,curvature/e_sym_gradient,1.3091413967432912e-06,True,
d12-s11,17,0.006746031746031746,curvature/e_lin_gradient,5.42943882478086e-07,True,
d12-s11,17,0.006746031746031746,curvature/curv_eps_gradient,0.017320508075688773,True,
d12-s11,17,0.006746031746031746,curvature/curv_snr_gradient,294.9310095877428,True,
d12-s11,17,0.006746031746031746,curvature/curv_floor_gradient,0.008563519600102154,True,
d12-s11,17,0.006746031746031746,curvature/c_fd_gradient,2.525647481282552,True,
d12-s11,17,0.006746031746031746,curvature/verdict_code_gradient,0.0,True,
d12-s11,17,0.006746031746031746,curvature/e_curv_gradient,0.0009712652579001404,True,
d12-s11,17,0.006746031746031746,curvature/vhv_update,6.424948034142947e-07,True,
d12-s11,17,0.006746031746031746,curvature/e_fd_update,,False,noise_floor_inconclusive
d12-s11,17,0.006746031746031746,curvature/fd_cos_update,,False,noise_floor_inconclusive
d12-s11,17,0.006746031746031746,curvature/fd_eps_update,0.03,True,
d12-s11,17,0.006746031746031746,curvature/fd_snr_update,106.86642673612589,True,
d12-s11,17,0.006746031746031746,curvature/fd_floor_update,7.920726496765965e-06,True,
d12-s11,17,0.006746031746031746,curvature/fd_conclusive_update,0.0,True,
d12-s11,17,0.006746031746031746,curvature/e_sym_update,8.797500533104891e-07,True,
d12-s11,17,0.006746031746031746,curvature/e_lin_update,6.24912317411188e-07,True,
d12-s11,17,0.006746031746031746,curvature/curv_eps_update,0.1,True,
d12-s11,17,0.006746031746031746,curvature/curv_snr_update,0.18561446558536154,True,
d12-s11,17,0.006746031746031746,curvature/curv_floor_update,0.0002568965498994657,True,
d12-s11,17,0.006746031746031746,curvature/c_fd_update,-4.768371582031249e-05,True,
d12-s11,17,0.006746031746031746,curvature/verdict_code_update,1.0,True,
d12-s11,17,0.006746031746031746,curvature/e_curv_update,,False,noise_floor_inconclusive
d12-s11,33,0.013095238095238096,update/p1,-0.09716717447415052,True,
d12-s11,33,0.013095238095238096,update/p2,-0.006543689635859579,True,
d12-s11,33,0.013095238095238096,update/actual,-0.01748943328857422,True,
d12-s11,33,0.013095238095238096,update/residual_p1,0.0796777411855763,True,
d12-s11,33,0.013095238095238096,update/residual_p2,-0.01094574365271464,True,
d12-s11,33,0.013095238095238096,update/normalized_residual,-0.6258489610332574,True,
d12-s11,33,0.013095238095238096,update/loss_before,4.877135276794434,True,
d12-s11,33,0.013095238095238096,update/loss_after,4.859645843505859,True,
d12-s11,33,0.013095238095238096,update/direction_norm,577.4176817203263,True,
d12-s11,33,0.013095238095238096,curvature/dhd,0.18124696967658188,True,
d12-s11,33,0.013095238095238096,curvature/gHg,3.8468058143420016,True,
d12-s11,33,0.013095238095238096,curvature/gg,3.119648526846275,True,
d12-s11,33,0.013095238095238096,curvature/eta_star,0.8109711478586533,True,
d12-s11,33,0.013095238095238096,curvature/Hg_norm,3.999193770116463,True,
d12-s11,33,0.013095238095238096,curvature/eta_star_rho,0.5445966718653577,True,
d12-s11,33,0.013095238095238096,curvature/eta_star_rho_threshold,9.5367431640625e-07,True,
d12-s11,33,0.013095238095238096,curvature/shadow_verdict_code,1.0,True,
d12-s11,33,0.013095238095238096,curvature/arith_eps,1.1920928955078125e-07,True,
d12-s11,33,0.013095238095238096,curvature/vhv_random,7.941952458602515e-07,True,
d12-s11,33,0.013095238095238096,curvature/e_fd_random,,False,noise_floor_inconclusive
d12-s11,33,0.013095238095238096,curvature/fd_cos_random,,False,noise_floor_inconclusive
d12-s11,33,0.013095238095238096,curvature/fd_eps_random,0.03,True,
d12-s11,33,0.013095238095238096,curvature/fd_snr_random,190.53792711349618,True,
d12-s11,33,0.013095238095238096,curvature/fd_floor_random,7.0184582952009965e-06,True,
d12-s11,33,0.013095238095238096,curvature/fd_conclusive_random,0.0,True,
d12-s11,33,0.013095238095238096,curvature/e_sym_random,1.7955558924225992e-06,True,
d12-s11,33,0.013095238095238096,curvature/e_lin_random,6.465316019562751e-07,True,
d12-s11,33,0.013095238095238096,curvature/curv_eps_random,0.01,True,
d12-s11,33,0.013095238095238096,curvature/curv_snr_random,0.41007677431998696,True,
d12-s11,33,0.013095238095238096,curvature/curv_floor_random,0.02325599439245707,True,
d12-s11,33,0.013095238095238096,curvature/c_fd_random,0.0095367431640625,True,
d12-s11,33,0.013095238095238096,curvature/verdict_code_random,1.0,True,
d12-s11,33,0.013095238095238096,curvature/e_curv_random,,False,noise_floor_inconclusive
d12-s11,33,0.013095238095238096,curvature/vhv_gradient,1.2330894751049366,True,
d12-s11,33,0.013095238095238096,curvature/e_fd_gradient,4.983914717176263e-05,True,
d12-s11,33,0.013095238095238096,curvature/fd_cos_gradient,0.9999999994220368,True,
d12-s11,33,0.013095238095238096,curvature/fd_eps_gradient,0.01,True,
d12-s11,33,0.013095238095238096,curvature/fd_snr_gradient,107533.283532683,True,
d12-s11,33,0.013095238095238096,curvature/fd_floor_gradient,2.105604161670853e-05,True,
d12-s11,33,0.013095238095238096,curvature/fd_conclusive_gradient,1.0,True,
d12-s11,33,0.013095238095238096,curvature/e_sym_gradient,1.1981730175771618e-06,True,
d12-s11,33,0.013095238095238096,curvature/e_lin_gradient,3.9651089308329807e-07,True,
d12-s11,33,0.013095238095238096,curvature/curv_eps_gradient,0.022795070569547774,True,
d12-s11,33,0.013095238095238096,curvature/curv_snr_gradient,275.5625533928472,True,
d12-s11,33,0.013095238095238096,curvature/curv_floor_gradient,0.0044757650159584685,True,
d12-s11,33,0.013095238095238096,curvature/c_fd_gradient,1.233353236183893,True,
d12-s11,33,0.013095238095238096,curvature/verdict_code_gradient,0.0,True,
d12-s11,33,0.013095238095238096,curvature/e_curv_gradient,0.0002138568831850044,True,
d12-s11,33,0.013095238095238096,curvature/vhv_update,5.436140202643658e-07,True,
d12-s11,33,0.013095238095238096,curvature/e_fd_update,,False,noise_floor_inconclusive
d12-s11,33,0.013095238095238096,curvature/fd_cos_update,,False,noise_floor_inconclusive
d12-s11,33,0.013095238095238096,curvature/fd_eps_update,0.03,True,
d12-s11,33,0.013095238095238096,curvature/fd_snr_update,96.2602730773368,True,
d12-s11,33,0.013095238095238096,curvature/fd_floor_update,7.0184578046859566e-06,True,
d12-s11,33,0.013095238095238096,curvature/fd_conclusive_update,0.0,True,
d12-s11,33,0.013095238095238096,curvature/e_sym_update,8.956397820748543e-07,True,
d12-s11,33,0.013095238095238096,curvature/e_lin_update,5.493675147608694e-07,True,
d12-s11,33,0.013095238095238096,curvature/curv_eps_update,0.003,True,
d12-s11,33,0.013095238095238096,curvature/curv_snr_update,0.410076774319987,True,
d12-s11,33,0.013095238095238096,curvature/curv_floor_update,0.2583999376939674,True,
d12-s11,33,0.013095238095238096,curvature/c_fd_update,0.10596381293402778,True,
d12-s11,33,0.013095238095238096,curvature/verdict_code_update,1.0,True,
d12-s11,33,0.013095238095238096,curvature/e_curv_update,,False,noise_floor_inconclusive
d12-s11,41,0.01626984126984127,update/p1,-0.15367858336606172,True,
d12-s11,41,0.01626984126984127,update/p2,-0.052515779548916425,True,
d12-s11,41,0.01626984126984127,update/actual,-0.06399154663085938,True,
d12-s11,41,0.01626984126984127,update/residual_p1,0.08968703673520234,True,
d12-s11,41,0.01626984126984127,update/residual_p2,-0.01147576708194295,True,
d12-s11,41,0.01626984126984127,update/normalized_residual,-0.17933254759635486,True,
d12-s11,41,0.01626984126984127,update/loss_before,4.64358377456665,True,
d12-s11,41,0.01626984126984127,update/loss_after,4.579592227935791,True,
d12-s11,41,0.01626984126984127,update/direction_norm,713.3661566968162,True,
d12-s11,41,0.01626984126984127,curvature/dhd,0.20232560763429058,True,
d12-s11,41,0.01626984126984127,curvature/gHg,3.7254789362699317,True,
d12-s11,41,0.01626984126984127,curvature/gg,3.0044161787382597,True,
d12-s11,41,0.01626984126984127,curvature/eta_star,0.806450990633268,True,
d12-s11,41,0.01626984126984127,curvature/Hg_norm,3.7174982369754166,True,
d12-s11,41,0.01626984126984127,curvature/eta_star_rho,0.5781643310430625,True,
d12-s11,41,0.01626984126984127,curvature/eta_star_rho_threshold,9.5367431640625e-07,True,
d12-s11,41,0.01626984126984127,curvature/shadow_verdict_code,1.0,True,
d12-s11,41,0.01626984126984127,curvature/arith_eps,1.1920928955078125e-07,True,
d12-s11,41,0.01626984126984127,curvature/vhv_random,5.112565198563703e-07,True,
d12-s11,41,0.01626984126984127,curvature/e_fd_random,,False,noise_floor_inconclusive
d12-s11,41,0.01626984126984127,curvature/fd_cos_random,,False,noise_floor_inconclusive
d12-s11,41,0.01626984126984127,curvature/fd_eps_random,0.03,True,
d12-s11,41,0.01626984126984127,curvature/fd_snr_random,205.97491323000654,True,
d12-s11,41,0.01626984126984127,curvature/fd_floor_random,6.887615346569702e-06,True,
d12-s11,41,0.01626984126984127,curvature/fd_conclusive_random,0.0,True,
d12-s11,41,0.01626984126984127,curvature/e_sym_random,2.2429111013979764e-06,True,
d12-s11,41,0.01626984126984127,curvature/e_lin_random,6.406791868275327e-07,True,
d12-s11,41,0.01626984126984127,curvature/curv_eps_random,0.03,True,
d12-s11,41,0.01626984126984127,curvature/curv_snr_random,0.2153509173558847,True,
d12-s11,41,0.01626984126984127,curvature/curv_floor_random,0.0024602591489989814,True,
d12-s11,41,0.01626984126984127,curvature/c_fd_random,-0.0005298190646701389,True,
d12-s11,41,0.01626984126984127,curvature/verdict_code_random,1.0,True,
d12-s11,41,0.01626984126984127,curvature/e_curv_random,,False,noise_floor_inconclusive
d12-s11,41,0.01626984126984127,curvature/vhv_gradient,1.2400010016645415,True,
d12-s11,41,0.01626984126984127,curvature/e_fd_gradient,5.4003381632085706e-05,True,
d12-s11,41,0.01626984126984127,curvature/fd_cos_gradient,0.9999999994412736,True,
d12-s11,41,0.01626984126984127,curvature/fd_eps_gradient,0.01,True,
d12-s11,41,0.01626984126984127,curvature/fd_snr_gradient,103793.19391231492,True,
d12-s11,41,0.01626984126984127,curvature/fd_floor_gradient,2.066340288435906e-05,True,
d12-s11,41,0.01626984126984127,curvature/fd_conclusive_gradient,1.0,True,
d12-s11,41,0.01626984126984127,curvature/e_sym_gradient,9.149294943374019e-08,True,
d12-s11,41,0.01626984126984127,curvature/e_lin_gradient,3.7548911209534276e-07,True,
d12-s11,41,0.01626984126984127,curvature/curv_eps_gradient,0.022795070569547774,True,
d12-s11,41,0.01626984126984127,curvature/curv_snr_gradient,290.71365571275703,True,
d12-s11,41,0.01626984126984127,curvature/curv_floor_gradient,0.00426144163878193,True,
d12-s11,41,0.01626984126984127,curvature/c_fd_gradient,1.238859277416857,True,
d12-s11,41,0.01626984126984127,curvature/verdict_code_gradient,0.0,True,
d12-s11,41,0.01626984126984127,curvature/e_curv_gradient,0.0009207446172639639,True,
d12-s11,41,0.01626984126984127,curvature/vhv_update,3.9758119441925413e-07,True,
d12-s11,41,0.01626984126984127,curvature/e_fd_update,,False,noise_floor_inconclusive
d12-s11,41,0.01626984126984127,curvature/fd_cos_update,,False,noise_floor_inconclusive
d12-s11,41,0.01626984126984127,curvature/fd_eps_update,0.03,True,
d12-s11,41,0.01626984126984127,curvature/fd_snr_update,87.95578801452709,True,
d12-s11,41,0.01626984126984127,curvature/fd_floor_update,6.887615613298719e-06,True,
d12-s11,41,0.01626984126984127,curvature/fd_conclusive_update,0.0,True,
d12-s11,41,0.01626984126984127,curvature/e_sym_update,2.8690010838275373e-07,True,
d12-s11,41,0.01626984126984127,curvature/e_lin_update,5.712079374654998e-07,True,
d12-s11,41,0.01626984126984127,curvature/curv_eps_update,0.01,True,
d12-s11,41,0.01626984126984127,curvature/curv_snr_update,0.2153509173558847,True,
d12-s11,41,0.01626984126984127,curvature/curv_floor_update,0.022142332340990833,True,
d12-s11,41,0.01626984126984127,curvature/c_fd_update,-0.00476837158203125,True,
d12-s11,41,0.01626984126984127,curvature/verdict_code_update,1.0,True,
d12-s11,41,0.01626984126984127,curvature/e_curv_update,,False,noise_floor_inconclusive
d12-s11,65,0.025793650793650792,update/p1,-0.16248728927870199,True,
d12-s11,65,0.025793650793650792,update/p2,-0.08593118899852167,True,
d12-s11,65,0.025793650793650792,update/actual,-0.08676505088806152,True,
d12-s11,65,0.025793650793650792,update/residual_p1,0.07572223839064046,True,
d12-s11,65,0.025793650793650792,update/residual_p2,-0.0008338618895398497,True,
d12-s11,65,0.025793650793650792,update/normalized_residual,-0.00961057339337751,True,
d12-s11,65,0.025793650793650792,update/loss_before,4.009607315063477,True,
d12-s11,65,0.025793650793650792,update/loss_after,3.922842264175415,True,
d12-s11,65,0.025793650793650792,update/direction_norm,815.7472331276839,True,
d12-s11,65,0.025793650793650792,curvature/dhd,0.15311220056036062,True,
d12-s11,65,0.025793650793650792,curvature/gHg,4.4894202000387775,True,
d12-s11,65,0.025793650793650792,curvature/gg,2.565709703416961,True,
d12-s11,65,0.025793650793650792,curvature/eta_star,0.5715013496386013,True,
d12-s11,65,0.025793650793650792,curvature/Hg_norm,4.489438858369788,True,
d12-s11,65,0.025793650793650792,curvature/eta_star_rho,0.6243015838100326,True,
d12-s11,65,0.025793650793650792,curvature/eta_star_rho_threshold,9.5367431640625e-07,True,
d12-s11,65,0.025793650793650792,curvature/shadow_verdict_code,1.0,True,
d12-s11,65,0.025793650793650792,curvature/arith_eps,1.1920928955078125e-07,True,
d12-s11,65,0.025793650793650792,curvature/vhv_random,4.5010889708671475e-07,True,
d12-s11,65,0.025793650793650792,curvature/e_fd_random,,False,noise_floor_inconclusive
d12-s11,65,0.025793650793650792,curvature/fd_cos_random,,False,noise_floor_inconclusive
d12-s11,65,0.025793650793650792,curvature/fd_eps_random,0.03,True,
d12-s11,65,0.025793650793650792,curvature/fd_snr_random,323.29536088984025,True,
d12-s11,65,0.025793650793650792,curvature/fd_floor_random,6.364914923909485e-06,True,
d12-s11,65,0.025793650793650792,curvature/fd_conclusive_random,0.0,True,
d12-s11,65,0.025793650793650792,curvature/e_sym_random,1.736982989107149e-07,True,
d12-s11,65,0.025793650793650792,curvature/e_lin_random,6.837031558688429e-07,True,
d12-s11,65,0.025793650793650792,curvature/curv_eps_random,0.003,True,
d12-s11,65,0.025793650793650792,curvature/curv_snr_random,0.24940097413336246,True,
d12-s11,65,0.025793650793650792,curvature/curv_floor_random,0.21243664605208323,True,
d12-s11,65,0.025793650793650792,curvature/c_fd_random,0.05298190646701389,True,
d12-s11,65,0.025793650793650792,curvature/verdict_code_random,1.0,True,
d12-s11,65,0.025793650793650792,curvature/e_curv_random,,False,noise_floor_inconclusive
d12-s11,65,0.025793650793650792,curvature/vhv_gradient,1.7497771314654158,True,
d12-s11,65,0.025793650793650792,curvature/e_fd_gradient,7.689140931537876e-05,True,
d12-s11,65,0.025793650793650792,curvature/fd_cos_gradient,0.9999999970510236,True,
d12-s11,65,0.025793650793650792,curvature/fd_eps_gradient,0.003,True,
d12-s11,65,0.025793650793650792,curvature/fd_snr_gradient,44034.49996813517,True,
d12-s11,65,0.025793650793650792,curvature/fd_floor_gradient,6.364953434735858e-05,True,
d12-s11,65,0.025793650793650792,curvature/fd_conclusive_gradient,1.0,True,
d12-s11,65,0.025793650793650792,curvature/e_sym_gradient,1.7501681578306573e-06,True,
d12-s11,65,0.025793650793650792,curvature/e_lin_gradient,3.833591174534323e-07,True,
d12-s11,65,0.025793650793650792,curvature/curv_eps_gradient,0.017320508075688773,True,
d12-s11,65,0.025793650793650792,curvature/curv_snr_gradient,274.5814926065354,True,
d12-s11,65,0.025793650793650792,curvature/curv_floor_gradient,0.006373307807431653,True,
d12-s11,65,0.025793650793650792,curvature/c_fd_gradient,1.7499923706054685,True,
d12-s11,65,0.025793650793650792,curvature/verdict_code_gradient,0.0,True,
d12-s11,65,0.025793650793650792,curvature/e_curv_gradient,0.00012299433052857036,True,
d12-s11,65,0.025793650793650792,curvature/vhv_update,2.300904239611851e-07,True,
d12-s11,65,0.025793650793650792,curvature/e_fd_update,,False,noise_floor_inconclusive
d12-s11,65,0.025793650793650792,curvature/fd_cos_update,,False,noise_floor_inconclusive
d12-s11,65,0.025793650793650792,curvature/fd_eps_update,0.03,True,
d12-s11,65,0.025793650793650792,curvature/fd_snr_update,101.26267392883142,True,
d12-s11,65,0.025793650793650792,curvature/fd_floor_update,6.3649151430341086e-06,True,
d12-s11,65,0.025793650793650792,curvature/fd_conclusive_update,0.0,True,
d12-s11,65,0.025793650793650792,curvature/e_sym_update,4.0257884857462106e-07,True,
d12-s11,65,0.025793650793650792,curvature/e_lin_update,5.971980343034123e-07,True,
d12-s11,65,0.025793650793650792,curvature/curv_eps_update,0.03,True,
d12-s11,65,0.025793650793650792,curvature/curv_snr_update,0.24940097413336246,True,
d12-s11,65,0.025793650793650792,curvature/curv_floor_update,0.0021243664605208323,True,
d12-s11,65,0.025793650793650792,curvature/c_fd_update,0.0005298190646701389,True,
d12-s11,65,0.025793650793650792,curvature/verdict_code_update,1.0,True,
d12-s11,65,0.025793650793650792,curvature/e_curv_update,,False,noise_floor_inconclusive
d12-s11,127,0.0503968253968254,update/p1,-0.010848012426608888,True,
d12-s11,127,0.0503968253968254,update/p2,0.0862057980951468,True,
d12-s11,127,0.0503968253968254,update/actual,0.08224225044250488,True,
d12-s11,127,0.0503968253968254,update/residual_p1,0.09309026286911377,True,
d12-s11,127,0.0503968253968254,update/residual_p2,-0.0039635476526419106,True,
d12-s11,127,0.0503968253968254,update/normalized_residual,-0.04597773862341923,True,
d12-s11,127,0.0503968253968254,update/loss_before,3.018455982208252,True,
d12-s11,127,0.0503968253968254,update/loss_after,3.100698232650757,True,
d12-s11,127,0.0503968253968254,update/direction_norm,1119.746222764073,True,
d12-s11,127,0.0503968253968254,curvature/dhd,0.19410762104351137,True,
d12-s11,127,0.0503968253968254,curvature/gHg,1.3439850162144655,True,
d12-s11,127,0.0503968253968254,curvature/gg,1.929405198333307,True,
d12-s11,127,0.0503968253968254,curvature/eta_star,1.4355853488365256,True,
d12-s11,127,0.0503968253968254,curvature/Hg_norm,2.227808062976731,True,
d12-s11,127,0.0503968253968254,curvature/eta_star_rho,0.43431510440885374,True,
d12-s11,127,0.0503968253968254,curvature/eta_star_rho_threshold,9.5367431640625e-07,True,
d12-s11,127,0.0503968253968254,curvature/shadow_verdict_code,1.0,True,
d12-s11,127,0.0503968253968254,curvature/arith_eps,1.1920928955078125e-07,True,
d12-s11,127,0.0503968253968254,curvature/vhv_random,3.41096649349239e-06,True,
d12-s11,127,0.0503968253968254,curvature/e_fd_random,,False,insufficient_conclusive_points
d12-s11,127,0.0503968253968254,curvature/fd_cos_random,,False,insufficient_conclusive_points
d12-s11,127,0.0503968253968254,curvature/fd_eps_random,0.03,True,
d12-s11,127,0.0503968253968254,curvature/fd_snr_random,591.0827665243934,True,
d12-s11,127,0.0503968253968254,curvature/fd_floor_random,5.5195105440559656e-06,True,
d12-s11,127,0.0503968253968254,curvature/fd_conclusive_random,0.0,True,
d12-s11,127,0.0503968253968254,curvature/e_sym_random,7.921639580705879e-07,True,
d12-s11,127,0.0503968253968254,curvature/e_lin_random,7.509276642783173e-07,True,
d12-s11,127,0.0503968253968254,curvature/curv_eps_random,0.003,True,
d12-s11,127,0.0503968253968254,curvature/curv_snr_random,0.33129522026751057,True,
d12-s11,127,0.0503968253968254,curvature/curv_floor_random,0.15992354620822072,True,
d12-s11,127,0.0503968253968254,curvature/c_fd_random,-0.05298190646701389,True,
d12-s11,127,0.0503968253968254,curvature/verdict_code_random,1.0,True,
d12-s11,127,0.0503968253968254,curvature/e_curv_random,,False,noise_floor_inconclusive
d12-s11,127,0.0503968253968254,curvature/vhv_gradient,0.6965799062362708,True,
d12-s11,127,0.0503968253968254,curvature/e_fd_gradient,0.00031349300567159164,True,
d12-s11,127,0.0503968253968254,curvature/fd_cos_gradient,0.9999999518253553,True,
d12-s11,127,0.0503968253968254,curvature/fd_eps_gradient,0.003,True,
d12-s11,127,0.0503968253968254,curvature/fd_snr_gradient,29059.21405851313,True,
d12-s11,127,0.0503968253968254,curvature/fd_floor_gradient,5.51951929813351e-05,True,
d12-s11,127,0.0503968253968254,curvature/fd_conclusive_gradient,1.0,True,
d12-s11,127,0.0503968253968254,curvature/e_sym_gradient,9.030573696979305e-09,True,
d12-s11,127,0.0503968253968254,curvature/e_lin_gradient,4.896274699211281e-07,True,
d12-s11,127,0.0503968253968254,curvature/curv_eps_gradient,0.022795070569547774,True,
d12-s11,127,0.0503968253968254,curvature/curv_snr_gradient,251.27988736010968,True,
d12-s11,127,0.0503968253968254,curvature/curv_floor_gradient,0.002770040159254727,True,
d12-s11,127,0.0503968253968254,curvature/c_fd_gradient,0.6960553792005081,True,
d12-s11,127,0.0503968253968254,curvature/verdict_code_gradient,0.0,True,
d12-s11,127,0.0503968253968254,curvature/e_curv_gradient,0.0007530033971217579,True,
d12-s11,127,0.0503968253968254,curvature/vhv_update,1.5481154545935975e-07,True,
d12-s11,127,0.0503968253968254,curvature/e_fd_update,,False,noise_floor_inconclusive
d12-s11,127,0.0503968253968254,curvature/fd_cos_update,,False,noise_floor_inconclusive
d12-s11,127,0.0503968253968254,curvature/fd_eps_update,0.03,True,
d12-s11,127,0.0503968253968254,curvature/fd_snr_update,127.28929468411019,True,
d12-s11,127,0.0503968253968254,curvature/fd_floor_update,5.519510290307761e-06,True,
d12-s11,127,0.0503968253968254,curvature/fd_conclusive_update,0.0,True,
d12-s11,127,0.0503968253968254,curvature/e_sym_update,1.3105733708362805e-07,True,
d12-s11,127,0.0503968253968254,curvature/e_lin_update,7.148052727308483e-07,True,
d12-s11,127,0.0503968253968254,curvature/curv_eps_update,0.03,True,
d12-s11,127,0.0503968253968254,curvature/curv_snr_update,0.33129522026751057,True,
d12-s11,127,0.0503968253968254,curvature/curv_floor_update,0.0015992354620822072,True,
d12-s11,127,0.0503968253968254,curvature/c_fd_update,-0.0005298190646701389,True,
d12-s11,127,0.0503968253968254,curvature/verdict_code_update,1.0,True,
d12-s11,127,0.0503968253968254,curvature/e_curv_update,,False,noise_floor_inconclusive
d12-s11,253,0.1003968253968254,update/p1,-0.21549288999494737,True,
d12-s11,253,0.1003968253968254,update/p2,-0.10102194484419437,True,
d12-s11,253,0.1003968253968254,update/actual,-0.1026298999786377,True,
d12-s11,253,0.1003968253968254,update/residual_p1,0.11286299001630967,True,
d12-s11,253,0.1003968253968254,update/residual_p2,-0.0016079551344433257,True,
d12-s11,253,0.1003968253968254,update/normalized_residual,-0.015667511463793884,True,
d12-s11,253,0.1003968253968254,update/loss_before,2.455073833465576,True,
d12-s11,253,0.1003968253968254,update/loss_after,2.3524439334869385,True,
d12-s11,253,0.1003968253968254,update/direction_norm,829.2173404928741,True,
d12-s11,253,0.1003968253968254,curvature/dhd,0.228941890301506,True,
d12-s11,253,0.1003968253968254,curvature/gHg,7.985071498674179,True,
d12-s11,253,0.1003968253968254,curvature/gg,3.983565933698053,True,
d12-s11,253,0.1003968253968254,curvature/eta_star,0.49887667685373566,True,
d12-s11,253,0.1003968253968254,curvature/Hg_norm,9.063657676857655,True,
d12-s11,253,0.1003968253968254,curvature/eta_star_rho,0.4414070953560368,True,
d12-s11,253,0.1003968253968254,curvature/eta_star_rho_threshold,9.5367431640625e-07,True,
d12-s11,253,0.1003968253968254,curvature/shadow_verdict_code,1.0,True,
d12-s11,253,0.1003968253968254,curvature/arith_eps,1.1920928955078125e-07,True,
d12-s11,253,0.1003968253968254,curvature/vhv_random,5.378092831746383e-06,True,
d12-s11,253,0.1003968253968254,curvature/e_fd_random,0.009140599940293708,True,
d12-s11,253,0.1003968253968254,curvature/fd_cos_random,0.9999582244313054,True,
d12-s11,253,0.1003968253968254,curvature/fd_eps_random,0.03,True,
d12-s11,253,0.1003968253968254,curvature/fd_snr_random,756.9931694530178,True,
d12-s11,253,0.1003968253968254,curvature/fd_floor_random,7.930943849578959e-06,True,
d12-s11,253,0.1003968253968254,curvature/fd_conclusive_random,1.0,True,
d12-s11,253,0.1003968253968254,curvature/e_sym_random,1.1399344542444757e-06,True,
d12-s11,253,0.1003968253968254,curvature/e_lin_random,7.371291538811909e-07,True,
d12-s11,253,0.1003968253968254,curvature/curv_eps_random,0.003,True,
d12-s11,253,0.1003968253968254,curvature/curv_snr_random,0.20365985781988796,True,
d12-s11,253,0.1003968253968254,curvature/curv_floor_random,0.1300744953722541,True,
d12-s11,253,0.1003968253968254,curvature/c_fd_random,0.026490953233506944,True,
d12-s11,253,0.1003968253968254,curvature/verdict_code_random,1.0,True,
d12-s11,253,0.1003968253968254,curvature/e_curv_random,,False,noise_floor_inconclusive
d12-s11,253,0.1003968253968254,curvature/vhv_gradient,2.0045036271804624,True,
d12-s11,253,0.1003968253968254,curvature/e_fd_gradient,0.0007480732751752299,True,
d12-s11,253,0.1003968253968254,curvature/fd_cos_gradient,0.9999997202613212,True,
d12-s11,253,0.1003968253968254,curvature/fd_eps_gradient,0.001,True,
d12-s11,253,0.1003968253968254,curvature/fd_snr_gradient,19086.26151605789,True,
d12-s11,253,0.1003968253968254,curvature/fd_floor_gradient,0.00023792860170161262,True,
d12-s11,253,0.1003968253968254,curvature/fd_conclusive_gradient,1.0,True,
d12-s11,253,0.1003968253968254,curvature/e_sym_gradient,1.2792608415073514e-07,True,
d12-s11,253,0.1003968253968254,curvature/e_lin_gradient,5.130563362057717e-07,True,
d12-s11,253,0.1003968253968254,curvature/curv_eps_gradient,0.013160740129524924,True,
d12-s11,253,0.1003968253968254,curvature/curv_snr_gradient,296.7219240256328,True,
d12-s11,253,0.1003968253968254,curvature/curv_floor_gradient,0.006759107961748765,True,
d12-s11,253,0.1003968253968254,curvature/c_fd_gradient,2.005575519107067,True,
d12-s11,253,0.1003968253968254,curvature/verdict_code_gradient,0.0,True,
d12-s11,253,0.1003968253968254,curvature/e_curv_gradient,0.0005344560284031844,True,
d12-s11,253,0.1003968253968254,curvature/vhv_update,3.3295726855612115e-07,True,
d12-s11,253,0.1003968253968254,curvature/e_fd_update,,False,noise_floor_inconclusive
d12-s11,253,0.1003968253968254,curvature/fd_cos_update,,False,noise_floor_inconclusive
d12-s11,253,0.1003968253968254,curvature/fd_eps_update,0.03,True,
d12-s11,253,0.1003968253968254,curvature/fd_snr_update,160.07045617351778,True,
d12-s11,253,0.1003968253968254,curvature/fd_floor_update,7.930943438893806e-06,True,
d12-s11,253,0.1003968253968254,curvature/fd_conclusive_update,0.0,True,
d12-s11,253,0.1003968253968254,curvature/e_sym_update,3.5948911799803994e-07,True,
d12-s11,253,0.1003968253968254,curvature/e_lin_update,7.333354191843431e-07,True,
d12-s11,253,0.1003968253968254,curvature/curv_eps_update,0.003,True,
d12-s11,253,0.1003968253968254,curvature/curv_snr_update,0.20365986770885638,True,
d12-s11,253,0.1003968253968254,curvature/curv_floor_update,0.13007448905631866,True,
d12-s11,253,0.1003968253968254,curvature/c_fd_update,-0.026490953233506944,True,
d12-s11,253,0.1003968253968254,curvature/verdict_code_update,1.0,True,
d12-s11,253,0.1003968253968254,curvature/e_curv_update,,False,noise_floor_inconclusive
d12-s11,379,0.1503968253968254,update/p1,-0.10855984080352346,True,
d12-s11,379,0.1503968253968254,update/p2,-0.025760226468998587,True,
d12-s11,379,0.1503968253968254,update/actual,-0.026605844497680664,True,
d12-s11,379,0.1503968253968254,update/residual_p1,0.0819539963058428,True,
d12-s11,379,0.1503968253968254,update/residual_p2,-0.0008456180286820769,True,
d12-s11,379,0.1503968253968254,update/normalized_residual,-0.031783168121417564,True,
d12-s11,379,0.1503968253968254,update/loss_before,2.122666120529175,True,
d12-s11,379,0.1503968253968254,update/loss_after,2.096060276031494,True,
d12-s11,379,0.1503968253968254,update/direction_norm,767.826992790223,True,
d12-s11,379,0.1503968253968254,curvature/dhd,0.16559922866904975,True,
d12-s11,379,0.1503968253968254,curvature/gHg,7.631966248523605,True,
d12-s11,379,0.1503968253968254,curvature/gg,3.976717018476781,True,
d12-s11,379,0.1503968253968254,curvature/eta_star,0.5210606138681592,True,
d12-s11,379,0.1503968253968254,curvature/Hg_norm,9.437548695077139,True,
d12-s11,379,0.1503968253968254,curvature/eta_star_rho,0.40552244030446094,True,
d12-s11,379,0.1503968253968254,curvature/eta_star_rho_threshold,9.5367431640625e-07,True,
d12-s11,379,0.1503968253968254,curvature/shadow_verdict_code,1.0,True,
d12-s11,379,0.1503968253968254,curvature/arith_eps,1.1920928955078125e-07,True,
d12-s11,379,0.1503968253968254,curvature/vhv_random,5.126111837657787e-06,True,
d12-s11,379,0.1503968253968254,curvature/e_fd_random,,False,insufficient_conclusive_points
d12-s11,379,0.1503968253968254,curvature/fd_cos_random,,False,insufficient_conclusive_points
d12-s11,379,0.1503968253968254,curvature/fd_eps_random,0.03,True,
d12-s11,379,0.1503968253968254,curvature/fd_snr_random,711.7261692212942,True,
d12-s11,379,0.1503968253968254,curvature/fd_floor_random,7.924122852646932e-06,True,
d12-s11,379,0.1503968253968254,curvature/fd_conclusive_random,0.0,True,
d12-s11,379,0.1503968253968254,curvature/e_sym_random,1.1235994173097845e-06,True,
d12-s11,379,0.1503968253968254,curvature/e_lin_random,7.403877680892982e-07,True,
d12-s11,379,0.1503968253968254,curvature/curv_eps_random,0.003,True,
d12-s11,379,0.1503968253968254,curvature/curv_snr_random,0.47110562239083376,True,
d12-s11,379,0.1503968253968254,curvature/curv_floor_random,0.1124629041745114,True,
d12-s11,379,0.1503968253968254,curvature/c_fd_random,0.05298190646701389,True,
d12-s11,379,0.1503968253968254,curvature/verdict_code_random,1.0,True,
d12-s11,379,0.1503968253968254,curvature/e_curv_random,,False,noise_floor_inconclusive
d12-s11,379,0.1503968253968254,curvature/vhv_gradient,1.919162546390121,True,
d12-s11,379,0.1503968253968254,curvature/e_fd_gradient,0.0011888982335544124,True,
d12-s11,379,0.1503968253968254,curvature/fd_cos_gradient,0.9999992976006553,True,
d12-s11,379,0.1503968253968254,curvature/fd_eps_gradient,0.001,True,
d12-s11,379,0.1503968253968254,curvature/fd_snr_gradient,19909.698625718353,True,
d12-s11,379,0.1503968253968254,curvature/fd_floor_gradient,0.000237723957261178,True,
d12-s11,379,0.1503968253968254,curvature/fd_conclusive_gradient,1.0,True,
d12-s11,379,0.1503968253968254,curvature/e_sym_gradient,1.325509324223189e-07,True,
d12-s11,379,0.1503968253968254,curvature/e_lin_gradient,5.161137999053799e-07,True,
d12-s11,379,0.1503968253968254,curvature/curv_eps_gradient,0.011472026904398771,True,
d12-s11,379,0.1503968253968254,curvature/curv_snr_gradient,250.1496398134527,True,
d12-s11,379,0.1503968253968254,curvature/curv_floor_gradient,0.007691028427130997,True,
d12-s11,379,0.1503968253968254,curvature/c_fd_gradient,1.9239079908418446,True,
d12-s11,379,0.1503968253968254,curvature/verdict_code_gradient,0.0,True,
d12-s11,379,0.1503968253968254,curvature/e_curv_gradient,0.002466565175836284,True,
d12-s11,379,0.1503968253968254,curvature/vhv_update,2.808869412243934e-07,True,
d12-s11,379,0.1503968253968254,curvature/e_fd_update,,False,noise_floor_inconclusive
d12-s11,379,0.1503968253968254,curvature/fd_cos_update,,False,noise_floor_inconclusive
d12-s11,379,0.1503968253968254,curvature/fd_eps_update,0.03,True,
d12-s11,379,0.1503968253968254,curvature/fd_snr_update,141.5801387566299,True,
d12-s11,379,0.1503968253968254,curvature/fd_floor_update,7.924122968569074e-06,True,
d12-s11,379,0.1503968253968254,curvature/fd_conclusive_update,0.0,True,
d12-s11,379,0.1503968253968254,curvature/e_sym_update,1.7721509474024832e-06,True,
d12-s11,379,0.1503968253968254,curvature/e_lin_update,6.973106350831086e-07,True,
d12-s11,379,0.1503968253968254,curvature/curv_eps_update,0.03,True,
d12-s11,379,0.1503968253968254,curvature/curv_snr_update,0.47110562239083376,True,
d12-s11,379,0.1503968253968254,curvature/curv_floor_update,0.001124629041745114,True,
d12-s11,379,0.1503968253968254,curvature/c_fd_update,0.0005298190646701389,True,
d12-s11,379,0.1503968253968254,curvature/verdict_code_update,1.0,True,
d12-s11,379,0.1503968253968254,curvature/e_curv_update,,False,noise_floor_inconclusive
d12-s11,401,0.15912698412698412,update/p1,-0.09554092421641822,True,
d12-s11,401,0.15912698412698412,update/p2,-0.02843053827535541,True,
d12-s11,401,0.15912698412698412,update/actual,-0.029847383499145508,True,
d12-s11,401,0.15912698412698412,update/residual_p1,0.06569354071727271,True,
d12-s11,401,0.15912698412698412,update/residual_p2,-0.0014168452237900975,True,
d12-s11,401,0.15912698412698412,update/normalized_residual,-0.047469662586359034,True,
d12-s11,401,0.15912698412698412,update/loss_before,2.172802448272705,True,
d12-s11,401,0.15912698412698412,update/loss_after,2.1429550647735596,True,
d12-s11,401,0.15912698412698412,update/direction_norm,751.5400950836467,True,
d12-s11,401,0.15912698412698412,curvature/dhd,0.1342207718821256,True,
d12-s11,401,0.15912698412698412,curvature/gHg,4.701572495527725,True,
d12-s11,401,0.15912698412698412,curvature/gg,3.709201977863918,True,
d12-s11,401,0.15912698412698412,curvature/eta_star,0.7889279557833514,True,
d12-s11,401,0.15912698412698412,curvature/Hg_norm,7.281943638897076,True,
d12-s11,401,0.15912698412698412,curvature/eta_star_rho,0.3352398074043454,True,
d12-s11,401,0.15912698412698412,curvature/eta_star_rho_threshold,9.5367431640625e-07,True,
d12-s11,401,0.15912698412698412,curvature/shadow_verdict_code,1.0,True,
d12-s11,401,0.15912698412698412,curvature/arith_eps,1.1920928955078125e-07,True,
d12-s11,401,0.15912698412698412,curvature/vhv_random,5.636172216681105e-06,True,
d12-s11,401,0.15912698412698412,curvature/e_fd_random,,False,insufficient_conclusive_points
d12-s11,401,0.15912698412698412,curvature/fd_cos_random,,False,insufficient_conclusive_points
d12-s11,401,0.15912698412698412,curvature/fd_eps_random,0.03,True,
d12-s11,401,0.15912698412698412,curvature/fd_snr_random,694.1024025606147,True,
d12-s11,401,0.15912698412698412,curvature/fd_floor_random,7.65295427231314e-06,True,
d12-s11,401,0.15912698412698412,curvature/fd_conclusive_random,0.0,True,
d12-s11,401,0.15912698412698412,curvature/e_sym_random,1.7119258646828431e-06,True,
d12-s11,401,0.15912698412698412,curvature/e_lin_random,7.31824318743776e-07,True,
d12-s11,401,0.15912698412698412,curvature/curv_eps_random,0.01,True,
d12-s11,401,0.15912698412698412,curvature/curv_snr_random,0.4602350968127189,True,
d12-s11,401,0.15912698412698412,curvature/curv_floor_random,0.01036073001614568,True,
d12-s11,401,0.15912698412698412,curvature/c_fd_random,0.00476837158203125,True,
d12-s11,401,0.15912698412698412,curvature/verdict_code_random,1.0,True,
d12-s11,401,0.15912698412698412,curvature/e_curv_random,,False,noise_floor_inconclusive
d12-s11,401,0.15912698412698412,curvature/vhv_gradient,1.2675431604541287,True,
d12-s11,401,0.15912698412698412,curvature/e_fd_gradient,0.0019519601076902204,True,
d12-s11,401,0.15912698412698412,curvature/fd_cos_gradient,0.9999980949546471,True,
d12-s11,401,0.15912698412698412,curvature/fd_eps_gradient,0.001,True,
d12-s11,401,0.15912698412698412,curvature/fd_snr_gradient,16468.75871327734,True,
d12-s11,401,0.15912698412698412,curvature/fd_floor_gradient,0.0002295886783686895,True,
d12-s11,401,0.15912698412698412,curvature/fd_conclusive_gradient,1.0,True,
d12-s11,401,0.15912698412698412,curvature/e_sym_gradient,2.784451955345438e-07,True,
d12-s11,401,0.15912698412698412,curvature/e_lin_gradient,5.824469947541989e-07,True,
d12-s11,401,0.15912698412698412,curvature/curv_eps_gradient,0.01509803648477105,True,
d12-s11,401,0.15912698412698412,curvature/curv_snr_gradient,278.8932113937955,True,
d12-s11,401,0.15912698412698412,curvature/curv_floor_gradient,0.004545313376950575,True,
d12-s11,401,0.15912698412698412,curvature/c_fd_gradient,1.2676570444889235,True,
d12-s11,401,0.15912698412698412,curvature/verdict_code_gradient,0.0,True,
d12-s11,401,0.15912698412698412,curvature/e_curv_gradient,8.983820607461334e-05,True,
d12-s11,401,0.15912698412698412,curvature/vhv_update,2.376377184913963e-07,True,
d12-s11,401,0.15912698412698412,curvature/e_fd_update,,False,noise_floor_inconclusive
d12-s11,401,0.15912698412698412,curvature/fd_cos_update,,False,noise_floor_inconclusive
d12-s11,401,0.15912698412698412,curvature/fd_eps_update,0.03,True,
d12-s11,401,0.15912698412698412,curvature/fd_snr_update,131.41554970213215,True,
d12-s11,401,0.15912698412698412,curvature/fd_floor_update,7.652952976730452e-06,True,
d12-s11,401,0.15912698412698412,curvature/fd_conclusive_update,0.0,True,
d12-s11,401,0.15912698412698412,curvature/e_sym_update,4.2661936164232536e-07,True,
d12-s11,401,0.15912698412698412,curvature/e_lin_update,6.985789219206115e-07,True,
d12-s11,401,0.15912698412698412,curvature/curv_eps_update,0.003,True,
d12-s11,401,0.15912698412698412,curvature/curv_snr_update,0.4602350968127189,True,
d12-s11,401,0.15912698412698412,curvature/curv_floor_update,0.11511922240161868,True,
d12-s11,401,0.15912698412698412,curvature/c_fd_update,0.05298190646701389,True,
d12-s11,401,0.15912698412698412,curvature/verdict_code_update,1.0,True,
d12-s11,401,0.15912698412698412,curvature/e_curv_update,,False,noise_floor_inconclusive
d12-s11,505,0.2003968253968254,update/p1,-0.039224693550255,True,
d12-s11,505,0.2003968253968254,update/p2,0.030801044905849687,True,
d12-s11,505,0.2003968253968254,update/actual,0.023856163024902344,True,
d12-s11,505,0.2003968253968254,update/residual_p1,0.06308085657515734,True,
d12-s11,505,0.2003968253968254,update/residual_p2,-0.006944881880947343,True,
d12-s11,505,0.2003968253968254,update/normalized_residual,-0.22547552857949898,True,
d12-s11,505,0.2003968253968254,update/loss_before,2.0592830181121826,True,
d12-s11,505,0.2003968253968254,update/loss_after,2.083139181137085,True,
d12-s11,505,0.2003968253968254,update/direction_norm,746.1405061305044,True,
d12-s11,505,0.2003968253968254,curvature/dhd,0.14005147691220937,True,
d12-s11,505,0.2003968253968254,curvature/gHg,6.659345761808025,True,
d12-s11,505,0.2003968253968254,curvature/gg,3.6363374429385606,True,
d12-s11,505,0.2003968253968254,curvature/eta_star,0.5460502537341279,True,
d12-s11,505,0.2003968253968254,curvature/Hg_norm,7.534521996321001,True,
d12-s11,505,0.2003968253968254,curvature/eta_star_rho,0.4634936308150918,True,
d12-s11,505,0.2003968253968254,curvature/eta_star_rho_threshold,9.5367431640625e-07,True,
d12-s11,505,0.2003968253968254,curvature/shadow_verdict_code,1.0,True,
d12-s11,505,0.2003968253968254,curvature/arith_eps,1.1920928955078125e-07,True,
d12-s11,505,0.2003968253968254,curvature/vhv_random,3.7113826946017947e-06,True,
d12-s11,505,0.2003968253968254,curvature/e_fd_random,,False,insufficient_conclusive_points
d12-s11,505,0.2003968253968254,curvature/fd_cos_random,,False,insufficient_conclusive_points
d12-s11,505,0.2003968253968254,curvature/fd_eps_random,0.03,True,
d12-s11,505,0.2003968253968254,curvature/fd_snr_random,611.5160499995593,True,
d12-s11,505,0.2003968253968254,curvature/fd_floor_random,7.577413073938392e-06,True,
d12-s11,505,0.2003968253968254,curvature/fd_conclusive_random,0.0,True,
d12-s11,505,0.2003968253968254,curvature/e_sym_random,8.946531260302203e-07,True,
d12-s11,505,0.2003968253968254,curvature/e_lin_random,7.454385821040215e-07,True,
d12-s11,505,0.2003968253968254,curvature/curv_eps_random,0.01,True,
d12-s11,505,0.2003968253968254,curvature/curv_snr_random,0.7284087988670249,True,
d12-s11,505,0.2003968253968254,curvature/curv_floor_random,0.009819427475576958,True,
d12-s11,505,0.2003968253968254,curvature/c_fd_random,0.007152557373046875,True,
d12-s11,505,0.2003968253968254,curvature/verdict_code_random,1.0,True,
d12-s11,505,0.2003968253968254,curvature/e_curv_random,,False,noise_floor_inconclusive
d12-s11,505,0.2003968253968254,curvature/vhv_gradient,1.8313331990419583,True,
d12-s11,505,0.2003968253968254,curvature/e_fd_gradient,0.00141500854453825,True,
d12-s11,505,0.2003968253968254,curvature/fd_cos_gradient,0.9999989993240789,True,
d12-s11,505,0.2003968253968254,curvature/fd_eps_gradient,0.001,True,
d12-s11,505,0.2003968253968254,curvature/fd_snr_gradient,17381.249141016433,True,
d12-s11,505,0.2003968253968254,curvature/fd_floor_gradient,0.0002273226061452645,True,
d12-s11,505,0.2003968253968254,curvature/fd_conclusive_gradient,1.0,True,
d12-s11,505,0.2003968253968254,curvature/e_sym_gradient,2.3060957163698718e-07,True,
d12-s11,505,0.2003968253968254,curvature/e_lin_gradient,5.762340562996953e-07,True,
d12-s11,505,0.2003968253968254,curvature/curv_eps_gradient,0.013160740129524924,True,
d12-s11,505,0.2003968253968254,curvature/curv_snr_gradient,322.6727136457169,True,
d12-s11,505,0.2003968253968254,curvature/curv_floor_gradient,0.005669466683386254,True,
d12-s11,505,0.2003968253968254,curvature/c_fd_gradient,1.829382199652225,True,
d12-s11,505,0.2003968253968254,curvature/verdict_code_gradient,0.0,True,
d12-s11,505,0.2003968253968254,curvature/e_curv_gradient,0.0010653437565342854,True,
d12-s11,505,0.2003968253968254,curvature/vhv_update,2.5156280868231874e-07,True,
d12-s11,505,0.2003968253968254,curvature/e_fd_update,,False,noise_floor_inconclusive
d12-s11,505,0.2003968253968254,curvature/fd_cos_update,,False,noise_floor_inconclusive
d12-s11,505,0.2003968253968254,curvature/fd_eps_update,0.03,True,
d12-s11,505,0.2003968253968254,curvature/fd_snr_update,153.1302032342176,True,
d12-s11,505,0.2003968253968254,curvature/fd_floor_update,7.577412775781114e-06,True,
d12-s11,505,0.2003968253968254,curvature/fd_conclusive_update,0.0,True,
d12-s11,505,0.2003968253968254,curvature/e_sym_update,1.3199565849053665e-06,True,
d12-s11,505,0.2003968253968254,curvature/e_lin_update,7.593663920598689e-07,True,
d12-s11,505,0.2003968253968254,curvature/curv_eps_update,0.1,True,
d12-s11,505,0.2003968253968254,curvature/curv_snr_update,0.48560587996690385,True,
d12-s11,505,0.2003968253968254,curvature/curv_floor_update,9.819427191359863e-05,True,
d12-s11,505,0.2003968253968254,curvature/c_fd_update,4.768371582031249e-05,True,
d12-s11,505,0.2003968253968254,curvature/verdict_code_update,1.0,True,
d12-s11,505,0.2003968253968254,curvature/e_curv_update,,False,noise_floor_inconclusive
d12-s11,631,0.2503968253968254,update/p1,-0.06994492471660131,True,
d12-s11,631,0.2503968253968254,update/p2,-0.012240875515027838,True,
d12-s11,631,0.2503968253968254,update/actual,-0.015517711639404297,True,
d12-s11,631,0.2503968253968254,update/residual_p1,0.054427213077197015,True,
d12-s11,631,0.2503968253968254,update/residual_p2,-0.0032768361243764588,True,
d12-s11,631,0.2503968253968254,update/normalized_residual,-0.21116748400296037,True,
d12-s11,631,0.2503968253968254,update/loss_before,1.906333088874817,True,
d12-s11,631,0.2503968253968254,update/loss_after,1.8908153772354126,True,
d12-s11,631,0.2503968253968254,update/direction_norm,738.587308033205,True,
d12-s11,631,0.2503968253968254,curvature/dhd,0.11540809840314695,True,
d12-s11,631,0.2503968253968254,curvature/gHg,7.168695833768296,True,
d12-s11,631,0.2503968253968254,curvature/gg,3.6626979086259226,True,
d12-s11,631,0.2503968253968254,curvature/eta_star,0.5109294624236539,True,
d12-s11,631,0.2503968253968254,curvature/Hg_norm,8.35290745244369,True,
d12-s11,631,0.2503968253968254,curvature/eta_star_rho,0.44843751154334477,True,
d12-s11,631,0.2503968253968254,curvature/eta_star_rho_threshold,9.5367431640625e-07,True,
d12-s11,631,0.2503968253968254,curvature/shadow_verdict_code,1.0,True,
d12-s11,631,0.2503968253968254,curvature/arith_eps,1.1920928955078125e-07,True,
d12-s11,631,0.2503968253968254,curvature/vhv_random,4.225596758676539e-06,True,
d12-s11,631,0.2503968253968254,curvature/e_fd_random,,False,insufficient_conclusive_points
d12-s11,631,0.2503968253968254,curvature/fd_cos_random,,False,insufficient_conclusive_points
d12-s11,631,0.2503968253968254,curvature/fd_eps_random,0.03,True,
d12-s11,631,0.2503968253968254,curvature/fd_snr_random,560.0837461006831,True,
d12-s11,631,0.2503968253968254,curvature/fd_floor_random,7.604827946830267e-06,True,
d12-s11,631,0.2503968253968254,curvature/fd_conclusive_random,0.0,True,
d12-s11,631,0.2503968253968254,curvature/e_sym_random,2.3535208118811787e-06,True,
d12-s11,631,0.2503968253968254,curvature/e_lin_random,7.127496032125785e-07,True,
d12-s11,631,0.2503968253968254,curvature/curv_eps_random,0.003,True,
d12-s11,631,0.2503968253968254,curvature/curv_snr_random,0.9179928742364468,True,
d12-s11,631,0.2503968253968254,curvature/curv_floor_random,0.10100115035685223,True,
d12-s11,631,0.2503968253968254,curvature/c_fd_random,-0.0927183363172743,True,
d12-s11,631,0.2503968253968254,curvature/verdict_code_random,1.0,True,
d12-s11,631,0.2503968253968254,curvature/e_curv_random,,False,noise_floor_inconclusive
d12-s11,631,0.2503968253968254,curvature/vhv_gradient,1.9572173372584791,True,
d12-s11,631,0.2503968253968254,curvature/e_fd_gradient,0.0017621684120973475,True,
d12-s11,631,0.2503968253968254,curvature/fd_cos_gradient,0.9999984518983609,True,
d12-s11,631,0.2503968253968254,curvature/fd_eps_gradient,0.0003,True,
d12-s11,631,0.2503968253968254,curvature/fd_snr_gradient,5739.706134368934,True,
d12-s11,631,0.2503968253968254,curvature/fd_floor_gradient,0.0007604828665945567,True,
d12-s11,631,0.2503968253968254,curvature/fd_conclusive_gradient,1.0,True,
d12-s11,631,0.2503968253968254,curvature/e_sym_gradient,1.778833076509121e-07,True,
d12-s11,631,0.2503968253968254,curvature/e_lin_gradient,5.231043576616178e-07,True,
d12-s11,631,0.2503968253968254,curvature/curv_eps_gradient,0.011472026904398771,True,
d12-s11,631,0.2503968253968254,curvature/curv_snr_gradient,282.33884573394323,True,
d12-s11,631,0.2503968253968254,curvature/curv_floor_gradient,0.006907218284923838,True,
d12-s11,631,0.2503968253968254,curvature/c_fd_gradient,1.9501760377977833,True,
d12-s11,631,0.2503968253968254,curvature/verdict_code_gradient,0.0,True,
d12-s11,631,0.2503968253968254,curvature/e_curv_gradient,0.003597607341123795,True,
d12-s11,631,0.2503968253968254,curvature/vhv_update,2.11559562513121e-07,True,
d12-s11,631,0.2503968253968254,curvature/e_fd_update,,False,noise_floor_inconclusive
d12-s11,631,0.2503968253968254,curvature/fd_cos_update,,False,noise_floor_inconclusive
d12-s11,631,0.2503968253968254,curvature/fd_eps_update,0.03,True,
d12-s11,631,0.2503968253968254,curvature/fd_snr_update,135.6190602326756,True,
d12-s11,631,0.2503968253968254,curvature/fd_floor_update,7.604828978517386e-06,True,
d12-s11,631,0.2503968253968254,curvature/fd_conclusive_update,0.0,True,
d12-s11,631,0.2503968253968254,curvature/e_sym_update,1.5885096643923804e-06,True,
d12-s11,631,0.2503968253968254,curvature/e_lin_update,7.090685667339459e-07,True,
d12-s11,631,0.2503968253968254,curvature/curv_eps_update,0.1,True,
d12-s11,631,0.2503968253968254,curvature/curv_snr_update,0.6557091753813464,True,
d12-s11,631,0.2503968253968254,curvature/curv_floor_update,9.090103816333793e-05,True,
d12-s11,631,0.2503968253968254,curvature/c_fd_update,-5.960464477539061e-05,True,
d12-s11,631,0.2503968253968254,curvature/verdict_code_update,1.0,True,
d12-s11,631,0.2503968253968254,curvature/e_curv_update,,False,noise_floor_inconclusive
d12-s11,757,0.3003968253968254,update/p1,-0.0861357713615063,True,
d12-s11,757,0.3003968253968254,update/p2,-0.02376783461088513,True,
d12-s11,757,0.3003968253968254,update/actual,-0.027157306671142578,True,
d12-s11,757,0.3003968253968254,update/residual_p1,0.05897846469036372,True,
d12-s11,757,0.3003968253968254,update/residual_p2,-0.0033894720602574493,True,
d12-s11,757,0.3003968253968254,update/normalized_residual,-0.12480884431220533,True,
d12-s11,757,0.3003968253968254,update/loss_before,1.9013490676879883,True,
d12-s11,757,0.3003968253968254,update/loss_after,1.8741917610168457,True,
d12-s11,757,0.3003968253968254,update/direction_norm,748.6864519830795,True,
d12-s11,757,0.3003968253968254,curvature/dhd,0.12473587350124234,True,
d12-s11,757,0.3003968253968254,curvature/gHg,9.935848505566938,True,
d12-s11,757,0.3003968253968254,curvature/gg,3.9970686755098983,True,
d12-s11,757,0.3003968253968254,curvature/eta_star,0.402287602641122,True,
d12-s11,757,0.3003968253968254,curvature/Hg_norm,10.092803827660639,True,
d12-s11,757,0.3003968253968254,curvature/eta_star_rho,0.4924048523583695,True,
d12-s11,757,0.3003968253968254,curvature/eta_star_rho_threshold,9.5367431640625e-07,True,
d12-s11,757,0.3003968253968254,curvature/shadow_verdict_code,1.0,True,
d12-s11,757,0.3003968253968254,curvature/arith_eps,1.1920928955078125e-07,True,
d12-s11,757,0.3003968253968254,curvature/vhv_random,3.872469121355807e-06,True,
d12-s11,757,0.3003968253968254,curvature/e_fd_random,,False,insufficient_conclusive_points
d12-s11,757,0.3003968253968254,curvature/fd_cos_random,,False,insufficient_conclusive_points
d12-s11,757,0.3003968253968254,curvature/fd_eps_random,0.03,True,
d12-s11,757,0.3003968253968254,curvature/fd_snr_random,520.3072927444773,True,
d12-s11,757,0.3003968253968254,curvature/fd_floor_random,7.944373082249782e-06,True,
d12-s11,757,0.3003968253968254,curvature/fd_conclusive_random,0.0,True,
d12-s11,757,0.3003968253968254,curvature/e_sym_random,2.4691200349166906e-06,True,
d12-s11,757,0.3003968253968254,curvature/e_lin_random,7.430918068252081e-07,True,
d12-s11,757,0.3003968253968254,curvature/curv_eps_random,0.01,True,
d12-s11,757,0.3003968253968254,curvature/curv_snr_random,0.39445674520187257,True,
d12-s11,757,0.3003968253968254,curvature/curv_floor_random,0.009066339288210656,True,
d12-s11,757,0.3003968253968254,curvature/c_fd_random,0.0035762786865234375,True,
d12-s11,757,0.3003968253968254,curvature/verdict_code_random,1.0,True,
d12-s11,757,0.3003968253968254,curvature/e_curv_random,,False,noise_floor_inconclusive
d12-s11,757,0.3003968253968254,curvature/vhv_gradient,2.4857842414318503,True,
d12-s11,757,0.3003968253968254,curvature/e_fd_gradient,0.0009429275508114904,True,
d12-s11,757,0.3003968253968254,curvature/fd_cos_gradient,0.999999555603303,True,
d12-s11,757,0.3003968253968254,curvature/fd_eps_gradient,0.001,True,
d12-s11,757,0.3003968253968254,curvature/fd_snr_gradient,21182.027596225118,True,
d12-s11,757,0.3003968253968254,curvature/fd_floor_gradient,0.00023833153664177295,True,
d12-s11,757,0.3003968253968254,curvature/fd_conclusive_gradient,1.0,True,
d12-s11,757,0.3003968253968254,curvature/e_sym_gradient,6.881796338647429e-08,True,
d12-s11,757,0.3003968253968254,curvature/e_lin_gradient,5.035623170451657e-07,True,
d12-s11,757,0.3003968253968254,curvature/curv_eps_gradient,0.01,True,
d12-s11,757,0.3003968253968254,curvature/curv_snr_gradient,274.4014456877679,True,
d12-s11,757,0.3003968253968254,curvature/curv_floor_gradient,0.009066635442422921,True,
d12-s11,757,0.3003968253968254,curvature/c_fd_gradient,2.4878978729248047,True,
d12-s11,757,0.3003968253968254,curvature/verdict_code_gradient,0.0,True,
d12-s11,757,0.3003968253968254,curvature/e_curv_gradient,0.0008495652156612007,True,
d12-s11,757,0.3003968253968254,curvature/vhv_update,2.225314553990602e-07,True,
d12-s11,757,0.3003968253968254,curvature/e_fd_update,,False,noise_floor_inconclusive
d12-s11,757,0.3003968253968254,curvature/fd_cos_update,,False,noise_floor_inconclusive
d12-s11,757,0.3003968253968254,curvature/fd_eps_update,0.03,True,
d12-s11,757,0.3003968253968254,curvature/fd_snr_update,129.67292601160727,True,
d12-s11,757,0.3003968253968254,curvature/fd_floor_update,7.944373237967533e-06,True,
d12-s11,757,0.3003968253968254,curvature/fd_conclusive_update,0.0,True,
d12-s11,757,0.3003968253968254,curvature/e_sym_update,2.22482324188009e-07,True,
d12-s11,757,0.3003968253968254,curvature/e_lin_update,7.059188899937275e-07,True,
d12-s11,757,0.3003968253968254,curvature/curv_eps_update,0.03,True,
d12-s11,757,0.3003968253968254,curvature/curv_snr_update,0.26297116758980477,True,
d12-s11,757,0.3003968253968254,curvature/curv_floor_update,0.0010073710162335676,True,
d12-s11,757,0.3003968253968254,curvature/c_fd_update,0.00026490953233506944,True,
d12-s11,757,0.3003968253968254,curvature/verdict_code_update,1.0,True,
d12-s11,757,0.3003968253968254,curvature/e_curv_update,,False,noise_floor_inconclusive
d12-s11,883,0.3503968253968254,update/p1,-0.09451355999169955,True,
d12-s11,883,0.3503968253968254,update/p2,-0.04772758602452012,True,
d12-s11,883,0.3503968253968254,update/actual,-0.05006599426269531,True,
d12-s11,883,0.3503968253968254,update/residual_p1,0.04444756572900424,True,
d12-s11,883,0.3503968253968254,update/residual_p2,-0.002338408238175195,True,
d12-s11,883,0.3503968253968254,update/normalized_residual,-0.046706517519768245,True,
d12-s11,883,0.3503968253968254,update/loss_before,1.8872096538543701,True,
d12-s11,883,0.3503968253968254,update/loss_after,1.8371436595916748,True,
d12-s11,883,0.3503968253968254,update/direction_norm,751.9329590263784,True,
d12-s11,883,0.3503968253968254,curvature/dhd,0.09357194793435887,True,
d12-s11,883,0.3503968253968254,curvature/gHg,17.045901379645205,True,
d12-s11,883,0.3503968253968254,curvature/gg,4.7372024329172,True,
d12-s11,883,0.3503968253968254,curvature/eta_star,0.2779085908929388,True,
d12-s11,883,0.3503968253968254,curvature/Hg_norm,14.539628895445917,True,
d12-s11,883,0.3503968253968254,curvature/eta_star_rho,0.5386487765610479,True,
d12-s11,883,0.3503968253968254,curvature/eta_star_rho_threshold,9.5367431640625e-07,True,
d12-s11,883,0.3503968253968254,curvature/shadow_verdict_code,1.0,True,
d12-s11,883,0.3503968253968254,curvature/arith_eps,1.1920928955078125e-07,True,
d12-s11,883,0.3503968253968254,curvature/vhv_random,4.851125701879227e-06,True,
d12-s11,883,0.3503968253968254,curvature/e_fd_random,,False,insufficient_conclusive_points
d12-s11,883,0.3503968253968254,curvature/fd_cos_random,,False,insufficient_conclusive_points
d12-s11,883,0.3503968253968254,curvature/fd_eps_random,0.03,True,
d12-s11,883,0.3503968253968254,curvature/fd_snr_random,505.6504333494143,True,
d12-s11,883,0.3503968253968254,curvature/fd_floor_random,8.648679075178038e-06,True,
d12-s11,883,0.3503968253968254,curvature/fd_conclusive_random,0.0,True,
d12-s11,883,0.3503968253968254,curvature/e_sym_random,1.6877627797274692e-08,True,
d12-s11,883,0.3503968253968254,curvature/e_lin_random,7.564125387129933e-07,True,
d12-s11,883,0.3503968253968254,curvature/curv_eps_random,0.03,True,
d12-s11,883,0.3503968253968254,curvature/curv_snr_random,0.5298828006685338,True,
d12-s11,883,0.3503968253968254,curvature/curv_floor_random,0.0009998797168009332,True,
d12-s11,883,0.3503968253968254,curvature/c_fd_random,0.0005298190646701389,True,
d12-s11,883,0.3503968253968254,curvature/verdict_code_random,1.0,True,
d12-s11,883,0.3503968253968254,curvature/e_curv_random,,False,noise_floor_inconclusive
d12-s11,883,0.3503968253968254,curvature/vhv_gradient,3.598305618937801,True,
d12-s11,883,0.3503968253968254,curvature/e_fd_gradient,0.0006965482812517282,True,
d12-s11,883,0.3503968253968254,curvature/fd_cos_gradient,0.9999997625418271,True,
d12-s11,883,0.3503968253968254,curvature/fd_eps_gradient,0.001,True,
d12-s11,883,0.3503968253968254,curvature/fd_snr_gradient,25746.61810360257,True,
d12-s11,883,0.3503968253968254,curvature/fd_floor_gradient,0.00025946106393423036,True,
d12-s11,883,0.3503968253968254,curvature/fd_conclusive_gradient,1.0,True,
d12-s11,883,0.3503968253968254,curvature/e_sym_gradient,6.430910698416213e-08,True,
d12-s11,883,0.3503968253968254,curvature/e_lin_gradient,4.746132649251812e-07,True,
d12-s11,883,0.3503968253968254,curvature/curv_eps_gradient,0.008602806544914778,True,
d12-s11,883,0.3503968253968254,curvature/curv_snr_gradient,296.3265069267622,True,
d12-s11,883,0.3503968253968254,curvature/curv_floor_gradient,0.012159767427332515,True,
d12-s11,883,0.3503968253968254,curvature/c_fd_gradient,3.6032614067832656,True,
d12-s11,883,0.3503968253968254,curvature/verdict_code_gradient,0.0,True,
d12-s11,883,0.3503968253968254,curvature/e_curv_gradient,0.0013753617309405428,True,
d12-s11,883,0.3503968253968254,curvature/vhv_update,1.6549595584596173e-07,True,
d12-s11,883,0.3503968253968254,curvature/e_fd_update,,False,noise_floor_inconclusive
d12-s11,883,0.3503968253968254,curvature/fd_cos_update,,False,noise_floor_inconclusive
d12-s11,883,0.3503968253968254,curvature/fd_eps_update,0.03,True,
d12-s11,883,0.3503968253968254,curvature/fd_snr_update,114.65504260770379,True,
d12-s11,883,0.3503968253968254,curvature/fd_floor_update,8.648679478852167e-06,True,
d12-s11,883,0.3503968253968254,curvature/fd_conclusive_update,0.0,True,
d12-s11,883,0.3503968253968254,curvature/e_sym_update,3.6473380483821744e-07,True,
d12-s11,883,0.3503968253968254,curvature/e_lin_update,6.787838914407297e-07,True,
d12-s11,883,0.3503968253968254,curvature/curv_eps_update,0.03,True,
d12-s11,883,0.3503968253968254,curvature/curv_snr_update,0.39741210677722827,True,
d12-s11,883,0.3503968253968254,curvature/curv_floor_update,0.0009998797010110946,True,
d12-s11,883,0.3503968253968254,curvature/c_fd_update,0.0003973642985026042,True,
d12-s11,883,0.3503968253968254,curvature/verdict_code_update,1.0,True,
d12-s11,883,0.3503968253968254,curvature/e_curv_update,,False,noise_floor_inconclusive
d12-s11,1009,0.4003968253968254,update/p1,-0.022672009168028053,True,
d12-s11,1009,0.4003968253968254,update/p2,0.01767362058730627,True,
d12-s11,1009,0.4003968253968254,update/actual,0.016687750816345215,True,
d12-s11,1009,0.4003968253968254,update/residual_p1,0.03935975998437327,True,
d12-s11,1009,0.4003968253968254,update/residual_p2,-0.0009858697709610557,True,
d12-s11,1009,0.4003968253968254,update/normalized_residual,-0.05578199249502602,True,
d12-s11,1009,0.4003968253968254,update/loss_before,1.9142063856124878,True,
d12-s11,1009,0.4003968253968254,update/loss_after,1.930894136428833,True,
d12-s11,1009,0.4003968253968254,update/direction_norm,700.267622656358,True,
d12-s11,1009,0.4003968253968254,curvature/dhd,0.08069125951066865,True,
d12-s11,1009,0.4003968253968254,curvature/gHg,23.450818449633033,True,
d12-s11,1009,0.4003968253968254,curvature/gg,5.6143381271227515,True,
d12-s11,1009,0.4003968253968254,curvature/eta_star,0.23940904831023527,True,
d12-s11,1009,0.4003968253968254,curvature/Hg_norm,19.752154793195132,True,
d12-s11,1009,0.4003968253968254,curvature/eta_star_rho,0.5010652006433345,True,
d12-s11,1009,0.4003968253968254,curvature/eta_star_rho_threshold,9.5367431640625e-07,True,
d12-s11,1009,0.4003968253968254,curvature/shadow_verdict_code,2.0,True,
d12-s11,1009,0.4003968253968254,curvature/arith_eps,1.1920928955078125e-07,True,
d12-s11,1009,0.4003968253968254,curvature/vhv_random,6.050838656090324e-06,True,
d12-s11,1009,0.4003968253968254,curvature/e_fd_random,,False,insufficient_conclusive_points
d12-s11,1009,0.4003968253968254,curvature/fd_cos_random,,False,insufficient_conclusive_points
d12-s11,1009,0.4003968253968254,curvature/fd_eps_random,0.03,True,
d12-s11,1009,0.4003968253968254,curvature/fd_snr_random,549.3416816964527,True,
d12-s11,1009,0.4003968253968254,curvature/fd_floor_random,9.415385503133563e-06,True,
d12-s11,1009,0.4003968253968254,curvature/fd_conclusive_random,0.0,True,
d12-s11,1009,0.4003968253968254,curvature/e_sym_random,0.0010843841164397898,True,
d12-s11,1009,0.4003968253968254,curvature/e_lin_random,7.551521353794062e-07,True,
d12-s11,1009,0.4003968253968254,curvature/curv_eps_random,0.003,True,
d12-s11,1009,0.4003968253968254,curvature/curv_snr_random,0.26120486240517804,True,
d12-s11,1009,0.4003968253968254,curvature/curv_floor_random,0.10141830052311383,True,
d12-s11,1009,0.4003968253968254,curvature/c_fd_random,-0.026490953233506944,True,
d12-s11,1009,0.4003968253968254,curvature/verdict_code_random,2.0,True,
d12-s11,1009,0.4003968253968254,curvature/e_curv_random,,False,noise_floor_inconclusive
d12-s11,1009,0.4003968253968254,curvature/vhv_gradient,4.176951833469863,True,
d12-s11,1009,0.4003968253968254,curvature/e_fd_gradient,0.0007369282118585323,True,
d12-s11,1009,0.4003968253968254,curvature/fd_cos_gradient,0.9999997287066535,True,
d12-s11,1009,0.4003968253968254,curvature/fd_eps_gradient,0.001,True,
d12-s11,1009,0.4003968253968254,curvature/fd_snr_gradient,29513.053309554078,True,
d12-s11,1009,0.4003968253968254,curvature/fd_floor_gradient,0.00028246243422157827,True,
d12-s11,1009,0.4003968253968254,curvature/fd_conclusive_gradient,1.0,True,
d12-s11,1009,0.4003968253968254,curvature/e_sym_gradient,9.91762623600078e-09,True,
d12-s11,1009,0.4003968253968254,curvature/e_lin_gradient,5.454495855957802e-07,True,
d12-s11,1009,0.4003968253968254,curvature/curv_eps_gradient,0.007400828044922853,True,
d12-s11,1009,0.4003968253968254,curvature/curv_snr_gradient,250.7491645756537,True,
d12-s11,1009,0.4003968253968254,curvature/curv_floor_gradient,0.01666522595177537,True,
d12-s11,1009,0.4003968253968254,curvature/c_fd_gradient,4.178791484872177,True,
d12-s11,1009,0.4003968253968254,curvature/verdict_code_gradient,0.0,True,
d12-s11,1009,0.4003968253968254,curvature/e_curv_gradient,0.0004402352711243144,True,
d12-s11,1009,0.4003968253968254,curvature/vhv_update,1.645501788375064e-07,True,
d12-s11,1009,0.4003968253968254,curvature/e_fd_update,,False,noise_floor_inconclusive
d12-s11,1009,0.4003968253968254,curvature/fd_cos_update,,False,noise_floor_inconclusive
d12-s11,1009,0.4003968253968254,curvature/fd_eps_update,0.03,True,
d12-s11,1009,0.4003968253968254,curvature/fd_snr_update,111.46661061856038,True,
d12-s11,1009,0.4003968253968254,curvature/fd_floor_update,9.415385743964135e-06,True,
d12-s11,1009,0.4003968253968254,curvature/fd_conclusive_update,0.0,True,
d12-s11,1009,0.4003968253968254,curvature/e_sym_update,8.656142852754879e-07,True,
d12-s11,1009,0.4003968253968254,curvature/e_lin_update,7.223596515406324e-07,True,
d12-s11,1009,0.4003968253968254,curvature/curv_eps_update,0.03,True,
d12-s11,1009,0.4003968253968254,curvature/curv_snr_update,0.6530121865132303,True,
d12-s11,1009,0.4003968253968254,curvature/curv_floor_update,0.0010141829578616227,True,
d12-s11,1009,0.4003968253968254,curvature/c_fd_update,-0.0006622738308376736,True,
d12-s11,1009,0.4003968253968254,curvature/verdict_code_update,1.0,True,
d12-s11,1009,0.4003968253968254,curvature/e_curv_update,,False,noise_floor_inconclusive
d12-s11,1135,0.4503968253968254,update/p1,-0.09494895123551375,True,
d12-s11,1135,0.4503968253968254,update/p2,-0.051757598000785845,True,
d12-s11,1135,0.4503968253968254,update/actual,-0.054540157318115234,True,
d12-s11,1135,0.4503968253968254,update/residual_p1,0.04040879391739852,True,
d12-s11,1135,0.4503968253968254,update/residual_p2,-0.002782559317329389,True,
d12-s11,1135,0.4503968253968254,update/normalized_residual,-0.051018542192674904,True,
d12-s11,1135,0.4503968253968254,update/loss_before,1.816720962524414,True,
d12-s11,1135,0.4503968253968254,update/loss_after,1.7621808052062988,True,
d12-s11,1135,0.4503968253968254,update/direction_norm,647.3832129914349,True,
d12-s11,1135,0.4503968253968254,curvature/dhd,0.08638270646945581,True,
d12-s11,1135,0.4503968253968254,curvature/gHg,32.74033423301164,True,
d12-s11,1135,0.4503968253968254,curvature/gg,6.720000158172982,True,
d12-s11,1135,0.4503968253968254,curvature/eta_star,0.20525142200281193,True,
d12-s11,1135,0.4503968253968254,curvature/Hg_norm,23.553126506510708,True,
d12-s11,1135,0.4503968253968254,curvature/eta_star_rho,0.5362285119748684,True,
d12-s11,1135,0.4503968253968254,curvature/eta_star_rho_threshold,9.5367431640625e-07,True,
d12-s11,1135,0.4503968253968254,curvature/shadow_verdict_code,1.0,True,
d12-s11,1135,0.4503968253968254,curvature/arith_eps,1.1920928955078125e-07,True,
d12-s11,1135,0.4503968253968254,curvature/vhv_random,7.221174085057311e-06,True,
d12-s11,1135,0.4503968253968254,curvature/e_fd_random,,False,insufficient_conclusive_points
d12-s11,1135,0.4503968253968254,curvature/fd_cos_random,,False,insufficient_conclusive_points
d12-s11,1135,0.4503968253968254,curvature/fd_eps_random,0.03,True,
d12-s11,1135,0.4503968253968254,curvature/fd_snr_random,558.8222455447453,True,
d12-s11,1135,0.4503968253968254,curvature/fd_floor_random,1.0300860899268023e-05,True,
d12-s11,1135,0.4503968253968254,curvature/fd_conclusive_random,0.0,True,
d12-s11,1135,0.4503968253968254,curvature/e_sym_random,1.1360658348093872e-06,True,
d12-s11,1135,0.4503968253968254,curvature/e_lin_random,7.25691574255441e-07,True,
d12-s11,1135,0.4503968253968254,curvature/curv_eps_random,0.01,True,
d12-s11,1135,0.4503968253968254,curvature/curv_snr_random,0.412831677820139,True,
d12-s11,1135,0.4503968253968254,curvature/curv_floor_random,0.008662801036507517,True,
d12-s11,1135,0.4503968253968254,curvature/c_fd_random,0.0035762786865234375,True,
d12-s11,1135,0.4503968253968254,curvature/verdict_code_random,1.0,True,
d12-s11,1135,0.4503968253968254,curvature/e_curv_random,,False,noise_floor_inconclusive
d12-s11,1135,0.4503968253968254,curvature/vhv_gradient,4.872073614531418,True,
d12-s11,1135,0.4503968253968254,curvature/e_fd_gradient,0.0012533617492844187,True,
d12-s11,1135,0.4503968253968254,curvature/fd_cos_gradient,0.9999992246793732,True,
d12-s11,1135,0.4503968253968254,curvature/fd_eps_gradient,0.0003,True,
d12-s11,1135,0.4503968253968254,curvature/fd_snr_gradient,8821.702410203707,True,
d12-s11,1135,0.4503968253968254,curvature/fd_floor_gradient,0.001030086601116549,True,
d12-s11,1135,0.4503968253968254,curvature/fd_conclusive_gradient,1.0,True,
d12-s11,1135,0.4503968253968254,curvature/e_sym_gradient,3.2685197845045384e-07,True,
d12-s11,1135,0.4503968253968254,curvature/e_lin_gradient,4.624392917324813e-07,True,
d12-s11,1135,0.4503968253968254,curvature/curv_eps_gradient,0.007400828044922853,True,
d12-s11,1135,0.4503968253968254,curvature/curv_snr_gradient,308.78674327135235,True,
d12-s11,1135,0.4503968253968254,curvature/curv_floor_gradient,0.0158166198982593,True,
d12-s11,1135,0.4503968253968254,curvature/c_fd_gradient,4.883962547944358,True,
d12-s11,1135,0.4503968253968254,curvature/verdict_code_gradient,0.0,True,
d12-s11,1135,0.4503968253968254,curvature/e_curv_gradient,0.002434280217391048,True,
d12-s11,1135,0.4503968253968254,curvature/vhv_update,2.0611230029703488e-07,True,
d12-s11,1135,0.4503968253968254,curvature/e_fd_update,,False,noise_floor_inconclusive
d12-s11,1135,0.4503968253968254,curvature/fd_cos_update,,False,noise_floor_inconclusive
d12-s11,1135,0.4503968253968254,curvature/fd_eps_update,0.03,True,
d12-s11,1135,0.4503968253968254,curvature/fd_snr_update,139.27665737111084,True,
d12-s11,1135,0.4503968253968254,curvature/fd_floor_update,1.0300861596523983e-05,True,
d12-s11,1135,0.4503968253968254,curvature/fd_conclusive_update,0.0,True,
d12-s11,1135,0.4503968253968254,curvature/e_sym_update,1.2765101255919315e-07,True,
d12-s11,1135,0.4503968253968254,curvature/e_lin_update,6.648770201839891e-07,True,
d12-s11,1135,0.4503968253968254,curvature/curv_eps_update,0.03,True,
d12-s11,1135,0.4503968253968254,curvature/curv_snr_update,0.6880527737926341,True,
d12-s11,1135,0.4503968253968254,curvature/curv_floor_update,0.0009625334800805124,True,
d12-s11,1135,0.4503968253968254,curvature/c_fd_update,0.0006622738308376736,True,
d12-s11,1135,0.4503968253968254,curvature/verdict_code_update,1.0,True,
d12-s11,1135,0.4503968253968254,curvature/e_curv_update,,False,noise_floor_inconclusive
d12-s11,1261,0.5003968253968254,update/p1,-0.041302005374313965,True,
d12-s11,1261,0.5003968253968254,update/p2,0.005784540321773675,True,
d12-s11,1261,0.5003968253968254,update/actual,0.0032519102096557617,True,
d12-s11,1261,0.5003968253968254,update/residual_p1,0.044553915583969726,True,
d12-s11,1261,0.5003968253968254,update/residual_p2,-0.002532630112117913,True,
d12-s11,1261,0.5003968253968254,update/normalized_residual,-0.43782737628862267,True,
d12-s11,1261,0.5003968253968254,update/loss_before,1.7522486448287964,True,
d12-s11,1261,0.5003968253968254,update/loss_after,1.7555005550384521,True,
d12-s11,1261,0.5003968253968254,update/direction_norm,612.105114422093,True,
d12-s11,1261,0.5003968253968254,curvature/dhd,0.09417309139217528,True,
d12-s11,1261,0.5003968253968254,curvature/gHg,114.66094856847461,True,
d12-s11,1261,0.5003968253968254,curvature/gg,9.426174328210418,True,
d12-s11,1261,0.5003968253968254,curvature/eta_star,0.08220910820898347,True,
d12-s11,1261,0.5003968253968254,curvature/Hg_norm,61.17650613295061,True,
d12-s11,1261,0.5003968253968254,curvature/eta_star_rho,0.6104683129995884,True,
d12-s11,1261,0.5003968253968254,curvature/eta_star_rho_threshold,9.5367431640625e-07,True,
d12-s11,1261,0.5003968253968254,curvature/shadow_verdict_code,1.0,True,
d12-s11,1261,0.5003968253968254,curvature/arith_eps,1.1920928955078125e-07,True,
d12-s11,1261,0.5003968253968254,curvature/vhv_random,6.183232904405893e-06,True,
d12-s11,1261,0.5003968253968254,curvature/e_fd_random,,False,insufficient_conclusive_points
d12-s11,1261,0.5003968253968254,curvature/fd_cos_random,,False,insufficient_conclusive_points
d12-s11,1261,0.5003968253968254,curvature/fd_eps_random,0.03,True,
d12-s11,1261,0.5003968253968254,curvature/fd_snr_random,559.4517179978052,True,
d12-s11,1261,0.5003968253968254,curvature/fd_floor_random,1.2199909969885879e-05,True,
d12-s11,1261,0.5003968253968254,curvature/fd_conclusive_random,0.0,True,
d12-s11,1261,0.5003968253968254,curvature/e_sym_random,3.8240142586554145e-08,True,
d12-s11,1261,0.5003968253968254,curvature/e_lin_random,7.992841206722112e-07,True,
d12-s11,1261,0.5003968253968254,curvature/curv_eps_random,0.1,True,
d12-s11,1261,0.5003968253968254,curvature/curv_snr_random,0.5706952234884067,True,
d12-s11,1261,0.5003968253968254,curvature/curv_floor_random,8.355373211088589e-05,True,
d12-s11,1261,0.5003968253968254,curvature/c_fd_random,4.768371582031249e-05,True,
d12-s11,1261,0.5003968253968254,curvature/verdict_code_random,1.0,True,
d12-s11,1261,0.5003968253968254,curvature/e_curv_random,,False,noise_floor_inconclusive
d12-s11,1261,0.5003968253968254,curvature/vhv_gradient,12.164101003728423,True,
d12-s11,1261,0.5003968253968254,curvature/e_fd_gradient,0.00021407900652763972,True,
d12-s11,1261,0.5003968253968254,curvature/fd_cos_gradient,0.9999999776606514,True,
d12-s11,1261,0.5003968253968254,curvature/fd_eps_gradient,0.001,True,
d12-s11,1261,0.5003968253968254,curvature/fd_snr_gradient,54442.24039508415,True,
d12-s11,1261,0.5003968253968254,curvature/fd_floor_gradient,0.0003659998698049387,True,
d12-s11,1261,0.5003968253968254,curvature/fd_conclusive_gradient,1.0,True,
d12-s11,1261,0.5003968253968254,curvature/e_sym_gradient,2.4069736814176453e-07,True,
d12-s11,1261,0.5003968253968254,curvature/e_lin_gradient,4.3426323536135734e-07,True,
d12-s11,1261,0.5003968253968254,curvature/curv_eps_gradient,0.004711951202502903,True,
d12-s11,1261,0.5003968253968254,curvature/curv_snr_gradient,323.8570578056273,True,
d12-s11,1261,0.5003968253968254,curvature/curv_floor_gradient,0.037634055623404855,True,
d12-s11,1261,0.5003968253968254,curvature/c_fd_gradient,12.188054527489218,True,
d12-s11,1261,0.5003968253968254,curvature/verdict_code_gradient,0.0,True,
d12-s11,1261,0.5003968253968254,curvature/e_curv_gradient,0.0019653279124055415,True,
d12-s11,1261,0.5003968253968254,curvature/vhv_update,2.5134767308217613e-07,True,
d12-s11,1261,0.5003968253968254,curvature/e_fd_update,,False,noise_floor_inconclusive
d12-s11,1261,0.5003968253968254,curvature/fd_cos_update,,False,noise_floor_inconclusive
d12-s11,1261,0.5003968253968254,curvature/fd_eps_update,0.03,True,
d12-s11,1261,0.5003968253968254,curvature/fd_snr_update,141.07372577010378,True,
d12-s11,1261,0.5003968253968254,curvature/fd_floor_update,1.2199910043496897e-05,True,
d12-s11,1261,0.5003968253968254,curvature/fd_conclusive_update,0.0,True,
d12-s11,1261,0.5003968253968254,curvature/e_sym_update,1.1830660293642813e-05,True,
d12-s11,1261,0.5003968253968254,curvature/e_lin_update,7.640465139199738e-07,True,
d12-s11,1261,0.5003968253968254,curvature/curv_eps_update,0.003,True,
d12-s11,1261,0.5003968253968254,curvature/curv_snr_update,0.14267381315190875,True,
d12-s11,1261,0.5003968253968254,curvature/curv_floor_update,0.09283747538625499,True,
d12-s11,1261,0.5003968253968254,curvature/c_fd_update,0.013245476616753472,True,
d12-s11,1261,0.5003968253968254,curvature/verdict_code_update,1.0,True,
d12-s11,1261,0.5003968253968254,curvature/e_curv_update,,False,noise_floor_inconclusive
d12-s11,1386,0.55,update/p1,-0.05024560122478039,True,
d12-s11,1386,0.55,update/p2,-0.014225161436059265,True,
d12-s11,1386,0.55,update/actual,-0.015537023544311523,True,
d12-s11,1386,0.55,update/residual_p1,0.034708577680468866,True,
d12-s11,1386,0.55,update/residual_p2,-0.0013118621082522583,True,
d12-s11,1386,0.55,update/normalized_residual,-0.08443458327206838,True,
d12-s11,1386,0.55,update/loss_before,1.7602756023406982,True,
d12-s11,1386,0.55,update/loss_after,1.7447385787963867,True,
d12-s11,1386,0.55,update/direction_norm,562.388078718987,True,
d12-s11,1386,0.55,curvature/dhd,0.07204087957744225,True,
d12-s11,1386,0.55,curvature/gHg,148.28406780955336,True,
d12-s11,1386,0.55,curvature/gg,10.157723949801998,True,
d12-s11,1386,0.55,curvature/eta_star,0.06850178916623688,True,
d12-s11,1386,0.55,curvature/Hg_norm,72.30963556410987,True,
d12-s11,1386,0.55,curvature/eta_star_rho,0.6434282361870882,True,
d12-s11,1386,0.55,curvature/eta_star_rho_threshold,9.5367431640625e-07,True,
d12-s11,1386,0.55,curvature/shadow_verdict_code,1.0,True,
d12-s11,1386,0.55,curvature/arith_eps,1.1920928955078125e-07,True,
d12-s11,1386,0.55,curvature/vhv_random,7.0532620037125125e-06,True,
d12-s11,1386,0.55,curvature/e_fd_random,,False,insufficient_conclusive_points
d12-s11,1386,0.55,curvature/fd_cos_random,,False,insufficient_conclusive_points
d12-s11,1386,0.55,curvature/fd_eps_random,0.03,True,
d12-s11,1386,0.55,curvature/fd_snr_random,605.9472036709361,True,
d12-s11,1386,0.55,curvature/fd_floor_random,1.2664470675165722e-05,True,
d12-s11,1386,0.55,curvature/fd_conclusive_random,0.0,True,
d12-s11,1386,0.55,curvature/e_sym_random,1.0275032831138578e-06,True,
d12-s11,1386,0.55,curvature/e_lin_random,8.375712214766649e-07,True,
d12-s11,1386,0.55,curvature/curv_eps_random,0.003,True,
d12-s11,1386,0.55,curvature/curv_snr_random,0.7101161341743203,True,
d12-s11,1386,0.55,curvature/curv_floor_random,0.09326274942446212,True,
d12-s11,1386,0.55,curvature/c_fd_random,-0.06622738308376735,True,
d12-s11,1386,0.55,curvature/verdict_code_random,1.0,True,
d12-s11,1386,0.55,curvature/e_curv_random,,False,noise_floor_inconclusive
d12-s11,1386,0.55,curvature/vhv_gradient,14.598158061060902,True,
d12-s11,1386,0.55,curvature/e_fd_gradient,0.00024206860605919715,True,
d12-s11,1386,0.55,curvature/fd_cos_gradient,0.9999999707853937,True,
d12-s11,1386,0.55,curvature/fd_eps_gradient,0.001,True,
d12-s11,1386,0.55,curvature/fd_snr_gradient,59715.717163700545,True,
d12-s11,1386,0.55,curvature/fd_floor_gradient,0.00037993991479810184,True,
d12-s11,1386,0.55,curvature/fd_conclusive_gradient,1.0,True,
d12-s11,1386,0.55,curvature/e_sym_gradient,2.299338444715364e-07,True,
d12-s11,1386,0.55,curvature/e_lin_gradient,4.565042155965223e-07,True,
d12-s11,1386,0.55,curvature/curv_eps_gradient,0.004053600464421103,True,
d12-s11,1386,0.55,curvature/curv_snr_gradient,285.74097468199705,True,
d12-s11,1386,0.55,curvature/curv_floor_gradient,0.05108385602724925,True,
d12-s11,1386,0.55,curvature/c_fd_gradient,14.59675081174101,True,
d12-s11,1386,0.55,curvature/verdict_code_gradient,0.0,True,
d12-s11,1386,0.55,curvature/e_curv_gradient,9.639910144862927e-05,True,
d12-s11,1386,0.55,curvature/vhv_update,2.2777537433974766e-07,True,
d12-s11,1386,0.55,curvature/e_fd_update,,False,noise_floor_inconclusive
d12-s11,1386,0.55,curvature/fd_cos_update,,False,noise_floor_inconclusive
d12-s11,1386,0.55,curvature/fd_eps_update,0.03,True,
d12-s11,1386,0.55,curvature/fd_snr_update,144.9904870075865,True,
d12-s11,1386,0.55,curvature/fd_floor_update,1.2664471391558037e-05,True,
d12-s11,1386,0.55,curvature/fd_conclusive_update,0.0,True,
d12-s11,1386,0.55,curvature/e_sym_update,7.633712341350915e-07,True,
d12-s11,1386,0.55,curvature/e_lin_update,7.407962645981275e-07,True,
d12-s11,1386,0.55,curvature/curv_eps_update,0.003,True,
d12-s11,1386,0.55,curvature/curv_snr_update,0.4260696660774575,True,
d12-s11,1386,0.55,curvature/curv_floor_update,0.09326275258242983,True,
d12-s11,1386,0.55,curvature/c_fd_update,-0.039736429850260414,True,
d12-s11,1386,0.55,curvature/verdict_code_update,1.0,True,
d12-s11,1386,0.55,curvature/e_curv_update,,False,noise_floor_inconclusive
d12-s11,1512,0.6,update/p1,-0.050762045774723194,True,
d12-s11,1512,0.6,update/p2,-0.01752873734383381,True,
d12-s11,1512,0.6,update/actual,-0.02075183391571045,True,
d12-s11,1512,0.6,update/residual_p1,0.030010211859012745,True,
d12-s11,1512,0.6,update/residual_p2,-0.003223096571876638,True,
d12-s11,1512,0.6,update/normalized_residual,-0.1553162281930442,True,
d12-s11,1512,0.6,update/loss_before,1.6917157173156738,True,
d12-s11,1512,0.6,update/loss_after,1.6709638833999634,True,
d12-s11,1512,0.6,update/direction_norm,498.4808364636794,True,
d12-s11,1512,0.6,curvature/dhd,0.06646661686177877,True,
d12-s11,1512,0.6,curvature/gHg,66.85239808415423,True,
d12-s11,1512,0.6,curvature/gg,8.705761603479822,True,
d12-s11,1512,0.6,curvature/eta_star,0.13022362477589738,True,
d12-s11,1512,0.6,curvature/Hg_norm,42.63680594328327,True,
d12-s11,1512,0.6,curvature/eta_star_rho,0.5314090454469662,True,
d12-s11,1512,0.6,curvature/eta_star_rho_threshold,9.5367431640625e-07,True,
d12-s11,1512,0.6,curvature/shadow_verdict_code,1.0,True,
d12-s11,1512,0.6,curvature/arith_eps,1.1920928955078125e-07,True,
d12-s11,1512,0.6,curvature/vhv_random,8.473062153125957e-06,True,
d12-s11,1512,0.6,curvature/e_fd_random,,False,insufficient_conclusive_points
d12-s11,1512,0.6,curvature/fd_cos_random,,False,insufficient_conclusive_points
d12-s11,1512,0.6,curvature/fd_eps_random,0.03,True,
d12-s11,1512,0.6,curvature/fd_snr_random,649.9859791827722,True,
d12-s11,1512,0.6,curvature/fd_floor_random,1.1724443436961182e-05,True,
d12-s11,1512,0.6,curvature/fd_conclusive_random,0.0,True,
d12-s11,1512,0.6,curvature/e_sym_random,1.138811341526945e-06,True,
d12-s11,1512,0.6,curvature/e_lin_random,7.640573598451071e-07,True,
d12-s11,1512,0.6,curvature/curv_eps_random,0.03,True,
d12-s11,1512,0.6,curvature/curv_snr_random,0.295557943039035,True,
d12-s11,1512,0.6,curvature/curv_floor_random,0.0008963032074562863,True,
d12-s11,1512,0.6,curvature/c_fd_random,-0.00026490953233506944,True,
d12-s11,1512,0.6,curvature/verdict_code_random,1.0,True,
d12-s11,1512,0.6,curvature/e_curv_random,,False,noise_floor_inconclusive
d12-s11,1512,0.6,curvature/vhv_gradient,7.6790985751700225,True,
d12-s11,1512,0.6,curvature/e_fd_gradient,0.0006350810954928931,True,
d12-s11,1512,0.6,curvature/fd_cos_gradient,0.999999798699298,True,
d12-s11,1512,0.6,curvature/fd_eps_gradient,0.001,True,
d12-s11,1512,0.6,curvature/fd_snr_gradient,41084.31485977035,True,
d12-s11,1512,0.6,curvature/fd_floor_gradient,0.0003517361792679692,True,
d12-s11,1512,0.6,curvature/fd_conclusive_gradient,1.0,True,
d12-s11,1512,0.6,curvature/e_sym_gradient,5.766920653825325e-07,True,
d12-s11,1512,0.6,curvature/e_lin_gradient,4.743033809241935e-07,True,
d12-s11,1512,0.6,curvature/curv_eps_gradient,0.005477225575051661,True,
d12-s11,1512,0.6,curvature/curv_snr_gradient,285.6470147627404,True,
d12-s11,1512,0.6,curvature/curv_floor_gradient,0.026890012823817717,True,
d12-s11,1512,0.6,curvature/c_fd_gradient,7.681051890055338,True,
d12-s11,1512,0.6,curvature/verdict_code_gradient,0.0,True,
d12-s11,1512,0.6,curvature/e_curv_gradient,0.0002543030451134472,True,
d12-s11,1512,0.6,curvature/vhv_update,2.674894271386826e-07,True,
d12-s11,1512,0.6,curvature/e_fd_update,,False,noise_floor_inconclusive
d12-s11,1512,0.6,curvature/fd_cos_update,,False,noise_floor_inconclusive
d12-s11,1512,0.6,curvature/fd_eps_update,0.03,True,
d12-s11,1512,0.6,curvature/fd_snr_update,188.21277116889647,True,
d12-s11,1512,0.6,curvature/fd_floor_update,1.1724444032938199e-05,True,
d12-s11,1512,0.6,curvature/fd_conclusive_update,0.0,True,
d12-s11,1512,0.6,curvature/e_sym_update,2.177059333697492e-06,True,
d12-s11,1512,0.6,curvature/e_lin_update,7.14795919975632e-07,True,
d12-s11,1512,0.6,curvature/curv_eps_update,0.1,True,
d12-s11,1512,0.6,curvature/curv_snr_update,0.44333687550805245,True,
d12-s11,1512,0.6,curvature/curv_floor_update,8.06672957764931e-05,True,
d12-s11,1512,0.6,curvature/c_fd_update,3.576278686523437e-05,True,
d12-s11,1512,0.6,curvature/verdict_code_update,1.0,True,
d12-s11,1512,0.6,curvature/e_curv_update,,False,noise_floor_inconclusive
d12-s11,1638,0.65,update/p1,-0.018963391495791952,True,
d12-s11,1638,0.65,update/p2,-0.002895638113334806,True,
d12-s11,1638,0.65,update/actual,-0.0033299922943115234,True,
d12-s11,1638,0.65,update/residual_p1,0.01563339920148043,True,
d12-s11,1638,0.65,update/residual_p2,-0.00043435418097671763,True,
d12-s11,1638,0.65,update/normalized_residual,-0.1304369928178829,True,
d12-s11,1638,0.65,update/loss_before,1.6527676582336426,True,
d12-s11,1638,0.65,update/loss_after,1.649437665939331,True,
d12-s11,1638,0.65,update/direction_norm,450.5865363056356,True,
d12-s11,1638,0.65,curvature/dhd,0.03213550676491429,True,
d12-s11,1638,0.65,curvature/gHg,158.34762605114798,True,
d12-s11,1638,0.65,curvature/gg,11.201211117355168,True,
d12-s11,1638,0.65,curvature/eta_star,0.07073810575307934,True,
d12-s11,1638,0.65,curvature/Hg_norm,80.33966165886318,True,
d12-s11,1638,0.65,curvature/eta_star_rho,0.588910187232443,True,
d12-s11,1638,0.65,curvature/eta_star_rho_threshold,9.5367431640625e-07,True,
d12-s11,1638,0.65,curvature/shadow_verdict_code,1.0,True,
d12-s11,1638,0.65,curvature/arith_eps,1.1920928955078125e-07,True,
d12-s11,1638,0.65,curvature/vhv_random,8.901883567348845e-06,True,
d12-s11,1638,0.65,curvature/e_fd_random,,False,insufficient_conclusive_points
d12-s11,1638,0.65,curvature/fd_cos_random,,False,insufficient_conclusive_points
d12-s11,1638,0.65,curvature/fd_eps_random,0.03,True,
d12-s11,1638,0.65,curvature/fd_snr_random,643.3075253080093,True,
d12-s11,1638,0.65,curvature/fd_floor_random,1.3299071117797097e-05,True,
d12-s11,1638,0.65,curvature/fd_conclusive_random,0.0,True,
d12-s11,1638,0.65,curvature/e_sym_random,9.785280490530474e-07,True,
d12-s11,1638,0.65,curvature/e_lin_random,8.154451664809463e-07,True,
d12-s11,1638,0.65,curvature/curv_eps_random,0.003,True,
d12-s11,1638,0.65,curvature/curv_snr_random,0.30252284976497934,True,
d12-s11,1638,0.65,curvature/curv_floor_random,0.08756678463820815,True,
d12-s11,1638,0.65,curvature/c_fd_random,0.026490953233506944,True,
d12-s11,1638,0.65,curvature/verdict_code_random,1.0,True,
d12-s11,1638,0.65,curvature/e_curv_random,,False,noise_floor_inconclusive
d12-s11,1638,0.65,curvature/vhv_gradient,14.136650656777901,True,
d12-s11,1638,0.65,curvature/e_fd_gradient,0.00023876210243678914,True,
d12-s11,1638,0.65,curvature/fd_cos_gradient,0.9999999715838046,True,
d12-s11,1638,0.65,curvature/fd_eps_gradient,0.001,True,
d12-s11,1638,0.65,curvature/fd_snr_gradient,60165.60509582364,True,
d12-s11,1638,0.65,curvature/fd_floor_gradient,0.0003989782151463745,True,
d12-s11,1638,0.65,curvature/fd_conclusive_gradient,1.0,True,
d12-s11,1638,0.65,curvature/e_sym_gradient,4.032005614552917e-07,True,
d12-s11,1638,0.65,curvature/e_lin_gradient,4.5061190536550955e-07,True,
d12-s11,1638,0.65,curvature/curv_eps_gradient,0.004053600464421103,True,
d12-s11,1638,0.65,curvature/curv_snr_gradient,294.6469165642438,True,
d12-s11,1638,0.65,curvature/curv_floor_gradient,0.04796398622306242,True,
d12-s11,1638,0.65,curvature/c_fd_gradient,14.132440646755212,True,
d12-s11,1638,0.65,curvature/verdict_code_gradient,0.0,True,
d12-s11,1638,0.65,curvature/e_curv_gradient,0.00029780816721748963,True,
d12-s11,1638,0.65,curvature/vhv_update,1.5828096328267547e-07,True,
d12-s11,1638,0.65,curvature/e_fd_update,,False,noise_floor_inconclusive
d12-s11,1638,0.65,curvature/fd_cos_update,,False,noise_floor_inconclusive
d12-s11,1638,0.65,curvature/fd_eps_update,0.03,True,
d12-s11,1638,0.65,curvature/fd_snr_update,112.3087120271873,True,
d12-s11,1638,0.65,curvature/fd_floor_update,1.3299070969815449e-05,True,
d12-s11,1638,0.65,curvature/fd_conclusive_update,0.0,True,
d12-s11,1638,0.65,curvature/e_sym_update,1.264793792695831e-06,True,
d12-s11,1638,0.65,curvature/e_lin_update,7.712974818725132e-07,True,
d12-s11,1638,0.65,curvature/curv_eps_update,0.01,True,
d12-s11,1638,0.65,curvature/curv_snr_update,0.45378431556013427,True,
d12-s11,1638,0.65,curvature/curv_floor_update,0.007881009906895997,True,
d12-s11,1638,0.65,curvature/c_fd_update,-0.0035762786865234375,True,
d12-s11,1638,0.65,curvature/verdict_code_update,1.0,True,
d12-s11,1638,0.65,curvature/e_curv_update,,False,noise_floor_inconclusive
d12-s11,1764,0.7,update/p1,-0.03913504977773016,True,
d12-s11,1764,0.7,update/p2,-0.026290788778206668,True,
d12-s11,1764,0.7,update/actual,-0.02637624740600586,True,
d12-s11,1764,0.7,update/residual_p1,0.012758802371724304,True,
d12-s11,1764,0.7,update/residual_p2,-8.545862779919117e-05,True,
d12-s11,1764,0.7,update/normalized_residual,-0.003239984311783953,True,
d12-s11,1764,0.7,update/loss_before,1.6252810955047607,True,
d12-s11,1764,0.7,update/loss_after,1.5989048480987549,True,
d12-s11,1764,0.7,update/direction_norm,395.28756665751433,True,
d12-s11,1764,0.7,curvature/dhd,0.02568852199904699,True,
d12-s11,1764,0.7,curvature/gHg,158.72738317684178,True,
d12-s11,1764,0.7,curvature/gg,11.643181246517592,True,
d12-s11,1764,0.7,curvature/eta_star,0.07335332450825867,True,
d12-s11,1764,0.7,curvature/Hg_norm,80.86930148350048,True,
d12-s11,1764,0.7,curvature/eta_star_rho,0.5752178248670128,True,
d12-s11,1764,0.7,curvature/eta_star_rho_threshold,9.5367431640625e-07,True,
d12-s11,1764,0.7,curvature/shadow_verdict_code,1.0,True,
d12-s11,1764,0.7,curvature/arith_eps,1.1920928955078125e-07,True,
d12-s11,1764,0.7,curvature/vhv_random,9.923517256973303e-06,True,
d12-s11,1764,0.7,curvature/e_fd_random,,False,insufficient_conclusive_points
d12-s11,1764,0.7,curvature/fd_cos_random,,False,insufficient_conclusive_points
d12-s11,1764,0.7,curvature/fd_eps_random,0.03,True,
d12-s11,1764,0.7,curvature/fd_snr_random,685.4114164697384,True,
d12-s11,1764,0.7,curvature/fd_floor_random,1.3558906122631892e-05,True,
d12-s11,1764,0.7,curvature/fd_conclusive_random,0.0,True,
d12-s11,1764,0.7,curvature/e_sym_random,3.899987732089993e-06,True,
d12-s11,1764,0.7,curvature/e_lin_random,8.196248089298932e-07,True,
d12-s11,1764,0.7,curvature/curv_eps_random,0.003,True,
d12-s11,1764,0.7,curvature/curv_snr_random,0.6152782285554809,True,
d12-s11,1764,0.7,curvature/curv_floor_random,0.08611048466870368,True,
d12-s11,1764,0.7,curvature/c_fd_random,-0.05298190646701389,True,
d12-s11,1764,0.7,curvature/verdict_code_random,1.0,True,
d12-s11,1764,0.7,curvature/e_curv_random,,False,noise_floor_inconclusive
d12-s11,1764,0.7,curvature/vhv_gradient,13.63264583831911,True,
d12-s11,1764,0.7,curvature/e_fd_gradient,0.00037967056054497077,True,
d12-s11,1764,0.7,curvature/fd_cos_gradient,0.9999999279406369,True,
d12-s11,1764,0.7,curvature/fd_eps_gradient,0.001,True,
d12-s11,1764,0.7,curvature/fd_snr_gradient,58263.428094385104,True,
d12-s11,1764,0.7,curvature/fd_floor_gradient,0.0004067727049613895,True,
d12-s11,1764,0.7,curvature/fd_conclusive_gradient,1.0,True,
d12-s11,1764,0.7,curvature/e_sym_gradient,8.748392859386859e-06,True,
d12-s11,1764,0.7,curvature/e_lin_gradient,4.703369891320717e-07,True,
d12-s11,1764,0.7,curvature/curv_eps_gradient,0.004053600464421103,True,
d12-s11,1764,0.7,curvature/curv_snr_gradient,288.8631597237133,True,
d12-s11,1764,0.7,curvature/curv_floor_gradient,0.04716628252918584,True,
d12-s11,1764,0.7,curvature/c_fd_gradient,13.624601403801996,True,
d12-s11,1764,0.7,curvature/verdict_code_gradient,0.0,True,
d12-s11,1764,0.7,curvature/e_curv_gradient,0.0005900860781186153,True,
d12-s11,1764,0.7,curvature/vhv_update,1.6440416755672894e-07,True,
d12-s11,1764,0.7,curvature/e_fd_update,,False,noise_floor_inconclusive
d12-s11,1764,0.7,curvature/fd_cos_update,,False,noise_floor_inconclusive
d12-s11,1764,0.7,curvature/fd_eps_update,0.03,True,
d12-s11,1764,0.7,curvature/fd_snr_update,115.10718538977378,True,
d12-s11,1764,0.7,curvature/fd_floor_update,1.3558906686670167e-05,True,
d12-s11,1764,0.7,curvature/fd_conclusive_update,0.0,True,
d12-s11,1764,0.7,curvature/e_sym_update,1.7015717508704563e-05,True,
d12-s11,1764,0.7,curvature/e_lin_update,8.193610428573662e-07,True,
d12-s11,1764,0.7,curvature/curv_eps_update,0.03,True,
d12-s11,1764,0.7,curvature/curv_snr_update,0.7690977997970821,True,
d12-s11,1764,0.7,curvature/curv_floor_update,0.0008611048308971982,True,
d12-s11,1764,0.7,curvature/c_fd_update,-0.0006622738308376736,True,
d12-s11,1764,0.7,curvature/verdict_code_update,1.0,True,
d12-s11,1764,0.7,curvature/e_curv_update,,False,noise_floor_inconclusive
d12-s11,1890,0.75,update/p1,-0.012515147957086218,True,
d12-s11,1890,0.75,update/p2,-0.0037707362316431303,True,
d12-s11,1890,0.75,update/actual,-0.0036940574645996094,True,
d12-s11,1890,0.75,update/residual_p1,0.008821090492486609,True,
d12-s11,1890,0.75,update/residual_p2,7.667876704352088e-05,True,
d12-s11,1890,0.75,update/normalized_residual,0.020335224299183465,True,
d12-s11,1890,0.75,update/loss_before,1.5563147068023682,True,
d12-s11,1890,0.75,update/loss_after,1.5526206493377686,True,
d12-s11,1890,0.75,update/direction_norm,340.58535234144256,True,
d12-s11,1890,0.75,curvature/dhd,0.017488823450886176,True,
d12-s11,1890,0.75,curvature/gHg,210.58383891793247,True,
d12-s11,1890,0.75,curvature/gg,12.811051201350294,True,
d12-s11,1890,0.75,curvature/eta_star,0.060835870725782254,True,
d12-s11,1890,0.75,curvature/Hg_norm,100.9253622371596,True,
d12-s11,1890,0.75,curvature/eta_star_rho,0.5829513847433219,True,
d12-s11,1890,0.75,curvature/eta_star_rho_threshold,9.5367431640625e-07,True,
d12-s11,1890,0.75,curvature/shadow_verdict_code,2.0,True,
d12-s11,1890,0.75,curvature/arith_eps,1.1920928955078125e-07,True,
d12-s11,1890,0.75,curvature/vhv_random,1.0449828269231605e-05,True,
d12-s11,1890,0.75,curvature/e_fd_random,,False,insufficient_conclusive_points
d12-s11,1890,0.75,curvature/fd_cos_random,,False,insufficient_conclusive_points
d12-s11,1890,0.75,curvature/fd_eps_random,0.03,True,
d12-s11,1890,0.75,curvature/fd_snr_random,700.6503055626727,True,
d12-s11,1890,0.75,curvature/fd_floor_random,1.4222673086261249e-05,True,
d12-s11,1890,0.75,curvature/fd_conclusive_random,0.0,True,
d12-s11,1890,0.75,curvature/e_sym_random,0.0005354915845460174,True,
d12-s11,1890,0.75,curvature/e_lin_random,9.355418432932236e-07,True,
d12-s11,1890,0.75,curvature/curv_eps_random,0.1,True,
d12-s11,1890,0.75,curvature/curv_snr_random,0.4819076460795401,True,
d12-s11,1890,0.75,curvature/curv_floor_random,7.42108724693935e-05,True,
d12-s11,1890,0.75,curvature/c_fd_random,3.576278686523437e-05,True,
d12-s11,1890,0.75,curvature/verdict_code_random,2.0,True,
d12-s11,1890,0.75,curvature/e_curv_random,,False,noise_floor_inconclusive
d12-s11,1890,0.75,curvature/vhv_gradient,16.43767045403692,True,
d12-s11,1890,0.75,curvature/e_fd_gradient,0.00027566714046436865,True,
d12-s11,1890,0.75,curvature/fd_cos_gradient,0.9999999620163975,True,
d12-s11,1890,0.75,curvature/fd_eps_gradient,0.001,True,
d12-s11,1890,0.75,curvature/fd_snr_gradient,66084.49690556672,True,
d12-s11,1890,0.75,curvature/fd_floor_gradient,0.00042668593881338836,True,
d12-s11,1890,0.75,curvature/fd_conclusive_gradient,1.0,True,
d12-s11,1890,0.75,curvature/e_sym_gradient,2.4284155331766953e-07,True,
d12-s11,1890,0.75,curvature/e_lin_gradient,4.6233737998053473e-07,True,
d12-s11,1890,0.75,curvature/curv_eps_gradient,0.0034872340605791446,True,
d12-s11,1890,0.75,curvature/curv_snr_gradient,269.2171134320838,True,
d12-s11,1890,0.75,curvature/curv_floor_gradient,0.06102661127785468,True,
d12-s11,1890,0.75,curvature/c_fd_gradient,16.42940813076589,True,
d12-s11,1890,0.75,curvature/verdict_code_gradient,0.0,True,
d12-s11,1890,0.75,curvature/e_curv_gradient,0.0005026456330374098,True,
d12-s11,1890,0.75,curvature/vhv_update,1.5076780991493308e-07,True,
d12-s11,1890,0.75,curvature/e_fd_update,,False,noise_floor_inconclusive
d12-s11,1890,0.75,curvature/fd_cos_update,,False,noise_floor_inconclusive
d12-s11,1890,0.75,curvature/fd_eps_update,0.03,True,
d12-s11,1890,0.75,curvature/fd_snr_update,101.69588382091472,True,
d12-s11,1890,0.75,curvature/fd_floor_update,1.4222673165749428e-05,True,
d12-s11,1890,0.75,curvature/fd_conclusive_update,0.0,True,
d12-s11,1890,0.75,curvature/e_sym_update,2.261188622844126e-06,True,
d12-s11,1890,0.75,curvature/e_lin_update,7.758041810352014e-07,True,
d12-s11,1890,0.75,curvature/curv_eps_update,0.01,True,
d12-s11,1890,0.75,curvature/curv_snr_update,0.32127177020515285,True,
d12-s11,1890,0.75,curvature/curv_floor_update,0.007421087104830804,True,
d12-s11,1890,0.75,curvature/c_fd_update,0.002384185791015625,True,
d12-s11,1890,0.75,curvature/verdict_code_update,1.0,True,
d12-s11,1890,0.75,curvature/e_curv_update,,False,noise_floor_inconclusive
d12-s11,2016,0.8,update/p1,-0.012755922316094463,True,
d12-s11,2016,0.8,update/p2,-0.007910768459028666,True,
d12-s11,2016,0.8,update/actual,-0.007965445518493652,True,
d12-s11,2016,0.8,update/residual_p1,0.00479047679760081,True,
d12-s11,2016,0.8,update/residual_p2,-5.467705946498626e-05,True,
d12-s11,2016,0.8,update/normalized_residual,-0.006864281393682328,True,
d12-s11,2016,0.8,update/loss_before,1.544690728187561,True,
d12-s11,2016,0.8,update/loss_after,1.5367252826690674,True,
d12-s11,2016,0.8,update/direction_norm,282.68321166905946,True,
d12-s11,2016,0.8,curvature/dhd,0.009690307714131593,True,
d12-s11,2016,0.8,curvature/gHg,200.63653638910418,True,
d12-s11,2016,0.8,curvature/gg,13.067645731770476,True,
d12-s11,2016,0.8,curvature/eta_star,0.0651309375996591,True,
d12-s11,2016,0.8,curvature/Hg_norm,97.69104046185451,True,
d12-s11,2016,0.8,curvature/eta_star_rho,0.5681416272106969,True,
d12-s11,2016,0.8,curvature/eta_star_rho_threshold,9.5367431640625e-07,True,
d12-s11,2016,0.8,curvature/shadow_verdict_code,1.0,True,
d12-s11,2016,0.8,curvature/arith_eps,1.1920928955078125e-07,True,
d12-s11,2016,0.8,curvature/vhv_random,1.0147783799838658e-05,True,
d12-s11,2016,0.8,curvature/e_fd_random,0.009762338642889721,True,
d12-s11,2016,0.8,curvature/fd_cos_random,0.9999527321239626,True,
d12-s11,2016,0.8,curvature/fd_eps_random,0.03,True,
d12-s11,2016,0.8,curvature/fd_snr_random,712.9452743661662,True,
d12-s11,2016,0.8,curvature/fd_floor_random,1.436439937022624e-05,True,
d12-s11,2016,0.8,curvature/fd_conclusive_random,1.0,True,
d12-s11,2016,0.8,curvature/e_sym_random,1.2939055082767435e-06,True,
d12-s11,2016,0.8,curvature/e_lin_random,7.939350683849982e-07,True,
d12-s11,2016,0.8,curvature/curv_eps_random,0.1,True,
d12-s11,2016,0.8,curvature/curv_snr_random,0.48553411354396714,True,
d12-s11,2016,0.8,curvature/curv_floor_random,7.365658944991081e-05,True,
d12-s11,2016,0.8,curvature/c_fd_random,-3.576278686523437e-05,True,
d12-s11,2016,0.8,curvature/verdict_code_random,1.0,True,
d12-s11,2016,0.8,curvature/e_curv_random,,False,noise_floor_inconclusive
d12-s11,2016,0.8,curvature/vhv_gradient,15.353687119021096,True,
d12-s11,2016,0.8,curvature/e_fd_gradient,0.00035533414813986725,True,
d12-s11,2016,0.8,curvature/fd_cos_gradient,0.9999999368776419,True,
d12-s11,2016,0.8,curvature/fd_eps_gradient,0.001,True,
d12-s11,2016,0.8,curvature/fd_snr_gradient,62711.135464706975,True,
d12-s11,2016,0.8,curvature/fd_floor_gradient,0.00043093648387825857,True,
d12-s11,2016,0.8,curvature/fd_conclusive_gradient,1.0,True,
d12-s11,2016,0.8,curvature/e_sym_gradient,3.3378491169993894e-07,True,
d12-s11,2016,0.8,curvature/e_lin_gradient,4.768316599315019e-07,True,
d12-s11,2016,0.8,curvature/curv_eps_gradient,0.0034872340605791446,True,
d12-s11,2016,0.8,curvature/curv_snr_gradient,253.44113526909396,True,
d12-s11,2016,0.8,curvature/curv_floor_gradient,0.060570694932835796,True,
d12-s11,2016,0.8,curvature/c_fd_gradient,15.351105687815862,True,
d12-s11,2016,0.8,curvature/verdict_code_gradient,0.0,True,
d12-s11,2016,0.8,curvature/e_curv_gradient,0.00016813102841182142,True,
d12-s11,2016,0.8,curvature/vhv_update,1.2126557918671807e-07,True,
d12-s11,2016,0.8,curvature/e_fd_update,,False,noise_floor_inconclusive
d12-s11,2016,0.8,curvature/fd_cos_update,,False,noise_floor_inconclusive
d12-s11,2016,0.8,curvature/fd_eps_update,0.03,True,
d12-s11,2016,0.8,curvature/fd_snr_update,86.40451580661487,True,
d12-s11,2016,0.8,curvature/fd_floor_update,1.4364398697470688e-05,True,
d12-s11,2016,0.8,curvature/fd_conclusive_update,0.0,True,
d12-s11,2016,0.8,curvature/e_sym_update,9.372284961529355e-06,True,
d12-s11,2016,0.8,curvature/e_lin_update,8.049743836506452e-07,True,
d12-s11,2016,0.8,curvature/curv_eps_update,0.03,True,
d12-s11,2016,0.8,curvature/curv_snr_update,0.48553411354396714,True,
d12-s11,2016,0.8,curvature/curv_floor_update,0.0008184065494434537,True,
d12-s11,2016,0.8,curvature/c_fd_update,-0.0003973642985026042,True,
d12-s11,2016,0.8,curvature/verdict_code_update,1.0,True,
d12-s11,2016,0.8,curvature/e_curv_update,,False,noise_floor_inconclusive
d12-s11,2142,0.85,update/p1,-0.0004235629718434263,True,
d12-s11,2142,0.85,update/p2,0.0022087613553178555,True,
d12-s11,2142,0.85,update/actual,0.002237677574157715,True,
d12-s11,2142,0.85,update/residual_p1,0.002661240546001141,True,
d12-s11,2142,0.85,update/residual_p2,2.8916218839859353e-05,True,
d12-s11,2142,0.85,update/normalized_residual,0.012922424201683175,True,
d12-s11,2142,0.85,update/loss_before,1.496018886566162,True,
d12-s11,2142,0.85,update/loss_after,1.4982565641403198,True,
d12-s11,2142,0.85,update/direction_norm,224.84320976552095,True,
d12-s11,2142,0.85,curvature/dhd,0.005264648654322563,True,
d12-s11,2142,0.85,curvature/gHg,182.09556116374654,True,
d12-s11,2142,0.85,curvature/gg,12.243510014588288,True,
d12-s11,2142,0.85,curvature/eta_star,0.06723672963987577,True,
d12-s11,2142,0.85,curvature/Hg_norm,92.57648290136994,True,
d12-s11,2142,0.85,curvature/eta_star_rho,0.5621415821029194,True,
d12-s11,2142,0.85,curvature/eta_star_rho_threshold,9.5367431640625e-07,True,
d12-s11,2142,0.85,curvature/shadow_verdict_code,1.0,True,
d12-s11,2142,0.85,curvature/arith_eps,1.1920928955078125e-07,True,
d12-s11,2142,0.85,curvature/vhv_random,9.460278769061965e-06,True,
d12-s11,2142,0.85,curvature/e_fd_random,,False,insufficient_conclusive_points
d12-s11,2142,0.85,curvature/fd_cos_random,,False,insufficient_conclusive_points
d12-s11,2142,0.85,curvature/fd_eps_random,0.03,True,
d12-s11,2142,0.85,curvature/fd_snr_random,738.4161039844251,True,
d12-s11,2142,0.85,curvature/fd_floor_random,1.3904064751152078e-05,True,
d12-s11,2142,0.85,curvature/fd_conclusive_random,0.0,True,
d12-s11,2142,0.85,curvature/e_sym_random,2.8450163386440256e-07,True,
d12-s11,2142,0.85,curvature/e_lin_random,7.90930687947483e-07,True,
d12-s11,2142,0.85,curvature/curv_eps_random,0.003,True,
d12-s11,2142,0.85,curvature/curv_snr_random,0.5013305992038218,True,
d12-s11,2142,0.85,curvature/curv_floor_random,0.07926192798398309,True,
d12-s11,2142,0.85,curvature/c_fd_random,-0.039736429850260414,True,
d12-s11,2142,0.85,curvature/verdict_code_random,1.0,True,
d12-s11,2142,0.85,curvature/e_curv_random,,False,noise_floor_inconclusive
d12-s11,2142,0.85,curvature/vhv_gradient,14.872822356443635,True,
d12-s11,2142,0.85,curvature/e_fd_gradient,0.0003659829150392353,True,
d12-s11,2142,0.85,curvature/fd_cos_gradient,0.9999999330804231,True,
d12-s11,2142,0.85,curvature/fd_eps_gradient,0.001,True,
d12-s11,2142,0.85,curvature/fd_snr_gradient,63428.422827521994,True,
d12-s11,2142,0.85,curvature/fd_floor_gradient,0.00041712692426199444,True,
d12-s11,2142,0.85,curvature/fd_conclusive_gradient,1.0,True,
d12-s11,2142,0.85,curvature/e_sym_gradient,1.1083418262166979e-06,True,
d12-s11,2142,0.85,curvature/e_lin_gradient,4.623894332579741e-07,True,
d12-s11,2142,0.85,curvature/curv_eps_gradient,0.0034872340605791446,True,
d12-s11,2142,0.85,curvature/curv_snr_gradient,253.83269721583147,True,
d12-s11,2142,0.85,curvature/curv_floor_gradient,0.058662168528787355,True,
d12-s11,2142,0.85,curvature/c_fd_gradient,14.890376462191758,True,
d12-s11,2142,0.85,curvature/verdict_code_gradient,0.0,True,
d12-s11,2142,0.85,curvature/e_curv_gradient,0.0011788893177211062,True,
d12-s11,2142,0.85,curvature/vhv_update,1.0413813442818271e-07,True,
d12-s11,2142,0.85,curvature/e_fd_update,,False,noise_floor_inconclusive
d12-s11,2142,0.85,curvature/fd_cos_update,,False,noise_floor_inconclusive
d12-s11,2142,0.85,curvature/fd_eps_update,0.03,True,
d12-s11,2142,0.85,curvature/fd_snr_update,86.31565428832047,True,
d12-s11,2142,0.85,curvature/fd_floor_update,1.3904066500590371e-05,True,
d12-s11,2142,0.85,curvature/fd_conclusive_update,0.0,True,
d12-s11,2142,0.85,curvature/e_sym_update,1.2348885553201834e-06,True,
d12-s11,2142,0.85,curvature/e_lin_update,8.486547511174683e-07,True,
d12-s11,2142,0.85,curvature/curv_eps_update,0.1,True,
d12-s11,2142,0.85,curvature/curv_snr_update,0.5013305992038218,True,
d12-s11,2142,0.85,curvature/curv_floor_update,7.133573518558477e-05,True,
d12-s11,2142,0.85,curvature/c_fd_update,-3.576278686523437e-05,True,
d12-s11,2142,0.85,curvature/verdict_code_update,1.0,True,
d12-s11,2142,0.85,curvature/e_curv_update,,False,noise_floor_inconclusive
d12-s11,2268,0.9,update/p1,0.0002043673550595139,True,
d12-s11,2268,0.9,update/p2,0.0016138693416774593,True,
d12-s11,2268,0.9,update/actual,0.0015944242477416992,True,
d12-s11,2268,0.9,update/residual_p1,0.0013900568926821853,True,
d12-s11,2268,0.9,update/residual_p2,-1.944509393576009e-05,True,
d12-s11,2268,0.9,update/normalized_residual,-0.012048741142544301,True,
d12-s11,2268,0.9,update/loss_before,1.4788116216659546,True,
d12-s11,2268,0.9,update/loss_after,1.4804060459136963,True,
d12-s11,2268,0.9,update/direction_norm,163.75203515903303,True,
d12-s11,2268,0.9,curvature/dhd,0.002819003973235891,True,
d12-s11,2268,0.9,curvature/gHg,146.6770286935011,True,
d12-s11,2268,0.9,curvature/gg,11.83740313111904,True,
d12-s11,2268,0.9,curvature/eta_star,0.08070386506025212,True,
d12-s11,2268,0.9,curvature/Hg_norm,80.92513361494018,True,
d12-s11,2268,0.9,curvature/eta_star_rho,0.5268056928996521,True,
d12-s11,2268,0.9,curvature/eta_star_rho_threshold,9.5367431640625e-07,True,
d12-s11,2268,0.9,curvature/shadow_verdict_code,1.0,True,
d12-s11,2268,0.9,curvature/arith_eps,1.1920928955078125e-07,True,
d12-s11,2268,0.9,curvature/vhv_random,1.0162123991413569e-05,True,
d12-s11,2268,0.9,curvature/e_fd_random,0.009974924921612659,True,
d12-s11,2268,0.9,curvature/fd_cos_random,0.9999503443130998,True,
d12-s11,2268,0.9,curvature/fd_eps_random,0.03,True,
d12-s11,2268,0.9,curvature/fd_snr_random,762.9559206028182,True,
d12-s11,2268,0.9,curvature/fd_floor_random,1.3671527142058215e-05,True,
d12-s11,2268,0.9,curvature/fd_conclusive_random,1.0,True,
d12-s11,2268,0.9,curvature/e_sym_random,1.6989446060750445e-06,True,
d12-s11,2268,0.9,curvature/e_lin_random,8.106177563231122e-07,True,
d12-s11,2268,0.9,curvature/curv_eps_random,0.01,True,
d12-s11,2268,0.9,curvature/curv_snr_random,0.8452733990197917,True,
d12-s11,2268,0.9,curvature/curv_floor_random,0.0070515226013867505,True,
d12-s11,2268,0.9,curvature/c_fd_random,-0.0059604644775390625,True,
d12-s11,2268,0.9,curvature/verdict_code_random,1.0,True,
d12-s11,2268,0.9,curvature/e_curv_random,,False,noise_floor_inconclusive
d12-s11,2268,0.9,curvature/vhv_gradient,12.390979792583465,True,
d12-s11,2268,0.9,curvature/e_fd_gradient,0.000533443362049163,True,
d12-s11,2268,0.9,curvature/fd_cos_gradient,0.9999998596118502,True,
d12-s11,2268,0.9,curvature/fd_eps_gradient,0.0003,True,
d12-s11,2268,0.9,curvature/fd_snr_gradient,17204.3279676264,True,
d12-s11,2268,0.9,curvature/fd_floor_gradient,0.001367154075659372,True,
d12-s11,2268,0.9,curvature/fd_conclusive_gradient,1.0,True,
d12-s11,2268,0.9,curvature/e_sym_gradient,6.356503773480439e-06,True,
d12-s11,2268,0.9,curvature/e_lin_gradient,4.7618887348979677e-07,True,
d12-s11,2268,0.9,curvature/curv_eps_gradient,0.004053600464421103,True,
d12-s11,2268,0.9,curvature/curv_snr_gradient,288.5663823816954,True,
d12-s11,2268,0.9,curvature/curv_floor_gradient,0.042915680542960306,True,
d12-s11,2268,0.9,curvature/c_fd_gradient,12.384022681730569,True,
d12-s11,2268,0.9,curvature/verdict_code_gradient,0.0,True,
d12-s11,2268,0.9,curvature/e_curv_gradient,0.0005614657572971469,True,
d12-s11,2268,0.9,curvature/vhv_update,1.0512893689419372e-07,True,
d12-s11,2268,0.9,curvature/e_fd_update,,False,noise_floor_inconclusive
d12-s11,2268,0.9,curvature/fd_cos_update,,False,noise_floor_inconclusive
d12-s11,2268,0.9,curvature/fd_eps_update,0.03,True,
d12-s11,2268,0.9,curvature/fd_snr_update,96.8862528016444,True,
d12-s11,2268,0.9,curvature/fd_floor_update,1.3671528880275004e-05,True,
d12-s11,2268,0.9,curvature/fd_conclusive_update,0.0,True,
d12-s11,2268,0.9,curvature/e_sym_update,1.9774033607682845e-06,True,
d12-s11,2268,0.9,curvature/e_lin_update,8.480462444808628e-07,True,
d12-s11,2268,0.9,curvature/curv_eps_update,0.03,True,
d12-s11,2268,0.9,curvature/curv_snr_update,0.8452733990197917,True,
d12-s11,2268,0.9,curvature/curv_floor_update,0.0007835025112651945,True,
d12-s11,2268,0.9,curvature/c_fd_update,-0.0006622738308376736,True,
d12-s11,2268,0.9,curvature/verdict_code_update,1.0,True,
d12-s11,2268,0.9,curvature/e_curv_update,,False,noise_floor_inconclusive
d12-s11,2394,0.95,update/p1,-0.0016102109515790186,True,
d12-s11,2394,0.95,update/p2,-0.0011829879289427215,True,
d12-s11,2394,0.95,update/actual,-0.0011838674545288086,True,
d12-s11,2394,0.95,update/residual_p1,0.00042634349705021005,True,
d12-s11,2394,0.95,update/residual_p2,-8.795255860870928e-07,True,
d12-s11,2394,0.95,update/normalized_residual,-0.0007429257242629016,True,
d12-s11,2394,0.95,update/loss_before,1.4576807022094727,True,
d12-s11,2394,0.95,update/loss_after,1.4564968347549438,True,
d12-s11,2394,0.95,update/direction_norm,100.53801842188894,True,
d12-s11,2394,0.95,curvature/dhd,0.0008544460452725942,True,
d12-s11,2394,0.95,curvature/gHg,158.04267831878087,True,
d12-s11,2394,0.95,curvature/gg,12.073257870973084,True,
d12-s11,2394,0.95,curvature/eta_star,0.07639238969755151,True,
d12-s11,2394,0.95,curvature/Hg_norm,85.0662137618303,True,
d12-s11,2394,0.95,curvature/eta_star_rho,0.5346936660520811,True,
d12-s11,2394,0.95,curvature/eta_star_rho_threshold,9.5367431640625e-07,True,
d12-s11,2394,0.95,curvature/shadow_verdict_code,1.0,True,
d12-s11,2394,0.95,curvature/arith_eps,1.1920928955078125e-07,True,
d12-s11,2394,0.95,curvature/vhv_random,1.0066165664007923e-05,True,
d12-s11,2394,0.95,curvature/e_fd_random,,False,insufficient_conclusive_points
d12-s11,2394,0.95,curvature/fd_cos_random,,False,insufficient_conclusive_points
d12-s11,2394,0.95,curvature/fd_eps_random,0.03,True,
d12-s11,2394,0.95,curvature/fd_snr_random,786.9003704171964,True,
d12-s11,2394,0.95,curvature/fd_floor_random,1.380705496487453e-05,True,
d12-s11,2394,0.95,curvature/fd_conclusive_random,0.0,True,
d12-s11,2394,0.95,curvature/e_sym_random,1.639211401893446e-06,True,
d12-s11,2394,0.95,curvature/e_lin_random,8.047804214084934e-07,True,
d12-s11,2394,0.95,curvature/curv_eps_random,0.1,True,
d12-s11,2394,0.95,curvature/curv_snr_random,0.34301066048768836,True,
d12-s11,2394,0.95,curvature/curv_floor_random,6.950762951873911e-05,True,
d12-s11,2394,0.95,curvature/c_fd_random,-2.3841857910156247e-05,True,
d12-s11,2394,0.95,curvature/verdict_code_random,1.0,True,
d12-s11,2394,0.95,curvature/e_curv_random,,False,noise_floor_inconclusive
d12-s11,2394,0.95,curvature/vhv_gradient,13.090308163534832,True,
d12-s11,2394,0.95,curvature/e_fd_gradient,0.0004785174962220074,True,
d12-s11,2394,0.95,curvature/fd_cos_gradient,0.9999998855966694,True,
d12-s11,2394,0.95,curvature/fd_eps_gradient,0.0003,True,
d12-s11,2394,0.95,curvature/fd_snr_gradient,17731.646734892896,True,
d12-s11,2394,0.95,curvature/fd_floor_gradient,0.0013807069407300323,True,
d12-s11,2394,0.95,curvature/fd_conclusive_gradient,1.0,True,
d12-s11,2394,0.95,curvature/e_sym_gradient,4.026918653948882e-06,True,
d12-s11,2394,0.95,curvature/e_lin_gradient,5.002108631119413e-07,True,
d12-s11,2394,0.95,curvature/curv_eps_gradient,0.004053600464421103,True,
d12-s11,2394,0.95,curvature/curv_snr_gradient,309.55568481333756,True,
d12-s11,2394,0.95,curvature/curv_floor_gradient,0.04230255900408151,True,
d12-s11,2394,0.95,curvature/c_fd_gradient,13.09499762186507,True,
d12-s11,2394,0.95,curvature/verdict_code_gradient,0.0,True,
d12-s11,2394,0.95,curvature/e_curv_gradient,0.00035811066680978076,True,
d12-s11,2394,0.95,curvature/vhv_update,8.453254753888877e-08,True,
d12-s11,2394,0.95,curvature/e_fd_update,,False,noise_floor_inconclusive
d12-s11,2394,0.95,curvature/fd_cos_update,,False,noise_floor_inconclusive
d12-s11,2394,0.95,curvature/fd_eps_update,0.03,True,
d12-s11,2394,0.95,curvature/fd_snr_update,73.70488720003084,True,
d12-s11,2394,0.95,curvature/fd_floor_update,1.3807055966004458e-05,True,
d12-s11,2394,0.95,curvature/fd_conclusive_update,0.0,True,
d12-s11,2394,0.95,curvature/e_sym_update,9.839830619568267e-07,True,
d12-s11,2394,0.95,curvature/e_lin_update,9.100983471242459e-07,True,
d12-s11,2394,0.95,curvature/curv_eps_update,0.03,True,
d12-s11,2394,0.95,curvature/curv_snr_update,0.686021236821034,True,
d12-s11,2394,0.95,curvature/curv_floor_update,0.0007723070893916884,True,
d12-s11,2394,0.95,curvature/c_fd_update,0.0005298190646701389,True,
d12-s11,2394,0.95,curvature/verdict_code_update,1.0,True,
d12-s11,2394,0.95,curvature/e_curv_update,,False,noise_floor_inconclusive
d12-s11,2520,1.0,update/p1,0.0016201949612682709,True,
d12-s11,2520,1.0,update/p2,0.001742208139712673,True,
d12-s11,2520,1.0,update/actual,0.0017421245574951172,True,
d12-s11,2520,1.0,update/residual_p1,0.00012192959622684633,True,
d12-s11,2520,1.0,update/residual_p2,-8.358221755574817e-08,True,
d12-s11,2520,1.0,update/normalized_residual,-4.797487490187748e-05,True,
d12-s11,2520,1.0,update/loss_before,1.4241209030151367,True,
d12-s11,2520,1.0,update/loss_after,1.4258630275726318,True,
d12-s11,2520,1.0,update/direction_norm,34.733360624951494,True,
d12-s11,2520,1.0,curvature/dhd,0.0002440263568888042,True,
d12-s11,2520,1.0,curvature/gHg,139.35085183529333,True,
d12-s11,2520,1.0,curvature/gg,11.92694259680101,True,
d12-s11,2520,1.0,curvature/eta_star,0.08558930526594943,True,
d12-s11,2520,1.0,curvature/Hg_norm,78.89407361457877,True,
d12-s11,2520,1.0,curvature/eta_star_rho,0.5114470551508645,True,
d12-s11,2520,1.0,curvature/eta_star_rho_threshold,9.5367431640625e-07,True,
d12-s11,2520,1.0,curvature/shadow_verdict_code,1.0,True,
d12-s11,2520,1.0,curvature/arith_eps,1.1920928955078125e-07,True,
d12-s11,2520,1.0,curvature/vhv_random,1.0570254260206094e-05,True,
d12-s11,2520,1.0,curvature/e_fd_random,,False,insufficient_conclusive_points
d12-s11,2520,1.0,curvature/fd_cos_random,,False,insufficient_conclusive_points
d12-s11,2520,1.0,curvature/fd_eps_random,0.03,True,
d12-s11,2520,1.0,curvature/fd_snr_random,813.7290882183119,True,
d12-s11,2520,1.0,curvature/fd_floor_random,1.372313945285687e-05,True,
d12-s11,2520,1.0,curvature/fd_conclusive_random,0.0,True,
d12-s11,2520,1.0,curvature/e_sym_random,3.071308734820797e-06,True,
d12-s11,2520,1.0,curvature/e_lin_random,8.609028131452185e-07,True,
d12-s11,2520,1.0,curvature/curv_eps_random,0.03,True,
d12-s11,2520,1.0,curvature/curv_snr_random,1.4043749101193215,True,
d12-s11,2520,1.0,curvature/curv_floor_random,0.0007545265311313819,True,
d12-s11,2520,1.0,curvature/c_fd_random,0.0010596381293402778,True,
d12-s11,2520,1.0,curvature/verdict_code_random,1.0,True,
d12-s11,2520,1.0,curvature/e_curv_random,,False,noise_floor_inconclusive
d12-s11,2520,1.0,curvature/vhv_gradient,11.683702154197443,True,
d12-s11,2520,1.0,curvature/e_fd_gradient,0.0005591387670507574,True,
d12-s11,2520,1.0,curvature/fd_cos_gradient,0.999999843862485,True,
d12-s11,2520,1.0,curvature/fd_eps_gradient,0.001,True,
d12-s11,2520,1.0,curvature/fd_snr_gradient,55489.28610159132,True,
d12-s11,2520,1.0,curvature/fd_floor_gradient,0.000411698220015322,True,
d12-s11,2520,1.0,curvature/fd_conclusive_gradient,1.0,True,
d12-s11,2520,1.0,curvature/e_sym_gradient,3.030772014135479e-06,True,
d12-s11,2520,1.0,curvature/e_lin_gradient,5.098630101774703e-07,True,
d12-s11,2520,1.0,curvature/curv_eps_gradient,0.004053600464421103,True,
d12-s11,2520,1.0,curvature/curv_snr_gradient,283.3231160607043,True,
d12-s11,2520,1.0,curvature/curv_floor_gradient,0.04132850907487112,True,
d12-s11,2520,1.0,curvature/c_fd_gradient,11.709321973235582,True,
d12-s11,2520,1.0,curvature/verdict_code_gradient,0.0,True,
d12-s11,2520,1.0,curvature/e_curv_gradient,0.002187984846321547,True,
d12-s11,2520,1.0,curvature/vhv_update,2.022754222876728e-07,True,
d12-s11,2520,1.0,curvature/e_fd_update,,False,noise_floor_inconclusive
d12-s11,2520,1.0,curvature/fd_cos_update,,False,noise_floor_inconclusive
d12-s11,2520,1.0,curvature/fd_eps_update,0.03,True,
d12-s11,2520,1.0,curvature/fd_snr_update,131.41414449420657,True,
d12-s11,2520,1.0,curvature/fd_floor_update,1.372313874667275e-05,True,
d12-s11,2520,1.0,curvature/fd_conclusive_update,0.0,True,
d12-s11,2520,1.0,curvature/e_sym_update,2.0902097172841024e-06,True,
d12-s11,2520,1.0,curvature/e_lin_update,9.151748632172309e-07,True,
d12-s11,2520,1.0,curvature/curv_eps_update,0.1,True,
d12-s11,2520,1.0,curvature/curv_snr_update,1.0532812266731377,True,
d12-s11,2520,1.0,curvature/curv_floor_update,6.790738495965341e-05,True,
d12-s11,2520,1.0,curvature/c_fd_update,7.152557373046874e-05,True,
d12-s11,2520,1.0,curvature/verdict_code_update,1.0,True,
d12-s11,2520,1.0,curvature/e_curv_update,,False,noise_floor_inconclusive
d14-s7,9,0.0023942537909018356,update/p1,-0.75389420430263,True,
d14-s7,9,0.0023942537909018356,update/p2,-0.4935724254121385,True,
d14-s7,9,0.0023942537909018356,update/actual,-0.3605837821960449,True,
d14-s7,9,0.0023942537909018356,update/residual_p1,0.39331042210658507,True,
d14-s7,9,0.0023942537909018356,update/residual_p2,0.1329886432160936,True,
d14-s7,9,0.0023942537909018356,update/normalized_residual,0.2694409905598891,True,
d14-s7,9,0.0023942537909018356,update/loss_before,7.528295993804932,True,
d14-s7,9,0.0023942537909018356,update/loss_after,7.167712211608887,True,
d14-s7,9,0.0023942537909018356,update/direction_norm,271.64814183298023,True,
d14-s7,9,0.0023942537909018356,curvature/dhd,0.5206435577809829,True,
d14-s7,9,0.0023942537909018356,curvature/gHg,134.2528118877825,True,
d14-s7,9,0.0023942537909018356,curvature/gg,18.84223415646661,True,
d14-s7,9,0.0023942537909018356,curvature/eta_star,0.14034889766194403,True,
d14-s7,9,0.0023942537909018356,curvature/Hg_norm,74.49015867105983,True,
d14-s7,9,0.0023942537909018356,curvature/eta_star_rho,0.41520090647275515,True,
d14-s7,9,0.0023942537909018356,curvature/eta_star_rho_threshold,9.5367431640625e-07,True,
d14-s7,9,0.0023942537909018356,curvature/shadow_verdict_code,1.0,True,
d14-s7,9,0.0023942537909018356,curvature/arith_eps,1.1920928955078125e-07,True,
d14-s7,9,0.0023942537909018356,curvature/vhv_random,1.4054466873265188e-05,True,
d14-s7,9,0.0023942537909018356,curvature/e_fd_random,0.0019679690570224184,True,
d14-s7,9,0.0023942537909018356,curvature/fd_cos_random,0.999998064292568,True,
d14-s7,9,0.0023942537909018356,curvature/fd_eps_random,0.03,True,
d14-s7,9,0.0023942537909018356,curvature/fd_snr_random,1324.5782989100335,True,
d14-s7,9,0.0023942537909018356,curvature/fd_floor_random,1.7248647392488306e-05,True,
d14-s7,9,0.0023942537909018356,curvature/fd_conclusive_random,1.0,True,
d14-s7,9,0.0023942537909018356,curvature/e_sym_random,8.605829362610615e-09,True,
d14-s7,9,0.0023942537909018356,curvature/e_lin_random,6.225433054676819e-07,True,
d14-s7,9,0.0023942537909018356,curvature/curv_eps_random,0.003,True,
d14-s7,9,0.0023942537909018356,curvature/curv_snr_random,0.0,True,
d14-s7,9,0.0023942537909018356,curvature/curv_floor_random,0.39886347419976825,True,
d14-s7,9,0.0023942537909018356,curvature/c_fd_random,0.0,True,
d14-s7,9,0.0023942537909018356,curvature/verdict_code_random,1.0,True,
d14-s7,9,0.0023942537909018356,curvature/e_curv_random,,False,noise_floor_inconclusive
d14-s7,9,0.0023942537909018356,curvature/vhv_gradient,7.125100688626499,True,
d14-s7,9,0.0023942537909018356,curvature/e_fd_gradient,2.4094427176350235e-05,True,
d14-s7,9,0.0023942537909018356,curvature/fd_cos_gradient,0.9999999997392299,True,
d14-s7,9,0.0023942537909018356,curvature/fd_eps_gradient,0.003,True,
d14-s7,9,0.0023942537909018356,curvature/fd_snr_gradient,99490.85478172553,True,
d14-s7,9,0.0023942537909018356,curvature/fd_floor_gradient,0.00017248429126260942,True,
d14-s7,9,0.0023942537909018356,curvature/fd_conclusive_gradient,1.0,True,
d14-s7,9,0.0023942537909018356,curvature/e_sym_gradient,1.4169306522554687e-07,True,
d14-s7,9,0.0023942537909018356,curvature/e_lin_gradient,1.0543429179942773e-06,True,
d14-s7,9,0.0023942537909018356,curvature/curv_eps_gradient,0.011472026904398771,True,
d14-s7,9,0.0023942537909018356,curvature/curv_snr_gradient,260.8742966387121,True,
d14-s7,9,0.0023942537909018356,curvature/curv_floor_gradient,0.02727721141016211,True,
d14-s7,9,0.0023942537909018356,curvature/c_fd_gradient,7.115923340891493,True,
d14-s7,9,0.0023942537909018356,curvature/verdict_code_gradient,0.0,True,
d14-s7,9,0.0023942537909018356,curvature/e_curv_gradient,0.001288030602803251,True,
d14-s7,9,0.0023942537909018356,curvature/vhv_update,7.055487734061297e-06,True,
d14-s7,9,0.0023942537909018356,curvature/e_fd_update,,False,insufficient_conclusive_points
d14-s7,9,0.0023942537909018356,curvature/fd_cos_update,,False,insufficient_conclusive_points
d14-s7,9,0.0023942537909018356,curvature/fd_eps_update,0.03,True,
d14-s7,9,0.0023942537909018356,curvature/fd_snr_update,614.6399430256088,True,
d14-s7,9,0.0023942537909018356,curvature/fd_floor_update,1.7248647552384098e-05,True,
d14-s7,9,0.0023942537909018356,curvature/fd_conclusive_update,0.0,True,
d14-s7,9,0.0023942537909018356,curvature/e_sym_update,1.117062646519564e-07,True,
d14-s7,9,0.0023942537909018356,curvature/e_lin_update,5.051266142224056e-07,True,
d14-s7,9,0.0023942537909018356,curvature/curv_eps_update,0.003,True,
d14-s7,9,0.0023942537909018356,curvature/curv_snr_update,0.13283218628196009,True,
d14-s7,9,0.0023942537909018356,curvature/curv_floor_update,0.3988634678838328,True,
d14-s7,9,0.0023942537909018356,curvature/c_fd_update,-0.05298190646701389,True,
d14-s7,9,0.0023942537909018356,curvature/verdict_code_update,1.0,True,
d14-s7,9,0.0023942537909018356,curvature/e_curv_update,,False,noise_floor_inconclusive
d14-s7,17,0.004522479382814578,update/p1,-0.11419364189526918,True,
d14-s7,17,0.004522479382814578,update/p2,-0.06630966151268033,True,
d14-s7,17,0.004522479382814578,update/actual,-0.06599950790405273,True,
d14-s7,17,0.004522479382814578,update/residual_p1,0.04819413399121644,True,
d14-s7,17,0.004522479382814578,update/residual_p2,0.0003101536086276002,True,
d14-s7,17,0.004522479382814578,update/normalized_residual,0.004677351709423065,True,
d14-s7,17,0.004522479382814578,update/loss_before,5.29349422454834,True,
d14-s7,17,0.004522479382814578,update/loss_after,5.227494716644287,True,
d14-s7,17,0.004522479382814578,update/direction_norm,377.96487232241714,True,
d14-s7,17,0.004522479382814578,curvature/dhd,0.09576796076517767,True,
d14-s7,17,0.004522479382814578,curvature/gHg,12.469870618339325,True,
d14-s7,17,0.004522479382814578,curvature/gg,4.691103446779993,True,
d14-s7,17,0.004522479382814578,curvature/eta_star,0.37619503765186063,True,
d14-s7,17,0.004522479382814578,curvature/Hg_norm,9.551836836766796,True,
d14-s7,17,0.004522479382814578,curvature/eta_star_rho,0.6027504554120149,True,
d14-s7,17,0.004522479382814578,curvature/eta_star_rho_threshold,9.5367431640625e-07,True,
d14-s7,17,0.004522479382814578,curvature/shadow_verdict_code,1.0,True,
d14-s7,17,0.004522479382814578,curvature/arith_eps,1.1920928955078125e-07,True,
d14-s7,17,0.004522479382814578,curvature/vhv_random,1.2754329683156443e-06,True,
d14-s7,17,0.004522479382814578,curvature/e_fd_random,,False,noise_floor_inconclusive
d14-s7,17,0.004522479382814578,curvature/fd_cos_random,,False,noise_floor_inconclusive
d14-s7,17,0.004522479382814578,curvature/fd_eps_random,0.03,True,
d14-s7,17,0.004522479382814578,curvature/fd_snr_random,362.8410824871944,True,
d14-s7,17,0.004522479382814578,curvature/fd_floor_random,8.606495864005164e-06,True,
d14-s7,17,0.004522479382814578,curvature/fd_conclusive_random,0.0,True,
d14-s7,17,0.004522479382814578,curvature/e_sym_random,1.803666552346447e-07,True,
d14-s7,17,0.004522479382814578,curvature/e_lin_random,7.764682743957863e-07,True,
d14-s7,17,0.004522479382814578,curvature/curv_eps_random,0.1,True,
d14-s7,17,0.004522479382814578,curvature/curv_snr_random,0.37782228623296554,True,
d14-s7,17,0.004522479382814578,curvature/curv_floor_random,0.0002524134629311447,True,
d14-s7,17,0.004522479382814578,curvature/c_fd_random,-9.536743164062499e-05,True,
d14-s7,17,0.004522479382814578,curvature/verdict_code_random,1.0,True,
d14-s7,17,0.004522479382814578,curvature/e_curv_random,,False,noise_floor_inconclusive
d14-s7,17,0.004522479382814578,curvature/vhv_gradient,2.658195619724014,True,
d14-s7,17,0.004522479382814578,curvature/e_fd_gradient,5.4268160337067214e-05,True,
d14-s7,17,0.004522479382814578,curvature/fd_cos_gradient,0.9999999985295287,True,
d14-s7,17,0.004522479382814578,curvature/fd_eps_gradient,0.003,True,
d14-s7,17,0.004522479382814578,curvature/fd_snr_gradient,51241.56889144689,True,
d14-s7,17,0.004522479382814578,curvature/fd_floor_gradient,8.606507608719104e-05,True,
d14-s7,17,0.004522479382814578,curvature/fd_conclusive_gradient,1.0,True,
d14-s7,17,0.004522479382814578,curvature/e_sym_gradient,6.822137611597763e-06,True,
d14-s7,17,0.004522479382814578,curvature/e_lin_gradient,6.876276223867942e-07,True,
d14-s7,17,0.004522479382814578,curvature/curv_eps_gradient,0.017320508075688773,True,
d14-s7,17,0.004522479382814578,curvature/curv_snr_gradient,315.8475243386586,True,
d14-s7,17,0.004522479382814578,curvature/curv_floor_gradient,0.008414099283982068,True,
d14-s7,17,0.004522479382814578,curvature/c_fd_gradient,2.6575724283854165,True,
d14-s7,17,0.004522479382814578,curvature/verdict_code_gradient,0.0,True,
d14-s7,17,0.004522479382814578,curvature/e_curv_gradient,0.0002344414887953782,True,
d14-s7,17,0.004522479382814578,curvature/vhv_update,6.703742711671487e-07,True,
d14-s7,17,0.004522479382814578,curvature/e_fd_update,,False,noise_floor_inconclusive
d14-s7,17,0.004522479382814578,curvature/fd_cos_update,,False,noise_floor_inconclusive
d14-s7,17,0.004522479382814578,curvature/fd_eps_update,0.03,True,
d14-s7,17,0.004522479382814578,curvature/fd_snr_update,91.89400545348394,True,
d14-s7,17,0.004522479382814578,curvature/fd_floor_update,8.606495691564178e-06,True,
d14-s7,17,0.004522479382814578,curvature/fd_conclusive_update,0.0,True,
d14-s7,17,0.004522479382814578,curvature/e_sym_update,8.413480339001459e-07,True,
d14-s7,17,0.004522479382814578,curvature/e_lin_update,7.263130462703983e-07,True,
d14-s7,17,0.004522479382814578,curvature/curv_eps_update,0.1,True,
d14-s7,17,0.004522479382814578,curvature/curv_snr_update,0.1889111388622109,True,
d14-s7,17,0.004522479382814578,curvature/curv_floor_update,0.0002524134686154866,True,
d14-s7,17,0.004522479382814578,curvature/c_fd_update,-4.768371582031249e-05,True,
d14-s7,17,0.004522479382814578,curvature/verdict_code_update,1.0,True,
d14-s7,17,0.004522479382814578,curvature/e_curv_update,,False,noise_floor_inconclusive
d14-s7,33,0.008778930566640064,update/p1,-0.10083144951241074,True,
d14-s7,33,0.008778930566640064,update/p2,-0.01570190113330419,True,
d14-s7,33,0.008778930566640064,update/actual,-0.024958133697509766,True,
d14-s7,33,0.008778930566640064,update/residual_p1,0.07587331581490098,True,
d14-s7,33,0.008778930566640064,update/residual_p2,-0.009256232564205574,True,
d14-s7,33,0.008778930566640064,update/normalized_residual,-0.3708703814311696,True,
d14-s7,33,0.008778930566640064,update/loss_before,4.845714569091797,True,
d14-s7,33,0.008778930566640064,update/loss_after,4.820756435394287,True,
d14-s7,33,0.008778930566640064,update/direction_norm,601.0335557855401,True,
d14-s7,33,0.008778930566640064,curvature/dhd,0.1702590967582131,True,
d14-s7,33,0.008778930566640064,curvature/gHg,4.768506067801193,True,
d14-s7,33,0.008778930566640064,curvature/gg,3.5933896001734293,True,
d14-s7,33,0.008778930566640064,curvature/eta_star,0.7535671652883894,True,
d14-s7,33,0.008778930566640064,curvature/Hg_norm,4.549492877192202,True,
d14-s7,33,0.008778930566640064,curvature/eta_star_rho,0.552926235328402,True,
d14-s7,33,0.008778930566640064,curvature/eta_star_rho_threshold,9.5367431640625e-07,True,
d14-s7,33,0.008778930566640064,curvature/shadow_verdict_code,1.0,True,
d14-s7,33,0.008778930566640064,curvature/arith_eps,1.1920928955078125e-07,True,
d14-s7,33,0.008778930566640064,curvature/vhv_random,3.5407476495155217e-07,True,
d14-s7,33,0.008778930566640064,curvature/e_fd_random,,False,noise_floor_inconclusive
d14-s7,33,0.008778930566640064,curvature/fd_cos_random,,False,noise_floor_inconclusive
d14-s7,33,0.008778930566640064,curvature/fd_eps_random,0.03,True,
d14-s7,33,0.008778930566640064,curvature/fd_snr_random,181.9893129976061,True,
d14-s7,33,0.008778930566640064,curvature/fd_floor_random,7.5325318855350985e-06,True,
d14-s7,33,0.008778930566640064,curvature/fd_conclusive_random,0.0,True,
d14-s7,33,0.008778930566640064,curvature/e_sym_random,7.02253637312215e-06,True,
d14-s7,33,0.008778930566640064,curvature/e_lin_random,7.359334920258294e-07,True,
d14-s7,33,0.008778930566640064,curvature/curv_eps_random,0.1,True,
d14-s7,33,0.008778930566640064,curvature/curv_snr_random,0.412735845227207,True,
d14-s7,33,0.008778930566640064,curvature/curv_floor_random,0.00023106166509023746,True,
d14-s7,33,0.008778930566640064,curvature/c_fd_random,-9.536743164062499e-05,True,
d14-s7,33,0.008778930566640064,curvature/verdict_code_random,1.0,True,
d14-s7,33,0.008778930566640064,curvature/e_curv_random,,False,noise_floor_inconclusive
d14-s7,33,0.008778930566640064,curvature/vhv_gradient,1.3270219062943225,True,
d14-s7,33,0.008778930566640064,curvature/e_fd_gradient,6.388722838501035e-05,True,
d14-s7,33,0.008778930566640064,curvature/fd_cos_gradient,0.9999999992001716,True,
d14-s7,33,0.008778930566640064,curvature/fd_eps_gradient,0.01,True,
d14-s7,33,0.008778930566640064,curvature/fd_snr_gradient,106202.95894090895,True,
d14-s7,33,0.008778930566640064,curvature/fd_floor_gradient,2.2598222104689667e-05,True,
d14-s7,33,0.008778930566640064,curvature/fd_conclusive_gradient,1.0,True,
d14-s7,33,0.008778930566640064,curvature/e_sym_gradient,1.8345503039432807e-06,True,
d14-s7,33,0.008778930566640064,curvature/e_lin_gradient,4.5186446714998415e-07,True,
d14-s7,33,0.008778930566640064,curvature/curv_eps_gradient,0.022795070569547774,True,
d14-s7,33,0.008778930566640064,curvature/curv_snr_gradient,298.19103328897523,True,
d14-s7,33,0.008778930566640064,curvature/curv_floor_gradient,0.004446942112844803,True,
d14-s7,33,0.008778930566640064,curvature/c_fd_gradient,1.3260382636054504,True,
d14-s7,33,0.008778930566640064,curvature/verdict_code_gradient,0.0,True,
d14-s7,33,0.008778930566640064,curvature/e_curv_gradient,0.0007412407317516532,True,
d14-s7,33,0.008778930566640064,curvature/vhv_update,4.713167339972851e-07,True,
d14-s7,33,0.008778930566640064,curvature/e_fd_update,,False,noise_floor_inconclusive
d14-s7,33,0.008778930566640064,curvature/fd_cos_update,,False,noise_floor_inconclusive
d14-s7,33,0.008778930566640064,curvature/fd_eps_update,0.03,True,
d14-s7,33,0.008778930566640064,curvature/fd_snr_update,82.48973221671102,True,
d14-s7,33,0.008778930566640064,curvature/fd_floor_update,7.532532402005655e-06,True,
d14-s7,33,0.008778930566640064,curvature/fd_conclusive_update,0.0,True,
d14-s7,33,0.008778930566640064,curvature/e_sym_update,1.2598163554402596e-07,True,
d14-s7,33,0.008778930566640064,curvature/e_lin_update,6.15493354443098e-07,True,
d14-s7,33,0.008778930566640064,curvature/curv_eps_update,0.1,True,
d14-s7,33,0.008778930566640064,curvature/curv_snr_update,0.412735845227207,True,
d14-s7,33,0.008778930566640064,curvature/curv_floor_update,0.00023106166509023746,True,
d14-s7,33,0.008778930566640064,curvature/c_fd_update,-9.536743164062499e-05,True,
d14-s7,33,0.008778930566640064,curvature/verdict_code_update,1.0,True,
d14-s7,33,0.008778930566640064,curvature/e_curv_update,,False,noise_floor_inconclusive
d14-s7,41,0.010907156158552806,update/p1,-0.18656846903550262,True,
d14-s7,41,0.010907156158552806,update/p2,-0.0809823924268935,True,
d14-s7,41,0.010907156158552806,update/actual,-0.09345006942749023,True,
d14-s7,41,0.010907156158552806,update/residual_p1,0.09311839960801238,True,
d14-s7,41,0.010907156158552806,update/residual_p2,-0.012467677000596727,True,
d14-s7,41,0.010907156158552806,update/normalized_residual,-0.13341538510327855,True,
d14-s7,41,0.010907156158552806,update/loss_before,4.617249965667725,True,
d14-s7,41,0.010907156158552806,update/loss_after,4.523799896240234,True,
d14-s7,41,0.010907156158552806,update/direction_norm,748.9368276262688,True,
d14-s7,41,0.010907156158552806,curvature/dhd,0.21117215321721822,True,
d14-s7,41,0.010907156158552806,curvature/gHg,5.262190366466639,True,
d14-s7,41,0.010907156158552806,curvature/gg,3.4934664656410153,True,
d14-s7,41,0.010907156158552806,curvature/eta_star,0.6638806699018655,True,
d14-s7,41,0.010907156158552806,curvature/Hg_norm,4.770730787958535,True,
d14-s7,41,0.010907156158552806,curvature/eta_star_rho,0.5901376946298337,True,
d14-s7,41,0.010907156158552806,curvature/eta_star_rho_threshold,9.5367431640625e-07,True,
d14-s7,41,0.010907156158552806,curvature/shadow_verdict_code,1.0,True,
d14-s7,41,0.010907156158552806,curvature/arith_eps,1.1920928955078125e-07,True,
d14-s7,41,0.010907156158552806,curvature/vhv_random,-2.467160929473813e-07,True,
d14-s7,41,0.010907156158552806,curvature/e_fd_random,,False,noise_floor_inconclusive
d14-s7,41,0.010907156158552806,curvature/fd_cos_random,,False,noise_floor_inconclusive
d14-s7,41,0.010907156158552806,curvature/fd_eps_random,0.03,True,
d14-s7,41,0.010907156158552806,curvature/fd_snr_random,192.45146230641865,True,
d14-s7,41,0.010907156158552806,curvature/fd_floor_random,7.427062962290041e-06,True,
d14-s7,41,0.010907156158552806,curvature/fd_conclusive_random,0.0,True,
d14-s7,41,0.010907156158552806,curvature/e_sym_random,7.567187771503776e-07,True,
d14-s7,41,0.010907156158552806,curvature/e_lin_random,7.496685903128614e-07,True,
d14-s7,41,0.010907156158552806,curvature/curv_eps_random,0.1,True,
d14-s7,41,0.010907156158552806,curvature/curv_snr_random,0.2165791286192886,True,
d14-s7,41,0.010907156158552806,curvature/curv_floor_random,0.00022016764091858926,True,
d14-s7,41,0.010907156158552806,curvature/c_fd_random,4.768371582031249e-05,True,
d14-s7,41,0.010907156158552806,curvature/verdict_code_random,1.0,True,
d14-s7,41,0.010907156158552806,curvature/e_curv_random,,False,noise_floor_inconclusive
d14-s7,41,0.010907156158552806,curvature/vhv_gradient,1.5062948802269416,True,
d14-s7,41,0.010907156158552806,curvature/e_fd_gradient,5.703260586641085e-05,True,
d14-s7,41,0.010907156158552806,curvature/fd_cos_gradient,0.9999999992433821,True,
d14-s7,41,0.010907156158552806,curvature/fd_eps_gradient,0.01,True,
d14-s7,41,0.010907156158552806,curvature/fd_snr_gradient,114552.69524404546,True,
d14-s7,41,0.010907156158552806,curvature/fd_floor_gradient,2.2281854138797104e-05,True,
d14-s7,41,0.010907156158552806,curvature/fd_conclusive_gradient,1.0,True,
d14-s7,41,0.010907156158552806,curvature/e_sym_gradient,1.306370767666187e-05,True,
d14-s7,41,0.010907156158552806,curvature/e_lin_gradient,4.6286550148214307e-07,True,
d14-s7,41,0.010907156158552806,curvature/curv_eps_gradient,0.01987013346421578,True,
d14-s7,41,0.010907156158552806,curvature/curv_snr_gradient,270.2820506915607,True,
d14-s7,41,0.010907156158552806,curvature/curv_floor_gradient,0.0055765538798480205,True,
d14-s7,41,0.010907156158552806,curvature/c_fd_gradient,1.5072424184373021,True,
d14-s7,41,0.010907156158552806,curvature/verdict_code_gradient,0.0,True,
d14-s7,41,0.010907156158552806,curvature/e_curv_gradient,0.0006286568097936979,True,
d14-s7,41,0.010907156158552806,curvature/vhv_update,3.764837968027359e-07,True,
d14-s7,41,0.010907156158552806,curvature/e_fd_update,,False,noise_floor_inconclusive
d14-s7,41,0.010907156158552806,curvature/fd_cos_update,,False,noise_floor_inconclusive
d14-s7,41,0.010907156158552806,curvature/fd_eps_update,0.03,True,
d14-s7,41,0.010907156158552806,curvature/fd_snr_update,85.75110665674063,True,
d14-s7,41,0.010907156158552806,curvature/fd_floor_update,7.427063178777659e-06,True,
d14-s7,41,0.010907156158552806,curvature/fd_conclusive_update,0.0,True,
d14-s7,41,0.010907156158552806,curvature/e_sym_update,5.2296025515047296e-08,True,
d14-s7,41,0.010907156158552806,curvature/e_lin_update,6.197573033413087e-07,True,
d14-s7,41,0.010907156158552806,curvature/curv_eps_update,0.1,True,
d14-s7,41,0.010907156158552806,curvature/curv_snr_update,0.2165791286192886,True,
d14-s7,41,0.010907156158552806,curvature/curv_floor_update,0.00022016764091858926,True,
d14-s7,41,0.010907156158552806,curvature/c_fd_update,4.768371582031249e-05,True,
d14-s7,41,0.010907156158552806,curvature/verdict_code_update,1.0,True,
d14-s7,41,0.010907156158552806,curvature/e_curv_update,,False,noise_floor_inconclusive
d14-s7,65,0.017291832934291033,update/p1,-0.14332147045862234,True,
d14-s7,65,0.017291832934291033,update/p2,-0.07034515067590635,True,
d14-s7,65,0.017291832934291033,update/actual,-0.07072997093200684,True,
d14-s7,65,0.017291832934291033,update/residual_p1,0.0725914995266155,True,
d14-s7,65,0.017291832934291033,update/residual_p2,-0.0003848202561004821,True,
d14-s7,65,0.017291832934291033,update/normalized_residual,-0.005440695804476044,True,
d14-s7,65,0.017291832934291033,update/loss_before,3.9387760162353516,True,
d14-s7,65,0.017291832934291033,update/loss_after,3.8680460453033447,True,
d14-s7,65,0.017291832934291033,update/direction_norm,879.2618867891705,True,
d14-s7,65,0.017291832934291033,curvature/dhd,0.14595263956543197,True,
d14-s7,65,0.017291832934291033,curvature/gHg,4.836527492385435,True,
d14-s7,65,0.017291832934291033,curvature/gg,2.745312612510536,True,
d14-s7,65,0.017291832934291033,curvature/eta_star,0.5676205949067218,True,
d14-s7,65,0.017291832934291033,curvature/Hg_norm,4.885879436738617,True,
d14-s7,65,0.017291832934291033,curvature/eta_star_rho,0.5974409845325473,True,
d14-s7,65,0.017291832934291033,curvature/eta_star_rho_threshold,9.5367431640625e-07,True,
d14-s7,65,0.017291832934291033,curvature/shadow_verdict_code,1.0,True,
d14-s7,65,0.017291832934291033,curvature/arith_eps,1.1920928955078125e-07,True,
d14-s7,65,0.017291832934291033,curvature/vhv_random,5.205864230390376e-07,True,
d14-s7,65,0.017291832934291033,curvature/e_fd_random,,False,noise_floor_inconclusive
d14-s7,65,0.017291832934291033,curvature/fd_cos_random,,False,noise_floor_inconclusive
d14-s7,65,0.017291832934291033,curvature/fd_eps_random,0.03,True,
d14-s7,65,0.017291832934291033,curvature/fd_snr_random,310.71794116138494,True,
d14-s7,65,0.017291832934291033,curvature/fd_floor_random,6.58392343094219e-06,True,
d14-s7,65,0.017291832934291033,curvature/fd_conclusive_random,0.0,True,
d14-s7,65,0.017291832934291033,curvature/e_sym_random,2.8115534522880937e-06,True,
d14-s7,65,0.017291832934291033,curvature/e_lin_random,7.50741258343591e-07,True,
d14-s7,65,0.017291832934291033,curvature/curv_eps_random,0.003,True,
d14-s7,65,0.017291832934291033,curvature/curv_snr_random,0.3808289839063294,True,
d14-s7,65,0.017291832934291033,curvature/curv_floor_random,0.20868385301279582,True,
d14-s7,65,0.017291832934291033,curvature/c_fd_random,-0.07947285970052083,True,
d14-s7,65,0.017291832934291033,curvature/verdict_code_random,1.0,True,
d14-s7,65,0.017291832934291033,curvature/e_curv_random,,False,noise_floor_inconclusive
d14-s7,65,0.017291832934291033,curvature/vhv_gradient,1.761740093563521,True,
d14-s7,65,0.017291832934291033,curvature/e_fd_gradient,8.694824020059236e-05,True,
d14-s7,65,0.017291832934291033,curvature/fd_cos_gradient,0.9999999962974431,True,
d14-s7,65,0.017291832934291033,curvature/fd_eps_gradient,0.003,True,
d14-s7,65,0.017291832934291033,curvature/fd_snr_gradient,44787.67728631959,True,
d14-s7,65,0.017291832934291033,curvature/fd_floor_gradient,6.583976880380011e-05,True,
d14-s7,65,0.017291832934291033,curvature/fd_conclusive_gradient,1.0,True,
d14-s7,65,0.017291832934291033,curvature/e_sym_gradient,2.5619663408693535e-08,True,
d14-s7,65,0.017291832934291033,curvature/e_lin_gradient,4.313664103435985e-07,True,
d14-s7,65,0.017291832934291033,curvature/curv_eps_gradient,0.017320508075688773,True,
d14-s7,65,0.017291832934291033,curvature/curv_snr_gradient,281.0423613251698,True,
d14-s7,65,0.017291832934291033,curvature/curv_floor_gradient,0.006260725626816565,True,
d14-s7,65,0.017291832934291033,curvature/c_fd_gradient,1.759529113769531,True,
d14-s7,65,0.017291832934291033,curvature/verdict_code_gradient,0.0,True,
d14-s7,65,0.017291832934291033,curvature/e_curv_gradient,0.0012549977162169114,True,
d14-s7,65,0.017291832934291033,curvature/vhv_update,1.8878844568729223e-07,True,
d14-s7,65,0.017291832934291033,curvature/e_fd_update,,False,noise_floor_inconclusive
d14-s7,65,0.017291832934291033,curvature/fd_cos_update,,False,noise_floor_inconclusive
d14-s7,65,0.017291832934291033,curvature/fd_eps_update,0.03,True,
d14-s7,65,0.017291832934291033,curvature/fd_snr_update,78.2344245891719,True,
d14-s7,65,0.017291832934291033,curvature/fd_floor_update,6.58392291880596e-06,True,
d14-s7,65,0.017291832934291033,curvature/fd_conclusive_update,0.0,True,
d14-s7,65,0.017291832934291033,curvature/e_sym_update,3.7044082421687754e-07,True,
d14-s7,65,0.017291832934291033,curvature/e_lin_update,7.087439771846594e-07,True,
d14-s7,65,0.017291832934291033,curvature/curv_eps_update,0.03,True,
d14-s7,65,0.017291832934291033,curvature/curv_snr_update,0.38082898390632947,True,
d14-s7,65,0.017291832934291033,curvature/curv_floor_update,0.002086838530127958,True,
d14-s7,65,0.017291832934291033,curvature/c_fd_update,-0.0007947285970052084,True,
d14-s7,65,0.017291832934291033,curvature/verdict_code_update,1.0,True,
d14-s7,65,0.017291832934291033,curvature/e_curv_update,,False,noise_floor_inconclusive
d14-s7,129,0.034317637669592976,update/p1,-0.05693963816597977,True,
d14-s7,129,0.034317637669592976,update/p2,0.08470018567910248,True,
d14-s7,129,0.034317637669592976,update/actual,0.09083938598632812,True,
d14-s7,129,0.034317637669592976,update/residual_p1,0.1477790241523079,True,
d14-s7,129,0.034317637669592976,update/residual_p2,0.006139200307225645,True,
d14-s7,129,0.034317637669592976,update/normalized_residual,0.06758302294281945,True,
d14-s7,129,0.034317637669592976,update/loss_before,2.889070987701416,True,
d14-s7,129,0.034317637669592976,update/loss_after,2.979910373687744,True,
d14-s7,129,0.034317637669592976,update/direction_norm,1235.8321248168102,True,
d14-s7,129,0.034317637669592976,curvature/dhd,0.2832796476901645,True,
d14-s7,129,0.034317637669592976,curvature/gHg,3.365021109357507,True,
d14-s7,129,0.034317637669592976,curvature/gg,2.784625001838708,True,
d14-s7,129,0.034317637669592976,curvature/eta_star,0.8275208123049143,True,
d14-s7,129,0.034317637669592976,curvature/Hg_norm,4.21566199586356,True,
d14-s7,129,0.034317637669592976,curvature/eta_star_rho,0.47834215002955155,True,
d14-s7,129,0.034317637669592976,curvature/eta_star_rho_threshold,9.5367431640625e-07,True,
d14-s7,129,0.034317637669592976,curvature/shadow_verdict_code,1.0,True,
d14-s7,129,0.034317637669592976,curvature/arith_eps,1.1920928955078125e-07,True,
d14-s7,129,0.034317637669592976,curvature/vhv_random,2.9685560825115295e-06,True,
d14-s7,129,0.034317637669592976,curvature/e_fd_random,,False,insufficient_conclusive_points
d14-s7,129,0.034317637669592976,curvature/fd_cos_random,,False,insufficient_conclusive_points
d14-s7,129,0.034317637669592976,curvature/fd_eps_random,0.03,True,
d14-s7,129,0.034317637669592976,curvature/fd_snr_random,621.7437890114645,True,
d14-s7,129,0.034317637669592976,curvature/fd_floor_random,6.630896478400615e-06,True,
d14-s7,129,0.034317637669592976,curvature/fd_conclusive_random,0.0,True,
d14-s7,129,0.034317637669592976,curvature/e_sym_random,8.733250737521838e-07,True,
d14-s7,129,0.034317637669592976,curvature/e_lin_random,8.161979652554849e-07,True,
d14-s7,129,0.034317637669592976,curvature/curv_eps_random,0.03,True,
d14-s7,129,0.034317637669592976,curvature/curv_snr_random,0.8653299807287197,True,
d14-s7,129,0.034317637669592976,curvature/curv_floor_random,0.0015306850463679843,True,
d14-s7,129,0.034317637669592976,curvature/c_fd_random,0.0013245476616753472,True,
d14-s7,129,0.034317637669592976,curvature/verdict_code_random,1.0,True,
d14-s7,129,0.034317637669592976,curvature/e_curv_random,,False,noise_floor_inconclusive
d14-s7,129,0.034317637669592976,curvature/vhv_gradient,1.2084288382558641,True,
d14-s7,129,0.034317637669592976,curvature/e_fd_gradient,0.0004811277233719627,True,
d14-s7,129,0.034317637669592976,curvature/fd_cos_gradient,0.999999885076846,True,
d14-s7,129,0.034317637669592976,curvature/fd_eps_gradient,0.003,True,
d14-s7,129,0.034317637669592976,curvature/fd_snr_gradient,38098.53386154899,True,
d14-s7,129,0.034317637669592976,curvature/fd_floor_gradient,6.630925734604862e-05,True,
d14-s7,129,0.034317637669592976,curvature/fd_conclusive_gradient,1.0,True,
d14-s7,129,0.034317637669592976,curvature/e_sym_gradient,5.255733537880755e-05,True,
d14-s7,129,0.034317637669592976,curvature/e_lin_gradient,5.690006351902754e-07,True,
d14-s7,129,0.034317637669592976,curvature/curv_eps_gradient,0.017320508075688773,True,
d14-s7,129,0.034317637669592976,curvature/curv_snr_gradient,263.3982024707414,True,
d14-s7,129,0.034317637669592976,curvature/curv_floor_gradient,0.004592198858214639,True,
d14-s7,129,0.034317637669592976,curvature/c_fd_gradient,1.209576924641927,True,
d14-s7,129,0.034317637669592976,curvature/verdict_code_gradient,0.0,True,
d14-s7,129,0.034317637669592976,curvature/e_curv_gradient,0.0009491635981752598,True,
d14-s7,129,0.034317637669592976,curvature/vhv_update,1.8547969722717765e-07,True,
d14-s7,129,0.034317637669592976,curvature/e_fd_update,,False,noise_floor_inconclusive
d14-s7,129,0.034317637669592976,curvature/fd_cos_update,,False,noise_floor_inconclusive
d14-s7,129,0.034317637669592976,curvature/fd_eps_update,0.03,True,
d14-s7,129,0.034317637669592976,curvature/fd_snr_update,126.0317186718585,True,
d14-s7,129,0.034317637669592976,curvature/fd_floor_update,6.630896474015865e-06,True,
d14-s7,129,0.034317637669592976,curvature/fd_conclusive_update,0.0,True,
d14-s7,129,0.034317637669592976,curvature/e_sym_update,2.9280021959580613e-07,True,
d14-s7,129,0.034317637669592976,curvature/e_lin_update,8.126934977023378e-07,True,
d14-s7,129,0.034317637669592976,curvature/curv_eps_update,0.1,True,
d14-s7,129,0.034317637669592976,curvature/curv_snr_update,0.6922639988651259,True,
d14-s7,129,0.034317637669592976,curvature/curv_floor_update,0.00013776165133094762,True,
d14-s7,129,0.034317637669592976,curvature/c_fd_update,9.536743164062499e-05,True,
d14-s7,129,0.034317637669592976,curvature/verdict_code_update,1.0,True,
d14-s7,129,0.034317637669592976,curvature/e_curv_update,,False,noise_floor_inconclusive
d14-s7,189,0.05027932960893855,update/p1,-0.1844803289677916,True,
d14-s7,189,0.05027932960893855,update/p2,-0.05591720290095267,True,
d14-s7,189,0.05027932960893855,update/actual,-0.06711196899414062,True,
d14-s7,189,0.05027932960893855,update/residual_p1,0.11736835997365097,True,
d14-s7,189,0.05027932960893855,update/residual_p2,-0.011194766093187952,True,
d14-s7,189,0.05027932960893855,update/normalized_residual,-0.16680729623899634,True,
d14-s7,189,0.05027932960893855,update/loss_before,2.6389546394348145,True,
d14-s7,189,0.05027932960893855,update/loss_after,2.571842670440674,True,
d14-s7,189,0.05027932960893855,update/direction_norm,946.7583775294192,True,
d14-s7,189,0.05027932960893855,curvature/dhd,0.25712625213367785,True,
d14-s7,189,0.05027932960893855,curvature/gHg,23.12690304543068,True,
d14-s7,189,0.05027932960893855,curvature/gg,4.872455617679908,True,
d14-s7,189,0.05027932960893855,curvature/eta_star,0.21068344551401524,True,
d14-s7,189,0.05027932960893855,curvature/Hg_norm,18.933665299459783,True,
d14-s7,189,0.05027932960893855,curvature/eta_star_rho,0.5533613703538567,True,
d14-s7,189,0.05027932960893855,curvature/eta_star_rho_threshold,9.5367431640625e-07,True,
d14-s7,189,0.05027932960893855,curvature/shadow_verdict_code,1.0,True,
d14-s7,189,0.05027932960893855,curvature/arith_eps,1.1920928955078125e-07,True,
d14-s7,189,0.05027932960893855,curvature/vhv_random,4.184325972823714e-06,True,
d14-s7,189,0.05027932960893855,curvature/e_fd_random,,False,insufficient_conclusive_points
d14-s7,189,0.05027932960893855,curvature/fd_cos_random,,False,insufficient_conclusive_points
d14-s7,189,0.05027932960893855,curvature/fd_eps_random,0.03,True,
d14-s7,189,0.05027932960893855,curvature/fd_snr_random,681.8860326068017,True,
d14-s7,189,0.05027932960893855,curvature/fd_floor_random,8.771276922790391e-06,True,
d14-s7,189,0.05027932960893855,curvature/fd_conclusive_random,0.0,True,
d14-s7,189,0.05027932960893855,curvature/e_sym_random,1.023465753529713e-06,True,
d14-s7,189,0.05027932960893855,curvature/e_lin_random,8.357746730873973e-07,True,
d14-s7,189,0.05027932960893855,curvature/curv_eps_random,0.003,True,
d14-s7,189,0.05027932960893855,curvature/curv_snr_random,0.37893790968731894,True,
d14-s7,189,0.05027932960893855,curvature/curv_floor_random,0.13981685419316311,True,
d14-s7,189,0.05027932960893855,curvature/c_fd_random,0.05298190646701389,True,
d14-s7,189,0.05027932960893855,curvature/verdict_code_random,1.0,True,
d14-s7,189,0.05027932960893855,curvature/e_curv_random,,False,noise_floor_inconclusive
d14-s7,189,0.05027932960893855,curvature/vhv_gradient,4.746457602319943,True,
d14-s7,189,0.05027932960893855,curvature/e_fd_gradient,0.00033653082347912894,True,
d14-s7,189,0.05027932960893855,curvature/fd_cos_gradient,0.9999999471612013,True,
d14-s7,189,0.05027932960893855,curvature/fd_eps_gradient,0.001,True,
d14-s7,189,0.05027932960893855,curvature/fd_snr_gradient,32599.630713687922,True,
d14-s7,189,0.05027932960893855,curvature/fd_floor_gradient,0.0002631394135664931,True,
d14-s7,189,0.05027932960893855,curvature/fd_conclusive_gradient,1.0,True,
d14-s7,189,0.05027932960893855,curvature/e_sym_gradient,1.3149434059715168e-07,True,
d14-s7,189,0.05027932960893855,curvature/e_lin_gradient,4.0760674360270113e-07,True,
d14-s7,189,0.05027932960893855,curvature/curv_eps_gradient,0.008602806544914778,True,
d14-s7,189,0.05027932960893855,curvature/curv_snr_gradient,279.45741088690306,True,
d14-s7,189,0.05027932960893855,curvature/curv_floor_gradient,0.017003415635088934,True,
d14-s7,189,0.05027932960893855,curvature/c_fd_gradient,4.7517305096158395,True,
d14-s7,189,0.05027932960893855,curvature/verdict_code_gradient,0.0,True,
d14-s7,189,0.05027932960893855,curvature/e_curv_gradient,0.0011096814697774383,True,
d14-s7,189,0.05027932960893855,curvature/vhv_update,2.868587757891237e-07,True,
d14-s7,189,0.05027932960893855,curvature/e_fd_update,,False,noise_floor_inconclusive
d14-s7,189,0.05027932960893855,curvature/fd_cos_update,,False,noise_floor_inconclusive
d14-s7,189,0.05027932960893855,curvature/fd_eps_update,0.03,True,
d14-s7,189,0.05027932960893855,curvature/fd_snr_update,135.43402104665037,True,
d14-s7,189,0.05027932960893855,curvature/fd_floor_update,8.771277393832154e-06,True,
d14-s7,189,0.05027932960893855,curvature/fd_conclusive_update,0.0,True,
d14-s7,189,0.05027932960893855,curvature/e_sym_update,1.6267433860876194e-07,True,
d14-s7,189,0.05027932960893855,curvature/e_lin_update,7.863825258988959e-07,True,
d14-s7,189,0.05027932960893855,curvature/curv_eps_update,0.03,True,
d14-s7,189,0.05027932960893855,curvature/curv_snr_update,0.18946895912309242,True,
d14-s7,189,0.05027932960893855,curvature/curv_floor_update,0.0013981685103519543,True,
d14-s7,189,0.05027932960893855,curvature/c_fd_update,0.00026490953233506944,True,
d14-s7,189,0.05027932960893855,curvature/verdict_code_update,1.0,True,
d14-s7,189,0.05027932960893855,curvature/e_curv_update,,False,noise_floor_inconclusive
d14-s7,377,0.100292631018888,update/p1,-0.14727513498293368,True,
d14-s7,377,0.100292631018888,update/p2,-0.05889029540438574,True,
d14-s7,377,0.100292631018888,update/actual,-0.06558537483215332,True,
d14-s7,377,0.100292631018888,update/residual_p1,0.08168976015078036,True,
d14-s7,377,0.100292631018888,update/residual_p2,-0.006695079427767578,True,
d14-s7,377,0.100292631018888,update/normalized_residual,-0.10208189622917739,True,
d14-s7,377,0.100292631018888,update/loss_before,2.1339070796966553,True,
d14-s7,377,0.100292631018888,update/loss_after,2.068321704864502,True,
d14-s7,377,0.100292631018888,update/direction_norm,785.1869613651036,True,
d14-s7,377,0.100292631018888,curvature/dhd,0.17676967915709588,True,
d14-s7,377,0.100292631018888,curvature/gHg,15.932543650558188,True,
d14-s7,377,0.100292631018888,curvature/gg,4.895078142855999,True,
d14-s7,377,0.100292631018888,curvature/eta_star,0.30723770480205165,True,
d14-s7,377,0.100292631018888,curvature/Hg_norm,14.554527304336593,True,
d14-s7,377,0.100292631018888,curvature/eta_star_rho,0.4947743731880155,True,
d14-s7,377,0.100292631018888,curvature/eta_star_rho_threshold,9.5367431640625e-07,True,
d14-s7,377,0.100292631018888,curvature/shadow_verdict_code,1.0,True,
d14-s7,377,0.100292631018888,curvature/arith_eps,1.1920928955078125e-07,True,
d14-s7,377,0.100292631018888,curvature/vhv_random,3.3317203857440413e-06,True,
d14-s7,377,0.100292631018888,curvature/e_fd_random,,False,insufficient_conclusive_points
d14-s7,377,0.100292631018888,curvature/fd_cos_random,,False,insufficient_conclusive_points
d14-s7,377,0.100292631018888,curvature/fd_eps_random,0.03,True,
d14-s7,377,0.100292631018888,curvature/fd_snr_random,600.0799518582572,True,
d14-s7,377,0.100292631018888,curvature/fd_floor_random,8.791614271080224e-06,True,
d14-s7,377,0.100292631018888,curvature/fd_conclusive_random,0.0,True,
d14-s7,377,0.100292631018888,curvature/e_sym_random,3.3575294562603772e-06,True,
d14-s7,377,0.100292631018888,curvature/e_lin_random,8.853731130999261e-07,True,
d14-s7,377,0.100292631018888,curvature/curv_eps_random,0.003,True,
d14-s7,377,0.100292631018888,curvature/curv_snr_random,0.46862394040036065,True,
d14-s7,377,0.100292631018888,curvature/curv_floor_random,0.11305847162172236,True,
d14-s7,377,0.100292631018888,curvature/c_fd_random,0.05298190646701389,True,
d14-s7,377,0.100292631018888,curvature/verdict_code_random,1.0,True,
d14-s7,377,0.100292631018888,curvature/e_curv_random,,False,noise_floor_inconclusive
d14-s7,377,0.100292631018888,curvature/vhv_gradient,3.2548084973884825,True,
d14-s7,377,0.100292631018888,curvature/e_fd_gradient,0.0007766211846793463,True,
d14-s7,377,0.100292631018888,curvature/fd_cos_gradient,0.9999996994745571,True,
d14-s7,377,0.100292631018888,curvature/fd_eps_gradient,0.001,True,
d14-s7,377,0.100292631018888,curvature/fd_snr_gradient,24942.922490055567,True,
d14-s7,377,0.100292631018888,curvature/fd_floor_gradient,0.00026374905240209056,True,
d14-s7,377,0.100292631018888,curvature/fd_conclusive_gradient,1.0,True,
d14-s7,377,0.100292631018888,curvature/e_sym_gradient,6.663100639786449e-07,True,
d14-s7,377,0.100292631018888,curvature/e_lin_gradient,5.200563619436908e-07,True,
d14-s7,377,0.100292631018888,curvature/curv_eps_gradient,0.01,True,
d14-s7,377,0.100292631018888,curvature/curv_snr_gradient,319.5893690207892,True,
d14-s7,377,0.100292631018888,curvature/curv_floor_gradient,0.010175649549637455,True,
d14-s7,377,0.100292631018888,curvature/c_fd_gradient,3.2520294189453125,True,
d14-s7,377,0.100292631018888,curvature/verdict_code_gradient,0.0,True,
d14-s7,377,0.100292631018888,curvature/e_curv_gradient,0.000853837774296048,True,
d14-s7,377,0.100292631018888,curvature/vhv_update,2.867223586285504e-07,True,
d14-s7,377,0.100292631018888,curvature/e_fd_update,,False,noise_floor_inconclusive
d14-s7,377,0.100292631018888,curvature/fd_cos_update,,False,noise_floor_inconclusive
d14-s7,377,0.100292631018888,curvature/fd_eps_update,0.03,True,
d14-s7,377,0.100292631018888,curvature/fd_snr_update,154.7011613556147,True,
d14-s7,377,0.100292631018888,curvature/fd_floor_update,8.791615197915953e-06,True,
d14-s7,377,0.100292631018888,curvature/fd_conclusive_update,0.0,True,
d14-s7,377,0.100292631018888,curvature/e_sym_update,2.263018847333991e-05,True,
d14-s7,377,0.100292631018888,curvature/e_lin_update,8.496542554384286e-07,True,
d14-s7,377,0.100292631018888,curvature/curv_eps_update,0.1,True,
d14-s7,377,0.100292631018888,curvature/curv_snr_update,0.7029358909660207,True,
d14-s7,377,0.100292631018888,curvature/curv_floor_update,0.00010175262730172106,True,
d14-s7,377,0.100292631018888,curvature/c_fd_update,7.152557373046874e-05,True,
d14-s7,377,0.100292631018888,curvature/verdict_code_update,1.0,True,
d14-s7,377,0.100292631018888,curvature/e_curv_update,,False,noise_floor_inconclusive
d14-s7,401,0.10667730779462622,update/p1,0.0409542887085805,True,
d14-s7,401,0.10667730779462622,update/p2,0.10031527001847079,True,
d14-s7,401,0.10667730779462622,update/actual,0.09475970268249512,True,
d14-s7,401,0.10667730779462622,update/residual_p1,0.05380541397391462,True,
d14-s7,401,0.10667730779462622,update/residual_p2,-0.005555567335975675,True,
d14-s7,401,0.10667730779462622,update/normalized_residual,-0.05538107343929536,True,
d14-s7,401,0.10667730779462622,update/loss_before,1.9764113426208496,True,
d14-s7,401,0.10667730779462622,update/loss_after,2.0711710453033447,True,
d14-s7,401,0.10667730779462622,update/direction_norm,782.1135243787755,True,
d14-s7,401,0.10667730779462622,curvature/dhd,0.1187219626197806,True,
d14-s7,401,0.10667730779462622,curvature/gHg,4.6018717832230465,True,
d14-s7,401,0.10667730779462622,curvature/gg,3.8513351638980122,True,
d14-s7,401,0.10667730779462622,curvature/eta_star,0.8369062297517174,True,
d14-s7,401,0.10667730779462622,curvature/Hg_norm,7.049585597453104,True,
d14-s7,401,0.10667730779462622,curvature/eta_star_rho,0.33263295090299494,True,
d14-s7,401,0.10667730779462622,curvature/eta_star_rho_threshold,9.5367431640625e-07,True,
d14-s7,401,0.10667730779462622,curvature/shadow_verdict_code,1.0,True,
d14-s7,401,0.10667730779462622,curvature/arith_eps,1.1920928955078125e-07,True,
d14-s7,401,0.10667730779462622,curvature/vhv_random,3.3327067789126214e-06,True,
d14-s7,401,0.10667730779462622,curvature/e_fd_random,,False,insufficient_conclusive_points
d14-s7,401,0.10667730779462622,curvature/fd_cos_random,,False,insufficient_conclusive_points
d14-s7,401,0.10667730779462622,curvature/fd_eps_random,0.03,True,
d14-s7,401,0.10667730779462622,curvature/fd_snr_random,598.1781429824666,True,
d14-s7,401,0.10667730779462622,curvature/fd_floor_random,7.798202289164536e-06,True,
d14-s7,401,0.10667730779462622,curvature/fd_conclusive_random,0.0,True,
d14-s7,401,0.10667730779462622,curvature/e_sym_random,7.855530120152724e-07,True,
d14-s7,401,0.10667730779462622,curvature/e_lin_random,9.386620464530247e-07,True,
d14-s7,401,0.10667730779462622,curvature/curv_eps_random,0.003,True,
d14-s7,401,0.10667730779462622,curvature/curv_snr_random,0.3794756778380055,True,
d14-s7,401,0.10667730779462622,curvature/curv_floor_random,0.10471403615813162,True,
d14-s7,401,0.10667730779462622,curvature/c_fd_random,-0.039736429850260414,True,
d14-s7,401,0.10667730779462622,curvature/verdict_code_random,1.0,True,
d14-s7,401,0.10667730779462622,curvature/e_curv_random,,False,noise_floor_inconclusive
d14-s7,401,0.10667730779462622,curvature/vhv_gradient,1.1948770169955196,True,
d14-s7,401,0.10667730779462622,curvature/e_fd_gradient,0.0020305003226222147,True,
d14-s7,401,0.10667730779462622,curvature/fd_cos_gradient,0.9999979402265984,True,
d14-s7,401,0.10667730779462622,curvature/fd_eps_gradient,0.001,True,
d14-s7,401,0.10667730779462622,curvature/fd_snr_gradient,15355.653039254983,True,
d14-s7,401,0.10667730779462622,curvature/fd_floor_gradient,0.00023394608849907974,True,
d14-s7,401,0.10667730779462622,curvature/fd_conclusive_gradient,1.0,True,
d14-s7,401,0.10667730779462622,curvature/e_sym_gradient,8.910719197660465e-09,True,
d14-s7,401,0.10667730779462622,curvature/e_lin_gradient,7.125342698928646e-07,True,
d14-s7,401,0.10667730779462622,curvature/curv_eps_gradient,0.01509803648477105,True,
d14-s7,401,0.10667730779462622,curvature/curv_snr_gradient,288.8975198962166,True,
d14-s7,401,0.10667730779462622,curvature/curv_floor_gradient,0.004134485229043164,True,
d14-s7,401,0.10667730779462622,curvature/c_fd_gradient,1.194442528718111,True,
d14-s7,401,0.10667730779462622,curvature/verdict_code_gradient,0.0,True,
d14-s7,401,0.10667730779462622,curvature/e_curv_gradient,0.0003636259390954378,True,
d14-s7,401,0.10667730779462622,curvature/vhv_update,1.9408479366135035e-07,True,
d14-s7,401,0.10667730779462622,curvature/e_fd_update,,False,noise_floor_inconclusive
d14-s7,401,0.10667730779462622,curvature/fd_cos_update,,False,noise_floor_inconclusive
d14-s7,401,0.10667730779462622,curvature/fd_eps_update,0.03,True,
d14-s7,401,0.10667730779462622,curvature/fd_snr_update,124.04875696879455,True,
d14-s7,401,0.10667730779462622,curvature/fd_floor_update,7.79820304454783e-06,True,
d14-s7,401,0.10667730779462622,curvature/fd_conclusive_update,0.0,True,
d14-s7,401,0.10667730779462622,curvature/e_sym_update,5.007222312018578e-06,True,
d14-s7,401,0.10667730779462622,curvature/e_lin_update,9.154227065846368e-07,True,
d14-s7,401,0.10667730779462622,curvature/curv_eps_update,0.003,True,
d14-s7,401,0.10667730779462622,curvature/curv_snr_update,0.2529837814105924,True,
d14-s7,401,0.10667730779462622,curvature/curv_floor_update,0.10471403773711548,True,
d14-s7,401,0.10667730779462622,curvature/c_fd_update,-0.026490953233506944,True,
d14-s7,401,0.10667730779462622,curvature/verdict_code_update,1.0,True,
d14-s7,401,0.10667730779462622,curvature/e_curv_update,,False,noise_floor_inconclusive
d14-s7,565,0.15030593242883747,update/p1,-0.03265382719640679,True,
d14-s7,565,0.15030593242883747,update/p2,0.011748499341208467,True,
d14-s7,565,0.15030593242883747,update/actual,0.009003877639770508,True,
d14-s7,565,0.15030593242883747,update/residual_p1,0.0416577048361773,True,
d14-s7,565,0.15030593242883747,update/residual_p2,-0.002744621701437959,True,
d14-s7,565,0.15030593242883747,update/normalized_residual,-0.23361466190078053,True,
d14-s7,565,0.15030593242883747,update/loss_before,1.924828290939331,True,
d14-s7,565,0.15030593242883747,update/loss_after,1.9338321685791016,True,
d14-s7,565,0.15030593242883747,update/direction_norm,763.9167299790579,True,
d14-s7,565,0.15030593242883747,curvature/dhd,0.08880465307523051,True,
d14-s7,565,0.15030593242883747,curvature/gHg,7.456830437933192,True,
d14-s7,565,0.15030593242883747,curvature/gg,3.6474977598459146,True,
d14-s7,565,0.15030593242883747,curvature/eta_star,0.48914854510985645,True,
d14-s7,565,0.15030593242883747,curvature/Hg_norm,8.279163504947471,True,
d14-s7,565,0.15030593242883747,curvature/eta_star_rho,0.47159619374615536,True,
d14-s7,565,0.15030593242883747,curvature/eta_star_rho_threshold,9.5367431640625e-07,True,
d14-s7,565,0.15030593242883747,curvature/shadow_verdict_code,1.0,True,
d14-s7,565,0.15030593242883747,curvature/arith_eps,1.1920928955078125e-07,True,
d14-s7,565,0.15030593242883747,curvature/vhv_random,2.8253664793319786e-06,True,
d14-s7,565,0.15030593242883747,curvature/e_fd_random,,False,insufficient_conclusive_points
d14-s7,565,0.15030593242883747,curvature/fd_cos_random,,False,insufficient_conclusive_points
d14-s7,565,0.15030593242883747,curvature/fd_eps_random,0.03,True,
d14-s7,565,0.15030593242883747,curvature/fd_snr_random,515.1831168409078,True,
d14-s7,565,0.15030593242883747,curvature/fd_floor_random,7.589031011496954e-06,True,
d14-s7,565,0.15030593242883747,curvature/fd_conclusive_random,0.0,True,
d14-s7,565,0.15030593242883747,curvature/e_sym_random,1.3178184355185525e-06,True,
d14-s7,565,0.15030593242883747,curvature/e_lin_random,9.218871509789235e-07,True,
d14-s7,565,0.15030593242883747,curvature/curv_eps_random,0.03,True,
d14-s7,565,0.15030593242883747,curvature/curv_snr_random,0.5195268288474543,True,
d14-s7,565,0.15030593242883747,curvature/curv_floor_random,0.0010198107879154526,True,
d14-s7,565,0.15030593242883747,curvature/c_fd_random,0.0005298190646701389,True,
d14-s7,565,0.15030593242883747,curvature/verdict_code_random,1.0,True,
d14-s7,565,0.15030593242883747,curvature/e_curv_random,,False,noise_floor_inconclusive
d14-s7,565,0.15030593242883747,curvature/vhv_gradient,2.044368790978957,True,
d14-s7,565,0.15030593242883747,curvature/e_fd_gradient,0.0010019540965272857,True,
d14-s7,565,0.15030593242883747,curvature/fd_cos_gradient,0.9999994983481322,True,
d14-s7,565,0.15030593242883747,curvature/fd_eps_gradient,0.001,True,
d14-s7,565,0.15030593242883747,curvature/fd_snr_gradient,19040.600647526167,True,
d14-s7,565,0.15030593242883747,curvature/fd_floor_gradient,0.00022767131318303225,True,
d14-s7,565,0.15030593242883747,curvature/fd_conclusive_gradient,1.0,True,
d14-s7,565,0.15030593242883747,curvature/e_sym_gradient,4.0704747122226595e-06,True,
d14-s7,565,0.15030593242883747,curvature/e_lin_gradient,5.728917433726967e-07,True,
d14-s7,565,0.15030593242883747,curvature/curv_eps_gradient,0.011472026904398771,True,
d14-s7,565,0.15030593242883747,curvature/curv_snr_gradient,293.13278769777605,True,
d14-s7,565,0.15030593242883747,curvature/curv_floor_gradient,0.006974240940450159,True,
d14-s7,565,0.15030593242883747,curvature/c_fd_gradient,2.0443786889501143,True,
d14-s7,565,0.15030593242883747,curvature/verdict_code_gradient,0.0,True,
d14-s7,565,0.15030593242883747,curvature/e_curv_gradient,4.841554654651955e-06,True,
d14-s7,565,0.15030593242883747,curvature/vhv_update,1.521751123514126e-07,True,
d14-s7,565,0.15030593242883747,curvature/e_fd_update,,False,noise_floor_inconclusive
d14-s7,565,0.15030593242883747,curvature/fd_cos_update,,False,noise_floor_inconclusive
d14-s7,565,0.15030593242883747,curvature/fd_eps_update,0.03,True,
d14-s7,565,0.15030593242883747,curvature/fd_snr_update,106.5754000192296,True,
d14-s7,565,0.15030593242883747,curvature/fd_floor_update,7.589031301749665e-06,True,
d14-s7,565,0.15030593242883747,curvature/fd_conclusive_update,0.0,True,
d14-s7,565,0.15030593242883747,curvature/e_sym_update,4.5171635233197415e-07,True,
d14-s7,565,0.15030593242883747,curvature/e_lin_update,1.017546608301534e-06,True,
d14-s7,565,0.15030593242883747,curvature/curv_eps_update,0.01,True,
d14-s7,565,0.15030593242883747,curvature/curv_snr_update,0.25976343855539635,True,
d14-s7,565,0.15030593242883747,curvature/curv_floor_update,0.00917829623858779,True,
d14-s7,565,0.15030593242883747,curvature/c_fd_update,-0.002384185791015625,True,
d14-s7,565,0.15030593242883747,curvature/verdict_code_update,1.0,True,
d14-s7,565,0.15030593242883747,curvature/e_curv_update,,False,noise_floor_inconclusive
d14-s7,753,0.20031923383878691,update/p1,-0.02349987105346326,True,
d14-s7,753,0.20031923383878691,update/p2,0.025758475471120083,True,
d14-s7,753,0.20031923383878691,update/actual,0.022115230560302734,True,
d14-s7,753,0.20031923383878691,update/residual_p1,0.045615101613765995,True,
d14-s7,753,0.20031923383878691,update/residual_p2,-0.003643244910817349,True,
d14-s7,753,0.20031923383878691,update/normalized_residual,-0.14143868548828079,True,
d14-s7,753,0.20031923383878691,update/loss_before,1.8196895122528076,True,
d14-s7,753,0.20031923383878691,update/loss_after,1.8418047428131104,True,
d14-s7,753,0.20031923383878691,update/direction_norm,768.6628771038679,True,
d14-s7,753,0.20031923383878691,curvature/dhd,0.09851669304916669,True,
d14-s7,753,0.20031923383878691,curvature/gHg,7.568335039041982,True,
d14-s7,753,0.20031923383878691,curvature/gg,3.671161834819218,True,
d14-s7,753,0.20031923383878691,curvature/eta_star,0.4850686202290434,True,
d14-s7,753,0.20031923383878691,curvature/Hg_norm,8.600160439494152,True,
d14-s7,753,0.20031923383878691,curvature/eta_star_rho,0.45929533168019476,True,
d14-s7,753,0.20031923383878691,curvature/eta_star_rho_threshold,9.5367431640625e-07,True,
d14-s7,753,0.20031923383878691,curvature/shadow_verdict_code,1.0,True,
d14-s7,753,0.20031923383878691,curvature/arith_eps,1.1920928955078125e-07,True,
d14-s7,753,0.20031923383878691,curvature/vhv_random,2.5850118756256522e-06,True,
d14-s7,753,0.20031923383878691,curvature/e_fd_random,,False,noise_floor_inconclusive
d14-s7,753,0.20031923383878691,curvature/fd_cos_random,,False,noise_floor_inconclusive
d14-s7,753,0.20031923383878691,curvature/fd_eps_random,0.03,True,
d14-s7,753,0.20031923383878691,curvature/fd_snr_random,464.95677038559336,True,
d14-s7,753,0.20031923383878691,curvature/fd_floor_random,7.613609110584155e-06,True,
d14-s7,753,0.20031923383878691,curvature/fd_conclusive_random,0.0,True,
d14-s7,753,0.20031923383878691,curvature/e_sym_random,1.7023343255484137e-06,True,
d14-s7,753,0.20031923383878691,curvature/e_lin_random,9.501635546209596e-07,True,
d14-s7,753,0.20031923383878691,curvature/curv_eps_random,0.003,True,
d14-s7,753,0.20031923383878691,curvature/curv_snr_random,0.9617026359954522,True,
d14-s7,753,0.20031923383878691,curvature/curv_floor_random,0.09641060848429737,True,
d14-s7,753,0.20031923383878691,curvature/c_fd_random,-0.0927183363172743,True,
d14-s7,753,0.20031923383878691,curvature/verdict_code_random,1.0,True,
d14-s7,753,0.20031923383878691,curvature/e_curv_random,,False,noise_floor_inconclusive
d14-s7,753,0.20031923383878691,curvature/vhv_gradient,2.0615639049015155,True,
d14-s7,753,0.20031923383878691,curvature/e_fd_gradient,0.0011055884073197099,True,
d14-s7,753,0.20031923383878691,curvature/fd_cos_gradient,0.9999993896419022,True,
d14-s7,753,0.20031923383878691,curvature/fd_eps_gradient,0.001,True,
d14-s7,753,0.20031923383878691,curvature/fd_snr_gradient,19652.153520308348,True,
d14-s7,753,0.20031923383878691,curvature/fd_floor_gradient,0.0002284085374214514,True,
d14-s7,753,0.20031923383878691,curvature/fd_conclusive_gradient,1.0,True,
d14-s7,753,0.20031923383878691,curvature/e_sym_gradient,7.906451423670861e-07,True,
d14-s7,753,0.20031923383878691,curvature/e_lin_gradient,5.7290472415867e-07,True,
d14-s7,753,0.20031923383878691,curvature/curv_eps_gradient,0.011472026904398771,True,
d14-s7,753,0.20031923383878691,curvature/curv_snr_gradient,311.99217240736255,True,
d14-s7,753,0.20031923383878691,curvature/curv_floor_gradient,0.006593305848650936,True,
d14-s7,753,0.20031923383878691,curvature/c_fd_gradient,2.0570598150667747,True,
d14-s7,753,0.20031923383878691,curvature/verdict_code_gradient,0.0,True,
d14-s7,753,0.20031923383878691,curvature/e_curv_gradient,0.002184792731397763,True,
d14-s7,753,0.20031923383878691,curvature/vhv_update,1.6673931864715894e-07,True,
d14-s7,753,0.20031923383878691,curvature/e_fd_update,,False,noise_floor_inconclusive
d14-s7,753,0.20031923383878691,curvature/fd_cos_update,,False,noise_floor_inconclusive
d14-s7,753,0.20031923383878691,curvature/fd_eps_update,0.03,True,
d14-s7,753,0.20031923383878691,curvature/fd_snr_update,125.41196316871907,True,
d14-s7,753,0.20031923383878691,curvature/fd_floor_update,7.613608319830293e-06,True,
d14-s7,753,0.20031923383878691,curvature/fd_conclusive_update,0.0,True,
d14-s7,753,0.20031923383878691,curvature/e_sym_update,1.1065161688910976e-06,True,
d14-s7,753,0.20031923383878691,curvature/e_lin_update,1.0258219861826795e-06,True,
d14-s7,753,0.20031923383878691,curvature/curv_eps_update,0.03,True,
d14-s7,753,0.20031923383878691,curvature/curv_snr_update,0.6869304317817871,True,
d14-s7,753,0.20031923383878691,curvature/curv_floor_update,0.000964106116422651,True,
d14-s7,753,0.20031923383878691,curvature/c_fd_update,-0.0006622738308376736,True,
d14-s7,753,0.20031923383878691,curvature/verdict_code_update,1.0,True,
d14-s7,753,0.20031923383878691,curvature/e_curv_update,,False,noise_floor_inconclusive
d14-s7,941,0.2503325352487364,update/p1,-0.03162182898270271,True,
d14-s7,941,0.2503325352487364,update/p2,0.02625245714003578,True,
d14-s7,941,0.2503325352487364,update/actual,0.025414705276489258,True,
d14-s7,941,0.2503325352487364,update/residual_p1,0.057036534259191966,True,
d14-s7,941,0.2503325352487364,update/residual_p2,-0.0008377518635465236,True,
d14-s7,941,0.2503325352487364,update/normalized_residual,-0.0319113696320992,True,
d14-s7,941,0.2503325352487364,update/loss_before,1.7511868476867676,True,
d14-s7,941,0.2503325352487364,update/loss_after,1.7766015529632568,True,
d14-s7,941,0.2503325352487364,update/direction_norm,782.9848108219057,True,
d14-s7,941,0.2503325352487364,curvature/dhd,0.11574857224547698,True,
d14-s7,941,0.2503325352487364,curvature/gHg,14.013058804155158,True,
d14-s7,941,0.2503325352487364,curvature/gg,4.3212204074821825,True,
d14-s7,941,0.2503325352487364,curvature/eta_star,0.30837096082126286,True,
d14-s7,941,0.2503325352487364,curvature/Hg_norm,14.112105517122295,True,
d14-s7,941,0.2503325352487364,curvature/eta_star_rho,0.4776809481575443,True,
d14-s7,941,0.2503325352487364,curvature/eta_star_rho_threshold,9.5367431640625e-07,True,
d14-s7,941,0.2503325352487364,curvature/shadow_verdict_code,1.0,True,
d14-s7,941,0.2503325352487364,curvature/arith_eps,1.1920928955078125e-07,True,
d14-s7,941,0.2503325352487364,curvature/vhv_random,3.1293284877501484e-06,True,
d14-s7,941,0.2503325352487364,curvature/e_fd_random,,False,noise_floor_inconclusive
d14-s7,941,0.2503325352487364,curvature/fd_cos_random,,False,noise_floor_inconclusive
d14-s7,941,0.2503325352487364,curvature/fd_eps_random,0.03,True,
d14-s7,941,0.2503325352487364,curvature/fd_snr_random,451.7233519268256,True,
d14-s7,941,0.2503325352487364,curvature/fd_floor_random,8.260229313739938e-06,True,
d14-s7,941,0.2503325352487364,curvature/fd_conclusive_random,0.0,True,
d14-s7,941,0.2503325352487364,curvature/e_sym_random,9.410271781118464e-07,True,
d14-s7,941,0.2503325352487364,curvature/e_lin_random,9.39234834831024e-07,True,
d14-s7,941,0.2503325352487364,curvature/curv_eps_random,0.01,True,
d14-s7,941,0.2503325352487364,curvature/curv_snr_random,0.4282809471184716,True,
d14-s7,941,0.2503325352487364,curvature/curv_floor_random,0.008350310025662111,True,
d14-s7,941,0.2503325352487364,curvature/c_fd_random,0.0035762786865234375,True,
d14-s7,941,0.2503325352487364,curvature/verdict_code_random,1.0,True,
d14-s7,941,0.2503325352487364,curvature/e_curv_random,,False,noise_floor_inconclusive
d14-s7,941,0.2503325352487364,curvature/vhv_gradient,3.2428476436258835,True,
d14-s7,941,0.2503325352487364,curvature/e_fd_gradient,0.0006155622066247116,True,
d14-s7,941,0.2503325352487364,curvature/fd_cos_gradient,0.9999998117796907,True,
d14-s7,941,0.2503325352487364,curvature/fd_eps_gradient,0.001,True,
d14-s7,941,0.2503325352487364,curvature/fd_snr_gradient,27395.158200667527,True,
d14-s7,941,0.2503325352487364,curvature/fd_floor_gradient,0.0002478076881349635,True,
d14-s7,941,0.2503325352487364,curvature/fd_conclusive_gradient,1.0,True,
d14-s7,941,0.2503325352487364,curvature/e_sym_gradient,5.524055902105317e-08,True,
d14-s7,941,0.2503325352487364,curvature/e_lin_gradient,4.953667498135169e-07,True,
d14-s7,941,0.2503325352487364,curvature/curv_eps_gradient,0.008602806544914778,True,
d14-s7,941,0.2503325352487364,curvature/curv_snr_gradient,287.9376877241124,True,
d14-s7,941,0.2503325352487364,curvature/curv_floor_gradient,0.01128332692178247,True,
d14-s7,941,0.2503325352487364,curvature/c_fd_gradient,3.2488950636932707,True,
d14-s7,941,0.2503325352487364,curvature/verdict_code_gradient,0.0,True,
d14-s7,941,0.2503325352487364,curvature/e_curv_gradient,0.001861377467979117,True,
d14-s7,941,0.2503325352487364,curvature/vhv_update,1.8880303995330759e-07,True,
d14-s7,941,0.2503325352487364,curvature/e_fd_update,,False,noise_floor_inconclusive
d14-s7,941,0.2503325352487364,curvature/fd_cos_update,,False,noise_floor_inconclusive
d14-s7,941,0.2503325352487364,curvature/fd_eps_update,0.03,True,
d14-s7,941,0.2503325352487364,curvature/fd_snr_update,134.44474747849245,True,
d14-s7,941,0.2503325352487364,curvature/fd_floor_update,8.26022874793469e-06,True,
d14-s7,941,0.2503325352487364,curvature/fd_conclusive_update,0.0,True,
d14-s7,941,0.2503325352487364,curvature/e_sym_update,1.1950990762852314e-06,True,
d14-s7,941,0.2503325352487364,curvature/e_lin_update,8.751686434678626e-07,True,
d14-s7,941,0.2503325352487364,curvature/curv_eps_update,0.03,True,
d14-s7,941,0.2503325352487364,curvature/curv_snr_update,0.28552063627140617,True,
d14-s7,941,0.2503325352487364,curvature/curv_floor_update,0.0009278122092837293,True,
d14-s7,941,0.2503325352487364,curvature/c_fd_update,0.00026490953233506944,True,
d14-s7,941,0.2503325352487364,curvature/verdict_code_update,1.0,True,
d14-s7,941,0.2503325352487364,curvature/e_curv_update,,False,noise_floor_inconclusive
d14-s7,1128,0.30007980845969673,update/p1,-0.05937064945651109,True,
d14-s7,1128,0.30007980845969673,update/p2,-0.009882050395489325,True,
d14-s7,1128,0.30007980845969673,update/actual,-0.012416601181030273,True,
d14-s7,1128,0.30007980845969673,update/residual_p1,0.04695404827548082,True,
d14-s7,1128,0.30007980845969673,update/residual_p2,-0.0025345507855409483,True,
d14-s7,1128,0.30007980845969673,update/normalized_residual,-0.20412597204242672,True,
d14-s7,1128,0.30007980845969673,update/loss_before,1.8377206325531006,True,
d14-s7,1128,0.30007980845969673,update/loss_after,1.8253040313720703,True,
d14-s7,1128,0.30007980845969673,update/direction_norm,794.4575030371453,True,
d14-s7,1128,0.30007980845969673,curvature/dhd,0.09897719812204353,True,
d14-s7,1128,0.30007980845969673,curvature/gHg,44.40463374033241,True,
d14-s7,1128,0.30007980845969673,curvature/gg,6.674790782485571,True,
d14-s7,1128,0.30007980845969673,curvature/eta_star,0.15031743807455183,True,
d14-s7,1128,0.30007980845969673,curvature/Hg_norm,28.834425793895466,True,
d14-s7,1128,0.30007980845969673,curvature/eta_star_rho,0.5960712238113554,True,
d14-s7,1128,0.30007980845969673,curvature/eta_star_rho_threshold,9.5367431640625e-07,True,
d14-s7,1128,0.30007980845969673,curvature/shadow_verdict_code,1.0,True,
d14-s7,1128,0.30007980845969673,curvature/arith_eps,1.1920928955078125e-07,True,
d14-s7,1128,0.30007980845969673,curvature/vhv_random,3.5337319789752342e-06,True,
d14-s7,1128,0.30007980845969673,curvature/e_fd_random,,False,noise_floor_inconclusive
d14-s7,1128,0.30007980845969673,curvature/fd_cos_random,,False,noise_floor_inconclusive
d14-s7,1128,0.30007980845969673,curvature/fd_eps_random,0.03,True,
d14-s7,1128,0.30007980845969673,curvature/fd_snr_random,410.36060336493983,True,
d14-s7,1128,0.30007980845969673,curvature/fd_floor_random,1.0266148962271457e-05,True,
d14-s7,1128,0.30007980845969673,curvature/fd_conclusive_random,0.0,True,
d14-s7,1128,0.30007980845969673,curvature/e_sym_random,3.057299936521019e-07,True,
d14-s7,1128,0.30007980845969673,curvature/e_lin_random,9.067092806445573e-07,True,
d14-s7,1128,0.30007980845969673,curvature/curv_eps_random,0.1,True,
d14-s7,1128,0.30007980845969673,curvature/curv_snr_random,0.5441523848370486,True,
d14-s7,1128,0.30007980845969673,curvature/curv_floor_random,8.762934271544508e-05,True,
d14-s7,1128,0.30007980845969673,curvature/c_fd_random,-4.768371582031249e-05,True,
d14-s7,1128,0.30007980845969673,curvature/verdict_code_random,1.0,True,
d14-s7,1128,0.30007980845969673,curvature/e_curv_random,,False,noise_floor_inconclusive
d14-s7,1128,0.30007980845969673,curvature/vhv_gradient,6.652587669597725,True,
d14-s7,1128,0.30007980845969673,curvature/e_fd_gradient,0.0003706151340592689,True,
d14-s7,1128,0.30007980845969673,curvature/fd_cos_gradient,0.9999999323685312,True,
d14-s7,1128,0.30007980845969673,curvature/fd_eps_gradient,0.001,True,
d14-s7,1128,0.30007980845969673,curvature/fd_snr_gradient,36239.4230772074,True,
d14-s7,1128,0.30007980845969673,curvature/fd_floor_gradient,0.00030798608064465724,True,
d14-s7,1128,0.30007980845969673,curvature/fd_conclusive_gradient,1.0,True,
d14-s7,1128,0.30007980845969673,curvature/e_sym_gradient,1.8234576335365825e-07,True,
d14-s7,1128,0.30007980845969673,curvature/e_lin_gradient,4.771837430292526e-07,True,
d14-s7,1128,0.30007980845969673,curvature/curv_eps_gradient,0.006366789194265115,True,
d14-s7,1128,0.30007980845969673,curvature/curv_snr_gradient,307.9789223016091,True,
d14-s7,1128,0.30007980845969673,curvature/curv_floor_gradient,0.02161845167190382,True,
d14-s7,1128,0.30007980845969673,curvature/c_fd_gradient,6.658027447742358,True,
d14-s7,1128,0.30007980845969673,curvature/verdict_code_gradient,0.0,True,
d14-s7,1128,0.30007980845969673,curvature/e_curv_gradient,0.0008170254910075049,True,
d14-s7,1128,0.30007980845969673,curvature/vhv_update,1.568172387628423e-07,True,
d14-s7,1128,0.30007980845969673,curvature/e_fd_update,,False,noise_floor_inconclusive
d14-s7,1128,0.30007980845969673,curvature/fd_cos_update,,False,noise_floor_inconclusive
d14-s7,1128,0.30007980845969673,curvature/fd_eps_update,0.03,True,
d14-s7,1128,0.30007980845969673,curvature/fd_snr_update,117.48271610406184,True,
d14-s7,1128,0.30007980845969673,curvature/fd_floor_update,1.0266149846750947e-05,True,
d14-s7,1128,0.30007980845969673,curvature/fd_conclusive_update,0.0,True,
d14-s7,1128,0.30007980845969673,curvature/e_sym_update,1.5825376536467793e-06,True,
d14-s7,1128,0.30007980845969673,curvature/e_lin_update,1.0280888031820224e-06,True,
d14-s7,1128,0.30007980845969673,curvature/curv_eps_update,0.003,True,
d14-s7,1128,0.30007980845969673,curvature/curv_snr_update,0.8162284448877668,True,
d14-s7,1128,0.30007980845969673,curvature/curv_floor_update,0.09736595214033311,True,
d14-s7,1128,0.30007980845969673,curvature/c_fd_update,0.07947285970052083,True,
d14-s7,1128,0.30007980845969673,curvature/verdict_code_update,1.0,True,
d14-s7,1128,0.30007980845969673,curvature/e_curv_update,,False,noise_floor_inconclusive
d14-s7,1316,0.3500931098696462,update/p1,-0.05379261310718289,True,
d14-s7,1316,0.3500931098696462,update/p2,-0.01898046811300083,True,
d14-s7,1316,0.3500931098696462,update/actual,-0.020130634307861328,True,
d14-s7,1316,0.3500931098696462,update/residual_p1,0.03366197879932156,True,
d14-s7,1316,0.3500931098696462,update/residual_p2,-0.0011501661948604969,True,
d14-s7,1316,0.3500931098696462,update/normalized_residual,-0.057135119404128215,True,
d14-s7,1316,0.3500931098696462,update/loss_before,1.7266931533813477,True,
d14-s7,1316,0.3500931098696462,update/loss_after,1.7065625190734863,True,
d14-s7,1316,0.3500931098696462,update/direction_norm,794.6094019495974,True,
d14-s7,1316,0.3500931098696462,curvature/dhd,0.06962428998836412,True,
d14-s7,1316,0.3500931098696462,curvature/gHg,81.628737837037,True,
d14-s7,1316,0.3500931098696462,curvature/gg,8.578155123649413,True,
d14-s7,1316,0.3500931098696462,curvature/eta_star,0.10508744041558965,True,
d14-s7,1316,0.3500931098696462,curvature/Hg_norm,48.35357862399165,True,
d14-s7,1316,0.3500931098696462,curvature/eta_star_rho,0.5763914262027647,True,
d14-s7,1316,0.3500931098696462,curvature/eta_star_rho_threshold,9.5367431640625e-07,True,
d14-s7,1316,0.3500931098696462,curvature/shadow_verdict_code,1.0,True,
d14-s7,1316,0.3500931098696462,curvature/arith_eps,1.1920928955078125e-07,True,
d14-s7,1316,0.3500931098696462,curvature/vhv_random,4.991509236915215e-06,True,
d14-s7,1316,0.3500931098696462,curvature/e_fd_random,,False,noise_floor_inconclusive
d14-s7,1316,0.3500931098696462,curvature/fd_cos_random,,False,noise_floor_inconclusive
d14-s7,1316,0.3500931098696462,curvature/fd_eps_random,0.03,True,
d14-s7,1316,0.3500931098696462,curvature/fd_snr_random,451.53875412262477,True,
d14-s7,1316,0.3500931098696462,curvature/fd_floor_random,1.16381990184666e-05,True,
d14-s7,1316,0.3500931098696462,curvature/fd_conclusive_random,0.0,True,
d14-s7,1316,0.3500931098696462,curvature/e_sym_random,7.05270754720226e-07,True,
d14-s7,1316,0.3500931098696462,curvature/e_lin_random,8.083525284899711e-07,True,
d14-s7,1316,0.3500931098696462,curvature/curv_eps_random,0.01,True,
d14-s7,1316,0.3500931098696462,curvature/curv_snr_random,0.8687126328152193,True,
d14-s7,1316,0.3500931098696462,curvature/curv_floor_random,0.008233513710820262,True,
d14-s7,1316,0.3500931098696462,curvature/c_fd_random,-0.007152557373046875,True,
d14-s7,1316,0.3500931098696462,curvature/verdict_code_random,1.0,True,
d14-s7,1316,0.3500931098696462,curvature/e_curv_random,,False,noise_floor_inconclusive
d14-s7,1316,0.3500931098696462,curvature/vhv_gradient,9.515884573999884,True,
d14-s7,1316,0.3500931098696462,curvature/e_fd_gradient,0.00021221296772463996,True,
d14-s7,1316,0.3500931098696462,curvature/fd_cos_gradient,0.9999999775116634,True,
d14-s7,1316,0.3500931098696462,curvature/fd_eps_gradient,0.001,True,
d14-s7,1316,0.3500931098696462,curvature/fd_snr_gradient,47285.10671068288,True,
d14-s7,1316,0.3500931098696462,curvature/fd_floor_gradient,0.00034914882570555967,True,
d14-s7,1316,0.3500931098696462,curvature/fd_conclusive_gradient,1.0,True,
d14-s7,1316,0.3500931098696462,curvature/e_sym_gradient,5.368978499600802e-08,True,
d14-s7,1316,0.3500931098696462,curvature/e_lin_gradient,4.637815588405001e-07,True,
d14-s7,1316,0.3500931098696462,curvature/curv_eps_gradient,0.004711951202502903,True,
d14-s7,1316,0.3500931098696462,curvature/curv_snr_gradient,255.97281821449147,True,
d14-s7,1316,0.3500931098696462,curvature/curv_floor_gradient,0.03708488546328485,True,
d14-s7,1316,0.3500931098696462,curvature/c_fd_gradient,9.49272264519865,True,
d14-s7,1316,0.3500931098696462,curvature/verdict_code_gradient,0.0,True,
d14-s7,1316,0.3500931098696462,curvature/e_curv_gradient,0.002434027926790774,True,
d14-s7,1316,0.3500931098696462,curvature/vhv_update,1.1026899955633381e-07,True,
d14-s7,1316,0.3500931098696462,curvature/e_fd_update,,False,noise_floor_inconclusive
d14-s7,1316,0.3500931098696462,curvature/fd_cos_update,,False,noise_floor_inconclusive
d14-s7,1316,0.3500931098696462,curvature/fd_eps_update,0.03,True,
d14-s7,1316,0.3500931098696462,curvature/fd_snr_update,87.80869279062635,True,
d14-s7,1316,0.3500931098696462,curvature/fd_floor_update,1.1638199295007375e-05,True,
d14-s7,1316,0.3500931098696462,curvature/fd_conclusive_update,0.0,True,
d14-s7,1316,0.3500931098696462,curvature/e_sym_update,1.332480778151127e-05,True,
d14-s7,1316,0.3500931098696462,curvature/e_lin_update,7.911366068116938e-07,True,
d14-s7,1316,0.3500931098696462,curvature/curv_eps_update,0.1,True,
d14-s7,1316,0.3500931098696462,curvature/curv_snr_update,0.7239271815178665,True,
d14-s7,1316,0.3500931098696462,curvature/curv_floor_update,8.233513852928807e-05,True,
d14-s7,1316,0.3500931098696462,curvature/c_fd_update,-5.960464477539061e-05,True,
d14-s7,1316,0.3500931098696462,curvature/verdict_code_update,1.0,True,
d14-s7,1316,0.3500931098696462,curvature/e_curv_update,,False,noise_floor_inconclusive
d14-s7,1317,0.3503591380686353,update/p1,-0.022440737905713694,True,
d14-s7,1317,0.3503591380686353,update/p2,0.016431499474806703,True,
d14-s7,1317,0.3503591380686353,update/actual,0.01419377326965332,True,
d14-s7,1317,0.3503591380686353,update/residual_p1,0.036634511175367014,True,
d14-s7,1317,0.3503591380686353,update/residual_p2,-0.0022377262051533828,True,
d14-s7,1317,0.3503591380686353,update/normalized_residual,-0.13618514905376322,True,
d14-s7,1317,0.3503591380686353,update/loss_before,1.7065625190734863,True,
d14-s7,1317,0.3503591380686353,update/loss_after,1.7207562923431396,True,
d14-s7,1317,0.3503591380686353,update/direction_norm,793.7614762036777,True,
d14-s7,1317,0.3503591380686353,curvature/dhd,0.0777444747610408,True,
d14-s7,1317,0.3503591380686353,curvature/gHg,55.12372891962047,True,
d14-s7,1317,0.3503591380686353,curvature/gg,7.855113523716162,True,
d14-s7,1317,0.3503591380686353,curvature/eta_star,0.14249967623145052,True,
d14-s7,1317,0.3503591380686353,curvature/Hg_norm,36.16614964924938,True,
d14-s7,1317,0.3503591380686353,curvature/eta_star_rho,0.5438261418180489,True,
d14-s7,1317,0.3503591380686353,curvature/eta_star_rho_threshold,9.5367431640625e-07,True,
d14-s7,1317,0.3503591380686353,curvature/shadow_verdict_code,1.0,True,
d14-s7,1317,0.3503591380686353,curvature/arith_eps,1.1920928955078125e-07,True,
d14-s7,1317,0.3503591380686353,curvature/vhv_random,4.842706180444772e-06,True,
d14-s7,1317,0.3503591380686353,curvature/e_fd_random,,False,noise_floor_inconclusive
d14-s7,1317,0.3503591380686353,curvature/fd_cos_random,,False,noise_floor_inconclusive
d14-s7,1317,0.3503591380686353,curvature/fd_eps_random,0.03,True,
d14-s7,1317,0.3503591380686353,curvature/fd_snr_random,462.20484162901494,True,
d14-s7,1317,0.3503591380686353,curvature/fd_floor_random,1.1136919701484376e-05,True,
d14-s7,1317,0.3503591380686353,curvature/fd_conclusive_random,0.0,True,
d14-s7,1317,0.3503591380686353,curvature/e_sym_random,5.505886185072201e-08,True,
d14-s7,1317,0.3503591380686353,curvature/e_lin_random,8.284481724311561e-07,True,
d14-s7,1317,0.3503591380686353,curvature/curv_eps_random,0.01,True,
d14-s7,1317,0.3503591380686353,curvature/curv_snr_random,0.5859732174883703,True,
d14-s7,1317,0.3503591380686353,curvature/curv_floor_random,0.008137524787343864,True,
d14-s7,1317,0.3503591380686353,curvature/c_fd_random,0.00476837158203125,True,
d14-s7,1317,0.3503591380686353,curvature/verdict_code_random,1.0,True,
d14-s7,1317,0.3503591380686353,curvature/e_curv_random,,False,noise_floor_inconclusive
d14-s7,1317,0.3503591380686353,curvature/vhv_gradient,7.017559060255576,True,
d14-s7,1317,0.3503591380686353,curvature/e_fd_gradient,0.0002933107734876965,True,
d14-s7,1317,0.3503591380686353,curvature/fd_cos_gradient,0.9999999570501088,True,
d14-s7,1317,0.3503591380686353,curvature/fd_eps_gradient,0.001,True,
d14-s7,1317,0.3503591380686353,curvature/fd_snr_gradient,38622.220063786874,True,
d14-s7,1317,0.3503591380686353,curvature/fd_floor_gradient,0.0003341094738895493,True,
d14-s7,1317,0.3503591380686353,curvature/fd_conclusive_gradient,1.0,True,
d14-s7,1317,0.3503591380686353,curvature/e_sym_gradient,1.5163625264171318e-07,True,
d14-s7,1317,0.3503591380686353,curvature/e_lin_gradient,4.650254998988186e-07,True,
d14-s7,1317,0.3503591380686353,curvature/curv_eps_gradient,0.005477225575051661,True,
d14-s7,1317,0.3503591380686353,curvature/curv_snr_gradient,258.69921523110423,True,
d14-s7,1317,0.3503591380686353,curvature/curv_floor_gradient,0.027125917275346485,True,
d14-s7,1317,0.3503591380686353,curvature/c_fd_gradient,7.017453511555989,True,
d14-s7,1317,0.3503591380686353,curvature/verdict_code_gradient,0.0,True,
d14-s7,1317,0.3503591380686353,curvature/e_curv_gradient,1.5040657111738395e-05,True,
d14-s7,1317,0.3503591380686353,curvature/vhv_update,1.2339269714749137e-07,True,
d14-s7,1317,0.3503591380686353,curvature/e_fd_update,,False,noise_floor_inconclusive
d14-s7,1317,0.3503591380686353,curvature/fd_cos_update,,False,noise_floor_inconclusive
d14-s7,1317,0.3503591380686353,curvature/fd_eps_update,0.03,True,
d14-s7,1317,0.3503591380686353,curvature/fd_snr_update,95.96812126851583,True,
d14-s7,1317,0.3503591380686353,curvature/fd_floor_update,1.1136919736587608e-05,True,
d14-s7,1317,0.3503591380686353,curvature/fd_conclusive_update,0.0,True,
d14-s7,1317,0.3503591380686353,curvature/e_sym_update,1.4761452557441496e-07,True,
d14-s7,1317,0.3503591380686353,curvature/e_lin_update,7.573955981482831e-07,True,
d14-s7,1317,0.3503591380686353,curvature/curv_eps_update,0.01,True,
d14-s7,1317,0.3503591380686353,curvature/curv_snr_update,0.5859732174883703,True,
d14-s7,1317,0.3503591380686353,curvature/curv_floor_update,0.008137524787343864,True,
d14-s7,1317,0.3503591380686353,curvature/c_fd_update,0.00476837158203125,True,
d14-s7,1317,0.3503591380686353,curvature/verdict_code_update,1.0,True,
d14-s7,1317,0.3503591380686353,curvature/e_curv_update,,False,noise_floor_inconclusive
d14-s7,1504,0.4001064112795956,update/p1,0.016232942157608014,True,
d14-s7,1504,0.4001064112795956,update/p2,0.04635067940244493,True,
d14-s7,1504,0.4001064112795956,update/actual,0.04462456703186035,True,
d14-s7,1504,0.4001064112795956,update/residual_p1,0.028391624874252338,True,
d14-s7,1504,0.4001064112795956,update/residual_p2,-0.0017261123705845788,True,
d14-s7,1504,0.4001064112795956,update/normalized_residual,-0.037240281972944045,True,
d14-s7,1504,0.4001064112795956,update/loss_before,1.6371769905090332,True,
d14-s7,1504,0.4001064112795956,update/loss_after,1.6818015575408936,True,
d14-s7,1504,0.4001064112795956,update/direction_norm,750.3532446806587,True,
d14-s7,1504,0.4001064112795956,curvature/dhd,0.060235474489673826,True,
d14-s7,1504,0.4001064112795956,curvature/gHg,82.02774473964077,True,
d14-s7,1504,0.4001064112795956,curvature/gg,9.389331348904246,True,
d14-s7,1504,0.4001064112795956,curvature/eta_star,0.11446531144683238,True,
d14-s7,1504,0.4001064112795956,curvature/Hg_norm,51.54318669540128,True,
d14-s7,1504,0.4001064112795956,curvature/eta_star_rho,0.519364394524967,True,
d14-s7,1504,0.4001064112795956,curvature/eta_star_rho_threshold,9.5367431640625e-07,True,
d14-s7,1504,0.4001064112795956,curvature/shadow_verdict_code,1.0,True,
d14-s7,1504,0.4001064112795956,curvature/arith_eps,1.1920928955078125e-07,True,
d14-s7,1504,0.4001064112795956,curvature/vhv_random,6.513767935585939e-06,True,
d14-s7,1504,0.4001064112795956,curvature/e_fd_random,,False,insufficient_conclusive_points
d14-s7,1504,0.4001064112795956,curvature/fd_cos_random,,False,insufficient_conclusive_points
d14-s7,1504,0.4001064112795956,curvature/fd_eps_random,0.03,True,
d14-s7,1504,0.4001064112795956,curvature/fd_snr_random,574.7831638831461,True,
d14-s7,1504,0.4001064112795956,curvature/fd_floor_random,1.2176044730929344e-05,True,
d14-s7,1504,0.4001064112795956,curvature/fd_conclusive_random,0.0,True,
d14-s7,1504,0.4001064112795956,curvature/e_sym_random,1.7924393983214852e-06,True,
d14-s7,1504,0.4001064112795956,curvature/e_lin_random,7.49845738732912e-07,True,
d14-s7,1504,0.4001064112795956,curvature/curv_eps_random,0.003,True,
d14-s7,1504,0.4001064112795956,curvature/curv_snr_random,0.7635093172422331,True,
d14-s7,1504,0.4001064112795956,curvature/curv_floor_random,0.08674076607601616,True,
d14-s7,1504,0.4001064112795956,curvature/c_fd_random,0.06622738308376735,True,
d14-s7,1504,0.4001064112795956,curvature/verdict_code_random,1.0,True,
d14-s7,1504,0.4001064112795956,curvature/e_curv_random,,False,noise_floor_inconclusive
d14-s7,1504,0.4001064112795956,curvature/vhv_gradient,8.736271172913986,True,
d14-s7,1504,0.4001064112795956,curvature/e_fd_gradient,0.0002996979379536402,True,
d14-s7,1504,0.4001064112795956,curvature/fd_cos_gradient,0.9999999551892601,True,
d14-s7,1504,0.4001064112795956,curvature/fd_eps_gradient,0.001,True,
d14-s7,1504,0.4001064112795956,curvature/fd_snr_gradient,46049.28275883286,True,
d14-s7,1504,0.4001064112795956,curvature/fd_floor_gradient,0.00036528433405948717,True,
d14-s7,1504,0.4001064112795956,curvature/fd_conclusive_gradient,1.0,True,
d14-s7,1504,0.4001064112795956,curvature/e_sym_gradient,4.7481350016847215e-07,True,
d14-s7,1504,0.4001064112795956,curvature/e_lin_gradient,4.4180187621554625e-07,True,
d14-s7,1504,0.4001064112795956,curvature/curv_eps_gradient,0.005477225575051661,True,
d14-s7,1504,0.4001064112795956,curvature/curv_snr_gradient,336.54143547047966,True,
d14-s7,1504,0.4001064112795956,curvature/curv_floor_gradient,0.026023271478455474,True,
d14-s7,1504,0.4001064112795956,curvature/c_fd_gradient,8.757909138997396,True,
d14-s7,1504,0.4001064112795956,curvature/verdict_code_gradient,0.0,True,
d14-s7,1504,0.4001064112795956,curvature/e_curv_gradient,0.002470677160494935,True,
d14-s7,1504,0.4001064112795956,curvature/vhv_update,1.069844831683589e-07,True,
d14-s7,1504,0.4001064112795956,curvature/e_fd_update,,False,noise_floor_inconclusive
d14-s7,1504,0.4001064112795956,curvature/fd_cos_update,,False,noise_floor_inconclusive
d14-s7,1504,0.4001064112795956,curvature/fd_eps_update,0.03,True,
d14-s7,1504,0.4001064112795956,curvature/fd_snr_update,108.24484999479317,True,
d14-s7,1504,0.4001064112795956,curvature/fd_floor_update,1.2176044505464387e-05,True,
d14-s7,1504,0.4001064112795956,curvature/fd_conclusive_update,0.0,True,
d14-s7,1504,0.4001064112795956,curvature/e_sym_update,1.959035150043268e-06,True,
d14-s7,1504,0.4001064112795956,curvature/e_lin_update,8.015797170426534e-07,True,
d14-s7,1504,0.4001064112795956,curvature/curv_eps_update,0.03,True,
d14-s7,1504,0.4001064112795956,curvature/curv_snr_update,0.9162111640124475,True,
d14-s7,1504,0.4001064112795956,curvature/curv_floor_update,0.0008674076765500003,True,
d14-s7,1504,0.4001064112795956,curvature/c_fd_update,0.0007947285970052084,True,
d14-s7,1504,0.4001064112795956,curvature/verdict_code_update,1.0,True,
d14-s7,1504,0.4001064112795956,curvature/e_curv_update,,False,noise_floor_inconclusive
d14-s7,1692,0.4501197126895451,update/p1,0.025244205361117576,True,
d14-s7,1692,0.4501197126895451,update/p2,0.05236552486006567,True,
d14-s7,1692,0.4501197126895451,update/actual,0.05221080780029297,True,
d14-s7,1692,0.4501197126895451,update/residual_p1,0.026966602439175393,True,
d14-s7,1692,0.4501197126895451,update/residual_p2,-0.00015471705977269934,True,
d14-s7,1692,0.4501197126895451,update/normalized_residual,-0.002954559515752848,True,
d14-s7,1692,0.4501197126895451,update/loss_before,1.6058762073516846,True,
d14-s7,1692,0.4501197126895451,update/loss_after,1.6580870151519775,True,
d14-s7,1692,0.4501197126895451,update/direction_norm,685.3547219818729,True,
d14-s7,1692,0.4501197126895451,curvature/dhd,0.05424263899789618,True,
d14-s7,1692,0.4501197126895451,curvature/gHg,150.56304730807608,True,
d14-s7,1692,0.4501197126895451,curvature/gg,12.49730516118133,True,
d14-s7,1692,0.4501197126895451,curvature/eta_star,0.08300380063117244,True,
d14-s7,1692,0.4501197126895451,curvature/Hg_norm,81.53819601671405,True,
d14-s7,1692,0.4501197126895451,curvature/eta_star_rho,0.5223349789632261,True,
d14-s7,1692,0.4501197126895451,curvature/eta_star_rho_threshold,9.5367431640625e-07,True,
d14-s7,1692,0.4501197126895451,curvature/shadow_verdict_code,1.0,True,
d14-s7,1692,0.4501197126895451,curvature/arith_eps,1.1920928955078125e-07,True,
d14-s7,1692,0.4501197126895451,curvature/vhv_random,8.13199038349976e-06,True,
d14-s7,1692,0.4501197126895451,curvature/e_fd_random,,False,insufficient_conclusive_points
d14-s7,1692,0.4501197126895451,curvature/fd_cos_random,,False,insufficient_conclusive_points
d14-s7,1692,0.4501197126895451,curvature/fd_eps_random,0.03,True,
d14-s7,1692,0.4501197126895451,curvature/fd_snr_random,611.8946840286882,True,
d14-s7,1692,0.4501197126895451,curvature/fd_floor_random,1.404743639246911e-05,True,
d14-s7,1692,0.4501197126895451,curvature/fd_conclusive_random,0.0,True,
d14-s7,1692,0.4501197126895451,curvature/e_sym_random,1.2296885231276653e-06,True,
d14-s7,1692,0.4501197126895451,curvature/e_lin_random,7.672676282280453e-07,True,
d14-s7,1692,0.4501197126895451,curvature/curv_eps_random,0.003,True,
d14-s7,1692,0.4501197126895451,curvature/curv_snr_random,0.3113564913364506,True,
d14-s7,1692,0.4501197126895451,curvature/curv_floor_random,0.08508238617347767,True,
d14-s7,1692,0.4501197126895451,curvature/c_fd_random,0.026490953233506944,True,
d14-s7,1692,0.4501197126895451,curvature/verdict_code_random,1.0,True,
d14-s7,1692,0.4501197126895451,curvature/e_curv_random,,False,noise_floor_inconclusive
d14-s7,1692,0.4501197126895451,curvature/vhv_gradient,12.047641088397143,True,
d14-s7,1692,0.4501197126895451,curvature/e_fd_gradient,0.00023132938830602254,True,
d14-s7,1692,0.4501197126895451,curvature/fd_cos_gradient,0.9999999733267804,True,
d14-s7,1692,0.4501197126895451,curvature/fd_eps_gradient,0.001,True,
d14-s7,1692,0.4501197126895451,curvature/fd_snr_gradient,54731.25979380846,True,
d14-s7,1692,0.4501197126895451,curvature/fd_floor_gradient,0.0004214276938661693,True,
d14-s7,1692,0.4501197126895451,curvature/fd_conclusive_gradient,1.0,True,
d14-s7,1692,0.4501197126895451,curvature/e_sym_gradient,8.321991726897917e-07,True,
d14-s7,1692,0.4501197126895451,curvature/e_lin_gradient,4.3737644205193066e-07,True,
d14-s7,1692,0.4501197126895451,curvature/curv_eps_gradient,0.004053600464421103,True,
d14-s7,1692,0.4501197126895451,curvature/curv_snr_gradient,258.5736050369368,True,
d14-s7,1692,0.4501197126895451,curvature/curv_floor_gradient,0.04660297693156137,True,
d14-s7,1692,0.4501197126895451,curvature/c_fd_gradient,12.050299750647026,True,
d14-s7,1692,0.4501197126895451,curvature/verdict_code_gradient,0.0,True,
d14-s7,1692,0.4501197126895451,curvature/e_curv_gradient,0.00022063038305257876,True,
d14-s7,1692,0.4501197126895451,curvature/vhv_update,1.1548084824797085e-07,True,
d14-s7,1692,0.4501197126895451,curvature/e_fd_update,,False,noise_floor_inconclusive
d14-s7,1692,0.4501197126895451,curvature/fd_cos_update,,False,noise_floor_inconclusive
d14-s7,1692,0.4501197126895451,curvature/fd_eps_update,0.03,True,
d14-s7,1692,0.4501197126895451,curvature/fd_snr_update,87.19702752627661,True,
d14-s7,1692,0.4501197126895451,curvature/fd_floor_update,1.4047435616895391e-05,True,
d14-s7,1692,0.4501197126895451,curvature/fd_conclusive_update,0.0,True,
d14-s7,1692,0.4501197126895451,curvature/e_sym_update,1.4831410056996321e-05,True,
d14-s7,1692,0.4501197126895451,curvature/e_lin_update,8.462183190071726e-07,True,
d14-s7,1692,0.4501197126895451,curvature/curv_eps_update,0.003,True,
d14-s7,1692,0.4501197126895451,curvature/curv_snr_update,0.4670347283373086,True,
d14-s7,1692,0.4501197126895451,curvature/curv_floor_update,0.08508238775246152,True,
d14-s7,1692,0.4501197126895451,curvature/c_fd_update,0.039736429850260414,True,
d14-s7,1692,0.4501197126895451,curvature/verdict_code_update,1.0,True,
d14-s7,1692,0.4501197126895451,curvature/e_curv_update,,False,noise_floor_inconclusive
d14-s7,1880,0.5001330140994945,update/p1,-0.02416703038506341,True,
d14-s7,1880,0.5001330140994945,update/p2,0.006122560944347384,True,
d14-s7,1880,0.5001330140994945,update/actual,0.005414724349975586,True,
d14-s7,1880,0.5001330140994945,update/residual_p1,0.029581754735038997,True,
d14-s7,1880,0.5001330140994945,update/residual_p2,-0.0007078365943717982,True,
d14-s7,1880,0.5001330140994945,update/normalized_residual,-0.11561119616543857,True,
d14-s7,1880,0.5001330140994945,update/loss_before,1.554478406906128,True,
d14-s7,1880,0.5001330140994945,update/loss_after,1.5598931312561035,True,
d14-s7,1880,0.5001330140994945,update/direction_norm,647.0011603667317,True,
d14-s7,1880,0.5001330140994945,curvature/dhd,0.06057918265882159,True,
d14-s7,1880,0.5001330140994945,curvature/gHg,356.41592243860515,True,
d14-s7,1880,0.5001330140994945,curvature/gg,16.28077054515474,True,
d14-s7,1880,0.5001330140994945,curvature/eta_star,0.04567913361939997,True,
d14-s7,1880,0.5001330140994945,curvature/Hg_norm,154.87866203438594,True,
d14-s7,1880,0.5001330140994945,curvature/eta_star_rho,0.5703323832870335,True,
d14-s7,1880,0.5001330140994945,curvature/eta_star_rho_threshold,9.5367431640625e-07,True,
d14-s7,1880,0.5001330140994945,curvature/shadow_verdict_code,2.0,True,
d14-s7,1880,0.5001330140994945,curvature/arith_eps,1.1920928955078125e-07,True,
d14-s7,1880,0.5001330140994945,curvature/vhv_random,8.92400419847544e-06,True,
d14-s7,1880,0.5001330140994945,curvature/e_fd_random,,False,insufficient_conclusive_points
d14-s7,1880,0.5001330140994945,curvature/fd_cos_random,,False,insufficient_conclusive_points
d14-s7,1880,0.5001330140994945,curvature/fd_eps_random,0.03,True,
d14-s7,1880,0.5001330140994945,curvature/fd_snr_random,611.4331694289774,True,
d14-s7,1880,0.5001330140994945,curvature/fd_floor_random,1.6033427139595196e-05,True,
d14-s7,1880,0.5001330140994945,curvature/fd_conclusive_random,0.0,True,
d14-s7,1880,0.5001330140994945,curvature/e_sym_random,0.00012017614608280377,True,
d14-s7,1880,0.5001330140994945,curvature/e_lin_random,7.554356866660021e-07,True,
d14-s7,1880,0.5001330140994945,curvature/curv_eps_random,0.01,True,
d14-s7,1880,0.5001330140994945,curvature/curv_snr_random,0.8041283264347996,True,
d14-s7,1880,0.5001330140994945,curvature/curv_floor_random,0.007412329949829655,True,
d14-s7,1880,0.5001330140994945,curvature/c_fd_random,-0.0059604644775390625,True,
d14-s7,1880,0.5001330140994945,curvature/verdict_code_random,2.0,True,
d14-s7,1880,0.5001330140994945,curvature/e_curv_random,,False,noise_floor_inconclusive
d14-s7,1880,0.5001330140994945,curvature/vhv_gradient,21.891835127002654,True,
d14-s7,1880,0.5001330140994945,curvature/e_fd_gradient,0.00011493573335891249,True,
d14-s7,1880,0.5001330140994945,curvature/fd_cos_gradient,0.9999999935029016,True,
d14-s7,1880,0.5001330140994945,curvature/fd_eps_gradient,0.001,True,
d14-s7,1880,0.5001330140994945,curvature/fd_snr_gradient,79799.97040058674,True,
d14-s7,1880,0.5001330140994945,curvature/fd_floor_gradient,0.00048101409626708836,True,
d14-s7,1880,0.5001330140994945,curvature/fd_conclusive_gradient,1.0,True,
d14-s7,1880,0.5001330140994945,curvature/e_sym_gradient,8.253417737674046e-07,True,
d14-s7,1880,0.5001330140994945,curvature/e_lin_gradient,4.19982114833568e-07,True,
d14-s7,1880,0.5001330140994945,curvature/curv_eps_gradient,0.003,True,
d14-s7,1880,0.5001330140994945,curvature/curv_snr_gradient,265.51474364390253,True,
d14-s7,1880,0.5001330140994945,curvature/curv_floor_gradient,0.08236183646204154,True,
d14-s7,1880,0.5001330140994945,curvature/c_fd_gradient,21.868281894259983,True,
d14-s7,1880,0.5001330140994945,curvature/verdict_code_gradient,0.0,True,
d14-s7,1880,0.5001330140994945,curvature/e_curv_gradient,0.001075891198980352,True,
d14-s7,1880,0.5001330140994945,curvature/vhv_update,1.4471492053348209e-07,True,
d14-s7,1880,0.5001330140994945,curvature/e_fd_update,,False,noise_floor_inconclusive
d14-s7,1880,0.5001330140994945,curvature/fd_cos_update,,False,noise_floor_inconclusive
d14-s7,1880,0.5001330140994945,curvature/fd_eps_update,0.03,True,
d14-s7,1880,0.5001330140994945,curvature/fd_snr_update,123.63973219675984,True,
d14-s7,1880,0.5001330140994945,curvature/fd_floor_update,1.6033427057886847e-05,True,
d14-s7,1880,0.5001330140994945,curvature/fd_conclusive_update,0.0,True,
d14-s7,1880,0.5001330140994945,curvature/e_sym_update,1.0778763140721246e-06,True,
d14-s7,1880,0.5001330140994945,curvature/e_lin_update,8.827072248863911e-07,True,
d14-s7,1880,0.5001330140994945,curvature/curv_eps_update,0.03,True,
d14-s7,1880,0.5001330140994945,curvature/curv_snr_update,0.6433026488144971,True,
d14-s7,1880,0.5001330140994945,curvature/curv_floor_update,0.000823592232437578,True,
d14-s7,1880,0.5001330140994945,curvature/c_fd_update,-0.0005298190646701389,True,
d14-s7,1880,0.5001330140994945,curvature/verdict_code_update,1.0,True,
d14-s7,1880,0.5001330140994945,curvature/e_curv_update,,False,noise_floor_inconclusive
d14-s7,2068,0.550146315509444,update/p1,0.0180801293451249,True,
d14-s7,2068,0.550146315509444,update/p2,0.043041471201388876,True,
d14-s7,2068,0.550146315509444,update/actual,0.042702436447143555,True,
d14-s7,2068,0.550146315509444,update/residual_p1,0.024622307102018653,True,
d14-s7,2068,0.550146315509444,update/residual_p2,-0.0003390347542453209,True,
d14-s7,2068,0.550146315509444,update/normalized_residual,-0.007876932288373564,True,
d14-s7,2068,0.550146315509444,update/loss_before,1.5398820638656616,True,
d14-s7,2068,0.550146315509444,update/loss_after,1.5825845003128052,True,
d14-s7,2068,0.550146315509444,update/direction_norm,585.2762338237076,True,
d14-s7,2068,0.550146315509444,curvature/dhd,0.04992268371252794,True,
d14-s7,2068,0.550146315509444,curvature/gHg,461.4796362878117,True,
d14-s7,2068,0.550146315509444,curvature/gg,19.00901434285121,True,
d14-s7,2068,0.550146315509444,curvature/eta_star,0.04119144778686579,True,
d14-s7,2068,0.550146315509444,curvature/Hg_norm,180.31948721233948,True,
d14-s7,2068,0.550146315509444,curvature/eta_star_rho,0.5869891568428094,True,
d14-s7,2068,0.550146315509444,curvature/eta_star_rho_threshold,9.5367431640625e-07,True,
d14-s7,2068,0.550146315509444,curvature/shadow_verdict_code,1.0,True,
d14-s7,2068,0.550146315509444,curvature/arith_eps,1.1920928955078125e-07,True,
d14-s7,2068,0.550146315509444,curvature/vhv_random,1.0741105253118676e-05,True,
d14-s7,2068,0.550146315509444,curvature/e_fd_random,,False,insufficient_conclusive_points
d14-s7,2068,0.550146315509444,curvature/fd_cos_random,,False,insufficient_conclusive_points
d14-s7,2068,0.550146315509444,curvature/fd_eps_random,0.03,True,
d14-s7,2068,0.550146315509444,curvature/fd_snr_random,709.4850441466194,True,
d14-s7,2068,0.550146315509444,curvature/fd_floor_random,1.7324822250367937e-05,True,
d14-s7,2068,0.550146315509444,curvature/fd_conclusive_random,0.0,True,
d14-s7,2068,0.550146315509444,curvature/e_sym_random,4.700279368789812e-06,True,
d14-s7,2068,0.550146315509444,curvature/e_lin_random,7.403905415634821e-07,True,
d14-s7,2068,0.550146315509444,curvature/curv_eps_random,0.1,True,
d14-s7,2068,0.550146315509444,curvature/curv_snr_random,1.2988005622463659,True,
d14-s7,2068,0.550146315509444,curvature/curv_floor_random,7.342731009885027e-05,True,
d14-s7,2068,0.550146315509444,curvature/c_fd_random,9.536743164062499e-05,True,
d14-s7,2068,0.550146315509444,curvature/verdict_code_random,1.0,True,
d14-s7,2068,0.550146315509444,curvature/e_curv_random,,False,noise_floor_inconclusive
d14-s7,2068,0.550146315509444,curvature/vhv_gradient,24.276884959523482,True,
d14-s7,2068,0.550146315509444,curvature/e_fd_gradient,0.00011780738586484232,True,
d14-s7,2068,0.550146315509444,curvature/fd_cos_gradient,0.999999993411618,True,
d14-s7,2068,0.550146315509444,curvature/fd_eps_gradient,0.001,True,
d14-s7,2068,0.550146315509444,curvature/fd_snr_gradient,79572.42504005175,True,
d14-s7,2068,0.550146315509444,curvature/fd_floor_gradient,0.000519756953450402,True,
d14-s7,2068,0.550146315509444,curvature/fd_conclusive_gradient,1.0,True,
d14-s7,2068,0.550146315509444,curvature/e_sym_gradient,1.0147364618523407e-06,True,
d14-s7,2068,0.550146315509444,curvature/e_lin_gradient,4.648876628314589e-07,True,
d14-s7,2068,0.550146315509444,curvature/curv_eps_gradient,0.003,True,
d14-s7,2068,0.550146315509444,curvature/curv_snr_gradient,298.38886109160006,True,
d14-s7,2068,0.550146315509444,curvature/curv_floor_gradient,0.08158878965029241,True,
d14-s7,2068,0.550146315509444,curvature/c_fd_gradient,24.34518602159288,True,
d14-s7,2068,0.550146315509444,curvature/verdict_code_gradient,0.0,True,
d14-s7,2068,0.550146315509444,curvature/e_curv_gradient,0.0028055263988871993,True,
d14-s7,2068,0.550146315509444,curvature/vhv_update,1.4573911033931159e-07,True,
d14-s7,2068,0.550146315509444,curvature/e_fd_update,,False,noise_floor_inconclusive
d14-s7,2068,0.550146315509444,curvature/fd_cos_update,,False,noise_floor_inconclusive
d14-s7,2068,0.550146315509444,curvature/fd_eps_update,0.03,True,
d14-s7,2068,0.550146315509444,curvature/fd_snr_update,102.27200905246383,True,
d14-s7,2068,0.550146315509444,curvature/fd_floor_update,1.732482133162976e-05,True,
d14-s7,2068,0.550146315509444,curvature/fd_conclusive_update,0.0,True,
d14-s7,2068,0.550146315509444,curvature/e_sym_update,4.229600750974108e-05,True,
d14-s7,2068,0.550146315509444,curvature/e_lin_update,8.146905406368931e-07,True,
d14-s7,2068,0.550146315509444,curvature/curv_eps_update,0.01,True,
d14-s7,2068,0.550146315509444,curvature/curv_snr_update,0.6494003313962148,True,
d14-s7,2068,0.550146315509444,curvature/curv_floor_update,0.00734273044145084,True,
d14-s7,2068,0.550146315509444,curvature/c_fd_update,0.00476837158203125,True,
d14-s7,2068,0.550146315509444,curvature/verdict_code_update,1.0,True,
d14-s7,2068,0.550146315509444,curvature/e_curv_update,,False,noise_floor_inconclusive
d14-s7,2256,0.6001596169193935,update/p1,-0.021977560755313263,True,
d14-s7,2256,0.6001596169193935,update/p2,-0.0010116134298579112,True,
d14-s7,2256,0.6001596169193935,update/actual,-0.0007435083389282227,True,
d14-s7,2256,0.6001596169193935,update/residual_p1,0.02123405241638504,True,
d14-s7,2256,0.6001596169193935,update/residual_p2,0.0002681050909296885,True,
d14-s7,2256,0.6001596169193935,update/normalized_residual,0.26502721594685225,True,
d14-s7,2256,0.6001596169193935,update/loss_before,1.5200567245483398,True,
d14-s7,2256,0.6001596169193935,update/loss_after,1.5193132162094116,True,
d14-s7,2256,0.6001596169193935,update/direction_norm,524.8200804125614,True,
d14-s7,2256,0.6001596169193935,curvature/dhd,0.041931894650910705,True,
d14-s7,2256,0.6001596169193935,curvature/gHg,282.7969485165822,True,
d14-s7,2256,0.6001596169193935,curvature/gg,18.182638516894457,True,
d14-s7,2256,0.6001596169193935,curvature/eta_star,0.06429573802783906,True,
d14-s7,2256,0.6001596169193935,curvature/Hg_norm,128.36759792300896,True,
d14-s7,2256,0.6001596169193935,curvature/eta_star_rho,0.5166433598852761,True,
d14-s7,2256,0.6001596169193935,curvature/eta_star_rho_threshold,9.5367431640625e-07,True,
d14-s7,2256,0.6001596169193935,curvature/shadow_verdict_code,1.0,True,
d14-s7,2256,0.6001596169193935,curvature/arith_eps,1.1920928955078125e-07,True,
d14-s7,2256,0.6001596169193935,curvature/vhv_random,1.0668099619612174e-05,True,
d14-s7,2256,0.6001596169193935,curvature/e_fd_random,,False,insufficient_conclusive_points
d14-s7,2256,0.6001596169193935,curvature/fd_cos_random,,False,insufficient_conclusive_points
d14-s7,2256,0.6001596169193935,curvature/fd_eps_random,0.03,True,
d14-s7,2256,0.6001596169193935,curvature/fd_snr_random,745.5764018041871,True,
d14-s7,2256,0.6001596169193935,curvature/fd_floor_random,1.6944051584545177e-05,True,
d14-s7,2256,0.6001596169193935,curvature/fd_conclusive_random,0.0,True,
d14-s7,2256,0.6001596169193935,curvature/e_sym_random,1.0010875327287e-06,True,
d14-s7,2256,0.6001596169193935,curvature/e_lin_random,6.91924702280622e-07,True,
d14-s7,2256,0.6001596169193935,curvature/curv_eps_random,0.01,True,
d14-s7,2256,0.6001596169193935,curvature/curv_snr_random,0.4934026684671827,True,
d14-s7,2256,0.6001596169193935,curvature/curv_floor_random,0.007248194862086166,True,
d14-s7,2256,0.6001596169193935,curvature/c_fd_random,-0.0035762786865234375,True,
d14-s7,2256,0.6001596169193935,curvature/verdict_code_random,1.0,True,
d14-s7,2256,0.6001596169193935,curvature/e_curv_random,,False,noise_floor_inconclusive
d14-s7,2256,0.6001596169193935,curvature/vhv_gradient,15.553129718263975,True,
d14-s7,2256,0.6001596169193935,curvature/e_fd_gradient,0.00018225653046048275,True,
d14-s7,2256,0.6001596169193935,curvature/fd_cos_gradient,0.999999983670414,True,
d14-s7,2256,0.6001596169193935,curvature/fd_eps_gradient,0.001,True,
d14-s7,2256,0.6001596169193935,curvature/fd_snr_gradient,59222.160166868016,True,
d14-s7,2256,0.6001596169193935,curvature/fd_floor_gradient,0.0005083264368614625,True,
d14-s7,2256,0.6001596169193935,curvature/fd_conclusive_gradient,1.0,True,
d14-s7,2256,0.6001596169193935,curvature/e_sym_gradient,1.4818510635449888e-06,True,
d14-s7,2256,0.6001596169193935,curvature/e_lin_gradient,4.5555988920941297e-07,True,
d14-s7,2256,0.6001596169193935,curvature/curv_eps_gradient,0.0034872340605791446,True,
d14-s7,2256,0.6001596169193935,curvature/curv_snr_gradient,260.83741792619594,True,
d14-s7,2256,0.6001596169193935,curvature/curv_floor_gradient,0.05960479443881865,True,
d14-s7,2256,0.6001596169193935,curvature/c_fd_gradient,15.54716067744314,True,
d14-s7,2256,0.6001596169193935,curvature/verdict_code_gradient,0.0,True,
d14-s7,2256,0.6001596169193935,curvature/e_curv_gradient,0.0003837839025945774,True,
d14-s7,2256,0.6001596169193935,curvature/vhv_update,1.5223819842841907e-07,True,
d14-s7,2256,0.6001596169193935,curvature/e_fd_update,,False,noise_floor_inconclusive
d14-s7,2256,0.6001596169193935,curvature/fd_cos_update,,False,noise_floor_inconclusive
d14-s7,2256,0.6001596169193935,curvature/fd_eps_update,0.03,True,
d14-s7,2256,0.6001596169193935,curvature/fd_snr_update,123.20205204253132,True,
d14-s7,2256,0.6001596169193935,curvature/fd_floor_update,1.69440530883813e-05,True,
d14-s7,2256,0.6001596169193935,curvature/fd_conclusive_update,0.0,True,
d14-s7,2256,0.6001596169193935,curvature/e_sym_update,7.181009433275635e-06,True,
d14-s7,2256,0.6001596169193935,curvature/e_lin_update,8.229866658188135e-07,True,
d14-s7,2256,0.6001596169193935,curvature/curv_eps_update,0.003,True,
d14-s7,2256,0.6001596169193935,curvature/curv_snr_update,0.3289350800658497,True,
d14-s7,2256,0.6001596169193935,curvature/curv_floor_update,0.08053550636254335,True,
d14-s7,2256,0.6001596169193935,curvature/c_fd_update,0.026490953233506944,True,
d14-s7,2256,0.6001596169193935,curvature/verdict_code_update,1.0,True,
d14-s7,2256,0.6001596169193935,curvature/e_curv_update,,False,noise_floor_inconclusive
d14-s7,2444,0.6501729183293429,update/p1,0.009028163715230327,True,
d14-s7,2444,0.6501729183293429,update/p2,0.02168822064097639,True,
d14-s7,2444,0.6501729183293429,update/actual,0.02117633819580078,True,
d14-s7,2444,0.6501729183293429,update/residual_p1,0.012148174480570454,True,
d14-s7,2444,0.6501729183293429,update/residual_p2,-0.0005118824451756099,True,
d14-s7,2444,0.6501729183293429,update/normalized_residual,-0.02360186451665337,True,
d14-s7,2444,0.6501729183293429,update/loss_before,1.4915525913238525,True,
d14-s7,2444,0.6501729183293429,update/loss_after,1.5127289295196533,True,
d14-s7,2444,0.6501729183293429,update/direction_norm,468.3132030210593,True,
d14-s7,2444,0.6501729183293429,curvature/dhd,0.025320113851492125,True,
d14-s7,2444,0.6501729183293429,curvature/gHg,474.770033281748,True,
d14-s7,2444,0.6501729183293429,curvature/gg,19.99043419944455,True,
d14-s7,2444,0.6501729183293429,curvature/eta_star,0.04210550961117929,True,
d14-s7,2444,0.6501729183293429,curvature/Hg_norm,185.25984848025143,True,
d14-s7,2444,0.6501729183293429,curvature/eta_star_rho,0.5731798058694924,True,
d14-s7,2444,0.6501729183293429,curvature/eta_star_rho_threshold,9.5367431640625e-07,True,
d14-s7,2444,0.6501729183293429,curvature/shadow_verdict_code,1.0,True,
d14-s7,2444,0.6501729183293429,curvature/arith_eps,1.1920928955078125e-07,True,
d14-s7,2444,0.6501729183293429,curvature/vhv_random,1.1840471912550868e-05,True,
d14-s7,2444,0.6501729183293429,curvature/e_fd_random,,False,insufficient_conclusive_points
d14-s7,2444,0.6501729183293429,curvature/fd_cos_random,,False,insufficient_conclusive_points
d14-s7,2444,0.6501729183293429,curvature/fd_eps_random,0.03,True,
d14-s7,2444,0.6501729183293429,curvature/fd_snr_random,797.5227400034317,True,
d14-s7,2444,0.6501729183293429,curvature/fd_floor_random,1.7766419405622677e-05,True,
d14-s7,2444,0.6501729183293429,curvature/fd_conclusive_random,0.0,True,
d14-s7,2444,0.6501729183293429,curvature/e_sym_random,4.679076539391272e-06,True,
d14-s7,2444,0.6501729183293429,curvature/e_lin_random,7.03519259240604e-07,True,
d14-s7,2444,0.6501729183293429,curvature/curv_eps_random,0.003,True,
d14-s7,2444,0.6501729183293429,curvature/curv_snr_random,0.670442387174155,True,
d14-s7,2444,0.6501729183293429,curvature/curv_floor_random,0.07902529356821712,True,
d14-s7,2444,0.6501729183293429,curvature/c_fd_random,-0.05298190646701389,True,
d14-s7,2444,0.6501729183293429,curvature/verdict_code_random,1.0,True,
d14-s7,2444,0.6501729183293429,curvature/e_curv_random,,False,noise_floor_inconclusive
d14-s7,2444,0.6501729183293429,curvature/vhv_gradient,23.74986145393323,True,
d14-s7,2444,0.6501729183293429,curvature/e_fd_gradient,0.00013971900804977911,True,
d14-s7,2444,0.6501729183293429,curvature/fd_cos_gradient,0.9999999902493768,True,
d14-s7,2444,0.6501729183293429,curvature/fd_eps_gradient,0.001,True,
d14-s7,2444,0.6501729183293429,curvature/fd_snr_gradient,77739.20925082803,True,
d14-s7,2444,0.6501729183293429,curvature/fd_floor_gradient,0.0005330035341008806,True,
d14-s7,2444,0.6501729183293429,curvature/fd_conclusive_gradient,1.0,True,
d14-s7,2444,0.6501729183293429,curvature/e_sym_gradient,1.7125329326345706e-07,True,
d14-s7,2444,0.6501729183293429,curvature/e_lin_gradient,4.644957350581885e-07,True,
d14-s7,2444,0.6501729183293429,curvature/curv_eps_gradient,0.003,True,
d14-s7,2444,0.6501729183293429,curvature/curv_snr_gradient,300.1798127795867,True,
d14-s7,2444,0.6501729183293429,curvature/curv_floor_gradient,0.07902812784424088,True,
d14-s7,2444,0.6501729183293429,curvature/c_fd_gradient,23.72264862060547,True,
d14-s7,2444,0.6501729183293429,curvature/verdict_code_gradient,0.0,True,
d14-s7,2444,0.6501729183293429,curvature/e_curv_gradient,0.0011458101926424531,True,
d14-s7,2444,0.6501729183293429,curvature/vhv_update,1.1544970895921096e-07,True,
d14-s7,2444,0.6501729183293429,curvature/e_fd_update,,False,noise_floor_inconclusive
d14-s7,2444,0.6501729183293429,curvature/fd_cos_update,,False,noise_floor_inconclusive
d14-s7,2444,0.6501729183293429,curvature/fd_eps_update,0.03,True,
d14-s7,2444,0.6501729183293429,curvature/fd_snr_update,97.50701171239834,True,
d14-s7,2444,0.6501729183293429,curvature/fd_floor_update,1.776641732878048e-05,True,
d14-s7,2444,0.6501729183293429,curvature/fd_conclusive_update,0.0,True,
d14-s7,2444,0.6501729183293429,curvature/e_sym_update,9.249084137720292e-06,True,
d14-s7,2444,0.6501729183293429,curvature/e_lin_update,7.447670076829629e-07,True,
d14-s7,2444,0.6501729183293429,curvature/curv_eps_update,0.01,True,
d14-s7,2444,0.6501729183293429,curvature/curv_snr_update,0.33522118019114294,True,
d14-s7,2444,0.6501729183293429,curvature/curv_floor_update,0.007112276705356635,True,
d14-s7,2444,0.6501729183293429,curvature/c_fd_update,-0.002384185791015625,True,
d14-s7,2444,0.6501729183293429,curvature/verdict_code_update,1.0,True,
d14-s7,2444,0.6501729183293429,curvature/e_curv_update,,False,noise_floor_inconclusive
d14-s7,2632,0.7001862197392924,update/p1,-0.004335243945093477,True,
d14-s7,2632,0.7001862197392924,update/p2,0.004800995590319161,True,
d14-s7,2632,0.7001862197392924,update/actual,0.004900693893432617,True,
d14-s7,2632,0.7001862197392924,update/residual_p1,0.009235937838526095,True,
d14-s7,2632,0.7001862197392924,update/residual_p2,9.969830311345584e-05,True,
d14-s7,2632,0.7001862197392924,update/normalized_residual,0.020343711580733656,True,
d14-s7,2632,0.7001862197392924,update/loss_before,1.4718787670135498,True,
d14-s7,2632,0.7001862197392924,update/loss_after,1.4767794609069824,True,
d14-s7,2632,0.7001862197392924,update/direction_norm,415.33152984372066,True,
d14-s7,2632,0.7001862197392924,curvature/dhd,0.018272479070825277,True,
d14-s7,2632,0.7001862197392924,curvature/gHg,574.597424372906,True,
d14-s7,2632,0.7001862197392924,curvature/gg,20.833566919064737,True,
d14-s7,2632,0.7001862197392924,curvature/eta_star,0.03625767543563515,True,
d14-s7,2632,0.7001862197392924,curvature/Hg_norm,212.3379806559006,True,
d14-s7,2632,0.7001862197392924,curvature/eta_star_rho,0.5928627662706943,True,
d14-s7,2632,0.7001862197392924,curvature/eta_star_rho_threshold,9.5367431640625e-07,True,
d14-s7,2632,0.7001862197392924,curvature/shadow_verdict_code,1.0,True,
d14-s7,2632,0.7001862197392924,curvature/arith_eps,1.1920928955078125e-07,True,
d14-s7,2632,0.7001862197392924,curvature/vhv_random,1.1535354866666302e-05,True,
d14-s7,2632,0.7001862197392924,curvature/e_fd_random,,False,insufficient_conclusive_points
d14-s7,2632,0.7001862197392924,curvature/fd_cos_random,,False,insufficient_conclusive_points
d14-s7,2632,0.7001862197392924,curvature/fd_eps_random,0.03,True,
d14-s7,2632,0.7001862197392924,curvature/fd_snr_random,765.2861774116933,True,
d14-s7,2632,0.7001862197392924,curvature/fd_floor_random,1.813722294064924e-05,True,
d14-s7,2632,0.7001862197392924,curvature/fd_conclusive_random,0.0,True,
d14-s7,2632,0.7001862197392924,curvature/e_sym_random,1.2409891923539557e-05,True,
d14-s7,2632,0.7001862197392924,curvature/e_lin_random,7.73695124545119e-07,True,
d14-s7,2632,0.7001862197392924,curvature/curv_eps_random,0.003,True,
d14-s7,2632,0.7001862197392924,curvature/curv_snr_random,0.6794037263257557,True,
d14-s7,2632,0.7001862197392924,curvature/curv_floor_random,0.07798294948063104,True,
d14-s7,2632,0.7001862197392924,curvature/c_fd_random,0.05298190646701389,True,
d14-s7,2632,0.7001862197392924,curvature/verdict_code_random,1.0,True,
d14-s7,2632,0.7001862197392924,curvature/e_curv_random,,False,noise_floor_inconclusive
d14-s7,2632,0.7001862197392924,curvature/vhv_gradient,27.58036958845469,True,
d14-s7,2632,0.7001862197392924,curvature/e_fd_gradient,0.00014673346165753882,True,
d14-s7,2632,0.7001862197392924,curvature/fd_cos_gradient,0.9999999894416054,True,
d14-s7,2632,0.7001862197392924,curvature/fd_eps_gradient,0.001,True,
d14-s7,2632,0.7001862197392924,curvature/fd_snr_gradient,85496.86052202566,True,
d14-s7,2632,0.7001862197392924,curvature/fd_floor_gradient,0.0005441324124593267,True,
d14-s7,2632,0.7001862197392924,curvature/fd_conclusive_gradient,1.0,True,
d14-s7,2632,0.7001862197392924,curvature/e_sym_gradient,5.164413356928228e-07,True,
d14-s7,2632,0.7001862197392924,curvature/e_lin_gradient,4.4189636601094484e-07,True,
d14-s7,2632,0.7001862197392924,curvature/curv_eps_gradient,0.003,True,
d14-s7,2632,0.7001862197392924,curvature/curv_snr_gradient,353.44492460103925,True,
d14-s7,2632,0.7001862197392924,curvature/curv_floor_gradient,0.07798622903010255,True,
d14-s7,2632,0.7001862197392924,curvature/c_fd_gradient,27.563836839463974,True,
d14-s7,2632,0.7001862197392924,curvature/verdict_code_gradient,0.0,True,
d14-s7,2632,0.7001862197392924,curvature/e_curv_gradient,0.0005994389936542778,True,
d14-s7,2632,0.7001862197392924,curvature/vhv_update,1.0592722553662722e-07,True,
d14-s7,2632,0.7001862197392924,curvature/e_fd_update,,False,noise_floor_inconclusive
d14-s7,2632,0.7001862197392924,curvature/fd_cos_update,,False,noise_floor_inconclusive
d14-s7,2632,0.7001862197392924,curvature/fd_eps_update,0.03,True,
d14-s7,2632,0.7001862197392924,curvature/fd_snr_update,87.40801911832959,True,
d14-s7,2632,0.7001862197392924,curvature/fd_floor_update,1.81372201812173e-05,True,
d14-s7,2632,0.7001862197392924,curvature/fd_conclusive_update,0.0,True,
d14-s7,2632,0.7001862197392924,curvature/e_sym_update,8.033780739233975e-07,True,
d14-s7,2632,0.7001862197392924,curvature/e_lin_update,7.682930773074968e-07,True,
d14-s7,2632,0.7001862197392924,curvature/curv_eps_update,0.003,True,
d14-s7,2632,0.7001862197392924,curvature/curv_snr_update,0.5095528050616445,True,
d14-s7,2632,0.7001862197392924,curvature/curv_floor_update,0.0779829479016472,True,
d14-s7,2632,0.7001862197392924,curvature/c_fd_update,0.039736429850260414,True,
d14-s7,2632,0.7001862197392924,curvature/verdict_code_update,1.0,True,
d14-s7,2632,0.7001862197392924,curvature/e_curv_update,,False,noise_floor_inconclusive
d14-s7,2820,0.7501995211492418,update/p1,-0.0062353282877324395,True,
d14-s7,2820,0.7501995211492418,update/p2,0.000496134249901089,True,
d14-s7,2820,0.7501995211492418,update/actual,0.0005830526351928711,True,
d14-s7,2820,0.7501995211492418,update/residual_p1,0.006818380922925311,True,
d14-s7,2820,0.7501995211492418,update/residual_p2,8.691838529178205e-05,True,
d14-s7,2820,0.7501995211492418,update/normalized_residual,0.1490746804755112,True,
d14-s7,2820,0.7501995211492418,update/loss_before,1.406640648841858,True,
d14-s7,2820,0.7501995211492418,update/loss_after,1.4072237014770508,True,
d14-s7,2820,0.7501995211492418,update/direction_norm,353.99127384510825,True,
d14-s7,2820,0.7501995211492418,curvature/dhd,0.013462925075267057,True,
d14-s7,2820,0.7501995211492418,curvature/gHg,292.7846576000789,True,
d14-s7,2820,0.7501995211492418,curvature/gg,17.188809514672077,True,
d14-s7,2820,0.7501995211492418,curvature/eta_star,0.0587080267646765,True,
d14-s7,2820,0.7501995211492418,curvature/Hg_norm,138.63401841199249,True,
d14-s7,2820,0.7501995211492418,curvature/eta_star_rho,0.509396086438569,True,
d14-s7,2820,0.7501995211492418,curvature/eta_star_rho_threshold,9.5367431640625e-07,True,
d14-s7,2820,0.7501995211492418,curvature/shadow_verdict_code,1.0,True,
d14-s7,2820,0.7501995211492418,curvature/arith_eps,1.1920928955078125e-07,True,
d14-s7,2820,0.7501995211492418,curvature/vhv_random,1.2076203062151686e-05,True,
d14-s7,2820,0.7501995211492418,curvature/e_fd_random,,False,insufficient_conclusive_points
d14-s7,2820,0.7501995211492418,curvature/fd_cos_random,,False,insufficient_conclusive_points
d14-s7,2820,0.7501995211492418,curvature/fd_eps_random,0.03,True,
d14-s7,2820,0.7501995211492418,curvature/fd_snr_random,895.0782449947524,True,
d14-s7,2820,0.7501995211492418,curvature/fd_floor_random,1.6474478814887386e-05,True,
d14-s7,2820,0.7501995211492418,curvature/fd_conclusive_random,0.0,True,
d14-s7,2820,0.7501995211492418,curvature/e_sym_random,3.3106692932652465e-05,True,
d14-s7,2820,0.7501995211492418,curvature/e_lin_random,7.254220323001992e-07,True,
d14-s7,2820,0.7501995211492418,curvature/curv_eps_random,0.003,True,
d14-s7,2820,0.7501995211492418,curvature/curv_snr_random,0.3554568265879046,True,
d14-s7,2820,0.7501995211492418,curvature/curv_floor_random,0.07452650013167132,True,
d14-s7,2820,0.7501995211492418,curvature/c_fd_random,-0.026490953233506944,True,
d14-s7,2820,0.7501995211492418,curvature/verdict_code_random,1.0,True,
d14-s7,2820,0.7501995211492418,curvature/e_curv_random,,False,noise_floor_inconclusive
d14-s7,2820,0.7501995211492418,curvature/vhv_gradient,17.033446026873275,True,
d14-s7,2820,0.7501995211492418,curvature/e_fd_gradient,0.00017823862914258476,True,
d14-s7,2820,0.7501995211492418,curvature/fd_cos_gradient,0.9999999841207449,True,
d14-s7,2820,0.7501995211492418,curvature/fd_eps_gradient,0.001,True,
d14-s7,2820,0.7501995211492418,curvature/fd_snr_gradient,67656.34398820323,True,
d14-s7,2820,0.7501995211492418,curvature/fd_floor_gradient,0.0004942421580808597,True,
d14-s7,2820,0.7501995211492418,curvature/fd_conclusive_gradient,1.0,True,
d14-s7,2820,0.7501995211492418,curvature/e_sym_gradient,2.1885547521158947e-06,True,
d14-s7,2820,0.7501995211492418,curvature/e_lin_gradient,5.090084115850417e-07,True,
d14-s7,2820,0.7501995211492418,curvature/curv_eps_gradient,0.0034872340605791446,True,
d14-s7,2820,0.7501995211492418,curvature/curv_snr_gradient,308.5251647197914,True,
d14-s7,2820,0.7501995211492418,curvature/curv_floor_gradient,0.05515781221639868,True,
d14-s7,2820,0.7501995211492418,curvature/c_fd_gradient,17.017573099647723,True,
d14-s7,2820,0.7501995211492418,curvature/verdict_code_gradient,0.0,True,
d14-s7,2820,0.7501995211492418,curvature/e_curv_gradient,0.0009318682315081156,True,
d14-s7,2820,0.7501995211492418,curvature/vhv_update,1.0743711051440646e-07,True,
d14-s7,2820,0.7501995211492418,curvature/e_fd_update,,False,noise_floor_inconclusive
d14-s7,2820,0.7501995211492418,curvature/fd_cos_update,,False,noise_floor_inconclusive
d14-s7,2820,0.7501995211492418,curvature/fd_eps_update,0.03,True,
d14-s7,2820,0.7501995211492418,curvature/fd_snr_update,121.94889632845006,True,
d14-s7,2820,0.7501995211492418,curvature/fd_floor_update,1.6474480944203962e-05,True,
d14-s7,2820,0.7501995211492418,curvature/fd_conclusive_update,0.0,True,
d14-s7,2820,0.7501995211492418,curvature/e_sym_update,1.957230564686432e-06,True,
d14-s7,2820,0.7501995211492418,curvature/e_lin_update,9.264496589871309e-07,True,
d14-s7,2820,0.7501995211492418,curvature/curv_eps_update,0.1,True,
d14-s7,2820,0.7501995211492418,curvature/curv_snr_update,0.710913683299892,True,
d14-s7,2820,0.7501995211492418,curvature/curv_floor_update,6.707384727633324e-05,True,
d14-s7,2820,0.7501995211492418,curvature/c_fd_update,-4.768371582031249e-05,True,
d14-s7,2820,0.7501995211492418,curvature/verdict_code_update,1.0,True,
d14-s7,2820,0.7501995211492418,curvature/e_curv_update,,False,noise_floor_inconclusive
d14-s7,3007,0.7999467943602022,update/p1,-0.01588688346877186,True,
d14-s7,3007,0.7999467943602022,update/p2,-0.012103990689921976,True,
d14-s7,3007,0.7999467943602022,update/actual,-0.012087106704711914,True,
d14-s7,3007,0.7999467943602022,update/residual_p1,0.003799776764059945,True,
d14-s7,3007,0.7999467943602022,update/residual_p2,1.6883985210061625e-05,True,
d14-s7,3007,0.7999467943602022,update/normalized_residual,0.0013949106243215776,True,
d14-s7,3007,0.7999467943602022,update/loss_before,1.3992657661437988,True,
d14-s7,3007,0.7999467943602022,update/loss_after,1.387178659439087,True,
d14-s7,3007,0.7999467943602022,update/direction_norm,293.6930914094708,True,
d14-s7,3007,0.7999467943602022,curvature/dhd,0.007565785557699767,True,
d14-s7,3007,0.7999467943602022,curvature/gHg,484.00041436345924,True,
d14-s7,3007,0.7999467943602022,curvature/gg,19.75086914638819,True,
d14-s7,3007,0.7999467943602022,curvature/eta_star,0.040807545944694816,True,
d14-s7,3007,0.7999467943602022,curvature/Hg_norm,194.98765184155033,True,
d14-s7,3007,0.7999467943602022,curvature/eta_star_rho,0.5585287309548631,True,
d14-s7,3007,0.7999467943602022,curvature/eta_star_rho_threshold,9.5367431640625e-07,True,
d14-s7,3007,0.7999467943602022,curvature/shadow_verdict_code,2.0,True,
d14-s7,3007,0.7999467943602022,curvature/arith_eps,1.1920928955078125e-07,True,
d14-s7,3007,0.7999467943602022,curvature/vhv_random,1.122698168763942e-05,True,
d14-s7,3007,0.7999467943602022,curvature/e_fd_random,,False,insufficient_conclusive_points
d14-s7,3007,0.7999467943602022,curvature/fd_cos_random,,False,insufficient_conclusive_points
d14-s7,3007,0.7999467943602022,curvature/fd_eps_random,0.03,True,
d14-s7,3007,0.7999467943602022,curvature/fd_snr_random,817.4550287766522,True,
d14-s7,3007,0.7999467943602022,curvature/fd_floor_random,1.765964444183311e-05,True,
d14-s7,3007,0.7999467943602022,curvature/fd_conclusive_random,0.0,True,
d14-s7,3007,0.7999467943602022,curvature/e_sym_random,0.0004692582970788827,True,
d14-s7,3007,0.7999467943602022,curvature/e_lin_random,7.369397621711038e-07,True,
d14-s7,3007,0.7999467943602022,curvature/curv_eps_random,0.1,True,
d14-s7,3007,0.7999467943602022,curvature/curv_snr_random,0.7146604590789847,True,
d14-s7,3007,0.7999467943602022,curvature/curv_floor_random,6.672219683423462e-05,True,
d14-s7,3007,0.7999467943602022,curvature/c_fd_random,4.768371582031249e-05,True,
d14-s7,3007,0.7999467943602022,curvature/verdict_code_random,2.0,True,
d14-s7,3007,0.7999467943602022,curvature/e_curv_random,,False,noise_floor_inconclusive
d14-s7,3007,0.7999467943602022,curvature/vhv_gradient,24.505272911973485,True,
d14-s7,3007,0.7999467943602022,curvature/e_fd_gradient,0.00013964080014424775,True,
d14-s7,3007,0.7999467943602022,curvature/fd_cos_gradient,0.9999999902788431,True,
d14-s7,3007,0.7999467943602022,curvature/fd_eps_gradient,0.001,True,
d14-s7,3007,0.7999467943602022,curvature/fd_snr_gradient,82813.72687271702,True,
d14-s7,3007,0.7999467943602022,curvature/fd_floor_gradient,0.0005298036183798232,True,
d14-s7,3007,0.7999467943602022,curvature/fd_conclusive_gradient,1.0,True,
d14-s7,3007,0.7999467943602022,curvature/e_sym_gradient,6.333652342319724e-07,True,
d14-s7,3007,0.7999467943602022,curvature/e_lin_gradient,4.446755493974844e-07,True,
d14-s7,3007,0.7999467943602022,curvature/curv_eps_gradient,0.003,True,
d14-s7,3007,0.7999467943602022,curvature/curv_snr_gradient,330.874769420417,True,
d14-s7,3007,0.7999467943602022,curvature/curv_floor_gradient,0.0741386922224289,True,
d14-s7,3007,0.7999467943602022,curvature/c_fd_gradient,24.53062269422743,True,
d14-s7,3007,0.7999467943602022,curvature/verdict_code_gradient,0.0,True,
d14-s7,3007,0.7999467943602022,curvature/e_curv_gradient,0.0010333933455308913,True,
d14-s7,3007,0.7999467943602022,curvature/vhv_update,8.771353110764265e-08,True,
d14-s7,3007,0.7999467943602022,curvature/e_fd_update,,False,noise_floor_inconclusive
d14-s7,3007,0.7999467943602022,curvature/fd_cos_update,,False,noise_floor_inconclusive
d14-s7,3007,0.7999467943602022,curvature/fd_eps_update,0.03,True,
d14-s7,3007,0.7999467943602022,curvature/fd_snr_update,86.94269496743726,True,
d14-s7,3007,0.7999467943602022,curvature/fd_floor_update,1.7659645475244907e-05,True,
d14-s7,3007,0.7999467943602022,curvature/fd_conclusive_update,0.0,True,
d14-s7,3007,0.7999467943602022,curvature/e_sym_update,4.693004142769656e-06,True,
d14-s7,3007,0.7999467943602022,curvature/e_lin_update,7.760937402988695e-07,True,
d14-s7,3007,0.7999467943602022,curvature/curv_eps_update,0.1,True,
d14-s7,3007,0.7999467943602022,curvature/curv_snr_update,0.7146604590789847,True,
d14-s7,3007,0.7999467943602022,curvature/curv_floor_update,6.672219683423462e-05,True,
d14-s7,3007,0.7999467943602022,curvature/c_fd_update,4.768371582031249e-05,True,
d14-s7,3007,0.7999467943602022,curvature/verdict_code_update,1.0,True,
d14-s7,3007,0.7999467943602022,curvature/e_curv_update,,False,noise_floor_inconclusive
d14-s7,3195,0.8499600957701516,update/p1,-0.017505486405090274,True,
d14-s7,3195,0.8499600957701516,update/p2,-0.015132505349442969,True,
d14-s7,3195,0.8499600957701516,update/actual,-0.01511526107788086,True,
d14-s7,3195,0.8499600957701516,update/residual_p1,0.002390225327209415,True,
d14-s7,3195,0.8499600957701516,update/residual_p2,1.7244271562109198e-05,True,
d14-s7,3195,0.8499600957701516,update/normalized_residual,0.001139551658096322,True,
d14-s7,3195,0.8499600957701516,update/loss_before,1.3569416999816895,True,
d14-s7,3195,0.8499600957701516,update/loss_after,1.3418264389038086,True,
d14-s7,3195,0.8499600957701516,update/direction_norm,232.28717737852887,True,
d14-s7,3195,0.8499600957701516,curvature/dhd,0.0047459621112946136,True,
d14-s7,3195,0.8499600957701516,curvature/gHg,570.1448002800062,True,
d14-s7,3195,0.8499600957701516,curvature/gg,19.683665370470116,True,
d14-s7,3195,0.8499600957701516,curvature/eta_star,0.03452397594576534,True,
d14-s7,3195,0.8499600957701516,curvature/Hg_norm,227.58816634885216,True,
d14-s7,3195,0.8499600957701516,curvature/eta_star_rho,0.5646541241407684,True,
d14-s7,3195,0.8499600957701516,curvature/eta_star_rho_threshold,9.5367431640625e-07,True,
d14-s7,3195,0.8499600957701516,curvature/shadow_verdict_code,1.0,True,
d14-s7,3195,0.8499600957701516,curvature/arith_eps,1.1920928955078125e-07,True,
d14-s7,3195,0.8499600957701516,curvature/vhv_random,1.1020743415348893e-05,True,
d14-s7,3195,0.8499600957701516,curvature/e_fd_random,,False,insufficient_conclusive_points
d14-s7,3195,0.8499600957701516,curvature/fd_cos_random,,False,insufficient_conclusive_points
d14-s7,3195,0.8499600957701516,curvature/fd_eps_random,0.03,True,
d14-s7,3195,0.8499600957701516,curvature/fd_snr_random,865.5663961697892,True,
d14-s7,3195,0.8499600957701516,curvature/fd_floor_random,1.762957352564192e-05,True,
d14-s7,3195,0.8499600957701516,curvature/fd_conclusive_random,0.0,True,
d14-s7,3195,0.8499600957701516,curvature/e_sym_random,1.5306049323673667e-05,True,
d14-s7,3195,0.8499600957701516,curvature/e_lin_random,7.536773229108835e-07,True,
d14-s7,3195,0.8499600957701516,curvature/curv_eps_random,0.003,True,
d14-s7,3195,0.8499600957701516,curvature/curv_snr_random,0.7369514017182515,True,
d14-s7,3195,0.8499600957701516,curvature/curv_floor_random,0.07189335191368526,True,
d14-s7,3195,0.8499600957701516,curvature/c_fd_random,-0.05298190646701389,True,
d14-s7,3195,0.8499600957701516,curvature/verdict_code_random,1.0,True,
d14-s7,3195,0.8499600957701516,curvature/e_curv_random,,False,noise_floor_inconclusive
d14-s7,3195,0.8499600957701516,curvature/vhv_gradient,28.96537316985136,True,
d14-s7,3195,0.8499600957701516,curvature/e_fd_gradient,0.000207448384694249,True,
d14-s7,3195,0.8499600957701516,curvature/fd_cos_gradient,0.999999978491396,True,
d14-s7,3195,0.8499600957701516,curvature/fd_eps_gradient,0.001,True,
d14-s7,3195,0.8499600957701516,curvature/fd_snr_gradient,96988.31245719967,True,
d14-s7,3195,0.8499600957701516,curvature/fd_floor_gradient,0.0005289044722584079,True,
d14-s7,3195,0.8499600957701516,curvature/fd_conclusive_gradient,1.0,True,
d14-s7,3195,0.8499600957701516,curvature/e_sym_gradient,9.305246808159052e-07,True,
d14-s7,3195,0.8499600957701516,curvature/e_lin_gradient,4.578051472259668e-07,True,
d14-s7,3195,0.8499600957701516,curvature/curv_eps_gradient,0.003,True,
d14-s7,3195,0.8499600957701516,curvature/curv_snr_gradient,401.9876898790542,True,
d14-s7,3195,0.8499600957701516,curvature/curv_floor_gradient,0.0718968035723972,True,
d14-s7,3195,0.8499600957701516,curvature/c_fd_gradient,28.901629977756077,True,
d14-s7,3195,0.8499600957701516,curvature/verdict_code_gradient,0.0,True,
d14-s7,3195,0.8499600957701516,curvature/e_curv_gradient,0.002200668768239154,True,
d14-s7,3195,0.8499600957701516,curvature/vhv_update,8.795770249497481e-08,True,
d14-s7,3195,0.8499600957701516,curvature/e_fd_update,,False,noise_floor_inconclusive
d14-s7,3195,0.8499600957701516,curvature/fd_cos_update,,False,noise_floor_inconclusive
d14-s7,3195,0.8499600957701516,curvature/fd_eps_update,0.03,True,
d14-s7,3195,0.8499600957701516,curvature/fd_snr_update,106.25447688748064,True,
d14-s7,3195,0.8499600957701516,curvature/fd_floor_update,1.7629573408428534e-05,True,
d14-s7,3195,0.8499600957701516,curvature/fd_conclusive_update,0.0,True,
d14-s7,3195,0.8499600957701516,curvature/e_sym_update,2.3032521660207624e-06,True,
d14-s7,3195,0.8499600957701516,curvature/e_lin_update,8.407248787383385e-07,True,
d14-s7,3195,0.8499600957701516,curvature/curv_eps_update,0.1,True,
d14-s7,3195,0.8499600957701516,curvature/curv_snr_update,0.5527135391495167,True,
d14-s7,3195,0.8499600957701516,curvature/curv_floor_update,6.47040181434022e-05,True,
d14-s7,3195,0.8499600957701516,curvature/c_fd_update,-3.576278686523437e-05,True,
d14-s7,3195,0.8499600957701516,curvature/verdict_code_update,1.0,True,
d14-s7,3195,0.8499600957701516,curvature/e_curv_update,,False,noise_floor_inconclusive
d14-s7,3383,0.899973397180101,update/p1,-0.0024198938704717904,True,
d14-s7,3383,0.899973397180101,update/p2,-0.0011450486169810922,True,
d14-s7,3383,0.899973397180101,update/actual,-0.0011315345764160156,True,
d14-s7,3383,0.899973397180101,update/residual_p1,0.0012883592940557747,True,
d14-s7,3383,0.899973397180101,update/residual_p2,1.3514040565076532e-05,True,
d14-s7,3383,0.899973397180101,update/normalized_residual,0.011802154392977783,True,
d14-s7,3383,0.899973397180101,update/loss_before,1.3243722915649414,True,
d14-s7,3383,0.899973397180101,update/loss_after,1.3232407569885254,True,
d14-s7,3383,0.899973397180101,update/direction_norm,169.65042979414423,True,
d14-s7,3383,0.899973397180101,curvature/dhd,0.0025496905069813964,True,
d14-s7,3383,0.899973397180101,curvature/gHg,433.8621759882478,True,
d14-s7,3383,0.899973397180101,curvature/gg,18.313653798605152,True,
d14-s7,3383,0.899973397180101,curvature/eta_star,0.04221076372212087,True,
d14-s7,3383,0.899973397180101,curvature/Hg_norm,184.23124826995743,True,
d14-s7,3383,0.899973397180101,curvature/eta_star_rho,0.5503018785688112,True,
d14-s7,3383,0.899973397180101,curvature/eta_star_rho_threshold,9.5367431640625e-07,True,
d14-s7,3383,0.899973397180101,curvature/shadow_verdict_code,1.0,True,
d14-s7,3383,0.899973397180101,curvature/arith_eps,1.1920928955078125e-07,True,
d14-s7,3383,0.899973397180101,curvature/vhv_random,1.0717386009764557e-05,True,
d14-s7,3383,0.899973397180101,curvature/e_fd_random,,False,insufficient_conclusive_points
d14-s7,3383,0.899973397180101,curvature/fd_cos_random,,False,insufficient_conclusive_points
d14-s7,3383,0.899973397180101,curvature/fd_eps_random,0.03,True,
d14-s7,3383,0.899973397180101,curvature/fd_snr_random,863.0737520856546,True,
d14-s7,3383,0.899973397180101,curvature/fd_floor_random,1.7004988216874666e-05,True,
d14-s7,3383,0.899973397180101,curvature/fd_conclusive_random,0.0,True,
d14-s7,3383,0.899973397180101,curvature/e_sym_random,7.990625016782426e-05,True,
d14-s7,3383,0.899973397180101,curvature/e_lin_random,7.230281096062717e-07,True,
d14-s7,3383,0.899973397180101,curvature/curv_eps_random,0.1,True,
d14-s7,3383,0.899973397180101,curvature/curv_snr_random,0.5663059806861892,True,
d14-s7,3383,0.899973397180101,curvature/curv_floor_random,6.315099625453512e-05,True,
d14-s7,3383,0.899973397180101,curvature/c_fd_random,3.576278686523437e-05,True,
d14-s7,3383,0.899973397180101,curvature/verdict_code_random,1.0,True,
d14-s7,3383,0.899973397180101,curvature/e_curv_random,,False,noise_floor_inconclusive
d14-s7,3383,0.899973397180101,curvature/vhv_gradient,23.690636277349057,True,
d14-s7,3383,0.899973397180101,curvature/e_fd_gradient,0.0004364526068887173,True,
d14-s7,3383,0.899973397180101,curvature/fd_cos_gradient,0.999999905206508,True,
d14-s7,3383,0.899973397180101,curvature/fd_eps_gradient,0.001,True,
d14-s7,3383,0.899973397180101,curvature/fd_snr_gradient,84384.98258517934,True,
d14-s7,3383,0.899973397180101,curvature/fd_floor_gradient,0.0005101649151511344,True,
d14-s7,3383,0.899973397180101,curvature/fd_conclusive_gradient,1.0,True,
d14-s7,3383,0.899973397180101,curvature/e_sym_gradient,1.5750086368887395e-06,True,
d14-s7,3383,0.899973397180101,curvature/e_lin_gradient,4.5220942292091414e-07,True,
d14-s7,3383,0.899973397180101,curvature/curv_eps_gradient,0.003,True,
d14-s7,3383,0.899973397180101,curvature/curv_snr_gradient,337.5048076581218,True,
d14-s7,3383,0.899973397180101,curvature/curv_floor_gradient,0.07017059210233532,True,
d14-s7,3383,0.899973397180101,curvature/c_fd_gradient,23.682912190755207,True,
d14-s7,3383,0.899973397180101,curvature/verdict_code_gradient,0.0,True,
d14-s7,3383,0.899973397180101,curvature/e_curv_gradient,0.0003260396429805914,True,
d14-s7,3383,0.899973397180101,curvature/vhv_update,8.858852866957916e-08,True,
d14-s7,3383,0.899973397180101,curvature/e_fd_update,,False,noise_floor_inconclusive
d14-s7,3383,0.899973397180101,curvature/fd_cos_update,,False,noise_floor_inconclusive
d14-s7,3383,0.899973397180101,curvature/fd_eps_update,0.03,True,
d14-s7,3383,0.899973397180101,curvature/fd_snr_update,79.24318108191837,True,
d14-s7,3383,0.899973397180101,curvature/fd_floor_update,1.7004985973750082e-05,True,
d14-s7,3383,0.899973397180101,curvature/fd_conclusive_update,0.0,True,
d14-s7,3383,0.899973397180101,curvature/e_sym_update,6.07595226159841e-06,True,
d14-s7,3383,0.899973397180101,curvature/e_lin_update,8.037268470964916e-07,True,
d14-s7,3383,0.899973397180101,curvature/curv_eps_update,0.003,True,
d14-s7,3383,0.899973397180101,curvature/curv_snr_update,0.37753736293603407,True,
d14-s7,3383,0.899973397180101,curvature/curv_floor_update,0.07016776572123086,True,
d14-s7,3383,0.899973397180101,curvature/c_fd_update,-0.026490953233506944,True,
d14-s7,3383,0.899973397180101,curvature/verdict_code_update,1.0,True,
d14-s7,3383,0.899973397180101,curvature/e_curv_update,,False,noise_floor_inconclusive
d14-s7,3571,0.9499866985900506,update/p1,0.00029460511595025057,True,
d14-s7,3571,0.9499866985900506,update/p2,0.0006668731917697283,True,
d14-s7,3571,0.9499866985900506,update/actual,0.0006662607192993164,True,
d14-s7,3571,0.9499866985900506,update/residual_p1,0.00037165560334906584,True,
d14-s7,3571,0.9499866985900506,update/residual_p2,-6.124724704118477e-07,True,
d14-s7,3571,0.9499866985900506,update/normalized_residual,-0.0009184241891422963,True,
d14-s7,3571,0.9499866985900506,update/loss_before,1.304870367050171,True,
d14-s7,3571,0.9499866985900506,update/loss_after,1.3055366277694702,True,
d14-s7,3571,0.9499866985900506,update/direction_norm,103.150288989482,True,
d14-s7,3571,0.9499866985900506,curvature/dhd,0.0007445361516389555,True,
d14-s7,3571,0.9499866985900506,curvature/gHg,510.4847994774984,True,
d14-s7,3571,0.9499866985900506,curvature/gg,19.106663794922312,True,
d14-s7,3571,0.9499866985900506,curvature/eta_star,0.03742846763405834,True,
d14-s7,3571,0.9499866985900506,curvature/Hg_norm,210.12103016509994,True,
d14-s7,3571,0.9499866985900506,curvature/eta_star_rho,0.5558029692388805,True,
d14-s7,3571,0.9499866985900506,curvature/eta_star_rho_threshold,9.5367431640625e-07,True,
d14-s7,3571,0.9499866985900506,curvature/shadow_verdict_code,1.0,True,
d14-s7,3571,0.9499866985900506,curvature/arith_eps,1.1920928955078125e-07,True,
d14-s7,3571,0.9499866985900506,curvature/vhv_random,1.0688593560597659e-05,True,
d14-s7,3571,0.9499866985900506,curvature/e_fd_random,,False,insufficient_conclusive_points
d14-s7,3571,0.9499866985900506,curvature/fd_cos_random,,False,insufficient_conclusive_points
d14-s7,3571,0.9499866985900506,curvature/fd_eps_random,0.03,True,
d14-s7,3571,0.9499866985900506,curvature/fd_snr_random,868.4920038212753,True,
d14-s7,3571,0.9499866985900506,curvature/fd_floor_random,1.7369256621003645e-05,True,
d14-s7,3571,0.9499866985900506,curvature/fd_conclusive_random,0.0,True,
d14-s7,3571,0.9499866985900506,curvature/e_sym_random,7.695132539660728e-06,True,
d14-s7,3571,0.9499866985900506,curvature/e_lin_random,7.3262287691765e-07,True,
d14-s7,3571,0.9499866985900506,curvature/curv_eps_random,0.003,True,
d14-s7,3571,0.9499866985900506,curvature/curv_snr_random,0.7663597217077036,True,
d14-s7,3571,0.9499866985900506,curvature/curv_floor_random,0.0691345134226948,True,
d14-s7,3571,0.9499866985900506,curvature/c_fd_random,-0.05298190646701389,True,
d14-s7,3571,0.9499866985900506,curvature/verdict_code_random,1.0,True,
d14-s7,3571,0.9499866985900506,curvature/e_curv_random,,False,noise_floor_inconclusive
d14-s7,3571,0.9499866985900506,curvature/vhv_gradient,26.717630682849723,True,
d14-s7,3571,0.9499866985900506,curvature/e_fd_gradient,0.00018958634763616172,True,
d14-s7,3571,0.9499866985900506,curvature/fd_cos_gradient,0.9999999820303433,True,
d14-s7,3571,0.9499866985900506,curvature/fd_eps_gradient,0.001,True,
d14-s7,3571,0.9499866985900506,curvature/fd_snr_gradient,92248.7559792019,True,
d14-s7,3571,0.9499866985900506,curvature/fd_floor_gradient,0.0005210955977727188,True,
d14-s7,3571,0.9499866985900506,curvature/fd_conclusive_gradient,1.0,True,
d14-s7,3571,0.9499866985900506,curvature/e_sym_gradient,1.0512780064158572e-06,True,
d14-s7,3571,0.9499866985900506,curvature/e_lin_gradient,4.637391861086682e-07,True,
d14-s7,3571,0.9499866985900506,curvature/curv_eps_gradient,0.003,True,
d14-s7,3571,0.9499866985900506,curvature/curv_snr_gradient,386.2274809871604,True,
d14-s7,3571,0.9499866985900506,curvature/curv_floor_gradient,0.06913770297008644,True,
d14-s7,3571,0.9499866985900506,curvature/c_fd_gradient,26.702880859375,True,
d14-s7,3571,0.9499866985900506,curvature/verdict_code_gradient,0.0,True,
d14-s7,3571,0.9499866985900506,curvature/e_curv_gradient,0.0005520633041833025,True,
d14-s7,3571,0.9499866985900506,curvature/vhv_update,6.997531896670804e-08,True,
d14-s7,3571,0.9499866985900506,curvature/e_fd_update,,False,noise_floor_inconclusive
d14-s7,3571,0.9499866985900506,curvature/fd_cos_update,,False,noise_floor_inconclusive
d14-s7,3571,0.9499866985900506,curvature/fd_eps_update,0.03,True,
d14-s7,3571,0.9499866985900506,curvature/fd_snr_update,63.39638585770318,True,
d14-s7,3571,0.9499866985900506,curvature/fd_floor_update,1.7369258076974805e-05,True,
d14-s7,3571,0.9499866985900506,curvature/fd_conclusive_update,0.0,True,
d14-s7,3571,0.9499866985900506,curvature/e_sym_update,2.3738504987943066e-07,True,
d14-s7,3571,0.9499866985900506,curvature/e_lin_update,8.40405346243278e-07,True,
d14-s7,3571,0.9499866985900506,curvature/curv_eps_update,0.003,True,
d14-s7,3571,0.9499866985900506,curvature/curv_snr_update,0.7663595816827756,True,
d14-s7,3571,0.9499866985900506,curvature/curv_floor_update,0.06913452605456566,True,
d14-s7,3571,0.9499866985900506,curvature/c_fd_update,0.05298190646701389,True,
d14-s7,3571,0.9499866985900506,curvature/verdict_code_update,1.0,True,
d14-s7,3571,0.9499866985900506,curvature/e_curv_update,,False,noise_floor_inconclusive
d14-s7,3759,1.0,update/p1,-5.476730766243708e-05,True,
d14-s7,3759,1.0,update/p2,8.842213935608135e-06,True,
d14-s7,3759,1.0,update/actual,9.059906005859375e-06,True,
d14-s7,3759,1.0,update/residual_p1,6.382721366829646e-05,True,
d14-s7,3759,1.0,update/residual_p2,2.1769207025124e-07,True,
d14-s7,3759,1.0,update/normalized_residual,0.024028071605869922,True,
d14-s7,3759,1.0,update/loss_before,1.2638368606567383,True,
d14-s7,3759,1.0,update/loss_after,1.2638459205627441,True,
d14-s7,3759,1.0,update/direction_norm,35.468288689555486,True,
d14-s7,3759,1.0,curvature/dhd,0.00012721904319609042,True,
d14-s7,3759,1.0,curvature/gHg,375.1818054630892,True,
d14-s7,3759,1.0,curvature/gg,17.694304011271647,True,
d14-s7,3759,1.0,curvature/eta_star,0.04716194589828646,True,
d14-s7,3759,1.0,curvature/Hg_norm,171.05693956630128,True,
d14-s7,3759,1.0,curvature/eta_star_rho,0.521415970352094,True,
d14-s7,3759,1.0,curvature/eta_star_rho_threshold,9.5367431640625e-07,True,
d14-s7,3759,1.0,curvature/shadow_verdict_code,1.0,True,
d14-s7,3759,1.0,curvature/arith_eps,1.1920928955078125e-07,True,
d14-s7,3759,1.0,curvature/vhv_random,1.0926078678283674e-05,True,
d14-s7,3759,1.0,curvature/e_fd_random,,False,insufficient_conclusive_points
d14-s7,3759,1.0,curvature/fd_cos_random,,False,insufficient_conclusive_points
d14-s7,3759,1.0,curvature/fd_eps_random,0.03,True,
d14-s7,3759,1.0,curvature/fd_snr_random,880.1988046494837,True,
d14-s7,3759,1.0,curvature/fd_floor_random,1.671496160101385e-05,True,
d14-s7,3759,1.0,curvature/fd_conclusive_random,0.0,True,
d14-s7,3759,1.0,curvature/e_sym_random,1.275032104471851e-05,True,
d14-s7,3759,1.0,curvature/e_lin_random,8.135813197643172e-07,True,
d14-s7,3759,1.0,curvature/curv_eps_random,0.03,True,
d14-s7,3759,1.0,curvature/curv_snr_random,0.3956207000648897,True,
d14-s7,3759,1.0,curvature/curv_floor_random,0.0006696048318291206,True,
d14-s7,3759,1.0,curvature/c_fd_random,-0.00026490953233506944,True,
d14-s7,3759,1.0,curvature/verdict_code_random,1.0,True,
d14-s7,3759,1.0,curvature/e_curv_random,,False,noise_floor_inconclusive
d14-s7,3759,1.0,curvature/vhv_gradient,21.203532747029637,True,
d14-s7,3759,1.0,curvature/e_fd_gradient,0.00023325672751725568,True,
d14-s7,3759,1.0,curvature/fd_cos_gradient,0.9999999730861445,True,
d14-s7,3759,1.0,curvature/fd_eps_gradient,0.001,True,
d14-s7,3759,1.0,curvature/fd_snr_gradient,81093.4100230107,True,
d14-s7,3759,1.0,curvature/fd_floor_gradient,0.000501462334288947,True,
d14-s7,3759,1.0,curvature/fd_conclusive_gradient,1.0,True,
d14-s7,3759,1.0,curvature/e_sym_gradient,1.4120009093954198e-06,True,
d14-s7,3759,1.0,curvature/e_lin_gradient,4.6857443594753273e-07,True,
d14-s7,3759,1.0,curvature/curv_eps_gradient,0.003,True,
d14-s7,3759,1.0,curvature/curv_snr_gradient,316.48460437387143,True,
d14-s7,3759,1.0,curvature/curv_floor_gradient,0.06696301271505137,True,
d14-s7,3759,1.0,curvature/c_fd_gradient,21.192762586805554,True,
d14-s7,3759,1.0,curvature/verdict_code_gradient,0.0,True,
d14-s7,3759,1.0,curvature/e_curv_gradient,0.0005079417827480893,True,
d14-s7,3759,1.0,curvature/vhv_update,1.0112807074653955e-07,True,
d14-s7,3759,1.0,curvature/e_fd_update,,False,noise_floor_inconclusive
d14-s7,3759,1.0,curvature/fd_cos_update,,False,noise_floor_inconclusive
d14-s7,3759,1.0,curvature/fd_eps_update,0.03,True,
d14-s7,3759,1.0,curvature/fd_snr_update,81.45429016968887,True,
d14-s7,3759,1.0,curvature/fd_floor_update,1.6714967144898414e-05,True,
d14-s7,3759,1.0,curvature/fd_conclusive_update,0.0,True,
d14-s7,3759,1.0,curvature/e_sym_update,6.518827286754566e-06,True,
d14-s7,3759,1.0,curvature/e_lin_update,9.108028115236803e-07,True,
d14-s7,3759,1.0,curvature/curv_eps_update,0.03,True,
d14-s7,3759,1.0,curvature/curv_snr_update,0.5934309801293555,True,
d14-s7,3759,1.0,curvature/curv_floor_update,0.0006696049107783135,True,
d14-s7,3759,1.0,curvature/c_fd_update,0.0003973642985026042,True,
d14-s7,3759,1.0,curvature/verdict_code_update,1.0,True,
d14-s7,3759,1.0,curvature/e_curv_update,,False,noise_floor_inconclusive
d16-s7,9,0.0016741071428571428,update/p1,-0.8566582731079353,True,
d16-s7,9,0.0016741071428571428,update/p2,-0.6165563972642794,True,
d16-s7,9,0.0016741071428571428,update/actual,-0.5372276306152344,True,
d16-s7,9,0.0016741071428571428,update/residual_p1,0.3194306424927009,True,
d16-s7,9,0.0016741071428571428,update/residual_p2,0.07932876664904498,True,
d16-s7,9,0.0016741071428571428,update/normalized_residual,0.12866425034438767,True,
d16-s7,9,0.0016741071428571428,update/loss_before,7.489619255065918,True,
d16-s7,9,0.0016741071428571428,update/loss_after,6.952391624450684,True,
d16-s7,9,0.0016741071428571428,update/direction_norm,264.579804919431,True,
d16-s7,9,0.0016741071428571428,curvature/dhd,0.4802037516873118,True,
d16-s7,9,0.0016741071428571428,curvature/gHg,514.1108939261466,True,
d16-s7,9,0.0016741071428571428,curvature/gg,27.68904210590548,True,
d16-s7,9,0.0016741071428571428,curvature/eta_star,0.05385811200079935,True,
d16-s7,9,0.0016741071428571428,curvature/Hg_norm,159.4849395945291,True,
d16-s7,9,0.0016741071428571428,curvature/eta_star_rho,0.6126087032723795,True,
d16-s7,9,0.0016741071428571428,curvature/eta_star_rho_threshold,9.5367431640625e-07,True,
d16-s7,9,0.0016741071428571428,curvature/shadow_verdict_code,1.0,True,
d16-s7,9,0.0016741071428571428,curvature/arith_eps,1.1920928955078125e-07,True,
d16-s7,9,0.0016741071428571428,curvature/vhv_random,1.0949300217267514e-05,True,
d16-s7,9,0.0016741071428571428,curvature/e_fd_random,0.001607387757888708,True,
d16-s7,9,0.0016741071428571428,curvature/fd_cos_random,0.9999987085026555,True,
d16-s7,9,0.0016741071428571428,curvature/fd_eps_random,0.03,True,
d16-s7,9,0.0016741071428571428,curvature/fd_snr_random,1109.263021533997,True,
d16-s7,9,0.0016741071428571428,curvature/fd_floor_random,2.090945958998822e-05,True,
d16-s7,9,0.0016741071428571428,curvature/fd_conclusive_random,1.0,True,
d16-s7,9,0.0016741071428571428,curvature/e_sym_random,1.5760569854370795e-06,True,
d16-s7,9,0.0016741071428571428,curvature/e_lin_random,6.032577414739865e-07,True,
d16-s7,9,0.0016741071428571428,curvature/curv_eps_random,0.01,True,
d16-s7,9,0.0016741071428571428,curvature/curv_snr_random,0.13351813781991795,True,
d16-s7,9,0.0016741071428571428,curvature/curv_floor_random,0.035713287047656195,True,
d16-s7,9,0.0016741071428571428,curvature/c_fd_random,-0.00476837158203125,True,
d16-s7,9,0.0016741071428571428,curvature/verdict_code_random,1.0,True,
d16-s7,9,0.0016741071428571428,curvature/e_curv_random,,False,noise_floor_inconclusive
d16-s7,9,0.0016741071428571428,curvature/vhv_gradient,18.567304019026043,True,
d16-s7,9,0.0016741071428571428,curvature/e_fd_gradient,0.00010642886408367751,True,
d16-s7,9,0.0016741071428571428,curvature/fd_cos_gradient,0.9999999991175236,True,
d16-s7,9,0.0016741071428571428,curvature/fd_eps_gradient,0.001,True,
d16-s7,9,0.0016741071428571428,curvature/fd_snr_gradient,48317.510582859824,True,
d16-s7,9,0.0016741071428571428,curvature/fd_floor_gradient,0.0006272795726520199,True,
d16-s7,9,0.0016741071428571428,curvature/fd_conclusive_gradient,1.0,True,
d16-s7,9,0.0016741071428571428,curvature/e_sym_gradient,6.53385371755136e-07,True,
d16-s7,9,0.0016741071428571428,curvature/e_lin_gradient,6.803030342689347e-07,True,
d16-s7,9,0.0016741071428571428,curvature/curv_eps_gradient,0.007400828044922853,True,
d16-s7,9,0.0016741071428571428,curvature/curv_snr_gradient,284.6510058983016,True,
d16-s7,9,0.0016741071428571428,curvature/curv_floor_gradient,0.06520545671965251,True,
d16-s7,9,0.0016741071428571428,curvature/c_fd_gradient,18.560798845307257,True,
d16-s7,9,0.0016741071428571428,curvature/verdict_code_gradient,0.0,True,
d16-s7,9,0.0016741071428571428,curvature/e_curv_gradient,0.00035035639595925656,True,
d16-s7,9,0.0016741071428571428,curvature/vhv_update,6.859811404735624e-06,True,
d16-s7,9,0.0016741071428571428,curvature/e_fd_update,,False,noise_floor_inconclusive
d16-s7,9,0.0016741071428571428,curvature/fd_cos_update,,False,noise_floor_inconclusive
d16-s7,9,0.0016741071428571428,curvature/fd_eps_update,0.03,True,
d16-s7,9,0.0016741071428571428,curvature/fd_snr_update,315.16506697737907,True,
d16-s7,9,0.0016741071428571428,curvature/fd_floor_update,2.0909459695855576e-05,True,
d16-s7,9,0.0016741071428571428,curvature/fd_conclusive_update,0.0,True,
d16-s7,9,0.0016741071428571428,curvature/e_sym_update,3.6113703302995494e-08,True,
d16-s7,9,0.0016741071428571428,curvature/e_lin_update,5.686801088834575e-07,True,
d16-s7,9,0.0016741071428571428,curvature/curv_eps_update,0.1,True,
d16-s7,9,0.0016741071428571428,curvature/curv_snr_update,0.26703627989014617,True,
d16-s7,9,0.0016741071428571428,curvature/curv_floor_update,0.00035713286479222,True,
d16-s7,9,0.0016741071428571428,curvature/c_fd_update,-9.536743164062499e-05,True,
d16-s7,9,0.0016741071428571428,curvature/verdict_code_update,1.0,True,
d16-s7,9,0.0016741071428571428,curvature/e_curv_update,,False,noise_floor_inconclusive
d16-s7,17,0.003162202380952381,update/p1,-0.10543856477715235,True,
d16-s7,17,0.003162202380952381,update/p2,-0.059885685901012134,True,
d16-s7,17,0.003162202380952381,update/actual,-0.05892181396484375,True,
d16-s7,17,0.003162202380952381,update/residual_p1,0.046516750812308605,True,
d16-s7,17,0.003162202380952381,update/residual_p2,0.000963871936168384,True,
d16-s7,17,0.003162202380952381,update/normalized_residual,0.01609519740262495,True,
d16-s7,17,0.003162202380952381,update/loss_before,5.223630905151367,True,
d16-s7,17,0.003162202380952381,update/loss_after,5.164709091186523,True,
d16-s7,17,0.003162202380952381,update/direction_norm,377.28459289565956,True,
d16-s7,17,0.003162202380952381,curvature/dhd,0.09110575775228044,True,
d16-s7,17,0.003162202380952381,curvature/gHg,14.258333809524842,True,
d16-s7,17,0.003162202380952381,curvature/gg,5.08619042228338,True,
d16-s7,17,0.003162202380952381,curvature/eta_star,0.35671702530107036,True,
d16-s7,17,0.003162202380952381,curvature/Hg_norm,10.70313925305029,True,
d16-s7,17,0.003162202380952381,curvature/eta_star_rho,0.5906922791367324,True,
d16-s7,17,0.003162202380952381,curvature/eta_star_rho_threshold,9.5367431640625e-07,True,
d16-s7,17,0.003162202380952381,curvature/shadow_verdict_code,1.0,True,
d16-s7,17,0.003162202380952381,curvature/arith_eps,1.1920928955078125e-07,True,
d16-s7,17,0.003162202380952381,curvature/vhv_random,1.3113305142250475e-06,True,
d16-s7,17,0.003162202380952381,curvature/e_fd_random,,False,noise_floor_inconclusive
d16-s7,17,0.003162202380952381,curvature/fd_cos_random,,False,noise_floor_inconclusive
d16-s7,17,0.003162202380952381,curvature/fd_eps_random,0.03,True,
d16-s7,17,0.003162202380952381,curvature/fd_snr_random,344.6320508725568,True,
d16-s7,17,0.003162202380952381,curvature/fd_floor_random,8.961591980749108e-06,True,
d16-s7,17,0.003162202380952381,curvature/fd_conclusive_random,0.0,True,
d16-s7,17,0.003162202380952381,curvature/e_sym_random,1.0316822206822436e-07,True,
d16-s7,17,0.003162202380952381,curvature/e_lin_random,7.781439870211658e-07,True,
d16-s7,17,0.003162202380952381,curvature/curv_eps_random,0.003,True,
d16-s7,17,0.003162202380952381,curvature/curv_snr_random,0.3828754261222884,True,
d16-s7,17,0.003162202380952381,curvature/curv_floor_random,0.2767579366668037,True,
d16-s7,17,0.003162202380952381,curvature/c_fd_random,0.10596381293402778,True,
d16-s7,17,0.003162202380952381,curvature/verdict_code_random,1.0,True,
d16-s7,17,0.003162202380952381,curvature/e_curv_random,,False,noise_floor_inconclusive
d16-s7,17,0.003162202380952381,curvature/vhv_gradient,2.803343016446908,True,
d16-s7,17,0.003162202380952381,curvature/e_fd_gradient,4.8365141125408596e-05,True,
d16-s7,17,0.003162202380952381,curvature/fd_cos_gradient,0.9999999988319601,True,
d16-s7,17,0.003162202380952381,curvature/fd_eps_gradient,0.003,True,
d16-s7,17,0.003162202380952381,curvature/fd_snr_gradient,52957.74230571155,True,
d16-s7,17,0.003162202380952381,curvature/fd_floor_gradient,8.961614082302191e-05,True,
d16-s7,17,0.003162202380952381,curvature/fd_conclusive_gradient,1.0,True,
d16-s7,17,0.003162202380952381,curvature/e_sym_gradient,8.300105756434495e-06,True,
d16-s7,17,0.003162202380952381,curvature/e_lin_gradient,6.07517343071593e-07,True,
d16-s7,17,0.003162202380952381,curvature/curv_eps_gradient,0.01509803648477105,True,
d16-s7,17,0.003162202380952381,curvature/curv_snr_gradient,256.51870277933995,True,
d16-s7,17,0.003162202380952381,curvature/curv_floor_gradient,0.010927351503018774,True,
d16-s7,17,0.003162202380952381,curvature/c_fd_gradient,2.8030700323682467,True,
d16-s7,17,0.003162202380952381,curvature/verdict_code_gradient,0.0,True,
d16-s7,17,0.003162202380952381,curvature/e_curv_gradient,9.73780507986108e-05,True,
d16-s7,17,0.003162202380952381,curvature/vhv_update,6.400407661849137e-07,True,
d16-s7,17,0.003162202380952381,curvature/e_fd_update,,False,noise_floor_inconclusive
d16-s7,17,0.003162202380952381,curvature/fd_cos_update,,False,noise_floor_inconclusive
d16-s7,17,0.003162202380952381,curvature/fd_eps_update,0.03,True,
d16-s7,17,0.003162202380952381,curvature/fd_snr_update,86.88117511574357,True,
d16-s7,17,0.003162202380952381,curvature/fd_floor_update,8.961591951584554e-06,True,
d16-s7,17,0.003162202380952381,curvature/fd_conclusive_update,0.0,True,
d16-s7,17,0.003162202380952381,curvature/e_sym_update,6.213840884597473e-07,True,
d16-s7,17,0.003162202380952381,curvature/e_lin_update,7.352241081574084e-07,True,
d16-s7,17,0.003162202380952381,curvature/curv_eps_update,0.1,True,
d16-s7,17,0.003162202380952381,curvature/curv_snr_update,0.3828754261222885,True,
d16-s7,17,0.003162202380952381,curvature/curv_floor_update,0.00024908214300012327,True,
d16-s7,17,0.003162202380952381,curvature/c_fd_update,9.536743164062499e-05,True,
d16-s7,17,0.003162202380952381,curvature/verdict_code_update,1.0,True,
d16-s7,17,0.003162202380952381,curvature/e_curv_update,,False,noise_floor_inconclusive
d16-s7,33,0.006138392857142857,update/p1,-0.11593254887675147,True,
d16-s7,33,0.006138392857142857,update/p2,-0.007929294335084242,True,
d16-s7,33,0.006138392857142857,update/actual,-0.02308177947998047,True,
d16-s7,33,0.006138392857142857,update/residual_p1,0.092850769396771,True,
d16-s7,33,0.006138392857142857,update/residual_p2,-0.015152485144896227,True,
d16-s7,33,0.006138392857142857,update/normalized_residual,-0.6564695394494363,True,
d16-s7,33,0.006138392857142857,update/loss_before,4.798530578613281,True,
d16-s7,33,0.006138392857142857,update/loss_after,4.775448799133301,True,
d16-s7,33,0.006138392857142857,update/direction_norm,621.6071028398632,True,
d16-s7,33,0.006138392857142857,curvature/dhd,0.21600650908333446,True,
d16-s7,33,0.006138392857142857,curvature/gHg,6.265899545576264,True,
d16-s7,33,0.006138392857142857,curvature/gg,4.064129549175074,True,
d16-s7,33,0.006138392857142857,curvature/eta_star,0.6486107093823992,True,
d16-s7,33,0.006138392857142857,curvature/Hg_norm,5.457806233423644,True,
d16-s7,33,0.006138392857142857,curvature/eta_star_rho,0.5694840217905245,True,
d16-s7,33,0.006138392857142857,curvature/eta_star_rho_threshold,9.5367431640625e-07,True,
d16-s7,33,0.006138392857142857,curvature/shadow_verdict_code,1.0,True,
d16-s7,33,0.006138392857142857,curvature/arith_eps,1.1920928955078125e-07,True,
d16-s7,33,0.006138392857142857,curvature/vhv_random,4.50239627540569e-08,True,
d16-s7,33,0.006138392857142857,curvature/e_fd_random,,False,noise_floor_inconclusive
d16-s7,33,0.006138392857142857,curvature/fd_cos_random,,False,noise_floor_inconclusive
d16-s7,33,0.006138392857142857,curvature/fd_eps_random,0.03,True,
d16-s7,33,0.006138392857142857,curvature/fd_snr_random,178.87581785766935,True,
d16-s7,33,0.006138392857142857,curvature/fd_floor_random,8.010739282281791e-06,True,
d16-s7,33,0.006138392857142857,curvature/fd_conclusive_random,0.0,True,
d16-s7,33,0.006138392857142857,curvature/e_sym_random,1.10837060403648e-09,True,
d16-s7,33,0.006138392857142857,curvature/e_lin_random,7.664848664586997e-07,True,
d16-s7,33,0.006138392857142857,curvature/curv_eps_random,0.01,True,
d16-s7,33,0.006138392857142857,curvature/curv_snr_random,0.8335886021678689,True,
d16-s7,33,0.006138392857142857,curvature/curv_floor_random,0.022881174572830787,True,
d16-s7,33,0.006138392857142857,curvature/c_fd_random,-0.019073486328125,True,
d16-s7,33,0.006138392857142857,curvature/verdict_code_random,1.0,True,
d16-s7,33,0.006138392857142857,curvature/e_curv_random,,False,noise_floor_inconclusive
d16-s7,33,0.006138392857142857,curvature/vhv_gradient,1.541756929657003,True,
d16-s7,33,0.006138392857142857,curvature/e_fd_gradient,6.50860830663601e-05,True,
d16-s7,33,0.006138392857142857,curvature/fd_cos_gradient,0.9999999990677361,True,
d16-s7,33,0.006138392857142857,curvature/fd_eps_gradient,0.01,True,
d16-s7,33,0.006138392857142857,curvature/fd_snr_gradient,112649.5312685631,True,
d16-s7,33,0.006138392857142857,curvature/fd_floor_gradient,2.4032832530770867e-05,True,
d16-s7,33,0.006138392857142857,curvature/fd_conclusive_gradient,1.0,True,
d16-s7,33,0.006138392857142857,curvature/e_sym_gradient,4.044616506590995e-07,True,
d16-s7,33,0.006138392857142857,curvature/e_lin_gradient,4.323501255644704e-07,True,
d16-s7,33,0.006138392857142857,curvature/curv_eps_gradient,0.01987013346421578,True,
d16-s7,33,0.006138392857142857,curvature/curv_snr_gradient,265.6979246448582,True,
d16-s7,33,0.006138392857142857,curvature/curv_floor_gradient,0.005795495130456113,True,
d16-s7,33,0.006138392857142857,curvature/c_fd_gradient,1.5398510284515707,True,
d16-s7,33,0.006138392857142857,curvature/verdict_code_gradient,0.0,True,
d16-s7,33,0.006138392857142857,curvature/e_curv_gradient,0.0012361878638394276,True,
d16-s7,33,0.006138392857142857,curvature/vhv_update,5.59029710025849e-07,True,
d16-s7,33,0.006138392857142857,curvature/e_fd_update,,False,noise_floor_inconclusive
d16-s7,33,0.006138392857142857,curvature/fd_cos_update,,False,noise_floor_inconclusive
d16-s7,33,0.006138392857142857,curvature/fd_eps_update,0.03,True,
d16-s7,33,0.006138392857142857,curvature/fd_snr_update,102.10457475073032,True,
d16-s7,33,0.006138392857142857,curvature/fd_floor_update,8.010739459632482e-06,True,
d16-s7,33,0.006138392857142857,curvature/fd_conclusive_update,0.0,True,
d16-s7,33,0.006138392857142857,curvature/e_sym_update,2.298417236601683e-07,True,
d16-s7,33,0.006138392857142857,curvature/e_lin_update,5.65042245432939e-07,True,
d16-s7,33,0.006138392857142857,curvature/curv_eps_update,0.1,True,
d16-s7,33,0.006138392857142857,curvature/curv_snr_update,0.6251914360943482,True,
d16-s7,33,0.006138392857142857,curvature/curv_floor_update,0.0002288117514126497,True,
d16-s7,33,0.006138392857142857,curvature/c_fd_update,-0.00014305114746093747,True,
d16-s7,33,0.006138392857142857,curvature/verdict_code_update,1.0,True,
d16-s7,33,0.006138392857142857,curvature/e_curv_update,,False,noise_floor_inconclusive
d16-s7,41,0.007626488095238095,update/p1,-0.25266421959682744,True,
d16-s7,41,0.007626488095238095,update/p2,-0.13368857055656594,True,
d16-s7,41,0.007626488095238095,update/actual,-0.14450550079345703,True,
d16-s7,41,0.007626488095238095,update/residual_p1,0.10815871880337041,True,
d16-s7,41,0.007626488095238095,update/residual_p2,-0.010816930236891092,True,
d16-s7,41,0.007626488095238095,update/normalized_residual,-0.0748547991425726,True,
d16-s7,41,0.007626488095238095,update/loss_before,4.551339149475098,True,
d16-s7,41,0.007626488095238095,update/loss_after,4.406833648681641,True,
d16-s7,41,0.007626488095238095,update/direction_norm,774.3587240056138,True,
d16-s7,41,0.007626488095238095,curvature/dhd,0.237951298080523,True,
d16-s7,41,0.007626488095238095,curvature/gHg,8.110978516091187,True,
d16-s7,41,0.007626488095238095,curvature/gg,4.066330395113517,True,
d16-s7,41,0.007626488095238095,curvature/eta_star,0.50133660039247,True,
d16-s7,41,0.007626488095238095,curvature/Hg_norm,6.4365035240681525,True,
d16-s7,41,0.007626488095238095,curvature/eta_star_rho,0.624916379969086,True,
d16-s7,41,0.007626488095238095,curvature/eta_star_rho_threshold,9.5367431640625e-07,True,
d16-s7,41,0.007626488095238095,curvature/shadow_verdict_code,1.0,True,
d16-s7,41,0.007626488095238095,curvature/arith_eps,1.1920928955078125e-07,True,
d16-s7,41,0.007626488095238095,curvature/vhv_random,-6.198499941058109e-07,True,
d16-s7,41,0.007626488095238095,curvature/e_fd_random,,False,noise_floor_inconclusive
d16-s7,41,0.007626488095238095,curvature/fd_cos_random,,False,noise_floor_inconclusive
d16-s7,41,0.007626488095238095,curvature/fd_eps_random,0.03,True,
d16-s7,41,0.007626488095238095,curvature/fd_snr_random,196.86744728179414,True,
d16-s7,41,0.007626488095238095,curvature/fd_floor_random,8.012908542395443e-06,True,
d16-s7,41,0.007626488095238095,curvature/fd_conclusive_random,0.0,True,
d16-s7,41,0.007626488095238095,curvature/e_sym_random,5.713353927716775e-08,True,
d16-s7,41,0.007626488095238095,curvature/e_lin_random,7.535445800008236e-07,True,
d16-s7,41,0.007626488095238095,curvature/curv_eps_random,0.003,True,
d16-s7,41,0.007626488095238095,curvature/curv_snr_random,0.43943112984652094,True,
d16-s7,41,0.007626488095238095,curvature/curv_floor_random,0.2411386124852773,True,
d16-s7,41,0.007626488095238095,curvature/c_fd_random,-0.10596381293402778,True,
d16-s7,41,0.007626488095238095,curvature/verdict_code_random,1.0,True,
d16-s7,41,0.007626488095238095,curvature/e_curv_random,,False,noise_floor_inconclusive
d16-s7,41,0.007626488095238095,curvature/vhv_gradient,1.9946682146937427,True,
d16-s7,41,0.007626488095238095,curvature/e_fd_gradient,7.168613540837202e-05,True,
d16-s7,41,0.007626488095238095,curvature/fd_cos_gradient,0.9999999991835646,True,
d16-s7,41,0.007626488095238095,curvature/fd_eps_gradient,0.01,True,
d16-s7,41,0.007626488095238095,curvature/fd_snr_gradient,132776.76912516143,True,
d16-s7,41,0.007626488095238095,curvature/fd_floor_gradient,2.4039565911767044e-05,True,
d16-s7,41,0.007626488095238095,curvature/fd_conclusive_gradient,1.0,True,
d16-s7,41,0.007626488095238095,curvature/e_sym_gradient,1.5493647031258827e-08,True,
d16-s7,41,0.007626488095238095,curvature/e_lin_gradient,4.416894108873243e-07,True,
d16-s7,41,0.007626488095238095,curvature/curv_eps_gradient,0.017320508075688773,True,
d16-s7,41,0.007626488095238095,curvature/curv_snr_gradient,275.73395584753587,True,
d16-s7,41,0.007626488095238095,curvature/curv_floor_gradient,0.007234396548483345,True,
d16-s7,41,0.007626488095238095,curvature/c_fd_gradient,1.9947687784830728,True,
d16-s7,41,0.007626488095238095,curvature/verdict_code_gradient,0.0,True,
d16-s7,41,0.007626488095238095,curvature/e_curv_gradient,5.041375743136166e-05,True,
d16-s7,41,0.007626488095238095,curvature/vhv_update,3.968292968925013e-07,True,
d16-s7,41,0.007626488095238095,curvature/e_fd_update,,False,noise_floor_inconclusive
d16-s7,41,0.007626488095238095,curvature/fd_cos_update,,False,noise_floor_inconclusive
d16-s7,41,0.007626488095238095,curvature/fd_eps_update,0.03,True,
d16-s7,41,0.007626488095238095,curvature/fd_snr_update,91.0981305392958,True,
d16-s7,41,0.007626488095238095,curvature/fd_floor_update,8.01290837518573e-06,True,
d16-s7,41,0.007626488095238095,curvature/fd_conclusive_update,0.0,True,
d16-s7,41,0.007626488095238095,curvature/e_sym_update,1.9847343222223935e-07,True,
d16-s7,41,0.007626488095238095,curvature/e_lin_update,6.01029972132832e-07,True,
d16-s7,41,0.007626488095238095,curvature/curv_eps_update,0.01,True,
d16-s7,41,0.007626488095238095,curvature/curv_snr_update,0.4394311298465209,True,
d16-s7,41,0.007626488095238095,curvature/curv_floor_update,0.021702475123674958,True,
d16-s7,41,0.007626488095238095,curvature/c_fd_update,-0.0095367431640625,True,
d16-s7,41,0.007626488095238095,curvature/verdict_code_update,1.0,True,
d16-s7,41,0.007626488095238095,curvature/e_curv_update,,False,noise_floor_inconclusive
d16-s7,65,0.01209077380952381,update/p1,-0.30286604497540454,True,
d16-s7,65,0.01209077380952381,update/p2,-0.13404948256592944,True,
d16-s7,65,0.01209077380952381,update/actual,-0.13806724548339844,True,
d16-s7,65,0.01209077380952381,update/residual_p1,0.1647987994920061,True,
d16-s7,65,0.01209077380952381,update/residual_p2,-0.004017762917468998,True,
d16-s7,65,0.01209077380952381,update/normalized_residual,-0.029100043992346496,True,
d16-s7,65,0.01209077380952381,update/loss_before,3.9488301277160645,True,
d16-s7,65,0.01209077380952381,update/loss_after,3.810762882232666,True,
d16-s7,65,0.01209077380952381,update/direction_norm,947.2131350138065,True,
d16-s7,65,0.01209077380952381,curvature/dhd,0.3376331248189502,True,
d16-s7,65,0.01209077380952381,curvature/gHg,9.628220768828575,True,
d16-s7,65,0.01209077380952381,curvature/gg,3.5276572637235204,True,
d16-s7,65,0.01209077380952381,curvature/eta_star,0.36638724312848464,True,
d16-s7,65,0.01209077380952381,curvature/Hg_norm,7.612923697422362,True,
d16-s7,65,0.01209077380952381,curvature/eta_star_rho,0.6733662899043347,True,
d16-s7,65,0.01209077380952381,curvature/eta_star_rho_threshold,9.5367431640625e-07,True,
d16-s7,65,0.01209077380952381,curvature/shadow_verdict_code,1.0,True,
d16-s7,65,0.01209077380952381,curvature/arith_eps,1.1920928955078125e-07,True,
d16-s7,65,0.01209077380952381,curvature/vhv_random,-2.734839294191274e-07,True,
d16-s7,65,0.01209077380952381,curvature/e_fd_random,,False,noise_floor_inconclusive
d16-s7,65,0.01209077380952381,curvature/fd_cos_random,,False,noise_floor_inconclusive
d16-s7,65,0.01209077380952381,curvature/fd_eps_random,0.03,True,
d16-s7,65,0.01209077380952381,curvature/fd_snr_random,299.4219158329467,True,
d16-s7,65,0.01209077380952381,curvature/fd_floor_random,7.4633196737871146e-06,True,
d16-s7,65,0.01209077380952381,curvature/fd_conclusive_random,0.0,True,
d16-s7,65,0.01209077380952381,curvature/e_sym_random,8.339295089022133e-05,True,
d16-s7,65,0.01209077380952381,curvature/e_lin_random,7.231625477427075e-07,True,
d16-s7,65,0.01209077380952381,curvature/curv_eps_random,0.003,True,
d16-s7,65,0.01209077380952381,curvature/curv_snr_random,0.1266197813974638,True,
d16-s7,65,0.01209077380952381,curvature/curv_floor_random,0.2092165453228113,True,
d16-s7,65,0.01209077380952381,curvature/c_fd_random,-0.026490953233506944,True,
d16-s7,65,0.01209077380952381,curvature/verdict_code_random,1.0,True,
d16-s7,65,0.01209077380952381,curvature/e_curv_random,,False,noise_floor_inconclusive
d16-s7,65,0.01209077380952381,curvature/vhv_gradient,2.7293528422056013,True,
d16-s7,65,0.01209077380952381,curvature/e_fd_gradient,8.321896272372958e-05,True,
d16-s7,65,0.01209077380952381,curvature/fd_cos_gradient,0.999999996615459,True,
d16-s7,65,0.01209077380952381,curvature/fd_eps_gradient,0.003,True,
d16-s7,65,0.01209077380952381,curvature/fd_snr_gradient,54308.98136841606,True,
d16-s7,65,0.01209077380952381,curvature/fd_floor_gradient,7.463398759362725e-05,True,
d16-s7,65,0.01209077380952381,curvature/fd_conclusive_gradient,1.0,True,
d16-s7,65,0.01209077380952381,curvature/e_sym_gradient,2.626511094516485e-07,True,
d16-s7,65,0.01209077380952381,curvature/e_lin_gradient,3.9742473898645563e-07,True,
d16-s7,65,0.01209077380952381,curvature/curv_eps_gradient,0.013160740129524924,True,
d16-s7,65,0.01209077380952381,curvature/curv_snr_gradient,251.33273182520998,True,
d16-s7,65,0.01209077380952381,curvature/curv_floor_gradient,0.010871536476826767,True,
d16-s7,65,0.01209077380952381,curvature/c_fd_gradient,2.7323729618582897,True,
d16-s7,65,0.01209077380952381,curvature/verdict_code_gradient,0.0,True,
d16-s7,65,0.01209077380952381,curvature/e_curv_gradient,0.0011053101808745978,True,
d16-s7,65,0.01209077380952381,curvature/vhv_update,3.7631337277563227e-07,True,
d16-s7,65,0.01209077380952381,curvature/e_fd_update,,False,noise_floor_inconclusive
d16-s7,65,0.01209077380952381,curvature/fd_cos_update,,False,noise_floor_inconclusive
d16-s7,65,0.01209077380952381,curvature/fd_eps_update,0.03,True,
d16-s7,65,0.01209077380952381,curvature/fd_snr_update,131.45632917316462,True,
d16-s7,65,0.01209077380952381,curvature/fd_floor_update,7.463319215849959e-06,True,
d16-s7,65,0.01209077380952381,curvature/fd_conclusive_update,0.0,True,
d16-s7,65,0.01209077380952381,curvature/e_sym_update,2.0392439227262302e-07,True,
d16-s7,65,0.01209077380952381,curvature/e_lin_update,6.028553135127699e-07,True,
d16-s7,65,0.01209077380952381,curvature/curv_eps_update,0.003,True,
d16-s7,65,0.01209077380952381,curvature/curv_snr_update,0.1266197813974638,True,
d16-s7,65,0.01209077380952381,curvature/curv_floor_update,0.2092165453228113,True,
d16-s7,65,0.01209077380952381,curvature/c_fd_update,-0.026490953233506944,True,
d16-s7,65,0.01209077380952381,curvature/verdict_code_update,1.0,True,
d16-s7,65,0.01209077380952381,curvature/e_curv_update,,False,noise_floor_inconclusive
d16-s7,129,0.023995535714285716,update/p1,-0.07348399961819241,True,
d16-s7,129,0.023995535714285716,update/p2,0.0683349923356937,True,
d16-s7,129,0.023995535714285716,update/actual,0.06223630905151367,True,
d16-s7,129,0.023995535714285716,update/residual_p1,0.13572030866970608,True,
d16-s7,129,0.023995535714285716,update/residual_p2,-0.006098683284180034,True,
d16-s7,129,0.023995535714285716,update/normalized_residual,-0.08924685692829855,True,
d16-s7,129,0.023995535714285716,update/loss_before,2.8265113830566406,True,
d16-s7,129,0.023995535714285716,update/loss_after,2.8887476921081543,True,
d16-s7,129,0.023995535714285716,update/direction_norm,1223.8262934907557,True,
d16-s7,129,0.023995535714285716,curvature/dhd,0.28363798390777223,True,
d16-s7,129,0.023995535714285716,curvature/gHg,3.8180708181038994,True,
d16-s7,129,0.023995535714285716,curvature/gg,3.1763257411741486,True,
d16-s7,129,0.023995535714285716,curvature/eta_star,0.8319190220655862,True,
d16-s7,129,0.023995535714285716,curvature/Hg_norm,5.0835605437120375,True,
d16-s7,129,0.023995535714285716,curvature/eta_star_rho,0.42141836921858894,True,
d16-s7,129,0.023995535714285716,curvature/eta_star_rho_threshold,9.5367431640625e-07,True,
d16-s7,129,0.023995535714285716,curvature/shadow_verdict_code,1.0,True,
d16-s7,129,0.023995535714285716,curvature/arith_eps,1.1920928955078125e-07,True,
d16-s7,129,0.023995535714285716,curvature/vhv_random,2.889116418377135e-06,True,
d16-s7,129,0.023995535714285716,curvature/e_fd_random,,False,insufficient_conclusive_points
d16-s7,129,0.023995535714285716,curvature/fd_cos_random,,False,insufficient_conclusive_points
d16-s7,129,0.023995535714285716,curvature/fd_eps_random,0.03,True,
d16-s7,129,0.023995535714285716,curvature/fd_snr_random,620.7588698873717,True,
d16-s7,129,0.023995535714285716,curvature/fd_floor_random,7.0819258063293905e-06,True,
d16-s7,129,0.023995535714285716,curvature/fd_conclusive_random,0.0,True,
d16-s7,129,0.023995535714285716,curvature/e_sym_random,1.1686215307910331e-06,True,
d16-s7,129,0.023995535714285716,curvature/e_lin_random,8.688317914089439e-07,True,
d16-s7,129,0.023995535714285716,curvature/curv_eps_random,0.1,True,
d16-s7,129,0.023995535714285716,curvature/curv_snr_random,0.17689651403531403,True,
d16-s7,129,0.023995535714285716,curvature/curv_floor_random,0.00013477856271038033,True,
d16-s7,129,0.023995535714285716,curvature/c_fd_random,-2.3841857910156247e-05,True,
d16-s7,129,0.023995535714285716,curvature/verdict_code_random,1.0,True,
d16-s7,129,0.023995535714285716,curvature/e_curv_random,,False,noise_floor_inconclusive
d16-s7,129,0.023995535714285716,curvature/vhv_gradient,1.202040215450351,True,
d16-s7,129,0.023995535714285716,curvature/e_fd_gradient,0.0006585404503343486,True,
d16-s7,129,0.023995535714285716,curvature/fd_cos_gradient,0.9999997836893987,True,
d16-s7,129,0.023995535714285716,curvature/fd_eps_gradient,0.003,True,
d16-s7,129,0.023995535714285716,curvature/fd_snr_gradient,40276.63308864833,True,
d16-s7,129,0.023995535714285716,curvature/fd_floor_gradient,7.081942254429023e-05,True,
d16-s7,129,0.023995535714285716,curvature/fd_conclusive_gradient,1.0,True,
d16-s7,129,0.023995535714285716,curvature/e_sym_gradient,1.3421242774818372e-08,True,
d16-s7,129,0.023995535714285716,curvature/e_lin_gradient,5.229937173750367e-07,True,
d16-s7,129,0.023995535714285716,curvature/curv_eps_gradient,0.017320508075688773,True,
d16-s7,129,0.023995535714285716,curvature/curv_snr_gradient,267.6358809809815,True,
d16-s7,129,0.023995535714285716,curvature/curv_floor_gradient,0.00449276219190627,True,
d16-s7,129,0.023995535714285716,curvature/c_fd_gradient,1.2024243672688801,True,
d16-s7,129,0.023995535714285716,curvature/verdict_code_gradient,0.0,True,
d16-s7,129,0.023995535714285716,curvature/e_curv_gradient,0.00031948106590835705,True,
d16-s7,129,0.023995535714285716,curvature/vhv_update,1.893759536939911e-07,True,
d16-s7,129,0.023995535714285716,curvature/e_fd_update,,False,noise_floor_inconclusive
d16-s7,129,0.023995535714285716,curvature/fd_cos_update,,False,noise_floor_inconclusive
d16-s7,129,0.023995535714285716,curvature/fd_eps_update,0.03,True,
d16-s7,129,0.023995535714285716,curvature/fd_snr_update,115.66584972298112,True,
d16-s7,129,0.023995535714285716,curvature/fd_floor_update,7.08192572770612e-06,True,
d16-s7,129,0.023995535714285716,curvature/fd_conclusive_update,0.0,True,
d16-s7,129,0.023995535714285716,curvature/e_sym_update,2.4757625047193224e-07,True,
d16-s7,129,0.023995535714285716,curvature/e_lin_update,8.344859627364398e-07,True,
d16-s7,129,0.023995535714285716,curvature/curv_eps_update,0.03,True,
d16-s7,129,0.023995535714285716,curvature/curv_snr_update,0.176896514035314,True,
d16-s7,129,0.023995535714285716,curvature/curv_floor_update,0.0014975395856708928,True,
d16-s7,129,0.023995535714285716,curvature/c_fd_update,-0.00026490953233506944,True,
d16-s7,129,0.023995535714285716,curvature/verdict_code_update,1.0,True,
d16-s7,129,0.023995535714285716,curvature/e_curv_update,,False,noise_floor_inconclusive
d16-s7,257,0.04780505952380952,update/p1,-0.10440946303838974,True,
d16-s7,257,0.04780505952380952,update/p2,0.022247457728787168,True,
d16-s7,257,0.04780505952380952,update/actual,0.017669200897216797,True,
d16-s7,257,0.04780505952380952,update/residual_p1,0.12207866393560654,True,
d16-s7,257,0.04780505952380952,update/residual_p2,-0.004578256831570371,True,
d16-s7,257,0.04780505952380952,update/normalized_residual,-0.20578786517464964,True,
d16-s7,257,0.04780505952380952,update/loss_before,2.340252637863159,True,
d16-s7,257,0.04780505952380952,update/loss_after,2.357921838760376,True,
d16-s7,257,0.04780505952380952,update/direction_norm,870.2569303190013,True,
d16-s7,257,0.04780505952380952,curvature/dhd,0.2533138415343538,True,
d16-s7,257,0.04780505952380952,curvature/gHg,6.03248268240581,True,
d16-s7,257,0.04780505952380952,curvature/gg,3.7927911017942146,True,
d16-s7,257,0.04780505952380952,curvature/eta_star,0.6287280546790752,True,
d16-s7,257,0.04780505952380952,curvature/Hg_norm,8.92459820047319,True,
d16-s7,257,0.04780505952380952,curvature/eta_star_rho,0.34707868994691765,True,
d16-s7,257,0.04780505952380952,curvature/eta_star_rho_threshold,9.5367431640625e-07,True,
d16-s7,257,0.04780505952380952,curvature/shadow_verdict_code,1.0,True,
d16-s7,257,0.04780505952380952,curvature/arith_eps,1.1920928955078125e-07,True,
d16-s7,257,0.04780505952380952,curvature/vhv_random,2.834449134534478e-06,True,
d16-s7,257,0.04780505952380952,curvature/e_fd_random,,False,insufficient_conclusive_points
d16-s7,257,0.04780505952380952,curvature/fd_cos_random,,False,insufficient_conclusive_points
d16-s7,257,0.04780505952380952,curvature/fd_eps_random,0.03,True,
d16-s7,257,0.04780505952380952,curvature/fd_snr_random,606.1199397765645,True,
d16-s7,257,0.04780505952380952,curvature/fd_floor_random,7.738705967980475e-06,True,
d16-s7,257,0.04780505952380952,curvature/fd_conclusive_random,0.0,True,
d16-s7,257,0.04780505952380952,curvature/e_sym_random,1.908478569519613e-07,True,
d16-s7,257,0.04780505952380952,curvature/e_lin_random,9.123431454150955e-07,True,
d16-s7,257,0.04780505952380952,curvature/curv_eps_random,0.01,True,
d16-s7,257,0.04780505952380952,curvature/curv_snr_random,0.6409563912542741,True,
d16-s7,257,0.04780505952380952,curvature/curv_floor_random,0.011159195025811641,True,
d16-s7,257,0.04780505952380952,curvature/c_fd_random,0.007152557373046875,True,
d16-s7,257,0.04780505952380952,curvature/verdict_code_random,1.0,True,
d16-s7,257,0.04780505952380952,curvature/e_curv_random,,False,noise_floor_inconclusive
d16-s7,257,0.04780505952380952,curvature/vhv_gradient,1.5905129079933726,True,
d16-s7,257,0.04780505952380952,curvature/e_fd_gradient,0.0008419430018655477,True,
d16-s7,257,0.04780505952380952,curvature/fd_cos_gradient,0.9999996457553356,True,
d16-s7,257,0.04780505952380952,curvature/fd_eps_gradient,0.001,True,
d16-s7,257,0.04780505952380952,curvature/fd_snr_gradient,19739.135616189837,True,
d16-s7,257,0.04780505952380952,curvature/fd_floor_gradient,0.00023216123447749183,True,
d16-s7,257,0.04780505952380952,curvature/fd_conclusive_gradient,1.0,True,
d16-s7,257,0.04780505952380952,curvature/e_sym_gradient,5.401740873047148e-07,True,
d16-s7,257,0.04780505952380952,curvature/e_lin_gradient,5.575597350333339e-07,True,
d16-s7,257,0.04780505952380952,curvature/curv_eps_gradient,0.01509803648477105,True,
d16-s7,257,0.04780505952380952,curvature/curv_snr_gradient,324.9523269207039,True,
d16-s7,257,0.04780505952380952,curvature/curv_floor_gradient,0.004895631462650123,True,
d16-s7,257,0.04780505952380952,curvature/c_fd_gradient,1.5908468355343668,True,
d16-s7,257,0.04780505952380952,curvature/verdict_code_gradient,0.0,True,
d16-s7,257,0.04780505952380952,curvature/e_curv_gradient,0.00020990552549452913,True,
d16-s7,257,0.04780505952380952,curvature/vhv_update,3.3447521070514064e-07,True,
d16-s7,257,0.04780505952380952,curvature/e_fd_update,,False,noise_floor_inconclusive
d16-s7,257,0.04780505952380952,curvature/fd_cos_update,,False,noise_floor_inconclusive
d16-s7,257,0.04780505952380952,curvature/fd_eps_update,0.03,True,
d16-s7,257,0.04780505952380952,curvature/fd_snr_update,154.43197246199577,True,
d16-s7,257,0.04780505952380952,curvature/fd_floor_update,7.738705559670357e-06,True,
d16-s7,257,0.04780505952380952,curvature/fd_conclusive_update,0.0,True,
d16-s7,257,0.04780505952380952,curvature/e_sym_update,5.352728669961388e-07,True,
d16-s7,257,0.04780505952380952,curvature/e_lin_update,8.628243935678913e-07,True,
d16-s7,257,0.04780505952380952,curvature/curv_eps_update,0.1,True,
d16-s7,257,0.04780505952380952,curvature/curv_snr_update,0.8546084999060692,True,
d16-s7,257,0.04780505952380952,curvature/curv_floor_update,0.00011159195310028733,True,
d16-s7,257,0.04780505952380952,curvature/c_fd_update,9.536743164062499e-05,True,
d16-s7,257,0.04780505952380952,curvature/verdict_code_update,1.0,True,
d16-s7,257,0.04780505952380952,curvature/e_curv_update,,False,noise_floor_inconclusive
d16-s7,270,0.05022321428571429,update/p1,-0.10812189544422768,True,
d16-s7,270,0.05022321428571429,update/p2,0.03467657120804185,True,
d16-s7,270,0.05022321428571429,update/actual,0.010967731475830078,True,
d16-s7,270,0.05022321428571429,update/residual_p1,0.11908962692005776,True,
d16-s7,270,0.05022321428571429,update/residual_p2,-0.023708839732211773,True,
d16-s7,270,0.05022321428571429,update/normalized_residual,-0.6837134960654199,True,
d16-s7,270,0.05022321428571429,update/loss_before,2.329232692718506,True,
d16-s7,270,0.05022321428571429,update/loss_after,2.340200424194336,True,
d16-s7,270,0.05022321428571429,update/direction_norm,879.4243241876945,True,
d16-s7,270,0.05022321428571429,curvature/dhd,0.28559693330453906,True,
d16-s7,270,0.05022321428571429,curvature/gHg,16.174800207493355,True,
d16-s7,270,0.05022321428571429,curvature/gg,4.765779699590199,True,
d16-s7,270,0.05022321428571429,curvature/eta_star,0.2946422607051641,True,
d16-s7,270,0.05022321428571429,curvature/Hg_norm,15.62346437494211,True,
d16-s7,270,0.05022321428571429,curvature/eta_star_rho,0.4742360907451358,True,
d16-s7,270,0.05022321428571429,curvature/eta_star_rho_threshold,9.5367431640625e-07,True,
d16-s7,270,0.05022321428571429,curvature/shadow_verdict_code,1.0,True,
d16-s7,270,0.05022321428571429,curvature/arith_eps,1.1920928955078125e-07,True,
d16-s7,270,0.05022321428571429,curvature/vhv_random,2.6556309198194884e-06,True,
d16-s7,270,0.05022321428571429,curvature/e_fd_random,,False,insufficient_conclusive_points
d16-s7,270,0.05022321428571429,curvature/fd_cos_random,,False,insufficient_conclusive_points
d16-s7,270,0.05022321428571429,curvature/fd_eps_random,0.03,True,
d16-s7,270,0.05022321428571429,curvature/fd_snr_random,626.5033802457602,True,
d16-s7,270,0.05022321428571429,curvature/fd_floor_random,8.67472733400588e-06,True,
d16-s7,270,0.05022321428571429,curvature/fd_conclusive_random,0.0,True,
d16-s7,270,0.05022321428571429,curvature/e_sym_random,6.887078893171969e-06,True,
d16-s7,270,0.05022321428571429,curvature/e_lin_random,9.174881180438343e-07,True,
d16-s7,270,0.05022321428571429,curvature/curv_eps_random,0.1,True,
d16-s7,270,0.05022321428571429,curvature/curv_snr_random,0.2146629722131144,True,
d16-s7,270,0.05022321428571429,curvature/curv_floor_random,0.00011106646695679953,True,
d16-s7,270,0.05022321428571429,curvature/c_fd_random,-2.3841857910156247e-05,True,
d16-s7,270,0.05022321428571429,curvature/verdict_code_random,1.0,True,
d16-s7,270,0.05022321428571429,curvature/e_curv_random,,False,noise_floor_inconclusive
d16-s7,270,0.05022321428571429,curvature/vhv_gradient,3.3939460520293054,True,
d16-s7,270,0.05022321428571429,curvature/e_fd_gradient,0.0007326620052376906,True,
d16-s7,270,0.05022321428571429,curvature/fd_cos_gradient,0.9999997327282089,True,
d16-s7,270,0.05022321428571429,curvature/fd_eps_gradient,0.001,True,
d16-s7,270,0.05022321428571429,curvature/fd_snr_gradient,27499.991905541134,True,
d16-s7,270,0.05022321428571429,curvature/fd_floor_gradient,0.000260242237601129,True,
d16-s7,270,0.05022321428571429,curvature/fd_conclusive_gradient,1.0,True,
d16-s7,270,0.05022321428571429,curvature/e_sym_gradient,1.8230791139915122e-07,True,
d16-s7,270,0.05022321428571429,curvature/e_lin_gradient,5.080537417179373e-07,True,
d16-s7,270,0.05022321428571429,curvature/curv_eps_gradient,0.01,True,
d16-s7,270,0.05022321428571429,curvature/curv_snr_gradient,305.45427873458755,True,
d16-s7,270,0.05022321428571429,curvature/curv_floor_gradient,0.011107051420822245,True,
d16-s7,270,0.05022321428571429,curvature/c_fd_gradient,3.3926963806152344,True,
d16-s7,270,0.05022321428571429,curvature/verdict_code_gradient,0.0,True,
d16-s7,270,0.05022321428571429,curvature/e_curv_gradient,0.0003682060336002867,True,
d16-s7,270,0.05022321428571429,curvature/vhv_update,3.6928067205291974e-07,True,
d16-s7,270,0.05022321428571429,curvature/e_fd_update,,False,noise_floor_inconclusive
d16-s7,270,0.05022321428571429,curvature/fd_cos_update,,False,noise_floor_inconclusive
d16-s7,270,0.05022321428571429,curvature/fd_eps_update,0.03,True,
d16-s7,270,0.05022321428571429,curvature/fd_snr_update,200.62345073841016,True,
d16-s7,270,0.05022321428571429,curvature/fd_floor_update,8.674726500305065e-06,True,
d16-s7,270,0.05022321428571429,curvature/fd_conclusive_update,0.0,True,
d16-s7,270,0.05022321428571429,curvature/e_sym_update,9.400198615988895e-07,True,
d16-s7,270,0.05022321428571429,curvature/e_lin_update,8.823972481882846e-07,True,
d16-s7,270,0.05022321428571429,curvature/curv_eps_update,0.01,True,
d16-s7,270,0.05022321428571429,curvature/curv_snr_update,0.42932591146710986,True,
d16-s7,270,0.05022321428571429,curvature/curv_floor_update,0.011106647548331239,True,
d16-s7,270,0.05022321428571429,curvature/c_fd_update,0.00476837158203125,True,
d16-s7,270,0.05022321428571429,curvature/verdict_code_update,1.0,True,
d16-s7,270,0.05022321428571429,curvature/e_curv_update,,False,noise_floor_inconclusive
d16-s7,401,0.07459077380952381,update/p1,-0.07647145619956974,True,
d16-s7,401,0.07459077380952381,update/p2,-0.011267670267540511,True,
d16-s7,401,0.07459077380952381,update/actual,-0.0174410343170166,True,
d16-s7,401,0.07459077380952381,update/residual_p1,0.05903042188255314,True,
d16-s7,401,0.07459077380952381,update/residual_p2,-0.0061733640494760905,True,
d16-s7,401,0.07459077380952381,update/normalized_residual,-0.3539563042687759,True,
d16-s7,401,0.07459077380952381,update/loss_before,2.052056312561035,True,
d16-s7,401,0.07459077380952381,update/loss_after,2.0346152782440186,True,
d16-s7,401,0.07459077380952381,update/direction_norm,807.1681775931835,True,
d16-s7,401,0.07459077380952381,curvature/dhd,0.13040757186405846,True,
d16-s7,401,0.07459077380952381,curvature/gHg,6.1413994651566215,True,
d16-s7,401,0.07459077380952381,curvature/gg,3.58933276248375,True,
d16-s7,401,0.07459077380952381,curvature/eta_star,0.5844486721386414,True,
d16-s7,401,0.07459077380952381,curvature/Hg_norm,8.601498338734825,True,
d16-s7,401,0.07459077380952381,curvature/eta_star_rho,0.37686549438821026,True,
d16-s7,401,0.07459077380952381,curvature/eta_star_rho_threshold,9.5367431640625e-07,True,
d16-s7,401,0.07459077380952381,curvature/shadow_verdict_code,1.0,True,
d16-s7,401,0.07459077380952381,curvature/arith_eps,1.1920928955078125e-07,True,
d16-s7,401,0.07459077380952381,curvature/vhv_random,2.465835912429905e-06,True,
d16-s7,401,0.07459077380952381,curvature/e_fd_random,,False,noise_floor_inconclusive
d16-s7,401,0.07459077380952381,curvature/fd_cos_random,,False,noise_floor_inconclusive
d16-s7,401,0.07459077380952381,curvature/fd_eps_random,0.03,True,
d16-s7,401,0.07459077380952381,curvature/fd_snr_random,498.3189464800178,True,
d16-s7,401,0.07459077380952381,curvature/fd_floor_random,7.528278889403873e-06,True,
d16-s7,401,0.07459077380952381,curvature/fd_conclusive_random,0.0,True,
d16-s7,401,0.07459077380952381,curvature/e_sym_random,5.694116605060529e-06,True,
d16-s7,401,0.07459077380952381,curvature/e_lin_random,9.386738310554506e-07,True,
d16-s7,401,0.07459077380952381,curvature/curv_eps_random,0.1,True,
d16-s7,401,0.07459077380952381,curvature/curv_snr_random,0.24365803777535422,True,
d16-s7,401,0.07459077380952381,curvature/curv_floor_random,9.784966721326781e-05,True,
d16-s7,401,0.07459077380952381,curvature/c_fd_random,-2.3841857910156247e-05,True,
d16-s7,401,0.07459077380952381,curvature/verdict_code_random,1.0,True,
d16-s7,401,0.07459077380952381,curvature/e_curv_random,,False,noise_floor_inconclusive
d16-s7,401,0.07459077380952381,curvature/vhv_gradient,1.7110140505690687,True,
d16-s7,401,0.07459077380952381,curvature/e_fd_gradient,0.0013437564988729323,True,
d16-s7,401,0.07459077380952381,curvature/fd_cos_gradient,0.9999991021841468,True,
d16-s7,401,0.07459077380952381,curvature/fd_eps_gradient,0.001,True,
d16-s7,401,0.07459077380952381,curvature/fd_snr_gradient,20102.4967049113,True,
d16-s7,401,0.07459077380952381,curvature/fd_floor_gradient,0.00022584850509746985,True,
d16-s7,401,0.07459077380952381,curvature/fd_conclusive_gradient,1.0,True,
d16-s7,401,0.07459077380952381,curvature/e_sym_gradient,1.3831510276324688e-06,True,
d16-s7,401,0.07459077380952381,curvature/e_lin_gradient,6.191563061711133e-07,True,
d16-s7,401,0.07459077380952381,curvature/curv_eps_gradient,0.013160740129524924,True,
d16-s7,401,0.07459077380952381,curvature/curv_snr_gradient,303.58691892582067,True,
d16-s7,401,0.07459077380952381,curvature/curv_floor_gradient,0.005649557794310981,True,
d16-s7,401,0.07459077380952381,curvature/c_fd_gradient,1.7151318440682262,True,
d16-s7,401,0.07459077380952381,curvature/verdict_code_gradient,0.0,True,
d16-s7,401,0.07459077380952381,curvature/e_curv_gradient,0.00240086120107838,True,
d16-s7,401,0.07459077380952381,curvature/vhv_update,2.0015882066823742e-07,True,
d16-s7,401,0.07459077380952381,curvature/e_fd_update,,False,noise_floor_inconclusive
d16-s7,401,0.07459077380952381,curvature/fd_cos_update,,False,noise_floor_inconclusive
d16-s7,401,0.07459077380952381,curvature/fd_eps_update,0.03,True,
d16-s7,401,0.07459077380952381,curvature/fd_snr_update,130.3558983594128,True,
d16-s7,401,0.07459077380952381,curvature/fd_floor_update,7.52827877719263e-06,True,
d16-s7,401,0.07459077380952381,curvature/fd_conclusive_update,0.0,True,
d16-s7,401,0.07459077380952381,curvature/e_sym_update,4.725265023726564e-05,True,
d16-s7,401,0.07459077380952381,curvature/e_lin_update,9.076345432559144e-07,True,
d16-s7,401,0.07459077380952381,curvature/curv_eps_update,0.1,True,
d16-s7,401,0.07459077380952381,curvature/curv_snr_update,0.48731608970543855,True,
d16-s7,401,0.07459077380952381,curvature/curv_floor_update,9.784966437109686e-05,True,
d16-s7,401,0.07459077380952381,curvature/c_fd_update,-4.768371582031249e-05,True,
d16-s7,401,0.07459077380952381,curvature/verdict_code_update,1.0,True,
d16-s7,401,0.07459077380952381,curvature/e_curv_update,,False,noise_floor_inconclusive
d16-s7,539,0.10026041666666667,update/p1,-0.039228915460671386,True,
d16-s7,539,0.10026041666666667,update/p2,0.008751038503661851,True,
d16-s7,539,0.10026041666666667,update/actual,0.0032252073287963867,True,
d16-s7,539,0.10026041666666667,update/residual_p1,0.04245412278946777,True,
d16-s7,539,0.10026041666666667,update/residual_p2,-0.005525831174865464,True,
d16-s7,539,0.10026041666666667,update/normalized_residual,-0.631448618647169,True,
d16-s7,539,0.10026041666666667,update/loss_before,1.959126353263855,True,
d16-s7,539,0.10026041666666667,update/loss_after,1.9623515605926514,True,
d16-s7,539,0.10026041666666667,update/direction_norm,790.2918167690389,True,
d16-s7,539,0.10026041666666667,curvature/dhd,0.09595990792866647,True,
d16-s7,539,0.10026041666666667,curvature/gHg,4.819310643274963,True,
d16-s7,539,0.10026041666666667,curvature/gg,3.2173261116723633,True,
d16-s7,539,0.10026041666666667,curvature/eta_star,0.6675905227570118,True,
d16-s7,539,0.10026041666666667,curvature/Hg_norm,6.94580968597422,True,
d16-s7,539,0.10026041666666667,curvature/eta_star_rho,0.3868249691577558,True,
d16-s7,539,0.10026041666666667,curvature/eta_star_rho_threshold,9.5367431640625e-07,True,
d16-s7,539,0.10026041666666667,curvature/shadow_verdict_code,1.0,True,
d16-s7,539,0.10026041666666667,curvature/arith_eps,1.1920928955078125e-07,True,
d16-s7,539,0.10026041666666667,curvature/vhv_random,1.9990584892992874e-06,True,
d16-s7,539,0.10026041666666667,curvature/e_fd_random,,False,noise_floor_inconclusive
d16-s7,539,0.10026041666666667,curvature/fd_cos_random,,False,noise_floor_inconclusive
d16-s7,539,0.10026041666666667,curvature/fd_eps_random,0.03,True,
d16-s7,539,0.10026041666666667,curvature/fd_snr_random,425.2876394313442,True,
d16-s7,539,0.10026041666666667,curvature/fd_floor_random,7.127487047497876e-06,True,
d16-s7,539,0.10026041666666667,curvature/fd_conclusive_random,0.0,True,
d16-s7,539,0.10026041666666667,curvature/e_sym_random,4.970878476040831e-07,True,
d16-s7,539,0.10026041666666667,curvature/e_lin_random,9.9743581261351e-07,True,
d16-s7,539,0.10026041666666667,curvature/curv_eps_random,0.03,True,
d16-s7,539,0.10026041666666667,curvature/curv_snr_random,0.7656473308077484,True,
d16-s7,539,0.10026041666666667,curvature/curv_floor_random,0.0010379825867959072,True,
d16-s7,539,0.10026041666666667,curvature/c_fd_random,0.0007947285970052084,True,
d16-s7,539,0.10026041666666667,curvature/verdict_code_random,1.0,True,
d16-s7,539,0.10026041666666667,curvature/e_curv_random,,False,noise_floor_inconclusive
d16-s7,539,0.10026041666666667,curvature/vhv_gradient,1.4979241516621642,True,
d16-s7,539,0.10026041666666667,curvature/e_fd_gradient,0.0018919928602696226,True,
d16-s7,539,0.10026041666666667,curvature/fd_cos_gradient,0.9999982170674029,True,
d16-s7,539,0.10026041666666667,curvature/fd_eps_gradient,0.001,True,
d16-s7,539,0.10026041666666667,curvature/fd_snr_gradient,18112.119147312555,True,
d16-s7,539,0.10026041666666667,curvature/fd_floor_gradient,0.0002138246774236492,True,
d16-s7,539,0.10026041666666667,curvature/fd_conclusive_gradient,1.0,True,
d16-s7,539,0.10026041666666667,curvature/e_sym_gradient,3.2117412101662803e-07,True,
d16-s7,539,0.10026041666666667,curvature/e_lin_gradient,5.777805982978252e-07,True,
d16-s7,539,0.10026041666666667,curvature/curv_eps_gradient,0.013160740129524924,True,
d16-s7,539,0.10026041666666667,curvature/curv_snr_gradient,278.68639502219946,True,
d16-s7,539,0.10026041666666667,curvature/curv_floor_gradient,0.00539369443018337,True,
d16-s7,539,0.10026041666666667,curvature/c_fd_gradient,1.5031492565991196,True,
d16-s7,539,0.10026041666666667,curvature/verdict_code_gradient,0.0,True,
d16-s7,539,0.10026041666666667,curvature/e_curv_gradient,0.0034761051931577313,True,
d16-s7,539,0.10026041666666667,curvature/vhv_update,1.5364373487003403e-07,True,
d16-s7,539,0.10026041666666667,curvature/e_fd_update,,False,noise_floor_inconclusive
d16-s7,539,0.10026041666666667,curvature/fd_cos_update,,False,noise_floor_inconclusive
d16-s7,539,0.10026041666666667,curvature/fd_eps_update,0.03,True,
d16-s7,539,0.10026041666666667,curvature/fd_snr_update,131.90027780369525,True,
d16-s7,539,0.10026041666666667,curvature/fd_floor_update,7.127486606125312e-06,True,
d16-s7,539,0.10026041666666667,curvature/fd_conclusive_update,0.0,True,
d16-s7,539,0.10026041666666667,curvature/e_sym_update,7.3730234677532495e-06,True,
d16-s7,539,0.10026041666666667,curvature/e_lin_update,9.941336956347088e-07,True,
d16-s7,539,0.10026041666666667,curvature/curv_eps_update,0.1,True,
d16-s7,539,0.10026041666666667,curvature/curv_snr_update,0.6380394520456756,True,
d16-s7,539,0.10026041666666667,curvature/curv_floor_update,9.341843139054616e-05,True,
d16-s7,539,0.10026041666666667,curvature/c_fd_update,5.960464477539061e-05,True,
d16-s7,539,0.10026041666666667,curvature/verdict_code_update,1.0,True,
d16-s7,539,0.10026041666666667,curvature/e_curv_update,,False,noise_floor_inconclusive
d16-s7,807,0.15011160714285715,update/p1,-0.021746247040398466,True,
d16-s7,807,0.15011160714285715,update/p2,0.007592917474633112,True,
d16-s7,807,0.15011160714285715,update/actual,0.007336974143981934,True,
d16-s7,807,0.15011160714285715,update/residual_p1,0.0290832211843804,True,
d16-s7,807,0.15011160714285715,update/residual_p2,-0.0002559433306511781,True,
d16-s7,807,0.15011160714285715,update/normalized_residual,-0.033708167052552515,True,
d16-s7,807,0.15011160714285715,update/loss_before,1.6952213048934937,True,
d16-s7,807,0.15011160714285715,update/loss_after,1.7025582790374756,True,
d16-s7,807,0.15011160714285715,update/direction_norm,803.7676689991141,True,
d16-s7,807,0.15011160714285715,curvature/dhd,0.058678329030063155,True,
d16-s7,807,0.15011160714285715,curvature/gHg,4.285421626221018,True,
d16-s7,807,0.15011160714285715,curvature/gg,3.1354131808655024,True,
d16-s7,807,0.15011160714285715,curvature/eta_star,0.7316463709617252,True,
d16-s7,807,0.15011160714285715,curvature/Hg_norm,5.44666087886378,True,
d16-s7,807,0.15011160714285715,curvature/eta_star_rho,0.4443404301200876,True,
d16-s7,807,0.15011160714285715,curvature/eta_star_rho_threshold,9.5367431640625e-07,True,
d16-s7,807,0.15011160714285715,curvature/shadow_verdict_code,1.0,True,
d16-s7,807,0.15011160714285715,curvature/arith_eps,1.1920928955078125e-07,True,
d16-s7,807,0.15011160714285715,curvature/vhv_random,1.3903382576984465e-06,True,
d16-s7,807,0.15011160714285715,curvature/e_fd_random,,False,noise_floor_inconclusive
d16-s7,807,0.15011160714285715,curvature/fd_cos_random,,False,noise_floor_inconclusive
d16-s7,807,0.15011160714285715,curvature/fd_eps_random,0.03,True,
d16-s7,807,0.15011160714285715,curvature/fd_snr_random,379.506012220017,True,
d16-s7,807,0.15011160714285715,curvature/fd_floor_random,7.036169146750771e-06,True,
d16-s7,807,0.15011160714285715,curvature/fd_conclusive_random,0.0,True,
d16-s7,807,0.15011160714285715,curvature/e_sym_random,1.8695553617346154e-06,True,
d16-s7,807,0.15011160714285715,curvature/e_lin_random,9.827229668961823e-07,True,
d16-s7,807,0.15011160714285715,curvature/curv_eps_random,0.1,True,
d16-s7,807,0.15011160714285715,curvature/curv_snr_random,0.44242008891675777,True,
d16-s7,807,0.15011160714285715,curvature/curv_floor_random,8.083445521833708e-05,True,
d16-s7,807,0.15011160714285715,curvature/c_fd_random,3.576278686523437e-05,True,
d16-s7,807,0.15011160714285715,curvature/verdict_code_random,1.0,True,
d16-s7,807,0.15011160714285715,curvature/e_curv_random,,False,noise_floor_inconclusive
d16-s7,807,0.15011160714285715,curvature/vhv_gradient,1.366780638584157,True,
d16-s7,807,0.15011160714285715,curvature/e_fd_gradient,0.0011628296754853476,True,
d16-s7,807,0.15011160714285715,curvature/fd_cos_gradient,0.9999993275631448,True,
d16-s7,807,0.15011160714285715,curvature/fd_eps_gradient,0.001,True,
d16-s7,807,0.15011160714285715,curvature/fd_snr_gradient,14572.206912834263,True,
d16-s7,807,0.15011160714285715,curvature/fd_floor_gradient,0.00021108513321952313,True,
d16-s7,807,0.15011160714285715,curvature/fd_conclusive_gradient,1.0,True,
d16-s7,807,0.15011160714285715,curvature/e_sym_gradient,7.038084569413635e-07,True,
d16-s7,807,0.15011160714285715,curvature/e_lin_gradient,6.679925025997611e-07,True,
d16-s7,807,0.15011160714285715,curvature/curv_eps_gradient,0.013160740129524924,True,
d16-s7,807,0.15011160714285715,curvature/curv_snr_gradient,293.16681503833337,True,
d16-s7,807,0.15011160714285715,curvature/curv_floor_gradient,0.0046671423101301525,True,
d16-s7,807,0.15011160714285715,curvature/c_fd_gradient,1.3682512463915062,True,
d16-s7,807,0.15011160714285715,curvature/verdict_code_gradient,0.0,True,
d16-s7,807,0.15011160714285715,curvature/e_curv_gradient,0.0010748083082165205,True,
d16-s7,807,0.15011160714285715,curvature/vhv_update,9.082736226294662e-08,True,
d16-s7,807,0.15011160714285715,curvature/e_fd_update,,False,noise_floor_inconclusive
d16-s7,807,0.15011160714285715,curvature/fd_cos_update,,False,noise_floor_inconclusive
d16-s7,807,0.15011160714285715,curvature/fd_eps_update,0.03,True,
d16-s7,807,0.15011160714285715,curvature/fd_snr_update,76.45410191100538,True,
d16-s7,807,0.15011160714285715,curvature/fd_floor_update,7.036169031260119e-06,True,
d16-s7,807,0.15011160714285715,curvature/fd_conclusive_update,0.0,True,
d16-s7,807,0.15011160714285715,curvature/e_sym_update,9.591923178691426e-06,True,
d16-s7,807,0.15011160714285715,curvature/e_lin_update,9.459562171694078e-07,True,
d16-s7,807,0.15011160714285715,curvature/curv_eps_update,0.003,True,
d16-s7,807,0.15011160714285715,curvature/curv_snr_update,0.14747337334269514,True,
d16-s7,807,0.15011160714285715,curvature/curv_floor_update,0.08981605503777246,True,
d16-s7,807,0.15011160714285715,curvature/c_fd_update,-0.013245476616753472,True,
d16-s7,807,0.15011160714285715,curvature/verdict_code_update,1.0,True,
d16-s7,807,0.15011160714285715,curvature/e_curv_update,,False,noise_floor_inconclusive
d16-s7,1076,0.20014880952380953,update/p1,-0.07297045160226454,True,
d16-s7,1076,0.20014880952380953,update/p2,-0.039096496564702966,True,
d16-s7,1076,0.20014880952380953,update/actual,-0.041489362716674805,True,
d16-s7,1076,0.20014880952380953,update/residual_p1,0.03148108888558973,True,
d16-s7,1076,0.20014880952380953,update/residual_p2,-0.0023928661519718383,True,
d16-s7,1076,0.20014880952380953,update/normalized_residual,-0.057674208406438894,True,
d16-s7,1076,0.20014880952380953,update/loss_before,1.742328405380249,True,
d16-s7,1076,0.20014880952380953,update/loss_after,1.7008390426635742,True,
d16-s7,1076,0.20014880952380953,update/direction_norm,810.7545219584366,True,
d16-s7,1076,0.20014880952380953,curvature/dhd,0.06774791007512314,True,
d16-s7,1076,0.20014880952380953,curvature/gHg,14.725215858371552,True,
d16-s7,1076,0.20014880952380953,curvature/gg,4.1949873848054215,True,
d16-s7,1076,0.20014880952380953,curvature/eta_star,0.28488461053156616,True,
d16-s7,1076,0.20014880952380953,curvature/Hg_norm,13.885787763915312,True,
d16-s7,1076,0.20014880952380953,curvature/eta_star_rho,0.5177568069315859,True,
d16-s7,1076,0.20014880952380953,curvature/eta_star_rho_threshold,9.5367431640625e-07,True,
d16-s7,1076,0.20014880952380953,curvature/shadow_verdict_code,1.0,True,
d16-s7,1076,0.20014880952380953,curvature/arith_eps,1.1920928955078125e-07,True,
d16-s7,1076,0.20014880952380953,curvature/vhv_random,1.9815476626965905e-06,True,
d16-s7,1076,0.20014880952380953,curvature/e_fd_random,,False,noise_floor_inconclusive
d16-s7,1076,0.20014880952380953,curvature/fd_cos_random,,False,noise_floor_inconclusive
d16-s7,1076,0.20014880952380953,curvature/fd_eps_random,0.03,True,
d16-s7,1076,0.20014880952380953,curvature/fd_snr_random,371.955050806544,True,
d16-s7,1076,0.20014880952380953,curvature/fd_floor_random,8.138684310874395e-06,True,
d16-s7,1076,0.20014880952380953,curvature/fd_conclusive_random,0.0,True,
d16-s7,1076,0.20014880952380953,curvature/e_sym_random,6.967003875343419e-06,True,
d16-s7,1076,0.20014880952380953,curvature/e_lin_random,8.717234600320237e-07,True,
d16-s7,1076,0.20014880952380953,curvature/curv_eps_random,0.01,True,
d16-s7,1076,0.20014880952380953,curvature/curv_snr_random,0.7174307032098763,True,
d16-s7,1076,0.20014880952380953,curvature/curv_floor_random,0.008308069965323739,True,
d16-s7,1076,0.20014880952380953,curvature/c_fd_random,0.0059604644775390625,True,
d16-s7,1076,0.20014880952380953,curvature/verdict_code_random,1.0,True,
d16-s7,1076,0.20014880952380953,curvature/e_curv_random,,False,noise_floor_inconclusive
d16-s7,1076,0.20014880952380953,curvature/vhv_gradient,3.5101932897664194,True,
d16-s7,1076,0.20014880952380953,curvature/e_fd_gradient,0.001080517075288443,True,
d16-s7,1076,0.20014880952380953,curvature/fd_cos_gradient,0.9999994163442801,True,
d16-s7,1076,0.20014880952380953,curvature/fd_eps_gradient,0.001,True,
d16-s7,1076,0.20014880952380953,curvature/fd_snr_gradient,27766.962164844714,True,
d16-s7,1076,0.20014880952380953,curvature/fd_floor_gradient,0.0002441613060340346,True,
d16-s7,1076,0.20014880952380953,curvature/fd_conclusive_gradient,1.0,True,
d16-s7,1076,0.20014880952380953,curvature/e_sym_gradient,5.328376068178766e-07,True,
d16-s7,1076,0.20014880952380953,curvature/e_lin_gradient,5.002893108446771e-07,True,
d16-s7,1076,0.20014880952380953,curvature/curv_eps_gradient,0.008602806544914778,True,
d16-s7,1076,0.20014880952380953,curvature/curv_snr_gradient,312.9316253559542,True,
d16-s7,1076,0.20014880952380953,curvature/curv_floor_gradient,0.01122628325248293,True,
d16-s7,1076,0.20014880952380953,curvature/c_fd_gradient,3.513059064905812,True,
d16-s7,1076,0.20014880952380953,curvature/verdict_code_gradient,0.0,True,
d16-s7,1076,0.20014880952380953,curvature/e_curv_gradient,0.0008157492050220914,True,
d16-s7,1076,0.20014880952380953,curvature/vhv_update,1.0306639950104232e-07,True,
d16-s7,1076,0.20014880952380953,curvature/e_fd_update,,False,noise_floor_inconclusive
d16-s7,1076,0.20014880952380953,curvature/fd_cos_update,,False,noise_floor_inconclusive
d16-s7,1076,0.20014880952380953,curvature/fd_eps_update,0.03,True,
d16-s7,1076,0.20014880952380953,curvature/fd_snr_update,89.08105541332063,True,
d16-s7,1076,0.20014880952380953,curvature/fd_floor_update,8.138685117208844e-06,True,
d16-s7,1076,0.20014880952380953,curvature/fd_conclusive_update,0.0,True,
d16-s7,1076,0.20014880952380953,curvature/e_sym_update,6.249757444219414e-07,True,
d16-s7,1076,0.20014880952380953,curvature/e_lin_update,9.842561029309513e-07,True,
d16-s7,1076,0.20014880952380953,curvature/curv_eps_update,0.1,True,
d16-s7,1076,0.20014880952380953,curvature/curv_snr_update,0.43045843665180633,True,
d16-s7,1076,0.20014880952380953,curvature/curv_floor_update,8.308069681106643e-05,True,
d16-s7,1076,0.20014880952380953,curvature/c_fd_update,3.576278686523437e-05,True,
d16-s7,1076,0.20014880952380953,curvature/verdict_code_update,1.0,True,
d16-s7,1076,0.20014880952380953,curvature/e_curv_update,,False,noise_floor_inconclusive
d16-s7,1345,0.2501860119047619,update/p1,-0.042718350651746714,True,
d16-s7,1345,0.2501860119047619,update/p2,-0.015800810204866372,True,
d16-s7,1345,0.2501860119047619,update/actual,-0.015619516372680664,True,
d16-s7,1345,0.2501860119047619,update/residual_p1,0.02709883427906605,True,
d16-s7,1345,0.2501860119047619,update/residual_p2,0.00018129383218570827,True,
d16-s7,1345,0.2501860119047619,update/normalized_residual,0.011473704818622083,True,
d16-s7,1345,0.2501860119047619,update/loss_before,1.7036958932876587,True,
d16-s7,1345,0.2501860119047619,update/loss_after,1.688076376914978,True,
d16-s7,1345,0.2501860119047619,update/direction_norm,828.5463387493577,True,
d16-s7,1345,0.2501860119047619,curvature/dhd,0.053835080893760684,True,
d16-s7,1345,0.2501860119047619,curvature/gHg,16.34698707984493,True,
d16-s7,1345,0.2501860119047619,curvature/gg,4.813898867704234,True,
d16-s7,1345,0.2501860119047619,curvature/eta_star,0.29448233146519986,True,
d16-s7,1345,0.2501860119047619,curvature/Hg_norm,15.774063628588493,True,
d16-s7,1345,0.2501860119047619,curvature/eta_star_rho,0.47233012976028826,True,
d16-s7,1345,0.2501860119047619,curvature/eta_star_rho_threshold,9.5367431640625e-07,True,
d16-s7,1345,0.2501860119047619,curvature/shadow_verdict_code,1.0,True,
d16-s7,1345,0.2501860119047619,curvature/arith_eps,1.1920928955078125e-07,True,
d16-s7,1345,0.2501860119047619,curvature/vhv_random,2.242456721153185e-06,True,
d16-s7,1345,0.2501860119047619,curvature/e_fd_random,,False,noise_floor_inconclusive
d16-s7,1345,0.2501860119047619,curvature/fd_cos_random,,False,noise_floor_inconclusive
d16-s7,1345,0.2501860119047619,curvature/fd_eps_random,0.03,True,
d16-s7,1345,0.2501860119047619,curvature/fd_snr_random,404.9100337003726,True,
d16-s7,1345,0.2501860119047619,curvature/fd_floor_random,8.718409975661101e-06,True,
d16-s7,1345,0.2501860119047619,curvature/fd_conclusive_random,0.0,True,
d16-s7,1345,0.2501860119047619,curvature/e_sym_random,2.3122501212413943e-07,True,
d16-s7,1345,0.2501860119047619,curvature/e_lin_random,8.681983494981442e-07,True,
d16-s7,1345,0.2501860119047619,curvature/curv_eps_random,0.01,True,
d16-s7,1345,0.2501860119047619,curvature/curv_snr_random,0.293479616557558,True,
d16-s7,1345,0.2501860119047619,curvature/curv_floor_random,0.008123854797759122,True,
d16-s7,1345,0.2501860119047619,curvature/c_fd_random,-0.002384185791015625,True,
d16-s7,1345,0.2501860119047619,curvature/verdict_code_random,1.0,True,
d16-s7,1345,0.2501860119047619,curvature/e_curv_random,,False,noise_floor_inconclusive
d16-s7,1345,0.2501860119047619,curvature/vhv_gradient,3.3957895201714727,True,
d16-s7,1345,0.2501860119047619,curvature/e_fd_gradient,0.0005192418592173965,True,
d16-s7,1345,0.2501860119047619,curvature/fd_cos_gradient,0.9999998655042566,True,
d16-s7,1345,0.2501860119047619,curvature/fd_eps_gradient,0.001,True,
d16-s7,1345,0.2501860119047619,curvature/fd_snr_gradient,27488.199999485056,True,
d16-s7,1345,0.2501860119047619,curvature/fd_floor_gradient,0.0002615529737481343,True,
d16-s7,1345,0.2501860119047619,curvature/fd_conclusive_gradient,1.0,True,
d16-s7,1345,0.2501860119047619,curvature/e_sym_gradient,2.3189483399866753e-06,True,
d16-s7,1345,0.2501860119047619,curvature/e_lin_gradient,5.00391337996459e-07,True,
d16-s7,1345,0.2501860119047619,curvature/curv_eps_gradient,0.008602806544914778,True,
d16-s7,1345,0.2501860119047619,curvature/curv_snr_gradient,309.60955704085274,True,
d16-s7,1345,0.2501860119047619,curvature/curv_floor_gradient,0.010977359400457997,True,
d16-s7,1345,0.2501860119047619,curvature/c_fd_gradient,3.3986953814540413,True,
d16-s7,1345,0.2501860119047619,curvature/verdict_code_gradient,0.0,True,
d16-s7,1345,0.2501860119047619,curvature/e_curv_gradient,0.0008549931536745545,True,
d16-s7,1345,0.2501860119047619,curvature/vhv_update,7.842090107558233e-08,True,
d16-s7,1345,0.2501860119047619,curvature/e_fd_update,,False,noise_floor_inconclusive
d16-s7,1345,0.2501860119047619,curvature/fd_cos_update,,False,noise_floor_inconclusive
d16-s7,1345,0.2501860119047619,curvature/fd_eps_update,0.03,True,
d16-s7,1345,0.2501860119047619,curvature/fd_snr_update,75.5069951193502,True,
d16-s7,1345,0.2501860119047619,curvature/fd_floor_update,8.71841054523409e-06,True,
d16-s7,1345,0.2501860119047619,curvature/fd_conclusive_update,0.0,True,
d16-s7,1345,0.2501860119047619,curvature/e_sym_update,2.3871061259079067e-06,True,
d16-s7,1345,0.2501860119047619,curvature/e_lin_update,9.029917738087305e-07,True,
d16-s7,1345,0.2501860119047619,curvature/curv_eps_update,0.03,True,
d16-s7,1345,0.2501860119047619,curvature/curv_snr_update,0.293479616557558,True,
d16-s7,1345,0.2501860119047619,curvature/curv_floor_update,0.0009026505330843469,True,
d16-s7,1345,0.2501860119047619,curvature/c_fd_update,-0.00026490953233506944,True,
d16-s7,1345,0.2501860119047619,curvature/verdict_code_update,1.0,True,
d16-s7,1345,0.2501860119047619,curvature/e_curv_update,,False,noise_floor_inconclusive
d16-s7,1614,0.3002232142857143,update/p1,0.015351191491850583,True,
d16-s7,1614,0.3002232142857143,update/p2,0.04641257065971443,True,
d16-s7,1614,0.3002232142857143,update/actual,0.04655861854553223,True,
d16-s7,1614,0.3002232142857143,update/residual_p1,0.031207427053681645,True,
d16-s7,1614,0.3002232142857143,update/residual_p2,0.00014604788581779743,True,
d16-s7,1614,0.3002232142857143,update/normalized_residual,0.0031368603790288404,True,
d16-s7,1614,0.3002232142857143,update/loss_before,1.6132431030273438,True,
d16-s7,1614,0.3002232142857143,update/loss_after,1.659801721572876,True,
d16-s7,1614,0.3002232142857143,update/direction_norm,839.9904587532369,True,
d16-s7,1614,0.3002232142857143,curvature/dhd,0.062122758335727696,True,
d16-s7,1614,0.3002232142857143,curvature/gHg,29.092547807017926,True,
d16-s7,1614,0.3002232142857143,curvature/gg,5.7930224479396255,True,
d16-s7,1614,0.3002232142857143,curvature/eta_star,0.19912392982446825,True,
d16-s7,1614,0.3002232142857143,curvature/Hg_norm,23.654288330721293,True,
d16-s7,1614,0.3002232142857143,curvature/eta_star_rho,0.5109980756939589,True,
d16-s7,1614,0.3002232142857143,curvature/eta_star_rho_threshold,9.5367431640625e-07,True,
d16-s7,1614,0.3002232142857143,curvature/shadow_verdict_code,1.0,True,
d16-s7,1614,0.3002232142857143,curvature/arith_eps,1.1920928955078125e-07,True,
d16-s7,1614,0.3002232142857143,curvature/vhv_random,2.892147098251723e-06,True,
d16-s7,1614,0.3002232142857143,curvature/e_fd_random,,False,noise_floor_inconclusive
d16-s7,1614,0.3002232142857143,curvature/fd_cos_random,,False,noise_floor_inconclusive
d16-s7,1614,0.3002232142857143,curvature/fd_eps_random,0.03,True,
d16-s7,1614,0.3002232142857143,curvature/fd_snr_random,429.1991542599343,True,
d16-s7,1614,0.3002232142857143,curvature/fd_floor_random,9.564042032991606e-06,True,
d16-s7,1614,0.3002232142857143,curvature/fd_conclusive_random,0.0,True,
d16-s7,1614,0.3002232142857143,curvature/e_sym_random,4.569601333289001e-07,True,
d16-s7,1614,0.3002232142857143,curvature/e_lin_random,9.199656511028527e-07,True,
d16-s7,1614,0.3002232142857143,curvature/curv_eps_random,0.1,True,
d16-s7,1614,0.3002232142857143,curvature/curv_snr_random,0.46490200827581607,True,
d16-s7,1614,0.3002232142857143,curvature/curv_floor_random,7.692542993709138e-05,True,
d16-s7,1614,0.3002232142857143,curvature/c_fd_random,3.576278686523437e-05,True,
d16-s7,1614,0.3002232142857143,curvature/verdict_code_random,1.0,True,
d16-s7,1614,0.3002232142857143,curvature/e_curv_random,,False,noise_floor_inconclusive
d16-s7,1614,0.3002232142857143,curvature/vhv_gradient,5.021998535645144,True,
d16-s7,1614,0.3002232142857143,curvature/e_fd_gradient,0.0003944752499296178,True,
d16-s7,1614,0.3002232142857143,curvature/fd_cos_gradient,0.9999999222258097,True,
d16-s7,1614,0.3002232142857143,curvature/fd_eps_gradient,0.001,True,
d16-s7,1614,0.3002232142857143,curvature/fd_snr_gradient,34252.516202907995,True,
d16-s7,1614,0.3002232142857143,curvature/fd_floor_gradient,0.0002869226421999513,True,
d16-s7,1614,0.3002232142857143,curvature/fd_conclusive_gradient,1.0,True,
d16-s7,1614,0.3002232142857143,curvature/e_sym_gradient,8.174297097966423e-07,True,
d16-s7,1614,0.3002232142857143,curvature/e_lin_gradient,5.233668365503918e-07,True,
d16-s7,1614,0.3002232142857143,curvature/curv_eps_gradient,0.006366789194265115,True,
d16-s7,1614,0.3002232142857143,curvature/curv_snr_gradient,264.83083100720233,True,
d16-s7,1614,0.3002232142857143,curvature/curv_floor_gradient,0.01897766072016965,True,
d16-s7,1614,0.3002232142857143,curvature/c_fd_gradient,5.02586965909527,True,
d16-s7,1614,0.3002232142857143,curvature/verdict_code_gradient,0.0,True,
d16-s7,1614,0.3002232142857143,curvature/e_curv_gradient,0.000770239523247548,True,
d16-s7,1614,0.3002232142857143,curvature/vhv_update,8.804445902616327e-08,True,
d16-s7,1614,0.3002232142857143,curvature/e_fd_update,,False,noise_floor_inconclusive
d16-s7,1614,0.3002232142857143,curvature/fd_cos_update,,False,noise_floor_inconclusive
d16-s7,1614,0.3002232142857143,curvature/fd_eps_update,0.03,True,
d16-s7,1614,0.3002232142857143,curvature/fd_snr_update,81.7218927349325,True,
d16-s7,1614,0.3002232142857143,curvature/fd_floor_update,9.56404077758083e-06,True,
d16-s7,1614,0.3002232142857143,curvature/fd_conclusive_update,0.0,True,
d16-s7,1614,0.3002232142857143,curvature/e_sym_update,7.168450784640052e-07,True,
d16-s7,1614,0.3002232142857143,curvature/e_lin_update,9.365569456101818e-07,True,
d16-s7,1614,0.3002232142857143,curvature/curv_eps_update,0.003,True,
d16-s7,1614,0.3002232142857143,curvature/curv_snr_update,0.7748366518317323,True,
d16-s7,1614,0.3002232142857143,curvature/curv_floor_update,0.08547270308806926,True,
d16-s7,1614,0.3002232142857143,curvature/c_fd_update,0.06622738308376735,True,
d16-s7,1614,0.3002232142857143,curvature/verdict_code_update,1.0,True,
d16-s7,1614,0.3002232142857143,curvature/e_curv_update,,False,noise_floor_inconclusive
d16-s7,1882,0.35007440476190477,update/p1,-0.07971756210052926,True,
d16-s7,1882,0.35007440476190477,update/p2,-0.039747054048214554,True,
d16-s7,1882,0.35007440476190477,update/actual,-0.043115854263305664,True,
d16-s7,1882,0.35007440476190477,update/residual_p1,0.03660170783722359,True,
d16-s7,1882,0.35007440476190477,update/residual_p2,-0.0033688002150911098,True,
d16-s7,1882,0.35007440476190477,update/normalized_residual,-0.07813367664057101,True,
d16-s7,1882,0.35007440476190477,update/loss_before,1.6241756677627563,True,
d16-s7,1882,0.35007440476190477,update/loss_after,1.5810598134994507,True,
d16-s7,1882,0.35007440476190477,update/direction_norm,831.0761716222895,True,
d16-s7,1882,0.35007440476190477,curvature/dhd,0.0799410161046294,True,
d16-s7,1882,0.35007440476190477,curvature/gHg,77.16399293659559,True,
d16-s7,1882,0.35007440476190477,curvature/gg,8.09193966400962,True,
d16-s7,1882,0.35007440476190477,curvature/eta_star,0.10486678249865371,True,
d16-s7,1882,0.35007440476190477,curvature/Hg_norm,49.290351167616635,True,
d16-s7,1882,0.35007440476190477,curvature/eta_star_rho,0.5503341491991778,True,
d16-s7,1882,0.35007440476190477,curvature/eta_star_rho_threshold,9.5367431640625e-07,True,
d16-s7,1882,0.35007440476190477,curvature/shadow_verdict_code,1.0,True,
d16-s7,1882,0.35007440476190477,curvature/arith_eps,1.1920928955078125e-07,True,
d16-s7,1882,0.35007440476190477,curvature/vhv_random,3.2507805429893296e-06,True,
d16-s7,1882,0.35007440476190477,curvature/e_fd_random,,False,noise_floor_inconclusive
d16-s7,1882,0.35007440476190477,curvature/fd_cos_random,,False,noise_floor_inconclusive
d16-s7,1882,0.35007440476190477,curvature/fd_eps_random,0.03,True,
d16-s7,1882,0.35007440476190477,curvature/fd_snr_random,412.88662189872963,True,
d16-s7,1882,0.35007440476190477,curvature/fd_floor_random,1.1303557177140575e-05,True,
d16-s7,1882,0.35007440476190477,curvature/fd_conclusive_random,0.0,True,
d16-s7,1882,0.35007440476190477,curvature/e_sym_random,2.6936480073519884e-07,True,
d16-s7,1882,0.35007440476190477,curvature/e_lin_random,8.394561924020145e-07,True,
d16-s7,1882,0.35007440476190477,curvature/curv_eps_random,0.01,True,
d16-s7,1882,0.35007440476190477,curvature/curv_snr_random,0.46177273565414134,True,
d16-s7,1882,0.35007440476190477,curvature/curv_floor_random,0.007744672672060915,True,
d16-s7,1882,0.35007440476190477,curvature/c_fd_random,-0.0035762786865234375,True,
d16-s7,1882,0.35007440476190477,curvature/verdict_code_random,1.0,True,
d16-s7,1882,0.35007440476190477,curvature/e_curv_random,,False,noise_floor_inconclusive
d16-s7,1882,0.35007440476190477,curvature/vhv_gradient,9.535907573617086,True,
d16-s7,1882,0.35007440476190477,curvature/e_fd_gradient,0.0003091901507813897,True,
d16-s7,1882,0.35007440476190477,curvature/fd_cos_gradient,0.9999999524862593,True,
d16-s7,1882,0.35007440476190477,curvature/fd_eps_gradient,0.001,True,
d16-s7,1882,0.35007440476190477,curvature/fd_snr_gradient,51096.95452449987,True,
d16-s7,1882,0.35007440476190477,curvature/fd_floor_gradient,0.0003391099695985594,True,
d16-s7,1882,0.35007440476190477,curvature/fd_conclusive_gradient,1.0,True,
d16-s7,1882,0.35007440476190477,curvature/e_sym_gradient,2.3305978469972155e-05,True,
d16-s7,1882,0.35007440476190477,curvature/e_lin_gradient,4.4058510030653266e-07,True,
d16-s7,1882,0.35007440476190477,curvature/curv_eps_gradient,0.004711951202502903,True,
d16-s7,1882,0.35007440476190477,curvature/curv_snr_gradient,272.7448792720683,True,
d16-s7,1882,0.35007440476190477,curvature/curv_floor_gradient,0.03488314581251629,True,
d16-s7,1882,0.35007440476190477,curvature/c_fd_gradient,9.514199393264711,True,
d16-s7,1882,0.35007440476190477,curvature/verdict_code_gradient,0.0,True,
d16-s7,1882,0.35007440476190477,curvature/e_curv_gradient,0.002276467151635879,True,
d16-s7,1882,0.35007440476190477,curvature/vhv_update,1.1574119552861476e-07,True,
d16-s7,1882,0.35007440476190477,curvature/e_fd_update,,False,noise_floor_inconclusive
d16-s7,1882,0.35007440476190477,curvature/fd_cos_update,,False,noise_floor_inconclusive
d16-s7,1882,0.35007440476190477,curvature/fd_eps_update,0.03,True,
d16-s7,1882,0.35007440476190477,curvature/fd_snr_update,112.8680310019687,True,
d16-s7,1882,0.35007440476190477,curvature/fd_floor_update,1.130355763645703e-05,True,
d16-s7,1882,0.35007440476190477,curvature/fd_conclusive_update,0.0,True,
d16-s7,1882,0.35007440476190477,curvature/e_sym_update,1.1737693587591468e-06,True,
d16-s7,1882,0.35007440476190477,curvature/e_lin_update,8.609069354208206e-07,True,
d16-s7,1882,0.35007440476190477,curvature/curv_eps_update,0.03,True,
d16-s7,1882,0.35007440476190477,curvature/curv_snr_update,0.30784848478732085,True,
d16-s7,1882,0.35007440476190477,curvature/curv_floor_update,0.0008605192015743847,True,
d16-s7,1882,0.35007440476190477,curvature/c_fd_update,-0.00026490953233506944,True,
d16-s7,1882,0.35007440476190477,curvature/verdict_code_update,1.0,True,
d16-s7,1882,0.35007440476190477,curvature/e_curv_update,,False,noise_floor_inconclusive
d16-s7,1883,0.3502604166666667,update/p1,-0.002286656473165775,True,
d16-s7,1883,0.3502604166666667,update/p2,0.03498345780117687,True,
d16-s7,1883,0.3502604166666667,update/actual,0.03521525859832764,True,
d16-s7,1883,0.3502604166666667,update/residual_p1,0.03750191507149341,True,
d16-s7,1883,0.3502604166666667,update/residual_p2,0.0002318007971507663,True,
d16-s7,1883,0.3502604166666667,update/normalized_residual,0.006582396562658621,True,
d16-s7,1883,0.3502604166666667,update/loss_before,1.5810598134994507,True,
d16-s7,1883,0.3502604166666667,update/loss_after,1.6162750720977783,True,
d16-s7,1883,0.3502604166666667,update/direction_norm,837.1667318414773,True,
d16-s7,1883,0.3502604166666667,curvature/dhd,0.07454022854868529,True,
d16-s7,1883,0.3502604166666667,curvature/gHg,28.37780722669284,True,
d16-s7,1883,0.3502604166666667,curvature/gg,6.473837166155846,True,
d16-s7,1883,0.3502604166666667,curvature/eta_star,0.2281302820348431,True,
d16-s7,1883,0.3502604166666667,curvature/Hg_norm,25.13408367385019,True,
d16-s7,1883,0.3502604166666667,curvature/eta_star_rho,0.4437464501441413,True,
d16-s7,1883,0.3502604166666667,curvature/eta_star_rho_threshold,9.5367431640625e-07,True,
d16-s7,1883,0.3502604166666667,curvature/shadow_verdict_code,1.0,True,
d16-s7,1883,0.3502604166666667,curvature/arith_eps,1.1920928955078125e-07,True,
d16-s7,1883,0.3502604166666667,curvature/vhv_random,2.918236160207475e-06,True,
d16-s7,1883,0.3502604166666667,curvature/e_fd_random,,False,noise_floor_inconclusive
d16-s7,1883,0.3502604166666667,curvature/fd_cos_random,,False,noise_floor_inconclusive
d16-s7,1883,0.3502604166666667,curvature/fd_eps_random,0.03,True,
d16-s7,1883,0.3502604166666667,curvature/fd_snr_random,419.369549982147,True,
d16-s7,1883,0.3502604166666667,curvature/fd_floor_random,1.0110432306648707e-05,True,
d16-s7,1883,0.3502604166666667,curvature/fd_conclusive_random,0.0,True,
d16-s7,1883,0.3502604166666667,curvature/e_sym_random,4.38538057165845e-07,True,
d16-s7,1883,0.3502604166666667,curvature/e_lin_random,9.956503353991859e-07,True,
d16-s7,1883,0.3502604166666667,curvature/curv_eps_random,0.03,True,
d16-s7,1883,0.3502604166666667,curvature/curv_snr_random,1.264974471248308,True,
d16-s7,1883,0.3502604166666667,curvature/curv_floor_random,0.0008376755052571146,True,
d16-s7,1883,0.3502604166666667,curvature/c_fd_random,-0.0010596381293402778,True,
d16-s7,1883,0.3502604166666667,curvature/verdict_code_random,1.0,True,
d16-s7,1883,0.3502604166666667,curvature/e_curv_random,,False,noise_floor_inconclusive
d16-s7,1883,0.3502604166666667,curvature/vhv_gradient,4.383460549955727,True,
d16-s7,1883,0.3502604166666667,curvature/e_fd_gradient,0.00038755483165193837,True,
d16-s7,1883,0.3502604166666667,curvature/fd_cos_gradient,0.9999999249817526,True,
d16-s7,1883,0.3502604166666667,curvature/fd_eps_gradient,0.001,True,
d16-s7,1883,0.3502604166666667,curvature/fd_snr_gradient,32567.88552407942,True,
d16-s7,1883,0.3502604166666667,curvature/fd_floor_gradient,0.0003033141051060691,True,
d16-s7,1883,0.3502604166666667,curvature/fd_conclusive_gradient,1.0,True,
d16-s7,1883,0.3502604166666667,curvature/e_sym_gradient,2.6072980117477112e-06,True,
d16-s7,1883,0.3502604166666667,curvature/e_lin_gradient,5.141057920771388e-07,True,
d16-s7,1883,0.3502604166666667,curvature/curv_eps_gradient,0.007400828044922853,True,
d16-s7,1883,0.3502604166666667,curvature/curv_snr_gradient,317.8127467906309,True,
d16-s7,1883,0.3502604166666667,curvature/curv_floor_gradient,0.013764936680175114,True,
d16-s7,1883,0.3502604166666667,curvature/c_fd_gradient,4.3746723357255615,True,
d16-s7,1883,0.3502604166666667,curvature/verdict_code_gradient,0.0,True,
d16-s7,1883,0.3502604166666667,curvature/e_curv_gradient,0.0020048576073654735,True,
d16-s7,1883,0.3502604166666667,curvature/vhv_update,1.0635717145051754e-07,True,
d16-s7,1883,0.3502604166666667,curvature/e_fd_update,,False,noise_floor_inconclusive
d16-s7,1883,0.3502604166666667,curvature/fd_cos_update,,False,noise_floor_inconclusive
d16-s7,1883,0.3502604166666667,curvature/fd_eps_update,0.03,True,
d16-s7,1883,0.3502604166666667,curvature/fd_snr_update,102.8261057799533,True,
d16-s7,1883,0.3502604166666667,curvature/fd_floor_update,1.0110432610487446e-05,True,
d16-s7,1883,0.3502604166666667,curvature/fd_conclusive_update,0.0,True,
d16-s7,1883,0.3502604166666667,curvature/e_sym_update,1.4703397577545817e-06,True,
d16-s7,1883,0.3502604166666667,curvature/e_lin_update,8.385125852385184e-07,True,
d16-s7,1883,0.3502604166666667,curvature/curv_eps_update,0.01,True,
d16-s7,1883,0.3502604166666667,curvature/curv_snr_update,0.632487187935661,True,
d16-s7,1883,0.3502604166666667,curvature/curv_floor_update,0.00753908011574822,True,
d16-s7,1883,0.3502604166666667,curvature/c_fd_update,-0.00476837158203125,True,
d16-s7,1883,0.3502604166666667,curvature/verdict_code_update,1.0,True,
d16-s7,1883,0.3502604166666667,curvature/e_curv_update,,False,noise_floor_inconclusive
d16-s7,2151,0.40011160714285715,update/p1,-0.05459614665462042,True,
d16-s7,2151,0.40011160714285715,update/p2,-0.02561064563756771,True,
d16-s7,2151,0.40011160714285715,update/actual,-0.027297019958496094,True,
d16-s7,2151,0.40011160714285715,update/residual_p1,0.027299126696124325,True,
d16-s7,2151,0.40011160714285715,update/residual_p2,-0.0016863743209283855,True,
d16-s7,2151,0.40011160714285715,update/normalized_residual,-0.06177869685014858,True,
d16-s7,2151,0.40011160714285715,update/loss_before,1.5494706630706787,True,
d16-s7,2151,0.40011160714285715,update/loss_after,1.5221736431121826,True,
d16-s7,2151,0.40011160714285715,update/direction_norm,777.0575552125274,True,
d16-s7,2151,0.40011160714285715,curvature/dhd,0.05797100203410542,True,
d16-s7,2151,0.40011160714285715,curvature/gHg,64.6397528859993,True,
d16-s7,2151,0.40011160714285715,curvature/gg,8.158354058656549,True,
d16-s7,2151,0.40011160714285715,curvature/eta_star,0.12621264306261937,True,
d16-s7,2151,0.40011160714285715,curvature/Hg_norm,43.27087184553984,True,
d16-s7,2151,0.40011160714285715,curvature/eta_star_rho,0.5230012986811841,True,
d16-s7,2151,0.40011160714285715,curvature/eta_star_rho_threshold,9.5367431640625e-07,True,
d16-s7,2151,0.40011160714285715,curvature/shadow_verdict_code,1.0,True,
d16-s7,2151,0.40011160714285715,curvature/arith_eps,1.1920928955078125e-07,True,
d16-s7,2151,0.40011160714285715,curvature/vhv_random,4.3909464078039216e-06,True,
d16-s7,2151,0.40011160714285715,curvature/e_fd_random,,False,insufficient_conclusive_points
d16-s7,2151,0.40011160714285715,curvature/fd_cos_random,,False,insufficient_conclusive_points
d16-s7,2151,0.40011160714285715,curvature/fd_eps_random,0.03,True,
d16-s7,2151,0.40011160714285715,curvature/fd_snr_random,534.540626810029,True,
d16-s7,2151,0.40011160714285715,curvature/fd_floor_random,1.134984872682017e-05,True,
d16-s7,2151,0.40011160714285715,curvature/fd_conclusive_random,0.0,True,
d16-s7,2151,0.40011160714285715,curvature/e_sym_random,1.8059618415104205e-05,True,
d16-s7,2151,0.40011160714285715,curvature/e_lin_random,7.429945046738613e-07,True,
d16-s7,2151,0.40011160714285715,curvature/curv_eps_random,0.03,True,
d16-s7,2151,0.40011160714285715,curvature/curv_snr_random,0.3226908341557416,True,
d16-s7,2151,0.40011160714285715,curvature/curv_floor_random,0.0008209391290216041,True,
d16-s7,2151,0.40011160714285715,curvature/c_fd_random,0.00026490953233506944,True,
d16-s7,2151,0.40011160714285715,curvature/verdict_code_random,1.0,True,
d16-s7,2151,0.40011160714285715,curvature/e_curv_random,,False,noise_floor_inconclusive
d16-s7,2151,0.40011160714285715,curvature/vhv_gradient,7.923137527252878,True,
d16-s7,2151,0.40011160714285715,curvature/e_fd_gradient,0.000286170632941194,True,
d16-s7,2151,0.40011160714285715,curvature/fd_cos_gradient,0.9999999597198905,True,
d16-s7,2151,0.40011160714285715,curvature/fd_eps_gradient,0.001,True,
d16-s7,2151,0.40011160714285715,curvature/fd_snr_gradient,44491.72633290362,True,
d16-s7,2151,0.40011160714285715,curvature/fd_floor_gradient,0.00034049846419319436,True,
d16-s7,2151,0.40011160714285715,curvature/fd_conclusive_gradient,1.0,True,
d16-s7,2151,0.40011160714285715,curvature/e_sym_gradient,1.6545184565654246e-06,True,
d16-s7,2151,0.40011160714285715,curvature/e_lin_gradient,4.6209781924722204e-07,True,
d16-s7,2151,0.40011160714285715,curvature/curv_eps_gradient,0.005477225575051661,True,
d16-s7,2151,0.40011160714285715,curvature/curv_snr_gradient,321.54910262899466,True,
d16-s7,2151,0.40011160714285715,curvature/curv_floor_gradient,0.024629116997706053,True,
d16-s7,2151,0.40011160714285715,curvature/c_fd_gradient,7.9194704691569004,True,
d16-s7,2151,0.40011160714285715,curvature/verdict_code_gradient,0.0,True,
d16-s7,2151,0.40011160714285715,curvature/e_curv_gradient,0.0004628290350084761,True,
d16-s7,2151,0.40011160714285715,curvature/vhv_update,9.600733752041994e-08,True,
d16-s7,2151,0.40011160714285715,curvature/e_fd_update,,False,noise_floor_inconclusive
d16-s7,2151,0.40011160714285715,curvature/fd_cos_update,,False,noise_floor_inconclusive
d16-s7,2151,0.40011160714285715,curvature/fd_eps_update,0.03,True,
d16-s7,2151,0.40011160714285715,curvature/fd_snr_update,90.8467359399451,True,
d16-s7,2151,0.40011160714285715,curvature/fd_floor_update,1.13498501742441e-05,True,
d16-s7,2151,0.40011160714285715,curvature/fd_conclusive_update,0.0,True,
d16-s7,2151,0.40011160714285715,curvature/e_sym_update,9.454443355111594e-07,True,
d16-s7,2151,0.40011160714285715,curvature/e_lin_update,8.548173509054039e-07,True,
d16-s7,2151,0.40011160714285715,curvature/curv_eps_update,0.003,True,
d16-s7,2151,0.40011160714285715,curvature/curv_snr_update,0.3226908341557417,True,
d16-s7,2151,0.40011160714285715,curvature/curv_floor_update,0.0820939129021604,True,
d16-s7,2151,0.40011160714285715,curvature/c_fd_update,0.026490953233506944,True,
d16-s7,2151,0.40011160714285715,curvature/verdict_code_update,1.0,True,
d16-s7,2151,0.40011160714285715,curvature/e_curv_update,,False,noise_floor_inconclusive
d16-s7,2420,0.45014880952380953,update/p1,0.01831498990077416,True,
d16-s7,2420,0.45014880952380953,update/p2,0.040501620031956405,True,
d16-s7,2420,0.45014880952380953,update/actual,0.040824055671691895,True,
d16-s7,2420,0.45014880952380953,update/residual_p1,0.022509065770917734,True,
d16-s7,2420,0.45014880952380953,update/residual_p2,0.00032243563973548967,True,
d16-s7,2420,0.45014880952380953,update/normalized_residual,0.007898177543371129,True,
d16-s7,2420,0.45014880952380953,update/loss_before,1.462967872619629,True,
d16-s7,2420,0.45014880952380953,update/loss_after,1.5037919282913208,True,
d16-s7,2420,0.45014880952380953,update/direction_norm,730.8786461525249,True,
d16-s7,2420,0.45014880952380953,curvature/dhd,0.04437326026236449,True,
d16-s7,2420,0.45014880952380953,curvature/gHg,109.65587536920803,True,
d16-s7,2420,0.45014880952380953,curvature/gg,10.591258264964038,True,
d16-s7,2420,0.45014880952380953,curvature/eta_star,0.09658632726521575,True,
d16-s7,2420,0.45014880952380953,curvature/Hg_norm,61.62205407772864,True,
d16-s7,2420,0.45014880952380953,curvature/eta_star_rho,0.5467917536880269,True,
d16-s7,2420,0.45014880952380953,curvature/eta_star_rho_threshold,9.5367431640625e-07,True,
d16-s7,2420,0.45014880952380953,curvature/shadow_verdict_code,1.0,True,
d16-s7,2420,0.45014880952380953,curvature/arith_eps,1.1920928955078125e-07,True,
d16-s7,2420,0.45014880952380953,curvature/vhv_random,5.642815798666478e-06,True,
d16-s7,2420,0.45014880952380953,curvature/e_fd_random,,False,insufficient_conclusive_points
d16-s7,2420,0.45014880952380953,curvature/fd_cos_random,,False,insufficient_conclusive_points
d16-s7,2420,0.45014880952380953,curvature/fd_eps_random,0.03,True,
d16-s7,2420,0.45014880952380953,curvature/fd_snr_random,565.8698709235655,True,
d16-s7,2420,0.45014880952380953,curvature/fd_floor_random,1.2931908794599991e-05,True,
d16-s7,2420,0.45014880952380953,curvature/fd_conclusive_random,0.0,True,
d16-s7,2420,0.45014880952380953,curvature/e_sym_random,7.920997994047263e-06,True,
d16-s7,2420,0.45014880952380953,curvature/e_lin_random,8.054758646456785e-07,True,
d16-s7,2420,0.45014880952380953,curvature/curv_eps_random,0.003,True,
d16-s7,2420,0.45014880952380953,curvature/curv_snr_random,0.5126564760591561,True,
d16-s7,2420,0.45014880952380953,curvature/curv_floor_random,0.07751083172833104,True,
d16-s7,2420,0.45014880952380953,curvature/c_fd_random,0.039736429850260414,True,
d16-s7,2420,0.45014880952380953,curvature/verdict_code_random,1.0,True,
d16-s7,2420,0.45014880952380953,curvature/e_curv_random,,False,noise_floor_inconclusive
d16-s7,2420,0.45014880952380953,curvature/vhv_gradient,10.353433684837931,True,
d16-s7,2420,0.45014880952380953,curvature/e_fd_gradient,0.00021933881905908577,True,
d16-s7,2420,0.45014880952380953,curvature/fd_cos_gradient,0.9999999760186633,True,
d16-s7,2420,0.45014880952380953,curvature/fd_eps_gradient,0.003,True,
d16-s7,2420,0.45014880952380953,curvature/fd_snr_gradient,146407.9653534747,True,
d16-s7,2420,0.45014880952380953,curvature/fd_floor_gradient,0.0001293311040746534,True,
d16-s7,2420,0.45014880952380953,curvature/fd_conclusive_gradient,1.0,True,
d16-s7,2420,0.45014880952380953,curvature/e_sym_gradient,3.281968221873525e-07,True,
d16-s7,2420,0.45014880952380953,curvature/e_lin_gradient,5.115184163840378e-07,True,
d16-s7,2420,0.45014880952380953,curvature/curv_eps_gradient,0.004711951202502903,True,
d16-s7,2420,0.45014880952380953,curvature/curv_snr_gradient,329.7960533935904,True,
d16-s7,2420,0.45014880952380953,curvature/curv_floor_gradient,0.031421027738943494,True,
d16-s7,2420,0.45014880952380953,curvature/c_fd_gradient,10.362530941874093,True,
d16-s7,2420,0.45014880952380953,curvature/verdict_code_gradient,0.0,True,
d16-s7,2420,0.45014880952380953,curvature/e_curv_gradient,0.0008778991432875332,True,
d16-s7,2420,0.45014880952380953,curvature/vhv_update,8.306742452356569e-08,True,
d16-s7,2420,0.45014880952380953,curvature/e_fd_update,,False,noise_floor_inconclusive
d16-s7,2420,0.45014880952380953,curvature/fd_cos_update,,False,noise_floor_inconclusive
d16-s7,2420,0.45014880952380953,curvature/fd_eps_update,0.03,True,
d16-s7,2420,0.45014880952380953,curvature/fd_snr_update,89.58606195251208,True,
d16-s7,2420,0.45014880952380953,curvature/fd_floor_update,1.293190944804087e-05,True,
d16-s7,2420,0.45014880952380953,curvature/fd_conclusive_update,0.0,True,
d16-s7,2420,0.45014880952380953,curvature/e_sym_update,4.151091693972051e-06,True,
d16-s7,2420,0.45014880952380953,curvature/e_lin_update,7.923276628715365e-07,True,
d16-s7,2420,0.45014880952380953,curvature/curv_eps_update,0.03,True,
d16-s7,2420,0.45014880952380953,curvature/curv_snr_update,0.34177099100170144,True,
d16-s7,2420,0.45014880952380953,curvature/curv_floor_update,0.0007751083014934718,True,
d16-s7,2420,0.45014880952380953,curvature/c_fd_update,0.00026490953233506944,True,
d16-s7,2420,0.45014880952380953,curvature/verdict_code_update,1.0,True,
d16-s7,2420,0.45014880952380953,curvature/e_curv_update,,False,noise_floor_inconclusive
d16-s7,2689,0.5001860119047619,update/p1,0.00897181819247219,True,
d16-s7,2689,0.5001860119047619,update/p2,0.030300269414852456,True,
d16-s7,2689,0.5001860119047619,update/actual,0.03102850914001465,True,
d16-s7,2689,0.5001860119047619,update/residual_p1,0.022056690947542458,True,
d16-s7,2689,0.5001860119047619,update/residual_p2,0.0007282397251621928,True,
d16-s7,2689,0.5001860119047619,update/normalized_residual,0.023470019841302918,True,
d16-s7,2689,0.5001860119047619,update/loss_before,1.4192523956298828,True,
d16-s7,2689,0.5001860119047619,update/loss_after,1.4502809047698975,True,
d16-s7,2689,0.5001860119047619,update/direction_norm,669.084144532624,True,
d16-s7,2689,0.5001860119047619,curvature/dhd,0.04265690244476053,True,
d16-s7,2689,0.5001860119047619,curvature/gHg,155.57084496760064,True,
d16-s7,2689,0.5001860119047619,curvature/gg,12.26668561100902,True,
d16-s7,2689,0.5001860119047619,curvature/eta_star,0.07884951459615518,True,
d16-s7,2689,0.5001860119047619,curvature/Hg_norm,85.48464620270492,True,
d16-s7,2689,0.5001860119047619,curvature/eta_star_rho,0.5196087724908198,True,
d16-s7,2689,0.5001860119047619,curvature/eta_star_rho_threshold,9.5367431640625e-07,True,
d16-s7,2689,0.5001860119047619,curvature/shadow_verdict_code,1.0,True,
d16-s7,2689,0.5001860119047619,curvature/arith_eps,1.1920928955078125e-07,True,
d16-s7,2689,0.5001860119047619,curvature/vhv_random,6.052524809127239e-06,True,
d16-s7,2689,0.5001860119047619,curvature/e_fd_random,,False,insufficient_conclusive_points
d16-s7,2689,0.5001860119047619,curvature/fd_cos_random,,False,insufficient_conclusive_points
d16-s7,2689,0.5001860119047619,curvature/fd_eps_random,0.03,True,
d16-s7,2689,0.5001860119047619,curvature/fd_snr_random,624.3370393033576,True,
d16-s7,2689,0.5001860119047619,curvature/fd_floor_random,1.3917219839050293e-05,True,
d16-s7,2689,0.5001860119047619,curvature/fd_conclusive_random,0.0,True,
d16-s7,2689,0.5001860119047619,curvature/e_sym_random,6.0296905891237995e-06,True,
d16-s7,2689,0.5001860119047619,curvature/e_lin_random,8.252567069141746e-07,True,
d16-s7,2689,0.5001860119047619,curvature/curv_eps_random,0.01,True,
d16-s7,2689,0.5001860119047619,curvature/curv_snr_random,0.7045963685343081,True,
d16-s7,2689,0.5001860119047619,curvature/curv_floor_random,0.006767522222617117,True,
d16-s7,2689,0.5001860119047619,curvature/c_fd_random,-0.00476837158203125,True,
d16-s7,2689,0.5001860119047619,curvature/verdict_code_random,1.0,True,
d16-s7,2689,0.5001860119047619,curvature/e_curv_random,,False,noise_floor_inconclusive
d16-s7,2689,0.5001860119047619,curvature/vhv_gradient,12.682386621698036,True,
d16-s7,2689,0.5001860119047619,curvature/e_fd_gradient,0.00019027958134754761,True,
d16-s7,2689,0.5001860119047619,curvature/fd_cos_gradient,0.9999999820056829,True,
d16-s7,2689,0.5001860119047619,curvature/fd_eps_gradient,0.001,True,
d16-s7,2689,0.5001860119047619,curvature/fd_snr_gradient,58458.269245043484,True,
d16-s7,2689,0.5001860119047619,curvature/fd_floor_gradient,0.00041752124750537965,True,
d16-s7,2689,0.5001860119047619,curvature/fd_conclusive_gradient,1.0,True,
d16-s7,2689,0.5001860119047619,curvature/e_sym_gradient,1.4553479987909489e-06,True,
d16-s7,2689,0.5001860119047619,curvature/e_lin_gradient,4.84567251182309e-07,True,
d16-s7,2689,0.5001860119047619,curvature/curv_eps_gradient,0.004053600464421103,True,
d16-s7,2689,0.5001860119047619,curvature/curv_snr_gradient,307.3688771698561,True,
d16-s7,2689,0.5001860119047619,curvature/curv_floor_gradient,0.041187341277871034,True,
d16-s7,2689,0.5001860119047619,curvature/c_fd_gradient,12.659706842190886,True,
d16-s7,2689,0.5001860119047619,curvature/verdict_code_gradient,0.0,True,
d16-s7,2689,0.5001860119047619,curvature/e_curv_gradient,0.0017882895533517427,True,
d16-s7,2689,0.5001860119047619,curvature/vhv_update,9.528573524735751e-08,True,
d16-s7,2689,0.5001860119047619,curvature/e_fd_update,,False,noise_floor_inconclusive
d16-s7,2689,0.5001860119047619,curvature/fd_cos_update,,False,noise_floor_inconclusive
d16-s7,2689,0.5001860119047619,curvature/fd_eps_update,0.03,True,
d16-s7,2689,0.5001860119047619,curvature/fd_snr_update,120.48074948621095,True,
d16-s7,2689,0.5001860119047619,curvature/fd_floor_update,1.3917220534847653e-05,True,
d16-s7,2689,0.5001860119047619,curvature/fd_conclusive_update,0.0,True,
d16-s7,2689,0.5001860119047619,curvature/e_sym_update,1.8691254457325625e-06,True,
d16-s7,2689,0.5001860119047619,curvature/e_lin_update,1.0151376613417678e-06,True,
d16-s7,2689,0.5001860119047619,curvature/curv_eps_update,0.03,True,
d16-s7,2689,0.5001860119047619,curvature/curv_snr_update,0.35229816947161163,True,
d16-s7,2689,0.5001860119047619,curvature/curv_floor_update,0.0007519469452038013,True,
d16-s7,2689,0.5001860119047619,curvature/c_fd_update,-0.00026490953233506944,True,
d16-s7,2689,0.5001860119047619,curvature/verdict_code_update,1.0,True,
d16-s7,2689,0.5001860119047619,curvature/e_curv_update,,False,noise_floor_inconclusive
d16-s7,2957,0.5500372023809523,update/p1,0.004989766144685015,True,
d16-s7,2957,0.5500372023809523,update/p2,0.020524898633658716,True,
d16-s7,2957,0.5500372023809523,update/actual,0.02003026008605957,True,
d16-s7,2957,0.5500372023809523,update/residual_p1,0.015040493941374555,True,
d16-s7,2957,0.5500372023809523,update/residual_p2,-0.0004946385475991452,True,
d16-s7,2957,0.5500372023809523,update/normalized_residual,-0.024099439243416728,True,
d16-s7,2957,0.5500372023809523,update/loss_before,1.4026689529418945,True,
d16-s7,2957,0.5500372023809523,update/loss_after,1.422699213027954,True,
d16-s7,2957,0.5500372023809523,update/direction_norm,608.7368917856459,True,
d16-s7,2957,0.5500372023809523,curvature/dhd,0.031070264977947404,True,
d16-s7,2957,0.5500372023809523,curvature/gHg,205.14130816160613,True,
d16-s7,2957,0.5500372023809523,curvature/gg,14.146607873187744,True,
d16-s7,2957,0.5500372023809523,curvature/eta_star,0.06896030838432275,True,
d16-s7,2957,0.5500372023809523,curvature/Hg_norm,102.61182123477181,True,
d16-s7,2957,0.5500372023809523,curvature/eta_star_rho,0.5315321852290152,True,
d16-s7,2957,0.5500372023809523,curvature/eta_star_rho_threshold,9.5367431640625e-07,True,
d16-s7,2957,0.5500372023809523,curvature/shadow_verdict_code,1.0,True,
d16-s7,2957,0.5500372023809523,curvature/arith_eps,1.1920928955078125e-07,True,
d16-s7,2957,0.5500372023809523,curvature/vhv_random,7.076814790334358e-06,True,
d16-s7,2957,0.5500372023809523,curvature/e_fd_random,,False,insufficient_conclusive_points
d16-s7,2957,0.5500372023809523,curvature/fd_cos_random,,False,insufficient_conclusive_points
d16-s7,2957,0.5500372023809523,curvature/fd_eps_random,0.03,True,
d16-s7,2957,0.5500372023809523,curvature/fd_snr_random,693.4898281933179,True,
d16-s7,2957,0.5500372023809523,curvature/fd_floor_random,1.4945654814795049e-05,True,
d16-s7,2957,0.5500372023809523,curvature/fd_conclusive_random,0.0,True,
d16-s7,2957,0.5500372023809523,curvature/e_sym_random,1.1774211008435421e-05,True,
d16-s7,2957,0.5500372023809523,curvature/e_lin_random,7.431676430727449e-07,True,
d16-s7,2957,0.5500372023809523,curvature/curv_eps_random,0.01,True,
d16-s7,2957,0.5500372023809523,curvature/curv_snr_random,0.8911583379465601,True,
d16-s7,2957,0.5500372023809523,curvature/curv_floor_random,0.006688446063662923,True,
d16-s7,2957,0.5500372023809523,curvature/c_fd_random,-0.0059604644775390625,True,
d16-s7,2957,0.5500372023809523,curvature/verdict_code_random,1.0,True,
d16-s7,2957,0.5500372023809523,curvature/e_curv_random,,False,noise_floor_inconclusive
d16-s7,2957,0.5500372023809523,curvature/vhv_gradient,14.501097181016824,True,
d16-s7,2957,0.5500372023809523,curvature/e_fd_gradient,0.0001973469437322998,True,
d16-s7,2957,0.5500372023809523,curvature/fd_cos_gradient,0.999999980543365,True,
d16-s7,2957,0.5500372023809523,curvature/fd_eps_gradient,0.001,True,
d16-s7,2957,0.5500372023809523,curvature/fd_snr_gradient,60845.81026889209,True,
d16-s7,2957,0.5500372023809523,curvature/fd_floor_gradient,0.00044837680378742286,True,
d16-s7,2957,0.5500372023809523,curvature/fd_conclusive_gradient,1.0,True,
d16-s7,2957,0.5500372023809523,curvature/e_sym_gradient,1.8150991362303693e-06,True,
d16-s7,2957,0.5500372023809523,curvature/e_lin_gradient,4.946391966861975e-07,True,
d16-s7,2957,0.5500372023809523,curvature/curv_eps_gradient,0.0034872340605791446,True,
d16-s7,2957,0.5500372023809523,curvature/curv_snr_gradient,263.23988416825915,True,
d16-s7,2957,0.5500372023809523,curvature/curv_floor_gradient,0.05500177539479513,True,
d16-s7,2957,0.5500372023809523,curvature/c_fd_gradient,14.478660983974475,True,
d16-s7,2957,0.5500372023809523,curvature/verdict_code_gradient,0.0,True,
d16-s7,2957,0.5500372023809523,curvature/e_curv_gradient,0.001547206860438143,True,
d16-s7,2957,0.5500372023809523,curvature/vhv_update,8.38466592532845e-08,True,
d16-s7,2957,0.5500372023809523,curvature/e_fd_update,,False,noise_floor_inconclusive
d16-s7,2957,0.5500372023809523,curvature/fd_cos_update,,False,noise_floor_inconclusive
d16-s7,2957,0.5500372023809523,curvature/fd_eps_update,0.03,True,
d16-s7,2957,0.5500372023809523,curvature/fd_snr_update,89.21750887350896,True,
d16-s7,2957,0.5500372023809523,curvature/fd_floor_update,1.4945657614584114e-05,True,
d16-s7,2957,0.5500372023809523,curvature/fd_conclusive_update,0.0,True,
d16-s7,2957,0.5500372023809523,curvature/e_sym_update,5.034379931174683e-06,True,
d16-s7,2957,0.5500372023809523,curvature/e_lin_update,8.775082969844372e-07,True,
d16-s7,2957,0.5500372023809523,curvature/curv_eps_update,0.01,True,
d16-s7,2957,0.5500372023809523,curvature/curv_snr_update,0.35646331245743457,True,
d16-s7,2957,0.5500372023809523,curvature/curv_floor_update,0.006688446489988564,True,
d16-s7,2957,0.5500372023809523,curvature/c_fd_update,-0.002384185791015625,True,
d16-s7,2957,0.5500372023809523,curvature/verdict_code_update,1.0,True,
d16-s7,2957,0.5500372023809523,curvature/e_curv_update,,False,noise_floor_inconclusive
d16-s7,3226,0.6000744047619048,update/p1,-0.01100538284073357,True,
d16-s7,3226,0.6000744047619048,update/p2,0.0018415465371623974,True,
d16-s7,3226,0.6000744047619048,update/actual,0.0019412040710449219,True,
d16-s7,3226,0.6000744047619048,update/residual_p1,0.012946586911778492,True,
d16-s7,3226,0.6000744047619048,update/residual_p2,9.965753388252452e-05,True,
d16-s7,3226,0.6000744047619048,update/normalized_residual,0.05133799963075511,True,
d16-s7,3226,0.6000744047619048,update/loss_before,1.3821313381195068,True,
d16-s7,3226,0.6000744047619048,update/loss_after,1.3840725421905518,True,
d16-s7,3226,0.6000744047619048,update/direction_norm,547.9895027336498,True,
d16-s7,3226,0.6000744047619048,curvature/dhd,0.025693858755791936,True,
d16-s7,3226,0.6000744047619048,curvature/gHg,312.7412962106811,True,
d16-s7,3226,0.6000744047619048,curvature/gg,16.64897001484039,True,
d16-s7,3226,0.6000744047619048,curvature/eta_star,0.05323559829343629,True,
d16-s7,3226,0.6000744047619048,curvature/Hg_norm,139.5735802856197,True,
d16-s7,3226,0.6000744047619048,curvature/eta_star_rho,0.5491466357115107,True,
d16-s7,3226,0.6000744047619048,curvature/eta_star_rho_threshold,9.5367431640625e-07,True,
d16-s7,3226,0.6000744047619048,curvature/shadow_verdict_code,1.0,True,
d16-s7,3226,0.6000744047619048,curvature/arith_eps,1.1920928955078125e-07,True,
d16-s7,3226,0.6000744047619048,curvature/vhv_random,8.464217656069512e-06,True,
d16-s7,3226,0.6000744047619048,curvature/e_fd_random,,False,insufficient_conclusive_points
d16-s7,3226,0.6000744047619048,curvature/fd_cos_random,,False,insufficient_conclusive_points
d16-s7,3226,0.6000744047619048,curvature/fd_eps_random,0.03,True,
d16-s7,3226,0.6000744047619048,curvature/fd_snr_random,803.441783816315,True,
d16-s7,3226,0.6000744047619048,curvature/fd_floor_random,1.6213715849103826e-05,True,
d16-s7,3226,0.6000744047619048,curvature/fd_conclusive_random,0.0,True,
d16-s7,3226,0.6000744047619048,curvature/e_sym_random,4.5189871448354926e-08,True,
d16-s7,3226,0.6000744047619048,curvature/e_lin_random,9.022817625076353e-07,True,
d16-s7,3226,0.6000744047619048,curvature/curv_eps_random,0.01,True,
d16-s7,3226,0.6000744047619048,curvature/curv_snr_random,0.542640146271932,True,
d16-s7,3226,0.6000744047619048,curvature/curv_floor_random,0.006590516221649523,True,
d16-s7,3226,0.6000744047619048,curvature/c_fd_random,0.0035762786865234375,True,
d16-s7,3226,0.6000744047619048,curvature/verdict_code_random,1.0,True,
d16-s7,3226,0.6000744047619048,curvature/e_curv_random,,False,noise_floor_inconclusive
d16-s7,3226,0.6000744047619048,curvature/vhv_gradient,18.784421625795815,True,
d16-s7,3226,0.6000744047619048,curvature/e_fd_gradient,0.00018335334736943593,True,
d16-s7,3226,0.6000744047619048,curvature/fd_cos_gradient,0.9999999831909184,True,
d16-s7,3226,0.6000744047619048,curvature/fd_eps_gradient,0.001,True,
d16-s7,3226,0.6000744047619048,curvature/fd_snr_gradient,70323.13854871602,True,
d16-s7,3226,0.6000744047619048,curvature/fd_floor_gradient,0.00048641984280020173,True,
d16-s7,3226,0.6000744047619048,curvature/fd_conclusive_gradient,1.0,True,
d16-s7,3226,0.6000744047619048,curvature/e_sym_gradient,8.995341776092692e-07,True,
d16-s7,3226,0.6000744047619048,curvature/e_lin_gradient,4.7226769151044346e-07,True,
d16-s7,3226,0.6000744047619048,curvature/curv_eps_gradient,0.003,True,
d16-s7,3226,0.6000744047619048,curvature/curv_snr_gradient,257.0226906248091,True,
d16-s7,3226,0.6000744047619048,curvature/curv_floor_gradient,0.0732301970174376,True,
d16-s7,3226,0.6000744047619048,curvature/c_fd_gradient,18.821822272406685,True,
d16-s7,3226,0.6000744047619048,curvature/verdict_code_gradient,0.0,True,
d16-s7,3226,0.6000744047619048,curvature/e_curv_gradient,0.001987089563888827,True,
d16-s7,3226,0.6000744047619048,curvature/vhv_update,8.556276480753878e-08,True,
d16-s7,3226,0.6000744047619048,curvature/e_fd_update,,False,noise_floor_inconclusive
d16-s7,3226,0.6000744047619048,curvature/fd_cos_update,,False,noise_floor_inconclusive
d16-s7,3226,0.6000744047619048,curvature/fd_eps_update,0.03,True,
d16-s7,3226,0.6000744047619048,curvature/fd_snr_update,76.30441292420343,True,
d16-s7,3226,0.6000744047619048,curvature/fd_floor_update,1.6213713106506596e-05,True,
d16-s7,3226,0.6000744047619048,curvature/fd_conclusive_update,0.0,True,
d16-s7,3226,0.6000744047619048,curvature/e_sym_update,8.13471472125604e-07,True,
d16-s7,3226,0.6000744047619048,curvature/e_lin_update,8.289531376057345e-07,True,
d16-s7,3226,0.6000744047619048,curvature/curv_eps_update,0.1,True,
d16-s7,3226,0.6000744047619048,curvature/curv_snr_update,0.36176010531510333,True,
d16-s7,3226,0.6000744047619048,curvature/curv_floor_update,6.590516079540974e-05,True,
d16-s7,3226,0.6000744047619048,curvature/c_fd_update,2.3841857910156247e-05,True,
d16-s7,3226,0.6000744047619048,curvature/verdict_code_update,1.0,True,
d16-s7,3226,0.6000744047619048,curvature/e_curv_update,,False,noise_floor_inconclusive
d16-s7,3495,0.6501116071428571,update/p1,0.010573413334025509,True,
d16-s7,3495,0.6501116071428571,update/p2,0.018850713419762063,True,
d16-s7,3495,0.6501116071428571,update/actual,0.018726468086242676,True,
d16-s7,3495,0.6501116071428571,update/residual_p1,0.008153054752217167,True,
d16-s7,3495,0.6501116071428571,update/residual_p2,-0.0001242453335193877,True,
d16-s7,3495,0.6501116071428571,update/normalized_residual,-0.006591014926211528,True,
d16-s7,3495,0.6501116071428571,update/loss_before,1.3094996213912964,True,
d16-s7,3495,0.6501116071428571,update/loss_after,1.328226089477539,True,
d16-s7,3495,0.6501116071428571,update/direction_norm,492.1346380621098,True,
d16-s7,3495,0.6501116071428571,curvature/dhd,0.01655460017147311,True,
d16-s7,3495,0.6501116071428571,curvature/gHg,348.76010386937236,True,
d16-s7,3495,0.6501116071428571,curvature/gg,17.336452135061396,True,
d16-s7,3495,0.6501116071428571,curvature/eta_star,0.049708816870735716,True,
d16-s7,3495,0.6501116071428571,curvature/Hg_norm,148.81874372229206,True,
d16-s7,3495,0.6501116071428571,curvature/eta_star_rho,0.5628453103115689,True,
d16-s7,3495,0.6501116071428571,curvature/eta_star_rho_threshold,9.5367431640625e-07,True,
d16-s7,3495,0.6501116071428571,curvature/shadow_verdict_code,1.0,True,
d16-s7,3495,0.6501116071428571,curvature/arith_eps,1.1920928955078125e-07,True,
d16-s7,3495,0.6501116071428571,curvature/vhv_random,8.821672428572519e-06,True,
d16-s7,3495,0.6501116071428571,curvature/e_fd_random,,False,insufficient_conclusive_points
d16-s7,3495,0.6501116071428571,curvature/fd_cos_random,,False,insufficient_conclusive_points
d16-s7,3495,0.6501116071428571,curvature/fd_eps_random,0.03,True,
d16-s7,3495,0.6501116071428571,curvature/fd_snr_random,833.0510000736509,True,
d16-s7,3495,0.6501116071428571,curvature/fd_floor_random,1.654508108597915e-05,True,
d16-s7,3495,0.6501116071428571,curvature/fd_conclusive_random,0.0,True,
d16-s7,3495,0.6501116071428571,curvature/e_sym_random,7.026911344443137e-07,True,
d16-s7,3495,0.6501116071428571,curvature/e_lin_random,7.450356437256671e-07,True,
d16-s7,3495,0.6501116071428571,curvature/curv_eps_random,0.003,True,
d16-s7,3495,0.6501116071428571,curvature/curv_snr_random,1.1454758598810046,True,
d16-s7,3495,0.6501116071428571,curvature/curv_floor_random,0.06937977698524062,True,
d16-s7,3495,0.6501116071428571,curvature/c_fd_random,-0.07947285970052083,True,
d16-s7,3495,0.6501116071428571,curvature/verdict_code_random,1.0,True,
d16-s7,3495,0.6501116071428571,curvature/e_curv_random,,False,noise_floor_inconclusive
d16-s7,3495,0.6501116071428571,curvature/vhv_gradient,20.117159661227447,True,
d16-s7,3495,0.6501116071428571,curvature/e_fd_gradient,0.00018206395744119322,True,
d16-s7,3495,0.6501116071428571,curvature/fd_cos_gradient,0.9999999835871847,True,
d16-s7,3495,0.6501116071428571,curvature/fd_eps_gradient,0.001,True,
d16-s7,3495,0.6501116071428571,curvature/fd_snr_gradient,72007.78857126542,True,
d16-s7,3495,0.6501116071428571,curvature/fd_floor_gradient,0.0004963615166283524,True,
d16-s7,3495,0.6501116071428571,curvature/fd_conclusive_gradient,1.0,True,
d16-s7,3495,0.6501116071428571,curvature/e_sym_gradient,2.044853879901527e-06,True,
d16-s7,3495,0.6501116071428571,curvature/e_lin_gradient,4.9738782478876e-07,True,
d16-s7,3495,0.6501116071428571,curvature/curv_eps_gradient,0.003,True,
d16-s7,3495,0.6501116071428571,curvature/curv_snr_gradient,289.6044418436863,True,
d16-s7,3495,0.6501116071428571,curvature/curv_floor_gradient,0.0693821817776552,True,
d16-s7,3495,0.6501116071428571,curvature/c_fd_gradient,20.093388027615017,True,
d16-s7,3495,0.6501116071428571,curvature/verdict_code_gradient,0.0,True,
d16-s7,3495,0.6501116071428571,curvature/e_curv_gradient,0.001181659539057396,True,
d16-s7,3495,0.6501116071428571,curvature/vhv_update,6.83519309592496e-08,True,
d16-s7,3495,0.6501116071428571,curvature/e_fd_update,,False,noise_floor_inconclusive
d16-s7,3495,0.6501116071428571,curvature/fd_cos_update,,False,noise_floor_inconclusive
d16-s7,3495,0.6501116071428571,curvature/fd_eps_update,0.03,True,
d16-s7,3495,0.6501116071428571,curvature/fd_snr_update,79.70865523220611,True,
d16-s7,3495,0.6501116071428571,curvature/fd_floor_update,1.6545080159214256e-05,True,
d16-s7,3495,0.6501116071428571,curvature/fd_conclusive_update,0.0,True,
d16-s7,3495,0.6501116071428571,curvature/e_sym_update,1.0662043798932817e-06,True,
d16-s7,3495,0.6501116071428571,curvature/e_lin_update,7.835249596472619e-07,True,
d16-s7,3495,0.6501116071428571,curvature/curv_eps_update,0.1,True,
d16-s7,3495,0.6501116071428571,curvature/curv_snr_update,1.5273012160263608,True,
d16-s7,3495,0.6501116071428571,curvature/curv_floor_update,6.24417964445456e-05,True,
d16-s7,3495,0.6501116071428571,curvature/c_fd_update,-9.536743164062499e-05,True,
d16-s7,3495,0.6501116071428571,curvature/verdict_code_update,1.0,True,
d16-s7,3495,0.6501116071428571,curvature/e_curv_update,,False,noise_floor_inconclusive
d16-s7,3764,0.7001488095238095,update/p1,-0.024910690927199677,True,
d16-s7,3764,0.7001488095238095,update/p2,-0.017358381631001778,True,
d16-s7,3764,0.7001488095238095,update/actual,-0.017220258712768555,True,
d16-s7,3764,0.7001488095238095,update/residual_p1,0.007690432214431123,True,
d16-s7,3764,0.7001488095238095,update/residual_p2,0.00013812291823322304,True,
d16-s7,3764,0.7001488095238095,update/normalized_residual,0.007957131094902179,True,
d16-s7,3764,0.7001488095238095,update/loss_before,1.2720518112182617,True,
d16-s7,3764,0.7001488095238095,update/loss_after,1.2548315525054932,True,
d16-s7,3764,0.7001488095238095,update/direction_norm,428.6212354419037,True,
d16-s7,3764,0.7001488095238095,curvature/dhd,0.015104618592395803,True,
d16-s7,3764,0.7001488095238095,curvature/gHg,304.305826517916,True,
d16-s7,3764,0.7001488095238095,curvature/gg,16.639432054143843,True,
d16-s7,3764,0.7001488095238095,curvature/eta_star,0.05467996536426553,True,
d16-s7,3764,0.7001488095238095,curvature/Hg_norm,130.49172929071787,True,
d16-s7,3764,0.7001488095238095,curvature/eta_star_rho,0.5716866254165275,True,
d16-s7,3764,0.7001488095238095,curvature/eta_star_rho_threshold,9.5367431640625e-07,True,
d16-s7,3764,0.7001488095238095,curvature/shadow_verdict_code,1.0,True,
d16-s7,3764,0.7001488095238095,curvature/arith_eps,1.1920928955078125e-07,True,
d16-s7,3764,0.7001488095238095,curvature/vhv_random,8.331165145726391e-06,True,
d16-s7,3764,0.7001488095238095,curvature/e_fd_random,,False,insufficient_conclusive_points
d16-s7,3764,0.7001488095238095,curvature/fd_cos_random,,False,insufficient_conclusive_points
d16-s7,3764,0.7001488095238095,curvature/fd_eps_random,0.03,True,
d16-s7,3764,0.7001488095238095,curvature/fd_snr_random,779.5382133973407,True,
d16-s7,3764,0.7001488095238095,curvature/fd_floor_random,1.6209065594453626e-05,True,
d16-s7,3764,0.7001488095238095,curvature/fd_conclusive_random,0.0,True,
d16-s7,3764,0.7001488095238095,curvature/e_sym_random,1.883540490309416e-06,True,
d16-s7,3764,0.7001488095238095,curvature/e_lin_random,9.146019581306145e-07,True,
d16-s7,3764,0.7001488095238095,curvature/curv_eps_random,0.1,True,
d16-s7,3764,0.7001488095238095,curvature/curv_snr_random,0.7861314275619932,True,
d16-s7,3764,0.7001488095238095,curvature/curv_floor_random,6.065616275918727e-05,True,
d16-s7,3764,0.7001488095238095,curvature/c_fd_random,4.768371582031249e-05,True,
d16-s7,3764,0.7001488095238095,curvature/verdict_code_random,1.0,True,
d16-s7,3764,0.7001488095238095,curvature/e_curv_random,,False,noise_floor_inconclusive
d16-s7,3764,0.7001488095238095,curvature/vhv_gradient,18.288235598393893,True,
d16-s7,3764,0.7001488095238095,curvature/e_fd_gradient,0.00018696426784532987,True,
d16-s7,3764,0.7001488095238095,curvature/fd_cos_gradient,0.9999999830796839,True,
d16-s7,3764,0.7001488095238095,curvature/fd_eps_gradient,0.001,True,
d16-s7,3764,0.7001488095238095,curvature/fd_snr_gradient,65785.14739948578,True,
d16-s7,3764,0.7001488095238095,curvature/fd_floor_gradient,0.00048627946141420773,True,
d16-s7,3764,0.7001488095238095,curvature/fd_conclusive_gradient,1.0,True,
d16-s7,3764,0.7001488095238095,curvature/e_sym_gradient,1.4021350784720054e-06,True,
d16-s7,3764,0.7001488095238095,curvature/e_lin_gradient,5.302118705979104e-07,True,
d16-s7,3764,0.7001488095238095,curvature/curv_eps_gradient,0.003,True,
d16-s7,3764,0.7001488095238095,curvature/curv_snr_gradient,272.58224038625104,True,
d16-s7,3764,0.7001488095238095,curvature/curv_floor_gradient,0.06739792013377155,True,
d16-s7,3764,0.7001488095238095,curvature/c_fd_gradient,18.371476067437065,True,
d16-s7,3764,0.7001488095238095,curvature/verdict_code_gradient,0.0,True,
d16-s7,3764,0.7001488095238095,curvature/e_curv_gradient,0.004530962495208195,True,
d16-s7,3764,0.7001488095238095,curvature/vhv_update,8.221715556785641e-08,True,
d16-s7,3764,0.7001488095238095,curvature/e_fd_update,,False,noise_floor_inconclusive
d16-s7,3764,0.7001488095238095,curvature/fd_cos_update,,False,noise_floor_inconclusive
d16-s7,3764,0.7001488095238095,curvature/fd_eps_update,0.03,True,
d16-s7,3764,0.7001488095238095,curvature/fd_snr_update,77.95788382695373,True,
d16-s7,3764,0.7001488095238095,curvature/fd_floor_update,1.6209065518954794e-05,True,
d16-s7,3764,0.7001488095238095,curvature/fd_conclusive_update,0.0,True,
d16-s7,3764,0.7001488095238095,curvature/e_sym_update,3.252436432870906e-06,True,
d16-s7,3764,0.7001488095238095,curvature/e_lin_update,9.542293220808065e-07,True,
d16-s7,3764,0.7001488095238095,curvature/curv_eps_update,0.003,True,
d16-s7,3764,0.7001488095238095,curvature/curv_snr_update,0.7861314275619932,True,
d16-s7,3764,0.7001488095238095,curvature/curv_floor_update,0.06739573639909698,True,
d16-s7,3764,0.7001488095238095,curvature/c_fd_update,0.05298190646701389,True,
d16-s7,3764,0.7001488095238095,curvature/verdict_code_update,1.0,True,
d16-s7,3764,0.7001488095238095,curvature/e_curv_update,,False,noise_floor_inconclusive
d16-s7,4032,0.75,update/p1,-0.0004371162193736451,True,
d16-s7,4032,0.75,update/p2,0.004514286883848695,True,
d16-s7,4032,0.75,update/actual,0.004445075988769531,True,
d16-s7,4032,0.75,update/residual_p1,0.004882192208143177,True,
d16-s7,4032,0.75,update/residual_p2,-6.921089507916367e-05,True,
d16-s7,4032,0.75,update/normalized_residual,-0.015331523418856649,True,
d16-s7,4032,0.75,update/loss_before,1.266634225845337,True,
d16-s7,4032,0.75,update/loss_after,1.2710793018341064,True,
d16-s7,4032,0.75,update/direction_norm,368.90841944569036,True,
d16-s7,4032,0.75,curvature/dhd,0.009902806206444681,True,
d16-s7,4032,0.75,curvature/gHg,319.3463602357028,True,
d16-s7,4032,0.75,curvature/gg,16.949827725720613,True,
d16-s7,4032,0.75,curvature/eta_star,0.05307662724951775,True,
d16-s7,4032,0.75,curvature/Hg_norm,141.67912795866894,True,
d16-s7,4032,0.75,curvature/eta_star_rho,0.5474865460757163,True,
d16-s7,4032,0.75,curvature/eta_star_rho_threshold,9.5367431640625e-07,True,
d16-s7,4032,0.75,curvature/shadow_verdict_code,1.0,True,
d16-s7,4032,0.75,curvature/arith_eps,1.1920928955078125e-07,True,
d16-s7,4032,0.75,curvature/vhv_random,8.141094280692063e-06,True,
d16-s7,4032,0.75,curvature/e_fd_random,,False,insufficient_conclusive_points
d16-s7,4032,0.75,curvature/fd_cos_random,,False,insufficient_conclusive_points
d16-s7,4032,0.75,curvature/fd_eps_random,0.03,True,
d16-s7,4032,0.75,curvature/fd_snr_random,774.5060327735667,True,
d16-s7,4032,0.75,curvature/fd_floor_random,1.6359551700237273e-05,True,
d16-s7,4032,0.75,curvature/fd_conclusive_random,0.0,True,
d16-s7,4032,0.75,curvature/e_sym_random,2.7075465217229164e-06,True,
d16-s7,4032,0.75,curvature/e_lin_random,8.10022272019726e-07,True,
d16-s7,4032,0.75,curvature/curv_eps_random,0.003,True,
d16-s7,4032,0.75,curvature/curv_snr_random,0.5921203862620804,True,
d16-s7,4032,0.75,curvature/curv_floor_random,0.06710870081860776,True,
d16-s7,4032,0.75,curvature/c_fd_random,0.039736429850260414,True,
d16-s7,4032,0.75,curvature/verdict_code_random,1.0,True,
d16-s7,4032,0.75,curvature/e_curv_random,,False,noise_floor_inconclusive
d16-s7,4032,0.75,curvature/vhv_gradient,18.840686022839943,True,
d16-s7,4032,0.75,curvature/e_fd_gradient,0.0001871840333805102,True,
d16-s7,4032,0.75,curvature/fd_cos_gradient,0.9999999827209053,True,
d16-s7,4032,0.75,curvature/fd_eps_gradient,0.001,True,
d16-s7,4032,0.75,curvature/fd_snr_gradient,70118.575048628,True,
d16-s7,4032,0.75,curvature/fd_floor_gradient,0.0004907945157653406,True,
d16-s7,4032,0.75,curvature/fd_conclusive_gradient,1.0,True,
d16-s7,4032,0.75,curvature/e_sym_gradient,1.033075760129836e-07,True,
d16-s7,4032,0.75,curvature/e_lin_gradient,5.108473631935873e-07,True,
d16-s7,4032,0.75,curvature/curv_eps_gradient,0.003,True,
d16-s7,4032,0.75,curvature/curv_snr_gradient,281.4451337562312,True,
d16-s7,4032,0.75,curvature/curv_floor_gradient,0.06711094771263662,True,
d16-s7,4032,0.75,curvature/c_fd_gradient,18.888049655490452,True,
d16-s7,4032,0.75,curvature/verdict_code_gradient,0.0,True,
d16-s7,4032,0.75,curvature/e_curv_gradient,0.0025075978470196813,True,
d16-s7,4032,0.75,curvature/vhv_update,7.276475619730746e-08,True,
d16-s7,4032,0.75,curvature/e_fd_update,,False,noise_floor_inconclusive
d16-s7,4032,0.75,curvature/fd_cos_update,,False,noise_floor_inconclusive
d16-s7,4032,0.75,curvature/fd_eps_update,0.03,True,
d16-s7,4032,0.75,curvature/fd_snr_update,77.85728438805104,True,
d16-s7,4032,0.75,curvature/fd_floor_update,1.6359552013331865e-05,True,
d16-s7,4032,0.75,curvature/fd_conclusive_update,0.0,True,
d16-s7,4032,0.75,curvature/e_sym_update,2.4191277820778775e-06,True,
d16-s7,4032,0.75,curvature/e_lin_update,9.348584305573843e-07,True,
d16-s7,4032,0.75,curvature/curv_eps_update,0.03,True,
d16-s7,4032,0.75,curvature/curv_snr_update,0.5921203862620804,True,
d16-s7,4032,0.75,curvature/curv_floor_update,0.0006710870081860776,True,
d16-s7,4032,0.75,curvature/c_fd_update,0.0003973642985026042,True,
d16-s7,4032,0.75,curvature/verdict_code_update,1.0,True,
d16-s7,4032,0.75,curvature/e_curv_update,,False,noise_floor_inconclusive
d16-s7,4301,0.8000372023809523,update/p1,-0.006583129032254215,True,
d16-s7,4301,0.8000372023809523,update/p2,-0.004375304763083264,True,
d16-s7,4301,0.8000372023809523,update/actual,-0.0043659210205078125,True,
d16-s7,4301,0.8000372023809523,update/residual_p1,0.0022172080117464025,True,
d16-s7,4301,0.8000372023809523,update/residual_p2,9.38374257545161e-06,True,
d16-s7,4301,0.8000372023809523,update/normalized_residual,0.002144706045308468,True,
d16-s7,4301,0.8000372023809523,update/loss_before,1.2694668769836426,True,
d16-s7,4301,0.8000372023809523,update/loss_after,1.2651009559631348,True,
d16-s7,4301,0.8000372023809523,update/direction_norm,303.91282072387014,True,
d16-s7,4301,0.8000372023809523,curvature/dhd,0.004415648538341902,True,
d16-s7,4301,0.8000372023809523,curvature/gHg,378.67404108447977,True,
d16-s7,4301,0.8000372023809523,curvature/gg,18.027992312362034,True,
d16-s7,4301,0.8000372023809523,curvature/eta_star,0.0476082074724,True,
d16-s7,4301,0.8000372023809523,curvature/Hg_norm,161.56518284780168,True,
d16-s7,4301,0.8000372023809523,curvature/eta_star_rho,0.5520063526864741,True,
d16-s7,4301,0.8000372023809523,curvature/eta_star_rho_threshold,9.5367431640625e-07,True,
d16-s7,4301,0.8000372023809523,curvature/shadow_verdict_code,1.0,True,
d16-s7,4301,0.8000372023809523,curvature/arith_eps,1.1920928955078125e-07,True,
d16-s7,4301,0.8000372023809523,curvature/vhv_random,8.188437741888934e-06,True,
d16-s7,4301,0.8000372023809523,curvature/e_fd_random,,False,insufficient_conclusive_points
d16-s7,4301,0.8000372023809523,curvature/fd_cos_random,,False,insufficient_conclusive_points
d16-s7,4301,0.8000372023809523,curvature/fd_eps_random,0.03,True,
d16-s7,4301,0.8000372023809523,curvature/fd_snr_random,761.2961721278135,True,
d16-s7,4301,0.8000372023809523,curvature/fd_floor_random,1.6871843370872543e-05,True,
d16-s7,4301,0.8000372023809523,curvature/fd_conclusive_random,0.0,True,
d16-s7,4301,0.8000372023809523,curvature/e_sym_random,6.436306029546217e-07,True,
d16-s7,4301,0.8000372023809523,curvature/e_lin_random,8.751409065782878e-07,True,
d16-s7,4301,0.8000372023809523,curvature/curv_eps_random,0.03,True,
d16-s7,4301,0.8000372023809523,curvature/curv_snr_random,0.9846654287638332,True,
d16-s7,4301,0.8000372023809523,curvature/curv_floor_random,0.0006725876744440029,True,
d16-s7,4301,0.8000372023809523,curvature/c_fd_random,-0.0006622738308376736,True,
d16-s7,4301,0.8000372023809523,curvature/verdict_code_random,1.0,True,
d16-s7,4301,0.8000372023809523,curvature/e_curv_random,,False,noise_floor_inconclusive
d16-s7,4301,0.8000372023809523,curvature/vhv_gradient,21.004781306130116,True,
d16-s7,4301,0.8000372023809523,curvature/e_fd_gradient,0.00021525700355480833,True,
d16-s7,4301,0.8000372023809523,curvature/fd_cos_gradient,0.9999999768323768,True,
d16-s7,4301,0.8000372023809523,curvature/fd_eps_gradient,0.001,True,
d16-s7,4301,0.8000372023809523,curvature/fd_snr_gradient,75176.5289723414,True,
d16-s7,4301,0.8000372023809523,curvature/fd_floor_gradient,0.0005061649844638346,True,
d16-s7,4301,0.8000372023809523,curvature/fd_conclusive_gradient,1.0,True,
d16-s7,4301,0.8000372023809523,curvature/e_sym_gradient,1.2104086037811653e-08,True,
d16-s7,4301,0.8000372023809523,curvature/e_lin_gradient,4.854179505487798e-07,True,
d16-s7,4301,0.8000372023809523,curvature/curv_eps_gradient,0.003,True,
d16-s7,4301,0.8000372023809523,curvature/curv_snr_gradient,311.5365348021784,True,
d16-s7,4301,0.8000372023809523,curvature/curv_floor_gradient,0.06726127329178173,True,
d16-s7,4301,0.8000372023809523,curvature/c_fd_gradient,20.95434400770399,True,
d16-s7,4301,0.8000372023809523,curvature/verdict_code_gradient,0.0,True,
d16-s7,4301,0.8000372023809523,curvature/e_curv_gradient,0.002401229400632007,True,
d16-s7,4301,0.8000372023809523,curvature/vhv_update,4.780754651912679e-08,True,
d16-s7,4301,0.8000372023809523,curvature/e_fd_update,,False,noise_floor_inconclusive
d16-s7,4301,0.8000372023809523,curvature/fd_cos_update,,False,noise_floor_inconclusive
d16-s7,4301,0.8000372023809523,curvature/fd_eps_update,0.03,True,
d16-s7,4301,0.8000372023809523,curvature/fd_snr_update,65.42377641423106,True,
d16-s7,4301,0.8000372023809523,curvature/fd_floor_update,1.687184364016944e-05,True,
d16-s7,4301,0.8000372023809523,curvature/fd_conclusive_update,0.0,True,
d16-s7,4301,0.8000372023809523,curvature/e_sym_update,1.2487123925895375e-07,True,
d16-s7,4301,0.8000372023809523,curvature/e_lin_update,8.857922218315025e-07,True,
d16-s7,4301,0.8000372023809523,curvature/curv_eps_update,0.03,True,
d16-s7,4301,0.8000372023809523,curvature/curv_snr_update,0.5907992295187954,True,
d16-s7,4301,0.8000372023809523,curvature/curv_floor_update,0.00067258770602368,True,
d16-s7,4301,0.8000372023809523,curvature/c_fd_update,-0.0003973642985026042,True,
d16-s7,4301,0.8000372023809523,curvature/verdict_code_update,1.0,True,
d16-s7,4301,0.8000372023809523,curvature/e_curv_update,,False,noise_floor_inconclusive
d16-s7,4570,0.8500744047619048,update/p1,-0.0038304702577689823,True,
d16-s7,4570,0.8500744047619048,update/p2,-0.002423716654965995,True,
d16-s7,4570,0.8500744047619048,update/actual,-0.002440810203552246,True,
d16-s7,4570,0.8500744047619048,update/residual_p1,0.0013896600542167362,True,
d16-s7,4570,0.8500744047619048,update/residual_p2,-1.709354858625122e-05,True,
d16-s7,4570,0.8500744047619048,update/normalized_residual,-0.007003227273211999,True,
d16-s7,4570,0.8500744047619048,update/loss_before,1.2447988986968994,True,
d16-s7,4570,0.8500744047619048,update/loss_after,1.2423580884933472,True,
d16-s7,4570,0.8500744047619048,update/direction_norm,240.001806790517,True,
d16-s7,4570,0.8500744047619048,curvature/dhd,0.0028135072056059743,True,
d16-s7,4570,0.8500744047619048,curvature/gHg,320.96572148825237,True,
d16-s7,4570,0.8500744047619048,curvature/gg,17.445834404387764,True,
d16-s7,4570,0.8500744047619048,curvature/eta_star,0.05435419808537497,True,
d16-s7,4570,0.8500744047619048,curvature/Hg_norm,143.87549956329036,True,
d16-s7,4570,0.8500744047619048,curvature/eta_star_rho,0.5341041292224433,True,
d16-s7,4570,0.8500744047619048,curvature/eta_star_rho_threshold,9.5367431640625e-07,True,
d16-s7,4570,0.8500744047619048,curvature/shadow_verdict_code,1.0,True,
d16-s7,4570,0.8500744047619048,curvature/arith_eps,1.1920928955078125e-07,True,
d16-s7,4570,0.8500744047619048,curvature/vhv_random,7.618583808306107e-06,True,
d16-s7,4570,0.8500744047619048,curvature/e_fd_random,,False,insufficient_conclusive_points
d16-s7,4570,0.8500744047619048,curvature/fd_cos_random,,False,insufficient_conclusive_points
d16-s7,4570,0.8500744047619048,curvature/fd_eps_random,0.03,True,
d16-s7,4570,0.8500744047619048,curvature/fd_snr_random,735.6263141063681,True,
d16-s7,4570,0.8500744047619048,curvature/fd_floor_random,1.659719449335807e-05,True,
d16-s7,4570,0.8500744047619048,curvature/fd_conclusive_random,0.0,True,
d16-s7,4570,0.8500744047619048,curvature/e_sym_random,1.4060471103535672e-06,True,
d16-s7,4570,0.8500744047619048,curvature/e_lin_random,8.607029883646947e-07,True,
d16-s7,4570,0.8500744047619048,curvature/curv_eps_random,0.03,True,
d16-s7,4570,0.8500744047619048,curvature/curv_snr_random,0.6025069165122262,True,
d16-s7,4570,0.8500744047619048,curvature/curv_floor_random,0.0006595182355795259,True,
d16-s7,4570,0.8500744047619048,curvature/c_fd_random,0.0003973642985026042,True,
d16-s7,4570,0.8500744047619048,curvature/verdict_code_random,1.0,True,
d16-s7,4570,0.8500744047619048,curvature/e_curv_random,,False,noise_floor_inconclusive
d16-s7,4570,0.8500744047619048,curvature/vhv_gradient,18.397843635513006,True,
d16-s7,4570,0.8500744047619048,curvature/e_fd_gradient,0.00025029346465708203,True,
d16-s7,4570,0.8500744047619048,curvature/fd_cos_gradient,0.9999999692414842,True,
d16-s7,4570,0.8500744047619048,curvature/fd_eps_gradient,0.001,True,
d16-s7,4570,0.8500744047619048,curvature/fd_snr_gradient,69179.66175766152,True,
d16-s7,4570,0.8500744047619048,curvature/fd_floor_gradient,0.0004979234003026857,True,
d16-s7,4570,0.8500744047619048,curvature/fd_conclusive_gradient,1.0,True,
d16-s7,4570,0.8500744047619048,curvature/e_sym_gradient,5.864402174272023e-07,True,
d16-s7,4570,0.8500744047619048,curvature/e_lin_gradient,5.022139929620172e-07,True,
d16-s7,4570,0.8500744047619048,curvature/curv_eps_gradient,0.003,True,
d16-s7,4570,0.8500744047619048,curvature/curv_snr_gradient,279.5539127781739,True,
d16-s7,4570,0.8500744047619048,curvature/curv_floor_gradient,0.0659540167665303,True,
d16-s7,4570,0.8500744047619048,curvature/c_fd_gradient,18.437703450520832,True,
d16-s7,4570,0.8500744047619048,curvature/verdict_code_gradient,0.0,True,
d16-s7,4570,0.8500744047619048,curvature/e_curv_gradient,0.002161864416292066,True,
d16-s7,4570,0.8500744047619048,curvature/vhv_update,4.8844876456470395e-08,True,
d16-s7,4570,0.8500744047619048,curvature/e_fd_update,,False,noise_floor_inconclusive
d16-s7,4570,0.8500744047619048,curvature/fd_cos_update,,False,noise_floor_inconclusive
d16-s7,4570,0.8500744047619048,curvature/fd_eps_update,0.03,True,
d16-s7,4570,0.8500744047619048,curvature/fd_snr_update,49.19011186103022,True,
d16-s7,4570,0.8500744047619048,curvature/fd_floor_update,1.6597193777963545e-05,True,
d16-s7,4570,0.8500744047619048,curvature/fd_conclusive_update,0.0,True,
d16-s7,4570,0.8500744047619048,curvature/e_sym_update,2.160222142967105e-06,True,
d16-s7,4570,0.8500744047619048,curvature/e_lin_update,9.378267361649404e-07,True,
d16-s7,4570,0.8500744047619048,curvature/curv_eps_update,0.1,True,
d16-s7,4570,0.8500744047619048,curvature/curv_snr_update,0.8033425361164307,True,
d16-s7,4570,0.8500744047619048,curvature/curv_floor_update,5.935664262324279e-05,True,
d16-s7,4570,0.8500744047619048,curvature/c_fd_update,4.768371582031249e-05,True,
d16-s7,4570,0.8500744047619048,curvature/verdict_code_update,1.0,True,
d16-s7,4570,0.8500744047619048,curvature/e_curv_update,,False,noise_floor_inconclusive
d16-s7,4839,0.9001116071428571,update/p1,-0.0006997246385371697,True,
d16-s7,4839,0.9001116071428571,update/p2,-1.6454160592130362e-05,True,
d16-s7,4839,0.9001116071428571,update/actual,-1.6927719116210938e-05,True,
d16-s7,4839,0.9001116071428571,update/residual_p1,0.0006827969194209588,True,
d16-s7,4839,0.9001116071428571,update/residual_p2,-4.735585240805756e-07,True,
d16-s7,4839,0.9001116071428571,update/normalized_residual,-0.02797532974345429,True,
d16-s7,4839,0.9001116071428571,update/loss_before,1.220994472503662,True,
d16-s7,4839,0.9001116071428571,update/loss_after,1.220977544784546,True,
d16-s7,4839,0.9001116071428571,update/direction_norm,176.3954254583529,True,
d16-s7,4839,0.9001116071428571,curvature/dhd,0.0013665409558900788,True,
d16-s7,4839,0.9001116071428571,curvature/gHg,353.52677212832856,True,
d16-s7,4839,0.9001116071428571,curvature/gg,17.132382110063695,True,
d16-s7,4839,0.9001116071428571,curvature/eta_star,0.04846134284801695,True,
d16-s7,4839,0.9001116071428571,curvature/Hg_norm,157.20257437677526,True,
d16-s7,4839,0.9001116071428571,curvature/eta_star_rho,0.5433176055679174,True,
d16-s7,4839,0.9001116071428571,curvature/eta_star_rho_threshold,9.5367431640625e-07,True,
d16-s7,4839,0.9001116071428571,curvature/shadow_verdict_code,1.0,True,
d16-s7,4839,0.9001116071428571,curvature/arith_eps,1.1920928955078125e-07,True,
d16-s7,4839,0.9001116071428571,curvature/vhv_random,7.79897592204241e-06,True,
d16-s7,4839,0.9001116071428571,curvature/e_fd_random,,False,insufficient_conclusive_points
d16-s7,4839,0.9001116071428571,curvature/fd_cos_random,,False,insufficient_conclusive_points
d16-s7,4839,0.9001116071428571,curvature/fd_eps_random,0.03,True,
d16-s7,4839,0.9001116071428571,curvature/fd_snr_random,765.735707418533,True,
d16-s7,4839,0.9001116071428571,curvature/fd_floor_random,1.6447413794117478e-05,True,
d16-s7,4839,0.9001116071428571,curvature/fd_conclusive_random,0.0,True,
d16-s7,4839,0.9001116071428571,curvature/e_sym_random,1.759420152599826e-05,True,
d16-s7,4839,0.9001116071428571,curvature/e_lin_random,8.782945378218373e-07,True,
d16-s7,4839,0.9001116071428571,curvature/curv_eps_random,0.03,True,
d16-s7,4839,0.9001116071428571,curvature/curv_snr_random,0.8190046066158239,True,
d16-s7,4839,0.9001116071428571,curvature/curv_floor_random,0.0006469060862299456,True,
d16-s7,4839,0.9001116071428571,curvature/c_fd_random,-0.0005298190646701389,True,
d16-s7,4839,0.9001116071428571,curvature/verdict_code_random,1.0,True,
d16-s7,4839,0.9001116071428571,curvature/e_curv_random,,False,noise_floor_inconclusive
d16-s7,4839,0.9001116071428571,curvature/vhv_gradient,20.63500540750688,True,
d16-s7,4839,0.9001116071428571,curvature/e_fd_gradient,0.00028736498254928057,True,
d16-s7,4839,0.9001116071428571,curvature/fd_cos_gradient,0.9999999587440915,True,
d16-s7,4839,0.9001116071428571,curvature/fd_eps_gradient,0.001,True,
d16-s7,4839,0.9001116071428571,curvature/fd_snr_gradient,76970.37710249927,True,
d16-s7,4839,0.9001116071428571,curvature/fd_floor_gradient,0.0004934318723099763,True,
d16-s7,4839,0.9001116071428571,curvature/fd_conclusive_gradient,1.0,True,
d16-s7,4839,0.9001116071428571,curvature/e_sym_gradient,2.318793713398887e-07,True,
d16-s7,4839,0.9001116071428571,curvature/e_lin_gradient,4.948713434727669e-07,True,
d16-s7,4839,0.9001116071428571,curvature/curv_eps_gradient,0.003,True,
d16-s7,4839,0.9001116071428571,curvature/curv_snr_gradient,317.96645463953587,True,
d16-s7,4839,0.9001116071428571,curvature/curv_floor_gradient,0.06469306710086029,True,
d16-s7,4839,0.9001116071428571,curvature/c_fd_gradient,20.570225185818142,True,
d16-s7,4839,0.9001116071428571,curvature/verdict_code_gradient,0.0,True,
d16-s7,4839,0.9001116071428571,curvature/e_curv_gradient,0.0031393363078631702,True,
d16-s7,4839,0.9001116071428571,curvature/vhv_update,4.391855498036286e-08,True,
d16-s7,4839,0.9001116071428571,curvature/e_fd_update,,False,noise_floor_inconclusive
d16-s7,4839,0.9001116071428571,curvature/fd_cos_update,,False,noise_floor_inconclusive
d16-s7,4839,0.9001116071428571,curvature/fd_eps_update,0.03,True,
d16-s7,4839,0.9001116071428571,curvature/fd_snr_update,52.48443180441144,True,
d16-s7,4839,0.9001116071428571,curvature/fd_floor_update,1.6447420196903457e-05,True,
d16-s7,4839,0.9001116071428571,curvature/fd_conclusive_update,0.0,True,
d16-s7,4839,0.9001116071428571,curvature/e_sym_update,1.1063289182150214e-06,True,
d16-s7,4839,0.9001116071428571,curvature/e_lin_update,8.843128149766257e-07,True,
d16-s7,4839,0.9001116071428571,curvature/curv_eps_update,0.1,True,
d16-s7,4839,0.9001116071428571,curvature/curv_snr_update,0.614253439969023,True,
d16-s7,4839,0.9001116071428571,curvature/curv_floor_update,5.822154918178056e-05,True,
d16-s7,4839,0.9001116071428571,curvature/c_fd_update,-3.576278686523437e-05,True,
d16-s7,4839,0.9001116071428571,curvature/verdict_code_update,1.0,True,
d16-s7,4839,0.9001116071428571,curvature/e_curv_update,,False,noise_floor_inconclusive
d16-s7,5107,0.9499627976190477,update/p1,0.0020419435635933925,True,
d16-s7,5107,0.9499627976190477,update/p2,0.002425358983246181,True,
d16-s7,5107,0.9499627976190477,update/actual,0.002422809600830078,True,
d16-s7,5107,0.9499627976190477,update/residual_p1,0.0003808660372366856,True,
d16-s7,5107,0.9499627976190477,update/residual_p2,-2.549382416102818e-06,True,
d16-s7,5107,0.9499627976190477,update/normalized_residual,-0.0010511361137519693,True,
d16-s7,5107,0.9499627976190477,update/loss_before,1.2079037427902222,True,
d16-s7,5107,0.9499627976190477,update/loss_after,1.2103265523910522,True,
d16-s7,5107,0.9499627976190477,update/direction_norm,105.79449370479972,True,
d16-s7,5107,0.9499627976190477,curvature/dhd,0.0007668308393055772,True,
d16-s7,5107,0.9499627976190477,curvature/gHg,264.38137564663026,True,
d16-s7,5107,0.9499627976190477,curvature/gg,16.080871945238066,True,
d16-s7,5107,0.9499627976190477,curvature/eta_star,0.060824526334001726,True,
d16-s7,5107,0.9499627976190477,curvature/Hg_norm,123.6442463061249,True,
d16-s7,5107,0.9499627976190477,curvature/eta_star_rho,0.5332147439601216,True,
d16-s7,5107,0.9499627976190477,curvature/eta_star_rho_threshold,9.5367431640625e-07,True,
d16-s7,5107,0.9499627976190477,curvature/shadow_verdict_code,1.0,True,
d16-s7,5107,0.9499627976190477,curvature/arith_eps,1.1920928955078125e-07,True,
d16-s7,5107,0.9499627976190477,curvature/vhv_random,7.715716733664284e-06,True,
d16-s7,5107,0.9499627976190477,curvature/e_fd_random,,False,insufficient_conclusive_points
d16-s7,5107,0.9499627976190477,curvature/fd_cos_random,,False,insufficient_conclusive_points
d16-s7,5107,0.9499627976190477,curvature/fd_eps_random,0.03,True,
d16-s7,5107,0.9499627976190477,curvature/fd_snr_random,785.9434738412682,True,
d16-s7,5107,0.9499627976190477,curvature/fd_floor_random,1.5934689421074937e-05,True,
d16-s7,5107,0.9499627976190477,curvature/fd_conclusive_random,0.0,True,
d16-s7,5107,0.9499627976190477,curvature/e_sym_random,5.627928761062118e-06,True,
d16-s7,5107,0.9499627976190477,curvature/e_lin_random,9.005984875578664e-07,True,
d16-s7,5107,0.9499627976190477,curvature/curv_eps_random,0.01,True,
d16-s7,5107,0.9499627976190477,curvature/curv_snr_random,1.6557614021000868,True,
d16-s7,5107,0.9499627976190477,curvature/curv_floor_random,0.0057597327440817025,True,
d16-s7,5107,0.9499627976190477,curvature/c_fd_random,-0.0095367431640625,True,
d16-s7,5107,0.9499627976190477,curvature/verdict_code_random,1.0,True,
d16-s7,5107,0.9499627976190477,curvature/e_curv_random,,False,noise_floor_inconclusive
d16-s7,5107,0.9499627976190477,curvature/vhv_gradient,16.44073824696987,True,
d16-s7,5107,0.9499627976190477,curvature/e_fd_gradient,0.0003300192626790525,True,
d16-s7,5107,0.9499627976190477,curvature/fd_cos_gradient,0.9999999457499666,True,
d16-s7,5107,0.9499627976190477,curvature/fd_eps_gradient,0.001,True,
d16-s7,5107,0.9499627976190477,curvature/fd_snr_gradient,64499.6605350058,True,
d16-s7,5107,0.9499627976190477,curvature/fd_floor_gradient,0.0004780469069367973,True,
d16-s7,5107,0.9499627976190477,curvature/fd_conclusive_gradient,1.0,True,
d16-s7,5107,0.9499627976190477,curvature/e_sym_gradient,1.0997378343205634e-08,True,
d16-s7,5107,0.9499627976190477,curvature/e_lin_gradient,5.516305714273842e-07,True,
d16-s7,5107,0.9499627976190477,curvature/curv_eps_gradient,0.003,True,
d16-s7,5107,0.9499627976190477,curvature/curv_snr_gradient,255.80728515119998,True,
d16-s7,5107,0.9499627976190477,curvature/curv_floor_gradient,0.0639989947457151,True,
d16-s7,5107,0.9499627976190477,curvature/c_fd_gradient,16.371409098307293,True,
d16-s7,5107,0.9499627976190477,curvature/verdict_code_gradient,0.0,True,
d16-s7,5107,0.9499627976190477,curvature/e_curv_gradient,0.004216912137467834,True,
d16-s7,5107,0.9499627976190477,curvature/vhv_update,6.851307268013176e-08,True,
d16-s7,5107,0.9499627976190477,curvature/e_fd_update,,False,noise_floor_inconclusive
d16-s7,5107,0.9499627976190477,curvature/fd_cos_update,,False,noise_floor_inconclusive
d16-s7,5107,0.9499627976190477,curvature/fd_eps_update,0.03,True,
d16-s7,5107,0.9499627976190477,curvature/fd_snr_update,73.78692735430442,True,
d16-s7,5107,0.9499627976190477,curvature/fd_floor_update,1.593468350039481e-05,True,
d16-s7,5107,0.9499627976190477,curvature/fd_conclusive_update,0.0,True,
d16-s7,5107,0.9499627976190477,curvature/e_sym_update,9.479758613763027e-08,True,
d16-s7,5107,0.9499627976190477,curvature/e_lin_update,1.0696347361357623e-06,True,
d16-s7,5107,0.9499627976190477,curvature/curv_eps_update,0.03,True,
d16-s7,5107,0.9499627976190477,curvature/curv_snr_update,1.6557614021000868,True,
d16-s7,5107,0.9499627976190477,curvature/curv_floor_update,0.0006399703048979669,True,
d16-s7,5107,0.9499627976190477,curvature/c_fd_update,-0.0010596381293402778,True,
d16-s7,5107,0.9499627976190477,curvature/verdict_code_update,1.0,True,
d16-s7,5107,0.9499627976190477,curvature/e_curv_update,,False,noise_floor_inconclusive
d16-s7,5376,1.0,update/p1,0.0004848624470737388,True,
d16-s7,5376,1.0,update/p2,0.0005386731533471375,True,
d16-s7,5376,1.0,update/actual,0.0005388259887695312,True,
d16-s7,5376,1.0,update/residual_p1,5.396354169579247e-05,True,
d16-s7,5376,1.0,update/residual_p2,1.5283542239370642e-07,True,
d16-s7,5376,1.0,update/normalized_residual,0.00028364523163168693,True,
d16-s7,5376,1.0,update/loss_before,1.1818801164627075,True,
d16-s7,5376,1.0,update/loss_after,1.182418942451477,True,
d16-s7,5376,1.0,update/direction_norm,36.57470077735112,True,
d16-s7,5376,1.0,curvature/dhd,0.00010762141254679747,True,
d16-s7,5376,1.0,curvature/gHg,306.8773339995653,True,
d16-s7,5376,1.0,curvature/gg,16.501349082110863,True,
d16-s7,5376,1.0,curvature/eta_star,0.05377180799587577,True,
d16-s7,5376,1.0,curvature/Hg_norm,138.27626827300483,True,
d16-s7,5376,1.0,curvature/eta_star_rho,0.5463330028696869,True,
d16-s7,5376,1.0,curvature/eta_star_rho_threshold,9.5367431640625e-07,True,
d16-s7,5376,1.0,curvature/shadow_verdict_code,1.0,True,
d16-s7,5376,1.0,curvature/arith_eps,1.1920928955078125e-07,True,
d16-s7,5376,1.0,curvature/vhv_random,7.782602863729448e-06,True,
d16-s7,5376,1.0,curvature/e_fd_random,,False,insufficient_conclusive_points
d16-s7,5376,1.0,curvature/fd_cos_random,,False,insufficient_conclusive_points
d16-s7,5376,1.0,curvature/fd_eps_random,0.03,True,
d16-s7,5376,1.0,curvature/fd_snr_random,759.8221925104845,True,
d16-s7,5376,1.0,curvature/fd_floor_random,1.6141672825901876e-05,True,
d16-s7,5376,1.0,curvature/fd_conclusive_random,0.0,True,
d16-s7,5376,1.0,curvature/e_sym_random,1.0314298924420308e-05,True,
d16-s7,5376,1.0,curvature/e_lin_random,9.320168386577428e-07,True,
d16-s7,5376,1.0,curvature/curv_eps_random,0.1,True,
d16-s7,5376,1.0,curvature/curv_snr_random,1.0576367475755613,True,
d16-s7,5376,1.0,curvature/curv_floor_random,5.635644271251293e-05,True,
d16-s7,5376,1.0,curvature/c_fd_random,5.960464477539061e-05,True,
d16-s7,5376,1.0,curvature/verdict_code_random,1.0,True,
d16-s7,5376,1.0,curvature/e_curv_random,,False,noise_floor_inconclusive
d16-s7,5376,1.0,curvature/vhv_gradient,18.59710646126436,True,
d16-s7,5376,1.0,curvature/e_fd_gradient,0.0003447880823795255,True,
d16-s7,5376,1.0,curvature/fd_cos_gradient,0.9999999409100851,True,
d16-s7,5376,1.0,curvature/fd_eps_gradient,0.001,True,
d16-s7,5376,1.0,curvature/fd_snr_gradient,70292.94786627262,True,
d16-s7,5376,1.0,curvature/fd_floor_gradient,0.00048425733196337723,True,
d16-s7,5376,1.0,curvature/fd_conclusive_gradient,1.0,True,
d16-s7,5376,1.0,curvature/e_sym_gradient,8.116780403736868e-08,True,
d16-s7,5376,1.0,curvature/e_lin_gradient,5.232023054766932e-07,True,
d16-s7,5376,1.0,curvature/curv_eps_gradient,0.003,True,
d16-s7,5376,1.0,curvature/curv_snr_gradient,296.9739223051072,True,
d16-s7,5376,1.0,curvature/curv_floor_gradient,0.06262047867898622,True,
d16-s7,5376,1.0,curvature/c_fd_gradient,18.596649169921875,True,
d16-s7,5376,1.0,curvature/verdict_code_gradient,0.0,True,
d16-s7,5376,1.0,curvature/e_curv_gradient,2.458938133400823e-05,True,
d16-s7,5376,1.0,curvature/vhv_update,8.045205277952925e-08,True,
d16-s7,5376,1.0,curvature/e_fd_update,,False,noise_floor_inconclusive
d16-s7,5376,1.0,curvature/fd_cos_update,,False,noise_floor_inconclusive
d16-s7,5376,1.0,curvature/fd_eps_update,0.03,True,
d16-s7,5376,1.0,curvature/fd_snr_update,69.21894284028564,True,
d16-s7,5376,1.0,curvature/fd_floor_update,1.6141672660414298e-05,True,
d16-s7,5376,1.0,curvature/fd_conclusive_update,0.0,True,
d16-s7,5376,1.0,curvature/e_sym_update,4.1727534735955745e-06,True,
d16-s7,5376,1.0,curvature/e_lin_update,1.0375436165447354e-06,True,
d16-s7,5376,1.0,curvature/curv_eps_update,0.003,True,
d16-s7,5376,1.0,curvature/curv_snr_update,0.4230547737045429,True,
d16-s7,5376,1.0,curvature/curv_floor_update,0.06261825862768293,True,
d16-s7,5376,1.0,curvature/c_fd_update,-0.026490953233506944,True,
d16-s7,5376,1.0,curvature/verdict_code_update,1.0,True,
d16-s7,5376,1.0,curvature/e_curv_update,,False,noise_floor_inconclusive
