family,metric,arm,tier,phase,absolute_class,absolute_dominance,progress_class,progress_dominance,alignment_class,alignment_dominance,unsafe_for_depth_claims,alignment_supports_schedule_attribution,absolute_warm_n,absolute_warm_effect,absolute_warm_effect_rel,absolute_warm_seed_sd,absolute_warm_seed_rel,absolute_warm_seed_multiple,absolute_warm_outside_fraction,absolute_warm_signed_rel,absolute_warm_baseline,absolute_warm_detectable,absolute_post_n,absolute_post_effect,absolute_post_effect_rel,absolute_post_seed_sd,absolute_post_seed_rel,absolute_post_seed_multiple,absolute_post_outside_fraction,absolute_post_signed_rel,absolute_post_baseline,absolute_post_detectable,progress_warm_n,progress_warm_effect,progress_warm_effect_rel,progress_warm_seed_sd,progress_warm_seed_rel,progress_warm_seed_multiple,progress_warm_outside_fraction,progress_warm_signed_rel,progress_warm_baseline,progress_warm_detectable,progress_post_n,progress_post_effect,progress_post_effect_rel,progress_post_seed_sd,progress_post_seed_rel,progress_post_seed_multiple,progress_post_outside_fraction,progress_post_signed_rel,progress_post_baseline,progress_post_detectable,alignment_warm_n,alignment_warm_effect,alignment_warm_effect_rel,alignment_warm_seed_sd,alignment_warm_seed_rel,alignment_warm_seed_multiple,alignment_warm_outside_fraction,alignment_warm_signed_rel,alignment_warm_baseline,alignment_warm_detectable,alignment_post_n,alignment_post_effect,alignment_post_effect_rel,alignment_post_seed_sd,alignment_post_seed_rel,alignment_post_seed_multiple,alignment_post_outside_fraction,alignment_post_signed_rel,alignment_post_baseline,alignment_post_detectable
attn/n_undefined_queries/b0,attn/n_undefined_queries/b0,none,periodic,post_update,not different,1,not different,1,not different,1,False,False,4,0,0,0,0,0,0,0,1,False,21,0,0,0,0,0,0,0,1,False,4,0,0,0,0,0,0,0,1,False,21,0,0,0,0,0,0,0,1,False,4,0,0,0,0,0,0,0,1,False,21,0,0,0,0,0,0,0,1,False
attn/n_undefined_queries/b1,attn/n_undefined_queries/b1,none,periodic,post_update,not different,1,not different,1,not different,1,False,False,4,0,,0,,0,0,,0,False,21,0,,0,,0,0,,0,False,4,0,,0,,0,0,,0,False,21,0,,0,,0,0,,0,False,4,0,,0,,0,0,,0,False,21,0,,0,,0,0,,0,False
attn/n_undefined_queries/b2,attn/n_undefined_queries/b2,none,periodic,post_update,not different,1,not different,1,not different,1,False,False,4,0,,0,,0,0,,0,False,21,0,,0,,0,0,,0,False,4,0,,0,,0,0,,0,False,21,0,,0,,0,0,,0,False,4,0,,0,,0,0,,0,False,21,0,,0,,0,0,,0,False
attn/n_undefined_queries/b3,attn/n_undefined_queries/b3,none,periodic,post_update,not different,1,not different,1,not different,1,False,False,4,0,,0,,0,0,,0,False,21,0,,0,,0,0,,0,False,4,0,,0,,0,0,,0,False,21,0,,0,,0,0,,0,False,4,0,,0,,0,0,,0,False,21,0,,0,,0,0,,0,False
attn/validation_max_abs_err,attn/validation_max_abs_err,none,periodic,post_update,uniformly different,0.3436795036,uniformly different,0.6271051937,uniformly different,0.6062070415,False,False,4,0.004271133906,0.168154202,0.002311869604,0.09101812233,1.847480455,0.75,-0.1364452321,0.02540010214,False,21,0.01593680293,0.4892762014,0.001327128162,0.04074419622,12.00848825,1,0.4892762014,0.03257220132,True,4,0.005483813915,0.2158973175,0.002311869604,0.09101812233,2.372025614,1,0.1794695351,0.02540010214,False,21,0.01121382977,0.3442760794,0.001327128162,0.04074419622,8.449696185,1,0.3442760794,0.03257220132,True,4,0.008024267356,0.3159147673,0.002311869604,0.09101812233,3.470899632,0,-0.3159147673,0.02540010214,True,21,0.01697446366,0.5211334505,0.001327128162,0.04074419622,12.79037259,0,0.145000122,0.03257220132,True
batch/bos_count,batch/bos_count,none,continuous,pre_update,not different,1,uniformly different,1.09862653,uniformly different,1.09862653,False,False,401,0,0,0,0,0,0,0,998.032419,False,2119,0,0,0,0,0,0,0,992.6819254,False,401,28.0472153,0.02810250926,0,0,inf,0.9975062344,-0.004044200018,998.032419,True,2119,25.39248073,0.0255796747,0,0,inf,0.9985842378,-0.0002084786274,992.6819254,True,401,28.0472153,0.02810250926,0,0,inf,0,0.004044200018,998.032419,True,2119,25.39248073,0.0255796747,0,0,inf,0,0.0002084786274,992.6819254,True
batch/mean_segment_length,batch/mean_segment_length,none,continuous,pre_update,not different,1,uniformly different,1.093355269,uniformly different,1.093355269,False,False,401,0,0,3.486691359e-15,6.625836755e-18,0,0,0,526.2265716,False,2119,0,0,3.689005919e-15,6.977047878e-18,0,0,0,528.7344996,False,401,14.73467608,0.02800063105,3.486691359e-15,6.625836755e-18,inf,0.9975062344,0.003799342597,526.2265716,True,2119,13.54079508,0.02560981946,3.689005919e-15,6.977047878e-18,inf,0.9985842378,0.0002134285371,528.7344996,True,401,14.73467608,0.02800063105,3.486691359e-15,6.625836755e-18,inf,0,-0.003799342597,526.2265716,True,2119,13.54079508,0.02560981946,3.689005919e-15,6.977047878e-18,inf,0,-0.0002134285371,528.7344996,True
batch/micro_batches,batch/micro_batches,none,continuous,pre_update,not different,1,not different,1,not different,1,False,False,401,0,0,0,0,0,0,0,8,False,2119,0,0,0,0,0,0,0,8,False,401,0,0,0,0,0,0,0,8,False,2119,0,0,0,0,0,0,0,8,False,401,0,0,0,0,0,0,0,8,False,2119,0,0,0,0,0,0,0,8,False
batch/segments_per_row_max,batch/segments_per_row_max,none,continuous,pre_update,not different,1,uniformly different,0.9912792412,uniformly different,0.9912792412,False,False,401,0,0,0,0,0,0,0,9.693266833,False,2119,0,0,0,0,0,0,0,9.780556866,False,401,0.9449709061,0.097487351,0,0,inf,0.9102244389,0.001269187891,9.693266833,True,2119,0.961868806,0.09834499397,0,0,inf,0.8754129306,-0.0002669883394,9.780556866,True,401,0.9449709061,0.097487351,0,0,inf,0,-0.001269187891,9.693266833,True,2119,0.961868806,0.09834499397,0,0,inf,0,0.0002669883394,9.780556866,True
batch/segments_per_row_mean,batch/segments_per_row_mean,none,continuous,pre_update,not different,1,uniformly different,1.09862653,uniformly different,1.09862653,False,False,401,0,0,0,0,0,0,0,3.898564137,False,2119,0,0,0,0,0,0,0,3.877663771,False,401,0.1095594347,0.02810250926,0,0,inf,0.9975062344,-0.004044200018,3.898564137,True,2119,0.09918937785,0.0255796747,0,0,inf,0.9985842378,-0.0002084786274,3.877663771,True,401,0.1095594347,0.02810250926,0,0,inf,0,0.004044200018,3.898564137,True,2119,0.09918937785,0.0255796747,0,0,inf,0,0.0002084786274,3.877663771,True
batch/valid_targets,batch/valid_targets,none,continuous,pre_update,not different,1,not different,1,not different,1,False,False,401,0,0,0,0,0,0,0,524288,False,2119,0,0,0,0,0,0,0,524288,False,401,0,0,0,0,0,0,0,524288,False,2119,0,0,0,0,0,0,0,524288,False,401,0,0,0,0,0,0,0,524288,False,2119,0,0,0,0,0,0,0,524288,False
calib/grad_cosine_prev,calib/grad_cosine_prev,none,sparse,pre_update,not estimable,,not different,0.1935585474,not estimable,,False,False,9,0.1186222837,0.218080558,0.09996709035,0.1837840089,1.186613348,0.6666666667,0.07575665587,0.5439379136,False,0,,,,,,,,,False,7,0.2608985608,0.5373080408,0.1158742894,0.2386375273,2.251565573,0.7142857143,-0.2339333881,0.4855660832,False,14,0.2519874263,2.775945821,0.1960252106,2.159454431,1.285484788,0.5,-0.6672103418,0.09077534021,False,4,0.2616665439,0.3404124696,0.03702370845,0.04816562271,7.067540092,0,0.3404124696,0.7686749671,True,0,,,,,,,,,False
calib/grad_norm,calib/grad_norm,none,sparse,pre_update,not estimable,,warmup-dominated,7.801080801,not estimable,,True,False,10,0.1697821301,0.3678188803,0.0585339041,0.1268088406,2.900577583,0.7,0.3601441583,0.4615916669,False,0,,,,,,,,,False,8,0.7317075533,1.334388122,0.07852391364,0.1432011699,9.318276681,0.75,0.3453038583,0.5483468722,True,14,0.03802285369,0.1710516987,0.03805729799,0.1712066517,0.9990949358,0.3571428571,0.1457585979,0.2222886647,False,5,1.370154338,1.849536758,0.09705979943,0.1310185735,14.11659972,0,0.03405398367,0.7408094659,True,0,,,,,,,,,False
curvature/Hg_norm [native],curvature/Hg_norm,native,sparse,post_update,not estimable,,uniformly different,0.672429878,not estimable,,False,False,10,10.3946893,1.008784694,5.294318361,0.51380346,1.963366876,0.9,1.008784694,10.30417032,False,0,,,,,,,,,False,5,4.007840833,0.7062062151,1.618596838,0.2852067221,2.476120513,0.8,0.07213733277,5.675170719,False,17,49.98471642,1.050230274,11.13573753,0.2339732927,4.488675875,0.9411764706,1.050230274,47.59405403,True,2,0.389965926,0.6021101936,0.02480749493,0.03830295053,15.71968178,0,-0.6021101936,0.6476653778,True,0,,,,,,,,,False
curvature/Hg_norm [shadow_fp32],curvature/Hg_norm,shadow_fp32,sparse,post_update,not estimable,,uniformly different,0.6802048913,not estimable,,False,False,10,9.938299018,0.9631021144,5.241383916,0.5079327883,1.896121173,0.9,0.9631021144,10.31905015,False,0,,,,,,,,,False,5,4.073462904,0.7119018363,1.613059612,0.2819075874,2.525302149,0.8,0.06716016821,5.721944651,False,17,49.83185199,1.046599114,11.05696156,0.2322250871,4.506830535,1,1.046599114,47.61312268,True,2,0.4267438057,0.6591788962,0.02480087174,0.03830919403,17.20680669,0,-0.6591788962,0.6473869358,True,0,,,,,,,,,False
curvature/arith_eps [native],curvature/arith_eps,native,sparse,post_update,not estimable,,not different,1,not estimable,,False,False,10,0,0,0,0,0,0,0,0.0078125,False,0,,,,,,,,,False,5,0,0,0,0,0,0,0,0.0078125,False,17,0,0,0,0,0,0,0,0.0078125,False,2,0,0,0,0,0,0,0,0.0078125,False,0,,,,,,,,,False
curvature/arith_eps [shadow_fp32],curvature/arith_eps,shadow_fp32,sparse,post_update,not estimable,,not different,1,not estimable,,False,False,10,0,0,0,0,0,0,0,1.192092896e-07,False,0,,,,,,,,,False,5,0,0,0,0,0,0,0,1.192092896e-07,False,17,0,0,0,0,0,0,0,1.192092896e-07,False,2,0,0,0,0,0,0,0,1.192092896e-07,False,0,,,,,,,,,False
curvature/c_fd_gradient [native],curvature/c_fd_gradient,native,sparse,post_update,not estimable,,not different,0.8546733556,not estimable,,False,False,10,1.40448451,0.9321546176,0.7806536655,0.518118864,1.799113451,0.5,0.9303950098,1.506707668,False,0,,,,,,,,,False,5,0.6179666519,0.5877628213,0.494435587,0.4702694792,1.249842584,0.4,0.1238639044,1.051387787,False,17,5.58547062,0.6877046271,2.000986002,0.2463690933,2.791359167,0.8823529412,0.6877046271,8.121903504,False,2,0.06275177002,19.64179104,0.01716783926,5.373666931,3.655193241,0,15.49253731,0.00319480896,True,0,,,,,,,,,False
curvature/c_fd_gradient [shadow_fp32],curvature/c_fd_gradient,shadow_fp32,sparse,post_update,not estimable,,not different,0.8707540194,not estimable,,False,False,10,1.423662529,0.9366514853,0.7607282025,0.5004958594,1.871447021,0.8,0.9366514853,1.519949043,False,0,,,,,,,,,False,5,0.6560195682,0.5681023508,0.4733489951,0.4099125848,1.385910977,0.6,0.07436677147,1.154755947,False,17,5.407712353,0.6524257575,1.946215406,0.2348055847,2.778578535,0.7647058824,0.6524257575,8.28862486,False,2,0.03328323364,41.05882353,0.0009549773951,1.178078091,34.85237851,0,40,0.0008106231689,True,0,,,,,,,,,False
curvature/c_fd_random [native],curvature/c_fd_random,native,sparse,post_update,not estimable,,not different,0.04649414503,not estimable,,False,False,10,6.89750274,1.032062911,28.62889827,4.283698784,0.2409279838,0.1,1.012051502,6.683219274,False,0,,,,,,,,,False,5,6.087083817,2.306347291,47.7583514,18.09525672,0.1274559033,0.2,-0.3355652073,2.639274597,False,17,102.9905953,49.60511241,85.24210015,41.05660275,1.208212786,0.4705882353,7.451804678,2.076209293,False,2,0.107383728,2.0270027,0.730159462,13.78267665,0.1470688714,0,-1.886588659,0.05297660828,False,0,,,,,,,,,False
curvature/c_fd_random [shadow_fp32],curvature/c_fd_random,shadow_fp32,sparse,post_update,not estimable,,not different,0.110998646,not estimable,,False,False,10,0.03376139535,1.565009701,0.05251618247,2.43438798,0.6428760386,0.4,-0.3113564359,0.02157264286,False,0,,,,,,,,,False,5,0.0251449479,1.182231467,0.04935547962,2.320529806,0.5094661848,0,-1.168182045,0.02126905653,False,17,0.01200803744,10.65086386,0.02326523544,20.63574972,0.5161365108,0.1764705882,-0.606357982,0.001127423804,False,2,0.06251864963,1.177879816,0.08188566941,1.542763284,0.7634870678,0,1.177879816,0.0530772739,False,0,,,,,,,,,False
curvature/c_fd_update [native],curvature/c_fd_update,native,sparse,post_update,not estimable,,not different,0.03729132915,not estimable,,False,False,10,12.14600007,6.147592121,17.87594574,9.047754207,0.6794605579,0.5,6.081215268,1.975732909,False,0,,,,,,,,,False,5,8.430291812,1.672973191,78.52505586,15.58312763,0.1073579855,0.2,1.383417007,5.039107535,False,17,121.6121203,44.86225697,79.53707293,29.34092914,1.528999193,0.4117647059,-10.77342849,2.710789169,False,2,0.01981523302,19.78835979,0.004433871163,4.427857989,4.469059269,0,-7.08994709,0.001001358032,True,0,,,,,,,,,False
curvature/c_fd_update [shadow_fp32],curvature/c_fd_update,shadow_fp32,sparse,post_update,not estimable,,not different,0.4393939295,not estimable,,False,False,10,0.03697607252,14.62489522,0.04404146354,17.41942142,0.8395741092,0.5,3.751047779,0.002528296577,False,0,,,,,,,,,False,5,0.02831379573,3.867455493,0.02392931115,3.268567264,1.183226527,0.4,-2.153676364,0.007321039836,False,17,0.01168788648,8.801795459,0.01147558041,8.641914146,1.018500683,0.4705882353,5.808308396,0.001327897988,False,2,0.1589457194,33.33333333,0.03302632894,6.926123179,4.812697157,0,33.33333333,0.004768371582,True,0,,,,,,,,,False
curvature/curv_eps_gradient [native],curvature/curv_eps_gradient,native,sparse,post_update,not estimable,,not different,1,not estimable,,False,False,10,0,0,0.003130495168,0.03130495168,0,0,0,0.1,False,0,,,,,,,,,False,5,0,0,0.006260990337,0.06260990337,0,0,0,0.1,False,17,0,0,0,0,0,0,0,0.1,False,2,0,0,0.01565247584,0.1565247584,0,0,0,0.1,False,0,,,,,,,,,False
curvature/curv_eps_gradient [shadow_fp32],curvature/curv_eps_gradient,shadow_fp32,sparse,post_update,not estimable,,not different,0.1334680531,not estimable,,False,False,10,0.001539424252,0.03070219782,0.01192505261,0.2378326336,0.129091611,0.5,-0.03070219782,0.05014052289,False,0,,,,,,,,,False,5,0.00180184426,0.03723537653,0.007771048667,0.1605898631,0.2318662947,0,-0.0232763737,0.04839065502,False,17,0.001723053411,0.2789834396,0.0009140749033,0.1479999163,1.885024307,0.8235294118,-0.2789834396,0.006176185271,False,2,0,0,0.01565247584,0.1565247584,0,0,0,0.1,False,0,,,,,,,,,False
curvature/curv_eps_random [native],curvature/curv_eps_random,native,sparse,post_update,not estimable,,not different,1.412671233,not estimable,,False,False,10,0.0507,1.673267327,0.03887260915,1.282924394,1.304260278,0.1,1.541254125,0.0303,False,0,,,,,,,,,False,5,0.05,1.5625,0.04472436866,1.397636521,1.117958766,0,1.5625,0.032,False,17,0.04723529412,1.106060606,0.03630324082,0.850075887,1.301131608,0.1764705882,-0.3236914601,0.04270588235,False,2,0.045,2.25,0.04454994041,2.227497021,1.010102361,0,-2.25,0.02,False,0,,,,,,,,,False
curvature/curv_eps_random [shadow_fp32],curvature/curv_eps_random,shadow_fp32,sparse,post_update,not estimable,,not different,2.404935697,not estimable,,False,False,10,0.0278,1.470899471,0.03332876538,1.76342674,0.8341143058,0.1,0.2962962963,0.0189,False,0,,,,,,,,,False,5,0.0374,3.339285714,0.05135957857,4.585676658,0.7281991215,0,3.339285714,0.0112,False,17,0.02417647059,1.388513514,0.03366596342,1.933518169,0.7181279884,0,0.7533783784,0.01741176471,False,2,0.0035,0.5384615385,0.05252942417,8.081449872,0.06662932358,0,-0.5384615385,0.0065,False,0,,,,,,,,,False
curvature/curv_eps_update [native],curvature/curv_eps_update,native,sparse,post_update,not estimable,,not different,0.4063961814,not estimable,,False,False,10,0.0507,0.9388888889,0.03352024805,0.6207453343,1.51251864,0.3,-0.01296296296,0.054,False,0,,,,,,,,,False,5,0.018,0.36,0.03180387578,0.6360775155,0.5659687557,0.2,-0.2,0.05,False,17,0.02464705882,0.8858350951,0.03160617457,1.135951306,0.7798178413,0.2352941176,-0.2093023256,0.02782352941,False,2,0.035,0.35,0.01565247584,0.1565247584,2.236067977,0,-0.35,0.1,False,0,,,,,,,,,False
curvature/curv_eps_update [shadow_fp32],curvature/curv_eps_update,shadow_fp32,sparse,post_update,not estimable,,not different,3.377990431,not estimable,,False,False,10,0.0581,1.545212766,0.04013484202,1.067416011,1.44762,0.2,0.4069148936,0.0376,False,0,,,,,,,,,False,5,0.0496,3.263157895,0.03493831255,2.298573194,1.419644979,0,1.842105263,0.0152,False,17,0.04011764706,0.9660056657,0.03440688874,0.8284944881,1.165977179,0.2352941176,0.008498583569,0.04152941176,False,2,0.097,14.92307692,0.02360688833,3.631828974,4.108970171,0,0,0.0065,True,0,,,,,,,,,False
curvature/curv_floor_gradient [native],curvature/curv_floor_gradient,native,sparse,post_update,not estimable,,uniformly different,0.4502573133,not estimable,,False,False,10,0.1792367082,0.008228108341,14.74215267,0.6767588546,0.01215810962,0.9,-0.008153710154,21.78346477,False,0,,,,,,,,,False,5,1.314903647,0.07400809668,29.48266239,1.659403512,0.04459921662,1,-0.07400809668,17.76702423,False,17,0.8829437032,0.16436845,0.08507447562,0.01583743068,10.37847952,1,-0.16436845,5.371734681,True,2,0.676458329,0.02085552761,73.47322469,2.265213984,0.009206868649,0,0.02085552761,32.43544549,False,0,,,,,,,,,False
curvature/curv_floor_gradient [shadow_fp32],curvature/curv_floor_gradient,shadow_fp32,sparse,post_update,not estimable,,not different,0.8679919342,not estimable,,False,False,10,0.005241070607,0.9419411389,0.02716953961,4.882992236,0.1929024445,0.8,0.9345085218,0.005564116897,False,0,,,,,,,,,False,5,0.002203602666,0.5428203588,0.002365961794,0.5828147921,0.9313771136,0.6,0.09058953652,0.004059543145,False,17,0.018306178,0.6253748883,0.00725402406,0.247811667,2.523589368,0.8235294118,0.6253748883,0.02927232663,False,2,1.058258476e-05,0.02138226756,0.001121310547,2.265624387,0.009437693061,0,0.02138226756,0.0004949234096,False,0,,,,,,,,,False
curvature/curv_floor_random [native],curvature/curv_floor_random,native,sparse,post_update,not estimable,,not different,0.2582385831,not estimable,,False,False,10,2377.540226,1.095271685,10666.39836,4.913735626,0.2229000028,0.8,-0.8291111336,2170.731023,False,0,,,,,,,,,False,5,881.2705945,0.8459355472,8050.578295,7.727785765,0.1094667442,0.8,-0.8459355472,1041.770378,False,17,2671.149895,3.275790694,1874.074554,2.298289585,1.425316773,0.3529411765,1.549417402,815.4214187,False,2,1609.334211,0.8943019095,15424.48175,8.57133552,0.1043363555,0,0.8943019095,1799.542407,False,0,,,,,,,,,False
curvature/curv_floor_random [shadow_fp32],curvature/curv_floor_random,shadow_fp32,sparse,post_update,not estimable,,not different,0.1473372535,not estimable,,False,False,10,0.1268065823,1.085714714,0.1914439431,1.639138143,0.6623692569,0.4,0.655452124,0.1167954903,False,0,,,,,,,,,False,5,0.02613111506,0.1794465341,0.1564489214,1.074359691,0.1670264955,0.4,-0.1794465341,0.1456206173,False,17,0.01669381995,1.217930495,0.03430653817,2.502901022,0.4866075342,0.3529411765,0.1161086473,0.01370670988,False,2,0.2517539288,0.8389333037,0.2967811038,0.9889798069,0.8482815299,0,0.8389333037,0.300088133,False,0,,,,,,,,,False
curvature/curv_floor_update [native],curvature/curv_floor_update,native,sparse,post_update,not estimable,,not different,0.1563825347,not estimable,,False,False,10,2179.656474,4.843182605,1596.409531,3.547211665,1.365349199,0.6,3.102136981,450.0463129,False,0,,,,,,,,,False,5,225.4617458,0.6976817346,1611.428639,4.986497039,0.1399141981,0.4,-0.2927500062,323.158447,False,17,2057.785379,4.461378862,1719.581715,3.728136856,1.196677867,0.4117647059,4.06078003,461.2442571,False,2,164.9722695,5.085804348,73.20977922,2.25692848,2.253418482,0,5.085804348,32.43779317,False,0,,,,,,,,,False
curvature/curv_floor_update [shadow_fp32],curvature/curv_floor_update,shadow_fp32,sparse,post_update,not estimable,,not different,0.7280970775,not estimable,,False,False,10,0.1271030739,1.198486321,0.1708971525,1.611431521,0.7437401502,0.5,0.2821920861,0.1060530034,False,0,,,,,,,,,False,5,0.2513120202,1.714096876,0.1322780961,0.9022149878,1.899876303,0.4,-0.1419939626,0.146614829,False,17,0.0295495049,2.354214745,0.02939665352,2.342037046,1.005199618,0.5882352941,0.4835081664,0.01255174574,False,2,0.5387323314,1.795011495,0.2598805723,0.8659005361,2.072999635,0,0.03916385941,0.3001275105,False,0,,,,,,,,,False
curvature/curv_snr_gradient [native],curvature/curv_snr_gradient,native,sparse,post_update,not estimable,,uniformly different,0.5223055291,not estimable,,False,False,10,0.0712016854,0.7402386784,0.04301818079,0.44723269,1.655153335,0.6,0.7392507287,0.09618746962,False,0,,,,,,,,,False,5,0.07398919217,0.5328750061,0.0548574425,0.3950868924,1.348753948,0.2,0.3393859546,0.1388490571,False,17,1.630793139,1.020236196,0.3783012662,0.2366680577,4.310831828,0.9411764706,1.020236196,1.598446659,True,2,0.001593271211,13.55162049,0.0001364658151,1.160714462,11.6752405,0,-13.55162049,0.0001175705306,True,0,,,,,,,,,False
curvature/curv_snr_gradient [shadow_fp32],curvature/curv_snr_gradient,shadow_fp32,sparse,post_update,not estimable,,not different,2.317059638,not estimable,,False,False,10,14.56242476,0.07821594891,14.44839578,0.07760349013,1.007892155,0.5,-0.04249162635,186.1822935,False,0,,,,,,,,,False,5,36.58046885,0.2102818435,17.45904734,0.1003628651,2.095215629,0.4,0.167547155,173.9592361,False,17,26.1664907,0.09075374673,21.73852331,0.07539614163,1.203692189,0.5294117647,0.01797852372,288.3240818,False,2,65.15796029,39.78941392,0.8495874862,0.5188097969,76.69364409,0,-39.78941392,1.637570245,True,0,,,,,,,,,False
curvature/curv_snr_random [native],curvature/curv_snr_random,native,sparse,post_update,not estimable,,not different,1.47749397,not estimable,,False,False,10,0.001529746486,0.3046972986,0.001993479755,0.3970644166,0.7673749797,0.4,-0.04191562626,0.005020544958,False,0,,,,,,,,,False,5,0.01180978928,0.9149005072,0.007844782418,0.6077327244,1.505432356,0.8,0.9149005072,0.01290827711,False,17,0.02573851182,0.6192245288,0.01950997821,0.4693766736,1.31924862,0.3529411765,0.2512970798,0.04156571749,False,2,0.0001269415539,2.397578175,2.461512321e-05,0.46491224,5.157055393,0,-2.397578175,5.294574136e-05,True,0,,,,,,,,,False
curvature/curv_snr_random [shadow_fp32],curvature/curv_snr_random,shadow_fp32,sparse,post_update,not estimable,,not different,0.7877101837,not estimable,,False,False,10,0.1688784798,0.5675685722,0.1385790903,0.4657380653,1.218643299,0.6,-0.009099628592,0.297547271,False,0,,,,,,,,,False,5,0.1830416197,0.5775893602,0.1684758449,0.5316269362,1.086456161,0.8,0.1514514498,0.3169061488,False,17,0.3593899289,0.733251102,0.2171326002,0.4430082915,1.655163382,0.3529411765,0.6031489273,0.490132136,False,2,0.2970492561,1.541425186,0.09581092945,0.4971747168,3.100369215,0,-0.5434598525,0.192710784,True,0,,,,,,,,,False
curvature/curv_snr_update [native],curvature/curv_snr_update,native,sparse,post_update,not estimable,,not different,1.578609841,not estimable,,False,False,10,0.001555609511,0.3278375856,0.001355816757,0.2857321771,1.147359702,0.4,-0.02899711996,0.004745061516,False,0,,,,,,,,,False,5,0.0147814959,1.008413434,0.01008342603,0.6879048197,1.46592,0.8,0.9377517142,0.01465817035,False,17,0.02413952101,0.6387983954,0.02109405809,0.5582070353,1.144375393,0.2352941176,0.4455871348,0.03778895061,False,2,3.629531197e-05,0.9491665633,1.984544028e-05,0.5189824064,1.828899307,0,-0.9491665633,3.823913881e-05,False,0,,,,,,,,,False
curvature/curv_snr_update [shadow_fp32],curvature/curv_snr_update,shadow_fp32,sparse,post_update,not estimable,,not different,0.6147722954,not estimable,,False,False,10,0.1188477,0.5038498053,0.1225524149,0.519555788,0.9697703633,0.4,0.3997446689,0.2358792218,False,0,,,,,,,,,False,5,0.1314380051,0.4154646152,0.2064171141,0.6524673499,0.636759242,0.2,0.01707603479,0.3163638979,False,17,0.305876921,0.6758024366,0.2280583956,0.5038707038,1.341221928,0.2941176471,0.4112837594,0.45261293,False,2,0.09966158587,0.5172901888,0.1612048783,0.8367286274,0.6182293421,0,0.4768675386,0.1926608856,False,0,,,,,,,,,False
curvature/dhd [native],curvature/dhd,native,sparse,post_update,not estimable,,uniformly different,1.116908152,not estimable,,False,False,10,0.03698832177,0.2490419069,0.04795442516,0.3228765437,0.7713223887,0.5,0.05134094646,0.1485224805,False,0,,,,,,,,,False,5,0.07355650532,0.4992116853,0.02441326268,0.1656873985,3.012973164,0.8,-0.4747838946,0.1473453196,True,17,0.02427555402,0.4469585832,0.007898860887,0.1454328773,3.073298083,0.9411764706,-0.4468558785,0.05431275947,True,2,0.02814747891,26.83267673,4.300791596e-05,0.04099896511,654.4720497,0,26.83267673,0.001049000038,True,0,,,,,,,,,False
curvature/dhd [shadow_fp32],curvature/dhd,shadow_fp32,sparse,post_update,not estimable,,uniformly different,1.119236283,not estimable,,False,False,10,0.03772108643,0.2535653746,0.04760425973,0.3200011743,0.7923888879,0.5,0.04692824362,0.1487627657,False,0,,,,,,,,,False,5,0.07397168979,0.5005679448,0.02426106421,0.16417512,3.048987842,0.8,-0.4813617041,0.1477755229,True,17,0.02431870561,0.4472406341,0.0078751481,0.1448303329,3.088031527,0.9411764706,-0.4471469679,0.05437499135,True,2,0.02978213196,27.88846978,4.583687221e-05,0.04292238806,649.7418022,0,27.88846978,0.001067901258,True,0,,,,,,,,,False
curvature/e_curv_gradient [shadow_fp32],curvature/e_curv_gradient,shadow_fp32,sparse,post_update,not estimable,,not different,1.398621388,not estimable,,False,False,6,0.0006434552265,0.6259044792,0.001657319048,1.612114368,0.3882506673,0.5,-0.1504052519,0.001028040616,False,0,,,,,,,,,False,3,0.001157412158,1.566555955,0.00086874456,1.17584471,1.332281331,0.3333333333,1.219340778,0.000738825929,False,17,0.001315739122,1.120071499,0.001011178428,0.8608029653,1.30119382,0.3529411765,0.5660326768,0.001174692083,False,0,,,,,,,,,False,0,,,,,,,,,False
curvature/e_fd_gradient [shadow_fp32],curvature/e_fd_gradient,shadow_fp32,sparse,post_update,not estimable,,not different,1.058092462,not estimable,,False,False,10,3.487276297e-05,0.1523529378,6.300470104e-05,0.275256403,0.5534946187,0.8,-0.03028743796,0.0002288945883,False,0,,,,,,,,,False,5,0.0003250518844,0.5941633321,0.0001421718028,0.2598762725,2.286331593,1,0.4644893847,0.0005470749655,False,17,0.0004099971611,0.5615419763,0.0002472061906,0.3385795463,1.658523034,1,-0.5615419763,0.0007301273608,False,2,3.216746758e-05,0.2832617795,4.660764178e-06,0.04104197358,6.901758243,0,0.2832617795,0.0001135609176,True,0,,,,,,,,,False
curvature/e_fd_random [shadow_fp32],curvature/e_fd_random,shadow_fp32,sparse,post_update,not estimable,,not estimable,,not estimable,,False,False,1,0.0005818792991,0.5674056554,3.630533517e-05,0.03540227763,16.02737715,1,0.5674056554,0.001025508459,False,0,,,,,,,,,False,0,,,,,,,,,False,0,,,,,,,,,False,0,,,,,,,,,False,0,,,,,,,,,False
curvature/e_lin_gradient [native],curvature/e_lin_gradient,native,sparse,post_update,not estimable,,not different,2.297400253,not estimable,,False,False,10,0.00225275654,0.3454209339,0.002106992647,0.3230705827,1.069181016,0.4,0.3299437281,0.006521771898,False,0,,,,,,,,,False,5,0.003184259547,0.3887758835,0.002868923221,0.3502755173,1.109914523,0,0.2742400537,0.008190476009,False,17,0.000966111879,0.1692242712,0.0004525994262,0.07927736913,2.134584852,0.9411764706,-0.1692242712,0.005709062135,False,2,0.008535082367,0.9332687044,0.005090198788,0.5565878598,1.676767985,0,0.1310665824,0.009145364381,False,0,,,,,,,,,False
curvature/e_lin_gradient [shadow_fp32],curvature/e_lin_gradient,shadow_fp32,sparse,post_update,not estimable,,warmup-dominated,4.828239475,not estimable,,True,False,10,2.811836979e-06,0.3576584743,3.063904469e-07,0.03897208145,9.177299774,0.7,0.341445249,7.861793249e-06,True,0,,,,,,,,,False,5,2.241718831e-06,0.2787868381,1.526571607e-07,0.01898489969,14.68466217,0.8,0.2787868381,8.040977997e-06,True,17,2.842707765e-08,0.0577408887,3.077241076e-08,0.0625047135,0.923784551,0.2941176471,0.0226492794,4.923214432e-07,False,2,1.605874772e-06,0.08289649971,2.911537861e-07,0.01502958398,5.515555177,0,0.08289649971,1.93720456e-05,True,0,,,,,,,,,False
curvature/e_lin_random [native],curvature/e_lin_random,native,sparse,post_update,not estimable,,uniformly different,0.3288824994,not estimable,,False,False,10,0.001811608462,0.1606693676,0.0003152810328,0.0279618942,5.74601157,1,0.1606693676,0.0112753818,True,0,,,,,,,,,False,5,0.0009703374442,0.08120768746,0.0002846293835,0.02382067615,3.409126044,0.8,0.08120768746,0.01194883729,True,17,0.002747110948,0.246920063,0.0005723131429,0.05144153256,4.800013737,1,-0.246920063,0.01112550724,True,2,0.0002686816206,0.02237271244,0.0001443649399,0.01202105034,1.861127922,0,0.00965553177,0.01200934492,False,0,,,,,,,,,False
curvature/e_lin_random [shadow_fp32],curvature/e_lin_random,shadow_fp32,sparse,post_update,not estimable,,uniformly different,1.844661198,not estimable,,False,False,10,1.058696968e-07,0.1514523327,1.459580177e-08,0.02088008461,7.25343482,1,0.1514523327,6.990298192e-07,True,0,,,,,,,,,False,5,1.541580303e-07,0.2004660506,1.767780451e-08,0.02298809634,8.720428507,1,0.1887892854,7.689981914e-07,True,17,8.57888998e-08,0.108673642,4.042327937e-08,0.05120644977,2.122264723,0.7058823529,0.08725913881,7.894177305e-07,False,2,6.82883929e-08,0.0844617147,8.470666407e-09,0.01047684649,8.061749762,0,0.0844617147,8.08512983e-07,True,0,,,,,,,,,False
curvature/e_lin_update [native],curvature/e_lin_update,native,sparse,post_update,not estimable,,warmup-dominated,2.950803715,not estimable,,True,False,10,0.007159212943,0.4507952135,0.001635328795,0.1029719885,4.377843139,0.8,0.4507952135,0.0158812976,True,0,,,,,,,,,False,5,0.006448715418,0.3900051945,0.00214194124,0.1295402504,3.01068736,0.8,0.3900051945,0.01653494751,True,17,0.001402794143,0.1321691417,0.0006598575859,0.06217078337,2.125904397,0.7647058824,-0.1295118709,0.0106136283,False,2,0.005247031212,0.2172224164,0.004469599127,0.1850374208,1.173937766,0,-0.2172224164,0.02415510931,False,0,,,,,,,,,False
curvature/e_lin_update [shadow_fp32],curvature/e_lin_update,shadow_fp32,sparse,post_update,not estimable,,uniformly different,1.224370752,not estimable,,False,False,10,7.969524727e-08,0.1294466651,2.303233131e-08,0.03741074381,3.460146791,0.8,0.1294466651,6.156608761e-07,True,0,,,,,,,,,False,5,1.665221787e-07,0.2311040972,2.995081205e-08,0.0415665675,5.559855217,1,0.1692008723,7.205505254e-07,True,17,1.449478296e-07,0.1887533631,4.147687455e-08,0.05401184402,3.494666152,0.9411764706,0.1887533631,7.679218383e-07,True,2,1.21581744e-07,0.1670657694,1.526244893e-08,0.02097216811,7.966070486,0,0.1670657694,7.277477869e-07,True,0,,,,,,,,,False
curvature/e_sym_gradient [native],curvature/e_sym_gradient,native,sparse,post_update,not estimable,,warmup-dominated,2.70139926,not estimable,,True,False,10,0.1347123543,16.18063924,0.01326999933,1.593892951,10.15164741,0.5,16.01122873,0.008325527332,True,0,,,,,,,,,False,5,0.08798333211,5.433376624,0.01608655318,0.9934188662,5.469371288,0.8,5.032219787,0.01619312229,True,17,0.01374668396,2.011319358,0.0120379777,1.761313321,1.141942966,0.3529411765,1.568911279,0.006834660001,False,2,0.1385887953,14.43331455,0.009892065803,1.030208085,14.01009638,0,-14.43331455,0.009602007547,True,0,,,,,,,,,False
curvature/e_sym_gradient [shadow_fp32],curvature/e_sym_gradient,shadow_fp32,sparse,post_update,not estimable,,warmup-dominated,5.693014538,not estimable,,True,False,10,3.669822684e-05,6.192285104,4.535744501e-06,0.7653400593,8.090893752,0.6,6.141155072,5.926443345e-06,True,0,,,,,,,,,False,5,3.502140478e-05,6.350655796,4.658878998e-06,0.8448243896,7.517131222,0.4,6.34167605,5.514612333e-06,True,17,1.305466667e-06,1.115517228,2.557824597e-06,2.185653205,0.5103816221,0.4117647059,-0.1504242093,1.170279252e-06,False,2,2.858943677e-05,2.168427309,1.04719289e-05,0.794265966,2.73010226,0,-0.570177434,1.318441096e-05,False,0,,,,,,,,,False
curvature/e_sym_random [native],curvature/e_sym_random,native,sparse,post_update,not estimable,,warmup-dominated,2.886603738,not estimable,,True,False,10,0.1939857253,13.81312408,0.02482257842,1.767539107,7.814890217,0.5,13.3120105,0.01404358089,True,0,,,,,,,,,False,5,0.1263519144,10.08726404,0.03210943015,2.563445926,3.935040695,0.4,9.955707879,0.0125258855,True,17,0.04356434737,3.494509449,0.03329871916,2.671053184,1.308288981,0.5882352941,3.135477163,0.01246651297,False,2,0.2639602389,40.03075096,0.02359487221,3.578267913,11.18718663,0,-40.03075096,0.006593936726,True,0,,,,,,,,,False
curvature/e_sym_random [shadow_fp32],curvature/e_sym_random,shadow_fp32,sparse,post_update,not estimable,,not different,0.5978626262,not estimable,,False,False,10,1.038145028e-05,13.18757301,3.607272964e-06,4.582324658,2.877922015,0.5,12.62339217,7.872146198e-07,False,0,,,,,,,,,False,5,3.027517057e-06,3.787229951,4.459388789e-06,5.578409787,0.6789085233,0.4,3.345002851,7.99401435e-07,False,17,4.982470923e-06,6.334615654,4.364785712e-05,55.49302811,0.1141515587,0.4705882353,5.940489296,7.865466817e-07,False,2,5.674648355e-06,7.166537059,2.231827741e-06,2.818584556,2.542601407,0,-2.346005934,7.918257184e-07,False,0,,,,,,,,,False
curvature/e_sym_update [native],curvature/e_sym_update,native,sparse,post_update,not estimable,,not different,1.90491797,not estimable,,False,False,10,0.1545593678,2.556546655,0.08477456888,1.402245257,1.823180818,0.7,1.019383081,0.06045630637,False,0,,,,,,,,,False,5,0.0418432637,1.308236152,0.06314398041,1.974206376,0.6626643335,0.6,0.6452055059,0.03198448814,False,17,0.009337749325,0.6867677102,0.06934643476,5.100253878,0.1346536323,0.2941176471,-0.4209181164,0.01359666331,False,2,0.06265508252,0.9300238915,0.1288211058,1.91216261,0.4863728047,0,-0.9300238915,0.06736932577,False,0,,,,,,,,,False
curvature/e_sym_update [shadow_fp32],curvature/e_sym_update,shadow_fp32,sparse,post_update,not estimable,,warmup-dominated,5.363733372,not estimable,,True,False,10,5.118023272e-06,6.719359114,2.256357429e-06,2.962330386,2.268267964,0.2,5.769215606,7.616832477e-07,False,0,,,,,,,,,False,5,3.304480519e-06,4.386395795,9.642412287e-07,1.279942081,3.427026786,0.4,4.239734323,7.533475484e-07,True,17,1.07860491e-06,0.8177878152,6.578573796e-06,4.987811055,0.1639572562,0.2941176471,0.4454462305,1.318930032e-06,False,2,7.577801973e-07,0.7189714912,1.61059066e-06,1.528106399,0.4704983185,0,0.1353529113,1.053978088e-06,False,0,,,,,,,,,False
curvature/eta_star [native],curvature/eta_star,native,sparse,post_update,not estimable,,not different,1.179446193,not estimable,,False,False,6,0.0967440736,0.1887945562,0.1486105988,0.2900112741,0.650990403,0.8333333333,-0.1887945562,0.5124304194,False,0,,,,,,,,,False,3,0.2638291876,0.4926969057,0.2100512839,0.3922675067,1.256022733,0.3333333333,0.06136899208,0.5354796925,False,17,0.07801987944,0.4177358057,0.05526794737,0.2959168957,1.41166595,0.7647058824,-0.4177358057,0.1867684751,False,0,,,,,,,,,False,0,,,,,,,,,False
curvature/eta_star [shadow_fp32],curvature/eta_star,shadow_fp32,sparse,post_update,not estimable,,not different,1.466779486,not estimable,,False,False,8,143.5169189,0.5037881458,299.6049593,1.051704761,0.4790205049,0.875,-0.5037881458,284.8755376,False,0,,,,,,,,,False,4,164.2044083,0.6082524743,228.8752543,0.847808784,0.7174406373,0.5,-0.6074202638,269.9609377,False,17,0.07722269303,0.4146856977,0.05621996776,0.3019011075,1.37358124,0.7647058824,-0.4146856977,0.1862198129,False,1,283.8958004,0.2632945517,914.8600904,0.8484721401,0.3103160837,0,0.2632945517,1078.244113,False,0,,,,,,,,,False
curvature/eta_star_rho [native],curvature/eta_star_rho,native,sparse,post_update,not estimable,,not different,2.960476412,not estimable,,False,False,10,0.03297414878,0.1004470824,0.03818320257,0.1163150964,0.8635773472,0.5,0.0995258383,0.3282738333,False,0,,,,,,,,,False,5,0.03977837908,0.1488588469,0.02433594816,0.09107010555,1.634552261,0.6,-0.0822466982,0.2672221363,False,17,0.02677960316,0.05028205807,0.03443900038,0.06466353539,0.7775952516,0.1764705882,-0.005216605343,0.5325876503,False,2,0.04719043152,17.7786132,0.001861074689,0.701144829,25.35654898,0,16.79876738,0.002654337039,True,0,,,,,,,,,False
curvature/eta_star_rho [shadow_fp32],curvature/eta_star_rho,shadow_fp32,sparse,post_update,not estimable,,not different,3.19898102,not estimable,,False,False,10,0.03114669546,0.09438424015,0.03809758737,0.1154476192,0.8175503388,0.5,0.09345075845,0.3299989003,False,0,,,,,,,,,False,5,0.0423649078,0.1576308934,0.02503188725,0.09313837689,1.692437625,0.6,-0.0940670251,0.2687601833,False,17,0.02626384339,0.04927534498,0.03440144472,0.06454284057,0.7634517562,0.1764705882,-0.006083495838,0.5330017152,False,2,0.05215954234,19.79398065,0.001872348403,0.7105359133,27.85781869,0,18.78840573,0.002635121417,True,0,,,,,,,,,False
curvature/eta_star_rho_threshold [native],curvature/eta_star_rho_threshold,native,sparse,post_update,not estimable,,not different,1,not estimable,,False,False,10,0,0,0,0,0,0,0,0.0625,False,0,,,,,,,,,False,5,0,0,0,0,0,0,0,0.0625,False,17,0,0,0,0,0,0,0,0.0625,False,2,0,0,0,0,0,0,0,0.0625,False,0,,,,,,,,,False
curvature/eta_star_rho_threshold [shadow_fp32],curvature/eta_star_rho_threshold,shadow_fp32,sparse,post_update,not estimable,,not different,1,not estimable,,False,False,10,0,0,0,0,0,0,0,9.536743164e-07,False,0,,,,,,,,,False,5,0,0,0,0,0,0,0,9.536743164e-07,False,17,0,0,0,0,0,0,0,9.536743164e-07,False,2,0,0,0,0,0,0,0,9.536743164e-07,False,0,,,,,,,,,False
curvature/fd_conclusive_gradient [native],curvature/fd_conclusive_gradient,native,sparse,post_update,not estimable,,not different,1,not estimable,,False,False,10,0,,0,,0,0,,0,False,0,,,,,,,,,False,5,0,,0,,0,0,,0,False,17,0,,0,,0,0,,0,False,2,0,,0,,0,0,,0,False,0,,,,,,,,,False
curvature/fd_conclusive_gradient [shadow_fp32],curvature/fd_conclusive_gradient,shadow_fp32,sparse,post_update,not estimable,,not different,1,not estimable,,False,False,10,0,0,0,0,0,0,0,1,False,0,,,,,,,,,False,5,0,0,0,0,0,0,0,1,False,17,0,0,0,0,0,0,0,1,False,2,0,0,0,0,0,0,0,1,False,0,,,,,,,,,False
curvature/fd_conclusive_random [native],curvature/fd_conclusive_random,native,sparse,post_update,not estimable,,not different,1,not estimable,,False,False,10,0,,0,,0,0,,0,False,0,,,,,,,,,False,5,0,,0,,0,0,,0,False,17,0,,0,,0,0,,0,False,2,0,,0,,0,0,,0,False,0,,,,,,,,,False
curvature/fd_conclusive_random [shadow_fp32],curvature/fd_conclusive_random,shadow_fp32,sparse,post_update,not estimable,,not different,1,not estimable,,False,False,10,0.1,0.5,0,0,inf,0.1,-0.5,0.2,True,0,,,,,,,,,False,5,0.4,1,0.1989872306,0.4974680765,2.01017924,0.2,-1,0.4,False,17,0.05882352941,1,0.3189349624,5.421894361,0.1844373818,0,-1,0.05882352941,False,2,0,,0,,0,0,,0,False,0,,,,,,,,,False
curvature/fd_conclusive_update [native],curvature/fd_conclusive_update,native,sparse,post_update,not estimable,,not different,1,not estimable,,False,False,10,0,,0,,0,0,,0,False,0,,,,,,,,,False,5,0,,0,,0,0,,0,False,17,0,,0,,0,0,,0,False,2,0,,0,,0,0,,0,False,0,,,,,,,,,False
curvature/fd_conclusive_update [shadow_fp32],curvature/fd_conclusive_update,shadow_fp32,sparse,post_update,not estimable,,not different,1,not estimable,,False,False,10,0,,0.05477225575,,0,0,,0,False,0,,,,,,,,,False,5,0,,0,,0,0,,0,False,17,0,,0,,0,0,,0,False,2,0,,0,,0,0,,0,False,0,,,,,,,,,False
curvature/fd_cos_gradient [shadow_fp32],curvature/fd_cos_gradient,shadow_fp32,sparse,post_update,not estimable,,not different,1.472508254,not estimable,,False,False,10,2.9124235e-08,2.912423851e-08,1.134676617e-07,1.134676753e-07,0.2566743209,0.7,2.729685053e-08,0.9999998796,False,0,,,,,,,,,False,5,3.697499794e-07,3.697500706e-07,1.611377881e-07,1.611378278e-07,2.294619926,0.8,-2.99984863e-07,0.9999997534,False,17,2.511021243e-07,2.511022058e-07,2.499690775e-07,2.499691586e-07,1.004532748,1,2.511022058e-07,0.9999996755,False,2,2.658985365e-09,2.658985379e-09,3.898447608e-10,3.898447628e-10,6.820626139,0,-2.658985379e-09,0.9999999948,True,0,,,,,,,,,False
curvature/fd_cos_random [shadow_fp32],curvature/fd_cos_random,shadow_fp32,sparse,post_update,not estimable,,not estimable,,not estimable,,False,False,1,7.668897789e-07,7.668901812e-07,3.927399493e-08,3.927401553e-08,19.52665575,1,-7.668901812e-07,0.9999994754,False,0,,,,,,,,,False,0,,,,,,,,,False,0,,,,,,,,,False,0,,,,,,,,,False,0,,,,,,,,,False
curvature/fd_eps_gradient [native],curvature/fd_eps_gradient,native,sparse,post_update,not estimable,,not different,1,not estimable,,False,False,10,0,0,0,0,0,0,0,0.03,False,0,,,,,,,,,False,5,0,0,0,0,0,0,0,0.03,False,17,0,0,0,0,0,0,0,0.03,False,2,0,0,0,0,0,0,0,0.03,False,0,,,,,,,,,False
curvature/fd_eps_gradient [shadow_fp32],curvature/fd_eps_gradient,shadow_fp32,sparse,post_update,not estimable,,uniformly different,0.5295489891,not estimable,,False,False,10,0.00027,0.02088167053,0.000440832815,0.03409379853,0.6124770907,0,-0.01005413766,0.01293,False,0,,,,,,,,,False,5,0.00454,0.3530326594,0.0002555665963,0.01987298571,17.76444992,0.2,-0.3312597201,0.01286,True,17,0.0004470588235,0.6666666667,0.0002416691511,0.3603838219,1.849879562,0.1764705882,0.6666666667,0.0006705882353,False,2,0.01,0.3333333333,0,0,inf,0,0.3333333333,0.03,True,0,,,,,,,,,False
curvature/fd_eps_random [native],curvature/fd_eps_random,native,sparse,post_update,not estimable,,not different,0.009517929331,not estimable,,False,False,10,0.002,0.07142857143,0.003309380607,0.1181921645,0.6043426966,0,0.07142857143,0.028,False,0,,,,,,,,,False,5,0.00018,0.007438016529,0.005373013363,0.2220253456,0.0335007542,0,-0.007438016529,0.0242,False,17,0.007047058824,0.7814742335,0.01145788976,1.270607476,0.6150398519,0.1764705882,-0.3939986954,0.009017647059,False,2,0,0,0,0,0,0,0,0.03,False,0,,,,,,,,,False
curvature/fd_eps_random [shadow_fp32],curvature/fd_eps_random,shadow_fp32,sparse,post_update,not estimable,,not different,1,not estimable,,False,False,10,0,0,0,0,0,0,0,0.03,False,0,,,,,,,,,False,5,0,0,0,0,0,0,0,0.03,False,17,0,0,0,0,0,0,0,0.03,False,2,0,0,0,0,0,0,0,0.03,False,0,,,,,,,,,False
curvature/fd_eps_update [native],curvature/fd_eps_update,native,sparse,post_update,not estimable,,not different,0.4604937622,not estimable,,False,False,10,0.004,0.1428571429,0.005720029218,0.2042867578,0.6992971272,0.1,-0.1428571429,0.028,False,0,,,,,,,,,False,5,0.0072,0.3272727273,0.006195145253,0.2815975115,1.162200353,0.2,-0.3272727273,0.022,False,17,0.01015882353,0.7106995885,0.01239989142,0.867482116,0.8192671358,0.1764705882,-0.05226337449,0.01429411765,False,2,0,0,0,0,0,0,0,0.03,False,0,,,,,,,,,False
curvature/fd_eps_update [shadow_fp32],curvature/fd_eps_update,shadow_fp32,sparse,post_update,not estimable,,not different,1,not estimable,,False,False,10,0,0,0,0,0,0,0,0.03,False,0,,,,,,,,,False,5,0,0,0,0,0,0,0,0.03,False,17,0,0,0,0,0,0,0,0.03,False,2,0,0,0,0,0,0,0,0.03,False,0,,,,,,,,,False
curvature/fd_floor_gradient [native],curvature/fd_floor_gradient,native,sparse,post_update,not estimable,,uniformly different,0.8110814182,not estimable,,False,False,10,0.08999854086,0.1578955323,0.01607564294,0.02820348167,5.598441146,1,0.1474950959,0.5699878874,True,0,,,,,,,,,False,5,0.09573578507,0.1826116896,0.01701585318,0.03245697203,5.626270049,1,0.06124847982,0.5242587989,True,17,0.1700840544,0.2251459416,0.04245780781,0.05620281778,4.005954692,1,0.2251459416,0.7554391308,True,2,0.009118842627,0.01673542277,0.002371156949,0.004351683171,3.845735573,0,-0.01667003381,0.5448827169,True,0,,,,,,,,,False
curvature/fd_floor_gradient [shadow_fp32],curvature/fd_floor_gradient,shadow_fp32,sparse,post_update,not estimable,,not different,1.369219941,not estimable,,False,False,10,0.0001055136669,0.885120926,5.212152222e-05,0.4372310372,2.024378076,1,-0.05691404757,0.0001192081938,False,0,,,,,,,,,False,5,0.0001735138639,0.7467934694,7.970635543e-05,0.3430514678,2.176913785,1,-0.376232332,0.0002323451812,False,17,0.0004001753754,0.5454152742,0.0002967880127,0.404504438,1.34835424,0.3529411765,-0.4507061899,0.0007337076799,False,2,1.011507171e-05,1.216597251,3.67421715e-08,0.004419190108,275.2986907,0,-1.216597251,8.31423193e-06,True,0,,,,,,,,,False
curvature/fd_floor_random [native],curvature/fd_floor_random,native,sparse,post_update,not estimable,,not different,0.9167214609,not estimable,,False,False,10,0.192781413,0.2868605619,0.4128343305,0.61430138,0.4669704013,0.8,-0.02559654053,0.6720387483,False,0,,,,,,,,,False,5,24.54058279,6.839522971,17.36116086,4.838599782,1.413533518,0.6,6.83098404,3.588054736,False,17,66.51239877,7.46085181,56.39889886,6.326396799,1.179320875,0.3529411765,6.809247205,8.914853218,False,2,0.009201762222,0.01688775399,0.002372700958,0.004354556128,3.878180347,0,-0.01682463976,0.5448777987,True,0,,,,,,,,,False
curvature/fd_floor_random [shadow_fp32],curvature/fd_floor_random,shadow_fp32,sparse,post_update,not estimable,,uniformly different,0.8465128811,not estimable,,False,False,10,1.371090149e-06,0.1577286814,2.44661646e-07,0.02814560287,5.604025686,1,0.1476917454,8.692712931e-06,True,0,,,,,,,,,False,5,1.468272192e-06,0.1838256389,2.558151918e-07,0.03202770666,5.739581694,1,0.0623335424,7.987309068e-06,True,17,2.487247644e-06,0.2171563398,6.267130546e-07,0.05471699345,3.96871842,1,0.2171563398,1.145371876e-05,True,2,1.605476361e-07,0.01930880892,3.675322235e-08,0.004420251616,4.368260136,0,-0.01930880892,8.314735347e-06,True,0,,,,,,,,,False
curvature/fd_floor_update [native],curvature/fd_floor_update,native,sparse,post_update,not estimable,,uniformly different,0.8042022534,not estimable,,False,False,10,0.3109666401,0.4602555621,1.076232413,1.592910268,0.2889400435,0.6,0.4340695558,0.6756390705,False,0,,,,,,,,,False,5,3.359769814,3.506719413,0.683031003,0.7129054105,4.91891261,0.8,3.506719413,0.9580948509,True,17,9.503039231,4.360494389,6.046202136,2.774315653,1.571736938,0.4117647059,4.110291908,2.179349033,False,2,0.009201503419,0.01688721868,0.002371627117,0.004352569784,3.87982721,0,-0.01682311071,0.5448797456,True,0,,,,,,,,,False
curvature/fd_floor_update [shadow_fp32],curvature/fd_floor_update,shadow_fp32,sparse,post_update,not estimable,,uniformly different,0.8465128985,not estimable,,False,False,10,1.371090043e-06,0.1577286675,2.446617366e-07,0.02814561298,5.604023179,1,0.1476917257,8.692713026e-06,True,0,,,,,,,,,False,5,1.468272308e-06,0.1838256463,2.558152705e-07,0.03202771528,5.739580382,1,0.06233346696,7.987309373e-06,True,17,2.487247711e-06,0.2171563441,6.267129452e-07,0.05471698353,3.968719219,1,0.2171563441,1.145371884e-05,True,2,1.605476935e-07,0.0193088158,3.675321031e-08,0.004420250161,4.368263129,0,-0.0193088158,8.31473536e-06,True,0,,,,,,,,,False
curvature/fd_snr_gradient [native],curvature/fd_snr_gradient,native,sparse,post_update,not estimable,,not different,1.12643021,not estimable,,False,False,10,0.8512144464,0.1581155826,1.232443684,0.2289300328,0.6906720827,0.3,0.1538322154,5.383494989,False,0,,,,,,,,,False,5,2.226718588,0.4050026839,1.887637709,0.3433295714,1.179632393,0.4,0.09552604879,5.498034153,False,17,6.847090173,0.3595452966,2.792892918,0.14665668,2.451612136,0.9411764706,0.3595452966,19.04374842,False,2,0.2263442818,0.3970247413,0.02145114743,0.0376269115,10.55161653,0,-0.3970247413,0.5701012009,True,0,,,,,,,,,False
curvature/fd_snr_gradient [shadow_fp32],curvature/fd_snr_gradient,shadow_fp32,sparse,post_update,not estimable,,not different,0.2046422277,not estimable,,False,False,10,5306.265781,0.1014725934,10849.66324,0.2074798949,0.4890719338,0.4,0.06079259255,52292.60042,False,0,,,,,,,,,False,5,8556.253259,0.2945479315,12480.20744,0.4296295557,0.6855858206,0.2,-0.1836762477,29048.76369,False,17,37021.67995,1.439331143,14230.38607,0.5532498223,2.601593502,0.9411764706,1.439331143,25721.44717,False,2,7219.539686,0.1939015953,1420.863437,0.03816139242,5.081093298,0,0.1716146533,37233.00819,True,0,,,,,,,,,False
curvature/fd_snr_random [native],curvature/fd_snr_random,native,sparse,post_update,not estimable,,warmup-dominated,6.505071622,not estimable,,True,False,10,0.01326746146,0.069470084,0.01722391667,0.09018657725,0.7702929429,0.4,0.02544556644,0.190980933,False,0,,,,,,,,,False,5,0.1238522229,0.2726307567,0.02728945675,0.06007114824,4.538464216,1,0.2726307567,0.4542855854,True,17,0.03707775724,0.0419104927,0.04276516511,0.04833920047,0.8670083968,0.2941176471,-0.008623162941,0.8846891281,False,2,0.03103154859,3.032081995,0.001335104307,0.130452585,23.24278967,0,-3.032081995,0.01023440284,True,0,,,,,,,,,False
curvature/fd_snr_random [shadow_fp32],curvature/fd_snr_random,shadow_fp32,sparse,post_update,not estimable,,warmup-dominated,2.464897668,not estimable,,True,False,10,141.3302042,0.2606142661,30.30517668,0.05588303948,4.663566416,1,-0.2606142661,542.2964993,True,0,,,,,,,,,False,5,174.1769128,0.2967953104,35.27549901,0.06010901508,4.937617262,0.8,-0.2554982371,586.8587093,True,17,78.60845075,0.1204087757,37.53690926,0.05749729507,2.094164179,0.4117647059,-0.005024050273,652.8465246,False,2,76.57757514,0.2002369753,9.264522642,0.02422510752,8.265679528,0,-0.2002369753,382.4347377,True,0,,,,,,,,,False
curvature/fd_snr_update [native],curvature/fd_snr_update,native,sparse,post_update,not estimable,,warmup-dominated,6.329208352,not estimable,,True,False,10,0.01826133131,0.1000552291,0.0256446514,0.1405090038,0.7120912282,0.4,-0.02285581751,0.1825125132,False,0,,,,,,,,,False,5,0.1115199135,0.2527879452,0.03450100422,0.0782052074,3.232367173,0.6,0.2527879452,0.4411599351,True,17,0.03447062303,0.03993989945,0.04367524392,0.05060497018,0.7892485522,0.2352941176,-0.0155449006,0.8630623387,False,2,0.0179004759,3.796058484,0.0195429837,4.144376355,0.9159540926,0,-3.796058484,0.004715542708,False,0,,,,,,,,,False
curvature/fd_snr_update [shadow_fp32],curvature/fd_snr_update,shadow_fp32,sparse,post_update,not estimable,,uniformly different,1.364333557,not estimable,,False,False,10,69.32402879,0.3040914831,47.24321471,0.2072334727,1.467385935,0.7,-0.2789541839,227.9709648,False,0,,,,,,,,,False,5,70.9120494,0.4420757559,17.27550128,0.1076979209,4.104775209,0.8,0.08866842525,160.4070082,True,17,38.13426167,0.3240232227,13.97630649,0.1187553573,2.728493519,0.9411764706,-0.3196480021,117.6899031,False,2,91.08790486,0.5854780475,2.048025619,0.01316392163,44.47595968,0,-0.5854780475,155.5786852,True,0,,,,,,,,,False
curvature/gHg [native],curvature/gHg,native,sparse,post_update,not estimable,,uniformly different,0.5925468851,not estimable,,False,False,10,44.92090986,3.344384039,13.92808421,1.036952783,3.225203782,0.8,3.34367326,13.43174389,True,0,,,,,,,,,False,5,4.11577171,0.8910305731,1.736753575,0.375992801,2.369807535,1,0.08081369234,4.619113905,False,17,125.0202102,1.503730077,26.45719574,0.318224397,4.725376468,0.8823529412,1.503730077,83.1400609,True,2,0.1795540506,49.98283769,0.002492695021,0.6938967414,72.03209744,0,48.44975455,0.003592314061,True,0,,,,,,,,,False
curvature/gHg [shadow_fp32],curvature/gHg,shadow_fp32,sparse,post_update,not estimable,,uniformly different,0.5897931906,not estimable,,False,False,10,42.42394649,3.128463702,13.61688592,1.00414829,3.115539541,0.8,3.120907228,13.56063248,True,0,,,,,,,,,False,5,4.164556047,0.884167262,1.729724632,0.3672338358,2.407641061,1,0.05710509582,4.710145043,False,17,124.6692059,1.499114056,26.29793299,0.3162256526,4.740646572,0.8823529412,1.499114056,83.1619218,True,2,0.208688094,58.46414151,0.002509333268,0.7029917827,83.16475803,0,56.89628304,0.003569505832,True,0,,,,,,,,,False
curvature/gg [native],curvature/gg,native,sparse,post_update,not estimable,,uniformly different,0.757047899,not estimable,,False,False,10,2.110775072,0.404362245,0.3714387596,0.07115671049,5.682700089,1,0.3875448597,5.220010272,True,0,,,,,,,,,False,5,1.516388697,0.3732504036,0.2398141552,0.05902888249,6.323182616,1,0.142240035,4.06265789,True,17,4.260798163,0.4930340658,0.9383691526,0.1085824629,4.540641763,1,0.4930340658,8.641995471,True,2,0.1737648612,0.03969186259,0.0382709174,0.008741951532,4.540389231,0,-0.03954323047,4.377845983,True,0,,,,,,,,,False
curvature/gg [shadow_fp32],curvature/gg,shadow_fp32,sparse,post_update,not estimable,,uniformly different,0.764706729,not estimable,,False,False,10,2.060685176,0.3946945331,0.3677765619,0.07044229758,5.603089999,1,0.3782977727,5.220962043,True,0,,,,,,,,,False,5,1.533198949,0.3770840959,0.2371962546,0.05833746188,6.463841308,1,0.1446873785,4.06593374,True,17,4.258403296,0.4931094257,0.9388295752,0.1087134497,4.535864025,1,0.4931094257,8.635818084,True,2,0.1991604905,0.04548665625,0.03885371982,0.008873877511,5.125905355,0,-0.04548665625,4.378437698,True,0,,,,,,,,,False
curvature/native_verdict_code [native],curvature/native_verdict_code,native,sparse,post_update,not estimable,,not different,1,not estimable,,False,False,10,0,0,0,0,0,0,0,2,False,0,,,,,,,,,False,5,0,0,0,0,0,0,0,2,False,17,0,0,0,0,0,0,0,2,False,2,0,0,0,0,0,0,0,2,False,0,,,,,,,,,False
curvature/shadow_verdict_code [shadow_fp32],curvature/shadow_verdict_code,shadow_fp32,sparse,post_update,not estimable,,warmup-dominated,inf,not estimable,,True,False,10,0.2,0.2,0,0,inf,0.2,0.2,1,True,0,,,,,,,,,False,5,0.2,0.2,0,0,inf,0.2,0.2,1,True,17,0,0,0.07892004626,0.07892004626,0,0,0,1,False,2,1,1,0,0,inf,0,0,1,True,0,,,,,,,,,False
curvature/verdict_code_gradient [native],curvature/verdict_code_gradient,native,sparse,post_update,not estimable,,not different,1,not estimable,,False,False,10,0,0,0,0,0,0,0,2,False,0,,,,,,,,,False,5,0,0,0,0,0,0,0,2,False,17,0,0,0,0,0,0,0,2,False,2,0,0,0,0,0,0,0,2,False,0,,,,,,,,,False
curvature/verdict_code_gradient [shadow_fp32],curvature/verdict_code_gradient,shadow_fp32,sparse,post_update,not estimable,,warmup-dominated,inf,not estimable,,True,False,10,0.2,0.5,0.04472135955,0.1118033989,4.472135955,0.2,0.5,0.4,True,0,,,,,,,,,False,5,0.2,0.5,0,0,inf,0.2,0.5,0.4,True,17,0,,0,,0,0,,0,False,2,1,1,0,0,inf,0,0,1,True,0,,,,,,,,,False
curvature/verdict_code_random [native],curvature/verdict_code_random,native,sparse,post_update,not estimable,,not different,1,not estimable,,False,False,10,0,0,0,0,0,0,0,2,False,0,,,,,,,,,False,5,0,0,0,0,0,0,0,2,False,17,0,0,0,0,0,0,0,2,False,2,0,0,0,0,0,0,0,2,False,0,,,,,,,,,False
curvature/verdict_code_random [shadow_fp32],curvature/verdict_code_random,shadow_fp32,sparse,post_update,not estimable,,not different,1,not estimable,,False,False,10,0,0,0,0,0,0,0,1,False,0,,,,,,,,,False,5,0,0,0,0,0,0,0,1,False,17,0,0,0.05261336418,0.05261336418,0,0,0,1,False,2,0,0,0,0,0,0,0,1,False,0,,,,,,,,,False
curvature/verdict_code_update [native],curvature/verdict_code_update,native,sparse,post_update,not estimable,,not different,1,not estimable,,False,False,10,0,0,0,0,0,0,0,2,False,0,,,,,,,,,False,5,0,0,0,0,0,0,0,2,False,17,0,0,0,0,0,0,0,2,False,2,0,0,0,0,0,0,0,2,False,0,,,,,,,,,False
curvature/verdict_code_update [shadow_fp32],curvature/verdict_code_update,shadow_fp32,sparse,post_update,not estimable,,not different,1,not estimable,,False,False,10,0,0,0,0,0,0,0,1,False,0,,,,,,,,,False,5,0,0,0,0,0,0,0,1,False,17,0,0,0.02630668209,0.02630668209,0,0,0,1,False,2,0,0,0,0,0,0,0,1,False,0,,,,,,,,,False
curvature/vhv_gradient [native],curvature/vhv_gradient,native,sparse,post_update,not estimable,,not different,0.8646677148,not estimable,,False,False,10,1.487681733,0.9851527515,0.7657771802,0.5071027489,1.942708364,0.8,0.9851527515,1.510102601,False,0,,,,,,,,,False,5,0.6428339161,0.5631912328,0.4720146856,0.4135353254,1.36189389,0.6,0.08559512332,1.141413216,False,17,5.407169216,0.6513383385,1.963688328,0.2365425312,2.753578121,0.7647058824,0.6513383385,8.301628963,False,2,0.02896030344,35.33111284,0.000564518721,0.6887039246,51.3008734,0,34.19531135,0.0008196827415,True,0,,,,,,,,,False
curvature/vhv_gradient [shadow_fp32],curvature/vhv_gradient,shadow_fp32,sparse,post_update,not estimable,,not different,0.8727422227,not estimable,,False,False,10,1.423243536,0.9363382038,0.7551282271,0.496791582,1.884770672,0.8,0.9363382038,1.52001011,False,0,,,,,,,,,False,5,0.6571897072,0.5693902294,0.4728311799,0.409661702,1.38990349,0.6,0.07392544165,1.15419913,False,17,5.408582052,0.6524151285,1.94632329,0.2347770168,2.778871362,0.7647058824,0.6524151285,8.290092941,False,2,0.03336036249,41.21709722,0.0005682502654,0.7020794943,58.70716571,0,40.04065084,0.0008093816583,True,0,,,,,,,,,False
curvature/vhv_random [native],curvature/vhv_random,native,sparse,post_update,not estimable,,warmup-dominated,2.910393568,not estimable,,True,False,10,2.441342416e-06,0.5202015671,6.867428377e-07,0.1463312553,3.554958687,1,-0.5202015671,4.693070092e-06,True,0,,,,,,,,,False,5,2.027166185e-06,0.5029328897,6.05817947e-07,0.1503013285,3.346163967,1,-0.5029328897,4.030689235e-06,True,17,1.233869977e-06,0.1728058003,1.479163836e-06,0.2071596644,0.8341672148,0.1764705882,-0.1249122208,7.140211583e-06,False,2,1.044062953e-07,0.03787122454,1.566427219e-07,0.05681890805,0.6665250326,0,-0.03787122454,2.756876667e-06,False,0,,,,,,,,,False
curvature/vhv_random [shadow_fp32],curvature/vhv_random,shadow_fp32,sparse,post_update,not estimable,,warmup-dominated,2.883234473,not estimable,,True,False,10,2.448040478e-06,0.5251268127,6.858237438e-07,0.1471153929,3.569489245,1,-0.5251268127,4.661808193e-06,True,0,,,,,,,,,False,5,2.019705865e-06,0.5008601483,6.099535166e-07,0.1512603464,3.311245545,1,-0.5008601483,4.032474677e-06,True,17,1.23842237e-06,0.1737146781,1.479447579e-06,0.2075235123,0.8370843197,0.1764705882,-0.1248746811,7.129060043e-06,False,2,1.193420314e-07,0.04325220096,1.558960026e-07,0.05650017146,0.7655233575,0,-0.04325220096,2.759212912e-06,False,0,,,,,,,,,False
curvature/vhv_update [native],curvature/vhv_update,native,sparse,post_update,not estimable,,warmup-dominated,4.309883662,not estimable,,True,False,10,1.957846534e-07,0.1187077539,3.601869913e-07,0.2183878459,0.5435639213,0.5,-0.07127494948,1.649299621e-06,False,0,,,,,,,,,False,5,8.620459325e-07,2.292104341,4.80890814e-08,0.1278646393,17.92602203,1,-2.119455217,3.760936696e-07,True,17,8.906905503e-08,0.5318251072,2.295927479e-08,0.1370882264,3.879436778,0.9411764706,-0.5318251072,1.674780935e-07,True,2,1.92122147e-06,4.246142579,2.908083811e-08,0.06427233241,66.06485901,0,4.246142579,4.524627786e-07,True,0,,,,,,,,,False
curvature/vhv_update [shadow_fp32],curvature/vhv_update,shadow_fp32,sparse,post_update,not estimable,,warmup-dominated,4.495723251,not estimable,,True,False,10,2.098690054e-07,0.1258782154,3.585621177e-07,0.2150634841,0.5853072452,0.5,-0.08411922768,1.667238486e-06,False,0,,,,,,,,,False,5,9.073652315e-07,2.39441263,4.843057588e-08,0.1278016597,18.73537977,1,-2.223699635,3.789510714e-07,True,17,8.931747176e-08,0.5325978705,2.286976245e-08,0.1363718267,3.905483145,0.9411764706,-0.5325978705,1.677015187e-07,True,2,2.025144172e-06,4.410610262,3.043228976e-08,0.06627921675,66.545902,0,4.410610262,4.591528273e-07,True,0,,,,,,,,,False
grad/finite,grad/finite,none,continuous,pre_update,not different,1,not different,1,not different,1,False,False,16,0,0,0,0,0,0,0,1,False,38,0,0,0,0,0,0,0,1,False,16,0,0,0,0,0,0,0,1,False,38,0,0,0,0,0,0,0,1,False,16,0,0,0,0,0,0,0,1,False,38,0,0,0,0,0,0,0,1,False
grad/max_abs,grad/max_abs,none,periodic,pre_update,not different,0.5282066941,not different,1.314201894,not different,0.9699272917,False,False,4,0.0002680126668,0.22995128,0.0002397076982,0.2056659959,1.118081183,0.25,-0.22995128,0.001165519352,False,21,0.0008185814632,0.4353433656,0.0004745387186,0.2523722954,1.725004581,0.8095238095,-0.2182516029,0.00188031225,False,4,0.0005166676906,0.4432939614,0.0002397076982,0.2056659959,2.155407166,0.5,-0.1231606372,0.001165519352,False,21,0.0006342488696,0.337310396,0.0004745387186,0.2523722954,1.336558735,0.5238095238,-0.3061849753,0.00188031225,False,4,0.0002856475575,0.24508178,0.0002397076982,0.2056659959,1.191649495,0,-0.1067906427,0.001165519352,False,21,0.0004751183693,0.2526805691,0.0004745387186,0.2523722954,1.001221503,0,0.08793337233,0.00188031225,False
grad/nonfinite,grad/nonfinite,none,periodic,pre_update,not different,1,not different,1,not different,1,False,False,4,0,,0,,0,0,,0,False,21,0,,0,,0,0,,0,False,4,0,,0,,0,0,,0,False,21,0,,0,,0,0,,0,False,4,0,,0,,0,0,,0,False,21,0,,0,,0,0,,0,False
grad/norm,grad/norm,none,periodic,pre_update,uniformly different,1.114683668,uniformly different,0.8890035274,not different,1.128674928,False,False,4,0.002793560087,0.3180508793,0.001499428447,0.1707121097,1.863083292,0.5,-0.3180508793,0.008783374827,False,21,0.002508847478,0.2853283748,0.0007885904022,0.08968549094,3.181432936,0.8095238095,-0.2336615071,0.008792842564,True,4,0.003336820602,0.3799018792,0.001499428447,0.1707121097,2.225395022,0.75,-0.2434333453,0.008783374827,False,21,0.003757484993,0.4273345014,0.0007885904022,0.08968549094,4.764811977,1,-0.4273345014,0.008792842564,True,4,0.00204746712,0.2331071098,0.001499428447,0.1707121097,1.365498383,0,-0.07461753409,0.008783374827,False,21,0.001816000397,0.206531663,0.0007885904022,0.08968549094,2.302843646,0,0.1936729943,0.008792842564,False
grad/rms,grad/rms,none,periodic,pre_update,uniformly different,1.266318629,uniformly different,0.8623950018,not different,1.202512779,False,False,4,8.627822506e-06,0.526860162,2.557272058e-06,0.1561604646,3.373838336,0.75,-0.526860162,1.637592502e-05,True,21,6.643776157e-06,0.4160565516,1.248720802e-06,0.07819927379,5.32046567,1,-0.4160565516,1.596844499e-05,True,4,7.743026001e-06,0.4728298398,2.557272058e-06,0.1561604646,3.027846011,0.5,-0.4728298398,1.637592502e-05,True,21,8.755103255e-06,0.5482752553,1.248720802e-06,0.07819927379,7.011257634,1,-0.5482752553,1.596844499e-05,True,4,2.603684972e-06,0.1589946809,2.557272058e-06,0.1561604646,1.018149384,0,-0.05403032219,1.637592502e-05,False,21,2.111327097e-06,0.1322187037,1.248720802e-06,0.07819927379,1.690791964,0,0.1322187037,1.596844499e-05,False
grad/zero_fraction,grad/zero_fraction,none,periodic,pre_update,warmup-dominated,2.34751051,uniformly different,0.02277912054,uniformly different,1.814262958,True,False,4,0.03256685145,0.5970327156,3.432147528e-06,6.29199406e-05,9488.767948,0.75,0.5970327156,0.05454785073,True,21,1.337500108e-05,0.2543258967,2.760688773e-06,0.05249454884,4.844805839,0.7142857143,-0.2177263069,5.259000856e-05,True,4,0.0001424682361,0.002611802925,3.432147528e-06,6.29199406e-05,41.50993947,1,0.002611802925,0.05454785073,True,21,6.029852554e-06,0.1146577595,2.760688773e-06,0.05249454884,2.184184111,0.9047619048,0.1099336628,5.259000856e-05,False,4,0.03242658875,0.5944613458,3.432147528e-06,6.29199406e-05,9447.90062,0,0.5944209127,0.05454785073,True,21,1.723164061e-05,0.3276599696,2.760688773e-06,0.05249454884,6.241790374,0,-0.3276599696,5.259000856e-05,True
loss/finite,loss/finite,none,continuous,pre_update,not different,1,not different,1,not different,1,False,False,401,0,0,0,0,0,0,0,1,False,2119,0,0,0,0,0,0,0,1,False,401,0,0,0,0,0,0,0,1,False,2119,0,0,0,0,0,0,0,1,False,401,0,0,0,0,0,0,0,1,False,2119,0,0,0,0,0,0,0,1,False
loss/train_mean,loss/train_mean,none,continuous,pre_update,uniformly different,1.215842019,uniformly different,1.876898319,uniformly different,1.84216628,False,False,401,0.1003072726,0.02366884612,0.03086420853,0.007282823906,3.249954472,0.9975062344,-0.02366884612,4.237945189,True,2119,0.05846779894,0.01946704075,0.002104632728,0.0007007442012,27.7805235,0.9886739028,-0.01136511103,3.003425107,True,401,0.6257682673,0.1476584145,0.03086420853,0.007282823906,20.27488463,0.9975062344,-0.1476584145,4.237945189,True,2119,0.2362839717,0.07867150445,0.002104632728,0.0007007442012,112.2685058,1,-0.07867150445,3.003425107,True,401,0.5254609948,0.1239895684,0.03086420853,0.007282823906,17.02493016,0,0.1239895684,4.237945189,True,2119,0.2021497119,0.06730639342,0.002104632728,0.0007007442012,96.0498757,0,0.06730639342,3.003425107,True
mem/alloc_end_bytes,mem/alloc_end_bytes,none,continuous,post_update,uniformly different,1.000001942,uniformly different,1.000001747,uniformly different,1.056857377,False,False,401,1788248927,0.8437376787,0,0,inf,1,0.8437376787,2119437086,True,2119,1788244646,0.8437360402,0,0,inf,1,0.8437360402,2119436127,True,401,1788242433,0.8437346148,0,0,inf,1,0.8437346148,2119437086,True,2119,1788238501,0.8437331412,0,0,inf,1,0.8437331412,2119436127,True,401,188316.5792,8.885216762e-05,0,0,inf,0,3.063867849e-06,2119437086,True,2119,178185.3428,8.407205128e-05,0,0,inf,0,2.899036251e-06,2119436127,True
mem/alloc_start_bytes,mem/alloc_start_bytes,none,continuous,post_update,uniformly different,1.000063486,uniformly different,1.003304901,warmup-dominated,inf,False,False,401,1785711938,0.8438756554,0,0,inf,1,0.8438756554,2116084196,True,2119,1788299264,0.8438220847,0,0,inf,1,0.8438220847,2119284736,True,401,1791499804,0.8466108331,0,0,inf,1,0.8466108331,2116084196,True,2119,1788299264,0.8438220847,0,0,inf,1,0.8438220847,2119284736,True,401,5787866.334,0.002735177714,0,0,inf,0,-0.002735177714,2116084196,True,2119,0,0,0,0,0,0,0,2119284736,False
mem/cuda_peak_absolute,mem/cuda_peak_absolute,none,continuous,post_update,uniformly different,1,uniformly different,1,not different,1,False,False,401,1.720410726e+10,0.4149538723,0,0,inf,1,0.4149538723,4.146028851e+10,True,2119,1.720410726e+10,0.4149538723,0,0,inf,1,0.4149538723,4.146028851e+10,True,401,1.720410726e+10,0.4149538723,0,0,inf,1,0.4149538723,4.146028851e+10,True,2119,1.720410726e+10,0.4149538723,0,0,inf,1,0.4149538723,4.146028851e+10,True,401,0,0,0,0,0,0,0,4.146028851e+10,False,2119,0,0,0,0,0,0,0,4.146028851e+10,False
muon/cautious_mask_fraction,muon/cautious_mask_fraction,none,periodic,pre_update,warmup-dominated,3.662645697,uniformly different,1.712587762,warmup-dominated,2.816045515,True,True,4,0.09202361065,0.1584727069,0.003766116638,0.006485582274,24.43461515,0.5,0.1584727069,0.5806905963,True,21,0.02014779401,0.04326727726,0.0005939453079,0.001275494295,33.92196847,1,-0.03262385428,0.4656589294,True,4,0.02471208579,0.0425563733,0.003766116638,0.006485582274,6.561688914,0.75,-0.003373927095,0.5806905963,True,21,0.01157123487,0.0248491635,0.0005939453079,0.001275494295,19.48198718,1,0.0248491635,0.4656589294,True,4,0.09398281839,0.161846634,0.003766116638,0.006485582274,24.95483476,0,0.161846634,0.5806905963,True,21,0.02676282393,0.05747301778,0.0005939453079,0.001275494295,45.05940795,0,-0.05747301778,0.4656589294,True
muon/cos_data_decay,muon/cos_data_decay,none,periodic,pre_update,not estimable,,warmup-dominated,2.027244456,not estimable,,True,False,1,0.004479733483,0.01226023648,0.0006182801098,0.001692123066,7.245475655,1,0.01226023648,0.3653872005,False,21,0.02677261498,0.06796786335,0.0008613113584,0.002186618407,31.08355035,0.9523809524,-0.04712927111,0.3939010829,True,2,0.03202892737,0.08477385277,0.001034921453,0.002739220014,30.94817223,1,-0.08477385277,0.377816111,True,21,0.0164718726,0.04181728183,0.0008613113584,0.002186618407,19.12417901,1,0.04181728183,0.3939010829,True,1,0.009163688654,0.02507939151,0.0006182801098,0.001692123066,14.8212574,0,0.02507939151,0.3653872005,False,21,0.03503614353,0.08894655294,0.0008613113584,0.002186618407,40.67767502,0,-0.08894655294,0.3939010829,True
muon/cos_nesterov_final,muon/cos_nesterov_final,none,periodic,pre_update,uniformly different,0.5442083442,warmup-dominated,5.030758731,warmup-dominated,2.111771586,True,True,4,0.01671184593,0.0567659119,0.01901300768,0.06458237609,0.8789690831,0.5,-0.02316569026,0.2943993212,False,21,0.04596811243,0.1043091538,0.01343890955,0.03049508038,3.420523984,0.619047619,-0.08470939298,0.4406910682,True,4,0.0600853121,0.2040946014,0.01901300768,0.06458237609,3.160221313,0.75,0.1885487844,0.2943993212,True,21,0.01787854928,0.04056934795,0.01343890955,0.03049508038,1.330357141,0.380952381,-0.02817609609,0.4406910682,False,4,0.06232859762,0.2117144746,0.01901300768,0.06458237609,3.278208196,0,-0.2117144746,0.2943993212,True,21,0.04418123561,0.1002544385,0.01343890955,0.03049508038,3.287561052,0,-0.05653329689,0.4406910682,True
muon/cos_raw_final,muon/cos_raw_final,none,periodic,pre_update,uniformly different,0.2257670978,warmup-dominated,3.17472731,uniformly different,0.683986418,True,False,4,0.01472844545,0.08326358073,0.01072768717,0.06064629498,1.372937634,0.5,-0.08326358073,0.1768894073,False,21,0.07582345558,0.3688029901,0.00616834639,0.03000264991,12.29234722,0.8571428571,-0.3661242826,0.2055933862,True,4,0.04109946745,0.2323455546,0.01072768717,0.06064629498,3.831158271,0.75,-0.1467426988,0.1768894073,True,21,0.01504655508,0.07318598795,0.00616834639,0.03000264991,2.439317466,0.7619047619,-0.06839315217,0.2055933862,False,4,0.04073611221,0.2302914167,0.01072768717,0.06064629498,3.797287481,0,0.06347911805,0.1768894073,True,21,0.0692212461,0.3366900433,0.00616834639,0.03000264991,11.2220102,0,-0.2977311304,0.2055933862,True
muon/cos_raw_momentum,muon/cos_raw_momentum,none,periodic,pre_update,not different,0.4978007028,uniformly different,1.761566896,warmup-dominated,2.756804967,False,False,4,0.04328541653,0.06235811332,0.03611832739,0.05203301557,1.198433584,0.25,0.008395688479,0.6941424976,False,21,0.05601592552,0.1252672264,0.02806184058,0.06275409901,1.996160065,0.7619047619,-0.1252672264,0.4471714362,False,4,0.1292383068,0.1861841152,0.03611832739,0.05203301557,3.578191907,0.75,-0.1861841152,0.6941424976,True,21,0.0472625924,0.1056923331,0.02806184058,0.06275409901,1.684229952,0.5714285714,-0.08371098571,0.4471714362,False,4,0.1350661109,0.1945798037,0.03611832739,0.05203301557,3.73954501,0,0.1945798037,0.6941424976,True,21,0.03156209138,0.07058163565,0.02806184058,0.06275409901,1.124733472,0,-0.04155624066,0.4471714362,False
muon/cos_raw_nesterov,muon/cos_raw_nesterov,none,periodic,pre_update,not different,0.3930127164,uniformly different,1.961395477,warmup-dominated,2.095708085,False,False,4,0.02339618547,0.02524054161,0.01642694139,0.01772190164,1.424256952,0.5,-0.02219337545,0.9269288207,False,21,0.05145844867,0.06422321863,0.01737521584,0.02168530756,2.961600543,0.8571428571,-0.04449927729,0.8012436899,False,4,0.09501007532,0.102499861,0.01642694139,0.01772190164,5.783795843,0.5,-0.102499861,0.9269288207,True,21,0.04187190592,0.05225864047,0.01737521584,0.02168530756,2.409863929,0.7142857143,-0.04798659357,0.8012436899,False,4,0.07443839599,0.08030648559,0.01642694139,0.01772190164,4.531482412,0,0.08030648559,0.9269288207,True,21,0.03070325743,0.03831949982,0.01737521584,0.02168530756,1.767072001,0,0.00348731628,0.8012436899,False
muon/data_norm,muon/data_norm,none,periodic,pre_update,uniformly different,0.3186522261,uniformly different,0.993869396,uniformly different,0.4002564604,False,False,4,0.0962507467,0.231543318,5.185100329e-09,1.24734132e-08,18562947.79,0.75,-0.07517039915,0.4156921804,True,21,0.2631269586,0.726633298,3.632390321e-09,1.00309591e-08,72439065,1,0.726633298,0.3621179476,True,4,0.06391274503,0.1537501739,5.185100329e-09,1.24734132e-08,12326231.12,0.75,0.1537501739,0.4156921804,True,21,0.05601912851,0.1546985696,3.632390321e-09,1.00309591e-08,15422111.49,1,0.1546985696,0.3621179476,True,4,0.09516049215,0.228920573,5.185100329e-09,1.24734132e-08,18352680.97,0,-0.228920573,0.4156921804,True,21,0.2071078328,0.5719347361,3.632390321e-09,1.00309591e-08,57016954.27,0,0.5719347284,0.3621179476,True
muon/decay_norm,muon/decay_norm,none,periodic,pre_update,uniformly different,0.4935841664,uniformly different,1.08636491,uniformly different,0.3927134978,False,False,4,0.03010356448,0.4679337344,0.001360799963,0.02115245219,22.12196156,1,-0.4679337344,0.06433296483,True,21,0.06429592859,0.9480323037,0.0003651742087,0.005384430303,176.069194,1,0.6480202013,0.06782039847,True,4,0.01153983775,0.1793767437,0.001360799963,0.02115245219,8.480186698,1,-0.08301451819,0.06433296483,True,21,0.01119826508,0.1651164743,0.0003651742087,0.005384430303,30.66554213,1,-0.1410065316,0.06782039847,True,4,0.0247629944,0.3849192162,0.001360799963,0.02115245219,18.19738027,0,-0.3849192162,0.06433296483,True,21,0.06647435029,0.9801527533,0.0003651742087,0.005384430303,182.0346254,0,0.7890267329,0.06782039847,True
muon/factored_scale_dispersion,muon/factored_scale_dispersion,none,periodic,pre_update,uniformly different,1.74793082,warmup-dominated,2.448250146,uniformly different,0.7595327766,True,False,4,0.03197500165,0.4263118358,0.005724868972,0.0763277334,5.585280957,0.5,-0.4263118358,0.07500378588,True,21,0.01156605916,0.2438951421,0.0036220225,0.07637810602,3.193259886,0.4761904762,0.1862906542,0.04742226129,True,4,0.02811308279,0.3748221835,0.005724868972,0.0763277334,4.910694538,0.75,-0.3748221835,0.07500378588,True,21,0.007260253023,0.1530979929,0.0036220225,0.07637810602,2.004474854,0.7142857143,-0.06783811166,0.04742226129,False,4,0.0161163985,0.2148744668,0.005724868972,0.0763277334,2.815155872,0,-0.05148965232,0.07500378588,False,21,0.01341592282,0.2829034815,0.0036220225,0.07637810602,3.703986604,0,0.2541287659,0.04742226129,True
muon/norm_degenerate,muon/norm_degenerate,none,periodic,pre_update,warmup-dominated,inf,warmup-dominated,inf,warmup-dominated,inf,True,True,4,0.1493055556,0.5972222222,0,0,inf,0.5,0.5972222222,0.25,True,21,0,,0,,0,0,,0,False,4,0.0006172839506,0.002469135802,0,0,inf,0.25,0.002469135802,0.25,True,21,0,,0,,0,0,,0,False,4,0.1486882716,0.5947530864,0,0,inf,0,0.5947530864,0.25,True,21,0,,0,,0,0,,0,False
muon/norm_deviation,muon/norm_deviation,none,periodic,pre_update,uniformly different,1.216905455,uniformly different,0.1771414939,warmup-dominated,2.259725754,False,False,4,5.849574459,0.84431331,1.837851679e-07,2.652710287e-08,31828327.2,0.75,-0.844313304,6.928203535,True,21,2.534425825e-07,0.6938199733,2.233931908e-07,0.6115572853,1.134513463,0.5238095238,0.685797512,3.652857978e-07,False,4,1.091549889,0.1575516486,1.837851679e-07,2.652710287e-08,5939270.843,0.5,-0.1575516257,6.928203535,True,21,3.24889321e-07,0.889411313,2.233931908e-07,0.6115572853,1.454338513,0.7142857143,0.889411313,3.652857978e-07,False,4,4.758024687,0.6867616783,1.837851679e-07,2.652710287e-08,25889057,0,-0.6867616783,6.928203535,True,21,1.110153686e-07,0.3039137281,2.233931908e-07,0.6115572853,0.496950548,0,-0.2036138009,3.652857978e-07,False
muon/polar_residual,muon/polar_residual,none,periodic,pre_update,warmup-dominated,3.821441991,uniformly different,1.099012339,warmup-dominated,9.353579559,True,True,4,0.09583539304,0.2010512468,0.007165036129,0.01503139291,13.37542356,0.75,0.2010512468,0.4766714684,True,21,0.01399836848,0.05261135646,0.0021193212,0.007965239894,6.605118887,1,0.05261135646,0.266071233,True,4,0.01854386463,0.03890282061,0.007165036129,0.01503139291,2.588104832,0.75,-0.03150715026,0.4766714684,False,21,0.009418385109,0.03539798348,0.0021193212,0.007965239894,4.444057423,1,0.03539798348,0.266071233,True,4,0.1108539526,0.2325583971,0.007165036129,0.01503139291,15.47151342,0,0.2325583971,0.4766714684,True,21,0.00661533898,0.02486303726,0.0021193212,0.007965239894,3.121442366,0,0.01721337299,0.266071233,True
muon/replay_update_relerr,muon/replay_update_relerr,none,sparse,post_update,not estimable,,warmup-dominated,7.178629648,not estimable,,True,False,10,0.004946736433,0.06222736354,0.002147026374,0.02700847166,2.303994255,0.7,-0.05132207777,0.07949455273,False,0,,,,,,,,,False,5,0.02924532071,0.9204768539,0.001145106315,0.03604145321,25.53939345,1,0.5806779763,0.03177192407,True,17,0.005112857887,0.1282245915,0.0005447389041,0.01366142478,9.385887162,1,-0.1282245915,0.03987423807,True,2,0.06063821353,9.467927689,0.0003085043192,0.04816923877,196.5554767,0,-9.467927689,0.006404591957,True,0,,,,,,,,,False
muon/u_final_norm_analytic,muon/u_final_norm_analytic,none,periodic,pre_update,uniformly different,1,uniformly different,1,not different,1,False,False,4,4.287187079,0.1547005384,0,0,inf,1,0.1547005384,27.71281292,True,21,4.287187079,0.1547005384,0,0,inf,1,0.1547005384,27.71281292,True,4,4.287187079,0.1547005384,0,0,inf,1,0.1547005384,27.71281292,True,21,4.287187079,0.1547005384,0,0,inf,1,0.1547005384,27.71281292,True,4,0,0,0,0,0,0,0,27.71281292,False,21,0,0,0,0,0,0,0,27.71281292,False
muon/u_final_norm_observed,muon/u_final_norm_observed,none,periodic,pre_update,uniformly different,1.496719365,uniformly different,0.9938566841,warmup-dominated,39377128.98,False,False,4,4.812537436,0.2315433226,1.864082618e-07,8.968571956e-09,25817189.6,0.75,-0.07517038828,20.78460904,True,21,4.287187535,0.1547005591,2.452102933e-07,8.848264549e-09,17483717.65,1,0.1547005591,27.71281215,True,4,3.195637556,0.1537501884,1.864082618e-07,8.968571956e-09,17143218.47,0.75,0.1537501884,20.78460904,True,21,4.287187637,0.1547005628,2.452102933e-07,8.848264549e-09,17483718.07,1,0.1547005628,27.71281215,True,4,4.758024687,0.2289205767,1.864082618e-07,8.968571956e-09,25524752.19,0,-0.2289205767,20.78460904,True,21,1.611095858e-07,5.813541581e-09,2.452102933e-07,8.848264549e-09,0.6570261941,0,-3.699645099e-09,27.71281215,False
noise/b_noise,noise/b_noise,none,periodic,pre_update,not different,0.1061945998,not different,0.3951726302,not different,0.5267989712,False,False,4,1.736696651,0.09411243118,5.502763574,0.2981974186,0.3156044463,0.25,-0.06768701694,18.45342458,False,21,97.3979311,0.8862261483,67.91395767,0.6179507557,1.43413717,0.5238095238,-0.8420121488,109.9018927,False,4,4.296412429,0.2328246668,5.502763574,0.2981974186,0.7807735824,0.5,-0.09137451702,18.45342458,False,20,59.67306111,0.5891720454,64.80530208,0.6398443731,0.9208052303,0.6,-0.2881491193,101.2829132,False,4,5.636975733,0.3054704404,5.502763574,0.2981974186,1.024389956,0,0.02368750008,18.45342458,False,20,58.73006171,0.5798614977,64.80530208,0.6398443731,0.9062539611,0,-0.5402693358,101.2829132,False
noise/mean_grad_norm,noise/mean_grad_norm,none,periodic,pre_update,uniformly different,0.9215179962,uniformly different,0.8652133197,not different,2.110465352,False,False,4,0.002990569449,0.2579678341,0.001534401407,0.1323581393,1.949013756,0.5,-0.2579678341,0.01159279977,False,21,0.003886916593,0.2799379233,0.001067544758,0.07688517504,3.640987006,0.9047619048,-0.2799379233,0.0138849233,True,4,0.003872136694,0.3340122118,0.001534401407,0.1323581393,2.523548712,0.5,-0.1017524653,0.01159279977,False,21,0.005360220234,0.3860460816,0.001067544758,0.07688517504,5.021073067,1,-0.3860460816,0.0138849233,True,4,0.003060279177,0.2639810259,0.001534401407,0.1323581393,1.994444976,0,-0.1562153688,0.01159279977,False,21,0.001736752651,0.1250819046,0.001067544758,0.07688517504,1.626866357,0,0.1061081584,0.0138849233,False
noise/row_trace,noise/row_trace,none,periodic,pre_update,uniformly different,1.135364978,uniformly different,0.5800488805,uniformly different,0.131469749,False,False,4,0.2308781889,0.2980900288,0.05747968831,0.07421282203,4.016691734,0.75,0.1531189578,0.7745250313,True,21,0.3803890911,0.2625499594,0.1956759222,0.1350583038,1.94397495,0.7142857143,-0.2469014479,1.448825557,False,4,0.2704556573,0.3491890467,0.05747968831,0.07421282203,4.70523876,1,0.04163297958,0.7745250313,True,21,0.8721920377,0.601999346,0.1956759222,0.1350583038,4.457329383,1,0.5898336704,1.448825557,True,4,0.08634868074,0.1114859782,0.05747968831,0.07421282203,1.502246851,0,0.1114859782,0.7745250313,False,21,1.228600006,0.8479971935,0.1956759222,0.1350583038,6.278749026,0,-0.8367351183,1.448825557,True
noise/s2,noise/s2,none,periodic,pre_update,uniformly different,1.135364978,uniformly different,0.5800488805,uniformly different,0.131469749,False,False,4,0.05771954723,0.2980900288,0.01436992208,0.07421282203,4.016691734,0.75,0.1531189578,0.1936312578,True,21,0.09509727279,0.2625499594,0.04891898056,0.1350583038,1.94397495,0.7142857143,-0.2469014479,0.3622063892,False,4,0.06761391433,0.3491890467,0.01436992208,0.07421282203,4.70523876,1,0.04163297958,0.1936312578,True,21,0.2180480094,0.601999346,0.04891898056,0.1350583038,4.457329383,1,0.5898336704,0.3622063892,True,4,0.02158717019,0.1114859782,0.01436992208,0.07421282203,1.502246851,0,0.1114859782,0.1936312578,False,21,0.3071500015,0.8479971935,0.04891898056,0.1350583038,6.278749026,0,-0.8367351183,0.3622063892,True
noise/signal_raw,noise/signal_raw,none,periodic,pre_update,not different,0.4737183426,not different,0.7568902208,not different,0.3028744302,False,False,4,0.02209754783,0.4610616746,0.01597313046,0.3332767208,1.383419981,0.5,0.29759754,0.04792753128,False,21,0.04756527823,0.9732822928,0.01864658666,0.3815470715,2.550883929,0.619047619,0.4760438712,0.04887099928,False,4,0.01751010071,0.3653453504,0.01597313046,0.3332767208,1.096222231,0.5,0.1868562468,0.04792753128,False,21,0.02358967241,0.4826926553,0.01864658666,0.3815470715,1.26509333,0.4285714286,0.3488491479,0.04887099928,False,4,0.01655676506,0.3454541601,0.01597313046,0.3332767208,1.036538524,0,0.1107412931,0.04792753128,False,21,0.05574154938,1.140585423,0.01864658666,0.3815470715,2.989370141,0,0.1271947233,0.04887099928,False
optim/adamw_m_norm,optim/adamw_m_norm,none,periodic,pre_update,not estimable,,not different,1.53619723,not estimable,,False,False,1,1.928857834e-05,0.1479919512,5.652937011e-05,0.4337225707,0.3412133958,0,-0.1479919512,0.0001303353201,False,21,2.515779873e-05,0.4346736985,1.527757619e-05,0.2639642927,1.646714009,0.6666666667,-0.3355636567,5.787743499e-05,False,2,0.0001006926108,0.7106419983,6.138044732e-05,0.4331948831,1.640467203,1,-0.7106419983,0.000141692457,False,21,2.677399441e-05,0.462598151,1.527757619e-05,0.2639642927,1.752502758,0.9047619048,-0.4531276946,5.787743499e-05,False,1,8.27451701e-05,0.63486375,5.652937011e-05,0.4337225707,1.463755388,0,0.63486375,0.0001303353201,False,21,9.65487981e-06,0.1668159588,1.527757619e-05,0.2639642927,0.6319641081,0,0.117564038,5.787743499e-05,False
optim/adamw_m_rms,optim/adamw_m_rms,none,periodic,pre_update,not estimable,,not different,1.21002205,not estimable,,False,False,1,1.678243744e-05,0.1893466468,6.291285259e-05,0.7098097471,0.2667568987,1,-0.1893466468,8.86334019e-05,False,21,2.29945947e-05,0.5725775049,1.713828663e-05,0.4267523531,1.341709075,0.619047619,-0.3534275287,4.015979409e-05,False,2,6.96048124e-05,0.7073359854,6.4561555e-05,0.6560855428,1.078115488,1,-0.7073359854,9.84041726e-05,False,21,2.347599164e-05,0.5845645421,1.713828663e-05,0.4267523531,1.369798052,0.7142857143,-0.5425824564,4.015979409e-05,False,1,5.797106665e-05,0.6540544016,6.291285259e-05,0.7098097471,0.9214502961,0,0.6540544016,8.86334019e-05,False,21,1.093512323e-05,0.2722903211,1.713828663e-05,0.4267523531,0.6380523016,0,0.1891549277,4.015979409e-05,False
optim/adamw_v_norm,optim/adamw_v_norm,none,periodic,pre_update,not estimable,,uniformly different,0.8796589764,not estimable,,False,False,1,1.931141045e-05,0.4017717961,1.753655501e-05,0.3648461217,1.101208899,1,-0.4017717961,4.806561992e-05,False,21,3.490454234e-06,0.5989265598,1.562394494e-06,0.2680910554,2.234041561,1,-0.5936853124,5.827850137e-06,False,2,3.329355945e-05,0.7984934111,2.169508876e-05,0.5203224202,1.534612733,1,-0.7984934111,4.169547174e-05,False,21,5.290118171e-06,0.9077306462,1.562394494e-06,0.2680910554,3.385904259,1,-0.9077306462,5.827850137e-06,True,1,2.577001758e-05,0.5361424158,1.753655501e-05,0.3648461217,1.469502851,0,0.5361424158,4.806561992e-05,False,21,1.830209142e-06,0.3140453338,1.562394494e-06,0.2680910554,1.171412949,0,0.3140453338,5.827850137e-06,False
optim/adamw_v_rms,optim/adamw_v_rms,none,periodic,pre_update,not estimable,,uniformly different,0.8782319097,not estimable,,False,False,1,1.710421899e-05,0.3810480714,1.739473612e-05,0.3875202166,0.983298561,1,-0.3810480714,4.488729974e-05,False,21,2.948718561e-06,0.5660179581,1.488876855e-06,0.2857956837,1.980498623,1,-0.5618160802,5.209584817e-06,False,2,3.188473527e-05,0.7950054234,2.137542889e-05,0.5329692015,1.491653591,1,-0.7950054234,4.010631164e-05,False,21,4.715893532e-06,0.9052340442,1.488876855e-06,0.2857956837,3.16741678,1,-0.9052340442,5.209584817e-06,True,1,2.497604975e-05,0.5564168462,1.739473612e-05,0.3875202166,1.435839531,0,0.5564168462,4.488729974e-05,False,21,1.789065011e-06,0.3434179641,1.488876855e-06,0.2857956837,1.201620541,0,0.3434179641,5.209584817e-06,False
optim/beta1,optim/beta1,none,continuous,pre_update,not different,1,not different,1,not different,1,False,False,401,0,0,0,0,0,0,0,0.8,False,2119,0,0,0,0,0,0,0,0.8,False,401,0,0,0,0,0,0,0,0.8,False,2119,0,0,0,0,0,0,0,0.8,False,401,0,0,0,0,0,0,0,0.8,False,2119,0,0,0,0,0,0,0,0.8,False
optim/beta2,optim/beta2,none,continuous,pre_update,not different,1,not different,1,not different,1,False,False,401,0,0,0,0,0,0,0,0.95,False,2119,0,0,0,0,0,0,0,0.95,False,401,0,0,0,0,0,0,0,0.95,False,2119,0,0,0,0,0,0,0,0.95,False,401,0,0,0,0,0,0,0,0.95,False,2119,0,0,0,0,0,0,0,0.95,False
optim/eps,optim/eps,none,continuous,pre_update,not different,1,not different,1,not different,1,False,False,401,0,0,0,0,0,0,0,1e-10,False,2119,0,0,0,0,0,0,0,1e-10,False,401,0,0,0,0,0,0,0,1e-10,False,2119,0,0,0,0,0,0,0,1e-10,False,401,0,0,0,0,0,0,0,1e-10,False,2119,0,0,0,0,0,0,0,1e-10,False
optim/lr,optim/lr,none,continuous,pre_update,uniformly different,0,warmup-dominated,398.7482566,uniformly different,0.04914721852,True,False,401,0,0,4.836607998e-21,2.541913247e-19,0,0,0,0.01902743142,False,2119,0.006817604399,0.5384760132,1.220755636e-19,9.641915101e-18,inf,0.7725342143,0.5384760132,0.01266092496,True,401,0.0005034912718,0.02646133683,4.836607998e-21,2.541913247e-19,inf,0.09476309227,0.02646133683,0.01902743142,True,2119,8.401917614e-07,6.636100946e-05,1.220755636e-19,9.641915101e-18,inf,0.7725342143,6.636100946e-05,0.01266092496,True,401,0.0005034912718,0.02646133683,4.836607998e-21,2.541913247e-19,inf,0,-0.02646133683,0.01902743142,True,2119,0.006816764207,0.5384096522,1.220755636e-19,9.641915101e-18,inf,0,0.5384096522,0.01266092496,True
optim/lr_eff,optim/lr_eff,none,continuous,pre_update,uniformly different,0,warmup-dominated,398.7482566,uniformly different,0.04914721852,True,False,401,0,0,4.836607998e-21,2.541913247e-19,0,0,0,0.01902743142,False,2119,0.006817604399,0.5384760132,1.220755636e-19,9.641915101e-18,inf,0.7725342143,0.5384760132,0.01266092496,True,401,0.0005034912718,0.02646133683,4.836607998e-21,2.541913247e-19,inf,0.09476309227,0.02646133683,0.01902743142,True,2119,8.401917614e-07,6.636100946e-05,1.220755636e-19,9.641915101e-18,inf,0.7725342143,6.636100946e-05,0.01266092496,True,401,0.0005034912718,0.02646133683,4.836607998e-21,2.541913247e-19,inf,0,-0.02646133683,0.01902743142,True,2119,0.006816764207,0.5384096522,1.220755636e-19,9.641915101e-18,inf,0,0.5384096522,0.01266092496,True
optim/momentum,optim/momentum,none,continuous,pre_update,uniformly different,0,warmup-dominated,10643.70202,uniformly different,1.311876203,True,False,401,0,0,4.519326513e-17,4.966292872e-17,0,0,0,0.91,False,2119,0.02511748989,0.02663681937,3.169067902e-17,3.360761352e-17,inf,0.7725342143,0.02663681937,0.9429613025,True,401,0.03179531172,0.03493990299,4.519326513e-17,4.966292872e-17,inf,0.9950124688,0.03493990299,0.91,True,2119,3.095443331e-06,3.282683312e-06,3.169067902e-17,3.360761352e-17,inf,0.7725342143,3.282683312e-06,0.9429613025,True,401,0.03179531172,0.03493990299,4.519326513e-17,4.966292872e-17,inf,0,-0.03493990299,0.91,True,2119,0.02511439445,0.02663353669,3.169067902e-17,3.360761352e-17,inf,0,0.02663353669,0.9429613025,True
optim/muon_momentum_norm,optim/muon_momentum_norm,none,periodic,pre_update,not estimable,,uniformly different,1.982846296,not estimable,,False,False,1,0.0003257967748,0.2645582646,0.0001094825691,0.08890363788,2.975786715,1,-0.2645582646,0.001231474569,False,21,0.00042424214,0.528049916,2.415731302e-05,0.03006836405,17.56164436,1,-0.528049916,0.0008034129486,True,2,0.0009053491776,0.665537102,0.0001414976041,0.1040172209,6.39833574,1,-0.665537102,0.001360328635,True,21,0.0002696634261,0.3356473487,2.415731302e-05,0.03006836405,11.16280713,1,-0.3356473487,0.0008034129486,True,1,0.0005046442842,0.4097886362,0.0001094825691,0.08890363788,4.609357345,0,0.4097886362,0.001231474569,False,21,0.0002077916268,0.2586361437,2.415731302e-05,0.03006836405,8.601603442,0,-0.1924025673,0.0008034129486,True
optim/muon_momentum_rms,optim/muon_momentum_rms,none,periodic,pre_update,not estimable,,uniformly different,1.647275806,not estimable,,False,False,1,6.011527341e-07,0.4258784804,8.200720992e-08,0.05809689279,7.330486364,1,-0.4258784804,1.41155931e-06,False,21,5.522516768e-07,0.6411655842,1.793744176e-08,0.02082541494,30.78764989,1,-0.6411655842,8.61324579e-07,True,2,1.276908484e-06,0.7790992476,1.703245334e-07,0.1039226518,7.496914619,1,-0.7790992476,1.638954842e-06,True,21,4.073739982e-07,0.4729622353,1.793744176e-08,0.02082541494,22.71081929,1,-0.4729622353,8.61324579e-07,True,1,4.936794352e-07,0.3497404831,8.200720992e-08,0.05809689279,6.019951607,0,0.3497404831,1.41155931e-06,False,21,1.846371198e-07,0.2143641599,1.793744176e-08,0.02082541494,10.29339202,0,-0.1682033488,8.61324579e-07,True
optim/muon_second_momentum_mean,optim/muon_second_momentum_mean,none,periodic,pre_update,not estimable,,uniformly different,1,not estimable,,False,False,1,0.0003255208721,0.2500000224,0,0,inf,1,-0.2500000224,0.001302083372,False,21,0.0003255208721,0.2500000224,0,0,inf,1,-0.2500000224,0.001302083372,True,2,0.0003255208721,0.2500000224,0,0,inf,1,-0.2500000224,0.001302083372,True,21,0.0003255208721,0.2500000224,0,0,inf,1,-0.2500000224,0.001302083372,True,1,0,0,0,0,0,0,0,0.001302083372,False,21,0,0,0,0,0,0,0,0.001302083372,False
optim/muon_second_momentum_norm,optim/muon_second_momentum_norm,none,periodic,pre_update,not estimable,,uniformly different,1.002354348,not estimable,,False,False,1,0.0048271325,0.1336366653,2.604101959e-06,7.209321516e-05,1853.66494,1,-0.1336366653,0.03612131812,False,21,0.004830995907,0.1338107679,2.28977902e-06,6.342317298e-05,2109.808791,1,-0.1338107679,0.03610319245,True,2,0.004853822273,0.1343400132,5.355087451e-06,0.0001482136095,906.3945858,1,-0.1343400132,0.03613087535,True,21,0.004838711343,0.134024473,2.28977902e-06,6.342317298e-05,2113.178303,1,-0.134024473,0.03610319245,True,1,1.59848102e-05,0.0004425311985,2.604101959e-06,7.209321516e-05,6.13831964,0,0.0004425311985,0.03612131812,False,21,7.715436281e-06,0.000213705098,2.28977902e-06,6.342317298e-05,3.369511299,0,0.000213705098,0.03610319245,True
optim/muon_second_momentum_rms,optim/muon_second_momentum_rms,none,periodic,pre_update,not estimable,,uniformly different,1.001092876,not estimable,,False,False,1,0.0003254725032,0.2497073476,9.393747736e-08,7.207023046e-05,3464.777981,1,-0.2497073476,0.001303415804,False,21,0.000325505621,0.2498581324,8.262434579e-08,6.342245231e-05,3939.584851,1,-0.2498581324,0.001302761763,True,2,0.0003263527755,0.2503164725,1.93212806e-07,0.0001481965274,1689.084602,1,-0.2503164725,0.001303760684,True,21,0.0003257467284,0.2500432064,8.262434579e-08,6.342245231e-05,3942.502967,1,-0.2500432064,0.001302761763,True,1,4.995253187e-07,0.0003832432577,9.393747736e-08,7.207023046e-05,5.317636078,0,0.0003832432577,0.001303415804,False,21,2.411073838e-07,0.0001850740409,8.262434579e-08,6.342245231e-05,2.918115496,0,0.0001850740409,0.001302761763,False
optim/ns_steps,optim/ns_steps,none,continuous,pre_update,not different,1,not different,1,not different,1,False,False,401,0,0,0,0,0,0,0,5,False,2119,0,0,0,0,0,0,0,5,False,401,0,0,0,0,0,0,0,5,False,2119,0,0,0,0,0,0,0,5,False,401,0,0,0,0,0,0,0,5,False,2119,0,0,0,0,0,0,0,5,False
optim/weight_decay,optim/weight_decay,none,continuous,pre_update,uniformly different,0,uniformly different,0,uniformly different,0,False,False,401,0,0,3.878959614e-18,1.292986538e-16,0,0,0,0.03,False,2119,0.005904926677,0.2450678028,2.683348388e-18,1.113650227e-16,inf,0.3298725814,0.2450678028,0.02409507332,True,401,0,0,3.878959614e-18,1.292986538e-16,0,0,0,0.03,False,2119,0.002919390984,0.1211613239,2.683348388e-18,1.113650227e-16,inf,0.5035394054,-0.1211613239,0.02409507332,True,401,0,0,3.878959614e-18,1.292986538e-16,0,0,0,0.03,False,2119,0.008824317661,0.3662291267,2.683348388e-18,1.113650227e-16,inf,0,0.3662291267,0.02409507332,True
overhead/attention,overhead/attention,none,periodic,post_update,not different,2.127879405,not different,0.6065309306,not different,1.711414816,False,False,4,0.005372120378,0.2751045107,0.004162861511,0.2131787634,1.290487412,0.5,0.2751045107,0.01952756196,False,21,0.002036412579,0.1292857622,0.004092963635,0.2598500562,0.4975398661,0.04761904762,0.1292857622,0.01575125168,False,4,0.002431188305,0.1245003503,0.004162861511,0.2131787634,0.5840185407,0.25,0.1245003503,0.01952756196,False,21,0.003233200903,0.2052662841,0.004092963635,0.2598500562,0.7899412726,0.1428571429,0.2052662841,0.01575125168,False,4,0.002940932073,0.1506041603,0.004162861511,0.2131787634,0.7064688713,0,0.1506041603,0.01952756196,False,21,0.001386106987,0.08799979931,0.004092963635,0.2598500562,0.3386560719,0,-0.07598052192,0.01575125168,False
overhead/attention/work,overhead/attention/work,none,periodic,post_update,uniformly different,1,uniformly different,1,not different,1,False,False,4,2.818579169e+11,1.086955261,0,0,inf,1,1.086955261,2.593095844e+11,True,21,2.818579169e+11,1.086955261,0,0,inf,1,1.086955261,2.593095844e+11,True,4,2.818579169e+11,1.086955261,0,0,inf,1,1.086955261,2.593095844e+11,True,21,2.818579169e+11,1.086955261,0,0,inf,1,1.086955261,2.593095844e+11,True,4,0,0,0,0,0,0,0,2.593095844e+11,False,21,0,0,0,0,0,0,0,2.593095844e+11,False
overhead/grads_ready,overhead/grads_ready,none,continuous,pre_update,uniformly different,0.6730527682,uniformly different,1.016269001,uniformly different,1.238710988,False,False,401,0.1801824697,1.218856047,0.02069006677,0.1399593037,8.708646118,0.2568578554,0.6988462783,0.1478291634,True,2119,0.08628069544,1.81093683,0.007301694387,0.1532545284,11.81653064,0.1920717319,-0.04977282265,0.04764423253,True,401,0.188477661,1.274969409,0.02069006677,0.1399593037,9.109572391,0.3142144638,0.2510488054,0.1478291634,True,2119,0.05977250011,1.254558987,0.007301694387,0.1532545284,8.186113652,0.1911278905,-0.04520615769,0.04764423253,True,401,0.3385437123,2.290100982,0.02069006677,0.1399593037,16.36262058,0,0.447797473,0.1478291634,True,2119,0.08808358431,1.848777483,0.007301694387,0.1532545284,12.06344441,0,-0.004566664959,0.04764423253,True
overhead/grads_ready/calibration,overhead/grads_ready/calibration,none,sparse,pre_update,not estimable,,uniformly different,1.104148915,not estimable,,False,False,10,3.112739169,0.7537737349,0.5802235401,0.1405055937,5.364724031,1,0.7537737349,4.129540504,True,0,,,,,,,,,False,8,3.234513791,0.8019337184,0.5465163297,0.1354979143,5.918421125,1,0.8019337184,4.033392931,True,14,3.458665697,0.7262912707,0.6375816954,0.1338868975,5.424662787,1,0.7262912707,4.76209179,True,5,0.166012959,0.04490814245,0.5395949414,0.1459657526,0.3076621856,0,-0.03155169795,3.696722909,False,0,,,,,,,,,False
overhead/grads_ready/calibration/work,overhead/grads_ready/calibration/work,none,sparse,pre_update,not estimable,,uniformly different,1,not estimable,,False,False,10,250610008,0.8754576031,0,0,inf,1,0.8754576031,286261730,True,0,,,,,,,,,False,8,250610008,0.8754576031,0,0,inf,1,0.8754576031,286261730,True,14,250610008,0.8754576031,0,0,inf,1,0.8754576031,286261730,True,5,0,0,0,0,0,0,0,286261730,False,0,,,,,,,,,False
overhead/grads_ready/periodic_scan,overhead/grads_ready/periodic_scan,none,periodic,pre_update,uniformly different,1.735382991,uniformly different,1.186421329,not different,2.626867907,False,False,4,0.312079537,0.7495595651,0.07665209089,0.1841046948,4.071376702,1,0.7495595651,0.4163505498,True,21,0.184959464,0.4319274586,0.05390799712,0.1258889039,3.431020886,0.8095238095,0.4319274586,0.4282188139,True,4,0.2298591677,0.5520808555,0.07665209089,0.1841046948,2.998733173,1,0.5520808555,0.4163505498,False,21,0.1992642946,0.4653328815,0.05390799712,0.1258889039,3.696377258,0.8095238095,0.4653328815,0.4282188139,True,4,0.191816839,0.4607099453,0.07665209089,0.1841046948,2.50243453,0,0.1974787096,0.4163505498,False,21,0.07510262157,0.1753837504,0.05390799712,0.1258889039,1.3931629,0,-0.03340542285,0.4282188139,False
overhead/grads_ready/periodic_scan/work,overhead/grads_ready/periodic_scan/work,none,periodic,pre_update,uniformly different,1,uniformly different,1,not different,1,False,False,4,250610008,0.8754576031,0,0,inf,1,0.8754576031,286261730,True,21,250610008,0.8754576031,0,0,inf,1,0.8754576031,286261730,True,4,250610008,0.8754576031,0,0,inf,1,0.8754576031,286261730,True,21,250610008,0.8754576031,0,0,inf,1,0.8754576031,286261730,True,4,0,0,0,0,0,0,0,286261730,False,21,0,0,0,0,0,0,0,286261730,False
overhead/lineage_checkpoint,overhead/lineage_checkpoint,none,sparse,post_update,not estimable,,not estimable,,not estimable,,False,False,0,,,,,,,,,False,0,,,,,,,,,False,0,,,,,,,,,False,3,2.852526303,0.7720540927,1.659437668,0.4491371882,1.718971648,0.6666666667,0.7720540927,3.694723375,False,0,,,,,,,,,False,0,,,,,,,,,False
overhead/microbatch_cpu_launch,overhead/microbatch_cpu_launch,none,continuous,pre_update,uniformly different,1.065119612,uniformly different,1.091283743,not different,0.770593726,False,False,401,0.004676707405,3.239237072,0.001449340749,1.003859741,3.226782527,1,3.239237072,0.001443768178,True,2119,0.004520176605,3.041195595,0.00144256686,0.9705656136,3.133426069,0.9938650307,3.041195595,0.001486315649,True,401,0.004664561773,3.230824619,0.001449340749,1.003859741,3.218402419,1,3.230824619,0.001443768178,True,2119,0.004400345211,2.960572483,0.00144256686,0.9705656136,3.050357896,0.9919773478,2.960572483,0.001486315649,True,401,0.0001708575318,0.1183413891,0.001449340749,1.003859741,0.1178863783,0,0.008412452673,0.001443768178,False,2119,0.0002282560222,0.1535717008,0.00144256686,0.9705656136,0.1582290766,0,0.08062311281,0.001486315649,False
overhead/microbatch_cpu_launch/work,overhead/microbatch_cpu_launch/work,none,continuous,pre_update,not different,1,not different,1,not different,1,False,False,401,0,0,0,0,0,0,0,1048576,False,2119,0,0,0,0,0,0,0,1048576,False,401,0,0,0,0,0,0,0,1048576,False,2119,0,0,0,0,0,0,0,1048576,False,401,0,0,0,0,0,0,0,1048576,False,2119,0,0,0,0,0,0,0,1048576,False
overhead/muon_reference,overhead/muon_reference,none,sparse,pre_update,not estimable,,warmup-dominated,2.936494568,not estimable,,True,False,10,0.01992714172,0.9432179385,0.0003036502265,0.01437277582,65.62531486,1,0.9432179385,0.02112676287,True,0,,,,,,,,,False,8,0.05779844604,2.73973868,0.0003543198537,0.01679532712,163.1250562,1,2.73973868,0.02109633537,True,14,0.0201593559,0.9329963388,0.0006744977401,0.03121646967,29.88795173,1,0.9329963388,0.02160711147,True,5,0.0008369734511,0.03968707017,0.0003312745148,0.01570816242,2.526525325,0,-0.01647732523,0.02108932324,False,0,,,,,,,,,False
overhead/muon_reference/work,overhead/muon_reference/work,none,sparse,pre_update,not estimable,,uniformly different,1,not estimable,,False,False,10,250610008,0.8754576031,0,0,inf,1,0.8754576031,286261730,True,0,,,,,,,,,False,8,250610008,0.8754576031,0,0,inf,1,0.8754576031,286261730,True,14,250610008,0.8754576031,0,0,inf,1,0.8754576031,286261730,True,5,0,0,0,0,0,0,0,286261730,False,0,,,,,,,,,False
overhead/noise,overhead/noise,none,periodic,pre_update,uniformly different,1.140416943,uniformly different,1.032682151,not different,6.508992443,False,False,4,0.6248093658,0.6874158723,0.07410418717,0.08152949883,8.431498809,1,0.6874158723,0.908924846,True,21,0.5245875069,0.6027759203,0.05669907957,0.06514993099,9.25213444,1,0.6027759203,0.8702861033,True,4,0.5709615363,0.6281724378,0.07410418717,0.08152949883,7.704848513,1,0.6281724378,0.908924846,True,21,0.5293881983,0.6082921424,0.05669907957,0.06514993099,9.336804093,1,0.6082921424,0.8702861033,True,4,0.05384782954,0.05924343445,0.07410418717,0.08152949883,0.7266502959,0,0.05924343445,0.908924846,False,21,0.007921154951,0.009101782645,0.05669907957,0.06514993099,0.1397051771,0,-0.005516222074,0.8702861033,False
overhead/noise/work,overhead/noise/work,none,periodic,pre_update,uniformly different,1,uniformly different,1,not different,1,False,False,4,5.411672005e+13,1.086955261,0,0,inf,1,1.086955261,4.97874402e+13,True,21,5.411672005e+13,1.086955261,0,0,inf,1,1.086955261,4.97874402e+13,True,4,5.411672005e+13,1.086955261,0,0,inf,1,1.086955261,4.97874402e+13,True,21,5.411672005e+13,1.086955261,0,0,inf,1,1.086955261,4.97874402e+13,True,4,0,0,0,0,0,0,0,4.97874402e+13,False,21,0,0,0,0,0,0,0,4.97874402e+13,False
overhead/probe_grad_sketch,overhead/probe_grad_sketch,none,sparse,pre_update,not estimable,,uniformly different,0.8220826291,not estimable,,False,False,10,0.04216004442,0.4402653667,0.01373224724,0.1434019567,3.070148949,1,0.4402653667,0.09576052902,True,0,,,,,,,,,False,8,0.04562111408,0.4666920862,0.01425442059,0.145819001,3.200488845,1,0.4666920862,0.09775420546,True,14,0.04915476597,0.5676948639,0.0145585016,0.1681380517,3.376361615,1,0.5676948639,0.08658659624,True,5,0.0003391060978,0.00322868671,0.01475002962,0.1404375354,0.02299019775,0,0.003026498532,0.1050291119,False,0,,,,,,,,,False
overhead/probe_grad_sketch/work,overhead/probe_grad_sketch/work,none,sparse,pre_update,not estimable,,uniformly different,1,not estimable,,False,False,10,8.455737508e+11,1.086955261,0,0,inf,1,1.086955261,7.779287532e+11,True,0,,,,,,,,,False,8,8.455737508e+11,1.086955261,0,0,inf,1,1.086955261,7.779287532e+11,True,14,8.455737508e+11,1.086955261,0,0,inf,1,1.086955261,7.779287532e+11,True,5,0,0,0,0,0,0,0,7.779287532e+11,False,0,,,,,,,,,False
overhead/probes,overhead/probes,none,periodic,post_update,uniformly different,1.578553643,uniformly different,1.235765752,uniformly different,1.020046953,False,False,4,0.3484839467,0.5764219187,0.01522542795,0.02518414543,22.88828582,1,0.5764219187,0.6045640102,True,21,0.2166479441,0.365158271,0.01880607345,0.03169747719,11.52010517,1,0.365158271,0.5932987455,True,4,0.2868058702,0.4744011641,0.01522542795,0.02518414543,18.8372945,1,0.4744011641,0.6045640102,True,21,0.2277629195,0.3838924677,0.01880607345,0.03169747719,12.11113633,1,0.3838924677,0.5932987455,True,4,0.06167807653,0.1020207546,0.01522542795,0.02518414543,4.050991323,0,0.1020207546,0.6045640102,True,21,0.05933921528,0.1000157437,0.01880607345,0.03169747719,3.155321892,0,-0.01873419678,0.5932987455,True
overhead/probes/work,overhead/probes/work,none,periodic,post_update,uniformly different,1,uniformly different,1,not different,1,False,False,4,1.803890668e+13,1.086955261,0,0,inf,1,1.086955261,1.65958134e+13,True,21,1.803890668e+13,1.086955261,0,0,inf,1,1.086955261,1.65958134e+13,True,4,1.803890668e+13,1.086955261,0,0,inf,1,1.086955261,1.65958134e+13,True,21,1.803890668e+13,1.086955261,0,0,inf,1,1.086955261,1.65958134e+13,True,4,0,0,0,0,0,0,0,1.65958134e+13,False,21,0,0,0,0,0,0,0,1.65958134e+13,False
overhead/shadow_acceptance,overhead/shadow_acceptance,none,sparse,post_update,not estimable,,uniformly different,0.9463190254,not estimable,,False,False,10,3.009033303,0.5898116873,0.5253400863,0.1029738429,5.727781644,1,0.5898116873,5.101684771,True,0,,,,,,,,,False,5,2.901366572,0.5698965963,0.5054784431,0.09928784839,5.739842343,1,0.5698965963,5.091040357,True,17,3.09706012,0.6022245998,0.6973406036,0.135598164,4.441244499,1,0.6022245998,5.142699453,True,2,0.03836996295,0.007288647343,0.4551840885,0.08646545481,0.08429548378,0,0.0006327993257,5.2643462,False,0,,,,,,,,,False
overhead/step_end_emit,overhead/step_end_emit,none,continuous,post_update,not different,0.3097677774,uniformly different,0.6681936706,not different,0.8946982481,False,False,401,0.0003174143237,0.2464953506,0.0004523287552,0.3512662372,0.7017336839,0.2069825436,0.1122745353,0.001287709171,False,2119,0.001250320549,0.7957423871,0.0005384190125,0.3426663912,2.322207277,0.126946673,-0.1555989197,0.001571262973,False,401,0.0009839875936,0.7641380643,0.0004523287552,0.3512662372,2.175381473,0.2518703242,-0.2514553451,0.001287709171,False,2119,0.001796877013,1.143587702,0.0005384190125,0.3426663912,3.33732088,0.1330816423,-0.04556492489,0.001571262973,True,401,0.001139838061,0.8851673081,0.0004523287552,0.3512662372,2.519932787,0,0.3637298804,0.001287709171,False,2119,0.001554524801,0.9893473134,0.0005384190125,0.3426663912,2.887202652,0,-0.1100339948,0.001571262973,False
overhead/theta_snapshot,overhead/theta_snapshot,none,sparse,pre_update,not estimable,,uniformly different,0.9323657361,not estimable,,False,False,10,0.0006189434789,0.6121550899,0.0001643146136,0.1625124595,3.766819429,1,0.6121550899,0.001011089329,True,0,,,,,,,,,False,8,0.0006018561544,0.5844686308,0.0001535746667,0.1491379203,3.918980698,1,0.5844686308,0.001029749284,True,14,0.0006537499971,0.6268662695,0.0002464935189,0.2363571294,2.652199538,0.9285714286,0.6268662695,0.001042885905,False,5,1.851525158e-05,0.01806785237,0.0001199936623,0.117094157,0.1543019125,0,0.01189443167,0.001024762169,False,0,,,,,,,,,False
overhead/theta_snapshot/work,overhead/theta_snapshot/work,none,sparse,pre_update,not estimable,,uniformly different,1,not estimable,,False,False,10,250610008,0.8754576031,0,0,inf,1,0.8754576031,286261730,True,0,,,,,,,,,False,8,250610008,0.8754576031,0,0,inf,1,0.8754576031,286261730,True,14,250610008,0.8754576031,0,0,inf,1,0.8754576031,286261730,True,5,0,0,0,0,0,0,0,286261730,False,0,,,,,,,,,False
overhead/total/attention,overhead/total/attention,none,offline,post_update,not estimable,,not estimable,,not estimable,,False,False,1,0.07398481667,0.1793182851,0.08372111149,0.202916312,0.8837056192,0,0.1793182851,0.412589361,False,0,,,,,,,,,False,1,0.07398481667,0.1793182851,0.08372111149,0.202916312,0.8837056192,0,0.1793182851,0.412589361,False,0,,,,,,,,,False,1,0,0,0.08372111149,0.202916312,0,0,0,0.412589361,False,0,,,,,,,,,False
overhead/total/grads_ready,overhead/total/grads_ready,none,offline,post_update,not estimable,,not estimable,,not estimable,,False,False,1,15.33133881,1.234572767,2.138013725,0.1721658854,7.170832735,1,1.234572767,12.4183355,False,0,,,,,,,,,False,1,15.33133881,1.234572767,2.138013725,0.1721658854,7.170832735,1,1.234572767,12.4183355,False,0,,,,,,,,,False,1,0,0,2.138013725,0.1721658854,0,0,0,12.4183355,False,0,,,,,,,,,False
overhead/total/grads_ready/calibration,overhead/total/grads_ready/calibration,none,offline,post_update,not estimable,,not estimable,,not estimable,,False,False,1,121.2762295,0.8558818179,11.53062232,0.08137497372,10.51775231,1,0.8558818179,141.6974014,False,0,,,,,,,,,False,1,121.2762295,0.8558818179,11.53062232,0.08137497372,10.51775231,1,0.8558818179,141.6974014,False,0,,,,,,,,,False,1,0,0,11.53062232,0.08137497372,0,0,0,141.6974014,False,0,,,,,,,,,False
overhead/total/grads_ready/periodic_scan,overhead/total/grads_ready/periodic_scan,none,offline,post_update,not estimable,,not estimable,,not estimable,,False,False,1,4.827100627,0.4413877334,0.1781619967,0.01629104632,27.09388487,1,0.4413877334,10.93619116,False,0,,,,,,,,,False,1,4.827100627,0.4413877334,0.1781619967,0.01629104632,27.09388487,1,0.4413877334,10.93619116,False,0,,,,,,,,,False,1,0,0,0.1781619967,0.01629104632,0,0,0,10.93619116,False,0,,,,,,,,,False
overhead/total/lineage_checkpoint,overhead/total/lineage_checkpoint,none,offline,post_update,not estimable,,not estimable,,not estimable,,False,False,1,9.390815948,0.7402780211,4.347659789,0.3427260211,2.159970284,0,0.7402780211,12.68552582,False,0,,,,,,,,,False,1,9.390815948,0.7402780211,4.347659789,0.3427260211,2.159970284,0,0.7402780211,12.68552582,False,0,,,,,,,,,False,1,0,0,4.347659789,0.3427260211,0,0,0,12.68552582,False,0,,,,,,,,,False
overhead/total/lineage_inventory,overhead/total/lineage_inventory,none,offline,post_update,not estimable,,not estimable,,not estimable,,False,False,1,29.07271731,0.8155293742,8.525716065,0.2391579643,3.410002994,1,0.8155293742,35.64889043,False,0,,,,,,,,,False,1,29.07271731,0.8155293742,8.525716065,0.2391579643,3.410002994,1,0.8155293742,35.64889043,False,0,,,,,,,,,False,1,0,0,8.525716065,0.2391579643,0,0,0,35.64889043,False,0,,,,,,,,,False
overhead/total/microbatch_cpu_launch,overhead/total/microbatch_cpu_launch,none,offline,post_update,not estimable,,not estimable,,not estimable,,False,False,1,28.19300186,7.718637662,3.545839509,0.9707746098,7.951009002,1,7.718637662,3.652587813,False,0,,,,,,,,,False,1,28.19300186,7.718637662,3.545839509,0.9707746098,7.951009002,1,7.718637662,3.652587813,False,0,,,,,,,,,False,1,0,0,3.545839509,0.9707746098,0,0,0,3.652587813,False,0,,,,,,,,,False
overhead/total/muon_reference,overhead/total/muon_reference,none,offline,post_update,not estimable,,not estimable,,not estimable,,False,False,1,1.03882539,1.097323676,0.05220992333,0.05514996604,19.89708706,1,1.097323676,0.946690036,False,0,,,,,,,,,False,1,1.03882539,1.097323676,0.05220992333,0.05514996604,19.89708706,1,1.097323676,0.946690036,False,0,,,,,,,,,False,1,0,0,0.05220992333,0.05514996604,0,0,0,0.946690036,False,0,,,,,,,,,False
overhead/total/noise,overhead/total/noise,none,offline,post_update,not estimable,,not estimable,,not estimable,,False,False,1,13.37658111,0.6098264795,1.28418961,0.05854506638,10.41635986,1,0.6098264795,21.93506113,False,0,,,,,,,,,False,1,13.37658111,0.6098264795,1.28418961,0.05854506638,10.41635986,1,0.6098264795,21.93506113,False,0,,,,,,,,,False,1,0,0,1.28418961,0.05854506638,0,0,0,21.93506113,False,0,,,,,,,,,False
overhead/total/probe_grad_sketch,overhead/total/probe_grad_sketch,none,offline,post_update,not estimable,,not estimable,,not estimable,,False,False,1,1.796335588,0.6708727199,0.4009153473,0.1497287986,4.480585741,1,0.6708727199,2.677610126,False,0,,,,,,,,,False,1,1.796335588,0.6708727199,0.4009153473,0.1497287986,4.480585741,1,0.6708727199,2.677610126,False,0,,,,,,,,,False,1,0,0,0.4009153473,0.1497287986,0,0,0,2.677610126,False,0,,,,,,,,,False
overhead/total/probes,overhead/total/probes,none,offline,post_update,not estimable,,not estimable,,not estimable,,False,False,1,5.919160511,0.3974496992,0.07305248048,0.004905203421,81.02614001,1,0.3974496992,14.89285443,False,0,,,,,,,,,False,1,5.919160511,0.3974496992,0.07305248048,0.004905203421,81.02614001,1,0.3974496992,14.89285443,False,0,,,,,,,,,False,1,0,0,0.07305248048,0.004905203421,0,0,0,14.89285443,False,0,,,,,,,,,False
overhead/total/shadow_acceptance,overhead/total/shadow_acceptance,none,offline,post_update,not estimable,,not estimable,,not estimable,,False,False,1,116.1083245,0.7574522843,17.73820042,0.1157181493,6.545665386,1,0.7574522843,153.2879719,False,0,,,,,,,,,False,1,116.1083245,0.7574522843,17.73820042,0.1157181493,6.545665386,1,0.7574522843,153.2879719,False,0,,,,,,,,,False,1,0,0,17.73820042,0.1157181493,0,0,0,153.2879719,False,0,,,,,,,,,False
overhead/total/step_end_emit,overhead/total/step_end_emit,none,offline,post_update,not estimable,,not estimable,,not estimable,,False,False,1,4.150140073,1.063198854,0.2083268357,0.05336997042,19.92129367,1,1.063198854,3.903446714,False,0,,,,,,,,,False,1,4.150140073,1.063198854,0.2083268357,0.05336997042,19.92129367,1,1.063198854,3.903446714,False,0,,,,,,,,,False,1,0,0,0.2083268357,0.05336997042,0,0,0,3.903446714,False,0,,,,,,,,,False
overhead/total/theta_snapshot,overhead/total/theta_snapshot,none,offline,post_update,not estimable,,not estimable,,not estimable,,False,False,1,0.02388985455,0.7718346392,0.005874521103,0.1897943274,4.066689715,1,0.7718346392,0.03095203731,False,0,,,,,,,,,False,1,0.02388985455,0.7718346392,0.005874521103,0.1897943274,4.066689715,1,0.7718346392,0.03095203731,False,0,,,,,,,,,False,1,0,0,0.005874521103,0.1897943274,0,0,0,0.03095203731,False,0,,,,,,,,,False
overhead/total/update_effectiveness,overhead/total/update_effectiveness,none,offline,post_update,not estimable,,not estimable,,not estimable,,False,False,1,117.5184949,0.7515100483,21.44826804,0.1371578913,5.479160122,1,0.7515100483,156.3764785,False,0,,,,,,,,,False,1,117.5184949,0.7515100483,21.44826804,0.1371578913,5.479160122,1,0.7515100483,156.3764785,False,0,,,,,,,,,False,1,0,0,21.44826804,0.1371578913,0,0,0,156.3764785,False,0,,,,,,,,,False
overhead/update_effectiveness,overhead/update_effectiveness,none,sparse,post_update,not estimable,,uniformly different,1.005678592,not estimable,,False,False,10,3.176890832,0.6228165617,0.7301628176,0.1431454588,4.350934826,1,0.6228165617,5.10084514,True,0,,,,,,,,,False,5,2.954509971,0.5768126857,0.7374911486,0.1439813215,4.006163297,1,0.5768126857,5.12213071,True,17,3.059425948,0.5735556966,0.8067427856,0.1512414185,3.792318944,1,0.5735556966,5.334139241,True,2,0.3407915286,0.06675950448,0.984468551,0.1928528943,0.3461680195,0,-0.01593440565,5.104764201,False,0,,,,,,,,,False
overhead/update_effectiveness/work,overhead/update_effectiveness/work,none,sparse,post_update,not estimable,,uniformly different,1,not estimable,,False,False,10,1.056967188e+13,1.086955261,0,0,inf,1,1.086955261,9.724109414e+12,True,0,,,,,,,,,False,5,1.056967188e+13,1.086955261,0,0,inf,1,1.086955261,9.724109414e+12,True,17,1.056967188e+13,1.086955261,0,0,inf,1,1.086955261,9.724109414e+12,True,2,0,0,0,0,0,0,0,9.724109414e+12,False,0,,,,,,,,,False
param/norm,param/norm,none,periodic,pre_update,uniformly different,0.5439101191,uniformly different,1.636999999,warmup-dominated,4.262710193,False,False,4,5.851999995,0.3395388189,0.10370926,0.006017313682,56.4269767,0.75,0.1850340019,17.2351427,True,21,32.21710198,0.6242553815,0.1604924015,0.00310978453,200.7391108,1,0.6242553815,51.60884941,True,4,19.96918018,1.158631555,0.10370926,0.006017313682,192.5496353,0.75,1.158631555,17.2351427,True,21,36.52757572,0.7077773703,0.1604924015,0.00310978453,227.5969166,1,0.7077773703,51.60884941,True,4,16.78009275,0.9735975528,0.10370926,0.006017313682,161.7993683,0,-0.9735975528,17.2351427,True,21,11.78739516,0.2283987202,0.1604924015,0.00310978453,73.44519146,0,-0.08352198875,51.60884941,True
param/rms,param/rms,none,periodic,pre_update,uniformly different,0.3820029446,uniformly different,1.248159368,uniformly different,1.983055424,False,False,4,0.003023079108,0.08680060038,0.001324577379,0.03803212143,2.282297098,0.75,-0.05449312239,0.03482785943,False,21,0.01559078527,0.2272249511,0.0002779379388,0.004050753921,56.09448401,0.9523809524,0.2212253631,0.06861387886,True,4,0.0125284168,0.3597239969,0.001324577379,0.03803212143,9.458425755,1,0.2903900763,0.03482785943,True,21,0.01977476545,0.2882035789,0.0002779379388,0.004050753921,71.14813304,1,0.2882035789,0.06861387886,True,4,0.01210545745,0.3475797148,0.001324577379,0.03803212143,9.139109304,0,-0.3448831987,0.03482785943,True,21,0.01202628639,0.1752748363,0.0002779379388,0.004050753921,43.26968257,0,-0.0669782158,0.06861387886,True
probe/attn_out_norm,probe/attn_out_norm,none,periodic,post_update,uniformly different,0.3061889067,uniformly different,0.7855129871,uniformly different,1.276400521,False,False,4,3416.271025,0.4147041942,1939.586452,0.2354481335,1.761339909,0.75,-0.1238936329,8237.850191,False,21,24590.29219,1.354406333,484.7965727,0.02670206369,50.72290847,1,1.354406333,18155.77172,True,4,8064.727516,0.9789844838,1939.586452,0.2354481335,4.157962389,0.75,0.7917104697,8237.850191,True,21,22627.53015,1.246299552,484.7965727,0.02670206369,46.6742783,1,1.246299552,18155.77172,True,4,7542.609432,0.9156041026,1939.586452,0.2354481335,3.888771972,0,-0.9156041026,8237.850191,True,21,13023.7326,0.7173329121,484.7965727,0.02670206369,26.86432481,0,0.1081067809,18155.77172,True
probe/attn_out_stats_mean,probe/attn_out_stats_mean,none,periodic,post_update,not different,0.07393155083,not different,0.5027493677,not different,0.70734975,False,False,4,0.001743796517,0.5792778706,0.009707788436,3.224864231,0.1796286073,0,-0.1701130745,0.003010293687,False,21,0.05479851605,7.835326921,0.05995428281,8.572520572,0.9140050298,0,7.835326921,0.00699377532,False,4,0.009248425603,3.072266884,0.009707788436,3.224864231,0.9526810009,0.5,3.072266884,0.003010293687,False,21,0.04273848101,6.110931372,0.05995428281,8.572520572,0.7128511761,0.04761904762,6.110931372,0.00699377532,False,4,0.009760515917,3.242379958,0.009707788436,3.224864231,1.005431462,0,-3.242379958,0.003010293687,False,21,0.03205836565,4.583842658,0.05995428281,8.572520572,0.5347135208,0,1.724395549,0.00699377532,False
probe/attn_out_stats_rms,probe/attn_out_stats_rms,none,periodic,post_update,uniformly different,0.3961882269,uniformly different,0.875032324,uniformly different,1.276400547,False,False,4,0.675951071,0.4116299238,0.3866371673,0.2354481479,1.748282701,0.75,-0.2412696537,1.642132974,False,21,3.76023095,1.038975658,0.0966393461,0.0267020642,38.90993784,1,1.038975658,3.619171364,True,4,1.35839528,0.8272139352,0.3866371673,0.2354481479,3.51335928,1,0.5516667501,1.642132974,True,21,3.421392449,0.9453524316,0.0966393461,0.0267020642,35.40372102,1,0.9453524316,3.619171364,True,4,1.302107015,0.7929364038,0.3866371673,0.2354481479,3.367775075,0,-0.7929364038,1.642132974,True,21,2.248332416,0.6212285052,0.0966393461,0.0267020642,23.26518656,0,0.09362322651,3.619171364,True
probe/attn_out_stats_std,probe/attn_out_stats_std,none,periodic,post_update,uniformly different,0.3961737645,uniformly different,0.8748590446,uniformly different,1.276361798,False,False,4,0.6758835271,0.41159844,0.3866363354,0.2354531604,1.748111766,0.75,-0.2412794988,1.642094482,False,21,3.759390384,1.038934117,0.09673374034,0.02673305318,38.86327946,1,1.038934117,3.618507011,True,4,1.35811694,0.8270638232,0.3866363354,0.2354531604,3.51264694,1,0.5515286667,1.642094482,True,21,3.420821058,0.9453680891,0.09673374034,0.02673305318,35.36326669,1,0.9453680891,3.618507011,True,4,1.301865914,0.7928081655,0.3866363354,0.2354531604,3.367158735,0,-0.7928081655,1.642094482,True,21,2.247624389,0.6211468935,0.09673374034,0.02673305318,23.2351647,0,0.09356602744,3.618507011,True
probe/attn_residual_ratio,probe/attn_residual_ratio,none,periodic,post_update,uniformly different,1.29298715,warmup-dominated,2.885646859,warmup-dominated,3.244930955,True,True,4,0.04799106972,0.279426851,0.009930355883,0.05781925866,4.832764333,0.75,-0.279426851,0.1717482395,True,21,0.1059360919,0.2161095345,0.0154666004,0.03155185123,6.849345634,1,-0.2161095345,0.4901962894,True,4,0.0371331612,0.2162069394,0.009930355883,0.05781925866,3.739358552,0.75,0.1787073858,0.1717482395,True,21,0.03672793124,0.07492494749,0.0154666004,0.03155185123,2.374660901,1,-0.07492494749,0.4901962894,False,4,0.07868374861,0.4581342367,0.009930355883,0.05781925866,7.923557779,0,-0.4581342367,0.1717482395,True,21,0.06920816066,0.141184587,0.0154666004,0.03155185123,4.474684732,0,-0.141184587,0.4901962894,True
probe/backout_contribution_ratio,probe/backout_contribution_ratio,none,periodic,post_update,uniformly different,1.526506731,uniformly different,0.4414553838,uniformly different,0.8491967654,False,False,4,0.05246154274,0.1385787678,0.0306892442,0.08106657611,1.709443947,0.75,-0.09731338356,0.3785684023,False,21,0.02400844121,0.09078162911,0.00616594221,0.0233148947,3.89371817,0.9047619048,-0.03594231369,0.2644636525,True,4,0.05500469551,0.1452965836,0.0306892442,0.08106657611,1.792311832,0.75,-0.06473972338,0.3785684023,False,21,0.08704314547,0.3291308452,0.00616594221,0.0233148947,14.1167631,1,-0.3291308452,0.2644636525,True,4,0.09425397432,0.2489747526,0.0306892442,0.08106657611,3.071238044,0,-0.03257366018,0.3785684023,True,21,0.07753770991,0.2931885315,0.00616594221,0.0233148947,12.57516001,0,0.2931885315,0.2644636525,True
probe/backout_term_norm,probe/backout_term_norm,none,periodic,post_update,uniformly different,0.4511198072,uniformly different,1.005407967,uniformly different,0.326461474,False,False,4,34267.11815,0.6408543368,20432.55628,0.3821241182,1.677084241,0.75,-0.2209823024,53470.99362,False,21,43600.71178,1.420585677,2260.855537,0.07366253581,19.28504988,1,1.420585677,30692.06771,True,4,33797.45819,0.6320708836,20432.55628,0.3821241182,1.654098377,0.75,0.06620012631,53470.99362,False,21,19295.21448,0.6286710515,2260.855537,0.07366253581,8.534474745,1,0.6286710515,30692.06771,True,4,15355.92981,0.2871824287,20432.55628,0.3821241182,0.751542274,0,-0.2871824287,53470.99362,False,21,26999.27326,0.8796824483,2260.855537,0.07366253581,11.94206035,0,0.7919146255,30692.06771,True
probe/block_in_stats_mean,probe/block_in_stats_mean,none,periodic,post_update,not different,1.992922103,not different,2.236949292,not different,1.295600923,False,False,4,0.02902698387,1.185703979,0.1190088555,4.861313672,0.2439060836,0.25,0.5581942444,0.0244808016,False,21,0.02231529466,0.5949575137,0.1404222343,3.743856609,0.1589156786,0,0.4007423975,0.03750737514,False,4,0.03619952003,1.478690144,0.1190088555,4.861313672,0.3041750118,0.5,0.04806611847,0.0244808016,False,21,0.0247934927,0.6610298003,0.1404222343,3.743856609,0.176563867,0,0.5502451831,0.03750737514,False,4,0.01248834544,0.5101281259,0.1190088555,4.861313672,0.1049362704,0,0.5101281259,0.0244808016,False,21,0.01476810231,0.3937386248,0.1404222343,3.743856609,0.1051692589,0,-0.1495027856,0.03750737514,False
probe/block_in_stats_rms,probe/block_in_stats_rms,none,periodic,post_update,uniformly different,0.41134064,uniformly different,0.5911399111,uniformly different,0.2824453469,False,False,4,7.84358239,0.627235742,3.749749377,0.2998600277,2.091761769,0.75,-0.3172712062,12.5049991,False,21,12.47328732,1.524857213,0.1799233453,0.02199559778,69.32556361,1,1.524857213,8.179970696,True,4,8.867074984,0.7090824168,3.749749377,0.2998600277,2.364711369,0.75,-0.1063493969,12.5049991,False,21,9.812014519,1.199517075,0.1799233453,0.02199559778,54.53441577,1,1.199517075,8.179970696,True,4,2.637577035,0.2109218093,3.749749377,0.2998600277,0.7034008863,0,-0.2109218093,12.5049991,False,21,6.108559541,0.7467703453,0.1799233453,0.02199559778,33.95090021,0,0.3253401386,8.179970696,True
probe/block_in_stats_std,probe/block_in_stats_std,none,periodic,post_update,uniformly different,0.4114338729,uniformly different,0.591234009,uniformly different,0.282450476,False,False,4,7.843367589,0.6272236696,3.749277353,0.299824721,2.091967825,0.75,-0.3172784487,12.50489733,False,21,12.46951841,1.524482331,0.1788485317,0.02186543358,69.72111144,1,1.524482331,8.179509958,True,4,8.866130277,0.7090126409,3.749277353,0.299824721,2.36475711,0.75,-0.1064158215,12.50489733,False,21,9.808934986,1.199208148,0.1788485317,0.02186543358,54.84492881,1,1.199208148,8.179509958,True,4,2.636815503,0.2108626272,3.749277353,0.299824721,0.7032863282,0,-0.2108626272,12.50489733,False,21,6.106390695,0.7465472536,0.1788485317,0.02186543358,34.14280586,0,0.3252741831,8.179509958,True
probe/c_proj_in_norm,probe/c_proj_in_norm,none,periodic,post_update,uniformly different,0.5282057427,uniformly different,0.6322674996,uniformly different,0.9280259785,False,False,4,2379.90302,0.3431615892,979.1906126,0.1411908821,2.430479817,0.75,-0.1775222336,6935.225548,False,21,5141.545824,0.6496740976,194.7516085,0.02460837262,26.40053073,1,0.6496740976,7914.038504,True,4,2315.068757,0.3338130449,979.1906126,0.1411908821,2.36426772,0.75,0.1031540962,6935.225548,False,21,4178.309485,0.5279617331,194.7516085,0.02460837262,21.454557,1,0.5279617331,7914.038504,True,4,1946.553653,0.2806763298,979.1906126,0.1411908821,1.987921073,0,-0.2806763298,6935.225548,False,21,2393.55722,0.3024444749,194.7516085,0.02460837262,12.29030784,0,0.1217123645,7914.038504,True
probe/c_proj_in_stats_mean,probe/c_proj_in_stats_mean,none,periodic,post_update,not different,0.1858797534,not different,0.644633376,not different,1.839231162,False,False,4,0.001761697525,1.138705574,0.002388739985,1.544005993,0.7375007474,0.25,-0.3700310965,0.001547105385,False,21,0.01409270042,6.126033377,0.006815365439,2.962608648,2.067783533,0.8571428571,-6.126033377,0.002300460927,False,4,0.005804441029,3.75180714,0.002388739985,1.544005993,2.429917473,0.5,-3.75180714,0.001547105385,False,21,0.01338882852,5.820063434,0.006815365439,2.962608648,1.964506327,0.7619047619,-5.820063434,0.002300460927,False,4,0.005231963927,3.381776043,0.002388739985,1.544005993,2.190260957,0,3.381776043,0.001547105385,False,21,0.004229834625,1.838690053,0.006815365439,2.962608648,0.6206321089,0,-0.3059699428,0.002300460927,False
probe/c_proj_in_stats_rms,probe/c_proj_in_stats_rms,none,periodic,post_update,uniformly different,0.8324047186,uniformly different,0.9122049821,uniformly different,0.9280258015,False,False,4,0.4932898447,0.3568183218,0.1951918462,0.1411908795,2.527205179,0.5,-0.287713362,1.382467812,False,21,0.676246766,0.4286596578,0.03882179138,0.02460837766,17.41925712,0.9523809524,0.4286596578,1.577584346,True,4,0.4076532568,0.2948735973,0.1951918462,0.1411908795,2.088474825,0.75,-0.04464056013,1.382467812,False,21,0.5099599106,0.323253658,0.03882179138,0.02460837766,13.13591909,1,0.323253658,1.577584346,True,4,0.3360403245,0.2430728019,0.1951918462,0.1411908795,1.721589969,0,-0.2430728019,1.382467812,False,21,0.4132081743,0.2619246162,0.03882179138,0.02460837766,10.64371735,0,0.1054059998,1.577584346,True
probe/c_proj_in_stats_std,probe/c_proj_in_stats_std,none,periodic,post_update,uniformly different,0.8328935439,uniformly different,0.9126602246,uniformly different,0.928355694,False,False,4,0.4932499817,0.3568152808,0.1951586507,0.1411770732,2.527430785,0.5,-0.28769416,1.382367875,False,21,0.6758094622,0.4284044263,0.03880218825,0.02459721286,17.41678737,0.9523809524,0.4284044263,1.577503454,True,4,0.4075232868,0.2948008949,0.1951586507,0.1411770732,2.088164093,0.75,-0.04468604257,1.382367875,False,21,0.5095537392,0.3230127565,0.03880218825,0.02459721286,13.1320877,1,0.3230127565,1.577503454,True,4,0.335926615,0.2430081175,0.1951586507,0.1411770732,1.721300152,0,-0.2430081175,1.382367875,False,21,0.4129302455,0.2617618646,0.03880218825,0.02459721286,10.64193192,0,0.1053916698,1.577503454,True
probe/logit_entropy_mean,probe/logit_entropy_mean,none,periodic,post_update,warmup-dominated,5.674860898,uniformly different,0.9119551131,warmup-dominated,3.147147655,True,True,4,0.7163095288,0.1290757426,0.09230845578,0.01663356691,7.759955713,0.75,0.1290621666,5.549528629,True,21,0.07061702709,0.02274518176,0.06706934267,0.02160250088,1.052895769,0.4761904762,-0.01936551025,3.104702694,False,4,0.4302165976,0.07752308824,0.09230845578,0.01663356691,4.660641259,1,-0.07752308824,5.549528629,True,21,0.263923232,0.08500757014,0.06706934267,0.02160250088,3.935080046,1,-0.08500757014,3.104702694,True,4,1.146450786,0.2065852549,0.09230845578,0.01663356691,12.41978079,0,0.2065852549,5.549528629,True,21,0.2037990802,0.06564205989,0.06706934267,0.02160250088,3.038632437,0,0.06564205989,3.104702694,True
probe/logit_lse_mean,probe/logit_lse_mean,none,periodic,post_update,uniformly different,0.6295773385,warmup-dominated,3.649142867,warmup-dominated,2.485055137,True,True,4,0.2328139803,0.01811180657,0.05340026013,0.004154283094,4.359791127,0.75,-0.003622154438,12.85426605,True,21,0.3948973829,0.02876819965,0.05104170744,0.003718378733,7.736758873,1,0.02876819965,13.7268716,True,4,0.4759588917,0.03702730984,0.05340026013,0.004154283094,8.913044441,1,0.03702730984,12.85426605,True,21,0.1392845242,0.01014685124,0.05104170744,0.003718378733,2.728837478,0.7619047619,0.00975416195,13.7268716,False,4,0.6123478364,0.04763771297,0.05340026013,0.004154283094,11.46713209,0,-0.04064946428,12.85426605,True,21,0.2631397428,0.01916968049,0.05104170744,0.003718378733,5.155386761,0,0.0190140377,13.7268716,True
probe/logit_margin_mean,probe/logit_margin_mean,none,periodic,post_update,warmup-dominated,4.741419532,warmup-dominated,2.458044958,warmup-dominated,3.828643545,True,True,4,0.07079150052,0.09034864925,0.01678344696,0.02142011048,4.217935726,0.5,-0.08209708295,0.7835368997,True,21,0.02602847781,0.01905518983,0.02293574761,0.0167910328,1.134843226,0.4761904762,0.008338820114,1.365952165,False,4,0.1602260712,0.2044907793,0.01678344696,0.02142011048,9.546672484,1,0.2044907793,0.7835368997,True,21,0.1136369056,0.08319244878,0.02293574761,0.0167910328,4.954576039,1,0.08319244878,1.365952165,True,4,0.2245521651,0.2865878623,0.01678344696,0.02142011048,13.37938301,0,-0.2865878623,0.7835368997,True,21,0.1022464762,0.07485362867,0.02293574761,0.0167910328,4.45795262,0,-0.07485362867,1.365952165,True
probe/logit_max_postcap,probe/logit_max_postcap,none,periodic,post_update,warmup-dominated,109.4691544,warmup-dominated,4.655572741,warmup-dominated,314.7171789,True,True,4,2.13158693,0.1907438659,0.02891887546,0.002587789419,73.70919153,0.75,-0.1893678523,11.17512702,True,21,0.02600357551,0.001742443952,0.01755551109,0.001176357232,1.481220078,0.5238095238,0.001072190099,14.92362236,False,4,0.1088075838,0.009736585868,0.02891887546,0.002587789419,3.762510889,1,0.009736585868,11.17512702,True,21,0.03121101069,0.002091383039,0.01755551109,0.001176357232,1.777846884,0.6666666667,0.001145281195,14.92362236,False,4,2.225017387,0.1991044382,0.02891887546,0.002587789419,76.9399692,0,-0.1991044382,11.17512702,True,21,0.009441364008,0.0006326455991,0.01755551109,0.001176357232,0.5378005778,0,-7.3091096e-05,14.92362236,False
probe/logit_max_precap,probe/logit_max_precap,none,periodic,post_update,warmup-dominated,2.175597016,warmup-dominated,2.162849147,warmup-dominated,10.01582523,True,True,4,3.879678797,0.1292227229,0.9860067367,0.03284150107,3.934738631,0.5,-0.1129448736,30.02319336,True,21,2.706073633,0.05939644243,1.748957469,0.03838840538,1.547249536,0.4761904762,0.02532081991,45.55952381,False,4,5.004181549,0.1666771915,0.9860067367,0.03284150107,5.075200161,1,0.1666771915,30.02319336,True,21,3.510986185,0.07706371558,1.748957469,0.03838840538,2.007473736,0.619047619,0.03062733276,45.55952381,False,4,8.395147328,0.2796220651,0.9860067367,0.03284150107,8.514290031,0,-0.2796220651,30.02319336,True,21,1.271931952,0.02791802559,1.748957469,0.03838840538,0.7272515051,0,-0.005306512854,45.55952381,False
probe/logit_saturation_fraction,probe/logit_saturation_fraction,none,periodic,post_update,warmup-dominated,2.762802537,uniformly different,0.8183609467,uniformly different,0.2612206719,True,False,4,3.973772335e-07,1.083289256,4.773580644e-08,0.1301324834,8.324510742,0.75,1.083289256,3.668246791e-07,True,21,0.0001048839767,0.3920979662,5.249681658e-05,0.1962539527,1.99791118,0.619047619,-0.391510091,0.0002674943147,False,4,6.388025617e-07,1.741438344,4.773580644e-08,0.1301324834,13.38204189,1,1.741438344,3.668246791e-07,True,21,0.0005692168697,2.127958759,5.249681658e-05,0.1962539527,10.84288357,1,2.127958759,0.0002674943147,True,4,2.414253282e-07,0.6581490885,4.773580644e-08,0.1301324834,5.057531152,0,-0.6581490885,3.668246791e-07,True,21,0.0006739556181,2.519513803,5.249681658e-05,0.1962539527,12.83802832,0,-2.519468849,0.0002674943147,True
probe/logit_softcap_equiv_err,probe/logit_softcap_equiv_err,none,periodic,post_update,not different,1,not different,1,not different,1,False,False,4,0,,0,,0,0,,0,False,21,0,,0,,0,0,,0,False,4,0,,0,,0,0,,0,False,21,0,,0,,0,0,,0,False,4,0,,0,,0,0,,0,False,21,0,,0,,0,0,,0,False
probe/logit_z_loss,probe/logit_z_loss,none,periodic,post_update,uniformly different,0.5762090138,warmup-dominated,3.759086119,warmup-dominated,2.46860996,True,True,4,5.466557556,0.03254463488,1.470181032,0.008752584125,3.718288726,1,0.001747674057,167.9710827,True,21,10.70638588,0.05648060703,1.390207864,0.007333920612,7.701284214,1,0.05648060703,189.5586192,True,4,13.04400204,0.077656236,1.470181032,0.008752584125,8.872378133,1,0.077656236,167.9710827,True,21,3.915954144,0.02065827532,1.390207864,0.007333920612,2.816811964,0.7619047619,0.02003004612,189.5586192,False,4,15.27886735,0.09096129588,1.470181032,0.008752584125,10.39250747,0,-0.07590856194,167.9710827,True,21,6.984699052,0.03684717204,1.390207864,0.007333920612,5.024212013,0,0.03645056091,189.5586192,True
probe/loss,probe/loss,none,periodic,post_update,warmup-dominated,6.926877849,uniformly different,1.064576797,warmup-dominated,3.090351189,True,True,4,0.727324302,0.1298892129,0.02454734771,0.004383788173,29.62944554,1,0.1249474053,5.599574327,True,21,0.05797440552,0.01875148021,0.004186429255,0.0013540759,13.84817514,1,-0.01154742395,3.09172422,True,4,0.4726892277,0.0844152073,0.02454734771,0.004383788173,19.25622406,1,-0.0844152073,5.599574327,True,21,0.2451570818,0.07929461504,0.004186429255,0.0013540759,58.55994856,1,-0.07929461504,3.09172422,True,4,1.17234151,0.2093626126,0.02454734771,0.004383788173,47.75837799,0,0.2093626126,5.599574327,True,21,0.2094556315,0.06774719109,0.004186429255,0.0013540759,50.0320485,0,0.06774719109,3.09172422,True
probe/mlp_out_norm,probe/mlp_out_norm,none,periodic,post_update,uniformly different,0.3851671902,uniformly different,1.019863287,warmup-dominated,2.186719509,False,False,4,2822.052379,0.467550463,1337.615757,0.2216127777,2.10976311,0.75,0.02211788658,6035.824155,False,21,25231.61486,1.213889643,1092.466952,0.05255844009,23.0959983,1,1.213889643,20785.75677,True,4,8411.820138,1.393648973,1337.615757,0.2216127777,6.288667054,0.75,1.339733923,6035.824155,True,21,28403.85467,1.366505679,1092.466952,0.05255844009,25.99973814,1,1.366505679,20785.75677,True,4,7952.898698,1.317616036,1337.615757,0.2216127777,5.945577913,0,-1.317616036,6035.824155,True,21,12524.53564,0.602553748,1092.466952,0.05255844009,11.46445266,0,-0.152616036,20785.75677,True
probe/mlp_out_stats_mean,probe/mlp_out_stats_mean,none,periodic,post_update,not different,0.1705887175,not different,0.5210966922,not different,0.2981470649,False,False,4,0.002341546576,0.8859981339,0.01057717119,4.002206932,0.2213773923,0,0.713333916,0.002642834659,False,21,0.01755366807,5.193767483,0.05535108543,16.37724187,0.3171332222,0,4.90134866,0.003379756242,False,4,0.006106692493,2.310660061,0.01057717119,4.002206932,0.5773464741,0,2.310660061,0.002642834659,False,21,0.01498660015,4.434225155,0.05535108543,16.37724187,0.2707553074,0,1.060543112,0.003379756242,False,4,0.004221468896,1.597326145,0.01057717119,4.002206932,0.3991113333,0,-1.597326145,0.002642834659,False,21,0.01810708085,5.357510881,0.05535108543,16.37724187,0.3271314502,0,3.840805549,0.003379756242,False
probe/mlp_out_stats_rms,probe/mlp_out_stats_rms,none,periodic,post_update,uniformly different,0.4104079584,uniformly different,1.122951317,warmup-dominated,2.186719309,False,False,4,0.4529506981,0.3764609436,0.2666403072,0.2216127761,1.698733035,0.75,-0.1148199662,1.203181116,False,21,3.800707221,0.9172847064,0.2177723656,0.05255844475,17.45266076,1,0.9172847064,4.143432453,True,4,1.417931861,1.178485801,0.2666403072,0.2216127761,5.317770132,0.75,1.026269004,1.203181116,True,21,4.348341945,1.049454044,0.2177723656,0.05255844475,19.9673725,1,1.049454044,4.143432453,True,4,1.372936701,1.141088971,0.2666403072,0.2216127761,5.149021599,0,-1.141088971,1.203181116,True,21,2.162154536,0.5218269058,0.2177723656,0.05255844475,9.928507364,0,-0.132169338,4.143432453,True
probe/mlp_out_stats_std,probe/mlp_out_stats_std,none,periodic,post_update,uniformly different,0.4104000154,uniformly different,1.122791761,warmup-dominated,2.186268805,False,False,4,0.4529341731,0.3764507899,0.2665825079,0.2215668449,1.699039358,0.75,-0.1148296679,1.203169671,False,21,3.800409865,0.9172777187,0.2176650858,0.05253626331,17.45989648,1,0.9172777187,4.143139845,True,4,1.417712065,1.17831433,0.2665825079,0.2215668449,5.318098611,0.75,1.026097435,1.203169671,True,21,4.348020014,1.04945046,0.2176650858,0.05253626331,19.97573473,1,1.04945046,4.143139845,True,4,1.372728887,1.140927102,0.2665825079,0.2215668449,5.149358439,0,-1.140927102,1.203169671,True,21,2.162140597,0.5218603952,0.2176650858,0.05253626331,9.933336753,0,-0.1321727409,4.143139845,True
probe/mlp_residual_ratio,probe/mlp_residual_ratio,none,periodic,post_update,uniformly different,0.6646555059,warmup-dominated,4.421637388,warmup-dominated,3.517867973,True,True,4,0.02485270643,0.2037056017,0.006451508048,0.05287988787,3.852232105,0.75,-0.1764512197,0.1220030584,True,21,0.173316647,0.3064829824,0.01843001004,0.03259054765,9.404045177,1,-0.3064829824,0.5655016981,True,4,0.06152882011,0.5043219482,0.006451508048,0.05287988787,9.537122119,1,0.5043219482,0.1220030584,True,21,0.06449984317,0.1140577356,0.01843001004,0.03259054765,3.499718288,0.8095238095,-0.1129643021,0.5655016981,True,4,0.08305640857,0.6807731679,0.006451508048,0.05287988787,12.87395256,0,-0.6807731679,0.1220030584,True,21,0.1094351423,0.1935186804,0.01843001004,0.03259054765,5.937877524,0,-0.1935186804,0.5655016981,True
probe/relu2_sparsity,probe/relu2_sparsity,none,periodic,post_update,uniformly different,0.9533878702,warmup-dominated,4.223746889,warmup-dominated,6.853410356,True,True,4,0.03338952952,0.05798446751,0.01393859694,0.02420585533,2.395472778,0.75,0.05798446751,0.5758357532,False,21,0.05061461003,0.06081938875,0.003698634425,0.004444342944,13.68467499,1,0.06081938875,0.8322117513,True,4,0.1383686342,0.2402918426,0.01393859694,0.02420585533,9.927013085,1,0.2402918426,0.5758357532,True,21,0.04734509439,0.05689068235,0.003698634425,0.004444342944,12.80069586,1,0.05689068235,0.8322117513,True,4,0.1049791046,0.1823073751,0.01393859694,0.02420585533,7.531540307,0,-0.1823073751,0.5758357532,True,21,0.02213764126,0.02660097172,0.003698634425,0.004444342944,5.985355327,0,0.003928706402,0.8322117513,True
probe/resid_contribution_ratio,probe/resid_contribution_ratio,none,periodic,post_update,uniformly different,1.377851841,uniformly different,1.163583201,not different,0.4810888237,False,False,4,0.02030100823,0.02125921285,0.007401349089,0.007750691681,2.742879439,0.75,0.02125921285,0.9549275592,False,21,0.01490299935,0.01542924443,0.004381616308,0.00453633711,3.401256136,1,0.01542924443,0.9658930105,True,4,0.02083285402,0.02181616168,0.007401349089,0.007750691681,2.814737391,0.75,0.02181616168,0.9549275592,False,21,0.01810964447,0.01874912052,0.004381616308,0.00453633711,4.133096829,1,0.01874912052,0.9658930105,True,4,0.001525167597,0.001597155284,0.007401349089,0.007750691681,0.2060661616,0,-0.0005569488309,0.9549275592,False,21,0.003206645114,0.003319876093,0.004381616308,0.00453633711,0.7318406928,0,-0.003319876093,0.9658930105,False
probe/resid_term_norm,probe/resid_term_norm,none,periodic,post_update,uniformly different,0.3535989893,uniformly different,0.5016812794,uniformly different,0.2862026726,False,False,4,40270.7299,0.6805825799,17120.63951,0.2893418877,2.352174396,0.75,-0.1842211318,59170.96777,False,21,76526.264,1.924729992,773.2579253,0.01944839122,98.96602607,1,1.924729992,39759.48019,True,4,45846.95818,0.7748218409,17120.63951,0.2893418877,2.677876498,1,0.06449111135,59170.96777,False,21,61406.54415,1.544450377,773.2579253,0.01944839122,79.41275755,1,1.544450377,39759.48019,True,4,14716.54412,0.2487122432,17120.63951,0.2893418877,0.8595791129,0,-0.2487122432,59170.96777,False,21,34551.28289,0.8690074096,773.2579253,0.01944839122,44.68274008,0,0.3802796157,39759.48019,True
probe/residual_mix_equiv_err,probe/residual_mix_equiv_err,none,periodic,post_update,not different,1,not different,1,not different,1,False,False,4,0,,0,,0,0,,0,False,21,0,,0,,0,0,,0,False,4,0,,0,,0,0,,0,False,21,0,,0,,0,0,,0,False,4,0,,0,,0,0,,0,False,21,0,,0,,0,0,,0,False
probe/ve_contribution_ratio,probe/ve_contribution_ratio,none,periodic,post_update,uniformly different,1.913778874,uniformly different,1.016652024,uniformly different,1.807761576,False,False,4,0.8856853832,0.3240883322,0.09920850028,0.03630218812,8.927515089,1,-0.3240883322,2.732851803,True,21,0.326264166,0.169344712,0.09527620026,0.0494523223,3.42440363,1,-0.169344712,1.926627423,True,4,0.9224734293,0.337549745,0.09920850028,0.03630218812,9.298330553,1,-0.3124013542,2.732851803,True,21,0.6396806183,0.3320209247,0.09527620026,0.0494523223,6.713960219,1,-0.3320209247,1.926627423,True,4,0.8036765297,0.2940798066,0.09920850028,0.03630218812,8.100883769,0,-0.01168697808,2.732851803,True,21,0.3134164523,0.1626762127,0.09527620026,0.0494523223,3.289556589,0,0.1626762127,1.926627423,True
probe/ve_gate_mean,probe/ve_gate_mean,none,periodic,post_update,uniformly different,1.256132079,uniformly different,0.8959735224,uniformly different,0.4565681089,False,False,4,0.2082427918,0.1114367193,0.0442690143,0.02368962536,4.704030462,0.5,-0.05419798818,1.868708923,True,21,0.1277497822,0.08871417363,0.02193835197,0.015234803,5.823125748,1,0.08871417363,1.440015468,True,4,0.1850050203,0.09900151809,0.0442690143,0.02368962536,4.179108643,0.75,-0.0679160844,1.868708923,True,21,0.1591159938,0.110496031,0.02193835197,0.015234803,7.252869037,0.9523809524,-0.0975315976,1.440015468,True,4,0.1589035695,0.08503387956,0.0442690143,0.02368962536,3.589498706,0,0.01371809622,1.868708923,True,21,0.2681967914,0.1862457712,0.02193835197,0.015234803,12.22501999,0,0.1862457712,1.440015468,True
probe/ve_gate_rms,probe/ve_gate_rms,none,periodic,post_update,uniformly different,1.023233862,uniformly different,1.732854349,uniformly different,0.5627431819,False,False,4,0.22139556,0.1131492322,0.05143497191,0.02628701127,4.304377971,0.5,-0.05326027182,1.95666869,True,21,0.1816285067,0.1105800311,0.02684777573,0.01634560525,6.765123062,1,0.1105800311,1.642507286,True,4,0.172542204,0.08818161446,0.05143497191,0.02628701127,3.354569811,0.75,-0.04420681077,1.95666869,True,21,0.08358402674,0.0508880706,0.02684777573,0.01634560525,3.113257038,0.9047619048,-0.02454738178,1.642507286,True,4,0.1508772856,0.07710926557,0.05143497191,0.02628701127,2.933359931,0,-0.009053461057,1.95666869,False,21,0.2250627544,0.1370239002,0.02684777573,0.01634560525,8.382919938,0,0.1351274128,1.642507286,True
probe/ve_gate_std,probe/ve_gate_std,none,periodic,post_update,uniformly different,1.373663213,uniformly different,0.3892276969,warmup-dominated,3.930684027,False,False,4,0.1071143654,0.2106722262,0.02828908401,0.05563888917,3.786420422,0.5,-0.1572053582,0.5084408484,True,21,0.111530336,0.1533652675,0.01684882864,0.02316880953,6.619471206,1,0.1533652675,0.7272203011,True,4,0.04247137389,0.08353257616,0.02828908401,0.05563888917,1.501334362,0.5,0.08353257616,0.5084408484,False,21,0.1560695338,0.2146110794,0.01684882864,0.02316880953,9.262930801,1,0.2146110794,0.7272203011,True,4,0.1224009996,0.2407379344,0.02828908401,0.05563888917,4.326792608,0,-0.2407379344,0.5084408484,True,21,0.04453919774,0.06124581185,0.01684882864,0.02316880953,2.643459595,0,-0.06124581185,0.7272203011,False
probe/x0_contribution_ratio,probe/x0_contribution_ratio,none,periodic,post_update,uniformly different,1.095636124,uniformly different,0.7738071915,not different,1.646382095,False,False,4,0.02818175417,0.4252158851,0.009959545757,0.1502730114,2.82962244,1,-0.4252158851,0.06627634375,False,21,0.02888824657,0.3880995485,0.008899931397,0.1195662516,3.245895421,1,-0.3880995485,0.07443514603,True,4,0.02283819275,0.3445904143,0.009959545757,0.1502730114,2.293095821,0.75,-0.3445904143,0.06627634375,False,21,0.03314732415,0.4453181853,0.008899931397,0.1195662516,3.724447153,1,-0.4453181853,0.07443514603,True,4,0.006243479395,0.09420373909,0.009959545757,0.1502730114,0.626883951,0,-0.08062547083,0.06627634375,False,21,0.004259077584,0.05721863678,0.008899931397,0.1195662516,0.4785517319,0,0.05721863678,0.07443514603,False
probe/x0_term_norm,probe/x0_term_norm,none,periodic,post_update,uniformly different,0.6407575066,uniformly different,1.388077944,uniformly different,0.2793217182,False,False,4,3816.732991,0.7689677151,2145.750561,0.4323102795,1.778740297,0.5,-0.6359802877,4963.450241,False,21,3695.888442,1.200091622,413.5399908,0.1342805352,8.937197187,1,1.200091622,3079.671898,True,4,4355.078821,0.8774297333,2145.750561,0.4323102795,2.029629585,0.5,-0.372373016,4963.450241,False,21,1946.717549,0.6321184897,413.5399908,0.1342805352,4.707446903,1,0.6321184897,3079.671898,True,4,1308.401577,0.2636072718,2145.750561,0.4323102795,0.6097640613,0,-0.2636072718,4963.450241,False,21,2906.41169,0.9437406926,413.5399908,0.1342805352,7.028127279,0,0.5679731319,3079.671898,True
scalars/backout_lambda,scalars/backout_lambda,none,continuous,post_update,uniformly different,0.6195708605,uniformly different,0.9112919484,uniformly different,1.126277398,False,False,401,0.05681969024,0.08371882055,0.05361841244,0.07900201902,1.059704823,0.2344139651,0.05440857267,0.678696736,False,2119,0.06149039583,0.1351238831,0.0195748053,0.04301523299,3.141303063,0.9740443605,-0.1351085591,0.4550668202,True,401,0.2498594373,0.3681459244,0.05361841244,0.07900201902,4.659955898,0.8927680798,-0.05051902539,0.678696736,True,2119,0.1838389942,0.4039824176,0.0195748053,0.04301523299,9.391612913,1,-0.4039824176,0.4550668202,True,401,0.2055273909,0.3028265497,0.05361841244,0.07900201902,3.8331495,0,0.1049275981,0.678696736,True,2119,0.1223555718,0.2688738584,0.0195748053,0.04301523299,6.250666096,0,0.2688738584,0.4550668202,True
scalars/smear_lambda,scalars/smear_lambda,none,continuous,post_update,not different,0.801956639,warmup-dominated,2.361507861,uniformly different,1.735902209,True,False,401,0.02589075737,0.05553222978,0.01587259063,0.03404459504,1.631161414,0.650872818,0.04979201686,0.4662293856,False,2119,0.01926525887,0.06924592563,0.01698236177,0.06104041309,1.134427539,0.3747050496,0.05620125546,0.278215053,False,401,0.09171753297,0.1967219051,0.01587259063,0.03404459504,5.778359382,0.9625935162,-0.1198305559,0.4662293856,True,2119,0.0231762918,0.08330351483,0.01698236177,0.06104041309,1.364727246,0.4978763568,-0.07972767825,0.278215053,False,401,0.1116542495,0.2394835094,0.01587259063,0.03404459504,7.03440617,0,0.1696225728,0.4662293856,True,2119,0.0383822988,0.1379591017,0.01698236177,0.06104041309,2.260127262,0,0.1359289337,0.278215053,False
sketch/grad_cosine_prev,sketch/grad_cosine_prev,none,periodic,pre_update,not estimable,,not different,4.529126522,not estimable,,False,False,1,0.2910859262,1.875818553,0.3306981547,2.131088033,0.8802163607,0,1.875818553,0.1551780826,False,21,0.1978373999,1.885998389,0.1830646501,1.745168686,1.0806969,0.2857142857,0.4128150592,0.1048979687,False,2,0.5760259178,7.273499237,0.2782408196,3.513356478,2.070242312,1,7.273499237,0.07919515751,False,21,0.1684597,1.605938629,0.1830646501,1.745168686,0.9202197137,0.2857142857,-0.2491190759,0.1048979687,False,1,0.4984299035,3.211986482,0.3306981547,2.131088033,1.507204973,0,-3.211986482,0.1551780826,False,21,0.304569736,2.903485548,0.1830646501,1.745168686,1.663727736,0,0.661934135,0.1048979687,False
sketch/grad_sq_norm,sketch/grad_sq_norm,none,periodic,pre_update,not different,0.8703213779,uniformly different,0.9523343876,not different,1.043980577,False,False,4,4.891987394e-05,0.4496151723,3.596638986e-05,0.3305616567,1.360155248,0.5,-0.4496151723,0.0001088038771,False,21,4.451719941e-05,0.5166082136,1.540513729e-05,0.1787718131,2.889763238,0.7619047619,-0.4571487308,8.617207052e-05,False,4,7.065257211e-05,0.6493571186,3.596638986e-05,0.3305616567,1.964405446,0.75,-0.4503903457,0.0001088038771,False,21,5.87571426e-05,0.6818583126,1.540513729e-05,0.1787718131,3.814126515,1,-0.6818583126,8.617207052e-05,True,4,2.765531528e-05,0.2541758255,3.596638986e-05,0.3305616567,0.7689210783,0,0.0007751734075,0.0001088038771,False,21,2.098013855e-05,0.2434679639,1.540513729e-05,0.1787718131,1.361892346,0,0.2247095818,8.617207052e-05,False
sketch/probe_grad_cosine_prev,sketch/probe_grad_cosine_prev,none,sparse,pre_update,not estimable,,warmup-dominated,5.168086102,not estimable,,True,False,9,0.08875894203,0.117150009,0.03202444576,0.04226801292,2.77159963,0.7777777778,-0.03004933565,0.7576520292,False,0,,,,,,,,,False,7,0.2528331323,0.3985973017,0.03221808383,0.050792557,7.847553367,1,-0.008717814435,0.6343071848,True,14,0.06009787057,0.07712667587,0.01826516888,0.02344062688,3.2902992,0.7142857143,0.07401028294,0.7792099152,True,4,0.2170398977,0.2620932837,0.03148776086,0.03802402567,6.892833652,0,0.2620932837,0.8281017147,True,0,,,,,,,,,False
sketch/probe_grad_sq_norm,sketch/probe_grad_sq_norm,none,sparse,pre_update,not estimable,,uniformly different,1.511320489,not estimable,,False,False,10,0.0002400860136,0.2891162111,0.0001835197241,0.2209979936,1.308230027,0.2,-0.2044335062,0.0008304135306,False,0,,,,,,,,,False,8,0.001778821073,0.8180446235,0.0003346280014,0.1538887984,5.315816564,0.875,-0.1352562033,0.002174479267,True,14,0.002612940318,0.5412780607,0.000559305751,0.1158617861,4.671756573,1,-0.5412780607,0.004827353089,True,5,0.0001285200924,3.335894551,2.340608679e-05,0.6075333121,5.490883354,0,-0.2172916585,3.852642534e-05,True,0,,,,,,,,,False
step/dt_excl_serialized_telemetry,step/dt_excl_serialized_telemetry,none,continuous,post_update,uniformly different,0.9985389167,uniformly different,1.013438743,warmup-dominated,5.882836714,False,False,401,0.8296716995,0.8236292692,0.005421237562,0.005381755138,153.0410151,1,0.8236292692,1.007336347,True,2119,0.806241151,0.8248344211,0.004112135446,0.00420696817,196.0638606,1,0.8248344211,0.9774581788,True,401,0.8411109214,0.8349851802,0.005421237562,0.005381755138,155.1510908,1,0.7822774477,1.007336347,True,2119,0.805340332,0.8239128276,0.004112135446,0.00420696817,195.8447971,1,0.8239128276,0.9774581788,True,401,0.04620798037,0.04587145148,0.005421237562,0.005381755138,8.523511438,0,0.0413518215,1.007336347,True,2119,0.0076217355,0.007797505474,0.004112135446,0.00420696817,1.853473846,0,0.0009215934431,0.9774581788,False
step/loader_call_elapsed,step/loader_call_elapsed,none,continuous,post_update,uniformly different,1.014096141,uniformly different,1.005819225,not different,1.735208488,False,False,401,0.598636436,0.6861196562,0.03432078751,0.0393363409,17.44238636,1,0.6861196562,0.8724956801,True,2119,0.5877783738,0.6765824548,0.03761208217,0.04329467707,15.62738194,1,0.6765824548,0.8687461073,True,401,0.5926195558,0.6792234843,0.03432078751,0.0393363409,17.26707337,1,0.6792234843,0.8724956801,True,2119,0.5866588583,0.6752937981,0.03761208217,0.04329467707,15.59761716,1,0.6752937981,0.8687461073,True,401,0.01170737158,0.01341825736,0.03432078751,0.0393363409,0.3411160533,0,0.00689617185,0.8724956801,False,2119,0.006717958636,0.007732936677,0.03761208217,0.04329467707,0.1786117186,0,0.001288656718,0.8687461073,False
step/observed_dt,step/observed_dt,none,continuous,post_update,uniformly different,1.010164467,uniformly different,1.045867906,warmup-dominated,3.501164177,False,False,401,0.9903141578,0.8569098434,0.02515283631,0.02176452073,39.37186828,1,0.8068546886,1.155680689,True,2119,0.8696115826,0.8482874532,0.01104688183,0.01077599637,78.72009458,0.9995280793,0.7841231405,1.025137858,True,401,0.9719550137,0.8410238428,0.02515283631,0.02176452073,38.64196474,1,0.6452730948,1.155680689,True,2119,0.8243539896,0.8041396416,0.01104688183,0.01077599637,74.62322873,0.9985842378,0.7774602882,1.025137858,True,401,0.349965493,0.3028219616,0.02515283631,0.02176452073,13.91355984,0,0.1615815938,1.155680689,True,2119,0.08866600972,0.08649179136,0.01104688183,0.01077599637,8.026338208,0,0.006662852275,1.025137858,True
step/skipped,step/skipped,none,continuous,post_update,not different,1,not different,1,not different,1,False,False,401,0,,0,,0,0,,0,False,2119,0,,0,,0,0,,0,False,401,0,,0,,0,0,,0,False,2119,0,,0,,0,0,,0,False,401,0,,0,,0,0,,0,False,2119,0,,0,,0,0,,0,False
update/actual [native],update/actual,native,sparse,post_update,not estimable,,not different,0.8644669922,not estimable,,False,False,10,0.05322198868,0.4843150821,0.03227722193,0.2937196782,1.648902399,0.8,-0.4393786044,0.1098912477,False,0,,,,,,,,,False,5,0.08753790855,1.5923336,0.02971021097,0.5404352009,2.946391348,0.6,-0.5929971437,0.05497460365,False,17,0.0216827042,1.841983112,0.02329799096,1.979204508,0.9306684098,0.4705882353,0.7219378379,0.01177139142,False,2,0.1247529984,2.421924757,0.0008815544789,0.017114287,141.5147916,0,2.421924757,0.05150985718,True,0,,,,,,,,,False
update/actual [shadow_fp32],update/actual,shadow_fp32,sparse,post_update,not estimable,,uniformly different,0.8957485449,not estimable,,False,False,10,0.05355837345,0.4838901528,0.03163852535,0.2858483161,1.692821421,0.8,-0.4384944526,0.1106829166,False,0,,,,,,,,,False,5,0.08984766006,1.635514578,0.02964892436,0.5397051853,3.030385149,0.6,-0.6432371391,0.05493540764,True,17,0.02115829552,1.825863506,0.02305521678,1.989559078,0.9177226881,0.4705882353,0.752801904,0.01158810363,False,2,0.1298618317,2.508681915,0.0008864975274,0.01712543467,146.4886564,0,2.508681915,0.05176496506,True,0,,,,,,,,,False
update/direction_norm [native],update/direction_norm,native,sparse,post_update,not estimable,,uniformly different,1.446063396,not estimable,,False,False,10,24.23713548,0.06281890327,9.339058887,0.02420539495,2.595243886,0.9,0.05579259024,385.8255114,False,0,,,,,,,,,False,5,86.6950467,0.15538433,12.76726635,0.02288288897,6.790415764,0.8,-0.04975139132,557.9394441,True,17,50.24049958,0.1074533319,3.053641977,0.006531065723,16.45264899,1,0.1074533319,467.5564611,True,2,45.56013044,1.074900248,0.02450431566,0.000578130368,1859.269651,0,-1.074900248,42.38544976,True,0,,,,,,,,,False
update/direction_norm [shadow_fp32],update/direction_norm,shadow_fp32,sparse,post_update,not estimable,,uniformly different,1.446063396,not estimable,,False,False,10,24.23713548,0.06281890327,9.339058887,0.02420539495,2.595243886,0.9,0.05579259024,385.8255114,False,0,,,,,,,,,False,5,86.6950467,0.15538433,12.76726635,0.02288288897,6.790415764,0.8,-0.04975139132,557.9394441,True,17,50.24049958,0.1074533319,3.053641977,0.006531065723,16.45264899,1,0.1074533319,467.5564611,True,2,45.56013044,1.074900248,0.02450431566,0.000578130368,1859.269651,0,-1.074900248,42.38544976,True,0,,,,,,,,,False
update/loss_after [native],update/loss_after,native,sparse,post_update,not estimable,,uniformly different,0.4678623174,not estimable,,False,False,10,0.1089693069,0.01586222534,0.0409827323,0.005965692111,2.658907809,1,-0.01586222534,6.869736409,False,0,,,,,,,,,False,5,0.4483024836,0.0794821829,0.03260828068,0.005781313788,13.74811778,1,-0.0794821829,5.640289021,True,17,0.2880730839,0.1698837028,0.03276740216,0.01932373388,8.791453241,1,-0.1698837028,1.695707588,True,2,0.3410959244,0.03302505699,0.002327643466,0.0002253634612,146.5413107,0,0.03302505699,10.32839775,True,0,,,,,,,,,False
update/loss_after [shadow_fp32],update/loss_after,shadow_fp32,sparse,post_update,not estimable,,uniformly different,0.4732911848,not estimable,,False,False,10,0.1097660065,0.01598178079,0.04037826944,0.005879020941,2.718442568,1,-0.01598178079,6.868196225,False,0,,,,,,,,,False,5,0.4540323257,0.08048459058,0.032569467,0.005773466047,13.94042849,1,-0.08048459058,5.641232967,True,17,0.2883411786,0.17005301,0.03261280154,0.0192338295,8.841349561,1,-0.17005301,1.695595853,True,2,0.3517136574,0.03405415538,0.002339699283,0.0002265379272,150.3243002,0,0.03405415538,10.32806873,True,0,,,,,,,,,False
update/loss_before [native],update/loss_before,native,sparse,post_update,not estimable,,uniformly different,0.4269276315,not estimable,,False,False,10,0.06193184853,0.008887954658,0.01541218167,0.002211830829,4.018370005,0.9,-0.008812679693,6.96806531,True,0,,,,,,,,,False,5,0.4204227209,0.07399011348,0.02988282059,0.005259071827,14.0690441,1,-0.07399011348,5.682147264,True,17,0.2939467711,0.1733083268,0.02738130127,0.01614376471,10.7353105,1,-0.1733083268,1.696091449,True,2,0.216342926,0.02084362699,0.001948115615,0.0001876918093,111.0524059,0,0.02084362699,10.37933207,True,0,,,,,,,,,False
update/loss_before [shadow_fp32],update/loss_before,shadow_fp32,sparse,post_update,not estimable,,uniformly different,0.4288244959,not estimable,,False,False,10,0.06222131252,0.00893080639,0.01542379143,0.002213821751,4.034112677,0.9,-0.008855931031,6.967043042,True,0,,,,,,,,,False,5,0.4229652405,0.07443602561,0.02997788829,0.005275693242,14.10924066,1,-0.07443602561,5.682265234,True,17,0.2944283275,0.1735815615,0.02728853018,0.01608807725,10.7894535,1,-0.1735815615,1.696195869,True,2,0.2218518257,0.0213744632,0.00195510175,0.0001883655917,113.4732889,0,0.0213744632,10.37929344,True,0,,,,,,,,,False
update/normalized_residual [native],update/normalized_residual,native,sparse,post_update,not estimable,,not different,1.143357188,not estimable,,False,False,10,0.07321653219,0.6487137179,0.08993651801,0.796856273,0.8140912481,0.5,-0.4223668879,0.1128641652,False,0,,,,,,,,,False,5,0.1955937489,2.292785869,0.2389486182,2.800999614,0.818559866,0.6,-2.274376086,0.08530833673,False,17,0.2070658686,2.005310233,0.2645379142,2.561892937,0.7827455253,0.4117647059,-0.5026953325,0.1032587702,False,2,0.006807312387,1.446159671,0.0005055530629,0.1074007493,13.4650799,0,1.020142927,0.004707165137,True,0,,,,,,,,,False
update/normalized_residual [shadow_fp32],update/normalized_residual,shadow_fp32,sparse,post_update,not estimable,,not different,2.888780177,not estimable,,False,False,10,0.0738380674,0.6861249597,0.0914617517,0.8498893987,0.8073108816,0.6,-0.4717195948,0.1076160637,False,0,,,,,,,,,False,5,0.2211435699,2.947501107,0.2503731896,3.337086645,0.8832557919,0.6,-2.618951877,0.07502747643,False,17,0.04218360522,1.020327241,0.08849125344,2.140405876,0.4766980191,0.4705882353,0.8679352063,0.04134321179,False,2,0.004281743754,33.474888,2.528378073e-05,0.1976698693,169.3474485,0,33.32950058,0.0001279091286,True,0,,,,,,,,,False
update/p1 [native],update/p1,native,sparse,post_update,not estimable,,uniformly different,1.205038485,not estimable,,False,False,10,0.04246474131,0.2326562811,0.02304977649,0.1262853632,1.84230599,0.7,-0.2152182444,0.182521362,False,0,,,,,,,,,False,5,0.106104131,1.021984169,0.02997611418,0.2887268748,3.539622591,0.8,0.01538403778,0.1038216973,True,17,0.02722043854,0.8480925555,0.02319289322,0.7226084934,1.173654286,0.5882352941,0.6797370489,0.03209607061,False,2,0.1098960092,2.140440061,0.0008748760421,0.01703992477,125.6132342,0,2.140440061,0.0513427174,True,0,,,,,,,,,False
update/p1 [shadow_fp32],update/p1,shadow_fp32,sparse,post_update,not estimable,,uniformly different,1.22096714,not estimable,,False,False,10,0.04257564646,0.2328269322,0.02317683199,0.1267435997,1.836991633,0.7,-0.2154332306,0.1828639241,False,0,,,,,,,,,False,5,0.1075609824,1.033340151,0.02995417125,0.2877702223,3.590851556,0.8,0.004372054876,0.1040905866,True,17,0.02712498753,0.8463292062,0.02314091822,0.722021897,1.172165567,0.5882352941,0.6780025504,0.03205016125,False,2,0.1137022093,2.214521168,0.0008754394601,0.01705049732,129.8801511,0,2.214521168,0.05134392526,True,0,,,,,,,,,False
update/p2 [native],update/p2,native,sparse,post_update,not estimable,,not different,0.8628903121,not estimable,,False,False,10,0.05059873353,0.424655938,0.02448410013,0.205485746,2.066595597,0.8,-0.382302972,0.1191523043,False,0,,,,,,,,,False,5,0.08306871254,1.535200464,0.03095762048,0.5721306117,2.683304183,0.6,-0.5693133428,0.05410935868,False,17,0.02096589094,1.779137443,0.02312100036,1.962017144,0.9067899578,0.4705882353,0.6539411707,0.01178430088,False,2,0.1239697486,2.395109115,0.0008836443649,0.01707210587,140.2937126,0,2.395109115,0.05175954108,True,0,,,,,,,,,False
update/p2 [shadow_fp32],update/p2,shadow_fp32,sparse,post_update,not estimable,,not different,0.8962363853,not estimable,,False,False,10,0.05103893953,0.4268085078,0.0243344364,0.2034945197,2.097395588,0.8,-0.3846284804,0.1195827604,False,0,,,,,,,,,False,5,0.08484138173,1.570428446,0.03087876704,0.5715712445,2.747563774,0.6,-0.6047944212,0.05402435364,False,17,0.02076684558,1.752248036,0.02307624835,1.947108948,0.8999229541,0.4705882353,0.6374753488,0.0118515445,False,2,0.1285932753,2.48380524,0.0008855135152,0.01710387347,145.2188737,0,2.48380524,0.05177268863,True,0,,,,,,,,,False
update/residual_p1 [native],update/residual_p1,native,sparse,post_update,not estimable,,uniformly different,1.157895736,not estimable,,False,False,10,0.02330054108,0.2760788211,0.03076418907,0.3645126104,0.7573916876,0.5,-0.02107625886,0.08439814753,False,0,,,,,,,,,False,5,0.03534576705,0.5196123,0.009411005297,0.1383496389,3.755790793,0.8,-0.5196123,0.06802334559,True,17,0.01196812019,0.4487556901,0.004403802684,0.1651246379,2.717678572,0.7058823529,-0.444170223,0.02666956754,False,2,0.0148569892,42.1900008,2.453397233e-05,0.0696701262,605.5680261,0,42.1900008,0.0003521447954,True,0,,,,,,,,,False
update/residual_p1 [shadow_fp32],update/residual_p1,shadow_fp32,sparse,post_update,not estimable,,uniformly different,1.229702706,not estimable,,False,False,10,0.02281613822,0.2700287638,0.03033571373,0.3590228635,0.7521213585,0.5,-0.02419928374,0.08449521414,False,0,,,,,,,,,False,5,0.03686750262,0.5359955248,0.009695466886,0.1409568452,3.802550517,0.8,-0.5359955248,0.06878322844,True,17,0.01147850854,0.4358740713,0.003817244154,0.144952434,3.007014504,0.9411764706,-0.4357842337,0.02633446055,True,2,0.01615962232,30.40388378,2.384695295e-05,0.04486738436,677.6388731,0,30.40388378,0.0005314986218,True,0,,,,,,,,,False
update/residual_p2 [native],update/residual_p2,native,sparse,post_update,not estimable,,not different,0.9574805464,not estimable,,False,False,10,0.006088980217,0.3709789654,0.01187255618,0.7233507828,0.5128617736,0.4,-0.3138072116,0.01641327618,False,0,,,,,,,,,False,5,0.005691982206,1.07794567,0.003931652707,0.7445750634,1.447732705,0.6,-0.1462940724,0.005280398041,False,17,0.001455308491,1.125814696,0.001731204559,1.339245629,0.8406334671,0.3529411765,0.5662025217,0.001292671428,False,2,0.001131156874,4.102087276,2.673767976e-05,0.09696293989,42.305723,0,2.840418397,0.0002757515376,True,0,,,,,,,,,False
update/residual_p2 [shadow_fp32],update/residual_p2,shadow_fp32,sparse,post_update,not estimable,,not different,1.372770423,not estimable,,False,False,10,0.005319850877,0.3408190817,0.01138215745,0.7292039831,0.4673851071,0.6,-0.317590096,0.01560901711,False,0,,,,,,,,,False,5,0.00601682117,1.266085452,0.003386703278,0.7126447053,1.776601219,0.8,-0.3481818655,0.004752302588,False,17,0.0009457262321,0.9222849145,0.001001468765,0.9766457812,0.9443392192,0.4117647059,0.8284825195,0.001025416568,False,2,0.001275461274,195.7396558,1.369673511e-06,0.21019801,931.2155514,0,194.6799853,6.516110743e-06,True,0,,,,,,,,,False
