tier,metric,acceptance_arm,param_role,parameter_name,layer,head,optimizer_group_id,probe_name,aggregation,n_points,complete_frac,rel_median,rel_worst,sd_median,level_median,swing,noise_vs_swing,rel_early,rel_late
continuous,batch/bos_count,-1,-1,-1,-1.0,-1.0,-1,-,scalar,2520.0,1.0,0.0,0.0,0.0,994.0,62.0,0.0,0.0,0.0
continuous,batch/mean_segment_length,-1,-1,-1,-1.0,-1.0,-1,-,scalar,2520.0,1.0,0.0,1.3303184481530042e-16,0.0,527.7102615694165,33.01403326403329,0.0,0.0,0.0
continuous,batch/micro_batches,-1,-1,-1,-1.0,-1.0,-1,-,scalar,2520.0,1.0,0.0,0.0,0.0,8.0,0.0,,0.0,0.0
continuous,batch/segments_per_row_max,-1,-1,-1,-1.0,-1.0,-1,-,scalar,2520.0,1.0,0.0,0.0,0.0,10.0,2.0,0.0,0.0,0.0
continuous,batch/segments_per_row_mean,-1,-1,-1,-1.0,-1.0,-1,-,scalar,2520.0,1.0,0.0,0.0,0.0,3.8828125,0.2421875,0.0,0.0,0.0
continuous,batch/valid_targets,-1,-1,-1,-1.0,-1.0,-1,-,scalar,2520.0,1.0,0.0,0.0,0.0,524288.0,0.0,,0.0,0.0
continuous,grad/finite,-1,-1,-1,-1.0,-1.0,-1,-,scalar,54.0,1.0,0.0,0.0,0.0,1.0,0.0,,0.0,0.0
continuous,loss/finite,-1,-1,-1,-1.0,-1.0,-1,-,scalar,2520.0,1.0,0.0,0.0,0.0,1.0,0.0,,0.0,0.0
continuous,loss/train_mean,-1,-1,-1,-1.0,-1.0,-1,-,scalar,2520.0,1.0,0.0006246124072356246,0.0261715146907684,0.0018714795972507216,3.0322577953338623,0.7780778884887694,0.002405259968106309,0.005061708930457788,0.0005622740273505058
continuous,mem/alloc_end_bytes,-1,-1,-1,-1.0,-1.0,-1,-,scalar,2520.0,1.0,0.0,0.0,0.0,2119289344.0,0.0,,0.0,0.0
continuous,mem/alloc_start_bytes,-1,-1,-1,-1.0,-1.0,-1,-,scalar,2520.0,1.0,0.0,0.0,0.0,2119284736.0,0.0,,0.0,0.0
continuous,mem/cuda_peak_absolute,-1,-1,-1,-1.0,-1.0,-1,-,scalar,2520.0,1.0,0.0,0.0,0.0,41460288512.0,0.0,,0.0,0.0
continuous,optim/beta1,-1,-1,-1,-1.0,-1.0,g0-adamw-e97a161a,-,scalar,2520.0,1.0,0.0,0.0,0.0,0.8,0.0,,0.0,0.0
continuous,optim/beta1,-1,-1,-1,-1.0,-1.0,g1-adamw-e97a161a,-,scalar,2520.0,1.0,0.0,0.0,0.0,0.8,0.0,,0.0,0.0
continuous,optim/beta1,-1,-1,-1,-1.0,-1.0,g2-adamw-5c22e423,-,scalar,2520.0,1.0,0.0,0.0,0.0,0.8,0.0,,0.0,0.0
continuous,optim/beta1,-1,-1,-1,-1.0,-1.0,g3-adamw-3570b29d,-,scalar,2520.0,1.0,0.0,0.0,0.0,0.8,0.0,,0.0,0.0
continuous,optim/beta1,-1,-1,-1,-1.0,-1.0,g4-adamw-3570b29d,-,scalar,2520.0,1.0,0.0,0.0,0.0,0.96,0.0,,0.0,0.0
continuous,optim/beta1,-1,-1,-1,-1.0,-1.0,g5-adamw-b65e3d54,-,scalar,2520.0,1.0,0.0,0.0,0.0,0.8,0.0,,0.0,0.0
continuous,optim/beta2,-1,-1,-1,-1.0,-1.0,g0-adamw-e97a161a,-,scalar,2520.0,1.0,0.0,0.0,0.0,0.96,0.0,,0.0,0.0
continuous,optim/beta2,-1,-1,-1,-1.0,-1.0,g1-adamw-e97a161a,-,scalar,2520.0,1.0,1.2475045996217454e-16,1.2475045996217454e-16,1.2412670766236366e-16,0.995,0.0,,1.2475045996217454e-16,1.2475045996217454e-16
continuous,optim/beta2,-1,-1,-1,-1.0,-1.0,g2-adamw-5c22e423,-,scalar,2520.0,1.0,1.2475045996217454e-16,1.2475045996217454e-16,1.2412670766236366e-16,0.995,0.0,,1.2475045996217454e-16,1.2475045996217454e-16
continuous,optim/beta2,-1,-1,-1,-1.0,-1.0,g3-adamw-3570b29d,-,scalar,2520.0,1.0,0.0,0.0,0.0,0.95,0.0,,0.0,0.0
continuous,optim/beta2,-1,-1,-1,-1.0,-1.0,g4-adamw-3570b29d,-,scalar,2520.0,1.0,0.0,0.0,0.0,0.95,0.0,,0.0,0.0
continuous,optim/beta2,-1,-1,-1,-1.0,-1.0,g5-adamw-b65e3d54,-,scalar,2520.0,1.0,0.0,0.0,0.0,0.95,0.0,,0.0,0.0
continuous,optim/beta2,-1,-1,-1,-1.0,-1.0,g6-muon-6x12,-,scalar,2520.0,1.0,0.0,0.0,0.0,0.9,0.0,,0.0,0.0
continuous,optim/beta2,-1,-1,-1,-1.0,-1.0,g7-muon-768x768,-,scalar,2520.0,1.0,0.0,0.0,0.0,0.9,0.0,,0.0,0.0
continuous,optim/beta2,-1,-1,-1,-1.0,-1.0,g8-muon-768x3072,-,scalar,2520.0,1.0,0.0,0.0,0.0,0.9,0.0,,0.0,0.0
continuous,optim/beta2,-1,-1,-1,-1.0,-1.0,g9-muon-3072x768,-,scalar,2520.0,1.0,0.0,0.0,0.0,0.9,0.0,,0.0,0.0
continuous,optim/eps,-1,-1,-1,-1.0,-1.0,g0-adamw-e97a161a,-,scalar,2520.0,1.0,0.0,0.0,0.0,1e-10,0.0,,0.0,0.0
continuous,optim/eps,-1,-1,-1,-1.0,-1.0,g1-adamw-e97a161a,-,scalar,2520.0,1.0,0.0,0.0,0.0,1e-10,0.0,,0.0,0.0
continuous,optim/eps,-1,-1,-1,-1.0,-1.0,g2-adamw-5c22e423,-,scalar,2520.0,1.0,0.0,0.0,0.0,1e-10,0.0,,0.0,0.0
continuous,optim/eps,-1,-1,-1,-1.0,-1.0,g3-adamw-3570b29d,-,scalar,2520.0,1.0,0.0,0.0,0.0,1e-10,0.0,,0.0,0.0
continuous,optim/eps,-1,-1,-1,-1.0,-1.0,g4-adamw-3570b29d,-,scalar,2520.0,1.0,0.0,0.0,0.0,1e-10,0.0,,0.0,0.0
continuous,optim/eps,-1,-1,-1,-1.0,-1.0,g5-adamw-b65e3d54,-,scalar,2520.0,1.0,0.0,0.0,0.0,1e-10,0.0,,0.0,0.0
continuous,optim/lr,-1,-1,-1,-1.0,-1.0,g0-adamw-e97a161a,-,scalar,2520.0,1.0,0.0,1.5490871485437975e-16,0.0,0.006109279609279609,0.00645907203907204,0.0,0.0,0.0
continuous,optim/lr,-1,-1,-1,-1.0,-1.0,g1-adamw-e97a161a,-,scalar,2520.0,1.0,0.0,1.550589877909091e-16,0.0,0.2290979853479853,0.24221520146520145,0.0,0.0,0.0
continuous,optim/lr,-1,-1,-1,-1.0,-1.0,g2-adamw-5c22e423,-,scalar,2520.0,1.0,0.0,1.550589877909091e-16,0.0,0.11454899267399266,0.12110760073260073,0.0,0.0,0.0
continuous,optim/lr,-1,-1,-1,-1.0,-1.0,g3-adamw-3570b29d,-,scalar,2520.0,1.0,0.0,1.5507507196298057e-16,0.0,0.003818299755799756,0.004036920024420024,0.0,0.0,0.0
continuous,optim/lr,-1,-1,-1,-1.0,-1.0,g4-adamw-3570b29d,-,scalar,2520.0,1.0,0.0,1.5506371808339818e-16,0.0,0.38182997557997556,0.40369200244200243,0.0,0.0,0.0
continuous,optim/lr,-1,-1,-1,-1.0,-1.0,g5-adamw-b65e3d54,-,scalar,2520.0,1.0,0.0,1.55101570815751e-16,0.0,0.15273199023199024,0.161476800976801,0.0,0.0,0.0
continuous,optim/lr,-1,-1,-1,-1.0,-1.0,g6-muon-6x12,-,scalar,2520.0,1.0,0.0,1.5507507196298057e-16,0.0,0.015273199023199024,0.016147680097680098,0.0,0.0,0.0
continuous,optim/lr,-1,-1,-1,-1.0,-1.0,g7-muon-768x768,-,scalar,2520.0,1.0,0.0,1.5507507196298057e-16,0.0,0.015273199023199024,0.016147680097680098,0.0,0.0,0.0
continuous,optim/lr,-1,-1,-1,-1.0,-1.0,g8-muon-768x3072,-,scalar,2520.0,1.0,0.0,1.5507507196298057e-16,0.0,0.015273199023199024,0.016147680097680098,0.0,0.0,0.0
continuous,optim/lr,-1,-1,-1,-1.0,-1.0,g9-muon-3072x768,-,scalar,2520.0,1.0,0.0,1.5507507196298057e-16,0.0,0.015273199023199024,0.016147680097680098,0.0,0.0,0.0
continuous,optim/lr_eff,-1,-1,-1,-1.0,-1.0,g6-muon-6x12,-,scalar,2520.0,1.0,0.0,1.5507507196298057e-16,0.0,0.015273199023199024,0.016147680097680098,0.0,0.0,0.0
continuous,optim/lr_eff,-1,-1,-1,-1.0,-1.0,g7-muon-768x768,-,scalar,2520.0,1.0,0.0,1.5507507196298057e-16,0.0,0.015273199023199024,0.016147680097680098,0.0,0.0,0.0
continuous,optim/lr_eff,-1,-1,-1,-1.0,-1.0,g8-muon-768x3072,-,scalar,2520.0,1.0,0.0,1.5507507196298057e-16,0.0,0.015273199023199024,0.016147680097680098,0.0,0.0,0.0
continuous,optim/lr_eff,-1,-1,-1,-1.0,-1.0,g9-muon-3072x768,-,scalar,2520.0,1.0,0.0,1.5507507196298057e-16,0.0,0.030546398046398048,0.032295360195360195,0.0,0.0,0.0
continuous,optim/momentum,-1,-1,-1,-1.0,-1.0,g6-muon-6x12,-,scalar,2520.0,1.0,0.0,1.4587696281861986e-16,0.0,0.9408987179487178,0.06679914529914521,0.0,0.0,0.0
continuous,optim/momentum,-1,-1,-1,-1.0,-1.0,g7-muon-768x768,-,scalar,2520.0,1.0,0.0,1.4587696281861986e-16,0.0,0.9408987179487178,0.06679914529914521,0.0,0.0,0.0
continuous,optim/momentum,-1,-1,-1,-1.0,-1.0,g8-muon-768x3072,-,scalar,2520.0,1.0,0.0,1.4587696281861986e-16,0.0,0.9408987179487178,0.06679914529914521,0.0,0.0,0.0
continuous,optim/momentum,-1,-1,-1,-1.0,-1.0,g9-muon-3072x768,-,scalar,2520.0,1.0,0.0,1.4587696281861986e-16,0.0,0.9408987179487178,0.06679914529914521,0.0,0.0,0.0
continuous,optim/ns_steps,-1,-1,-1,-1.0,-1.0,g6-muon-6x12,-,scalar,2520.0,1.0,0.0,0.0,0.0,5.0,0.0,,0.0,0.0
continuous,optim/ns_steps,-1,-1,-1,-1.0,-1.0,g7-muon-768x768,-,scalar,2520.0,1.0,0.0,0.0,0.0,5.0,0.0,,0.0,0.0
continuous,optim/ns_steps,-1,-1,-1,-1.0,-1.0,g8-muon-768x3072,-,scalar,2520.0,1.0,0.0,0.0,0.0,5.0,0.0,,0.0,0.0
continuous,optim/ns_steps,-1,-1,-1,-1.0,-1.0,g9-muon-3072x768,-,scalar,2520.0,1.0,0.0,0.0,0.0,5.0,0.0,,0.0,0.0
continuous,optim/weight_decay,-1,-1,-1,-1.0,-1.0,g0-adamw-e97a161a,-,scalar,2520.0,1.0,0.0,0.0,0.0,0.01,0.0,,0.0,0.0
continuous,optim/weight_decay,-1,-1,-1,-1.0,-1.0,g1-adamw-e97a161a,-,scalar,2520.0,1.0,0.0,0.0,0.0,0.001,0.0,,0.0,0.0
continuous,optim/weight_decay,-1,-1,-1,-1.0,-1.0,g2-adamw-5c22e423,-,scalar,2520.0,1.0,0.0,0.0,0.0,0.01,0.0,,0.0,0.0
continuous,optim/weight_decay,-1,-1,-1,-1.0,-1.0,g3-adamw-3570b29d,-,scalar,2520.0,1.0,0.0,0.0,0.0,0.05,0.0,,0.0,0.0
continuous,optim/weight_decay,-1,-1,-1,-1.0,-1.0,g4-adamw-3570b29d,-,scalar,2520.0,1.0,,,0.0,0.0,0.0,,,
continuous,optim/weight_decay,-1,-1,-1,-1.0,-1.0,g5-adamw-b65e3d54,-,scalar,2520.0,1.0,,,0.0,0.0,0.0,,,
continuous,optim/weight_decay,-1,-1,-1,-1.0,-1.0,g6-muon-6x12,-,scalar,2520.0,1.0,0.0,1.550700133501429e-16,0.0,0.14008726643999525,0.2662525741945817,0.0,0.0,0.0
continuous,optim/weight_decay,-1,-1,-1,-1.0,-1.0,g7-muon-768x768,-,scalar,2520.0,1.0,0.0,1.550700133501429e-16,0.0,0.14008726643999525,0.2662525741945817,0.0,0.0,0.0
continuous,optim/weight_decay,-1,-1,-1,-1.0,-1.0,g8-muon-768x3072,-,scalar,2520.0,1.0,0.0,1.550700133501429e-16,0.0,0.14008726643999525,0.2662525741945817,0.0,0.0,0.0
continuous,optim/weight_decay,-1,-1,-1,-1.0,-1.0,g9-muon-3072x768,-,scalar,2520.0,1.0,0.0,1.550700133501429e-16,0.0,0.14008726643999525,0.2662525741945817,0.0,0.0,0.0
continuous,overhead/grads_ready,-1,-1,-1,-1.0,-1.0,-1,-,scalar,2520.0,1.0,0.30966454630330664,8.537167226718621,0.0002539656647669821,0.0007974617183208466,0.00020714486017823217,1.226029284764605,0.27749264242539096,0.3156772096174827
continuous,overhead/microbatch_cpu_launch,-1,-1,-1,-1.0,-1.0,-1,-,scalar,2520.0,1.0,1.0015691008356131,2.1238350413964104,0.0014623882716471464,0.0014420603401958942,0.0002321740612387655,6.298672055976317,1.0354366150082899,0.9966197304395722
continuous,overhead/microbatch_cpu_launch/work,-1,-1,-1,-1.0,-1.0,-1,-,scalar,2520.0,1.0,0.0,0.0,0.0,1048576.0,0.0,,0.0,0.0
continuous,overhead/step_end_emit,-1,-1,-1,-1.0,-1.0,-1,-,scalar,2520.0,1.0,0.34805276684749004,3.603732382769686,0.00022864121307794214,0.0006385720334947109,0.00011572856456041334,1.9756679256017684,0.3237386226175524,0.3518440729682313
continuous,scalars/backout_lambda,-1,-1,-1,-1.0,-1.0,-1,-,scalar,2520.0,1.0,0.04961500382528761,36.95443768798636,0.020239668007664566,0.42742685973644257,0.3987956166267394,0.05075198212774811,0.06794003900915807,0.0484201476750709
continuous,scalars/smear_lambda,-1,-1,-1,-1.0,-1.0,-1,-,scalar,2520.0,1.0,0.05900567078939742,1.0954457271386815,0.016458436248005262,0.2797703444957733,0.1724726557731628,0.09542635134958152,0.033524517833629364,0.06232736307695338
continuous,step/dt_excl_serialized_telemetry,-1,-1,-1,-1.0,-1.0,-1,-,scalar,2520.0,1.0,0.0031142022388095858,0.13054404948243176,0.0030479213678124427,0.9779503499157727,0.004808785580098562,0.6338235126195774,0.004047084170414537,0.0029222580241987615
continuous,step/loader_call_elapsed,-1,-1,-1,-1.0,-1.0,-1,-,scalar,2520.0,1.0,0.04310879968745205,0.16654888621484124,0.03749520787725981,0.8711462314240634,0.015314043965190649,2.4484197617877883,0.04020065074435591,0.04384416408243963
continuous,step/observed_dt,-1,-1,-1,-1.0,-1.0,-1,-,scalar,2520.0,1.0,0.0034109873347141937,0.836294586314523,0.003340749292614719,0.9789191484451294,0.005499029159545921,0.6075161988940206,0.004228510943762248,0.003179566475965579
continuous,step/skipped,-1,-1,-1,-1.0,-1.0,-1,-,scalar,2520.0,1.0,,,0.0,0.0,0.0,,,
periodic,attn/n_undefined_queries/b0,-1,-1,-1,0.0,-1.0,-1,short,L0:all,25.0,1.0,0.0,0.0,0.0,1.0,0.0,,0.0,0.0
periodic,attn/n_undefined_queries/b0,-1,-1,-1,6.0,-1.0,-1,short,L0:all,25.0,1.0,0.0,0.0,0.0,1.0,0.0,,0.0,0.0
periodic,attn/n_undefined_queries/b0,-1,-1,-1,11.0,-1.0,-1,short,L0:all,25.0,1.0,0.0,0.0,0.0,1.0,0.0,,0.0,0.0
periodic,attn/n_undefined_queries/b1,-1,-1,-1,0.0,-1.0,-1,short,L0:all,25.0,1.0,,,0.0,0.0,0.0,,,
periodic,attn/n_undefined_queries/b1,-1,-1,-1,6.0,-1.0,-1,short,L0:all,25.0,1.0,,,0.0,0.0,0.0,,,
periodic,attn/n_undefined_queries/b1,-1,-1,-1,11.0,-1.0,-1,short,L0:all,25.0,1.0,,,0.0,0.0,0.0,,,
periodic,attn/n_undefined_queries/b2,-1,-1,-1,0.0,-1.0,-1,short,L0:all,25.0,1.0,,,0.0,0.0,0.0,,,
periodic,attn/n_undefined_queries/b2,-1,-1,-1,6.0,-1.0,-1,short,L0:all,25.0,1.0,,,0.0,0.0,0.0,,,
periodic,attn/n_undefined_queries/b2,-1,-1,-1,11.0,-1.0,-1,short,L0:all,25.0,1.0,,,0.0,0.0,0.0,,,
periodic,attn/n_undefined_queries/b3,-1,-1,-1,0.0,-1.0,-1,short,L0:all,25.0,1.0,,,0.0,0.0,0.0,,,
periodic,attn/n_undefined_queries/b3,-1,-1,-1,6.0,-1.0,-1,short,L0:all,25.0,1.0,,,0.0,0.0,0.0,,,
periodic,attn/n_undefined_queries/b3,-1,-1,-1,11.0,-1.0,-1,short,L0:all,25.0,1.0,,,0.0,0.0,0.0,,,
periodic,attn/validation_max_abs_err,-1,-1,-1,0.0,-1.0,-1,short,L0:all,25.0,1.0,0.060064612201587694,0.3353028239609816,0.0017454806905112259,0.030809402465820312,0.014130496978759764,0.12352578208218315,0.06221146554860555,0.055310450118722466
periodic,attn/validation_max_abs_err,-1,-1,-1,6.0,-1.0,-1,short,L0:all,25.0,1.0,0.055548089654513653,0.14880787910707147,0.001490102462705974,0.031187057495117188,0.004197692871093749,0.35498129769501546,0.07513166309999107,0.045040087628906045
periodic,attn/validation_max_abs_err,-1,-1,-1,11.0,-1.0,-1,short,L0:all,25.0,1.0,0.14221664764512748,0.3456520043827454,0.008326585496618534,0.0616455078125,0.030854034423828128,0.26987023422091055,0.1328794839685949,0.14221664764512748
periodic,grad/max_abs,-1,attn_k,-1,-1.0,-1.0,-1,-,L0:all,25.0,1.0,0.29468982855465425,0.5350936395113386,0.00022258352805396857,0.0008001327514648438,0.0009378314018249512,0.2373385318734661,0.2934154447047994,0.31620656771633254
periodic,grad/max_abs,-1,attn_out,-1,-1.0,-1.0,-1,-,L0:all,25.0,1.0,0.27279009320371406,0.6516087608975116,0.00026715680018147273,0.0010514259338378906,0.0011048078536987304,0.24181290826913657,0.18083006888891096,0.27633544881094935
periodic,grad/max_abs,-1,attn_q,-1,-1.0,-1.0,-1,-,L0:all,25.0,1.0,0.3329169772345272,0.5928274329303754,0.0005067850240453008,0.0016584396362304688,0.0021378874778747565,0.23704943748914636,0.24066745434179468,0.3434151553273855
periodic,grad/max_abs,-1,attn_v,-1,-1.0,-1.0,-1,-,L0:all,25.0,1.0,0.23494600777968933,0.3636741975552509,0.00033876023280295916,0.0017366409301757812,0.0014642715454101561,0.23135069029021477,0.23720696401442917,0.2326850515449495
periodic,grad/max_abs,-1,backout_scalar,-1,-1.0,-1.0,-1,-,L0:all,25.0,1.0,0.6064546675830285,3.145673439203871,0.016931388419326017,0.022368622943758965,0.03913798024877907,0.4326076182700869,0.6995111792079466,0.5904887784940185
periodic,grad/max_abs,-1,mlp_in,-1,-1.0,-1.0,-1,-,L0:all,25.0,1.0,0.2829239773793909,0.7283539796675079,0.0017258210420995925,0.0059757232666015625,0.009104013442993164,0.1895670577494432,0.5955764089568164,0.27765041841104354
periodic,grad/max_abs,-1,mlp_out,-1,-1.0,-1.0,-1,-,L0:all,25.0,1.0,0.27232385700315426,0.7261895914189482,0.0016605798272109763,0.00675201416015625,0.009772491455078126,0.16992389656663054,0.4797825912855358,0.23936480435261506
periodic,grad/max_abs,-1,resid_scalar,-1,-1.0,-1.0,-1,-,L0:all,25.0,1.0,0.5634715453673651,1.8310799871844703,0.016817988440746008,0.025299072265625,0.040631103515624996,0.41391906656629507,0.628226335332043,0.5292351285963541
periodic,grad/max_abs,-1,smear_gate,-1,-1.0,-1.0,-1,-,L0:all,25.0,1.0,0.2877344044532766,0.8072445026888279,7.608612284636622e-05,0.00023031234741210938,0.000847828388214112,0.08974236284613686,0.44799236524482067,0.2592069466060362
periodic,grad/max_abs,-1,smear_scalar,-1,-1.0,-1.0,-1,-,L0:all,25.0,1.0,0.6063476801735963,1.5920675518231344,0.001618482511358344,0.0023260698653757572,0.007284590718336405,0.22217892177310405,0.4623394210526266,0.6133039687522698
periodic,grad/max_abs,-1,token_embedding,-1,-1.0,-1.0,-1,-,L0:all,25.0,1.0,0.11422038476688956,0.5374277878756364,1.1187587000964132e-06,1.3589859008789062e-05,3.548860549926759e-05,0.03152444804063947,0.12285589881963063,0.09687867716867626
periodic,grad/max_abs,-1,unembedding,-1,-1.0,-1.0,-1,-,L0:all,25.0,1.0,0.2756452738450067,0.8465658244898576,0.0070676167760234995,0.02060699462890625,0.02420518398284912,0.29198773209207357,0.28982894796976144,0.2756452738450067
periodic,grad/max_abs,-1,value_embedding,-1,-1.0,-1.0,-1,-,L0:all,25.0,1.0,0.26938255688549706,0.9888424861464299,4.615416689540372e-06,1.8715858459472656e-05,1.6939640045166015e-05,0.27246250081078033,0.28563906230248604,0.2674567640956883
periodic,grad/max_abs,-1,ve_gate,-1,-1.0,-1.0,-1,-,L0:all,25.0,1.0,0.41320070454471614,1.2143357853120016,0.000670572390552002,0.0018105506896972656,0.002820706367492676,0.23773207955285092,0.2509660891208852,0.41682107677247354
periodic,grad/max_abs,-1,x0_scalar,-1,-1.0,-1.0,-1,-,L0:all,25.0,1.0,0.40956880293089104,1.1646784026049914,0.0007851669626756544,0.002506256103515625,0.004285418987274173,0.18321824890570984,0.6127738241593773,0.4036994832557036
periodic,grad/nonfinite,-1,attn_k,-1,-1.0,-1.0,-1,-,L0:all,25.0,1.0,,,0.0,0.0,0.0,,,
periodic,grad/nonfinite,-1,attn_out,-1,-1.0,-1.0,-1,-,L0:all,25.0,1.0,,,0.0,0.0,0.0,,,
periodic,grad/nonfinite,-1,attn_q,-1,-1.0,-1.0,-1,-,L0:all,25.0,1.0,,,0.0,0.0,0.0,,,
periodic,grad/nonfinite,-1,attn_v,-1,-1.0,-1.0,-1,-,L0:all,25.0,1.0,,,0.0,0.0,0.0,,,
periodic,grad/nonfinite,-1,backout_scalar,-1,-1.0,-1.0,-1,-,L0:all,25.0,1.0,,,0.0,0.0,0.0,,,
periodic,grad/nonfinite,-1,mlp_in,-1,-1.0,-1.0,-1,-,L0:all,25.0,1.0,,,0.0,0.0,0.0,,,
periodic,grad/nonfinite,-1,mlp_out,-1,-1.0,-1.0,-1,-,L0:all,25.0,1.0,,,0.0,0.0,0.0,,,
periodic,grad/nonfinite,-1,resid_scalar,-1,-1.0,-1.0,-1,-,L0:all,25.0,1.0,,,0.0,0.0,0.0,,,
periodic,grad/nonfinite,-1,smear_gate,-1,-1.0,-1.0,-1,-,L0:all,25.0,1.0,,,0.0,0.0,0.0,,,
periodic,grad/nonfinite,-1,smear_scalar,-1,-1.0,-1.0,-1,-,L0:all,25.0,1.0,,,0.0,0.0,0.0,,,
periodic,grad/nonfinite,-1,token_embedding,-1,-1.0,-1.0,-1,-,L0:all,25.0,1.0,,,0.0,0.0,0.0,,,
periodic,grad/nonfinite,-1,unembedding,-1,-1.0,-1.0,-1,-,L0:all,25.0,1.0,,,0.0,0.0,0.0,,,
periodic,grad/nonfinite,-1,value_embedding,-1,-1.0,-1.0,-1,-,L0:all,25.0,1.0,,,0.0,0.0,0.0,,,
periodic,grad/nonfinite,-1,ve_gate,-1,-1.0,-1.0,-1,-,L0:all,25.0,1.0,,,0.0,0.0,0.0,,,
periodic,grad/nonfinite,-1,x0_scalar,-1,-1.0,-1.0,-1,-,L0:all,25.0,1.0,,,0.0,0.0,0.0,,,
periodic,grad/norm,-1,attn_k,-1,0.0,-1.0,-1,-,L0:all,25.0,1.0,0.1195273389539912,0.2780333639436662,0.000355411513892313,0.003053757787058559,0.00447792533785406,0.07936968285019143,0.26853376492315906,0.11205279436861856
periodic,grad/norm,-1,attn_k,-1,1.0,-1.0,-1,-,L0:all,25.0,1.0,0.06421774177568913,0.17165132655201454,0.0001897093960504988,0.002984129531804738,0.00578831828904207,0.03277452734581645,0.16668986039563613,0.060241827610884056
periodic,grad/norm,-1,attn_k,-1,2.0,-1.0,-1,-,L0:all,25.0,1.0,0.3113636439960763,0.6083754467451784,0.0015848754236135766,0.004812897695160768,0.008288993570428272,0.1912023950974895,0.41359247511957076,0.30933327694392687
periodic,grad/norm,-1,attn_k,-1,3.0,-1.0,-1,-,L0:all,25.0,1.0,0.1461017311788119,0.33500331793467925,0.0009687115342055185,0.006654969799352771,0.007153375912811172,0.13542019125132612,0.2891944453560767,0.14382037586040766
periodic,grad/norm,-1,attn_k,-1,4.0,-1.0,-1,-,L0:all,25.0,1.0,0.16900119691468035,0.5397666718699814,0.0008016493166602566,0.004722481974290193,0.00319544374609598,0.250872611242075,0.26665827624827754,0.13651178502639266
periodic,grad/norm,-1,attn_k,-1,5.0,-1.0,-1,-,L0:all,25.0,1.0,0.14390747123041958,0.25339833521016797,0.0007825083975175815,0.0050701571014905135,0.007190537201291897,0.10882474780562865,0.24936647729551467,0.14078297067344728
periodic,grad/norm,-1,attn_k,-1,6.0,-1.0,-1,-,L0:all,25.0,1.0,0.16817494852664033,0.7112197404588324,0.0009178132976213824,0.005326309904061008,0.0037069721820501287,0.24759109390289213,0.2904412243323049,0.16514730764383007
periodic,grad/norm,-1,attn_k,-1,7.0,-1.0,-1,-,L0:all,25.0,1.0,0.14934818639490424,0.47032231167081945,0.0018651690226018887,0.01086162517828995,0.014349481916988753,0.12998162814461356,0.24912587761398175,0.14064120295553542
periodic,grad/norm,-1,attn_k,-1,8.0,-1.0,-1,-,L0:all,25.0,1.0,0.14106709122514752,0.3973744795740504,0.0006187717503129272,0.004391492017843424,0.004147970655680163,0.1491745727433224,0.14785784894396364,0.1403585193774668
periodic,grad/norm,-1,attn_k,-1,9.0,-1.0,-1,-,L0:all,25.0,1.0,0.15986968008888375,0.5031239764747989,0.00112713083507584,0.00646736218776311,0.01028748719401816,0.10956327952769943,0.293602580590349,0.1462703177988535
periodic,grad/norm,-1,attn_k,-1,10.0,-1.0,-1,-,L0:all,25.0,1.0,0.35559248916914526,0.8138755815438199,0.0016222678759512598,0.004856506655060366,0.004672057745511092,0.347227702292407,0.20535501544556714,0.3660591876674589
periodic,grad/norm,-1,attn_k,-1,11.0,-1.0,-1,-,L0:all,25.0,1.0,0.1959335065329041,0.3770421516058487,0.0023917732251706758,0.010396433746917646,0.010780043104684035,0.22187046952821798,0.1972696692225668,0.19459734384324134
periodic,grad/norm,-1,attn_out,-1,0.0,-1.0,-1,-,L0:all,25.0,1.0,0.10097989333595325,0.33139794999458755,0.0008208672779706231,0.008354955141471537,0.01180347986822454,0.06954451459526204,0.23503093951973666,0.09853306458234147
periodic,grad/norm,-1,attn_out,-1,1.0,-1.0,-1,-,L0:all,25.0,1.0,0.060201515215670506,0.2971475154750393,0.0005115554960626811,0.007859394771653441,0.01166838017585682,0.04384117489770744,0.13965455007427008,0.054529460609201455
periodic,grad/norm,-1,attn_out,-1,2.0,-1.0,-1,-,L0:all,25.0,1.0,0.07097878519723991,0.3540505797593005,0.0009289314137101959,0.012885219012073006,0.009187571849871443,0.10110739038445658,0.1194913448796306,0.06868687300614533
periodic,grad/norm,-1,attn_out,-1,3.0,-1.0,-1,-,L0:all,25.0,1.0,0.09088272919202456,0.2741653871882994,0.001169340534252609,0.012038440584660642,0.008465978387828735,0.13812231506918707,0.1455947231619038,0.0853440281701473
periodic,grad/norm,-1,attn_out,-1,4.0,-1.0,-1,-,L0:all,25.0,1.0,0.1046787542595428,0.428526435193187,0.0012800095705625724,0.01419003597999976,0.010552335619514906,0.12130106705432998,0.21545546566442025,0.09908604492769642
periodic,grad/norm,-1,attn_out,-1,5.0,-1.0,-1,-,L0:all,25.0,1.0,0.0765675018712084,0.269298627663397,0.0009773857025039258,0.01237243176612087,0.009374478319708047,0.1042602765904487,0.13162343710381577,0.07287778953205062
periodic,grad/norm,-1,attn_out,-1,6.0,-1.0,-1,-,L0:all,25.0,1.0,0.07747074577470262,0.5529318865784929,0.0013534150151905354,0.016223920476366935,0.012498691081860459,0.10828454006314048,0.19253985302511417,0.07564328845624183
periodic,grad/norm,-1,attn_out,-1,7.0,-1.0,-1,-,L0:all,25.0,1.0,0.1144135095326705,0.3107109787128458,0.0024406260581200305,0.02253363341044399,0.030475376737546647,0.08008518087040087,0.140687711034624,0.11322729749868068
periodic,grad/norm,-1,attn_out,-1,8.0,-1.0,-1,-,L0:all,25.0,1.0,0.08038010750212761,0.39805462322435203,0.001004875961501928,0.016307958858946526,0.01795578650469342,0.05596390674612141,0.14222416682238465,0.05558207908065686
periodic,grad/norm,-1,attn_out,-1,9.0,-1.0,-1,-,L0:all,25.0,1.0,0.09885855671613067,0.3030301446722842,0.0024939444513678026,0.02220471284065763,0.027924833204695125,0.08930919776983609,0.13215662691716423,0.09622669409060802
periodic,grad/norm,-1,attn_out,-1,10.0,-1.0,-1,-,L0:all,25.0,1.0,0.0900598226649035,0.4281005329834872,0.0020507310202649487,0.02094640785630713,0.022038649906085242,0.09305157207922739,0.2003530405291183,0.08465789040443794
periodic,grad/norm,-1,attn_out,-1,11.0,-1.0,-1,-,L0:all,25.0,1.0,0.16351528850726715,0.3232016783271093,0.007152204459240107,0.04565135670950538,0.04887051693592964,0.14635008810356578,0.1947005101707065,0.1584236276330584
periodic,grad/norm,-1,attn_q,-1,0.0,-1.0,-1,-,L0:all,25.0,1.0,0.1461568808299383,0.33993359580749144,0.0004045466638243069,0.0028445174628671166,0.004233193960031375,0.09556535033450453,0.21182562166191396,0.14186627944373614
periodic,grad/norm,-1,attn_q,-1,1.0,-1.0,-1,-,L0:all,25.0,1.0,0.07339204290573485,0.18365229129909724,0.00024738694710597903,0.0031815457103132948,0.006529658413502009,0.03788665982809039,0.1529992366851456,0.06566102674391956
periodic,grad/norm,-1,attn_q,-1,2.0,-1.0,-1,-,L0:all,25.0,1.0,0.4424676983229917,1.0900431896523843,0.002721913960320803,0.005828007915766276,0.010193141425040164,0.26703386589282785,0.6554350080005429,0.43951725259536456
periodic,grad/norm,-1,attn_q,-1,3.0,-1.0,-1,-,L0:all,25.0,1.0,0.290629055833,0.6452395622759043,0.002606800535300999,0.008149333581189905,0.008083379591918714,0.32248894236107933,0.44852311572909354,0.2687817471773864
periodic,grad/norm,-1,attn_q,-1,4.0,-1.0,-1,-,L0:all,25.0,1.0,0.21961307536623637,0.5617095676329754,0.0012931343820574792,0.00534381444710086,0.0044492186483573466,0.29064302841913714,0.21194593574028187,0.22728021499219087
periodic,grad/norm,-1,attn_q,-1,5.0,-1.0,-1,-,L0:all,25.0,1.0,0.13708112352427038,0.36470678536403783,0.0009215224071479973,0.006555922117670612,0.008618098607572983,0.10692873789332462,0.24740215157326567,0.12702906525540247
periodic,grad/norm,-1,attn_q,-1,6.0,-1.0,-1,-,L0:all,25.0,1.0,0.21549191762420772,0.4605326739522401,0.0015661434882013132,0.006870787101725319,0.0055964279357163405,0.27984698564707733,0.3116424497731516,0.20111330200451605
periodic,grad/norm,-1,attn_q,-1,7.0,-1.0,-1,-,L0:all,25.0,1.0,0.1641937626571332,0.6163197181331882,0.0016697999381252613,0.011664684943160924,0.01725141752359594,0.096792042499775,0.17015935528620493,0.15822817002806147
periodic,grad/norm,-1,attn_q,-1,8.0,-1.0,-1,-,L0:all,25.0,1.0,0.18163993457008476,0.6814434909930431,0.0010499250306659563,0.0061653350340658076,0.005683366898035967,0.18473645103376746,0.19446226650917567,0.1804554360896676
periodic,grad/norm,-1,attn_q,-1,9.0,-1.0,-1,-,L0:all,25.0,1.0,0.1645382609240337,0.5915643687182508,0.0015444692190576903,0.009173438806457374,0.010830215332596808,0.14260743407466175,0.3983619811392826,0.1641983748154148
periodic,grad/norm,-1,attn_q,-1,10.0,-1.0,-1,-,L0:all,25.0,1.0,0.25850717331967377,0.7302047044472867,0.001810521154512896,0.005851340248759969,0.006147906421671114,0.29449393506233024,0.2557762056654797,0.2612381409738679
periodic,grad/norm,-1,attn_q,-1,11.0,-1.0,-1,-,L0:all,25.0,1.0,0.21883059736066485,0.4646541968395926,0.003723074874170711,0.013776795414853391,0.015181002343898376,0.24524565571041543,0.28649017334466365,0.21289045086916472
periodic,grad/norm,-1,attn_v,-1,0.0,-1.0,-1,-,L0:all,25.0,1.0,0.10959357427762254,0.2885285348521764,0.0006608117950049285,0.006186382895019643,0.010871588121947544,0.060783372915948014,0.2729866868265988,0.10850456859647378
periodic,grad/norm,-1,attn_v,-1,1.0,-1.0,-1,-,L0:all,25.0,1.0,0.0879996112720404,0.4459342527810883,0.0010031456081447197,0.011600283012734941,0.013990963788481827,0.07169953573681374,0.29672198788550086,0.08643604407734196
periodic,grad/norm,-1,attn_v,-1,2.0,-1.0,-1,-,L0:all,25.0,1.0,0.09403600419785096,0.3925058441165684,0.0014394786765871423,0.01654075256419545,0.015907484704462974,0.09049065288010523,0.27988399702414235,0.07738891691133352
periodic,grad/norm,-1,attn_v,-1,3.0,-1.0,-1,-,L0:all,25.0,1.0,0.12894475737577496,0.37482965696133547,0.0031069984700919065,0.024315950425789587,0.018220279896395748,0.1705241899553101,0.3330236943649389,0.12388947316198066
periodic,grad/norm,-1,attn_v,-1,4.0,-1.0,-1,-,L0:all,25.0,1.0,0.13071124532296968,0.4438852869589323,0.0024400291311114978,0.022741112263794244,0.01967678692017983,0.1240054659843416,0.38622750531339994,0.1226227591891769
periodic,grad/norm,-1,attn_v,-1,5.0,-1.0,-1,-,L0:all,25.0,1.0,0.08753498830440537,0.4465206631114657,0.0016332562446615716,0.02296248265723522,0.016377938896803813,0.09972294163219188,0.2882713062937216,0.08544175416599288
periodic,grad/norm,-1,attn_v,-1,6.0,-1.0,-1,-,L0:all,25.0,1.0,0.11911694238434942,0.44664390441329044,0.002262903312797947,0.022956841805718036,0.017793745837292513,0.12717408315765114,0.2392405726123878,0.09500223108003095
periodic,grad/norm,-1,attn_v,-1,7.0,-1.0,-1,-,L0:all,25.0,1.0,0.07149373509872492,0.34537710507740116,0.0013119105078942368,0.02209034106953675,0.01696316940187953,0.07733876121928467,0.1622549615002158,0.06992425419152846
periodic,grad/norm,-1,attn_v,-1,8.0,-1.0,-1,-,L0:all,25.0,1.0,0.09921662077360235,0.3408007940268511,0.002067059318982314,0.023252195469563836,0.021477158458089528,0.09624454384950264,0.15724068676164768,0.0942887310719677
periodic,grad/norm,-1,attn_v,-1,9.0,-1.0,-1,-,L0:all,25.0,1.0,0.08788284090334425,0.30970428577397435,0.0012122670713993096,0.01380149984682108,0.009874951756337052,0.12276182216499049,0.18553247431507874,0.07681381091427189
periodic,grad/norm,-1,attn_v,-1,10.0,-1.0,-1,-,L0:all,25.0,1.0,0.09933969065277783,0.4075465021042915,0.002005009393694286,0.02469345679200187,0.019776358426464895,0.1013841552856953,0.13051714593592806,0.09735489129388243
periodic,grad/norm,-1,attn_v,-1,11.0,-1.0,-1,-,L0:all,25.0,1.0,0.10076845309113336,0.3491393071172949,0.0017157433032105567,0.019174070265285215,0.011328228213444784,0.1514573392134037,0.16368656654730246,0.09340758367575712
periodic,grad/norm,-1,backout_scalar,-1,-1.0,-1.0,-1,-,L0:all,25.0,1.0,0.6064546679715849,3.1456734760735943,0.016931388703637695,0.02236862233360116,0.0391379805598477,0.43260762209606407,0.6995111880999986,0.590488783876886
periodic,grad/norm,-1,mlp_in,-1,0.0,-1.0,-1,-,L0:all,25.0,1.0,0.1035985880499549,0.1905285504622782,0.0007838700829564109,0.007394424372337436,0.007535637238857068,0.10402173805745732,0.18680253190377463,0.0918312039177625
periodic,grad/norm,-1,mlp_in,-1,1.0,-1.0,-1,-,L0:all,25.0,1.0,0.07084174511709343,0.19965988072353955,0.0007310005808211826,0.009881971978101147,0.005677170173103964,0.12876143545676239,0.1607075367665772,0.0644671139261812
periodic,grad/norm,-1,mlp_in,-1,2.0,-1.0,-1,-,L0:all,25.0,1.0,0.10090369104338706,0.23944625782793413,0.0011362664722860964,0.012755481790971215,0.005997621000808239,0.18945286341583992,0.1509353489041095,0.08481030437084197
periodic,grad/norm,-1,mlp_in,-1,3.0,-1.0,-1,-,L0:all,25.0,1.0,0.08760913107303882,0.22040066302396838,0.001263071769701946,0.01648700684062214,0.007762964306562599,0.16270482766926797,0.18539556675835608,0.07481289319528528
periodic,grad/norm,-1,mlp_in,-1,4.0,-1.0,-1,-,L0:all,25.0,1.0,0.0809158646166604,0.23737665503818556,0.00119562916545941,0.017007782304922732,0.006819990582277611,0.17531243643742928,0.16140229026245143,0.06801767199452326
periodic,grad/norm,-1,mlp_in,-1,5.0,-1.0,-1,-,L0:all,25.0,1.0,0.060979506221004044,0.24359152284718397,0.0009640212614807203,0.01621765771568323,0.006710264764645852,0.1436636698092491,0.14978273877539236,0.04883145343299679
periodic,grad/norm,-1,mlp_in,-1,6.0,-1.0,-1,-,L0:all,25.0,1.0,0.07018452968180708,0.24288858980725186,0.0010902068865419677,0.01555419128817738,0.00843377529115073,0.12926676949596752,0.15834494126829407,0.06119801137948334
periodic,grad/norm,-1,mlp_in,-1,7.0,-1.0,-1,-,L0:all,25.0,1.0,0.07302965312170429,0.26470840315970734,0.0010712279230301119,0.016013548443082778,0.007370090291597995,0.1453480053360169,0.0816339602521467,0.07293196940429492
periodic,grad/norm,-1,mlp_in,-1,8.0,-1.0,-1,-,L0:all,25.0,1.0,0.05948833809041265,0.24393632781858712,0.0008351164854267477,0.014162110736395997,0.005625690643013437,0.14844692650561608,0.08973254975271407,0.057551412247104625
periodic,grad/norm,-1,mlp_in,-1,9.0,-1.0,-1,-,L0:all,25.0,1.0,0.07674460214566871,0.2733364474649343,0.0010163882757960126,0.014944032597188123,0.006493520815742377,0.1565234492406587,0.13767491137428803,0.072577547804779
periodic,grad/norm,-1,mlp_in,-1,10.0,-1.0,-1,-,L0:all,25.0,1.0,0.09873120084419582,0.2848578492500469,0.0015504692702174327,0.015754760668177117,0.0064817772508001924,0.2392043432263926,0.12211223511873265,0.09790715746206151
periodic,grad/norm,-1,mlp_in,-1,11.0,-1.0,-1,-,L0:all,25.0,1.0,0.13437335051969898,0.3735455840171758,0.004291580718667285,0.026138041773865257,0.023805493678263505,0.18027690484679482,0.19924325980105292,0.11702544514753827
periodic,grad/norm,-1,mlp_out,-1,0.0,-1.0,-1,-,L0:all,25.0,1.0,0.08907354554395841,0.2305314647413664,0.0008059713860686231,0.009441660867103796,0.025943995141920844,0.031065816257663335,0.18249418286355368,0.08665643252453813
periodic,grad/norm,-1,mlp_out,-1,1.0,-1.0,-1,-,L0:all,25.0,1.0,0.18499013701452788,0.24007116610679405,0.003820497603186453,0.01952046006899293,0.01305273137574365,0.2926971752660304,0.15688151766856462,0.19571760038868563
periodic,grad/norm,-1,mlp_out,-1,2.0,-1.0,-1,-,L0:all,25.0,1.0,0.14427774461875223,0.2425425223789223,0.0018032132440348528,0.0115552085402085,0.013190585089645133,0.1367045685828152,0.1118014898129974,0.14427774461875223
periodic,grad/norm,-1,mlp_out,-1,3.0,-1.0,-1,-,L0:all,25.0,1.0,0.4127869657637417,0.5773311815382125,0.006586962145673455,0.016669877875749906,0.01655232613433319,0.39794782269367185,0.1739428612198263,0.4555264879840979
periodic,grad/norm,-1,mlp_out,-1,4.0,-1.0,-1,-,L0:all,25.0,1.0,0.38700487810055967,0.5531576382189096,0.008488173145925638,0.02256681789827012,0.0084412879922044,1.0055542653875258,0.12691077782303556,0.4301714457619718
periodic,grad/norm,-1,mlp_out,-1,5.0,-1.0,-1,-,L0:all,25.0,1.0,0.1842294227011359,0.4848403902445682,0.003686076941658088,0.016008750563925273,0.0105721936881957,0.3486577195207602,0.16401551709501494,0.18607572152004015
periodic,grad/norm,-1,mlp_out,-1,6.0,-1.0,-1,-,L0:all,25.0,1.0,0.5294510786472565,0.8375763610189542,0.007454144140739317,0.013454757937532253,0.010149172174194808,0.7344583393404396,0.1025077013503616,0.5964507544244615
periodic,grad/norm,-1,mlp_out,-1,7.0,-1.0,-1,-,L0:all,25.0,1.0,0.1335318664691515,0.3059927446146105,0.0019613216512792157,0.014688041911945565,0.012164638269438921,0.16123139939200834,0.05546392455344794,0.13770150623984437
periodic,grad/norm,-1,mlp_out,-1,8.0,-1.0,-1,-,L0:all,25.0,1.0,0.1100654102391507,0.3870672608381024,0.0020266475745894285,0.01317317151111581,0.011165938883359492,0.18150265694268888,0.06165164545404438,0.13386295433844644
periodic,grad/norm,-1,mlp_out,-1,9.0,-1.0,-1,-,L0:all,25.0,1.0,0.2405636485448726,0.5017505830492068,0.004760956509565627,0.020974860988102015,0.01962914928883162,0.2425452290117567,0.09393391657300125,0.2653858740726727
periodic,grad/norm,-1,mlp_out,-1,10.0,-1.0,-1,-,L0:all,25.0,1.0,0.23071659253041416,0.8145685423758309,0.005818021572238774,0.02522227407367954,0.021813365219565572,0.26671820297678234,0.09510970530948662,0.23992898718079544
periodic,grad/norm,-1,mlp_out,-1,11.0,-1.0,-1,-,L0:all,25.0,1.0,0.2135441368031085,0.44211568117036903,0.026052999617536505,0.11290982620990782,0.17457526525596062,0.14923648879661067,0.12547788110251334,0.2258633374279753
periodic,grad/norm,-1,resid_scalar,-1,0.0,-1.0,-1,-,L0:all,25.0,1.0,0.6665591777342227,3.2858758513503625,0.00039201391982954806,0.000571817152663058,0.0021588682875034564,0.1815830646541564,1.0451665598042903,0.6161032540369373
periodic,grad/norm,-1,resid_scalar,-1,1.0,-1.0,-1,-,L0:all,25.0,1.0,0.6704050986323457,4.333562095173084,0.0029447615559514443,0.003533840147272454,0.005457544320070992,0.5395762971858263,1.0666798792209382,0.6358184859986816
periodic,grad/norm,-1,resid_scalar,-1,2.0,-1.0,-1,-,L0:all,25.0,1.0,0.7260351579420264,1.755408346641334,0.003846790271728631,0.0048961639404296875,0.007257461532973131,0.5300462502283129,1.0887282531039926,0.636953719378285
periodic,grad/norm,-1,resid_scalar,-1,3.0,-1.0,-1,-,L0:all,25.0,1.0,0.6741572088323698,2.0529001579997814,0.0027399385176855987,0.004216194044974722,0.008818650139456081,0.3106981765187244,0.8710154124803859,0.6712417798028396
periodic,grad/norm,-1,resid_scalar,-1,4.0,-1.0,-1,-,L0:all,25.0,1.0,0.8266995583698805,2.72222842779313,0.0027401466025289345,0.003172159185986553,0.005423289597984649,0.5052554456150011,0.9330910539827411,0.8195142611043675
periodic,grad/norm,-1,resid_scalar,-1,5.0,-1.0,-1,-,L0:all,25.0,1.0,0.742395242087097,5.264411014080854,0.002213067570170726,0.003981113405281347,0.005732727059340524,0.38604097967038237,1.4913156194491426,0.6595337683360147
periodic,grad/norm,-1,resid_scalar,-1,6.0,-1.0,-1,-,L0:all,25.0,1.0,0.5861572823883877,2.19406695048147,0.004327032574432852,0.0074596405029296875,0.015173816680908205,0.28516441614041327,0.56652420847856,0.5861572823883877
periodic,grad/norm,-1,resid_scalar,-1,7.0,-1.0,-1,-,L0:all,25.0,1.0,0.6461183047751451,3.843071679874913,0.011451385208477194,0.016475677048616254,0.03961448672824436,0.2890706444597849,0.6963355521644202,0.6461183047751451
periodic,grad/norm,-1,resid_scalar,-1,8.0,-1.0,-1,-,L0:all,25.0,1.0,0.5970360574818927,2.0716580987523243,0.012067410732248828,0.014413237322761775,0.03357272149027849,0.35944094480821687,0.8345730173665459,0.5744081164753071
periodic,grad/norm,-1,resid_scalar,-1,9.0,-1.0,-1,-,L0:all,25.0,1.0,0.694797826894801,2.4674591508923505,0.014429585031797192,0.019290923695095632,0.038985776858331,0.37012434263481103,0.6862830385481529,0.694797826894801
periodic,grad/norm,-1,resid_scalar,-1,10.0,-1.0,-1,-,L0:all,25.0,1.0,0.737334315133605,2.531797794202512,0.013122035836741366,0.02112579345703125,0.03658552170153778,0.35866745167091096,0.6174871811690288,0.8150532448593627
periodic,grad/norm,-1,resid_scalar,-1,11.0,-1.0,-1,-,L0:all,25.0,1.0,0.7746370780249785,3.516449310735061,0.01713331892692547,0.02142333984375,0.04427318572998047,0.3869908759541399,0.6568155258313534,0.7746370780249785
periodic,grad/norm,-1,smear_gate,-1,-1.0,-1.0,-1,-,L0:all,25.0,1.0,0.229839563729219,0.5012056602316962,8.944186036037923e-05,0.0004832185276261789,0.0015375985789083603,0.058169838075604705,0.4845871483719989,0.2112299860157377
periodic,grad/norm,-1,smear_scalar,-1,-1.0,-1.0,-1,-,L0:all,25.0,1.0,0.6063476735873152,1.5920675477298738,0.0016184825431311528,0.0023260698197816706,0.007284590704891693,0.22217892654481214,0.4623394167252122,0.6133039700064269
periodic,grad/norm,-1,token_embedding,-1,-1.0,-1.0,-1,-,L0:all,25.0,1.0,0.03105650371611037,0.17343005863838667,8.024928008664654e-06,0.0002609327559691793,0.0005454039353613171,0.014713733232137994,0.07469106589271642,0.029540029794137786
periodic,grad/norm,-1,unembedding,-1,-1.0,-1.0,-1,-,L0:all,25.0,1.0,0.10444840400081765,0.2693287227771267,0.006210642727247137,0.05938679929242415,0.04457591654153466,0.13932731414417973,0.17676897310950018,0.10051437654178073
periodic,grad/norm,-1,value_embedding,-1,1.0,-1.0,-1,-,L0:all,25.0,1.0,0.07650347184817802,0.29692483930115426,5.324377944148614e-06,8.266519061170972e-05,0.00010802650906537794,0.04928769790132055,0.13950380975936394,0.06536022677635953
periodic,grad/norm,-1,value_embedding,-1,3.0,-1.0,-1,-,L0:all,25.0,1.0,0.14300863362229083,0.38197587808238825,1.685817252981131e-05,9.834972292738677e-05,8.826738141336308e-05,0.190989834068637,0.20054446611196916,0.1425086560234917
periodic,grad/norm,-1,value_embedding,-1,5.0,-1.0,-1,-,L0:all,25.0,1.0,0.07943334048193837,0.2828711720420792,8.168171382240062e-06,9.736268206116874e-05,5.4148338276075416e-05,0.15084805263265186,0.2272527729728029,0.07769489822115022
periodic,grad/norm,-1,value_embedding,-1,7.0,-1.0,-1,-,L0:all,25.0,1.0,0.07578529952864085,0.4372843218550531,1.1054376500444748e-05,0.00014941458454305486,8.308248491309064e-05,0.1330530317191199,0.11497075390648519,0.07055697734127063
periodic,grad/norm,-1,value_embedding,-1,9.0,-1.0,-1,-,L0:all,25.0,1.0,0.10508725470506552,0.27937422794247396,1.3747881560192327e-05,0.00011788892427879008,4.055424042875067e-05,0.33899985340240407,0.11011122176018696,0.10006328764994409
periodic,grad/norm,-1,value_embedding,-1,11.0,-1.0,-1,-,L0:all,25.0,1.0,0.08398766236953177,0.23733138948254967,1.3796437025413264e-05,0.000149288778028478,6.394417999319126e-05,0.21575750954789474,0.12816559850199746,0.07880591428357106
periodic,grad/norm,-1,ve_gate,-1,1.0,-1.0,-1,-,L0:all,25.0,1.0,0.26938644188887256,0.7314908614748806,0.0003246808842325418,0.0011055687774073353,0.003008574772402923,0.10791850254505124,0.5289054839638784,0.2628590012593875
periodic,grad/norm,-1,ve_gate,-1,3.0,-1.0,-1,-,L0:all,25.0,1.0,0.30392289417658447,0.8552429926890314,0.0005030160743816577,0.0013857540868714676,0.003820812243943644,0.1316516076336875,0.3023839221520326,0.30546186620113636
periodic,grad/norm,-1,ve_gate,-1,5.0,-1.0,-1,-,L0:all,25.0,1.0,0.36317871276750247,0.7579534640923151,0.0010129559958852283,0.002618913133604655,0.00471844472078759,0.21468006002540355,0.32300188734236246,0.3633238390062499
periodic,grad/norm,-1,ve_gate,-1,7.0,-1.0,-1,-,L0:all,25.0,1.0,0.4650611473085365,0.9006139743124678,0.0009541530205116103,0.0022261060891476453,0.003043503845137782,0.3135047856226431,0.5525486855206992,0.4366537806009478
periodic,grad/norm,-1,ve_gate,-1,9.0,-1.0,-1,-,L0:all,25.0,1.0,0.3613092945876064,1.132972194005349,0.0006411480637843818,0.001742039834778015,0.002305203405300127,0.27813079848409616,0.4112654384124084,0.3592038800073358
periodic,grad/norm,-1,ve_gate,-1,11.0,-1.0,-1,-,L0:all,25.0,1.0,0.5483000907898015,1.588152213625469,0.0010516753882405955,0.001766592929583014,0.0021052822167144398,0.4995412870973035,0.4202842811926616,0.5573394207015582
periodic,grad/norm,-1,x0_scalar,-1,0.0,-1.0,-1,-,L0:all,25.0,1.0,0.6665591777342227,3.2858758513503625,0.00039201391982954806,0.000571817152663058,0.0021588682875034564,0.1815830646541564,1.0451665598042903,0.6161032540369373
periodic,grad/norm,-1,x0_scalar,-1,1.0,-1.0,-1,-,L0:all,25.0,1.0,0.763231373715702,3.4042657579627194,0.00044260824219318596,0.0005023479461669922,0.0015509903443340853,0.2853713717884033,1.176293740809914,0.5960157174177098
periodic,grad/norm,-1,x0_scalar,-1,2.0,-1.0,-1,-,L0:all,25.0,1.0,0.6014700355657293,2.6259712945824485,0.00047730947441290076,0.0007059574127197266,0.002120804786682129,0.22506054183309468,1.6053608033474782,0.5546158120008522
periodic,grad/norm,-1,x0_scalar,-1,3.0,-1.0,-1,-,L0:all,25.0,1.0,0.7070745231461942,6.279658437209673,0.0005983477387808701,0.0009149312895361686,0.0016274377701683705,0.3676624383118296,2.297032038161613,0.6794400776489964
periodic,grad/norm,-1,x0_scalar,-1,4.0,-1.0,-1,-,L0:all,25.0,1.0,0.7145413843896199,2.8141153358069317,0.000554606783257598,0.0008227825164794922,0.0013318538679039072,0.41641714351924136,1.863238077917066,0.6251828569400766
periodic,grad/norm,-1,x0_scalar,-1,5.0,-1.0,-1,-,L0:all,25.0,1.0,0.7542927140742551,3.556862387798901,0.0005838558115613618,0.0007555484771728516,0.0012414813067833223,0.47028965186284766,1.5909816770944416,0.7154541981200541
periodic,grad/norm,-1,x0_scalar,-1,6.0,-1.0,-1,-,L0:all,25.0,1.0,0.8045834621120089,3.679848670899689,0.0006028256877927011,0.0010553598336603607,0.0017944574294176323,0.3359375808588228,0.8622354415642701,0.8045834621120089
periodic,grad/norm,-1,x0_scalar,-1,7.0,-1.0,-1,-,L0:all,25.0,1.0,0.7128071892493607,2.318917463336338,0.0010767418314337892,0.0012111663818359375,0.0032296419220801597,0.33339356418196275,0.8742483538820578,0.5842787378754328
periodic,grad/norm,-1,x0_scalar,-1,8.0,-1.0,-1,-,L0:all,25.0,1.0,0.6126552186339741,2.7937705103681756,0.0009317857143860904,0.0012105703295186962,0.0035486817443165547,0.2625723526428951,0.5981815830638448,0.6126552186339741
periodic,grad/norm,-1,x0_scalar,-1,9.0,-1.0,-1,-,L0:all,25.0,1.0,0.6154366358939419,5.801370501876951,0.0009454383638639172,0.0012442469696798725,0.003607511522956572,0.2620749394277953,0.5731689804480485,0.6233670024293503
periodic,grad/norm,-1,x0_scalar,-1,10.0,-1.0,-1,-,L0:all,25.0,1.0,0.6297493005886791,8.303492317192118,0.0012536935967147054,0.001410245875232016,0.004385232927118274,0.2858898529566961,0.5807324848026723,0.6297493005886791
periodic,grad/norm,-1,x0_scalar,-1,11.0,-1.0,-1,-,L0:all,25.0,1.0,0.6282375890684819,8.521033672522654,0.0013589831569710855,0.0019273757934570312,0.004355287551879885,0.31203063880007276,0.6062204914039808,0.6282375890684819
periodic,grad/rms,-1,attn_k,-1,0.0,-1.0,-1,-,L0:all,25.0,1.0,0.11952733895399123,0.27803336394366623,4.6277540871394923e-07,3.976247118565833e-06,5.8306319503308085e-06,0.0793696828501914,0.268533764923159,0.11205279436861852
periodic,grad/rms,-1,attn_k,-1,1.0,-1.0,-1,-,L0:all,25.0,1.0,0.06421774177568912,0.1716513265520145,2.470174427740871e-07,3.885585327870753e-06,7.5368727721901925e-06,0.03277452734581648,0.16668986039563602,0.060241827610884015
periodic,grad/rms,-1,attn_k,-1,2.0,-1.0,-1,-,L0:all,25.0,1.0,0.31136364399607636,0.6083754467451785,2.063639874496844e-06,6.26679387390725e-06,1.0792960378161814e-05,0.19120239509748943,0.41359247511957076,0.3093332769439269
periodic,grad/rms,-1,attn_k,-1,3.0,-1.0,-1,-,L0:all,25.0,1.0,0.14610173117881184,0.3350033179346792,1.2613431434967685e-06,8.66532525957392e-06,9.31429155313955e-06,0.13542019125132604,0.2891944453560767,0.1438203758604076
periodic,grad/rms,-1,attn_k,-1,4.0,-1.0,-1,-,L0:all,25.0,1.0,0.16900119691468035,0.5397666718699815,1.0438142144013756e-06,6.149065070690356e-06,4.160734044395807e-06,0.250872611242075,0.2666582762482775,0.13651178502639266
periodic,grad/rms,-1,attn_k,-1,5.0,-1.0,-1,-,L0:all,25.0,1.0,0.14390747123041955,0.253398335210168,1.0188911426010175e-06,6.6017670592324395e-06,9.36267864751549e-06,0.10882474780562865,0.2493664772955148,0.14078297067344728
periodic,grad/rms,-1,attn_k,-1,6.0,-1.0,-1,-,L0:all,25.0,1.0,0.16817494852664028,0.7112197404588325,1.1950693979445079e-06,6.935299354246104e-06,4.826786695377771e-06,0.24759109390289205,0.29044122433230485,0.16514730764383004
periodic,grad/rms,-1,attn_k,-1,7.0,-1.0,-1,-,L0:all,25.0,1.0,0.14934818639490427,0.47032231167081945,2.428605498179543e-06,1.4142741117565039e-05,1.8684221246079108e-05,0.1299816281446136,0.24912587761398183,0.14064120295553545
periodic,grad/rms,-1,attn_k,-1,8.0,-1.0,-1,-,L0:all,25.0,1.0,0.1410670912251475,0.3973744795740504,8.05692383219957e-07,5.718088564900292e-06,5.401003457916878e-06,0.14917457274332235,0.14785784894396367,0.1403585193774668
periodic,grad/rms,-1,attn_k,-1,9.0,-1.0,-1,-,L0:all,25.0,1.0,0.15986968008888372,0.5031239764747989,1.4676182748383332e-06,8.421044515316549e-06,1.3395165617211144e-05,0.10956327952769944,0.293602580590349,0.1462703177988535
periodic,grad/rms,-1,attn_k,-1,10.0,-1.0,-1,-,L0:all,25.0,1.0,0.3555924891691452,0.8138755815438198,2.1123279634782034e-06,6.323576373776518e-06,6.0834085228009e-06,0.3472277022924072,0.2053550154455671,0.36605918766745893
periodic,grad/rms,-1,attn_k,-1,11.0,-1.0,-1,-,L0:all,25.0,1.0,0.1959335065329041,0.3770421516058487,3.1142880536076506e-06,1.3537023107965685e-05,1.4036514459224007e-05,0.22187046952821796,0.19726966922256683,0.19459734384324132
periodic,grad/rms,-1,attn_out,-1,0.0,-1.0,-1,-,L0:all,25.0,1.0,0.1009798933359533,0.33139794999458766,1.0688376015242483e-06,1.087884784045773e-05,1.53691144117507e-05,0.06954451459526201,0.2350309395197366,0.09853306458234157
periodic,grad/rms,-1,attn_out,-1,1.0,-1.0,-1,-,L0:all,25.0,1.0,0.060201515215670506,0.2971475154750393,6.66087885498283e-07,1.0233586942257084e-05,1.5193203353980233e-05,0.04384117489770746,0.13965455007427013,0.05452946060920146
periodic,grad/rms,-1,attn_out,-1,2.0,-1.0,-1,-,L0:all,25.0,1.0,0.07097878519723996,0.35405057975930043,1.2095461116018185e-06,1.677762892197006e-05,1.1962984179520102e-05,0.10110739038445671,0.11949134487963062,0.06868687300614539
periodic,grad/rms,-1,attn_out,-1,3.0,-1.0,-1,-,L0:all,25.0,1.0,0.09088272919202452,0.27416538718829936,1.522578820641418e-06,1.567505284461021e-05,1.1023409359152e-05,0.13812231506918704,0.14559472316190383,0.08534402817014733
periodic,grad/rms,-1,attn_out,-1,4.0,-1.0,-1,-,L0:all,25.0,1.0,0.10467875425954279,0.42852643519318695,1.6666791283366833e-06,1.847660934895802e-05,1.3740020337910034e-05,0.12130106705433003,0.21545546566442025,0.09908604492769643
periodic,grad/rms,-1,attn_out,-1,5.0,-1.0,-1,-,L0:all,25.0,1.0,0.07656750187120841,0.269298627663397,1.2726376334686529e-06,1.6109937195469882e-05,1.2206351978786516e-05,0.10426027659044869,0.13162343710381577,0.07287778953205055
periodic,grad/rms,-1,attn_out,-1,6.0,-1.0,-1,-,L0:all,25.0,1.0,0.07747074577470262,0.552931886578493,1.762259134362675e-06,2.112489645360278e-05,1.6274337346172474e-05,0.10828454006314038,0.19253985302511417,0.07564328845624183
periodic,grad/rms,-1,attn_out,-1,7.0,-1.0,-1,-,L0:all,25.0,1.0,0.1144135095326705,0.3107109787128458,3.1778985131771227e-06,2.9340668503182278e-05,3.968148012701387e-05,0.08008518087040084,0.14068771103462402,0.11322729749868066
periodic,grad/rms,-1,attn_out,-1,8.0,-1.0,-1,-,L0:all,25.0,1.0,0.08038010750212761,0.39805462322435203,1.3084322415389694e-06,2.1234321430919957e-05,2.337993034465289e-05,0.05596390674612145,0.1422241668223847,0.05558207908065687
periodic,grad/rms,-1,attn_out,-1,9.0,-1.0,-1,-,L0:all,25.0,1.0,0.09885855671613072,0.3030301446722842,3.2473235043851594e-06,2.8912386511272952e-05,3.636045990194678e-05,0.08930919776983608,0.13215662691716426,0.096226694090608
periodic,grad/rms,-1,attn_out,-1,10.0,-1.0,-1,-,L0:all,25.0,1.0,0.09005982266490355,0.4281005329834871,2.670222682636653e-06,2.7273968562899912e-05,2.8696158731881823e-05,0.09305157207922743,0.20035304052911826,0.08465789040443798
periodic,grad/rms,-1,attn_out,-1,11.0,-1.0,-1,-,L0:all,25.0,1.0,0.16351528850726724,0.3232016783271093,9.312766222968891e-06,5.94418707155018e-05,6.363348559365839e-05,0.1463500881035658,0.1947005101707065,0.1584236276330584
periodic,grad/rms,-1,attn_q,-1,0.0,-1.0,-1,-,L0:all,25.0,1.0,0.1461568808299383,0.3399335958074915,5.26753468521233e-07,3.7037987797748915e-06,5.511971302124186e-06,0.09556535033450454,0.211825621661914,0.1418662794437362
periodic,grad/rms,-1,attn_q,-1,1.0,-1.0,-1,-,L0:all,25.0,1.0,0.07339204290573487,0.1836522912990972,3.221184207109103e-07,4.142637643637103e-06,8.50215939258074e-06,0.03788665982809041,0.1529992366851456,0.06566102674391955
periodic,grad/rms,-1,attn_q,-1,2.0,-1.0,-1,-,L0:all,25.0,1.0,0.44246769832299176,1.0900431896523846,3.544158802501046e-06,7.588551973654005e-06,1.3272319563854382e-05,0.2670338658928278,0.6554350080005429,0.4395172525953646
periodic,grad/rms,-1,attn_q,-1,3.0,-1.0,-1,-,L0:all,25.0,1.0,0.290629055833,0.6452395622759045,3.3942715303398433e-06,1.0611111433841022e-05,1.0525233843644157e-05,0.32248894236107944,0.44852311572909354,0.2687817471773864
periodic,grad/rms,-1,attn_q,-1,4.0,-1.0,-1,-,L0:all,25.0,1.0,0.21961307536623637,0.5617095676329753,1.6837687266373429e-06,6.958091727995912e-06,5.7932534483819625e-06,0.29064302841913714,0.21194593574028187,0.22728021499219084
periodic,grad/rms,-1,attn_q,-1,5.0,-1.0,-1,-,L0:all,25.0,1.0,0.13708112352427043,0.3647067853640378,1.1998989676406217e-06,8.536356924050275e-06,1.1221482561943988e-05,0.10692873789332463,0.24740215157326562,0.12702906525540256
periodic,grad/rms,-1,attn_q,-1,6.0,-1.0,-1,-,L0:all,25.0,1.0,0.21549191762420772,0.46053267395224007,2.039249333595461e-06,8.946337372038176e-06,7.287015541297316e-06,0.2798469856470775,0.31164244977315153,0.20111330200451602
periodic,grad/rms,-1,attn_q,-1,7.0,-1.0,-1,-,L0:all,25.0,1.0,0.1641937626571332,0.6163197181331881,2.174218669433934e-06,1.518839185307412e-05,2.246278323384888e-05,0.09679204249977498,0.1701593552862049,0.15822817002806147
periodic,grad/rms,-1,attn_q,-1,8.0,-1.0,-1,-,L0:all,25.0,1.0,0.1816399345700847,0.6814434909930432,1.36708988367963e-06,8.027779992273187e-06,7.400217315150998e-06,0.1847364510337674,0.19446226650917575,0.18045543608966752
periodic,grad/rms,-1,attn_q,-1,9.0,-1.0,-1,-,L0:all,25.0,1.0,0.1645382609240337,0.5915643687182508,2.0110276289813674e-06,1.1944581779241374e-05,1.4101842880985425e-05,0.14260743407466178,0.3983619811392827,0.1641983748154148
periodic,grad/rms,-1,attn_q,-1,10.0,-1.0,-1,-,L0:all,25.0,1.0,0.25850717331967377,0.7302047044472867,2.3574494199386665e-06,7.618932615572877e-06,8.005086486550928e-06,0.29449393506233024,0.2557762056654797,0.2612381409738678
periodic,grad/rms,-1,attn_q,-1,11.0,-1.0,-1,-,L0:all,25.0,1.0,0.21883059736066482,0.4646541968395926,4.84775374240978e-06,1.7938535696423686e-05,1.9766930135284346e-05,0.2452456557104154,0.28649017334466365,0.2128904508691647
periodic,grad/rms,-1,attn_v,-1,0.0,-1.0,-1,-,L0:all,25.0,1.0,0.10959357427762254,0.2885285348521764,8.604320247460007e-07,8.055186061223494e-06,1.415571370045253e-05,0.06078337291594803,0.2729866868265988,0.10850456859647375
periodic,grad/rms,-1,attn_v,-1,1.0,-1.0,-1,-,L0:all,25.0,1.0,0.0879996112720404,0.44593425278108834,1.3061791772717704e-06,1.5104535172831953e-05,1.821740076625238e-05,0.07169953573681373,0.2967219878855008,0.08643604407734198
periodic,grad/rms,-1,attn_v,-1,2.0,-1.0,-1,-,L0:all,25.0,1.0,0.09403600419785099,0.3925058441165683,1.874321193472842e-06,2.153743823462949e-05,2.0712870708936166e-05,0.09049065288010524,0.2798839970241424,0.07738891691133354
periodic,grad/rms,-1,attn_v,-1,3.0,-1.0,-1,-,L0:all,25.0,1.0,0.12894475737577496,0.3748296569613354,4.045570924598835e-06,3.1661393783580194e-05,2.3724322781765297e-05,0.17052418995531005,0.33302369436493884,0.12388947316198066
periodic,grad/rms,-1,attn_v,-1,4.0,-1.0,-1,-,L0:all,25.0,1.0,0.13071124532296968,0.44388528695893226,3.1771212644680955e-06,2.9610823260148755e-05,2.5620816302317485e-05,0.1240054659843416,0.38622750531339994,0.12262275918917694
periodic,grad/rms,-1,attn_v,-1,5.0,-1.0,-1,-,L0:all,25.0,1.0,0.08753498830440541,0.4465206631114656,2.1266357352364224e-06,2.9899065959941694e-05,2.1325441271879968e-05,0.0997229416321919,0.2882713062937216,0.08544175416599294
periodic,grad/rms,-1,attn_v,-1,6.0,-1.0,-1,-,L0:all,25.0,1.0,0.11911694238434938,0.44664390441329044,2.946488688538994e-06,2.989172110119536e-05,2.3168939892307957e-05,0.1271740831576512,0.2392405726123878,0.09500223108003093
periodic,grad/rms,-1,attn_v,-1,7.0,-1.0,-1,-,L0:all,25.0,1.0,0.07149373509872492,0.34537710507740116,1.7082168071539534e-06,2.8763464934292647e-05,2.20874601586973e-05,0.07733876121928465,0.16225496150021582,0.06992425419152841
periodic,grad/rms,-1,attn_v,-1,8.0,-1.0,-1,-,L0:all,25.0,1.0,0.09921662077360235,0.3408007940268511,2.691483488258219e-06,3.027629618432791e-05,2.7965050075637404e-05,0.09624454384950257,0.1572406867616477,0.09428873107196768
periodic,grad/rms,-1,attn_v,-1,9.0,-1.0,-1,-,L0:all,25.0,1.0,0.08788284090334428,0.3097042857739744,1.5784727492178515e-06,1.7970702925548283e-05,1.2858010099397206e-05,0.1227618221649905,0.18553247431507874,0.07681381091427185
periodic,grad/rms,-1,attn_v,-1,10.0,-1.0,-1,-,L0:all,25.0,1.0,0.09933969065277784,0.40754650210429155,2.6106893147060988e-06,3.2152938531252436e-05,2.5750466701126166e-05,0.10138415528569521,0.13051714593592803,0.0973548912938824
periodic,grad/rms,-1,attn_v,-1,11.0,-1.0,-1,-,L0:all,25.0,1.0,0.10076845309113336,0.34913930711729485,2.2340407593887448e-06,2.4966237324590123e-05,1.4750297152922893e-05,0.15145733921340365,0.16368656654730251,0.09340758367575712
periodic,grad/rms,-1,backout_scalar,-1,-1.0,-1.0,-1,-,L0:all,25.0,1.0,0.6064546679715849,3.1456734760735943,0.016931388703637695,0.02236862233360116,0.0391379805598477,0.43260762209606407,0.6995111880999986,0.590488783876886
periodic,grad/rms,-1,mlp_in,-1,0.0,-1.0,-1,-,L0:all,25.0,1.0,0.10359858804995489,0.1905285504622782,5.1033208525808e-07,4.814078367407185e-06,4.9060138273809035e-06,0.10402173805745732,0.1868025319037746,0.0918312039177625
periodic,grad/rms,-1,mlp_in,-1,1.0,-1.0,-1,-,L0:all,25.0,1.0,0.07084174511709344,0.19965988072353957,4.7591183647212417e-07,6.433575506576267e-06,3.6960743314478935e-06,0.12876143545676239,0.16070753676657717,0.06446711392618121
periodic,grad/rms,-1,mlp_in,-1,2.0,-1.0,-1,-,L0:all,25.0,1.0,0.10090369104338712,0.23944625782793413,7.397568178945944e-07,8.304350124330218e-06,3.904701172401197e-06,0.18945286341584006,0.15093534890410948,0.084810304370842
periodic,grad/rms,-1,mlp_in,-1,3.0,-1.0,-1,-,L0:all,25.0,1.0,0.0876091310730388,0.22040066302396844,8.223123500663712e-07,1.0733728411863372e-05,5.054013220418361e-06,0.16270482766926792,0.18539556675835606,0.0748128931952853
periodic,grad/rms,-1,mlp_in,-1,4.0,-1.0,-1,-,L0:all,25.0,1.0,0.0809158646166604,0.2373766550381855,7.784044045959703e-07,1.1072774938100736e-05,4.440098035336986e-06,0.17531243643742936,0.16140229026245145,0.06801767199452327
periodic,grad/rms,-1,mlp_in,-1,5.0,-1.0,-1,-,L0:all,25.0,1.0,0.060979506221004065,0.24359152284718405,6.276180087765106e-07,1.0558370908647937e-05,4.368661956149644e-06,0.14366366980924905,0.14978273877539233,0.04883145343299677
periodic,grad/rms,-1,mlp_in,-1,6.0,-1.0,-1,-,L0:all,25.0,1.0,0.07018452968180708,0.24288858980725186,7.097701084257605e-07,1.0126426619907149e-05,5.490739121842922e-06,0.1292667694959676,0.15834494126829407,0.061198011379483316
periodic,grad/rms,-1,mlp_in,-1,7.0,-1.0,-1,-,L0:all,25.0,1.0,0.07302965312170429,0.2647084031597073,6.974140123893956e-07,1.0425487267632016e-05,4.798235866925779e-06,0.14534800533601688,0.08163396025214668,0.0729319694042949
periodic,grad/rms,-1,mlp_in,-1,8.0,-1.0,-1,-,L0:all,25.0,1.0,0.059488338090412665,0.2439363278185871,5.436956285330387e-07,9.220124177341144e-06,3.6625590123785385e-06,0.14844692650561608,0.08973254975271414,0.05755141224710465
periodic,grad/rms,-1,mlp_in,-1,9.0,-1.0,-1,-,L0:all,25.0,1.0,0.0767446021456687,0.27333644746493424,6.617111170546953e-07,9.729187888794351e-06,4.2275526144156105e-06,0.15652344924065859,0.13767491137428806,0.07257754780477893
periodic,grad/rms,-1,mlp_in,-1,10.0,-1.0,-1,-,L0:all,25.0,1.0,0.09873120084419583,0.2848578492500469,1.0094200977978076e-06,1.0257005643344477e-05,4.2199070643230425e-06,0.23920434322639253,0.12211223511873265,0.09790715746206151
periodic,grad/rms,-1,mlp_in,-1,11.0,-1.0,-1,-,L0:all,25.0,1.0,0.13437335051969895,0.37354558401717586,2.793997863715679e-06,1.7016954279860195e-05,1.5498368280119474e-05,0.18027690484679468,0.19924325980105284,0.11702544514753821
periodic,grad/rms,-1,mlp_out,-1,0.0,-1.0,-1,-,L0:all,25.0,1.0,0.08907354554395834,0.23053146474136646,5.247209544717595e-07,6.1469146270207e-06,1.689062183718805e-05,0.03106581625766331,0.18249418286355368,0.08665643252453811
periodic,grad/rms,-1,mlp_out,-1,1.0,-1.0,-1,-,L0:all,25.0,1.0,0.18499013701452785,0.24007116610679402,2.4873031270745134e-06,1.2708632857417271e-05,8.49787198941644e-06,0.2926971752660303,0.15688151766856465,0.19571760038868563
periodic,grad/rms,-1,mlp_out,-1,2.0,-1.0,-1,-,L0:all,25.0,1.0,0.1442777446187522,0.24254252237892224,1.1739669557518573e-06,7.522922226698243e-06,8.58762050107105e-06,0.13670456858281524,0.11180148981299741,0.1442777446187522
periodic,grad/rms,-1,mlp_out,-1,3.0,-1.0,-1,-,L0:all,25.0,1.0,0.41278696576374174,0.5773311815382125,4.288386813589489e-06,1.0852785075358014e-05,1.0776253993706502e-05,0.3979478226936719,0.17394286121982627,0.4555264879840979
periodic,grad/rms,-1,mlp_out,-1,4.0,-1.0,-1,-,L0:all,25.0,1.0,0.38700487810055967,0.5531576382189097,5.5261543918786704e-06,1.4691938735852944e-05,5.495630203258072e-06,1.0055542653875258,0.1269107778230356,0.4301714457619719
periodic,grad/rms,-1,mlp_out,-1,5.0,-1.0,-1,-,L0:all,25.0,1.0,0.18422942270113588,0.4848403902445681,2.39978967555865e-06,1.042236364838885e-05,6.8829385990857415e-06,0.3486577195207601,0.16401551709501494,0.18607572152004018
periodic,grad/rms,-1,mlp_out,-1,6.0,-1.0,-1,-,L0:all,25.0,1.0,0.5294510786472565,0.8375763610189543,4.852958424960494e-06,8.759608032247561e-06,6.607533967574744e-06,0.7344583393404398,0.10250770135036165,0.5964507544244615
periodic,grad/rms,-1,mlp_out,-1,7.0,-1.0,-1,-,L0:all,25.0,1.0,0.13353186646915158,0.3059927446146106,1.27690211671824e-06,9.562527286422893e-06,7.91968637333263e-06,0.16123139939200842,0.055463924553447966,0.1377015062398444
periodic,grad/rms,-1,mlp_out,-1,8.0,-1.0,-1,-,L0:all,25.0,1.0,0.1100654102391507,0.3870672608381024,1.3194320147066592e-06,8.576283535882688e-06,7.269491460520502e-06,0.18150265694268888,0.061651645454044376,0.1338629543384464
periodic,grad/rms,-1,mlp_out,-1,9.0,-1.0,-1,-,L0:all,25.0,1.0,0.2405636485448726,0.5017505830492067,3.0995810609151215e-06,1.3655508455795583e-05,1.2779394068249753e-05,0.2425452290117567,0.09393391657300126,0.26538587407267267
periodic,grad/rms,-1,mlp_out,-1,10.0,-1.0,-1,-,L0:all,25.0,1.0,0.23071659253041413,0.8145685423758307,3.787774461092952e-06,1.6420751350051785e-05,1.4201409648154665e-05,0.2667182029767824,0.09510970530948662,0.23992898718079536
periodic,grad/rms,-1,mlp_out,-1,11.0,-1.0,-1,-,L0:all,25.0,1.0,0.21354413680310838,0.442115681170369,1.6961588292666998e-05,7.350900143874207e-05,0.00011365577165101602,0.14923648879661072,0.12547788110251334,0.2258633374279753
periodic,grad/rms,-1,resid_scalar,-1,0.0,-1.0,-1,-,L0:all,25.0,1.0,0.6665591777342227,3.2858758513503625,0.00039201391982954806,0.000571817152663058,0.0021588682875034564,0.1815830646541564,1.0451665598042903,0.6161032540369373
periodic,grad/rms,-1,resid_scalar,-1,1.0,-1.0,-1,-,L0:all,25.0,1.0,0.6704050986323457,4.333562095173084,0.0029447615559514443,0.003533840147272454,0.005457544320070992,0.5395762971858263,1.0666798792209382,0.6358184859986816
periodic,grad/rms,-1,resid_scalar,-1,2.0,-1.0,-1,-,L0:all,25.0,1.0,0.7260351579420264,1.755408346641334,0.003846790271728631,0.0048961639404296875,0.007257461532973131,0.5300462502283129,1.0887282531039926,0.636953719378285
periodic,grad/rms,-1,resid_scalar,-1,3.0,-1.0,-1,-,L0:all,25.0,1.0,0.6741572088323698,2.0529001579997814,0.0027399385176855987,0.004216194044974722,0.008818650139456081,0.3106981765187244,0.8710154124803859,0.6712417798028396
periodic,grad/rms,-1,resid_scalar,-1,4.0,-1.0,-1,-,L0:all,25.0,1.0,0.8266995583698805,2.72222842779313,0.0027401466025289345,0.003172159185986553,0.005423289597984649,0.5052554456150011,0.9330910539827411,0.8195142611043675
periodic,grad/rms,-1,resid_scalar,-1,5.0,-1.0,-1,-,L0:all,25.0,1.0,0.742395242087097,5.264411014080854,0.002213067570170726,0.003981113405281347,0.005732727059340524,0.38604097967038237,1.4913156194491426,0.6595337683360147
periodic,grad/rms,-1,resid_scalar,-1,6.0,-1.0,-1,-,L0:all,25.0,1.0,0.5861572823883877,2.19406695048147,0.004327032574432852,0.0074596405029296875,0.015173816680908205,0.28516441614041327,0.56652420847856,0.5861572823883877
periodic,grad/rms,-1,resid_scalar,-1,7.0,-1.0,-1,-,L0:all,25.0,1.0,0.6461183047751451,3.843071679874913,0.011451385208477194,0.016475677048616254,0.03961448672824436,0.2890706444597849,0.6963355521644202,0.6461183047751451
periodic,grad/rms,-1,resid_scalar,-1,8.0,-1.0,-1,-,L0:all,25.0,1.0,0.5970360574818927,2.0716580987523243,0.012067410732248828,0.014413237322761775,0.03357272149027849,0.35944094480821687,0.8345730173665459,0.5744081164753071
periodic,grad/rms,-1,resid_scalar,-1,9.0,-1.0,-1,-,L0:all,25.0,1.0,0.694797826894801,2.4674591508923505,0.014429585031797192,0.019290923695095632,0.038985776858331,0.37012434263481103,0.6862830385481529,0.694797826894801
periodic,grad/rms,-1,resid_scalar,-1,10.0,-1.0,-1,-,L0:all,25.0,1.0,0.737334315133605,2.531797794202512,0.013122035836741366,0.02112579345703125,0.03658552170153778,0.35866745167091096,0.6174871811690288,0.8150532448593627
periodic,grad/rms,-1,resid_scalar,-1,11.0,-1.0,-1,-,L0:all,25.0,1.0,0.7746370780249785,3.516449310735061,0.01713331892692547,0.02142333984375,0.04427318572998047,0.3869908759541399,0.6568155258313534,0.7746370780249785
periodic,grad/rms,-1,smear_gate,-1,-1.0,-1.0,-1,-,L0:all,25.0,1.0,0.229839563729219,0.5012056602316962,1.825724329401619e-05,9.863656891192624e-05,0.0003138609956295016,0.058169838075604725,0.48458714837199884,0.21122998601573775
periodic,grad/rms,-1,smear_scalar,-1,-1.0,-1.0,-1,-,L0:all,25.0,1.0,0.6063476735873152,1.5920675477298738,0.0016184825431311528,0.0023260698197816706,0.007284590704891693,0.22217892654481214,0.4623394167252122,0.6133039700064269
periodic,grad/rms,-1,token_embedding,-1,-1.0,-1.0,-1,-,L0:all,25.0,1.0,0.031056503716110406,0.17343005863838676,1.599689033512163e-09,5.201433181173916e-08,1.087208126091411e-07,0.01471373323213796,0.07469106589271639,0.029540029794137813
periodic,grad/rms,-1,unembedding,-1,-1.0,-1.0,-1,-,L0:all,25.0,1.0,0.1044484040008177,0.2693287227771267,1.2380294316799159e-06,1.1838163714478862e-05,8.88576256051824e-06,0.13932731414417973,0.17676897310950018,0.1005143765417808
periodic,grad/rms,-1,value_embedding,-1,1.0,-1.0,-1,-,L0:all,25.0,1.0,0.0765034718481781,0.29692483930115426,1.061361422598717e-09,1.6478477904345642e-08,2.1534002759140405e-08,0.04928769790132062,0.13950380975936397,0.06536022677635958
periodic,grad/rms,-1,value_embedding,-1,3.0,-1.0,-1,-,L0:all,25.0,1.0,0.14300863362229085,0.3819758780823882,3.3605078689650033e-09,1.960503234995129e-08,1.7595218537952745e-08,0.19098983406863715,0.20054446611196908,0.1425086560234917
periodic,grad/rms,-1,value_embedding,-1,5.0,-1.0,-1,-,L0:all,25.0,1.0,0.0794333404819384,0.28287117204207923,1.6282431655348414e-09,1.9408275637914435e-08,1.0793928971028688e-08,0.15084805263265186,0.22725277297280294,0.07769489822115028
periodic,grad/rms,-1,value_embedding,-1,7.0,-1.0,-1,-,L0:all,25.0,1.0,0.07578529952864084,0.4372843218550531,2.20357925217308e-09,2.97843011279641e-08,1.6561661344364716e-08,0.13305303171911986,0.1149707539064852,0.07055697734127063
periodic,grad/rms,-1,value_embedding,-1,9.0,-1.0,-1,-,L0:all,25.0,1.0,0.10508725470506551,0.279374227942474,2.740502511937589e-09,2.34999764655468e-08,8.084081702196263e-09,0.3389998534024039,0.11011122176018692,0.1000632876499441
periodic,grad/rms,-1,value_embedding,-1,11.0,-1.0,-1,-,L0:all,25.0,1.0,0.08398766236953176,0.23733138948254962,2.750181557674469e-09,2.9759222859162724e-08,1.2746631917643503e-08,0.21575750954789483,0.1281655985019974,0.07880591428357102
periodic,grad/rms,-1,ve_gate,-1,1.0,-1.0,-1,-,L0:all,25.0,1.0,0.26938644188887256,0.7314908614748808,3.826400916041246e-05,0.00013029252992880793,0.00035456393721214677,0.10791850254505127,0.5289054839638783,0.2628590012593876
periodic,grad/rms,-1,ve_gate,-1,3.0,-1.0,-1,-,L0:all,25.0,1.0,0.30392289417658447,0.8552429926890316,5.9281012873517834e-05,0.00016331268531396447,0.0004502870412221899,0.13165160763368755,0.3023839221520326,0.3054618662011364
periodic,grad/rms,-1,ve_gate,-1,5.0,-1.0,-1,-,L0:all,25.0,1.0,0.36317871276750247,0.7579534640923152,0.00011937800895566957,0.0003086418726850604,0.0005560740431204618,0.21468006002540355,0.32300188734236246,0.3633238390062499
periodic,grad/rms,-1,ve_gate,-1,7.0,-1.0,-1,-,L0:all,25.0,1.0,0.46506114730853654,0.9006139743124676,0.0001124480118488978,0.00026234911854616083,0.0003586803679107096,0.3135047856226432,0.5525486855206994,0.43665378060094784
periodic,grad/rms,-1,ve_gate,-1,9.0,-1.0,-1,-,L0:all,25.0,1.0,0.3613092945876064,1.132972194005349,7.556002394109356e-05,0.00020530136337810453,0.0002716708266503401,0.27813079848409616,0.4112654384124083,0.35920388000733583
periodic,grad/rms,-1,ve_gate,-1,11.0,-1.0,-1,-,L0:all,25.0,1.0,0.5483000907898015,1.588152213625469,0.00012394113310532003,0.0002081949733507264,0.00024810988862503786,0.4995412870973035,0.4202842811926616,0.5573394207015583
periodic,grad/rms,-1,x0_scalar,-1,0.0,-1.0,-1,-,L0:all,25.0,1.0,0.6665591777342227,3.2858758513503625,0.00039201391982954806,0.000571817152663058,0.0021588682875034564,0.1815830646541564,1.0451665598042903,0.6161032540369373
periodic,grad/rms,-1,x0_scalar,-1,1.0,-1.0,-1,-,L0:all,25.0,1.0,0.763231373715702,3.4042657579627194,0.00044260824219318596,0.0005023479461669922,0.0015509903443340853,0.2853713717884033,1.176293740809914,0.5960157174177098
periodic,grad/rms,-1,x0_scalar,-1,2.0,-1.0,-1,-,L0:all,25.0,1.0,0.6014700355657293,2.6259712945824485,0.00047730947441290076,0.0007059574127197266,0.002120804786682129,0.22506054183309468,1.6053608033474782,0.5546158120008522
periodic,grad/rms,-1,x0_scalar,-1,3.0,-1.0,-1,-,L0:all,25.0,1.0,0.7070745231461942,6.279658437209673,0.0005983477387808701,0.0009149312895361686,0.0016274377701683705,0.3676624383118296,2.297032038161613,0.6794400776489964
periodic,grad/rms,-1,x0_scalar,-1,4.0,-1.0,-1,-,L0:all,25.0,1.0,0.7145413843896199,2.8141153358069317,0.000554606783257598,0.0008227825164794922,0.0013318538679039072,0.41641714351924136,1.863238077917066,0.6251828569400766
periodic,grad/rms,-1,x0_scalar,-1,5.0,-1.0,-1,-,L0:all,25.0,1.0,0.7542927140742551,3.556862387798901,0.0005838558115613618,0.0007555484771728516,0.0012414813067833223,0.47028965186284766,1.5909816770944416,0.7154541981200541
periodic,grad/rms,-1,x0_scalar,-1,6.0,-1.0,-1,-,L0:all,25.0,1.0,0.8045834621120089,3.679848670899689,0.0006028256877927011,0.0010553598336603607,0.0017944574294176323,0.3359375808588228,0.8622354415642701,0.8045834621120089
periodic,grad/rms,-1,x0_scalar,-1,7.0,-1.0,-1,-,L0:all,25.0,1.0,0.7128071892493607,2.318917463336338,0.0010767418314337892,0.0012111663818359375,0.0032296419220801597,0.33339356418196275,0.8742483538820578,0.5842787378754328
periodic,grad/rms,-1,x0_scalar,-1,8.0,-1.0,-1,-,L0:all,25.0,1.0,0.6126552186339741,2.7937705103681756,0.0009317857143860904,0.0012105703295186962,0.0035486817443165547,0.2625723526428951,0.5981815830638448,0.6126552186339741
periodic,grad/rms,-1,x0_scalar,-1,9.0,-1.0,-1,-,L0:all,25.0,1.0,0.6154366358939419,5.801370501876951,0.0009454383638639172,0.0012442469696798725,0.003607511522956572,0.2620749394277953,0.5731689804480485,0.6233670024293503
periodic,grad/rms,-1,x0_scalar,-1,10.0,-1.0,-1,-,L0:all,25.0,1.0,0.6297493005886791,8.303492317192118,0.0012536935967147054,0.001410245875232016,0.004385232927118274,0.2858898529566961,0.5807324848026723,0.6297493005886791
periodic,grad/rms,-1,x0_scalar,-1,11.0,-1.0,-1,-,L0:all,25.0,1.0,0.6282375890684819,8.521033672522654,0.0013589831569710855,0.0019273757934570312,0.004355287551879885,0.31203063880007276,0.6062204914039808,0.6282375890684819
periodic,grad/zero_fraction,-1,attn_k,-1,-1.0,-1.0,-1,-,L0:all,25.0,1.0,0.05418135116815277,0.17732922940423285,4.500767130732783e-06,6.993611653645833e-05,4.032276294849537e-05,0.11161852020114925,0.0920413403523497,0.05390183927952578
periodic,grad/zero_fraction,-1,attn_out,-1,-1.0,-1.0,-1,-,L0:all,25.0,1.0,0.05924458759067085,0.21043135243160527,2.689245687795028e-06,4.57763671875e-05,4.583288122106483e-05,0.05867503015627672,0.1001379060429756,0.05060422842756478
periodic,grad/zero_fraction,-1,attn_q,-1,-1.0,-1.0,-1,-,L0:all,25.0,1.0,0.05415240773449726,0.1504476930657099,4.26156660123966e-06,6.852326569733796e-05,3.9277253327546295e-05,0.10849960830257185,0.07860868346789648,0.05322091558326704
periodic,grad/zero_fraction,-1,attn_v,-1,-1.0,-1.0,-1,-,L0:all,25.0,1.0,0.06587516876884078,0.20224053641122797,3.1865972917767853e-06,4.492865668402778e-05,5.6853117766203716e-05,0.05604964893712575,0.09939659094151608,0.059334383049952505
periodic,grad/zero_fraction,-1,backout_scalar,-1,-1.0,-1.0,-1,-,L0:all,25.0,1.0,,,0.0,0.0,0.0,,,
periodic,grad/zero_fraction,-1,mlp_in,-1,-1.0,-1.0,-1,-,L0:all,25.0,1.0,0.2228949958391128,0.5056028703269724,2.2324015689635062e-05,0.00010405646430121528,9.701340286820023e-05,0.23011269607730248,0.04370844571736937,0.24991203283745309
periodic,grad/zero_fraction,-1,mlp_out,-1,-1.0,-1.0,-1,-,L0:all,25.0,1.0,0.25269875497982275,0.5082874547097218,2.294702308022291e-05,9.243576614945023e-05,0.00012351142035590279,0.18578867455414408,0.11428681865158417,0.2561654695747114
periodic,grad/zero_fraction,-1,resid_scalar,-1,-1.0,-1.0,-1,-,L0:all,25.0,1.0,,,0.0,0.0,0.0,,,
periodic,grad/zero_fraction,-1,smear_gate,-1,-1.0,-1.0,-1,-,L0:all,25.0,1.0,0.0,0.0,0.0,0.0,0.0,,0.0,
periodic,grad/zero_fraction,-1,smear_scalar,-1,-1.0,-1.0,-1,-,L0:all,25.0,1.0,,,0.0,0.0,0.0,,,
periodic,grad/zero_fraction,-1,token_embedding,-1,-1.0,-1.0,-1,-,L0:all,25.0,1.0,1.6788374597828172e-05,3.3540218844757326e-05,3.6244547172109266e-06,0.21660002072652182,0.006875149408976239,0.0005271819565810185,2.1622985579972602e-05,1.6711926170674472e-05
periodic,grad/zero_fraction,-1,unembedding,-1,-1.0,-1.0,-1,-,L0:all,25.0,1.0,0.03628025668954552,0.08062706975489167,1.2888332001548486e-06,3.3577283223470054e-05,6.4770380655924524e-06,0.19898496613775257,0.02844055842063063,0.03628025668954552
periodic,grad/zero_fraction,-1,value_embedding,-1,-1.0,-1.0,-1,-,L0:all,25.0,1.0,8.16193429991139e-06,3.473725667531139e-05,1.7501242289045022e-06,0.21654118431939018,0.007288353972964845,0.00024012612935600403,1.3954278859446213e-05,7.789801660888223e-06
periodic,grad/zero_fraction,-1,ve_gate,-1,-1.0,-1.0,-1,-,L0:all,25.0,1.0,0.0,0.0,0.0,0.0,0.0,,0.0,
periodic,grad/zero_fraction,-1,x0_scalar,-1,-1.0,-1.0,-1,-,L0:all,25.0,1.0,,,0.0,0.0,0.0,,,
periodic,muon/cautious_mask_fraction,-1,attn_k,transformer.h.0.attn.c_k.weight,0.0,-1.0,g7-muon-768x768,-,L0:all,25.0,1.0,0.002103832830739516,0.014234323419007287,0.0009727612553676783,0.4787122905254364,0.062391144037246715,0.01559133544316726,0.007136584320504722,0.002033593872129546
periodic,muon/cautious_mask_fraction,-1,attn_k,transformer.h.1.attn.c_k.weight,1.0,-1.0,g7-muon-768x768,-,L0:all,25.0,1.0,0.0018839425528985052,0.010484106177802016,0.0008929771841595326,0.4767829179763794,0.06514587998390198,0.013707347024557712,0.0028087566066050938,0.0018839425528985052
periodic,muon/cautious_mask_fraction,-1,attn_k,transformer.h.10.attn.c_k.weight,10.0,-1.0,g7-muon-768x768,-,L0:all,25.0,1.0,0.005142198195193052,0.019950050900270903,0.0023970726382112595,0.4754977822303772,0.06663717031478883,0.03597200521702339,0.006218399121966196,0.005142198195193052
periodic,muon/cautious_mask_fraction,-1,attn_k,transformer.h.11.attn.c_k.weight,11.0,-1.0,g7-muon-768x768,-,L0:all,25.0,1.0,0.0016157109048862256,0.013060200715581994,0.0007766359724400007,0.4789988100528717,0.0648932635784149,0.01196789820104423,0.0038177387912921214,0.0016149478822302858
periodic,muon/cautious_mask_fraction,-1,attn_k,transformer.h.2.attn.c_k.weight,2.0,-1.0,g7-muon-768x768,-,L0:all,25.0,1.0,0.0022018587607734804,0.006241051494191708,0.0009678974562926,0.4797753393650055,0.06401604413986206,0.01511960742494398,0.004893605664758851,0.0019234005274676713
periodic,muon/cautious_mask_fraction,-1,attn_k,transformer.h.3.attn.c_k.weight,3.0,-1.0,g7-muon-768x768,-,L0:all,25.0,1.0,0.002486210819330486,0.007143452668910712,0.0011820528040153808,0.4794837236404419,0.06527066826820377,0.018110015346529108,0.004476229509324651,0.0024159847569364575
periodic,muon/cautious_mask_fraction,-1,attn_k,transformer.h.4.attn.c_k.weight,4.0,-1.0,g7-muon-768x768,-,L0:all,25.0,1.0,0.0021662004347011393,0.005469700972214714,0.0009541951547256931,0.4787326455116272,0.06556361317634579,0.014553730468746497,0.0045951905806746254,0.002047611041623041
periodic,muon/cautious_mask_fraction,-1,attn_k,transformer.h.5.attn.c_k.weight,5.0,-1.0,g7-muon-768x768,-,L0:all,25.0,1.0,0.002028279829312717,0.008371902634684156,0.0008715918328505724,0.478112131357193,0.06581082344055178,0.013243897998600465,0.0036162523678351004,0.001984811350904361
periodic,muon/cautious_mask_fraction,-1,attn_k,transformer.h.6.attn.c_k.weight,6.0,-1.0,g7-muon-768x768,-,L0:all,25.0,1.0,0.004269167295006176,0.010849884496681006,0.0018442588172256525,0.4799279272556305,0.06449517011642458,0.028595301227928485,0.00500583573454734,0.004269167295006176
periodic,muon/cautious_mask_fraction,-1,attn_k,transformer.h.7.attn.c_k.weight,7.0,-1.0,g7-muon-768x768,-,L0:all,25.0,1.0,0.002455185432354221,0.008661221745014937,0.0012009438997101917,0.4804568886756897,0.06349961161613465,0.018912618032533652,0.005004904384982762,0.0024085601512881484
periodic,muon/cautious_mask_fraction,-1,attn_k,transformer.h.8.attn.c_k.weight,8.0,-1.0,g7-muon-768x768,-,L0:all,25.0,1.0,0.00287270121889712,0.015398052853794785,0.0013804040897608027,0.4766336977481842,0.06683925986289979,0.020652593888566058,0.006066388570980227,0.002770069473942108
periodic,muon/cautious_mask_fraction,-1,attn_k,transformer.h.9.attn.c_k.weight,9.0,-1.0,g7-muon-768x768,-,L0:all,25.0,1.0,0.0018241686676897571,0.010583476728442424,0.0007296564983922386,0.4772898256778717,0.0657263994216919,0.011101422028473808,0.0035804474414308485,0.001628568213615656
periodic,muon/cautious_mask_fraction,-1,attn_out,transformer.h.0.attn.c_proj.weight,0.0,-1.0,g7-muon-768x768,-,L0:all,25.0,1.0,0.002336666084003213,0.04150297258395318,0.0011345640765748955,0.4741584062576294,0.0692220091819763,0.016390221693685078,0.005052541355160447,0.002277097276488098
periodic,muon/cautious_mask_fraction,-1,attn_out,transformer.h.1.attn.c_proj.weight,1.0,-1.0,g7-muon-768x768,-,L0:all,25.0,1.0,0.0026286615415135215,0.04984666643590202,0.0012247327799571384,0.4730716347694397,0.07490301132202148,0.01635091511463795,0.008352846596968694,0.002544948384895214
periodic,muon/cautious_mask_fraction,-1,attn_out,transformer.h.10.attn.c_proj.weight,10.0,-1.0,g7-muon-768x768,-,L0:all,25.0,1.0,0.0027667742780971244,0.06307285220705684,0.001351630084960513,0.4784274697303772,0.062205660343170155,0.021728409882701527,0.010256280368755146,0.002423396001921323
periodic,muon/cautious_mask_fraction,-1,attn_out,transformer.h.11.attn.c_proj.weight,11.0,-1.0,g7-muon-768x768,-,L0:all,25.0,1.0,0.006035617026667518,0.0482533308821432,0.0029442031380871626,0.4750535786151886,0.0758338153362274,0.03882440999484639,0.015268790920689109,0.005930816140764191
periodic,muon/cautious_mask_fraction,-1,attn_out,transformer.h.2.attn.c_proj.weight,2.0,-1.0,g7-muon-768x768,-,L0:all,25.0,1.0,0.002240853825792623,0.04905709397023375,0.0009802671640257857,0.4739769995212555,0.07446832060813902,0.01316354600211902,0.007076770195475946,0.0018277858778588845
periodic,muon/cautious_mask_fraction,-1,attn_out,transformer.h.3.attn.c_proj.weight,3.0,-1.0,g7-muon-768x768,-,L0:all,25.0,1.0,0.0030851985023370786,0.044725989495708655,0.0014717748250985035,0.4718390703201294,0.07722337841987609,0.019058669216674567,0.00975762833728308,0.0030439676485017816
periodic,muon/cautious_mask_fraction,-1,attn_out,transformer.h.4.attn.c_proj.weight,4.0,-1.0,g7-muon-768x768,-,L0:all,25.0,1.0,0.0038234697127568864,0.049044908179778704,0.0017596644995928484,0.4719594419002533,0.07252638936042782,0.024262403176421803,0.007568092095022412,0.0035110424241670568
periodic,muon/cautious_mask_fraction,-1,attn_out,transformer.h.5.attn.c_proj.weight,5.0,-1.0,g7-muon-768x768,-,L0:all,25.0,1.0,0.004084788207738093,0.04953725784745262,0.0019470516706658802,0.4716457724571228,0.07385628223419194,0.026362708922877356,0.012083625528558992,0.0035341300012847673
periodic,muon/cautious_mask_fraction,-1,attn_out,transformer.h.6.attn.c_proj.weight,6.0,-1.0,g7-muon-768x768,-,L0:all,25.0,1.0,0.006445807157457815,0.051095511381729866,0.003068671656998579,0.4708065390586853,0.07461072802543639,0.04112909414249923,0.009686331701722825,0.004443644244770084
periodic,muon/cautious_mask_fraction,-1,attn_out,transformer.h.7.attn.c_proj.weight,7.0,-1.0,g7-muon-768x768,-,L0:all,25.0,1.0,0.0047868027058723065,0.05686570324411054,0.002329839582830427,0.4738956093788147,0.08174574375152588,0.028501050646896068,0.018970669433111122,0.004287790624758711
periodic,muon/cautious_mask_fraction,-1,attn_out,transformer.h.8.attn.c_proj.weight,8.0,-1.0,g7-muon-768x768,-,L0:all,25.0,1.0,0.003845991290944609,0.05640154959676872,0.0017562666902578203,0.4741431474685669,0.06550327539443973,0.02681189115631463,0.007841834239273702,0.0036584433592415024
periodic,muon/cautious_mask_fraction,-1,attn_out,transformer.h.9.attn.c_proj.weight,9.0,-1.0,g7-muon-768x768,-,L0:all,25.0,1.0,0.004689562234806125,0.047308599087341675,0.002192627136560807,0.47607421875,0.07654588818550107,0.02864461029241964,0.015795113524712714,0.004590975889324667
periodic,muon/cautious_mask_fraction,-1,attn_q,transformer.h.0.attn.c_q.weight,0.0,-1.0,g7-muon-768x768,-,L0:all,25.0,1.0,0.0025163092056460167,0.009286039395651834,0.0012430266452573265,0.4766252338886261,0.06716613769531254,0.018506745927480597,0.0059693338106367715,0.002205680273337979
periodic,muon/cautious_mask_fraction,-1,attn_q,transformer.h.1.attn.c_q.weight,1.0,-1.0,g7-muon-768x768,-,L0:all,25.0,1.0,0.0023140415720092223,0.0092509504082959,0.0011360022317881552,0.4762403666973114,0.06760557889938357,0.016803379991447914,0.005684920503432004,0.0022819785550729868
periodic,muon/cautious_mask_fraction,-1,attn_q,transformer.h.10.attn.c_q.weight,10.0,-1.0,g7-muon-768x768,-,L0:all,25.0,1.0,0.004462916329212227,0.027866969290133728,0.002184212830190535,0.4757571816444397,0.06632012128829956,0.03293439136963523,0.01674092457931691,0.004425734605480464
periodic,muon/cautious_mask_fraction,-1,attn_q,transformer.h.11.attn.c_q.weight,11.0,-1.0,g7-muon-768x768,-,L0:all,25.0,1.0,0.0027022323589848104,0.03653356748421592,0.0013052148995169141,0.4794870913028717,0.06507094502449035,0.02005833631316832,0.01373365614445185,0.00246986140668816
periodic,muon/cautious_mask_fraction,-1,attn_q,transformer.h.2.attn.c_q.weight,2.0,-1.0,g7-muon-768x768,-,L0:all,25.0,1.0,0.002847003814623254,0.006601377012932554,0.0014119994947798572,0.4800126850605011,0.06658122539520261,0.021207171937715586,0.005116239823010099,0.002765822937419405
periodic,muon/cautious_mask_fraction,-1,attn_q,transformer.h.3.attn.c_q.weight,3.0,-1.0,g7-muon-768x768,-,L0:all,25.0,1.0,0.0024608619387613264,0.016765267402483977,0.0012011305615908963,0.4793904721736908,0.06529710888862611,0.018394850584267097,0.009268364119351374,0.0024225367070403337
periodic,muon/cautious_mask_fraction,-1,attn_q,transformer.h.4.attn.c_q.weight,4.0,-1.0,g7-muon-768x768,-,L0:all,25.0,1.0,0.002942671286231471,0.010758778372701887,0.0014058157849572972,0.4781171977519989,0.06859300732612611,0.020495030612571522,0.003672148587990689,0.002942671286231471
periodic,muon/cautious_mask_fraction,-1,attn_q,transformer.h.5.attn.c_q.weight,5.0,-1.0,g7-muon-768x768,-,L0:all,25.0,1.0,0.0036708492380366155,0.011488715606603205,0.00170117461465356,0.4774203896522522,0.06605190634727476,0.025755117584486627,0.0060697700774830846,0.003244137246549648
periodic,muon/cautious_mask_fraction,-1,attn_q,transformer.h.6.attn.c_q.weight,6.0,-1.0,g7-muon-768x768,-,L0:all,25.0,1.0,0.004953032579367406,0.009649268255002551,0.002127021708346953,0.4778459370136261,0.0668311297893524,0.03182681057541888,0.007494191342911587,0.004373909338709009
periodic,muon/cautious_mask_fraction,-1,attn_q,transformer.h.7.attn.c_q.weight,7.0,-1.0,g7-muon-768x768,-,L0:all,25.0,1.0,0.002199422389676641,0.03900357349713261,0.0010961463070141143,0.4802280068397522,0.0609225690364838,0.017992450488384385,0.0047725025375064505,0.0021522256596060033
periodic,muon/cautious_mask_fraction,-1,attn_q,transformer.h.8.attn.c_q.weight,8.0,-1.0,g7-muon-768x768,-,L0:all,25.0,1.0,0.0028517698213057253,0.0273380562665929,0.0012973813177309978,0.4761945903301239,0.06660901308059691,0.01947756403718467,0.010612813984196605,0.002519551743711114
periodic,muon/cautious_mask_fraction,-1,attn_q,transformer.h.9.attn.c_q.weight,9.0,-1.0,g7-muon-768x768,-,L0:all,25.0,1.0,0.0021623730116340084,0.02755665365241328,0.0010403144701239297,0.477806955575943,0.06603697538375858,0.01575351481618265,0.008143246741961811,0.002156817872139483
periodic,muon/cautious_mask_fraction,-1,attn_v,transformer.h.0.attn.c_v.weight,0.0,-1.0,g7-muon-768x768,-,L0:all,25.0,1.0,0.002237099044560787,0.03639050252077909,0.0009863392309652995,0.479912668466568,0.06292757391929626,0.015674197645538755,0.0032397802812570067,0.0018882932998455719
periodic,muon/cautious_mask_fraction,-1,attn_v,transformer.h.1.attn.c_v.weight,1.0,-1.0,g7-muon-768x768,-,L0:all,25.0,1.0,0.0022098284955914585,0.030871976942361483,0.0009681974740321273,0.473419189453125,0.06870048642158505,0.014093022108907933,0.0019516911002783405,0.0022098284955914585
periodic,muon/cautious_mask_fraction,-1,attn_v,transformer.h.10.attn.c_v.weight,10.0,-1.0,g7-muon-768x768,-,L0:all,25.0,1.0,0.002479170185500543,0.06244226309864471,0.0010790800746919768,0.4740261435508728,0.07018601894378662,0.01537457304076804,0.009941952191581093,0.002175693278954147
periodic,muon/cautious_mask_fraction,-1,attn_v,transformer.h.11.attn.c_v.weight,11.0,-1.0,g7-muon-768x768,-,L0:all,25.0,1.0,0.0020392527931741285,0.04809370127337606,0.0009126584885584189,0.4767066240310669,0.06587591767311096,0.013854205311980726,0.009977489320519884,0.0019657765517662852
periodic,muon/cautious_mask_fraction,-1,attn_v,transformer.h.2.attn.c_v.weight,2.0,-1.0,g7-muon-768x768,-,L0:all,25.0,1.0,0.0022785718008612537,0.049268559315736066,0.0010255400145342847,0.4742889404296875,0.07042338848114016,0.014562491760942901,0.005262908506616737,0.0022393489999634163
periodic,muon/cautious_mask_fraction,-1,attn_v,transformer.h.3.attn.c_v.weight,3.0,-1.0,g7-muon-768x768,-,L0:all,25.0,1.0,0.002457685490819139,0.03826364002357101,0.001165278034305162,0.4712507426738739,0.06809861660003663,0.017111625646511815,0.007982097654686314,0.0024078863815429935
periodic,muon/cautious_mask_fraction,-1,attn_v,transformer.h.4.attn.c_v.weight,4.0,-1.0,g7-muon-768x768,-,L0:all,25.0,1.0,0.003997817744844942,0.051017081617242666,0.0017354372397869087,0.4720408022403717,0.07299228310585021,0.023775626216133747,0.0074034934134427875,0.0035811574124335445
periodic,muon/cautious_mask_fraction,-1,attn_v,transformer.h.5.attn.c_v.weight,5.0,-1.0,g7-muon-768x768,-,L0:all,25.0,1.0,0.00469659276590022,0.04562790065481946,0.0022182229728302033,0.4690568745136261,0.0707489132881165,0.031353456466486705,0.008421348666113252,0.004542425746330838
periodic,muon/cautious_mask_fraction,-1,attn_v,transformer.h.6.attn.c_v.weight,6.0,-1.0,g7-muon-768x768,-,L0:all,25.0,1.0,0.0068577933180263,0.05388721061465865,0.003258319166129016,0.4707963764667511,0.07589008808135989,0.04293471319516526,0.010652608999557892,0.005593335474185469
periodic,muon/cautious_mask_fraction,-1,attn_v,transformer.h.7.attn.c_v.weight,7.0,-1.0,g7-muon-768x768,-,L0:all,25.0,1.0,0.0034112877101048758,0.04886300170909009,0.0014753478933474547,0.4734090268611908,0.0657260477542877,0.022446928482037155,0.0073495362073303545,0.003104616320460034
periodic,muon/cautious_mask_fraction,-1,attn_v,transformer.h.8.attn.c_v.weight,8.0,-1.0,g7-muon-768x768,-,L0:all,25.0,1.0,0.0035461640445901095,0.05741485506889636,0.0016222254001847839,0.4718373715877533,0.07289395332336424,0.022254594876867824,0.008666517271319769,0.003397487019893583
periodic,muon/cautious_mask_fraction,-1,attn_v,transformer.h.9.attn.c_v.weight,9.0,-1.0,g7-muon-768x768,-,L0:all,25.0,1.0,0.002844407504269563,0.05060394402873359,0.0013589986404950645,0.4771152138710022,0.06369153261184696,0.02133719483211625,0.008466907529636664,0.0028092341785589236
periodic,muon/cautious_mask_fraction,-1,mlp_in,transformer.h.0.mlp.c_fc.weight,0.0,-1.0,g9-muon-3072x768,-,L0:all,25.0,1.0,0.0020639044645267444,0.03349404421517984,0.0009173903640361595,0.45672735571861267,0.08949846029281616,0.010250348006375662,0.008282488083440339,0.0018517924517948564
periodic,muon/cautious_mask_fraction,-1,mlp_in,transformer.h.1.mlp.c_fc.weight,1.0,-1.0,g9-muon-3072x768,-,L0:all,25.0,1.0,0.0022085476669335274,0.02830786873194377,0.0010651419612559654,0.45423296093940735,0.09132825732231137,0.011662786441844791,0.005124739791960031,0.002131559952230511
periodic,muon/cautious_mask_fraction,-1,mlp_in,transformer.h.10.mlp.c_fc.weight,10.0,-1.0,g9-muon-3072x768,-,L0:all,25.0,1.0,0.0069289511216077135,0.05980278245587495,0.0027787475045158035,0.45522013306617737,0.09217461943626404,0.030146557930051703,0.022815296810231,0.0056444258734005895
periodic,muon/cautious_mask_fraction,-1,mlp_in,transformer.h.11.mlp.c_fc.weight,11.0,-1.0,g9-muon-3072x768,-,L0:all,25.0,1.0,0.013021224840796366,0.0627968883460977,0.005355971467082906,0.45712578296661377,0.09369617700576782,0.05716318037984836,0.02666311935174629,0.01170459422047195
periodic,muon/cautious_mask_fraction,-1,mlp_in,transformer.h.2.mlp.c_fc.weight,2.0,-1.0,g9-muon-3072x768,-,L0:all,25.0,1.0,0.002780728494303101,0.027339847391586097,0.0013093030855584383,0.4537281394004822,0.0898541808128357,0.014571420870061552,0.003842769825175349,0.002780728494303101
periodic,muon/cautious_mask_fraction,-1,mlp_in,transformer.h.3.mlp.c_fc.weight,3.0,-1.0,g9-muon-3072x768,-,L0:all,25.0,1.0,0.00285877628313686,0.027152533880066238,0.0011958172866113794,0.456311970949173,0.08981160521507259,0.013314730137021223,0.0046934594400980315,0.00285877628313686
periodic,muon/cautious_mask_fraction,-1,mlp_in,transformer.h.4.mlp.c_fc.weight,4.0,-1.0,g9-muon-3072x768,-,L0:all,25.0,1.0,0.002551475387654204,0.026535450108778093,0.0011814135450779074,0.45482125878334045,0.08958824276924138,0.013187149435679365,0.005321341189000519,0.002305652196406732
periodic,muon/cautious_mask_fraction,-1,mlp_in,transformer.h.5.mlp.c_fc.weight,5.0,-1.0,g9-muon-3072x768,-,L0:all,25.0,1.0,0.0033837641961371196,0.027478243283494172,0.001318170050845076,0.45447540283203125,0.0917803466320038,0.014362225674853032,0.00833897053107776,0.002858263259078887
periodic,muon/cautious_mask_fraction,-1,mlp_in,transformer.h.6.mlp.c_fc.weight,6.0,-1.0,g9-muon-3072x768,-,L0:all,25.0,1.0,0.004260247759445698,0.028546906892212485,0.001753868049651021,0.454358845949173,0.09250844120979312,0.01895900554278665,0.009351983515254635,0.004188773566892924
periodic,muon/cautious_mask_fraction,-1,mlp_in,transformer.h.7.mlp.c_fc.weight,7.0,-1.0,g9-muon-3072x768,-,L0:all,25.0,1.0,0.005742535099072219,0.05061734132609075,0.002520461942059612,0.45533624291419983,0.08927400708198546,0.02823287566497297,0.015390924791290759,0.005363293663194794
periodic,muon/cautious_mask_fraction,-1,mlp_in,transformer.h.8.mlp.c_fc.weight,8.0,-1.0,g9-muon-3072x768,-,L0:all,25.0,1.0,0.00398741026213729,0.05127422606868451,0.0017799669352452975,0.4543240964412689,0.0908779501914978,0.019586345549107955,0.01831872212426641,0.003625383490157606
periodic,muon/cautious_mask_fraction,-1,mlp_in,transformer.h.9.mlp.c_fc.weight,9.0,-1.0,g9-muon-3072x768,-,L0:all,25.0,1.0,0.005888984059301192,0.05400359117538946,0.0023539776050848097,0.4547733664512634,0.09262009859085085,0.02541540811226624,0.01926149749654041,0.0053278010479279525
periodic,muon/cautious_mask_fraction,-1,mlp_out,transformer.h.0.mlp.c_proj.weight,0.0,-1.0,g8-muon-768x3072,-,L0:all,25.0,1.0,0.0010344499562939336,0.021696376076383445,0.0004725606776030105,0.4693569540977478,0.07473008632659911,0.006323566595892038,0.00274155145460193,0.0009747913571951285
periodic,muon/cautious_mask_fraction,-1,mlp_out,transformer.h.1.mlp.c_proj.weight,1.0,-1.0,g8-muon-768x3072,-,L0:all,25.0,1.0,0.002261780782314074,0.018635193478584437,0.001002153424723649,0.46986982226371765,0.0772247314453125,0.012977104691303904,0.0034668996687630734,0.0021133195647833848
periodic,muon/cautious_mask_fraction,-1,mlp_out,transformer.h.10.mlp.c_proj.weight,10.0,-1.0,g8-muon-768x3072,-,L0:all,25.0,1.0,0.002248231742235907,0.018180298024565344,0.0010614763474962533,0.46721479296684265,0.07742792963981626,0.013709217751709114,0.00940978479993892,0.0021617260761259433
periodic,muon/cautious_mask_fraction,-1,mlp_out,transformer.h.11.mlp.c_proj.weight,11.0,-1.0,g8-muon-768x3072,-,L0:all,25.0,1.0,0.002314799266566272,0.019978979845263565,0.0010074599134778576,0.4691060483455658,0.0778623938560486,0.012938979442893085,0.010130557805741885,0.0019103579956905499
periodic,muon/cautious_mask_fraction,-1,mlp_out,transformer.h.2.mlp.c_proj.weight,2.0,-1.0,g8-muon-768x3072,-,L0:all,25.0,1.0,0.0014946777132388781,0.01636050967005586,0.0007294061778538427,0.46843209862709045,0.07561373114585879,0.009646477786512335,0.0036741987980596002,0.0014905115941494923
periodic,muon/cautious_mask_fraction,-1,mlp_out,transformer.h.3.mlp.c_proj.weight,3.0,-1.0,g8-muon-768x3072,-,L0:all,25.0,1.0,0.0023879325221228924,0.016255657812934695,0.0010493889827992541,0.4685838520526886,0.07698509097099304,0.013631067646521973,0.004174536523851961,0.0022394902816268167
periodic,muon/cautious_mask_fraction,-1,mlp_out,transformer.h.4.mlp.c_proj.weight,4.0,-1.0,g8-muon-768x3072,-,L0:all,25.0,1.0,0.001728841971688418,0.014283483508273504,0.0007993040850354871,0.4682833254337311,0.07607464790344237,0.010506839099012363,0.004595109404841801,0.0016680283523082236
periodic,muon/cautious_mask_fraction,-1,mlp_out,transformer.h.5.mlp.c_proj.weight,5.0,-1.0,g8-muon-768x3072,-,L0:all,25.0,1.0,0.00301623975808492,0.0166499517036508,0.0014335597260302234,0.4690301716327667,0.0787269711494446,0.01820925795949838,0.006346135495934371,0.002263052920084564
periodic,muon/cautious_mask_fraction,-1,mlp_out,transformer.h.6.mlp.c_proj.weight,6.0,-1.0,g8-muon-768x3072,-,L0:all,25.0,1.0,0.0038200679243245743,0.015851605604569833,0.0017703445040680864,0.4682765603065491,0.07761603593826294,0.022809004385076395,0.006396554116088285,0.003197802611673602
periodic,muon/cautious_mask_fraction,-1,mlp_out,transformer.h.7.mlp.c_proj.weight,7.0,-1.0,g8-muon-768x3072,-,L0:all,25.0,1.0,0.0028091118867134344,0.017452734645539626,0.0012260106244523876,0.4680938720703125,0.07726948261260985,0.01586668608354718,0.007473610902018116,0.0026833033832855944
periodic,muon/cautious_mask_fraction,-1,mlp_out,transformer.h.8.mlp.c_proj.weight,8.0,-1.0,g8-muon-768x3072,-,L0:all,25.0,1.0,0.0026892476336125054,0.016078963814753638,0.0011556352329533455,0.4665391743183136,0.07681987285614011,0.015043441104328476,0.00802301571564924,0.002607564086407744
periodic,muon/cautious_mask_fraction,-1,mlp_out,transformer.h.9.mlp.c_proj.weight,9.0,-1.0,g8-muon-768x3072,-,L0:all,25.0,1.0,0.0024324664653843425,0.018628647150302376,0.0010428672423185654,0.4670940041542053,0.07784687876701357,0.013396391208435507,0.008490095475687635,0.0018515854031002877
periodic,muon/cautious_mask_fraction,-1,ve_gate,transformer.h.1.attn.ve_gate.weight,1.0,-1.0,g6-muon-6x12,-,L0:all,25.0,1.0,0.1212183358984314,0.28410973516582755,0.05607398060448895,0.4861111044883728,0.12222225069999698,0.45878700713936643,0.18168835898511523,0.10713740766895412
periodic,muon/cautious_mask_fraction,-1,ve_gate,transformer.h.11.attn.ve_gate.weight,11.0,-1.0,g6-muon-6x12,-,L0:all,25.0,1.0,0.11122161135856605,0.3027084189699978,0.05432668747193405,0.4583333432674408,0.14166667461395271,0.38348247828909954,0.2184547825318542,0.10537073608503161
periodic,muon/cautious_mask_fraction,-1,ve_gate,transformer.h.3.attn.ve_gate.weight,3.0,-1.0,g6-muon-6x12,-,L0:all,25.0,1.0,0.10915157895618151,0.27962348883058924,0.04969039987021932,0.4861111044883728,0.11388891339302065,0.43630585620517875,0.09705162677306325,0.10915157895618151
periodic,muon/cautious_mask_fraction,-1,ve_gate,transformer.h.5.attn.ve_gate.weight,5.0,-1.0,g6-muon-6x12,-,L0:all,25.0,1.0,0.11216217675256428,0.30253748710058037,0.05252129624951864,0.4861111044883728,0.10833335518836978,0.4848118675748086,0.10475526874446461,0.11216217675256428
periodic,muon/cautious_mask_fraction,-1,ve_gate,transformer.h.7.attn.ve_gate.weight,7.0,-1.0,g6-muon-6x12,-,L0:all,25.0,1.0,0.10938833239096903,0.2644679597729847,0.0514076461349759,0.472222238779068,0.10000001788139351,0.5140763694257404,0.12500667698104823,0.10938833239096903
periodic,muon/cautious_mask_fraction,-1,ve_gate,transformer.h.9.attn.ve_gate.weight,9.0,-1.0,g6-muon-6x12,-,L0:all,25.0,1.0,0.1296957617509422,0.23609151590822985,0.0648478808754711,0.472222238779068,0.11388891339302071,0.569395904689043,0.1936200555219939,0.1287300444047302
periodic,muon/cos_data_decay,-1,attn_k,transformer.h.0.attn.c_k.weight,0.0,-1.0,g7-muon-768x768,-,L0:all,24.0,1.0,0.005227504589724638,0.017855104119748857,0.0018615310773254707,0.40647399524206895,0.08423165419231449,0.02210013676183177,0.011578645719130327,0.004801386926473148
periodic,muon/cos_data_decay,-1,attn_k,transformer.h.1.attn.c_k.weight,1.0,-1.0,g7-muon-768x768,-,L0:all,24.0,1.0,0.0027495580367093513,0.011475892992486272,0.0011637053262559716,0.40689809815877187,0.08711181133094331,0.013358754782804148,0.00586305050426115,0.002714968537503017
periodic,muon/cos_data_decay,-1,attn_k,transformer.h.10.attn.c_k.weight,10.0,-1.0,g7-muon-768x768,-,L0:all,24.0,1.0,0.008348047110955681,0.026265863089037857,0.0033140759703758965,0.40335409225124264,0.09040053817767846,0.036659914168455716,0.014374500494675178,0.008306525034690947
periodic,muon/cos_data_decay,-1,attn_k,transformer.h.11.attn.c_k.weight,11.0,-1.0,g7-muon-768x768,-,L0:all,24.0,1.0,0.0035309125094365344,0.018955693061934942,0.0014180698687726741,0.4047091203645196,0.08378558387365431,0.016924986414262783,0.007850469162743387,0.0034978627460501275
periodic,muon/cos_data_decay,-1,attn_k,transformer.h.2.attn.c_k.weight,2.0,-1.0,g7-muon-768x768,-,L0:all,24.0,1.0,0.006667519138425968,0.00929140466842813,0.00285766074769852,0.4058652192254584,0.08417717842700784,0.03394816506205978,0.00929130059776723,0.006339977890151804
periodic,muon/cos_data_decay,-1,attn_k,transformer.h.3.attn.c_k.weight,3.0,-1.0,g7-muon-768x768,-,L0:all,24.0,1.0,0.0074579116156437645,0.009443697435724804,0.003090289572692368,0.40031930718530884,0.07982858447620755,0.03871156670219313,0.006744284525420638,0.007510454697686451
periodic,muon/cos_data_decay,-1,attn_k,transformer.h.4.attn.c_k.weight,4.0,-1.0,g7-muon-768x768,-,L0:all,24.0,1.0,0.004482827542863419,0.008721437477227081,0.001734801183234648,0.40774123888020564,0.08732530385136167,0.019865962175035674,0.007088859429029499,0.0041302096801200585
periodic,muon/cos_data_decay,-1,attn_k,transformer.h.5.attn.c_k.weight,5.0,-1.0,g7-muon-768x768,-,L0:all,24.0,1.0,0.003613414610154699,0.011088792644917219,0.0014258751012368226,0.406283840515955,0.08672560932442508,0.016441223213582476,0.007236695987994563,0.003500931676517673
periodic,muon/cos_data_decay,-1,attn_k,transformer.h.6.attn.c_k.weight,6.0,-1.0,g7-muon-768x768,-,L0:all,24.0,1.0,0.005862194839169039,0.014078317504757017,0.002308112474469295,0.40789631878650784,0.08535508004022557,0.02704130174069948,0.009071849364316428,0.0052868694532862675
periodic,muon/cos_data_decay,-1,attn_k,transformer.h.7.attn.c_k.weight,7.0,-1.0,g7-muon-768x768,-,L0:all,24.0,1.0,0.0047578549851471485,0.010303950204741268,0.0017976398068306548,0.3948532575335921,0.07149036807964149,0.025145202845060936,0.009099350612275278,0.00462524018259703
periodic,muon/cos_data_decay,-1,attn_k,transformer.h.8.attn.c_k.weight,8.0,-1.0,g7-muon-768x768,-,L0:all,24.0,1.0,0.004265691614036466,0.02042069385979854,0.0017360073087200059,0.40668415639207445,0.08983199959821037,0.01932504359787835,0.01059934440514331,0.0034332780689619578
periodic,muon/cos_data_decay,-1,attn_k,transformer.h.9.attn.c_k.weight,9.0,-1.0,g7-muon-768x768,-,L0:all,24.0,1.0,0.0030923559155439147,0.015170417540709923,0.001118783098612749,0.40457403857003454,0.08469253643497915,0.013209937329857518,0.009190144139079632,0.002681703551675608
periodic,muon/cos_data_decay,-1,attn_out,transformer.h.0.attn.c_proj.weight,0.0,-1.0,g7-muon-768x768,-,L0:all,24.0,1.0,0.003256681455430046,0.0674404364562394,0.0012616215128248643,0.4023456119927756,0.08961775792799537,0.014077807144411397,0.007787592531934868,0.003085402204478063
periodic,muon/cos_data_decay,-1,attn_out,transformer.h.1.attn.c_proj.weight,1.0,-1.0,g7-muon-768x768,-,L0:all,24.0,1.0,0.00390681156245822,0.07916535046746626,0.0015654378573372626,0.40054126004276824,0.09675582754640522,0.01617926172546517,0.017930412551373544,0.0036928030667466266
periodic,muon/cos_data_decay,-1,attn_out,transformer.h.10.attn.c_proj.weight,10.0,-1.0,g7-muon-768x768,-,L0:all,24.0,1.0,0.004596660045391318,0.0978109828075715,0.0018326022863654535,0.40652845582371766,0.08362906507442125,0.021913461363398314,0.023490385675981898,0.004265081553014546
periodic,muon/cos_data_decay,-1,attn_out,transformer.h.11.attn.c_proj.weight,11.0,-1.0,g7-muon-768x768,-,L0:all,24.0,1.0,0.011426821423770946,0.0747230195931771,0.004477943239013221,0.39979758334634563,0.0980054650754037,0.04569075036344116,0.04170839435954469,0.010761211683752103
periodic,muon/cos_data_decay,-1,attn_out,transformer.h.2.attn.c_proj.weight,2.0,-1.0,g7-muon-768x768,-,L0:all,24.0,1.0,0.0037529745211805753,0.07835447701374852,0.0014952387067640814,0.4005556502230723,0.09739973752817166,0.01535156813263077,0.012593434275050932,0.002761028925581154
periodic,muon/cos_data_decay,-1,attn_out,transformer.h.3.attn.c_proj.weight,3.0,-1.0,g7-muon-768x768,-,L0:all,24.0,1.0,0.004294900240853422,0.06809363086417847,0.0018159659046619143,0.3989136425716955,0.10024816895231514,0.018114703975548038,0.01897530730188422,0.003861884737685793
periodic,muon/cos_data_decay,-1,attn_out,transformer.h.4.attn.c_proj.weight,4.0,-1.0,g7-muon-768x768,-,L0:all,24.0,1.0,0.004193576743830835,0.07625071120494116,0.001625335424694672,0.39849405930910836,0.09741323254775003,0.016684955238478148,0.013229919194852075,0.0037884959523320156
periodic,muon/cos_data_decay,-1,attn_out,transformer.h.5.attn.c_proj.weight,5.0,-1.0,g7-muon-768x768,-,L0:all,24.0,1.0,0.0075019561290163295,0.08233845287669914,0.0026957237565361338,0.4020193500385777,0.09594556559750045,0.02809638715190775,0.01785761323947441,0.006802498592571102
periodic,muon/cos_data_decay,-1,attn_out,transformer.h.6.attn.c_proj.weight,6.0,-1.0,g7-muon-768x768,-,L0:all,24.0,1.0,0.009905925123743088,0.07759521901117707,0.004104511192785573,0.39630243795976156,0.09871999881489807,0.04157730188471347,0.015568394933082458,0.007745332766873298
periodic,muon/cos_data_decay,-1,attn_out,transformer.h.7.attn.c_proj.weight,7.0,-1.0,g7-muon-768x768,-,L0:all,24.0,1.0,0.007594926105786605,0.08656583674087757,0.002753572266772096,0.39524102572703074,0.10621517245773365,0.025924472022750125,0.044797610525656034,0.005633512124288561
periodic,muon/cos_data_decay,-1,attn_out,transformer.h.8.attn.c_proj.weight,8.0,-1.0,g7-muon-768x768,-,L0:all,24.0,1.0,0.007037920351467178,0.08651082963892295,0.00262208970045636,0.3998492847793,0.08868116864401582,0.02956760426762033,0.018431812845038576,0.006638543294916411
periodic,muon/cos_data_decay,-1,attn_out,transformer.h.9.attn.c_proj.weight,9.0,-1.0,g7-muon-768x768,-,L0:all,24.0,1.0,0.007021260445800462,0.07480868479714985,0.0026936988569389005,0.40159051180971633,0.09872074988056129,0.027286045336952065,0.029919010338522324,0.006794837041455914
periodic,muon/cos_data_decay,-1,attn_q,transformer.h.0.attn.c_q.weight,0.0,-1.0,g7-muon-768x768,-,L0:all,24.0,1.0,0.0036903770518984056,0.014788784706300736,0.0014881469942985403,0.4060213114696565,0.08734583475688468,0.01703741224112857,0.013179286865109377,0.0034811538637632036
periodic,muon/cos_data_decay,-1,attn_q,transformer.h.1.attn.c_q.weight,1.0,-1.0,g7-muon-768x768,-,L0:all,24.0,1.0,0.003749318915452482,0.011287223051918703,0.001518313032314401,0.4054543661661916,0.08937037103965578,0.016988997747818334,0.010868565178946955,0.0036755064661645694
periodic,muon/cos_data_decay,-1,attn_q,transformer.h.10.attn.c_q.weight,10.0,-1.0,g7-muon-768x768,-,L0:all,24.0,1.0,0.00622905458611296,0.03658716116724053,0.0025738756919079374,0.40434046641429466,0.08979707803671433,0.02866324548840649,0.03130629807813644,0.006135283199316493
periodic,muon/cos_data_decay,-1,attn_q,transformer.h.11.attn.c_q.weight,11.0,-1.0,g7-muon-768x768,-,L0:all,24.0,1.0,0.003842953687603027,0.0506522380562572,0.0015658726737588396,0.40713599850891447,0.08389422251358347,0.018664845168632514,0.030627679179765565,0.0035424657608804882
periodic,muon/cos_data_decay,-1,attn_q,transformer.h.2.attn.c_q.weight,2.0,-1.0,g7-muon-768x768,-,L0:all,24.0,1.0,0.004998047585096687,0.012473739908012786,0.001934926997472542,0.4068274448597018,0.08732833067607532,0.02215692184303529,0.008599081714311075,0.00488403089581535
periodic,muon/cos_data_decay,-1,attn_q,transformer.h.3.attn.c_q.weight,3.0,-1.0,g7-muon-768x768,-,L0:all,24.0,1.0,0.005336622546447184,0.021523291538096193,0.002146168439860459,0.4058967412924186,0.08386195509907307,0.025591681440350546,0.015594347142931007,0.004989548485029909
periodic,muon/cos_data_decay,-1,attn_q,transformer.h.4.attn.c_q.weight,4.0,-1.0,g7-muon-768x768,-,L0:all,24.0,1.0,0.004683971309505482,0.012386096798027942,0.001854091168979919,0.4071459307270284,0.09026974478874839,0.02053945287337315,0.004946855848664222,0.004600456883098456
periodic,muon/cos_data_decay,-1,attn_q,transformer.h.5.attn.c_q.weight,5.0,-1.0,g7-muon-768x768,-,L0:all,24.0,1.0,0.005076561773168859,0.0139939205073831,0.0020196485366836,0.4057258465738185,0.08746710889035691,0.023090377197848167,0.012535545022534013,0.004364823421415703
periodic,muon/cos_data_decay,-1,attn_q,transformer.h.6.attn.c_q.weight,6.0,-1.0,g7-muon-768x768,-,L0:all,24.0,1.0,0.0085511141686597,0.015504108365921452,0.003099604188098775,0.40622462599738396,0.08816660745237714,0.03515621478089666,0.010427703716104365,0.008393435994108047
periodic,muon/cos_data_decay,-1,attn_q,transformer.h.7.attn.c_q.weight,7.0,-1.0,g7-muon-768x768,-,L0:all,24.0,1.0,0.003928718721333663,0.05410633899574807,0.0015830899871483776,0.40487522271318,0.07574501610162715,0.020900252830157756,0.007975298894463136,0.003789465843702939
periodic,muon/cos_data_decay,-1,attn_q,transformer.h.8.attn.c_q.weight,8.0,-1.0,g7-muon-768x768,-,L0:all,24.0,1.0,0.004325354396611878,0.03991573738247379,0.0016513601235904217,0.4069293746086571,0.09073802359349109,0.018199207544882856,0.015729089501898552,0.003891381478404638
periodic,muon/cos_data_decay,-1,attn_q,transformer.h.9.attn.c_q.weight,9.0,-1.0,g7-muon-768x768,-,L0:all,24.0,1.0,0.0029468276777569503,0.03802335874966351,0.0011816288352502482,0.4051970422905594,0.08777124495280297,0.013462596273821143,0.016745714529926337,0.002804046944982453
periodic,muon/cos_data_decay,-1,attn_v,transformer.h.0.attn.c_v.weight,0.0,-1.0,g7-muon-768x768,-,L0:all,24.0,1.0,0.0034986680711984065,0.06018933864392023,0.001452352855262806,0.4087871537984681,0.0823673676734823,0.01763262437887016,0.00445199407345383,0.003489873730401957
periodic,muon/cos_data_decay,-1,attn_v,transformer.h.1.attn.c_v.weight,1.0,-1.0,g7-muon-768x768,-,L0:all,24.0,1.0,0.004101861835386017,0.05169965139033996,0.0016282932142644808,0.4012465789183675,0.09278541496973158,0.017549021199028552,0.005756396582151192,0.0032724910740281024
periodic,muon/cos_data_decay,-1,attn_v,transformer.h.10.attn.c_v.weight,10.0,-1.0,g7-muon-768x768,-,L0:all,24.0,1.0,0.0038657308878201307,0.09934370576158587,0.0014285579791878042,0.4006729348920537,0.09511190298686806,0.015019760243731459,0.02306325685490826,0.00357107918211459
periodic,muon/cos_data_decay,-1,attn_v,transformer.h.11.attn.c_v.weight,11.0,-1.0,g7-muon-768x768,-,L0:all,24.0,1.0,0.003960437904275107,0.07638780693740753,0.0014718227025844913,0.4065372824468657,0.08940658793905026,0.016462128088232754,0.02039034849082313,0.003770840850574479
periodic,muon/cos_data_decay,-1,attn_v,transformer.h.2.attn.c_v.weight,2.0,-1.0,g7-muon-768x768,-,L0:all,24.0,1.0,0.003797879119356449,0.07826159055366076,0.0014043605861606676,0.4011909142470188,0.08739823301104654,0.016068523787925622,0.008612319085774978,0.0033731264124338945
periodic,muon/cos_data_decay,-1,attn_v,transformer.h.3.attn.c_v.weight,3.0,-1.0,g7-muon-768x768,-,L0:all,24.0,1.0,0.005554649707268766,0.0646437586161239,0.0019443613800078246,0.3968618891213649,0.09465836396071126,0.020540830188179125,0.012831603579165003,0.004453191312575952
periodic,muon/cos_data_decay,-1,attn_v,transformer.h.4.attn.c_v.weight,4.0,-1.0,g7-muon-768x768,-,L0:all,24.0,1.0,0.006505098543550466,0.08028202304283885,0.002448220750026238,0.39629041660855235,0.09176601426694464,0.02667894829674563,0.014609783490854419,0.006125184894328941
periodic,muon/cos_data_decay,-1,attn_v,transformer.h.5.attn.c_v.weight,5.0,-1.0,g7-muon-768x768,-,L0:all,24.0,1.0,0.007464150179759791,0.07275478282382845,0.0028256462883138114,0.39596781418119775,0.09652977247140704,0.029272277515735287,0.01283544536403528,0.006687439408853462
periodic,muon/cos_data_decay,-1,attn_v,transformer.h.6.attn.c_v.weight,6.0,-1.0,g7-muon-768x768,-,L0:all,24.0,1.0,0.010353996931628398,0.08404431730358007,0.004139996637078395,0.3951743979248853,0.0948482374745856,0.043648640684416505,0.0172953758216843,0.00792705883026574
periodic,muon/cos_data_decay,-1,attn_v,transformer.h.7.attn.c_v.weight,7.0,-1.0,g7-muon-768x768,-,L0:all,24.0,1.0,0.00550718165197253,0.07783060335731849,0.0019849429967694473,0.3985007970924971,0.08683141513538434,0.022859733354277337,0.014146290251235734,0.004762145665361173
periodic,muon/cos_data_decay,-1,attn_v,transformer.h.8.attn.c_v.weight,8.0,-1.0,g7-muon-768x768,-,L0:all,24.0,1.0,0.006387539700119713,0.08805613075028544,0.0024192706967777924,0.3986166335148795,0.09240999675558381,0.02617975091132778,0.01838597217895129,0.006381215130197198
periodic,muon/cos_data_decay,-1,attn_v,transformer.h.9.attn.c_v.weight,9.0,-1.0,g7-muon-768x768,-,L0:all,24.0,1.0,0.004871844652440616,0.0776291638044166,0.0020197355089241376,0.4088110224270334,0.0868399776830599,0.023258130216195723,0.01778339483420821,0.004718222641783655
periodic,muon/cos_data_decay,-1,mlp_in,transformer.h.0.mlp.c_fc.weight,0.0,-1.0,g9-muon-3072x768,-,L0:all,24.0,1.0,0.0029936572589421093,0.04794626228902353,0.001027467264497076,0.3679125408114263,0.12269702707601265,0.008374019232434577,0.011526091530588665,0.002751351740231804
periodic,muon/cos_data_decay,-1,mlp_in,transformer.h.1.mlp.c_fc.weight,1.0,-1.0,g9-muon-3072x768,-,L0:all,24.0,1.0,0.0032819797122626924,0.03694437049642424,0.0011375476261071926,0.3654772004289642,0.12475373858373406,0.009118344981250213,0.010261793551729952,0.0032212663311372504
periodic,muon/cos_data_decay,-1,mlp_in,transformer.h.10.mlp.c_fc.weight,10.0,-1.0,g9-muon-3072x768,-,L0:all,24.0,1.0,0.005263285916436132,0.0795667175202774,0.0017739767390410773,0.35943587940594834,0.12760494012833484,0.01390210079058815,0.04184752340635869,0.0040216767990530556
periodic,muon/cos_data_decay,-1,mlp_in,transformer.h.11.mlp.c_fc.weight,11.0,-1.0,g9-muon-3072x768,-,L0:all,24.0,1.0,0.00815003703508833,0.08526399435876379,0.00275795807251424,0.3554599097300908,0.12357413459425581,0.022318247111903628,0.04944540493166101,0.007611417924076144
periodic,muon/cos_data_decay,-1,mlp_in,transformer.h.2.mlp.c_fc.weight,2.0,-1.0,g9-muon-3072x768,-,L0:all,24.0,1.0,0.004240816322105646,0.03535564304844203,0.0013455527789752422,0.3640910736284957,0.12417652185140665,0.010835806631670447,0.006401729858181869,0.0034188036666042997
periodic,muon/cos_data_decay,-1,mlp_in,transformer.h.3.mlp.c_fc.weight,3.0,-1.0,g9-muon-3072x768,-,L0:all,24.0,1.0,0.0033683879721828716,0.03443196918069356,0.0010741866130857636,0.3624491164439849,0.12645017955276383,0.00849493940526623,0.009852479087662406,0.002853543536104953
periodic,muon/cos_data_decay,-1,mlp_in,transformer.h.4.mlp.c_fc.weight,4.0,-1.0,g9-muon-3072x768,-,L0:all,24.0,1.0,0.0037078198613501017,0.03366057474489154,0.001299309863811709,0.36343735182743525,0.12693056409052422,0.0102363829635632,0.008032040806050966,0.002996306610522498
periodic,muon/cos_data_decay,-1,mlp_in,transformer.h.5.mlp.c_fc.weight,5.0,-1.0,g9-muon-3072x768,-,L0:all,24.0,1.0,0.002701295662449991,0.03418056279344749,0.000991256786504154,0.36251441950656793,0.1292626052113271,0.007668550273171281,0.01256049619006924,0.0025412785093851743
periodic,muon/cos_data_decay,-1,mlp_in,transformer.h.6.mlp.c_fc.weight,6.0,-1.0,g9-muon-3072x768,-,L0:all,24.0,1.0,0.003926290206202481,0.03534950142145079,0.0013496839077359823,0.36201391039872255,0.12949108940255127,0.010422986739575537,0.01169300265190696,0.0037331880629948725
periodic,muon/cos_data_decay,-1,mlp_in,transformer.h.7.mlp.c_fc.weight,7.0,-1.0,g9-muon-3072x768,-,L0:all,24.0,1.0,0.005450741279725139,0.06833252472230956,0.001908142372454169,0.3612541586612975,0.12862838102149193,0.01483453618323429,0.02424853843085312,0.005205247423233573
periodic,muon/cos_data_decay,-1,mlp_in,transformer.h.8.mlp.c_fc.weight,8.0,-1.0,g9-muon-3072x768,-,L0:all,24.0,1.0,0.004870914804927944,0.06868590445183334,0.001648660617231929,0.3601333621624706,0.12882985584291323,0.012797193681891554,0.02836620281271403,0.0042463570867258
periodic,muon/cos_data_decay,-1,mlp_in,transformer.h.9.mlp.c_fc.weight,9.0,-1.0,g9-muon-3072x768,-,L0:all,24.0,1.0,0.004693385825985203,0.0736932027696607,0.0017179533718314675,0.3602142412406401,0.1285235251296417,0.013366839806942483,0.034515899561968044,0.004554594795355405
periodic,muon/cos_data_decay,-1,mlp_out,transformer.h.0.mlp.c_proj.weight,0.0,-1.0,g8-muon-768x3072,-,L0:all,24.0,1.0,0.001821332942328488,0.032734269828663384,0.0007183344108450786,0.3943715158479987,0.09294938636177591,0.0077282318793282885,0.005086868397254894,0.0014323004609411104
periodic,muon/cos_data_decay,-1,mlp_out,transformer.h.1.mlp.c_proj.weight,1.0,-1.0,g8-muon-768x3072,-,L0:all,24.0,1.0,0.0033570444800833264,0.028462800581519548,0.0011918394545918417,0.39365717815610834,0.09708091160186288,0.012276764143703937,0.00471752178281988,0.0030966301596994936
periodic,muon/cos_data_decay,-1,mlp_out,transformer.h.10.mlp.c_proj.weight,10.0,-1.0,g8-muon-768x3072,-,L0:all,24.0,1.0,0.003793736364852547,0.027197510443533662,0.0014013924725297922,0.3881916059676722,0.09811122919290716,0.014283711294395896,0.014460107824307114,0.003430060459170594
periodic,muon/cos_data_decay,-1,mlp_out,transformer.h.11.mlp.c_proj.weight,11.0,-1.0,g8-muon-768x3072,-,L0:all,24.0,1.0,0.0037475329762551583,0.030499926169261837,0.0013100803254223027,0.38622110090208156,0.09378502772339331,0.01396897092450848,0.017359862546332757,0.002876593640325151
periodic,muon/cos_data_decay,-1,mlp_out,transformer.h.2.mlp.c_proj.weight,2.0,-1.0,g8-muon-768x3072,-,L0:all,24.0,1.0,0.0026880925704549346,0.024429532149165174,0.0010105729874885414,0.3931068237141313,0.09586489480309196,0.01054163768253514,0.0052089677638840525,0.002390981588240445
periodic,muon/cos_data_decay,-1,mlp_out,transformer.h.3.mlp.c_proj.weight,3.0,-1.0,g8-muon-768x3072,-,L0:all,24.0,1.0,0.003544983791495207,0.025800589316183082,0.0013299337051433002,0.3935811446431079,0.09780707549765427,0.01359752040817534,0.008060823869391368,0.0034543930621100637
periodic,muon/cos_data_decay,-1,mlp_out,transformer.h.4.mlp.c_proj.weight,4.0,-1.0,g8-muon-768x3072,-,L0:all,24.0,1.0,0.002940480295547925,0.022232484896018756,0.0010778484575259322,0.3932261894339574,0.0969658729965458,0.011115750564781986,0.008478752389704787,0.002688792264059122
periodic,muon/cos_data_decay,-1,mlp_out,transformer.h.5.mlp.c_proj.weight,5.0,-1.0,g8-muon-768x3072,-,L0:all,24.0,1.0,0.003902462153684439,0.02661377501562253,0.0015205629821279216,0.39351639952262574,0.10103484948598318,0.015049886151796298,0.010796870870612785,0.003095951701746319
periodic,muon/cos_data_decay,-1,mlp_out,transformer.h.6.mlp.c_proj.weight,6.0,-1.0,g8-muon-768x3072,-,L0:all,24.0,1.0,0.005848241520649116,0.023925229208762853,0.0021238797707148717,0.39360691066743925,0.09938842665778874,0.021369487797887686,0.010809168741053015,0.004761838707367247
periodic,muon/cos_data_decay,-1,mlp_out,transformer.h.7.mlp.c_proj.weight,7.0,-1.0,g8-muon-768x3072,-,L0:all,24.0,1.0,0.004583166315719821,0.026469118930026698,0.0017364931540127478,0.3916511968919423,0.09736823446879933,0.01783428818943194,0.011294893510669968,0.003848069567898804
periodic,muon/cos_data_decay,-1,mlp_out,transformer.h.8.mlp.c_proj.weight,8.0,-1.0,g8-muon-768x3072,-,L0:all,24.0,1.0,0.004304910536002586,0.02495268983512982,0.0014700512491500298,0.389765767208891,0.09822166514645037,0.01496667000053558,0.013378863373760269,0.0042061221788559
periodic,muon/cos_data_decay,-1,mlp_out,transformer.h.9.mlp.c_proj.weight,9.0,-1.0,g8-muon-768x3072,-,L0:all,24.0,1.0,0.0038129412814230093,0.028131491642111532,0.0013977096967630184,0.3888595646740962,0.09865406614907868,0.014167785995266568,0.014313769575036604,0.0035695628131754155
periodic,muon/cos_data_decay,-1,ve_gate,transformer.h.1.attn.ve_gate.weight,1.0,-1.0,g6-muon-6x12,-,L0:all,24.0,1.0,0.1459776853901768,0.38196344672139837,0.06599898737499504,0.4340005642965845,0.09081451791724315,0.7267448959552718,0.24579857717917508,0.1388613644811292
periodic,muon/cos_data_decay,-1,ve_gate,transformer.h.11.attn.ve_gate.weight,11.0,-1.0,g6-muon-6x12,-,L0:all,24.0,1.0,0.20460158276122425,0.42549715277522915,0.07617145545378481,0.3809546081517562,0.10608164805481202,0.7180455512382998,0.3759912045336618,0.19262296372610369
periodic,muon/cos_data_decay,-1,ve_gate,transformer.h.3.attn.ve_gate.weight,3.0,-1.0,g6-muon-6x12,-,L0:all,24.0,1.0,0.15027142511144131,0.2744027277878819,0.060150413457326204,0.41573253352658046,0.1324123608245888,0.4542658486167279,0.20315807935451705,0.1483774535807821
periodic,muon/cos_data_decay,-1,ve_gate,transformer.h.5.attn.ve_gate.weight,5.0,-1.0,g6-muon-6x12,-,L0:all,24.0,1.0,0.15112791974810993,0.369365029278881,0.06344298374505708,0.4162557680855852,0.11531863885829219,0.5501537684902625,0.2700929570817975,0.148816976221593
periodic,muon/cos_data_decay,-1,ve_gate,transformer.h.7.attn.ve_gate.weight,7.0,-1.0,g6-muon-6x12,-,L0:all,24.0,1.0,0.1516781643966079,0.32921772049231834,0.06086078245651831,0.4110721734640803,0.11012824715322156,0.5526355320251546,0.1397421612448129,0.15744167826265215
periodic,muon/cos_data_decay,-1,ve_gate,transformer.h.9.attn.ve_gate.weight,9.0,-1.0,g6-muon-6x12,-,L0:all,24.0,1.0,0.20196112715575176,0.291162549487201,0.07133970383448995,0.376070027602461,0.11982360846317375,0.5953726878156511,0.23631566958772832,0.19901928843427458
periodic,muon/cos_nesterov_final,-1,attn_k,transformer.h.0.attn.c_k.weight,0.0,-1.0,g7-muon-768x768,-,L0:all,24.0,1.0,0.03472335002746316,0.1092696356771571,0.019188859229827705,0.5448858229063519,0.08618449616802909,0.22264862107467984,0.10424829475450564,0.034299752315877965
periodic,muon/cos_nesterov_final,-1,attn_k,transformer.h.1.attn.c_k.weight,1.0,-1.0,g7-muon-768x768,-,L0:all,24.0,1.0,0.023018978488403993,0.0919072760376177,0.011996376316065354,0.5235076707955233,0.04280708677827666,0.2802427639657358,0.08077744269508123,0.021891486873487635
periodic,muon/cos_nesterov_final,-1,attn_k,transformer.h.10.attn.c_k.weight,10.0,-1.0,g7-muon-768x768,-,L0:all,24.0,1.0,0.1796760053888628,0.4133587158344916,0.0642314846244772,0.36109987283007344,0.17932988386342658,0.358175019359263,0.12347663039356434,0.1865675843318379
periodic,muon/cos_nesterov_final,-1,attn_k,transformer.h.11.attn.c_k.weight,11.0,-1.0,g7-muon-768x768,-,L0:all,24.0,1.0,0.10413129795578434,0.23780204687720888,0.03955726809174865,0.3493326781326711,0.14897807418202524,0.2655240934542929,0.11082174134418095,0.10247339886595148
periodic,muon/cos_nesterov_final,-1,attn_k,transformer.h.2.attn.c_k.weight,2.0,-1.0,g7-muon-768x768,-,L0:all,24.0,1.0,0.09216601747447253,0.27789761260401347,0.036399365031868226,0.41212339232767264,0.08954934089916472,0.4064727296301937,0.1833008179115077,0.07234815080473121
periodic,muon/cos_nesterov_final,-1,attn_k,transformer.h.3.attn.c_k.weight,3.0,-1.0,g7-muon-768x768,-,L0:all,24.0,1.0,0.05390786020039888,0.130748801202826,0.024998288535786804,0.4602150724467503,0.04392158165791993,0.5691572933434905,0.10607906260929405,0.05123273058793937
periodic,muon/cos_nesterov_final,-1,attn_k,transformer.h.4.attn.c_k.weight,4.0,-1.0,g7-muon-768x768,-,L0:all,24.0,1.0,0.06475088736139842,0.14056507794829948,0.02774039796034197,0.4597066370546587,0.08602950381684793,0.32245214408535644,0.10332112296352661,0.05349222072362206
periodic,muon/cos_nesterov_final,-1,attn_k,transformer.h.5.attn.c_k.weight,5.0,-1.0,g7-muon-768x768,-,L0:all,24.0,1.0,0.04340456793647968,0.13979714253086717,0.021511256748780863,0.4976918897738963,0.07659878584662178,0.2808302574384679,0.10009522969191385,0.042422520030272574
periodic,muon/cos_nesterov_final,-1,attn_k,transformer.h.6.attn.c_k.weight,6.0,-1.0,g7-muon-768x768,-,L0:all,24.0,1.0,0.08694769874242157,0.21313106577215007,0.03457179994725201,0.43805438200376634,0.13034191453566574,0.26523931361919695,0.11628436115110301,0.08275637367653281
periodic,muon/cos_nesterov_final,-1,attn_k,transformer.h.7.attn.c_k.weight,7.0,-1.0,g7-muon-768x768,-,L0:all,24.0,1.0,0.07393118045695675,0.17216306029286657,0.030349686075465197,0.4239546040935266,0.0931595253011771,0.32578188840429523,0.1524699825725867,0.06710073887402371
periodic,muon/cos_nesterov_final,-1,attn_k,transformer.h.8.attn.c_k.weight,8.0,-1.0,g7-muon-768x768,-,L0:all,24.0,1.0,0.06725020197219515,0.15145587737158125,0.02852023637329145,0.43267285912315734,0.14129701689976398,0.20184599080052545,0.09135784833511859,0.05700509813092545
periodic,muon/cos_nesterov_final,-1,attn_k,transformer.h.9.attn.c_k.weight,9.0,-1.0,g7-muon-768x768,-,L0:all,24.0,1.0,0.09493501939325842,0.2187979010691293,0.04006321760510277,0.45317216894470846,0.10863039589367646,0.3688030157260516,0.13270774287246065,0.07178202660769319
periodic,muon/cos_nesterov_final,-1,attn_out,transformer.h.0.attn.c_proj.weight,0.0,-1.0,g7-muon-768x768,-,L0:all,25.0,1.0,0.048536813790641814,0.12594301269659736,0.017350180378142163,0.35798766389266357,0.13139291793224323,0.13204806355765167,0.10283959608356796,0.042570685724269745
periodic,muon/cos_nesterov_final,-1,attn_out,transformer.h.1.attn.c_proj.weight,1.0,-1.0,g7-muon-768x768,-,L0:all,25.0,1.0,0.020892171415758335,0.1021796511323365,0.011524346681799033,0.5455822986546262,0.15798105492628362,0.0729476498759707,0.06788883180050564,0.02078823405161268
periodic,muon/cos_nesterov_final,-1,attn_out,transformer.h.10.attn.c_proj.weight,10.0,-1.0,g7-muon-768x768,-,L0:all,25.0,1.0,0.07403741424209025,0.21401985028450446,0.01821213408884212,0.19763056501830575,0.18646950889529085,0.09766816138862075,0.10449620807960143,0.07371621996422052
periodic,muon/cos_nesterov_final,-1,attn_out,transformer.h.11.attn.c_proj.weight,11.0,-1.0,g7-muon-768x768,-,L0:all,25.0,1.0,0.13203941898864655,0.22149322685372466,0.027282090106373596,0.20218939889054757,0.16992064489828898,0.1605578305255615,0.11288969042894768,0.13659558442534148
periodic,muon/cos_nesterov_final,-1,attn_out,transformer.h.2.attn.c_proj.weight,2.0,-1.0,g7-muon-768x768,-,L0:all,25.0,1.0,0.04250373716032403,0.21289267499609274,0.016873102743189327,0.40028705984427626,0.1662232676526358,0.10150866952302855,0.12127506767049609,0.04015715088478714
periodic,muon/cos_nesterov_final,-1,attn_out,transformer.h.3.attn.c_proj.weight,3.0,-1.0,g7-muon-768x768,-,L0:all,25.0,1.0,0.0665608724191232,0.11630894511814172,0.03164432734451499,0.4348578594433337,0.14812977210908956,0.21362570733728434,0.0759821799287898,0.0665608724191232
periodic,muon/cos_nesterov_final,-1,attn_out,transformer.h.4.attn.c_proj.weight,4.0,-1.0,g7-muon-768x768,-,L0:all,25.0,1.0,0.0410093571238282,0.11682736706457258,0.01813986156081748,0.3918345327600841,0.20299067917376468,0.08936302708406302,0.06264252369899236,0.0410093571238282
periodic,muon/cos_nesterov_final,-1,attn_out,transformer.h.5.attn.c_proj.weight,5.0,-1.0,g7-muon-768x768,-,L0:all,25.0,1.0,0.05560805472322555,0.10961534828205725,0.022990201761369164,0.46953304994273853,0.17144375560799252,0.13409763265998698,0.05818556155252862,0.04871040014411958
periodic,muon/cos_nesterov_final,-1,attn_out,transformer.h.6.attn.c_proj.weight,6.0,-1.0,g7-muon-768x768,-,L0:all,25.0,1.0,0.044387623633256386,0.16172853016512742,0.01500944712419816,0.36292042793162443,0.2172140960406716,0.06909978402777213,0.09023114229859606,0.03394350662253473
periodic,muon/cos_nesterov_final,-1,attn_out,transformer.h.7.attn.c_proj.weight,7.0,-1.0,g7-muon-768x768,-,L0:all,25.0,1.0,0.07201440973463295,0.15484941201477315,0.02089267175409574,0.3131230236649431,0.25719157081794564,0.08123388992746082,0.08087673012145694,0.07201440973463295
periodic,muon/cos_nesterov_final,-1,attn_out,transformer.h.8.attn.c_proj.weight,8.0,-1.0,g7-muon-768x768,-,L0:all,25.0,1.0,0.0644306881690849,0.16678883053963844,0.018036085139016715,0.26708113744745365,0.26015255910942214,0.06932887841180374,0.05362731136784055,0.0644306881690849
periodic,muon/cos_nesterov_final,-1,attn_out,transformer.h.9.attn.c_proj.weight,9.0,-1.0,g7-muon-768x768,-,L0:all,25.0,1.0,0.09947873320860824,0.1637262524623878,0.03181143150176403,0.3380256970908595,0.28289511877798046,0.11244955953704534,0.060069730261308615,0.10034653002383682
periodic,muon/cos_nesterov_final,-1,attn_q,transformer.h.0.attn.c_q.weight,0.0,-1.0,g7-muon-768x768,-,L0:all,24.0,1.0,0.04808380946969035,0.09785253054382312,0.0275495999341734,0.572465051195735,0.08584752820398989,0.3209131411298222,0.09541639742677378,0.04802424256023802
periodic,muon/cos_nesterov_final,-1,attn_q,transformer.h.1.attn.c_q.weight,1.0,-1.0,g7-muon-768x768,-,L0:all,24.0,1.0,0.03086892917541386,0.10639237590847936,0.015192052522349883,0.4815619160450274,0.06752963586742305,0.22496867230523118,0.09294549567958409,0.030650787906171092
periodic,muon/cos_nesterov_final,-1,attn_q,transformer.h.10.attn.c_q.weight,10.0,-1.0,g7-muon-768x768,-,L0:all,24.0,1.0,0.15240674706421792,0.4392736682003282,0.05200703065944971,0.306364218117915,0.1900564549522454,0.27363990700824803,0.13593067514556204,0.16393549919603184
periodic,muon/cos_nesterov_final,-1,attn_q,transformer.h.11.attn.c_q.weight,11.0,-1.0,g7-muon-768x768,-,L0:all,24.0,1.0,0.1557365265738314,0.31458248727689764,0.040930959037549786,0.28094175290102075,0.17634828814070772,0.23210295642275308,0.21626189451808872,0.14466133975701287
periodic,muon/cos_nesterov_final,-1,attn_q,transformer.h.2.attn.c_q.weight,2.0,-1.0,g7-muon-768x768,-,L0:all,24.0,1.0,0.14138233279782209,0.3749982633627744,0.04812540607533688,0.36010585884614665,0.13756865669606583,0.3498282765213129,0.2605573774007738,0.12919551223941578
periodic,muon/cos_nesterov_final,-1,attn_q,transformer.h.3.attn.c_q.weight,3.0,-1.0,g7-muon-768x768,-,L0:all,24.0,1.0,0.13731091616006236,0.28636335285284825,0.05088317141062809,0.39230785147242714,0.12304169745008847,0.41354412743914487,0.18345655903912567,0.12782610507468806
periodic,muon/cos_nesterov_final,-1,attn_q,transformer.h.4.attn.c_q.weight,4.0,-1.0,g7-muon-768x768,-,L0:all,24.0,1.0,0.08666557261244352,0.21174871462479183,0.03583756646518112,0.40824537015981616,0.14088191032201408,0.25438018538552687,0.1263837599589493,0.08544486274001167
periodic,muon/cos_nesterov_final,-1,attn_q,transformer.h.5.attn.c_q.weight,5.0,-1.0,g7-muon-768x768,-,L0:all,24.0,1.0,0.060280654166311426,0.18561032083871687,0.026128130416456903,0.41835211736465056,0.10830699799620885,0.24124138698195186,0.12619542645504403,0.05535381777168095
periodic,muon/cos_nesterov_final,-1,attn_q,transformer.h.6.attn.c_q.weight,6.0,-1.0,g7-muon-768x768,-,L0:all,24.0,1.0,0.09540578096170813,0.2879926792540398,0.03568262479570542,0.362967124573491,0.1626295534121745,0.21941045798281217,0.09479065906020873,0.09602090286320754
periodic,muon/cos_nesterov_final,-1,attn_q,transformer.h.7.attn.c_q.weight,7.0,-1.0,g7-muon-768x768,-,L0:all,24.0,1.0,0.07928837008548348,0.23889113187682787,0.030539618261225865,0.38940987535104976,0.1373949110389115,0.22227619662402756,0.09384908926122842,0.07830046637389955
periodic,muon/cos_nesterov_final,-1,attn_q,transformer.h.8.attn.c_q.weight,8.0,-1.0,g7-muon-768x768,-,L0:all,24.0,1.0,0.09248898855780363,0.2823247965522901,0.03159462113975487,0.36533475951723426,0.16134236514244088,0.19582346590656213,0.11726009691465786,0.08178695426438753
periodic,muon/cos_nesterov_final,-1,attn_q,transformer.h.9.attn.c_q.weight,9.0,-1.0,g7-muon-768x768,-,L0:all,24.0,1.0,0.12156213011287338,0.3198745604034575,0.04035642420109793,0.3767646985129545,0.14534185761693613,0.2776655318900737,0.16002183551500027,0.10906835233915092
periodic,muon/cos_nesterov_final,-1,attn_v,transformer.h.0.attn.c_v.weight,0.0,-1.0,g7-muon-768x768,-,L0:all,24.0,1.0,0.04712117749536259,0.1738887442068538,0.016899185230962857,0.3911602446136817,0.18126927066065834,0.09322697205859372,0.15544187681159924,0.04195032089356505
periodic,muon/cos_nesterov_final,-1,attn_v,transformer.h.1.attn.c_v.weight,1.0,-1.0,g7-muon-768x768,-,L0:all,24.0,1.0,0.056914362266765745,0.19100521113328317,0.01621689790149001,0.23648311381314072,0.15779588507857412,0.10277136120130662,0.13474743115395413,0.054357087770591166
periodic,muon/cos_nesterov_final,-1,attn_v,transformer.h.10.attn.c_v.weight,10.0,-1.0,g7-muon-768x768,-,L0:all,24.0,1.0,0.06692642102127952,0.20603080957641898,0.011447712475217116,0.17287494484234944,0.13470674086991277,0.08498247675869651,0.06233422733078535,0.06869192600106604
periodic,muon/cos_nesterov_final,-1,attn_v,transformer.h.11.attn.c_v.weight,11.0,-1.0,g7-muon-768x768,-,L0:all,24.0,1.0,0.059522641410471436,0.1649126879330748,0.009414681167569317,0.15287920099938312,0.05381387706690227,0.1749489477568181,0.048528639065450394,0.060593955388965566
periodic,muon/cos_nesterov_final,-1,attn_v,transformer.h.2.attn.c_v.weight,2.0,-1.0,g7-muon-768x768,-,L0:all,24.0,1.0,0.07025006529866841,0.14925213989493538,0.01930078384235019,0.26900642091945337,0.14801819577537598,0.130394670339314,0.10501429778843692,0.06675367293743362
periodic,muon/cos_nesterov_final,-1,attn_v,transformer.h.3.attn.c_v.weight,3.0,-1.0,g7-muon-768x768,-,L0:all,24.0,1.0,0.09104391720816711,0.1718847155190153,0.017982877083178604,0.18438063516251227,0.1250574736107104,0.14379690044880677,0.12113078260750244,0.08854884918623197
periodic,muon/cos_nesterov_final,-1,attn_v,transformer.h.4.attn.c_v.weight,4.0,-1.0,g7-muon-768x768,-,L0:all,24.0,1.0,0.07292985583035877,0.15560945035905516,0.016499228821252536,0.2251202262227554,0.16361859243654198,0.1008395719309932,0.1201044502425765,0.07065274832548749
periodic,muon/cos_nesterov_final,-1,attn_v,transformer.h.5.attn.c_v.weight,5.0,-1.0,g7-muon-768x768,-,L0:all,24.0,1.0,0.06032519926887489,0.2228833955978882,0.012822211989544197,0.1931880315840159,0.16156743354596226,0.07936136452830743,0.07182837772984818,0.048918298399777994
periodic,muon/cos_nesterov_final,-1,attn_v,transformer.h.6.attn.c_v.weight,6.0,-1.0,g7-muon-768x768,-,L0:all,24.0,1.0,0.08778779691799662,0.16512762530583766,0.023129831406836266,0.24407919539122894,0.17586787274587462,0.13151823039480545,0.10523467626211756,0.07301443288886793
periodic,muon/cos_nesterov_final,-1,attn_v,transformer.h.7.attn.c_v.weight,7.0,-1.0,g7-muon-768x768,-,L0:all,24.0,1.0,0.06167386629023777,0.13018814605805362,0.010412154684045306,0.16183439706050662,0.07579896788253118,0.13736538867101009,0.09392103540615457,0.05805169902165941
periodic,muon/cos_nesterov_final,-1,attn_v,transformer.h.8.attn.c_v.weight,8.0,-1.0,g7-muon-768x768,-,L0:all,24.0,1.0,0.061879453756288755,0.1618601935351152,0.01283892966983119,0.1922681816808191,0.163332097785104,0.0786062864797302,0.06029993321356302,0.062278423260130646
periodic,muon/cos_nesterov_final,-1,attn_v,transformer.h.9.attn.c_v.weight,9.0,-1.0,g7-muon-768x768,-,L0:all,24.0,1.0,0.07308123510100209,0.12394717178420368,0.014805135498169284,0.20653359934907323,0.08852106916664251,0.1672498495278943,0.07062988664681577,0.0755325835551884
periodic,muon/cos_nesterov_final,-1,mlp_in,transformer.h.0.mlp.c_fc.weight,0.0,-1.0,g9-muon-3072x768,-,L0:all,24.0,1.0,0.038710755043058834,0.09824600244059993,0.02094368244626654,0.5414039992205252,0.10935269218537802,0.19152415937562992,0.07874498862851508,0.03373956567560375
periodic,muon/cos_nesterov_final,-1,mlp_in,transformer.h.1.mlp.c_fc.weight,1.0,-1.0,g9-muon-3072x768,-,L0:all,24.0,1.0,0.027855032719582513,0.11962166542850752,0.015464555747704986,0.5399227725415923,0.14403726083618074,0.10736496693930771,0.08104185107783542,0.02112752114930174
periodic,muon/cos_nesterov_final,-1,mlp_in,transformer.h.10.mlp.c_fc.weight,10.0,-1.0,g9-muon-3072x768,-,L0:all,24.0,1.0,0.04685369621007453,0.14042755907314497,0.021587841143899174,0.46433620801817366,0.12440960671844337,0.1735223003538266,0.050703708760547785,0.04431071237266506
periodic,muon/cos_nesterov_final,-1,mlp_in,transformer.h.11.mlp.c_fc.weight,11.0,-1.0,g9-muon-3072x768,-,L0:all,24.0,1.0,0.11764158379254347,0.2527092271761211,0.034049201879813085,0.3319405117699932,0.20335583363105963,0.16743656315061603,0.0986331059309883,0.12282786062040703
periodic,muon/cos_nesterov_final,-1,mlp_in,transformer.h.2.mlp.c_fc.weight,2.0,-1.0,g9-muon-3072x768,-,L0:all,24.0,1.0,0.035357969312459644,0.1266837623192811,0.0173598318908217,0.48062099226372945,0.12646104211500375,0.13727414862701082,0.06365435296367646,0.03498191320454845
periodic,muon/cos_nesterov_final,-1,mlp_in,transformer.h.3.mlp.c_fc.weight,3.0,-1.0,g9-muon-3072x768,-,L0:all,24.0,1.0,0.04011559604810802,0.13207364539002103,0.019165945947325833,0.4681702180359043,0.14707338024864258,0.13031553306875684,0.07564416817923121,0.03933446658400335
periodic,muon/cos_nesterov_final,-1,mlp_in,transformer.h.4.mlp.c_fc.weight,4.0,-1.0,g9-muon-3072x768,-,L0:all,24.0,1.0,0.047225180226335664,0.1313201035763437,0.022688237208746916,0.45965265277394046,0.14530953284884812,0.15613729370630736,0.06098944903082986,0.04712438704010472
periodic,muon/cos_nesterov_final,-1,mlp_in,transformer.h.5.mlp.c_fc.weight,5.0,-1.0,g9-muon-3072x768,-,L0:all,24.0,1.0,0.03732242328683833,0.12410457894300697,0.017214136754728968,0.4814002668392692,0.1681315482839561,0.10238492971977003,0.04367507607839011,0.03685832777285516
periodic,muon/cos_nesterov_final,-1,mlp_in,transformer.h.6.mlp.c_fc.weight,6.0,-1.0,g9-muon-3072x768,-,L0:all,24.0,1.0,0.041589804937625,0.1320738430485633,0.01972453728223992,0.464821016300101,0.15685857325142244,0.12574726948857448,0.04512738118683417,0.03336016550983557
periodic,muon/cos_nesterov_final,-1,mlp_in,transformer.h.7.mlp.c_fc.weight,7.0,-1.0,g9-muon-3072x768,-,L0:all,24.0,1.0,0.04048254163748657,0.1235836112188023,0.017887591914027834,0.46595176980686914,0.15742820805094032,0.1136238043708139,0.031182007407497138,0.040888142064621914
periodic,muon/cos_nesterov_final,-1,mlp_in,transformer.h.8.mlp.c_fc.weight,8.0,-1.0,g9-muon-3072x768,-,L0:all,24.0,1.0,0.029589648384943493,0.1346556866997681,0.01529110343992038,0.4908163256208238,0.1297117737586459,0.11788523891726642,0.03528448683755001,0.029289465751326686
periodic,muon/cos_nesterov_final,-1,mlp_in,transformer.h.9.mlp.c_fc.weight,9.0,-1.0,g9-muon-3072x768,-,L0:all,24.0,1.0,0.03930097503203876,0.14048078892212565,0.01903053315031146,0.47301132414211033,0.1354509899170787,0.1404975568060573,0.05642854096805764,0.034887045738624355
periodic,muon/cos_nesterov_final,-1,mlp_out,transformer.h.0.mlp.c_proj.weight,0.0,-1.0,g8-muon-768x3072,-,L0:all,25.0,1.0,0.032442849893509804,0.11501050795306843,0.020382418516956588,0.6282915806979118,0.3451330137174331,0.05905670482640081,0.0875264974633221,0.030441734495305066
periodic,muon/cos_nesterov_final,-1,mlp_out,transformer.h.1.mlp.c_proj.weight,1.0,-1.0,g8-muon-768x3072,-,L0:all,25.0,1.0,0.1369095206658845,0.18375679909132733,0.07067697021537618,0.5158145258591537,0.20600277306485026,0.3430874699590906,0.10181160215249159,0.14005265824395055
periodic,muon/cos_nesterov_final,-1,mlp_out,transformer.h.10.mlp.c_proj.weight,10.0,-1.0,g8-muon-768x3072,-,L0:all,25.0,1.0,0.15982161206572323,0.34612034298375166,0.0726658152644769,0.4000648208109061,0.3273119474413346,0.22200783024426893,0.08453059081665294,0.17034673215028667
periodic,muon/cos_nesterov_final,-1,mlp_out,transformer.h.11.mlp.c_proj.weight,11.0,-1.0,g8-muon-768x3072,-,L0:all,25.0,1.0,0.15755293929487482,0.3627075612132872,0.01855131532133342,0.1208677097515928,0.19341411371226075,0.09591500312604866,0.08311250136760201,0.15851103814473747
periodic,muon/cos_nesterov_final,-1,mlp_out,transformer.h.2.mlp.c_proj.weight,2.0,-1.0,g8-muon-768x3072,-,L0:all,25.0,1.0,0.04939529572234393,0.1367260456060347,0.034020875347000754,0.6691722440645349,0.3714263299109231,0.09159521715964447,0.06764805337899527,0.04939529572234393
periodic,muon/cos_nesterov_final,-1,mlp_out,transformer.h.3.mlp.c_proj.weight,3.0,-1.0,g8-muon-768x3072,-,L0:all,25.0,1.0,0.1679428859849104,0.2296018823809282,0.11330665292455987,0.6148594521584488,0.3653235364534348,0.31015426496891546,0.07952287350437348,0.17752048111573013
periodic,muon/cos_nesterov_final,-1,mlp_out,transformer.h.4.mlp.c_proj.weight,4.0,-1.0,g8-muon-768x3072,-,L0:all,25.0,1.0,0.3516193483380249,0.43570707868080977,0.17361589179364814,0.4849323391458766,0.17081983651023658,1.0163684460805815,0.053424914583924205,0.3549640788802784
periodic,muon/cos_nesterov_final,-1,mlp_out,transformer.h.5.mlp.c_proj.weight,5.0,-1.0,g8-muon-768x3072,-,L0:all,25.0,1.0,0.09592339764076561,0.1904027246069346,0.05474703374000084,0.6301318389452474,0.36243808056786997,0.15105210151820384,0.0749539587197639,0.11459083862742947
periodic,muon/cos_nesterov_final,-1,mlp_out,transformer.h.6.mlp.c_proj.weight,6.0,-1.0,g8-muon-768x3072,-,L0:all,25.0,1.0,0.21603400618697746,0.2629510191208287,0.14955576651043842,0.6723442649535419,0.3621704902406434,0.41294299381229654,0.027090191402341236,0.2182093048611141
periodic,muon/cos_nesterov_final,-1,mlp_out,transformer.h.7.mlp.c_proj.weight,7.0,-1.0,g8-muon-768x3072,-,L0:all,25.0,1.0,0.06609221490767314,0.21558613860821987,0.039728389072826976,0.6355622013667293,0.3831385542133202,0.1036919637450722,0.0668317570804411,0.06609221490767314
periodic,muon/cos_nesterov_final,-1,mlp_out,transformer.h.8.mlp.c_proj.weight,8.0,-1.0,g8-muon-768x3072,-,L0:all,25.0,1.0,0.06212326710476446,0.24129138901399264,0.034976399920889696,0.6689812662607892,0.41946889558338535,0.0833825828068742,0.06397327936195749,0.06212326710476446
periodic,muon/cos_nesterov_final,-1,mlp_out,transformer.h.9.mlp.c_proj.weight,9.0,-1.0,g8-muon-768x3072,-,L0:all,25.0,1.0,0.1480533506675073,0.3256819853437407,0.08475152106907963,0.5018370237389254,0.38346895200898884,0.221012732908538,0.08374332350829394,0.16777152712077087
periodic,muon/cos_nesterov_final,-1,ve_gate,transformer.h.1.attn.ve_gate.weight,1.0,-1.0,g6-muon-6x12,-,L0:all,24.0,1.0,0.10996818507936575,0.20146589131396406,0.0862031940956055,0.7576694711003751,0.23630729661882288,0.364792773346547,0.09397388990837598,0.1106313599637442
periodic,muon/cos_nesterov_final,-1,ve_gate,transformer.h.11.attn.ve_gate.weight,11.0,-1.0,g6-muon-6x12,-,L0:all,24.0,1.0,0.25446994955326574,0.40277137392777784,0.1225491226641266,0.5068627657055207,0.1688093909669915,0.725961523598468,0.10322953686406308,0.265211879933581
periodic,muon/cos_nesterov_final,-1,ve_gate,transformer.h.3.attn.ve_gate.weight,3.0,-1.0,g6-muon-6x12,-,L0:all,24.0,1.0,0.1316044054404551,0.29386663189467604,0.07863034824431209,0.6623114093669177,0.23677406626105735,0.33209020517313537,0.12746572429050843,0.13574308659040177
periodic,muon/cos_nesterov_final,-1,ve_gate,transformer.h.5.attn.ve_gate.weight,5.0,-1.0,g6-muon-6x12,-,L0:all,24.0,1.0,0.14887232832596614,0.3867737684875498,0.08883331320087559,0.5783093999485323,0.2198292744046899,0.4041013802253645,0.14241164826409997,0.15497669024586339
periodic,muon/cos_nesterov_final,-1,ve_gate,transformer.h.7.attn.ve_gate.weight,7.0,-1.0,g6-muon-6x12,-,L0:all,24.0,1.0,0.13731688142632514,0.23518132514988432,0.07417133780544602,0.5672011793228697,0.20402238315301657,0.3635451005874076,0.10597441967161492,0.1404974054744113
periodic,muon/cos_nesterov_final,-1,ve_gate,transformer.h.9.attn.ve_gate.weight,9.0,-1.0,g6-muon-6x12,-,L0:all,24.0,1.0,0.16382652289624877,0.2555221074551959,0.07984125111589288,0.48852184941500376,0.14845476704401728,0.5378153406971412,0.15200449485392675,0.1653642133375745
periodic,muon/cos_raw_final,-1,attn_k,transformer.h.0.attn.c_k.weight,0.0,-1.0,g7-muon-768x768,-,L0:all,24.0,1.0,0.05742501770096136,0.12213751386890917,0.014520339392326165,0.2726943405268995,0.14118434733409657,0.10284666584154295,0.0985007880742454,0.051845472542878905
periodic,muon/cos_raw_final,-1,attn_k,transformer.h.1.attn.c_k.weight,1.0,-1.0,g7-muon-768x768,-,L0:all,24.0,1.0,0.037893464299805536,0.0917219539625847,0.010092136397652721,0.25580168276442294,0.14041938937255596,0.07187138786707445,0.07914940088948984,0.03435115138508262
periodic,muon/cos_raw_final,-1,attn_k,transformer.h.10.attn.c_k.weight,10.0,-1.0,g7-muon-768x768,-,L0:all,24.0,1.0,0.201438369953501,0.3738124374671842,0.02751217599460607,0.1558326125962593,0.16800345860194693,0.16375958104404906,0.10108940967183241,0.20231654710706456
periodic,muon/cos_raw_final,-1,attn_k,transformer.h.11.attn.c_k.weight,11.0,-1.0,g7-muon-768x768,-,L0:all,24.0,1.0,0.10902181166046696,0.2845136469336698,0.018953045801274937,0.13904972136058108,0.14025231416482614,0.13513535169908925,0.1443151223761629,0.10810326871883048
periodic,muon/cos_raw_final,-1,attn_k,transformer.h.2.attn.c_k.weight,2.0,-1.0,g7-muon-768x768,-,L0:all,24.0,1.0,0.1474819565358788,0.4533067452599735,0.02389173000134933,0.18532030246632264,0.14507117567870545,0.16468971103028238,0.22422052043237942,0.12395880591484794
periodic,muon/cos_raw_final,-1,attn_k,transformer.h.3.attn.c_k.weight,3.0,-1.0,g7-muon-768x768,-,L0:all,24.0,1.0,0.06532798825028466,0.15111026548817771,0.01648247289744882,0.21679959558841605,0.13006569758554026,0.12672421094430988,0.13021298662381522,0.0649982398624478
periodic,muon/cos_raw_final,-1,attn_k,transformer.h.4.attn.c_k.weight,4.0,-1.0,g7-muon-768x768,-,L0:all,24.0,1.0,0.08203007322317477,0.17188637504378684,0.01859047316920124,0.21115246622383932,0.13880886130810052,0.1339285762739439,0.07186752251447147,0.08466791210742301
periodic,muon/cos_raw_final,-1,attn_k,transformer.h.5.attn.c_k.weight,5.0,-1.0,g7-muon-768x768,-,L0:all,24.0,1.0,0.05809231774717837,0.11384502872399475,0.015381708524567664,0.2327930277517935,0.17402339656485338,0.0883887386879922,0.09682346653746444,0.049599739061218354
periodic,muon/cos_raw_final,-1,attn_k,transformer.h.6.attn.c_k.weight,6.0,-1.0,g7-muon-768x768,-,L0:all,24.0,1.0,0.09357830709463864,0.21882005136112773,0.01820060057086947,0.19407588142265925,0.18052958459746563,0.10081782778956763,0.09607567958570608,0.07842073205052444
periodic,muon/cos_raw_final,-1,attn_k,transformer.h.7.attn.c_k.weight,7.0,-1.0,g7-muon-768x768,-,L0:all,24.0,1.0,0.09978483467782777,0.24093988105424669,0.01660719932012675,0.17900883891206604,0.16602613449740555,0.1000276213765988,0.16155529890631204,0.09239596552873518
periodic,muon/cos_raw_final,-1,attn_k,transformer.h.8.attn.c_k.weight,8.0,-1.0,g7-muon-768x768,-,L0:all,24.0,1.0,0.07497950923185553,0.17204017022090495,0.0145092111716048,0.19794947896977627,0.16770601522731424,0.0865157469273749,0.09116000395743616,0.07345492538737391
periodic,muon/cos_raw_final,-1,attn_k,transformer.h.9.attn.c_k.weight,9.0,-1.0,g7-muon-768x768,-,L0:all,24.0,1.0,0.10460228153479477,0.29520568548928017,0.018394005074620176,0.20121718756012807,0.1797469349559998,0.10233278847910725,0.14211498148550133,0.09120393218420693
periodic,muon/cos_raw_final,-1,attn_out,transformer.h.0.attn.c_proj.weight,0.0,-1.0,g7-muon-768x768,-,L0:all,25.0,1.0,0.04614149331868407,0.12106022749227041,0.008167771711140227,0.16297029368804994,0.14083780556271142,0.057994170517683415,0.08016319973251267,0.039149127655752264
periodic,muon/cos_raw_final,-1,attn_out,transformer.h.1.attn.c_proj.weight,1.0,-1.0,g7-muon-768x768,-,L0:all,25.0,1.0,0.03439798152353976,0.07571488304366239,0.00834829752009423,0.24617013790736283,0.19442353898796433,0.04293871803563366,0.06463253358726305,0.03386101579237905
periodic,muon/cos_raw_final,-1,attn_out,transformer.h.10.attn.c_proj.weight,10.0,-1.0,g7-muon-768x768,-,L0:all,25.0,1.0,0.06989025547343673,0.2372709512101633,0.006382770344357934,0.08898864127507272,0.10828298788663543,0.05894527357372369,0.10611040794440522,0.06593005254289529
periodic,muon/cos_raw_final,-1,attn_out,transformer.h.11.attn.c_proj.weight,11.0,-1.0,g7-muon-768x768,-,L0:all,25.0,1.0,0.10732799266819741,0.18734243271613987,0.00810579670020773,0.08479588762140262,0.11477179099620693,0.07062533946582411,0.1211804290366108,0.10732799266819741
periodic,muon/cos_raw_final,-1,attn_out,transformer.h.2.attn.c_proj.weight,2.0,-1.0,g7-muon-768x768,-,L0:all,25.0,1.0,0.040858457129435366,0.2324571882786186,0.00704076763931835,0.18291502103444418,0.14115816780443344,0.0498785706050884,0.13036637523085437,0.039953752310641966
periodic,muon/cos_raw_final,-1,attn_out,transformer.h.3.attn.c_proj.weight,3.0,-1.0,g7-muon-768x768,-,L0:all,25.0,1.0,0.06649527142110816,0.12913636389160454,0.01296134819132144,0.19747134979901962,0.16008257346275834,0.08096664059649673,0.06985315797654855,0.06649527142110816
periodic,muon/cos_raw_final,-1,attn_out,transformer.h.4.attn.c_proj.weight,4.0,-1.0,g7-muon-768x768,-,L0:all,25.0,1.0,0.03823888783839558,0.08556247922874222,0.007067607479781477,0.16561157830927106,0.17918540615759285,0.03944298607424281,0.05578562971823095,0.03823888783839558
periodic,muon/cos_raw_final,-1,attn_out,transformer.h.5.attn.c_proj.weight,5.0,-1.0,g7-muon-768x768,-,L0:all,25.0,1.0,0.05443666007886924,0.10423751642945907,0.012425710088696907,0.2112858604175424,0.20999568314362074,0.05917126439308129,0.05574086591557536,0.05392547720749013
periodic,muon/cos_raw_final,-1,attn_out,transformer.h.6.attn.c_proj.weight,6.0,-1.0,g7-muon-768x768,-,L0:all,25.0,1.0,0.05183401666514735,0.12651450649961019,0.006571304681234372,0.1592016815349475,0.18325164419981974,0.035859458232576316,0.07958845222101063,0.049474137699340795
periodic,muon/cos_raw_final,-1,attn_out,transformer.h.7.attn.c_proj.weight,7.0,-1.0,g7-muon-768x768,-,L0:all,25.0,1.0,0.054912711749610085,0.1570390656276087,0.007531022014483168,0.12364667827329867,0.17602133014682791,0.0427847125584222,0.0875509671941902,0.05162154360533146
periodic,muon/cos_raw_final,-1,attn_out,transformer.h.8.attn.c_proj.weight,8.0,-1.0,g7-muon-768x768,-,L0:all,25.0,1.0,0.05758126984897577,0.16163466889755884,0.00709491549365554,0.11845289226318985,0.16629972423552886,0.042663423083053785,0.05376511565851948,0.05758126984897577
periodic,muon/cos_raw_final,-1,attn_out,transformer.h.9.attn.c_proj.weight,9.0,-1.0,g7-muon-768x768,-,L0:all,25.0,1.0,0.09703530045921069,0.19284034248467902,0.01160699340317852,0.13241086739931263,0.1878126912534368,0.061800900278436974,0.08255835124963058,0.09703530045921069
periodic,muon/cos_raw_final,-1,attn_q,transformer.h.0.attn.c_q.weight,0.0,-1.0,g7-muon-768x768,-,L0:all,24.0,1.0,0.07663797909962816,0.17187476148605307,0.022092733854320007,0.2863721223385781,0.16838268328378772,0.13120549823455122,0.0914077926444584,0.07613973689673671
periodic,muon/cos_raw_final,-1,attn_q,transformer.h.1.attn.c_q.weight,1.0,-1.0,g7-muon-768x768,-,L0:all,24.0,1.0,0.05068559802691301,0.12130981498238017,0.011012048349160742,0.21882694014370785,0.14953755478850808,0.07364068754992786,0.09939671268723284,0.04623842995243436
periodic,muon/cos_raw_final,-1,attn_q,transformer.h.10.attn.c_q.weight,10.0,-1.0,g7-muon-768x768,-,L0:all,24.0,1.0,0.18052666179136884,0.4159881428416342,0.02288513364195081,0.12174922048383144,0.16314079274870721,0.14027842611505367,0.15515465515302157,0.18233170385677164
periodic,muon/cos_raw_final,-1,attn_q,transformer.h.11.attn.c_q.weight,11.0,-1.0,g7-muon-768x768,-,L0:all,24.0,1.0,0.1446111229855579,0.36139168209706074,0.017656363385757413,0.09817230703343836,0.13868459043718925,0.1273130874172646,0.19368237001499056,0.140245713959039
periodic,muon/cos_raw_final,-1,attn_q,transformer.h.2.attn.c_q.weight,2.0,-1.0,g7-muon-768x768,-,L0:all,24.0,1.0,0.21354210823586853,0.5398104168335164,0.02965914502132335,0.1527696817401478,0.15751005795490639,0.18830000703710287,0.2686020160252914,0.20220096856078576
periodic,muon/cos_raw_final,-1,attn_q,transformer.h.3.attn.c_q.weight,3.0,-1.0,g7-muon-768x768,-,L0:all,24.0,1.0,0.18243172533956842,0.403082376478656,0.02719834581963919,0.16987869684555157,0.15906517504368622,0.17098868946121826,0.18877670784730768,0.17608674283182915
periodic,muon/cos_raw_final,-1,attn_q,transformer.h.4.attn.c_q.weight,4.0,-1.0,g7-muon-768x768,-,L0:all,24.0,1.0,0.1119044291888163,0.2591686552752392,0.021857190046957152,0.16548787164677414,0.16902957957324213,0.12930985276151755,0.0734405613304214,0.11299533769718867
periodic,muon/cos_raw_final,-1,attn_q,transformer.h.5.attn.c_q.weight,5.0,-1.0,g7-muon-768x768,-,L0:all,24.0,1.0,0.07977328985946752,0.17444982454621485,0.014681061297978325,0.1747875817722052,0.19151983715198662,0.07665556485581024,0.11436821939920595,0.07369213625229817
periodic,muon/cos_raw_final,-1,attn_q,transformer.h.6.attn.c_q.weight,6.0,-1.0,g7-muon-768x768,-,L0:all,24.0,1.0,0.11311361300953618,0.3482307861424824,0.015465092379017885,0.15374651431121888,0.1807317542395474,0.08556931483396092,0.11973314473117622,0.10954748360138897
periodic,muon/cos_raw_final,-1,attn_q,transformer.h.7.attn.c_q.weight,7.0,-1.0,g7-muon-768x768,-,L0:all,24.0,1.0,0.127807711400711,0.23216568213262054,0.018365193056720193,0.15597929954696155,0.18913159911235627,0.0971027218239195,0.20175611502133098,0.10038297014805442
periodic,muon/cos_raw_final,-1,attn_q,transformer.h.8.attn.c_q.weight,8.0,-1.0,g7-muon-768x768,-,L0:all,24.0,1.0,0.10383210001264725,0.28962525242299836,0.016046217928722267,0.15009655885769174,0.1623079993554886,0.09886276703822638,0.10568587044460578,0.08722727207462382
periodic,muon/cos_raw_final,-1,attn_q,transformer.h.9.attn.c_q.weight,9.0,-1.0,g7-muon-768x768,-,L0:all,24.0,1.0,0.11947412025506515,0.3631701501874428,0.017117527729979695,0.1467329846239238,0.1747546682414783,0.09795176233190217,0.19328138844026374,0.10555450425478097
periodic,muon/cos_raw_final,-1,attn_v,transformer.h.0.attn.c_v.weight,0.0,-1.0,g7-muon-768x768,-,L0:all,24.0,1.0,0.052013509569121145,0.13533174189501337,0.00818323617864308,0.1631525986114478,0.1411441954173428,0.057977844249609015,0.11241100411482521,0.049637163465856046
periodic,muon/cos_raw_final,-1,attn_v,transformer.h.1.attn.c_v.weight,1.0,-1.0,g7-muon-768x768,-,L0:all,24.0,1.0,0.05204482835804296,0.10664147292883622,0.0061493050983671095,0.10548201927919466,0.11029655031826026,0.055752469869849185,0.09610198261100023,0.047627435676643286
periodic,muon/cos_raw_final,-1,attn_v,transformer.h.10.attn.c_v.weight,10.0,-1.0,g7-muon-768x768,-,L0:all,24.0,1.0,0.0493327378187389,0.10245637063157162,0.003689064209919885,0.07790632190573377,0.08515793136198188,0.04332026566308585,0.07121340414053483,0.04933018320028188
periodic,muon/cos_raw_final,-1,attn_v,transformer.h.11.attn.c_v.weight,11.0,-1.0,g7-muon-768x768,-,L0:all,24.0,1.0,0.05589438576180459,0.08991722701864756,0.0039718330811915415,0.06764995480016092,0.044144019243034814,0.08997443253466844,0.040989355912480804,0.056206568672842426
periodic,muon/cos_raw_final,-1,attn_v,transformer.h.2.attn.c_v.weight,2.0,-1.0,g7-muon-768x768,-,L0:all,24.0,1.0,0.06360289174683834,0.11122673170321298,0.008327458331551,0.12184409452728215,0.11094056667198218,0.07506233816321475,0.07310058409204134,0.060779604202667356
periodic,muon/cos_raw_final,-1,attn_v,transformer.h.3.attn.c_v.weight,3.0,-1.0,g7-muon-768x768,-,L0:all,24.0,1.0,0.06455636372990733,0.09508922945758563,0.006707930654566577,0.09131291019024243,0.07956828964576751,0.08430406993074525,0.07462343909165314,0.06057863343758372
periodic,muon/cos_raw_final,-1,attn_v,transformer.h.4.attn.c_v.weight,4.0,-1.0,g7-muon-768x768,-,L0:all,24.0,1.0,0.06108276286518491,0.09254096400881116,0.005654178846851806,0.107189184735006,0.10503297991538844,0.053832413889491185,0.05880687548152808,0.061959291045577014
periodic,muon/cos_raw_final,-1,attn_v,transformer.h.5.attn.c_v.weight,5.0,-1.0,g7-muon-768x768,-,L0:all,24.0,1.0,0.04764678677412397,0.0867450249105527,0.004356057366500422,0.09114952994084398,0.10184709780072075,0.04277055959928978,0.06642251668568884,0.04423596066732071
periodic,muon/cos_raw_final,-1,attn_v,transformer.h.6.attn.c_v.weight,6.0,-1.0,g7-muon-768x768,-,L0:all,24.0,1.0,0.07142497307276295,0.08818463075016833,0.007936007823133886,0.11301735495207038,0.12742187816336753,0.062281359665403255,0.07214781842647122,0.07070212771905468
periodic,muon/cos_raw_final,-1,attn_v,transformer.h.7.attn.c_v.weight,7.0,-1.0,g7-muon-768x768,-,L0:all,24.0,1.0,0.052877609099991944,0.08253222455653719,0.0037115089461026533,0.07409765553748711,0.06135631272258507,0.06049106899372814,0.0745609724723532,0.052302995804433185
periodic,muon/cos_raw_final,-1,attn_v,transformer.h.8.attn.c_v.weight,8.0,-1.0,g7-muon-768x768,-,L0:all,24.0,1.0,0.048784355928050464,0.0944847708861192,0.005121677247091615,0.08862720422178935,0.1003293774560445,0.05104862979275918,0.05719171507716435,0.0465578373711104
periodic,muon/cos_raw_final,-1,attn_v,transformer.h.9.attn.c_v.weight,9.0,-1.0,g7-muon-768x768,-,L0:all,24.0,1.0,0.05986786933456737,0.09610332953128814,0.00589681669882316,0.08888696583152866,0.07853956979229679,0.0750808377791945,0.04976876113313157,0.06060471735575019
periodic,muon/cos_raw_final,-1,mlp_in,transformer.h.0.mlp.c_fc.weight,0.0,-1.0,g9-muon-3072x768,-,L0:all,24.0,1.0,0.06087443475384517,0.10484211136710526,0.01522509219268472,0.25418341278932277,0.20479518460111146,0.07434301847643195,0.08313475689540319,0.045141303126219376
periodic,muon/cos_raw_final,-1,mlp_in,transformer.h.1.mlp.c_fc.weight,1.0,-1.0,g9-muon-3072x768,-,L0:all,24.0,1.0,0.03740399756460265,0.08456390739588257,0.009927491702045585,0.24797024393137834,0.20294317668835016,0.048917592914644994,0.06949140024947972,0.031241986668300716
periodic,muon/cos_raw_final,-1,mlp_in,transformer.h.10.mlp.c_fc.weight,10.0,-1.0,g9-muon-3072x768,-,L0:all,24.0,1.0,0.053608122061815075,0.12808461744057764,0.010304562475946025,0.20744912592592052,0.18774986262246163,0.054884527381343765,0.10200890663147957,0.04436576134089525
periodic,muon/cos_raw_final,-1,mlp_in,transformer.h.11.mlp.c_fc.weight,11.0,-1.0,g9-muon-3072x768,-,L0:all,24.0,1.0,0.1076152703863239,0.19449027655963871,0.012349881281331705,0.12272676996386547,0.16236826946283606,0.07606092817389071,0.11333120168359868,0.10691719608965378
periodic,muon/cos_raw_final,-1,mlp_in,transformer.h.2.mlp.c_fc.weight,2.0,-1.0,g9-muon-3072x768,-,L0:all,24.0,1.0,0.05449509042769072,0.09769771544959358,0.012704829344248398,0.21009532032586758,0.17612949667054417,0.07213345626038542,0.05663215773502421,0.05254103234198158
periodic,muon/cos_raw_final,-1,mlp_in,transformer.h.3.mlp.c_fc.weight,3.0,-1.0,g9-muon-3072x768,-,L0:all,24.0,1.0,0.04217465523552612,0.09822443336051409,0.010540289816392212,0.20982175754999816,0.18124382948406792,0.058155302977190446,0.07137301714550037,0.03958004790020317
periodic,muon/cos_raw_final,-1,mlp_in,transformer.h.4.mlp.c_fc.weight,4.0,-1.0,g9-muon-3072x768,-,L0:all,24.0,1.0,0.05506004044055428,0.10386579133904862,0.010021324534273252,0.21292288202669485,0.17892282031331602,0.05600920283239819,0.05610821512647002,0.05401186575463854
periodic,muon/cos_raw_final,-1,mlp_in,transformer.h.5.mlp.c_fc.weight,5.0,-1.0,g9-muon-3072x768,-,L0:all,24.0,1.0,0.03629666133145629,0.08519944647108911,0.008640223456392423,0.22144770906867844,0.2094204472619199,0.041257783417806324,0.04085023413749903,0.035348179477979254
periodic,muon/cos_raw_final,-1,mlp_in,transformer.h.6.mlp.c_fc.weight,6.0,-1.0,g9-muon-3072x768,-,L0:all,24.0,1.0,0.045194848999763525,0.09998862611123607,0.008356039646832755,0.21222005982133288,0.2041582097848238,0.04092923647616108,0.044569560209024826,0.04573485309170238
periodic,muon/cos_raw_final,-1,mlp_in,transformer.h.7.mlp.c_fc.weight,7.0,-1.0,g9-muon-3072x768,-,L0:all,24.0,1.0,0.043239899648450535,0.10995377133632181,0.009820068278049703,0.19801866844191324,0.19953925404926773,0.049213716493222204,0.041212937077813455,0.043504773763361496
periodic,muon/cos_raw_final,-1,mlp_in,transformer.h.8.mlp.c_fc.weight,8.0,-1.0,g9-muon-3072x768,-,L0:all,24.0,1.0,0.038473620877282545,0.13670422657073603,0.0075055738817631085,0.21526929630563366,0.19963429229525093,0.03759661627002776,0.05837679910745978,0.037828651332870396
periodic,muon/cos_raw_final,-1,mlp_in,transformer.h.9.mlp.c_fc.weight,9.0,-1.0,g9-muon-3072x768,-,L0:all,24.0,1.0,0.053329554179839526,0.13738869162475997,0.00918804341552663,0.2110350020528452,0.1995051805475742,0.04605415954767972,0.0748828363109678,0.05114608194587739
periodic,muon/cos_raw_final,-1,mlp_out,transformer.h.0.mlp.c_proj.weight,0.0,-1.0,g8-muon-768x3072,-,L0:all,25.0,1.0,0.04651098935985387,0.10270654535145034,0.011570888720003978,0.2796831134196583,0.2570408092403952,0.04501576521719711,0.0634365211917969,0.044480580873159065
periodic,muon/cos_raw_final,-1,mlp_out,transformer.h.1.mlp.c_proj.weight,1.0,-1.0,g8-muon-768x3072,-,L0:all,25.0,1.0,0.17208554048961,0.2550397265577223,0.04125119192468473,0.19783458756764255,0.1482012212664842,0.27834582989373596,0.06925961756160351,0.18973548624817346
periodic,muon/cos_raw_final,-1,mlp_out,transformer.h.10.mlp.c_proj.weight,10.0,-1.0,g8-muon-768x3072,-,L0:all,25.0,1.0,0.1932606762865417,0.34050714995045117,0.03519239890930928,0.1609144866999226,0.21993688438129055,0.16001135511358097,0.0792409565643219,0.19410311209691428
periodic,muon/cos_raw_final,-1,mlp_out,transformer.h.11.mlp.c_proj.weight,11.0,-1.0,g8-muon-768x3072,-,L0:all,25.0,1.0,0.13101682949035404,0.3215183832005233,0.008834033020999218,0.05977743744165097,0.08246254469853556,0.10712782455713012,0.07866847789529616,0.13734363021707952
periodic,muon/cos_raw_final,-1,mlp_out,transformer.h.2.mlp.c_proj.weight,2.0,-1.0,g8-muon-768x3072,-,L0:all,25.0,1.0,0.07431642412395392,0.10841675142973757,0.021136366276724265,0.29322361351229936,0.2642221287381563,0.07999468620461524,0.06408878944249222,0.07431642412395392
periodic,muon/cos_raw_final,-1,mlp_out,transformer.h.3.mlp.c_proj.weight,3.0,-1.0,g8-muon-768x3072,-,L0:all,25.0,1.0,0.2033491623998103,0.24902477455873354,0.05733488061190674,0.25359219395134963,0.2626013788863939,0.21833427095868693,0.0639435390185701,0.20780653972447616
periodic,muon/cos_raw_final,-1,mlp_out,transformer.h.4.mlp.c_proj.weight,4.0,-1.0,g8-muon-768x3072,-,L0:all,25.0,1.0,0.4370103706375681,0.5199800273702021,0.08582144091404038,0.20141504365101107,0.08266874399725482,1.038136504370869,0.04538699587597503,0.4638040586406653
periodic,muon/cos_raw_final,-1,mlp_out,transformer.h.5.mlp.c_proj.weight,5.0,-1.0,g8-muon-768x3072,-,L0:all,25.0,1.0,0.10700320871521042,0.21271579683278122,0.03114179812396139,0.2631358439994614,0.26993808975648403,0.11536644625460217,0.07409778351256961,0.1277969731643014
periodic,muon/cos_raw_final,-1,mlp_out,transformer.h.6.mlp.c_proj.weight,6.0,-1.0,g8-muon-768x3072,-,L0:all,25.0,1.0,0.2504833248594632,0.29076327276321723,0.07607005166713932,0.29294454811370735,0.2821797740488783,0.26958009986202164,0.04756563619257578,0.25665125571156433
periodic,muon/cos_raw_final,-1,mlp_out,transformer.h.7.mlp.c_proj.weight,7.0,-1.0,g8-muon-768x3072,-,L0:all,25.0,1.0,0.09000790638776623,0.21022550900841655,0.029957239752793127,0.24166670866958503,0.2926450081453238,0.10236716471827444,0.05851551534287491,0.0990854066015687
periodic,muon/cos_raw_final,-1,mlp_out,transformer.h.8.mlp.c_proj.weight,8.0,-1.0,g8-muon-768x3072,-,L0:all,25.0,1.0,0.08085733867509967,0.23785615491708179,0.023056417972908475,0.24558563601731426,0.30968277363387753,0.07445172911092215,0.07130142872038205,0.09259450721725358
periodic,muon/cos_raw_final,-1,mlp_out,transformer.h.9.mlp.c_proj.weight,9.0,-1.0,g8-muon-768x3072,-,L0:all,25.0,1.0,0.19815703273731142,0.35198634138783924,0.0503703398500646,0.17647490684423123,0.29293307622134135,0.17195169797761103,0.07264718734469289,0.2269190265746516
periodic,muon/cos_raw_final,-1,ve_gate,transformer.h.1.attn.ve_gate.weight,1.0,-1.0,g6-muon-6x12,-,L0:all,24.0,1.0,0.13607919641750593,0.2591285731754843,0.07398201850152178,0.5548177392615236,0.1598796185510275,0.46273577065052557,0.13739368553994152,0.1356820120630499
periodic,muon/cos_raw_final,-1,ve_gate,transformer.h.11.attn.ve_gate.weight,11.0,-1.0,g6-muon-6x12,-,L0:all,24.0,1.0,0.19105564692112212,0.41843223395314294,0.08510608850416636,0.4121370579472923,0.12348573097332005,0.6891977545369523,0.08965140820667154,0.20597582643832651
periodic,muon/cos_raw_final,-1,ve_gate,transformer.h.3.attn.ve_gate.weight,3.0,-1.0,g6-muon-6x12,-,L0:all,24.0,1.0,0.14799122194617542,0.26954756383877326,0.07702987791238498,0.5017877811517413,0.0641619639354642,1.2005536175585847,0.14983674028527538,0.1461457036070755
periodic,muon/cos_raw_final,-1,ve_gate,transformer.h.5.attn.ve_gate.weight,5.0,-1.0,g6-muon-6x12,-,L0:all,24.0,1.0,0.13079451658715868,0.2720387537820363,0.058654032321470956,0.44995560911545895,0.11534375394208501,0.5085150284853881,0.14446624353319892,0.1262684024303329
periodic,muon/cos_raw_final,-1,ve_gate,transformer.h.7.attn.ve_gate.weight,7.0,-1.0,g6-muon-6x12,-,L0:all,24.0,1.0,0.13481348293604467,0.25436904497164825,0.06039866872301106,0.47540010890272777,0.13714365238496956,0.4404044056918418,0.13025208096533425,0.13514719259402522
periodic,muon/cos_raw_final,-1,ve_gate,transformer.h.9.attn.ve_gate.weight,9.0,-1.0,g6-muon-6x12,-,L0:all,24.0,1.0,0.1500455795405134,0.36893350799944086,0.06290883729196317,0.40317465914944717,0.11237332478863565,0.5598200232153775,0.1297972547404462,0.15841283894269295
periodic,muon/cos_raw_momentum,-1,attn_k,transformer.h.0.attn.c_k.weight,0.0,-1.0,g7-muon-768x768,-,L0:all,24.0,1.0,0.087324919186489,0.19463983714951208,0.027440180002054136,0.3568072740544367,0.1758262578525115,0.15606417572210293,0.17637839945489173,0.07852638386506895
periodic,muon/cos_raw_momentum,-1,attn_k,transformer.h.1.attn.c_k.weight,1.0,-1.0,g7-muon-768x768,-,L0:all,24.0,1.0,0.06962391814185262,0.13862656490243971,0.025381713524775706,0.3613542290349397,0.1484868424339298,0.17093577524264122,0.11725059795975543,0.06679806076089717
periodic,muon/cos_raw_momentum,-1,attn_k,transformer.h.10.attn.c_k.weight,10.0,-1.0,g7-muon-768x768,-,L0:all,24.0,1.0,0.19026626382933848,0.48905800035411806,0.0906476968145156,0.4713373571727598,0.1975230451539562,0.45892213105494445,0.14712166347802486,0.21596315843399297
periodic,muon/cos_raw_momentum,-1,attn_k,transformer.h.11.attn.c_k.weight,11.0,-1.0,g7-muon-768x768,-,L0:all,24.0,1.0,0.15749657760515928,0.2829117797978034,0.07145976090028563,0.4644611510418362,0.2251303536794464,0.31741504302895635,0.15512447931559872,0.15986867589471987
periodic,muon/cos_raw_momentum,-1,attn_k,transformer.h.2.attn.c_k.weight,2.0,-1.0,g7-muon-768x768,-,L0:all,24.0,1.0,0.12034643707565895,0.5793358812188834,0.05083729944494586,0.4104764468426052,0.1425284368702665,0.3566818002166083,0.1787845762068685,0.11841766612113269
periodic,muon/cos_raw_momentum,-1,attn_k,transformer.h.3.attn.c_k.weight,3.0,-1.0,g7-muon-768x768,-,L0:all,24.0,1.0,0.10203044433408848,0.22121851865252157,0.036505852885969706,0.3955589141071424,0.1295968996756408,0.2816877022315943,0.15258196363283225,0.08991907414732135
periodic,muon/cos_raw_momentum,-1,attn_k,transformer.h.4.attn.c_k.weight,4.0,-1.0,g7-muon-768x768,-,L0:all,24.0,1.0,0.10722993532777059,0.21062874257885916,0.043172684259194835,0.4168310208456007,0.1475505168854414,0.29259595405358163,0.12279360610427129,0.10442988937734707
periodic,muon/cos_raw_momentum,-1,attn_k,transformer.h.5.attn.c_k.weight,5.0,-1.0,g7-muon-768x768,-,L0:all,24.0,1.0,0.08982285425877241,0.19536664405078014,0.03398149848823298,0.3815525196761607,0.12128568080475871,0.2801773322519017,0.16441035910587992,0.08974370401331641
periodic,muon/cos_raw_momentum,-1,attn_k,transformer.h.6.attn.c_k.weight,6.0,-1.0,g7-muon-768x768,-,L0:all,24.0,1.0,0.14253275364663315,0.4311920883617014,0.05664351583374087,0.42152025240267055,0.14484298298477716,0.39106841537290105,0.19079965013647257,0.1405811836306862
periodic,muon/cos_raw_momentum,-1,attn_k,transformer.h.7.attn.c_k.weight,7.0,-1.0,g7-muon-768x768,-,L0:all,24.0,1.0,0.12273926102150767,0.21965988752543672,0.049412286448746415,0.40865407971812195,0.11268657000442434,0.43849312696984544,0.12549992050443853,0.12212092647463918
periodic,muon/cos_raw_momentum,-1,attn_k,transformer.h.8.attn.c_k.weight,8.0,-1.0,g7-muon-768x768,-,L0:all,24.0,1.0,0.11720990978275378,0.27854917808952284,0.05341865552045941,0.41345220013275785,0.152791518280248,0.34961793770829397,0.16941519461568766,0.11521061304442706
periodic,muon/cos_raw_momentum,-1,attn_k,transformer.h.9.attn.c_k.weight,9.0,-1.0,g7-muon-768x768,-,L0:all,24.0,1.0,0.15952024722916097,0.30833772039904217,0.06988901557944607,0.41668713924860534,0.12057638664658948,0.5796243984677649,0.1606038155944346,0.15843667886388738
periodic,muon/cos_raw_momentum,-1,attn_out,transformer.h.0.attn.c_proj.weight,0.0,-1.0,g7-muon-768x768,-,L0:all,25.0,1.0,0.06270029062716441,0.16197412177600576,0.028808957031514107,0.46639309269184454,0.2353452013281122,0.12241149115825567,0.08467696930273202,0.06242955414574522
periodic,muon/cos_raw_momentum,-1,attn_out,transformer.h.1.attn.c_proj.weight,1.0,-1.0,g7-muon-768x768,-,L0:all,25.0,1.0,0.04311567115765504,0.12734547344804614,0.016498129594606375,0.4085605162775861,0.15278699944424562,0.10798123959903279,0.05955693231982052,0.04311567115765504
periodic,muon/cos_raw_momentum,-1,attn_out,transformer.h.10.attn.c_proj.weight,10.0,-1.0,g7-muon-768x768,-,L0:all,25.0,1.0,0.07194129108259262,0.2558951549400007,0.05168699294369264,0.633704824089186,0.24221032995863712,0.2133971451693219,0.1824813634390164,0.062140959820940866
periodic,muon/cos_raw_momentum,-1,attn_out,transformer.h.11.attn.c_proj.weight,11.0,-1.0,g7-muon-768x768,-,L0:all,25.0,1.0,0.07299562784542293,0.22596278403249626,0.05551689431529668,0.6451161644966207,0.26507959131363334,0.20943481178681517,0.14474513577735248,0.07232415634184182
periodic,muon/cos_raw_momentum,-1,attn_out,transformer.h.2.attn.c_proj.weight,2.0,-1.0,g7-muon-768x768,-,L0:all,25.0,1.0,0.06559535626156397,0.18235491039213717,0.033246441942835755,0.48531641252607177,0.14438099737740423,0.23026882032080254,0.1029525549940507,0.05767955879958227
periodic,muon/cos_raw_momentum,-1,attn_out,transformer.h.3.attn.c_proj.weight,3.0,-1.0,g7-muon-768x768,-,L0:all,25.0,1.0,0.08648669460289796,0.18965324827806504,0.04226655354737313,0.46860479674029887,0.11339876262601833,0.3727249977741419,0.14408569562427484,0.08258704563836226
periodic,muon/cos_raw_momentum,-1,attn_out,transformer.h.4.attn.c_proj.weight,4.0,-1.0,g7-muon-768x768,-,L0:all,25.0,1.0,0.05559185664039884,0.18415884464886764,0.028888973425080962,0.5137291753770187,0.13573053914664684,0.2128406297264358,0.07070053474606638,0.05107740695150832
periodic,muon/cos_raw_momentum,-1,attn_out,transformer.h.5.attn.c_proj.weight,5.0,-1.0,g7-muon-768x768,-,L0:all,25.0,1.0,0.07707575800210807,0.20259215843564066,0.0353466075024699,0.4771603545361839,0.10565481001798716,0.33454802007076,0.061837597184699326,0.07801499659569638
periodic,muon/cos_raw_momentum,-1,attn_out,transformer.h.6.attn.c_proj.weight,6.0,-1.0,g7-muon-768x768,-,L0:all,25.0,1.0,0.05708165125775695,0.3488805721788363,0.031033930825905894,0.5294444746252696,0.15622553329516992,0.1986482630036596,0.05155902593945949,0.05708165125775695
periodic,muon/cos_raw_momentum,-1,attn_out,transformer.h.7.attn.c_proj.weight,7.0,-1.0,g7-muon-768x768,-,L0:all,25.0,1.0,0.06403508928673149,0.24741990607259026,0.04008208129615474,0.6007059069208464,0.20952816860083995,0.19129686267870172,0.06700456371396109,0.06403508928673149
periodic,muon/cos_raw_momentum,-1,attn_out,transformer.h.8.attn.c_proj.weight,8.0,-1.0,g7-muon-768x768,-,L0:all,25.0,1.0,0.07085764486878568,0.2564419957352943,0.04238261950273076,0.5726717778316911,0.2100048324119811,0.2018173535149221,0.14335900561368592,0.06584212853980703
periodic,muon/cos_raw_momentum,-1,attn_out,transformer.h.9.attn.c_proj.weight,9.0,-1.0,g7-muon-768x768,-,L0:all,25.0,1.0,0.07585817754413071,0.2167676080689758,0.04333788455910673,0.5510758655120662,0.19151335018750104,0.22629171552101615,0.08754106397241043,0.07137913675210843
periodic,muon/cos_raw_momentum,-1,attn_q,transformer.h.0.attn.c_q.weight,0.0,-1.0,g7-muon-768x768,-,L0:all,24.0,1.0,0.0965011402148779,0.26057775425228163,0.03189628331956449,0.3401481024603481,0.18728770353807486,0.17030634001596426,0.11012957790588336,0.08584158295278478
periodic,muon/cos_raw_momentum,-1,attn_q,transformer.h.1.attn.c_q.weight,1.0,-1.0,g7-muon-768x768,-,L0:all,24.0,1.0,0.09008268976161195,0.3414973108458144,0.033279256994129675,0.3687058902142547,0.15729189127035814,0.21157643108841678,0.11514229462176379,0.08838919974733143
periodic,muon/cos_raw_momentum,-1,attn_q,transformer.h.10.attn.c_q.weight,10.0,-1.0,g7-muon-768x768,-,L0:all,24.0,1.0,0.23979736236295263,0.6810456932617666,0.11787507771200269,0.47176990646916184,0.19354721137969166,0.6090249343906123,0.18470580722438476,0.25463932811459883
periodic,muon/cos_raw_momentum,-1,attn_q,transformer.h.11.attn.c_q.weight,11.0,-1.0,g7-muon-768x768,-,L0:all,24.0,1.0,0.1832267797053873,0.3614604104457671,0.10428417767947415,0.553235499781527,0.2652911754293544,0.39309327764369784,0.22180670862839522,0.1648899906206255
periodic,muon/cos_raw_momentum,-1,attn_q,transformer.h.2.attn.c_q.weight,2.0,-1.0,g7-muon-768x768,-,L0:all,24.0,1.0,0.21347790629051142,0.6451479995098686,0.10167750136495149,0.4224677991154594,0.19629382781788512,0.5179862377500962,0.24148659776382886,0.2003803533796146
periodic,muon/cos_raw_momentum,-1,attn_q,transformer.h.3.attn.c_q.weight,3.0,-1.0,g7-muon-768x768,-,L0:all,24.0,1.0,0.2067101313058147,0.7153714736035021,0.07763099244264388,0.42352152121560327,0.15468481738187762,0.5018656242842026,0.23427320617336428,0.2049319717008945
periodic,muon/cos_raw_momentum,-1,attn_q,transformer.h.4.attn.c_q.weight,4.0,-1.0,g7-muon-768x768,-,L0:all,24.0,1.0,0.15679022154342165,0.4253155618990448,0.06589754487536838,0.4291566042354006,0.17605642962491241,0.3742978601563309,0.18122771490468095,0.15654482827412197
periodic,muon/cos_raw_momentum,-1,attn_q,transformer.h.5.attn.c_q.weight,5.0,-1.0,g7-muon-768x768,-,L0:all,24.0,1.0,0.11212468359981886,0.3584099877134881,0.047748745425872034,0.4044664392455034,0.07246386984563552,0.658931761822653,0.1947103270504234,0.11209056801492924
periodic,muon/cos_raw_momentum,-1,attn_q,transformer.h.6.attn.c_q.weight,6.0,-1.0,g7-muon-768x768,-,L0:all,24.0,1.0,0.1324406235008142,0.5202296553127929,0.06400880621829153,0.43698047648136457,0.13933452321242917,0.45938942296952356,0.1934128732295765,0.1291900886313682
periodic,muon/cos_raw_momentum,-1,attn_q,transformer.h.7.attn.c_q.weight,7.0,-1.0,g7-muon-768x768,-,L0:all,24.0,1.0,0.1722881045455258,0.48000289342926067,0.06811904223742349,0.4186131593433735,0.24166823591375258,0.2818700686081643,0.1990749847753477,0.1688138299106027
periodic,muon/cos_raw_momentum,-1,attn_q,transformer.h.8.attn.c_q.weight,8.0,-1.0,g7-muon-768x768,-,L0:all,24.0,1.0,0.14447960437658175,0.3090626741137416,0.07197625527944662,0.4819124444652838,0.14833698884824137,0.48522122390581307,0.196675394644238,0.13338536568159123
periodic,muon/cos_raw_momentum,-1,attn_q,transformer.h.9.attn.c_q.weight,9.0,-1.0,g7-muon-768x768,-,L0:all,24.0,1.0,0.1868346745301338,0.3065212949431361,0.08700472154167513,0.4417252362148446,0.16467465475149445,0.5283431240403772,0.21070556929393952,0.18110977142130325
periodic,muon/cos_raw_momentum,-1,attn_v,transformer.h.0.attn.c_v.weight,0.0,-1.0,g7-muon-768x768,-,L0:all,24.0,1.0,0.07754688306846633,0.22141852364713704,0.03475456056985625,0.4406811779205956,0.22371566152231748,0.15535148649567923,0.10432231139979145,0.07441866018452074
periodic,muon/cos_raw_momentum,-1,attn_v,transformer.h.1.attn.c_v.weight,1.0,-1.0,g7-muon-768x768,-,L0:all,24.0,1.0,0.06375612452954904,0.10956359436686157,0.0411464740033638,0.6424338085527279,0.2773423667160315,0.14835985749517067,0.06518471077934031,0.062327538279757774
periodic,muon/cos_raw_momentum,-1,attn_v,transformer.h.10.attn.c_v.weight,10.0,-1.0,g7-muon-768x768,-,L0:all,24.0,1.0,0.05154862021103654,0.24405461073405904,0.03871436621750754,0.7060445104532325,0.2602978610054617,0.14873101940970315,0.10415030609517933,0.05139835979070819
periodic,muon/cos_raw_momentum,-1,attn_v,transformer.h.11.attn.c_v.weight,11.0,-1.0,g7-muon-768x768,-,L0:all,24.0,1.0,0.06788420168855946,0.2506314903098758,0.04009751582358593,0.6161249915262068,0.21876582957353446,0.18328966594898596,0.05438291958103534,0.0685456232459604
periodic,muon/cos_raw_momentum,-1,attn_v,transformer.h.2.attn.c_v.weight,2.0,-1.0,g7-muon-768x768,-,L0:all,24.0,1.0,0.06851761309927361,0.17479242892029812,0.039633701554917355,0.6200489913812328,0.22470155070304748,0.17638374737918455,0.06783495331654696,0.06920027288200026
periodic,muon/cos_raw_momentum,-1,attn_v,transformer.h.3.attn.c_v.weight,3.0,-1.0,g7-muon-768x768,-,L0:all,24.0,1.0,0.05338507965860835,0.1260114715135499,0.03919831041194906,0.7375991204299216,0.2729411135298997,0.1436145324718734,0.09999980027216686,0.0533001477308348
periodic,muon/cos_raw_momentum,-1,attn_v,transformer.h.4.attn.c_v.weight,4.0,-1.0,g7-muon-768x768,-,L0:all,24.0,1.0,0.062338144945818935,0.185045125677215,0.0418098324531926,0.6895757936925034,0.26422994579221915,0.15823275566982986,0.08292308423819059,0.05949371465652081
periodic,muon/cos_raw_momentum,-1,attn_v,transformer.h.5.attn.c_v.weight,5.0,-1.0,g7-muon-768x768,-,L0:all,24.0,1.0,0.05548153654812829,0.1752829751169338,0.03616400679435004,0.7373339466095293,0.2741562908242817,0.13191018409834365,0.07545415247501208,0.05174429916818826
periodic,muon/cos_raw_momentum,-1,attn_v,transformer.h.6.attn.c_v.weight,6.0,-1.0,g7-muon-768x768,-,L0:all,24.0,1.0,0.07153178999100876,0.23771704883954503,0.046058416377906405,0.658154593186461,0.24043461851403175,0.19156316450003408,0.09223121820496448,0.07011376290627531
periodic,muon/cos_raw_momentum,-1,attn_v,transformer.h.7.attn.c_v.weight,7.0,-1.0,g7-muon-768x768,-,L0:all,24.0,1.0,0.05791129734284035,0.16540078206874337,0.034839442604225765,0.6738789695750963,0.20679032675530074,0.1684771389014342,0.1168556077752797,0.05654069210450781
periodic,muon/cos_raw_momentum,-1,attn_v,transformer.h.8.attn.c_v.weight,8.0,-1.0,g7-muon-768x768,-,L0:all,24.0,1.0,0.04971756174331721,0.1922466210731989,0.031832959054558796,0.6928537872001497,0.25388366028163,0.12538404015148863,0.08579127827668603,0.047568832231224385
periodic,muon/cos_raw_momentum,-1,attn_v,transformer.h.9.attn.c_v.weight,9.0,-1.0,g7-muon-768x768,-,L0:all,24.0,1.0,0.06845845058800334,0.2173451520600359,0.043116811800448906,0.6115682397013331,0.18026888612086256,0.2391805526081796,0.09899820818532698,0.06739886738874379
periodic,muon/cos_raw_momentum,-1,mlp_in,transformer.h.0.mlp.c_fc.weight,0.0,-1.0,g9-muon-3072x768,-,L0:all,24.0,1.0,0.05647541028285237,0.1396495534577102,0.020946346278954697,0.3875993186619504,0.12299281698331199,0.17030544378698761,0.0712204897183783,0.05013388243907422
periodic,muon/cos_raw_momentum,-1,mlp_in,transformer.h.1.mlp.c_fc.weight,1.0,-1.0,g9-muon-3072x768,-,L0:all,24.0,1.0,0.05943180806739688,0.10880075546837067,0.02214478777380508,0.39356797422646195,0.11825760300672461,0.18725889254279776,0.07783876948139071,0.051668741071429575
periodic,muon/cos_raw_momentum,-1,mlp_in,transformer.h.10.mlp.c_fc.weight,10.0,-1.0,g9-muon-3072x768,-,L0:all,24.0,1.0,0.07262519767518259,0.3952337430270689,0.03235372277045398,0.4254111273836448,0.09048425075043365,0.3575619237837246,0.09172971367369026,0.06860187214166188
periodic,muon/cos_raw_momentum,-1,mlp_in,transformer.h.11.mlp.c_fc.weight,11.0,-1.0,g9-muon-3072x768,-,L0:all,24.0,1.0,0.2679363430701129,2.111389300059101,0.13608280855589627,0.4603471970676901,0.28533031839891215,0.4769307703419123,0.17963954850888894,0.28169872170473026
periodic,muon/cos_raw_momentum,-1,mlp_in,transformer.h.2.mlp.c_fc.weight,2.0,-1.0,g9-muon-3072x768,-,L0:all,24.0,1.0,0.05491100765595852,0.13187057522457402,0.024264103890969696,0.41993306856966883,0.11973927194334455,0.20264115103731734,0.06482982113554638,0.05210721081961183
periodic,muon/cos_raw_momentum,-1,mlp_in,transformer.h.3.mlp.c_fc.weight,3.0,-1.0,g9-muon-3072x768,-,L0:all,24.0,1.0,0.07879989591541423,0.13099641709238202,0.03508944048589438,0.4407092615626073,0.09876921893018265,0.35526696339168357,0.0657708018233408,0.08042901695551236
periodic,muon/cos_raw_momentum,-1,mlp_in,transformer.h.4.mlp.c_fc.weight,4.0,-1.0,g9-muon-3072x768,-,L0:all,24.0,1.0,0.07585110792238407,0.17108487658258067,0.032554761435289056,0.44007857764064284,0.08155119731663851,0.3991941566337624,0.0797160259515085,0.07536940313218078
periodic,muon/cos_raw_momentum,-1,mlp_in,transformer.h.5.mlp.c_fc.weight,5.0,-1.0,g9-muon-3072x768,-,L0:all,24.0,1.0,0.06267693973171903,0.17544732526910106,0.028002937368128276,0.4326404713564475,0.06334213761580282,0.4420901854935506,0.057099063798934355,0.06541104156483035
periodic,muon/cos_raw_momentum,-1,mlp_in,transformer.h.6.mlp.c_fc.weight,6.0,-1.0,g9-muon-3072x768,-,L0:all,24.0,1.0,0.07325580476891087,0.14280633772806026,0.03129807150492778,0.43123072786354,0.06638236524244401,0.47148171642603964,0.09268670486182919,0.06840856289269283
periodic,muon/cos_raw_momentum,-1,mlp_in,transformer.h.7.mlp.c_fc.weight,7.0,-1.0,g9-muon-3072x768,-,L0:all,24.0,1.0,0.06651314679183191,0.22817329906267042,0.02856649684797105,0.4350692963237105,0.1158429290366983,0.24659681074639755,0.059131634940710144,0.07389465864295368
periodic,muon/cos_raw_momentum,-1,mlp_in,transformer.h.8.mlp.c_fc.weight,8.0,-1.0,g9-muon-3072x768,-,L0:all,24.0,1.0,0.06162404393660599,0.19805802609527973,0.025182653873950703,0.42013944400965014,0.05022874031243041,0.5013594551109736,0.06934987131620124,0.042115642907755886
periodic,muon/cos_raw_momentum,-1,mlp_in,transformer.h.9.mlp.c_fc.weight,9.0,-1.0,g9-muon-3072x768,-,L0:all,24.0,1.0,0.1016844246416489,0.4490284446644737,0.04565336641933587,0.4129249115180108,0.09778899648409617,0.46685586375518917,0.0902511993439024,0.10454214121235479
periodic,muon/cos_raw_momentum,-1,mlp_out,transformer.h.0.mlp.c_proj.weight,0.0,-1.0,g8-muon-768x3072,-,L0:all,25.0,1.0,0.050142086158654633,0.16404833836790736,0.018357671416598848,0.3835213991618402,0.3096576493389909,0.05928376533176544,0.0716883766745818,0.04814738518434356
periodic,muon/cos_raw_momentum,-1,mlp_out,transformer.h.1.mlp.c_proj.weight,1.0,-1.0,g8-muon-768x3072,-,L0:all,25.0,1.0,0.092405742195476,0.1829371120117123,0.04112096629013702,0.43021518752034876,0.2652846027286069,0.15500698445060096,0.07828214434571532,0.10024655252648745
periodic,muon/cos_raw_momentum,-1,mlp_out,transformer.h.10.mlp.c_proj.weight,10.0,-1.0,g8-muon-768x3072,-,L0:all,25.0,1.0,0.10304516785697629,0.2637546939646976,0.04222599947836899,0.5076150000265028,0.26235705053547215,0.160948598073448,0.10948645998543824,0.10304516785697629
periodic,muon/cos_raw_momentum,-1,mlp_out,transformer.h.11.mlp.c_proj.weight,11.0,-1.0,g8-muon-768x3072,-,L0:all,25.0,1.0,0.06183191180163558,0.32832640113007167,0.041993733303743716,0.6584852364681064,0.3407497900636129,0.12323920521243495,0.09787613143596743,0.055290656162957454
periodic,muon/cos_raw_momentum,-1,mlp_out,transformer.h.2.mlp.c_proj.weight,2.0,-1.0,g8-muon-768x3072,-,L0:all,25.0,1.0,0.06327489111575395,0.18433851567406723,0.02527803150704072,0.3975195863023896,0.301023677666339,0.08397356547832568,0.05763902620412756,0.06480668789924893
periodic,muon/cos_raw_momentum,-1,mlp_out,transformer.h.3.mlp.c_proj.weight,3.0,-1.0,g8-muon-768x3072,-,L0:all,25.0,1.0,0.11314142687847964,0.2403936148081003,0.04430264463875539,0.413482113682913,0.2338352815241524,0.18946090748148908,0.08449102687436237,0.11314142687847964
periodic,muon/cos_raw_momentum,-1,mlp_out,transformer.h.4.mlp.c_proj.weight,4.0,-1.0,g8-muon-768x3072,-,L0:all,25.0,1.0,0.16423478596515026,0.27834570057503416,0.078381011602234,0.4540158515476605,0.22683211858391045,0.3455463542445337,0.08727560853086808,0.1685917851792494
periodic,muon/cos_raw_momentum,-1,mlp_out,transformer.h.5.mlp.c_proj.weight,5.0,-1.0,g8-muon-768x3072,-,L0:all,25.0,1.0,0.09662905348513541,0.3905414145043838,0.038596899060568124,0.4176736967015049,0.1973133265001189,0.19561222622509922,0.08233920284640514,0.09662905348513541
periodic,muon/cos_raw_momentum,-1,mlp_out,transformer.h.6.mlp.c_proj.weight,6.0,-1.0,g8-muon-768x3072,-,L0:all,25.0,1.0,0.12873260164614633,0.4300494936209167,0.05097236352992096,0.40721604612016826,0.22735145108416838,0.22420073980988292,0.08117639366253064,0.12873260164614633
periodic,muon/cos_raw_momentum,-1,mlp_out,transformer.h.7.mlp.c_proj.weight,7.0,-1.0,g8-muon-768x3072,-,L0:all,25.0,1.0,0.06668374138858957,0.17978814621688338,0.029368872715616393,0.4220437144690296,0.24384414381890668,0.12044116481807939,0.09890913839714485,0.06659185498432083
periodic,muon/cos_raw_momentum,-1,mlp_out,transformer.h.8.mlp.c_proj.weight,8.0,-1.0,g8-muon-768x3072,-,L0:all,25.0,1.0,0.09019358304958691,0.19290161456735758,0.04216275474920776,0.4074854831889804,0.2625376183434096,0.16059700326090873,0.1039730056292502,0.09019358304958691
periodic,muon/cos_raw_momentum,-1,mlp_out,transformer.h.9.mlp.c_proj.weight,9.0,-1.0,g8-muon-768x3072,-,L0:all,25.0,1.0,0.13593365199050836,0.19663317055800172,0.05901324680570892,0.47511932559043857,0.24940954112319758,0.2366118254335704,0.10834426024082167,0.1395807849517804
periodic,muon/cos_raw_momentum,-1,ve_gate,transformer.h.1.attn.ve_gate.weight,1.0,-1.0,g6-muon-6x12,-,L0:all,24.0,1.0,0.40099412305171767,0.9799843492980779,0.22369921397629922,0.5587722557333598,0.32955765472658877,0.6787862784188309,0.5959059114852081,0.38830866674410114
periodic,muon/cos_raw_momentum,-1,ve_gate,transformer.h.11.attn.ve_gate.weight,11.0,-1.0,g6-muon-6x12,-,L0:all,24.0,1.0,0.3352638180410117,1.611137016784312,0.21333965082717105,0.7260589912896553,0.4345781657036808,0.49091203300958686,0.3513096860002242,0.3325730114292157
periodic,muon/cos_raw_momentum,-1,ve_gate,transformer.h.3.attn.ve_gate.weight,3.0,-1.0,g6-muon-6x12,-,L0:all,24.0,1.0,0.3824806718392436,5.717557032211616,0.2417837037577893,0.6111511316476269,0.4980888215676862,0.48542286694328646,0.4672873374388899,0.3790226147139236
periodic,muon/cos_raw_momentum,-1,ve_gate,transformer.h.5.attn.ve_gate.weight,5.0,-1.0,g6-muon-6x12,-,L0:all,24.0,1.0,0.3124458955721309,1.1608707813552492,0.2264754434843257,0.701716533564892,0.35146575810579866,0.6443741339267303,0.49954054121160285,0.301721952622757
periodic,muon/cos_raw_momentum,-1,ve_gate,transformer.h.7.attn.ve_gate.weight,7.0,-1.0,g6-muon-6x12,-,L0:all,24.0,1.0,0.2746684201694074,0.8235956939948211,0.17941165663163497,0.7335340825597706,0.3916812697952658,0.4580552364053929,0.30600289156707633,0.2496267506689437
periodic,muon/cos_raw_momentum,-1,ve_gate,transformer.h.9.attn.ve_gate.weight,9.0,-1.0,g6-muon-6x12,-,L0:all,24.0,1.0,0.3050034285932902,1.033160832503354,0.19043454134367926,0.6827017485050746,0.27914884491804115,0.6821971317831939,0.44103524642297787,0.2745267270765104
periodic,muon/cos_raw_nesterov,-1,attn_k,transformer.h.0.attn.c_k.weight,0.0,-1.0,g7-muon-768x768,-,L0:all,24.0,1.0,0.04575270074721663,0.0765369945430575,0.031034132624367404,0.6772427704079851,0.18141427849555813,0.1710677510156802,0.04288439135612935,0.04586861267950909
periodic,muon/cos_raw_nesterov,-1,attn_k,transformer.h.1.attn.c_k.weight,1.0,-1.0,g7-muon-768x768,-,L0:all,24.0,1.0,0.030992952506213835,0.07936187938632257,0.021052657472846403,0.6825982896561218,0.1383306298597079,0.1521908596396733,0.034123388579592254,0.026155719896786854
periodic,muon/cos_raw_nesterov,-1,attn_k,transformer.h.10.attn.c_k.weight,10.0,-1.0,g7-muon-768x768,-,L0:all,24.0,1.0,0.06984462721297482,0.19594867211968706,0.05866493405458764,0.8256406614619787,0.16959338192490414,0.3459152320021806,0.032997561400855434,0.07485629966918357
periodic,muon/cos_raw_nesterov,-1,attn_k,transformer.h.11.attn.c_k.weight,11.0,-1.0,g7-muon-768x768,-,L0:all,24.0,1.0,0.05337387126929506,0.18225959942799635,0.045949416362754764,0.8336529905806893,0.15800118067002866,0.29081691774643137,0.04559170100128244,0.05569460722219391
periodic,muon/cos_raw_nesterov,-1,attn_k,transformer.h.2.attn.c_k.weight,2.0,-1.0,g7-muon-768x768,-,L0:all,24.0,1.0,0.04496986532129241,0.1712127750975092,0.034578131275584616,0.7568520358577915,0.09626208926205893,0.3592081944268933,0.03945123179927675,0.04598525242033092
periodic,muon/cos_raw_nesterov,-1,attn_k,transformer.h.3.attn.c_k.weight,3.0,-1.0,g7-muon-768x768,-,L0:all,24.0,1.0,0.03773728581674072,0.08672366995492999,0.03127027724862261,0.7410713905219823,0.09777577135608007,0.31981621637882485,0.03390317872440744,0.041571392909073995
periodic,muon/cos_raw_nesterov,-1,attn_k,transformer.h.4.attn.c_k.weight,4.0,-1.0,g7-muon-768x768,-,L0:all,24.0,1.0,0.039824240031552695,0.16359772254565705,0.03190207247310203,0.7551991978743817,0.1179222575533121,0.27053478397561426,0.03561790263691262,0.04166094852634536
periodic,muon/cos_raw_nesterov,-1,attn_k,transformer.h.5.attn.c_k.weight,5.0,-1.0,g7-muon-768x768,-,L0:all,24.0,1.0,0.04083195649423681,0.09595448026585975,0.03010405978433127,0.7257030434381109,0.0725034202809387,0.41520882280702126,0.04612485942025704,0.039402838683417554
periodic,muon/cos_raw_nesterov,-1,attn_k,transformer.h.6.attn.c_k.weight,6.0,-1.0,g7-muon-768x768,-,L0:all,24.0,1.0,0.05630613421303375,0.15322334502998786,0.0436732683591051,0.7658487502664677,0.1436648289353062,0.3039941555825862,0.05965933436828044,0.055765524001411035
periodic,muon/cos_raw_nesterov,-1,attn_k,transformer.h.7.attn.c_k.weight,7.0,-1.0,g7-muon-768x768,-,L0:all,24.0,1.0,0.053171713187622524,0.11588020566504574,0.041166192706313234,0.7667400495453855,0.11689587290216885,0.35216121565528297,0.05493492733484772,0.052577222441670034
periodic,muon/cos_raw_nesterov,-1,attn_k,transformer.h.8.attn.c_k.weight,8.0,-1.0,g7-muon-768x768,-,L0:all,24.0,1.0,0.0452423504148495,0.15357177334368513,0.0370733519159108,0.7742341919170752,0.1258406528664574,0.29460552747809715,0.04457407555745042,0.045910625272248595
periodic,muon/cos_raw_nesterov,-1,attn_k,transformer.h.9.attn.c_k.weight,9.0,-1.0,g7-muon-768x768,-,L0:all,24.0,1.0,0.05461944982341203,0.1708578920094635,0.045349598760101584,0.742166503469571,0.12213035607273726,0.37132126867044174,0.049293202649753926,0.0563753350809237
periodic,muon/cos_raw_nesterov,-1,attn_out,transformer.h.0.attn.c_proj.weight,0.0,-1.0,g7-muon-768x768,-,L0:all,25.0,1.0,0.021370199271907295,0.04799701232077551,0.01790545303034289,0.8301460986919462,0.16193272692274197,0.11057340520724741,0.023728876437561795,0.021370199271907295
periodic,muon/cos_raw_nesterov,-1,attn_out,transformer.h.1.attn.c_proj.weight,1.0,-1.0,g7-muon-768x768,-,L0:all,25.0,1.0,0.01936267992090126,0.0485116332209229,0.014754722702296899,0.7620186235878305,0.1362350493885779,0.10830342682383137,0.022886244317174648,0.01936267992090126
periodic,muon/cos_raw_nesterov,-1,attn_out,transformer.h.10.attn.c_proj.weight,10.0,-1.0,g7-muon-768x768,-,L0:all,25.0,1.0,0.012874336025648525,0.07049127706705122,0.011933405871117254,0.9133531532735498,0.1086472028159351,0.10983629179422373,0.035132699383642094,0.012832782605640908
periodic,muon/cos_raw_nesterov,-1,attn_out,transformer.h.11.attn.c_proj.weight,11.0,-1.0,g7-muon-768x768,-,L0:all,25.0,1.0,0.011551951057392824,0.04789926738837717,0.010883957849723357,0.9217894209969082,0.10595604720952712,0.10272144097826177,0.02313518172038883,0.010171747521624228
periodic,muon/cos_raw_nesterov,-1,attn_out,transformer.h.2.attn.c_proj.weight,2.0,-1.0,g7-muon-768x768,-,L0:all,25.0,1.0,0.01797717700230437,0.09258987866946256,0.015126463872613112,0.8480313626494326,0.12700340373179997,0.11910282266573337,0.027219948573555693,0.01797717700230437
periodic,muon/cos_raw_nesterov,-1,attn_out,transformer.h.3.attn.c_proj.weight,3.0,-1.0,g7-muon-768x768,-,L0:all,25.0,1.0,0.026642075845892545,0.0615031238414097,0.022929303221612192,0.8397671565799095,0.1273454087225433,0.18005598671853126,0.03715553062888806,0.02365975142375744
periodic,muon/cos_raw_nesterov,-1,attn_out,transformer.h.4.attn.c_proj.weight,4.0,-1.0,g7-muon-768x768,-,L0:all,25.0,1.0,0.017673963527256035,0.05086853000627449,0.015583998322875648,0.8691601625308772,0.11687485685772692,0.1333391863901594,0.01644659726189712,0.017673963527256035
periodic,muon/cos_raw_nesterov,-1,attn_out,transformer.h.5.attn.c_proj.weight,5.0,-1.0,g7-muon-768x768,-,L0:all,25.0,1.0,0.02062930097597983,0.07263792259362892,0.01701407783700182,0.8347946873743277,0.11558459238793362,0.14720022353756204,0.019000669179124442,0.021046100567334865
periodic,muon/cos_raw_nesterov,-1,attn_out,transformer.h.6.attn.c_proj.weight,6.0,-1.0,g7-muon-768x768,-,L0:all,25.0,1.0,0.015251655137873943,0.06630028827140871,0.013015451289878396,0.8678116865873775,0.1231896516112847,0.10565377139751668,0.019663165670585195,0.014110692414507903
periodic,muon/cos_raw_nesterov,-1,attn_out,transformer.h.7.attn.c_proj.weight,7.0,-1.0,g7-muon-768x768,-,L0:all,25.0,1.0,0.01327316370756617,0.04739003844708099,0.01170804997470628,0.9100078617958346,0.11325841633179923,0.10337465730058108,0.013777045567743833,0.013072578776316476
periodic,muon/cos_raw_nesterov,-1,attn_out,transformer.h.8.attn.c_proj.weight,8.0,-1.0,g7-muon-768x768,-,L0:all,25.0,1.0,0.016178196432347632,0.07141296852752568,0.013941469768094857,0.886599838829892,0.11931682427494728,0.11684412364151499,0.026853957579823614,0.01455401885108659
periodic,muon/cos_raw_nesterov,-1,attn_out,transformer.h.9.attn.c_proj.weight,9.0,-1.0,g7-muon-768x768,-,L0:all,25.0,1.0,0.01910903682918586,0.04578945834182299,0.015984234997639887,0.8882817141570606,0.12384950823157703,0.12906175588321392,0.018615912549571085,0.01910903682918586
periodic,muon/cos_raw_nesterov,-1,attn_q,transformer.h.0.attn.c_q.weight,0.0,-1.0,g7-muon-768x768,-,L0:all,24.0,1.0,0.04058213658203304,0.13265440542771062,0.027225369858968257,0.662215630709625,0.1929934238500569,0.1410688992186623,0.04093314877933052,0.04023112438473556
periodic,muon/cos_raw_nesterov,-1,attn_q,transformer.h.1.attn.c_q.weight,1.0,-1.0,g7-muon-768x768,-,L0:all,24.0,1.0,0.03765032663842846,0.09401313830145627,0.025310352141021,0.6910709285622469,0.14006679030592029,0.18070202141236041,0.03079610780775966,0.03803935998367073
periodic,muon/cos_raw_nesterov,-1,attn_q,transformer.h.10.attn.c_q.weight,10.0,-1.0,g7-muon-768x768,-,L0:all,24.0,1.0,0.06918194161545943,0.1718292443225907,0.05609525236350435,0.8503787358835395,0.135254004857999,0.41474004723481467,0.06869907030744404,0.07237044875202622
periodic,muon/cos_raw_nesterov,-1,attn_q,transformer.h.11.attn.c_q.weight,11.0,-1.0,g7-muon-768x768,-,L0:all,24.0,1.0,0.04661496566565437,0.1726570439866878,0.04195158903755074,0.8800542084278089,0.16363289878984377,0.25637625042278206,0.06430917393162111,0.042882212143106904
periodic,muon/cos_raw_nesterov,-1,attn_q,transformer.h.2.attn.c_q.weight,2.0,-1.0,g7-muon-768x768,-,L0:all,24.0,1.0,0.06837286737795177,0.2070050622777097,0.05701803618868077,0.7952277962096401,0.1323682967836045,0.430752964071856,0.068708098921051,0.06803763583485255
periodic,muon/cos_raw_nesterov,-1,attn_q,transformer.h.3.attn.c_q.weight,3.0,-1.0,g7-muon-768x768,-,L0:all,24.0,1.0,0.06993049124319224,0.17134923284752596,0.05519807582673823,0.7834922185921678,0.1032703921188074,0.5345004961657899,0.052889366005863546,0.07253429785033372
periodic,muon/cos_raw_nesterov,-1,attn_q,transformer.h.4.attn.c_q.weight,4.0,-1.0,g7-muon-768x768,-,L0:all,24.0,1.0,0.05729578881170533,0.1529864880500228,0.04517968105172762,0.7812771296640635,0.1602741144413301,0.28189006820727797,0.06331394900271954,0.054400312462033334
periodic,muon/cos_raw_nesterov,-1,attn_q,transformer.h.5.attn.c_q.weight,5.0,-1.0,g7-muon-768x768,-,L0:all,24.0,1.0,0.04060278539637109,0.10870274855960249,0.03213025797218927,0.7670974520862756,0.08942976800153624,0.3592792276016788,0.054475433174859075,0.03875834920032741
periodic,muon/cos_raw_nesterov,-1,attn_q,transformer.h.6.attn.c_q.weight,6.0,-1.0,g7-muon-768x768,-,L0:all,24.0,1.0,0.05537337507716396,0.10745627937455805,0.04528778832195422,0.7982639988451774,0.14200492731946235,0.31891702053459203,0.07228617375094072,0.04816451934837566
periodic,muon/cos_raw_nesterov,-1,attn_q,transformer.h.7.attn.c_q.weight,7.0,-1.0,g7-muon-768x768,-,L0:all,24.0,1.0,0.04633494558008015,0.1638253014536952,0.0356524383326544,0.7775701358018944,0.1465630712672562,0.2432566268186517,0.03991659561677564,0.04946735496013436
periodic,muon/cos_raw_nesterov,-1,attn_q,transformer.h.8.attn.c_q.weight,8.0,-1.0,g7-muon-768x768,-,L0:all,24.0,1.0,0.04652379923698617,0.14406439680619762,0.038118809827011206,0.8292509425304304,0.14123427597141847,0.26989772535616846,0.05723600129688102,0.04438984380389993
periodic,muon/cos_raw_nesterov,-1,attn_q,transformer.h.9.attn.c_q.weight,9.0,-1.0,g7-muon-768x768,-,L0:all,24.0,1.0,0.056210209528685315,0.13124164413653,0.04813484821497707,0.7918793896294022,0.1215694938301285,0.3959451232250491,0.058265422462374955,0.053095356711842075
periodic,muon/cos_raw_nesterov,-1,attn_v,transformer.h.0.attn.c_v.weight,0.0,-1.0,g7-muon-768x768,-,L0:all,24.0,1.0,0.0252307982548148,0.06371226772382887,0.02124942102598748,0.8007409720321135,0.14746462456083442,0.14409843099163985,0.024497488347955024,0.025429175891847722
periodic,muon/cos_raw_nesterov,-1,attn_v,transformer.h.1.attn.c_v.weight,1.0,-1.0,g7-muon-768x768,-,L0:all,24.0,1.0,0.012004783528790537,0.02287421383103848,0.011125848149659438,0.9290529812400556,0.13637494740299738,0.08158278599940932,0.009457198435936733,0.012074487490098798
periodic,muon/cos_raw_nesterov,-1,attn_v,transformer.h.10.attn.c_v.weight,10.0,-1.0,g7-muon-768x768,-,L0:all,24.0,1.0,0.008864064933429582,0.04820208900640343,0.00833280197651676,0.9496365340830253,0.10508626468042503,0.07929487266349619,0.015317950181178784,0.00858504383705462
periodic,muon/cos_raw_nesterov,-1,attn_v,transformer.h.11.attn.c_v.weight,11.0,-1.0,g7-muon-768x768,-,L0:all,24.0,1.0,0.012278462533466126,0.040909550323917,0.011017836996442482,0.9200991828116631,0.10395273340257982,0.10598891088100093,0.015199677642720337,0.012212942289946837
periodic,muon/cos_raw_nesterov,-1,attn_v,transformer.h.2.attn.c_v.weight,2.0,-1.0,g7-muon-768x768,-,L0:all,24.0,1.0,0.015006986028872698,0.0711782945787145,0.013364006886290072,0.9199438468524187,0.1216367075904291,0.10986820632542021,0.010558469549099227,0.015319112388200249
periodic,muon/cos_raw_nesterov,-1,attn_v,transformer.h.3.attn.c_v.weight,3.0,-1.0,g7-muon-768x768,-,L0:all,24.0,1.0,0.009900860949831617,0.027144455808035255,0.009367300693565311,0.9573872206890621,0.10495965029519838,0.08924668353238445,0.017418371613530496,0.00965230004860923
periodic,muon/cos_raw_nesterov,-1,attn_v,transformer.h.4.attn.c_v.weight,4.0,-1.0,g7-muon-768x768,-,L0:all,24.0,1.0,0.011371150943134019,0.05813214976170036,0.010461296871746656,0.9432396647948253,0.11675359707611155,0.0896014952321079,0.013673167894932337,0.010765018309744299
periodic,muon/cos_raw_nesterov,-1,attn_v,transformer.h.5.attn.c_v.weight,5.0,-1.0,g7-muon-768x768,-,L0:all,24.0,1.0,0.008067758088185679,0.03718774800663178,0.007660270914524295,0.956798612145433,0.10534510703885258,0.07271596308406704,0.012754384688803752,0.007896502645945656
periodic,muon/cos_raw_nesterov,-1,attn_v,transformer.h.6.attn.c_v.weight,6.0,-1.0,g7-muon-768x768,-,L0:all,24.0,1.0,0.01339651542360292,0.07160371623030465,0.012054236302589142,0.9324847628826192,0.11285728456934652,0.10680955463873731,0.01873380033889701,0.013295201163198
periodic,muon/cos_raw_nesterov,-1,attn_v,transformer.h.7.attn.c_v.weight,7.0,-1.0,g7-muon-768x768,-,L0:all,24.0,1.0,0.011116807308202758,0.02545079825761718,0.010029330003407548,0.9369716126985376,0.08513634818044724,0.11780315009695147,0.01730545673769864,0.01100720363857026
periodic,muon/cos_raw_nesterov,-1,attn_v,transformer.h.8.attn.c_v.weight,8.0,-1.0,g7-muon-768x768,-,L0:all,24.0,1.0,0.00896261415740241,0.04396438232680247,0.008519751800673478,0.9459254210262351,0.09477755411571076,0.08989208341747242,0.014398014155550457,0.008682278923626842
periodic,muon/cos_raw_nesterov,-1,attn_v,transformer.h.9.attn.c_v.weight,9.0,-1.0,g7-muon-768x768,-,L0:all,24.0,1.0,0.013401090455803693,0.033206429520226524,0.01198483744641423,0.9129863699226669,0.09963903111666517,0.12028255706723448,0.0177608741719987,0.013064623987982726
periodic,muon/cos_raw_nesterov,-1,mlp_in,transformer.h.0.mlp.c_fc.weight,0.0,-1.0,g9-muon-3072x768,-,L0:all,24.0,1.0,0.025353958368601957,0.06311261622889283,0.01867484785877349,0.7264686193845731,0.10286124066582314,0.1815537877813915,0.019597377287518536,0.026115641127066387
periodic,muon/cos_raw_nesterov,-1,mlp_in,transformer.h.1.mlp.c_fc.weight,1.0,-1.0,g9-muon-3072x768,-,L0:all,24.0,1.0,0.02220339233714366,0.05169670146564311,0.01747141725052672,0.7420814535836324,0.10551173474616848,0.16558743245533808,0.021407423303575406,0.022725845893862093
periodic,muon/cos_raw_nesterov,-1,mlp_in,transformer.h.10.mlp.c_fc.weight,10.0,-1.0,g9-muon-3072x768,-,L0:all,24.0,1.0,0.023207763242870227,0.08832290962393657,0.019436659600822487,0.7848246546912792,0.09287909554568086,0.2092683987352453,0.022508042527559877,0.023907483958180577
periodic,muon/cos_raw_nesterov,-1,mlp_in,transformer.h.11.mlp.c_fc.weight,11.0,-1.0,g9-muon-3072x768,-,L0:all,24.0,1.0,0.03625482380371527,0.12311662237085881,0.03193275875959401,0.856795627057171,0.15347702919363415,0.2080621375548394,0.03276226074752775,0.03628413204787219
periodic,muon/cos_raw_nesterov,-1,mlp_in,transformer.h.2.mlp.c_fc.weight,2.0,-1.0,g9-muon-3072x768,-,L0:all,24.0,1.0,0.02309315081516489,0.06335796886247731,0.01833768668263697,0.7795034649727111,0.10681479100997648,0.17167741011564805,0.016295834845036956,0.023328598862072357
periodic,muon/cos_raw_nesterov,-1,mlp_in,transformer.h.3.mlp.c_fc.weight,3.0,-1.0,g9-muon-3072x768,-,L0:all,24.0,1.0,0.025355722807476257,0.04307157831040072,0.0204877368319866,0.8043798735988192,0.11711231242076336,0.17494092985183202,0.01754396129295886,0.02545762368529807
periodic,muon/cos_raw_nesterov,-1,mlp_in,transformer.h.4.mlp.c_fc.weight,4.0,-1.0,g9-muon-3072x768,-,L0:all,24.0,1.0,0.025300933873526686,0.056417023239142695,0.02063459644507251,0.808689737444289,0.10664281725366498,0.19349260434474658,0.021560755503827238,0.027001232392050316
periodic,muon/cos_raw_nesterov,-1,mlp_in,transformer.h.5.mlp.c_fc.weight,5.0,-1.0,g9-muon-3072x768,-,L0:all,24.0,1.0,0.020912714943667778,0.05858375005335783,0.01684696265601078,0.794290553725638,0.099887642727153,0.16865912735601257,0.015739146475871237,0.02323502140648332
periodic,muon/cos_raw_nesterov,-1,mlp_in,transformer.h.6.mlp.c_fc.weight,6.0,-1.0,g9-muon-3072x768,-,L0:all,24.0,1.0,0.024416707015617968,0.04963409345270442,0.019407292798886068,0.7950180545713041,0.10141707703478775,0.1913611924767763,0.027089696247586417,0.024252150478135167
periodic,muon/cos_raw_nesterov,-1,mlp_in,transformer.h.7.mlp.c_fc.weight,7.0,-1.0,g9-muon-3072x768,-,L0:all,24.0,1.0,0.023940011192978502,0.0714790684023743,0.019148031798653188,0.7980358436002084,0.11293633506166656,0.1695471328000665,0.022502690058729014,0.02463618259494309
periodic,muon/cos_raw_nesterov,-1,mlp_in,transformer.h.8.mlp.c_fc.weight,8.0,-1.0,g9-muon-3072x768,-,L0:all,24.0,1.0,0.020040512907399735,0.06579038099372388,0.015761206386162838,0.777513956541364,0.08458472408115236,0.18633632204133224,0.023037728825963385,0.019829957621611705
periodic,muon/cos_raw_nesterov,-1,mlp_in,transformer.h.9.mlp.c_fc.weight,9.0,-1.0,g9-muon-3072x768,-,L0:all,24.0,1.0,0.025333418705843522,0.09146418609135973,0.02157364887182575,0.7771269836270247,0.08989531869914025,0.23998634393886498,0.026986125363270948,0.023680712048416097
periodic,muon/cos_raw_nesterov,-1,mlp_out,transformer.h.0.mlp.c_proj.weight,0.0,-1.0,g8-muon-768x3072,-,L0:all,25.0,1.0,0.019780617910899,0.049951356989270425,0.015007155739676484,0.7173604655309033,0.23912449554707327,0.0627587554564113,0.015407494495463064,0.02634617905925645
periodic,muon/cos_raw_nesterov,-1,mlp_out,transformer.h.1.mlp.c_proj.weight,1.0,-1.0,g8-muon-768x3072,-,L0:all,25.0,1.0,0.04029646318291783,0.0709780851457463,0.03151870731081735,0.7898650208732915,0.18775974463408418,0.16786722506596194,0.01681127031771747,0.04247804046316646
periodic,muon/cos_raw_nesterov,-1,mlp_out,transformer.h.10.mlp.c_proj.weight,10.0,-1.0,g8-muon-768x3072,-,L0:all,25.0,1.0,0.03206383645668468,0.1049982629085159,0.02920803197539422,0.8663145113415128,0.19350890099875184,0.15093895849050692,0.020457324417166918,0.033239824123885715
periodic,muon/cos_raw_nesterov,-1,mlp_out,transformer.h.11.mlp.c_proj.weight,11.0,-1.0,g8-muon-768x3072,-,L0:all,25.0,1.0,0.011064853156589179,0.12140405118360606,0.009553743916439901,0.9382793850417604,0.14153581192537623,0.06750054128687265,0.02115967091838595,0.011064853156589179
periodic,muon/cos_raw_nesterov,-1,mlp_out,transformer.h.2.mlp.c_proj.weight,2.0,-1.0,g8-muon-768x3072,-,L0:all,25.0,1.0,0.03038945690828523,0.07361644196058541,0.02174232666543916,0.7292093230011863,0.21173371959212917,0.10268712374827328,0.012123963595738332,0.03753917479053279
periodic,muon/cos_raw_nesterov,-1,mlp_out,transformer.h.3.mlp.c_proj.weight,3.0,-1.0,g8-muon-768x3072,-,L0:all,25.0,1.0,0.04174522136352063,0.09077892386474866,0.033058072073109006,0.7769017796576417,0.18641286138413293,0.17733793595382705,0.016573900909916308,0.05406551786042958
periodic,muon/cos_raw_nesterov,-1,mlp_out,transformer.h.4.mlp.c_proj.weight,4.0,-1.0,g8-muon-768x3072,-,L0:all,25.0,1.0,0.06397597643076634,0.10683866967976884,0.050060116520622124,0.8272195263039086,0.15099664469610163,0.33153131727777096,0.01651114532522649,0.06955938350983079
periodic,muon/cos_raw_nesterov,-1,mlp_out,transformer.h.5.mlp.c_proj.weight,5.0,-1.0,g8-muon-768x3072,-,L0:all,25.0,1.0,0.03630691509353501,0.11092938555768732,0.027330174665425064,0.766087743794432,0.1812235054302822,0.1508092153969461,0.016392588076404688,0.043042011751613526
periodic,muon/cos_raw_nesterov,-1,mlp_out,transformer.h.6.mlp.c_proj.weight,6.0,-1.0,g8-muon-768x3072,-,L0:all,25.0,1.0,0.06390204760867324,0.14205982836410777,0.049776319151190705,0.7427308738336363,0.18712252777595983,0.2660092279791531,0.016000345119990926,0.07417765974056001
periodic,muon/cos_raw_nesterov,-1,mlp_out,transformer.h.7.mlp.c_proj.weight,7.0,-1.0,g8-muon-768x3072,-,L0:all,25.0,1.0,0.0393283954634857,0.06798992641808292,0.030891729838093514,0.7710728214957326,0.20592945218720804,0.15001122719449672,0.018541214455219748,0.04120735221130164
periodic,muon/cos_raw_nesterov,-1,mlp_out,transformer.h.8.mlp.c_proj.weight,8.0,-1.0,g8-muon-768x3072,-,L0:all,25.0,1.0,0.037875224781115054,0.08279236425702315,0.03125600506137942,0.746036244782954,0.20005919826338514,0.15623378146417324,0.019442198137481225,0.041844612864383554
periodic,muon/cos_raw_nesterov,-1,mlp_out,transformer.h.9.mlp.c_proj.weight,9.0,-1.0,g8-muon-768x3072,-,L0:all,25.0,1.0,0.05182203861638771,0.07709596271878826,0.04173197432014111,0.8324993563307206,0.19153459788289628,0.21788217262792348,0.020261121077376293,0.05223405519331376
periodic,muon/cos_raw_nesterov,-1,ve_gate,transformer.h.1.attn.ve_gate.weight,1.0,-1.0,g6-muon-6x12,-,L0:all,24.0,1.0,0.10264408002148993,0.3174586601367168,0.08914548977407391,0.8564353212282866,0.1817718689911506,0.49042511511181014,0.10053508143653807,0.1047530786064418
periodic,muon/cos_raw_nesterov,-1,ve_gate,transformer.h.11.attn.ve_gate.weight,11.0,-1.0,g6-muon-6x12,-,L0:all,24.0,1.0,0.06938604287439128,0.2813182293493183,0.06592565859590233,0.9548036146381005,0.15522998067958937,0.4246966875038119,0.06442762306482916,0.07369851522178138
periodic,muon/cos_raw_nesterov,-1,ve_gate,transformer.h.3.attn.ve_gate.weight,3.0,-1.0,g6-muon-6x12,-,L0:all,24.0,1.0,0.07724266240210104,0.36809273178091884,0.06703365599804091,0.8910179514699211,0.22948307347398023,0.29210719110244737,0.14555480562554277,0.0732931662146577
periodic,muon/cos_raw_nesterov,-1,ve_gate,transformer.h.5.attn.ve_gate.weight,5.0,-1.0,g6-muon-6x12,-,L0:all,24.0,1.0,0.07474103134411977,0.39043571075334155,0.071598459898601,0.9554772778961975,0.16211549164979866,0.44165094384235504,0.18001365537950476,0.0697984367786617
periodic,muon/cos_raw_nesterov,-1,ve_gate,transformer.h.7.attn.ve_gate.weight,7.0,-1.0,g6-muon-6x12,-,L0:all,24.0,1.0,0.03441195978810312,0.1208323569073646,0.033041337847676204,0.951751556429655,0.18436770657979318,0.1792143454004301,0.014057046186153391,0.04088659932068314
periodic,muon/cos_raw_nesterov,-1,ve_gate,transformer.h.9.attn.ve_gate.weight,9.0,-1.0,g6-muon-6x12,-,L0:all,24.0,1.0,0.0557462270149806,0.4382344640305501,0.05190915570761367,0.9519206102237798,0.15200618119808218,0.3414937162323014,0.036711763527556104,0.055912137401825615
periodic,muon/data_norm,-1,attn_k,transformer.h.0.attn.c_k.weight,0.0,-1.0,g7-muon-768x768,-,L0:all,25.0,1.0,7.161485583812023e-08,1.5479897033687464e-07,2.3664060094832408e-08,0.415709091825913,0.45022999598477087,5.255993671206405e-08,5.952180649863496e-08,7.877468375398379e-08
periodic,muon/data_norm,-1,attn_k,transformer.h.1.attn.c_k.weight,1.0,-1.0,g7-muon-768x768,-,L0:all,25.0,1.0,7.066834505243476e-08,1.4315257491650712e-07,2.3996066771977847e-08,0.41570909552905744,0.4502300048517965,5.329735138349276e-08,8.337920580560894e-08,6.018508416223542e-08
periodic,muon/data_norm,-1,attn_k,transformer.h.10.attn.c_k.weight,10.0,-1.0,g7-muon-768x768,-,L0:all,25.0,1.0,6.832303796337422e-08,1.2436264140661434e-07,2.6180330263571655e-08,0.4157091048042428,0.45022998014130344,5.814879376836485e-08,6.868097147142575e-08,6.796510445532267e-08
periodic,muon/data_norm,-1,attn_k,transformer.h.11.attn.c_k.weight,11.0,-1.0,g7-muon-768x768,-,L0:all,25.0,1.0,7.76068878563836e-08,1.2664697305126462e-07,2.8449419457050654e-08,0.41570911807828237,0.4502299945186412,6.318863648226516e-08,8.410072196952013e-08,7.637101211952218e-08
periodic,muon/data_norm,-1,attn_k,transformer.h.2.attn.c_k.weight,2.0,-1.0,g7-muon-768x768,-,L0:all,25.0,1.0,5.96191073126806e-08,1.1893014071289261e-07,2.2280290666569866e-08,0.4157091016350474,0.4502299983826148,4.948646413301766e-08,5.342008284509315e-08,6.594453186261778e-08
periodic,muon/data_norm,-1,attn_k,transformer.h.3.attn.c_k.weight,3.0,-1.0,g7-muon-768x768,-,L0:all,25.0,1.0,7.184997057602274e-08,1.1807909031509594e-07,2.7757939636318903e-08,0.415709083780488,0.4502300203221965,6.165279608955127e-08,5.526931780660695e-08,7.490087733485584e-08
periodic,muon/data_norm,-1,attn_k,transformer.h.4.attn.c_k.weight,4.0,-1.0,g7-muon-768x768,-,L0:all,25.0,1.0,6.452837128984986e-08,1.457467566822742e-07,2.6966989595672968e-08,0.4157091103596815,0.450229986603731,5.989603180164877e-08,6.57657731749309e-08,6.32909694047688e-08
periodic,muon/data_norm,-1,attn_k,transformer.h.5.attn.c_k.weight,5.0,-1.0,g7-muon-768x768,-,L0:all,25.0,1.0,6.63389822173387e-08,1.2314143839407e-07,2.6467807472154122e-08,0.4157091054471478,0.4502300088784317,5.8787301935044484e-08,5.705114167560465e-08,6.713598424846443e-08
periodic,muon/data_norm,-1,attn_k,transformer.h.6.attn.c_k.weight,6.0,-1.0,g7-muon-768x768,-,L0:all,25.0,1.0,7.192134422712716e-08,1.0775852444355026e-07,2.5548214962198055e-08,0.41570912514667163,0.4502299745307117,5.6744811335202045e-08,4.6094590893060915e-08,7.20236058508878e-08
periodic,muon/data_norm,-1,attn_k,transformer.h.7.attn.c_k.weight,7.0,-1.0,g7-muon-768x768,-,L0:all,25.0,1.0,5.7314254233950534e-08,9.501111063440628e-08,2.012169107958944e-08,0.41570911430464236,0.4502299858478501,4.469202787925664e-08,5.3904563922957296e-08,5.757490675461848e-08
periodic,muon/data_norm,-1,attn_k,transformer.h.8.attn.c_k.weight,8.0,-1.0,g7-muon-768x768,-,L0:all,25.0,1.0,6.946256929791645e-08,1.2255166616344867e-07,2.7636152174442682e-08,0.4157090976731886,0.4502299922064843,6.138229938659485e-08,5.7084803434763574e-08,7.017679807192948e-08
periodic,muon/data_norm,-1,attn_k,transformer.h.9.attn.c_k.weight,9.0,-1.0,g7-muon-768x768,-,L0:all,25.0,1.0,6.277369959676864e-08,1.0768282282363253e-07,2.0695172713578668e-08,0.41570910318239357,0.45022998889958454,4.596578020971043e-08,6.434281145310603e-08,6.120458774043127e-08
periodic,muon/data_norm,-1,attn_out,transformer.h.0.attn.c_proj.weight,0.0,-1.0,g7-muon-768x768,-,L0:all,25.0,1.0,6.063009935936879e-08,1.1489594701123141e-07,2.5381355014363917e-08,0.4157091269005662,0.4502299903999133,5.637419886627083e-08,4.473656651185976e-08,6.221412562831519e-08
periodic,muon/data_norm,-1,attn_out,transformer.h.1.attn.c_proj.weight,1.0,-1.0,g7-muon-768x768,-,L0:all,25.0,1.0,5.720214988644375e-08,1.274613192467865e-07,2.09590259506273e-08,0.4157091100797732,0.450229990593984,4.655182104367651e-08,5.181688656081407e-08,5.720214988644375e-08
periodic,muon/data_norm,-1,attn_out,transformer.h.10.attn.c_proj.weight,10.0,-1.0,g7-muon-768x768,-,L0:all,25.0,1.0,7.437160003148259e-08,1.2660793146614519e-07,2.7002920243411677e-08,0.41570911977635555,0.4502299936151274,5.997583596461752e-08,8.625990071128791e-08,7.109026644945632e-08
periodic,muon/data_norm,-1,attn_out,transformer.h.11.attn.c_proj.weight,11.0,-1.0,g7-muon-768x768,-,L0:all,25.0,1.0,6.067463513945031e-08,1.1959976833400525e-07,2.3011197246529148e-08,0.41570910885364,0.450229987892353,5.110987243264429e-08,8.872048302320221e-08,5.620293941560354e-08
periodic,muon/data_norm,-1,attn_out,transformer.h.2.attn.c_proj.weight,2.0,-1.0,g7-muon-768x768,-,L0:all,25.0,1.0,7.310578793475147e-08,1.5322586775330178e-07,2.586133348959719e-08,0.41570913840949447,0.4502299865984237,5.744027332560557e-08,6.569804699945093e-08,7.769762098457291e-08
periodic,muon/data_norm,-1,attn_out,transformer.h.3.attn.c_proj.weight,3.0,-1.0,g7-muon-768x768,-,L0:all,25.0,1.0,5.982961375443855e-08,1.4084091249653514e-07,2.1277999250270294e-08,0.4157090806873736,0.45022998272547493,4.7260289333605816e-08,7.09501541525317e-08,5.837925196229544e-08
periodic,muon/data_norm,-1,attn_out,transformer.h.4.attn.c_proj.weight,4.0,-1.0,g7-muon-768x768,-,L0:all,25.0,1.0,5.5623153615187146e-08,1.3581999991149208e-07,2.4858168869612633e-08,0.4157090871799018,0.45022999355798665,5.521215650953975e-08,4.074490355973901e-08,5.737197498242447e-08
periodic,muon/data_norm,-1,attn_out,transformer.h.5.attn.c_proj.weight,5.0,-1.0,g7-muon-768x768,-,L0:all,25.0,1.0,7.473257363003611e-08,1.2742045458031457e-07,2.7363342060239277e-08,0.4157091149709158,0.4502299943732403,6.077636408549691e-08,7.304786263156513e-08,7.600143792264937e-08
periodic,muon/data_norm,-1,attn_out,transformer.h.6.attn.c_proj.weight,6.0,-1.0,g7-muon-768x768,-,L0:all,25.0,1.0,7.356798907250794e-08,1.3168688661507164e-07,2.293442255014554e-08,0.415709098855324,0.4502299816112748,5.093934985863947e-08,6.254723049411802e-08,7.356798907250794e-08
periodic,muon/data_norm,-1,attn_out,transformer.h.7.attn.c_proj.weight,7.0,-1.0,g7-muon-768x768,-,L0:all,25.0,1.0,5.5181195370409495e-08,1.3145883900643018e-07,2.4604897134046055e-08,0.4157091106130597,0.4502299832626278,5.464961919182878e-08,5.023096718836002e-08,5.5181195370409495e-08
periodic,muon/data_norm,-1,attn_out,transformer.h.8.attn.c_proj.weight,8.0,-1.0,g7-muon-768x768,-,L0:all,25.0,1.0,6.977316619047879e-08,1.09579528517408e-07,2.265095654528365e-08,0.4157090941719508,0.4502299880534554,5.030974645472598e-08,5.2333402508991765e-08,7.910221182343482e-08
periodic,muon/data_norm,-1,attn_out,transformer.h.9.attn.c_proj.weight,9.0,-1.0,g7-muon-768x768,-,L0:all,25.0,1.0,7.319401279389636e-08,1.0934142602181202e-07,2.662521548080015e-08,0.41570910618975704,0.45022998098123096,5.913692247409462e-08,7.214835027569752e-08,7.319401279389636e-08
periodic,muon/data_norm,-1,attn_q,transformer.h.0.attn.c_q.weight,0.0,-1.0,g7-muon-768x768,-,L0:all,25.0,1.0,7.120524927489656e-08,1.0389549989318476e-07,3.085581841225771e-08,0.41570909419635543,0.4502299910331371,6.853345851406578e-08,7.186573846215215e-08,7.054476008764095e-08
periodic,muon/data_norm,-1,attn_q,transformer.h.1.attn.c_q.weight,1.0,-1.0,g7-muon-768x768,-,L0:all,25.0,1.0,6.712466793129384e-08,1.5039860787908e-07,2.582013285086897e-08,0.41570909471605444,0.4502299903639729,5.7348762640168804e-08,4.7096694351748096e-08,7.176477097366093e-08
periodic,muon/data_norm,-1,attn_q,transformer.h.10.attn.c_q.weight,10.0,-1.0,g7-muon-768x768,-,L0:all,25.0,1.0,8.042819523624268e-08,1.260671769911822e-07,3.110079500616814e-08,0.41570912076804023,0.4502300049232935,6.90775707218066e-08,8.559418519132673e-08,7.907112756043296e-08
periodic,muon/data_norm,-1,attn_q,transformer.h.11.attn.c_q.weight,11.0,-1.0,g7-muon-768x768,-,L0:all,25.0,1.0,6.076107816754313e-08,1.2921497759617178e-07,2.0007083418424474e-08,0.41570909503697734,0.45022997142648935,4.443747570832499e-08,4.939195659213144e-08,6.285443456926964e-08
periodic,muon/data_norm,-1,attn_q,transformer.h.2.attn.c_q.weight,2.0,-1.0,g7-muon-768x768,-,L0:all,25.0,1.0,6.509013429511289e-08,9.897911462149237e-08,2.5816612318521807e-08,0.41570910149213836,0.45022997641112655,5.734094500839594e-08,7.684599677303502e-08,6.315230075312918e-08
periodic,muon/data_norm,-1,attn_q,transformer.h.3.attn.c_q.weight,3.0,-1.0,g7-muon-768x768,-,L0:all,25.0,1.0,6.795037174808455e-08,1.1460663364626035e-07,2.517944898242951e-08,0.41570911926094806,0.4502299729841084,5.5925750157282974e-08,5.89403985320899e-08,6.948112001858056e-08
periodic,muon/data_norm,-1,attn_q,transformer.h.4.attn.c_q.weight,4.0,-1.0,g7-muon-768x768,-,L0:all,25.0,1.0,5.953841402991117e-08,1.0815079075814356e-07,2.2940218384884253e-08,0.41570910383294774,0.4502299819950084,5.095222286893054e-08,7.576154995977226e-08,5.944221863317275e-08
periodic,muon/data_norm,-1,attn_q,transformer.h.5.attn.c_q.weight,5.0,-1.0,g7-muon-768x768,-,L0:all,25.0,1.0,7.186713035280729e-08,1.041487350862992e-07,2.979538267730418e-08,0.41570910205116257,0.45022999535846225,6.61781378061713e-08,6.753576193446368e-08,7.188926820104675e-08
periodic,muon/data_norm,-1,attn_q,transformer.h.6.attn.c_q.weight,6.0,-1.0,g7-muon-768x768,-,L0:all,25.0,1.0,7.192056432411391e-08,1.2576155513068073e-07,2.1820122148666768e-08,0.4157091073077047,0.45022998571284467,4.8464391180252435e-08,1.196559172286399e-07,7.079739553365836e-08
periodic,muon/data_norm,-1,attn_q,transformer.h.7.attn.c_q.weight,7.0,-1.0,g7-muon-768x768,-,L0:all,25.0,1.0,7.022233359136031e-08,1.2587590787924692e-07,2.5618047784539237e-08,0.41570906784274475,0.45022999790667195,5.689991316360398e-08,8.026021380324498e-08,7.012815090822883e-08
periodic,muon/data_norm,-1,attn_q,transformer.h.8.attn.c_q.weight,8.0,-1.0,g7-muon-768x768,-,L0:all,25.0,1.0,6.838816329281582e-08,1.3341261351756546e-07,2.9301282253724503e-08,0.4157091016586629,0.45023001583318456,6.508069480774238e-08,8.8548990441907e-08,6.724753304691751e-08
periodic,muon/data_norm,-1,attn_q,transformer.h.9.attn.c_q.weight,9.0,-1.0,g7-muon-768x768,-,L0:all,25.0,1.0,6.643353180499457e-08,1.2271879045051e-07,2.9062808758808863e-08,0.41570909353085617,0.45022999070853514,6.455102804918035e-08,6.288244787164153e-08,6.80202081719486e-08
periodic,muon/data_norm,-1,attn_v,transformer.h.0.attn.c_v.weight,0.0,-1.0,g7-muon-768x768,-,L0:all,25.0,1.0,7.161150026631346e-08,1.2692064994750993e-07,2.4339298536129265e-08,0.41570909941008133,0.45022998980630596,5.405970079114522e-08,6.116919872554133e-08,7.6978665979924e-08
periodic,muon/data_norm,-1,attn_v,transformer.h.1.attn.c_v.weight,1.0,-1.0,g7-muon-768x768,-,L0:all,25.0,1.0,7.35074377929673e-08,1.3066097780637463e-07,2.9393764982365207e-08,0.41570909877261425,0.45022999049625234,6.528611066083542e-08,6.056517887336839e-08,7.432888783958126e-08
periodic,muon/data_norm,-1,attn_v,transformer.h.10.attn.c_v.weight,10.0,-1.0,g7-muon-768x768,-,L0:all,25.0,1.0,5.9268451106487764e-08,1.2249986231120893e-07,2.22791197897453e-08,0.41570911121112986,0.45022998474187514,4.948386501294069e-08,8.679733391940196e-08,5.919569759778953e-08
periodic,muon/data_norm,-1,attn_v,transformer.h.11.attn.c_v.weight,11.0,-1.0,g7-muon-768x768,-,L0:all,25.0,1.0,7.015519110556396e-08,1.2387467981270764e-07,2.9543461048035444e-08,0.41570912915170777,0.450229989394324,6.561859881386189e-08,8.657858291181132e-08,6.33582140008743e-08
periodic,muon/data_norm,-1,attn_v,transformer.h.2.attn.c_v.weight,2.0,-1.0,g7-muon-768x768,-,L0:all,25.0,1.0,6.47879451658013e-08,1.3398056650835995e-07,2.670992951348919e-08,0.41570910955659895,0.45022998539576425,5.932507913707801e-08,6.36516932220255e-08,6.59241971095771e-08
periodic,muon/data_norm,-1,attn_v,transformer.h.3.attn.c_v.weight,3.0,-1.0,g7-muon-768x768,-,L0:all,25.0,1.0,6.253930911910203e-08,1.0618822099637235e-07,2.3571576009140843e-08,0.4157090956270103,0.45022999020623844,5.235452218174833e-08,3.993773815661867e-08,6.312125268119614e-08
periodic,muon/data_norm,-1,attn_v,transformer.h.4.attn.c_v.weight,4.0,-1.0,g7-muon-768x768,-,L0:all,25.0,1.0,7.900841122557083e-08,1.131633088485832e-07,3.29949979532827e-08,0.41570912732885434,0.4502300008903216,7.328476087341069e-08,9.780674580808751e-08,7.391399004656009e-08
periodic,muon/data_norm,-1,attn_v,transformer.h.5.attn.c_v.weight,5.0,-1.0,g7-muon-768x768,-,L0:all,25.0,1.0,6.709600143265552e-08,1.2825475017639665e-07,2.7348265833954715e-08,0.41570907792823786,0.45022998112104207,6.074288026279235e-08,4.6918756042661694e-08,6.840497225667049e-08
periodic,muon/data_norm,-1,attn_v,transformer.h.6.attn.c_v.weight,6.0,-1.0,g7-muon-768x768,-,L0:all,25.0,1.0,6.215938186066406e-08,1.0098137085190915e-07,2.410938797114367e-08,0.41570912683075223,0.45023000101049726,5.354904807994249e-08,5.22925564354093e-08,6.288203162338733e-08
periodic,muon/data_norm,-1,attn_v,transformer.h.7.attn.c_v.weight,7.0,-1.0,g7-muon-768x768,-,L0:all,25.0,1.0,6.323710050469526e-08,1.1948134388964692e-07,1.6831778189197005e-08,0.41570913101533913,0.4502299851806689,3.7384844953058215e-08,2.5702713859593956e-08,6.866911300208749e-08
periodic,muon/data_norm,-1,attn_v,transformer.h.8.attn.c_v.weight,8.0,-1.0,g7-muon-768x768,-,L0:all,25.0,1.0,6.867167476094431e-08,1.3832743678771823e-07,1.9659489253743398e-08,0.4157090882476236,0.450230003981001,4.36654356215962e-08,9.501039941639472e-08,6.856570179180173e-08
periodic,muon/data_norm,-1,attn_v,transformer.h.9.attn.c_v.weight,9.0,-1.0,g7-muon-768x768,-,L0:all,25.0,1.0,5.652041677279171e-08,9.376068837050084e-08,1.8437466096995683e-08,0.4157091553872063,0.4502299885997168,4.0951217297494965e-08,7.031629307013205e-08,5.643948223408014e-08
periodic,muon/data_norm,-1,mlp_in,transformer.h.0.mlp.c_fc.weight,0.0,-1.0,g9-muon-3072x768,-,L0:all,25.0,1.0,6.028623776532541e-08,1.0544473922667884e-07,3.891159356016055e-08,0.8314182722223454,0.9004599861077243,4.321301796913545e-08,3.743748704656806e-08,6.328086224951208e-08
periodic,muon/data_norm,-1,mlp_in,transformer.h.1.mlp.c_fc.weight,1.0,-1.0,g9-muon-3072x768,-,L0:all,25.0,1.0,5.17870938105396e-08,1.0202932393825932e-07,3.719449859591432e-08,0.8314182284573027,0.9004599822727888,4.130610946422545e-08,6.716389885149345e-08,4.7552541664272213e-08
periodic,muon/data_norm,-1,mlp_in,transformer.h.10.mlp.c_fc.weight,10.0,-1.0,g9-muon-3072x768,-,L0:all,25.0,1.0,6.732456799047306e-08,1.0965182140768682e-07,5.3679003202878054e-08,0.8314181825966196,0.9004599490659041,5.961287146481327e-08,5.15927200883411e-08,6.953946581031368e-08
periodic,muon/data_norm,-1,mlp_in,transformer.h.11.mlp.c_fc.weight,11.0,-1.0,g9-muon-3072x768,-,L0:all,25.0,1.0,7.470062442806642e-08,1.072851166757996e-07,4.7741289848009e-08,0.83141823218958,0.9004599377028965,5.3018782789824755e-08,6.078688987981244e-08,7.605041557742785e-08
periodic,muon/data_norm,-1,mlp_in,transformer.h.2.mlp.c_fc.weight,2.0,-1.0,g9-muon-3072x768,-,L0:all,25.0,1.0,5.838713257567657e-08,1.2499975483637119e-07,3.939502430992143e-08,0.8314181716944413,0.9004599763337066,4.374988932914194e-08,6.824896475242443e-08,5.615423176236354e-08
periodic,muon/data_norm,-1,mlp_in,transformer.h.3.mlp.c_fc.weight,3.0,-1.0,g9-muon-3072x768,-,L0:all,25.0,1.0,5.969570462543808e-08,1.3480436430587465e-07,3.245896416920418e-08,0.8314182054534932,0.9004599735969231,3.6047092731446535e-08,7.254692676779737e-08,5.7347840061785436e-08
periodic,muon/data_norm,-1,mlp_in,transformer.h.4.mlp.c_fc.weight,4.0,-1.0,g9-muon-3072x768,-,L0:all,25.0,1.0,5.654312223106057e-08,9.582491734918016e-08,3.464779242108038e-08,0.8314182781154372,0.9004599664788009,3.847788209460179e-08,6.18625172168862e-08,5.535864090900805e-08
periodic,muon/data_norm,-1,mlp_in,transformer.h.5.mlp.c_fc.weight,5.0,-1.0,g9-muon-3072x768,-,L0:all,25.0,1.0,5.675282606953809e-08,1.2371097149099026e-07,4.620053555780185e-08,0.8314182095094456,0.9004599725408626,5.13077060243289e-08,6.61246307030391e-08,5.495070220018412e-08
periodic,muon/data_norm,-1,mlp_in,transformer.h.6.mlp.c_fc.weight,6.0,-1.0,g9-muon-3072x768,-,L0:all,25.0,1.0,5.759702772370996e-08,1.2719657456036742e-07,3.854817414891667e-08,0.831418190490387,0.9004600123340886,4.280942365113547e-08,6.650425598065876e-08,5.690006539508311e-08
periodic,muon/data_norm,-1,mlp_in,transformer.h.7.mlp.c_fc.weight,7.0,-1.0,g9-muon-3072x768,-,L0:all,25.0,1.0,5.742359685559803e-08,9.167680900746621e-08,4.3728542254244966e-08,0.8314181435067353,0.900459961450553,4.856245044344066e-08,7.501666559491956e-08,5.193193543362393e-08
periodic,muon/data_norm,-1,mlp_in,transformer.h.8.mlp.c_fc.weight,8.0,-1.0,g9-muon-3072x768,-,L0:all,25.0,1.0,7.073655163078224e-08,9.95622674079203e-08,3.2420084568886394e-08,0.8314182954104661,0.9004599830940052,3.6003914863034884e-08,6.512872205399278e-08,7.14928528472665e-08
periodic,muon/data_norm,-1,mlp_in,transformer.h.9.mlp.c_fc.weight,9.0,-1.0,g9-muon-3072x768,-,L0:all,25.0,1.0,6.486369940068278e-08,1.1342014286914305e-07,4.433552447973997e-08,0.831418206064326,0.9004599757053178,4.923652985799016e-08,6.814042768271626e-08,6.158697111864929e-08
periodic,muon/data_norm,-1,mlp_out,transformer.h.0.mlp.c_proj.weight,0.0,-1.0,g8-muon-768x3072,-,L0:all,25.0,1.0,6.223293026752666e-08,1.247127660416242e-07,1.9866998966996067e-08,0.41570910652892873,0.4502299830876403,4.412633479172093e-08,7.730602450063195e-08,5.945291469826829e-08
periodic,muon/data_norm,-1,mlp_out,transformer.h.1.mlp.c_proj.weight,1.0,-1.0,g8-muon-768x3072,-,L0:all,25.0,1.0,6.233437322513098e-08,1.2104078296557363e-07,2.466526897990883e-08,0.41570912335918325,0.4502299979345369,5.478370853355521e-08,4.518775961737084e-08,6.666832784331766e-08
periodic,muon/data_norm,-1,mlp_out,transformer.h.10.mlp.c_proj.weight,10.0,-1.0,g8-muon-768x3072,-,L0:all,25.0,1.0,6.877894170676999e-08,1.0456461383574446e-07,2.131900534440999e-08,0.4157091045989773,0.4502299883895743,4.735136684401199e-08,6.385882596310692e-08,6.958415891096465e-08
periodic,muon/data_norm,-1,mlp_out,transformer.h.11.mlp.c_proj.weight,11.0,-1.0,g8-muon-768x3072,-,L0:all,25.0,1.0,6.078557715728551e-08,1.2670811276298307e-07,2.374870235807935e-08,0.415709111223643,0.45022998891496746,5.274793537256942e-08,7.059110546363056e-08,6.048139188979993e-08
periodic,muon/data_norm,-1,mlp_out,transformer.h.2.mlp.c_proj.weight,2.0,-1.0,g8-muon-768x3072,-,L0:all,25.0,1.0,6.862551952734347e-08,9.959790692733166e-08,1.7786138779853178e-08,0.41570911924776904,0.450229985487255,3.9504562897125524e-08,5.058030257793436e-08,7.034558803714671e-08
periodic,muon/data_norm,-1,mlp_out,transformer.h.3.mlp.c_proj.weight,3.0,-1.0,g8-muon-768x3072,-,L0:all,25.0,1.0,5.126038647626694e-08,9.972004236753358e-08,1.896578964227535e-08,0.415709097634328,0.4502299641832715,4.2124672169876054e-08,6.246212286902546e-08,4.827036352545993e-08
periodic,muon/data_norm,-1,mlp_out,transformer.h.4.mlp.c_proj.weight,4.0,-1.0,g8-muon-768x3072,-,L0:all,25.0,1.0,5.409626757823594e-08,1.1260770846143673e-07,2.0058423978688892e-08,0.4157091104740731,0.45022999507892847,4.455150522606231e-08,3.307782383228935e-08,5.441905801636375e-08
periodic,muon/data_norm,-1,mlp_out,transformer.h.5.mlp.c_proj.weight,5.0,-1.0,g8-muon-768x3072,-,L0:all,25.0,1.0,5.201556729950168e-08,1.3116965066612847e-07,1.9213305685966042e-08,0.4157090907494602,0.4502299768773559,4.2674425677346243e-08,5.1715075380820234e-08,5.201556729950168e-08
periodic,muon/data_norm,-1,mlp_out,transformer.h.6.mlp.c_proj.weight,6.0,-1.0,g8-muon-768x3072,-,L0:all,25.0,1.0,6.705381222959717e-08,1.236395357382925e-07,2.2574915362903105e-08,0.4157091116792685,0.4502299759276114,5.014085371901744e-08,5.835559987075957e-08,6.705381222959717e-08
periodic,muon/data_norm,-1,mlp_out,transformer.h.7.mlp.c_proj.weight,7.0,-1.0,g8-muon-768x3072,-,L0:all,25.0,1.0,6.016630949677252e-08,9.687199417179176e-08,2.6125080693664824e-08,0.4157090926863033,0.450229983735469,5.8026079198258194e-08,3.9959989641970455e-08,7.174303038708372e-08
periodic,muon/data_norm,-1,mlp_out,transformer.h.8.mlp.c_proj.weight,8.0,-1.0,g8-muon-768x3072,-,L0:all,25.0,1.0,6.303005690401324e-08,1.0311959217864907e-07,2.1480220531151255e-08,0.41570910193242816,0.4502300017642069,4.770943839144867e-08,4.389011182954817e-08,6.52540457789838e-08
periodic,muon/data_norm,-1,mlp_out,transformer.h.9.mlp.c_proj.weight,9.0,-1.0,g8-muon-768x3072,-,L0:all,25.0,1.0,6.321303162026648e-08,1.1320141520042801e-07,1.7416433689919285e-08,0.4157091288243658,0.45023000335688046,3.868341416623434e-08,6.820565628537038e-08,5.954169010294378e-08
periodic,muon/data_norm,-1,ve_gate,transformer.h.1.attn.ve_gate.weight,1.0,-1.0,g6-muon-6x12,-,L0:all,25.0,1.0,7.261713375655273e-08,1.197153393266339e-07,2.6459185550586237e-09,0.036743841680935994,0.03979508779121387,6.648857187953737e-08,8.531451773725249e-08,7.169628805088553e-08
periodic,muon/data_norm,-1,ve_gate,transformer.h.11.attn.ve_gate.weight,11.0,-1.0,g6-muon-6x12,-,L0:all,25.0,1.0,7.486133253371056e-08,1.1904003404551344e-07,2.4657833246657346e-09,0.0367438413106342,0.03979508878601253,6.19620008369582e-08,6.025194736089032e-08,7.497535425517604e-08
periodic,muon/data_norm,-1,ve_gate,transformer.h.3.attn.ve_gate.weight,3.0,-1.0,g6-muon-6x12,-,L0:all,25.0,1.0,6.445329121925235e-08,1.0534520195414099e-07,2.117860336657982e-09,0.03674384413675112,0.03979508800659477,5.3219139415070876e-08,8.153048079631695e-08,6.375168631770881e-08
periodic,muon/data_norm,-1,ve_gate,transformer.h.5.attn.ve_gate.weight,5.0,-1.0,g6-muon-6x12,-,L0:all,25.0,1.0,5.8257111886613006e-08,1.1191898223038784e-07,2.2519043697069807e-09,0.03674384655738151,0.03979508843990587,5.658749503993582e-08,7.77687527505335e-08,5.67297254025456e-08
periodic,muon/data_norm,-1,ve_gate,transformer.h.7.attn.ve_gate.weight,7.0,-1.0,g6-muon-6x12,-,L0:all,25.0,1.0,5.8729495912760525e-08,1.167202570345344e-07,2.025051565572153e-09,0.036743842214520234,0.039795086875894364,5.0886974361621906e-08,4.1715360816207515e-08,6.67450141671555e-08
periodic,muon/data_norm,-1,ve_gate,transformer.h.9.attn.ve_gate.weight,9.0,-1.0,g6-muon-6x12,-,L0:all,25.0,1.0,6.237146070399076e-08,1.2801489750293097e-07,1.9308196376707216e-09,0.0367438421157301,0.03979508925070514,4.851904277703081e-08,5.3904908783247034e-08,6.495931582822516e-08
periodic,muon/decay_norm,-1,attn_k,transformer.h.0.attn.c_k.weight,0.0,-1.0,g7-muon-768x768,-,L0:all,25.0,1.0,0.00893135169443027,0.04223466849593052,0.000517547462863124,0.06735749583729989,0.13110131786133133,0.003947690773105309,0.01999367832604482,0.008921442317909123
periodic,muon/decay_norm,-1,attn_k,transformer.h.1.attn.c_k.weight,1.0,-1.0,g7-muon-768x768,-,L0:all,25.0,1.0,0.007642630435430557,0.01617645315367715,0.00043303219637119586,0.07156686228678474,0.1381376706613061,0.003134787160505472,0.005681540298912362,0.007662685017851022
periodic,muon/decay_norm,-1,attn_k,transformer.h.10.attn.c_k.weight,10.0,-1.0,g7-muon-768x768,-,L0:all,25.0,1.0,0.008695419743482346,0.019223518465177582,0.0005117219980676961,0.07384654330808936,0.14367560760056067,0.0035616484009614114,0.012519939130587635,0.008613918839419083
periodic,muon/decay_norm,-1,attn_k,transformer.h.11.attn.c_k.weight,11.0,-1.0,g7-muon-768x768,-,L0:all,25.0,1.0,0.01081020203835078,0.012876047280491921,0.0007017138079857566,0.07038349327545787,0.1378633636133509,0.005089922294031434,0.010326073202570004,0.01081020203835078
periodic,muon/decay_norm,-1,attn_k,transformer.h.2.attn.c_k.weight,2.0,-1.0,g7-muon-768x768,-,L0:all,25.0,1.0,0.004987299934445397,0.02535676506609846,0.0003040673047187991,0.06819908967372341,0.13371702824822249,0.0022739609809032764,0.015191175663745948,0.004806266025349294
periodic,muon/decay_norm,-1,attn_k,transformer.h.3.attn.c_k.weight,3.0,-1.0,g7-muon-768x768,-,L0:all,25.0,1.0,0.010780164223727916,0.014859432674475126,0.0007206341157733583,0.07015103150421087,0.1356860350156504,0.005311041152394484,0.011320265128228174,0.010749637602707869
periodic,muon/decay_norm,-1,attn_k,transformer.h.4.attn.c_k.weight,4.0,-1.0,g7-muon-768x768,-,L0:all,25.0,1.0,0.008773912947279637,0.02126770407436055,0.0005948207745484336,0.06920052842115187,0.13577038010284526,0.004381079099122064,0.00994019849604329,0.008773912947279637
periodic,muon/decay_norm,-1,attn_k,transformer.h.5.attn.c_k.weight,5.0,-1.0,g7-muon-768x768,-,L0:all,25.0,1.0,0.004741672708045528,0.012364744591883074,0.00027796907438090674,0.07052765302358735,0.13768321084034005,0.0020189031958533035,0.0059960489059103,0.004732519739332612
periodic,muon/decay_norm,-1,attn_k,transformer.h.6.attn.c_k.weight,6.0,-1.0,g7-muon-768x768,-,L0:all,25.0,1.0,0.008163006007567785,0.03150257481291084,0.000307310997044292,0.0667707969319699,0.13268592178099584,0.0023160783971604977,0.018827684101706293,0.007918834782691734
periodic,muon/decay_norm,-1,attn_k,transformer.h.7.attn.c_k.weight,7.0,-1.0,g7-muon-768x768,-,L0:all,25.0,1.0,0.010125927182980029,0.017367227795743057,0.0005422909608762013,0.0688844140910117,0.132122683832325,0.004104450084925726,0.01162956187455016,0.010107320188230316
periodic,muon/decay_norm,-1,attn_k,transformer.h.8.attn.c_k.weight,8.0,-1.0,g7-muon-768x768,-,L0:all,25.0,1.0,0.00853826454782831,0.015577240268716907,0.0005081472257554973,0.07218233609020189,0.140845808242191,0.0036078264031948627,0.013398582431784151,0.008018588885562864
periodic,muon/decay_norm,-1,attn_k,transformer.h.9.attn.c_k.weight,9.0,-1.0,g7-muon-768x768,-,L0:all,25.0,1.0,0.007311663585005172,0.01349631999066854,0.0004406560456185182,0.07176561553930676,0.13817999852833845,0.003189000219363491,0.005529507238319122,0.007378132989829484
periodic,muon/decay_norm,-1,attn_out,transformer.h.0.attn.c_proj.weight,0.0,-1.0,g7-muon-768x768,-,L0:all,25.0,1.0,0.009181752556602737,0.08584240955413983,0.0005111200341589576,0.06346843732630238,0.13143958692439506,0.003888630861666944,0.04513489048943609,0.009015497172777418
periodic,muon/decay_norm,-1,attn_out,transformer.h.1.attn.c_proj.weight,1.0,-1.0,g7-muon-768x768,-,L0:all,25.0,1.0,0.0030692950789207364,0.10460079520540272,0.0002626144110540517,0.0645219375081279,0.13835694959404946,0.001898093386885037,0.044952060590824384,0.002967566317789347
periodic,muon/decay_norm,-1,attn_out,transformer.h.10.attn.c_proj.weight,10.0,-1.0,g7-muon-768x768,-,L0:all,25.0,1.0,0.015736258574543575,0.09562779321802743,0.0008882115901377587,0.062015450990920165,0.1260856664266241,0.007044508827295256,0.05987935690777323,0.015444821186379777
periodic,muon/decay_norm,-1,attn_out,transformer.h.11.attn.c_proj.weight,11.0,-1.0,g7-muon-768x768,-,L0:all,25.0,1.0,0.01796807283358636,0.09338197048498627,0.0012596115815418803,0.06424227409572364,0.14292643021762771,0.008813006661006826,0.04581824635986433,0.01760339109299932
periodic,muon/decay_norm,-1,attn_out,transformer.h.2.attn.c_proj.weight,2.0,-1.0,g7-muon-768x768,-,L0:all,25.0,1.0,0.008224197011591428,0.08792984817048385,0.0006871961941632965,0.06473739669215542,0.14363009292965176,0.00478448617658332,0.056725899680254474,0.008018734869712996
periodic,muon/decay_norm,-1,attn_out,transformer.h.3.attn.c_proj.weight,3.0,-1.0,g7-muon-768x768,-,L0:all,25.0,1.0,0.0072905251899311185,0.07807461499920312,0.0004304333691273325,0.06248338966067169,0.14558608207721274,0.0029565557571571213,0.03238324796043771,0.0071394834692295565
periodic,muon/decay_norm,-1,attn_out,transformer.h.4.attn.c_proj.weight,4.0,-1.0,g7-muon-768x768,-,L0:all,25.0,1.0,0.011543685620175116,0.08928584124468618,0.0007529406534451688,0.06578089239112808,0.14453166507232232,0.00520952037097479,0.0535054290290908,0.011203930065102079
periodic,muon/decay_norm,-1,attn_out,transformer.h.5.attn.c_proj.weight,5.0,-1.0,g7-muon-768x768,-,L0:all,25.0,1.0,0.014266771565703138,0.1006785608063285,0.0009060124682073317,0.06332378986819401,0.1416055891504869,0.00639814059347965,0.0485722548696318,0.012244038226496641
periodic,muon/decay_norm,-1,attn_out,transformer.h.6.attn.c_proj.weight,6.0,-1.0,g7-muon-768x768,-,L0:all,25.0,1.0,0.0239079936552802,0.09413273320426063,0.00138537792357067,0.06547680115774998,0.14867121058838972,0.009318400772333922,0.06128227002327981,0.023705569746473008
periodic,muon/decay_norm,-1,attn_out,transformer.h.7.attn.c_proj.weight,7.0,-1.0,g7-muon-768x768,-,L0:all,25.0,1.0,0.008498739850176313,0.09986103510798655,0.0004963949376651767,0.06319627888206249,0.15567674336215906,0.0031886261682028305,0.06695980888900913,0.00827114654734254
periodic,muon/decay_norm,-1,attn_out,transformer.h.8.attn.c_proj.weight,8.0,-1.0,g7-muon-768x768,-,L0:all,25.0,1.0,0.025642267723144492,0.08280032131907301,0.0016231102708093783,0.06637702632050411,0.13357292677345278,0.01215149139886906,0.05225808165975887,0.025416192313968713
periodic,muon/decay_norm,-1,attn_out,transformer.h.9.attn.c_proj.weight,9.0,-1.0,g7-muon-768x768,-,L0:all,25.0,1.0,0.012583658693291354,0.0905379281667523,0.0007637260235647729,0.06492278162557094,0.14398449109541103,0.005304224210221998,0.043168718529515586,0.012083693146294355
periodic,muon/decay_norm,-1,attn_q,transformer.h.0.attn.c_q.weight,0.0,-1.0,g7-muon-768x768,-,L0:all,25.0,1.0,0.010596597253079458,0.03598043422826093,0.0008155953841490879,0.07178545322364677,0.1375128400305544,0.005931048940359811,0.023680702755864085,0.010329588400127127
periodic,muon/decay_norm,-1,attn_q,transformer.h.1.attn.c_q.weight,1.0,-1.0,g7-muon-768x768,-,L0:all,25.0,1.0,0.004964569916098007,0.010579784879730212,0.0003257956824830281,0.07345716289924478,0.14231236869267286,0.0022892998372235096,0.009838403588031185,0.004863860123465762
periodic,muon/decay_norm,-1,attn_q,transformer.h.10.attn.c_q.weight,10.0,-1.0,g7-muon-768x768,-,L0:all,25.0,1.0,0.012476188896892126,0.03467101898673453,0.0005576004977698187,0.07196070982548537,0.1434509377562243,0.0038870467247651337,0.02089728014488773,0.012116655527727841
periodic,muon/decay_norm,-1,attn_q,transformer.h.11.attn.c_q.weight,11.0,-1.0,g7-muon-768x768,-,L0:all,25.0,1.0,0.005893918764277799,0.03366565165417414,0.00047389868780663727,0.0708858844714897,0.13864433995591974,0.00341808896026558,0.01929646052220285,0.005683518908699269
periodic,muon/decay_norm,-1,attn_q,transformer.h.2.attn.c_q.weight,2.0,-1.0,g7-muon-768x768,-,L0:all,25.0,1.0,0.006810619149441633,0.02228747132088313,0.0002270877404319979,0.06968386997402577,0.13569629187061352,0.0016734999704231133,0.01717315174456746,0.006773245035696598
periodic,muon/decay_norm,-1,attn_q,transformer.h.3.attn.c_q.weight,3.0,-1.0,g7-muon-768x768,-,L0:all,25.0,1.0,0.016695380497250847,0.029331308177870826,0.0009234219552303973,0.07022059802827013,0.13692481789423355,0.006744007181690663,0.018157829556225056,0.016695380497250847
periodic,muon/decay_norm,-1,attn_q,transformer.h.4.attn.c_q.weight,4.0,-1.0,g7-muon-768x768,-,L0:all,25.0,1.0,0.0073117644369271794,0.033072593735308665,0.0004200958945140634,0.07084059991549858,0.13822567180400389,0.00303920313087525,0.014819369203528901,0.006910991081809692
periodic,muon/decay_norm,-1,attn_q,transformer.h.5.attn.c_q.weight,5.0,-1.0,g7-muon-768x768,-,L0:all,25.0,1.0,0.010779603905639848,0.013327289561011743,0.0005352195719704743,0.07074868383345073,0.13812744166862362,0.003874824332550078,0.010675211425743271,0.010779603905639848
periodic,muon/decay_norm,-1,attn_q,transformer.h.6.attn.c_q.weight,6.0,-1.0,g7-muon-768x768,-,L0:all,25.0,1.0,0.009723714561635401,0.04503012389030176,0.0006708214703050638,0.06868257619356526,0.1351187948417079,0.004964679200187755,0.024667740641650622,0.009492641693015497
periodic,muon/decay_norm,-1,attn_q,transformer.h.7.attn.c_q.weight,7.0,-1.0,g7-muon-768x768,-,L0:all,25.0,1.0,0.017412467389428348,0.036503590909312496,0.0010245377650233906,0.06672123093832434,0.12913820570860543,0.007933653401807472,0.017027240675947117,0.017412467389428348
periodic,muon/decay_norm,-1,attn_q,transformer.h.8.attn.c_q.weight,8.0,-1.0,g7-muon-768x768,-,L0:all,25.0,1.0,0.009157765603317236,0.026285309939468576,0.0004917112975060703,0.07218194352728843,0.13979182967997314,0.0035174537641559592,0.020672774818621023,0.00914755023909394
periodic,muon/decay_norm,-1,attn_q,transformer.h.9.attn.c_q.weight,9.0,-1.0,g7-muon-768x768,-,L0:all,25.0,1.0,0.007203280386194859,0.025571380010832083,0.0004586796095872991,0.0723010083152148,0.13928267824167948,0.003293156158236783,0.01295463084385743,0.007006529883652216
periodic,muon/decay_norm,-1,attn_v,transformer.h.0.attn.c_v.weight,0.0,-1.0,g7-muon-768x768,-,L0:all,25.0,1.0,0.011799938648939296,0.07050131959563737,0.000823108749549666,0.0679492481834293,0.13162268467202964,0.006253547795356433,0.029055966491770165,0.011799938648939296
periodic,muon/decay_norm,-1,attn_v,transformer.h.1.attn.c_v.weight,1.0,-1.0,g7-muon-768x768,-,L0:all,25.0,1.0,0.009610821604704608,0.05667144476695536,0.0007196454796065281,0.0744126062199674,0.1424478789377153,0.005051991542262204,0.027256629018798037,0.009610821604704608
periodic,muon/decay_norm,-1,attn_v,transformer.h.10.attn.c_v.weight,10.0,-1.0,g7-muon-768x768,-,L0:all,25.0,1.0,0.015003610651305677,0.08201938983160972,0.001063627140528284,0.07207535654494886,0.1407830661238371,0.0075550786739698155,0.05612397882602599,0.014757154060902451
periodic,muon/decay_norm,-1,attn_v,transformer.h.11.attn.c_v.weight,11.0,-1.0,g7-muon-768x768,-,L0:all,25.0,1.0,0.014255323623512874,0.0688640843739405,0.0008100290888108818,0.0687913723219882,0.13633652658203466,0.005941394497266157,0.03634012025919618,0.013734169943096761
periodic,muon/decay_norm,-1,attn_v,transformer.h.2.attn.c_v.weight,2.0,-1.0,g7-muon-768x768,-,L0:all,25.0,1.0,0.005823213614621115,0.08187244219736026,0.00037315039008006053,0.0713369751923657,0.14196080460623658,0.002628545189745053,0.04348099762358691,0.005822060827666253
periodic,muon/decay_norm,-1,attn_v,transformer.h.3.attn.c_v.weight,3.0,-1.0,g7-muon-768x768,-,L0:all,25.0,1.0,0.006889412582196788,0.07401419845345879,0.00048425282437948965,0.0793680488092887,0.15027572136892028,0.003222428879184484,0.027116480016463072,0.006849209590877424
periodic,muon/decay_norm,-1,attn_v,transformer.h.4.attn.c_v.weight,4.0,-1.0,g7-muon-768x768,-,L0:all,25.0,1.0,0.010972751179842423,0.08484822356538534,0.0006957475195852072,0.07714482770285054,0.148733235222116,0.004677821460322491,0.04768401977413414,0.010843094793090103
periodic,muon/decay_norm,-1,attn_v,transformer.h.5.attn.c_v.weight,5.0,-1.0,g7-muon-768x768,-,L0:all,25.0,1.0,0.02257488104714631,0.07246173473517924,0.0016397224768458956,0.08218100175662393,0.1504979144975716,0.010895316937248016,0.03658786332619646,0.022383801321464232
periodic,muon/decay_norm,-1,attn_v,transformer.h.6.attn.c_v.weight,6.0,-1.0,g7-muon-768x768,-,L0:all,25.0,1.0,0.028651753060987453,0.08700293202242304,0.0017119607557711043,0.07975863880985691,0.15242994243433652,0.01123113168207473,0.05011163704664305,0.02857147618799808
periodic,muon/decay_norm,-1,attn_v,transformer.h.7.attn.c_v.weight,7.0,-1.0,g7-muon-768x768,-,L0:all,25.0,1.0,0.034208003718380536,0.0757252258100308,0.002623382108374422,0.07656790661914527,0.14470727345302617,0.018128889072227632,0.04624047587166796,0.03361691644495872
periodic,muon/decay_norm,-1,attn_v,transformer.h.8.attn.c_v.weight,8.0,-1.0,g7-muon-768x768,-,L0:all,25.0,1.0,0.02446804798094737,0.06944834585264897,0.001773978824670612,0.0759865749211275,0.1449177746671413,0.012241278399045444,0.0501143826042231,0.0243339654157287
periodic,muon/decay_norm,-1,attn_v,transformer.h.9.attn.c_v.weight,9.0,-1.0,g7-muon-768x768,-,L0:all,25.0,1.0,0.02815413795903657,0.07349899524112904,0.0013228588396236038,0.068725261939414,0.13527261265830096,0.009779206696962004,0.043914542200817516,0.024915109235977187
periodic,muon/decay_norm,-1,mlp_in,transformer.h.0.mlp.c_fc.weight,0.0,-1.0,g9-muon-3072x768,-,L0:all,25.0,1.0,0.007279808591856844,0.06695161374674287,0.0013482635022484199,0.23023317920174388,0.4758990392376683,0.002833087253985997,0.031097834494335827,0.007060001627667768
periodic,muon/decay_norm,-1,mlp_in,transformer.h.1.mlp.c_fc.weight,1.0,-1.0,g9-muon-3072x768,-,L0:all,25.0,1.0,0.004876414703396944,0.05570816010233388,0.001073188363933233,0.23517808717350638,0.48871142903639,0.0021959551182367015,0.024448290353343748,0.004855182047092445
periodic,muon/decay_norm,-1,mlp_in,transformer.h.10.mlp.c_fc.weight,10.0,-1.0,g9-muon-3072x768,-,L0:all,25.0,1.0,0.008286551357748464,0.08404158676588834,0.002215798109196892,0.24247473925369803,0.5014972166781974,0.004418365716710914,0.04008267635790506,0.00816013597195353
periodic,muon/decay_norm,-1,mlp_in,transformer.h.11.mlp.c_fc.weight,11.0,-1.0,g9-muon-3072x768,-,L0:all,25.0,1.0,0.01766492446320415,0.08763429871248796,0.004213592399657379,0.23845951314708824,0.49055637703845206,0.008589415196465987,0.045423482494831885,0.017632914717637775
periodic,muon/decay_norm,-1,mlp_in,transformer.h.2.mlp.c_fc.weight,2.0,-1.0,g9-muon-3072x768,-,L0:all,25.0,1.0,0.00871181874409926,0.053982971081769394,0.0014217178401516287,0.23021851788875708,0.4825565671939004,0.0029462200637305914,0.024755104490422154,0.007907670338433311
periodic,muon/decay_norm,-1,mlp_in,transformer.h.3.mlp.c_fc.weight,3.0,-1.0,g9-muon-3072x768,-,L0:all,25.0,1.0,0.003704476997985731,0.05245776207332645,0.0007801358982253708,0.23498810219145436,0.48695999519507355,0.0016020533635680947,0.023109261700389155,0.00359152706891317
periodic,muon/decay_norm,-1,mlp_in,transformer.h.4.mlp.c_fc.weight,4.0,-1.0,g9-muon-3072x768,-,L0:all,25.0,1.0,0.006532599791729206,0.0525483147576726,0.0015590715517792542,0.23181377560143718,0.48363795893646844,0.003223633552684099,0.023495930284745163,0.006443467091325565
periodic,muon/decay_norm,-1,mlp_in,transformer.h.5.mlp.c_fc.weight,5.0,-1.0,g9-muon-3072x768,-,L0:all,25.0,1.0,0.004003657224766593,0.04778028577331266,0.001146222436760282,0.23648098562883485,0.49093179978736906,0.0023347895517396313,0.019074725645088268,0.0039024596380039284
periodic,muon/decay_norm,-1,mlp_in,transformer.h.6.mlp.c_fc.weight,6.0,-1.0,g9-muon-3072x768,-,L0:all,25.0,1.0,0.005604954997154935,0.04755740175365185,0.0015348001792715577,0.23626783907256158,0.4957693065522697,0.0030957950784509516,0.018644629812017532,0.004836326610053258
periodic,muon/decay_norm,-1,mlp_in,transformer.h.7.mlp.c_fc.weight,7.0,-1.0,g9-muon-3072x768,-,L0:all,25.0,1.0,0.00862550352719831,0.07373629614246865,0.0019389989630585727,0.23831192845712063,0.4925268621670651,0.003936839007170464,0.03481562529861799,0.008478534647079563
periodic,muon/decay_norm,-1,mlp_in,transformer.h.8.mlp.c_fc.weight,8.0,-1.0,g9-muon-3072x768,-,L0:all,25.0,1.0,0.006041821185103827,0.07232349703081994,0.0014654845501186641,0.2425567565176923,0.5016307619422691,0.0029214407514492136,0.03554642233373268,0.005039689750280903
periodic,muon/decay_norm,-1,mlp_in,transformer.h.9.mlp.c_fc.weight,9.0,-1.0,g9-muon-3072x768,-,L0:all,25.0,1.0,0.006442153615655491,0.07826567761387426,0.002213560703909776,0.2423829877990877,0.5011780139595561,0.004416715502784216,0.037058259233306384,0.006136589464364378
periodic,muon/decay_norm,-1,mlp_out,transformer.h.0.mlp.c_proj.weight,0.0,-1.0,g8-muon-768x3072,-,L0:all,25.0,1.0,0.007448728398578683,0.05227826093438035,0.0004932188139288902,0.06251869206171573,0.1501107889092277,0.003285698633075206,0.03211898035624616,0.007238969579042111
periodic,muon/decay_norm,-1,mlp_out,transformer.h.1.mlp.c_proj.weight,1.0,-1.0,g8-muon-768x3072,-,L0:all,25.0,1.0,0.005130657663541637,0.04236437970448037,0.0002693581185809883,0.06264851028062468,0.15151539843083306,0.0017777606855183805,0.0193291588661539,0.004843486961159392
periodic,muon/decay_norm,-1,mlp_out,transformer.h.10.mlp.c_proj.weight,10.0,-1.0,g8-muon-768x3072,-,L0:all,25.0,1.0,0.0071328517494870965,0.026850471805231375,0.0006807033560791543,0.06713643182767924,0.16113275316284054,0.004224487838243764,0.013413139543499085,0.00703270694438134
periodic,muon/decay_norm,-1,mlp_out,transformer.h.11.mlp.c_proj.weight,11.0,-1.0,g8-muon-768x3072,-,L0:all,25.0,1.0,0.00638232421382031,0.02547432480059456,0.0006441798994997515,0.06498518194834921,0.1581394257675639,0.00407349335166158,0.016572399073331245,0.005826931076054642
periodic,muon/decay_norm,-1,mlp_out,transformer.h.2.mlp.c_proj.weight,2.0,-1.0,g8-muon-768x3072,-,L0:all,25.0,1.0,0.007914341249328032,0.03821096788550435,0.0004155814582946624,0.06391519367659843,0.15386050002974772,0.0027010276075686286,0.015532600502007696,0.0077891298238635135
periodic,muon/decay_norm,-1,mlp_out,transformer.h.3.mlp.c_proj.weight,3.0,-1.0,g8-muon-768x3072,-,L0:all,25.0,1.0,0.0065261554232360925,0.038580082956867656,0.00047727553638162725,0.0631509008228697,0.1525799083631479,0.003128036590805176,0.015967029870315706,0.006260895553224961
periodic,muon/decay_norm,-1,mlp_out,transformer.h.4.mlp.c_proj.weight,4.0,-1.0,g8-muon-768x3072,-,L0:all,25.0,1.0,0.007183114271979081,0.03595290848987185,0.00047043215414618465,0.06383088200001553,0.1535126540358049,0.003064451963917334,0.012998017820778623,0.007131032721668191
periodic,muon/decay_norm,-1,mlp_out,transformer.h.5.mlp.c_proj.weight,5.0,-1.0,g8-muon-768x3072,-,L0:all,25.0,1.0,0.004520964629609369,0.03390222792913987,0.00033977130141487033,0.06396723682182576,0.1545987673757568,0.002197762033826869,0.010816642025861974,0.004337112855760774
periodic,muon/decay_norm,-1,mlp_out,transformer.h.6.mlp.c_proj.weight,6.0,-1.0,g8-muon-768x3072,-,L0:all,25.0,1.0,0.006129781216191998,0.03360437446842017,0.0003976779963563342,0.06450385759606501,0.15540815344907544,0.0025589262051597984,0.010826683915290819,0.0057498914497567215
periodic,muon/decay_norm,-1,mlp_out,transformer.h.7.mlp.c_proj.weight,7.0,-1.0,g8-muon-768x3072,-,L0:all,25.0,1.0,0.0038642843152579074,0.029872050913712034,0.00024340307221127036,0.06475601851983571,0.15629275359649228,0.0015573535343786605,0.012443721031284032,0.0037587714281215796
periodic,muon/decay_norm,-1,mlp_out,transformer.h.8.mlp.c_proj.weight,8.0,-1.0,g8-muon-768x3072,-,L0:all,25.0,1.0,0.004584012508728319,0.028724352052668756,0.0002993146828502226,0.06621321209670708,0.15904338218335543,0.0018819687983317244,0.012831988921830228,0.00441975524718265
periodic,muon/decay_norm,-1,mlp_out,transformer.h.9.mlp.c_proj.weight,9.0,-1.0,g8-muon-768x3072,-,L0:all,25.0,1.0,0.004553892368359524,0.027699889610857988,0.00033470655222838996,0.06706837760934709,0.16016127252319703,0.0020898095210870192,0.013178231241896592,0.004042441979727284
periodic,muon/decay_norm,-1,ve_gate,transformer.h.1.attn.ve_gate.weight,1.0,-1.0,g6-muon-6x12,-,L0:all,25.0,1.0,0.13419988219260381,0.5839595209021865,0.0003311686324176462,0.0026471877865910246,0.0053715203172156716,0.06165268171028859,0.1678601339818715,0.12515340184819865
periodic,muon/decay_norm,-1,ve_gate,transformer.h.11.attn.ve_gate.weight,11.0,-1.0,g6-muon-6x12,-,L0:all,25.0,1.0,0.18211904594298217,0.3113020272996602,0.0007183418086799084,0.006302254574266643,0.010620769741441344,0.06763556937657723,0.1838257428339975,0.18211904594298217
periodic,muon/decay_norm,-1,ve_gate,transformer.h.3.attn.ve_gate.weight,3.0,-1.0,g6-muon-6x12,-,L0:all,25.0,1.0,0.10727488013637448,0.358726700380208,0.0003166735271745906,0.0042003035545458665,0.008195244194108546,0.038641133769051456,0.13029214549597845,0.10727488013637448
periodic,muon/decay_norm,-1,ve_gate,transformer.h.5.attn.ve_gate.weight,5.0,-1.0,g6-muon-6x12,-,L0:all,25.0,1.0,0.12383778386251644,0.25893662490642105,0.0005375821925126218,0.0035233400669179697,0.007171834805002391,0.07495741426415113,0.18333291169112426,0.12383778386251644
periodic,muon/decay_norm,-1,ve_gate,transformer.h.7.attn.ve_gate.weight,7.0,-1.0,g6-muon-6x12,-,L0:all,25.0,1.0,0.12034228647486954,0.29288869796018224,0.0005143989137198058,0.005124199946432823,0.01018193553018528,0.050520739617219444,0.10189152054959005,0.12034228647486954
periodic,muon/decay_norm,-1,ve_gate,transformer.h.9.attn.ve_gate.weight,9.0,-1.0,g6-muon-6x12,-,L0:all,25.0,1.0,0.1566811485021206,0.34329543836219223,0.0009329540347732979,0.007207241708433311,0.010994765800213708,0.08485437995915873,0.1753319211883309,0.1566811485021206
periodic,muon/factored_scale_dispersion,-1,attn_k,transformer.h.0.attn.c_k.weight,0.0,-1.0,g7-muon-768x768,-,L0:all,25.0,1.0,0.23528911862518642,0.359671237278641,0.0033731861793327472,0.013548383534301657,0.004776700886310551,0.7061748808680678,0.1893930088548488,0.24053264006595257
periodic,muon/factored_scale_dispersion,-1,attn_k,transformer.h.1.attn.c_k.weight,1.0,-1.0,g7-muon-768x768,-,L0:all,25.0,1.0,0.09787364506489202,0.3573649562110032,0.0013955050667282635,0.01548712013546903,0.005953559568401578,0.23439843856352496,0.3343164229342847,0.08636332471758522
periodic,muon/factored_scale_dispersion,-1,attn_k,transformer.h.10.attn.c_k.weight,10.0,-1.0,g7-muon-768x768,-,L0:all,25.0,1.0,0.3593210403831904,0.7894836911667117,0.013530768948139512,0.040642665671168934,0.04128921673234086,0.3277070872003533,0.3185292069151217,0.36576135134568794
periodic,muon/factored_scale_dispersion,-1,attn_k,transformer.h.11.attn.c_k.weight,11.0,-1.0,g7-muon-768x768,-,L0:all,25.0,1.0,0.1544545091032305,0.4544587441031673,0.004082250575446346,0.026642591813945557,0.02134783126888668,0.19122554061948235,0.3470186461124424,0.15127274400191348
periodic,muon/factored_scale_dispersion,-1,attn_k,transformer.h.2.attn.c_k.weight,2.0,-1.0,g7-muon-768x768,-,L0:all,25.0,1.0,0.22241035813397564,0.4547112702575732,0.004345386859299726,0.02106498007063527,0.026800609786348,0.16213761156707815,0.39800460147747885,0.20869201258847828
periodic,muon/factored_scale_dispersion,-1,attn_k,transformer.h.3.attn.c_k.weight,3.0,-1.0,g7-muon-768x768,-,L0:all,25.0,1.0,0.2693921333557087,0.44563718737416536,0.0057360167923983406,0.0250445773037292,0.026453225994965336,0.21683619205801355,0.4051321319450134,0.2667976193546443
periodic,muon/factored_scale_dispersion,-1,attn_k,transformer.h.4.attn.c_k.weight,4.0,-1.0,g7-muon-768x768,-,L0:all,25.0,1.0,0.18197203842688628,0.3713070487355559,0.004295454580948836,0.0222414675921089,0.018374824832641575,0.23376846419337097,0.18063546271269185,0.1833086141410807
periodic,muon/factored_scale_dispersion,-1,attn_k,transformer.h.5.attn.c_k.weight,5.0,-1.0,g7-muon-768x768,-,L0:all,25.0,1.0,0.2604253984436901,0.5659305468515183,0.004147233642906043,0.015422286021453293,0.008655902979072812,0.4791220110637468,0.30191022641675164,0.2590574962994107
periodic,muon/factored_scale_dispersion,-1,attn_k,transformer.h.6.attn.c_k.weight,6.0,-1.0,g7-muon-768x768,-,L0:all,25.0,1.0,0.16885787342455114,0.6919928905872256,0.003052394130455065,0.022181877144854704,0.025176858535289698,0.1212380856085206,0.5164041632064139,0.12819351610344476
periodic,muon/factored_scale_dispersion,-1,attn_k,transformer.h.7.attn.c_k.weight,7.0,-1.0,g7-muon-768x768,-,L0:all,25.0,1.0,0.18538473390439247,0.316943560307835,0.002983586473464928,0.016450752528673018,0.010283111350319046,0.29014433198492584,0.1759329858342117,0.18828838034395665
periodic,muon/factored_scale_dispersion,-1,attn_k,transformer.h.8.attn.c_k.weight,8.0,-1.0,g7-muon-768x768,-,L0:all,25.0,1.0,0.27867803804465685,0.6926495343121636,0.00810431986160306,0.027049496842095563,0.03050960778056077,0.2656317288603997,0.2072105615698763,0.28193372407558215
periodic,muon/factored_scale_dispersion,-1,attn_k,transformer.h.9.attn.c_k.weight,9.0,-1.0,g7-muon-768x768,-,L0:all,25.0,1.0,0.15527294806840292,0.3679618430378819,0.002139596725814902,0.015687179816943994,0.013881242792430795,0.15413581894710374,0.18800842074898036,0.12623425136136737
periodic,muon/factored_scale_dispersion,-1,attn_out,transformer.h.0.attn.c_proj.weight,0.0,-1.0,g7-muon-768x768,-,L0:all,25.0,1.0,0.10874771692852128,0.1926630551883259,0.001382162635136924,0.013828208927685914,0.017587076153584957,0.07858967704846058,0.053603563478388905,0.11858018867968603
periodic,muon/factored_scale_dispersion,-1,attn_out,transformer.h.1.attn.c_proj.weight,1.0,-1.0,g7-muon-768x768,-,L0:all,25.0,1.0,0.0769005032223664,0.1826381816767585,0.0003636512943445958,0.0047480379707283875,0.00832444859689974,0.04368473059945734,0.12443415929778584,0.07181559356993357
periodic,muon/factored_scale_dispersion,-1,attn_out,transformer.h.10.attn.c_proj.weight,10.0,-1.0,g7-muon-768x768,-,L0:all,25.0,1.0,0.11349967719660169,0.26357558815717763,0.007284300846731253,0.06097623112863516,0.06739008239775059,0.10809158540180679,0.12278449443939152,0.11272768806463032
periodic,muon/factored_scale_dispersion,-1,attn_out,transformer.h.11.attn.c_proj.weight,11.0,-1.0,g7-muon-768x768,-,L0:all,25.0,1.0,0.16360288668056294,0.3278050958892069,0.009970626195416192,0.053885366187409384,0.057892449630628694,0.1722267110656363,0.26459089129065083,0.1604765398554924
periodic,muon/factored_scale_dispersion,-1,attn_out,transformer.h.2.attn.c_proj.weight,2.0,-1.0,g7-muon-768x768,-,L0:all,25.0,1.0,0.09225545921203133,0.3289139737488374,0.0010625982329303856,0.014421166105817129,0.021339383929483972,0.049795169178348496,0.27632831737189173,0.08704419274546348
periodic,muon/factored_scale_dispersion,-1,attn_out,transformer.h.3.attn.c_proj.weight,3.0,-1.0,g7-muon-768x768,-,L0:all,25.0,1.0,0.14384095247556772,0.20721565722568838,0.001267759557818843,0.009839452576436546,0.012770161295022363,0.09927514058205347,0.1578726198314761,0.12827356534882225
periodic,muon/factored_scale_dispersion,-1,attn_out,transformer.h.4.attn.c_proj.weight,4.0,-1.0,g7-muon-768x768,-,L0:all,25.0,1.0,0.11368360075940472,0.2524277520893073,0.0016559586943454513,0.01692656610088381,0.022002986037685062,0.07526063469336615,0.07818815388858756,0.12466111151625878
periodic,muon/factored_scale_dispersion,-1,attn_out,transformer.h.5.attn.c_proj.weight,5.0,-1.0,g7-muon-768x768,-,L0:all,25.0,1.0,0.1655548503539981,0.3426913773936356,0.00139219714037525,0.009116623835406292,0.009203895882960311,0.15126172200108248,0.20905969961315807,0.1655548503539981
periodic,muon/factored_scale_dispersion,-1,attn_out,transformer.h.6.attn.c_proj.weight,6.0,-1.0,g7-muon-768x768,-,L0:all,25.0,1.0,0.10590224471703645,0.22857357118952468,0.00228841642642143,0.022359305724668137,0.026438562786405776,0.0865560070306882,0.13339106462385003,0.10080179270501498
periodic,muon/factored_scale_dispersion,-1,attn_out,transformer.h.7.attn.c_proj.weight,7.0,-1.0,g7-muon-768x768,-,L0:all,25.0,1.0,0.1377053852292534,0.36715119367805366,0.0028892924329317134,0.022721327948778174,0.02933033206046648,0.09850868469457624,0.17862203715568964,0.1281965617547208
periodic,muon/factored_scale_dispersion,-1,attn_out,transformer.h.8.attn.c_proj.weight,8.0,-1.0,g7-muon-768x768,-,L0:all,25.0,1.0,0.10257267067178702,0.31534555825151706,0.003556517058907246,0.04004692725930533,0.047763102544353744,0.07446160047087802,0.1174748326355868,0.10257267067178702
periodic,muon/factored_scale_dispersion,-1,attn_out,transformer.h.9.attn.c_proj.weight,9.0,-1.0,g7-muon-768x768,-,L0:all,25.0,1.0,0.11995714248564075,0.44245066725596294,0.0027865660717534225,0.027898594534984215,0.03699508747995517,0.07532259717626702,0.15807712310618538,0.1118167502335356
periodic,muon/factored_scale_dispersion,-1,attn_q,transformer.h.0.attn.c_q.weight,0.0,-1.0,g7-muon-768x768,-,L0:all,25.0,1.0,0.17437149102447408,0.3830946967964599,0.0016220794470605555,0.009210599264139153,0.005594783464440272,0.28992711824689643,0.29698638835323227,0.1649293222654132
periodic,muon/factored_scale_dispersion,-1,attn_q,transformer.h.1.attn.c_q.weight,1.0,-1.0,g7-muon-768x768,-,L0:all,25.0,1.0,0.09443722878932925,0.3631892571145629,0.0011384952916212573,0.011637312957982126,0.010402607708113418,0.10944325918714577,0.3597387432940386,0.0835909314511626
periodic,muon/factored_scale_dispersion,-1,attn_q,transformer.h.10.attn.c_q.weight,10.0,-1.0,g7-muon-768x768,-,L0:all,25.0,1.0,0.3926873324682474,0.8214552669741533,0.020269044853368,0.046864561778889494,0.06610240781186708,0.30663096132678525,0.5418498065122438,0.3850872953651432
periodic,muon/factored_scale_dispersion,-1,attn_q,transformer.h.11.attn.c_q.weight,11.0,-1.0,g7-muon-768x768,-,L0:all,25.0,1.0,0.19737445814559007,0.5479600466044066,0.008835161091708501,0.04583697034538938,0.04874939411653462,0.18123632614978138,0.541311594281827,0.18746422332129212
periodic,muon/factored_scale_dispersion,-1,attn_q,transformer.h.2.attn.c_q.weight,2.0,-1.0,g7-muon-768x768,-,L0:all,25.0,1.0,0.16904898332448906,0.5532037051041662,0.004297040294314456,0.027669694963166704,0.030887409560044803,0.13911947798539254,0.40360053033800414,0.15425277094723278
periodic,muon/factored_scale_dispersion,-1,attn_q,transformer.h.3.attn.c_q.weight,3.0,-1.0,g7-muon-768x768,-,L0:all,25.0,1.0,0.22088309252270477,0.4011617389843367,0.00610396741646252,0.02664008695143328,0.03609192527009508,0.1691227988194945,0.2787693937989536,0.21543254509485119
periodic,muon/factored_scale_dispersion,-1,attn_q,transformer.h.4.attn.c_q.weight,4.0,-1.0,g7-muon-768x768,-,L0:all,25.0,1.0,0.40754201381435207,0.6638894596676084,0.010340230867694904,0.021561212787219522,0.03362607291343868,0.30750634765805274,0.4074542579690176,0.4076297696596865
periodic,muon/factored_scale_dispersion,-1,attn_q,transformer.h.5.attn.c_q.weight,5.0,-1.0,g7-muon-768x768,-,L0:all,25.0,1.0,0.20998752745851923,1.0016216363382717,0.0038055293483337392,0.018116190969866993,0.01693683912367396,0.22468946658496922,0.6366741587668118,0.19843666853427275
periodic,muon/factored_scale_dispersion,-1,attn_q,transformer.h.6.attn.c_q.weight,6.0,-1.0,g7-muon-768x768,-,L0:all,25.0,1.0,0.25974791235103556,0.47490832292419577,0.007191639081954513,0.03242586097349729,0.050116744120818096,0.14349773130946797,0.35997414328798855,0.2454407892593988
periodic,muon/factored_scale_dispersion,-1,attn_q,transformer.h.7.attn.c_q.weight,7.0,-1.0,g7-muon-768x768,-,L0:all,25.0,1.0,0.27062776867761995,0.7954347359231577,0.006925245957385597,0.02023575461728067,0.01855093170195348,0.37330987298370266,0.33164119631768657,0.24688525553143184
periodic,muon/factored_scale_dispersion,-1,attn_q,transformer.h.8.attn.c_q.weight,8.0,-1.0,g7-muon-768x768,-,L0:all,25.0,1.0,0.2094546509045646,1.091367037292862,0.005969705431115132,0.027456099791327904,0.032499941246722605,0.1836835760962225,0.7532215134161976,0.18506343650568327
periodic,muon/factored_scale_dispersion,-1,attn_q,transformer.h.9.attn.c_q.weight,9.0,-1.0,g7-muon-768x768,-,L0:all,25.0,1.0,0.18038343019319553,0.40035686144034155,0.004595231716832464,0.025456506163175092,0.026826127530005878,0.1712968713688754,0.20150740945197596,0.15692303181159706
periodic,muon/factored_scale_dispersion,-1,attn_v,transformer.h.0.attn.c_v.weight,0.0,-1.0,g7-muon-768x768,-,L0:all,25.0,1.0,0.6770449929493481,0.9274410943975765,0.011900449266269469,0.0202025920405566,0.0233402857550118,0.509867333724229,0.3610436115202614,0.6941814724655022
periodic,muon/factored_scale_dispersion,-1,attn_v,transformer.h.1.attn.c_v.weight,1.0,-1.0,g7-muon-768x768,-,L0:all,25.0,1.0,0.22704762844963844,0.30825240944297977,0.011616392661896825,0.051486599939263494,0.04288019593445272,0.27090344175791103,0.20353242761062243,0.2284755291332139
periodic,muon/factored_scale_dispersion,-1,attn_v,transformer.h.10.attn.c_v.weight,10.0,-1.0,g7-muon-768x768,-,L0:all,25.0,1.0,0.2649814304529452,0.4762326320596597,0.025372620609568814,0.08799616729550527,0.09703475711664458,0.2614797147280806,0.2856792921802824,0.25434262580467143
periodic,muon/factored_scale_dispersion,-1,attn_v,transformer.h.11.attn.c_v.weight,11.0,-1.0,g7-muon-768x768,-,L0:all,25.0,1.0,0.11620791646292022,0.6053528060327801,0.006395337369091529,0.05700297348553525,0.03951619013379361,0.1618409403193538,0.4420753732706449,0.10225048258937434
periodic,muon/factored_scale_dispersion,-1,attn_v,transformer.h.2.attn.c_v.weight,2.0,-1.0,g7-muon-768x768,-,L0:all,25.0,1.0,0.3445917409261292,0.4739277063957241,0.01633350494440383,0.05104656036096472,0.06882177658335574,0.23733047525474693,0.21477525470634662,0.3512703999176557
periodic,muon/factored_scale_dispersion,-1,attn_v,transformer.h.3.attn.c_v.weight,3.0,-1.0,g7-muon-768x768,-,L0:all,25.0,1.0,0.2808160713291049,0.4922909578778137,0.01597263586453872,0.06617628081727388,0.06816523846359701,0.23432230598105738,0.20385449866003602,0.28387132161944506
periodic,muon/factored_scale_dispersion,-1,attn_v,transformer.h.4.attn.c_v.weight,4.0,-1.0,g7-muon-768x768,-,L0:all,25.0,1.0,0.32241691936934735,0.42937339801091795,0.018179184755485966,0.05165681375016383,0.05477415825422027,0.3318934573327795,0.24331141922175317,0.3422134143815935
periodic,muon/factored_scale_dispersion,-1,attn_v,transformer.h.5.attn.c_v.weight,5.0,-1.0,g7-muon-768x768,-,L0:all,25.0,1.0,0.21845800605583865,0.4506564704368756,0.012228258326116336,0.06181006494340476,0.056785601302257335,0.21534082664772697,0.18034067018308927,0.21869437460642535
periodic,muon/factored_scale_dispersion,-1,attn_v,transformer.h.6.attn.c_v.weight,6.0,-1.0,g7-muon-768x768,-,L0:all,25.0,1.0,0.18840545919412585,0.2657324642459821,0.009371945904262794,0.053662747613623864,0.051380876869984465,0.1824014395078896,0.22097573432166143,0.18733747230421977
periodic,muon/factored_scale_dispersion,-1,attn_v,transformer.h.7.attn.c_v.weight,7.0,-1.0,g7-muon-768x768,-,L0:all,25.0,1.0,0.10502825422010899,0.4750834039855292,0.006797587502053858,0.06400587551822579,0.03652416786406224,0.18611204305471138,0.34660342314966,0.10363902224622798
periodic,muon/factored_scale_dispersion,-1,attn_v,transformer.h.8.attn.c_v.weight,8.0,-1.0,g7-muon-768x768,-,L0:all,25.0,1.0,0.2367225834344594,0.5372105205906144,0.016920300974149104,0.08239687395284913,0.0835767737603356,0.20245219111555668,0.4177693415404559,0.23219381182440635
periodic,muon/factored_scale_dispersion,-1,attn_v,transformer.h.9.attn.c_v.weight,9.0,-1.0,g7-muon-768x768,-,L0:all,25.0,1.0,0.1108132178804198,0.23141828271943976,0.0034489400983255905,0.03922427389722168,0.02947230212226325,0.11702309795882133,0.16702115402891662,0.10971486725980162
periodic,muon/factored_scale_dispersion,-1,mlp_in,transformer.h.0.mlp.c_fc.weight,0.0,-1.0,g9-muon-3072x768,-,L0:all,25.0,1.0,0.7692010609062192,17.59258451202795,0.9606639716596431,0.3521145276587732,12.65071264856006,0.07593753793538174,0.03858404275174654,0.9435869484023678
periodic,muon/factored_scale_dispersion,-1,mlp_in,transformer.h.1.mlp.c_fc.weight,1.0,-1.0,g9-muon-3072x768,-,L0:all,25.0,1.0,0.05849371517362296,0.11178624032883457,0.004537998078512265,0.0822782032750897,0.025752019348027802,0.17621911575877267,0.06133362820540997,0.05845158608988107
periodic,muon/factored_scale_dispersion,-1,mlp_in,transformer.h.10.mlp.c_fc.weight,10.0,-1.0,g9-muon-3072x768,-,L0:all,25.0,1.0,0.06092912242386489,0.12193290021880857,0.0072080366437123206,0.11315391372160147,0.058165651569156304,0.1239225633902217,0.06013916573809542,0.06171907910963437
periodic,muon/factored_scale_dispersion,-1,mlp_in,transformer.h.11.mlp.c_fc.weight,11.0,-1.0,g9-muon-3072x768,-,L0:all,25.0,1.0,0.09923376842022302,0.26845307923454753,0.018673069845402783,0.1736389068201712,0.10669589458193415,0.1750120744436265,0.09119960924019516,0.10341827637357948
periodic,muon/factored_scale_dispersion,-1,mlp_in,transformer.h.2.mlp.c_fc.weight,2.0,-1.0,g9-muon-3072x768,-,L0:all,25.0,1.0,0.5461130885088901,15.506532446020266,0.6570883258407956,0.12355418703312643,20.307735138005516,0.032356553863609736,0.05394298949047814,0.5462636537128845
periodic,muon/factored_scale_dispersion,-1,mlp_in,transformer.h.3.mlp.c_fc.weight,3.0,-1.0,g9-muon-3072x768,-,L0:all,25.0,1.0,0.05995291114076959,0.1030467106737805,0.006940391605283328,0.10937613585319596,0.04373388171406087,0.15869598885963798,0.06351419471515014,0.057931377150991364
periodic,muon/factored_scale_dispersion,-1,mlp_in,transformer.h.4.mlp.c_fc.weight,4.0,-1.0,g9-muon-3072x768,-,L0:all,25.0,1.0,0.06132773740474498,11.42167506752561,0.006574182914986728,0.10683547472214759,0.053038110526074975,0.1239520572995277,0.0482657999461292,0.06741747499323021
periodic,muon/factored_scale_dispersion,-1,mlp_in,transformer.h.5.mlp.c_fc.weight,5.0,-1.0,g9-muon-3072x768,-,L0:all,25.0,1.0,0.03320984713929349,0.06691436709403005,0.003226280085698866,0.10282007247462924,0.0502454934543574,0.06421033736348103,0.053936209130645944,0.03174053173912547
periodic,muon/factored_scale_dispersion,-1,mlp_in,transformer.h.6.mlp.c_fc.weight,6.0,-1.0,g9-muon-3072x768,-,L0:all,25.0,1.0,1.1351013290510112,147.69624703015535,0.05350399824075824,0.10229770829302155,0.04882094711003,1.0959229881422379,0.04868807404072249,9.570365791035753
periodic,muon/factored_scale_dispersion,-1,mlp_in,transformer.h.7.mlp.c_fc.weight,7.0,-1.0,g9-muon-3072x768,-,L0:all,25.0,1.0,0.05004839967449928,0.07318421248602948,0.004766653389793737,0.10487155628458085,0.05200216840641045,0.09166258900092594,0.03913791786207327,0.05026511194564353
periodic,muon/factored_scale_dispersion,-1,mlp_in,transformer.h.8.mlp.c_fc.weight,8.0,-1.0,g9-muon-3072x768,-,L0:all,25.0,1.0,0.0431218333498282,0.09103542631240827,0.004387761118067855,0.09820570695234816,0.047196754960883464,0.09296743222504215,0.052519229225443005,0.04142689277974439
periodic,muon/factored_scale_dispersion,-1,mlp_in,transformer.h.9.mlp.c_fc.weight,9.0,-1.0,g9-muon-3072x768,-,L0:all,25.0,1.0,0.06054811242452535,0.10054173347162623,0.006774586998409368,0.10867746293471861,0.05090697061598776,0.13307778711707022,0.05315280957668709,0.06795609024407923
periodic,muon/factored_scale_dispersion,-1,mlp_out,transformer.h.0.mlp.c_proj.weight,0.0,-1.0,g8-muon-768x3072,-,L0:all,25.0,1.0,0.5595248387410969,3.2855359320327167,6.691642225341739,4.619846588627231,16.288016362454606,0.41083223864918245,0.04307246464359949,0.580219146899258
periodic,muon/factored_scale_dispersion,-1,mlp_out,transformer.h.1.mlp.c_proj.weight,1.0,-1.0,g8-muon-768x3072,-,L0:all,25.0,1.0,0.049141940841246144,0.45165180124202126,0.012689217214199912,0.261800462363591,0.14594519701136752,0.08694508263407642,0.02501782229812315,0.07173964797845274
periodic,muon/factored_scale_dispersion,-1,mlp_out,transformer.h.10.mlp.c_proj.weight,10.0,-1.0,g8-muon-768x3072,-,L0:all,25.0,1.0,0.01595720316396135,0.05484073234967568,0.0023495880030321398,0.16794778611577982,0.061141507219886565,0.03842868960659061,0.034792966146003364,0.013877006954757336
periodic,muon/factored_scale_dispersion,-1,mlp_out,transformer.h.11.mlp.c_proj.weight,11.0,-1.0,g8-muon-768x3072,-,L0:all,25.0,1.0,0.043058613336603296,0.2050352513354223,0.007432239274609995,0.19221265671963852,0.04965537015699495,0.14967644488625398,0.03881644623839922,0.043137504296336164
periodic,muon/factored_scale_dispersion,-1,mlp_out,transformer.h.2.mlp.c_proj.weight,2.0,-1.0,g8-muon-768x3072,-,L0:all,25.0,1.0,0.54667829289151,8.839199043514098,7.858936107746825,1.521181189103276,19.264539418953202,0.4079483000779608,0.030515564106973883,0.5482687829227363
periodic,muon/factored_scale_dispersion,-1,mlp_out,transformer.h.3.mlp.c_proj.weight,3.0,-1.0,g8-muon-768x3072,-,L0:all,25.0,1.0,0.04531598311918493,0.2582934731677787,0.009712054534967159,0.24583782419447486,0.12015123009650547,0.08083191930008904,0.024500716277484753,0.05494351120590924
periodic,muon/factored_scale_dispersion,-1,mlp_out,transformer.h.4.mlp.c_proj.weight,4.0,-1.0,g8-muon-768x3072,-,L0:all,25.0,1.0,0.3408239980697577,21.020271976355932,0.08840278610144404,0.24385766123506547,0.17763445390041535,0.49766688927928376,0.02850294540350694,0.5041890243145344
periodic,muon/factored_scale_dispersion,-1,mlp_out,transformer.h.5.mlp.c_proj.weight,5.0,-1.0,g8-muon-768x3072,-,L0:all,25.0,1.0,0.04754899741569534,0.8957747044873777,0.010120415458354704,0.2496698188457875,0.14029455952928524,0.07213690603762976,0.0230358670351634,0.05883796523715687
periodic,muon/factored_scale_dispersion,-1,mlp_out,transformer.h.6.mlp.c_proj.weight,6.0,-1.0,g8-muon-768x3072,-,L0:all,25.0,1.0,5.4070169668494215,53.970372628950955,1.9828463885089211,0.23515641295370346,0.14225853941105834,13.938329443826598,0.02115885729040967,42.707369775668035
periodic,muon/factored_scale_dispersion,-1,mlp_out,transformer.h.7.mlp.c_proj.weight,7.0,-1.0,g8-muon-768x3072,-,L0:all,25.0,1.0,0.03703601540859769,0.13815256308883178,0.00749023544608631,0.21585563001836133,0.09303415338902168,0.08051059931470479,0.026777472243653164,0.048195570634976245
periodic,muon/factored_scale_dispersion,-1,mlp_out,transformer.h.8.mlp.c_proj.weight,8.0,-1.0,g8-muon-768x3072,-,L0:all,25.0,1.0,0.02250908173533263,0.05038718910386509,0.004852185596861803,0.17932927145053312,0.06574612930760462,0.07380184427527307,0.024844537312776797,0.02250908173533263
periodic,muon/factored_scale_dispersion,-1,mlp_out,transformer.h.9.mlp.c_proj.weight,9.0,-1.0,g8-muon-768x3072,-,L0:all,25.0,1.0,0.0327139971591604,1.3244352408735918,0.006440371698573947,0.18567115379885318,0.05680883149049665,0.11336919858405,0.028626538692320208,0.03484463589615436
periodic,muon/factored_scale_dispersion,-1,ve_gate,transformer.h.1.attn.ve_gate.weight,1.0,-1.0,g6-muon-6x12,-,L0:all,25.0,1.0,0.1840014249562001,0.35933017177740323,0.016381410223650063,0.0814704997067804,0.028548957074570364,0.5738006534130665,0.2792370929927717,0.16311029063750648
periodic,muon/factored_scale_dispersion,-1,ve_gate,transformer.h.11.attn.ve_gate.weight,11.0,-1.0,g6-muon-6x12,-,L0:all,25.0,1.0,0.16987956768043166,0.4288736574196842,0.020864379150348243,0.1284912512224691,0.030378403187193606,0.6868161904949593,0.2147357158242345,0.1583862548851138
periodic,muon/factored_scale_dispersion,-1,ve_gate,transformer.h.3.attn.ve_gate.weight,3.0,-1.0,g6-muon-6x12,-,L0:all,25.0,1.0,0.18588520197494068,0.34634645143197057,0.01713515099745003,0.08682831766903841,0.026088804043975178,0.6568009391525611,0.18247366060060902,0.18654375781747987
periodic,muon/factored_scale_dispersion,-1,ve_gate,transformer.h.5.attn.ve_gate.weight,5.0,-1.0,g6-muon-6x12,-,L0:all,25.0,1.0,0.20226449842451039,0.3956866786919985,0.018484379482816834,0.09145823527731375,0.031806112250022486,0.5811580911717296,0.25729584117611776,0.19671223324605477
periodic,muon/factored_scale_dispersion,-1,ve_gate,transformer.h.7.attn.ve_gate.weight,7.0,-1.0,g6-muon-6x12,-,L0:all,25.0,1.0,0.2806008021444614,0.4492368782511152,0.02636570364633522,0.09529970489057421,0.029032668644461107,0.9081391714008111,0.2802240757040629,0.28097752858485997
periodic,muon/factored_scale_dispersion,-1,ve_gate,transformer.h.9.attn.ve_gate.weight,9.0,-1.0,g6-muon-6x12,-,L0:all,25.0,1.0,0.181185603158999,0.3653541105904272,0.020732466639598008,0.11939061559517496,0.030802559466807683,0.6730761014174476,0.19612811277914996,0.16624309353884803
periodic,muon/norm_degenerate,-1,attn_k,transformer.h.0.attn.c_k.weight,0.0,-1.0,g7-muon-768x768,-,L0:all,25.0,1.0,0.0,0.0,0.0,0.0,0.0,,0.0,
periodic,muon/norm_degenerate,-1,attn_k,transformer.h.1.attn.c_k.weight,1.0,-1.0,g7-muon-768x768,-,L0:all,25.0,1.0,0.0,0.0,0.0,0.0,0.0,,0.0,
periodic,muon/norm_degenerate,-1,attn_k,transformer.h.10.attn.c_k.weight,10.0,-1.0,g7-muon-768x768,-,L0:all,25.0,1.0,0.0,0.0,0.0,0.0,0.0,,0.0,
periodic,muon/norm_degenerate,-1,attn_k,transformer.h.11.attn.c_k.weight,11.0,-1.0,g7-muon-768x768,-,L0:all,25.0,1.0,0.0,0.0,0.0,0.0,0.0,,0.0,
periodic,muon/norm_degenerate,-1,attn_k,transformer.h.2.attn.c_k.weight,2.0,-1.0,g7-muon-768x768,-,L0:all,25.0,1.0,0.0,0.0,0.0,0.0,0.0,,0.0,
periodic,muon/norm_degenerate,-1,attn_k,transformer.h.3.attn.c_k.weight,3.0,-1.0,g7-muon-768x768,-,L0:all,25.0,1.0,0.0,0.0,0.0,0.0,0.0,,0.0,
periodic,muon/norm_degenerate,-1,attn_k,transformer.h.4.attn.c_k.weight,4.0,-1.0,g7-muon-768x768,-,L0:all,25.0,1.0,0.0,0.0,0.0,0.0,0.0,,0.0,
periodic,muon/norm_degenerate,-1,attn_k,transformer.h.5.attn.c_k.weight,5.0,-1.0,g7-muon-768x768,-,L0:all,25.0,1.0,0.0,0.0,0.0,0.0,0.0,,0.0,
periodic,muon/norm_degenerate,-1,attn_k,transformer.h.6.attn.c_k.weight,6.0,-1.0,g7-muon-768x768,-,L0:all,25.0,1.0,0.0,0.0,0.0,0.0,0.0,,0.0,
periodic,muon/norm_degenerate,-1,attn_k,transformer.h.7.attn.c_k.weight,7.0,-1.0,g7-muon-768x768,-,L0:all,25.0,1.0,0.0,0.0,0.0,0.0,0.0,,0.0,
periodic,muon/norm_degenerate,-1,attn_k,transformer.h.8.attn.c_k.weight,8.0,-1.0,g7-muon-768x768,-,L0:all,25.0,1.0,0.0,0.0,0.0,0.0,0.0,,0.0,
periodic,muon/norm_degenerate,-1,attn_k,transformer.h.9.attn.c_k.weight,9.0,-1.0,g7-muon-768x768,-,L0:all,25.0,1.0,0.0,0.0,0.0,0.0,0.0,,0.0,
periodic,muon/norm_degenerate,-1,attn_out,transformer.h.0.attn.c_proj.weight,0.0,-1.0,g7-muon-768x768,-,L0:all,25.0,1.0,,,0.0,0.0,0.0,,,
periodic,muon/norm_degenerate,-1,attn_out,transformer.h.1.attn.c_proj.weight,1.0,-1.0,g7-muon-768x768,-,L0:all,25.0,1.0,,,0.0,0.0,0.0,,,
periodic,muon/norm_degenerate,-1,attn_out,transformer.h.10.attn.c_proj.weight,10.0,-1.0,g7-muon-768x768,-,L0:all,25.0,1.0,,,0.0,0.0,0.0,,,
periodic,muon/norm_degenerate,-1,attn_out,transformer.h.11.attn.c_proj.weight,11.0,-1.0,g7-muon-768x768,-,L0:all,25.0,1.0,,,0.0,0.0,0.0,,,
periodic,muon/norm_degenerate,-1,attn_out,transformer.h.2.attn.c_proj.weight,2.0,-1.0,g7-muon-768x768,-,L0:all,25.0,1.0,,,0.0,0.0,0.0,,,
periodic,muon/norm_degenerate,-1,attn_out,transformer.h.3.attn.c_proj.weight,3.0,-1.0,g7-muon-768x768,-,L0:all,25.0,1.0,,,0.0,0.0,0.0,,,
periodic,muon/norm_degenerate,-1,attn_out,transformer.h.4.attn.c_proj.weight,4.0,-1.0,g7-muon-768x768,-,L0:all,25.0,1.0,,,0.0,0.0,0.0,,,
periodic,muon/norm_degenerate,-1,attn_out,transformer.h.5.attn.c_proj.weight,5.0,-1.0,g7-muon-768x768,-,L0:all,25.0,1.0,,,0.0,0.0,0.0,,,
periodic,muon/norm_degenerate,-1,attn_out,transformer.h.6.attn.c_proj.weight,6.0,-1.0,g7-muon-768x768,-,L0:all,25.0,1.0,,,0.0,0.0,0.0,,,
periodic,muon/norm_degenerate,-1,attn_out,transformer.h.7.attn.c_proj.weight,7.0,-1.0,g7-muon-768x768,-,L0:all,25.0,1.0,,,0.0,0.0,0.0,,,
periodic,muon/norm_degenerate,-1,attn_out,transformer.h.8.attn.c_proj.weight,8.0,-1.0,g7-muon-768x768,-,L0:all,25.0,1.0,,,0.0,0.0,0.0,,,
periodic,muon/norm_degenerate,-1,attn_out,transformer.h.9.attn.c_proj.weight,9.0,-1.0,g7-muon-768x768,-,L0:all,25.0,1.0,,,0.0,0.0,0.0,,,
periodic,muon/norm_degenerate,-1,attn_q,transformer.h.0.attn.c_q.weight,0.0,-1.0,g7-muon-768x768,-,L0:all,25.0,1.0,0.0,0.0,0.0,0.0,0.0,,0.0,
periodic,muon/norm_degenerate,-1,attn_q,transformer.h.1.attn.c_q.weight,1.0,-1.0,g7-muon-768x768,-,L0:all,25.0,1.0,0.0,0.0,0.0,0.0,0.0,,0.0,
periodic,muon/norm_degenerate,-1,attn_q,transformer.h.10.attn.c_q.weight,10.0,-1.0,g7-muon-768x768,-,L0:all,25.0,1.0,0.0,0.0,0.0,0.0,0.0,,0.0,
periodic,muon/norm_degenerate,-1,attn_q,transformer.h.11.attn.c_q.weight,11.0,-1.0,g7-muon-768x768,-,L0:all,25.0,1.0,0.0,0.0,0.0,0.0,0.0,,0.0,
periodic,muon/norm_degenerate,-1,attn_q,transformer.h.2.attn.c_q.weight,2.0,-1.0,g7-muon-768x768,-,L0:all,25.0,1.0,0.0,0.0,0.0,0.0,0.0,,0.0,
periodic,muon/norm_degenerate,-1,attn_q,transformer.h.3.attn.c_q.weight,3.0,-1.0,g7-muon-768x768,-,L0:all,25.0,1.0,0.0,0.0,0.0,0.0,0.0,,0.0,
periodic,muon/norm_degenerate,-1,attn_q,transformer.h.4.attn.c_q.weight,4.0,-1.0,g7-muon-768x768,-,L0:all,25.0,1.0,0.0,0.0,0.0,0.0,0.0,,0.0,
periodic,muon/norm_degenerate,-1,attn_q,transformer.h.5.attn.c_q.weight,5.0,-1.0,g7-muon-768x768,-,L0:all,25.0,1.0,0.0,0.0,0.0,0.0,0.0,,0.0,
periodic,muon/norm_degenerate,-1,attn_q,transformer.h.6.attn.c_q.weight,6.0,-1.0,g7-muon-768x768,-,L0:all,25.0,1.0,0.0,0.0,0.0,0.0,0.0,,0.0,
periodic,muon/norm_degenerate,-1,attn_q,transformer.h.7.attn.c_q.weight,7.0,-1.0,g7-muon-768x768,-,L0:all,25.0,1.0,0.0,0.0,0.0,0.0,0.0,,0.0,
periodic,muon/norm_degenerate,-1,attn_q,transformer.h.8.attn.c_q.weight,8.0,-1.0,g7-muon-768x768,-,L0:all,25.0,1.0,0.0,0.0,0.0,0.0,0.0,,0.0,
periodic,muon/norm_degenerate,-1,attn_q,transformer.h.9.attn.c_q.weight,9.0,-1.0,g7-muon-768x768,-,L0:all,25.0,1.0,0.0,0.0,0.0,0.0,0.0,,0.0,
periodic,muon/norm_degenerate,-1,attn_v,transformer.h.0.attn.c_v.weight,0.0,-1.0,g7-muon-768x768,-,L0:all,25.0,1.0,0.0,0.0,0.0,0.0,0.0,,0.0,
periodic,muon/norm_degenerate,-1,attn_v,transformer.h.1.attn.c_v.weight,1.0,-1.0,g7-muon-768x768,-,L0:all,25.0,1.0,0.0,0.0,0.0,0.0,0.0,,0.0,
periodic,muon/norm_degenerate,-1,attn_v,transformer.h.10.attn.c_v.weight,10.0,-1.0,g7-muon-768x768,-,L0:all,25.0,1.0,0.0,0.0,0.0,0.0,0.0,,0.0,
periodic,muon/norm_degenerate,-1,attn_v,transformer.h.11.attn.c_v.weight,11.0,-1.0,g7-muon-768x768,-,L0:all,25.0,1.0,0.0,0.0,0.0,0.0,0.0,,0.0,
periodic,muon/norm_degenerate,-1,attn_v,transformer.h.2.attn.c_v.weight,2.0,-1.0,g7-muon-768x768,-,L0:all,25.0,1.0,0.0,0.0,0.0,0.0,0.0,,0.0,
periodic,muon/norm_degenerate,-1,attn_v,transformer.h.3.attn.c_v.weight,3.0,-1.0,g7-muon-768x768,-,L0:all,25.0,1.0,0.0,0.0,0.0,0.0,0.0,,0.0,
periodic,muon/norm_degenerate,-1,attn_v,transformer.h.4.attn.c_v.weight,4.0,-1.0,g7-muon-768x768,-,L0:all,25.0,1.0,0.0,0.0,0.0,0.0,0.0,,0.0,
periodic,muon/norm_degenerate,-1,attn_v,transformer.h.5.attn.c_v.weight,5.0,-1.0,g7-muon-768x768,-,L0:all,25.0,1.0,0.0,0.0,0.0,0.0,0.0,,0.0,
periodic,muon/norm_degenerate,-1,attn_v,transformer.h.6.attn.c_v.weight,6.0,-1.0,g7-muon-768x768,-,L0:all,25.0,1.0,0.0,0.0,0.0,0.0,0.0,,0.0,
periodic,muon/norm_degenerate,-1,attn_v,transformer.h.7.attn.c_v.weight,7.0,-1.0,g7-muon-768x768,-,L0:all,25.0,1.0,0.0,0.0,0.0,0.0,0.0,,0.0,
periodic,muon/norm_degenerate,-1,attn_v,transformer.h.8.attn.c_v.weight,8.0,-1.0,g7-muon-768x768,-,L0:all,25.0,1.0,0.0,0.0,0.0,0.0,0.0,,0.0,
periodic,muon/norm_degenerate,-1,attn_v,transformer.h.9.attn.c_v.weight,9.0,-1.0,g7-muon-768x768,-,L0:all,25.0,1.0,0.0,0.0,0.0,0.0,0.0,,0.0,
periodic,muon/norm_degenerate,-1,mlp_in,transformer.h.0.mlp.c_fc.weight,0.0,-1.0,g9-muon-3072x768,-,L0:all,25.0,1.0,0.0,0.0,0.0,0.0,0.0,,0.0,
periodic,muon/norm_degenerate,-1,mlp_in,transformer.h.1.mlp.c_fc.weight,1.0,-1.0,g9-muon-3072x768,-,L0:all,25.0,1.0,0.0,0.0,0.0,0.0,0.0,,0.0,
periodic,muon/norm_degenerate,-1,mlp_in,transformer.h.10.mlp.c_fc.weight,10.0,-1.0,g9-muon-3072x768,-,L0:all,25.0,1.0,0.0,0.0,0.0,0.0,0.0,,0.0,
periodic,muon/norm_degenerate,-1,mlp_in,transformer.h.11.mlp.c_fc.weight,11.0,-1.0,g9-muon-3072x768,-,L0:all,25.0,1.0,0.0,0.0,0.0,0.0,0.0,,0.0,
periodic,muon/norm_degenerate,-1,mlp_in,transformer.h.2.mlp.c_fc.weight,2.0,-1.0,g9-muon-3072x768,-,L0:all,25.0,1.0,0.0,0.0,0.0,0.0,0.0,,0.0,
periodic,muon/norm_degenerate,-1,mlp_in,transformer.h.3.mlp.c_fc.weight,3.0,-1.0,g9-muon-3072x768,-,L0:all,25.0,1.0,0.0,0.0,0.0,0.0,0.0,,0.0,
periodic,muon/norm_degenerate,-1,mlp_in,transformer.h.4.mlp.c_fc.weight,4.0,-1.0,g9-muon-3072x768,-,L0:all,25.0,1.0,0.0,0.0,0.0,0.0,0.0,,0.0,
periodic,muon/norm_degenerate,-1,mlp_in,transformer.h.5.mlp.c_fc.weight,5.0,-1.0,g9-muon-3072x768,-,L0:all,25.0,1.0,0.0,0.0,0.0,0.0,0.0,,0.0,
periodic,muon/norm_degenerate,-1,mlp_in,transformer.h.6.mlp.c_fc.weight,6.0,-1.0,g9-muon-3072x768,-,L0:all,25.0,1.0,0.0,0.0,0.0,0.0,0.0,,0.0,
periodic,muon/norm_degenerate,-1,mlp_in,transformer.h.7.mlp.c_fc.weight,7.0,-1.0,g9-muon-3072x768,-,L0:all,25.0,1.0,0.0,0.0,0.0,0.0,0.0,,0.0,
periodic,muon/norm_degenerate,-1,mlp_in,transformer.h.8.mlp.c_fc.weight,8.0,-1.0,g9-muon-3072x768,-,L0:all,25.0,1.0,0.0,0.0,0.0,0.0,0.0,,0.0,
periodic,muon/norm_degenerate,-1,mlp_in,transformer.h.9.mlp.c_fc.weight,9.0,-1.0,g9-muon-3072x768,-,L0:all,25.0,1.0,0.0,0.0,0.0,0.0,0.0,,0.0,
periodic,muon/norm_degenerate,-1,mlp_out,transformer.h.0.mlp.c_proj.weight,0.0,-1.0,g8-muon-768x3072,-,L0:all,25.0,1.0,,,0.0,0.0,0.0,,,
periodic,muon/norm_degenerate,-1,mlp_out,transformer.h.1.mlp.c_proj.weight,1.0,-1.0,g8-muon-768x3072,-,L0:all,25.0,1.0,,,0.0,0.0,0.0,,,
periodic,muon/norm_degenerate,-1,mlp_out,transformer.h.10.mlp.c_proj.weight,10.0,-1.0,g8-muon-768x3072,-,L0:all,25.0,1.0,,,0.0,0.0,0.0,,,
periodic,muon/norm_degenerate,-1,mlp_out,transformer.h.11.mlp.c_proj.weight,11.0,-1.0,g8-muon-768x3072,-,L0:all,25.0,1.0,,,0.0,0.0,0.0,,,
periodic,muon/norm_degenerate,-1,mlp_out,transformer.h.2.mlp.c_proj.weight,2.0,-1.0,g8-muon-768x3072,-,L0:all,25.0,1.0,,,0.0,0.0,0.0,,,
periodic,muon/norm_degenerate,-1,mlp_out,transformer.h.3.mlp.c_proj.weight,3.0,-1.0,g8-muon-768x3072,-,L0:all,25.0,1.0,,,0.0,0.0,0.0,,,
periodic,muon/norm_degenerate,-1,mlp_out,transformer.h.4.mlp.c_proj.weight,4.0,-1.0,g8-muon-768x3072,-,L0:all,25.0,1.0,,,0.0,0.0,0.0,,,
periodic,muon/norm_degenerate,-1,mlp_out,transformer.h.5.mlp.c_proj.weight,5.0,-1.0,g8-muon-768x3072,-,L0:all,25.0,1.0,,,0.0,0.0,0.0,,,
periodic,muon/norm_degenerate,-1,mlp_out,transformer.h.6.mlp.c_proj.weight,6.0,-1.0,g8-muon-768x3072,-,L0:all,25.0,1.0,,,0.0,0.0,0.0,,,
periodic,muon/norm_degenerate,-1,mlp_out,transformer.h.7.mlp.c_proj.weight,7.0,-1.0,g8-muon-768x3072,-,L0:all,25.0,1.0,,,0.0,0.0,0.0,,,
periodic,muon/norm_degenerate,-1,mlp_out,transformer.h.8.mlp.c_proj.weight,8.0,-1.0,g8-muon-768x3072,-,L0:all,25.0,1.0,,,0.0,0.0,0.0,,,
periodic,muon/norm_degenerate,-1,mlp_out,transformer.h.9.mlp.c_proj.weight,9.0,-1.0,g8-muon-768x3072,-,L0:all,25.0,1.0,,,0.0,0.0,0.0,,,
periodic,muon/norm_degenerate,-1,ve_gate,transformer.h.1.attn.ve_gate.weight,1.0,-1.0,g6-muon-6x12,-,L0:all,25.0,1.0,0.0,0.0,0.0,0.0,0.0,,0.0,
periodic,muon/norm_degenerate,-1,ve_gate,transformer.h.11.attn.ve_gate.weight,11.0,-1.0,g6-muon-6x12,-,L0:all,25.0,1.0,0.0,0.0,0.0,0.0,0.0,,0.0,
periodic,muon/norm_degenerate,-1,ve_gate,transformer.h.3.attn.ve_gate.weight,3.0,-1.0,g6-muon-6x12,-,L0:all,25.0,1.0,0.0,0.0,0.0,0.0,0.0,,0.0,
periodic,muon/norm_degenerate,-1,ve_gate,transformer.h.5.attn.ve_gate.weight,5.0,-1.0,g6-muon-6x12,-,L0:all,25.0,1.0,0.0,0.0,0.0,0.0,0.0,,0.0,
periodic,muon/norm_degenerate,-1,ve_gate,transformer.h.7.attn.ve_gate.weight,7.0,-1.0,g6-muon-6x12,-,L0:all,25.0,1.0,0.0,0.0,0.0,0.0,0.0,,0.0,
periodic,muon/norm_degenerate,-1,ve_gate,transformer.h.9.attn.ve_gate.weight,9.0,-1.0,g6-muon-6x12,-,L0:all,25.0,1.0,0.0,0.0,0.0,0.0,0.0,,0.0,
periodic,muon/norm_deviation,-1,attn_k,transformer.h.0.attn.c_k.weight,0.0,-1.0,g7-muon-768x768,-,L0:all,25.0,1.0,1.9881900305662321,26.921969021281043,1.8788665542110647e-06,9.288985083344414e-07,3.274795272290021e-06,0.5737355767272738,0.7694588469280567,2.0056294353039816
periodic,muon/norm_deviation,-1,attn_k,transformer.h.1.attn.c_k.weight,1.0,-1.0,g7-muon-768x768,-,L0:all,25.0,1.0,1.9690471281261792,16.874022059650954,1.8947875449751102e-06,9.622865384528723e-07,3.146571879142358e-06,0.6021751982006401,1.2211487059911483,2.4283179800771832
periodic,muon/norm_deviation,-1,attn_k,transformer.h.10.attn.c_k.weight,10.0,-1.0,g7-muon-768x768,-,L0:all,25.0,1.0,1.94592850205079,32.49091417016036,1.8828296685453827e-06,1.021872897410958e-06,2.5393768446235764e-06,0.7414534288330424,1.329297860784349,2.0921939238521396
periodic,muon/norm_deviation,-1,attn_k,transformer.h.11.attn.c_k.weight,11.0,-1.0,g7-muon-768x768,-,L0:all,25.0,1.0,3.927208417616465,69.42911550436853,2.114999787277576e-06,5.784847303402785e-07,2.2414210484100757e-06,0.9435977184107488,3.904925080667234,3.927208417616465
periodic,muon/norm_deviation,-1,attn_k,transformer.h.2.attn.c_k.weight,2.0,-1.0,g7-muon-768x768,-,L0:all,25.0,1.0,1.7822240105287583,18.666631093846384,1.6186852822571914e-06,1.227929928404592e-06,3.8072051296467186e-06,0.4251636639309198,2.401916649284341,1.7822240105287583
periodic,muon/norm_deviation,-1,attn_k,transformer.h.3.attn.c_k.weight,3.0,-1.0,g7-muon-768x768,-,L0:all,25.0,1.0,1.3047131903061375,1792.8498948973083,1.9057159106424433e-06,1.2625419643086389e-06,3.565115768822125e-06,0.5345453091056481,2.0105721608405465,1.284742921694065
periodic,muon/norm_deviation,-1,attn_k,transformer.h.4.attn.c_k.weight,4.0,-1.0,g7-muon-768x768,-,L0:all,25.0,1.0,1.5166146184881246,33.85987958907495,1.7540589018733964e-06,9.561959330994796e-07,3.026423761554042e-06,0.5795813937743809,2.3561037526294664,1.5166146184881246
periodic,muon/norm_deviation,-1,attn_k,transformer.h.5.attn.c_k.weight,5.0,-1.0,g7-muon-768x768,-,L0:all,25.0,1.0,1.7908335562239717,8.306230694905585,1.8159778284744787e-06,9.301847825327059e-07,3.6166084676381162e-06,0.5021217653843608,3.5466640679816477,1.7471342117424502
periodic,muon/norm_deviation,-1,attn_k,transformer.h.6.attn.c_k.weight,6.0,-1.0,g7-muon-768x768,-,L0:all,25.0,1.0,1.7658343826993188,22.258652931589697,1.9901532922208215e-06,8.284881296560798e-07,3.4379986175281377e-06,0.578869718584037,2.115789083921228,1.7658343826993188
periodic,muon/norm_deviation,-1,attn_k,transformer.h.7.attn.c_k.weight,7.0,-1.0,g7-muon-768x768,-,L0:all,25.0,1.0,1.4192471890726317,15.565345797953206,1.5801460935406973e-06,1.1361705496426566e-06,2.8915135345641836e-06,0.5464771562201458,1.395312430421248,1.4192471890726317
periodic,muon/norm_deviation,-1,attn_k,transformer.h.8.attn.c_k.weight,8.0,-1.0,g7-muon-768x768,-,L0:all,25.0,1.0,3.0521586089269843,51.54114215047833,1.9047367705741557e-06,8.039212104904436e-07,2.785843041408498e-06,0.6837200596955159,2.0451790885827026,3.0521586089269843
periodic,muon/norm_deviation,-1,attn_k,transformer.h.9.attn.c_k.weight,9.0,-1.0,g7-muon-768x768,-,L0:all,25.0,1.0,2.1674504674656148,50.58914593605639,1.6962299331472984e-06,6.150647848812696e-07,2.679225373469762e-06,0.6331046092440428,1.1008778250353375,2.2308455548170874
periodic,muon/norm_deviation,-1,attn_out,transformer.h.0.attn.c_proj.weight,0.0,-1.0,g7-muon-768x768,-,L0:all,25.0,1.0,1.950668977629823,20.524106552711828,1.6783813818114019e-06,8.867402137013869e-07,3.133433389734819e-06,0.5356365280684784,1.9385174794897562,1.950668977629823
periodic,muon/norm_deviation,-1,attn_out,transformer.h.1.attn.c_proj.weight,1.0,-1.0,g7-muon-768x768,-,L0:all,25.0,1.0,1.347160001499438,27.875215691327703,1.5867358999339124e-06,1.0080256167555035e-06,3.1053081364973426e-06,0.5109753461450959,0.935595863351225,1.445154377536503
periodic,muon/norm_deviation,-1,attn_out,transformer.h.10.attn.c_proj.weight,10.0,-1.0,g7-muon-768x768,-,L0:all,25.0,1.0,3.1881198048823536,913.7339310936756,2.058521512486011e-06,5.233672304427728e-07,2.966606410836903e-06,0.6938977496193321,6.925876972004478,3.1881198048823536
periodic,muon/norm_deviation,-1,attn_out,transformer.h.11.attn.c_proj.weight,11.0,-1.0,g7-muon-768x768,-,L0:all,25.0,1.0,3.0874267118719336,60.023672001853164,1.6839751440033995e-06,7.008458666746264e-07,2.447146207629203e-06,0.6881383461083985,3.12405185331301,3.0874267118719336
periodic,muon/norm_deviation,-1,attn_out,transformer.h.2.attn.c_proj.weight,2.0,-1.0,g7-muon-768x768,-,L0:all,25.0,1.0,2.091231919407476,13.52002160956107,2.0233181855875253e-06,8.078782940401652e-07,3.0841402811176983e-06,0.6560396094740123,3.8684851601178303,2.091231919407476
periodic,muon/norm_deviation,-1,attn_out,transformer.h.3.attn.c_proj.weight,3.0,-1.0,g7-muon-768x768,-,L0:all,25.0,1.0,1.6697722553081986,88.02812776905235,1.6569410092305784e-06,1.0754579520266816e-06,2.646689208063435e-06,0.6260429083182575,1.5717738057307336,1.6697722553081986
periodic,muon/norm_deviation,-1,attn_out,transformer.h.4.attn.c_proj.weight,4.0,-1.0,g7-muon-768x768,-,L0:all,25.0,1.0,2.7917505389408235,23.84097093544557,1.5426698533836611e-06,5.476804822990289e-07,2.050340029313702e-06,0.752397081131967,1.3615958215149702,3.000171883512761
periodic,muon/norm_deviation,-1,attn_out,transformer.h.5.attn.c_proj.weight,5.0,-1.0,g7-muon-768x768,-,L0:all,25.0,1.0,2.9705632057080322,62.19606713489639,2.07168277887888e-06,6.616874799192374e-07,2.569838088817278e-06,0.8061530366033041,1.4346669915118972,3.084469000483062
periodic,muon/norm_deviation,-1,attn_out,transformer.h.6.attn.c_proj.weight,6.0,-1.0,g7-muon-768x768,-,L0:all,25.0,1.0,2.103612939509444,9.549603462398942,2.0374960839123352e-06,8.992007103358901e-07,2.8648720331148072e-06,0.7111996837419245,2.206317674085269,2.103612939509444
periodic,muon/norm_deviation,-1,attn_out,transformer.h.7.attn.c_proj.weight,7.0,-1.0,g7-muon-768x768,-,L0:all,25.0,1.0,2.872520677658392,35.942230534802185,1.5302336402296328e-06,8.002659974692961e-07,2.2060176434024472e-06,0.6936633733669871,0.935326002415694,3.546675446105941
periodic,muon/norm_deviation,-1,attn_out,transformer.h.8.attn.c_proj.weight,8.0,-1.0,g7-muon-768x768,-,L0:all,25.0,1.0,1.6828425592300003,25.61490119587206,1.932442200331219e-06,1.180352679597263e-06,3.1865469559022587e-06,0.6064376979450646,1.1546977383240729,1.7562860365723834
periodic,muon/norm_deviation,-1,attn_out,transformer.h.9.attn.c_proj.weight,9.0,-1.0,g7-muon-768x768,-,L0:all,25.0,1.0,2.1623292152071123,33.90039007361293,2.0291584709134855e-06,9.72491704942513e-07,3.3463414659706816e-06,0.606381175247124,2.05743980089509,2.1623292152071123
periodic,muon/norm_deviation,-1,attn_q,transformer.h.0.attn.c_q.weight,0.0,-1.0,g7-muon-768x768,-,L0:all,25.0,1.0,2.742724754354452,1403.3299771017912,1.955812527777368e-06,9.313707884928135e-07,2.779433812349908e-06,0.703672999546552,1.4291110274662444,2.754958183537608
periodic,muon/norm_deviation,-1,attn_q,transformer.h.1.attn.c_q.weight,1.0,-1.0,g7-muon-768x768,-,L0:all,25.0,1.0,1.9272830488423183,67.6353685937764,1.8435502446809306e-06,9.376566936225572e-07,2.8805183873714672e-06,0.640006414388213,1.0681707727914682,2.244594100919774
periodic,muon/norm_deviation,-1,attn_q,transformer.h.10.attn.c_q.weight,10.0,-1.0,g7-muon-768x768,-,L0:all,25.0,1.0,2.410708094704053,21.082311268346068,2.193113312288046e-06,7.634917587040491e-07,2.8112855424922146e-06,0.7801104794014782,3.657329198625171,2.3498527405566536
periodic,muon/norm_deviation,-1,attn_q,transformer.h.11.attn.c_q.weight,11.0,-1.0,g7-muon-768x768,-,L0:all,25.0,1.0,1.4722541945053444,47.408258571881895,1.627839924767811e-06,1.1375093258436664e-06,2.8026187806062808e-06,0.5808281654402052,0.6941726465970494,1.5943736081283408
periodic,muon/norm_deviation,-1,attn_q,transformer.h.2.attn.c_q.weight,2.0,-1.0,g7-muon-768x768,-,L0:all,25.0,1.0,2.06428586986196,39.47868420019672,1.7513814792845464e-06,9.457918288546807e-07,2.064555196312767e-06,0.8483093512890625,1.8867521854775187,2.2208502658634606
periodic,muon/norm_deviation,-1,attn_q,transformer.h.3.attn.c_q.weight,3.0,-1.0,g7-muon-768x768,-,L0:all,25.0,1.0,2.0628812186236676,24.06443086358868,1.8809201210103038e-06,8.173727152893662e-07,2.969977585820516e-06,0.6333112175628295,0.8724816913086286,2.2101274462073466
periodic,muon/norm_deviation,-1,attn_q,transformer.h.4.attn.c_q.weight,4.0,-1.0,g7-muon-768x768,-,L0:all,25.0,1.0,2.119077583655032,27.464605857880635,1.6456699455329998e-06,8.740832448950187e-07,2.489031819408183e-06,0.6611687053178334,2.5854921775279696,1.888433766091357
periodic,muon/norm_deviation,-1,attn_q,transformer.h.5.attn.c_q.weight,5.0,-1.0,g7-muon-768x768,-,L0:all,25.0,1.0,1.2026728959701523,12.587045149164908,1.98767612451788e-06,1.4823268621455554e-06,2.8841288447267747e-06,0.6891772980780894,2.3903836026717205,1.2026728959701523
periodic,muon/norm_deviation,-1,attn_q,transformer.h.6.attn.c_q.weight,6.0,-1.0,g7-muon-768x768,-,L0:all,25.0,1.0,2.1002183606563567,83.73498997586626,1.9631711469265243e-06,7.998329998315512e-07,2.8505399875200515e-06,0.6887014935841923,2.379673922927773,2.1002183606563567
periodic,muon/norm_deviation,-1,attn_q,transformer.h.7.attn.c_q.weight,7.0,-1.0,g7-muon-768x768,-,L0:all,25.0,1.0,2.5143617391175246,19.440414754207072,1.9463447553344536e-06,7.64601907121687e-07,3.88946035201343e-06,0.500415116541014,2.617505679530991,2.5143617391175246
periodic,muon/norm_deviation,-1,attn_q,transformer.h.8.attn.c_q.weight,8.0,-1.0,g7-muon-768x768,-,L0:all,25.0,1.0,1.808454085757131,71.60661248516705,1.8888376373318826e-06,8.244824307723775e-07,3.354605249938914e-06,0.5630580937552273,3.0983686006751134,1.808454085757131
periodic,muon/norm_deviation,-1,attn_q,transformer.h.9.attn.c_q.weight,9.0,-1.0,g7-muon-768x768,-,L0:all,25.0,1.0,1.6202265299634313,64.9314599089061,1.7975625116306925e-06,1.0753733299395662e-06,2.8400247934712302e-06,0.6329390207307365,1.479223859214716,1.6886707779434307
periodic,muon/norm_deviation,-1,attn_v,transformer.h.0.attn.c_v.weight,0.0,-1.0,g7-muon-768x768,-,L0:all,25.0,1.0,3.250234198912963,44.15074807377827,1.9172027907746157e-06,8.513454901049045e-07,2.7174539980023836e-06,0.7055143498966174,2.9531108319146018,3.250234198912963
periodic,muon/norm_deviation,-1,attn_v,transformer.h.1.attn.c_v.weight,1.0,-1.0,g7-muon-768x768,-,L0:all,25.0,1.0,1.584951352219881,295.7418044342823,2.013474125721199e-06,1.1242883211082244e-06,3.4659897636402097e-06,0.5809232753205008,1.0648115014257733,1.6054446238596707
periodic,muon/norm_deviation,-1,attn_v,transformer.h.10.attn.c_v.weight,10.0,-1.0,g7-muon-768x768,-,L0:all,25.0,1.0,1.854076572119393,60.21468812914066,1.6407780504512022e-06,9.04601950679762e-07,2.1841800524668996e-06,0.751210070157926,0.9683575842624194,2.0339637016605656
periodic,muon/norm_deviation,-1,attn_v,transformer.h.11.attn.c_v.weight,11.0,-1.0,g7-muon-768x768,-,L0:all,25.0,1.0,2.463132665078417,10.664870445489115,1.915227811941264e-06,9.042411051041199e-07,2.7296060181924985e-06,0.7016499081466333,1.899571293660252,2.5182029743820475
periodic,muon/norm_deviation,-1,attn_v,transformer.h.2.attn.c_v.weight,2.0,-1.0,g7-muon-768x768,-,L0:all,25.0,1.0,1.558203062633963,69.83352343049314,1.7653580379897347e-06,8.866917475813807e-07,2.9153038347828905e-06,0.6055485596139262,1.7885989501457418,1.558203062633963
periodic,muon/norm_deviation,-1,attn_v,transformer.h.3.attn.c_v.weight,3.0,-1.0,g7-muon-768x768,-,L0:all,25.0,1.0,2.527045764057446,132.46754895687707,1.7177993201571735e-06,8.90655083907177e-07,2.500327134669078e-06,0.6870298275527561,5.377221881377418,2.2136839137670408
periodic,muon/norm_deviation,-1,attn_v,transformer.h.4.attn.c_v.weight,4.0,-1.0,g7-muon-768x768,-,L0:all,25.0,1.0,1.9913745688402045,86.58514688136968,2.1620153292394946e-06,9.469594708377826e-07,2.777233594031259e-06,0.7784780271584026,6.769596491583091,1.9913745688402045
periodic,muon/norm_deviation,-1,attn_v,transformer.h.5.attn.c_v.weight,5.0,-1.0,g7-muon-768x768,-,L0:all,25.0,1.0,1.8253233834953948,39.42204180124686,1.8229784929471381e-06,9.532943110457381e-07,3.1294686209548674e-06,0.5825201380005877,1.898399826575917,1.8253233834953948
periodic,muon/norm_deviation,-1,attn_v,transformer.h.6.attn.c_v.weight,6.0,-1.0,g7-muon-768x768,-,L0:all,25.0,1.0,1.9911630371227689,42.69753229921349,1.7018472558435923e-06,9.593721870260197e-07,3.669938855921373e-06,0.46372632424044224,1.9404884589137121,1.9911630371227689
periodic,muon/norm_deviation,-1,attn_v,transformer.h.7.attn.c_v.weight,7.0,-1.0,g7-muon-768x768,-,L0:all,25.0,1.0,2.779897726718271,43.147076913845765,1.6809625552821917e-06,7.392562153540894e-07,1.9787779329760725e-06,0.8494953007455627,0.6983344688246749,2.819865273602451
periodic,muon/norm_deviation,-1,attn_v,transformer.h.8.attn.c_v.weight,8.0,-1.0,g7-muon-768x768,-,L0:all,25.0,1.0,2.319345701455746,38.11097401114012,1.9003749457998078e-06,7.520487663725817e-07,3.24187333262671e-06,0.5861965446564933,2.2119392498334376,2.319345701455746
periodic,muon/norm_deviation,-1,attn_v,transformer.h.9.attn.c_v.weight,9.0,-1.0,g7-muon-768x768,-,L0:all,25.0,1.0,1.6288386301421185,56.54009301631632,1.5634949967034151e-06,7.946135944791877e-07,2.1548063983800605e-06,0.7255849053904884,1.8508583582082234,1.6288386301421185
periodic,muon/norm_deviation,-1,mlp_in,transformer.h.0.mlp.c_fc.weight,0.0,-1.0,g9-muon-3072x768,-,L0:all,25.0,1.0,1.383195618487463,8.01623449795401,1.6677916172958207e-06,1.2810524552264724e-06,2.9938521045380643e-06,0.5570721462051487,0.7608191158494365,1.4838889982988208
periodic,muon/norm_deviation,-1,mlp_in,transformer.h.1.mlp.c_fc.weight,1.0,-1.0,g9-muon-3072x768,-,L0:all,25.0,1.0,2.127429578721652,187.1128977784387,1.3641593486862817e-06,8.187633042666675e-07,2.2905891526647796e-06,0.5955495541831556,3.1334134800668947,2.127429578721652
periodic,muon/norm_deviation,-1,mlp_in,transformer.h.10.mlp.c_fc.weight,10.0,-1.0,g9-muon-3072x768,-,L0:all,25.0,1.0,1.9417349881401236,19.646841090473384,1.804278041508364e-06,9.221539869486151e-07,2.2767522878552883e-06,0.792478852940125,0.9724983321050309,2.194739143820062
periodic,muon/norm_deviation,-1,mlp_in,transformer.h.11.mlp.c_fc.weight,11.0,-1.0,g9-muon-3072x768,-,L0:all,25.0,1.0,1.6025600721802395,41.50895508395886,2.033405806008195e-06,1.2773864597193096e-06,3.3232082351730706e-06,0.6118803463732679,0.7347679502557594,1.6915880727355208
periodic,muon/norm_deviation,-1,mlp_in,transformer.h.2.mlp.c_fc.weight,2.0,-1.0,g9-muon-3072x768,-,L0:all,25.0,1.0,1.3479946373703688,678.9738223977398,1.5815138291848553e-06,9.639754594559236e-07,2.8496983176751206e-06,0.5549758791573093,0.9180532305805829,1.649783498481421
periodic,muon/norm_deviation,-1,mlp_in,transformer.h.3.mlp.c_fc.weight,3.0,-1.0,g9-muon-3072x768,-,L0:all,25.0,1.0,1.4538937465993071,1406.310886788495,1.5904215541008688e-06,8.569001757052774e-07,2.7677263268799387e-06,0.5746310748482684,2.6040773992835113,1.4200789030911374
periodic,muon/norm_deviation,-1,mlp_in,transformer.h.4.mlp.c_fc.weight,4.0,-1.0,g9-muon-3072x768,-,L0:all,25.0,1.0,2.0896323454726993,15.62319239085475,1.5345819022233337e-06,7.445534926375785e-07,1.7614024315548703e-06,0.8712273099729334,0.9021518420781061,2.1253082568774957
periodic,muon/norm_deviation,-1,mlp_in,transformer.h.5.mlp.c_fc.weight,5.0,-1.0,g9-muon-3072x768,-,L0:all,25.0,1.0,1.7631832455754564,201.62810591083164,1.524409796309774e-06,8.351522069460771e-07,2.0915817920297288e-06,0.7288310703978947,2.0077795988491385,1.6999932041166326
periodic,muon/norm_deviation,-1,mlp_in,transformer.h.6.mlp.c_fc.weight,6.0,-1.0,g9-muon-3072x768,-,L0:all,25.0,1.0,1.6967927687261926,12.01855056421565,1.5764386018003902e-06,1.0641685754819719e-06,3.0524771226225766e-06,0.5164456729641177,2.19973558133534,1.6343959596298276
periodic,muon/norm_deviation,-1,mlp_in,transformer.h.7.mlp.c_fc.weight,7.0,-1.0,g9-muon-3072x768,-,L0:all,25.0,1.0,2.963834337487376,18.59011816331583,1.4922720560493142e-06,6.353938637460033e-07,3.32907562778928e-06,0.44825417710329357,1.7158982838325858,3.1314853591332903
periodic,muon/norm_deviation,-1,mlp_in,transformer.h.8.mlp.c_fc.weight,8.0,-1.0,g9-muon-3072x768,-,L0:all,25.0,1.0,1.3232659690345459,135.93174948241287,1.9386804842677887e-06,1.266979875680363e-06,2.9233482827351056e-06,0.6631712326982625,2.382138891919505,1.3232659690345459
periodic,muon/norm_deviation,-1,mlp_in,transformer.h.9.mlp.c_fc.weight,9.0,-1.0,g9-muon-3072x768,-,L0:all,25.0,1.0,1.7788465911930067,114.67329262159969,1.706432437387547e-06,9.223043413442156e-07,1.8186886805438012e-06,0.9382762732527214,2.079313821066973,1.7788465911930067
periodic,muon/norm_deviation,-1,mlp_out,transformer.h.0.mlp.c_proj.weight,0.0,-1.0,g8-muon-768x3072,-,L0:all,25.0,1.0,2.164376689152216,8.019856236270442,1.7262123582572374e-06,8.497015571151678e-07,1.8064892238101038e-06,0.9555619460693195,3.2595224677008856,2.164376689152216
periodic,muon/norm_deviation,-1,mlp_out,transformer.h.1.mlp.c_proj.weight,1.0,-1.0,g8-muon-768x3072,-,L0:all,25.0,1.0,1.3425490004119647,26.272424606389738,1.7275391471408173e-06,1.2045887878286976e-06,2.609553229859785e-06,0.662005713228406,2.903017597717251,1.3425490004119647
periodic,muon/norm_deviation,-1,mlp_out,transformer.h.10.mlp.c_proj.weight,10.0,-1.0,g8-muon-768x3072,-,L0:all,25.0,1.0,1.5629899926602318,187.2031382516136,1.9054195528499425e-06,1.1002598157006105e-06,2.555996163522423e-06,0.7454704275549773,0.9809758378024032,1.7526850519224426
periodic,muon/norm_deviation,-1,mlp_out,transformer.h.11.mlp.c_proj.weight,11.0,-1.0,g8-muon-768x3072,-,L0:all,25.0,1.0,1.5221365318645756,178.57869835554374,1.6832730682913338e-06,9.548086019606217e-07,2.4664046364364372e-06,0.6824804995190877,1.7590250915656465,1.2612144185705192
periodic,muon/norm_deviation,-1,mlp_out,transformer.h.2.mlp.c_proj.weight,2.0,-1.0,g8-muon-768x3072,-,L0:all,25.0,1.0,1.6798893338807184,5.732491599992112,1.9008208195095565e-06,8.701353024775926e-07,1.9185098004470554e-06,0.9907798329029245,1.1631874953390708,1.879120330273499
periodic,muon/norm_deviation,-1,mlp_out,transformer.h.3.mlp.c_proj.weight,3.0,-1.0,g8-muon-768x3072,-,L0:all,25.0,1.0,1.683185969373548,17.15898825168701,1.4205853551843473e-06,9.850168716241114e-07,2.2690620362197936e-06,0.6260672174265498,1.177202068191412,2.388200700669921
periodic,muon/norm_deviation,-1,mlp_out,transformer.h.4.mlp.c_proj.weight,4.0,-1.0,g8-muon-768x3072,-,L0:all,25.0,1.0,2.290718900270691,24806.16495212928,1.498536104812109e-06,6.043577585046478e-07,2.3138792180077417e-06,0.6476293547000063,1.791518102693851,2.290718900270691
periodic,muon/norm_deviation,-1,mlp_out,transformer.h.5.mlp.c_proj.weight,5.0,-1.0,g8-muon-768x3072,-,L0:all,25.0,1.0,1.6400137283028382,9.933572836268672,1.4418111483701753e-06,8.694058166724972e-07,1.963837496532506e-06,0.734180476193138,1.1201324124014407,1.663630972682698
periodic,muon/norm_deviation,-1,mlp_out,transformer.h.6.mlp.c_proj.weight,6.0,-1.0,g8-muon-768x3072,-,L0:all,25.0,1.0,1.6775048227098204,21.272640087457315,1.8585903147554662e-06,1.2347938387335944e-06,2.2234564525547286e-06,0.8359013789633546,1.5718396272243225,1.6775048227098204
periodic,muon/norm_deviation,-1,mlp_out,transformer.h.7.mlp.c_proj.weight,7.0,-1.0,g8-muon-768x3072,-,L0:all,25.0,1.0,1.711261925629427,706.9881304224787,1.666438805669167e-06,8.989289455030303e-07,2.4174012203559416e-06,0.6893513545193785,1.2266613015256171,1.8502488518198428
periodic,muon/norm_deviation,-1,mlp_out,transformer.h.8.mlp.c_proj.weight,8.0,-1.0,g8-muon-768x3072,-,L0:all,25.0,1.0,2.5063065224813736,20.190960628406334,1.7472815745711194e-06,7.783125894889054e-07,2.1729520007340855e-06,0.8041050027708102,0.7954974077912395,2.9256427934839944
periodic,muon/norm_deviation,-1,mlp_out,transformer.h.9.mlp.c_proj.weight,9.0,-1.0,g8-muon-768x3072,-,L0:all,25.0,1.0,2.0605135790036093,7.855256013531128,1.7515214384320206e-06,1.0438724942218869e-06,2.309489642726703e-06,0.7584019456195022,2.092785489304087,2.0605135790036093
periodic,muon/norm_deviation,-1,ve_gate,transformer.h.1.attn.ve_gate.weight,1.0,-1.0,g6-muon-6x12,-,L0:all,25.0,1.0,1.0871611979152072,17.510041495148315,1.739742702340606e-07,1.5193166946758652e-07,2.6564194168798847e-07,0.6549201874092732,2.0728389629802693,1.0871611979152072
periodic,muon/norm_deviation,-1,ve_gate,transformer.h.11.attn.ve_gate.weight,11.0,-1.0,g6-muon-6x12,-,L0:all,25.0,1.0,1.2024693230714165,6.539412770372121,1.7818519930762925e-07,1.4612423893112236e-07,3.0376543804777615e-07,0.5865881268546567,0.916752217599361,1.3309878769934391
periodic,muon/norm_deviation,-1,ve_gate,transformer.h.3.attn.ve_gate.weight,3.0,-1.0,g6-muon-6x12,-,L0:all,25.0,1.0,1.3266839719652848,7.20190108038177,1.516068680413906e-07,1.3516085051179516e-07,1.7962062086596124e-07,0.8440393275030743,1.4941215592783403,1.3266839719652848
periodic,muon/norm_deviation,-1,ve_gate,transformer.h.5.attn.ve_gate.weight,5.0,-1.0,g6-muon-6x12,-,L0:all,25.0,1.0,1.0109166127898757,21.153137137667297,1.3902404702978395e-07,1.5502912020792792e-07,2.738993502227061e-07,0.5075734824370494,0.7926773155480571,1.0109166127898757
periodic,muon/norm_deviation,-1,ve_gate,transformer.h.7.attn.ve_gate.weight,7.0,-1.0,g6-muon-6x12,-,L0:all,25.0,1.0,1.4991195871378298,23.02339923909981,1.469637099692065e-07,1.0662205962574944e-07,1.898515483489405e-07,0.7740980321060767,1.034451418607477,1.5646360336746723
periodic,muon/norm_deviation,-1,ve_gate,transformer.h.9.attn.ve_gate.weight,9.0,-1.0,g6-muon-6x12,-,L0:all,25.0,1.0,1.2938341996790323,10.760189601646713,1.4646988478532704e-07,1.4172829754244276e-07,2.2170000324450712e-07,0.6606670394307087,0.9284386808573771,1.3117979426827384
periodic,muon/polar_residual,-1,attn_k,transformer.h.0.attn.c_k.weight,0.0,-1.0,g7-muon-768x768,-,L0:all,25.0,1.0,0.012806862669098947,0.045837096733739875,0.0032286161849319588,0.252359834326183,0.026303134246496163,0.12274644362437691,0.03263674544646162,0.011963362531665023
periodic,muon/polar_residual,-1,attn_k,transformer.h.1.attn.c_k.weight,1.0,-1.0,g7-muon-768x768,-,L0:all,25.0,1.0,0.010855783505604944,0.0372977639384031,0.002925780621173904,0.2688961281633975,0.030842579385083724,0.0948617359347347,0.02498400981208101,0.010632844305449586
periodic,muon/polar_residual,-1,attn_k,transformer.h.10.attn.c_k.weight,10.0,-1.0,g7-muon-768x768,-,L0:all,25.0,1.0,0.026010804819204224,0.08586595061463251,0.007425164627752912,0.2826508768457131,0.04266615069442681,0.17402940051779292,0.030135573246917458,0.026010804819204224
periodic,muon/polar_residual,-1,attn_k,transformer.h.11.attn.c_k.weight,11.0,-1.0,g7-muon-768x768,-,L0:all,25.0,1.0,0.024888657551131378,0.058454438534869375,0.0065414670100933,0.27829537978612195,0.031017522804602682,0.21089585558788124,0.03291032122250929,0.01914795399337811
periodic,muon/polar_residual,-1,attn_k,transformer.h.2.attn.c_k.weight,2.0,-1.0,g7-muon-768x768,-,L0:all,25.0,1.0,0.019476032619846904,0.06860374389707423,0.005387730255201707,0.2763398421985263,0.031003127105427908,0.17378022019780207,0.03234150773593428,0.019352546099873916
periodic,muon/polar_residual,-1,attn_k,transformer.h.3.attn.c_k.weight,3.0,-1.0,g7-muon-768x768,-,L0:all,25.0,1.0,0.012320493633606797,0.05901753697394586,0.0032900199318271475,0.2689204793330669,0.027868436220478854,0.11805541960799033,0.03781101856193395,0.012083511486018581
periodic,muon/polar_residual,-1,attn_k,transformer.h.4.attn.c_k.weight,4.0,-1.0,g7-muon-768x768,-,L0:all,25.0,1.0,0.017235113439559847,0.06512494429200556,0.004614326850044974,0.27243387799367186,0.03614262405177715,0.1276699456972075,0.026585609620377187,0.01699605156613459
periodic,muon/polar_residual,-1,attn_k,transformer.h.5.attn.c_k.weight,5.0,-1.0,g7-muon-768x768,-,L0:all,25.0,1.0,0.012535253104749884,0.059275443168974394,0.003254442177429233,0.2628191247366743,0.021768676224374617,0.14950115220075713,0.03057468573058166,0.010947334847400545
periodic,muon/polar_residual,-1,attn_k,transformer.h.6.attn.c_k.weight,6.0,-1.0,g7-muon-768x768,-,L0:all,25.0,1.0,0.016420350103863737,0.051487638965862156,0.004399424281405932,0.2685360721082415,0.0478227911556382,0.0919943017773284,0.050189065798415755,0.014310500253187561
periodic,muon/polar_residual,-1,attn_k,transformer.h.7.attn.c_k.weight,7.0,-1.0,g7-muon-768x768,-,L0:all,25.0,1.0,0.0162913293448884,0.07142450997551993,0.004449025507718006,0.27126501420250315,0.020002406451619936,0.22242451269445596,0.03092028234829148,0.01625101131390634
periodic,muon/polar_residual,-1,attn_k,transformer.h.8.attn.c_k.weight,8.0,-1.0,g7-muon-768x768,-,L0:all,25.0,1.0,0.019540242942487077,0.07181679827727117,0.005111780967694069,0.2745255063435481,0.04374879067286663,0.11684393760544422,0.02299412231711613,0.018337554835151922
periodic,muon/polar_residual,-1,attn_k,transformer.h.9.attn.c_k.weight,9.0,-1.0,g7-muon-768x768,-,L0:all,25.0,1.0,0.01441149188809459,0.06517745602388116,0.003865397111880236,0.262138316621887,0.01909022874396521,0.20248039788953093,0.023963391036275487,0.013814220118433501
periodic,muon/polar_residual,-1,attn_out,transformer.h.0.attn.c_proj.weight,0.0,-1.0,g7-muon-768x768,-,L0:all,25.0,1.0,0.0313176694496255,0.0513485177385443,0.009023689794467554,0.31392391152849736,0.07438555039734551,0.12130971332826986,0.045260475847480344,0.029739486623758717
periodic,muon/polar_residual,-1,attn_out,transformer.h.1.attn.c_proj.weight,1.0,-1.0,g7-muon-768x768,-,L0:all,25.0,1.0,0.011221032736719944,0.07709936328890178,0.0029800324789432783,0.2594433160726427,0.058439034570472725,0.05099386909531507,0.03951881707869165,0.010582964396659336
periodic,muon/polar_residual,-1,attn_out,transformer.h.10.attn.c_proj.weight,10.0,-1.0,g7-muon-768x768,-,L0:all,25.0,1.0,0.03243178254364317,0.10739112353959906,0.011510479724118663,0.3762491253140064,0.11280075984819493,0.10204257258203972,0.04262752588076577,0.028774431388917835
periodic,muon/polar_residual,-1,attn_out,transformer.h.11.attn.c_proj.weight,11.0,-1.0,g7-muon-768x768,-,L0:all,25.0,1.0,0.04286210878109793,0.13144414078873826,0.01367261477411894,0.32346575772451225,0.07253752317896717,0.18849023477663246,0.08817886181847626,0.04173734390197123
periodic,muon/polar_residual,-1,attn_out,transformer.h.2.attn.c_proj.weight,2.0,-1.0,g7-muon-768x768,-,L0:all,25.0,1.0,0.02066141131336488,0.1064947443355712,0.00693470847841443,0.31516814949161803,0.09191015235801192,0.0754509518317638,0.0549253179369937,0.01947020204875712
periodic,muon/polar_residual,-1,attn_out,transformer.h.3.attn.c_proj.weight,3.0,-1.0,g7-muon-768x768,-,L0:all,25.0,1.0,0.03007143676622482,0.0770143414915287,0.00823434938469795,0.2796197488223962,0.06957830512032931,0.11834650715416821,0.03417271498048226,0.03007143676622482
periodic,muon/polar_residual,-1,attn_out,transformer.h.4.attn.c_proj.weight,4.0,-1.0,g7-muon-768x768,-,L0:all,25.0,1.0,0.02302811505885859,0.06030067619941231,0.00685684408721079,0.30287138319746765,0.09365925206043679,0.07321053645384847,0.04097866520932797,0.02221789659238982
periodic,muon/polar_residual,-1,attn_out,transformer.h.5.attn.c_proj.weight,5.0,-1.0,g7-muon-768x768,-,L0:all,25.0,1.0,0.021875812950098467,0.11172148349595558,0.005779766713514124,0.2642080880239063,0.04872702488519548,0.11861521870320807,0.04255908337069921,0.020832706340561113
periodic,muon/polar_residual,-1,attn_out,transformer.h.6.attn.c_proj.weight,6.0,-1.0,g7-muon-768x768,-,L0:all,25.0,1.0,0.014149181517008435,0.05191865143575327,0.004722692593244679,0.3186122576169775,0.09208144876698904,0.05128820904192541,0.035741808399571355,0.012532519212633392
periodic,muon/polar_residual,-1,attn_out,transformer.h.7.attn.c_proj.weight,7.0,-1.0,g7-muon-768x768,-,L0:all,25.0,1.0,0.022816603578595707,0.06844944053139347,0.006250966423065738,0.2812519427520886,0.058297086251786895,0.10722605236336552,0.04118464325291557,0.021404356703343053
periodic,muon/polar_residual,-1,attn_out,transformer.h.8.attn.c_proj.weight,8.0,-1.0,g7-muon-768x768,-,L0:all,25.0,1.0,0.024407021524127166,0.10824396800065801,0.008337385844651811,0.3370860830878582,0.096155448539049,0.08670736782290579,0.02967093320766219,0.024407021524127166
periodic,muon/polar_residual,-1,attn_out,transformer.h.9.attn.c_proj.weight,9.0,-1.0,g7-muon-768x768,-,L0:all,25.0,1.0,0.02000293510135266,0.10598993875612332,0.00543517213548804,0.2748242109700962,0.055196582998124355,0.09846935879477782,0.028153374472172157,0.01789730591970565
periodic,muon/polar_residual,-1,attn_q,transformer.h.0.attn.c_q.weight,0.0,-1.0,g7-muon-768x768,-,L0:all,25.0,1.0,0.009263539372471504,0.04710704697659242,0.002291407772868531,0.24800073253584,0.03114661905084956,0.0735684270940486,0.028598843062013907,0.008751358778059796
periodic,muon/polar_residual,-1,attn_q,transformer.h.1.attn.c_q.weight,1.0,-1.0,g7-muon-768x768,-,L0:all,25.0,1.0,0.012729010631488794,0.03562558957778869,0.003508411025375879,0.27515731404317156,0.03362062104457919,0.10435295114637855,0.029326158288441876,0.012612056918832545
periodic,muon/polar_residual,-1,attn_q,transformer.h.10.attn.c_q.weight,10.0,-1.0,g7-muon-768x768,-,L0:all,25.0,1.0,0.03772457546674699,0.10043922928734625,0.01169150131473904,0.29489202016696675,0.04385252879308993,0.26660951230208946,0.04720034098670017,0.03766494121104302
periodic,muon/polar_residual,-1,attn_q,transformer.h.11.attn.c_q.weight,11.0,-1.0,g7-muon-768x768,-,L0:all,25.0,1.0,0.03313854194666356,0.07930814690504509,0.009255851996912437,0.29445706227454405,0.05377521947371883,0.17212113846296773,0.04802075920832072,0.027573462324650275
periodic,muon/polar_residual,-1,attn_q,transformer.h.2.attn.c_q.weight,2.0,-1.0,g7-muon-768x768,-,L0:all,25.0,1.0,0.01964927191830164,0.054027264766423215,0.005654840424581852,0.2841456765383805,0.030571873153506568,0.1849687258673336,0.03420409564452847,0.019396856442886898
periodic,muon/polar_residual,-1,attn_q,transformer.h.3.attn.c_q.weight,3.0,-1.0,g7-muon-768x768,-,L0:all,25.0,1.0,0.014645082424726953,0.0712592976183411,0.004089744699128565,0.2788615461704868,0.03542897673412898,0.11543502172866554,0.03021218983944922,0.01407694920890722
periodic,muon/polar_residual,-1,attn_q,transformer.h.4.attn.c_q.weight,4.0,-1.0,g7-muon-768x768,-,L0:all,25.0,1.0,0.01807083917234367,0.060619304535591764,0.005053999344098864,0.2804494218201573,0.040301085845862894,0.12540603405646655,0.028556984342461143,0.017150435407000654
periodic,muon/polar_residual,-1,attn_q,transformer.h.5.attn.c_q.weight,5.0,-1.0,g7-muon-768x768,-,L0:all,25.0,1.0,0.014741992880127642,0.09225863784479593,0.0039824156930966725,0.2773360129818133,0.03108535824065789,0.128112266304459,0.04210321550697862,0.014109087623760976
periodic,muon/polar_residual,-1,attn_q,transformer.h.6.attn.c_q.weight,6.0,-1.0,g7-muon-768x768,-,L0:all,25.0,1.0,0.023952612594587065,0.05128239138788271,0.006744050003557883,0.28445630733605687,0.04501818387586237,0.1498072428278004,0.037116444830250506,0.022647460903302354
periodic,muon/polar_residual,-1,attn_q,transformer.h.7.attn.c_q.weight,7.0,-1.0,g7-muon-768x768,-,L0:all,25.0,1.0,0.01827718516892003,0.10721669750449649,0.005131736421625795,0.2756020405324442,0.02561389553510901,0.20034970528366974,0.023954248600846918,0.017598280349546518
periodic,muon/polar_residual,-1,attn_q,transformer.h.8.attn.c_q.weight,8.0,-1.0,g7-muon-768x768,-,L0:all,25.0,1.0,0.023091812702294233,0.0786370658472792,0.006594168171786243,0.29535708140775246,0.04604398340736293,0.1432145458277566,0.02688038173836799,0.023091812702294233
periodic,muon/polar_residual,-1,attn_q,transformer.h.9.attn.c_q.weight,9.0,-1.0,g7-muon-768x768,-,L0:all,25.0,1.0,0.025691663505617888,0.11087949656250927,0.007306235154247919,0.2773104511720916,0.03080626828770905,0.2371671598134763,0.03380259006011097,0.01831523027867387
periodic,muon/polar_residual,-1,attn_v,transformer.h.0.attn.c_v.weight,0.0,-1.0,g7-muon-768x768,-,L0:all,25.0,1.0,0.02498660829304319,0.061737461113867055,0.0075851876682174035,0.3066013391683936,0.1071707435784855,0.07077666362053803,0.04834599255594529,0.024073683035096462
periodic,muon/polar_residual,-1,attn_v,transformer.h.1.attn.c_v.weight,1.0,-1.0,g7-muon-768x768,-,L0:all,25.0,1.0,0.027315070317414928,0.06131674455477281,0.009422267809067637,0.357530479518733,0.1739952962027177,0.05415242833972926,0.051684105620424,0.027291127603364822
periodic,muon/polar_residual,-1,attn_v,transformer.h.10.attn.c_v.weight,10.0,-1.0,g7-muon-768x768,-,L0:all,25.0,1.0,0.030031279450918515,0.09937360902366472,0.012497993177824357,0.4237405485482421,0.11092412020708892,0.11267155560478033,0.031775555071358215,0.029348153846808063
periodic,muon/polar_residual,-1,attn_v,transformer.h.11.attn.c_v.weight,11.0,-1.0,g7-muon-768x768,-,L0:all,25.0,1.0,0.028013452235260704,0.09282425096196342,0.011837481100237926,0.4083610119168589,0.04889586514489519,0.24209574910188042,0.03655327767246044,0.028013452235260704
periodic,muon/polar_residual,-1,attn_v,transformer.h.2.attn.c_v.weight,2.0,-1.0,g7-muon-768x768,-,L0:all,25.0,1.0,0.03628106605015078,0.08002309174434649,0.01226750238830918,0.3600583257413667,0.13603473847893754,0.09017918897391473,0.04260065622257968,0.03628106605015078
periodic,muon/polar_residual,-1,attn_v,transformer.h.3.attn.c_v.weight,3.0,-1.0,g7-muon-768x768,-,L0:all,25.0,1.0,0.04947653676427361,0.07644275385222218,0.019075475443729516,0.4111855439404445,0.15750234391542778,0.12111232740747183,0.03559225118784992,0.05158996187188274
periodic,muon/polar_residual,-1,attn_v,transformer.h.4.attn.c_v.weight,4.0,-1.0,g7-muon-768x768,-,L0:all,25.0,1.0,0.04010839773267017,0.07217473735477514,0.014187415395799742,0.36624470778778306,0.13186346137883131,0.10759171075481351,0.05168230552641514,0.038871370652791865
periodic,muon/polar_residual,-1,attn_v,transformer.h.5.attn.c_v.weight,5.0,-1.0,g7-muon-768x768,-,L0:all,25.0,1.0,0.028000535663352463,0.06830897319234856,0.009239360431232198,0.3910076822318417,0.15045527535325925,0.06140934845613606,0.029638688824448978,0.028000535663352463
periodic,muon/polar_residual,-1,attn_v,transformer.h.6.attn.c_v.weight,6.0,-1.0,g7-muon-768x768,-,L0:all,25.0,1.0,0.03846151115590936,0.06645883505862187,0.012487349348868181,0.3640269375863208,0.12330270104942376,0.10127393189758951,0.045491469593144575,0.03189226362884295
periodic,muon/polar_residual,-1,attn_v,transformer.h.7.attn.c_v.weight,7.0,-1.0,g7-muon-768x768,-,L0:all,25.0,1.0,0.024772966780598475,0.07382910367764282,0.010329197747227159,0.42494665716377167,0.0837277777817747,0.12336643848531173,0.042924839244553564,0.024339494236074625
periodic,muon/polar_residual,-1,attn_v,transformer.h.8.attn.c_v.weight,8.0,-1.0,g7-muon-768x768,-,L0:all,25.0,1.0,0.03147301246137656,0.08589559504952919,0.011273927554086259,0.3973964135665144,0.12241452896747007,0.09209631935995233,0.020496677174233868,0.03388546781233205
periodic,muon/polar_residual,-1,attn_v,transformer.h.9.attn.c_v.weight,9.0,-1.0,g7-muon-768x768,-,L0:all,25.0,1.0,0.029298806751480666,0.09705751098661945,0.010812173573522387,0.3772760522168847,0.061846425378747516,0.17482293450767178,0.03216686936297121,0.027420288577347806
periodic,muon/polar_residual,-1,mlp_in,transformer.h.0.mlp.c_fc.weight,0.0,-1.0,g9-muon-3072x768,-,L0:all,25.0,1.0,0.005806135681288136,0.008490502440960728,0.0011219846681414722,0.19348585130864301,0.0021985698493725836,0.510324777018869,0.005747146425245269,0.005806135681288136
periodic,muon/polar_residual,-1,mlp_in,transformer.h.1.mlp.c_fc.weight,1.0,-1.0,g9-muon-3072x768,-,L0:all,25.0,1.0,0.003574356304522077,0.022273041882380707,0.0006920481984484868,0.19296430755939936,0.0016519480143869503,0.41892855732830725,0.004576283339421976,0.003574356304522077
periodic,muon/polar_residual,-1,mlp_in,transformer.h.10.mlp.c_fc.weight,10.0,-1.0,g9-muon-3072x768,-,L0:all,25.0,1.0,0.002860150249202748,0.008075596851701014,0.00055891861022419,0.19462061661546928,0.0025297091828126173,0.22094184344255935,0.0023912191045430734,0.002860150249202748
periodic,muon/polar_residual,-1,mlp_in,transformer.h.11.mlp.c_fc.weight,11.0,-1.0,g9-muon-3072x768,-,L0:all,25.0,1.0,0.0033580896206794075,0.007849824381754873,0.0006455272190298456,0.1942593218573705,0.0026467540528292977,0.24389391917235267,0.005498732188100749,0.003299041205129262
periodic,muon/polar_residual,-1,mlp_in,transformer.h.2.mlp.c_fc.weight,2.0,-1.0,g9-muon-3072x768,-,L0:all,25.0,1.0,0.0035132823337717866,0.01869905103505875,0.0006802665676505565,0.1934303358775838,0.0016919992144371898,0.4020489855113991,0.0032298200345093593,0.0035132823337717866
periodic,muon/polar_residual,-1,mlp_in,transformer.h.3.mlp.c_fc.weight,3.0,-1.0,g9-muon-3072x768,-,L0:all,25.0,1.0,0.002887388412520454,0.015905144674683392,0.0005595894779575331,0.19297880137000561,0.00192750835924127,0.2903175362506888,0.0033247714812033435,0.002887388412520454
periodic,muon/polar_residual,-1,mlp_in,transformer.h.4.mlp.c_fc.weight,4.0,-1.0,g9-muon-3072x768,-,L0:all,25.0,1.0,0.0025132740274011523,0.012324007684573923,0.00048282323480768676,0.19315729319497907,0.0019662031475222164,0.2455612154909498,0.0034247496115649406,0.0025132740274011523
periodic,muon/polar_residual,-1,mlp_in,transformer.h.5.mlp.c_fc.weight,5.0,-1.0,g9-muon-3072x768,-,L0:all,25.0,1.0,0.0035932787706525215,0.009227792602585373,0.000693966796928475,0.19311808513899176,0.0017757871673715064,0.3907939023772056,0.004483494585183691,0.0035593749315045676
periodic,muon/polar_residual,-1,mlp_in,transformer.h.6.mlp.c_fc.weight,6.0,-1.0,g9-muon-3072x768,-,L0:all,25.0,1.0,0.0025713380064821384,0.010102247486449879,0.0004979034810706926,0.19320182271620273,0.0024449695610877786,0.20364404080726997,0.004731666483351609,0.0024800223385921328
periodic,muon/polar_residual,-1,mlp_in,transformer.h.7.mlp.c_fc.weight,7.0,-1.0,g9-muon-3072x768,-,L0:all,25.0,1.0,0.002968564234929159,0.007587013401877931,0.0005791179555942402,0.19344776630639313,0.0037152480233084983,0.15587598781050552,0.0038153553221673985,0.0029617990531158414
periodic,muon/polar_residual,-1,mlp_in,transformer.h.8.mlp.c_fc.weight,8.0,-1.0,g9-muon-3072x768,-,L0:all,25.0,1.0,0.0033799437884987353,0.009113691722034193,0.0006471676389184233,0.1937472038570081,0.0029499310017351843,0.219383991875658,0.0029014716017516156,0.0033799437884987353
periodic,muon/polar_residual,-1,mlp_in,transformer.h.9.mlp.c_fc.weight,9.0,-1.0,g9-muon-3072x768,-,L0:all,25.0,1.0,0.0035365577601789845,0.010709424413324634,0.0006914995882627685,0.19476611290892992,0.0022369543528695246,0.3091254800866747,0.001736610006357712,0.0035575929703108716
periodic,muon/polar_residual,-1,mlp_out,transformer.h.0.mlp.c_proj.weight,0.0,-1.0,g8-muon-768x3072,-,L0:all,25.0,1.0,0.0033931791718002317,0.1345758258461251,0.0006558430839709338,0.1929102713076633,0.0014390791442007167,0.4557380228974116,0.01341999140547846,0.0033839577372760266
periodic,muon/polar_residual,-1,mlp_out,transformer.h.1.mlp.c_proj.weight,1.0,-1.0,g8-muon-768x3072,-,L0:all,25.0,1.0,0.0033331005919813948,0.09477381392562179,0.0006400242915044556,0.19235728867780144,0.0013378462585146023,0.47839898451042373,0.011858078353864529,0.003285692864720339
periodic,muon/polar_residual,-1,mlp_out,transformer.h.10.mlp.c_proj.weight,10.0,-1.0,g8-muon-768x3072,-,L0:all,25.0,1.0,0.004046250519406428,0.08943711538109829,0.0007828353074393171,0.19331531088011936,0.0013086828925701344,0.5981856352549239,0.013174244721951533,0.004043439111226933
periodic,muon/polar_residual,-1,mlp_out,transformer.h.11.mlp.c_proj.weight,11.0,-1.0,g8-muon-768x3072,-,L0:all,25.0,1.0,0.04886062537167633,0.2001002883903972,0.009845033050316747,0.2057787080837257,0.07079545553043956,0.13906306522858275,0.010871029429751336,0.05393541458046818
periodic,muon/polar_residual,-1,mlp_out,transformer.h.2.mlp.c_proj.weight,2.0,-1.0,g8-muon-768x3072,-,L0:all,25.0,1.0,0.003767463665089299,0.08182691203236786,0.0007292875712356351,0.19341294754693433,0.0013270655159615397,0.5495490331592423,0.009909921955128027,0.003487914735195463
periodic,muon/polar_residual,-1,mlp_out,transformer.h.3.mlp.c_proj.weight,3.0,-1.0,g8-muon-768x3072,-,L0:all,25.0,1.0,0.004555658820247133,0.05984383832013546,0.0008791579920682648,0.19298152621986137,0.0025051522535522175,0.35093994419766295,0.008780286840193503,0.004555658820247133
periodic,muon/polar_residual,-1,mlp_out,transformer.h.4.mlp.c_proj.weight,4.0,-1.0,g8-muon-768x3072,-,L0:all,25.0,1.0,0.005797473607473546,0.066136031079037,0.0011069528645874448,0.19257754308926817,0.0017949795237500177,0.6166938675015255,0.009346615755813074,0.005695863871583312
periodic,muon/polar_residual,-1,mlp_out,transformer.h.5.mlp.c_proj.weight,5.0,-1.0,g8-muon-768x3072,-,L0:all,25.0,1.0,0.004210563518283798,0.03439625532185727,0.0008079436529928424,0.19332078901525915,0.0014999167871302677,0.5386589842351518,0.009692810351499263,0.004045310000633459
periodic,muon/polar_residual,-1,mlp_out,transformer.h.6.mlp.c_proj.weight,6.0,-1.0,g8-muon-768x3072,-,L0:all,25.0,1.0,0.004162963004802384,0.032926944075813015,0.0008062780371444039,0.1936190469327754,0.0016398930033926784,0.4916650266062131,0.0074575131138078345,0.004162963004802384
periodic,muon/polar_residual,-1,mlp_out,transformer.h.7.mlp.c_proj.weight,7.0,-1.0,g8-muon-768x3072,-,L0:all,25.0,1.0,0.0030323419164448675,0.051271984577938814,0.0005870929641182318,0.19363863628407654,0.0012370348519386565,0.47459694704490446,0.009089434608462458,0.0028233734469528572
periodic,muon/polar_residual,-1,mlp_out,transformer.h.8.mlp.c_proj.weight,8.0,-1.0,g8-muon-768x3072,-,L0:all,25.0,1.0,0.0028292415607634297,0.06343423123232282,0.0005478489484660965,0.19348448018936482,0.0009974806013755,0.5492326845360471,0.009249609514193286,0.002612863633054985
periodic,muon/polar_residual,-1,mlp_out,transformer.h.9.mlp.c_proj.weight,9.0,-1.0,g8-muon-768x3072,-,L0:all,25.0,1.0,0.004118579708485883,0.083877159471562,0.0007953035878725805,0.1931014194611663,0.0018454698765610067,0.43094910297566685,0.011114068851918527,0.004032433652828831
periodic,muon/polar_residual,-1,ve_gate,transformer.h.1.attn.ve_gate.weight,1.0,-1.0,g6-muon-6x12,-,L0:all,25.0,1.0,0.15080570621443623,0.3301610027026561,0.03063020296479612,0.1942013620228593,0.04894004440587993,0.6258719896281099,0.11801985248168534,0.1686017741695173
periodic,muon/polar_residual,-1,ve_gate,transformer.h.11.attn.ve_gate.weight,11.0,-1.0,g6-muon-6x12,-,L0:all,25.0,1.0,0.1610005978456982,0.30251706695974373,0.031748137326524276,0.19824278002890108,0.04505383750288944,0.7046711020895428,0.18509157417725575,0.1610005978456982
periodic,muon/polar_residual,-1,ve_gate,transformer.h.3.attn.ve_gate.weight,3.0,-1.0,g6-muon-6x12,-,L0:all,25.0,1.0,0.1296462951934496,0.2561053720535181,0.028488838395791017,0.20058976498158254,0.045955879121806625,0.619917167078471,0.14530801033719193,0.1256929005707947
periodic,muon/polar_residual,-1,ve_gate,transformer.h.5.attn.ve_gate.weight,5.0,-1.0,g6-muon-6x12,-,L0:all,25.0,1.0,0.13395377568600228,0.24962010376775176,0.02681895735499676,0.19551766310278057,0.03237624831985042,0.8283528434192793,0.10330227843137665,0.1547433981832649
periodic,muon/polar_residual,-1,ve_gate,transformer.h.7.attn.ve_gate.weight,7.0,-1.0,g6-muon-6x12,-,L0:all,25.0,1.0,0.1351249802840503,0.24560037285563321,0.02652679034554032,0.19237875559959575,0.028928928488411915,0.9169641508210779,0.14109633627182774,0.1351249802840503
periodic,muon/polar_residual,-1,ve_gate,transformer.h.9.attn.ve_gate.weight,9.0,-1.0,g6-muon-6x12,-,L0:all,25.0,1.0,0.16499115297078595,0.3082685042328139,0.032071760228754326,0.18740407994339667,0.03802858739402659,0.843359231213307,0.17969151117868265,0.1631665508984363
periodic,muon/u_final_norm_analytic,-1,attn_k,transformer.h.0.attn.c_k.weight,0.0,-1.0,g7-muon-768x768,-,L0:all,25.0,1.0,0.0,0.0,0.0,27.712812921102035,0.0,,0.0,0.0
periodic,muon/u_final_norm_analytic,-1,attn_k,transformer.h.1.attn.c_k.weight,1.0,-1.0,g7-muon-768x768,-,L0:all,25.0,1.0,0.0,0.0,0.0,27.712812921102035,0.0,,0.0,0.0
periodic,muon/u_final_norm_analytic,-1,attn_k,transformer.h.10.attn.c_k.weight,10.0,-1.0,g7-muon-768x768,-,L0:all,25.0,1.0,0.0,0.0,0.0,27.712812921102035,0.0,,0.0,0.0
periodic,muon/u_final_norm_analytic,-1,attn_k,transformer.h.11.attn.c_k.weight,11.0,-1.0,g7-muon-768x768,-,L0:all,25.0,1.0,0.0,0.0,0.0,27.712812921102035,0.0,,0.0,0.0
periodic,muon/u_final_norm_analytic,-1,attn_k,transformer.h.2.attn.c_k.weight,2.0,-1.0,g7-muon-768x768,-,L0:all,25.0,1.0,0.0,0.0,0.0,27.712812921102035,0.0,,0.0,0.0
periodic,muon/u_final_norm_analytic,-1,attn_k,transformer.h.3.attn.c_k.weight,3.0,-1.0,g7-muon-768x768,-,L0:all,25.0,1.0,0.0,0.0,0.0,27.712812921102035,0.0,,0.0,0.0
periodic,muon/u_final_norm_analytic,-1,attn_k,transformer.h.4.attn.c_k.weight,4.0,-1.0,g7-muon-768x768,-,L0:all,25.0,1.0,0.0,0.0,0.0,27.712812921102035,0.0,,0.0,0.0
periodic,muon/u_final_norm_analytic,-1,attn_k,transformer.h.5.attn.c_k.weight,5.0,-1.0,g7-muon-768x768,-,L0:all,25.0,1.0,0.0,0.0,0.0,27.712812921102035,0.0,,0.0,0.0
periodic,muon/u_final_norm_analytic,-1,attn_k,transformer.h.6.attn.c_k.weight,6.0,-1.0,g7-muon-768x768,-,L0:all,25.0,1.0,0.0,0.0,0.0,27.712812921102035,0.0,,0.0,0.0
periodic,muon/u_final_norm_analytic,-1,attn_k,transformer.h.7.attn.c_k.weight,7.0,-1.0,g7-muon-768x768,-,L0:all,25.0,1.0,0.0,0.0,0.0,27.712812921102035,0.0,,0.0,0.0
periodic,muon/u_final_norm_analytic,-1,attn_k,transformer.h.8.attn.c_k.weight,8.0,-1.0,g7-muon-768x768,-,L0:all,25.0,1.0,0.0,0.0,0.0,27.712812921102035,0.0,,0.0,0.0
periodic,muon/u_final_norm_analytic,-1,attn_k,transformer.h.9.attn.c_k.weight,9.0,-1.0,g7-muon-768x768,-,L0:all,25.0,1.0,0.0,0.0,0.0,27.712812921102035,0.0,,0.0,0.0
periodic,muon/u_final_norm_analytic,-1,attn_out,transformer.h.0.attn.c_proj.weight,0.0,-1.0,g7-muon-768x768,-,L0:all,25.0,1.0,0.0,0.0,0.0,27.712812921102035,0.0,,0.0,0.0
periodic,muon/u_final_norm_analytic,-1,attn_out,transformer.h.1.attn.c_proj.weight,1.0,-1.0,g7-muon-768x768,-,L0:all,25.0,1.0,0.0,0.0,0.0,27.712812921102035,0.0,,0.0,0.0
periodic,muon/u_final_norm_analytic,-1,attn_out,transformer.h.10.attn.c_proj.weight,10.0,-1.0,g7-muon-768x768,-,L0:all,25.0,1.0,0.0,0.0,0.0,27.712812921102035,0.0,,0.0,0.0
periodic,muon/u_final_norm_analytic,-1,attn_out,transformer.h.11.attn.c_proj.weight,11.0,-1.0,g7-muon-768x768,-,L0:all,25.0,1.0,0.0,0.0,0.0,27.712812921102035,0.0,,0.0,0.0
periodic,muon/u_final_norm_analytic,-1,attn_out,transformer.h.2.attn.c_proj.weight,2.0,-1.0,g7-muon-768x768,-,L0:all,25.0,1.0,0.0,0.0,0.0,27.712812921102035,0.0,,0.0,0.0
periodic,muon/u_final_norm_analytic,-1,attn_out,transformer.h.3.attn.c_proj.weight,3.0,-1.0,g7-muon-768x768,-,L0:all,25.0,1.0,0.0,0.0,0.0,27.712812921102035,0.0,,0.0,0.0
periodic,muon/u_final_norm_analytic,-1,attn_out,transformer.h.4.attn.c_proj.weight,4.0,-1.0,g7-muon-768x768,-,L0:all,25.0,1.0,0.0,0.0,0.0,27.712812921102035,0.0,,0.0,0.0
periodic,muon/u_final_norm_analytic,-1,attn_out,transformer.h.5.attn.c_proj.weight,5.0,-1.0,g7-muon-768x768,-,L0:all,25.0,1.0,0.0,0.0,0.0,27.712812921102035,0.0,,0.0,0.0
periodic,muon/u_final_norm_analytic,-1,attn_out,transformer.h.6.attn.c_proj.weight,6.0,-1.0,g7-muon-768x768,-,L0:all,25.0,1.0,0.0,0.0,0.0,27.712812921102035,0.0,,0.0,0.0
periodic,muon/u_final_norm_analytic,-1,attn_out,transformer.h.7.attn.c_proj.weight,7.0,-1.0,g7-muon-768x768,-,L0:all,25.0,1.0,0.0,0.0,0.0,27.712812921102035,0.0,,0.0,0.0
periodic,muon/u_final_norm_analytic,-1,attn_out,transformer.h.8.attn.c_proj.weight,8.0,-1.0,g7-muon-768x768,-,L0:all,25.0,1.0,0.0,0.0,0.0,27.712812921102035,0.0,,0.0,0.0
periodic,muon/u_final_norm_analytic,-1,attn_out,transformer.h.9.attn.c_proj.weight,9.0,-1.0,g7-muon-768x768,-,L0:all,25.0,1.0,0.0,0.0,0.0,27.712812921102035,0.0,,0.0,0.0
periodic,muon/u_final_norm_analytic,-1,attn_q,transformer.h.0.attn.c_q.weight,0.0,-1.0,g7-muon-768x768,-,L0:all,25.0,1.0,0.0,0.0,0.0,27.712812921102035,0.0,,0.0,0.0
periodic,muon/u_final_norm_analytic,-1,attn_q,transformer.h.1.attn.c_q.weight,1.0,-1.0,g7-muon-768x768,-,L0:all,25.0,1.0,0.0,0.0,0.0,27.712812921102035,0.0,,0.0,0.0
periodic,muon/u_final_norm_analytic,-1,attn_q,transformer.h.10.attn.c_q.weight,10.0,-1.0,g7-muon-768x768,-,L0:all,25.0,1.0,0.0,0.0,0.0,27.712812921102035,0.0,,0.0,0.0
periodic,muon/u_final_norm_analytic,-1,attn_q,transformer.h.11.attn.c_q.weight,11.0,-1.0,g7-muon-768x768,-,L0:all,25.0,1.0,0.0,0.0,0.0,27.712812921102035,0.0,,0.0,0.0
periodic,muon/u_final_norm_analytic,-1,attn_q,transformer.h.2.attn.c_q.weight,2.0,-1.0,g7-muon-768x768,-,L0:all,25.0,1.0,0.0,0.0,0.0,27.712812921102035,0.0,,0.0,0.0
periodic,muon/u_final_norm_analytic,-1,attn_q,transformer.h.3.attn.c_q.weight,3.0,-1.0,g7-muon-768x768,-,L0:all,25.0,1.0,0.0,0.0,0.0,27.712812921102035,0.0,,0.0,0.0
periodic,muon/u_final_norm_analytic,-1,attn_q,transformer.h.4.attn.c_q.weight,4.0,-1.0,g7-muon-768x768,-,L0:all,25.0,1.0,0.0,0.0,0.0,27.712812921102035,0.0,,0.0,0.0
periodic,muon/u_final_norm_analytic,-1,attn_q,transformer.h.5.attn.c_q.weight,5.0,-1.0,g7-muon-768x768,-,L0:all,25.0,1.0,0.0,0.0,0.0,27.712812921102035,0.0,,0.0,0.0
periodic,muon/u_final_norm_analytic,-1,attn_q,transformer.h.6.attn.c_q.weight,6.0,-1.0,g7-muon-768x768,-,L0:all,25.0,1.0,0.0,0.0,0.0,27.712812921102035,0.0,,0.0,0.0
periodic,muon/u_final_norm_analytic,-1,attn_q,transformer.h.7.attn.c_q.weight,7.0,-1.0,g7-muon-768x768,-,L0:all,25.0,1.0,0.0,0.0,0.0,27.712812921102035,0.0,,0.0,0.0
periodic,muon/u_final_norm_analytic,-1,attn_q,transformer.h.8.attn.c_q.weight,8.0,-1.0,g7-muon-768x768,-,L0:all,25.0,1.0,0.0,0.0,0.0,27.712812921102035,0.0,,0.0,0.0
periodic,muon/u_final_norm_analytic,-1,attn_q,transformer.h.9.attn.c_q.weight,9.0,-1.0,g7-muon-768x768,-,L0:all,25.0,1.0,0.0,0.0,0.0,27.712812921102035,0.0,,0.0,0.0
periodic,muon/u_final_norm_analytic,-1,attn_v,transformer.h.0.attn.c_v.weight,0.0,-1.0,g7-muon-768x768,-,L0:all,25.0,1.0,0.0,0.0,0.0,27.712812921102035,0.0,,0.0,0.0
periodic,muon/u_final_norm_analytic,-1,attn_v,transformer.h.1.attn.c_v.weight,1.0,-1.0,g7-muon-768x768,-,L0:all,25.0,1.0,0.0,0.0,0.0,27.712812921102035,0.0,,0.0,0.0
periodic,muon/u_final_norm_analytic,-1,attn_v,transformer.h.10.attn.c_v.weight,10.0,-1.0,g7-muon-768x768,-,L0:all,25.0,1.0,0.0,0.0,0.0,27.712812921102035,0.0,,0.0,0.0
periodic,muon/u_final_norm_analytic,-1,attn_v,transformer.h.11.attn.c_v.weight,11.0,-1.0,g7-muon-768x768,-,L0:all,25.0,1.0,0.0,0.0,0.0,27.712812921102035,0.0,,0.0,0.0
periodic,muon/u_final_norm_analytic,-1,attn_v,transformer.h.2.attn.c_v.weight,2.0,-1.0,g7-muon-768x768,-,L0:all,25.0,1.0,0.0,0.0,0.0,27.712812921102035,0.0,,0.0,0.0
periodic,muon/u_final_norm_analytic,-1,attn_v,transformer.h.3.attn.c_v.weight,3.0,-1.0,g7-muon-768x768,-,L0:all,25.0,1.0,0.0,0.0,0.0,27.712812921102035,0.0,,0.0,0.0
periodic,muon/u_final_norm_analytic,-1,attn_v,transformer.h.4.attn.c_v.weight,4.0,-1.0,g7-muon-768x768,-,L0:all,25.0,1.0,0.0,0.0,0.0,27.712812921102035,0.0,,0.0,0.0
periodic,muon/u_final_norm_analytic,-1,attn_v,transformer.h.5.attn.c_v.weight,5.0,-1.0,g7-muon-768x768,-,L0:all,25.0,1.0,0.0,0.0,0.0,27.712812921102035,0.0,,0.0,0.0
periodic,muon/u_final_norm_analytic,-1,attn_v,transformer.h.6.attn.c_v.weight,6.0,-1.0,g7-muon-768x768,-,L0:all,25.0,1.0,0.0,0.0,0.0,27.712812921102035,0.0,,0.0,0.0
periodic,muon/u_final_norm_analytic,-1,attn_v,transformer.h.7.attn.c_v.weight,7.0,-1.0,g7-muon-768x768,-,L0:all,25.0,1.0,0.0,0.0,0.0,27.712812921102035,0.0,,0.0,0.0
periodic,muon/u_final_norm_analytic,-1,attn_v,transformer.h.8.attn.c_v.weight,8.0,-1.0,g7-muon-768x768,-,L0:all,25.0,1.0,0.0,0.0,0.0,27.712812921102035,0.0,,0.0,0.0
periodic,muon/u_final_norm_analytic,-1,attn_v,transformer.h.9.attn.c_v.weight,9.0,-1.0,g7-muon-768x768,-,L0:all,25.0,1.0,0.0,0.0,0.0,27.712812921102035,0.0,,0.0,0.0
periodic,muon/u_final_norm_analytic,-1,mlp_in,transformer.h.0.mlp.c_fc.weight,0.0,-1.0,g9-muon-3072x768,-,L0:all,25.0,1.0,0.0,0.0,0.0,27.712812921102035,0.0,,0.0,0.0
periodic,muon/u_final_norm_analytic,-1,mlp_in,transformer.h.1.mlp.c_fc.weight,1.0,-1.0,g9-muon-3072x768,-,L0:all,25.0,1.0,0.0,0.0,0.0,27.712812921102035,0.0,,0.0,0.0
periodic,muon/u_final_norm_analytic,-1,mlp_in,transformer.h.10.mlp.c_fc.weight,10.0,-1.0,g9-muon-3072x768,-,L0:all,25.0,1.0,0.0,0.0,0.0,27.712812921102035,0.0,,0.0,0.0
periodic,muon/u_final_norm_analytic,-1,mlp_in,transformer.h.11.mlp.c_fc.weight,11.0,-1.0,g9-muon-3072x768,-,L0:all,25.0,1.0,0.0,0.0,0.0,27.712812921102035,0.0,,0.0,0.0
periodic,muon/u_final_norm_analytic,-1,mlp_in,transformer.h.2.mlp.c_fc.weight,2.0,-1.0,g9-muon-3072x768,-,L0:all,25.0,1.0,0.0,0.0,0.0,27.712812921102035,0.0,,0.0,0.0
periodic,muon/u_final_norm_analytic,-1,mlp_in,transformer.h.3.mlp.c_fc.weight,3.0,-1.0,g9-muon-3072x768,-,L0:all,25.0,1.0,0.0,0.0,0.0,27.712812921102035,0.0,,0.0,0.0
periodic,muon/u_final_norm_analytic,-1,mlp_in,transformer.h.4.mlp.c_fc.weight,4.0,-1.0,g9-muon-3072x768,-,L0:all,25.0,1.0,0.0,0.0,0.0,27.712812921102035,0.0,,0.0,0.0
periodic,muon/u_final_norm_analytic,-1,mlp_in,transformer.h.5.mlp.c_fc.weight,5.0,-1.0,g9-muon-3072x768,-,L0:all,25.0,1.0,0.0,0.0,0.0,27.712812921102035,0.0,,0.0,0.0
periodic,muon/u_final_norm_analytic,-1,mlp_in,transformer.h.6.mlp.c_fc.weight,6.0,-1.0,g9-muon-3072x768,-,L0:all,25.0,1.0,0.0,0.0,0.0,27.712812921102035,0.0,,0.0,0.0
periodic,muon/u_final_norm_analytic,-1,mlp_in,transformer.h.7.mlp.c_fc.weight,7.0,-1.0,g9-muon-3072x768,-,L0:all,25.0,1.0,0.0,0.0,0.0,27.712812921102035,0.0,,0.0,0.0
periodic,muon/u_final_norm_analytic,-1,mlp_in,transformer.h.8.mlp.c_fc.weight,8.0,-1.0,g9-muon-3072x768,-,L0:all,25.0,1.0,0.0,0.0,0.0,27.712812921102035,0.0,,0.0,0.0
periodic,muon/u_final_norm_analytic,-1,mlp_in,transformer.h.9.mlp.c_fc.weight,9.0,-1.0,g9-muon-3072x768,-,L0:all,25.0,1.0,0.0,0.0,0.0,27.712812921102035,0.0,,0.0,0.0
periodic,muon/u_final_norm_analytic,-1,mlp_out,transformer.h.0.mlp.c_proj.weight,0.0,-1.0,g8-muon-768x3072,-,L0:all,25.0,1.0,0.0,0.0,0.0,27.712812921102035,0.0,,0.0,0.0
periodic,muon/u_final_norm_analytic,-1,mlp_out,transformer.h.1.mlp.c_proj.weight,1.0,-1.0,g8-muon-768x3072,-,L0:all,25.0,1.0,0.0,0.0,0.0,27.712812921102035,0.0,,0.0,0.0
periodic,muon/u_final_norm_analytic,-1,mlp_out,transformer.h.10.mlp.c_proj.weight,10.0,-1.0,g8-muon-768x3072,-,L0:all,25.0,1.0,0.0,0.0,0.0,27.712812921102035,0.0,,0.0,0.0
periodic,muon/u_final_norm_analytic,-1,mlp_out,transformer.h.11.mlp.c_proj.weight,11.0,-1.0,g8-muon-768x3072,-,L0:all,25.0,1.0,0.0,0.0,0.0,27.712812921102035,0.0,,0.0,0.0
periodic,muon/u_final_norm_analytic,-1,mlp_out,transformer.h.2.mlp.c_proj.weight,2.0,-1.0,g8-muon-768x3072,-,L0:all,25.0,1.0,0.0,0.0,0.0,27.712812921102035,0.0,,0.0,0.0
periodic,muon/u_final_norm_analytic,-1,mlp_out,transformer.h.3.mlp.c_proj.weight,3.0,-1.0,g8-muon-768x3072,-,L0:all,25.0,1.0,0.0,0.0,0.0,27.712812921102035,0.0,,0.0,0.0
periodic,muon/u_final_norm_analytic,-1,mlp_out,transformer.h.4.mlp.c_proj.weight,4.0,-1.0,g8-muon-768x3072,-,L0:all,25.0,1.0,0.0,0.0,0.0,27.712812921102035,0.0,,0.0,0.0
periodic,muon/u_final_norm_analytic,-1,mlp_out,transformer.h.5.mlp.c_proj.weight,5.0,-1.0,g8-muon-768x3072,-,L0:all,25.0,1.0,0.0,0.0,0.0,27.712812921102035,0.0,,0.0,0.0
periodic,muon/u_final_norm_analytic,-1,mlp_out,transformer.h.6.mlp.c_proj.weight,6.0,-1.0,g8-muon-768x3072,-,L0:all,25.0,1.0,0.0,0.0,0.0,27.712812921102035,0.0,,0.0,0.0
periodic,muon/u_final_norm_analytic,-1,mlp_out,transformer.h.7.mlp.c_proj.weight,7.0,-1.0,g8-muon-768x3072,-,L0:all,25.0,1.0,0.0,0.0,0.0,27.712812921102035,0.0,,0.0,0.0
periodic,muon/u_final_norm_analytic,-1,mlp_out,transformer.h.8.mlp.c_proj.weight,8.0,-1.0,g8-muon-768x3072,-,L0:all,25.0,1.0,0.0,0.0,0.0,27.712812921102035,0.0,,0.0,0.0
periodic,muon/u_final_norm_analytic,-1,mlp_out,transformer.h.9.mlp.c_proj.weight,9.0,-1.0,g8-muon-768x3072,-,L0:all,25.0,1.0,0.0,0.0,0.0,27.712812921102035,0.0,,0.0,0.0
periodic,muon/u_final_norm_analytic,-1,ve_gate,transformer.h.1.attn.ve_gate.weight,1.0,-1.0,g6-muon-6x12,-,L0:all,25.0,1.0,0.0,0.0,0.0,2.449489742783178,0.0,,0.0,0.0
periodic,muon/u_final_norm_analytic,-1,ve_gate,transformer.h.11.attn.ve_gate.weight,11.0,-1.0,g6-muon-6x12,-,L0:all,25.0,1.0,0.0,0.0,0.0,2.449489742783178,0.0,,0.0,0.0
periodic,muon/u_final_norm_analytic,-1,ve_gate,transformer.h.3.attn.ve_gate.weight,3.0,-1.0,g6-muon-6x12,-,L0:all,25.0,1.0,0.0,0.0,0.0,2.449489742783178,0.0,,0.0,0.0
periodic,muon/u_final_norm_analytic,-1,ve_gate,transformer.h.5.attn.ve_gate.weight,5.0,-1.0,g6-muon-6x12,-,L0:all,25.0,1.0,0.0,0.0,0.0,2.449489742783178,0.0,,0.0,0.0
periodic,muon/u_final_norm_analytic,-1,ve_gate,transformer.h.7.attn.ve_gate.weight,7.0,-1.0,g6-muon-6x12,-,L0:all,25.0,1.0,0.0,0.0,0.0,2.449489742783178,0.0,,0.0,0.0
periodic,muon/u_final_norm_analytic,-1,ve_gate,transformer.h.9.attn.ve_gate.weight,9.0,-1.0,g6-muon-6x12,-,L0:all,25.0,1.0,0.0,0.0,0.0,2.449489742783178,0.0,,0.0,0.0
periodic,muon/u_final_norm_observed,-1,attn_k,transformer.h.0.attn.c_k.weight,0.0,-1.0,g7-muon-768x768,-,L0:all,25.0,1.0,7.158190030950906e-08,1.5483772057457844e-07,1.8788665542110647e-06,27.712812130928707,3.274795272290021e-06,0.5737355767272738,5.954482304454436e-08,7.872099468743755e-08
periodic,muon/u_final_norm_observed,-1,attn_k,transformer.h.1.attn.c_k.weight,1.0,-1.0,g7-muon-768x768,-,L0:all,25.0,1.0,7.06338802718088e-08,1.4316201574423104e-07,1.8947875449751102e-06,27.712812687797754,3.146571881273985e-06,0.6021751977927,8.331110817167595e-08,6.023896956256971e-08
periodic,muon/u_final_norm_observed,-1,attn_k,transformer.h.10.attn.c_k.weight,10.0,-1.0,g7-muon-768x768,-,L0:all,25.0,1.0,6.832254347758169e-08,1.2443377048934216e-07,1.8828296685453827e-06,27.712812060766492,2.5393768474657463e-06,0.7414534280031787,6.87043203109865e-08,6.794076664417688e-08
periodic,muon/u_final_norm_observed,-1,attn_k,transformer.h.11.attn.c_k.weight,11.0,-1.0,g7-muon-768x768,-,L0:all,25.0,1.0,7.755147824633726e-08,1.2665427882178217e-07,2.114999787277576e-06,27.712812546408912,2.241421050541703e-06,0.9435977175133722,8.405104925854299e-08,7.631848304704557e-08
periodic,muon/u_final_norm_observed,-1,attn_k,transformer.h.2.attn.c_k.weight,2.0,-1.0,g7-muon-768x768,-,L0:all,25.0,1.0,5.9601193781031774e-08,1.1890024513752084e-07,1.6186852822571914e-06,27.712812238767548,3.8072051289361752e-06,0.4251636640102686,5.337982202618495e-08,6.593250240381138e-08
periodic,muon/u_final_norm_observed,-1,attn_k,transformer.h.3.attn.c_k.weight,3.0,-1.0,g7-muon-768x768,-,L0:all,25.0,1.0,7.186416096971736e-08,1.1804152074952041e-07,1.9057159106424433e-06,27.71281216027032,3.5651157688221247e-06,0.5345453091056482,5.5222837870192716e-08,7.496171832490829e-08
periodic,muon/u_final_norm_observed,-1,attn_k,transformer.h.4.attn.c_k.weight,4.0,-1.0,g7-muon-768x768,-,L0:all,25.0,1.0,6.456531757169289e-08,1.4570275542233722e-07,1.7540589018733964e-06,27.71281250683677,3.026423762264585e-06,0.579581393638307,6.583648270741571e-08,6.329415243597007e-08
periodic,muon/u_final_norm_observed,-1,attn_k,transformer.h.5.attn.c_k.weight,5.0,-1.0,g7-muon-768x768,-,L0:all,25.0,1.0,6.634230097995697e-08,1.230480694790703e-07,1.8159778284744787e-06,27.71281276218015,3.616608470480287e-06,0.5021217649897602,5.7095538825286503e-08,6.715614126298964e-08
periodic,muon/u_final_norm_observed,-1,attn_k,transformer.h.6.attn.c_k.weight,6.0,-1.0,g7-muon-768x768,-,L0:all,25.0,1.0,7.19522032571384e-08,1.0777777732841957e-07,1.9901532922208215e-06,27.7128122144737,3.43799861823868e-06,0.5788697184644002,4.611652709994462e-08,7.209093698070258e-08
periodic,muon/u_final_norm_observed,-1,attn_k,transformer.h.7.attn.c_k.weight,7.0,-1.0,g7-muon-768x768,-,L0:all,25.0,1.0,5.727975613180045e-08,9.48823424218675e-08,1.580146093540697e-06,27.71281213299285,2.8915135352747257e-06,0.5464771560858579,5.3933008461530584e-08,5.754089853198152e-08
periodic,muon/u_final_norm_observed,-1,attn_k,transformer.h.8.attn.c_k.weight,8.0,-1.0,g7-muon-768x768,-,L0:all,25.0,1.0,6.94188061287181e-08,1.2260231987590803e-07,1.9047367705741557e-06,27.712812510936597,2.7858430442506688e-06,0.6837200589979715,5.705833874303099e-08,7.010634275803533e-08
periodic,muon/u_final_norm_observed,-1,attn_k,transformer.h.9.attn.c_k.weight,9.0,-1.0,g7-muon-768x768,-,L0:all,25.0,1.0,6.276786896670075e-08,1.0769483730119117e-07,1.6962299331472984e-06,27.71281230603725,2.679225371338134e-06,0.6331046097477494,6.432831032789681e-08,6.120742760550468e-08
periodic,muon/u_final_norm_observed,-1,attn_out,transformer.h.0.attn.c_proj.weight,0.0,-1.0,g7-muon-768x768,-,L0:all,25.0,1.0,6.056336934406097e-08,1.1495152368361373e-07,1.6783813818114019e-06,27.71281223576316,3.1334333883137333e-06,0.5356365283114022,4.474228147776818e-08,6.216443064983865e-08
periodic,muon/u_final_norm_observed,-1,attn_out,transformer.h.1.attn.c_proj.weight,1.0,-1.0,g7-muon-768x768,-,L0:all,25.0,1.0,5.725639901984954e-08,1.275330374673946e-07,1.5867358999339124e-06,27.712812460382445,3.105308135076257e-06,0.5109753463789342,5.183425721981228e-08,5.725639901984954e-08
periodic,muon/u_final_norm_observed,-1,attn_out,transformer.h.10.attn.c_proj.weight,10.0,-1.0,g7-muon-768x768,-,L0:all,25.0,1.0,7.42804956601008e-08,1.266404024239607e-07,2.058521512486011e-06,27.712812744783054,2.9666064094158173e-06,0.6938977499517281,8.621993938418606e-08,7.106554438066158e-08
periodic,muon/u_final_norm_observed,-1,attn_out,transformer.h.11.attn.c_proj.weight,11.0,-1.0,g7-muon-768x768,-,L0:all,25.0,1.0,6.07652235315749e-08,1.196689106995865e-07,1.6839751440033995e-06,27.712812437039737,2.4471462083397455e-06,0.6881383459085938,8.871906220880045e-08,5.613623797304163e-08
periodic,muon/u_final_norm_observed,-1,attn_out,transformer.h.2.attn.c_proj.weight,2.0,-1.0,g7-muon-768x768,-,L0:all,25.0,1.0,7.301020436207202e-08,1.5313714526819864e-07,2.0233181855875253e-06,27.712812658727977,3.0841402782755267e-06,0.6560396100785818,6.568782428634282e-08,7.768063213828871e-08
periodic,muon/u_final_norm_observed,-1,attn_out,transformer.h.3.attn.c_proj.weight,3.0,-1.0,g7-muon-768x768,-,L0:all,25.0,1.0,5.978971520768609e-08,1.408672995586576e-07,1.6569410092305784e-06,27.71281185258098,2.6466892073528925e-06,0.6260429084863278,7.097127125441537e-08,5.843752629755029e-08
periodic,muon/u_final_norm_observed,-1,attn_out,transformer.h.4.attn.c_proj.weight,4.0,-1.0,g7-muon-768x768,-,L0:all,25.0,1.0,5.5666302608533934e-08,1.3579062154404379e-07,1.5426698533836613e-06,27.712812610687894,2.050340029313702e-06,0.7523970811319671,4.075633251728441e-08,5.7317258719463836e-08
periodic,muon/u_final_norm_observed,-1,attn_out,transformer.h.5.attn.c_proj.weight,5.0,-1.0,g7-muon-768x768,-,L0:all,25.0,1.0,7.475541036883944e-08,1.2740058505275834e-07,2.07168277887888e-06,27.7128124879622,2.569838088106735e-06,0.8061530368262,7.307899257043774e-08,7.607300531397718e-08
periodic,muon/u_final_norm_observed,-1,attn_out,transformer.h.6.attn.c_proj.weight,6.0,-1.0,g7-muon-768x768,-,L0:all,25.0,1.0,7.352180492487966e-08,1.3171271318438399e-07,2.0374960839123356e-06,27.71281207735283,2.8648720338253497e-06,0.7111996835655336,6.251312200306465e-08,7.352180492487966e-08
periodic,muon/u_final_norm_observed,-1,attn_out,transformer.h.7.attn.c_proj.weight,7.0,-1.0,g7-muon-768x768,-,L0:all,25.0,1.0,5.5217549915159566e-08,1.3138479004466512e-07,1.5302336402296328e-06,27.71281239385546,2.2060176441129897e-06,0.6936633731435631,5.022994096380352e-08,5.5217549915159566e-08
periodic,muon/u_final_norm_observed,-1,attn_out,transformer.h.8.attn.c_proj.weight,8.0,-1.0,g7-muon-768x768,-,L0:all,25.0,1.0,6.97309987662445e-08,1.0961750073692108e-07,1.932442200331219e-06,27.71281222655074,3.186546955191716e-06,0.6064376980802894,5.232589276866504e-08,7.90756185147701e-08
periodic,muon/u_final_norm_observed,-1,attn_out,transformer.h.9.attn.c_proj.weight,9.0,-1.0,g7-muon-768x768,-,L0:all,25.0,1.0,7.322095699550736e-08,1.0948678226109305e-07,2.0291584709134855e-06,27.712812149906537,3.3463414652601386e-06,0.6063811753758794,7.213460380121571e-08,7.322095699550736e-08
periodic,muon/u_final_norm_observed,-1,attn_q,transformer.h.0.attn.c_q.weight,0.0,-1.0,g7-muon-768x768,-,L0:all,25.0,1.0,7.120405055897158e-08,1.0381093285307293e-07,1.955812527777368e-06,27.71281239243754,2.779433813770993e-06,0.7036729991867741,7.183379727773323e-08,7.05743038402099e-08
periodic,muon/u_final_norm_observed,-1,attn_q,transformer.h.1.attn.c_q.weight,1.0,-1.0,g7-muon-768x768,-,L0:all,25.0,1.0,6.713970928968318e-08,1.5035815500230608e-07,1.8435502446809306e-06,27.712812704666682,2.880518387371467e-06,0.6400064143882132,4.697999331449987e-08,7.16686404642505e-08
periodic,muon/u_final_norm_observed,-1,attn_q,transformer.h.10.attn.c_q.weight,10.0,-1.0,g7-muon-768x768,-,L0:all,25.0,1.0,8.047497978005669e-08,1.260428479294285e-07,2.193113312288046e-06,27.71281238541656,2.8112855439133e-06,0.7801104790071377,8.563984420987955e-08,7.913716225604302e-08
periodic,muon/u_final_norm_observed,-1,attn_q,transformer.h.11.attn.c_q.weight,11.0,-1.0,g7-muon-768x768,-,L0:all,25.0,1.0,6.080804520556512e-08,1.291908012692536e-07,1.6278399247678107e-06,27.712811886037596,2.8026187806062808e-06,0.5808281654402051,4.939092441959688e-08,6.287647710631916e-08
periodic,muon/u_final_norm_observed,-1,attn_q,transformer.h.2.attn.c_q.weight,2.0,-1.0,g7-muon-768x768,-,L0:all,25.0,1.0,6.513201204679545e-08,9.894723675575997e-08,1.7513814792845464e-06,27.712812112269848,2.06455519702331e-06,0.848309350997106,7.679983583191685e-08,6.319753855436832e-08
periodic,muon/u_final_norm_observed,-1,attn_q,transformer.h.3.attn.c_q.weight,3.0,-1.0,g7-muon-768x768,-,L0:all,25.0,1.0,6.799438001479748e-08,1.1463700938595346e-07,1.8809201210103038e-06,27.712812368215662,2.9699775865310585e-06,0.633311217411315,5.893671769782727e-08,6.946677491584415e-08
periodic,muon/u_final_norm_observed,-1,attn_q,transformer.h.4.attn.c_q.weight,4.0,-1.0,g7-muon-768x768,-,L0:all,25.0,1.0,5.947282159937011e-08,1.0815523124315462e-07,1.6456699455329998e-06,27.712812144504728,2.489031821539811e-06,0.6611687047516029,7.570058039768822e-08,5.938300079226444e-08
periodic,muon/u_final_norm_observed,-1,attn_q,transformer.h.5.attn.c_q.weight,5.0,-1.0,g7-muon-768x768,-,L0:all,25.0,1.0,7.18024775715852e-08,1.0415262755604383e-07,1.98767612451788e-06,27.712811874963517,2.884128843305689e-06,0.6891772984176651,6.750211265808707e-08,7.188087049690599e-08
periodic,muon/u_final_norm_observed,-1,attn_q,transformer.h.6.attn.c_q.weight,6.0,-1.0,g7-muon-768x768,-,L0:all,25.0,1.0,7.193411387446547e-08,1.25863775481754e-07,1.9631711469265243e-06,27.712812482392863,2.850539985388423e-06,0.688701494099202,1.1971141846794876e-07,7.083983278735812e-08
periodic,muon/u_final_norm_observed,-1,attn_q,transformer.h.7.attn.c_q.weight,7.0,-1.0,g7-muon-768x768,-,L0:all,25.0,1.0,7.029829070732118e-08,1.2586603509340774e-07,1.9463447553344536e-06,27.712812807600795,3.88946035201343e-06,0.500415116541014,8.008256853935528e-08,7.023266841331046e-08
periodic,muon/u_final_norm_observed,-1,attn_q,transformer.h.8.attn.c_q.weight,8.0,-1.0,g7-muon-768x768,-,L0:all,25.0,1.0,6.843855149150967e-08,1.3343047268368052e-07,1.8888376373318826e-06,27.712812399693746,3.354605247807285e-06,0.5630580941130133,8.853472220650887e-08,6.725202831183997e-08
periodic,muon/u_final_norm_observed,-1,attn_q,transformer.h.9.attn.c_q.weight,9.0,-1.0,g7-muon-768x768,-,L0:all,25.0,1.0,6.645283198168202e-08,1.226924716072857e-07,1.7975625116306925e-06,27.712811988545116,2.840024794892315e-06,0.6329390204140279,6.287157987654386e-08,6.804171217794567e-08
periodic,muon/u_final_norm_observed,-1,attn_v,transformer.h.0.attn.c_v.weight,0.0,-1.0,g7-muon-768x768,-,L0:all,25.0,1.0,7.164170431342597e-08,1.2692351971861384e-07,1.9172027907746157e-06,27.712812262460094,2.7174539987129265e-06,0.705514349712144,6.113787663681356e-08,7.703954422615415e-08
periodic,muon/u_final_norm_observed,-1,attn_v,transformer.h.1.attn.c_v.weight,1.0,-1.0,g7-muon-768x768,-,L0:all,25.0,1.0,7.345413222147797e-08,1.3057729925557148e-07,2.013474125721199e-06,27.712812579663275,3.4659897636402093e-06,0.5809232753205008,6.047237242579138e-08,7.425327617243556e-08
periodic,muon/u_final_norm_observed,-1,attn_v,transformer.h.10.attn.c_v.weight,10.0,-1.0,g7-muon-768x768,-,L0:all,25.0,1.0,5.9257800567544596e-08,1.2242282980364855e-07,1.640778050451202e-06,27.71281208395169,2.1841800510458143e-06,0.7512100706466831,8.673711947103124e-08,5.920647825780251e-08
periodic,muon/u_final_norm_observed,-1,attn_v,transformer.h.11.attn.c_v.weight,11.0,-1.0,g7-muon-768x768,-,L0:all,25.0,1.0,7.024025793336461e-08,1.238280356513694e-07,1.915227811941264e-06,27.712812427841904,2.729606020324127e-06,0.7016499075986946,8.64511767700019e-08,6.340699293777073e-08
periodic,muon/u_final_norm_observed,-1,attn_v,transformer.h.2.attn.c_v.weight,2.0,-1.0,g7-muon-768x768,-,L0:all,25.0,1.0,6.48535233982008e-08,1.3398652823048987e-07,1.765358037989735e-06,27.71281243650658,2.9153038347828897e-06,0.6055485596139264,6.370187009856393e-08,6.600517669783768e-08
periodic,muon/u_final_norm_observed,-1,attn_v,transformer.h.3.attn.c_v.weight,3.0,-1.0,g7-muon-768x768,-,L0:all,25.0,1.0,6.256172662408274e-08,1.0620015938255021e-07,1.7177993201571735e-06,27.71281203044695,2.500327134669078e-06,0.6870298275527561,3.9923381520938635e-08,6.313770602788591e-08
periodic,muon/u_final_norm_observed,-1,attn_v,transformer.h.4.attn.c_v.weight,4.0,-1.0,g7-muon-768x768,-,L0:all,25.0,1.0,7.898336665076458e-08,1.1315292582200049e-07,2.1620153292394946e-06,27.712812313431932,2.777233593320716e-06,0.7784780273575728,9.777311754133231e-08,7.382189104213228e-08
periodic,muon/u_final_norm_observed,-1,attn_v,transformer.h.5.attn.c_v.weight,5.0,-1.0,g7-muon-768x768,-,L0:all,25.0,1.0,6.708187573945716e-08,1.2835270584605529e-07,1.8229784929471381e-06,27.712812081641236,3.1294686202443245e-06,0.5825201381328483,4.699294284765833e-08,6.838267529818648e-08
periodic,muon/u_final_norm_observed,-1,attn_v,transformer.h.6.attn.c_v.weight,6.0,-1.0,g7-muon-768x768,-,L0:all,25.0,1.0,6.213896380182907e-08,1.0098000839146013e-07,1.701847255843592e-06,27.71281289522556,3.669938855921373e-06,0.4637263242404422,5.2298162165526955e-08,6.286780629257045e-08
periodic,muon/u_final_norm_observed,-1,attn_v,transformer.h.7.attn.c_v.weight,7.0,-1.0,g7-muon-768x768,-,L0:all,25.0,1.0,6.323660604096609e-08,1.1946899750781267e-07,1.6809625552821917e-06,27.712812264975064,1.978777930844444e-06,0.8494953016606771,2.5746477513782688e-08,6.871038155750179e-08
periodic,muon/u_final_norm_observed,-1,attn_v,transformer.h.8.attn.c_v.weight,8.0,-1.0,g7-muon-768x768,-,L0:all,25.0,1.0,6.866148141217038e-08,1.3834180813490122e-07,1.9003749457998076e-06,27.712812479161734,3.241873333337253e-06,0.5861965445280126,9.498454925646796e-08,6.857387352017151e-08
periodic,muon/u_final_norm_observed,-1,attn_v,transformer.h.9.attn.c_v.weight,9.0,-1.0,g7-muon-768x768,-,L0:all,25.0,1.0,5.65249058752231e-08,9.37133802380532e-08,1.5634949967034151e-06,27.712812234557394,2.1548063955378893e-06,0.7255849063475286,7.028130413628838e-08,5.641776445878444e-08
periodic,muon/u_final_norm_observed,-1,mlp_in,transformer.h.0.mlp.c_fc.weight,0.0,-1.0,g9-muon-3072x768,-,L0:all,25.0,1.0,6.027994391539958e-08,1.0546585483995624e-07,1.6677916172958207e-06,27.71281173828021,2.993852106669692e-06,0.5570721458085124,3.746355793499856e-08,6.327420064091641e-08
periodic,muon/u_final_norm_observed,-1,mlp_in,transformer.h.1.mlp.c_fc.weight,1.0,-1.0,g9-muon-3072x768,-,L0:all,25.0,1.0,5.1800887229652644e-08,1.0204815428822651e-07,1.3641593486862817e-06,27.712812609183874,2.2905891547964075e-06,0.5955495536289358,6.717935099029778e-08,4.758104458418416e-08
periodic,muon/u_final_norm_observed,-1,mlp_in,transformer.h.10.mlp.c_fc.weight,10.0,-1.0,g9-muon-3072x768,-,L0:all,25.0,1.0,6.733385000951144e-08,1.0965359121831821e-07,1.804278041508364e-06,27.712812007434582,2.276752290697459e-06,0.7924788519508384,5.160211331132979e-08,6.956142227780319e-08
periodic,muon/u_final_norm_observed,-1,mlp_in,transformer.h.11.mlp.c_fc.weight,11.0,-1.0,g9-muon-3072x768,-,L0:all,25.0,1.0,7.470125422525997e-08,1.0725929646881622e-07,2.033405806008195e-06,27.712812102190973,3.323208236594155e-06,0.6118803461116131,6.080033766159039e-08,7.60283010334812e-08
periodic,muon/u_final_norm_observed,-1,mlp_in,transformer.h.2.mlp.c_fc.weight,2.0,-1.0,g9-muon-3072x768,-,L0:all,25.0,1.0,5.837705589789242e-08,1.2493097296797477e-07,1.5815138291848553e-06,27.712811996035562,2.8496983190962055e-06,0.5549758788805544,6.822337241069686e-08,5.611044820396278e-08
periodic,muon/u_final_norm_observed,-1,mlp_in,transformer.h.3.mlp.c_fc.weight,3.0,-1.0,g9-muon-3072x768,-,L0:all,25.0,1.0,5.971035125087971e-08,1.3481006323196491e-07,1.5904215541008688e-06,27.71281206420186,2.7677263254588524e-06,0.574631075143312,7.2473300236441e-08,5.7389394906916805e-08
periodic,muon/u_final_norm_observed,-1,mlp_in,transformer.h.4.mlp.c_fc.weight,4.0,-1.0,g9-muon-3072x768,-,L0:all,25.0,1.0,5.654359317210909e-08,9.58619926968626e-08,1.5345819022233337e-06,27.712812221397076,1.761402430133785e-06,0.8712273106758327,6.186297992139654e-08,5.537445742252177e-08
periodic,muon/u_final_norm_observed,-1,mlp_in,transformer.h.5.mlp.c_fc.weight,5.0,-1.0,g9-muon-3072x768,-,L0:all,25.0,1.0,5.67646694532061e-08,1.2373159366633643e-07,1.5244097963097738e-06,27.712812196016493,2.091581791319186e-06,0.7288310706454899,6.607037185627437e-08,5.500740240496439e-08
periodic,muon/u_final_norm_observed,-1,mlp_in,transformer.h.6.mlp.c_fc.weight,6.0,-1.0,g9-muon-3072x768,-,L0:all,25.0,1.0,5.7616840818368056e-08,1.2718836057211607e-07,1.5764386018003902e-06,27.712812062630853,3.0524771226225766e-06,0.5164456729641177,6.648288217640897e-08,5.688483350443821e-08
periodic,muon/u_final_norm_observed,-1,mlp_in,transformer.h.7.mlp.c_fc.weight,7.0,-1.0,g9-muon-3072x768,-,L0:all,25.0,1.0,5.7389326662131296e-08,9.166863277966744e-08,1.4922720560493144e-06,27.712812351490076,3.3290756284998224e-06,0.4482541770076204,7.499287923105756e-08,5.193192556837958e-08
periodic,muon/u_final_norm_observed,-1,mlp_in,transformer.h.8.mlp.c_fc.weight,8.0,-1.0,g9-muon-3072x768,-,L0:all,25.0,1.0,7.073521700272003e-08,9.949597600834174e-08,1.9386804842677887e-06,27.71281177003055,2.923348283445648e-06,0.6631712325370736,6.515082349263963e-08,7.151431988920825e-08
periodic,muon/u_final_norm_observed,-1,mlp_in,transformer.h.9.mlp.c_fc.weight,9.0,-1.0,g9-muon-3072x768,-,L0:all,25.0,1.0,6.486013940616469e-08,1.1341327883463528e-07,1.706432437387547e-06,27.712812058108273,1.8186886805438007e-06,0.9382762732527217,6.81447000705698e-08,6.157557874175958e-08
periodic,muon/u_final_norm_observed,-1,mlp_out,transformer.h.0.mlp.c_proj.weight,0.0,-1.0,g8-muon-768x3072,-,L0:all,25.0,1.0,6.228932168856438e-08,1.2470831088171235e-07,1.7262123582572374e-06,27.712812071400478,1.806489223099561e-06,0.9555619464451688,7.729484899357972e-08,5.950402572043984e-08
periodic,muon/u_final_norm_observed,-1,mlp_out,transformer.h.1.mlp.c_proj.weight,1.0,-1.0,g8-muon-768x3072,-,L0:all,25.0,1.0,6.233720452350342e-08,1.2109167735291954e-07,1.7275391471408173e-06,27.712811739567627,2.6095532277281563e-06,0.6620057137691692,4.519856257228147e-08,6.6696996358789e-08
periodic,muon/u_final_norm_observed,-1,mlp_out,transformer.h.10.mlp.c_proj.weight,10.0,-1.0,g8-muon-768x3072,-,L0:all,25.0,1.0,6.875589934994409e-08,1.04566475416287e-07,1.9054195528499423e-06,27.712811925007657,2.555996164943508e-06,0.7454704271405099,6.38466706081741e-08,6.95854662701201e-08
periodic,muon/u_final_norm_observed,-1,mlp_out,transformer.h.11.mlp.c_proj.weight,11.0,-1.0,g8-muon-768x3072,-,L0:all,25.0,1.0,6.073988786882635e-08,1.26701943542335e-07,1.6832730682913338e-06,27.71281202389533,2.466404637857522e-06,0.6824804991258584,7.057360071063421e-08,6.048117427023654e-08
periodic,muon/u_final_norm_observed,-1,mlp_out,transformer.h.2.mlp.c_proj.weight,2.0,-1.0,g8-muon-768x3072,-,L0:all,25.0,1.0,6.858996603959963e-08,9.957679921754772e-08,1.9008208195095565e-06,27.712812050966733,1.918509799025969e-06,0.9907798336368189,5.0553641983513505e-08,7.036066385539153e-08
periodic,muon/u_final_norm_observed,-1,mlp_out,transformer.h.3.mlp.c_proj.weight,3.0,-1.0,g8-muon-768x3072,-,L0:all,25.0,1.0,5.1260960792401915e-08,9.972026350229339e-08,1.4205853551843473e-06,27.712812115200368,2.269062036930336e-06,0.6260672172305008,6.247699719910854e-08,4.82555342684869e-08
periodic,muon/u_final_norm_observed,-1,mlp_out,transformer.h.4.mlp.c_proj.weight,4.0,-1.0,g8-muon-768x3072,-,L0:all,25.0,1.0,5.407376597199243e-08,1.1257501484158074e-07,1.498536104812109e-06,27.712812316744277,2.3138792180077417e-06,0.6476293547000063,3.305001348979269e-08,5.4374372105550086e-08
periodic,muon/u_final_norm_observed,-1,mlp_out,transformer.h.5.mlp.c_proj.weight,5.0,-1.0,g8-muon-768x3072,-,L0:all,25.0,1.0,5.202687893077615e-08,1.3115090595256722e-07,1.4418111483701753e-06,27.71281205169622,1.963837497953591e-06,0.7341804756618655,5.1730184454344615e-08,5.202687893077615e-08
periodic,muon/u_final_norm_observed,-1,mlp_out,transformer.h.6.mlp.c_proj.weight,6.0,-1.0,g8-muon-768x3072,-,L0:all,25.0,1.0,6.706610251965154e-08,1.2366888354504648e-07,1.8585903147554662e-06,27.712811788351548,2.2234564518441857e-06,0.8359013792304809,5.8389917942255655e-08,6.706610251965154e-08
periodic,muon/u_final_norm_observed,-1,mlp_out,transformer.h.7.mlp.c_proj.weight,7.0,-1.0,g8-muon-768x3072,-,L0:all,25.0,1.0,6.01324356878657e-08,9.690519783573428e-08,1.6664388056691667e-06,27.712812085699053,2.4174012196453987e-06,0.6893513547219984,3.9968908245011654e-08,7.17300165936357e-08
periodic,muon/u_final_norm_observed,-1,mlp_out,transformer.h.8.mlp.c_proj.weight,8.0,-1.0,g8-muon-768x3072,-,L0:all,25.0,1.0,6.304959190264472e-08,1.0311490617424615e-07,1.7472815745711194e-06,27.712812347420837,2.1729519978919143e-06,0.8041050038225611,4.387798792284419e-08,6.527875889808478e-08
periodic,muon/u_final_norm_observed,-1,mlp_out,transformer.h.9.mlp.c_proj.weight,9.0,-1.0,g8-muon-768x3072,-,L0:all,25.0,1.0,6.320258877566195e-08,1.1320740180795801e-07,1.7515214384320208e-06,27.712811928785978,2.3094896413056176e-06,0.7584019460861655,6.823276138160787e-08,5.9508799518206346e-08
periodic,muon/u_final_norm_observed,-1,ve_gate,transformer.h.1.attn.ve_gate.weight,1.0,-1.0,g6-muon-6x12,-,L0:all,25.0,1.0,7.198191388069298e-08,1.1794627512133198e-07,1.7397427023406063e-07,2.4494898919147343,2.6564194177680633e-07,0.6549201871902994,8.374513247707805e-08,7.102469446528795e-08
periodic,muon/u_final_norm_observed,-1,ve_gate,transformer.h.11.attn.ve_gate.weight,11.0,-1.0,g6-muon-6x12,-,L0:all,25.0,1.0,7.340074018490042e-08,1.1911382455625356e-07,1.7818519930762925e-07,2.4494898622993744,3.0376543769250475e-07,0.5865881275407057,6.321868686658569e-08,7.405768908863486e-08
periodic,muon/u_final_norm_observed,-1,ve_gate,transformer.h.3.attn.ve_gate.weight,3.0,-1.0,g6-muon-6x12,-,L0:all,25.0,1.0,6.501043333995324e-08,1.0307803600660367e-07,1.516068680413906e-07,2.449489870047177,1.7962062104359688e-07,0.8440393266683623,8.210112731702373e-08,6.189324219345869e-08
periodic,muon/u_final_norm_observed,-1,ve_gate,transformer.h.5.attn.ve_gate.weight,5.0,-1.0,g6-muon-6x12,-,L0:all,25.0,1.0,5.9261432569596976e-08,1.1261241967836078e-07,1.3902404702978395e-07,2.4494898895541786,2.738993498674347e-07,0.5075734830954166,7.68246402538622e-08,5.6756328136678064e-08
periodic,muon/u_final_norm_observed,-1,ve_gate,transformer.h.7.attn.ve_gate.weight,7.0,-1.0,g6-muon-6x12,-,L0:all,25.0,1.0,6.015909588807366e-08,1.164205894690922e-07,1.469637099692065e-07,2.4494898232817306,1.8985154826012263e-07,0.7740980324682214,4.618387551317069e-08,6.518112820531823e-08
periodic,muon/u_final_norm_observed,-1,ve_gate,transformer.h.9.attn.ve_gate.weight,9.0,-1.0,g6-muon-6x12,-,L0:all,25.0,1.0,6.096485872796527e-08,1.2918736943239345e-07,1.4646988478532704e-07,2.4494898559892477,2.2170000324450712e-07,0.6606670394307087,5.2740397311482885e-08,6.213364015142833e-08
periodic,noise/b_noise,-1,-1,-1,-1.0,-1.0,-1,-,scalar,25.0,0.96,0.26218054437610155,1.027168581023893,5.866367692182662,20.441728145048067,207.86071646680927,0.028222589587385504,0.3098374240504843,0.260829758863088
periodic,noise/mean_grad_norm,-1,attn_k,-1,0.0,-1.0,-1,-,L0:all,25.0,1.0,0.07268966210729041,0.2245374338703155,0.0005172390602870543,0.007310553309352809,0.005568699198509126,0.09288328240561666,0.16816917284144403,0.06987343455842338
periodic,noise/mean_grad_norm,-1,attn_k,-1,1.0,-1.0,-1,-,L0:all,25.0,1.0,0.049535778878178206,0.10619743242194667,0.00032775679714031053,0.007072488338190833,0.008246792208916146,0.03974354983577145,0.09663197657987901,0.04670811945884428
periodic,noise/mean_grad_norm,-1,attn_k,-1,2.0,-1.0,-1,-,L0:all,25.0,1.0,0.26442401526727305,0.49386511926210513,0.0021419975419954083,0.00846281969371733,0.005567550282288841,0.3847289082973176,0.34267561652630824,0.2639521000260835
periodic,noise/mean_grad_norm,-1,attn_k,-1,3.0,-1.0,-1,-,L0:all,25.0,1.0,0.1174095755502822,0.2129744912205005,0.0013952687283757491,0.012384329924358822,0.00595201808628122,0.23441943692874487,0.13652847475765426,0.1160932032566726
periodic,noise/mean_grad_norm,-1,attn_k,-1,4.0,-1.0,-1,-,L0:all,25.0,1.0,0.1288507991015757,0.34287735041055406,0.0008993365648355939,0.00792523899110518,0.0021384375831138627,0.4205577810347098,0.2086485845120456,0.10256976913310516
periodic,noise/mean_grad_norm,-1,attn_k,-1,5.0,-1.0,-1,-,L0:all,25.0,1.0,0.09858344232071678,0.21728038500132293,0.0009099289447136487,0.009413360878339246,0.00737649197137853,0.12335524097962243,0.1558170128323183,0.09737157132905576
periodic,noise/mean_grad_norm,-1,attn_k,-1,6.0,-1.0,-1,-,L0:all,25.0,1.0,0.11861917361215114,0.42376543715287707,0.0010285022342629048,0.009085499401884701,0.00212870534139753,0.48315857261281464,0.20767362672255502,0.11514170460860132
periodic,noise/mean_grad_norm,-1,attn_k,-1,7.0,-1.0,-1,-,L0:all,25.0,1.0,0.07961862580989004,0.3342191903911431,0.0013882979370647489,0.016758108800544937,0.012945611280731604,0.10724081752177338,0.11335542438455071,0.07794836746444432
periodic,noise/mean_grad_norm,-1,attn_k,-1,8.0,-1.0,-1,-,L0:all,25.0,1.0,0.07877812381840811,0.2923996243919046,0.0005916352660673609,0.006767511632380733,0.0018970070830217301,0.31187825884389897,0.12071163469737643,0.07783228999843275
periodic,noise/mean_grad_norm,-1,attn_k,-1,9.0,-1.0,-1,-,L0:all,25.0,1.0,0.0813538774363621,0.3214672506187426,0.0009027057681473287,0.010870225344347638,0.010874857189726642,0.08300851702219178,0.1714756182613409,0.08052891576535305
periodic,noise/mean_grad_norm,-1,attn_k,-1,10.0,-1.0,-1,-,L0:all,25.0,1.0,0.22398906730398077,0.5364572002256073,0.0013035634631072472,0.006238489242781594,0.003496944852601467,0.3727720962306549,0.09257266464876471,0.2251849462989061
periodic,noise/mean_grad_norm,-1,attn_k,-1,11.0,-1.0,-1,-,L0:all,25.0,1.0,0.1040653580018653,0.2607581942308202,0.0017617874650530138,0.015589618110839915,0.008725280123223052,0.20191758203428578,0.09890254910922329,0.10914627509208252
periodic,noise/mean_grad_norm,-1,attn_out,-1,0.0,-1.0,-1,-,L0:all,25.0,1.0,0.07213501724865033,0.30402992075065866,0.0009991983646774046,0.013299548532936583,0.008266931349133947,0.12086689999936695,0.19706455086853736,0.07066265273827313
periodic,noise/mean_grad_norm,-1,attn_out,-1,1.0,-1.0,-1,-,L0:all,25.0,1.0,0.045868413234103296,0.2634088960361586,0.0006580529355417158,0.014551450606766079,0.009721449094257274,0.06769082769053902,0.11804325696819074,0.04055673864587884
periodic,noise/mean_grad_norm,-1,attn_out,-1,2.0,-1.0,-1,-,L0:all,25.0,1.0,0.04161676558143108,0.3100835813469139,0.0008316848437065537,0.019890414640236855,0.002567003971952562,0.323990477924326,0.11866876533565543,0.039143378055089655
periodic,noise/mean_grad_norm,-1,attn_out,-1,3.0,-1.0,-1,-,L0:all,25.0,1.0,0.062422422924874495,0.24330496725534828,0.0011082562615078334,0.01827319945813952,0.003259316620155977,0.34002718688152395,0.10730659757985625,0.06171938346306318
periodic,noise/mean_grad_norm,-1,attn_out,-1,4.0,-1.0,-1,-,L0:all,25.0,1.0,0.07740237120144886,0.36426389680357596,0.0015846315208181243,0.020017496592937844,0.003452324094195037,0.45900427583917375,0.19562240480056037,0.07670559270816887
periodic,noise/mean_grad_norm,-1,attn_out,-1,5.0,-1.0,-1,-,L0:all,25.0,1.0,0.04971295714902644,0.24544395299820698,0.0009659158027535386,0.01860627106412939,0.004643966989939068,0.2079936840305172,0.1255014808631766,0.049453763330100625
periodic,noise/mean_grad_norm,-1,attn_out,-1,6.0,-1.0,-1,-,L0:all,25.0,1.0,0.06871245610869031,0.4472841730779137,0.0016314318862018207,0.02290652112707657,0.007649405563091145,0.2132756424987558,0.1598713411660264,0.06376088199883767
periodic,noise/mean_grad_norm,-1,attn_out,-1,7.0,-1.0,-1,-,L0:all,25.0,1.0,0.10228363906369459,0.23885667873906524,0.002682607836334944,0.030138373953730122,0.024458411929155988,0.10968037680063375,0.10108267334437906,0.10228363906369459
periodic,noise/mean_grad_norm,-1,attn_out,-1,8.0,-1.0,-1,-,L0:all,25.0,1.0,0.0525615078611159,0.3401257217354897,0.0011245912723371106,0.020915376681144408,0.011507602712296065,0.09772593827343953,0.11219752761469781,0.04813621177848947
periodic,noise/mean_grad_norm,-1,attn_out,-1,9.0,-1.0,-1,-,L0:all,25.0,1.0,0.07717941801632312,0.2106031644959026,0.0024312152125595984,0.03133228391524775,0.022255804019024446,0.10923960376724091,0.08719090141158006,0.07717941801632312
periodic,noise/mean_grad_norm,-1,attn_out,-1,10.0,-1.0,-1,-,L0:all,25.0,1.0,0.08091918653883795,0.3452935457500817,0.002098692282100521,0.023405930496710282,0.014279327679721551,0.14697416637345811,0.13815470964832205,0.08047209796192044
periodic,noise/mean_grad_norm,-1,attn_out,-1,11.0,-1.0,-1,-,L0:all,25.0,1.0,0.1400516112576827,0.27625039659193257,0.008632692558857822,0.057006051754510054,0.03542440496115471,0.24369336812641346,0.12105797754831044,0.1400516112576827
periodic,noise/mean_grad_norm,-1,attn_q,-1,0.0,-1.0,-1,-,L0:all,25.0,1.0,0.07289729190433146,0.20136392395823002,0.0005026265733216406,0.006877591585886688,0.005891724210168716,0.08531060779357956,0.19680301100145292,0.06760838230155619
periodic,noise/mean_grad_norm,-1,attn_q,-1,1.0,-1.0,-1,-,L0:all,25.0,1.0,0.04531728028963593,0.09788576701586285,0.0003515598832916973,0.00749769577090617,0.00912749109488525,0.038516595594237285,0.06796362660030293,0.04390873678874242
periodic,noise/mean_grad_norm,-1,attn_q,-1,2.0,-1.0,-1,-,L0:all,25.0,1.0,0.37304860841965015,0.8415177322486316,0.0033687408205782905,0.009576074367407419,0.007880042526498246,0.42750287314442964,0.541406133161514,0.37086107812617575
periodic,noise/mean_grad_norm,-1,attn_q,-1,3.0,-1.0,-1,-,L0:all,25.0,1.0,0.15031055476373048,0.44163867088655173,0.0022257868960927165,0.013398096581423035,0.007312038173877083,0.3044003386148258,0.21482242055564674,0.14886273599728805
periodic,noise/mean_grad_norm,-1,attn_q,-1,4.0,-1.0,-1,-,L0:all,25.0,1.0,0.14450368951252307,0.3790406227479407,0.001165568389947783,0.008915943160342317,0.002329790245212855,0.500288981955667,0.17728473710537082,0.1292943954297106
periodic,noise/mean_grad_norm,-1,attn_q,-1,5.0,-1.0,-1,-,L0:all,25.0,1.0,0.09147607307296211,0.2775270617900737,0.0009401829007024135,0.0107413333585758,0.00732943982106816,0.12827486460832901,0.12111160611070686,0.0792854931101471
periodic,noise/mean_grad_norm,-1,attn_q,-1,6.0,-1.0,-1,-,L0:all,25.0,1.0,0.16252962863772352,0.39310678446805175,0.001697956183527642,0.0106818798362395,0.0023826214316325974,0.7126420340994685,0.2021590533927021,0.1519441039548554
periodic,noise/mean_grad_norm,-1,attn_q,-1,7.0,-1.0,-1,-,L0:all,25.0,1.0,0.09413483012703254,0.4539682036468722,0.0017743491873618812,0.018188274945671365,0.014911889414756744,0.11898889121361057,0.07161390205050765,0.1047362738978261
periodic,noise/mean_grad_norm,-1,attn_q,-1,8.0,-1.0,-1,-,L0:all,25.0,1.0,0.10113155740310534,0.46864726418000097,0.0009159529505683622,0.008599556240252926,0.0029035124534630245,0.3154637582063419,0.11059958174123613,0.0952558753753284
periodic,noise/mean_grad_norm,-1,attn_q,-1,9.0,-1.0,-1,-,L0:all,25.0,1.0,0.10752443061066214,0.4213149372907589,0.0015449026708506768,0.01381187992621046,0.011512175638504176,0.13419728115366145,0.23500276752259777,0.10187689898217944
periodic,noise/mean_grad_norm,-1,attn_q,-1,10.0,-1.0,-1,-,L0:all,25.0,1.0,0.17481911238211661,0.5421566411133912,0.0015258309814684306,0.00798565850070927,0.004512745034348415,0.33811592940764085,0.13205682531513788,0.17555218926190022
periodic,noise/mean_grad_norm,-1,attn_q,-1,11.0,-1.0,-1,-,L0:all,25.0,1.0,0.1483188594513732,0.28028810042717256,0.0030821954692776825,0.01919164905893364,0.01224281278390932,0.25175550126263463,0.15919288234143766,0.14160308145036862
periodic,noise/mean_grad_norm,-1,attn_v,-1,0.0,-1.0,-1,-,L0:all,25.0,1.0,0.08884216681781029,0.2477577227637092,0.0009653015204416252,0.01111178621571387,0.009312415078738614,0.1036574843668134,0.23849855451812804,0.08483204048049857
periodic,noise/mean_grad_norm,-1,attn_v,-1,1.0,-1.0,-1,-,L0:all,25.0,1.0,0.06588905059000971,0.4006873470431376,0.0010881355522482084,0.016876015480821772,0.0070578347417118055,0.15417413301239924,0.27535341900890836,0.06287179408845214
periodic,noise/mean_grad_norm,-1,attn_v,-1,2.0,-1.0,-1,-,L0:all,25.0,1.0,0.07163542054027809,0.3571266831238747,0.0015672748449304876,0.02302277854020755,0.007164610775706133,0.2187522663819821,0.24917714202696614,0.06617578282854157
periodic,noise/mean_grad_norm,-1,attn_v,-1,3.0,-1.0,-1,-,L0:all,25.0,1.0,0.11378589567059458,0.3347116990839681,0.003285598152320463,0.030013934330646974,0.012043579245657753,0.27280911141968595,0.3318900700960989,0.10643620810101996
periodic,noise/mean_grad_norm,-1,attn_v,-1,4.0,-1.0,-1,-,L0:all,25.0,1.0,0.09894470827589313,0.4019902824255669,0.0031525022370978047,0.029377196395018432,0.013810141860847738,0.22827442823272256,0.3702999127164389,0.09463972891625025
periodic,noise/mean_grad_norm,-1,attn_v,-1,5.0,-1.0,-1,-,L0:all,25.0,1.0,0.07217453255972367,0.3940264595541611,0.001875511508291274,0.0272432122364624,0.012757514857192582,0.1470122926985169,0.2950480596019166,0.07062084147007794
periodic,noise/mean_grad_norm,-1,attn_v,-1,6.0,-1.0,-1,-,L0:all,25.0,1.0,0.08706433792228707,0.40254649828714384,0.0021186457457230356,0.027984877057899354,0.01297636492196427,0.1632695873200158,0.23436154940613707,0.07676310572755532
periodic,noise/mean_grad_norm,-1,attn_v,-1,7.0,-1.0,-1,-,L0:all,25.0,1.0,0.05827473479520457,0.30174315523118855,0.0015880118198124185,0.028542827301946128,0.011212878084548291,0.1416239263317016,0.14628588976173446,0.055210976667697566
periodic,noise/mean_grad_norm,-1,attn_v,-1,8.0,-1.0,-1,-,L0:all,25.0,1.0,0.08338851526903349,0.30534093753569413,0.002226392613032358,0.028148551606781567,0.012867656362565792,0.1730223865403582,0.14672811497934848,0.0784064388876523
periodic,noise/mean_grad_norm,-1,attn_v,-1,9.0,-1.0,-1,-,L0:all,25.0,1.0,0.06923921972041247,0.28819255454118353,0.0014420374576880966,0.02028783684450228,0.008830529230686215,0.16330136280813112,0.15764959870724893,0.05974625567964734
periodic,noise/mean_grad_norm,-1,attn_v,-1,10.0,-1.0,-1,-,L0:all,25.0,1.0,0.08163888388917417,0.3512005521490896,0.002285421772440667,0.027472161514688006,0.011101664211451819,0.20586298854933494,0.116004951258061,0.08104461927142748
periodic,noise/mean_grad_norm,-1,attn_v,-1,11.0,-1.0,-1,-,L0:all,25.0,1.0,0.07370151162893923,0.31367065784111536,0.002234403509807646,0.029434672777588537,0.0182165361647018,0.12265797897062626,0.1418185401323881,0.07200910751090545
periodic,noise/mean_grad_norm,-1,backout_scalar,-1,-1.0,-1.0,-1,-,L0:all,25.0,1.0,0.7121777851336675,1.736253784177387,0.01741551495311319,0.02260589599609375,0.03525423968555671,0.4939977463263275,0.7051349844627982,0.7316262196035648
periodic,noise/mean_grad_norm,-1,mlp_in,-1,0.0,-1.0,-1,-,L0:all,25.0,1.0,0.05915166143993637,0.1677890346477396,0.0008841003672843593,0.0155690194318321,0.005641206995697638,0.1567218448035382,0.14933308572639434,0.05603332296764782
periodic,noise/mean_grad_norm,-1,mlp_in,-1,1.0,-1.0,-1,-,L0:all,25.0,1.0,0.04496604180881082,0.20395356768129005,0.0009269884459934878,0.01970611908052059,0.00471715319494085,0.19651438223114814,0.13198036990607745,0.043469681300364195
periodic,noise/mean_grad_norm,-1,mlp_in,-1,2.0,-1.0,-1,-,L0:all,25.0,1.0,0.06713620123767228,0.20558477316090512,0.0014845979868221126,0.02239140601486393,0.004821500055176606,0.3079120543052101,0.13126165730969966,0.06028383498787219
periodic,noise/mean_grad_norm,-1,mlp_in,-1,3.0,-1.0,-1,-,L0:all,25.0,1.0,0.05336238467538931,0.21107925438095043,0.0013330292481161835,0.026245411050615116,0.009368638083724436,0.1422863426042654,0.1564529441209742,0.046361562424489675
periodic,noise/mean_grad_norm,-1,mlp_in,-1,4.0,-1.0,-1,-,L0:all,25.0,1.0,0.047377803801035775,0.22077537579168618,0.0011182439530618357,0.02656970027322277,0.011270579744793847,0.0992179620199555,0.13924238124761107,0.03937064548598029
periodic,noise/mean_grad_norm,-1,mlp_in,-1,5.0,-1.0,-1,-,L0:all,25.0,1.0,0.03476010841350172,0.23857830465721572,0.0008598853845688334,0.026726593388185824,0.011742668480526706,0.07322742577590541,0.13952918484267174,0.025152897963165177
periodic,noise/mean_grad_norm,-1,mlp_in,-1,6.0,-1.0,-1,-,L0:all,25.0,1.0,0.04623909278692212,0.22622091795616212,0.000953476086226046,0.026686769257011918,0.013659933085662601,0.06980093388794194,0.13386375849510265,0.04181879224856522
periodic,noise/mean_grad_norm,-1,mlp_in,-1,7.0,-1.0,-1,-,L0:all,25.0,1.0,0.04434697872384445,0.2400980613578678,0.0011188520950820595,0.025660850105756423,0.006320260833826877,0.1770262532669244,0.06636325362053823,0.04331706994636358
periodic,noise/mean_grad_norm,-1,mlp_in,-1,8.0,-1.0,-1,-,L0:all,25.0,1.0,0.032127125339057705,0.21850016332828112,0.0007447833903300006,0.02436691500079346,0.007093431961973283,0.1049961985006216,0.0765311390277891,0.025914283755449442
periodic,noise/mean_grad_norm,-1,mlp_in,-1,9.0,-1.0,-1,-,L0:all,25.0,1.0,0.047259677494857544,0.23309504527179498,0.001096864979178296,0.02485487190398083,0.007173073922124667,0.1529142165669198,0.09731829769749396,0.04513793855459474
periodic,noise/mean_grad_norm,-1,mlp_in,-1,10.0,-1.0,-1,-,L0:all,25.0,1.0,0.04703478395663098,0.24925829198881555,0.0011953337586085315,0.026716699566856687,0.008889662154293449,0.1344633505595283,0.08407000248940756,0.04577564837237971
periodic,noise/mean_grad_norm,-1,mlp_in,-1,11.0,-1.0,-1,-,L0:all,25.0,1.0,0.09386486196099608,0.2525095281853317,0.003156944970506644,0.040076900839003005,0.022346288703566024,0.1412737932631676,0.126075710965725,0.07928895694394564
periodic,noise/mean_grad_norm,-1,mlp_out,-1,0.0,-1.0,-1,-,L0:all,25.0,1.0,0.056500587917564495,0.22611340626559553,0.0010040000650295422,0.0204405625705647,0.023449258074329866,0.04281585634168234,0.14578934188572434,0.05445589074444495
periodic,noise/mean_grad_norm,-1,mlp_out,-1,1.0,-1.0,-1,-,L0:all,25.0,1.0,0.13846322311190393,0.21170740157862122,0.0046932406231313655,0.0324710741954051,0.007669400546653726,0.6119436055767222,0.1240736607120252,0.1403414840171528
periodic,noise/mean_grad_norm,-1,mlp_out,-1,2.0,-1.0,-1,-,L0:all,25.0,1.0,0.09599382001763454,0.1924530202897963,0.0021501350542648305,0.022256268555686465,0.00852366952606809,0.25225462433627144,0.09835989708329712,0.09599382001763454
periodic,noise/mean_grad_norm,-1,mlp_out,-1,3.0,-1.0,-1,-,L0:all,25.0,1.0,0.3015807506105279,0.427647294304697,0.009326234146844189,0.02903029933981799,0.010287878207805953,0.9065264924858738,0.153773810776555,0.3373644087326658
periodic,noise/mean_grad_norm,-1,mlp_out,-1,4.0,-1.0,-1,-,L0:all,25.0,1.0,0.33658065183149294,0.46573838944200835,0.013832152790692184,0.03681485415660244,0.018143664677376808,0.7623681894837588,0.11569118206475457,0.35229408211589275
periodic,noise/mean_grad_norm,-1,mlp_out,-1,5.0,-1.0,-1,-,L0:all,25.0,1.0,0.14555841205979073,0.3382053642681577,0.004284132019740025,0.028207282066418714,0.006555384164550326,0.6535287501390699,0.14623476462576246,0.14555841205979073
periodic,noise/mean_grad_norm,-1,mlp_out,-1,6.0,-1.0,-1,-,L0:all,25.0,1.0,0.3912054781606229,0.6422115887679903,0.010375523701151261,0.0254117735488054,0.007847261177917089,1.3221840672703662,0.09147510772571217,0.4082278533014407
periodic,noise/mean_grad_norm,-1,mlp_out,-1,7.0,-1.0,-1,-,L0:all,25.0,1.0,0.08095488957213406,0.24045714078811062,0.002242389839879336,0.024604823386008525,0.005654144741247934,0.3965922243766994,0.04300353223971967,0.08758057777401063
periodic,noise/mean_grad_norm,-1,mlp_out,-1,8.0,-1.0,-1,-,L0:all,25.0,1.0,0.05695650140398548,0.2662583945106079,0.0013338905867660673,0.024193782059058335,0.004900919503535935,0.27217149471720287,0.04772234832917051,0.05695650140398548
periodic,noise/mean_grad_norm,-1,mlp_out,-1,9.0,-1.0,-1,-,L0:all,25.0,1.0,0.1762271372837583,0.3711725332308535,0.00580721469572439,0.030647641541362427,0.012726404985848837,0.4563122658898361,0.0663142008874476,0.1945403795754444
periodic,noise/mean_grad_norm,-1,mlp_out,-1,10.0,-1.0,-1,-,L0:all,25.0,1.0,0.15992790695535858,0.6854701090916759,0.006242274394787243,0.03849804576200095,0.020067471554494787,0.3110643200781852,0.06220559186303343,0.16866312199667058
periodic,noise/mean_grad_norm,-1,mlp_out,-1,11.0,-1.0,-1,-,L0:all,25.0,1.0,0.17976531340304935,0.39478151024394365,0.03165373828181661,0.18566350784716512,0.20714904939664086,0.15280658238120745,0.08656900301828245,0.2103404220921325
periodic,noise/mean_grad_norm,-1,resid_scalar,-1,0.0,-1.0,-1,-,L0:all,25.0,1.0,0.7446858866703585,1.6887150071112174,0.0004883058983865738,0.0007662177062693016,0.003040389709653982,0.16060635149371902,0.9869107516524936,0.7191876964076511
periodic,noise/mean_grad_norm,-1,resid_scalar,-1,1.0,-1.0,-1,-,L0:all,25.0,1.0,0.6739626230945249,1.6407431993634825,0.0031701209046530944,0.004489898681640625,0.005934906005859377,0.5341484602322795,1.0164378942822054,0.6242277995465042
periodic,noise/mean_grad_norm,-1,resid_scalar,-1,2.0,-1.0,-1,-,L0:all,25.0,1.0,0.8850002958381322,4.604216140533952,0.00562878714522955,0.004997491830860657,0.00675568582748418,0.8331925564581373,0.893811545597656,0.8850002958381322
periodic,noise/mean_grad_norm,-1,resid_scalar,-1,3.0,-1.0,-1,-,L0:all,25.0,1.0,0.7104789337506081,2.965065783146964,0.004515118935530304,0.005096435546875,0.006252098083496095,0.7221765997960009,0.7593867634009532,0.7104789337506081
periodic,noise/mean_grad_norm,-1,resid_scalar,-1,4.0,-1.0,-1,-,L0:all,25.0,1.0,0.6907427728344885,4.012591442934099,0.003109845906331649,0.0038328170776367188,0.005573463439941407,0.5579736800721424,0.80130302713463,0.6257582717387342
periodic,noise/mean_grad_norm,-1,resid_scalar,-1,5.0,-1.0,-1,-,L0:all,25.0,1.0,0.9846821487054597,2.594946781393992,0.003989350324624877,0.004071951017173714,0.0047275006486173984,0.8438603442162615,1.2893628612443613,0.8760010442835369
periodic,noise/mean_grad_norm,-1,resid_scalar,-1,6.0,-1.0,-1,-,L0:all,25.0,1.0,0.6139126312392131,3.882946303251914,0.004844567606187112,0.007568359375,0.012434482525733004,0.3896074964246675,0.6398241532204287,0.6139126312392131
periodic,noise/mean_grad_norm,-1,resid_scalar,-1,7.0,-1.0,-1,-,L0:all,25.0,1.0,0.6409710719972396,2.7781554055669146,0.014139005993852304,0.012948989727690602,0.03423490503091996,0.41299971421221615,0.7754109992191123,0.6321490558821845
periodic,noise/mean_grad_norm,-1,resid_scalar,-1,8.0,-1.0,-1,-,L0:all,25.0,1.0,0.6621367850819907,1.9371439769423275,0.011832329043228045,0.017370223894304614,0.03307990987649466,0.35768927688753027,0.9166821796182817,0.6452062549440629
periodic,noise/mean_grad_norm,-1,resid_scalar,-1,9.0,-1.0,-1,-,L0:all,25.0,1.0,0.6842190331853815,2.5308230073311857,0.01630348272526621,0.021104812535881944,0.03793203827185915,0.4298077158000066,0.7332560069944952,0.6842190331853815
periodic,noise/mean_grad_norm,-1,resid_scalar,-1,10.0,-1.0,-1,-,L0:all,25.0,1.0,0.573836855502335,1.7206354878940564,0.015385484041948798,0.021305083887002887,0.036637020828231746,0.41994364427396497,0.6155115897059953,0.573836855502335
periodic,noise/mean_grad_norm,-1,resid_scalar,-1,11.0,-1.0,-1,-,L0:all,25.0,1.0,0.6181602085317365,1.955097800338206,0.01960105346504974,0.028102874496954984,0.039819669380158115,0.49224551007489825,0.7917085293157777,0.5664299330699988
periodic,noise/mean_grad_norm,-1,smear_gate,-1,-1.0,-1.0,-1,-,L0:all,25.0,1.0,0.17655984407455932,0.40937820334904595,0.00014507364980926663,0.000895044907516961,0.001611795477001101,0.09000748040265628,0.4071713026484331,0.14448591328094976
periodic,noise/mean_grad_norm,-1,smear_scalar,-1,-1.0,-1.0,-1,-,L0:all,25.0,1.0,0.6131228017193715,3.2338781599196267,0.0018221336540627812,0.00232696533203125,0.005605028526292385,0.32508909553544885,0.6581622659415572,0.5930661488882342
periodic,noise/mean_grad_norm,-1,token_embedding,-1,-1.0,-1.0,-1,-,L0:all,25.0,1.0,0.0180947170343545,0.11518135898583758,9.640671124593803e-06,0.00046770582446058266,0.0006738214486067171,0.014307456588875491,0.03910091006226059,0.01786312466427038
periodic,noise/mean_grad_norm,-1,unembedding,-1,-1.0,-1.0,-1,-,L0:all,25.0,1.0,0.057742656773632155,0.1655080687602651,0.004414772935912457,0.07959594001123527,0.030485648301186163,0.14481479587694,0.08438484463918466,0.057742656773632155
periodic,noise/mean_grad_norm,-1,value_embedding,-1,1.0,-1.0,-1,-,L0:all,25.0,1.0,0.06501579841631214,0.2743943821706002,1.2230535893558522e-05,0.00022015602287316942,7.238628867760064e-05,0.16896205230291303,0.12676990327674875,0.058838725623504465
periodic,noise/mean_grad_norm,-1,value_embedding,-1,3.0,-1.0,-1,-,L0:all,25.0,1.0,0.08572773887548946,0.31514171912926536,1.8589666103418013e-05,0.0002183292021271059,6.205452303476985e-05,0.29956988136065466,0.11844916982661632,0.07842362960705745
periodic,noise/mean_grad_norm,-1,value_embedding,-1,5.0,-1.0,-1,-,L0:all,25.0,1.0,0.06031446359996524,0.2377166492670514,1.3469361572799278e-05,0.00024145999768797756,4.5085237185771504e-05,0.29875325968230876,0.16607842925413144,0.059586155784850214
periodic,noise/mean_grad_norm,-1,value_embedding,-1,7.0,-1.0,-1,-,L0:all,25.0,1.0,0.05468145823940868,0.35603301421837175,1.64852507365371e-05,0.00030520938850292473,3.925866123467435e-05,0.41991372650213715,0.07168099958430744,0.053733264175339114
periodic,noise/mean_grad_norm,-1,value_embedding,-1,9.0,-1.0,-1,-,L0:all,25.0,1.0,0.0711103849729933,0.2081805832558364,2.233624513337056e-05,0.00029887844400875086,4.910245937396907e-05,0.454890557787657,0.08424515421116846,0.07105034918919585
periodic,noise/mean_grad_norm,-1,value_embedding,-1,11.0,-1.0,-1,-,L0:all,25.0,1.0,0.049160542559513305,0.1544568260402666,1.4827206849855936e-05,0.0003029347535626598,7.21863363663437e-05,0.20540184744392986,0.05919085056576085,0.04792903757718763
periodic,noise/mean_grad_norm,-1,ve_gate,-1,1.0,-1.0,-1,-,L0:all,25.0,1.0,0.22923464476648445,0.588631021971196,0.00043035663273729193,0.001816011263793805,0.00261297665288972,0.1646997619597388,0.37002946590935015,0.22584193053459448
periodic,noise/mean_grad_norm,-1,ve_gate,-1,3.0,-1.0,-1,-,L0:all,25.0,1.0,0.27631666613142447,0.5979778650597223,0.0005965029798774563,0.002179191096396698,0.0029826297607787365,0.19999229797858484,0.22226558948365283,0.27672771508259814
periodic,noise/mean_grad_norm,-1,ve_gate,-1,5.0,-1.0,-1,-,L0:all,25.0,1.0,0.29186914293059674,0.717919240715948,0.0008888131364973636,0.003341792242825827,0.003819596355930045,0.232698184225004,0.17350188980721656,0.297768134960742
periodic,noise/mean_grad_norm,-1,ve_gate,-1,7.0,-1.0,-1,-,L0:all,25.0,1.0,0.39216945589522095,0.9063168878902114,0.001127143306966727,0.0028304546022617652,0.0023992646038541753,0.46978699437989685,0.5458062147066315,0.3872810431345993
periodic,noise/mean_grad_norm,-1,ve_gate,-1,9.0,-1.0,-1,-,L0:all,25.0,1.0,0.427226410638724,1.018798246968547,0.000901050909226241,0.001984456243896975,0.0019358713314061252,0.46544979235358597,0.4427808071633808,0.37400125633179127
periodic,noise/mean_grad_norm,-1,ve_gate,-1,11.0,-1.0,-1,-,L0:all,25.0,1.0,0.4697964769835674,1.306316933612628,0.0012202776567905003,0.002090270820121937,0.0018962256979754412,0.6435297539176714,0.38814156765192287,0.47632111288359585
periodic,noise/mean_grad_norm,-1,x0_scalar,-1,0.0,-1.0,-1,-,L0:all,25.0,1.0,0.7446858866703585,1.6887150071112174,0.0004883058983865738,0.0007662177062693016,0.003040389709653982,0.16060635149371902,0.9869107516524936,0.7191876964076511
periodic,noise/mean_grad_norm,-1,x0_scalar,-1,1.0,-1.0,-1,-,L0:all,25.0,1.0,0.6297711526844496,1.253862315378568,0.0005276603582837251,0.0007782578445497968,0.002098560333251954,0.251439212836953,0.7547538749798701,0.6297711526844496
periodic,noise/mean_grad_norm,-1,x0_scalar,-1,2.0,-1.0,-1,-,L0:all,25.0,1.0,0.8720740197544826,2.235044481424127,0.0006890921085956324,0.0010919570922851562,0.0020149350410027063,0.3419922203808191,1.1864948505543431,0.8720740197544826
periodic,noise/mean_grad_norm,-1,x0_scalar,-1,3.0,-1.0,-1,-,L0:all,25.0,1.0,0.7771915262419867,3.685973530398972,0.0008265202650551124,0.0011358857139207674,0.0014953613328303206,0.5527227746960193,1.5980339441197615,0.7771915262419867
periodic,noise/mean_grad_norm,-1,x0_scalar,-1,4.0,-1.0,-1,-,L0:all,25.0,1.0,0.9189371959348303,5.411862566762716,0.0006320942715043545,0.0009199082962443283,0.001404361424672452,0.45009372971903,1.6274615718431877,0.9189371959348303
periodic,noise/mean_grad_norm,-1,x0_scalar,-1,5.0,-1.0,-1,-,L0:all,25.0,1.0,0.9522625260227444,4.494247284023609,0.0006579750561704071,0.0008416771867627945,0.001514124853731171,0.434557992063202,1.3814805129238974,0.9522625260227444
periodic,noise/mean_grad_norm,-1,x0_scalar,-1,6.0,-1.0,-1,-,L0:all,25.0,1.0,0.7573655930750122,2.436696569450943,0.0006217316421582992,0.001166045676404784,0.0015241622836989373,0.4079169579301228,0.9518169080904717,0.7573655930750122
periodic,noise/mean_grad_norm,-1,x0_scalar,-1,7.0,-1.0,-1,-,L0:all,25.0,1.0,0.667554364757382,4.5593209394052625,0.0010902544230504852,0.0015438199307917534,0.0030107021138186967,0.36212630204973506,0.6975592126461698,0.667554364757382
periodic,noise/mean_grad_norm,-1,x0_scalar,-1,8.0,-1.0,-1,-,L0:all,25.0,1.0,0.6604253156963913,2.0590211757237378,0.0011054655467648904,0.0013966560363769531,0.0029335260401537775,0.3768384979827693,0.6156543774258595,0.7154233327961839
periodic,noise/mean_grad_norm,-1,x0_scalar,-1,9.0,-1.0,-1,-,L0:all,25.0,1.0,0.6331854680248803,3.98181905524212,0.001140453733969657,0.0010995864868164062,0.0032220184754245527,0.3539562987202871,0.5356505058107421,0.747992137089358
periodic,noise/mean_grad_norm,-1,x0_scalar,-1,10.0,-1.0,-1,-,L0:all,25.0,1.0,0.6289062015313571,6.3341120585430675,0.0013154078323221277,0.0012159347534179688,0.004167556717550966,0.3156304572370925,0.5899579309539822,0.6615431295076707
periodic,noise/mean_grad_norm,-1,x0_scalar,-1,11.0,-1.0,-1,-,L0:all,25.0,1.0,0.6842383513509185,4.513026970820927,0.0015479690499560941,0.001743316650390625,0.004702591850437694,0.32917359175281535,0.6081648461708575,0.6842383513509185
periodic,noise/row_trace,-1,-1,-1,-1.0,-1.0,-1,-,scalar,25.0,1.0,0.1354535875825667,0.19174018281488214,0.22178168693452197,1.3616433033010773,1.2599256598338093,0.17602759750426553,0.0880409577279862,0.1406703992387112
periodic,noise/s2,-1,-1,-1,-1.0,-1.0,-1,-,scalar,25.0,1.0,0.1354535875825667,0.19174018281488214,0.05544542173363049,0.3404108258252693,0.31498141495845233,0.17602759750426553,0.0880409577279862,0.1406703992387112
periodic,noise/signal_raw,-1,-1,-1,-1.0,-1.0,-1,-,scalar,25.0,1.0,0.3703969213234957,1.61933486063298,0.017670333029889792,0.04815481175551284,0.06765841332157611,0.26116978158952425,0.514493251110052,0.3680117976783653
periodic,optim/adamw_m_norm,-1,backout_scalar,backout_lambda,-1.0,-1.0,g5-adamw-b65e3d54,-,L0:all,24.0,1.0,0.6790003508658042,1.7896922130116255,0.0019003193927938432,0.0025834618136286736,0.003776536416262388,0.5031910680407462,0.9324959293977259,0.6653554891311845
periodic,optim/adamw_m_norm,-1,resid_scalar,resid_lambdas,0.0,-1.0,g3-adamw-3570b29d,-,L0:all,24.0,1.0,0.6210244149137207,3.9839366043799687,6.115522474048107e-05,7.736426778137684e-05,0.0003118234530120389,0.1961213120750093,0.7999851765650986,0.6045847158275655
periodic,optim/adamw_m_norm,-1,resid_scalar,resid_lambdas,1.0,-1.0,g3-adamw-3570b29d,-,L0:all,24.0,1.0,0.5711964284501686,1.3352381605422738,0.0003518069422233387,0.000583820219617337,0.0010320892848540097,0.340868709118613,0.5239702547859109,0.6184226021144263
periodic,optim/adamw_m_norm,-1,resid_scalar,resid_lambdas,2.0,-1.0,g3-adamw-3570b29d,-,L0:all,24.0,1.0,0.6875298040652994,1.8137461602126839,0.0005686431134851,0.0006984804349485785,0.0018787255015922705,0.3026749320234167,0.2714710630878692,0.6916586969367576
periodic,optim/adamw_m_norm,-1,resid_scalar,resid_lambdas,3.0,-1.0,g3-adamw-3570b29d,-,L0:all,24.0,1.0,0.6736022642484961,2.577054115795815,0.0004194936399689187,0.0007074671448208392,0.0014179706282448023,0.2958408528448702,0.23709101665370808,0.7125829722827847
periodic,optim/adamw_m_norm,-1,resid_scalar,resid_lambdas,4.0,-1.0,g3-adamw-3570b29d,-,L0:all,24.0,1.0,0.9391411991823485,3.535483801019695,0.0005373085325474698,0.00035541184479370713,0.0007530467461037914,0.7135128533885375,0.3954393120677976,0.9988721205257757
periodic,optim/adamw_m_norm,-1,resid_scalar,resid_lambdas,5.0,-1.0,g3-adamw-3570b29d,-,L0:all,24.0,1.0,0.633685347970273,2.7969039407394023,0.0004227837441139214,0.0005458857631310821,0.0007743052730802446,0.5460168732056491,0.3888320457867778,0.6455137040721403
periodic,optim/adamw_m_norm,-1,resid_scalar,resid_lambdas,6.0,-1.0,g3-adamw-3570b29d,-,L0:all,24.0,1.0,0.6483030035849379,2.53553646797643,0.0005867639652919314,0.0010368386283516884,0.0012258009111974387,0.4786780299573638,0.8181144790637322,0.6331639630492331
periodic,optim/adamw_m_norm,-1,resid_scalar,resid_lambdas,7.0,-1.0,g3-adamw-3570b29d,-,L0:all,24.0,1.0,0.594460971039726,2.4263049123737694,0.0015173805362018468,0.0022413517581298947,0.005060997384134678,0.2998184786576977,0.7428221786469111,0.5691013030446466
periodic,optim/adamw_m_norm,-1,resid_scalar,resid_lambdas,8.0,-1.0,g3-adamw-3570b29d,-,L0:all,24.0,1.0,0.6949222843176444,3.5638356819617307,0.0016950337139809266,0.0017325126100331545,0.004481236048741266,0.3782513787590021,0.7147736267286156,0.6946664575929097
periodic,optim/adamw_m_norm,-1,resid_scalar,resid_lambdas,9.0,-1.0,g3-adamw-3570b29d,-,L0:all,24.0,1.0,0.6289656043342413,6.893674832860334,0.001940179107737456,0.002530985279008746,0.005282716214423998,0.367269228363993,0.6683018831822232,0.5979193972862864
periodic,optim/adamw_m_norm,-1,resid_scalar,resid_lambdas,10.0,-1.0,g3-adamw-3570b29d,-,L0:all,24.0,1.0,0.5541283692090913,4.160007565170428,0.0017251174940980415,0.0023321142653003335,0.0037750063289422537,0.45698400049607724,1.2961420707072213,0.5442844172851984
periodic,optim/adamw_m_norm,-1,resid_scalar,resid_lambdas,11.0,-1.0,g3-adamw-3570b29d,-,L0:all,24.0,1.0,0.6786342739169484,2.8846479305594572,0.0017613317959018525,0.0026458455249667168,0.0042987826047465195,0.40972804578604893,0.7673939528815417,0.6013448628411903
periodic,optim/adamw_m_norm,-1,smear_gate,smear_gate.weight,-1.0,-1.0,g5-adamw-b65e3d54,-,L0:all,24.0,1.0,0.17414804045620424,0.45492591293266854,1.5645008157652773e-05,0.0001002669523586519,0.0001919304726470727,0.08151393544693274,0.37886191980672296,0.15720855857714872
periodic,optim/adamw_m_norm,-1,smear_scalar,smear_lambda,-1.0,-1.0,g5-adamw-b65e3d54,-,L0:all,24.0,1.0,0.6091779082788098,4.026757341311908,0.00023945392490146267,0.0003619640483520925,0.0009085454374144318,0.26355745683221793,0.5694698273328093,0.6488859892248102
periodic,optim/adamw_m_norm,-1,token_embedding,transformer.wte.weight,-1.0,-1.0,g1-adamw-e97a161a,-,L0:all,24.0,1.0,0.015177656164821227,0.11106100095216376,8.944921067741384e-07,5.636093737848569e-05,8.347081529791466e-05,0.010716225827933005,0.0559318468276847,0.015098034897212823
periodic,optim/adamw_m_norm,-1,unembedding,lm_head.weight,-1.0,-1.0,g0-adamw-e97a161a,-,L0:all,24.0,1.0,0.0761081839286219,0.23294467134162433,0.0007369304440521857,0.0090780695900321,0.003615592792630196,0.20382008879824626,0.1141958469309342,0.061699733619281924
periodic,optim/adamw_m_norm,-1,value_embedding,value_embeds.1.weight,1.0,-1.0,g2-adamw-5c22e423,-,L0:all,24.0,1.0,0.0594599646095752,0.2168496821789109,1.4767645313668044e-06,2.6304357561457437e-05,8.422838072874579e-06,0.17532861472461012,0.11588738961306005,0.055757203447858686
periodic,optim/adamw_m_norm,-1,value_embedding,value_embeds.11.weight,11.0,-1.0,g2-adamw-5c22e423,-,L0:all,24.0,1.0,0.04375830298355983,0.1569852055812456,1.6726700020783924e-06,3.5898883652407676e-05,4.826789154321884e-06,0.34653885815184027,0.0768528506750938,0.04370450465716615
periodic,optim/adamw_m_norm,-1,value_embedding,value_embeds.3.weight,3.0,-1.0,g2-adamw-5c22e423,-,L0:all,24.0,1.0,0.07116280234446626,0.20688531285458697,1.8779435535084982e-06,2.5821011149673723e-05,7.760292282910084e-06,0.2419939204666497,0.15045956221048423,0.06986291710482262
periodic,optim/adamw_m_norm,-1,value_embedding,value_embeds.5.weight,5.0,-1.0,g2-adamw-5c22e423,-,L0:all,24.0,1.0,0.054778180430876136,0.132757337397136,1.4818135744730328e-06,2.8603040846064687e-05,4.041711508762089e-06,0.36663021872307966,0.13009952647703046,0.05030757389696818
periodic,optim/adamw_m_norm,-1,value_embedding,value_embeds.7.weight,7.0,-1.0,g2-adamw-5c22e423,-,L0:all,24.0,1.0,0.04918155887270667,0.23001542025938562,1.7771825268032823e-06,3.650822145573329e-05,5.05343959957827e-06,0.3516778011854728,0.1197992834245274,0.04837759249637485
periodic,optim/adamw_m_norm,-1,value_embedding,value_embeds.9.weight,9.0,-1.0,g2-adamw-5c22e423,-,L0:all,24.0,1.0,0.06934055389966767,0.14667572672000118,2.5381280838127643e-06,3.4818725907825865e-05,4.7453926526941345e-06,0.5348615529995764,0.09941893438717195,0.06841803746441384
periodic,optim/adamw_m_norm,-1,x0_scalar,x0_lambdas,0.0,-1.0,g4-adamw-3570b29d,-,L0:all,24.0,1.0,0.8479620595875306,2.6544660386807286,1.262111195424427e-05,1.3722888525080634e-05,9.929383654707633e-05,0.1271087148320677,0.4642937627443662,0.9087093419301723
periodic,optim/adamw_m_norm,-1,x0_scalar,x0_lambdas,1.0,-1.0,g4-adamw-3570b29d,-,L0:all,24.0,1.0,0.9737753204112307,4.003004897014856,1.1684727783984318e-05,1.4509886113955872e-05,7.40062767818017e-05,0.15788833450485942,0.4036317112867658,1.0016461671904497
periodic,optim/adamw_m_norm,-1,x0_scalar,x0_lambdas,2.0,-1.0,g4-adamw-3570b29d,-,L0:all,24.0,1.0,0.6851131019597859,2.4209902794596343,1.6508788688351686e-05,2.1554084014496766e-05,4.8017544577305665e-05,0.34380743192258456,0.6134101253531072,0.7239433681665212
periodic,optim/adamw_m_norm,-1,x0_scalar,x0_lambdas,3.0,-1.0,g4-adamw-3570b29d,-,L0:all,24.0,1.0,0.6463992803297589,2.281792668849741,1.8739996268761192e-05,2.942259106930578e-05,5.061588326498168e-05,0.3702394398741305,0.640989813828639,0.6518087468308787
periodic,optim/adamw_m_norm,-1,x0_scalar,x0_lambdas,4.0,-1.0,g4-adamw-3570b29d,-,L0:all,24.0,1.0,0.6963625964637405,3.37052621380703,1.593054091875224e-05,2.2595392692892347e-05,3.5426495742285624e-05,0.4496787103822209,0.8698941369232032,0.6703929621896457
periodic,optim/adamw_m_norm,-1,x0_scalar,x0_lambdas,5.0,-1.0,g4-adamw-3570b29d,-,L0:all,24.0,1.0,0.6870088387145799,3.0867660761310916,1.770344196366583e-05,2.697499712667195e-05,3.3791709029173944e-05,0.5238989820959227,2.0709637549160176,0.684719064410247
periodic,optim/adamw_m_norm,-1,x0_scalar,x0_lambdas,6.0,-1.0,g4-adamw-3570b29d,-,L0:all,24.0,1.0,0.6163536765153637,3.7689552110750655,1.6519474509153286e-05,2.5235814064217266e-05,3.5707033384824164e-05,0.4626392321960363,1.4529169827612234,0.6095923744955313
periodic,optim/adamw_m_norm,-1,x0_scalar,x0_lambdas,7.0,-1.0,g4-adamw-3570b29d,-,L0:all,24.0,1.0,0.6970942737732977,2.641002054364838,2.3094355465071717e-05,2.8328239750408102e-05,6.745211685483808e-05,0.34238147803088925,0.6219762324738654,0.747642669350962
periodic,optim/adamw_m_norm,-1,x0_scalar,x0_lambdas,8.0,-1.0,g4-adamw-3570b29d,-,L0:all,24.0,1.0,0.7079999544151117,3.47776931254692,2.38314021431653e-05,3.398806256882381e-05,0.00011163200069859158,0.21348181519661658,0.6215764772672331,0.7944234315629903
periodic,optim/adamw_m_norm,-1,x0_scalar,x0_lambdas,9.0,-1.0,g4-adamw-3570b29d,-,L0:all,24.0,1.0,0.7190544120432286,2.483379197152531,2.2560369039777857e-05,2.9193097361712717e-05,5.990480203763582e-05,0.3766036823826589,0.7461661493730786,0.7084632943293679
periodic,optim/adamw_m_norm,-1,x0_scalar,x0_lambdas,10.0,-1.0,g4-adamw-3570b29d,-,L0:all,24.0,1.0,0.6918823710835303,5.293609546705912,2.795635554981442e-05,3.4794789826264605e-05,0.00010433636998641305,0.2679444910097502,0.5656985363379557,0.7207439520670746
periodic,optim/adamw_m_norm,-1,x0_scalar,x0_lambdas,11.0,-1.0,g4-adamw-3570b29d,-,L0:all,24.0,1.0,0.8043351792277861,5.748284262284189,3.387499328755183e-05,3.415512946958188e-05,7.268832596309948e-05,0.46603072554936265,1.9411748595191842,0.7646114276829084
periodic,optim/adamw_m_rms,-1,backout_scalar,backout_lambda,-1.0,-1.0,g5-adamw-b65e3d54,-,L0:all,24.0,1.0,0.6790003508658042,1.7896922130116255,0.0019003193927938432,0.0025834618136286736,0.003776536416262388,0.5031910680407462,0.9324959293977259,0.6653554891311845
periodic,optim/adamw_m_rms,-1,resid_scalar,resid_lambdas,0.0,-1.0,g3-adamw-3570b29d,-,L0:all,24.0,1.0,0.6210244149137207,3.9839366043799687,6.115522474048107e-05,7.736426778137684e-05,0.0003118234530120389,0.1961213120750093,0.7999851765650986,0.6045847158275655
periodic,optim/adamw_m_rms,-1,resid_scalar,resid_lambdas,1.0,-1.0,g3-adamw-3570b29d,-,L0:all,24.0,1.0,0.5711964284501686,1.3352381605422738,0.0003518069422233387,0.000583820219617337,0.0010320892848540097,0.340868709118613,0.5239702547859109,0.6184226021144263
periodic,optim/adamw_m_rms,-1,resid_scalar,resid_lambdas,2.0,-1.0,g3-adamw-3570b29d,-,L0:all,24.0,1.0,0.6875298040652994,1.8137461602126839,0.0005686431134851,0.0006984804349485785,0.0018787255015922705,0.3026749320234167,0.2714710630878692,0.6916586969367576
periodic,optim/adamw_m_rms,-1,resid_scalar,resid_lambdas,3.0,-1.0,g3-adamw-3570b29d,-,L0:all,24.0,1.0,0.6736022642484961,2.577054115795815,0.0004194936399689187,0.0007074671448208392,0.0014179706282448023,0.2958408528448702,0.23709101665370808,0.7125829722827847
periodic,optim/adamw_m_rms,-1,resid_scalar,resid_lambdas,4.0,-1.0,g3-adamw-3570b29d,-,L0:all,24.0,1.0,0.9391411991823485,3.535483801019695,0.0005373085325474698,0.00035541184479370713,0.0007530467461037914,0.7135128533885375,0.3954393120677976,0.9988721205257757
periodic,optim/adamw_m_rms,-1,resid_scalar,resid_lambdas,5.0,-1.0,g3-adamw-3570b29d,-,L0:all,24.0,1.0,0.633685347970273,2.7969039407394023,0.0004227837441139214,0.0005458857631310821,0.0007743052730802446,0.5460168732056491,0.3888320457867778,0.6455137040721403
periodic,optim/adamw_m_rms,-1,resid_scalar,resid_lambdas,6.0,-1.0,g3-adamw-3570b29d,-,L0:all,24.0,1.0,0.6483030035849379,2.53553646797643,0.0005867639652919314,0.0010368386283516884,0.0012258009111974387,0.4786780299573638,0.8181144790637322,0.6331639630492331
periodic,optim/adamw_m_rms,-1,resid_scalar,resid_lambdas,7.0,-1.0,g3-adamw-3570b29d,-,L0:all,24.0,1.0,0.594460971039726,2.4263049123737694,0.0015173805362018468,0.0022413517581298947,0.005060997384134678,0.2998184786576977,0.7428221786469111,0.5691013030446466
periodic,optim/adamw_m_rms,-1,resid_scalar,resid_lambdas,8.0,-1.0,g3-adamw-3570b29d,-,L0:all,24.0,1.0,0.6949222843176444,3.5638356819617307,0.0016950337139809266,0.0017325126100331545,0.004481236048741266,0.3782513787590021,0.7147736267286156,0.6946664575929097
periodic,optim/adamw_m_rms,-1,resid_scalar,resid_lambdas,9.0,-1.0,g3-adamw-3570b29d,-,L0:all,24.0,1.0,0.6289656043342413,6.893674832860334,0.001940179107737456,0.002530985279008746,0.005282716214423998,0.367269228363993,0.6683018831822232,0.5979193972862864
periodic,optim/adamw_m_rms,-1,resid_scalar,resid_lambdas,10.0,-1.0,g3-adamw-3570b29d,-,L0:all,24.0,1.0,0.5541283692090913,4.160007565170428,0.0017251174940980415,0.0023321142653003335,0.0037750063289422537,0.45698400049607724,1.2961420707072213,0.5442844172851984
periodic,optim/adamw_m_rms,-1,resid_scalar,resid_lambdas,11.0,-1.0,g3-adamw-3570b29d,-,L0:all,24.0,1.0,0.6786342739169484,2.8846479305594572,0.0017613317959018525,0.0026458455249667168,0.0042987826047465195,0.40972804578604893,0.7673939528815417,0.6013448628411903
periodic,optim/adamw_m_rms,-1,smear_gate,smear_gate.weight,-1.0,-1.0,g5-adamw-b65e3d54,-,L0:all,24.0,1.0,0.17414804657516453,0.45492592824032707,3.1935242449890857e-06,2.0466904970817268e-05,3.917764488505781e-05,0.08151394128867308,0.3788619617717961,0.15720856227983518
periodic,optim/adamw_m_rms,-1,smear_scalar,smear_lambda,-1.0,-1.0,g5-adamw-b65e3d54,-,L0:all,24.0,1.0,0.6091779082788098,4.026757341311908,0.00023945392490146267,0.0003619640483520925,0.0009085454374144318,0.26355745683221793,0.5694698273328093,0.6488859892248102
periodic,optim/adamw_m_rms,-1,token_embedding,transformer.wte.weight,-1.0,-1.0,g1-adamw-e97a161a,-,L0:all,24.0,1.0,0.015177652957814869,0.1110610164214605,1.7830822207396204e-10,1.1234988495090192e-08,1.6639070565815924e-08,0.010716236905701133,0.0559318403625784,0.015098053774227804
periodic,optim/adamw_m_rms,-1,unembedding,lm_head.weight,-1.0,-1.0,g0-adamw-e97a161a,-,L0:all,24.0,1.0,0.0761081690356606,0.23294469254059125,1.4689970725855752e-07,1.8096223470820405e-06,7.207322710200969e-07,0.20382007739245708,0.11419584489452947,0.06169968994185737
periodic,optim/adamw_m_rms,-1,value_embedding,value_embeds.1.weight,1.0,-1.0,g2-adamw-5c22e423,-,L0:all,24.0,1.0,0.059459973221150056,0.2168496843214294,2.9437825756260725e-10,5.243510514674199e-09,1.679008487798228e-09,0.17532862978473737,0.11588738283459134,0.05575719899449019
periodic,optim/adamw_m_rms,-1,value_embedding,value_embeds.11.weight,11.0,-1.0,g2-adamw-5c22e423,-,L0:all,24.0,1.0,0.04375828880564679,0.15698519468010425,3.334298862503237e-10,7.156082837411759e-09,9.621724306185794e-10,0.34653859915312896,0.07685283487127031,0.04370452034603394
periodic,optim/adamw_m_rms,-1,value_embedding,value_embeds.3.weight,3.0,-1.0,g2-adamw-5c22e423,-,L0:all,24.0,1.0,0.07116280387191126,0.2068853379887983,3.7434919998791774e-10,5.14716003152671e-09,1.5469367120601869e-09,0.2419938689601368,0.15045955441555603,0.06986291823480377
periodic,optim/adamw_m_rms,-1,value_embedding,value_embeds.5.weight,5.0,-1.0,g2-adamw-5c22e423,-,L0:all,24.0,1.0,0.05477818623654428,0.13275731525516996,2.9538473553587776e-10,5.701729755003271e-09,8.056742384354719e-10,0.36663048344388105,0.13009954181437774,0.05030758990497935
periodic,optim/adamw_m_rms,-1,value_embedding,value_embeds.7.weight,7.0,-1.0,g2-adamw-5c22e423,-,L0:all,24.0,1.0,0.04918155630265285,0.23001543499611618,3.5426373059652455e-10,7.277548341733109e-09,1.0073528677878585e-09,0.35167788957059887,0.11979926310449479,0.048377636883907255
periodic,optim/adamw_m_rms,-1,value_embedding,value_embeds.9.weight,9.0,-1.0,g2-adamw-5c22e423,-,L0:all,24.0,1.0,0.06934055662330577,0.14667572861309428,5.059503827693562e-10,6.940764407659117e-09,9.459459437977104e-10,0.5348618344279863,0.09941896691768685,0.0684180591502825
periodic,optim/adamw_m_rms,-1,x0_scalar,x0_lambdas,0.0,-1.0,g4-adamw-3570b29d,-,L0:all,24.0,1.0,0.8479620595875306,2.6544660386807286,1.262111195424427e-05,1.3722888525080634e-05,9.929383654707633e-05,0.1271087148320677,0.4642937627443662,0.9087093419301723
periodic,optim/adamw_m_rms,-1,x0_scalar,x0_lambdas,1.0,-1.0,g4-adamw-3570b29d,-,L0:all,24.0,1.0,0.9737753204112307,4.003004897014856,1.1684727783984318e-05,1.4509886113955872e-05,7.40062767818017e-05,0.15788833450485942,0.4036317112867658,1.0016461671904497
periodic,optim/adamw_m_rms,-1,x0_scalar,x0_lambdas,2.0,-1.0,g4-adamw-3570b29d,-,L0:all,24.0,1.0,0.6851131019597859,2.4209902794596343,1.6508788688351686e-05,2.1554084014496766e-05,4.8017544577305665e-05,0.34380743192258456,0.6134101253531072,0.7239433681665212
periodic,optim/adamw_m_rms,-1,x0_scalar,x0_lambdas,3.0,-1.0,g4-adamw-3570b29d,-,L0:all,24.0,1.0,0.6463992803297589,2.281792668849741,1.8739996268761192e-05,2.942259106930578e-05,5.061588326498168e-05,0.3702394398741305,0.640989813828639,0.6518087468308787
periodic,optim/adamw_m_rms,-1,x0_scalar,x0_lambdas,4.0,-1.0,g4-adamw-3570b29d,-,L0:all,24.0,1.0,0.6963625964637405,3.37052621380703,1.593054091875224e-05,2.2595392692892347e-05,3.5426495742285624e-05,0.4496787103822209,0.8698941369232032,0.6703929621896457
periodic,optim/adamw_m_rms,-1,x0_scalar,x0_lambdas,5.0,-1.0,g4-adamw-3570b29d,-,L0:all,24.0,1.0,0.6870088387145799,3.0867660761310916,1.770344196366583e-05,2.697499712667195e-05,3.3791709029173944e-05,0.5238989820959227,2.0709637549160176,0.684719064410247
periodic,optim/adamw_m_rms,-1,x0_scalar,x0_lambdas,6.0,-1.0,g4-adamw-3570b29d,-,L0:all,24.0,1.0,0.6163536765153637,3.7689552110750655,1.6519474509153286e-05,2.5235814064217266e-05,3.5707033384824164e-05,0.4626392321960363,1.4529169827612234,0.6095923744955313
periodic,optim/adamw_m_rms,-1,x0_scalar,x0_lambdas,7.0,-1.0,g4-adamw-3570b29d,-,L0:all,24.0,1.0,0.6970942737732977,2.641002054364838,2.3094355465071717e-05,2.8328239750408102e-05,6.745211685483808e-05,0.34238147803088925,0.6219762324738654,0.747642669350962
periodic,optim/adamw_m_rms,-1,x0_scalar,x0_lambdas,8.0,-1.0,g4-adamw-3570b29d,-,L0:all,24.0,1.0,0.7079999544151117,3.47776931254692,2.38314021431653e-05,3.398806256882381e-05,0.00011163200069859158,0.21348181519661658,0.6215764772672331,0.7944234315629903
periodic,optim/adamw_m_rms,-1,x0_scalar,x0_lambdas,9.0,-1.0,g4-adamw-3570b29d,-,L0:all,24.0,1.0,0.7190544120432286,2.483379197152531,2.2560369039777857e-05,2.9193097361712717e-05,5.990480203763582e-05,0.3766036823826589,0.7461661493730786,0.7084632943293679
periodic,optim/adamw_m_rms,-1,x0_scalar,x0_lambdas,10.0,-1.0,g4-adamw-3570b29d,-,L0:all,24.0,1.0,0.6918823710835303,5.293609546705912,2.795635554981442e-05,3.4794789826264605e-05,0.00010433636998641305,0.2679444910097502,0.5656985363379557,0.7207439520670746
periodic,optim/adamw_m_rms,-1,x0_scalar,x0_lambdas,11.0,-1.0,g4-adamw-3570b29d,-,L0:all,24.0,1.0,0.8043351792277861,5.748284262284189,3.387499328755183e-05,3.415512946958188e-05,7.268832596309948e-05,0.46603072554936265,1.9411748595191842,0.7646114276829084
periodic,optim/adamw_v_norm,-1,backout_scalar,backout_lambda,-1.0,-1.0,g5-adamw-b65e3d54,-,L0:all,24.0,1.0,0.19379892738592508,0.3703761859211047,0.0001827469391715345,0.0012972530093975365,0.002546319125394802,0.0717690635666886,0.24950419813716698,0.18982397613131746
periodic,optim/adamw_v_norm,-1,resid_scalar,resid_lambdas,0.0,-1.0,g3-adamw-3570b29d,-,L0:all,24.0,1.0,0.2577619322634368,0.8161896645804103,1.2020361187809958e-07,4.134499675956249e-07,2.847511589152417e-05,0.0042213563708051165,0.6758552129952276,0.2560957876105082
periodic,optim/adamw_v_norm,-1,resid_scalar,resid_lambdas,1.0,-1.0,g3-adamw-3570b29d,-,L0:all,24.0,1.0,0.2746559945032122,0.5000806102422481,9.128438216076603e-06,3.204119457222987e-05,7.320844570131156e-05,0.12469105345195253,0.2402583574922108,0.28270834540596107
periodic,optim/adamw_v_norm,-1,resid_scalar,resid_lambdas,2.0,-1.0,g3-adamw-3570b29d,-,L0:all,24.0,1.0,0.41734230577127185,0.862332802389551,3.325540394602676e-05,7.317157360375859e-05,0.00015117308976186905,0.21998229974932282,0.37172417376059597,0.45069234764896876
periodic,optim/adamw_v_norm,-1,resid_scalar,resid_lambdas,3.0,-1.0,g3-adamw-3570b29d,-,L0:all,24.0,1.0,0.35389647063061574,1.8495073062853677,2.1036614451609534e-05,4.159909440204501e-05,6.724239110553754e-05,0.3128475074390555,0.2704369427481599,0.42808227363758117
periodic,optim/adamw_v_norm,-1,resid_scalar,resid_lambdas,4.0,-1.0,g3-adamw-3570b29d,-,L0:all,24.0,1.0,0.2774899950047016,0.8010377221644821,9.654728298960137e-06,3.9742522858432494e-05,7.705921848355501e-05,0.12528972508358005,0.19589182528130558,0.3317671633883557
periodic,optim/adamw_v_norm,-1,resid_scalar,resid_lambdas,5.0,-1.0,g3-adamw-3570b29d,-,L0:all,24.0,1.0,0.3250013025900307,0.7017457667892452,1.94161614439914e-05,4.936137338518165e-05,0.00010012908414864795,0.19391130568184248,0.30464009536889675,0.32763214998107293
periodic,optim/adamw_v_norm,-1,resid_scalar,resid_lambdas,6.0,-1.0,g3-adamw-3570b29d,-,L0:all,24.0,1.0,0.24959415560462053,0.5867220114422123,4.742161369329443e-05,0.00018516727141104639,0.0003654836804344086,0.12975029045600556,0.29738020865362785,0.24835622434608978
periodic,optim/adamw_v_norm,-1,resid_scalar,resid_lambdas,7.0,-1.0,g3-adamw-3570b29d,-,L0:all,24.0,1.0,0.23193548687066723,0.3766327212988575,0.0002070729290967232,0.0009047045896295458,0.0020033310473081658,0.10336430884698901,0.2227309960720819,0.23519007589364843
periodic,optim/adamw_v_norm,-1,resid_scalar,resid_lambdas,8.0,-1.0,g3-adamw-3570b29d,-,L0:all,24.0,1.0,0.2417778632404326,0.36903922440503295,0.0001966810080849631,0.0007746450428385288,0.0018038884227280505,0.10903169265176564,0.2830519318843051,0.23216512581903317
periodic,optim/adamw_v_norm,-1,resid_scalar,resid_lambdas,9.0,-1.0,g3-adamw-3570b29d,-,L0:all,24.0,1.0,0.23843408595349785,0.4713703441684425,0.00032427253614035695,0.001258948293980211,0.002593315957346931,0.12504166151512872,0.26744338775214244,0.23183221353061398
periodic,optim/adamw_v_norm,-1,resid_scalar,resid_lambdas,10.0,-1.0,g3-adamw-3570b29d,-,L0:all,24.0,1.0,0.2341893648861371,0.4559006959858646,0.0002789114961237036,0.001318353519309312,0.0020671897967986298,0.1349230228185347,0.3030793756268244,0.23191906324174824
periodic,optim/adamw_v_norm,-1,resid_scalar,resid_lambdas,11.0,-1.0,g3-adamw-3570b29d,-,L0:all,24.0,1.0,0.21956557325073334,0.4847188266497989,0.00031997787865515893,0.0018621485214680433,0.0025793931723455898,0.12405161108656605,0.40919885217269475,0.2154120547274626
periodic,optim/adamw_v_norm,-1,smear_gate,smear_gate.weight,-1.0,-1.0,g5-adamw-b65e3d54,-,L0:all,24.0,1.0,0.3694715866957504,0.8720731163119212,3.698846605363325e-08,7.136175028676917e-08,1.6950134355653286e-06,0.021821930893011883,0.29886711684988687,0.4195410345820473
periodic,optim/adamw_v_norm,-1,smear_scalar,smear_lambda,-1.0,-1.0,g5-adamw-b65e3d54,-,L0:all,24.0,1.0,0.1899098695066896,0.3201782715959137,2.1500549163245723e-06,1.5858958249737043e-05,0.00013394110371791612,0.016052241295940423,0.20671502018341395,0.18539797168211702
periodic,optim/adamw_v_norm,-1,token_embedding,transformer.wte.weight,-1.0,-1.0,g1-adamw-e97a161a,-,L0:all,24.0,1.0,0.01935079792961157,0.09904105539029004,1.6716718938531547e-11,9.77699643467389e-10,1.857022536022601e-08,0.0009001893415001667,0.05310963149844851,0.01865069506935131
periodic,optim/adamw_v_norm,-1,unembedding,lm_head.weight,-1.0,-1.0,g0-adamw-e97a161a,-,L0:all,24.0,1.0,0.24648434233994,0.5396606334732861,0.00011735887129357244,0.0006263000541366637,0.0009057060993654885,0.12957721205122796,0.3425910966066408,0.24058410504925934
periodic,optim/adamw_v_norm,-1,value_embedding,value_embeds.1.weight,1.0,-1.0,g2-adamw-5c22e423,-,L0:all,24.0,1.0,0.27927117740459684,0.36550474719977394,9.008907083889117e-12,3.526636274675532e-11,5.175059789551405e-10,0.017408314976531017,0.31664919587640017,0.2749443895174315
periodic,optim/adamw_v_norm,-1,value_embedding,value_embeds.11.weight,11.0,-1.0,g2-adamw-5c22e423,-,L0:all,24.0,1.0,0.30072739369062657,0.7850796009515355,1.4807338496043437e-10,5.231791944115827e-10,6.157749254942502e-10,0.2404667335903352,0.43222429637910215,0.29760381279386383
periodic,optim/adamw_v_norm,-1,value_embedding,value_embeds.3.weight,3.0,-1.0,g2-adamw-5c22e423,-,L0:all,24.0,1.0,0.7236957910360498,1.9227018703561984,2.345786403041425e-10,2.810037619260797e-10,5.679199124863921e-10,0.41304880344332573,0.40007507727967534,0.8709221023910643
periodic,optim/adamw_v_norm,-1,value_embedding,value_embeds.5.weight,5.0,-1.0,g2-adamw-5c22e423,-,L0:all,24.0,1.0,0.4115542960514499,0.9010148442601986,3.040603350557974e-11,7.645297589453648e-11,2.345324585581454e-10,0.12964531089858278,0.5792966810223998,0.375804399558486
periodic,optim/adamw_v_norm,-1,value_embedding,value_embeds.7.weight,7.0,-1.0,g2-adamw-5c22e423,-,L0:all,24.0,1.0,0.5758605214264727,0.8660829583815778,1.9694983673111244e-10,3.435069867441243e-10,3.3723914702465936e-10,0.5840064490398892,0.7063880097485868,0.5692792223613753
periodic,optim/adamw_v_norm,-1,value_embedding,value_embeds.9.weight,9.0,-1.0,g2-adamw-5c22e423,-,L0:all,24.0,1.0,0.9744167974718283,1.6912126910641754,1.1858971087022534e-10,1.0668824851345349e-10,2.901016460041261e-10,0.40878675631002326,0.44639126679349034,0.9858775485737221
periodic,optim/adamw_v_norm,-1,x0_scalar,x0_lambdas,0.0,-1.0,g4-adamw-3570b29d,-,L0:all,24.0,1.0,0.2577619322634368,0.8161896645804103,1.2020361187809958e-07,4.134499675956249e-07,2.847511589152417e-05,0.0042213563708051165,0.6758552129952276,0.2560957876105082
periodic,optim/adamw_v_norm,-1,x0_scalar,x0_lambdas,1.0,-1.0,g4-adamw-3570b29d,-,L0:all,24.0,1.0,0.2341791140736299,0.7082670871864175,1.323908218160263e-07,4.7664352109677566e-07,1.2845465991517807e-05,0.010306424220300562,0.6120631058660371,0.23139409091688087
periodic,optim/adamw_v_norm,-1,x0_scalar,x0_lambdas,2.0,-1.0,g4-adamw-3570b29d,-,L0:all,24.0,1.0,0.2190558517488818,0.7498467116352937,2.602349026408744e-07,1.2077527458131954e-06,1.5155814975287278e-05,0.017170630749003428,0.6648839284529034,0.19654231188931967
periodic,optim/adamw_v_norm,-1,x0_scalar,x0_lambdas,3.0,-1.0,g4-adamw-3570b29d,-,L0:all,24.0,1.0,0.3583776315244811,0.8930354354028589,6.651655268230688e-07,1.3673711123374233e-06,1.0165279087459564e-05,0.0654350481772461,0.6581371636366551,0.3562554876598527
periodic,optim/adamw_v_norm,-1,x0_scalar,x0_lambdas,4.0,-1.0,g4-adamw-3570b29d,-,L0:all,24.0,1.0,0.2830428797737723,0.7798041392744391,3.864744987729779e-07,9.782072538655484e-07,1.0335279057471778e-05,0.03739371686278566,0.5663405866824872,0.27853769403844547
periodic,optim/adamw_v_norm,-1,x0_scalar,x0_lambdas,5.0,-1.0,g4-adamw-3570b29d,-,L0:all,24.0,1.0,0.2831127531468031,0.7231181726893054,3.4373613932728665e-07,1.003969771318225e-06,7.928250761324306e-06,0.04335586116979356,0.7029989443142038,0.27804536765991933
periodic,optim/adamw_v_norm,-1,x0_scalar,x0_lambdas,6.0,-1.0,g4-adamw-3570b29d,-,L0:all,24.0,1.0,0.3728756264163072,0.6593098487361669,6.413052690594785e-07,1.4063825233279204e-06,9.348854450763608e-06,0.06859720326559338,0.539558056198764,0.3615617867752469
periodic,optim/adamw_v_norm,-1,x0_scalar,x0_lambdas,7.0,-1.0,g4-adamw-3570b29d,-,L0:all,24.0,1.0,0.26717929597798085,0.8024313370656092,1.6036074875838144e-06,4.280054554328672e-06,3.4195953008975263e-05,0.04689465701286122,0.29960005551746466,0.2645134699384111
periodic,optim/adamw_v_norm,-1,x0_scalar,x0_lambdas,8.0,-1.0,g4-adamw-3570b29d,-,L0:all,24.0,1.0,0.2470253019134815,0.8117466308675918,1.3616246751032652e-06,4.903096169073251e-06,3.965754208365979e-05,0.03433457051450244,0.3042988693203531,0.23573113338173193
periodic,optim/adamw_v_norm,-1,x0_scalar,x0_lambdas,9.0,-1.0,g4-adamw-3570b29d,-,L0:all,24.0,1.0,0.24275598958271605,0.8732288462725903,1.3575099153485937e-06,4.475394916880759e-06,3.4825295807650035e-05,0.03898057098628839,0.3102110260998946,0.22880004743349872
periodic,optim/adamw_v_norm,-1,x0_scalar,x0_lambdas,10.0,-1.0,g4-adamw-3570b29d,-,L0:all,24.0,1.0,0.2547969405926621,0.8231755681346933,1.5600107334912018e-06,6.150239642011002e-06,4.499518702232308e-05,0.034670613386210546,0.3156787880667007,0.2323674305782869
periodic,optim/adamw_v_norm,-1,x0_scalar,x0_lambdas,11.0,-1.0,g4-adamw-3570b29d,-,L0:all,24.0,1.0,0.27575191062164045,0.8545097532115242,2.4509782153858406e-06,8.38260802993318e-06,4.7561728820255667e-05,0.0515325720107553,0.32979640550899403,0.26993722892066624
periodic,optim/adamw_v_rms,-1,backout_scalar,backout_lambda,-1.0,-1.0,g5-adamw-b65e3d54,-,L0:all,24.0,1.0,0.19379892738592508,0.3703761859211047,0.0001827469391715345,0.0012972530093975365,0.002546319125394802,0.0717690635666886,0.24950419813716698,0.18982397613131746
periodic,optim/adamw_v_rms,-1,resid_scalar,resid_lambdas,0.0,-1.0,g3-adamw-3570b29d,-,L0:all,24.0,1.0,0.2577619322634368,0.8161896645804103,1.2020361187809958e-07,4.134499675956249e-07,2.847511589152417e-05,0.0042213563708051165,0.6758552129952276,0.2560957876105082
periodic,optim/adamw_v_rms,-1,resid_scalar,resid_lambdas,1.0,-1.0,g3-adamw-3570b29d,-,L0:all,24.0,1.0,0.2746559945032122,0.5000806102422481,9.128438216076603e-06,3.204119457222987e-05,7.320844570131156e-05,0.12469105345195253,0.2402583574922108,0.28270834540596107
periodic,optim/adamw_v_rms,-1,resid_scalar,resid_lambdas,2.0,-1.0,g3-adamw-3570b29d,-,L0:all,24.0,1.0,0.41734230577127185,0.862332802389551,3.325540394602676e-05,7.317157360375859e-05,0.00015117308976186905,0.21998229974932282,0.37172417376059597,0.45069234764896876
periodic,optim/adamw_v_rms,-1,resid_scalar,resid_lambdas,3.0,-1.0,g3-adamw-3570b29d,-,L0:all,24.0,1.0,0.35389647063061574,1.8495073062853677,2.1036614451609534e-05,4.159909440204501e-05,6.724239110553754e-05,0.3128475074390555,0.2704369427481599,0.42808227363758117
periodic,optim/adamw_v_rms,-1,resid_scalar,resid_lambdas,4.0,-1.0,g3-adamw-3570b29d,-,L0:all,24.0,1.0,0.2774899950047016,0.8010377221644821,9.654728298960137e-06,3.9742522858432494e-05,7.705921848355501e-05,0.12528972508358005,0.19589182528130558,0.3317671633883557
periodic,optim/adamw_v_rms,-1,resid_scalar,resid_lambdas,5.0,-1.0,g3-adamw-3570b29d,-,L0:all,24.0,1.0,0.3250013025900307,0.7017457667892452,1.94161614439914e-05,4.936137338518165e-05,0.00010012908414864795,0.19391130568184248,0.30464009536889675,0.32763214998107293
periodic,optim/adamw_v_rms,-1,resid_scalar,resid_lambdas,6.0,-1.0,g3-adamw-3570b29d,-,L0:all,24.0,1.0,0.24959415560462053,0.5867220114422123,4.742161369329443e-05,0.00018516727141104639,0.0003654836804344086,0.12975029045600556,0.29738020865362785,0.24835622434608978
periodic,optim/adamw_v_rms,-1,resid_scalar,resid_lambdas,7.0,-1.0,g3-adamw-3570b29d,-,L0:all,24.0,1.0,0.23193548687066723,0.3766327212988575,0.0002070729290967232,0.0009047045896295458,0.0020033310473081658,0.10336430884698901,0.2227309960720819,0.23519007589364843
periodic,optim/adamw_v_rms,-1,resid_scalar,resid_lambdas,8.0,-1.0,g3-adamw-3570b29d,-,L0:all,24.0,1.0,0.2417778632404326,0.36903922440503295,0.0001966810080849631,0.0007746450428385288,0.0018038884227280505,0.10903169265176564,0.2830519318843051,0.23216512581903317
periodic,optim/adamw_v_rms,-1,resid_scalar,resid_lambdas,9.0,-1.0,g3-adamw-3570b29d,-,L0:all,24.0,1.0,0.23843408595349785,0.4713703441684425,0.00032427253614035695,0.001258948293980211,0.002593315957346931,0.12504166151512872,0.26744338775214244,0.23183221353061398
periodic,optim/adamw_v_rms,-1,resid_scalar,resid_lambdas,10.0,-1.0,g3-adamw-3570b29d,-,L0:all,24.0,1.0,0.2341893648861371,0.4559006959858646,0.0002789114961237036,0.001318353519309312,0.0020671897967986298,0.1349230228185347,0.3030793756268244,0.23191906324174824
periodic,optim/adamw_v_rms,-1,resid_scalar,resid_lambdas,11.0,-1.0,g3-adamw-3570b29d,-,L0:all,24.0,1.0,0.21956557325073334,0.4847188266497989,0.00031997787865515893,0.0018621485214680433,0.0025793931723455898,0.12405161108656605,0.40919885217269475,0.2154120547274626
periodic,optim/adamw_v_rms,-1,smear_gate,smear_gate.weight,-1.0,-1.0,g5-adamw-b65e3d54,-,L0:all,24.0,1.0,0.36947161293344705,0.8720731150689451,7.550238942606286e-09,1.4566655881509405e-08,3.4599318219363786e-07,0.02182192982745173,0.298867118038848,0.4195410172059442
periodic,optim/adamw_v_rms,-1,smear_scalar,smear_lambda,-1.0,-1.0,g5-adamw-b65e3d54,-,L0:all,24.0,1.0,0.1899098695066896,0.3201782715959137,2.1500549163245723e-06,1.5858958249737043e-05,0.00013394110371791612,0.016052241295940423,0.20671502018341395,0.18539797168211702
periodic,optim/adamw_v_rms,-1,token_embedding,transformer.wte.weight,-1.0,-1.0,g1-adamw-e97a161a,-,L0:all,24.0,1.0,0.019350797894943296,0.09904104040551989,3.3323093939014706e-15,1.948946307616349e-13,3.701788647410773e-12,0.0009001889927541553,0.053109635494409314,0.018650677539682237
periodic,optim/adamw_v_rms,-1,unembedding,lm_head.weight,-1.0,-1.0,g0-adamw-e97a161a,-,L0:all,24.0,1.0,0.2464843539737375,0.5396606702632782,2.339431514493286e-08,1.2484664324574624e-07,1.8054344597118186e-07,0.12957720519340832,0.3425910994232845,0.2405841095955361
periodic,optim/adamw_v_rms,-1,value_embedding,value_embeds.1.weight,1.0,-1.0,g2-adamw-5c22e423,-,L0:all,24.0,1.0,0.2792711676914813,0.3655047111268514,1.7958355199773274e-15,7.029996109032691e-15,1.0315962896297035e-13,0.017408316974675736,0.31664917737802867,0.2749443964437881
periodic,optim/adamw_v_rms,-1,value_embedding,value_embeds.11.weight,11.0,-1.0,g2-adamw-5c22e423,-,L0:all,24.0,1.0,0.3007274177977314,0.7850796339586606,2.9516945961061514e-14,1.0429053183113463e-13,1.2274857356004167e-13,0.24046671260602057,0.4322243187913628,0.29760378331956217
periodic,optim/adamw_v_rms,-1,value_embedding,value_embeds.3.weight,3.0,-1.0,g2-adamw-5c22e423,-,L0:all,24.0,1.0,0.7236958543805885,1.9227021332688203,4.6760905044049945e-14,5.601528491267285e-14,1.1320914519008907e-13,0.41304883068884474,0.40007511293867165,0.8709221304717102
periodic,optim/adamw_v_rms,-1,value_embedding,value_embeds.5.weight,5.0,-1.0,g2-adamw-5c22e423,-,L0:all,24.0,1.0,0.4115542902831962,0.901014815500466,6.061137997646791e-15,1.524013527138754e-14,4.6751696845400106e-14,0.1296453050183385,0.5792966808397326,0.3758044130855164
periodic,optim/adamw_v_rms,-1,value_embedding,value_embeds.7.weight,7.0,-1.0,g2-adamw-5c22e423,-,L0:all,24.0,1.0,0.5758605187306146,0.8660829564276109,3.925997593257525e-14,6.847468216899209e-14,6.722524589135389e-14,0.5840064310962175,0.7063879778422761,0.5692791915682135
periodic,optim/adamw_v_rms,-1,value_embedding,value_embeds.9.weight,9.0,-1.0,g2-adamw-5c22e423,-,L0:all,24.0,1.0,0.9744167768801024,1.6912126367239282,2.3639672365226585e-14,2.1267235477025193e-14,5.782885589050083e-14,0.4087867899373351,0.44639122964738187,0.9858775107334103
periodic,optim/adamw_v_rms,-1,x0_scalar,x0_lambdas,0.0,-1.0,g4-adamw-3570b29d,-,L0:all,24.0,1.0,0.2577619322634368,0.8161896645804103,1.2020361187809958e-07,4.134499675956249e-07,2.847511589152417e-05,0.0042213563708051165,0.6758552129952276,0.2560957876105082
periodic,optim/adamw_v_rms,-1,x0_scalar,x0_lambdas,1.0,-1.0,g4-adamw-3570b29d,-,L0:all,24.0,1.0,0.2341791140736299,0.7082670871864175,1.323908218160263e-07,4.7664352109677566e-07,1.2845465991517807e-05,0.010306424220300562,0.6120631058660371,0.23139409091688087
periodic,optim/adamw_v_rms,-1,x0_scalar,x0_lambdas,2.0,-1.0,g4-adamw-3570b29d,-,L0:all,24.0,1.0,0.2190558517488818,0.7498467116352937,2.602349026408744e-07,1.2077527458131954e-06,1.5155814975287278e-05,0.017170630749003428,0.6648839284529034,0.19654231188931967
periodic,optim/adamw_v_rms,-1,x0_scalar,x0_lambdas,3.0,-1.0,g4-adamw-3570b29d,-,L0:all,24.0,1.0,0.3583776315244811,0.8930354354028589,6.651655268230688e-07,1.3673711123374233e-06,1.0165279087459564e-05,0.0654350481772461,0.6581371636366551,0.3562554876598527
periodic,optim/adamw_v_rms,-1,x0_scalar,x0_lambdas,4.0,-1.0,g4-adamw-3570b29d,-,L0:all,24.0,1.0,0.2830428797737723,0.7798041392744391,3.864744987729779e-07,9.782072538655484e-07,1.0335279057471778e-05,0.03739371686278566,0.5663405866824872,0.27853769403844547
periodic,optim/adamw_v_rms,-1,x0_scalar,x0_lambdas,5.0,-1.0,g4-adamw-3570b29d,-,L0:all,24.0,1.0,0.2831127531468031,0.7231181726893054,3.4373613932728665e-07,1.003969771318225e-06,7.928250761324306e-06,0.04335586116979356,0.7029989443142038,0.27804536765991933
periodic,optim/adamw_v_rms,-1,x0_scalar,x0_lambdas,6.0,-1.0,g4-adamw-3570b29d,-,L0:all,24.0,1.0,0.3728756264163072,0.6593098487361669,6.413052690594785e-07,1.4063825233279204e-06,9.348854450763608e-06,0.06859720326559338,0.539558056198764,0.3615617867752469
periodic,optim/adamw_v_rms,-1,x0_scalar,x0_lambdas,7.0,-1.0,g4-adamw-3570b29d,-,L0:all,24.0,1.0,0.26717929597798085,0.8024313370656092,1.6036074875838144e-06,4.280054554328672e-06,3.4195953008975263e-05,0.04689465701286122,0.29960005551746466,0.2645134699384111
periodic,optim/adamw_v_rms,-1,x0_scalar,x0_lambdas,8.0,-1.0,g4-adamw-3570b29d,-,L0:all,24.0,1.0,0.2470253019134815,0.8117466308675918,1.3616246751032652e-06,4.903096169073251e-06,3.965754208365979e-05,0.03433457051450244,0.3042988693203531,0.23573113338173193
periodic,optim/adamw_v_rms,-1,x0_scalar,x0_lambdas,9.0,-1.0,g4-adamw-3570b29d,-,L0:all,24.0,1.0,0.24275598958271605,0.8732288462725903,1.3575099153485937e-06,4.475394916880759e-06,3.4825295807650035e-05,0.03898057098628839,0.3102110260998946,0.22880004743349872
periodic,optim/adamw_v_rms,-1,x0_scalar,x0_lambdas,10.0,-1.0,g4-adamw-3570b29d,-,L0:all,24.0,1.0,0.2547969405926621,0.8231755681346933,1.5600107334912018e-06,6.150239642011002e-06,4.499518702232308e-05,0.034670613386210546,0.3156787880667007,0.2323674305782869
periodic,optim/adamw_v_rms,-1,x0_scalar,x0_lambdas,11.0,-1.0,g4-adamw-3570b29d,-,L0:all,24.0,1.0,0.27575191062164045,0.8545097532115242,2.4509782153858406e-06,8.38260802993318e-06,4.7561728820255667e-05,0.0515325720107553,0.32979640550899403,0.26993722892066624
periodic,optim/muon_momentum_norm,-1,attn_k,transformer.h.0.attn.c_k.weight,0.0,-1.0,g7-muon-768x768,-,L0:all,24.0,1.0,0.05302839140204192,0.28726675976163063,2.0338620245433743e-05,0.0004143695696257055,0.0004938369820592923,0.04118488688437635,0.1285598486578888,0.05224512109725766
periodic,optim/muon_momentum_norm,-1,attn_k,transformer.h.1.attn.c_k.weight,1.0,-1.0,g7-muon-768x768,-,L0:all,24.0,1.0,0.03652920963003439,0.10577458986909391,1.3502094864836642e-05,0.00038939740625210106,0.0005559059471124781,0.02428845191343982,0.07832739328726214,0.036007143136121036
periodic,optim/muon_momentum_norm,-1,attn_k,transformer.h.10.attn.c_k.weight,10.0,-1.0,g7-muon-768x768,-,L0:all,24.0,1.0,0.12473913994525994,0.3339309167851098,4.1306283497741755e-05,0.0003213838499505073,0.00033339039509883134,0.12389764103880913,0.10365020000952982,0.1352586437480051
periodic,optim/muon_momentum_norm,-1,attn_k,transformer.h.11.attn.c_k.weight,11.0,-1.0,g7-muon-768x768,-,L0:all,24.0,1.0,0.06193199264513348,0.11441824558609182,4.1533794747500907e-05,0.0007442622736562043,0.000752587628085166,0.05518798502332112,0.08293740245385316,0.06015821521100194
periodic,optim/muon_momentum_norm,-1,attn_k,transformer.h.2.attn.c_k.weight,2.0,-1.0,g7-muon-768x768,-,L0:all,24.0,1.0,0.2119147888610507,0.40504047717852315,9.240311625479582e-05,0.0004378870944492519,0.00047862195060588403,0.1930607573217722,0.23164954361947618,0.2072239758301919
periodic,optim/muon_momentum_norm,-1,attn_k,transformer.h.3.attn.c_k.weight,3.0,-1.0,g7-muon-768x768,-,L0:all,24.0,1.0,0.11294100498378212,0.23262739373742614,6.740214756387626e-05,0.0006458490097429603,0.0006481201504357158,0.10399637708928412,0.12049949904290728,0.11226061986032912
periodic,optim/muon_momentum_norm,-1,attn_k,transformer.h.4.attn.c_k.weight,4.0,-1.0,g7-muon-768x768,-,L0:all,24.0,1.0,0.10104988502658205,0.19020677978621472,3.32029819948075e-05,0.0004034043085994199,0.00041616553207859394,0.07978311377439358,0.14748015755435373,0.09049568254851899
periodic,optim/muon_momentum_norm,-1,attn_k,transformer.h.5.attn.c_k.weight,5.0,-1.0,g7-muon-768x768,-,L0:all,24.0,1.0,0.09221566814707896,0.1260977889320649,4.280041433128244e-05,0.0005069544713478535,0.000640033895615488,0.06687210571890644,0.11611800419391298,0.09077001817698016
periodic,optim/muon_momentum_norm,-1,attn_k,transformer.h.6.attn.c_k.weight,6.0,-1.0,g7-muon-768x768,-,L0:all,24.0,1.0,0.07930335456885376,0.21160354144546836,3.221262745660126e-05,0.00046879063302185386,0.0003592763416236267,0.0896597513519184,0.14274373632065632,0.07629011854958129
periodic,optim/muon_momentum_norm,-1,attn_k,transformer.h.7.attn.c_k.weight,7.0,-1.0,g7-muon-768x768,-,L0:all,24.0,1.0,0.04542151007734108,0.16470314790189958,3.676223465929579e-05,0.0008222986361943185,0.001108973671216517,0.03314978129189354,0.10459985113668492,0.04451428516573334
periodic,optim/muon_momentum_norm,-1,attn_k,transformer.h.8.attn.c_k.weight,8.0,-1.0,g7-muon-768x768,-,L0:all,24.0,1.0,0.06004426696968476,0.2403634690184233,2.116883165946048e-05,0.00035745417699217796,0.0003546608262695371,0.05968753832252247,0.08417977173354868,0.059352528914945
periodic,optim/muon_momentum_norm,-1,attn_k,transformer.h.9.attn.c_k.weight,9.0,-1.0,g7-muon-768x768,-,L0:all,24.0,1.0,0.060711695355790615,0.13188907043810885,3.4055981471996684e-05,0.0005708799290005118,0.0008353451179573307,0.0407687562181171,0.10206418133574115,0.05766799475672655
periodic,optim/muon_momentum_norm,-1,attn_out,transformer.h.0.attn.c_proj.weight,0.0,-1.0,g7-muon-768x768,-,L0:all,24.0,1.0,0.058111320369103964,0.1915064866286092,3.2379152675479216e-05,0.0006001587316859514,0.0007994443702045826,0.040502071041157245,0.16775187450488893,0.05529326690677706
periodic,optim/muon_momentum_norm,-1,attn_out,transformer.h.1.attn.c_proj.weight,1.0,-1.0,g7-muon-768x768,-,L0:all,24.0,1.0,0.03710236942830365,0.15412852488670123,2.964239810607569e-05,0.0007325179176405072,0.0009393245709361506,0.03155714118766579,0.1519815342260592,0.036386585538661705
periodic,optim/muon_momentum_norm,-1,attn_out,transformer.h.10.attn.c_proj.weight,10.0,-1.0,g7-muon-768x768,-,L0:all,24.0,1.0,0.08500704949865082,0.2455079260368379,6.736828919946518e-05,0.0008320317720063031,0.0003472639305982738,0.19399736990651933,0.21390526278372696,0.08257856765795997
periodic,optim/muon_momentum_norm,-1,attn_out,transformer.h.11.attn.c_proj.weight,11.0,-1.0,g7-muon-768x768,-,L0:all,24.0,1.0,0.13327417154736954,0.2441319646655155,0.00026298061764280843,0.0019406644278205931,0.0006479604053311048,0.4058590856464857,0.14541980978012323,0.12862909553338156
periodic,optim/muon_momentum_norm,-1,attn_out,transformer.h.2.attn.c_proj.weight,2.0,-1.0,g7-muon-768x768,-,L0:all,24.0,1.0,0.03094278695581242,0.16182632749696327,2.549019972347608e-05,0.0008591061632614583,0.0007367321348283439,0.03459900623096237,0.15254809462781202,0.028654443194666146
periodic,optim/muon_momentum_norm,-1,attn_out,transformer.h.3.attn.c_proj.weight,3.0,-1.0,g7-muon-768x768,-,L0:all,24.0,1.0,0.04147793266090155,0.1518794142661731,3.317709986433921e-05,0.0008035543432924896,0.000867083907360211,0.038262848131209184,0.11814406483069559,0.04038385046698598
periodic,optim/muon_momentum_norm,-1,attn_out,transformer.h.4.attn.c_proj.weight,4.0,-1.0,g7-muon-768x768,-,L0:all,24.0,1.0,0.061393043261830815,0.24895686378188736,5.539179281283406e-05,0.0008179828291758895,0.0007770942815113811,0.07128065941381245,0.24051722480129098,0.05718254196001784
periodic,optim/muon_momentum_norm,-1,attn_out,transformer.h.5.attn.c_proj.weight,5.0,-1.0,g7-muon-768x768,-,L0:all,24.0,1.0,0.036753394962654354,0.17202074037853826,2.996209463002209e-05,0.0008726388041395694,0.0009323065285570919,0.03213760036239765,0.09167234972591957,0.02994896324990532
periodic,optim/muon_momentum_norm,-1,attn_out,transformer.h.6.attn.c_proj.weight,6.0,-1.0,g7-muon-768x768,-,L0:all,24.0,1.0,0.051781784100186204,0.28443248084194617,4.6994204600181596e-05,0.0009287556167691946,0.0006773013679776342,0.06938448203715046,0.22704780308089878,0.05033773153164132
periodic,optim/muon_momentum_norm,-1,attn_out,transformer.h.7.attn.c_proj.weight,7.0,-1.0,g7-muon-768x768,-,L0:all,24.0,1.0,0.0949288258488227,0.21118782598945396,0.00010073587026539984,0.0010701571591198444,0.0008060035470407452,0.1249819192921088,0.11963044280582337,0.09153008423927764
periodic,optim/muon_momentum_norm,-1,attn_out,transformer.h.8.attn.c_proj.weight,8.0,-1.0,g7-muon-768x768,-,L0:all,24.0,1.0,0.050055713429367585,0.21794445154327255,3.583297928862196e-05,0.000793616141891107,0.0004180693009402603,0.08571062072252535,0.13590558893239113,0.042808281974197025
periodic,optim/muon_momentum_norm,-1,attn_out,transformer.h.9.attn.c_proj.weight,9.0,-1.0,g7-muon-768x768,-,L0:all,24.0,1.0,0.07032814072318318,0.1685189761300261,8.416617534982562e-05,0.001193583884742111,0.0007992541650310154,0.10530589521114289,0.1293320140580989,0.06467979851780144
periodic,optim/muon_momentum_norm,-1,attn_q,transformer.h.0.attn.c_q.weight,0.0,-1.0,g7-muon-768x768,-,L0:all,24.0,1.0,0.05261437386653811,0.17752913128219522,1.9924062171699576e-05,0.00038998175296001136,0.00048058943648356925,0.04145755328598604,0.15598500268357815,0.05182426427517882
periodic,optim/muon_momentum_norm,-1,attn_q,transformer.h.1.attn.c_q.weight,1.0,-1.0,g7-muon-768x768,-,L0:all,24.0,1.0,0.029486089198212048,0.07176557417145635,1.1015849556983809e-05,0.000401252691517584,0.0005562445439863948,0.01980396873295578,0.05193847863368752,0.02901131858824572
periodic,optim/muon_momentum_norm,-1,attn_q,transformer.h.10.attn.c_q.weight,10.0,-1.0,g7-muon-768x768,-,L0:all,24.0,1.0,0.11975108703978658,0.4809860158464548,4.531879936842841e-05,0.0003879861469613388,0.00036478479451034206,0.12423434323588171,0.10550911662194458,0.12138215490709556
periodic,optim/muon_momentum_norm,-1,attn_q,transformer.h.11.attn.c_q.weight,11.0,-1.0,g7-muon-768x768,-,L0:all,24.0,1.0,0.09681257598612418,0.2005894214826025,6.424753043434972e-05,0.0008245118951890618,0.0007477147679310289,0.08592518589959972,0.11090262587834958,0.09649953200016723
periodic,optim/muon_momentum_norm,-1,attn_q,transformer.h.2.attn.c_q.weight,2.0,-1.0,g7-muon-768x768,-,L0:all,24.0,1.0,0.2556620175812777,0.6026346201330973,0.0001261880947231474,0.0004889730626018718,0.0005448673415230585,0.23159416082897527,0.2841490580780295,0.25339177843735783
periodic,optim/muon_momentum_norm,-1,attn_q,transformer.h.3.attn.c_q.weight,3.0,-1.0,g7-muon-768x768,-,L0:all,24.0,1.0,0.1276420503229816,0.2512792445983442,7.69711545099998e-05,0.0006515377899631858,0.0006771704502170903,0.11366584954397234,0.2037009346940005,0.12625863613927193
periodic,optim/muon_momentum_norm,-1,attn_q,transformer.h.4.attn.c_q.weight,4.0,-1.0,g7-muon-768x768,-,L0:all,24.0,1.0,0.11812451808626431,0.2982453425711335,4.713932655658972e-05,0.0004366741341073066,0.00047263957967516026,0.09973630771461849,0.19930034359941923,0.1084215908489845
periodic,optim/muon_momentum_norm,-1,attn_q,transformer.h.5.attn.c_q.weight,5.0,-1.0,g7-muon-768x768,-,L0:all,24.0,1.0,0.06016754190240114,0.1243355727329507,3.1272101382940795e-05,0.0005422478425316513,0.0006410310947103423,0.0487840631148657,0.11452731096670712,0.05611924861644491
periodic,optim/muon_momentum_norm,-1,attn_q,transformer.h.6.attn.c_q.weight,6.0,-1.0,g7-muon-768x768,-,L0:all,24.0,1.0,0.0830272924969312,0.3996460945892117,3.466110875669874e-05,0.0005227791261859238,0.00039459009421989323,0.0878407979937356,0.1723536448393118,0.06803051140783965
periodic,optim/muon_momentum_norm,-1,attn_q,transformer.h.7.attn.c_q.weight,7.0,-1.0,g7-muon-768x768,-,L0:all,24.0,1.0,0.05983037845803686,0.3137409525038916,4.612128949035376e-05,0.00080757966497913,0.0012394148914609097,0.037212147286684746,0.1121320312385076,0.05854283616943145
periodic,optim/muon_momentum_norm,-1,attn_q,transformer.h.8.attn.c_q.weight,8.0,-1.0,g7-muon-768x768,-,L0:all,24.0,1.0,0.060805384209546134,0.23792455208571153,2.1660397007991172e-05,0.00041938376671168953,0.00038247163756750525,0.05663268823212589,0.06867249493882524,0.05900474782343617
periodic,optim/muon_momentum_norm,-1,attn_q,transformer.h.9.attn.c_q.weight,9.0,-1.0,g7-muon-768x768,-,L0:all,24.0,1.0,0.06442147076042541,0.18908133472351746,4.369687546080934e-05,0.0006332040356937796,0.0008232691790908571,0.0530772638774892,0.10816201618119382,0.06367481345388112
periodic,optim/muon_momentum_norm,-1,attn_v,transformer.h.0.attn.c_v.weight,0.0,-1.0,g7-muon-768x768,-,L0:all,24.0,1.0,0.06520218521146916,0.21993517158141257,2.8743496367113365e-05,0.0005121495632920414,0.000628433938254602,0.045738294222213545,0.2101760605381363,0.05510235113611799
periodic,optim/muon_momentum_norm,-1,attn_v,transformer.h.1.attn.c_v.weight,1.0,-1.0,g7-muon-768x768,-,L0:all,24.0,1.0,0.055945891194451876,0.3096179656541202,3.0781529596546754e-05,0.000606336776399985,0.0006997693388257175,0.04398810849329469,0.23471831395591028,0.05092461576207946
periodic,optim/muon_momentum_norm,-1,attn_v,transformer.h.10.attn.c_v.weight,10.0,-1.0,g7-muon-768x768,-,L0:all,24.0,1.0,0.08351332620910717,0.26954359128879085,6.716700298148995e-05,0.0008831432496663183,0.0006037810875568538,0.11124396634097174,0.1371085544520469,0.07981289691017511
periodic,optim/muon_momentum_norm,-1,attn_v,transformer.h.11.attn.c_v.weight,11.0,-1.0,g7-muon-768x768,-,L0:all,24.0,1.0,0.07874788250448203,0.21604815694889656,8.001541686214535e-05,0.0008320840424858034,0.0009809396113269033,0.08157017612318623,0.15157621507433156,0.07597056646266934
periodic,optim/muon_momentum_norm,-1,attn_v,transformer.h.2.attn.c_v.weight,2.0,-1.0,g7-muon-768x768,-,L0:all,24.0,1.0,0.052037327363353265,0.20578304627531593,4.9642261749821955e-05,0.0007878872274886817,0.000742198305670172,0.06688544203155679,0.2039806747307722,0.04906701226479538
periodic,optim/muon_momentum_norm,-1,attn_v,transformer.h.3.attn.c_v.weight,3.0,-1.0,g7-muon-768x768,-,L0:all,24.0,1.0,0.0992213589658083,0.2765244398432919,8.708487151281871e-05,0.0009601617639418691,0.000839607836678624,0.10372088933485278,0.26571783280124056,0.09296722913776588
periodic,optim/muon_momentum_norm,-1,attn_v,transformer.h.4.attn.c_v.weight,4.0,-1.0,g7-muon-768x768,-,L0:all,24.0,1.0,0.07421886023366311,0.2827594233643132,6.939551532923567e-05,0.0009823505533859134,0.0008019120141398161,0.08653756784486376,0.2110981379090489,0.06574775570375004
periodic,optim/muon_momentum_norm,-1,attn_v,transformer.h.5.attn.c_v.weight,5.0,-1.0,g7-muon-768x768,-,L0:all,24.0,1.0,0.07113074705987762,0.24264754300345703,5.769365774171412e-05,0.0009133430139627308,0.00068373330286704,0.08438035342112526,0.20836227505765972,0.06608665241782821
periodic,optim/muon_momentum_norm,-1,attn_v,transformer.h.6.attn.c_v.weight,6.0,-1.0,g7-muon-768x768,-,L0:all,24.0,1.0,0.07145770127576109,0.2591923634088182,6.412849419073332e-05,0.0009440502617508173,0.0006573622347787023,0.09755427190355992,0.1986305604799407,0.06901172308585796
periodic,optim/muon_momentum_norm,-1,attn_v,transformer.h.7.attn.c_v.weight,7.0,-1.0,g7-muon-768x768,-,L0:all,24.0,1.0,0.05356218570614271,0.22000659447655377,5.1108556924757626e-05,0.000912961462745443,0.0006244282703846693,0.08184856347595056,0.15900626378906899,0.051000266743777584
periodic,optim/muon_momentum_norm,-1,attn_v,transformer.h.8.attn.c_v.weight,8.0,-1.0,g7-muon-768x768,-,L0:all,24.0,1.0,0.0629051791089187,0.22011063954814866,5.9490962467842744e-05,0.0008904343703761697,0.0005999812157824634,0.0991547083524237,0.1492902889198477,0.061663346605112745
periodic,optim/muon_momentum_norm,-1,attn_v,transformer.h.9.attn.c_v.weight,9.0,-1.0,g7-muon-768x768,-,L0:all,24.0,1.0,0.056251094372946356,0.24656133484011486,3.589230719256357e-05,0.000669715809635818,0.0005322525248629971,0.06743473354457515,0.20252357190784223,0.04893973036646736
periodic,optim/muon_momentum_norm,-1,mlp_in,transformer.h.0.mlp.c_fc.weight,0.0,-1.0,g9-muon-3072x768,-,L0:all,24.0,1.0,0.04915252794229938,0.15769947382183422,3.094479474509048e-05,0.0007583580154459924,0.0007845158805139362,0.03944444658636935,0.10380165318336393,0.047878766124036125
periodic,optim/muon_momentum_norm,-1,mlp_in,transformer.h.1.mlp.c_fc.weight,1.0,-1.0,g9-muon-3072x768,-,L0:all,24.0,1.0,0.03835586453974039,0.14259643412533188,3.3362046694264066e-05,0.0009406796598341316,0.0009443140530493112,0.03532939765805003,0.1386783986153638,0.03825407925344493
periodic,optim/muon_momentum_norm,-1,mlp_in,transformer.h.10.mlp.c_fc.weight,10.0,-1.0,g9-muon-3072x768,-,L0:all,24.0,1.0,0.035613074800659006,0.17144681901979142,4.4974898034948345e-05,0.0012489801738411188,0.001254263310693204,0.035857620685796586,0.12354514913171112,0.03122146132489944
periodic,optim/muon_momentum_norm,-1,mlp_in,transformer.h.11.mlp.c_fc.weight,11.0,-1.0,g9-muon-3072x768,-,L0:all,24.0,1.0,0.11027662602671272,0.2987394853822836,0.00014880955659774732,0.0017250977107323706,0.0013887463253922758,0.10715387963724293,0.15715259218440358,0.1096906913579515
periodic,optim/muon_momentum_norm,-1,mlp_in,transformer.h.2.mlp.c_fc.weight,2.0,-1.0,g9-muon-3072x768,-,L0:all,24.0,1.0,0.037926443405520385,0.15400730458168987,4.306243223258683e-05,0.0010426590451970696,0.0009929614257998764,0.043367678858116814,0.14771296574833281,0.037649082829729154
periodic,optim/muon_momentum_norm,-1,mlp_in,transformer.h.3.mlp.c_fc.weight,3.0,-1.0,g9-muon-3072x768,-,L0:all,24.0,1.0,0.030253463745486684,0.1691585351846413,3.9408042982475245e-05,0.0011770857381634414,0.0011490622942801564,0.03429582815365365,0.13997951556940516,0.029718517289659793
periodic,optim/muon_momentum_norm,-1,mlp_in,transformer.h.4.mlp.c_fc.weight,4.0,-1.0,g9-muon-3072x768,-,L0:all,24.0,1.0,0.03370158181919718,0.1729624112455927,3.80269720129023e-05,0.001131521596107632,0.0011721037328243254,0.03244335031786967,0.1553808359417316,0.027003054065556434
periodic,optim/muon_momentum_norm,-1,mlp_in,transformer.h.5.mlp.c_fc.weight,5.0,-1.0,g9-muon-3072x768,-,L0:all,24.0,1.0,0.018692133955436563,0.1647355133174844,2.4757432021806425e-05,0.001107460935600102,0.0012222906691022218,0.020254946427751816,0.15000911879495088,0.016496849910807118
periodic,optim/muon_momentum_norm,-1,mlp_in,transformer.h.6.mlp.c_fc.weight,6.0,-1.0,g9-muon-3072x768,-,L0:all,24.0,1.0,0.03285817555208428,0.1663311872543534,4.061069092435174e-05,0.0010814039269462228,0.0012770451197866351,0.03180051377600257,0.14755048053297037,0.031433718889785925
periodic,optim/muon_momentum_norm,-1,mlp_in,transformer.h.7.mlp.c_fc.weight,7.0,-1.0,g9-muon-3072x768,-,L0:all,24.0,1.0,0.03206090584118193,0.16482449777309785,3.743925094942966e-05,0.001203204970806837,0.0010762452497147022,0.03478691400436312,0.08853003801078588,0.031980972747141956
periodic,optim/muon_momentum_norm,-1,mlp_in,transformer.h.8.mlp.c_fc.weight,8.0,-1.0,g9-muon-3072x768,-,L0:all,24.0,1.0,0.024182599901077892,0.1525085276849004,2.9290305263326856e-05,0.0011574397794902325,0.0011151508602779358,0.026265778296603436,0.09684222703706151,0.02328458741017153
periodic,optim/muon_momentum_norm,-1,mlp_in,transformer.h.9.mlp.c_fc.weight,9.0,-1.0,g9-muon-3072x768,-,L0:all,24.0,1.0,0.031843646992915496,0.1609950900989621,2.7923286300989423e-05,0.0011752176214940846,0.001102896232623607,0.025318144604197772,0.1155329365205361,0.026402998447465617
periodic,optim/muon_momentum_norm,-1,mlp_out,transformer.h.0.mlp.c_proj.weight,0.0,-1.0,g8-muon-768x3072,-,L0:all,24.0,1.0,0.03897084502960929,0.16300006001395848,3.8767872206938635e-05,0.0010624286951497197,0.0015495219500735397,0.025019246874882106,0.1394490139551154,0.036304144701017595
periodic,optim/muon_momentum_norm,-1,mlp_out,transformer.h.1.mlp.c_proj.weight,1.0,-1.0,g8-muon-768x3072,-,L0:all,24.0,1.0,0.09611316964058929,0.16694920732713664,0.00015076973140267462,0.001470788149163127,0.0014791744761168955,0.10192829435407298,0.12820139397087255,0.09611179341138239
periodic,optim/muon_momentum_norm,-1,mlp_out,transformer.h.10.mlp.c_proj.weight,10.0,-1.0,g8-muon-768x3072,-,L0:all,24.0,1.0,0.14468595504542814,0.5339001578770216,0.0002690875578127397,0.0017774183652363718,0.0012238595285452903,0.21986800898023304,0.10010486157267418,0.16054139770186424
periodic,optim/muon_momentum_norm,-1,mlp_out,transformer.h.11.mlp.c_proj.weight,11.0,-1.0,g8-muon-768x3072,-,L0:all,24.0,1.0,0.1692059136858694,0.32795838021546875,0.001163068990004346,0.006896553095430136,0.006813303800299764,0.1707055819165402,0.11070639382674842,0.17692478529976613
periodic,optim/muon_momentum_norm,-1,mlp_out,transformer.h.2.mlp.c_proj.weight,2.0,-1.0,g8-muon-768x3072,-,L0:all,24.0,1.0,0.07033871902881389,0.1590119468937307,6.929448553101903e-05,0.0010943778324872255,0.0011403883981984109,0.06076393414777866,0.1273757504088013,0.07011038171742877
periodic,optim/muon_momentum_norm,-1,mlp_out,transformer.h.3.mlp.c_proj.weight,3.0,-1.0,g8-muon-768x3072,-,L0:all,24.0,1.0,0.21409249412326686,0.2882109967184133,0.0002992982372463044,0.001390879915561527,0.0013323491963092237,0.22463948496039812,0.1529669401608297,0.21936160477701086
periodic,optim/muon_momentum_norm,-1,mlp_out,transformer.h.4.mlp.c_proj.weight,4.0,-1.0,g8-muon-768x3072,-,L0:all,24.0,1.0,0.24803894505485027,0.30443812443031554,0.0003391915318076966,0.001557312032673508,0.0018698095460422336,0.18140432137896212,0.14829931362817184,0.25676011441902313
periodic,optim/muon_momentum_norm,-1,mlp_out,transformer.h.5.mlp.c_proj.weight,5.0,-1.0,g8-muon-768x3072,-,L0:all,24.0,1.0,0.0982949413125378,0.17172174713806018,0.00011201107372172767,0.00132402015151456,0.0012006648757960647,0.09329087239889657,0.15212838392198538,0.08648099731823891
periodic,optim/muon_momentum_norm,-1,mlp_out,transformer.h.6.mlp.c_proj.weight,6.0,-1.0,g8-muon-768x3072,-,L0:all,24.0,1.0,0.2500225179195966,0.32167772517473864,0.00028164169015413757,0.0012025837786495686,0.0011075551796238868,0.25429133946155164,0.13796292431988103,0.26145178800940033
periodic,optim/muon_momentum_norm,-1,mlp_out,transformer.h.7.mlp.c_proj.weight,7.0,-1.0,g8-muon-768x3072,-,L0:all,24.0,1.0,0.057212185917059344,0.20363872590709267,7.353564912931804e-05,0.001220024423673749,0.0011555941542610525,0.06363449387327559,0.09619829139072084,0.05503914812160902
periodic,optim/muon_momentum_norm,-1,mlp_out,transformer.h.8.mlp.c_proj.weight,8.0,-1.0,g8-muon-768x3072,-,L0:all,24.0,1.0,0.03941586313019234,0.19598858012674092,3.777195020833209e-05,0.0012038785498589277,0.0011573689233046025,0.03263605013730878,0.10368482868797645,0.02840496294514236
periodic,optim/muon_momentum_norm,-1,mlp_out,transformer.h.9.mlp.c_proj.weight,9.0,-1.0,g8-muon-768x3072,-,L0:all,24.0,1.0,0.10261861415434889,0.2799815859331241,0.0001855768696221839,0.0014396935002878308,0.0011046196625102312,0.16800069374146692,0.10663098090443635,0.09860624740426142
periodic,optim/muon_momentum_norm,-1,ve_gate,transformer.h.1.attn.ve_gate.weight,1.0,-1.0,g6-muon-6x12,-,L0:all,24.0,1.0,0.18278151064095474,0.5456586912577817,1.2503160972891252e-05,8.416339551331475e-05,0.00012626006719074204,0.09902704197046427,0.35959263708484107,0.14944377395967096
periodic,optim/muon_momentum_norm,-1,ve_gate,transformer.h.11.attn.ve_gate.weight,11.0,-1.0,g6-muon-6x12,-,L0:all,24.0,1.0,0.5133838184899091,1.0821344569146025,4.180907852511115e-05,7.862882557674311e-05,6.815337874286342e-05,0.6134556979611099,0.5370156968010212,0.5039501196532382
periodic,optim/muon_momentum_norm,-1,ve_gate,transformer.h.3.attn.ve_gate.weight,3.0,-1.0,g6-muon-6x12,-,L0:all,24.0,1.0,0.2156924607521065,0.4187189316941648,1.805569893515498e-05,8.419227378908545e-05,0.00014309157049865453,0.12618282734778397,0.18645001125984023,0.217087666472312
periodic,optim/muon_momentum_norm,-1,ve_gate,transformer.h.5.attn.ve_gate.weight,5.0,-1.0,g6-muon-6x12,-,L0:all,24.0,1.0,0.24577787499609477,0.5957502418301988,3.083655269674431e-05,0.00011127254401799291,0.00012164471700089045,0.25349685096902796,0.2511784404009551,0.23236643612080946
periodic,optim/muon_momentum_norm,-1,ve_gate,transformer.h.7.attn.ve_gate.weight,7.0,-1.0,g6-muon-6x12,-,L0:all,24.0,1.0,0.4150118180467879,0.7843559472114012,3.247520554767918e-05,7.760680819046684e-05,5.54081689188024e-05,0.5861086222731849,0.5461800942355209,0.4113766546488231
periodic,optim/muon_momentum_norm,-1,ve_gate,transformer.h.9.attn.ve_gate.weight,9.0,-1.0,g6-muon-6x12,-,L0:all,24.0,1.0,0.3406235206099976,0.6413687038540822,2.7870009901833438e-05,7.594205817440525e-05,0.00011851566850964442,0.23515886340012052,0.3210472971845761,0.3538543264170103
periodic,optim/muon_momentum_rms,-1,attn_k,transformer.h.0.attn.c_k.weight,0.0,-1.0,g7-muon-768x768,-,L0:all,24.0,1.0,0.05302838295671399,0.28726681786281927,2.6482577356958402e-08,5.395437199240405e-07,6.430168298265922e-07,0.04118488992597625,0.12855985818704765,0.05224515704065009
periodic,optim/muon_momentum_rms,-1,attn_k,transformer.h.1.attn.c_k.weight,1.0,-1.0,g7-muon-768x768,-,L0:all,24.0,1.0,0.036529212717202574,0.10577458089815876,1.758085860629001e-08,5.070278632501868e-07,7.238358705308197e-07,0.024288460025333112,0.07832737683703353,0.03600713107470323
periodic,optim/muon_momentum_rms,-1,attn_k,transformer.h.10.attn.c_k.weight,10.0,-1.0,g7-muon-768x768,-,L0:all,24.0,1.0,0.12473914738182784,0.3339308822568563,5.378422828152886e-08,4.1846855936000793e-07,4.3410207695160336e-07,0.12389765250426361,0.1036502358759276,0.1352586406691828
periodic,optim/muon_momentum_rms,-1,attn_k,transformer.h.11.attn.c_k.weight,11.0,-1.0,g7-muon-768x768,-,L0:all,24.0,1.0,0.06193197405301788,0.11441824827298172,5.4080463141329344e-08,9.69091502156516e-07,9.799317695069472e-07,0.055187988413254466,0.08293740448391809,0.06015821290307933
periodic,optim/muon_momentum_rms,-1,attn_k,transformer.h.2.attn.c_k.weight,2.0,-1.0,g7-muon-768x768,-,L0:all,24.0,1.0,0.21191477357732336,0.40504045203377,1.2031655518337536e-07,5.701654970380332e-07,6.232056819044371e-07,0.19306074812364243,0.2316495526885589,0.2072239492687942
periodic,optim/muon_momentum_rms,-1,attn_k,transformer.h.3.attn.c_k.weight,3.0,-1.0,g7-muon-768x768,-,L0:all,24.0,1.0,0.11294100352888939,0.23262738176362377,8.776320211565164e-08,8.409492409100494e-07,8.439064458798384e-07,0.10399636422275652,0.1204995359974473,0.11226060795871207
periodic,optim/muon_momentum_rms,-1,attn_k,transformer.h.4.attn.c_k.weight,4.0,-1.0,g7-muon-768x768,-,L0:all,24.0,1.0,0.101049853153588,0.1902068052835476,4.3233049585524594e-08,5.252660173482582e-07,5.418822183855808e-07,0.07978311175134697,0.14748019802164844,0.09049568957167815
periodic,optim/muon_momentum_rms,-1,attn_k,transformer.h.5.attn.c_k.weight,5.0,-1.0,g7-muon-768x768,-,L0:all,24.0,1.0,0.0922157055628673,0.1260978087059152,5.572970575533221e-08,6.600969584269478e-07,8.333774701441141e-07,0.06687210508066051,0.11611803706252186,0.09076999473013468
periodic,optim/muon_momentum_rms,-1,attn_k,transformer.h.6.attn.c_k.weight,6.0,-1.0,g7-muon-768x768,-,L0:all,24.0,1.0,0.07930336650573672,0.21160354936562809,4.1943545859936064e-08,6.104044700805389e-07,4.6780770333043617e-07,0.0896598015837059,0.1427437194627878,0.0762901187486476
periodic,optim/muon_momentum_rms,-1,attn_k,transformer.h.7.attn.c_k.weight,7.0,-1.0,g7-muon-768x768,-,L0:all,24.0,1.0,0.0454215279310288,0.16470314099000039,4.78675268189231e-08,1.070701330263546e-06,1.443976049131378e-06,0.033149806638217955,0.10459986929993911,0.04451431785587983
periodic,optim/muon_momentum_rms,-1,attn_k,transformer.h.8.attn.c_k.weight,8.0,-1.0,g7-muon-768x768,-,L0:all,24.0,1.0,0.06004426581035183,0.2403634752813152,2.7563582525813106e-08,4.6543513576580153e-07,4.617979868726251e-07,0.05968753288094302,0.08417974614201985,0.05935255556797498
periodic,optim/muon_momentum_rms,-1,attn_k,transformer.h.9.attn.c_k.weight,9.0,-1.0,g7-muon-768x768,-,L0:all,24.0,1.0,0.06071166750610892,0.13188908338331976,4.434373667414353e-08,7.433332314121799e-07,1.0876889575683884e-06,0.0407687660756227,0.10206420494755573,0.05766798066112304
periodic,optim/muon_momentum_rms,-1,attn_out,transformer.h.0.attn.c_proj.weight,0.0,-1.0,g7-muon-768x768,-,L0:all,24.0,1.0,0.05811130661172851,0.19150652715161978,4.2160350425185116e-08,7.814567197783617e-07,1.0409431922653306e-06,0.040502066528178685,0.1677518851466408,0.05529325226856898
periodic,optim/muon_momentum_rms,-1,attn_out,transformer.h.1.attn.c_proj.weight,1.0,-1.0,g7-muon-768x768,-,L0:all,24.0,1.0,0.037102361588568666,0.15412855662835181,3.859686832486135e-08,9.537993719277438e-07,1.2230788058786852e-06,0.03155713935957918,0.1519815185024874,0.036386596867792956
periodic,optim/muon_momentum_rms,-1,attn_out,transformer.h.10.attn.c_proj.weight,10.0,-1.0,g7-muon-768x768,-,L0:all,24.0,1.0,0.08500703373901015,0.2455079447055303,8.771914001792229e-08,1.0833747410288197e-06,4.5216652324597815e-07,0.1939974224279385,0.21390524056592736,0.08257858960724819
periodic,optim/muon_momentum_rms,-1,attn_out,transformer.h.11.attn.c_proj.weight,11.0,-1.0,g7-muon-768x768,-,L0:all,24.0,1.0,0.13327415129374987,0.24413198511997222,3.424226913830869e-07,2.5269067691624514e-06,8.436985126536453e-07,0.4058590672467596,0.14541977594808508,0.12862911780307099
periodic,optim/muon_momentum_rms,-1,attn_out,transformer.h.2.attn.c_proj.weight,2.0,-1.0,g7-muon-768x768,-,L0:all,24.0,1.0,0.03094278378837838,0.16182634330185566,3.3190363367546536e-08,1.1186278925379156e-06,9.59286592205899e-07,0.03459900684239172,0.15254808752517157,0.02865444469626192
periodic,optim/muon_momentum_rms,-1,attn_out,transformer.h.3.attn.c_proj.weight,3.0,-1.0,g7-muon-768x768,-,L0:all,24.0,1.0,0.041477911416051325,0.15187944435125694,4.319934440347559e-08,1.0462947557243751e-06,1.1290154702692232e-06,0.038262845409172595,0.1181441092669543,0.04038384003201986
periodic,optim/muon_momentum_rms,-1,attn_out,transformer.h.4.attn.c_proj.weight,4.0,-1.0,g7-muon-768x768,-,L0:all,24.0,1.0,0.06139304591257558,0.24895687635255478,7.212474977275113e-08,1.0650817898749665e-06,1.0118414536464116e-06,0.07128068287065371,0.24051720838653998,0.05718254276042194
periodic,optim/muon_momentum_rms,-1,attn_out,transformer.h.5.attn.c_proj.weight,5.0,-1.0,g7-muon-768x768,-,L0:all,24.0,1.0,0.036753389027071696,0.17202073176144198,3.901318091105326e-08,1.1362484997334832e-06,1.2139407886024853e-06,0.03213763082791383,0.091672374990139,0.029948920275600713
periodic,optim/muon_momentum_rms,-1,attn_out,transformer.h.6.attn.c_proj.weight,6.0,-1.0,g7-muon-768x768,-,L0:all,24.0,1.0,0.051781802768382464,0.2844325306073937,6.119037377108044e-08,1.2093171903870825e-06,8.81902860783157e-07,0.06938448268184717,0.227047850500176,0.050337729017365856
periodic,optim/muon_momentum_rms,-1,attn_out,transformer.h.7.attn.c_proj.weight,7.0,-1.0,g7-muon-768x768,-,L0:all,24.0,1.0,0.09492882852565519,0.21118777513024486,1.3116647394553983e-07,1.3934338198851037e-06,1.0494837738406198e-06,0.12498189797211622,0.11963041660872306,0.09153006454966237
periodic,optim/muon_momentum_rms,-1,attn_out,transformer.h.8.attn.c_proj.weight,8.0,-1.0,g7-muon-768x768,-,L0:all,24.0,1.0,0.05005570460841975,0.21794442037416392,4.665751538706278e-08,1.0333543514207122e-06,5.443611087230238e-07,0.08571059658636004,0.13590558340088343,0.0428082684460555
periodic,optim/muon_momentum_rms,-1,attn_out,transformer.h.9.attn.c_proj.weight,9.0,-1.0,g7-muon-768x768,-,L0:all,24.0,1.0,0.07032815881589874,0.1685189736077048,1.0959138609679375e-07,1.554145683257957e-06,1.0406956562292175e-06,0.10530589364990663,0.12933203673339522,0.06467975812540289
periodic,optim/muon_momentum_rms,-1,attn_q,transformer.h.0.attn.c_q.weight,0.0,-1.0,g7-muon-768x768,-,L0:all,24.0,1.0,0.05261436046750311,0.17752916538522232,2.594278909897685e-08,5.077887408333481e-07,6.257674499465791e-07,0.041457555999743274,0.1559850131117859,0.051824259507685086
periodic,optim/muon_momentum_rms,-1,attn_q,transformer.h.1.attn.c_q.weight,1.0,-1.0,g7-muon-768x768,-,L0:all,24.0,1.0,0.029486098871172456,0.07176552394243749,1.4343557904272602e-08,5.224644610279938e-07,7.242767907200683e-07,0.019803972856858202,0.05193848609099317,0.029011318473644195
periodic,optim/muon_momentum_rms,-1,attn_q,transformer.h.10.attn.c_q.weight,10.0,-1.0,g7-muon-768x768,-,L0:all,24.0,1.0,0.11975110089022938,0.4809859836111233,5.9008861621914825e-08,5.051902860486734e-07,4.749802087644637e-07,0.12423435868077722,0.10550911705033725,0.12138216181323344
periodic,optim/muon_momentum_rms,-1,attn_q,transformer.h.11.attn.c_q.weight,11.0,-1.0,g7-muon-768x768,-,L0:all,24.0,1.0,0.09681258653309857,0.20058941239056502,8.365563118828534e-08,1.0735831779129512e-06,9.735868900406783e-07,0.08592518248144246,0.1109025943146674,0.09649954826768328
periodic,optim/muon_momentum_rms,-1,attn_q,transformer.h.2.attn.c_q.weight,2.0,-1.0,g7-muon-768x768,-,L0:all,24.0,1.0,0.2556619937753926,0.6026345857716372,1.6430740788323787e-07,6.366836942106602e-07,7.094626738535223e-07,0.231594154193884,0.28414907270980083,0.25339178350995484
periodic,optim/muon_momentum_rms,-1,attn_q,transformer.h.3.attn.c_q.weight,3.0,-1.0,g7-muon-768x768,-,L0:all,24.0,1.0,0.12764204982045868,0.2512792333011481,1.0022286319440447e-07,8.483565636652202e-07,8.817323703169675e-07,0.1136658543661906,0.20370091386972258,0.12625864658287692
periodic,optim/muon_momentum_rms,-1,attn_q,transformer.h.4.attn.c_q.weight,4.0,-1.0,g7-muon-768x768,-,L0:all,24.0,1.0,0.11812452057260775,0.2982453268629496,6.13793493712073e-08,5.685861310666951e-07,6.154161610538722e-07,0.09973633007312963,0.19930032759455382,0.10842160415279017
periodic,optim/muon_momentum_rms,-1,attn_q,transformer.h.5.attn.c_q.weight,5.0,-1.0,g7-muon-768x768,-,L0:all,24.0,1.0,0.06016753182722734,0.12433556923389485,4.0718886454889613e-08,7.060518498747115e-07,8.346759045707584e-07,0.04878406844130689,0.11452730855862497,0.05611924371645061
periodic,optim/muon_momentum_rms,-1,attn_q,transformer.h.6.attn.c_q.weight,6.0,-1.0,g7-muon-768x768,-,L0:all,24.0,1.0,0.08302730164782918,0.39964618589387,4.51316516200172e-08,6.807020156429644e-07,5.137891918138848e-07,0.08784079606790504,0.17235367604651503,0.06803050606872099
periodic,optim/muon_momentum_rms,-1,attn_q,transformer.h.7.attn.c_q.weight,7.0,-1.0,g7-muon-768x768,-,L0:all,24.0,1.0,0.059830369788904623,0.31374102415331456,6.005375878291029e-08,1.051535946317017e-06,1.613821575574547e-06,0.03721214271257352,0.1121319999505553,0.05854283172034204
periodic,optim/muon_momentum_rms,-1,attn_q,transformer.h.8.attn.c_q.weight,8.0,-1.0,g7-muon-768x768,-,L0:all,24.0,1.0,0.06080538271889127,0.23792453682564318,2.8203635407513445e-08,5.460726129058457e-07,4.980099618023814e-07,0.056632673180752796,0.06867251460687394,0.05900473862576129
periodic,optim/muon_momentum_rms,-1,attn_q,transformer.h.9.attn.c_q.weight,9.0,-1.0,g7-muon-768x768,-,L0:all,24.0,1.0,0.06442146615159523,0.18908132671298913,5.689697961301692e-08,8.244843741067598e-07,1.0719650390456076e-06,0.05307727168385404,0.1081620506042156,0.06367480193800637
periodic,optim/muon_momentum_rms,-1,attn_v,transformer.h.0.attn.c_v.weight,0.0,-1.0,g7-muon-768x768,-,L0:all,24.0,1.0,0.06520218914368586,0.21993518191458136,3.742641717058162e-08,6.668613821148028e-07,8.182734006823011e-07,0.045738279087862745,0.21017606425408464,0.05510233769050247
periodic,optim/muon_momentum_rms,-1,attn_v,transformer.h.1.attn.c_v.weight,1.0,-1.0,g7-muon-768x768,-,L0:all,24.0,1.0,0.05594587633887653,0.3096179988699596,4.008010149708704e-08,7.895010014635773e-07,9.111580482112913e-07,0.04398808919678525,0.2347183314970486,0.05092461282068315
periodic,optim/muon_momentum_rms,-1,attn_v,transformer.h.10.attn.c_v.weight,10.0,-1.0,g7-muon-768x768,-,L0:all,24.0,1.0,0.08351332859313981,0.2695436124689892,8.745704536094262e-08,1.149926106336352e-06,7.861733024583372e-07,0.11124397774316097,0.13710852902494738,0.07981291545594264
periodic,optim/muon_momentum_rms,-1,attn_v,transformer.h.11.attn.c_v.weight,11.0,-1.0,g7-muon-768x768,-,L0:all,24.0,1.0,0.07874786505093687,0.2160481063900327,1.0418674762612509e-07,1.083442782601196e-06,1.2772651075465546e-06,0.08157018226721395,0.15157619694740093,0.07597054203473567
periodic,optim/muon_momentum_rms,-1,attn_v,transformer.h.2.attn.c_v.weight,2.0,-1.0,g7-muon-768x768,-,L0:all,24.0,1.0,0.0520372989003226,0.2057830171286739,6.463834112814078e-08,1.0258947895636084e-06,9.664040305779054e-07,0.06688542171071796,0.20398064408073177,0.049067024114362416
periodic,optim/muon_momentum_rms,-1,attn_v,transformer.h.3.attn.c_v.weight,3.0,-1.0,g7-muon-768x768,-,L0:all,24.0,1.0,0.09922136994268496,0.27652447698352595,1.1339174894222738e-07,1.2502106301326421e-06,1.0932393649909498e-06,0.10372087995858627,0.2657177991582362,0.09296723480312721
periodic,optim/muon_momentum_rms,-1,attn_v,transformer.h.4.attn.c_v.weight,4.0,-1.0,g7-muon-768x768,-,L0:all,24.0,1.0,0.0742188561785821,0.2827594424147373,9.03587383847554e-08,1.2791022641067684e-06,1.044156323359857e-06,0.08653755799131836,0.21109812410097553,0.06574774729935534
periodic,optim/muon_momentum_rms,-1,attn_v,transformer.h.5.attn.c_v.weight,5.0,-1.0,g7-muon-768x768,-,L0:all,24.0,1.0,0.07113076216646902,0.24264753321348317,7.51219455863808e-08,1.1892486782016931e-06,8.9027769263339e-07,0.08438035256637108,0.20836231167179795,0.06608661844701866
periodic,optim/muon_momentum_rms,-1,attn_v,transformer.h.6.attn.c_v.weight,6.0,-1.0,g7-muon-768x768,-,L0:all,24.0,1.0,0.07145770457620018,0.2591923258141408,8.350062072731229e-08,1.22923211165471e-06,8.559403852359537e-07,0.09755424813177146,0.19863058230520914,0.06901172425497305
periodic,optim/muon_momentum_rms,-1,attn_v,transformer.h.7.attn.c_v.weight,7.0,-1.0,g7-muon-768x768,-,L0:all,24.0,1.0,0.053562205468652965,0.2200065798267483,6.654762696591565e-08,1.1887519235642685e-06,8.130576759413088e-07,0.08184859319957942,0.15900627479244578,0.05100026304532084
periodic,optim/muon_momentum_rms,-1,attn_v,transformer.h.8.attn.c_v.weight,8.0,-1.0,g7-muon-768x768,-,L0:all,24.0,1.0,0.06290517920266163,0.22011065588740128,7.746218864228897e-08,1.159419753093971e-06,7.812255773842479e-07,0.09915470113210206,0.14929027802730058,0.061663362323897866
periodic,optim/muon_momentum_rms,-1,attn_v,transformer.h.9.attn.c_v.weight,9.0,-1.0,g7-muon-768x768,-,L0:all,24.0,1.0,0.056251083082274445,0.24656134473524505,4.673476019783552e-08,8.72025793796638e-07,6.930372535407515e-07,0.06743470132242677,0.20252359281225238,0.048939740158237224
periodic,optim/muon_momentum_rms,-1,mlp_in,transformer.h.0.mlp.c_fc.weight,0.0,-1.0,g9-muon-3072x768,-,L0:all,24.0,1.0,0.04915252743234472,0.15769948668337472,2.0146341260086393e-08,4.937226663059846e-07,5.107525225866993e-07,0.03944442830757941,0.1038016485868313,0.04787877978038603
periodic,optim/muon_momentum_rms,-1,mlp_in,transformer.h.1.mlp.c_fc.weight,1.0,-1.0,g9-muon-3072x768,-,L0:all,24.0,1.0,0.038355862966870796,0.14259645130544973,2.172008533661815e-08,6.12421644063943e-07,6.147878309548106e-07,0.035329400230458795,0.13867843018604858,0.03825408731675544
periodic,optim/muon_momentum_rms,-1,mlp_in,transformer.h.10.mlp.c_fc.weight,10.0,-1.0,g9-muon-3072x768,-,L0:all,24.0,1.0,0.03561308407139632,0.1714468082396572,2.928053130340835e-08,8.131381719067576e-07,8.165777217072899e-07,0.035857617131886725,0.12354515187148964,0.031221436365217268
periodic,optim/muon_momentum_rms,-1,mlp_in,transformer.h.11.mlp.c_fc.weight,11.0,-1.0,g9-muon-3072x768,-,L0:all,24.0,1.0,0.11027661132477756,0.298739497174513,9.688121858010121e-08,1.1231104508624412e-06,9.041316616276163e-07,0.10715388332457665,0.157152590168209,0.10969069656683574
periodic,optim/muon_momentum_rms,-1,mlp_in,transformer.h.2.mlp.c_fc.weight,2.0,-1.0,g9-muon-3072x768,-,L0:all,24.0,1.0,0.03792646202303865,0.1540073013770164,2.8035430714219426e-08,6.788145014979818e-07,6.464592814836577e-07,0.04336766679237191,0.1477129504596552,0.037649098766570084
periodic,optim/muon_momentum_rms,-1,mlp_in,transformer.h.3.mlp.c_fc.weight,3.0,-1.0,g9-muon-3072x768,-,L0:all,24.0,1.0,0.030253472386530207,0.1691585388280534,2.5656265783200845e-08,7.663318797312968e-07,7.480874927523473e-07,0.034295809022026114,0.13997950719283056,0.029718565055374995
periodic,optim/muon_momentum_rms,-1,mlp_in,transformer.h.4.mlp.c_fc.weight,4.0,-1.0,g9-muon-3072x768,-,L0:all,24.0,1.0,0.03370156799346352,0.17296239030675742,2.475714369247311e-08,7.366677152731427e-07,7.630883146703126e-07,0.0324433531696384,0.1553808130542138,0.02700305571218127
periodic,optim/muon_momentum_rms,-1,mlp_in,transformer.h.5.mlp.c_fc.weight,5.0,-1.0,g9-muon-3072x768,-,L0:all,24.0,1.0,0.018692153424904708,0.16473553168831687,1.6118122886897135e-08,7.210032038074132e-07,7.957621562582061e-07,0.020254950251325073,0.15000915422246336,0.016496851748554947
periodic,optim/muon_momentum_rms,-1,mlp_in,transformer.h.6.mlp.c_fc.weight,6.0,-1.0,g9-muon-3072x768,-,L0:all,24.0,1.0,0.03285816108573214,0.16633122607375664,2.643923624316627e-08,7.040390244128503e-07,8.314095651940079e-07,0.03180049562816459,0.14755051262655944,0.031433716153725776
periodic,optim/muon_momentum_rms,-1,mlp_in,transformer.h.7.mlp.c_fc.weight,7.0,-1.0,g9-muon-3072x768,-,L0:all,24.0,1.0,0.03206091475734569,0.1648244741916606,2.4374518502490153e-08,7.833365600617981e-07,7.006805191167585e-07,0.03478692191016729,0.08853003335975382,0.03198099125560794
periodic,optim/muon_momentum_rms,-1,mlp_in,transformer.h.8.mlp.c_fc.weight,8.0,-1.0,g9-muon-3072x768,-,L0:all,24.0,1.0,0.024182609374249323,0.15250851611725091,1.9069206236275843e-08,7.535415704751358e-07,7.260096936079208e-07,0.026265773589758856,0.09684220828266715,0.023284570191267846
periodic,optim/muon_momentum_rms,-1,mlp_in,transformer.h.9.mlp.c_fc.weight,9.0,-1.0,g9-muon-3072x768,-,L0:all,24.0,1.0,0.031843678753068504,0.16099509000924772,1.817924087638267e-08,7.651156579413509e-07,7.180313446042419e-07,0.025318171710738534,0.11553289657694313,0.026403022603542752
periodic,optim/muon_momentum_rms,-1,mlp_out,transformer.h.0.mlp.c_proj.weight,0.0,-1.0,g8-muon-768x3072,-,L0:all,24.0,1.0,0.03897082338048482,0.16300005191254424,2.523951042325359e-08,6.916853578786686e-07,1.0088033207011901e-06,0.02501925787249623,0.13944900016074432,0.036304136834392674
periodic,optim/muon_momentum_rms,-1,mlp_out,transformer.h.1.mlp.c_proj.weight,1.0,-1.0,g8-muon-768x3072,-,L0:all,24.0,1.0,0.09611317760720811,0.16694921877198976,9.815735521578694e-08,9.575443868925504e-07,9.630042143271565e-07,0.10192827170997244,0.12820143078458898,0.09611177971824421
periodic,optim/muon_momentum_rms,-1,mlp_out,transformer.h.10.mlp.c_proj.weight,10.0,-1.0,g8-muon-768x3072,-,L0:all,24.0,1.0,0.14468598212723802,0.533900183152334,1.7518721213142285e-07,1.1571734148674295e-06,7.967834449118526e-07,0.2198680372316265,0.10010489484480715,0.16054143513919547
periodic,optim/muon_momentum_rms,-1,mlp_out,transformer.h.11.mlp.c_proj.weight,11.0,-1.0,g8-muon-768x3072,-,L0:all,24.0,1.0,0.16920592791330202,0.3279583995436073,7.572064708200561e-07,4.489943421503995e-06,4.435744403963327e-06,0.17070561372821524,0.1107063772524288,0.17692478575908532
periodic,optim/muon_momentum_rms,-1,mlp_out,transformer.h.2.mlp.c_proj.weight,2.0,-1.0,g8-muon-768x3072,-,L0:all,24.0,1.0,0.07033871582707447,0.1590119433165291,4.5113627012661964e-08,7.124855869733437e-07,7.424403605682529e-07,0.0607639743320698,0.12737578330063767,0.07011036910399608
periodic,optim/muon_momentum_rms,-1,mlp_out,transformer.h.3.mlp.c_proj.weight,3.0,-1.0,g8-muon-768x3072,-,L0:all,24.0,1.0,0.21409246580750532,0.288210980816127,1.9485562462739444e-07,9.055207783603691e-07,8.674148489262734e-07,0.22463948463482705,0.15296691364697382,0.219361583914397
periodic,optim/muon_momentum_rms,-1,mlp_out,transformer.h.4.mlp.c_proj.weight,4.0,-1.0,g8-muon-768x3072,-,L0:all,24.0,1.0,0.24803891090287888,0.3044380962704754,2.2082781727856158e-07,1.013875021271815e-06,1.2173240634183457e-06,0.18140429809500272,0.14829930530050797,0.25676011997857956
periodic,optim/muon_momentum_rms,-1,mlp_out,transformer.h.5.mlp.c_proj.weight,5.0,-1.0,g8-muon-768x3072,-,L0:all,24.0,1.0,0.09829492804414106,0.17172176783192047,7.292388306589508e-08,8.619922766683885e-07,7.816828542672738e-07,0.09329088218808607,0.15212840478280135,0.0864809930378701
periodic,optim/muon_momentum_rms,-1,mlp_out,transformer.h.6.mlp.c_proj.weight,6.0,-1.0,g8-muon-768x3072,-,L0:all,24.0,1.0,0.25002250784082236,0.32167769722881634,1.833604647542901e-07,7.829321475583129e-07,7.210645605937316e-07,0.25429132809315896,0.1379628965291618,0.26145180549709374
periodic,optim/muon_momentum_rms,-1,mlp_out,transformer.h.7.mlp.c_proj.weight,7.0,-1.0,g8-muon-768x3072,-,L0:all,24.0,1.0,0.057212203986305984,0.20363871383533277,4.787474804871396e-08,7.94286734162597e-07,7.523399006004182e-07,0.06363446629709081,0.09619827044621708,0.05503915710143349
periodic,optim/muon_momentum_rms,-1,mlp_out,transformer.h.8.mlp.c_proj.weight,8.0,-1.0,g8-muon-768x3072,-,L0:all,24.0,1.0,0.03941584577221598,0.195988579006443,2.459110230795961e-08,7.837751070383092e-07,7.534953908816533e-07,0.03263603547619043,0.10368480999026322,0.028404954023307068
periodic,optim/muon_momentum_rms,-1,mlp_out,transformer.h.9.mlp.c_proj.weight,9.0,-1.0,g8-muon-768x3072,-,L0:all,24.0,1.0,0.10261861023490174,0.27998162157360296,1.208182624504734e-07,9.373004559165565e-07,7.191534621142638e-07,0.1680006685850829,0.10663097894692002,0.09860624152288346
periodic,optim/muon_momentum_rms,-1,ve_gate,transformer.h.1.attn.ve_gate.weight,1.0,-1.0,g6-muon-6x12,-,L0:all,24.0,1.0,0.18278152474432185,0.5456586494256158,1.4735115219363328e-06,9.918750947690569e-06,1.4879892296448805e-05,0.09902702872977091,0.3595925683396929,0.14944373669943334
periodic,optim/muon_momentum_rms,-1,ve_gate,transformer.h.11.attn.ve_gate.weight,11.0,-1.0,g6-muon-6x12,-,L0:all,24.0,1.0,0.5133838402230434,1.0821343805537105,4.927247349555994e-06,9.266495908377692e-06,8.031952529563568e-06,0.6134557358774287,0.5370157521367688,0.5039501785161629
periodic,optim/muon_momentum_rms,-1,ve_gate,transformer.h.3.attn.ve_gate.weight,3.0,-1.0,g6-muon-6x12,-,L0:all,24.0,1.0,0.21569244236186125,0.4187189236620947,2.127884304268674e-06,9.922154731611954e-06,1.6863503878994367e-05,0.12618280990341657,0.1864499803498221,0.21708765711480846
periodic,optim/muon_momentum_rms,-1,ve_gate,transformer.h.5.attn.ve_gate.weight,5.0,-1.0,g6-muon-6x12,-,L0:all,24.0,1.0,0.24577786229644175,0.5957502589783938,3.6341226918845064e-06,1.3113595286995405e-05,1.4335967807710394e-05,0.2534968507623145,0.2511784367144025,0.23236644781093577
periodic,optim/muon_momentum_rms,-1,ve_gate,transformer.h.7.attn.ve_gate.weight,7.0,-1.0,g6-muon-6x12,-,L0:all,24.0,1.0,0.41501181641385676,0.7843560102477082,3.82723961502397e-06,9.14605016077985e-06,6.529915663122665e-06,0.5861085827858532,0.5461801032340888,0.4113766441068257
periodic,optim/muon_momentum_rms,-1,ve_gate,transformer.h.9.attn.ve_gate.weight,9.0,-1.0,g6-muon-6x12,-,L0:all,24.0,1.0,0.3406235200230847,0.6413686308963589,3.2845121252012282e-06,8.949858056439552e-06,1.3967205904918953e-05,0.23515885335695472,0.3210473218346183,0.3538543077035536
periodic,optim/muon_second_momentum_mean,-1,attn_k,transformer.h.0.attn.c_k.weight,0.0,-1.0,g7-muon-768x768,-,L0:all,24.0,1.0,3.998401005613398e-08,6.322027088223016e-08,5.206251464550825e-11,0.0013020833721384406,0.0,,3.998401005613398e-08,3.998401005613398e-08
periodic,optim/muon_second_momentum_mean,-1,attn_k,transformer.h.1.attn.c_k.weight,1.0,-1.0,g7-muon-768x768,-,L0:all,24.0,1.0,0.0,6.322027088223016e-08,0.0,0.0013020833721384406,0.0,,0.0,0.0
periodic,optim/muon_second_momentum_mean,-1,attn_k,transformer.h.10.attn.c_k.weight,10.0,-1.0,g7-muon-768x768,-,L0:all,24.0,1.0,3.998401005613398e-08,7.480323328968863e-08,5.206251464550825e-11,0.0013020833721384406,0.0,,0.0,3.998401005613398e-08
periodic,optim/muon_second_momentum_mean,-1,attn_k,transformer.h.11.attn.c_k.weight,11.0,-1.0,g7-muon-768x768,-,L0:all,24.0,1.0,3.998401005613398e-08,1.19952019443856e-07,5.206251464550825e-11,0.0013020833721384406,8.14907251921182e-11,0.6388765656799401,4.897021125391982e-08,3.998401005613398e-08
periodic,optim/muon_second_momentum_mean,-1,attn_k,transformer.h.2.attn.c_k.weight,2.0,-1.0,g7-muon-768x768,-,L0:all,24.0,1.0,3.998401005613398e-08,7.480323328968863e-08,5.206251464550825e-11,0.0013020833721384406,0.0,,0.0,3.998401005613398e-08
periodic,optim/muon_second_momentum_mean,-1,attn_k,transformer.h.3.attn.c_k.weight,3.0,-1.0,g7-muon-768x768,-,L0:all,24.0,1.0,3.998401005613398e-08,7.480323328968863e-08,5.206251464550825e-11,0.0013020833721384406,0.0,,0.0,3.998401005613398e-08
periodic,optim/muon_second_momentum_mean,-1,attn_k,transformer.h.4.attn.c_k.weight,4.0,-1.0,g7-muon-768x768,-,L0:all,24.0,1.0,3.998401005613398e-08,1.1995203016840195e-07,5.206251464550825e-11,0.0013020833721384406,8.14907251921182e-11,0.6388765656799401,3.9985071814471144e-08,3.998401005613398e-08
periodic,optim/muon_second_momentum_mean,-1,attn_k,transformer.h.5.attn.c_k.weight,5.0,-1.0,g7-muon-768x768,-,L0:all,24.0,1.0,3.998401005613398e-08,4.897021125391982e-08,5.206251464550825e-11,0.0013020833721384406,0.0,,3.9985071814471144e-08,3.998401005613398e-08
periodic,optim/muon_second_momentum_mean,-1,attn_k,transformer.h.6.attn.c_k.weight,6.0,-1.0,g7-muon-768x768,-,L0:all,24.0,1.0,3.998401005613398e-08,1.1657241960016401e-07,5.206251464550825e-11,0.0013020833721384406,0.0,,0.0,3.998401005613398e-08
periodic,optim/muon_second_momentum_mean,-1,attn_k,transformer.h.7.attn.c_k.weight,7.0,-1.0,g7-muon-768x768,-,L0:all,24.0,1.0,3.998401005613398e-08,4.897021125391982e-08,5.206251464550825e-11,0.0013020833721384406,0.0,,3.998401005613398e-08,3.998401005613398e-08
periodic,optim/muon_second_momentum_mean,-1,attn_k,transformer.h.8.attn.c_k.weight,8.0,-1.0,g7-muon-768x768,-,L0:all,24.0,1.0,3.998401005613398e-08,7.480323328968863e-08,5.206251464550825e-11,0.0013020833721384406,0.0,,3.998401005613398e-08,3.998401005613398e-08
periodic,optim/muon_second_momentum_mean,-1,attn_k,transformer.h.9.attn.c_k.weight,9.0,-1.0,g7-muon-768x768,-,L0:all,24.0,1.0,3.998401005613398e-08,4.897021125391982e-08,5.206251464550825e-11,0.0013020833721384406,0.0,,0.0,3.998401005613398e-08
periodic,optim/muon_second_momentum_mean,-1,attn_out,transformer.h.0.attn.c_proj.weight,0.0,-1.0,g7-muon-768x768,-,L0:all,24.0,1.0,3.998401005613398e-08,6.322027088223016e-08,5.206251464550825e-11,0.0013020833721384406,0.0,,3.9984964563594003e-08,3.998401005613398e-08
periodic,optim/muon_second_momentum_mean,-1,attn_out,transformer.h.1.attn.c_proj.weight,1.0,-1.0,g7-muon-768x768,-,L0:all,24.0,1.0,1.999200502806699e-08,7.480323328968863e-08,2.6031257322754125e-11,0.0013020833721384406,0.0,,0.0,3.998401005613398e-08
periodic,optim/muon_second_momentum_mean,-1,attn_out,transformer.h.10.attn.c_proj.weight,10.0,-1.0,g7-muon-768x768,-,L0:all,24.0,1.0,1.999200502806699e-08,7.996801296257066e-08,2.6031257322754125e-11,0.0013020833721384406,0.0,,3.998401005613398e-08,0.0
periodic,optim/muon_second_momentum_mean,-1,attn_out,transformer.h.11.attn.c_proj.weight,11.0,-1.0,g7-muon-768x768,-,L0:all,24.0,1.0,3.998401005613398e-08,6.322027088223016e-08,5.206251464550825e-11,0.0013020833721384406,0.0,,3.998401005613398e-08,3.998401005613398e-08
periodic,optim/muon_second_momentum_mean,-1,attn_out,transformer.h.2.attn.c_proj.weight,2.0,-1.0,g7-muon-768x768,-,L0:all,24.0,1.0,3.998401005613398e-08,6.322027088223016e-08,5.206251464550825e-11,0.0013020833721384406,0.0,,3.998401005613398e-08,3.998401005613398e-08
periodic,optim/muon_second_momentum_mean,-1,attn_out,transformer.h.3.attn.c_proj.weight,3.0,-1.0,g7-muon-768x768,-,L0:all,24.0,1.0,4.4477585719618135e-08,1.3559237512464984e-07,5.791290622467198e-11,0.0013020833721384406,0.0,,3.9984964563594003e-08,4.897020687564227e-08
periodic,optim/muon_second_momentum_mean,-1,attn_out,transformer.h.4.attn.c_proj.weight,4.0,-1.0,g7-muon-768x768,-,L0:all,24.0,1.0,3.998401005613398e-08,6.322027088223016e-08,5.206251464550825e-11,0.0013020833721384406,0.0,,0.0,3.998401005613398e-08
periodic,optim/muon_second_momentum_mean,-1,attn_out,transformer.h.5.attn.c_proj.weight,5.0,-1.0,g7-muon-768x768,-,L0:all,24.0,1.0,3.998401005613398e-08,6.322027088223016e-08,5.206251464550825e-11,0.0013020833721384406,0.0,,3.998401005613398e-08,3.998401005613398e-08
periodic,optim/muon_second_momentum_mean,-1,attn_out,transformer.h.6.attn.c_proj.weight,6.0,-1.0,g7-muon-768x768,-,L0:all,24.0,1.0,3.998401005613398e-08,6.322027088223016e-08,5.206251464550825e-11,0.0013020833721384406,1.1641532182693481e-10,0.4472135954999579,4.897138028203619e-08,3.998401005613398e-08
periodic,optim/muon_second_momentum_mean,-1,attn_out,transformer.h.7.attn.c_proj.weight,7.0,-1.0,g7-muon-768x768,-,L0:all,24.0,1.0,3.998401005613398e-08,9.794041375128452e-08,5.206251464550825e-11,0.0013020833721384406,1.1641532182693481e-10,0.4472135954999579,4.897138028203619e-08,3.998401005613398e-08
periodic,optim/muon_second_momentum_mean,-1,attn_out,transformer.h.8.attn.c_proj.weight,8.0,-1.0,g7-muon-768x768,-,L0:all,24.0,1.0,3.998401005613398e-08,6.322027088223016e-08,5.206251464550825e-11,0.0013020833721384406,0.0,,3.998401005613398e-08,3.998401005613398e-08
periodic,optim/muon_second_momentum_mean,-1,attn_out,transformer.h.9.attn.c_proj.weight,9.0,-1.0,g7-muon-768x768,-,L0:all,24.0,1.0,3.998401005613398e-08,4.897020687564227e-08,5.206251464550825e-11,0.0013020833721384406,0.0,,0.0,3.998401005613398e-08
periodic,optim/muon_second_momentum_mean,-1,attn_q,transformer.h.0.attn.c_q.weight,0.0,-1.0,g7-muon-768x768,-,L0:all,24.0,1.0,0.0,4.897021563219814e-08,0.0,0.0013020833721384406,0.0,,3.998401005613398e-08,0.0
periodic,optim/muon_second_momentum_mean,-1,attn_q,transformer.h.1.attn.c_q.weight,1.0,-1.0,g7-muon-768x768,-,L0:all,24.0,1.0,3.998401005613398e-08,4.8971507258487835e-08,5.206251464550825e-11,0.0013020833721384406,8.14907251921182e-11,0.6388765656799401,0.0,3.998401005613398e-08
periodic,optim/muon_second_momentum_mean,-1,attn_q,transformer.h.10.attn.c_q.weight,10.0,-1.0,g7-muon-768x768,-,L0:all,24.0,1.0,3.998401005613398e-08,6.322027088223016e-08,5.206251464550825e-11,0.0013020833721384406,0.0,,3.9985071814471144e-08,3.998401005613398e-08
periodic,optim/muon_second_momentum_mean,-1,attn_q,transformer.h.11.attn.c_q.weight,11.0,-1.0,g7-muon-768x768,-,L0:all,24.0,1.0,1.9992003240642665e-08,6.322027088223016e-08,2.6031257322754125e-11,0.0013020833721384406,8.14907251921182e-11,0.31943828283997006,3.998401005613398e-08,0.0
periodic,optim/muon_second_momentum_mean,-1,attn_q,transformer.h.2.attn.c_q.weight,2.0,-1.0,g7-muon-768x768,-,L0:all,24.0,1.0,3.998401005613398e-08,7.480323328968863e-08,5.206251464550825e-11,0.0013020833721384406,1.1641532182693481e-10,0.4472135954999579,3.998401005613398e-08,3.998401005613398e-08
periodic,optim/muon_second_momentum_mean,-1,attn_q,transformer.h.3.attn.c_q.weight,3.0,-1.0,g7-muon-768x768,-,L0:all,24.0,1.0,3.998401005613398e-08,1.1995203016840195e-07,5.206251464550825e-11,0.0013020833721384406,0.0,,6.322027088223016e-08,3.998401005613398e-08
periodic,optim/muon_second_momentum_mean,-1,attn_q,transformer.h.4.attn.c_q.weight,4.0,-1.0,g7-muon-768x768,-,L0:all,24.0,1.0,3.998401005613398e-08,4.897151163699792e-08,5.206251464550825e-11,0.0013020833721384406,0.0,,3.998401005613398e-08,3.998401005613398e-08
periodic,optim/muon_second_momentum_mean,-1,attn_q,transformer.h.5.attn.c_q.weight,5.0,-1.0,g7-muon-768x768,-,L0:all,24.0,1.0,3.998401005613398e-08,1.1657241960016401e-07,5.206251464550825e-11,0.0013020833721384406,0.0,,3.998401005613398e-08,3.998401005613398e-08
periodic,optim/muon_second_momentum_mean,-1,attn_q,transformer.h.6.attn.c_q.weight,6.0,-1.0,g7-muon-768x768,-,L0:all,24.0,1.0,3.998401005613398e-08,1.1657241960016398e-07,5.206251464550825e-11,0.0013020833721384406,0.0,,3.998401005613398e-08,3.998401005613398e-08
periodic,optim/muon_second_momentum_mean,-1,attn_q,transformer.h.7.attn.c_q.weight,7.0,-1.0,g7-muon-768x768,-,L0:all,24.0,1.0,3.998401005613398e-08,4.8971511636997916e-08,5.206251464550825e-11,0.0013020833721384406,8.14907251921182e-11,0.6388765656799401,4.897020687564227e-08,3.998401005613398e-08
periodic,optim/muon_second_momentum_mean,-1,attn_q,transformer.h.8.attn.c_q.weight,8.0,-1.0,g7-muon-768x768,-,L0:all,24.0,1.0,3.998401005613398e-08,6.322027088223016e-08,5.206251464550825e-11,0.0013020833721384406,0.0,,3.998401005613398e-08,3.998401005613398e-08
periodic,optim/muon_second_momentum_mean,-1,attn_q,transformer.h.9.attn.c_q.weight,9.0,-1.0,g7-muon-768x768,-,L0:all,24.0,1.0,3.998401005613398e-08,1.1657241960016398e-07,5.206251464550825e-11,0.0013020833721384406,0.0,,0.0,3.998401005613398e-08
periodic,optim/muon_second_momentum_mean,-1,attn_v,transformer.h.0.attn.c_v.weight,0.0,-1.0,g7-muon-768x768,-,L0:all,24.0,1.0,3.998401005613398e-08,4.897021125391982e-08,5.206251464550825e-11,0.0013020833721384406,0.0,,3.998401005613398e-08,3.998401005613398e-08
periodic,optim/muon_second_momentum_mean,-1,attn_v,transformer.h.1.attn.c_v.weight,1.0,-1.0,g7-muon-768x768,-,L0:all,24.0,1.0,0.0,6.322027088223016e-08,0.0,0.0013020833721384406,0.0,,0.0,0.0
periodic,optim/muon_second_momentum_mean,-1,attn_v,transformer.h.10.attn.c_v.weight,10.0,-1.0,g7-muon-768x768,-,L0:all,24.0,1.0,0.0,6.322027088223016e-08,0.0,0.0013020833721384406,0.0,,0.0,0.0
periodic,optim/muon_second_momentum_mean,-1,attn_v,transformer.h.11.attn.c_v.weight,11.0,-1.0,g7-muon-768x768,-,L0:all,24.0,1.0,3.998401005613398e-08,7.480323328968863e-08,5.206251464550825e-11,0.0013020833721384406,0.0,,3.998401005613398e-08,3.998401005613398e-08
periodic,optim/muon_second_momentum_mean,-1,attn_v,transformer.h.2.attn.c_v.weight,2.0,-1.0,g7-muon-768x768,-,L0:all,24.0,1.0,3.998401005613398e-08,4.897021125391982e-08,5.206251464550825e-11,0.0013020833721384406,0.0,,0.0,3.998401005613398e-08
periodic,optim/muon_second_momentum_mean,-1,attn_v,transformer.h.3.attn.c_v.weight,3.0,-1.0,g7-muon-768x768,-,L0:all,24.0,1.0,1.999200502806699e-08,6.322027088223016e-08,2.6031257322754125e-11,0.0013020833721384406,0.0,,0.0,3.998401005613398e-08
periodic,optim/muon_second_momentum_mean,-1,attn_v,transformer.h.4.attn.c_v.weight,4.0,-1.0,g7-muon-768x768,-,L0:all,24.0,1.0,3.998401005613398e-08,7.996801296257066e-08,5.206251464550825e-11,0.0013020833721384406,0.0,,0.0,3.998401005613398e-08
periodic,optim/muon_second_momentum_mean,-1,attn_v,transformer.h.5.attn.c_v.weight,5.0,-1.0,g7-muon-768x768,-,L0:all,24.0,1.0,3.998401005613398e-08,6.322027088223016e-08,5.206251464550825e-11,0.0013020833721384406,0.0,,0.0,3.998401005613398e-08
periodic,optim/muon_second_momentum_mean,-1,attn_v,transformer.h.6.attn.c_v.weight,6.0,-1.0,g7-muon-768x768,-,L0:all,24.0,1.0,1.999200502806699e-08,4.897021563219814e-08,2.6031257322754125e-11,0.0013020833721384406,0.0,,3.9985071814471144e-08,0.0
periodic,optim/muon_second_momentum_mean,-1,attn_v,transformer.h.7.attn.c_v.weight,7.0,-1.0,g7-muon-768x768,-,L0:all,24.0,1.0,3.998401005613398e-08,7.480323328968863e-08,5.206251464550825e-11,0.0013020833721384406,0.0,,3.9985071814471144e-08,3.998401005613398e-08
periodic,optim/muon_second_momentum_mean,-1,attn_v,transformer.h.8.attn.c_v.weight,8.0,-1.0,g7-muon-768x768,-,L0:all,24.0,1.0,3.998401005613398e-08,6.322027088223016e-08,5.206251464550825e-11,0.0013020833721384406,0.0,,3.998401005613398e-08,3.998401005613398e-08
periodic,optim/muon_second_momentum_mean,-1,attn_v,transformer.h.9.attn.c_v.weight,9.0,-1.0,g7-muon-768x768,-,L0:all,24.0,1.0,3.998401005613398e-08,1.0950071144616368e-07,5.206251464550825e-11,0.0013020833721384406,8.14907251921182e-11,0.6388765656799401,3.998401005613398e-08,3.998401005613398e-08
periodic,optim/muon_second_momentum_mean,-1,mlp_in,transformer.h.0.mlp.c_fc.weight,0.0,-1.0,g9-muon-3072x768,-,L0:all,24.0,1.0,0.0,3.9985071814471144e-08,0.0,0.00032552084303461015,0.0,,3.998401005613398e-08,0.0
periodic,optim/muon_second_momentum_mean,-1,mlp_in,transformer.h.1.mlp.c_fc.weight,1.0,-1.0,g9-muon-3072x768,-,L0:all,24.0,1.0,3.998401005613398e-08,7.480323328968863e-08,1.3015628661377062e-11,0.00032552084303461015,0.0,,3.998401005613398e-08,3.998401005613398e-08
periodic,optim/muon_second_momentum_mean,-1,mlp_in,transformer.h.10.mlp.c_fc.weight,10.0,-1.0,g9-muon-3072x768,-,L0:all,24.0,1.0,1.999200502806699e-08,7.480323328968863e-08,6.507814330688531e-12,0.00032552084303461015,0.0,,3.9985071814471144e-08,0.0
periodic,optim/muon_second_momentum_mean,-1,mlp_in,transformer.h.11.mlp.c_fc.weight,11.0,-1.0,g9-muon-3072x768,-,L0:all,24.0,1.0,0.0,6.322027088223016e-08,0.0,0.00032552084303461015,0.0,,3.998401005613398e-08,0.0
periodic,optim/muon_second_momentum_mean,-1,mlp_in,transformer.h.2.mlp.c_fc.weight,2.0,-1.0,g9-muon-3072x768,-,L0:all,24.0,1.0,0.0,6.322027088223016e-08,0.0,0.00032552084303461015,0.0,,0.0,0.0
periodic,optim/muon_second_momentum_mean,-1,mlp_in,transformer.h.3.mlp.c_fc.weight,3.0,-1.0,g9-muon-3072x768,-,L0:all,24.0,1.0,0.0,3.9985071814471144e-08,0.0,0.00032552084303461015,0.0,,3.998401005613398e-08,0.0
periodic,optim/muon_second_momentum_mean,-1,mlp_in,transformer.h.4.mlp.c_fc.weight,4.0,-1.0,g9-muon-3072x768,-,L0:all,24.0,1.0,0.0,6.322027088223016e-08,0.0,0.00032552084303461015,0.0,,4.897021125391982e-08,0.0
periodic,optim/muon_second_momentum_mean,-1,mlp_in,transformer.h.5.mlp.c_fc.weight,5.0,-1.0,g9-muon-3072x768,-,L0:all,24.0,1.0,0.0,7.480521296936662e-08,0.0,0.00032552084303461015,0.0,,0.0,0.0
periodic,optim/muon_second_momentum_mean,-1,mlp_in,transformer.h.6.mlp.c_fc.weight,6.0,-1.0,g9-muon-3072x768,-,L0:all,24.0,1.0,0.0,4.897021125391982e-08,0.0,0.00032552084303461015,0.0,,0.0,0.0
periodic,optim/muon_second_momentum_mean,-1,mlp_in,transformer.h.7.mlp.c_fc.weight,7.0,-1.0,g9-muon-3072x768,-,L0:all,24.0,1.0,3.998401005613398e-08,4.897151163699792e-08,1.3015628661377062e-11,0.00032552084303461015,0.0,,3.998401005613398e-08,3.998401005613398e-08
periodic,optim/muon_second_momentum_mean,-1,mlp_in,transformer.h.8.mlp.c_fc.weight,8.0,-1.0,g9-muon-3072x768,-,L0:all,24.0,1.0,0.0,6.322027088223016e-08,0.0,0.00032552084303461015,0.0,,0.0,0.0
periodic,optim/muon_second_momentum_mean,-1,mlp_in,transformer.h.9.mlp.c_fc.weight,9.0,-1.0,g9-muon-3072x768,-,L0:all,24.0,1.0,1.999200502806699e-08,6.322027088223016e-08,6.507814330688531e-12,0.00032552084303461015,0.0,,3.998401005613398e-08,0.0
periodic,optim/muon_second_momentum_mean,-1,mlp_out,transformer.h.0.mlp.c_proj.weight,0.0,-1.0,g8-muon-768x3072,-,L0:all,24.0,1.0,1.999200502806699e-08,6.322027088223016e-08,6.507814330688531e-12,0.00032552084303461015,0.0,,0.0,3.998401005613398e-08
periodic,optim/muon_second_momentum_mean,-1,mlp_out,transformer.h.1.mlp.c_proj.weight,1.0,-1.0,g8-muon-768x3072,-,L0:all,24.0,1.0,1.999200502806699e-08,6.322027088223016e-08,6.507814330688531e-12,0.00032552084303461015,0.0,,3.9984964563594003e-08,0.0
periodic,optim/muon_second_momentum_mean,-1,mlp_out,transformer.h.10.mlp.c_proj.weight,10.0,-1.0,g8-muon-768x3072,-,L0:all,24.0,1.0,1.999200502806699e-08,4.897021125391982e-08,6.507814330688531e-12,0.00032552084303461015,0.0,,3.998401005613398e-08,0.0
periodic,optim/muon_second_momentum_mean,-1,mlp_out,transformer.h.11.mlp.c_proj.weight,11.0,-1.0,g8-muon-768x3072,-,L0:all,24.0,1.0,3.998401005613398e-08,4.897021563219815e-08,1.3015628661377062e-11,0.00032552084303461015,0.0,,3.9984964563594003e-08,3.998401005613398e-08
periodic,optim/muon_second_momentum_mean,-1,mlp_out,transformer.h.2.mlp.c_proj.weight,2.0,-1.0,g8-muon-768x3072,-,L0:all,24.0,1.0,0.0,6.322027088223016e-08,0.0,0.00032552084303461015,0.0,,3.998401005613398e-08,0.0
periodic,optim/muon_second_momentum_mean,-1,mlp_out,transformer.h.3.mlp.c_proj.weight,3.0,-1.0,g8-muon-768x3072,-,L0:all,24.0,1.0,0.0,6.322027088223016e-08,0.0,0.00032552084303461015,0.0,,0.0,0.0
periodic,optim/muon_second_momentum_mean,-1,mlp_out,transformer.h.4.mlp.c_proj.weight,4.0,-1.0,g8-muon-768x3072,-,L0:all,24.0,1.0,0.0,6.322027088223016e-08,0.0,0.00032552084303461015,0.0,,0.0,0.0
periodic,optim/muon_second_momentum_mean,-1,mlp_out,transformer.h.5.mlp.c_proj.weight,5.0,-1.0,g8-muon-768x3072,-,L0:all,24.0,1.0,0.0,4.897138028203619e-08,0.0,0.00032552084303461015,0.0,,3.998401005613398e-08,0.0
periodic,optim/muon_second_momentum_mean,-1,mlp_out,transformer.h.6.mlp.c_proj.weight,6.0,-1.0,g8-muon-768x3072,-,L0:all,24.0,1.0,0.0,4.897021125391981e-08,0.0,0.00032552084303461015,0.0,,3.9984964563594003e-08,0.0
periodic,optim/muon_second_momentum_mean,-1,mlp_out,transformer.h.7.mlp.c_proj.weight,7.0,-1.0,g8-muon-768x3072,-,L0:all,24.0,1.0,3.998401005613398e-08,7.480323328968863e-08,1.3015628661377062e-11,0.00032552084303461015,0.0,,0.0,3.998401005613398e-08
periodic,optim/muon_second_momentum_mean,-1,mlp_out,transformer.h.8.mlp.c_proj.weight,8.0,-1.0,g8-muon-768x3072,-,L0:all,24.0,1.0,3.998401005613398e-08,6.322027088223016e-08,1.3015628661377062e-11,0.00032552084303461015,0.0,,3.998401005613398e-08,3.998401005613398e-08
periodic,optim/muon_second_momentum_mean,-1,mlp_out,transformer.h.9.mlp.c_proj.weight,9.0,-1.0,g8-muon-768x3072,-,L0:all,24.0,1.0,0.0,7.480323328968863e-08,0.0,0.00032552084303461015,0.0,,0.0,0.0
periodic,optim/muon_second_momentum_mean,-1,ve_gate,transformer.h.1.attn.ve_gate.weight,1.0,-1.0,g6-muon-6x12,-,L0:all,24.0,1.0,7.996801296257066e-08,1.19952019443856e-07,6.664001874625056e-09,0.0833333432674408,0.0,,7.996801296257065e-08,7.996801296257066e-08
periodic,optim/muon_second_momentum_mean,-1,ve_gate,transformer.h.11.attn.ve_gate.weight,11.0,-1.0,g6-muon-6x12,-,L0:all,24.0,1.0,7.996801296257066e-08,1.2644050785047434e-07,6.664001874625056e-09,0.0833333432674408,1.4901161193847656e-08,0.4472135954999579,7.996799866317989e-08,7.996801296257066e-08
periodic,optim/muon_second_momentum_mean,-1,ve_gate,transformer.h.3.attn.ve_gate.weight,3.0,-1.0,g6-muon-6x12,-,L0:all,24.0,1.0,7.996801296257066e-08,1.19952019443856e-07,6.664001874625056e-09,0.0833333432674408,0.0,,7.996801296257065e-08,7.996801296257066e-08
periodic,optim/muon_second_momentum_mean,-1,ve_gate,transformer.h.5.attn.ve_gate.weight,5.0,-1.0,g6-muon-6x12,-,L0:all,24.0,1.0,7.996801296257065e-08,1.2644050785047434e-07,6.664001874625055e-09,0.0833333432674408,1.0430812838468917e-08,0.6388765648299398,6.322194401693301e-08,7.996801296257065e-08
periodic,optim/muon_second_momentum_mean,-1,ve_gate,transformer.h.7.attn.ve_gate.weight,7.0,-1.0,g6-muon-6x12,-,L0:all,24.0,1.0,8.895420460037485e-08,1.19952019443856e-07,7.4128519967580136e-09,0.0833333432674408,0.0,,4.897150725848785e-08,9.794041375128452e-08
periodic,optim/muon_second_momentum_mean,-1,ve_gate,transformer.h.9.attn.ve_gate.weight,9.0,-1.0,g6-muon-6x12,-,L0:all,24.0,1.0,8.895421335692758e-08,1.19952019443856e-07,7.4128519967580136e-09,0.0833333432674408,0.0,,4.897150287997854e-08,9.794041375128452e-08
periodic,optim/muon_second_momentum_norm,-1,attn_k,transformer.h.0.attn.c_k.weight,0.0,-1.0,g7-muon-768x768,-,L0:all,24.0,1.0,0.00014672565873262314,0.0022945640009751174,5.296023643994336e-06,0.036095455288887024,9.679421782489428e-06,0.5471425631616875,0.00024696811992022666,0.0001431139163374221
periodic,optim/muon_second_momentum_norm,-1,attn_k,transformer.h.1.attn.c_k.weight,1.0,-1.0,g7-muon-768x768,-,L0:all,24.0,1.0,6.336937414981757e-05,0.0022695494014051652,2.2876145058310447e-06,0.03609907813370228,1.2667104601862822e-05,0.18059490133953962,0.001109768204613097,6.263096070501892e-05
periodic,optim/muon_second_momentum_norm,-1,attn_k,transformer.h.10.attn.c_k.weight,10.0,-1.0,g7-muon-768x768,-,L0:all,24.0,1.0,0.001288971082661449,0.008125077906529395,4.6615648076566194e-05,0.03616194240748882,0.00010443739593028745,0.44635015706138825,0.0015467621168108972,0.001214656865082666
periodic,optim/muon_second_momentum_norm,-1,attn_k,transformer.h.11.attn.c_k.weight,11.0,-1.0,g7-muon-768x768,-,L0:all,24.0,1.0,0.0003019538521681483,0.004429594709410873,1.0908496407114915e-05,0.036123672500252724,4.446581006049832e-05,0.2453232358136121,0.0006905686038789633,0.0002560264477191082
periodic,optim/muon_second_momentum_norm,-1,attn_k,transformer.h.2.attn.c_k.weight,2.0,-1.0,g7-muon-768x768,-,L0:all,24.0,1.0,0.00025397037068346023,0.003381756714864451,9.169845621667099e-06,0.03610997833311558,7.775165140628398e-05,0.11793763162342273,0.001876781274814435,0.00023120540553597
periodic,optim/muon_second_momentum_norm,-1,attn_k,transformer.h.3.attn.c_k.weight,3.0,-1.0,g7-muon-768x768,-,L0:all,24.0,1.0,0.00031704500658095427,0.004456907431162292,1.1451365590325577e-05,0.03611822612583637,6.848350167274614e-05,0.16721349391634263,0.001864063702897097,0.0002976738391480639
periodic,optim/muon_second_momentum_norm,-1,attn_k,transformer.h.4.attn.c_k.weight,4.0,-1.0,g7-muon-768x768,-,L0:all,24.0,1.0,0.00022436224926225128,0.0024602474485621636,8.10276796014722e-06,0.0361127145588398,4.538036882877072e-05,0.17855227203464558,0.0009017996805671245,0.00021434048463278354
periodic,optim/muon_second_momentum_norm,-1,attn_k,transformer.h.5.attn.c_k.weight,5.0,-1.0,g7-muon-768x768,-,L0:all,24.0,1.0,0.00020855124486917451,0.002103254040800875,7.528358799216991e-06,0.036097628995776176,1.5844032168393918e-05,0.4751542233191595,0.00036803132938634963,0.00019303547899588913
periodic,optim/muon_second_momentum_norm,-1,attn_k,transformer.h.6.attn.c_k.weight,6.0,-1.0,g7-muon-768x768,-,L0:all,24.0,1.0,0.00018118176426202995,0.0026824320081151524,6.542914526030239e-06,0.03611285239458084,5.975775420665602e-05,0.10949063620100816,0.0025357713746596467,0.00012350164030460194
periodic,optim/muon_second_momentum_norm,-1,attn_k,transformer.h.7.attn.c_k.weight,7.0,-1.0,g7-muon-768x768,-,L0:all,24.0,1.0,0.00013360048583136645,0.0012154521427845508,4.8236121681605635e-06,0.03610180504620075,1.8600374460220337e-05,0.25932876665878823,0.00028317679620800236,0.00012432477513981736
periodic,optim/muon_second_momentum_norm,-1,attn_k,transformer.h.8.attn.c_k.weight,8.0,-1.0,g7-muon-768x768,-,L0:all,24.0,1.0,0.0005488455970918031,0.003696023217614394,1.983005631749554e-05,0.03612480126321316,6.813630461693226e-05,0.2910351013161294,0.0011529670925516783,0.000544143055675944
periodic,optim/muon_second_momentum_norm,-1,attn_k,transformer.h.9.attn.c_k.weight,9.0,-1.0,g7-muon-768x768,-,L0:all,24.0,1.0,0.0001192062849566151,0.002431184294291858,4.303338380917516e-06,0.036099059507250786,2.684481441974501e-05,0.16030427007728937,0.0003188391959728132,0.00010958851706270036
periodic,optim/muon_second_momentum_norm,-1,attn_out,transformer.h.0.attn.c_proj.weight,0.0,-1.0,g7-muon-768x768,-,L0:all,24.0,1.0,6.951523848379378e-05,0.0012347830732208675,2.5091202699275366e-06,0.036097366362810135,1.650489866733551e-05,0.1520227612722811,9.12920825359253e-05,6.54553576476606e-05
periodic,optim/muon_second_momentum_norm,-1,attn_out,transformer.h.1.attn.c_proj.weight,1.0,-1.0,g7-muon-768x768,-,L0:all,24.0,1.0,6.5033037732492455e-06,0.00056478219894452,2.3467871079597493e-07,0.036085980013012886,2.4694949388517906e-06,0.09503105558300536,7.167032412889944e-05,5.825740708222077e-06
periodic,optim/muon_second_momentum_norm,-1,attn_out,transformer.h.10.attn.c_proj.weight,10.0,-1.0,g7-muon-768x768,-,L0:all,24.0,1.0,0.0008842720547129578,0.003626165315897365,3.2044541227115087e-05,0.036249082535505295,0.00025520063936710496,0.12556606953095897,0.0009631232721386904,0.0007082681143217728
periodic,optim/muon_second_momentum_norm,-1,attn_out,transformer.h.11.attn.c_proj.weight,11.0,-1.0,g7-muon-768x768,-,L0:all,24.0,1.0,0.000706506838761759,0.003304735019705761,2.5553153010014124e-05,0.03618479706346989,0.0001560050994157819,0.16379690859918838,0.0010468131128706104,0.0006673998222078016
periodic,optim/muon_second_momentum_norm,-1,attn_out,transformer.h.2.attn.c_proj.weight,2.0,-1.0,g7-muon-768x768,-,L0:all,24.0,1.0,4.933165059094074e-05,0.002393527289815139,1.7810316140329268e-06,0.03609785996377468,1.8572062253946475e-05,0.09589843010861468,0.0010763842779905914,3.845904024152184e-05
periodic,optim/muon_second_momentum_norm,-1,attn_out,transformer.h.3.attn.c_proj.weight,3.0,-1.0,g7-muon-768x768,-,L0:all,24.0,1.0,4.283581531531566e-05,0.0010038456054514222,1.5459880197839084e-06,0.03609074093401432,1.0047107934951782e-05,0.1538739336526624,0.0002105027688065992,3.891086015660359e-05
periodic,optim/muon_second_momentum_norm,-1,attn_out,transformer.h.4.attn.c_proj.weight,4.0,-1.0,g7-muon-768x768,-,L0:all,24.0,1.0,8.838049087494352e-05,0.0003384268724429165,3.1910207752158355e-06,0.036102186888456345,2.5914981961250305e-05,0.12313420784885162,0.00023301558720359252,8.066326422800076e-05
periodic,optim/muon_second_momentum_norm,-1,attn_out,transformer.h.5.attn.c_proj.weight,5.0,-1.0,g7-muon-768x768,-,L0:all,24.0,1.0,4.5024569254131146e-05,0.0009931494699224966,1.6248712616113343e-06,0.036089543253183365,6.682053208355299e-06,0.24316945868967055,0.0001501072635979265,4.167726248249139e-05
periodic,optim/muon_second_momentum_norm,-1,attn_out,transformer.h.6.attn.c_proj.weight,6.0,-1.0,g7-muon-768x768,-,L0:all,24.0,1.0,0.00012044150410427613,0.001099384301840335,4.350207449721427e-06,0.036113014444708824,3.970563411712785e-05,0.10956146517868794,0.0005400421292512628,9.923368028230972e-05
periodic,optim/muon_second_momentum_norm,-1,attn_out,transformer.h.7.attn.c_proj.weight,7.0,-1.0,g7-muon-768x768,-,L0:all,24.0,1.0,0.0001534451461968425,0.001105919006390617,5.541289974025275e-06,0.0361078716814518,4.581138491630693e-05,0.12095879625007382,0.00021040097210280677,0.0001266744558639406
periodic,optim/muon_second_momentum_norm,-1,attn_out,transformer.h.8.attn.c_proj.weight,8.0,-1.0,g7-muon-768x768,-,L0:all,24.0,1.0,0.00035900771633640756,0.0026539473982099887,1.2995165018837291e-05,0.036169327795505524,0.00013474673032760204,0.09644141262086944,0.0007105934789506328,0.00029050180078482645
periodic,optim/muon_second_momentum_norm,-1,attn_out,transformer.h.9.attn.c_proj.weight,9.0,-1.0,g7-muon-768x768,-,L0:all,24.0,1.0,0.00012982661526526608,0.0016034959729341167,4.688273812110021e-06,0.03611360862851143,4.774555563926558e-05,0.09819288411955186,0.00020828475847678793,0.00012273885267762456
periodic,optim/muon_second_momentum_norm,-1,attn_q,transformer.h.0.attn.c_q.weight,0.0,-1.0,g7-muon-768x768,-,L0:all,24.0,1.0,4.7613606302811416e-05,0.0037271008197606223,1.7183897045948838e-06,0.03609020262956619,7.59623944759924e-06,0.22621584225309982,0.0005557677783681166,4.6686175256310684e-05
periodic,optim/muon_second_momentum_norm,-1,attn_q,transformer.h.1.attn.c_q.weight,1.0,-1.0,g7-muon-768x768,-,L0:all,24.0,1.0,4.7211995468281603e-05,0.0038943835346392287,1.704022353210867e-06,0.03609400428831577,2.0769983530045943e-05,0.0820425471568536,0.001166131927762741,4.411547605587331e-05
periodic,optim/muon_second_momentum_norm,-1,attn_q,transformer.h.10.attn.c_q.weight,10.0,-1.0,g7-muon-768x768,-,L0:all,24.0,1.0,0.0012922363174043992,0.012602668981286706,4.679398159450452e-05,0.03617808409035206,0.00013840459287166318,0.3380955835612669,0.003952375648479061,0.0012420632239155333
periodic,optim/muon_second_momentum_norm,-1,attn_q,transformer.h.11.attn.c_q.weight,11.0,-1.0,g7-muon-768x768,-,L0:all,24.0,1.0,0.0008761671868867865,0.009558231482368925,3.169232268263602e-05,0.03618607483804226,0.0001285713165998445,0.246496057758145,0.0027016735853393373,0.0008677842744922276
periodic,optim/muon_second_momentum_norm,-1,attn_q,transformer.h.2.attn.c_q.weight,2.0,-1.0,g7-muon-768x768,-,L0:all,24.0,1.0,0.00026720177566369517,0.003339220569192357,9.65277052231597e-06,0.03612448461353779,8.880421519279202e-05,0.10869721106548845,0.0031101782551899004,0.0001922127526325007
periodic,optim/muon_second_momentum_norm,-1,attn_q,transformer.h.3.attn.c_q.weight,3.0,-1.0,g7-muon-768x768,-,L0:all,24.0,1.0,0.0003547278667837671,0.00687787454082679,1.281738283143282e-05,0.036123959347605705,0.00010174736380576949,0.12597262820391641,0.001669489880442073,0.00032116544330350956
periodic,optim/muon_second_momentum_norm,-1,attn_q,transformer.h.4.attn.c_q.weight,4.0,-1.0,g7-muon-768x768,-,L0:all,24.0,1.0,0.0005115669885100805,0.003174241960739504,1.8474370547757354e-05,0.03611183539032936,7.900074124336104e-05,0.2338505975639802,0.0016007102169622307,0.0004784696170561912
periodic,optim/muon_second_momentum_norm,-1,attn_q,transformer.h.5.attn.c_q.weight,5.0,-1.0,g7-muon-768x768,-,L0:all,24.0,1.0,0.0002208978644042878,0.005077376625707099,7.976397980651367e-06,0.036105573177337646,3.628693521022519e-05,0.21981459537546508,0.0016205936799217416,0.00019856522036682675
periodic,optim/muon_second_momentum_norm,-1,attn_q,transformer.h.6.attn.c_q.weight,6.0,-1.0,g7-muon-768x768,-,L0:all,24.0,1.0,0.0005089710142686721,0.005213931104534906,1.8392848443889767e-05,0.03613941930234432,9.42688435316072e-05,0.19511057688665576,0.0038289078383169062,0.0004696380129837925
periodic,optim/muon_second_momentum_norm,-1,attn_q,transformer.h.7.attn.c_q.weight,7.0,-1.0,g7-muon-768x768,-,L0:all,24.0,1.0,0.00041356183123000877,0.004153389254457544,1.4933254923791458e-05,0.03611207380890846,4.175715148448805e-05,0.35762149459210274,0.0007139212791624548,0.00040520526568082424
periodic,optim/muon_second_momentum_norm,-1,attn_q,transformer.h.8.attn.c_q.weight,8.0,-1.0,g7-muon-768x768,-,L0:all,24.0,1.0,0.00048792979584720136,0.0069014918573117425,1.762818994338485e-05,0.036129703745245934,8.810572326183042e-05,0.2000799640563398,0.003151742089271295,0.0004314191434857275
periodic,optim/muon_second_momentum_norm,-1,attn_q,transformer.h.9.attn.c_q.weight,9.0,-1.0,g7-muon-768x768,-,L0:all,24.0,1.0,0.0003420628828966855,0.004786637296646671,1.2357203173253582e-05,0.036122217774391174,6.116554141044617e-05,0.2020288366342026,0.0006293991402619556,0.000288028557751304
periodic,optim/muon_second_momentum_norm,-1,attn_v,transformer.h.0.attn.c_v.weight,0.0,-1.0,g7-muon-768x768,-,L0:all,24.0,1.0,0.001017725016497884,0.008019155274669386,3.6754906417349544e-05,0.0361123438924551,8.327215909957608e-05,0.4413828921308305,0.0041958776111672095,0.0009768022192854742
periodic,optim/muon_second_momentum_norm,-1,attn_v,transformer.h.1.attn.c_v.weight,1.0,-1.0,g7-muon-768x768,-,L0:all,24.0,1.0,0.001387446576943203,0.00498308458367308,5.027629915823039e-05,0.03623662516474724,0.00023577027022838454,0.2132427430715885,0.004597875788895211,0.0012531372111151476
periodic,optim/muon_second_momentum_norm,-1,attn_v,transformer.h.10.attn.c_v.weight,10.0,-1.0,g7-muon-768x768,-,L0:all,24.0,1.0,0.0042027238175777115,0.024208365491085685,0.00015318716672451567,0.03644026257097721,0.0004748914390802425,0.32257302220735884,0.006556144193502243,0.004058145267983674
periodic,optim/muon_second_momentum_norm,-1,attn_v,transformer.h.11.attn.c_v.weight,11.0,-1.0,g7-muon-768x768,-,L0:all,24.0,1.0,0.001001743452572203,0.025720876875828486,3.628979476904901e-05,0.03626053035259247,0.00017662383615970473,0.20546374463430564,0.009401759383191407,0.0009208666268791371
periodic,optim/muon_second_momentum_norm,-1,attn_v,transformer.h.2.attn.c_v.weight,2.0,-1.0,g7-muon-768x768,-,L0:all,24.0,1.0,0.0023542375644154674,0.005730550978220997,8.535560636804249e-05,0.03623178042471409,0.0003515847027301816,0.24277394808484418,0.0056067297843053815,0.002295841600212259
periodic,optim/muon_second_momentum_norm,-1,attn_v,transformer.h.3.attn.c_v.weight,3.0,-1.0,g7-muon-768x768,-,L0:all,24.0,1.0,0.002896865698808403,0.008599260600096657,0.00010530839169917204,0.03631936199963093,0.00039225220680236955,0.2684711261604963,0.004248369274001545,0.0027838787594520985
periodic,optim/muon_second_momentum_norm,-1,attn_v,transformer.h.4.attn.c_v.weight,4.0,-1.0,g7-muon-768x768,-,L0:all,24.0,1.0,0.002554186177086831,0.0048273455439915985,9.254528028188267e-05,0.03623279370367527,0.00026075281202792705,0.35491575167354633,0.0044415965485557546,0.0024916963358419695
periodic,optim/muon_second_momentum_norm,-1,attn_v,transformer.h.5.attn.c_v.weight,5.0,-1.0,g7-muon-768x768,-,L0:all,24.0,1.0,0.0018533280627115298,0.006726737477329468,6.719484760967008e-05,0.036266639828681946,0.0002879742532968521,0.2333363029520688,0.002575314287483156,0.001850647188784959
periodic,optim/muon_second_momentum_norm,-1,attn_v,transformer.h.6.attn.c_v.weight,6.0,-1.0,g7-muon-768x768,-,L0:all,24.0,1.0,0.001384538990648878,0.005776108229966566,5.0192210451165185e-05,0.036249078810214996,0.00023969858884811263,0.20939718791156495,0.004245175077483917,0.0013606284997512146
periodic,optim/muon_second_momentum_norm,-1,attn_v,transformer.h.7.attn.c_v.weight,7.0,-1.0,g7-muon-768x768,-,L0:all,24.0,1.0,0.0009562817840818895,0.006756275203005341,3.472546032456446e-05,0.036314137279987335,0.00019383542239666263,0.1791491972685089,0.004976231737752799,0.0008290665310496547
periodic,optim/muon_second_momentum_norm,-1,attn_v,transformer.h.8.attn.c_v.weight,8.0,-1.0,g7-muon-768x768,-,L0:all,24.0,1.0,0.0024758220492014805,0.013020238394936115,9.017071117629815e-05,0.036410730332136154,0.00040935650467872897,0.22027428450676725,0.00576596302710434,0.0022576617082081816
periodic,optim/muon_second_momentum_norm,-1,attn_v,transformer.h.9.attn.c_v.weight,9.0,-1.0,g7-muon-768x768,-,L0:all,24.0,1.0,0.0003532913580799375,0.008990010790747733,1.2785107132856996e-05,0.03617922216653824,0.00010582059621810913,0.12081870250008168,0.0014465617036716753,0.00031453559583220417
periodic,optim/muon_second_momentum_norm,-1,mlp_in,transformer.h.0.mlp.c_fc.weight,0.0,-1.0,g9-muon-3072x768,-,L0:all,24.0,1.0,0.0008343780742720492,0.0051205743252607855,1.5276172050451503e-05,0.018312836065888405,0.00011189263314008782,0.1365252708936251,0.0015858482038895146,0.0007733563918474611
periodic,optim/muon_second_momentum_norm,-1,mlp_in,transformer.h.1.mlp.c_fc.weight,1.0,-1.0,g9-muon-3072x768,-,L0:all,24.0,1.0,0.0008905535547822635,0.005889196050484758,1.625713538736184e-05,0.018248984590172768,0.00012084748595952988,0.13452605371373738,0.0014725806048235248,0.000756544855969899
periodic,optim/muon_second_momentum_norm,-1,mlp_in,transformer.h.10.mlp.c_fc.weight,10.0,-1.0,g9-muon-3072x768,-,L0:all,24.0,1.0,0.0011030868235702151,0.004551186833244596,2.0243504199911113e-05,0.018319456838071346,0.0002158723771572106,0.09377533367860509,0.0030691863847168797,0.0008776728062884317
periodic,optim/muon_second_momentum_norm,-1,mlp_in,transformer.h.11.mlp.c_fc.weight,11.0,-1.0,g9-muon-3072x768,-,L0:all,24.0,1.0,0.0020849051407145925,0.005233680538533383,3.839709244475401e-05,0.018486937507987022,0.0003063281998038313,0.12534625434205218,0.003927675708565571,0.001909674151820105
periodic,optim/muon_second_momentum_norm,-1,mlp_in,transformer.h.2.mlp.c_fc.weight,2.0,-1.0,g9-muon-3072x768,-,L0:all,24.0,1.0,0.001207071509337416,0.005689344930603303,2.2036354301851635e-05,0.018286566250026226,0.0001250743865966776,0.1761859874069292,0.0030939693087561537,0.0010788546745996216
periodic,optim/muon_second_momentum_norm,-1,mlp_in,transformer.h.3.mlp.c_fc.weight,3.0,-1.0,g9-muon-3072x768,-,L0:all,24.0,1.0,0.0011865336169120623,0.004528616075995433,2.1790664900903202e-05,0.018346112221479416,0.00020553395152092188,0.1060197828127927,0.002288926511318617,0.0010445001138879916
periodic,optim/muon_second_momentum_norm,-1,mlp_in,transformer.h.4.mlp.c_fc.weight,4.0,-1.0,g9-muon-3072x768,-,L0:all,24.0,1.0,0.001081338948336694,0.005153383989355101,1.9792701324784853e-05,0.018351865001022816,0.00020930655300617149,0.0945632185925935,0.0014991512718229884,0.0009950377003969833
periodic,optim/muon_second_momentum_norm,-1,mlp_in,transformer.h.5.mlp.c_fc.weight,5.0,-1.0,g9-muon-3072x768,-,L0:all,24.0,1.0,0.0008598721836619904,0.0027061875602865447,1.5740033937357795e-05,0.018333612009882927,0.000203008018434047,0.07753405042210881,0.0016721762188819465,0.0007432085047260782
periodic,optim/muon_second_momentum_norm,-1,mlp_in,transformer.h.6.mlp.c_fc.weight,6.0,-1.0,g9-muon-3072x768,-,L0:all,24.0,1.0,0.0011300722679105364,0.0025375386559120115,2.0674468055191914e-05,0.018335558474063873,0.00019434988498687883,0.10637756773865707,0.0015704803212509334,0.0010591291555965732
periodic,optim/muon_second_momentum_norm,-1,mlp_in,transformer.h.7.mlp.c_fc.weight,7.0,-1.0,g9-muon-3072x768,-,L0:all,24.0,1.0,0.000746368435922397,0.0030973126713280696,1.3617189331982884e-05,0.018314285203814507,0.00018243063241243224,0.07464310763993659,0.0010457112526473982,0.0007025436016545853
periodic,optim/muon_second_momentum_norm,-1,mlp_in,transformer.h.8.mlp.c_fc.weight,8.0,-1.0,g9-muon-3072x768,-,L0:all,24.0,1.0,0.0007168121540542687,0.003690425231408852,1.3141265209029214e-05,0.018284814432263374,0.00016102176159620354,0.08161173420760197,0.0021920771511173,0.0006977995597014709
periodic,optim/muon_second_momentum_norm,-1,mlp_in,transformer.h.9.mlp.c_fc.weight,9.0,-1.0,g9-muon-3072x768,-,L0:all,24.0,1.0,0.0010719520993715862,0.0036791284118964976,1.9614055545153674e-05,0.018298006616532803,0.00018594078719616144,0.10548549267171536,0.0022141114216914816,0.0010450031753838993
periodic,optim/muon_second_momentum_norm,-1,mlp_out,transformer.h.0.mlp.c_proj.weight,0.0,-1.0,g8-muon-768x3072,-,L0:all,24.0,1.0,0.005629415916809489,0.01063259873756778,0.00011371676046235957,0.020173685625195503,0.0006018644198775291,0.18894082571868812,0.006910031228426185,0.0056071196077099525
periodic,optim/muon_second_momentum_norm,-1,mlp_out,transformer.h.1.mlp.c_proj.weight,1.0,-1.0,g8-muon-768x3072,-,L0:all,24.0,1.0,0.0037101535803329023,0.006238388435155333,7.383674678921674e-05,0.019741634838283062,0.0005980545654892915,0.12346155526596149,0.006073836641237224,0.0036463673842763566
periodic,optim/muon_second_momentum_norm,-1,mlp_out,transformer.h.10.mlp.c_proj.weight,10.0,-1.0,g8-muon-768x3072,-,L0:all,24.0,1.0,0.0025725819674849953,0.005310170240749215,4.876840204032097e-05,0.019192250445485115,0.0003936259075999274,0.12389530541238684,0.004580160600117366,0.002535416699231509
periodic,optim/muon_second_momentum_norm,-1,mlp_out,transformer.h.11.mlp.c_proj.weight,11.0,-1.0,g8-muon-768x3072,-,L0:all,24.0,1.0,0.005926343087193123,0.013443867956844833,0.00011571679405149235,0.019546015188097954,0.0007801886647939675,0.1483189890768932,0.005474018239032681,0.006013812567224642
periodic,optim/muon_second_momentum_norm,-1,mlp_out,transformer.h.2.mlp.c_proj.weight,2.0,-1.0,g8-muon-768x3072,-,L0:all,24.0,1.0,0.004283615839605874,0.007961053106289081,8.47403139977411e-05,0.019738552160561085,0.0006506549194455133,0.1302384896589372,0.0044286793332923525,0.004138552345919395
periodic,optim/muon_second_momentum_norm,-1,mlp_out,transformer.h.3.mlp.c_proj.weight,3.0,-1.0,g8-muon-768x3072,-,L0:all,24.0,1.0,0.002741471954866284,0.004551051838541771,5.364314720408192e-05,0.019718870520591736,0.0006422929465770694,0.08351819444687802,0.0029651846387891787,0.00273457609901136
periodic,optim/muon_second_momentum_norm,-1,mlp_out,transformer.h.4.mlp.c_proj.weight,4.0,-1.0,g8-muon-768x3072,-,L0:all,24.0,1.0,0.0033816339420946026,0.005297670292687302,6.55429808270864e-05,0.019570257514715195,0.0006866408511996269,0.09545453159767085,0.003236311870703867,0.0034072072144451285
periodic,optim/muon_second_momentum_norm,-1,mlp_out,transformer.h.5.mlp.c_proj.weight,5.0,-1.0,g8-muon-768x3072,-,L0:all,24.0,1.0,0.0024966799663339164,0.005829534535917561,4.7804601908492766e-05,0.019559658132493496,0.0006363678723573657,0.07512101723709756,0.0037419818228191385,0.0024939497859330817
periodic,optim/muon_second_momentum_norm,-1,mlp_out,transformer.h.6.mlp.c_proj.weight,6.0,-1.0,g8-muon-768x3072,-,L0:all,24.0,1.0,0.0030995682811689722,0.004246773183202604,6.109165205880916e-05,0.019465139135718346,0.0006494218483567259,0.09407082963622693,0.002976739097236207,0.0032223974651017376
periodic,optim/muon_second_momentum_norm,-1,mlp_out,transformer.h.7.mlp.c_proj.weight,7.0,-1.0,g8-muon-768x3072,-,L0:all,24.0,1.0,0.002711755363441982,0.003762381805950495,5.263786468085722e-05,0.01947461161762476,0.0004442980512976667,0.11847421911286167,0.0032205501578150856,0.0026586572110251583
periodic,optim/muon_second_momentum_norm,-1,mlp_out,transformer.h.8.mlp.c_proj.weight,8.0,-1.0,g8-muon-768x3072,-,L0:all,24.0,1.0,0.0015661938071423755,0.0036313126346804465,3.0156146536827588e-05,0.019247190095484257,0.0003535117954015718,0.085304498828877,0.002657441939787849,0.001543720870807899
periodic,optim/muon_second_momentum_norm,-1,mlp_out,transformer.h.9.mlp.c_proj.weight,9.0,-1.0,g8-muon-768x3072,-,L0:all,24.0,1.0,0.0017850594436541918,0.004459320867351923,3.4458305949047565e-05,0.019249264150857925,0.0004330730065703406,0.07956696775431737,0.004303553748457152,0.0015266429316246842
periodic,optim/muon_second_momentum_norm,-1,ve_gate,transformer.h.1.attn.ve_gate.weight,1.0,-1.0,g6-muon-6x12,-,L0:all,24.0,1.0,0.0033216031642908346,0.016549482709054958,0.0009703363583703891,0.29196617007255554,0.0014951884746551292,0.6489726043361863,0.00741627254176736,0.0030935006803381767
periodic,optim/muon_second_momentum_norm,-1,ve_gate,transformer.h.11.attn.ve_gate.weight,11.0,-1.0,g6-muon-6x12,-,L0:all,24.0,1.0,0.014340708851978617,0.020561035764883287,0.00434015875482612,0.3009354919195175,0.004572343826293956,0.9492196824454406,0.011683295519089714,0.014571336726832897
periodic,optim/muon_second_momentum_norm,-1,ve_gate,transformer.h.3.attn.ve_gate.weight,3.0,-1.0,g6-muon-6x12,-,L0:all,24.0,1.0,0.004759447194563201,0.012538320847417052,0.0013942319939372525,0.2924394905567169,0.00228365361690519,0.6105269133708278,0.005863579558460302,0.004345439963412742
periodic,optim/muon_second_momentum_norm,-1,ve_gate,transformer.h.5.attn.ve_gate.weight,5.0,-1.0,g6-muon-6x12,-,L0:all,24.0,1.0,0.005267047393909921,0.020619409345209797,0.0015419778615068489,0.2929803282022476,0.002329257130622875,0.6620041391027117,0.006158447648173511,0.005109415931033619
periodic,optim/muon_second_momentum_norm,-1,ve_gate,transformer.h.7.attn.ve_gate.weight,7.0,-1.0,g6-muon-6x12,-,L0:all,24.0,1.0,0.007525356179241821,0.02147759106910923,0.002203987825250405,0.2936006784439087,0.0034122586250305287,0.6459029245565132,0.008795697326286685,0.007483873625653514
periodic,optim/muon_second_momentum_norm,-1,ve_gate,transformer.h.9.attn.ve_gate.weight,9.0,-1.0,g6-muon-6x12,-,L0:all,24.0,1.0,0.011363719758395714,0.01700286270595848,0.003389968725615312,0.29705534875392914,0.0027068734169006237,1.2523558377165764,0.011370760968891743,0.011356678547899684
periodic,optim/muon_second_momentum_rms,-1,attn_k,transformer.h.0.attn.c_k.weight,0.0,-1.0,g7-muon-768x768,-,L0:all,24.0,1.0,0.0001467236977888481,0.002294566973334595,1.911012381889228e-07,0.0013024825602769852,3.4921104088416963e-07,0.5472371025414099,0.00024697159079557513,0.00014312485804774617
periodic,optim/muon_second_momentum_rms,-1,attn_k,transformer.h.1.attn.c_k.weight,1.0,-1.0,g7-muon-768x768,-,L0:all,24.0,1.0,6.336858671736827e-05,0.002269559166690842,8.254615828607885e-08,0.0013026133528910577,4.5712804421795504e-07,0.18057557249041034,0.0011097506649436469,6.263146767874456e-05
periodic,optim/muon_second_momentum_rms,-1,attn_k,transformer.h.10.attn.c_k.weight,10.0,-1.0,g7-muon-768x768,-,L0:all,24.0,1.0,0.0012889859972679658,0.008125051478613919,1.6821167558966846e-06,0.0013048817054368556,3.7685502320529765e-06,0.44635646397642026,0.0015467396129681123,0.0012146374882184446
periodic,optim/muon_second_momentum_rms,-1,attn_k,transformer.h.11.attn.c_k.weight,11.0,-1.0,g7-muon-768x768,-,L0:all,24.0,1.0,0.0003019591054131408,0.004429574151103978,3.9363332515678e-07,0.0013035007286816835,1.6045523807406425e-06,0.2453228264041361,0.0006905522772483576,0.00025604608750025754
periodic,optim/muon_second_momentum_rms,-1,attn_k,transformer.h.2.attn.c_k.weight,2.0,-1.0,g7-muon-768x768,-,L0:all,24.0,1.0,0.00025396679397742363,0.0033817661078183567,3.3088365720932925e-07,0.00130300666205585,2.8055859729648504e-06,0.11793745064232067,0.001876794728615991,0.0002311956904510319
periodic,optim/muon_second_momentum_rms,-1,attn_k,transformer.h.3.attn.c_k.weight,3.0,-1.0,g7-muon-768x768,-,L0:all,24.0,1.0,0.0003170460087386666,0.00445690305547605,4.132168809509544e-07,0.0013033042778261006,2.471101470291571e-06,0.16721971392870322,0.0018640669531211614,0.0002976508539543124
periodic,optim/muon_second_momentum_rms,-1,attn_k,transformer.h.4.attn.c_k.weight,4.0,-1.0,g7-muon-768x768,-,L0:all,24.0,1.0,0.0002243963699663511,0.0024602606032148536,2.9242792443835916e-07,0.0013031053822487593,1.6375677660109347e-06,0.1785745484907197,0.0009018345162125499,0.0002143524175224188
periodic,optim/muon_second_momentum_rms,-1,attn_k,transformer.h.5.attn.c_k.weight,5.0,-1.0,g7-muon-768x768,-,L0:all,24.0,1.0,0.0002085521602762098,0.002103264196476602,2.7165744842967016e-07,0.0013025610242038965,5.716807208954421e-07,0.4751908512922463,0.0003680254347553557,0.0001930642614935761
periodic,optim/muon_second_momentum_rms,-1,attn_k,transformer.h.6.attn.c_k.weight,6.0,-1.0,g7-muon-768x768,-,L0:all,24.0,1.0,0.00018120469212720507,0.0026824336868861193,2.3612697772703604e-07,0.0013031103881075978,2.1561980247497125e-06,0.1095108032827575,0.002535749067024814,0.0001235178457433091
periodic,optim/muon_second_momentum_rms,-1,attn_k,transformer.h.7.attn.c_k.weight,7.0,-1.0,g7-muon-768x768,-,L0:all,24.0,1.0,0.0001336024365236386,0.0012154307530597372,1.7405964372060845e-07,0.0013027117238380015,6.712740287183848e-07,0.2592974497358821,0.0002831862835719303,0.00012433274187325662
periodic,optim/muon_second_momentum_rms,-1,attn_k,transformer.h.8.attn.c_k.weight,8.0,-1.0,g7-muon-768x768,-,L0:all,24.0,1.0,0.000548834345028969,0.003695976677144,7.155408669374586e-07,0.001303541474044323,2.4587265215812813e-06,0.29102092512398353,0.0011529585870881786,0.0005441364302257693
periodic,optim/muon_second_momentum_rms,-1,attn_k,transformer.h.9.attn.c_k.weight,9.0,-1.0,g7-muon-768x768,-,L0:all,24.0,1.0,0.00011922359154174371,0.0024311743372506817,1.553058966484877e-07,0.0013026126543991268,9.686802513895684e-07,0.16032730761848601,0.0003188044467265133,0.00010960853044876572
periodic,optim/muon_second_momentum_rms,-1,attn_out,transformer.h.0.attn.c_proj.weight,0.0,-1.0,g7-muon-768x768,-,L0:all,24.0,1.0,6.951259284379801e-05,0.0012347937930584432,9.053663571169665e-08,0.0013025515363551676,5.956273525951558e-07,0.15200214583367838,9.128757658043548e-05,6.541560069749855e-05
periodic,optim/muon_second_momentum_rms,-1,attn_out,transformer.h.1.attn.c_proj.weight,1.0,-1.0,g7-muon-768x768,-,L0:all,24.0,1.0,6.482971098128836e-06,0.000564747796774724,8.44184203768157e-09,0.0013021405902691185,8.917413651943207e-08,0.0946669333416197,7.163683089533191e-05,5.830563343411402e-06
periodic,optim/muon_second_momentum_rms,-1,attn_out,transformer.h.10.attn.c_proj.weight,10.0,-1.0,g7-muon-768x768,-,L0:all,24.0,1.0,0.0008842539259278071,0.0036261559197753967,1.156284100979756e-06,0.001308026083279401,9.208649862557563e-06,0.1255649979353885,0.0009631091191302886,0.0007082943714374505
periodic,optim/muon_second_momentum_rms,-1,attn_out,transformer.h.11.attn.c_proj.weight,11.0,-1.0,g7-muon-768x768,-,L0:all,24.0,1.0,0.0007064780151042458,0.00330471999311935,9.220323748688573e-07,0.0013057064497843385,5.629390943795399e-06,0.1637890109382264,0.0010468316655806447,0.0006674104685116872
periodic,optim/muon_second_momentum_rms,-1,attn_out,transformer.h.2.attn.c_proj.weight,2.0,-1.0,g7-muon-768x768,-,L0:all,24.0,1.0,4.934655837157352e-05,0.0023935051886292183,6.428686644837438e-08,0.0013025692896917462,6.701680831610289e-07,0.0959264818240045,0.0010763881618979512,3.845350794561629e-05
periodic,optim/muon_second_momentum_rms,-1,attn_out,transformer.h.3.attn.c_proj.weight,3.0,-1.0,g7-muon-768x768,-,L0:all,24.0,1.0,4.284013900064235e-05,0.0010038333626232636,5.5791667395310366e-08,0.001302312419284135,3.624823875724402e-07,0.1539155261279024,0.00021050123511722737,3.8877669104955816e-05
periodic,optim/muon_second_momentum_rms,-1,attn_out,transformer.h.4.attn.c_proj.weight,4.0,-1.0,g7-muon-768x768,-,L0:all,24.0,1.0,8.837428603741204e-05,0.00033841418059178056,1.1513796418864597e-07,0.0013027254026383162,9.35187563300046e-07,0.12311751001302083,0.00023301828354135886,8.065518035459196e-05
periodic,optim/muon_second_momentum_rms,-1,attn_out,transformer.h.5.attn.c_proj.weight,5.0,-1.0,g7-muon-768x768,-,L0:all,24.0,1.0,4.500438220362972e-05,0.0009931802044352866,5.860620283064407e-08,0.0013022691709920764,2.4117762222899096e-07,0.24300016846089986,0.00015009297486637144,4.166739865005243e-05
periodic,optim/muon_second_momentum_rms,-1,attn_out,transformer.h.6.attn.c_proj.weight,6.0,-1.0,g7-muon-768x768,-,L0:all,24.0,1.0,0.00012043542598592687,0.001099439435508699,1.5696666478906765e-07,0.0013031162088736892,1.4327117241919474e-06,0.10955914029222955,0.0005400381465810005,9.920428756961478e-05
periodic,optim/muon_second_momentum_rms,-1,attn_out,transformer.h.7.attn.c_proj.weight,7.0,-1.0,g7-muon-768x768,-,L0:all,24.0,1.0,0.00015346302730297813,0.0011058898107714397,1.9997737151092584e-07,0.001302930642850697,1.6531092114746137e-06,0.12097045381081699,0.00021037923288568614,0.0001266608804097597
periodic,optim/muon_second_momentum_rms,-1,attn_out,transformer.h.8.attn.c_proj.weight,8.0,-1.0,g7-muon-768x768,-,L0:all,24.0,1.0,0.0003590000884196925,0.0026539538613371996,4.6891265981925963e-07,0.0013051482383161783,4.862318746745586e-06,0.0964380749684724,0.0007106356488019448,0.0002904810000420611
periodic,optim/muon_second_momentum_rms,-1,attn_out,transformer.h.9.attn.c_proj.weight,9.0,-1.0,g7-muon-768x768,-,L0:all,24.0,1.0,0.00012982141198337788,0.0016035090249733198,1.6916673628788955e-07,0.0013031376292929053,1.7228652723132263e-06,0.0981891846138124,0.00020828721416173555,0.00012271704516978227
periodic,optim/muon_second_momentum_rms,-1,attn_q,transformer.h.0.attn.c_q.weight,0.0,-1.0,g7-muon-768x768,-,L0:all,24.0,1.0,4.7625265285378075e-05,0.0037270961207453365,6.202182592874568e-08,0.001302293036133051,2.7418136596671014e-07,0.22620729789593394,0.0005557964160266906,4.6682933292662836e-05
periodic,optim/muon_second_momentum_rms,-1,attn_q,transformer.h.1.attn.c_q.weight,1.0,-1.0,g7-muon-768x768,-,L0:all,24.0,1.0,4.7217802257226694e-05,0.003894395685787043,6.149617003888066e-08,0.001302430173382163,7.495633326472153e-07,0.08204266052035399,0.0011661518864249764,4.410399327497495e-05
periodic,optim/muon_second_momentum_rms,-1,attn_q,transformer.h.10.attn.c_q.weight,10.0,-1.0,g7-muon-768x768,-,L0:all,24.0,1.0,0.001292253384709364,0.012602657232588917,1.6885546646120189e-06,0.0013054641894996166,4.994263872504278e-06,0.3380988084967416,0.003952355330187225,0.0012421075199828872
periodic,optim/muon_second_momentum_rms,-1,attn_q,transformer.h.11.attn.c_q.weight,11.0,-1.0,g7-muon-768x768,-,L0:all,24.0,1.0,0.000876166087876779,0.009558250958906528,1.1435967400341127e-06,0.001305752492044121,4.639383405447006e-06,0.24649757092536023,0.002701679304099176,0.000867790350982706
periodic,optim/muon_second_momentum_rms,-1,attn_q,transformer.h.2.attn.c_q.weight,2.0,-1.0,g7-muon-768x768,-,L0:all,24.0,1.0,0.0002671910764301223,0.003339234608956522,3.483004090982197e-07,0.0013035301235504448,3.204459790140564e-06,0.10869239494590177,0.0031101785699405057,0.00019220565090851394
periodic,optim/muon_second_momentum_rms,-1,attn_q,transformer.h.3.attn.c_q.weight,3.0,-1.0,g7-muon-768x768,-,L0:all,24.0,1.0,0.0003547114440931647,0.0068778828814126365,4.6248606994678435e-07,0.0013035110896453261,3.67150641977787e-06,0.12596629749996877,0.001669513705256269,0.000321136600169101
periodic,optim/muon_second_momentum_rms,-1,attn_q,transformer.h.4.attn.c_q.weight,4.0,-1.0,g7-muon-768x768,-,L0:all,24.0,1.0,0.0005115687996764526,0.003174202962056901,6.666388157175273e-07,0.0013030737172812223,2.8507201932370663e-06,0.2338492628280511,0.0016006749062795218,0.00047846148662781737
periodic,optim/muon_second_momentum_rms,-1,attn_q,transformer.h.5.attn.c_q.weight,5.0,-1.0,g7-muon-768x768,-,L0:all,24.0,1.0,0.00022089158477787393,0.005077358835890409,2.878152859653232e-07,0.0013028476969338953,1.3093929737805887e-06,0.2198081796134272,0.0016206117977939707,0.0001985656674955496
periodic,optim/muon_second_momentum_rms,-1,attn_q,transformer.h.6.attn.c_q.weight,6.0,-1.0,g7-muon-768x768,-,L0:all,24.0,1.0,0.000508977964872023,0.005213920049803782,6.637038610245125e-07,0.0013040689518675208,3.4016673453151746e-06,0.19511133619181636,0.0038289266794765994,0.00046961581339668865
periodic,optim/muon_second_momentum_rms,-1,attn_q,transformer.h.7.attn.c_q.weight,7.0,-1.0,g7-muon-768x768,-,L0:all,24.0,1.0,0.0004135622731383814,0.0041533979065335415,5.388579936442825e-07,0.0013030822155997157,1.5068450011312094e-06,0.3576067832058071,0.0007139297432991843,0.0004052245604596341
periodic,optim/muon_second_momentum_rms,-1,attn_q,transformer.h.8.attn.c_q.weight,8.0,-1.0,g7-muon-768x768,-,L0:all,24.0,1.0,0.00048793317961816395,0.006901486053430284,6.361069767849798e-07,0.001303718367125839,3.1792093068362583e-06,0.2000833903628673,0.003151750672372311,0.0004314673728535692
periodic,optim/muon_second_momentum_rms,-1,attn_q,transformer.h.9.attn.c_q.weight,9.0,-1.0,g7-muon-768x768,-,L0:all,24.0,1.0,0.0003420453785583789,0.004786623666262016,4.4587934531880666e-07,0.0013034482835792005,2.2072228603065448e-06,0.20200920955343937,0.0006293826935875294,0.00028803934472583644
periodic,optim/muon_second_momentum_rms,-1,attn_v,transformer.h.0.attn.c_v.weight,0.0,-1.0,g7-muon-768x768,-,L0:all,24.0,1.0,0.0010177129493610772,0.008019138921921527,1.326262791331293e-06,0.0013030919944867492,3.0048424378037886e-06,0.44137515320125936,0.004195866994732348,0.0009768624724874016
periodic,optim/muon_second_momentum_rms,-1,attn_v,transformer.h.1.attn.c_v.weight,1.0,-1.0,g7-muon-768x768,-,L0:all,24.0,1.0,0.00138744667149047,0.0049830748511453015,1.8141899156787238e-06,0.0013075766619294882,8.507608436048118e-06,0.21324323155161992,0.004597944859096415,0.0012531338069249837
periodic,optim/muon_second_momentum_rms,-1,attn_v,transformer.h.10.attn.c_v.weight,10.0,-1.0,g7-muon-768x768,-,L0:all,24.0,1.0,0.004202712655685921,0.024208387070176664,5.527650979547311e-06,0.0013149246806278825,1.7136230599135334e-05,0.3225709964375845,0.006556159059045245,0.004058132781389102
periodic,optim/muon_second_momentum_rms,-1,attn_v,transformer.h.11.attn.c_v.weight,11.0,-1.0,g7-muon-768x768,-,L0:all,24.0,1.0,0.001001761151184416,0.02572087903997985,1.3095182776568377e-06,0.001308439183048904,6.3733896240592e-06,0.20546653427769065,0.009401771314933699,0.0009208993073000911
periodic,optim/muon_second_momentum_rms,-1,attn_v,transformer.h.2.attn.c_v.weight,2.0,-1.0,g7-muon-768x768,-,L0:all,24.0,1.0,0.002354221480606975,0.005730545796844098,3.0799841500180986e-06,0.0013074018061161041,1.2686604168266231e-05,0.24277451311378098,0.005606749547341977,0.002295811574089583
periodic,optim/muon_second_momentum_rms,-1,attn_v,transformer.h.3.attn.c_v.weight,3.0,-1.0,g7-muon-768x768,-,L0:all,24.0,1.0,0.0028968869819573392,0.008599274487118025,3.800017374103791e-06,0.001310562074650079,1.415408914908758e-05,0.26847487917290336,0.004248353630028579,0.0027838758586611065
periodic,optim/muon_second_momentum_rms,-1,attn_v,transformer.h.4.attn.c_v.weight,4.0,-1.0,g7-muon-768x768,-,L0:all,24.0,1.0,0.0025542032316817447,0.00482732359102752,3.3394625411393373e-06,0.0013074383605271578,9.409163612872319e-06,0.3549159817532289,0.004441581843749331,0.0024917103677729808
periodic,optim/muon_second_momentum_rms,-1,attn_v,transformer.h.5.attn.c_v.weight,5.0,-1.0,g7-muon-768x768,-,L0:all,24.0,1.0,0.0018533176791985162,0.006726753352700782,2.4246716305052963e-06,0.001308659731876105,1.0391313116997394e-05,0.2333364035137374,0.00257530206872674,0.0018506329734535325
periodic,optim/muon_second_momentum_rms,-1,attn_v,transformer.h.6.attn.c_v.weight,6.0,-1.0,g7-muon-768x768,-,L0:all,24.0,1.0,0.001384551094243604,0.005776134491016636,1.8111711559060824e-06,0.0013080259086564183,8.649413939565464e-06,0.20939813593856899,0.004245190961382302,0.001360588009645048
periodic,optim/muon_second_momentum_rms,-1,attn_v,transformer.h.7.attn.c_v.weight,7.0,-1.0,g7-muon-768x768,-,L0:all,24.0,1.0,0.0009562836201467352,0.006756280915048446,1.253049483327314e-06,0.0013103735400363803,6.994453724473758e-06,0.17914901330219177,0.004976209268549459,0.0008290444910627417
periodic,optim/muon_second_momentum_rms,-1,attn_v,transformer.h.8.attn.c_v.weight,8.0,-1.0,g7-muon-768x768,-,L0:all,24.0,1.0,0.0024758304788988455,0.013020227031926103,3.253766429832365e-06,0.0013138590729795396,1.4771427959203677e-05,0.22027433223238457,0.005765942981871218,0.0022576613811648148
periodic,optim/muon_second_momentum_rms,-1,attn_v,transformer.h.9.attn.c_v.weight,9.0,-1.0,g7-muon-768x768,-,L0:all,24.0,1.0,0.0003533148174624047,0.008989999432076144,4.613734710223396e-07,0.0013055052841082215,3.818480763584375e-06,0.12082644894333637,0.0014465434897989896,0.00031450556680293784
periodic,optim/muon_second_momentum_rms,-1,mlp_in,transformer.h.0.mlp.c_fc.weight,0.0,-1.0,g9-muon-3072x768,-,L0:all,24.0,1.0,0.0008343858062053489,0.00512056140447765,2.7561827563348744e-07,0.00033040378184523433,2.018793020397403e-06,0.13652626735316903,0.0015858163770101487,0.0007733753878972423
periodic,optim/muon_second_momentum_rms,-1,mlp_in,transformer.h.1.mlp.c_fc.weight,1.0,-1.0,g9-muon-3072x768,-,L0:all,24.0,1.0,0.0008905572231163529,0.005889180551668653,2.9331561523692735e-07,0.00032925176492426544,2.1803571144118905e-06,0.1345264100537235,0.001472582018287783,0.0007565397964173255
periodic,optim/muon_second_momentum_rms,-1,mlp_in,transformer.h.10.mlp.c_fc.weight,10.0,-1.0,g9-muon-3072x768,-,L0:all,24.0,1.0,0.0011030804750368508,0.004551200625151289,3.6523518040045965e-07,0.0003305232530692592,3.894808469340194e-06,0.09377487578030579,0.003069172622764281,0.0008776600112058772
periodic,optim/muon_second_momentum_rms,-1,mlp_in,transformer.h.11.mlp.c_fc.weight,11.0,-1.0,g9-muon-3072x768,-,L0:all,24.0,1.0,0.002084897698760611,0.005233657403608947,6.927654095963683e-07,0.0003335449582664296,5.526855238713346e-06,0.12534531477210256,0.003927694337688882,0.0019096678337979071
periodic,optim/muon_second_momentum_rms,-1,mlp_in,transformer.h.2.mlp.c_fc.weight,2.0,-1.0,g9-muon-3072x768,-,L0:all,24.0,1.0,0.001207057027827751,0.005689339307436247,3.975794500069516e-07,0.0003299298114143312,2.256603329442463e-06,0.17618490800737283,0.0030939954494453477,0.0010788715955626757
periodic,optim/muon_second_momentum_rms,-1,mlp_in,transformer.h.3.mlp.c_fc.weight,3.0,-1.0,g9-muon-3072x768,-,L0:all,24.0,1.0,0.001186534728551729,0.004528611973447241,3.931518146821165e-07,0.00033100415021181107,3.708264557644725e-06,0.10602043316235878,0.0022889146156022094,0.0010444871652894262
periodic,optim/muon_second_momentum_rms,-1,mlp_in,transformer.h.4.mlp.c_fc.weight,4.0,-1.0,g9-muon-3072x768,-,L0:all,24.0,1.0,0.0010813326476074503,0.00515340452033303,3.5710170040275386e-07,0.000331107949023135,3.7763325963169553e-06,0.09456309562114151,0.0014991296305060194,0.0009950771462185904
periodic,optim/muon_second_momentum_rms,-1,mlp_in,transformer.h.5.mlp.c_fc.weight,5.0,-1.0,g9-muon-3072x768,-,L0:all,24.0,1.0,0.0008598761791772144,0.002706170719406876,2.8398611587386217e-07,0.00033077862462960184,3.662711242213867e-06,0.07753439927254853,0.00167215409933713,0.0007432211995753451
periodic,optim/muon_second_momentum_rms,-1,mlp_in,transformer.h.6.mlp.c_fc.weight,6.0,-1.0,g9-muon-3072x768,-,L0:all,24.0,1.0,0.0011300622309334946,0.0025375113802108577,3.730095253116444e-07,0.0003308137529529631,3.5064935218542597e-06,0.10637679008583885,0.0015704543712502497,0.0010591442418477145
periodic,optim/muon_second_momentum_rms,-1,mlp_in,transformer.h.7.mlp.c_fc.weight,7.0,-1.0,g9-muon-3072x768,-,L0:all,24.0,1.0,0.0007463522437566324,0.0030973096384756906,2.4569043915831875e-07,0.0003304299170849845,3.2914424082264196e-06,0.0746452189302343,0.0010457147254862996,0.0007025138658694828
periodic,optim/muon_second_momentum_rms,-1,mlp_in,transformer.h.8.mlp.c_fc.weight,8.0,-1.0,g9-muon-3072x768,-,L0:all,24.0,1.0,0.0007168083642737963,0.0036904490859113663,2.3709601707906465e-07,0.0003298982046544552,2.905173460021615e-06,0.08161165601357952,0.0021920323801758444,0.0006977782044610008
periodic,optim/muon_second_momentum_rms,-1,mlp_in,transformer.h.9.mlp.c_fc.weight,9.0,-1.0,g9-muon-3072x768,-,L0:all,24.0,1.0,0.0010719471127325748,0.003679119075011894,3.538790046951991e-07,0.00033013621577993035,3.354778164066396e-06,0.10548506857641372,0.0022141121773069728,0.0010450039127404718
periodic,optim/muon_second_momentum_rms,-1,mlp_out,transformer.h.0.mlp.c_proj.weight,0.0,-1.0,g8-muon-768x3072,-,L0:all,24.0,1.0,0.005629430112648018,0.0106326036820122,2.051705223044908e-06,0.0003639775823103264,1.0858938912861071e-05,0.18894159360404145,0.006910063498136796,0.005607125068465223
periodic,optim/muon_second_momentum_rms,-1,mlp_out,transformer.h.1.mlp.c_proj.weight,1.0,-1.0,g8-muon-768x3072,-,L0:all,24.0,1.0,0.003710124292597163,0.006238368840979452,1.332166503403804e-06,0.00035618245601654053,1.0790224769152723e-05,0.12346049613463328,0.006073826754193603,0.0036463343144043092
periodic,optim/muon_second_momentum_rms,-1,mlp_out,transformer.h.10.mlp.c_proj.weight,10.0,-1.0,g8-muon-768x3072,-,L0:all,24.0,1.0,0.0025725847484606964,0.005310151249277113,8.798900203333935e-07,0.0003462703461991623,7.101873052306473e-06,0.12389548698672273,0.004580187930840981,0.0025354085765232483
periodic,optim/muon_second_momentum_rms,-1,mlp_out,transformer.h.11.mlp.c_proj.weight,11.0,-1.0,g8-muon-768x3072,-,L0:all,24.0,1.0,0.00592632901173247,0.013443873052622547,2.0877801529073685e-06,0.00035265304904896766,1.407629461027684e-05,0.1483188730209667,0.005474044984835859,0.006013787578319224
periodic,optim/muon_second_momentum_rms,-1,mlp_out,transformer.h.2.mlp.c_proj.weight,2.0,-1.0,g8-muon-768x3072,-,L0:all,24.0,1.0,0.004283622965518655,0.007961058451814568,1.5289039637431469e-06,0.0003561268240446225,1.1739233741536736e-05,0.13023882115350097,0.004428702328505708,0.004138543602531602
periodic,optim/muon_second_momentum_rms,-1,mlp_out,transformer.h.3.mlp.c_proj.weight,3.0,-1.0,g8-muon-768x3072,-,L0:all,24.0,1.0,0.0027414780352248555,0.004551060508913944,9.67840378772849e-07,0.00035577171365730464,1.1588382767513416e-05,0.08351815764025923,0.002965138751858263,0.002734580008214911
periodic,optim/muon_second_momentum_rms,-1,mlp_out,transformer.h.4.mlp.c_proj.weight,4.0,-1.0,g8-muon-768x3072,-,L0:all,24.0,1.0,0.00338163209416833,0.005297678810291416,1.1825386483073448e-06,0.00035309042141307145,1.2388511095196009e-05,0.09545446092919974,0.003236329472184685,0.003407204960672216
periodic,optim/muon_second_momentum_rms,-1,mlp_out,transformer.h.5.mlp.c_proj.weight,5.0,-1.0,g8-muon-768x3072,-,L0:all,24.0,1.0,0.0024966560634131192,0.005829514822603044,8.624917574014696e-07,0.0003528991946950555,1.1481464025564481e-05,0.07512036404774308,0.0037419708806622014,0.0024939147752963253
periodic,optim/muon_second_momentum_rms,-1,mlp_out,transformer.h.6.mlp.c_proj.weight,6.0,-1.0,g8-muon-768x3072,-,L0:all,24.0,1.0,0.003099546628129026,0.004246784379348048,1.1022207713103934e-06,0.0003511938703013584,1.1716998415067792e-05,0.09407023302938769,0.002976710578429458,0.0032223826778285947
periodic,optim/muon_second_momentum_rms,-1,mlp_out,transformer.h.7.mlp.c_proj.weight,7.0,-1.0,g8-muon-768x3072,-,L0:all,24.0,1.0,0.0027117525541814807,0.0037623895216438484,9.497017123754112e-07,0.0003513647534418851,8.016117499209919e-06,0.11847402591953216,0.0032205777337245634,0.002658661192900415
periodic,optim/muon_second_momentum_rms,-1,mlp_out,transformer.h.8.mlp.c_proj.weight,8.0,-1.0,g8-muon-768x3072,-,L0:all,24.0,1.0,0.0015661780282415821,0.0036313122185530214,5.44079281307946e-07,0.00034726157900877297,6.378116086125385e-06,0.08530407317162308,0.002657463880346559,0.0015436948439411574
periodic,optim/muon_second_momentum_rms,-1,mlp_out,transformer.h.9.mlp.c_proj.weight,9.0,-1.0,g8-muon-768x3072,-,L0:all,24.0,1.0,0.0017850526528936743,0.004459331077878337,6.217011948672864e-07,0.00034729900653474033,7.813601405359826e-06,0.07956653566188103,0.004303540955850496,0.0015266354284601787
periodic,optim/muon_second_momentum_rms,-1,ve_gate,transformer.h.1.attn.ve_gate.weight,1.0,-1.0,g6-muon-6x12,-,L0:all,24.0,1.0,0.003321592995324321,0.016549507079394635,0.0002801111235206345,0.08428337424993515,0.0004316255450248774,0.648967899952469,0.00741628934801153,0.0030935019428178436
periodic,optim/muon_second_momentum_rms,-1,ve_gate,transformer.h.11.attn.ve_gate.weight,11.0,-1.0,g6-muon-6x12,-,L0:all,24.0,1.0,0.01434072183262363,0.02056105155941558,0.001252897091336995,0.08687259629368782,0.0013199269771576039,0.949216974135225,0.011683275573307922,0.014571336718060733
periodic,optim/muon_second_momentum_rms,-1,ve_gate,transformer.h.3.attn.ve_gate.weight,3.0,-1.0,g6-muon-6x12,-,L0:all,24.0,1.0,0.0047594349385716396,0.012538327481584543,0.00040247906548692835,0.08442001417279243,0.0006592333316802895,0.6105259642455698,0.005863589591366154,0.0043454813173445725
periodic,optim/muon_second_momentum_rms,-1,ve_gate,transformer.h.5.attn.ve_gate.weight,5.0,-1.0,g6-muon-6x12,-,L0:all,24.0,1.0,0.005267048348668568,0.020619414737672103,0.0004451307560285238,0.08457613736391068,0.000672397762536997,0.6620051118983782,0.0061584499361803284,0.005109396181902438
periodic,optim/muon_second_momentum_rms,-1,ve_gate,transformer.h.7.attn.ve_gate.weight,7.0,-1.0,g6-muon-6x12,-,L0:all,24.0,1.0,0.00752535202133139,0.021477621310616347,0.0006362361470413254,0.08475521579384804,0.00098503679037093,0.645900897571289,0.008795665529444394,0.007483878559228025
periodic,optim/muon_second_momentum_rms,-1,ve_gate,transformer.h.9.attn.ve_gate.weight,9.0,-1.0,g6-muon-6x12,-,L0:all,24.0,1.0,0.011363709170753338,0.017002834537920373,0.0009785987611469896,0.08575249463319778,0.0007813982665538788,1.252368738239981,0.011370729729847762,0.011356688611658913
periodic,overhead/attention,-1,-1,-1,-1.0,-1.0,-1,-,scalar,25.0,1.0,0.27820212945490586,0.33818070954766455,0.004534351901983108,0.015665127895772457,0.000896104238927364,5.060071925795958,0.2452998100571862,0.28002214446345086
periodic,overhead/attention/work,-1,-1,-1,-1.0,-1.0,-1,-,scalar,25.0,1.0,0.0,0.0,0.0,259309584384.0,0.0,,0.0,0.0
periodic,overhead/grads_ready/periodic_scan,-1,-1,-1,-1.0,-1.0,-1,-,scalar,25.0,1.0,0.11189169448617897,0.23959633472745273,0.049537137173905094,0.40237888880074024,0.12562138345092538,0.39433682238706613,0.19315939510824418,0.1109804165902296
periodic,overhead/grads_ready/periodic_scan/work,-1,-1,-1,-1.0,-1.0,-1,-,scalar,25.0,1.0,0.0,0.0,0.0,286261730.0,0.0,,0.0,0.0
periodic,overhead/noise,-1,-1,-1,-1.0,-1.0,-1,-,scalar,25.0,1.0,0.06931363185834313,0.13248792643764498,0.06020240850797188,0.8704248080030084,0.010480190441012338,5.744400242230388,0.06387582375299053,0.06931363185834313
periodic,overhead/noise/work,-1,-1,-1,-1.0,-1.0,-1,-,scalar,25.0,1.0,0.0,0.0,0.0,49787440201728.0,0.0,,0.0,0.0
periodic,overhead/probes,-1,-1,-1,-1.0,-1.0,-1,-,scalar,25.0,1.0,0.0274274871258611,0.05584629809271137,0.015348560710420005,0.5596050648018718,0.12005662620067592,0.12784434475748738,0.0254313823521167,0.0274274871258611
periodic,overhead/probes/work,-1,-1,-1,-1.0,-1.0,-1,-,scalar,25.0,1.0,0.0,0.0,0.0,16595813400576.0,0.0,,0.0,0.0
periodic,param/norm,-1,attn_k,-1,0.0,-1.0,-1,-,L0:all,25.0,1.0,0.00861112781830203,0.03691075222685606,0.42619759346296965,48.5925617820966,27.587260981937867,0.01544907244477851,0.0218253555506248,0.008468525820326244
periodic,param/norm,-1,attn_k,-1,1.0,-1.0,-1,-,L0:all,25.0,1.0,0.008068741185234105,0.00829937314671217,0.4217936239720202,51.91438640324086,30.47036048404539,0.013842751358090296,0.007592781676106341,0.008094750064890558
periodic,param/norm,-1,attn_k,-1,2.0,-1.0,-1,-,L0:all,25.0,1.0,0.005134560923664101,0.023831226056610092,0.26233544587154684,48.85558228004119,28.33097233989128,0.009259669690269217,0.013847750545263923,0.005123605582201477
periodic,param/norm,-1,attn_k,-1,3.0,-1.0,-1,-,L0:all,25.0,1.0,0.011579292028510768,0.012792662402414057,0.5823859228179723,50.52283528035244,29.032364626589782,0.02005988593449203,0.01193494113980418,0.011579292028510768
periodic,param/norm,-1,attn_k,-1,4.0,-1.0,-1,-,L0:all,25.0,1.0,0.008881773797782459,0.020211343291448133,0.44014918452229745,49.752443799902935,29.128317744323066,0.015110697033235978,0.011699009794800354,0.008810008532255947
periodic,param/norm,-1,attn_k,-1,5.0,-1.0,-1,-,L0:all,25.0,1.0,0.0033712839991930344,0.0055765916199819925,0.16265824174970114,50.623331376821696,29.316111238402954,0.005548424906255139,0.004116615227161214,0.0032291724359652433
periodic,param/norm,-1,attn_k,-1,6.0,-1.0,-1,-,L0:all,25.0,1.0,0.007382004284322477,0.033469220045535666,0.35689931321791,48.001808132448254,27.34585677797286,0.013051312164605247,0.01759305646122578,0.007382004284322477
periodic,param/norm,-1,attn_k,-1,7.0,-1.0,-1,-,L0:all,25.0,1.0,0.009806181426127762,0.014695040201316895,0.493553379775129,49.39100561384507,28.571631179352806,0.017274245795661596,0.009744276829196985,0.009806181426127762
periodic,param/norm,-1,attn_k,-1,8.0,-1.0,-1,-,L0:all,25.0,1.0,0.008198186912718163,0.014346746183187948,0.4247159432710117,51.51786420292722,30.458406581882485,0.013944128762259174,0.011890825014479968,0.008197864288989163
periodic,param/norm,-1,attn_k,-1,9.0,-1.0,-1,-,L0:all,25.0,1.0,0.0070337658774144675,0.00809784750402001,0.36035462737054985,51.4168135992802,30.316674074275323,0.0118863509396739,0.006500546279609022,0.0072785888359441905
periodic,param/norm,-1,attn_k,-1,10.0,-1.0,-1,-,L0:all,25.0,1.0,0.00680825529306733,0.016006170773109032,0.37112013529730875,53.35932238284375,31.90153036269633,0.011633301947522668,0.010447755208469167,0.0067605205074123716
periodic,param/norm,-1,attn_k,-1,11.0,-1.0,-1,-,L0:all,25.0,1.0,0.01081115633750834,0.01257865956230802,0.5771299325419176,50.11220564190799,29.426643703828688,0.01961249602063274,0.007205671133940746,0.01097992448360335
periodic,param/norm,-1,attn_out,-1,0.0,-1.0,-1,-,L0:all,25.0,1.0,0.009854553023071868,0.08062501192740823,0.47731474420858433,48.490505272295316,29.268671011422004,0.01630804295905044,0.05721318998416591,0.009611305898097633
periodic,param/norm,-1,attn_out,-1,1.0,-1.0,-1,-,L0:all,25.0,1.0,0.0021685726681343366,0.08852042172868688,0.10975996527069604,51.36729622136783,32.57563443303369,0.003369388415023245,0.0561729289780947,0.0020831969847511394
periodic,param/norm,-1,attn_out,-1,2.0,-1.0,-1,-,L0:all,25.0,1.0,0.008135675852463824,0.08248998004093401,0.4364964967732169,51.53223069867294,28.86047411191257,0.015124370274743573,0.051041127296092885,0.007370560435869428
periodic,param/norm,-1,attn_out,-1,3.0,-1.0,-1,-,L0:all,25.0,1.0,0.006176976408186523,0.06514986278205864,0.3401696181678277,55.066182215840286,34.38930311541401,0.009891727582445732,0.04289527797274701,0.006094452937779719
periodic,param/norm,-1,attn_out,-1,4.0,-1.0,-1,-,L0:all,25.0,1.0,0.011292760873616537,0.08456842149815143,0.621828128388115,54.487146384204685,31.066660383002656,0.02001593092794527,0.04596719254071834,0.011124973149103424
periodic,param/norm,-1,attn_out,-1,5.0,-1.0,-1,-,L0:all,25.0,1.0,0.012336315560405629,0.08444216160058053,0.7001873586088277,55.447060019840094,31.780266041909513,0.022032142767007407,0.043513955353139386,0.01167042946711562
periodic,param/norm,-1,attn_out,-1,6.0,-1.0,-1,-,L0:all,25.0,1.0,0.02436454507924158,0.09188282010119778,1.3888026670224778,56.63385304344809,32.910037386344335,0.04219997232816109,0.04749457454441522,0.0243110714020613
periodic,param/norm,-1,attn_out,-1,7.0,-1.0,-1,-,L0:all,25.0,1.0,0.006988971929674865,0.09695703652419829,0.4058804826391573,58.384217018600154,31.36850852120135,0.012939106823164091,0.06076450229431192,0.00684616078399617
periodic,param/norm,-1,attn_out,-1,8.0,-1.0,-1,-,L0:all,25.0,1.0,0.025539678409884584,0.07772032478081092,1.2810634999817632,49.96271070445938,26.714288330961203,0.047954243965280634,0.049710777694035826,0.02552361520519507
periodic,param/norm,-1,attn_out,-1,9.0,-1.0,-1,-,L0:all,25.0,1.0,0.011938722262354606,0.07580648195133649,0.6236120272388835,51.67341054567499,28.99972737922831,0.021504065161852496,0.04605419460676456,0.011926583081561578
periodic,param/norm,-1,attn_out,-1,10.0,-1.0,-1,-,L0:all,25.0,1.0,0.016197241197204594,0.0928720249609715,0.7252437091233309,43.76594296564253,22.33543113486052,0.032470548911473246,0.060046252221434775,0.016170283319592898
periodic,param/norm,-1,attn_out,-1,11.0,-1.0,-1,-,L0:all,25.0,1.0,0.019095341453587274,0.08446034603229022,0.9799476229105454,51.580512952143565,29.64019991120298,0.03306143770441166,0.052050505366369605,0.01838728418422747
periodic,param/norm,-1,attn_q,-1,0.0,-1.0,-1,-,L0:all,25.0,1.0,0.010406832326970752,0.029163924055402513,0.535749851021966,51.54897076294298,30.47769776674904,0.017578422593535443,0.020971078088053863,0.010386422940973068
periodic,param/norm,-1,attn_q,-1,1.0,-1.0,-1,-,L0:all,25.0,1.0,0.004612108190966022,0.010937398600697382,0.24069822454384,53.07071445177533,31.209590764858795,0.007712315946637149,0.006612793482346783,0.0045933361581157635
periodic,param/norm,-1,attn_q,-1,2.0,-1.0,-1,-,L0:all,25.0,1.0,0.00552135205731481,0.025913709206782484,0.26579275363909444,50.2599905530296,29.45968868193467,0.009022252628286749,0.01660179157793861,0.005104922726392468
periodic,param/norm,-1,attn_q,-1,3.0,-1.0,-1,-,L0:all,25.0,1.0,0.017130814077406253,0.02866667512529895,0.8997744009969418,50.18667788087542,29.271556671253876,0.030738864048202977,0.016421528676407823,0.017130814077406253
periodic,param/norm,-1,attn_q,-1,4.0,-1.0,-1,-,L0:all,25.0,1.0,0.006333181702042687,0.03035766232525287,0.304720358028524,51.12678118076914,30.441994448358187,0.010009868392343732,0.013857088685809295,0.005862398441700216
periodic,param/norm,-1,attn_q,-1,5.0,-1.0,-1,-,L0:all,25.0,1.0,0.00936020989381953,0.012058799250215985,0.5178236727103476,50.93376136586616,29.71481821738685,0.01742644592075467,0.00714610672046383,0.010167822289469912
periodic,param/norm,-1,attn_q,-1,6.0,-1.0,-1,-,L0:all,25.0,1.0,0.009035034081758191,0.042184478180855016,0.43562427337351634,49.882501100241804,28.847233479375582,0.015101076284662349,0.025577054458803643,0.008903326409704012
periodic,param/norm,-1,attn_q,-1,7.0,-1.0,-1,-,L0:all,25.0,1.0,0.01645138114569546,0.020702721662474555,0.8034379107608045,47.010078810459625,27.04675925292916,0.029705514928698613,0.016678909171870246,0.01645138114569546
periodic,param/norm,-1,attn_q,-1,8.0,-1.0,-1,-,L0:all,25.0,1.0,0.008620411068486546,0.030205300129658795,0.4486965193337962,51.46629756604073,30.601305627378828,0.014662659325631837,0.015785253630578682,0.008491270730495363
periodic,param/norm,-1,attn_q,-1,9.0,-1.0,-1,-,L0:all,25.0,1.0,0.006691481573221484,0.021871802465042573,0.3514705962298586,51.922721366860436,30.77194589259838,0.0114217865017889,0.009194768104678893,0.006685333674477289
periodic,param/norm,-1,attn_q,-1,10.0,-1.0,-1,-,L0:all,25.0,1.0,0.010730742993284276,0.02843778317776958,0.5913905784944535,53.43676443207195,32.19641382206404,0.018368212738313624,0.017864628610855894,0.010687766042977517
periodic,param/norm,-1,attn_q,-1,11.0,-1.0,-1,-,L0:all,25.0,1.0,0.005542242970500385,0.020948525925961175,0.2717087209943986,50.383240738023446,29.854238537239297,0.009101177397490046,0.01570538608917452,0.005225221966235345
periodic,param/norm,-1,attn_v,-1,0.0,-1.0,-1,-,L0:all,25.0,1.0,0.013138546735991765,0.06915538537612866,0.6435305980225715,48.43139830519944,22.237533559155487,0.02893893768887069,0.04147838425356873,0.012732352024493679
periodic,param/norm,-1,attn_v,-1,1.0,-1.0,-1,-,L0:all,25.0,1.0,0.009494848190750853,0.05615935291621566,0.527407950273063,53.05413011874052,26.74024046933352,0.01972338097998444,0.03749229961620636,0.009491009712581405
periodic,param/norm,-1,attn_v,-1,2.0,-1.0,-1,-,L0:all,25.0,1.0,0.006177932036002878,0.07747600947337704,0.3149177811585451,51.25154818545729,20.956989124575536,0.015026861887772414,0.04498063597801985,0.006126469847885179
periodic,param/norm,-1,attn_v,-1,3.0,-1.0,-1,-,L0:all,25.0,1.0,0.006874249468857986,0.06423812754103804,0.39668920528402596,57.19144453609298,29.612971318160348,0.013395792033903526,0.032325882067082756,0.006609456419892092
periodic,param/norm,-1,attn_v,-1,4.0,-1.0,-1,-,L0:all,25.0,1.0,0.010702452781793164,0.08171080969613687,0.6065737954981578,56.32776958972479,25.326138774641343,0.023950504295013594,0.040868766606767956,0.010699426235124716
periodic,param/norm,-1,attn_v,-1,5.0,-1.0,-1,-,L0:all,25.0,1.0,0.02327019358585116,0.06702805473815468,1.3800908468211284,59.72477975184379,29.865704478278722,0.04620988759280285,0.0334051543335097,0.023205567255903014
periodic,param/norm,-1,attn_v,-1,6.0,-1.0,-1,-,L0:all,25.0,1.0,0.028783100442353233,0.08686390558385822,1.6956891043040765,58.85316324734593,27.374212346612296,0.061944763298876326,0.04226005618061934,0.02875617839895148
periodic,param/norm,-1,attn_v,-1,7.0,-1.0,-1,-,L0:all,25.0,1.0,0.03563593396079356,0.07169109471034794,2.0339939576545376,57.07704924732226,28.38680600984884,0.07165279379965611,0.04061893842043042,0.03563593396079356
periodic,param/norm,-1,attn_v,-1,8.0,-1.0,-1,-,L0:all,25.0,1.0,0.025523532654539598,0.06571060342211038,1.4220930191896708,55.84539816398259,24.06863423471105,0.05908490715849476,0.03704958518479684,0.025523532654539598
periodic,param/norm,-1,attn_v,-1,9.0,-1.0,-1,-,L0:all,25.0,1.0,0.02679312154485797,0.06797792575460755,1.3389807423072506,48.90525158725288,22.45332956930053,0.05963395042034128,0.03659827353832849,0.02613072623538414
periodic,param/norm,-1,attn_v,-1,10.0,-1.0,-1,-,L0:all,25.0,1.0,0.015326577755519304,0.08091980492701954,0.8341028654885904,52.13764928203275,21.647599199193948,0.03853096400268018,0.04614416364184144,0.015137881393904082
periodic,param/norm,-1,attn_v,-1,11.0,-1.0,-1,-,L0:all,25.0,1.0,0.015125560784343524,0.059115833884422486,0.7571065739293799,48.23113296927618,22.625240030262216,0.03346291897530005,0.02952625680812792,0.014210667570972101
periodic,param/norm,-1,backout_scalar,-1,-1.0,-1.0,-1,-,L0:all,25.0,1.0,0.04594235631163706,0.09242994415641435,0.019383342695678974,0.42897588584946716,0.38801155115073377,0.04995558157532527,0.052983294608136146,0.04594235631163706
periodic,param/norm,-1,mlp_in,-1,0.0,-1.0,-1,-,L0:all,25.0,1.0,0.007256036649354271,0.0721302379464436,0.6157058011617629,84.14736074478212,54.18926766306492,0.01136213548760365,0.03300852739367881,0.007209258459360288
periodic,param/norm,-1,mlp_in,-1,1.0,-1.0,-1,-,L0:all,25.0,1.0,0.004440061544020853,0.054812235589223136,0.41029079961707976,86.83857431050588,54.4006792078634,0.007542016121698971,0.031539614190252606,0.004436186415708006
periodic,param/norm,-1,mlp_in,-1,2.0,-1.0,-1,-,L0:all,25.0,1.0,0.007594835030727166,0.05260038117290672,0.6273489188088233,85.810101591574,52.21684843203032,0.012014300702682803,0.033312292410527036,0.007195536365390945
periodic,param/norm,-1,mlp_in,-1,3.0,-1.0,-1,-,L0:all,25.0,1.0,0.0014035220108776672,0.04651093570518355,0.12888282574361304,86.2747077382039,52.679883967499876,0.0024465282767730753,0.031249686011870316,0.0013851047201510938
periodic,param/norm,-1,mlp_in,-1,4.0,-1.0,-1,-,L0:all,25.0,1.0,0.006882178519052679,0.04345082878809816,0.6035108219445701,85.480060951736,52.00871384431588,0.011604032811715624,0.03084511159611451,0.006871272297696405
periodic,param/norm,-1,mlp_in,-1,5.0,-1.0,-1,-,L0:all,25.0,1.0,0.0034079415469859707,0.038262471375122474,0.3017207950291693,86.56744965542043,52.841094549018365,0.005709964897666459,0.026022080319255778,0.003382612006694258
periodic,param/norm,-1,mlp_in,-1,6.0,-1.0,-1,-,L0:all,25.0,1.0,0.003631815293343808,0.03721058470956764,0.34779200434161744,87.2767436403808,53.36314811108805,0.006517456646628229,0.02286967342396931,0.0036029691982204597
periodic,param/norm,-1,mlp_in,-1,7.0,-1.0,-1,-,L0:all,25.0,1.0,0.0021089707989213006,0.03801091781799497,0.18519472865751954,86.45812750979516,53.700965771197026,0.0034486293867893587,0.027365259100829757,0.002050011645857613
periodic,param/norm,-1,mlp_in,-1,8.0,-1.0,-1,-,L0:all,25.0,1.0,0.0027971028938512865,0.03611633069246379,0.2548392946089874,88.42795332748294,55.542062613634776,0.004588221657912071,0.02610724147944763,0.0027761245970425604
periodic,param/norm,-1,mlp_in,-1,9.0,-1.0,-1,-,L0:all,25.0,1.0,0.003065972745399162,0.035037714839744084,0.28044533626206736,88.08102848017273,55.206500488380314,0.00507993322853519,0.025660284525716705,0.0030573974806655064
periodic,param/norm,-1,mlp_in,-1,10.0,-1.0,-1,-,L0:all,25.0,1.0,0.0045503501198938855,0.033811792257663155,0.40846669995936485,87.62951909709136,54.905038469440285,0.007439512134878372,0.025732148200027068,0.004536784249592067
periodic,param/norm,-1,mlp_in,-1,11.0,-1.0,-1,-,L0:all,25.0,1.0,0.004519706638070238,0.03395506303262947,0.4002960989478185,85.60337318120122,52.26596445209475,0.007658829281046112,0.026342786249576033,0.0045164276369726464
periodic,param/norm,-1,mlp_out,-1,0.0,-1.0,-1,-,L0:all,25.0,1.0,0.007996819967148145,0.05190228493752759,0.4693083571757324,57.9990065917081,38.09218192609798,0.012320332767658988,0.031549690789270966,0.007828351824987574
periodic,param/norm,-1,mlp_out,-1,1.0,-1.0,-1,-,L0:all,25.0,1.0,0.004411709347243841,0.03743674085252141,0.2652316440896796,58.131820836354336,36.77907346741124,0.007211482484046067,0.025259973049200038,0.004334514144659693
periodic,param/norm,-1,mlp_out,-1,2.0,-1.0,-1,-,L0:all,25.0,1.0,0.007876198571927406,0.03379644357667078,0.4773837774058541,59.40010982207861,38.04985020263725,0.012546272189338774,0.02370427205147904,0.007841318320491716
periodic,param/norm,-1,mlp_out,-1,3.0,-1.0,-1,-,L0:all,25.0,1.0,0.006722579990334839,0.03390004335761715,0.39194797021593447,58.4116942520128,36.91554893018589,0.010617422240075051,0.02471482730291886,0.006649508600660249
periodic,param/norm,-1,mlp_out,-1,4.0,-1.0,-1,-,L0:all,25.0,1.0,0.00753609357256049,0.03047171331023793,0.4468728216799545,58.96748723475717,37.73048363327358,0.01184381377199916,0.02473187153986293,0.007489796285103376
periodic,param/norm,-1,mlp_out,-1,5.0,-1.0,-1,-,L0:all,25.0,1.0,0.0037827637103440216,0.02766068259059986,0.21761596608575856,59.26181234440734,37.353349435741535,0.005825875574026377,0.023694236692474495,0.003759608958647243
periodic,param/norm,-1,mlp_out,-1,6.0,-1.0,-1,-,L0:all,25.0,1.0,0.004072265802640673,0.026347492474011133,0.24736100081577048,59.680083799738,37.81188112523195,0.006541885604593895,0.023511427778023963,0.00405945739222573
periodic,param/norm,-1,mlp_out,-1,7.0,-1.0,-1,-,L0:all,25.0,1.0,0.002490995659736558,0.029144858366946202,0.1474069369404981,59.69496640146366,37.89807497766387,0.0038895626500125902,0.021408479059643118,0.002432466826952906
periodic,param/norm,-1,mlp_out,-1,8.0,-1.0,-1,-,L0:all,25.0,1.0,0.00375855848070912,0.02809787832129918,0.2278871489246097,61.30855977718874,39.45803967503058,0.005775430072082847,0.02114848470405222,0.003712004159593789
periodic,param/norm,-1,mlp_out,-1,9.0,-1.0,-1,-,L0:all,25.0,1.0,0.0038875063725796913,0.027269248074731987,0.2404589673614882,62.251549146135716,39.903000960611344,0.0060260873010239925,0.020871826499791506,0.003846891461865221
periodic,param/norm,-1,mlp_out,-1,10.0,-1.0,-1,-,L0:all,25.0,1.0,0.007027806403207512,0.025984324825569907,0.4342459758888424,62.282625894235146,40.203155434048924,0.010801290873827035,0.01981672955788323,0.006952376727118881
periodic,param/norm,-1,mlp_out,-1,11.0,-1.0,-1,-,L0:all,25.0,1.0,0.005735112728086582,0.02463391373819035,0.3427471307739795,60.127960068767095,37.56496983914625,0.009124115691870051,0.01826074004205395,0.00570029534316459
periodic,param/norm,-1,resid_scalar,-1,0.0,-1.0,-1,-,L0:all,25.0,1.0,0.003912932455941524,0.005365553110912058,0.0031792868105210595,0.860242128719203,0.31611654294507463,0.010057325000778152,0.0029284164564242626,0.0039141071840485195
periodic,param/norm,-1,resid_scalar,-1,1.0,-1.0,-1,-,L0:all,25.0,1.0,0.03771105024417182,0.061362593244587656,0.01826731732815649,0.47309941410338047,0.5642925392122269,0.03237206955395571,0.005066512171028393,0.040934845193415705
periodic,param/norm,-1,resid_scalar,-1,2.0,-1.0,-1,-,L0:all,25.0,1.0,0.027649904827763732,0.03391365240176561,0.011490359281277012,0.40966391305655026,0.40550502956399787,0.02833592296902343,0.00640301147023494,0.02802324956233306
periodic,param/norm,-1,resid_scalar,-1,3.0,-1.0,-1,-,L0:all,25.0,1.0,0.0417427600899646,0.04985095953927887,0.025965980894910184,0.6019731086320076,0.3456734581794296,0.07511708024002223,0.01023111668425985,0.044496047327294126
periodic,param/norm,-1,resid_scalar,-1,4.0,-1.0,-1,-,L0:all,25.0,1.0,0.03556492351653965,0.04156302709052174,0.021217384612238266,0.5965817584950243,0.2715533920951626,0.07813338087414828,0.012837651977877174,0.03678129684928255
periodic,param/norm,-1,resid_scalar,-1,5.0,-1.0,-1,-,L0:all,25.0,1.0,0.022837549718999317,0.025504066359897343,0.015725779006443768,0.7078559239016691,0.29702755135293935,0.05294383950180367,0.011661309245194233,0.023606793927540136
periodic,param/norm,-1,resid_scalar,-1,6.0,-1.0,-1,-,L0:all,25.0,1.0,0.07137747808423382,0.07604804498628133,0.044240487351883226,0.6068513404799327,0.3116786405242009,0.14194263449518635,0.01594745294096779,0.07196250495725691
periodic,param/norm,-1,resid_scalar,-1,7.0,-1.0,-1,-,L0:all,25.0,1.0,0.010477750678168267,0.018025936110252272,0.009832733802137974,0.938439375411531,0.11510957126203714,0.08542064481983512,0.002489736649295005,0.012266572351660867
periodic,param/norm,-1,resid_scalar,-1,8.0,-1.0,-1,-,L0:all,25.0,1.0,0.012782843818022763,0.01637158237314018,0.012180161383283088,0.9654095801393969,0.10251322408609143,0.11881551372390835,0.009284929919023532,0.012782843818022763
periodic,param/norm,-1,resid_scalar,-1,9.0,-1.0,-1,-,L0:all,25.0,1.0,0.01233862466581106,0.014295144445074485,0.010859626741348546,0.8990284841902603,0.13393069383480682,0.08108392804074514,0.007682893637295882,0.01236615774717181
periodic,param/norm,-1,resid_scalar,-1,10.0,-1.0,-1,-,L0:all,25.0,1.0,0.014121289552232833,0.019743254432992262,0.012192171697051734,0.861834111450568,0.20138900078410027,0.060540405134252545,0.0052015236481195975,0.015951220121705363
periodic,param/norm,-1,resid_scalar,-1,11.0,-1.0,-1,-,L0:all,25.0,1.0,0.017487687237211516,0.024752813026648227,0.013934262648715749,0.7968042005614931,0.25267081650921275,0.0551478910038971,0.006548133722888273,0.019506014544430975
periodic,param/norm,-1,smear_gate,-1,-1.0,-1.0,-1,-,L0:all,25.0,1.0,0.052411261963089754,0.0976649117128191,0.04044850679572418,0.8292999210023215,0.34435150118213753,0.11746284438100878,0.057763186524917,0.052411261963089754
periodic,param/norm,-1,smear_scalar,-1,-1.0,-1.0,-1,-,L0:all,25.0,1.0,0.05549658717353862,0.07829259461901511,0.014467132403104778,0.27405732612119327,0.15644600456215926,0.09247364573862725,0.029138646274476224,0.05684380459825329
periodic,param/norm,-1,token_embedding,-1,-1.0,-1.0,-1,-,L0:all,25.0,1.0,0.0037768283973391506,0.017852747625892947,129.4716249108384,35081.52425422818,19131.24126869381,0.006767549637393605,0.010857621280624459,0.0035440447296525932
periodic,param/norm,-1,unembedding,-1,-1.0,-1.0,-1,-,L0:all,25.0,1.0,0.0035633398009960087,0.013716298694143692,3.705786457005595,1015.0033251177063,702.6398793261625,0.005274090705696174,0.012578717741713982,0.003499554012708999
periodic,param/norm,-1,value_embedding,-1,1.0,-1.0,-1,-,L0:all,25.0,1.0,0.011066306582835543,0.028094315185697577,141.45385088157747,12589.640820928927,2714.2098809896943,0.05211603268867274,0.021404479611432527,0.010018685933608627
periodic,param/norm,-1,value_embedding,-1,3.0,-1.0,-1,-,L0:all,25.0,1.0,0.025364764412585606,0.04174610198979175,311.98490647822194,12330.51304690928,2549.726138145621,0.12236016323899164,0.02360588243900026,0.025364764412585606
periodic,param/norm,-1,value_embedding,-1,5.0,-1.0,-1,-,L0:all,25.0,1.0,0.013536760296572485,0.053527850786499916,181.76449797332967,12955.033616320723,2998.119400439262,0.060626170507651865,0.012983051633388525,0.01403041499979924
periodic,param/norm,-1,value_embedding,-1,7.0,-1.0,-1,-,L0:all,25.0,1.0,0.004564832554531151,0.036448890841275276,60.08393703073836,13322.225639884651,3973.978045534359,0.015119342971271802,0.024208987549089463,0.004475343819954321
periodic,param/norm,-1,value_embedding,-1,9.0,-1.0,-1,-,L0:all,25.0,1.0,0.006982851251608692,0.03598374288262458,96.43969525181392,13543.89131675236,3658.472086740776,0.02636064809714844,0.02521389554734414,0.00625487178898844
periodic,param/norm,-1,value_embedding,-1,11.0,-1.0,-1,-,L0:all,25.0,1.0,0.008314855700754336,0.033685492788659475,116.46172413391204,13418.043374501365,3700.880399747326,0.0314686538213619,0.021049278874388407,0.007890271718251496
periodic,param/norm,-1,ve_gate,-1,1.0,-1.0,-1,-,L0:all,25.0,1.0,0.06491158033878196,0.41474592123780546,0.12020601727004655,1.9498671559786722,0.8491762337746773,0.14155603099690886,0.06759340677561372,0.06491158033878196
periodic,param/norm,-1,ve_gate,-1,3.0,-1.0,-1,-,L0:all,25.0,1.0,0.058744428391981345,0.24105124205563028,0.17629806919113114,3.0823321564234396,1.1460228368414187,0.1538346911803525,0.09880043863748189,0.058545266624709866
periodic,param/norm,-1,ve_gate,-1,5.0,-1.0,-1,-,L0:all,25.0,1.0,0.06281571802643184,0.21729878294818064,0.1551257035925956,2.6586392596326616,0.834513576087913,0.18588757335716927,0.1066052288887269,0.058790817577929026
periodic,param/norm,-1,ve_gate,-1,7.0,-1.0,-1,-,L0:all,25.0,1.0,0.05736014996168278,0.0961787567524264,0.17016665719122284,3.040310091215143,1.2825122243042473,0.13268228868815415,0.07099897198329524,0.054925970416775174
periodic,param/norm,-1,ve_gate,-1,9.0,-1.0,-1,-,L0:all,25.0,1.0,0.11651089773952478,0.13997264330842066,0.593605941288196,4.426722804330192,2.8653440586284455,0.20716742183217515,0.08087828192579635,0.12753457504532661
periodic,param/norm,-1,ve_gate,-1,11.0,-1.0,-1,-,L0:all,25.0,1.0,0.15670636447882766,0.18770183660852502,0.6800417510186292,3.902825525307742,2.31143248447401,0.2942079232625216,0.07414275429280481,0.1642722569810587
periodic,param/norm,-1,x0_scalar,-1,0.0,-1.0,-1,-,L0:all,25.0,1.0,0.05309204395152387,1.0585696689307058,0.10322849088178068,1.8035451072380095,2.1378172989020174,0.048286862930147875,0.7120676301343168,0.05267780331761207
periodic,param/norm,-1,x0_scalar,-1,1.0,-1.0,-1,-,L0:all,25.0,1.0,0.058110695050867654,6.933963486637675,0.0697083481593498,1.240920086029761,1.6549697250942357,0.04212061834265913,0.44509579573195435,0.05652570885580123
periodic,param/norm,-1,x0_scalar,-1,2.0,-1.0,-1,-,L0:all,25.0,1.0,0.2117576173111825,0.4356628291923976,0.14727101328251288,0.6648839694094254,0.6291367165466206,0.23408427677038895,0.3226590578926576,0.2061624524294916
periodic,param/norm,-1,x0_scalar,-1,3.0,-1.0,-1,-,L0:all,25.0,1.0,0.8593084645105007,1.2663308630890888,0.17307513261513124,0.17734720167926582,0.22522201168710104,0.768464553347401,0.5797408796524366,0.9496319370382575
periodic,param/norm,-1,x0_scalar,-1,4.0,-1.0,-1,-,L0:all,25.0,1.0,0.2185103614304257,0.42136665649169375,0.12130438893497375,0.5757721112171733,0.4475703636457615,0.2710286444054694,0.23151774582628748,0.2185103614304257
periodic,param/norm,-1,x0_scalar,-1,5.0,-1.0,-1,-,L0:all,25.0,1.0,0.4901495435911749,0.8357830272938055,0.22418516887024445,0.4276689627461382,0.3674191797626414,0.6101618565886289,0.4741799505809864,0.4901495435911749
periodic,param/norm,-1,x0_scalar,-1,6.0,-1.0,-1,-,L0:all,25.0,1.0,0.3040533451777631,0.41720378198387675,0.14636616928410956,0.5975706500417381,0.38733259981816437,0.37788239191026535,0.32006210397377144,0.3040533451777631
periodic,param/norm,-1,x0_scalar,-1,7.0,-1.0,-1,-,L0:all,25.0,1.0,0.6977431051551528,1.4990826985054164,0.024224238712651957,0.034310054793764734,0.07649151992288057,0.3166918207021517,0.3088311952485242,0.7330004621325424
periodic,param/norm,-1,x0_scalar,-1,8.0,-1.0,-1,-,L0:all,25.0,1.0,0.11470743215034715,0.41382169414296627,0.22199584137755235,1.9949596191564427,1.3316304072007916,0.16670980189180856,0.08859476554560962,0.11470743215034715
periodic,param/norm,-1,x0_scalar,-1,9.0,-1.0,-1,-,L0:all,25.0,1.0,0.6612325189384012,0.8875214471795149,0.13337114957420781,0.21770191301038438,0.12044545525690101,1.1073157496041448,0.4369745351001333,0.6715703370221842
periodic,param/norm,-1,x0_scalar,-1,10.0,-1.0,-1,-,L0:all,25.0,1.0,0.2498715319037487,0.4245096066109385,0.3100663876750501,1.147657739522758,0.9277573214725291,0.33421066101953817,0.27154469187012054,0.2498715319037487
periodic,param/norm,-1,x0_scalar,-1,11.0,-1.0,-1,-,L0:all,25.0,1.0,0.4748808444517866,0.8676220857074626,0.2585467352848129,0.5095802642447043,0.4095904867095638,0.6312322763202888,0.4195830843271959,0.4788833482331471
periodic,param/rms,-1,attn_k,-1,0.0,-1.0,-1,-,L0:all,25.0,1.0,0.008611127818302056,0.03691075222685608,0.0005549447831549094,0.06327156482043828,0.035920912736898264,0.01544907244477854,0.02182535555062477,0.008468525820326289
periodic,param/rms,-1,attn_k,-1,1.0,-1.0,-1,-,L0:all,25.0,1.0,0.008068741185233992,0.008299373146712145,0.0005492104478802317,0.06759685729588655,0.0396749485469341,0.013842751358090223,0.007592781676106323,0.00809475006489055
periodic,param/rms,-1,attn_k,-1,2.0,-1.0,-1,-,L0:all,25.0,1.0,0.005134560923664108,0.023831226056610158,0.0003415826118119088,0.06361403942713696,0.036889286900900105,0.009259669690269185,0.013847750545263885,0.005123605582201447
periodic,param/rms,-1,attn_k,-1,3.0,-1.0,-1,-,L0:all,25.0,1.0,0.011579292028510739,0.012792662402414067,0.000758315003669238,0.06578494177129224,0.03780255810753877,0.02005988593449212,0.011934941139804164,0.011579292028510739
periodic,param/rms,-1,attn_k,-1,4.0,-1.0,-1,-,L0:all,25.0,1.0,0.008881773797782443,0.02021134329144814,0.0005731109173467406,0.06478182786445694,0.03792749706292066,0.015110697033235955,0.011699009794800357,0.008810008532255968
periodic,param/rms,-1,attn_k,-1,5.0,-1.0,-1,-,L0:all,25.0,1.0,0.003371283999193007,0.005576591619981955,0.00021179458561159102,0.06591579606356991,0.03817201984167051,0.005548424906255165,0.004116615227161219,0.003229172435965275
periodic,param/rms,-1,attn_k,-1,6.0,-1.0,-1,-,L0:all,25.0,1.0,0.007382004284322512,0.03346922004553567,0.0004647126474191541,0.06250235433912532,0.03560658434631883,0.013051312164605257,0.017593056461225796,0.007382004284322512
periodic,param/rms,-1,attn_k,-1,7.0,-1.0,-1,-,L0:all,25.0,1.0,0.009806181426127734,0.014695040201316902,0.0006426476299155343,0.06431120522636076,0.0372026447647823,0.017274245795661645,0.009744276829196928,0.009806181426127734
periodic,param/rms,-1,attn_k,-1,8.0,-1.0,-1,-,L0:all,25.0,1.0,0.008198186912718152,0.014346746183187946,0.0005530155511341311,0.06708055234756148,0.03965938357015949,0.013944128762259205,0.011890825014479973,0.008197864288989155
periodic,param/rms,-1,attn_k,-1,9.0,-1.0,-1,-,L0:all,25.0,1.0,0.007033765877414427,0.00809784750401999,0.000469211754388734,0.06694897604072943,0.03947483603421265,0.011886350939673832,0.0065005462796090254,0.007278588835944182
periodic,param/rms,-1,attn_k,-1,10.0,-1.0,-1,-,L0:all,25.0,1.0,0.006808255293067335,0.016006170773109035,0.00048322934283504123,0.06947828435266114,0.04153845099309419,0.011633301947522757,0.01044775520846914,0.006760520507412349
periodic,param/rms,-1,attn_k,-1,11.0,-1.0,-1,-,L0:all,25.0,1.0,0.010811156337508312,0.012578659562308069,0.0007514712663306238,0.06525026776290102,0.03831594232269361,0.019612496020632787,0.0072056711339407945,0.010979924483603383
periodic,param/rms,-1,attn_out,-1,0.0,-1.0,-1,-,L0:all,25.0,1.0,0.009854553023071873,0.08062501192740831,0.0006215035731882582,0.06313867873996787,0.03811024871278906,0.016308042959050372,0.057213189984165885,0.009611305898097638
periodic,param/rms,-1,attn_out,-1,1.0,-1.0,-1,-,L0:all,25.0,1.0,0.0021685726681343544,0.08852042172868696,0.00014291662144622004,0.06688450028823936,0.04241619066801262,0.0033693884150232745,0.056172928978094686,0.0020831969847511446
periodic,param/rms,-1,attn_out,-1,2.0,-1.0,-1,-,L0:all,25.0,1.0,0.008135675852463805,0.082489980040934,0.0005683548135067884,0.0670992587222304,0.03757874233321949,0.015124370274743455,0.05104112729609289,0.007370560435869403
periodic,param/rms,-1,attn_out,-1,3.0,-1.0,-1,-,L0:all,25.0,1.0,0.006176976408186527,0.06514986278205867,0.00044292919032269304,0.07170075809354204,0.04477773843152865,0.009891727582445749,0.042895277972746976,0.006094452937779699
periodic,param/rms,-1,attn_out,-1,4.0,-1.0,-1,-,L0:all,25.0,1.0,0.011292760873616522,0.08456842149815147,0.0008096720421720242,0.07094680518776653,0.0404513807070347,0.020015930927945267,0.04596719254071827,0.011124973149103469
periodic,param/rms,-1,attn_out,-1,5.0,-1.0,-1,-,L0:all,25.0,1.0,0.012336315560405627,0.08444216160058055,0.0009117022898552433,0.07219669273416679,0.04138055474206969,0.022032142767007372,0.04351395535313937,0.011670429467115646
periodic,param/rms,-1,attn_out,-1,6.0,-1.0,-1,-,L0:all,25.0,1.0,0.0243645450792416,0.0918828201011978,0.0018083368060188567,0.07374199615032304,0.042851611180135855,0.04219997232816121,0.04749457454441522,0.024311071402061304
periodic,param/rms,-1,attn_out,-1,7.0,-1.0,-1,-,L0:all,25.0,1.0,0.006988971929674846,0.09695703652419826,0.000528490211769733,0.07602111590963562,0.04084441213698092,0.012939106823164015,0.06076450229431194,0.006846160783996219
periodic,param/rms,-1,attn_out,-1,8.0,-1.0,-1,-,L0:all,25.0,1.0,0.025539678409884577,0.07772032478081092,0.001668051432267921,0.06505561289643148,0.034784229597605736,0.047954243965280634,0.04971077769403584,0.025523615205195093
periodic,param/rms,-1,attn_out,-1,9.0,-1.0,-1,-,L0:all,25.0,1.0,0.01193872226235467,0.07580648195133646,0.0008119948271339601,0.0672830866480143,0.03776006169170353,0.02150406516185242,0.046054194606764534,0.011926583081561573
periodic,param/rms,-1,attn_out,-1,10.0,-1.0,-1,-,L0:all,25.0,1.0,0.016197241197204594,0.0928720249609715,0.0009443277462543388,0.05698690490318038,0.029082592623516312,0.032470548911473295,0.06004625222143482,0.016170283319592912
periodic,param/rms,-1,attn_out,-1,11.0,-1.0,-1,-,L0:all,25.0,1.0,0.019095341453587295,0.08446034603229031,0.0012759734673314389,0.06716212623977026,0.03859401030104555,0.033061437704411646,0.05205050536636953,0.018387284184227443
periodic,param/rms,-1,attn_q,-1,0.0,-1.0,-1,-,L0:all,25.0,1.0,0.01040683232697078,0.029163924055402527,0.0006975909518515202,0.06712105568091534,0.039684502300454484,0.01757842259353549,0.020971078088053863,0.010386422940973089
periodic,param/rms,-1,attn_q,-1,1.0,-1.0,-1,-,L0:all,25.0,1.0,0.004612108190966045,0.010937398600697375,0.000313409146541459,0.06910249277574913,0.04063748797507655,0.007712315946637167,0.006612793482346719,0.004593336158115708
periodic,param/rms,-1,attn_q,-1,2.0,-1.0,-1,-,L0:all,25.0,1.0,0.005521352057314802,0.025913709206782487,0.0003460843146342367,0.06544269603259063,0.03835896963793577,0.009022252628286724,0.01660179157793862,0.005104922726392456
periodic,param/rms,-1,attn_q,-1,3.0,-1.0,-1,-,L0:all,25.0,1.0,0.01713081407740623,0.028666675125298902,0.0011715812512981007,0.06534723682405653,0.038114006082361825,0.030738864048202957,0.016421528676407834,0.01713081407740623
periodic,param/rms,-1,attn_q,-1,4.0,-1.0,-1,-,L0:all,25.0,1.0,0.006333181702042691,0.030357662325252815,0.00039677129951630436,0.06657132966245982,0.039638013604633066,0.010009868392343656,0.013857088685809284,0.005862398441700207
periodic,param/rms,-1,attn_q,-1,5.0,-1.0,-1,-,L0:all,25.0,1.0,0.009360209893819551,0.012058799250215977,0.0006742495738416,0.06632000177847155,0.038691169553889126,0.01742644592075471,0.007146106720463841,0.010167822289469913
periodic,param/rms,-1,attn_q,-1,6.0,-1.0,-1,-,L0:all,25.0,1.0,0.009035034081758216,0.042184478180854995,0.0005672191059551023,0.06495117330760651,0.03756150192627029,0.015101076284662427,0.025577054458803677,0.008903326409703913
periodic,param/rms,-1,attn_q,-1,7.0,-1.0,-1,-,L0:all,25.0,1.0,0.016451381145695478,0.020702721662474548,0.0010461431129698006,0.06121104011778597,0.035217134443918184,0.029705514928698697,0.01667890917187023,0.016451381145695478
periodic,param/rms,-1,attn_q,-1,8.0,-1.0,-1,-,L0:all,25.0,1.0,0.008620411068486546,0.030205300129658795,0.0005842402595492119,0.06701340828911553,0.039845450035649516,0.014662659325631789,0.015785253630578693,0.008491270730495376
periodic,param/rms,-1,attn_q,-1,9.0,-1.0,-1,-,L0:all,25.0,1.0,0.006691481573221501,0.021871802465042604,0.00045764400550763157,0.06760771011309952,0.04006763788098748,0.011421786501788978,0.009194768104678938,0.006685333674477247
periodic,param/rms,-1,attn_q,-1,10.0,-1.0,-1,-,L0:all,25.0,1.0,0.010730742993284283,0.02843778317776952,0.000770039815747982,0.06957912035426035,0.041922413830812535,0.018368212738313527,0.017864628610855877,0.010687766042977487
periodic,param/rms,-1,attn_q,-1,11.0,-1.0,-1,-,L0:all,25.0,1.0,0.0055422429705003825,0.02094852592596112,0.0003537873971281233,0.06560317804430135,0.038872706428697,0.00910117739749005,0.015705386089174503,0.005225221966235347
periodic,param/rms,-1,attn_v,-1,0.0,-1.0,-1,-,L0:all,25.0,1.0,0.013138546735991732,0.06915538537612866,0.0008379304661752248,0.06306171654322844,0.028955121821817052,0.02893893768887073,0.04147838425356873,0.012732352024493687
periodic,param/rms,-1,attn_v,-1,1.0,-1.0,-1,-,L0:all,25.0,1.0,0.009494848190750839,0.05615935291621571,0.0006867291019180494,0.06908089859211006,0.0348180214444447,0.019723380979984394,0.037492299616206363,0.009491009712581383
periodic,param/rms,-1,attn_v,-1,2.0,-1.0,-1,-,L0:all,25.0,1.0,0.006177932036002912,0.07747600947337704,0.0004100491942168579,0.06673378669981417,0.02728774625595775,0.015026861887772486,0.04498063597801984,0.006126469847885208
periodic,param/rms,-1,attn_v,-1,3.0,-1.0,-1,-,L0:all,25.0,1.0,0.006874249468858017,0.06423812754103803,0.0005165224027135778,0.0744680267397044,0.03855855640385461,0.01339579203390359,0.03232588206708279,0.006609456419892124
periodic,param/rms,-1,attn_v,-1,4.0,-1.0,-1,-,L0:all,25.0,1.0,0.010702452781793189,0.08171080969613688,0.0007898096295548902,0.07334344998662082,0.03297674319614758,0.02395050429501351,0.04086876660676792,0.010699426235124765
periodic,param/rms,-1,attn_v,-1,5.0,-1.0,-1,-,L0:all,25.0,1.0,0.02327019358585115,0.06702805473815465,0.001796993290131675,0.07776664030187994,0.03888763603942542,0.046209887592802784,0.0334051543335097,0.023205567255902962
periodic,param/rms,-1,attn_v,-1,6.0,-1.0,-1,-,L0:all,25.0,1.0,0.028783100442353236,0.08686390558385812,0.0022079285212292664,0.07663172297831501,0.03564350565965142,0.06194476329887633,0.04226005618061935,0.028756178398951518
periodic,param/rms,-1,attn_v,-1,7.0,-1.0,-1,-,L0:all,25.0,1.0,0.03563593396079355,0.0716910947103479,0.002648429632362678,0.07431907454078418,0.03696198699199068,0.07165279379965607,0.04061893842043043,0.03563593396079355
periodic,param/rms,-1,attn_v,-1,8.0,-1.0,-1,-,L0:all,25.0,1.0,0.02552353265453961,0.0657106034221104,0.0018516836187365507,0.07271536219268566,0.031339367493113335,0.05908490715849478,0.037049585184796854,0.02552353265453961
periodic,param/rms,-1,attn_v,-1,9.0,-1.0,-1,-,L0:all,25.0,1.0,0.02679312154485802,0.06797792575460757,0.001743464508212567,0.06367871300423551,0.029236106210026744,0.059633950420341295,0.03659827353832849,0.026130726235384153
periodic,param/rms,-1,attn_v,-1,10.0,-1.0,-1,-,L0:all,25.0,1.0,0.015326577755519339,0.08091980492701956,0.001086071439438269,0.06788756416931348,0.028186978123950462,0.03853096400268018,0.0461441636418415,0.01513788139390405
periodic,param/rms,-1,attn_v,-1,11.0,-1.0,-1,-,L0:all,25.0,1.0,0.015125560784343553,0.05911583388442249,0.0009858158514705487,0.06280095438707836,0.029459947956070584,0.033462918975300134,0.02952625680812787,0.014210667570972077
periodic,param/rms,-1,backout_scalar,-1,-1.0,-1.0,-1,-,L0:all,25.0,1.0,0.04594235631163706,0.09242994415641435,0.019383342695678974,0.42897588584946716,0.38801155115073377,0.04995558157532527,0.052983294608136146,0.04594235631163706
periodic,param/rms,-1,mlp_in,-1,0.0,-1.0,-1,-,L0:all,25.0,1.0,0.007256036649354319,0.07213023794644359,0.0004008501309646879,0.0547834379848842,0.03527947113480788,0.011362135487603613,0.033008527393678835,0.007209258459360342
periodic,param/rms,-1,mlp_in,-1,1.0,-1.0,-1,-,L0:all,25.0,1.0,0.004440061544020806,0.05481223558922309,0.00026711640600070487,0.05653553015006892,0.035417108859286076,0.007542016121699023,0.031539614190252606,0.004436186415708016
periodic,param/rms,-1,mlp_in,-1,2.0,-1.0,-1,-,L0:all,25.0,1.0,0.007594835030727191,0.052600381172906746,0.0004084302856828249,0.05586595155701432,0.03399534403126974,0.012014300702682721,0.033312292410527036,0.007195536365390896
periodic,param/rms,-1,mlp_in,-1,3.0,-1.0,-1,-,L0:all,25.0,1.0,0.00140352201087765,0.04651093570518354,8.390808967683009e-05,0.05616842951705983,0.034296799458007725,0.0024465282767730375,0.03124968601187033,0.001385104720151072
periodic,param/rms,-1,mlp_in,-1,4.0,-1.0,-1,-,L0:all,25.0,1.0,0.006882178519052631,0.043450828788098174,0.0003929106913701647,0.05565108134878645,0.03385983974239315,0.01160403281171568,0.030845111596114486,0.0068712722976963896
periodic,param/rms,-1,mlp_in,-1,5.0,-1.0,-1,-,L0:all,25.0,1.0,0.0034079415469859898,0.03826247137512248,0.00019643280926378046,0.05635901670274768,0.03440175426368383,0.005709964897666411,0.02602208031925575,0.003382612006694285
periodic,param/rms,-1,mlp_in,-1,6.0,-1.0,-1,-,L0:all,25.0,1.0,0.0036318152933437872,0.037210584709567646,0.0002264270861599061,0.05682079664087292,0.03474163288482294,0.0065174566466282,0.02286967342396929,0.003602969198220433
periodic,param/rms,-1,mlp_in,-1,7.0,-1.0,-1,-,L0:all,25.0,1.0,0.002108970798921312,0.03801091781799497,0.00012056948480307067,0.05628784343085623,0.03496156625728973,0.003448629386789303,0.027365259100829792,0.002050011645857625
periodic,param/rms,-1,mlp_in,-1,8.0,-1.0,-1,-,L0:all,25.0,1.0,0.0027971028938512817,0.0361163306924638,0.00016591099909439255,0.0575702821142467,0.03616019701408515,0.004588221657912062,0.026107241479447617,0.0027761245970425986
periodic,param/rms,-1,mlp_in,-1,9.0,-1.0,-1,-,L0:all,25.0,1.0,0.0030659727453991397,0.03503771483974405,0.0001825815991289459,0.05734441958344579,0.03594173208878927,0.005079933228535073,0.025660284525716684,0.003057397480665497
periodic,param/rms,-1,mlp_in,-1,10.0,-1.0,-1,-,L0:all,25.0,1.0,0.004550350119893827,0.03381179225766312,0.00026592884111937903,0.057050468162168855,0.03574546775354186,0.0074395121348783955,0.02573214820002709,0.004536784249592135
periodic,param/rms,-1,mlp_in,-1,11.0,-1.0,-1,-,L0:all,25.0,1.0,0.004519706638070223,0.033955063032629434,0.00026060943941915083,0.05573136274817788,0.03402732060683252,0.007658829281046058,0.026342786249576033,0.004516427636972608
periodic,param/rms,-1,mlp_out,-1,0.0,-1.0,-1,-,L0:all,25.0,1.0,0.007996819967148185,0.051902284937527576,0.00030553929503628573,0.03775976991647663,0.024799597608136707,0.012320332767659052,0.03154969078927095,0.007828351824987596
periodic,param/rms,-1,mlp_out,-1,1.0,-1.0,-1,-,L0:all,25.0,1.0,0.0044117093472438446,0.03743674085252142,0.00017267685162088514,0.03784623752366819,0.023944709288679193,0.007211482484046066,0.025259973049200062,0.004334514144659707
periodic,param/rms,-1,mlp_out,-1,2.0,-1.0,-1,-,L0:all,25.0,1.0,0.007876198571927392,0.033796443576670804,0.00031079673008193497,0.038671946498749096,0.024772037892341964,0.01254627218933872,0.023704272051479004,0.007841318320491722
periodic,param/rms,-1,mlp_out,-1,3.0,-1.0,-1,-,L0:all,25.0,1.0,0.006722579990334833,0.03390004335761706,0.00025517445977599716,0.03802844677865417,0.024033560501423107,0.010617422240074975,0.02471482730291894,0.006649508600660252
periodic,param/rms,-1,mlp_out,-1,4.0,-1.0,-1,-,L0:all,25.0,1.0,0.007536093572560472,0.030471713310237937,0.00029093282661455386,0.0383902911684617,0.02456411694874582,0.011843813771999166,0.024731871539862976,0.007489796285103331
periodic,param/rms,-1,mlp_out,-1,5.0,-1.0,-1,-,L0:all,25.0,1.0,0.003782763710344009,0.0276606825905998,0.0001416770612537478,0.038581909078390195,0.02431858687222756,0.005825875574026326,0.023694236692474547,0.0037596089586473037
periodic,param/rms,-1,mlp_out,-1,6.0,-1.0,-1,-,L0:all,25.0,1.0,0.004072265802640617,0.026347492474011153,0.00016104231823943407,0.03885422122378776,0.024617110107572886,0.006541885604593901,0.023511427778023918,0.0040594573922257265
periodic,param/rms,-1,mlp_out,-1,7.0,-1.0,-1,-,L0:all,25.0,1.0,0.002490995659736562,0.029144858366946164,9.596805790396895e-05,0.03886391041761957,0.024673225896916572,0.003889562650012544,0.021408479059643094,0.002432466826952939
periodic,param/rms,-1,mlp_out,-1,8.0,-1.0,-1,-,L0:all,25.0,1.0,0.0037585584807091703,0.02809787832129913,0.00014836402924779408,0.03991442693827392,0.025688827913431363,0.0057754300720828985,0.02114848470405231,0.0037120041595938217
periodic,param/rms,-1,mlp_out,-1,9.0,-1.0,-1,-,L0:all,25.0,1.0,0.0038875063725797164,0.02726924807473199,0.00015654880687597137,0.040528352308682104,0.025978516250398005,0.00602608730102409,0.020871826499791586,0.003846891461865211
periodic,param/rms,-1,mlp_out,-1,10.0,-1.0,-1,-,L0:all,25.0,1.0,0.007027806403207503,0.02598432482556994,0.0002827122238859638,0.04054858456655934,0.02617392931904227,0.010801290873826985,0.019816729557883266,0.006952376727118848
periodic,param/rms,-1,mlp_out,-1,11.0,-1.0,-1,-,L0:all,25.0,1.0,0.005735112728086595,0.024633913738190356,0.00022314266326431016,0.03914580733643691,0.024456360572360832,0.009124115691870079,0.01826074004205392,0.005700295343164605
periodic,param/rms,-1,resid_scalar,-1,0.0,-1.0,-1,-,L0:all,25.0,1.0,0.003912932455941524,0.005365553110912058,0.0031792868105210595,0.860242128719203,0.31611654294507463,0.010057325000778152,0.0029284164564242626,0.0039141071840485195
periodic,param/rms,-1,resid_scalar,-1,1.0,-1.0,-1,-,L0:all,25.0,1.0,0.03771105024417182,0.061362593244587656,0.01826731732815649,0.47309941410338047,0.5642925392122269,0.03237206955395571,0.005066512171028393,0.040934845193415705
periodic,param/rms,-1,resid_scalar,-1,2.0,-1.0,-1,-,L0:all,25.0,1.0,0.027649904827763732,0.03391365240176561,0.011490359281277012,0.40966391305655026,0.40550502956399787,0.02833592296902343,0.00640301147023494,0.02802324956233306
periodic,param/rms,-1,resid_scalar,-1,3.0,-1.0,-1,-,L0:all,25.0,1.0,0.0417427600899646,0.04985095953927887,0.025965980894910184,0.6019731086320076,0.3456734581794296,0.07511708024002223,0.01023111668425985,0.044496047327294126
periodic,param/rms,-1,resid_scalar,-1,4.0,-1.0,-1,-,L0:all,25.0,1.0,0.03556492351653965,0.04156302709052174,0.021217384612238266,0.5965817584950243,0.2715533920951626,0.07813338087414828,0.012837651977877174,0.03678129684928255
periodic,param/rms,-1,resid_scalar,-1,5.0,-1.0,-1,-,L0:all,25.0,1.0,0.022837549718999317,0.025504066359897343,0.015725779006443768,0.7078559239016691,0.29702755135293935,0.05294383950180367,0.011661309245194233,0.023606793927540136
periodic,param/rms,-1,resid_scalar,-1,6.0,-1.0,-1,-,L0:all,25.0,1.0,0.07137747808423382,0.07604804498628133,0.044240487351883226,0.6068513404799327,0.3116786405242009,0.14194263449518635,0.01594745294096779,0.07196250495725691
periodic,param/rms,-1,resid_scalar,-1,7.0,-1.0,-1,-,L0:all,25.0,1.0,0.010477750678168267,0.018025936110252272,0.009832733802137974,0.938439375411531,0.11510957126203714,0.08542064481983512,0.002489736649295005,0.012266572351660867
periodic,param/rms,-1,resid_scalar,-1,8.0,-1.0,-1,-,L0:all,25.0,1.0,0.012782843818022763,0.01637158237314018,0.012180161383283088,0.9654095801393969,0.10251322408609143,0.11881551372390835,0.009284929919023532,0.012782843818022763
periodic,param/rms,-1,resid_scalar,-1,9.0,-1.0,-1,-,L0:all,25.0,1.0,0.01233862466581106,0.014295144445074485,0.010859626741348546,0.8990284841902603,0.13393069383480682,0.08108392804074514,0.007682893637295882,0.01236615774717181
periodic,param/rms,-1,resid_scalar,-1,10.0,-1.0,-1,-,L0:all,25.0,1.0,0.014121289552232833,0.019743254432992262,0.012192171697051734,0.861834111450568,0.20138900078410027,0.060540405134252545,0.0052015236481195975,0.015951220121705363
periodic,param/rms,-1,resid_scalar,-1,11.0,-1.0,-1,-,L0:all,25.0,1.0,0.017487687237211516,0.024752813026648227,0.013934262648715749,0.7968042005614931,0.25267081650921275,0.0551478910038971,0.006548133722888273,0.019506014544430975
periodic,param/rms,-1,smear_gate,-1,-1.0,-1.0,-1,-,L0:all,25.0,1.0,0.05241126196308978,0.09766491171281909,0.008256516875585176,0.16928013751550722,0.07029045583813628,0.11746284438100883,0.05776318652491698,0.05241126196308978
periodic,param/rms,-1,smear_scalar,-1,-1.0,-1.0,-1,-,L0:all,25.0,1.0,0.05549658717353862,0.07829259461901511,0.014467132403104778,0.27405732612119327,0.15644600456215926,0.09247364573862725,0.029138646274476224,0.05684380459825329
periodic,param/rms,-1,token_embedding,-1,-1.0,-1.0,-1,-,L0:all,25.0,1.0,0.003776828397339197,0.017852747625892992,0.025808871842494283,6.993150538894141,3.8136213585917753,0.006767549637393607,0.010857621280624452,0.003544044729652595
periodic,param/rms,-1,unembedding,-1,-1.0,-1.0,-1,-,L0:all,25.0,1.0,0.0035633398009960464,0.013716298694143718,0.0007387114188948522,0.2023307481906446,0.1400642234114457,0.00527409070569613,0.012578717741713931,0.0034995540127089695
periodic,param/rms,-1,value_embedding,-1,1.0,-1.0,-1,-,L0:all,25.0,1.0,0.011066306582835583,0.028094315185697574,0.02819740859469454,2.5096188196769043,0.5410505585323087,0.052116032688672924,0.021404479611432537,0.010018685933608612
periodic,param/rms,-1,value_embedding,-1,3.0,-1.0,-1,-,L0:all,25.0,1.0,0.02536476441258559,0.04174610198979177,0.0621910667579406,2.4579642929409538,0.5082623716059458,0.12236016323899174,0.023605882439000282,0.02536476441258559
periodic,param/rms,-1,value_embedding,-1,5.0,-1.0,-1,-,L0:all,25.0,1.0,0.013536760296572496,0.05352785078649991,0.03623293240460647,2.582456214240631,0.5976450780448586,0.06062617050765181,0.01298305163338851,0.014030414999799224
periodic,param/rms,-1,value_embedding,-1,7.0,-1.0,-1,-,L0:all,25.0,1.0,0.004564832554531185,0.03644889084127527,0.011977131141180389,2.6556522669222424,0.7921727262843388,0.015119342971271866,0.024208987549089466,0.004475343819954293
periodic,param/rms,-1,value_embedding,-1,9.0,-1.0,-1,-,L0:all,25.0,1.0,0.006982851251608685,0.035983742882624584,0.019224287460648887,2.699839099752202,0.7292797730086349,0.026360648097148397,0.025213895547344125,0.006254871788988379
periodic,param/rms,-1,value_embedding,-1,11.0,-1.0,-1,-,L0:all,25.0,1.0,0.008314855700754329,0.03368549278865943,0.023215478409249785,2.6747525727588606,0.7377334455117501,0.03146865382136186,0.02104927887438842,0.00789027171825144
periodic,param/rms,-1,ve_gate,-1,1.0,-1.0,-1,-,L0:all,25.0,1.0,0.06491158033878189,0.4147459212378055,0.014166414991846185,0.22979404806757445,0.10007637888742121,0.14155603099690878,0.06759340677561369,0.06491158033878189
periodic,param/rms,-1,ve_gate,-1,3.0,-1.0,-1,-,L0:all,25.0,1.0,0.05874442839198138,0.24105124205563036,0.0207769267058573,0.36325632827939475,0.13506008655420187,0.1538346911803523,0.09880043863748186,0.05854526662470982
periodic,param/rms,-1,ve_gate,-1,5.0,-1.0,-1,-,L0:all,25.0,1.0,0.06281571802643185,0.21729878294818064,0.01828173949110977,0.3133236415358395,0.09834836810733316,0.18588757335716916,0.10660522888872688,0.058790817577929026
periodic,param/rms,-1,ve_gate,-1,7.0,-1.0,-1,-,L0:all,25.0,1.0,0.05736014996168284,0.09617875675242649,0.02005433287196004,0.35830398040135303,0.15114551512669594,0.13268228868815415,0.07099897198329526,0.054925970416775154
periodic,param/rms,-1,ve_gate,-1,9.0,-1.0,-1,-,L0:all,25.0,1.0,0.11651089773952483,0.13997264330842066,0.06995713107291786,0.5216942855625014,0.3376840357147931,0.2071674218321752,0.08087828192579627,0.12753457504532656
periodic,param/rms,-1,ve_gate,-1,11.0,-1.0,-1,-,L0:all,25.0,1.0,0.15670636447882774,0.187701836608525,0.08014368893920776,0.4599523991221756,0.27240493067107363,0.29420792326252165,0.07414275429280484,0.16427225698105863
periodic,param/rms,-1,x0_scalar,-1,0.0,-1.0,-1,-,L0:all,25.0,1.0,0.05309204395152387,1.0585696689307058,0.10322849088178068,1.8035451072380095,2.1378172989020174,0.048286862930147875,0.7120676301343168,0.05267780331761207
periodic,param/rms,-1,x0_scalar,-1,1.0,-1.0,-1,-,L0:all,25.0,1.0,0.058110695050867654,6.933963486637675,0.0697083481593498,1.240920086029761,1.6549697250942357,0.04212061834265913,0.44509579573195435,0.05652570885580123
periodic,param/rms,-1,x0_scalar,-1,2.0,-1.0,-1,-,L0:all,25.0,1.0,0.2117576173111825,0.4356628291923976,0.14727101328251288,0.6648839694094254,0.6291367165466206,0.23408427677038895,0.3226590578926576,0.2061624524294916
periodic,param/rms,-1,x0_scalar,-1,3.0,-1.0,-1,-,L0:all,25.0,1.0,0.8593084645105007,1.2663308630890888,0.17307513261513124,0.17734720167926582,0.22522201168710104,0.768464553347401,0.5797408796524366,0.9496319370382575
periodic,param/rms,-1,x0_scalar,-1,4.0,-1.0,-1,-,L0:all,25.0,1.0,0.2185103614304257,0.42136665649169375,0.12130438893497375,0.5757721112171733,0.4475703636457615,0.2710286444054694,0.23151774582628748,0.2185103614304257
periodic,param/rms,-1,x0_scalar,-1,5.0,-1.0,-1,-,L0:all,25.0,1.0,0.4901495435911749,0.8357830272938055,0.22418516887024445,0.4276689627461382,0.3674191797626414,0.6101618565886289,0.4741799505809864,0.4901495435911749
periodic,param/rms,-1,x0_scalar,-1,6.0,-1.0,-1,-,L0:all,25.0,1.0,0.3040533451777631,0.41720378198387675,0.14636616928410956,0.5975706500417381,0.38733259981816437,0.37788239191026535,0.32006210397377144,0.3040533451777631
periodic,param/rms,-1,x0_scalar,-1,7.0,-1.0,-1,-,L0:all,25.0,1.0,0.6977431051551528,1.4990826985054164,0.024224238712651957,0.034310054793764734,0.07649151992288057,0.3166918207021517,0.3088311952485242,0.7330004621325424
periodic,param/rms,-1,x0_scalar,-1,8.0,-1.0,-1,-,L0:all,25.0,1.0,0.11470743215034715,0.41382169414296627,0.22199584137755235,1.9949596191564427,1.3316304072007916,0.16670980189180856,0.08859476554560962,0.11470743215034715
periodic,param/rms,-1,x0_scalar,-1,9.0,-1.0,-1,-,L0:all,25.0,1.0,0.6612325189384012,0.8875214471795149,0.13337114957420781,0.21770191301038438,0.12044545525690101,1.1073157496041448,0.4369745351001333,0.6715703370221842
periodic,param/rms,-1,x0_scalar,-1,10.0,-1.0,-1,-,L0:all,25.0,1.0,0.2498715319037487,0.4245096066109385,0.3100663876750501,1.147657739522758,0.9277573214725291,0.33421066101953817,0.27154469187012054,0.2498715319037487
periodic,param/rms,-1,x0_scalar,-1,11.0,-1.0,-1,-,L0:all,25.0,1.0,0.4748808444517866,0.8676220857074626,0.2585467352848129,0.5095802642447043,0.4095904867095638,0.6312322763202888,0.4195830843271959,0.4788833482331471
periodic,probe/attn_out_norm,-1,-1,-1,0.0,-1.0,-1,train_stream,L0:all,25.0,1.0,0.026449601919540114,0.24138834513815682,436.36406812161255,15769.4150390625,15796.713769531252,0.02762372443332314,0.15107518603365253,0.026200865450675247
periodic,probe/attn_out_norm,-1,-1,-1,0.0,-1.0,-1,val,L0:all,25.0,1.0,0.027972776359184794,0.2404640937614064,460.62137986239634,15710.55859375,15789.18291015625,0.029173224636349342,0.15025646307067403,0.027817296237194665
periodic,probe/attn_out_norm,-1,-1,-1,1.0,-1.0,-1,train_stream,L0:all,25.0,1.0,0.0333345309182934,0.2964244861480497,594.6937870410537,17691.974609375,14984.147265624999,0.03968819689895437,0.1862855341926848,0.027176158261415815
periodic,probe/attn_out_norm,-1,-1,-1,1.0,-1.0,-1,val,L0:all,25.0,1.0,0.03356435143182755,0.3014715284112928,534.8687795332152,17669.76953125,15084.676953125001,0.03545775499172421,0.18817191402892136,0.029083196321505314
periodic,probe/attn_out_norm,-1,-1,-1,2.0,-1.0,-1,train_stream,L0:all,25.0,1.0,0.04686124250445142,0.27575764294311106,881.6722980140829,17231.662109375,15515.27578125,0.056826079693637926,0.18247615735274725,0.04671233919138616
periodic,probe/attn_out_norm,-1,-1,-1,2.0,-1.0,-1,val,L0:all,25.0,1.0,0.047088695485428496,0.2786709172952061,888.4854661658736,17177.419921875,15527.861914062501,0.05721878975245358,0.18386854561045876,0.04688798982914062
periodic,probe/attn_out_norm,-1,-1,-1,3.0,-1.0,-1,train_stream,L0:all,25.0,1.0,0.039916348274638414,0.4013385002332124,647.709391125093,14161.326171875,10627.019140625,0.06094930126257397,0.2825124593420091,0.038795502929170674
periodic,probe/attn_out_norm,-1,-1,-1,3.0,-1.0,-1,val,L0:all,25.0,1.0,0.038644069977038474,0.3855652999737477,625.0331117596078,14201.3125,10578.885937500003,0.0590830750470607,0.280542685150578,0.037937910054671606
periodic,probe/attn_out_norm,-1,-1,-1,4.0,-1.0,-1,train_stream,L0:all,25.0,1.0,0.023694092181021312,0.28234147504716156,401.1214891992732,15308.146484375,12169.567578125,0.03296103058914729,0.1459512874780848,0.023492434570237954
periodic,probe/attn_out_norm,-1,-1,-1,4.0,-1.0,-1,val,L0:all,25.0,1.0,0.025699592342629675,0.2825185212952724,428.0376038623309,15332.001953125,12236.2490234375,0.03498111251597292,0.14692517735834565,0.025459281544277235
periodic,probe/attn_out_norm,-1,-1,-1,5.0,-1.0,-1,train_stream,L0:all,25.0,1.0,0.033843714042770916,0.3046277971455506,678.3754495372165,17051.341796875,10952.714062500001,0.06193674423217568,0.20810472977871577,0.02964623623613661
periodic,probe/attn_out_norm,-1,-1,-1,5.0,-1.0,-1,val,L0:all,25.0,1.0,0.03613199983357718,0.3028297363536897,746.5550560005191,16749.51953125,10803.4560546875,0.06910335472476857,0.21102011986224958,0.032180950020681484
periodic,probe/attn_out_norm,-1,-1,-1,6.0,-1.0,-1,train_stream,L0:all,25.0,1.0,0.019156522465037615,0.32762388402968695,454.3144089349454,19572.83984375,18972.842968750003,0.023945510416295678,0.17379991304816747,0.017872294339142565
periodic,probe/attn_out_norm,-1,-1,-1,6.0,-1.0,-1,val,L0:all,25.0,1.0,0.02048197991820937,0.32829386414274936,485.1013106855097,19754.447265625,19184.7044921875,0.02528583700015058,0.16798605699616428,0.01934387711429904
periodic,probe/attn_out_norm,-1,-1,-1,7.0,-1.0,-1,train_stream,L0:all,25.0,1.0,0.04538756736514032,0.27809706306617055,790.2443978387719,16861.30859375,12735.523632812503,0.0620504048850212,0.1924321216924439,0.04506866976047875
periodic,probe/attn_out_norm,-1,-1,-1,7.0,-1.0,-1,val,L0:all,25.0,1.0,0.04602044887544997,0.2856123752177599,762.3587622215338,17286.08984375,12985.68046875,0.058707648325103,0.1962441849525517,0.042591769764188735
periodic,probe/attn_out_norm,-1,-1,-1,8.0,-1.0,-1,train_stream,L0:all,25.0,1.0,0.041492330042251765,0.24305055135594134,657.7360366205463,14301.8349609375,12424.819921875001,0.05293726917221098,0.17740434638582603,0.04144828402016287
periodic,probe/attn_out_norm,-1,-1,-1,8.0,-1.0,-1,val,L0:all,25.0,1.0,0.042799167234880954,0.24813428799877302,694.8363742840593,14571.8154296875,12553.54169921875,0.05534982803516727,0.18563857938266762,0.04258965659130788
periodic,probe/attn_out_norm,-1,-1,-1,9.0,-1.0,-1,train_stream,L0:all,25.0,1.0,0.08554645779199653,0.3488710197163108,1509.4177436526063,16876.380859375,11060.2193359375,0.13647267724141054,0.1900010604262381,0.0852999471001118
periodic,probe/attn_out_norm,-1,-1,-1,9.0,-1.0,-1,val,L0:all,25.0,1.0,0.07584064649444963,0.34505588924240055,1352.095881666422,16676.490234375,11142.472460937503,0.12134612729863185,0.19047584042747928,0.07506733115732225
periodic,probe/attn_out_norm,-1,-1,-1,10.0,-1.0,-1,train_stream,L0:all,25.0,1.0,0.05425605543278143,0.239409975279555,612.5833301982258,10820.2724609375,9172.316308593749,0.06678611046418916,0.14866927758499102,0.0528168224733117
periodic,probe/attn_out_norm,-1,-1,-1,10.0,-1.0,-1,val,L0:all,25.0,1.0,0.05880857751321359,0.24774158169396857,652.8889076725767,10934.212890625,9259.29765625,0.07051170962539242,0.15586149143615763,0.0554726665513377
periodic,probe/attn_out_norm,-1,-1,-1,11.0,-1.0,-1,train_stream,L0:all,25.0,1.0,0.07992534488797216,0.317644994848073,1645.3300371118994,19509.91015625,16116.206445312499,0.10209164561741228,0.16555001490777574,0.0790015896973261
periodic,probe/attn_out_norm,-1,-1,-1,11.0,-1.0,-1,val,L0:all,25.0,1.0,0.08201514493616553,0.3119934100199022,1696.1170881973105,19061.93359375,15908.559765625,0.10661663363532489,0.16136284730900877,0.08181762811845089
periodic,probe/attn_out_stats_mean,-1,-1,-1,0.0,-1.0,-1,train_stream,L0:all,25.0,1.0,9.088912696902032,160.25676199967003,0.07214724766533903,0.003993515856564045,0.02182775991968811,3.305297837743944,2.730222039387252,19.363922697243382
periodic,probe/attn_out_stats_mean,-1,-1,-1,0.0,-1.0,-1,val,L0:all,25.0,1.0,11.476345601277094,129.62020838392203,0.07115989458756998,0.005688106175512075,0.022938726283609875,3.102172880384164,1.9733835399256026,12.510296466321458
periodic,probe/attn_out_stats_mean,-1,-1,-1,1.0,-1.0,-1,train_stream,L0:all,25.0,1.0,0.860859828906336,4.429949714937454,0.02865654636063791,0.03508415445685387,0.042555760219693185,0.6733881902872634,1.1251152257036086,0.8408800948266985
periodic,probe/attn_out_stats_mean,-1,-1,-1,1.0,-1.0,-1,val,L0:all,25.0,1.0,1.1757199229925641,10.995408248702946,0.031381368695961566,0.029207920655608177,0.03186524845659733,0.9848148128738164,1.5948744352363022,1.1757199229925641
periodic,probe/attn_out_stats_mean,-1,-1,-1,2.0,-1.0,-1,train_stream,L0:all,25.0,1.0,7.295868290687895,128.7228266222739,0.045505841534250184,0.005925176199525595,0.015999689139425757,2.844170354667493,1.5937641846658868,10.609654341310888
periodic,probe/attn_out_stats_mean,-1,-1,-1,2.0,-1.0,-1,val,L0:all,25.0,1.0,7.30804453832517,389.7028752497714,0.048986116566294036,0.005335858091711998,0.025434518232941628,1.9259699011263147,2.8887516835010425,8.476975176798529
periodic,probe/attn_out_stats_mean,-1,-1,-1,3.0,-1.0,-1,train_stream,L0:all,25.0,1.0,10.950159367260582,1063.4505957749604,0.044475755988716933,0.003055865876376629,0.016237779753282663,2.7390293909932866,2.501799740207952,11.642178583873747
periodic,probe/attn_out_stats_mean,-1,-1,-1,3.0,-1.0,-1,val,L0:all,25.0,1.0,3.818708367084427,20.525434488723203,0.0437823520461091,0.011465225368738174,0.02128597372211516,2.0568639526516574,11.751212073158372,3.5942539310360324
periodic,probe/attn_out_stats_mean,-1,-1,-1,4.0,-1.0,-1,train_stream,L0:all,25.0,1.0,2.6305149630376397,154.73856177024908,0.03353548087403089,0.011103729717433453,0.0229251476342597,1.4628250779033125,1.4836511318233567,3.0118736990451467
periodic,probe/attn_out_stats_mean,-1,-1,-1,4.0,-1.0,-1,val,L0:all,25.0,1.0,5.541673925899736,53.22664029717918,0.029532191794728834,0.006676228251308203,0.02410020539537073,1.2253917055993848,2.2399420548777207,5.847268892533058
periodic,probe/attn_out_stats_mean,-1,-1,-1,5.0,-1.0,-1,train_stream,L0:all,25.0,1.0,3.7504185930805276,31.539845032230385,0.05428182097240121,0.013124540448188782,0.02559546874836087,2.120759010357152,1.5372003837616042,3.847329631842384
periodic,probe/attn_out_stats_mean,-1,-1,-1,5.0,-1.0,-1,val,L0:all,25.0,1.0,6.5527642130516375,20.45456442481823,0.05983816521227654,0.00868214201182127,0.02453430946916342,2.438958605600279,2.2143464307001772,7.278810924446333
periodic,probe/attn_out_stats_mean,-1,-1,-1,6.0,-1.0,-1,train_stream,L0:all,25.0,1.0,3.104891301343574,178.7243348547892,0.060160566115250724,0.006873517297208309,0.06857817880809307,0.8772552313411833,2.7910681774644446,5.013386676173853
periodic,probe/attn_out_stats_mean,-1,-1,-1,6.0,-1.0,-1,val,L0:all,25.0,1.0,7.559357715741168,165.96889775810206,0.07180098307693916,0.0055160848423838615,0.059524235688149935,1.2062478794874014,2.6255325305064128,10.257530421732474
periodic,probe/attn_out_stats_mean,-1,-1,-1,7.0,-1.0,-1,train_stream,L0:all,25.0,1.0,3.014773527820275,52.20730313971071,0.06210112185919299,0.01906021498143673,0.05047008022665979,1.2304541934607296,2.0750150866515606,3.0322335793721753
periodic,probe/attn_out_stats_mean,-1,-1,-1,7.0,-1.0,-1,val,L0:all,25.0,1.0,2.114116646683335,27.012448969541843,0.06355300310347589,0.029178470373153687,0.059168338030576716,1.0741049219708232,2.0838234453350983,2.526065021378957
periodic,probe/attn_out_stats_mean,-1,-1,-1,8.0,-1.0,-1,train_stream,L0:all,25.0,1.0,6.48738980042579,947.5514396126738,0.08548147468465989,0.004785225726664066,0.037539724796079095,2.2770938026052914,4.731150254142469,8.48575401896033
periodic,probe/attn_out_stats_mean,-1,-1,-1,8.0,-1.0,-1,val,L0:all,25.0,1.0,4.481983977401228,46.88177621436809,0.09168721149013857,0.011013823561370373,0.039406440546736136,2.326706249487246,3.3993511222315567,5.077714343576098
periodic,probe/attn_out_stats_mean,-1,-1,-1,9.0,-1.0,-1,train_stream,L0:all,25.0,1.0,2.2503695617657784,3.079665170332284,0.09222023411781764,0.04714006185531616,0.05365482158958912,1.7187688149113431,2.1129956421113048,2.2642421125060146
periodic,probe/attn_out_stats_mean,-1,-1,-1,9.0,-1.0,-1,val,L0:all,25.0,1.0,2.025651442061559,4.9269293335183155,0.10260848975749039,0.052760910242795944,0.07388293445110321,1.3887982457626689,2.7355587884366988,2.0003755858522547
periodic,probe/attn_out_stats_mean,-1,-1,-1,10.0,-1.0,-1,train_stream,L0:all,25.0,1.0,2.197125044845763,4.4275623848460794,0.08041833962590389,0.03290649130940437,0.04977285675704479,1.615706729843703,2.619240660600153,2.158419082072005
periodic,probe/attn_out_stats_mean,-1,-1,-1,10.0,-1.0,-1,val,L0:all,25.0,1.0,3.1780412549735093,10.881908160121993,0.07956331307429604,0.02321120724081993,0.039559486834332344,2.011232183255869,2.695851072105447,3.3269472856359052
periodic,probe/attn_out_stats_mean,-1,-1,-1,11.0,-1.0,-1,train_stream,L0:all,25.0,1.0,1.8763756417176194,7.890129175557309,0.11384218913877497,0.06651905179023743,0.07697993321344257,1.4788553897952117,2.98376392617269,1.7508942475282576
periodic,probe/attn_out_stats_mean,-1,-1,-1,11.0,-1.0,-1,val,L0:all,25.0,1.0,2.2306921378045605,74.05406379121153,0.12312418529337872,0.06479037553071976,0.08558204459259286,1.4386684248956951,4.052211096061811,2.2306921378045605
periodic,probe/attn_out_stats_rms,-1,-1,-1,0.0,-1.0,-1,train_stream,L0:all,25.0,1.0,0.026449571284715354,0.2413883029503242,0.08698480657945744,3.14347505569458,3.1489167213439946,0.027623724054007787,0.15107517940718213,0.026200876778427553
periodic,probe/attn_out_stats_rms,-1,-1,-1,0.0,-1.0,-1,val,L0:all,25.0,1.0,0.02797278938244757,0.24046407973912304,0.09182017105083987,3.1317427158355713,3.1474155426025394,0.029173196169361062,0.1502564756288116,0.02781730764669776
periodic,probe/attn_out_stats_rms,-1,-1,-1,1.0,-1.0,-1,train_stream,L0:all,25.0,1.0,0.033334573068344316,0.2964244579147377,0.11854628110519869,3.5267181396484375,2.9869398117065433,0.039688205514080664,0.1862855381062133,0.02717615347025046
periodic,probe/attn_out_stats_rms,-1,-1,-1,1.0,-1.0,-1,val,L0:all,25.0,1.0,0.03356435024676167,0.3014715609471116,0.10662065368964867,3.522291660308838,3.006979513168335,0.035457725342899565,0.18817192839388885,0.02908317416278678
periodic,probe/attn_out_stats_rms,-1,-1,-1,2.0,-1.0,-1,train_stream,L0:all,25.0,1.0,0.046861232554388975,0.2757576545123197,0.17575244533300796,3.4349594116210938,3.0928147077560424,0.05682605068200908,0.18247615465134578,0.046712318276903655
periodic,probe/attn_out_stats_rms,-1,-1,-1,2.0,-1.0,-1,val,L0:all,25.0,1.0,0.04708867640359949,0.2786708993375548,0.17711057790936405,3.4241466522216797,3.095323944091797,0.05721875354837224,0.18386856051837258,0.04688800392663562
periodic,probe/attn_out_stats_rms,-1,-1,-1,3.0,-1.0,-1,train_stream,L0:all,25.0,1.0,0.03991633585396352,0.40133848753532425,0.1291143473761101,2.822918653488159,2.118389701843262,0.06094928957772246,0.28251246156366794,0.03879547464893636
periodic,probe/attn_out_stats_rms,-1,-1,-1,3.0,-1.0,-1,val,L0:all,25.0,1.0,0.038644065795991604,0.3855653292054296,0.12459402026244334,2.8308894634246826,2.1087950706481937,0.05908303845956264,0.28054270791273045,0.037937933737391766
periodic,probe/attn_out_stats_rms,-1,-1,-1,4.0,-1.0,-1,train_stream,L0:all,25.0,1.0,0.023694108790679683,0.28234145863494975,0.07995944894534623,3.051525831222534,2.4258813619613644,0.0329609890240872,0.1459512784005925,0.023492460753776437
periodic,probe/attn_out_stats_rms,-1,-1,-1,4.0,-1.0,-1,val,L0:all,25.0,1.0,0.025699589797471972,0.2825185096023402,0.08532501944923736,3.056281089782715,2.4391736745834347,0.03498111689968501,0.1469251818886665,0.02545925967039516
periodic,probe/attn_out_stats_rms,-1,-1,-1,5.0,-1.0,-1,train_stream,L0:all,25.0,1.0,0.03384370929905121,0.3046278217524771,0.135227225375496,3.399014472961426,2.1833140373229982,0.061936681147939945,0.20810472520161646,0.02964624840591268
periodic,probe/attn_out_stats_rms,-1,-1,-1,5.0,-1.0,-1,val,L0:all,25.0,1.0,0.03613202096795864,0.3028297452993221,0.1488184783516723,3.3388490676879883,2.1535608768463135,0.06910344627434117,0.21102013020809723,0.032180953181932495
periodic,probe/attn_out_stats_rms,-1,-1,-1,6.0,-1.0,-1,train_stream,L0:all,25.0,1.0,0.019156518124131477,0.32762391433973687,0.09056321629812727,3.9016497135162354,3.7820463895797727,0.023945559353170665,0.17379988937682922,0.017872292929368993
periodic,probe/attn_out_stats_rms,-1,-1,-1,6.0,-1.0,-1,val,L0:all,25.0,1.0,0.020481992874255384,0.32829385829346763,0.09669997994500808,3.9378514289855957,3.8242786884307858,0.02528580886051663,0.16798606377501923,0.019343877644831926
periodic,probe/attn_out_stats_rms,-1,-1,-1,7.0,-1.0,-1,train_stream,L0:all,25.0,1.0,0.04538757514500979,0.2780970817646725,0.15752743113370266,3.361133098602295,2.5386993408203127,0.06205044788123744,0.1924321277924789,0.04506868056875532
periodic,probe/attn_out_stats_rms,-1,-1,-1,7.0,-1.0,-1,val,L0:all,25.0,1.0,0.04602044696180723,0.2856123920441596,0.15196851780955928,3.4458088874816895,2.58856520652771,0.05870762591814682,0.19624417884248166,0.04259176870784068
periodic,probe/attn_out_stats_rms,-1,-1,-1,8.0,-1.0,-1,train_stream,L0:all,25.0,1.0,0.04149234270764541,0.24305055338758413,0.13111307378121398,2.8509275913238525,2.4767635345458987,0.052937259432500834,0.17740434142042433,0.04144827873524491
periodic,probe/attn_out_stats_rms,-1,-1,-1,8.0,-1.0,-1,val,L0:all,25.0,1.0,0.04279916476219644,0.24813424911781748,0.13850862279363266,2.90474534034729,2.5024228334426883,0.05534980777132716,0.1856385857627988,0.042589644174776245
periodic,probe/attn_out_stats_rms,-1,-1,-1,9.0,-1.0,-1,train_stream,L0:all,25.0,1.0,0.08554648443170065,0.3488709972622045,0.3008873850965641,3.364137649536133,2.204743957519532,0.13647271106939798,0.19000108164328583,0.0852999446426047
periodic,probe/attn_out_stats_rms,-1,-1,-1,9.0,-1.0,-1,val,L0:all,25.0,1.0,0.07584067164095916,0.34505586391552207,0.2695267901097849,3.324291467666626,2.2211402416229244,0.12134613792456855,0.19047584314735844,0.07506731099434068
periodic,probe/attn_out_stats_rms,-1,-1,-1,10.0,-1.0,-1,train_stream,L0:all,25.0,1.0,0.05425606670411765,0.23940996143837395,0.12211241473334965,2.1569128036499023,1.8284094810485843,0.06678614172538569,0.14866927514859302,0.05281684746409253
periodic,probe/attn_out_stats_rms,-1,-1,-1,10.0,-1.0,-1,val,L0:all,25.0,1.0,0.05880858625637726,0.2477415533311079,0.1301468318374162,2.1796257495880127,1.8457483768463134,0.07051168700458942,0.15586148423568671,0.055472653853928106
periodic,probe/attn_out_stats_rms,-1,-1,-1,11.0,-1.0,-1,train_stream,L0:all,25.0,1.0,0.07992533191025308,0.3176449891481849,0.3279800314731012,3.8891053199768066,3.2126047134399407,0.10209162369120478,0.16554999430785722,0.0790016413961406
periodic,probe/attn_out_stats_rms,-1,-1,-1,11.0,-1.0,-1,val,L0:all,25.0,1.0,0.08201514211702163,0.31199340381929197,0.3381039380842882,3.7998056411743164,3.1712121009826655,0.10661662711854553,0.16136283091928647,0.08181761784774037
periodic,probe/attn_out_stats_std,-1,-1,-1,0.0,-1.0,-1,train_stream,L0:all,25.0,1.0,0.026571377084217446,0.24134123111409259,0.08743510873151054,3.143272638320923,3.148932933807373,0.027766583337738095,0.15103849745041426,0.02623208444720205
periodic,probe/attn_out_stats_std,-1,-1,-1,0.0,-1.0,-1,val,L0:all,25.0,1.0,0.028071883340276407,0.2404291760262915,0.09220972264315269,3.1315724849700928,3.1476822137832645,0.02929448285452041,0.15022847132495004,0.02785113169921428
periodic,probe/attn_out_stats_std,-1,-1,-1,1.0,-1.0,-1,train_stream,L0:all,25.0,1.0,0.033343001511092624,0.2964177239854428,0.1185479426333548,3.5264499187469482,2.9864649772644043,0.039695072112295275,0.18628408036297803,0.027196761779692283
periodic,probe/attn_out_stats_std,-1,-1,-1,1.0,-1.0,-1,val,L0:all,25.0,1.0,0.03358778242152025,0.3014553678450932,0.10664638121946142,3.52217698097229,3.00684871673584,0.035467824046443566,0.18815793888613008,0.029090369758628807
periodic,probe/attn_out_stats_std,-1,-1,-1,2.0,-1.0,-1,train_stream,L0:all,25.0,1.0,0.04688251931978652,0.27575549271006156,0.17586022159244966,3.4343388080596924,3.0923534631729126,0.0568693791595247,0.18250225894947247,0.0467620486410644
periodic,probe/attn_out_stats_std,-1,-1,-1,2.0,-1.0,-1,val,L0:all,25.0,1.0,0.0471103440794703,0.27866456894842784,0.1772306534431481,3.423461437225342,3.093845701217652,0.057284903824840076,0.18388063929632836,0.04694527440155306
periodic,probe/attn_out_stats_std,-1,-1,-1,3.0,-1.0,-1,train_stream,L0:all,25.0,1.0,0.03980355830919445,0.40133587580456076,0.12890853280648332,2.8228871822357178,2.1183507919311526,0.06085325116949417,0.28248954575420426,0.03867917310156786
periodic,probe/attn_out_stats_std,-1,-1,-1,3.0,-1.0,-1,val,L0:all,25.0,1.0,0.038530075448355745,0.38555647793298803,0.12447350337359701,2.8307392597198486,2.108633589744568,0.05903040906631638,0.2805240218932277,0.03784253916100066
periodic,probe/attn_out_stats_std,-1,-1,-1,4.0,-1.0,-1,train_stream,L0:all,25.0,1.0,0.02373250861502328,0.2823487476018945,0.08011090504791397,3.0515246391296387,2.4258638858795165,0.03302366036042831,0.14595281346457006,0.023537668077346075
periodic,probe/attn_out_stats_std,-1,-1,-1,4.0,-1.0,-1,val,L0:all,25.0,1.0,0.025726813996191856,0.28251654155695033,0.08560523829505233,3.056274175643921,2.438974356651306,0.035098867711175,0.1469260562787868,0.02549113973745816
periodic,probe/attn_out_stats_std,-1,-1,-1,5.0,-1.0,-1,train_stream,L0:all,25.0,1.0,0.03373939746676774,0.3045504549047238,0.1342655393724978,3.3990137577056885,2.183222341537476,0.06149879323694759,0.20809355767958082,0.029416909612000833
periodic,probe/attn_out_stats_std,-1,-1,-1,5.0,-1.0,-1,val,L0:all,25.0,1.0,0.03588610705672176,0.30278498465782516,0.14798304096515438,3.3387887477874756,2.153500127792358,0.06871745167568571,0.21102181146133042,0.03191790955763152
periodic,probe/attn_out_stats_std,-1,-1,-1,6.0,-1.0,-1,train_stream,L0:all,25.0,1.0,0.019113891842696098,0.32769945343132567,0.09031679944905362,3.901381015777588,3.782218384742737,0.023879319029643204,0.1738363889195087,0.017778592137111315
periodic,probe/attn_out_stats_std,-1,-1,-1,6.0,-1.0,-1,val,L0:all,25.0,1.0,0.020378039024756763,0.3283845551844708,0.09635583452344344,3.936032772064209,3.8242562532424924,0.025195967043721432,0.16801027385835232,0.019262200529966845
periodic,probe/attn_out_stats_std,-1,-1,-1,7.0,-1.0,-1,train_stream,L0:all,25.0,1.0,0.045431839355789164,0.2780824991759622,0.1572219210952735,3.360175132751465,2.536051750183106,0.06199476058953524,0.19242225865799328,0.04502928470222414
periodic,probe/attn_out_stats_std,-1,-1,-1,7.0,-1.0,-1,val,L0:all,25.0,1.0,0.04585731975307038,0.2856229646599227,0.15180685708658517,3.4454803466796875,2.5884577274322518,0.05864760914491637,0.19623382892525,0.04257117149870904
periodic,probe/attn_out_stats_std,-1,-1,-1,8.0,-1.0,-1,train_stream,L0:all,25.0,1.0,0.04137979248395647,0.24306228277479944,0.1313097429399796,2.8491554260253906,2.4759191513061523,0.05303474585214471,0.17741822315416556,0.04134923588581661
periodic,probe/attn_out_stats_std,-1,-1,-1,8.0,-1.0,-1,val,L0:all,25.0,1.0,0.04266581127716977,0.24814597187297363,0.13814622878051105,2.9023969173431396,2.501264023780823,0.055230566412454954,0.18566262547056483,0.04248716856693913
periodic,probe/attn_out_stats_std,-1,-1,-1,9.0,-1.0,-1,train_stream,L0:all,25.0,1.0,0.08547029074119791,0.34889260135765127,0.30054547543092613,3.361747980117798,2.203842830657959,0.1363733707549363,0.1899187717967099,0.0852275936940546
periodic,probe/attn_out_stats_std,-1,-1,-1,9.0,-1.0,-1,val,L0:all,25.0,1.0,0.07572093999977912,0.34508435945690114,0.26894384938128485,3.321927785873413,2.2203774452209473,0.12112528433404374,0.19038016116147755,0.07493246606514932
periodic,probe/attn_out_stats_std,-1,-1,-1,10.0,-1.0,-1,train_stream,L0:all,25.0,1.0,0.05448469799977144,0.23940172537656282,0.12208944166430287,2.156585216522217,1.8234639644622803,0.06695467749498725,0.14863197440453063,0.052877902217266265
periodic,probe/attn_out_stats_std,-1,-1,-1,10.0,-1.0,-1,val,L0:all,25.0,1.0,0.05911245129072042,0.2477364297580028,0.13023179630295348,2.1794185638427734,1.841177320480347,0.07073289185909434,0.15580582994318815,0.055581782299021054
periodic,probe/attn_out_stats_std,-1,-1,-1,11.0,-1.0,-1,train_stream,L0:all,25.0,1.0,0.08010740592746286,0.3176569957159858,0.3286832971373267,3.8889594078063965,3.2118600368499752,0.10233425285233852,0.16569050882998893,0.07926485601874204
periodic,probe/attn_out_stats_std,-1,-1,-1,11.0,-1.0,-1,val,L0:all,25.0,1.0,0.08219902682418662,0.31204452029485674,0.33882307379375604,3.799382209777832,3.168559265136719,0.1069328503720243,0.1614841189135878,0.08210268821613896
periodic,probe/attn_residual_ratio,-1,-1,-1,0.0,-1.0,-1,train_stream,L0:all,25.0,1.0,0.029270622551697805,0.16389057140016317,0.035773203147177204,1.1873887523836784,0.5780639271440445,0.06188451046221931,0.07199565093735433,0.028893199974377455
periodic,probe/attn_residual_ratio,-1,-1,-1,0.0,-1.0,-1,val,L0:all,25.0,1.0,0.030125176768594206,0.16511296109888443,0.03590521545813566,1.1910388118008621,0.5790731800083608,0.06200462514533526,0.07347981937355585,0.02892538392486045
periodic,probe/attn_residual_ratio,-1,-1,-1,1.0,-1.0,-1,train_stream,L0:all,25.0,1.0,0.02699301005608645,0.13689840468891915,0.0194230595339724,0.7182088846320377,0.08992916111125693,0.2159817715851139,0.04559866867934528,0.026835116863927786
periodic,probe/attn_residual_ratio,-1,-1,-1,1.0,-1.0,-1,val,L0:all,25.0,1.0,0.02965388532104025,0.13191396301399283,0.02091873549008178,0.7123938446813847,0.0942766920625151,0.22188660879414943,0.046099407626767466,0.029545636449487184
periodic,probe/attn_residual_ratio,-1,-1,-1,2.0,-1.0,-1,train_stream,L0:all,25.0,1.0,0.039868558813475105,0.15556240732120818,0.027276900755305675,0.6936455626833615,0.21465101434260603,0.12707557352498142,0.049562293497744575,0.03973279395504241
periodic,probe/attn_residual_ratio,-1,-1,-1,2.0,-1.0,-1,val,L0:all,25.0,1.0,0.04001998927355851,0.1574276507073707,0.027656479826146357,0.6952850940366918,0.2153005244142867,0.12845523670406422,0.0500632406775474,0.039926616741385555
periodic,probe/attn_residual_ratio,-1,-1,-1,3.0,-1.0,-1,train_stream,L0:all,25.0,1.0,0.030582343119328538,0.07089354097985234,0.01679279464472432,0.554445494623775,0.17176284310041828,0.09776733047500089,0.059037844116397384,0.029526713433656003
periodic,probe/attn_residual_ratio,-1,-1,-1,3.0,-1.0,-1,val,L0:all,25.0,1.0,0.029649640524308702,0.07419975211395353,0.016519087841450848,0.5568541849123512,0.17503897723431272,0.09437376807416942,0.05741724882864489,0.029374936562570026
periodic,probe/attn_residual_ratio,-1,-1,-1,4.0,-1.0,-1,train_stream,L0:all,25.0,1.0,0.04896581104651186,0.23090279538456962,0.025385699676325577,0.520021148726314,0.21632858546550926,0.11734787439995067,0.09838212030263846,0.048793596538119544
periodic,probe/attn_residual_ratio,-1,-1,-1,4.0,-1.0,-1,val,L0:all,25.0,1.0,0.0485433305399304,0.22261159372305758,0.02511721016194018,0.5223919762926611,0.2163188212443427,0.11611199625375668,0.09576152412719233,0.04790648362182962
periodic,probe/attn_residual_ratio,-1,-1,-1,5.0,-1.0,-1,train_stream,L0:all,25.0,1.0,0.05243023195342935,0.10320909409688571,0.024880463426525678,0.47150542554623415,0.16447464542064066,0.15127233357393405,0.06184440897462733,0.0503461752925315
periodic,probe/attn_residual_ratio,-1,-1,-1,5.0,-1.0,-1,val,L0:all,25.0,1.0,0.05419196288419976,0.09769693860198057,0.025979146709325714,0.4628079066127178,0.16255355924913895,0.15981899645463055,0.059995216817412184,0.05412131310057938
periodic,probe/attn_residual_ratio,-1,-1,-1,6.0,-1.0,-1,train_stream,L0:all,25.0,1.0,0.05830666946537512,0.2409568206849474,0.03179753973874231,0.545423827350238,0.3248163491977548,0.09789390163788621,0.09316199250788365,0.057076807794953395
periodic,probe/attn_residual_ratio,-1,-1,-1,6.0,-1.0,-1,val,L0:all,25.0,1.0,0.05850152559476724,0.24657600709379568,0.03251087721608287,0.5557928717637732,0.33052480333028544,0.09836138434547538,0.09504160952169378,0.05772722386410849
periodic,probe/attn_residual_ratio,-1,-1,-1,7.0,-1.0,-1,train_stream,L0:all,25.0,1.0,0.07194018011959245,0.11175876618454084,0.022894602907161322,0.3158142945204951,0.08835119723617557,0.25913177889328115,0.04878146100180179,0.07526241788133492
periodic,probe/attn_residual_ratio,-1,-1,-1,7.0,-1.0,-1,val,L0:all,25.0,1.0,0.07288568229696095,0.10373494421422004,0.023086599766124063,0.325825409148928,0.08894742389117222,0.2595533266300177,0.05333918148637526,0.0755024914503081
periodic,probe/attn_residual_ratio,-1,-1,-1,8.0,-1.0,-1,train_stream,L0:all,25.0,1.0,0.05408176407022655,0.16001319723517582,0.010946561523708386,0.1938243837924474,0.13948144245091157,0.0784804152535264,0.1140928041151921,0.053495755261483126
periodic,probe/attn_residual_ratio,-1,-1,-1,8.0,-1.0,-1,val,L0:all,25.0,1.0,0.057464947002882495,0.1652031736975992,0.011916243616158886,0.19531085053848313,0.14100454418583716,0.08450964247261318,0.12170320680898805,0.05566394507599653
periodic,probe/attn_residual_ratio,-1,-1,-1,9.0,-1.0,-1,train_stream,L0:all,25.0,1.0,0.09168484710033842,0.10390481708024493,0.019779067138879263,0.216590714148612,0.05713947684873594,0.3461541517301593,0.06763847584735475,0.09248437872968884
periodic,probe/attn_residual_ratio,-1,-1,-1,9.0,-1.0,-1,val,L0:all,25.0,1.0,0.08306303251466099,0.09412338576870719,0.017890066343269805,0.21514808151934042,0.05405426447993156,0.33096493894411894,0.06546099059719633,0.0831886737640965
periodic,probe/attn_residual_ratio,-1,-1,-1,10.0,-1.0,-1,train_stream,L0:all,25.0,1.0,0.04618899483182348,0.1602778308678979,0.005582148159921271,0.12473247209596869,0.08760664954741257,0.06371831577579305,0.050064350138304375,0.04618899483182348
periodic,probe/attn_residual_ratio,-1,-1,-1,10.0,-1.0,-1,val,L0:all,25.0,1.0,0.04769335353879818,0.1571993906294592,0.005889664570391123,0.1256862533098595,0.08737646762855178,0.0674056153818076,0.05036708355843743,0.04769335353879818
periodic,probe/attn_residual_ratio,-1,-1,-1,11.0,-1.0,-1,train_stream,L0:all,25.0,1.0,0.11773213502776951,0.137089096441882,0.03213650308579342,0.25711891044188356,0.15434135476846178,0.2082170597375125,0.058552466613776444,0.11791375724204466
periodic,probe/attn_residual_ratio,-1,-1,-1,11.0,-1.0,-1,val,L0:all,25.0,1.0,0.12132338549752372,0.13880903944898537,0.03310442767457784,0.2586151945538447,0.15619219323580638,0.2119467496342755,0.05353286096908446,0.12144694010094394
periodic,probe/backout_contribution_ratio,-1,-1,-1,6.0,-1.0,-1,train_stream,L0:all,25.0,1.0,0.024096064002441353,0.12219606014966573,0.005845146042797337,0.2404510035671692,0.21174242263630583,0.027604983309542596,0.06847148148348398,0.021722157070127642
periodic,probe/backout_contribution_ratio,-1,-1,-1,6.0,-1.0,-1,val,L0:all,25.0,1.0,0.024354741620070845,0.12319194414639921,0.005837580548445669,0.24008986515526975,0.20778417177963387,0.028094442894508503,0.06843655725605996,0.021943279968272625
periodic,probe/backout_term_norm,-1,-1,-1,6.0,-1.0,-1,train_stream,L0:all,25.0,1.0,0.07921958314303856,0.45415476817808004,2204.2142728956255,30053.7265625,28893.3640625,0.07628790708231936,0.2686907486061774,0.07897703160891564
periodic,probe/backout_term_norm,-1,-1,-1,6.0,-1.0,-1,val,L0:all,25.0,1.0,0.07937927958904092,0.45755176208606807,2131.4131680964792,29907.552734375,28601.858984375,0.07452009218214996,0.26944823870583073,0.07919397652514214
periodic,probe/block_in_stats_mean,-1,-1,-1,0.0,-1.0,-1,train_stream,L0:all,25.0,1.0,7.470543518274696,81.12835428295821,0.020741634065834003,0.0028626525308936834,0.00457150717265904,4.537154439980793,6.139363934328879,7.470543518274696
periodic,probe/block_in_stats_mean,-1,-1,-1,0.0,-1.0,-1,val,L0:all,25.0,1.0,4.109622029134532,228.26513660580252,0.01986231332160482,0.005790281109511852,0.005638853437267244,3.5224028328763737,13.869094775576297,3.9222930053435787
periodic,probe/block_in_stats_mean,-1,-1,-1,1.0,-1.0,-1,train_stream,L0:all,25.0,1.0,2.1128234218827395,7.888438315453729,0.07704103723863609,0.03461712598800659,0.04374322649091482,1.7612106700596721,4.211633863471012,2.0640752654823027
periodic,probe/block_in_stats_mean,-1,-1,-1,1.0,-1.0,-1,val,L0:all,25.0,1.0,2.2673878242522103,146.9481722006042,0.07893255918562334,0.03181220591068268,0.04249887503683567,1.8572858485597317,12.102415162665444,2.2176607910449997
periodic,probe/block_in_stats_mean,-1,-1,-1,2.0,-1.0,-1,train_stream,L0:all,25.0,1.0,5.198835993706469,24.86094607487005,0.061568996808621865,0.013061302714049816,0.01637480966746807,3.759982440036622,9.905989674100951,4.54201727714856
periodic,probe/block_in_stats_mean,-1,-1,-1,2.0,-1.0,-1,val,L0:all,25.0,1.0,4.5585762456896575,80.6518368620944,0.06522521692458765,0.015760352835059166,0.020817271247506146,3.1332260673887053,5.746391862125633,4.5585762456896575
periodic,probe/block_in_stats_mean,-1,-1,-1,3.0,-1.0,-1,train_stream,L0:all,25.0,1.0,3.85495966351949,22.041506663034777,0.07898139382816785,0.023308545351028442,0.026897450350224977,2.9363896131332474,7.338946203535665,3.703532089920904
periodic,probe/block_in_stats_mean,-1,-1,-1,3.0,-1.0,-1,val,L0:all,25.0,1.0,5.184149990812281,148.61465816637525,0.08578376524938812,0.014577049762010574,0.02982817643787712,2.875930596295392,21.689033503553848,4.956526029873361
periodic,probe/block_in_stats_mean,-1,-1,-1,4.0,-1.0,-1,train_stream,L0:all,25.0,1.0,3.4450883453309062,20.48548214616505,0.0976375499464773,0.025990312919020653,0.049753946391865624,1.9624081510535267,9.897332794683795,3.2232248035268114
periodic,probe/block_in_stats_mean,-1,-1,-1,4.0,-1.0,-1,val,L0:all,25.0,1.0,2.737268374142993,147.82603356739725,0.09619012393177041,0.03630010038614273,0.053247830319742215,1.8064609084383083,22.527548339012682,2.665318782140125
periodic,probe/block_in_stats_mean,-1,-1,-1,5.0,-1.0,-1,train_stream,L0:all,25.0,1.0,3.0916262681505717,34.96068579791123,0.11300885864788693,0.033480122685432434,0.06888560825027526,1.6405292994917462,6.385814937200321,3.0479312084719656
periodic,probe/block_in_stats_mean,-1,-1,-1,5.0,-1.0,-1,val,L0:all,25.0,1.0,2.5879821818100313,109.79246804440386,0.11158490938921543,0.04079730063676834,0.06812048112115009,1.6380522796185961,12.094921693716323,2.4260348534547496
periodic,probe/block_in_stats_mean,-1,-1,-1,6.0,-1.0,-1,train_stream,L0:all,25.0,1.0,7.117168809167597,20.523540609619037,0.1344517649428722,0.02082729898393154,0.039039948140271015,3.4439534719612164,5.843613228386316,7.117168809167597
periodic,probe/block_in_stats_mean,-1,-1,-1,6.0,-1.0,-1,val,L0:all,25.0,1.0,4.410569143244688,123.85733142783803,0.14220072468688852,0.030037641525268555,0.05277081499880296,2.694685020311211,8.512014026860559,4.410569143244688
periodic,probe/block_in_stats_mean,-1,-1,-1,7.0,-1.0,-1,train_stream,L0:all,25.0,1.0,6.306721916425708,204.48300726551022,0.21390262784399608,0.03405735641717911,0.07316566407680514,2.9235383911701165,5.156380075284327,6.306721916425708
periodic,probe/block_in_stats_mean,-1,-1,-1,7.0,-1.0,-1,val,L0:all,25.0,1.0,3.976048250271001,264.45927446910974,0.2282515797270663,0.05623636767268181,0.09428023770451545,2.4209907111438524,10.36558753197242,3.964396364337986
periodic,probe/block_in_stats_mean,-1,-1,-1,8.0,-1.0,-1,train_stream,L0:all,25.0,1.0,6.100442620765059,376.2441292704139,0.3105998869725939,0.04842674732208252,0.08379861414432527,3.7065038621957607,5.707650162849619,6.100442620765059
periodic,probe/block_in_stats_mean,-1,-1,-1,8.0,-1.0,-1,val,L0:all,25.0,1.0,4.766991796138819,177.1385481645956,0.3273043163351624,0.08065924793481827,0.11438831128180027,2.861344071500757,37.42765692301877,4.013453397134196
periodic,probe/block_in_stats_mean,-1,-1,-1,9.0,-1.0,-1,train_stream,L0:all,25.0,1.0,10.917268536246604,316.77974596548086,0.4010144946512888,0.04887838661670685,0.08641366101801395,4.64063771777581,12.77980413836104,10.917268536246604
periodic,probe/block_in_stats_mean,-1,-1,-1,9.0,-1.0,-1,val,L0:all,25.0,1.0,11.649093098785471,552.3122209687224,0.42150403295420613,0.04817008972167969,0.10764959007501601,3.915519164174053,19.91506979963559,9.127282524402585
periodic,probe/block_in_stats_mean,-1,-1,-1,10.0,-1.0,-1,train_stream,L0:all,25.0,1.0,17.315460153736794,200.24859331363476,0.4797434879982802,0.023253392428159714,0.1163276182487607,4.124072126813197,5.698286540707591,22.094582909577813
periodic,probe/block_in_stats_mean,-1,-1,-1,10.0,-1.0,-1,val,L0:all,25.0,1.0,16.776699878214522,513.9394027151247,0.5065939037130562,0.02876768819987774,0.14739466036262458,3.436989525039234,4.215182071540195,18.45285209401897
periodic,probe/block_in_stats_mean,-1,-1,-1,11.0,-1.0,-1,train_stream,L0:all,25.0,1.0,4.377288913372194,7.982210897426109,0.4797731639293634,0.10103185474872589,0.17396905124187473,2.757807555450305,3.50124971970011,4.401019886776253
periodic,probe/block_in_stats_mean,-1,-1,-1,11.0,-1.0,-1,val,L0:all,25.0,1.0,6.026401762454589,201.62435115639926,0.4949319012203932,0.07309432327747345,0.1901528514921666,2.6028108300063124,3.8460260942126463,6.931525587288476
periodic,probe/block_in_stats_rms,-1,-1,-1,0.0,-1.0,-1,train_stream,L0:all,25.0,1.0,0.03603327506096328,0.35673603591624464,0.09992286269592614,2.6109533309936523,2.0441895484924313,0.04888140768042681,0.2227432575446484,0.035350836357955884
periodic,probe/block_in_stats_rms,-1,-1,-1,0.0,-1.0,-1,val,L0:all,25.0,1.0,0.03604284196655763,0.3567089415313543,0.10002464056104166,2.6106996536254883,2.0437307357788086,0.048942181477211605,0.22264938072663776,0.03535315107011128
periodic,probe/block_in_stats_rms,-1,-1,-1,1.0,-1.0,-1,train_stream,L0:all,25.0,1.0,0.035529420596454704,0.3581717187852942,0.1852247175338031,5.0963053703308105,4.483492660522462,0.04131259523735204,0.22851034403501536,0.03493770572493705
periodic,probe/block_in_stats_rms,-1,-1,-1,1.0,-1.0,-1,val,L0:all,25.0,1.0,0.03752562292182404,0.35872191816244214,0.19803419608493317,5.091542720794678,4.490282297134399,0.04410283874831529,0.22781586794233383,0.036805603987648663
periodic,probe/block_in_stats_rms,-1,-1,-1,2.0,-1.0,-1,train_stream,L0:all,25.0,1.0,0.04361158025431986,0.33932489230209056,0.2332982605359425,5.122128963470459,3.248863172531128,0.07180919852472094,0.24117529740449972,0.04268110001989051
periodic,probe/block_in_stats_rms,-1,-1,-1,2.0,-1.0,-1,val,L0:all,25.0,1.0,0.042948963907671604,0.34191913902381904,0.2295548713564942,5.123187065124512,3.249122428894043,0.07065134551874414,0.24247705393005822,0.04275714373836919
periodic,probe/block_in_stats_rms,-1,-1,-1,3.0,-1.0,-1,train_stream,L0:all,25.0,1.0,0.05295522204492352,0.3484453524977021,0.3280999303641516,5.435846328735352,3.401959323883056,0.09644440133683096,0.2671172121192533,0.05004115784722292
periodic,probe/block_in_stats_rms,-1,-1,-1,3.0,-1.0,-1,val,L0:all,25.0,1.0,0.05515121213344768,0.35077769480662707,0.3398140871053378,5.405153751373291,3.3930019378662113,0.10015145683030167,0.26916688217966056,0.05174164144022388
periodic,probe/block_in_stats_rms,-1,-1,-1,4.0,-1.0,-1,train_stream,L0:all,25.0,1.0,0.027912714860401863,0.35717215648817946,0.1882361503480182,6.417394161224365,3.760147762298584,0.050060838628572704,0.2555146422307608,0.027373919864365357
periodic,probe/block_in_stats_rms,-1,-1,-1,4.0,-1.0,-1,val,L0:all,25.0,1.0,0.02680906347833771,0.3590068382958184,0.1804755859451916,6.373243808746338,3.7495520591735856,0.04813257239718631,0.2548592763095162,0.026117730962452627
periodic,probe/block_in_stats_rms,-1,-1,-1,5.0,-1.0,-1,train_stream,L0:all,25.0,1.0,0.04354959170845735,0.3649384698721864,0.36448666754737663,7.702864170074463,4.895355129241945,0.07445561311173314,0.24054716571378987,0.04330621196493541
periodic,probe/block_in_stats_rms,-1,-1,-1,5.0,-1.0,-1,val,L0:all,25.0,1.0,0.043722690818425496,0.36640118597987714,0.36580272354677557,7.649215221405029,4.874260997772218,0.07504783262815959,0.24040032384318938,0.04276847246178261
periodic,probe/block_in_stats_rms,-1,-1,-1,6.0,-1.0,-1,train_stream,L0:all,25.0,1.0,0.04404499717768958,0.3551333252734361,0.37193193214998477,7.857303142547607,4.657120037078858,0.079863076147652,0.20746632593906378,0.043684012573521905
periodic,probe/block_in_stats_rms,-1,-1,-1,6.0,-1.0,-1,val,L0:all,25.0,1.0,0.0435104123861474,0.3577314237681472,0.3657440409998227,7.80813455581665,4.605931949615479,0.07940717427020529,0.20775667110547083,0.04324428237591655
periodic,probe/block_in_stats_rms,-1,-1,-1,7.0,-1.0,-1,train_stream,L0:all,25.0,1.0,0.04315493864162709,0.35446715185929223,0.506087383946934,11.396087646484375,6.919893074035645,0.07313514508567204,0.2080860664460654,0.043120846042053906
periodic,probe/block_in_stats_rms,-1,-1,-1,7.0,-1.0,-1,val,L0:all,25.0,1.0,0.04321641409320932,0.3568289448968248,0.4871391800802422,11.327777862548828,6.87338466644287,0.0708732602233868,0.2087798818633213,0.04283702519526897
periodic,probe/block_in_stats_rms,-1,-1,-1,8.0,-1.0,-1,train_stream,L0:all,25.0,1.0,0.035307862494701726,0.3554439604912158,0.5611228018735028,14.5963134765625,9.73919372558594,0.05761491327555906,0.20180536978493713,0.034790906414902574
periodic,probe/block_in_stats_rms,-1,-1,-1,8.0,-1.0,-1,val,L0:all,25.0,1.0,0.035311553146615285,0.35780127733485473,0.5559116588591083,14.496681213378906,9.687315559387208,0.057385521866315015,0.20219445534495883,0.03419431137694091
periodic,probe/block_in_stats_rms,-1,-1,-1,9.0,-1.0,-1,train_stream,L0:all,25.0,1.0,0.03793594306616765,0.3527827858658617,0.6409146656195568,15.993562698364258,10.256066131591796,0.062491276615830815,0.19808986392737404,0.0371944900746268
periodic,probe/block_in_stats_rms,-1,-1,-1,9.0,-1.0,-1,val,L0:all,25.0,1.0,0.03784642401641896,0.35505370684742427,0.6124488801951389,15.92830753326416,10.186379623413085,0.06012429369777695,0.19871912280799242,0.03563375320571927
periodic,probe/block_in_stats_rms,-1,-1,-1,10.0,-1.0,-1,train_stream,L0:all,25.0,1.0,0.0515976526461942,0.35426238018611184,0.8878955252455875,16.207231521606445,11.878139305114745,0.07475038829215097,0.19908932934948026,0.05113125912648236
periodic,probe/block_in_stats_rms,-1,-1,-1,10.0,-1.0,-1,val,L0:all,25.0,1.0,0.05235190404375383,0.35602518777670233,0.9195475563741364,16.178525924682617,11.787281799316407,0.07801184123955235,0.19962084218262027,0.052254943138489184
periodic,probe/block_in_stats_rms,-1,-1,-1,11.0,-1.0,-1,train_stream,L0:all,25.0,1.0,0.0595701694854211,0.35305719818338915,0.9083870601634344,14.966961860656738,12.290651893615724,0.07390877782774796,0.19845675159374593,0.05954037502849729
periodic,probe/block_in_stats_rms,-1,-1,-1,11.0,-1.0,-1,val,L0:all,25.0,1.0,0.06086030947204441,0.35463612921619403,0.9534362756274791,14.97702693939209,12.195166969299319,0.07818148599586246,0.19901984378617288,0.06008431492165395
periodic,probe/block_in_stats_std,-1,-1,-1,0.0,-1.0,-1,train_stream,L0:all,25.0,1.0,0.03600355271355135,0.3567301379034432,0.09983032164579335,2.610933542251587,2.0441977977752686,0.0488359403157758,0.22273299989690046,0.03532135056136705
periodic,probe/block_in_stats_std,-1,-1,-1,0.0,-1.0,-1,val,L0:all,25.0,1.0,0.03601478940827856,0.3567041605961517,0.09993961546297421,2.6106879711151123,2.0437323808670045,0.048900539228417576,0.2226399853366294,0.035324792544770126
periodic,probe/block_in_stats_std,-1,-1,-1,1.0,-1.0,-1,train_stream,L0:all,25.0,1.0,0.03553701650616371,0.3581440567344144,0.1854259273918094,5.096136569976807,4.48336534500122,0.0413586476057661,0.22839173948895425,0.03496819085261865
periodic,probe/block_in_stats_std,-1,-1,-1,1.0,-1.0,-1,val,L0:all,25.0,1.0,0.03757662816352176,0.35869706301027376,0.1982530923091773,5.0914435386657715,4.490174865722656,0.04415264399224464,0.2277076151912385,0.03684732859441194
periodic,probe/block_in_stats_std,-1,-1,-1,2.0,-1.0,-1,train_stream,L0:all,25.0,1.0,0.04368500159560242,0.33929721544743613,0.23358728383128313,5.122116565704346,3.2487714767456053,0.07190018919560164,0.24109832238070075,0.04274927269393684
periodic,probe/block_in_stats_std,-1,-1,-1,2.0,-1.0,-1,val,L0:all,25.0,1.0,0.04302717306060174,0.34188915481706744,0.22997054697873023,5.123167514801025,3.249020433425904,0.0707815022068789,0.24239499844739212,0.04282742442414707
periodic,probe/block_in_stats_std,-1,-1,-1,3.0,-1.0,-1,train_stream,L0:all,25.0,1.0,0.052823898954390144,0.34842079599737796,0.32728617809149646,5.435845375061035,3.401915740966797,0.09620643279027374,0.2670346174747832,0.04993053398694183
periodic,probe/block_in_stats_std,-1,-1,-1,3.0,-1.0,-1,val,L0:all,25.0,1.0,0.055015273774060604,0.3507492285009363,0.33897603096648504,5.40514612197876,3.3929913520812987,0.09990477304298268,0.26908139444071666,0.051627276188115086
periodic,probe/block_in_stats_std,-1,-1,-1,4.0,-1.0,-1,train_stream,L0:all,25.0,1.0,0.027937225057010018,0.35714401923809436,0.187948865799362,6.416265964508057,3.760593223571778,0.049978515256922644,0.2554085552777755,0.02738141198011131
periodic,probe/block_in_stats_std,-1,-1,-1,4.0,-1.0,-1,val,L0:all,25.0,1.0,0.02684011215410984,0.3589803730130317,0.1803063666639754,6.371096611022949,3.749827194213867,0.048083913557988835,0.25475500067690415,0.026134888204661196
periodic,probe/block_in_stats_std,-1,-1,-1,5.0,-1.0,-1,train_stream,L0:all,25.0,1.0,0.043405206386262364,0.36491195406591975,0.3632247839534548,7.702783107757568,4.895853137969971,0.07419029405446244,0.24045219100441012,0.04321969799970348
periodic,probe/block_in_stats_std,-1,-1,-1,5.0,-1.0,-1,val,L0:all,25.0,1.0,0.04364512719115053,0.36637668795332173,0.36467838816345066,7.6490254402160645,4.874831771850587,0.07480840472675658,0.24030902972320367,0.04266440641837583
periodic,probe/block_in_stats_std,-1,-1,-1,6.0,-1.0,-1,train_stream,L0:all,25.0,1.0,0.04403597129834968,0.3551187332124954,0.3711596117823858,7.856840133666992,4.65300531387329,0.07976771715169659,0.207417771552161,0.04364023991110065
periodic,probe/block_in_stats_std,-1,-1,-1,6.0,-1.0,-1,val,L0:all,25.0,1.0,0.043479622530465896,0.3577158316329779,0.36492066236249904,7.807616710662842,4.601768112182617,0.0793000980202406,0.2077032057917621,0.04319809737355118
periodic,probe/block_in_stats_std,-1,-1,-1,7.0,-1.0,-1,train_stream,L0:all,25.0,1.0,0.04327289109447392,0.3544529620047927,0.5073938834284512,11.395915985107422,6.915990257263184,0.07336532651930579,0.2080566826168116,0.04305062295325811
periodic,probe/block_in_stats_std,-1,-1,-1,7.0,-1.0,-1,val,L0:all,25.0,1.0,0.04313827762532061,0.3568143030878776,0.48760433029641254,11.32752513885498,6.869222831726077,0.0709839151009007,0.20874197458986513,0.04298102626571956
periodic,probe/block_in_stats_std,-1,-1,-1,8.0,-1.0,-1,train_stream,L0:all,25.0,1.0,0.035307077959009815,0.35543275363849974,0.5632432329528496,14.596134185791016,9.737683486938478,0.05784160408462126,0.20175098734593253,0.03492905796799995
periodic,probe/block_in_stats_std,-1,-1,-1,8.0,-1.0,-1,val,L0:all,25.0,1.0,0.03531086772646856,0.3577878072818134,0.5581531974565881,14.49654483795166,9.685017585754395,0.05763058172218196,0.20212442978098222,0.03434141445200079
periodic,probe/block_in_stats_std,-1,-1,-1,9.0,-1.0,-1,train_stream,L0:all,25.0,1.0,0.03797120670821088,0.352772630086365,0.6420211041400444,15.9934663772583,10.246814918518066,0.06265567488486423,0.1980276994254678,0.037218293214771436
periodic,probe/block_in_stats_std,-1,-1,-1,9.0,-1.0,-1,val,L0:all,25.0,1.0,0.03792050700774254,0.3550410824660923,0.6128109743041216,15.92827033996582,10.177989196777343,0.06020943454117204,0.1986400744930856,0.03565470128716367
periodic,probe/block_in_stats_std,-1,-1,-1,10.0,-1.0,-1,train_stream,L0:all,25.0,1.0,0.05175895978037073,0.354257098126154,0.8896172923782476,16.18768882751465,11.845013427734376,0.07510479391228574,0.19900034461957228,0.051305744581782865
periodic,probe/block_in_stats_std,-1,-1,-1,10.0,-1.0,-1,val,L0:all,25.0,1.0,0.05255301695200797,0.3560158139510295,0.9214809022997513,16.157806396484375,11.75464553833008,0.0783929127675475,0.1995147428960921,0.05243962883475391
periodic,probe/block_in_stats_std,-1,-1,-1,11.0,-1.0,-1,train_stream,L0:all,25.0,1.0,0.05971667903902517,0.35305339765825416,0.9099753369591734,14.96687126159668,12.254877471923828,0.07425413587724114,0.19835646724379802,0.0595579025228245
periodic,probe/block_in_stats_std,-1,-1,-1,11.0,-1.0,-1,val,L0:all,25.0,1.0,0.06107849536743273,0.3546281851784816,0.9555102188823629,14.976766586303711,12.160157203674316,0.07857712716030066,0.1989025090119661,0.06028848967855593
periodic,probe/c_proj_in_norm,-1,-1,-1,0.0,-1.0,-1,train_stream,L0:all,25.0,1.0,0.027302170768755997,0.15182331090909434,189.57944043214889,6832.85498046875,3607.2971679687507,0.052554428317005006,0.09806583665325105,0.027197253326317467
periodic,probe/c_proj_in_norm,-1,-1,-1,0.0,-1.0,-1,val,L0:all,25.0,1.0,0.028675434092975106,0.15030300364949492,198.8338243055424,6833.98486328125,3623.2875000000004,0.0548766346323725,0.09694991241007699,0.028610771815664588
periodic,probe/c_proj_in_norm,-1,-1,-1,1.0,-1.0,-1,train_stream,L0:all,25.0,1.0,0.03625391608354424,0.195909107630968,340.33438072278494,8520.818359375,3751.639355468751,0.09071617724307128,0.11920252224266514,0.03509732142429911
periodic,probe/c_proj_in_norm,-1,-1,-1,1.0,-1.0,-1,val,L0:all,25.0,1.0,0.03638032869895449,0.19990479418072216,317.8378348233579,8482.9111328125,3657.3732421875,0.08690330840646084,0.1210235866579994,0.0357512868303973
periodic,probe/c_proj_in_norm,-1,-1,-1,2.0,-1.0,-1,train_stream,L0:all,25.0,1.0,0.038375123295773625,0.1587287806743991,299.74923107233127,7169.43408203125,2594.1895507812505,0.11554638749587924,0.10867888059021191,0.03834549244062764
periodic,probe/c_proj_in_norm,-1,-1,-1,2.0,-1.0,-1,val,L0:all,25.0,1.0,0.03922427367217264,0.16208526805726295,296.7752986980044,7130.6796875,2586.07646484375,0.11475890320046492,0.11066208874763588,0.03889677534441723
periodic,probe/c_proj_in_norm,-1,-1,-1,3.0,-1.0,-1,train_stream,L0:all,25.0,1.0,0.03613671559615678,0.28876328080637775,260.2666673716697,7057.88916015625,2020.6656249999996,0.12880244220102954,0.2235016267986904,0.035176121118221694
periodic,probe/c_proj_in_norm,-1,-1,-1,3.0,-1.0,-1,val,L0:all,25.0,1.0,0.03572555888108507,0.2768229325138974,264.34621414563026,7056.46142578125,1978.3620117187493,0.13361872730055768,0.22257621323361543,0.03563361080438738
periodic,probe/c_proj_in_norm,-1,-1,-1,4.0,-1.0,-1,train_stream,L0:all,25.0,1.0,0.01794072451902698,0.15312161093650017,123.19166748026919,6831.197265625,1926.5553710937502,0.06394400562197723,0.09202719007226234,0.017822312941701064
periodic,probe/c_proj_in_norm,-1,-1,-1,4.0,-1.0,-1,val,L0:all,25.0,1.0,0.018680957952435094,0.15208641558465022,131.67790868462419,6829.86962890625,1932.3210937500007,0.0681449419097737,0.08963028188274225,0.018333918676024477
periodic,probe/c_proj_in_norm,-1,-1,-1,5.0,-1.0,-1,train_stream,L0:all,25.0,1.0,0.035629488796193154,0.1710377293776321,310.8513812163753,8203.03515625,2600.12431640625,0.11955250726089017,0.13720970409989525,0.03487463384875045
periodic,probe/c_proj_in_norm,-1,-1,-1,5.0,-1.0,-1,val,L0:all,25.0,1.0,0.03925028758404914,0.17192526000606714,338.038504607933,8061.01806640625,2563.255371093751,0.1318785901787424,0.138137093328934,0.037638140222760304
periodic,probe/c_proj_in_norm,-1,-1,-1,6.0,-1.0,-1,train_stream,L0:all,25.0,1.0,0.01842859199547705,0.17126621382954582,162.74293190540155,8148.248046875,3322.8546875,0.04897684286875742,0.09548289852177207,0.017606748714388127
periodic,probe/c_proj_in_norm,-1,-1,-1,6.0,-1.0,-1,val,L0:all,25.0,1.0,0.020687743007601248,0.17041402848354753,183.48991640304524,8180.1298828125,3367.4540039062504,0.054489212381281744,0.09052712114809433,0.01998623752846695
periodic,probe/c_proj_in_norm,-1,-1,-1,7.0,-1.0,-1,train_stream,L0:all,25.0,1.0,0.06019197136031646,0.2114224768641694,574.7510964338773,9190.8388671875,5180.346484375001,0.11094838890939936,0.11906714083767224,0.06015722316449024
periodic,probe/c_proj_in_norm,-1,-1,-1,7.0,-1.0,-1,val,L0:all,25.0,1.0,0.0585978532414097,0.21790766073756634,560.5038647641787,9443.8447265625,5220.1076171875,0.10737400564668206,0.12009799191347736,0.05565390997465968
periodic,probe/c_proj_in_norm,-1,-1,-1,8.0,-1.0,-1,train_stream,L0:all,25.0,1.0,0.02123331669537868,0.13647934450359953,149.92238577719425,6687.35546875,3799.5754882812507,0.039457667373523374,0.10871196729955751,0.02115472664670208
periodic,probe/c_proj_in_norm,-1,-1,-1,8.0,-1.0,-1,val,L0:all,25.0,1.0,0.021609423770761176,0.14215157674556742,156.42374323772458,6745.70556640625,3877.96015625,0.040336604022509305,0.11439075161069165,0.021554782150784234
periodic,probe/c_proj_in_norm,-1,-1,-1,9.0,-1.0,-1,train_stream,L0:all,25.0,1.0,0.050779083854045504,0.25135458028863816,549.1484932963119,9943.87890625,5692.94072265625,0.09646130533396571,0.1416227560735236,0.05058358701995399
periodic,probe/c_proj_in_norm,-1,-1,-1,9.0,-1.0,-1,val,L0:all,25.0,1.0,0.04920110698088864,0.24992223340573005,540.2780063483019,9959.564453125,5780.258984375001,0.09346951543326397,0.14108573866765783,0.048864144372860324
periodic,probe/c_proj_in_norm,-1,-1,-1,10.0,-1.0,-1,train_stream,L0:all,25.0,1.0,0.016892313085141546,0.13526106685446077,112.01191963179117,6130.455078125,3802.10859375,0.02946047354247565,0.09250638032890587,0.015346022278386977
periodic,probe/c_proj_in_norm,-1,-1,-1,10.0,-1.0,-1,val,L0:all,25.0,1.0,0.018056892886320456,0.14009365264132553,122.12562626694701,6206.51416015625,3852.0232421875,0.031704280734711744,0.09706537984236713,0.016065118992852345
periodic,probe/c_proj_in_norm,-1,-1,-1,11.0,-1.0,-1,train_stream,L0:all,25.0,1.0,0.09939299485622298,0.2287107373584741,1112.7429174866743,10990.03515625,7100.0707031249985,0.15672279390075874,0.1228057467662696,0.09420429505202432
periodic,probe/c_proj_in_norm,-1,-1,-1,11.0,-1.0,-1,val,L0:all,25.0,1.0,0.10070801686824668,0.21787817312826613,1132.8842496331242,11163.5859375,7129.681835937501,0.15889688708446528,0.11251015933234454,0.09688260834430594
periodic,probe/c_proj_in_stats_mean,-1,-1,-1,0.0,-1.0,-1,train_stream,L0:all,25.0,1.0,2.2529512947647294,6.790882158669094,0.02786055373827085,0.012284589931368828,0.020716693345457313,1.3448359385200832,1.943137396448217,2.2529512947647294
periodic,probe/c_proj_in_stats_mean,-1,-1,-1,0.0,-1.0,-1,val,L0:all,25.0,1.0,2.236075623205497,6.325266302647718,0.028728895640015722,0.01252860575914383,0.021257703937590123,1.3514580748871117,1.9177733881966308,2.236075623205497
periodic,probe/c_proj_in_stats_mean,-1,-1,-1,1.0,-1.0,-1,train_stream,L0:all,25.0,1.0,5.720447807133645,29.87188083829183,0.03449809274676647,0.005285307299345732,0.006626954022794961,5.205723870740946,5.946899791287496,5.720447807133645
periodic,probe/c_proj_in_stats_mean,-1,-1,-1,1.0,-1.0,-1,val,L0:all,25.0,1.0,3.4376047278447643,12.357745634456405,0.03832237311588364,0.01082597952336073,0.010553123941645029,3.631377147448713,3.9944176842926673,3.4376047278447643
periodic,probe/c_proj_in_stats_mean,-1,-1,-1,2.0,-1.0,-1,train_stream,L0:all,25.0,1.0,6.953635452036145,35.73500352190812,0.0192285335309803,0.0024619977921247482,0.0068719055037945505,2.798137069894606,1.7445741091088627,8.804426744660564
periodic,probe/c_proj_in_stats_mean,-1,-1,-1,2.0,-1.0,-1,val,L0:all,25.0,1.0,3.287154585633985,12.298175747963874,0.021346126257122063,0.0062136054039001465,0.007692125882022084,2.775062002951862,1.1959011385910583,3.3361475565897343
periodic,probe/c_proj_in_stats_mean,-1,-1,-1,3.0,-1.0,-1,train_stream,L0:all,25.0,1.0,1.002061971900294,16.438353769580313,0.014555144894071094,0.015152755193412304,0.01922975106863305,0.7569076085344119,4.723110494099929,0.9543163221739875
periodic,probe/c_proj_in_stats_mean,-1,-1,-1,3.0,-1.0,-1,val,L0:all,25.0,1.0,1.0710039269833833,14.768800496919772,0.01534412280995315,0.01620998978614807,0.01997520436998457,0.7681584891822062,2.474731079144972,0.9100268153963202
periodic,probe/c_proj_in_stats_mean,-1,-1,-1,4.0,-1.0,-1,train_stream,L0:all,25.0,1.0,3.7279301532129003,188.07803911435946,0.013060210115421723,0.0030343641992658377,0.009030992258340122,1.4461545023871125,1.7301666818241264,5.488012773040825
periodic,probe/c_proj_in_stats_mean,-1,-1,-1,4.0,-1.0,-1,val,L0:all,25.0,1.0,4.937319073800639,113.13558107733874,0.012073673264929686,0.0024791487958282232,0.007786578207742423,1.550574969236741,1.748309357146024,5.983339216885707
periodic,probe/c_proj_in_stats_mean,-1,-1,-1,5.0,-1.0,-1,train_stream,L0:all,25.0,1.0,2.74272425928748,51.76618745949428,0.012252181219622783,0.004450416192412376,0.011793514899909496,1.038891401215494,1.7210143957622872,2.80794387675583
periodic,probe/c_proj_in_stats_mean,-1,-1,-1,5.0,-1.0,-1,val,L0:all,25.0,1.0,1.8743142636611696,24.311955509298194,0.017545567381147268,0.009438704699277878,0.017936639767140158,0.9781970095251992,2.906100512013949,1.5069744363762905
periodic,probe/c_proj_in_stats_mean,-1,-1,-1,6.0,-1.0,-1,train_stream,L0:all,25.0,1.0,5.697746132894397,336.45849302841503,0.03882522583136517,0.0071983132511377335,0.011399938259273767,3.405740009142692,2.6759967933962114,5.864164076886747
periodic,probe/c_proj_in_stats_mean,-1,-1,-1,6.0,-1.0,-1,val,L0:all,25.0,1.0,4.172031604100899,15.793177109431554,0.036793857197661615,0.007897676900029182,0.01485292878933251,2.4772122535245202,4.279287152028144,4.172031604100899
periodic,probe/c_proj_in_stats_mean,-1,-1,-1,7.0,-1.0,-1,train_stream,L0:all,25.0,1.0,6.23281554153094,30.599179784509708,0.05607520507610851,0.007749132812023163,0.013485126383602618,4.158300299231437,3.3385539984993313,6.853652293677817
periodic,probe/c_proj_in_stats_mean,-1,-1,-1,7.0,-1.0,-1,val,L0:all,25.0,1.0,4.800154821752097,9.925622815760105,0.05634303235130929,0.013134877197444439,0.016617769747972487,3.3905291267008697,2.90250954198728,4.800154821752097
periodic,probe/c_proj_in_stats_mean,-1,-1,-1,8.0,-1.0,-1,train_stream,L0:all,25.0,1.0,1.2404535202996667,4.866803586078224,0.017697698343303637,0.013696866109967232,0.02026273002848029,0.8734113477516913,1.167391046733381,1.2404535202996667
periodic,probe/c_proj_in_stats_mean,-1,-1,-1,8.0,-1.0,-1,val,L0:all,25.0,1.0,1.5570222021042672,7.503759036620507,0.02496073338335533,0.015601374208927155,0.02092724861577153,1.1927384168668986,1.3204326909859643,1.5721412424635761
periodic,probe/c_proj_in_stats_mean,-1,-1,-1,9.0,-1.0,-1,train_stream,L0:all,25.0,1.0,1.5026928002803857,31.135170912667142,0.014302417744532057,0.009200542233884335,0.013688634545542307,1.0448388914867792,1.7007768156956873,1.4938184597166648
periodic,probe/c_proj_in_stats_mean,-1,-1,-1,9.0,-1.0,-1,val,L0:all,25.0,1.0,1.4007545175965588,3.2149237365002334,0.015546651568426639,0.010508722625672817,0.01034364402294159,1.503014946564778,1.9977706329914406,1.3197931296201546
periodic,probe/c_proj_in_stats_mean,-1,-1,-1,10.0,-1.0,-1,train_stream,L0:all,25.0,1.0,3.2013493694120347,31.472720202873138,0.020752195967299658,0.005480999127030373,0.019614780042320493,1.0579876971612783,1.9302479741385563,3.6130578865183978
periodic,probe/c_proj_in_stats_mean,-1,-1,-1,10.0,-1.0,-1,val,L0:all,25.0,1.0,3.8698340312598893,20.76112543139014,0.02042918275589066,0.005142790265381336,0.018589193467050794,1.0989816633035334,8.522586355401222,3.8698340312598893
periodic,probe/c_proj_in_stats_mean,-1,-1,-1,11.0,-1.0,-1,train_stream,L0:all,25.0,1.0,5.254944904649519,23.40611366702774,0.0645409533359834,0.00948728434741497,0.03251822859165259,1.984762274306388,2.600914672896997,5.423740087175023
periodic,probe/c_proj_in_stats_mean,-1,-1,-1,11.0,-1.0,-1,val,L0:all,25.0,1.0,4.859595267030537,247.46719878705505,0.06631688460345354,0.013284742832183838,0.0338295593550356,1.9603236302154832,5.287314958216302,4.859595267030537
periodic,probe/c_proj_in_stats_rms,-1,-1,-1,0.0,-1.0,-1,train_stream,L0:all,25.0,1.0,0.027302156235532157,0.15182331036002167,0.03779077523913144,1.3620611429214478,0.7190785050392152,0.052554449860895934,0.09806585341252719,0.027197228894523
periodic,probe/c_proj_in_stats_rms,-1,-1,-1,0.0,-1.0,-1,val,L0:all,25.0,1.0,0.028675441576161476,0.150303005710127,0.039635535221792334,1.3622864484786987,0.7222660779953004,0.054876639550625876,0.09694990571608866,0.02861078293380896
periodic,probe/c_proj_in_stats_rms,-1,-1,-1,1.0,-1.0,-1,train_stream,L0:all,25.0,1.0,0.036253895559598966,0.19590910602222594,0.06784221231495684,1.6985399723052979,0.747851777076721,0.09071612102085973,0.11920250323300731,0.03509732002804635
periodic,probe/c_proj_in_stats_rms,-1,-1,-1,1.0,-1.0,-1,val,L0:all,25.0,1.0,0.03638030844714974,0.1999048417171176,0.06335782271491594,1.6909832954406738,0.7290606975555418,0.0869033578786342,0.12102357354107415,0.03575128607082223
periodic,probe/c_proj_in_stats_rms,-1,-1,-1,2.0,-1.0,-1,train_stream,L0:all,25.0,1.0,0.03837512134181299,0.15872878899512785,0.05975200516337311,1.429154872894287,0.5171256780624389,0.11554638978139956,0.10867887140227711,0.0383455304287157
periodic,probe/c_proj_in_stats_rms,-1,-1,-1,2.0,-1.0,-1,val,L0:all,25.0,1.0,0.03922424799367142,0.16208526421564592,0.059159226391229267,1.4214296340942383,0.5155084133148193,0.11475899299261469,0.11066207390400692,0.03889676989247676
periodic,probe/c_proj_in_stats_rms,-1,-1,-1,3.0,-1.0,-1,train_stream,L0:all,25.0,1.0,0.036136724671169816,0.2887632812794409,0.05188154567746911,1.4069194793701172,0.4027995347976685,0.12880239721113354,0.22350163167766718,0.03517608289893188
periodic,probe/c_proj_in_stats_rms,-1,-1,-1,3.0,-1.0,-1,val,L0:all,25.0,1.0,0.035725580526899205,0.27682293059477653,0.0526948062468332,1.4066349267959595,0.39436676502227774,0.13361878058830967,0.22257622426834467,0.0356336363243761
periodic,probe/c_proj_in_stats_rms,-1,-1,-1,4.0,-1.0,-1,train_stream,L0:all,25.0,1.0,0.017940751607508992,0.15312162098908055,0.024557041919329198,1.3617308139801025,0.38403949737548837,0.06394405285693557,0.09202719351951084,0.017822345904610116
periodic,probe/c_proj_in_stats_rms,-1,-1,-1,4.0,-1.0,-1,val,L0:all,25.0,1.0,0.018680932408559076,0.15208643577327488,0.026248674404333223,1.3614660501480103,0.3851888418197631,0.06814495009856869,0.08963028103056353,0.018333926091852453
periodic,probe/c_proj_in_stats_rms,-1,-1,-1,5.0,-1.0,-1,train_stream,L0:all,25.0,1.0,0.03562943000415206,0.1710377383036761,0.06196515431644345,1.6351929903030396,0.5183087825775148,0.11955258409532421,0.1372097354201365,0.03487463583139729
periodic,probe/c_proj_in_stats_rms,-1,-1,-1,5.0,-1.0,-1,val,L0:all,25.0,1.0,0.039250268283913106,0.1719252883260058,0.06738457938238188,1.60688316822052,0.5109591960906983,0.1318785920635837,0.13813708961980628,0.03763814031443476
periodic,probe/c_proj_in_stats_rms,-1,-1,-1,6.0,-1.0,-1,train_stream,L0:all,25.0,1.0,0.018428567760034043,0.17126616465739644,0.032441131077241676,1.6242716312408447,0.6623777627944945,0.04897678167874527,0.09548292250363376,0.017606751831825515
periodic,probe/c_proj_in_stats_rms,-1,-1,-1,6.0,-1.0,-1,val,L0:all,25.0,1.0,0.020687728452532046,0.17041400905320453,0.036576851051236065,1.6306270360946655,0.671268320083618,0.05448916619017532,0.09052713385104771,0.019986230191988745
periodic,probe/c_proj_in_stats_rms,-1,-1,-1,7.0,-1.0,-1,train_stream,L0:all,25.0,1.0,0.060191938801844126,0.2114224545417326,0.11457080371335812,1.832101821899414,1.0326501846313476,0.11094832056245599,0.11906712238384332,0.06015722457698326
periodic,probe/c_proj_in_stats_rms,-1,-1,-1,7.0,-1.0,-1,val,L0:all,25.0,1.0,0.05859785029490145,0.21790763955681958,0.11173084688808543,1.8825358152389526,1.040576124191284,0.10737402511029216,0.12009796716155097,0.05565390050481646
periodic,probe/c_proj_in_stats_rms,-1,-1,-1,8.0,-1.0,-1,train_stream,L0:all,25.0,1.0,0.021233344807028445,0.13647932333233923,0.029885535034006323,1.3330574035644531,0.7574073910713196,0.03945767546806553,0.10871196215332446,0.02115472507557484
periodic,probe/c_proj_in_stats_rms,-1,-1,-1,8.0,-1.0,-1,val,L0:all,25.0,1.0,0.021609425319948042,0.14215159637413985,0.031181469387837998,1.344688892364502,0.773032569885254,0.04033655320948049,0.11439074359872978,0.02155478415763761
periodic,probe/c_proj_in_stats_rms,-1,-1,-1,9.0,-1.0,-1,train_stream,L0:all,25.0,1.0,0.05077907790781335,0.251354615522996,0.10946726626586561,1.9822125434875488,1.1348307847976684,0.0964613118821788,0.14162275509854771,0.050583611396728165
periodic,probe/c_proj_in_stats_rms,-1,-1,-1,9.0,-1.0,-1,val,L0:all,25.0,1.0,0.04920110552401044,0.24992223919205256,0.10769897088446792,1.9853395223617554,1.152236747741699,0.09346948107283519,0.14108575166413065,0.048864148628360006
periodic,probe/c_proj_in_stats_rms,-1,-1,-1,10.0,-1.0,-1,train_stream,L0:all,25.0,1.0,0.01689230582699725,0.135261068148663,0.022328485465716173,1.222044825553894,0.7579123139381408,0.029460512852333174,0.09250637721571425,0.015346029568704782
periodic,probe/c_proj_in_stats_rms,-1,-1,-1,10.0,-1.0,-1,val,L0:all,25.0,1.0,0.018056907404964115,0.14009367290820535,0.024344503726475963,1.2372064590454102,0.7678622961044312,0.03170425719557019,0.09706537355226633,0.016065104134620905
periodic,probe/c_proj_in_stats_rms,-1,-1,-1,11.0,-1.0,-1,train_stream,L0:all,25.0,1.0,0.09939299803059085,0.22871074483325096,0.2218141632365193,2.19075345993042,1.4153281688690185,0.1567227785862341,0.12280573634034486,0.09420431370696844
periodic,probe/c_proj_in_stats_rms,-1,-1,-1,11.0,-1.0,-1,val,L0:all,25.0,1.0,0.10070803232768953,0.21787815450568257,0.2258291733994124,2.225349187850952,1.4212308645248415,0.1588968963708184,0.11251016644407957,0.09688259848708246
periodic,probe/c_proj_in_stats_std,-1,-1,-1,0.0,-1.0,-1,train_stream,L0:all,25.0,1.0,0.027143729448579786,0.15183803122125175,0.03757382855270994,1.36161470413208,0.7187024474143984,0.052280089886830666,0.09805162896154981,0.027075300733386338
periodic,probe/c_proj_in_stats_std,-1,-1,-1,0.0,-1.0,-1,val,L0:all,25.0,1.0,0.028548676311868356,0.15031981342349995,0.03946979908067317,1.3618046045303345,0.7217815995216369,0.05468385326923256,0.09694308073203271,0.028442001232579714
periodic,probe/c_proj_in_stats_std,-1,-1,-1,1.0,-1.0,-1,train_stream,L0:all,25.0,1.0,0.03605482567262101,0.19591183805843265,0.06745947468883211,1.6982859373092651,0.7476226568222049,0.09023198276998569,0.11919798175450948,0.03489748440190862
periodic,probe/c_proj_in_stats_std,-1,-1,-1,1.0,-1.0,-1,val,L0:all,25.0,1.0,0.03615682065699726,0.19991150869602023,0.06340282192188332,1.6905735731124878,0.7289097547531127,0.08698308879589399,0.12103050152477693,0.03551966276934087
periodic,probe/c_proj_in_stats_std,-1,-1,-1,2.0,-1.0,-1,train_stream,L0:all,25.0,1.0,0.03835825771640663,0.15874276803055087,0.05971075389128241,1.429012656211853,0.5167159557342529,0.11555817703835657,0.10871488191642417,0.03831546152191346
periodic,probe/c_proj_in_stats_std,-1,-1,-1,2.0,-1.0,-1,val,L0:all,25.0,1.0,0.03920994004128476,0.162101559892378,0.059114457050319334,1.4212453365325928,0.5150974035263063,0.11476364789577187,0.1106780421329506,0.03886119814093911
periodic,probe/c_proj_in_stats_std,-1,-1,-1,3.0,-1.0,-1,train_stream,L0:all,25.0,1.0,0.03598005395624329,0.28877631209041443,0.051661286499809445,1.406806468963623,0.4026463985443116,0.12830435510308946,0.22350462167208845,0.03499733203030213
periodic,probe/c_proj_in_stats_std,-1,-1,-1,3.0,-1.0,-1,val,L0:all,25.0,1.0,0.03558895621533266,0.27680700033704697,0.05249224334929405,1.4066321849822998,0.39419403076171866,0.1331634658390462,0.22256149560709546,0.0354764721089731
periodic,probe/c_proj_in_stats_std,-1,-1,-1,4.0,-1.0,-1,train_stream,L0:all,25.0,1.0,0.017931863796904222,0.15312730937653446,0.024550921094018057,1.3616695404052734,0.3840339899063112,0.06392903164641102,0.0920302098745717,0.017792742788672943
periodic,probe/c_proj_in_stats_std,-1,-1,-1,4.0,-1.0,-1,val,L0:all,25.0,1.0,0.018688190932112818,0.1521141701001597,0.026247422327093598,1.3612823486328125,0.38519220352172856,0.06814110484874596,0.08964757824504699,0.018344603775572815
periodic,probe/c_proj_in_stats_std,-1,-1,-1,5.0,-1.0,-1,train_stream,L0:all,25.0,1.0,0.035643838950297345,0.1710522966817059,0.06193225842411227,1.6351126432418823,0.5182893991470339,0.11949358510136664,0.13722029779853614,0.03486402858141914
periodic,probe/c_proj_in_stats_std,-1,-1,-1,5.0,-1.0,-1,val,L0:all,25.0,1.0,0.03925554814454148,0.1719488654260183,0.06736271534334266,1.6067767143249512,0.511017632484436,0.13182072605957354,0.1381749707743382,0.037637420389842725
periodic,probe/c_proj_in_stats_std,-1,-1,-1,6.0,-1.0,-1,train_stream,L0:all,25.0,1.0,0.018334433725905222,0.1712211252659223,0.03227514915902466,1.6242464780807495,0.6619578123092651,0.04875710892576608,0.09547583865564756,0.017472557981197435
periodic,probe/c_proj_in_stats_std,-1,-1,-1,6.0,-1.0,-1,val,L0:all,25.0,1.0,0.020590966964460503,0.17040576318631942,0.03640497455406374,1.6306031942367554,0.6708961486816405,0.05426320396323954,0.09054162035154151,0.01986574740000704
periodic,probe/c_proj_in_stats_std,-1,-1,-1,7.0,-1.0,-1,train_stream,L0:all,25.0,1.0,0.06020841680798255,0.21144162853461143,0.11353949984314583,1.8321001529693604,1.0325019598007206,0.10996540855482703,0.11907399250778516,0.05972886075945548
periodic,probe/c_proj_in_stats_std,-1,-1,-1,7.0,-1.0,-1,val,L0:all,25.0,1.0,0.05808477719741956,0.2178695405844028,0.11198342755943118,1.8824830055236816,1.0407959699630738,0.10759402494938966,0.12010336351876641,0.055128773196792574
periodic,probe/c_proj_in_stats_std,-1,-1,-1,8.0,-1.0,-1,train_stream,L0:all,25.0,1.0,0.02133913867385287,0.13649615352981856,0.030034300621904608,1.3330295085906982,0.7571482062339783,0.03966766397201665,0.10875596000222175,0.02125542804117424
periodic,probe/c_proj_in_stats_std,-1,-1,-1,8.0,-1.0,-1,val,L0:all,25.0,1.0,0.02172033728450298,0.14214654002342253,0.031196881551566816,1.344680905342102,0.7724941730499267,0.04038461730836971,0.11442990125871633,0.02166239407188813
periodic,probe/c_proj_in_stats_std,-1,-1,-1,9.0,-1.0,-1,train_stream,L0:all,25.0,1.0,0.0507834011965676,0.25135599564088945,0.10948777532655386,1.9821969270706177,1.1348122835159302,0.0964809571741095,0.14161475910445204,0.050592649112373725
periodic,probe/c_proj_in_stats_std,-1,-1,-1,9.0,-1.0,-1,val,L0:all,25.0,1.0,0.04919540452566652,0.2499148471674123,0.10771208282599742,1.9853342771530151,1.1522651672363282,0.09347855501380943,0.14107698513390876,0.04888497328712314
periodic,probe/c_proj_in_stats_std,-1,-1,-1,10.0,-1.0,-1,train_stream,L0:all,25.0,1.0,0.016854981024044986,0.13526240231022563,0.02228324250728852,1.2220288515090942,0.7579319953918457,0.02940005520649413,0.0925262883309868,0.015185297349719221
periodic,probe/c_proj_in_stats_std,-1,-1,-1,10.0,-1.0,-1,val,L0:all,25.0,1.0,0.01798541692655503,0.14009675030590274,0.024260300259830617,1.2364470958709717,0.767894685268402,0.03159326496881655,0.09710069885277156,0.0158996649270679
periodic,probe/c_proj_in_stats_std,-1,-1,-1,11.0,-1.0,-1,train_stream,L0:all,25.0,1.0,0.09929401315950677,0.2287145667882774,0.22148421957143424,2.18843674659729,1.415504050254822,0.15647021252363227,0.12285032665528633,0.09405807367788142
periodic,probe/c_proj_in_stats_std,-1,-1,-1,11.0,-1.0,-1,val,L0:all,25.0,1.0,0.10062360253301195,0.21784585215272464,0.22549748694297816,2.222524642944336,1.420956230163574,0.15869418223882933,0.11257125374423532,0.09677356625633261
periodic,probe/logit_entropy_mean,-1,-1,-1,-1.0,-1.0,-1,train_stream,L0:all,25.0,1.0,0.021326944426317575,0.04820760050658383,0.06295661922845741,3.056255340576172,0.8202356815338141,0.07675430445884843,0.030445114660087178,0.019356348543630487
periodic,probe/logit_entropy_mean,-1,-1,-1,-1.0,-1.0,-1,val,L0:all,25.0,1.0,0.020854427286387825,0.048487010845752215,0.06432503005660725,3.1818301677703857,0.8382503986358651,0.07673724958710096,0.030363081669950696,0.020631483547746958
periodic,probe/logit_lse_mean,-1,-1,-1,-1.0,-1.0,-1,train_stream,L0:all,25.0,1.0,0.0034282539803611816,0.008144267922281782,0.047371067592929465,13.783894538879395,0.8615852355957028,0.05498128987804318,0.003640054216897514,0.0034282539803611816
periodic,probe/logit_lse_mean,-1,-1,-1,-1.0,-1.0,-1,val,L0:all,25.0,1.0,0.0035120047150669696,0.00866033534886914,0.04791624848862623,13.799016952514648,0.8219915390014645,0.05829287311987875,0.0034290227567469983,0.0035120047150669696
periodic,probe/logit_margin_mean,-1,-1,-1,-1.0,-1.0,-1,train_stream,L0:all,25.0,1.0,0.018370710556987434,0.07264991879163371,0.02202032653539447,1.362431526184082,0.3453999996185304,0.06375311684920193,0.02790725975288972,0.01759816095343767
periodic,probe/logit_margin_mean,-1,-1,-1,-1.0,-1.0,-1,val,L0:all,25.0,1.0,0.020817682744855372,0.07671805630528435,0.02029236761434331,1.3510528802871704,0.31347265243530265,0.06473409229384511,0.030324771377106575,0.02046713458066479
periodic,probe/logit_max_postcap,-1,-1,-1,-1.0,-1.0,-1,train_stream,L0:all,25.0,1.0,0.0012588247396017576,0.035104885527142964,0.018071857800132707,14.920721054077148,0.09773578643798864,0.18490522723320932,0.004190842239074376,0.001141627126252036
periodic,probe/logit_max_postcap,-1,-1,-1,-1.0,-1.0,-1,val,L0:all,25.0,1.0,0.001572643584655836,0.035104885527142964,0.02082376311099003,14.928247451782227,0.11880016326904297,0.17528396037496272,0.0024497005815755746,0.0013932737007149956
periodic,probe/logit_max_precap,-1,-1,-1,-1.0,-1.0,-1,train_stream,L0:all,25.0,1.0,0.03520245553750034,0.05623592699434696,1.6163229875244614,44.5,8.949999999999996,0.1805947472094371,0.036980789961900844,0.03520245553750034
periodic,probe/logit_max_precap,-1,-1,-1,-1.0,-1.0,-1,val,L0:all,25.0,1.0,0.04801285822183344,0.10486226084726573,2.19658826364888,45.25,12.0,0.18304902197074,0.03580763898997148,0.05904995950605681
periodic,probe/logit_saturation_fraction,-1,-1,-1,-1.0,-1.0,-1,train_stream,L0:all,25.0,1.0,0.1964057194027976,0.887693640846886,1.594470971760891e-05,2.6007182896137238e-05,0.0008369708433747294,0.019050496016466526,0.18965116279001792,0.19984567246950802
periodic,probe/logit_saturation_fraction,-1,-1,-1,-1.0,-1.0,-1,val,L0:all,25.0,1.0,0.19721841010994956,0.826186292130262,1.5473486955938804e-05,2.846401184797287e-05,0.0007688442245125772,0.02012564634370311,0.15315169522658914,0.20430623780232715
periodic,probe/logit_softcap_equiv_err,-1,-1,-1,-1.0,-1.0,-1,train_stream,L0:all,25.0,1.0,,,0.0,0.0,0.0,,,
periodic,probe/logit_softcap_equiv_err,-1,-1,-1,-1.0,-1.0,-1,val,L0:all,25.0,1.0,,,0.0,0.0,0.0,,,
periodic,probe/logit_z_loss,-1,-1,-1,-1.0,-1.0,-1,train_stream,L0:all,25.0,1.0,0.006770898779977287,0.016010174854161043,1.2784527670297323,191.01173400878906,22.508163452148438,0.05679951497365291,0.007301204088762354,0.006640043561265882
periodic,probe/logit_z_loss,-1,-1,-1,-1.0,-1.0,-1,val,L0:all,25.0,1.0,0.006915834881545208,0.01704255102560639,1.292373871343583,191.3978271484375,21.347207641601557,0.06054065210969315,0.006844518095388575,0.006915834881545208
periodic,probe/loss,-1,-1,-1,-1.0,-1.0,-1,train_stream,scalar,25.0,1.0,0.0012085811168766657,0.014107166420124002,0.0036789831030595013,3.0644938945770264,0.8137569904327395,0.004520984945521749,0.004180943893508496,0.0012038575739790546
periodic,probe/loss,-1,-1,-1,-1.0,-1.0,-1,val,scalar,25.0,1.0,0.0019406349662763691,0.012556285914820376,0.005785476906922733,3.17500638961792,0.8199228286743168,0.007056123704077027,0.005453797192132248,0.0019190188325028381
periodic,probe/mlp_out_norm,-1,-1,-1,0.0,-1.0,-1,train_stream,L0:all,25.0,1.0,0.041164201955560815,0.30613252886909564,1460.4819776160277,33282.1953125,37091.35312500001,0.03937526821127606,0.1631675155454534,0.040729878994497364
periodic,probe/mlp_out_norm,-1,-1,-1,0.0,-1.0,-1,val,L0:all,25.0,1.0,0.04476598259439605,0.30634368865730155,1535.1724113612122,33332.37109375,37352.410546875,0.04109968778145294,0.16144941566769275,0.04373852046304168
periodic,probe/mlp_out_norm,-1,-1,-1,1.0,-1.0,-1,train_stream,L0:all,25.0,1.0,0.08796638877953758,0.34155464441193817,2734.5168199502823,31978.927734375,35083.11718750001,0.07794395250957292,0.19837407173052035,0.06980105705556058
periodic,probe/mlp_out_norm,-1,-1,-1,1.0,-1.0,-1,val,L0:all,25.0,1.0,0.08442996753102615,0.3462177840927016,2540.832147329856,31658.609375,34935.683398437504,0.0727288519978829,0.20083546271310743,0.06725127384987382
periodic,probe/mlp_out_norm,-1,-1,-1,2.0,-1.0,-1,train_stream,L0:all,25.0,1.0,0.13906492238783755,0.3902911421561865,2399.451606870427,17555.521484375,14214.534277343751,0.16880268885733826,0.26495396693192436,0.13653967856303148
periodic,probe/mlp_out_norm,-1,-1,-1,2.0,-1.0,-1,val,L0:all,25.0,1.0,0.14812803997654117,0.39336307371273177,2449.7758686367197,17298.328125,14006.106542968751,0.17490769908976161,0.2679923589090645,0.14236523644354165
periodic,probe/mlp_out_norm,-1,-1,-1,3.0,-1.0,-1,train_stream,L0:all,25.0,1.0,0.033689463101359,0.3049460172992371,807.1538050943908,24471.072265625,23533.311914062502,0.03429835154702854,0.20278634637766432,0.0327055377857376
periodic,probe/mlp_out_norm,-1,-1,-1,3.0,-1.0,-1,val,L0:all,25.0,1.0,0.032630820462582706,0.306499039746218,815.7229037073693,24395.677734375,23321.905859375,0.03497668280739855,0.20158102595593042,0.03131673730348658
periodic,probe/mlp_out_norm,-1,-1,-1,4.0,-1.0,-1,train_stream,L0:all,25.0,1.0,0.07057186670304119,0.3034937150930624,1506.7001628266235,21004.298828125,17751.66806640625,0.08487653989418294,0.21787641950863487,0.06983849466360469
periodic,probe/mlp_out_norm,-1,-1,-1,4.0,-1.0,-1,val,L0:all,25.0,1.0,0.07432895680289464,0.30708446354832253,1539.6922582392938,20797.734375,17367.09306640625,0.08865572680194661,0.2182480078113645,0.07346816667660688
periodic,probe/mlp_out_norm,-1,-1,-1,5.0,-1.0,-1,train_stream,L0:all,25.0,1.0,0.04946852302874875,0.2527560643433389,1101.998050190885,22063.41015625,20068.410839843753,0.05491207345640851,0.1863657906628685,0.04897182792785707
periodic,probe/mlp_out_norm,-1,-1,-1,5.0,-1.0,-1,val,L0:all,25.0,1.0,0.05269821228080157,0.25161020491456915,1169.8123651573633,21912.962890625,19738.527539062503,0.05926543217787179,0.1848351935359505,0.05117700863254315
periodic,probe/mlp_out_norm,-1,-1,-1,6.0,-1.0,-1,train_stream,L0:all,25.0,1.0,0.06277743472770347,0.23161360275271722,1102.2816798586443,18146.1640625,13557.201757812498,0.0813059877362555,0.16119978212916047,0.060280943267383175
periodic,probe/mlp_out_norm,-1,-1,-1,6.0,-1.0,-1,val,L0:all,25.0,1.0,0.06139706654047865,0.23624230941215155,1057.8648171604705,17557.708984375,12998.42607421875,0.08138406997279875,0.16325988182099277,0.06051316432999251
periodic,probe/mlp_out_norm,-1,-1,-1,7.0,-1.0,-1,train_stream,L0:all,25.0,1.0,0.023393377733937758,0.2168418442259373,369.8051950144224,15068.4326171875,11764.1171875,0.03143501455488391,0.1771695152232754,0.022938373455798793
periodic,probe/mlp_out_norm,-1,-1,-1,7.0,-1.0,-1,val,L0:all,25.0,1.0,0.024700951196194726,0.21803581342738257,362.06584983367827,14645.0224609375,11268.03271484375,0.03213212625454282,0.18034667170441748,0.02414336208004306
periodic,probe/mlp_out_norm,-1,-1,-1,8.0,-1.0,-1,train_stream,L0:all,25.0,1.0,0.0404901644813349,0.21274315357935492,630.9437038379255,15686.916015625,12134.838476562501,0.05199440479216466,0.18039078196505823,0.034786261754679346
periodic,probe/mlp_out_norm,-1,-1,-1,8.0,-1.0,-1,val,L0:all,25.0,1.0,0.043494922322168714,0.21537591039978995,634.0344664510181,15240.2099609375,11611.26328125,0.05460512358503353,0.18467609288709863,0.0360437290279678
periodic,probe/mlp_out_norm,-1,-1,-1,9.0,-1.0,-1,train_stream,L0:all,25.0,1.0,0.0815219922203077,0.20668470716058635,1274.8431434581466,15687.763671875,13134.320410156251,0.09706197988533619,0.1762160969697499,0.08099136240949557
periodic,probe/mlp_out_norm,-1,-1,-1,9.0,-1.0,-1,val,L0:all,25.0,1.0,0.09463556855815251,0.2093620617831897,1430.3279903284995,15166.5654296875,12455.976757812503,0.11483065665094347,0.1766442793709701,0.09455419545651547
periodic,probe/mlp_out_norm,-1,-1,-1,10.0,-1.0,-1,train_stream,L0:all,25.0,1.0,0.05423327788924633,0.20853961628449724,944.376260675918,16412.447265625,12962.987500000001,0.07285174506848194,0.17500524892444053,0.051577323134179
periodic,probe/mlp_out_norm,-1,-1,-1,10.0,-1.0,-1,val,L0:all,25.0,1.0,0.05975833366376423,0.20781446025093908,997.5800614893793,15955.0654296875,12329.389746093751,0.08091074108557861,0.17201620737561163,0.05737692162331642
periodic,probe/mlp_out_norm,-1,-1,-1,11.0,-1.0,-1,train_stream,L0:all,25.0,1.0,0.052663255636360824,0.21765765168287143,1911.3809111018463,39157.30859375,40246.914453125,0.04749136516609252,0.16081193170847685,0.046811651543425384
periodic,probe/mlp_out_norm,-1,-1,-1,11.0,-1.0,-1,val,L0:all,25.0,1.0,0.047254035874234365,0.21862415906378088,1771.8264075019392,38143.81640625,39405.4236328125,0.04496402383621521,0.15889671543899098,0.04606365558947626
periodic,probe/mlp_out_stats_mean,-1,-1,-1,0.0,-1.0,-1,train_stream,L0:all,25.0,1.0,2.279981577588325,7.524727623326622,0.08189672901997327,0.03685667738318443,0.06446057185530663,1.2704933676946777,3.5718670724021715,1.8732698270674861
periodic,probe/mlp_out_stats_mean,-1,-1,-1,0.0,-1.0,-1,val,L0:all,25.0,1.0,2.254438146213576,4.602602443166077,0.08513530519770657,0.0400509312748909,0.061045105382800106,1.3946295065565413,3.8840924193064743,2.005955085025771
periodic,probe/mlp_out_stats_mean,-1,-1,-1,1.0,-1.0,-1,train_stream,L0:all,25.0,1.0,5.452025420451662,50.79671938182688,0.05385881895145625,0.008721549063920975,0.019455230002722604,2.7683465548296855,5.674221944476158,4.455778164553372
periodic,probe/mlp_out_stats_mean,-1,-1,-1,1.0,-1.0,-1,val,L0:all,25.0,1.0,2.0594402655337585,28.93237606177251,0.05299667767117367,0.02571561001241207,0.03263480285951346,1.6239312950445621,4.62871941371168,2.0364372804467625
periodic,probe/mlp_out_stats_mean,-1,-1,-1,2.0,-1.0,-1,train_stream,L0:all,25.0,1.0,9.822659199139546,233.93994775730997,0.041031513605039684,0.0038873604498803616,0.01402595518156886,2.9253988818499947,7.293627770222937,9.876285536222687
periodic,probe/mlp_out_stats_mean,-1,-1,-1,2.0,-1.0,-1,val,L0:all,25.0,1.0,11.641443667171629,431.7252978985545,0.03976722039023857,0.003135186154395342,0.010649711918085813,3.7341123117803883,10.058756378067402,12.185078073832193
periodic,probe/mlp_out_stats_mean,-1,-1,-1,3.0,-1.0,-1,train_stream,L0:all,25.0,1.0,8.470749978184605,70.0460580507367,0.048769697624175795,0.00530269555747509,0.017249581264331938,2.827297479099972,4.609790702140495,9.695643753332947
periodic,probe/mlp_out_stats_mean,-1,-1,-1,3.0,-1.0,-1,val,L0:all,25.0,1.0,5.474828551333352,220.38491177381076,0.041415395475449646,0.00711845513433218,0.018196399882435804,2.2760213967063962,6.507641145203037,5.451893224774336
periodic,probe/mlp_out_stats_mean,-1,-1,-1,4.0,-1.0,-1,train_stream,L0:all,25.0,1.0,2.678193591253112,15.185041157752998,0.03922966831932852,0.015988726168870926,0.02168235999363333,1.8092895944374905,4.961664423570404,2.4655624237248936
periodic,probe/mlp_out_stats_mean,-1,-1,-1,4.0,-1.0,-1,val,L0:all,25.0,1.0,2.343168252297417,8.967752224762735,0.03845060994539926,0.017361510545015335,0.022624305421095413,1.6995266475472457,4.627139755104395,2.34253166425929
periodic,probe/mlp_out_stats_mean,-1,-1,-1,5.0,-1.0,-1,train_stream,L0:all,25.0,1.0,10.397640431051189,1148.4085967197477,0.06279460173417227,0.0049522072076797485,0.011617851816117762,5.405009697838942,2.337375453850534,12.376383101518451
periodic,probe/mlp_out_stats_mean,-1,-1,-1,5.0,-1.0,-1,val,L0:all,25.0,1.0,8.929020526332803,95.4137717481211,0.06814640665441243,0.006546111311763525,0.017185759637504815,3.9652833562093592,3.07264505800421,9.973032539115813
periodic,probe/mlp_out_stats_mean,-1,-1,-1,6.0,-1.0,-1,train_stream,L0:all,25.0,1.0,1.9052979575061288,83.84881821806178,0.05186919009232475,0.027539044618606567,0.033280364026944655,1.5585523659035128,6.651650363995568,1.8066028660688738
periodic,probe/mlp_out_stats_mean,-1,-1,-1,6.0,-1.0,-1,val,L0:all,25.0,1.0,1.9215133578984485,6.625274817894748,0.053082276546187614,0.03192933648824692,0.03527223651763053,1.504930840426149,4.533334620248808,1.7619214488406099
periodic,probe/mlp_out_stats_mean,-1,-1,-1,7.0,-1.0,-1,train_stream,L0:all,25.0,1.0,14.912133798066495,130.28651425436723,0.057557437006641975,0.0032754528801888227,0.013857804005965594,4.153431307143923,3.8536475703629387,17.44419279706927
periodic,probe/mlp_out_stats_mean,-1,-1,-1,7.0,-1.0,-1,val,L0:all,25.0,1.0,6.767072509419574,84.20726375344277,0.06096593427334892,0.0070803421549499035,0.019307392090559008,3.157647288012566,2.865767102057907,7.948748212658645
periodic,probe/mlp_out_stats_mean,-1,-1,-1,8.0,-1.0,-1,train_stream,L0:all,25.0,1.0,4.280967116510558,16.413347457468827,0.0757379114586121,0.015867602080106735,0.01714488964062184,4.417521083318277,7.422958362031884,4.280967116510558
periodic,probe/mlp_out_stats_mean,-1,-1,-1,8.0,-1.0,-1,val,L0:all,25.0,1.0,4.640888790265973,39.96776835068207,0.07659737803422526,0.01570386253297329,0.017544956644997,4.365777561272415,5.623374111663875,4.640888790265973
periodic,probe/mlp_out_stats_mean,-1,-1,-1,9.0,-1.0,-1,train_stream,L0:all,25.0,1.0,4.154768399312327,59.959038199931015,0.07104035415036271,0.013175725936889648,0.03153850268572569,2.2524960952732718,1.882049042439788,4.735346621291492
periodic,probe/mlp_out_stats_mean,-1,-1,-1,9.0,-1.0,-1,val,L0:all,25.0,1.0,4.010418331675122,140.76711637483058,0.07384865758541383,0.013182753697037697,0.03475593104958534,2.1247785731895936,2.6200146692685773,4.010418331675122
periodic,probe/mlp_out_stats_mean,-1,-1,-1,10.0,-1.0,-1,train_stream,L0:all,25.0,1.0,4.078353758520961,106.15807922297157,0.08554208279106693,0.013674690388143063,0.036918545793741944,2.3170490860874358,2.9412088099131153,4.2112713585568144
periodic,probe/mlp_out_stats_mean,-1,-1,-1,10.0,-1.0,-1,val,L0:all,25.0,1.0,5.195863328189296,265.164893551385,0.08329452187314165,0.012375997379422188,0.035021813958883284,2.3783611543060577,3.529206422845846,5.441369436221878
periodic,probe/mlp_out_stats_mean,-1,-1,-1,11.0,-1.0,-1,train_stream,L0:all,25.0,1.0,1.8314616330030165,6.078073627734094,0.2235530443284065,0.11246456950902939,0.14001066160940356,1.5966858649098188,4.640208128683176,1.7648302891478536
periodic,probe/mlp_out_stats_mean,-1,-1,-1,11.0,-1.0,-1,val,L0:all,25.0,1.0,1.9692242028161109,6.970255341304972,0.22350629650106504,0.10615050792694092,0.12784350997974914,1.7482803510046714,2.8329735223239814,1.9497324588692961
periodic,probe/mlp_out_stats_rms,-1,-1,-1,0.0,-1.0,-1,train_stream,L0:all,25.0,1.0,0.041164183878361675,0.3061325175645721,0.2911323148336966,6.634472846984863,7.393790316581727,0.03937524630375128,0.16316750263844051,0.040729860645486865
periodic,probe/mlp_out_stats_rms,-1,-1,-1,0.0,-1.0,-1,val,L0:all,25.0,1.0,0.044765966471928986,0.30634371893121404,0.3060212252487852,6.644474506378174,7.445829105377198,0.041099684255146825,0.16144942676488375,0.04373851428439297
periodic,probe/mlp_out_stats_rms,-1,-1,-1,1.0,-1.0,-1,train_stream,L0:all,25.0,1.0,0.08796640212752861,0.3415546507868049,0.5450985819593409,6.374679088592529,6.993468546867372,0.07794395274766916,0.1983740562721047,0.06980102102207006
periodic,probe/mlp_out_stats_rms,-1,-1,-1,1.0,-1.0,-1,val,L0:all,25.0,1.0,0.08442994973143518,0.34621779001431824,0.5064894437211657,6.310826778411865,6.96407904624939,0.07272884761323081,0.20083545540539782,0.0672512513473156
periodic,probe/mlp_out_stats_rms,-1,-1,-1,2.0,-1.0,-1,train_stream,L0:all,25.0,1.0,0.13906493686561858,0.39029114679599153,0.47830670525031993,3.4995174407958984,2.833525061607361,0.1688027085876534,0.26495395232322766,0.13653963335834382
periodic,probe/mlp_out_stats_rms,-1,-1,-1,2.0,-1.0,-1,val,L0:all,25.0,1.0,0.1481280063739395,0.39336306433322293,0.4883381437584267,3.4482483863830566,2.7919772148132327,0.17490763934873077,0.267992395234614,0.1423652096884938
periodic,probe/mlp_out_stats_rms,-1,-1,-1,3.0,-1.0,-1,train_stream,L0:all,25.0,1.0,0.033689503653336,0.3049459784062649,0.16089822681935284,4.878063201904297,4.691130065917969,0.034298393896240856,0.20278635959147134,0.03270553647665142
periodic,probe/mlp_out_stats_rms,-1,-1,-1,3.0,-1.0,-1,val,L0:all,25.0,1.0,0.03263082526720181,0.3064989754300331,0.16260621093409292,4.863033771514893,4.648988270759583,0.03497668771436268,0.20158102316211512,0.03131674510323546
periodic,probe/mlp_out_stats_rms,-1,-1,-1,4.0,-1.0,-1,train_stream,L0:all,25.0,1.0,0.07057183676278257,0.30349368408085353,0.3003455815092701,4.186996936798096,3.5386170625686644,0.08487654250196,0.2178764289965125,0.06983851198021164
periodic,probe/mlp_out_stats_rms,-1,-1,-1,4.0,-1.0,-1,val,L0:all,25.0,1.0,0.07432900259815357,0.3070844821614918,0.3069220717832141,4.145820140838623,3.4619560718536384,0.08865568060743144,0.21824801126866314,0.07346814657650719
periodic,probe/mlp_out_stats_rms,-1,-1,-1,5.0,-1.0,-1,train_stream,L0:all,25.0,1.0,0.04946850347647252,0.2527560560339629,0.21967218849592393,4.398119926452637,4.000436854362489,0.05491204998183404,0.18636580026301336,0.04897186496113472
periodic,probe/mlp_out_stats_rms,-1,-1,-1,5.0,-1.0,-1,val,L0:all,25.0,1.0,0.05269821918529715,0.25161022525585847,0.233190235160563,4.368129730224609,3.934677696228027,0.05926539685426089,0.18483518138491312,0.051176980053737046
periodic,probe/mlp_out_stats_rms,-1,-1,-1,6.0,-1.0,-1,train_stream,L0:all,25.0,1.0,0.06277748409822712,0.23161363622561537,0.21972881134209213,3.6172564029693604,2.7024922609329227,0.08130599096192784,0.16119977713869738,0.06028089828461519
periodic,probe/mlp_out_stats_rms,-1,-1,-1,6.0,-1.0,-1,val,L0:all,25.0,1.0,0.06139706415720213,0.2362423186686748,0.21087475704546635,3.499953508377075,2.591105723381042,0.08138408060413041,0.1632598679000784,0.06051317798872388
periodic,probe/mlp_out_stats_rms,-1,-1,-1,7.0,-1.0,-1,train_stream,L0:all,25.0,1.0,0.023393364316204705,0.21684182656670437,0.07371695599415498,3.0037412643432617,2.345059061050415,0.0314350104091345,0.1771695269385305,0.022938396727664078
periodic,probe/mlp_out_stats_rms,-1,-1,-1,7.0,-1.0,-1,val,L0:all,25.0,1.0,0.024700967861293846,0.21803580170819423,0.07217414247833447,2.9193387031555176,2.2461694002151487,0.03213210119923336,0.18034663972891177,0.024143363300583958
periodic,probe/mlp_out_stats_rms,-1,-1,-1,8.0,-1.0,-1,train_stream,L0:all,25.0,1.0,0.040490166278913164,0.2127431399225428,0.1257722827119934,3.1270296573638916,2.4189584016799928,0.051994396689353226,0.18039080881843914,0.03478625252660762
periodic,probe/mlp_out_stats_rms,-1,-1,-1,8.0,-1.0,-1,val,L0:all,25.0,1.0,0.043494902763446516,0.2153759119994031,0.12638837937609448,3.0379831790924072,2.314588832855225,0.05460511067107526,0.18467607030833227,0.036043717778372
periodic,probe/mlp_out_stats_rms,-1,-1,-1,9.0,-1.0,-1,train_stream,L0:all,25.0,1.0,0.0815219861805863,0.20668467952573055,0.2541271880215212,3.1271986961364746,2.618195295333863,0.09706196801836196,0.1762161226165725,0.08099137597507063
periodic,probe/mlp_out_stats_rms,-1,-1,-1,9.0,-1.0,-1,val,L0:all,25.0,1.0,0.09463560592360523,0.20936209714609577,0.2851216712792273,3.0233030319213867,2.4829743623733522,0.11483069483113534,0.1766442808227932,0.09455422621070808
periodic,probe/mlp_out_stats_rms,-1,-1,-1,10.0,-1.0,-1,train_stream,L0:all,25.0,1.0,0.05423327866541198,0.2085396182239489,0.18825196173741365,3.2716569900512695,2.584041810035706,0.07285174760187506,0.17500525625489888,0.05157727608351228
periodic,probe/mlp_out_stats_rms,-1,-1,-1,10.0,-1.0,-1,val,L0:all,25.0,1.0,0.05975832461219822,0.20781449444117625,0.19885755710424352,3.1804826259613037,2.4577404260635376,0.08091072392976241,0.17201618778277897,0.05737693902175002
periodic,probe/mlp_out_stats_rms,-1,-1,-1,11.0,-1.0,-1,train_stream,L0:all,25.0,1.0,0.05266324703918409,0.21765764415596883,0.38101474358222975,7.805617809295654,8.022819590568544,0.04749137622764727,0.16081192933704674,0.04681161561368675
periodic,probe/mlp_out_stats_rms,-1,-1,-1,11.0,-1.0,-1,val,L0:all,25.0,1.0,0.04725399281399694,0.218624134667741,0.3531961005896637,7.603587627410889,7.85507664680481,0.04496405528179441,0.15889673583402364,0.04606365578454588
periodic,probe/mlp_out_stats_std,-1,-1,-1,0.0,-1.0,-1,train_stream,L0:all,25.0,1.0,0.04117405304177812,0.3059773582450359,0.29089319217506215,6.634449481964111,7.393551564216614,0.039344175752141906,0.16307399187601834,0.04069688212349199
periodic,probe/mlp_out_stats_std,-1,-1,-1,0.0,-1.0,-1,val,L0:all,25.0,1.0,0.04478199402647032,0.30619362653563403,0.30605094745424166,6.644472599029541,7.44572241306305,0.04110426503643146,0.16136040520254563,0.0437183549321453
periodic,probe/mlp_out_stats_std,-1,-1,-1,1.0,-1.0,-1,train_stream,L0:all,25.0,1.0,0.08798893732266831,0.3415542272110785,0.5452292429744418,6.374677658081055,6.993352723121644,0.07796392725506145,0.19837065180260355,0.0698204797230951
periodic,probe/mlp_out_stats_std,-1,-1,-1,1.0,-1.0,-1,val,L0:all,25.0,1.0,0.0844477431635501,0.3461964659569483,0.5065789790011023,6.310774326324463,6.96391761302948,0.07274339059573216,0.2008290210610464,0.06726835299716949
periodic,probe/mlp_out_stats_std,-1,-1,-1,2.0,-1.0,-1,train_stream,L0:all,25.0,1.0,0.139005588990306,0.39021554939384384,0.47814333358101074,3.499505043029785,2.8335359334945673,0.16874440444851604,0.264886778217338,0.13649503861245
periodic,probe/mlp_out_stats_std,-1,-1,-1,2.0,-1.0,-1,val,L0:all,25.0,1.0,0.14807132730090586,0.39326099688887817,0.4881812333383837,3.4482157230377197,2.7919851779937748,0.17485094017912162,0.26791857658720664,0.14232572279269418
periodic,probe/mlp_out_stats_std,-1,-1,-1,3.0,-1.0,-1,train_stream,L0:all,25.0,1.0,0.0337007412640113,0.30487947547813365,0.1609494540953535,4.87802791595459,4.69109046459198,0.03430960355810416,0.2027571727650097,0.03270795727527165
periodic,probe/mlp_out_stats_std,-1,-1,-1,3.0,-1.0,-1,val,L0:all,25.0,1.0,0.03264062333432379,0.30641810347370985,0.1626537137847141,4.8630170822143555,4.648684716224671,0.034989190214820554,0.20155418728226554,0.0313291360784781
periodic,probe/mlp_out_stats_std,-1,-1,-1,4.0,-1.0,-1,train_stream,L0:all,25.0,1.0,0.07059077749035488,0.303455081016984,0.3004080029772016,4.186975955963135,3.5386035680770873,0.08489450632087796,0.21784519182057221,0.06983563865528103
periodic,probe/mlp_out_stats_std,-1,-1,-1,4.0,-1.0,-1,val,L0:all,25.0,1.0,0.07434481300843716,0.3070547767580219,0.30697735990985237,4.145818710327148,3.461804103851319,0.08867554335854376,0.21822236297601144,0.07348934820611955
periodic,probe/mlp_out_stats_std,-1,-1,-1,5.0,-1.0,-1,train_stream,L0:all,25.0,1.0,0.04941368660513125,0.25277068783229906,0.21941484468178024,4.398097038269043,4.000069642066956,0.054852756155615835,0.1863619099556693,0.04890291310523676
periodic,probe/mlp_out_stats_std,-1,-1,-1,5.0,-1.0,-1,val,L0:all,25.0,1.0,0.052626996889034196,0.25161701698536226,0.23305099975573562,4.368061542510986,3.9341345548629763,0.05923818733338994,0.1848311844081852,0.05113244010494177
periodic,probe/mlp_out_stats_std,-1,-1,-1,6.0,-1.0,-1,train_stream,L0:all,25.0,1.0,0.06278961406118858,0.23163622272771361,0.21979928362202147,3.617222309112549,2.70243456363678,0.08133380418515233,0.16119555323723514,0.06027754490401099
periodic,probe/mlp_out_stats_std,-1,-1,-1,6.0,-1.0,-1,val,L0:all,25.0,1.0,0.061406620291885934,0.2362360271256828,0.21087484177706814,3.499743700027466,2.5909998655319217,0.08138743833310713,0.1632574774518279,0.060507617101536036
periodic,probe/mlp_out_stats_std,-1,-1,-1,7.0,-1.0,-1,train_stream,L0:all,25.0,1.0,0.023520260146674764,0.2168671936274955,0.07408689584371027,3.0026638507843018,2.3438585042953495,0.03160894555193447,0.17715671200987282,0.02305629222817373
periodic,probe/mlp_out_stats_std,-1,-1,-1,7.0,-1.0,-1,val,L0:all,25.0,1.0,0.024839844177456563,0.21805806625066568,0.07227653844862202,2.9192538261413574,2.2454689979553217,0.032187724931600284,0.18033978556204455,0.024274749357569195
periodic,probe/mlp_out_stats_std,-1,-1,-1,8.0,-1.0,-1,train_stream,L0:all,25.0,1.0,0.04045064822224976,0.2127644623916088,0.12558521942776982,3.126934289932251,2.417609119415283,0.051946039754409735,0.18038339096277162,0.03474716689922623
periodic,probe/mlp_out_stats_std,-1,-1,-1,8.0,-1.0,-1,val,L0:all,25.0,1.0,0.04341685095071663,0.2153923276798871,0.12633061954012204,3.0379061698913574,2.314565634727478,0.05458070302465044,0.18465677182661636,0.036041934535858786
periodic,probe/mlp_out_stats_std,-1,-1,-1,9.0,-1.0,-1,train_stream,L0:all,25.0,1.0,0.08161396990464247,0.20673304517347688,0.25429316929075185,3.1257874965667725,2.6180149555206302,0.09713205371669925,0.1762226317445445,0.08105951069755507
periodic,probe/mlp_out_stats_std,-1,-1,-1,9.0,-1.0,-1,val,L0:all,25.0,1.0,0.09476705376611551,0.2093767988059451,0.2853799904159366,3.0219545364379883,2.4825180530548097,0.11495585704392697,0.1766705657714085,0.09462891629589355
periodic,probe/mlp_out_stats_std,-1,-1,-1,10.0,-1.0,-1,train_stream,L0:all,25.0,1.0,0.05432335435128656,0.20858267844376496,0.18842064621027674,3.271197557449341,2.5835843801498415,0.07292993705100076,0.17497847575796266,0.05161560875139169
periodic,probe/mlp_out_stats_std,-1,-1,-1,10.0,-1.0,-1,val,L0:all,25.0,1.0,0.059877806007643926,0.20785634981442921,0.19921676679052222,3.1786389350891113,2.456165313720703,0.08110885927655262,0.1719864880360576,0.05750835668283056
periodic,probe/mlp_out_stats_std,-1,-1,-1,11.0,-1.0,-1,train_stream,L0:all,25.0,1.0,0.05251699618609257,0.217712871946262,0.3794980333834788,7.804646968841553,8.020697212219238,0.047314843503296386,0.16079201623333306,0.04667904376631578
periodic,probe/mlp_out_stats_std,-1,-1,-1,11.0,-1.0,-1,val,L0:all,25.0,1.0,0.04708530743191244,0.2186785960789881,0.3516275278787719,7.600770473480225,7.853084135055542,0.044775724012574195,0.15887734554748184,0.045800944277597073
periodic,probe/mlp_residual_ratio,-1,-1,-1,0.0,-1.0,-1,train_stream,L0:all,25.0,1.0,0.059243012644727165,0.13213084277082943,0.1412792825070177,2.4931487129617675,1.3391588878885867,0.10549852133660456,0.08031148774208494,0.05917688658808017
periodic,probe/mlp_residual_ratio,-1,-1,-1,0.0,-1.0,-1,val,L0:all,25.0,1.0,0.0625990829373811,0.13473065083834027,0.1529147691293358,2.483629044763681,1.3649611788596159,0.1120286580290082,0.08272786644311238,0.06256182412744306
periodic,probe/mlp_residual_ratio,-1,-1,-1,1.0,-1.0,-1,train_stream,L0:all,25.0,1.0,0.05015074226552354,0.10473998994315423,0.059172453606602254,1.2216285024574,0.855237658898499,0.06918831624277777,0.03561890593770764,0.0504080776628357
periodic,probe/mlp_residual_ratio,-1,-1,-1,1.0,-1.0,-1,val,L0:all,25.0,1.0,0.04671813731541034,0.10306566307213579,0.056878181953101126,1.2194065304855677,0.8550170056195187,0.06652286630473386,0.03786600647192272,0.04886736083067082
periodic,probe/mlp_residual_ratio,-1,-1,-1,2.0,-1.0,-1,train_stream,L0:all,25.0,1.0,0.17943814154547966,0.21272696312311298,0.12419147662014006,0.6490964313887829,0.36346469757824407,0.3416878652799699,0.06938632937021194,0.18090535357606286
periodic,probe/mlp_residual_ratio,-1,-1,-1,2.0,-1.0,-1,val,L0:all,25.0,1.0,0.1860622888752785,0.2202558724790135,0.1272110670670964,0.6410700169769482,0.3558715108951076,0.3574634753625771,0.07063241730076078,0.1870306790538559
periodic,probe/mlp_residual_ratio,-1,-1,-1,3.0,-1.0,-1,train_stream,L0:all,25.0,1.0,0.05471155212203594,0.09718954796672213,0.04917029693663021,0.8958860313800546,0.725846411375481,0.06774201286392305,0.07705704447032655,0.05393499135499261
periodic,probe/mlp_residual_ratio,-1,-1,-1,3.0,-1.0,-1,val,L0:all,25.0,1.0,0.0615126542580857,0.09933742966508674,0.056828491959727695,0.9069279584986226,0.7413380303611127,0.07665665274455974,0.0762084199389012,0.06147894383203017
periodic,probe/mlp_residual_ratio,-1,-1,-1,4.0,-1.0,-1,train_stream,L0:all,25.0,1.0,0.053010560330589165,0.09935699895219707,0.028143537414458672,0.6494022367134534,0.5352497162765231,0.05258020052815691,0.061133051476207026,0.053010560330589165
periodic,probe/mlp_residual_ratio,-1,-1,-1,4.0,-1.0,-1,val,L0:all,25.0,1.0,0.05222305597812256,0.10010703807191446,0.02947443259661447,0.6425038118974687,0.530589435784953,0.055550357034549795,0.06046732159178573,0.05075427353107336
periodic,probe/mlp_residual_ratio,-1,-1,-1,5.0,-1.0,-1,train_stream,L0:all,25.0,1.0,0.033393531378816683,0.11637511290177852,0.018957149578929924,0.5833768899153776,0.510947492613467,0.03710195245692507,0.044539865323598764,0.033393531378816683
periodic,probe/mlp_residual_ratio,-1,-1,-1,5.0,-1.0,-1,val,L0:all,25.0,1.0,0.0364828188463017,0.11851848518411989,0.02031208828601286,0.5770568468227261,0.5104958224961313,0.03978894124283807,0.046175220114422794,0.0364828188463017
periodic,probe/mlp_residual_ratio,-1,-1,-1,6.0,-1.0,-1,train_stream,L0:all,25.0,1.0,0.04891285242030941,0.11060140469408365,0.02344744966105572,0.4587295119437113,0.36527205207981994,0.06419174291476298,0.049323995760366515,0.04891285242030941
periodic,probe/mlp_residual_ratio,-1,-1,-1,6.0,-1.0,-1,val,L0:all,25.0,1.0,0.04746772080072127,0.11178061460828645,0.02197027681914494,0.44849447749620036,0.36020511523392673,0.06099379461859352,0.04836029691248442,0.04746772080072127
periodic,probe/mlp_residual_ratio,-1,-1,-1,7.0,-1.0,-1,train_stream,L0:all,25.0,1.0,0.05065587673704179,0.11822685137260022,0.013296641928933942,0.2551421996695775,0.19594829138428693,0.06785791207975901,0.049547998282009335,0.05065587673704179
periodic,probe/mlp_residual_ratio,-1,-1,-1,7.0,-1.0,-1,val,L0:all,25.0,1.0,0.05216229215343132,0.12068061970082665,0.013613755267312021,0.24744650409399122,0.19042810869561488,0.07149026139346158,0.048163315125750214,0.05216229215343132
periodic,probe/mlp_residual_ratio,-1,-1,-1,8.0,-1.0,-1,train_stream,L0:all,25.0,1.0,0.05967017568714872,0.12132433909476827,0.013125726393386277,0.19739685619755684,0.1478318056536125,0.08878824374330795,0.05262682240924047,0.05967017568714872
periodic,probe/mlp_residual_ratio,-1,-1,-1,8.0,-1.0,-1,val,L0:all,25.0,1.0,0.060237054071150785,0.12263826306038743,0.01292195260155487,0.18932118063309986,0.14027688741570712,0.09211747451496397,0.05166214179878545,0.06025200924522529
periodic,probe/mlp_residual_ratio,-1,-1,-1,9.0,-1.0,-1,train_stream,L0:all,25.0,1.0,0.07534872530066315,0.13372882873785907,0.016556287867653882,0.20658312508458282,0.13060865123619184,0.12676256672855155,0.060095289318981705,0.07580141653254162
periodic,probe/mlp_residual_ratio,-1,-1,-1,9.0,-1.0,-1,val,L0:all,25.0,1.0,0.0835532801675159,0.13592934979782278,0.01784845917446147,0.20098891162849303,0.12410341997596258,0.1438192370356797,0.054492275471752005,0.08548680448541368
periodic,probe/mlp_residual_ratio,-1,-1,-1,10.0,-1.0,-1,train_stream,L0:all,25.0,1.0,0.05583912162415428,0.13886769876569777,0.008069557968140198,0.19764354853329352,0.13967078949279993,0.0577755592092231,0.05770064476676247,0.05583912162415428
periodic,probe/mlp_residual_ratio,-1,-1,-1,10.0,-1.0,-1,val,L0:all,25.0,1.0,0.05821960908199252,0.13947099336160582,0.0074607638225703534,0.19207360415213476,0.13514003962467575,0.05520764862353987,0.05623500264523762,0.05821960908199252
periodic,probe/mlp_residual_ratio,-1,-1,-1,11.0,-1.0,-1,train_stream,L0:all,25.0,1.0,0.032613394362155546,0.12960346666471254,0.016634265807475034,0.5140200680909907,0.5560874135385645,0.029913041371725728,0.06782673808201267,0.03151498984418907
periodic,probe/mlp_residual_ratio,-1,-1,-1,11.0,-1.0,-1,val,L0:all,25.0,1.0,0.033313697694218436,0.12875539649173312,0.017252390893121777,0.503736679966347,0.5462051586286041,0.031585917160574926,0.06842926940166977,0.03319131393776074
periodic,probe/relu2_sparsity,-1,-1,-1,0.0,-1.0,-1,train_stream,L0:all,25.0,1.0,0.008586132223904456,0.04952085005852489,0.006906672196668018,0.8055803179740906,0.2289902448654174,0.03016142543856932,0.03077980589346945,0.008534757910421272
periodic,probe/relu2_sparsity,-1,-1,-1,0.0,-1.0,-1,val,L0:all,25.0,1.0,0.008910087500394718,0.049524899762900636,0.007154253530058006,0.8047458529472351,0.22845405340194702,0.03131594044195249,0.030693574363741212,0.008840814135334486
periodic,probe/relu2_sparsity,-1,-1,-1,1.0,-1.0,-1,train_stream,L0:all,25.0,1.0,0.004576166834889516,0.051038982189626825,0.0036886802458900845,0.8019980192184448,0.19260507822036732,0.019151521236993114,0.030834778566050464,0.004552704415580319
periodic,probe/relu2_sparsity,-1,-1,-1,1.0,-1.0,-1,val,L0:all,25.0,1.0,0.004943877447502251,0.05267751963159022,0.00392043225925348,0.8019206523895264,0.19198151826858523,0.020420883711153553,0.031251227843816724,0.004839340644643513
periodic,probe/relu2_sparsity,-1,-1,-1,2.0,-1.0,-1,train_stream,L0:all,25.0,1.0,0.016984705397044823,0.0548542346282907,0.014530532610220543,0.8578557968139648,0.2524210691452027,0.0575646583679669,0.03875280367157794,0.016701350280753237
periodic,probe/relu2_sparsity,-1,-1,-1,2.0,-1.0,-1,val,L0:all,25.0,1.0,0.01768565805576877,0.05680544042351549,0.01513770270271953,0.8584442138671875,0.2525467157363891,0.05994020812577275,0.03951377691870027,0.017549043661819464
periodic,probe/relu2_sparsity,-1,-1,-1,3.0,-1.0,-1,train_stream,L0:all,25.0,1.0,0.0037429647555762375,0.04354452342750013,0.003063002620473125,0.8248717188835144,0.20554660558700555,0.014901742656979031,0.031320140731733274,0.0036951752231150253
periodic,probe/relu2_sparsity,-1,-1,-1,3.0,-1.0,-1,val,L0:all,25.0,1.0,0.003763761656347237,0.04412426901622148,0.003071393444990455,0.8234663009643555,0.2040892362594604,0.015049267179802496,0.03084524201955511,0.0035372401303670584
periodic,probe/relu2_sparsity,-1,-1,-1,4.0,-1.0,-1,train_stream,L0:all,25.0,1.0,0.007624068548155534,0.04278951358708796,0.006391167132807481,0.8257461786270142,0.21611682176589952,0.029572742559255634,0.029823459287865763,0.007513524971981858
periodic,probe/relu2_sparsity,-1,-1,-1,4.0,-1.0,-1,val,L0:all,25.0,1.0,0.007455290237392812,0.04323906015164098,0.006183229776455522,0.8244072198867798,0.21376854181289673,0.028924881668826008,0.02992658465183247,0.007323911630832682
periodic,probe/relu2_sparsity,-1,-1,-1,5.0,-1.0,-1,train_stream,L0:all,25.0,1.0,0.00897183130479228,0.040825482986146557,0.007252267501772419,0.8137760162353516,0.1972797751426697,0.03676133296749599,0.026229790223770373,0.008970239310247919
periodic,probe/relu2_sparsity,-1,-1,-1,5.0,-1.0,-1,val,L0:all,25.0,1.0,0.00931232678322298,0.0414063699830329,0.007548841166149163,0.8135453462600708,0.1939812779426574,0.03891530794214412,0.026286523144085458,0.009290519694122663
periodic,probe/relu2_sparsity,-1,-1,-1,6.0,-1.0,-1,train_stream,L0:all,25.0,1.0,0.009847106218508305,0.03772541969700993,0.008197541114296672,0.8237742185592651,0.21280831098556519,0.038520775228805385,0.02515851369413831,0.009819720215306551
periodic,probe/relu2_sparsity,-1,-1,-1,6.0,-1.0,-1,val,L0:all,25.0,1.0,0.010014030585619943,0.038494901195738576,0.00817379267811225,0.8255593180656433,0.21167556047439562,0.03861472084823395,0.02520794733094231,0.009933617430836518
periodic,probe/relu2_sparsity,-1,-1,-1,7.0,-1.0,-1,train_stream,L0:all,25.0,1.0,0.004475332332459257,0.03454458230129359,0.003915276389728204,0.8612707853317261,0.22444008588790898,0.01744463950919887,0.02435461433768132,0.004289732206626381
periodic,probe/relu2_sparsity,-1,-1,-1,7.0,-1.0,-1,val,L0:all,25.0,1.0,0.004632955229623032,0.033889117804494794,0.004009693943652246,0.8623677492141724,0.22279351949691772,0.017997354468417194,0.023646944883220958,0.004234896566407231
periodic,probe/relu2_sparsity,-1,-1,-1,8.0,-1.0,-1,train_stream,L0:all,25.0,1.0,0.004549645456856852,0.03335479739972228,0.003923415346274785,0.8551665544509888,0.22435629367828358,0.017487431629178093,0.022667998098241264,0.00451897691824885
periodic,probe/relu2_sparsity,-1,-1,-1,8.0,-1.0,-1,val,L0:all,25.0,1.0,0.004442874828921927,0.03361100681770355,0.0038767541484916236,0.8572614192962646,0.22389060258865356,0.01731539467788315,0.022373778919351467,0.0043926915507403914
periodic,probe/relu2_sparsity,-1,-1,-1,9.0,-1.0,-1,train_stream,L0:all,25.0,1.0,0.005743038418001892,0.029491567012402166,0.004920955903415334,0.8536646366119385,0.22604247331619254,0.0217700498106469,0.021568982586997645,0.005733269453309459
periodic,probe/relu2_sparsity,-1,-1,-1,9.0,-1.0,-1,val,L0:all,25.0,1.0,0.005972246739272406,0.028881903957686576,0.00516051842380264,0.8561738729476929,0.22530730962753298,0.022904354201085424,0.021253832201017557,0.005903697366961145
periodic,probe/relu2_sparsity,-1,-1,-1,10.0,-1.0,-1,train_stream,L0:all,25.0,1.0,0.0050037359474921,0.026851316195509255,0.004272340956438416,0.8465725183486938,0.22679780721664422,0.01883766430050774,0.019366706497234668,0.004931378193125148
periodic,probe/relu2_sparsity,-1,-1,-1,10.0,-1.0,-1,val,L0:all,25.0,1.0,0.004952425862900995,0.026624310878529213,0.00422425137423559,0.8495463132858276,0.22721585035324088,0.018591358691166845,0.018926682724394437,0.0047606040386440705
periodic,probe/relu2_sparsity,-1,-1,-1,11.0,-1.0,-1,train_stream,L0:all,25.0,1.0,0.006949693734357575,0.025322008227447332,0.005543530766223436,0.80351722240448,0.19490424394607542,0.028442329699897025,0.018391058244398878,0.006835366805330913
periodic,probe/relu2_sparsity,-1,-1,-1,11.0,-1.0,-1,val,L0:all,25.0,1.0,0.007623156152192591,0.02515380460020493,0.006114015128294635,0.8065184354782104,0.19566470384597778,0.031247409512895234,0.018021205599490865,0.00762183874873962
periodic,probe/resid_contribution_ratio,-1,-1,-1,0.0,-1.0,-1,train_stream,L0:all,25.0,1.0,0.03980998478224262,0.3152020859884434,0.011647074526506226,0.2992217112859457,0.4956229423271266,0.02349986962229604,0.2242256467864395,0.03917328445303042
periodic,probe/resid_contribution_ratio,-1,-1,-1,0.0,-1.0,-1,val,L0:all,25.0,1.0,0.03980916058197288,0.3152009506511933,0.011647363996390108,0.2992220975853526,0.4956228348742478,0.023500458769913905,0.22422653395132935,0.039174940527616955
periodic,probe/resid_contribution_ratio,-1,-1,-1,1.0,-1.0,-1,train_stream,L0:all,25.0,1.0,0.013642312549523538,0.07060173349085441,0.011547487087169997,0.8464464543860122,0.05663457786510895,0.20389464391654089,0.03576843205677818,0.013571219879986787
periodic,probe/resid_contribution_ratio,-1,-1,-1,1.0,-1.0,-1,val,L0:all,25.0,1.0,0.0136351840189997,0.07066385766299936,0.011546175467564776,0.8467927863295404,0.05679528307529802,0.2032946195946782,0.03578911495234665,0.013170113844547438
periodic,probe/resid_contribution_ratio,-1,-1,-1,2.0,-1.0,-1,train_stream,L0:all,25.0,1.0,0.020761821073739667,0.030283119324451494,0.01900120345245058,0.9159335548868232,0.04205238023384317,0.4518460868752128,0.02128098003659837,0.020761821073739667
periodic,probe/resid_contribution_ratio,-1,-1,-1,2.0,-1.0,-1,val,L0:all,25.0,1.0,0.02074070145277496,0.029782389838489656,0.019003380617276966,0.9153177099092376,0.04162492591044764,0.45653848509330835,0.021297567960865904,0.02074070145277496
periodic,probe/resid_contribution_ratio,-1,-1,-1,3.0,-1.0,-1,train_stream,L0:all,25.0,1.0,0.016377700664168365,0.02202802334604827,0.01612225209018617,0.9812383356060576,0.02471760930042477,0.6522577444376513,0.018824380102155945,0.016297425485604842
periodic,probe/resid_contribution_ratio,-1,-1,-1,3.0,-1.0,-1,val,L0:all,25.0,1.0,0.016563342142556694,0.022033501506278096,0.016301987471808114,0.9810419118861806,0.024858721838719622,0.6557854252351926,0.018691752344647265,0.01645202495785074
periodic,probe/resid_contribution_ratio,-1,-1,-1,4.0,-1.0,-1,train_stream,L0:all,25.0,1.0,0.008110664507255417,0.013516232672116301,0.007787988600905059,0.9578484162192107,0.02124146468548138,0.36664084686345466,0.01233873027783617,0.00808664325815755
periodic,probe/resid_contribution_ratio,-1,-1,-1,4.0,-1.0,-1,val,L0:all,25.0,1.0,0.008162017834697152,0.013569952513493551,0.007830194997336606,0.9576150288446703,0.02143893813420683,0.3652324078888573,0.012238758154549806,0.008130503578881112
periodic,probe/resid_contribution_ratio,-1,-1,-1,5.0,-1.0,-1,train_stream,L0:all,25.0,1.0,0.012355928609321372,0.013998176473859758,0.012055185072978071,0.9721056462536125,0.008702359143529348,1.385277816526536,0.010467014796700643,0.012571359125013242
periodic,probe/resid_contribution_ratio,-1,-1,-1,5.0,-1.0,-1,val,L0:all,25.0,1.0,0.012452997531040047,0.014108057891308857,0.012146033103767065,0.9717990404151139,0.008640363448611521,1.4057317352453378,0.010390507406733002,0.0127572457677433
periodic,probe/resid_contribution_ratio,-1,-1,-1,6.0,-1.0,-1,train_stream,L0:all,25.0,1.0,0.006872501975631452,0.010264215532523645,0.0067027019045441194,0.9718431987938113,0.016486824492164875,0.4065489935754142,0.008225401790314014,0.006859307327020143
periodic,probe/resid_contribution_ratio,-1,-1,-1,6.0,-1.0,-1,val,L0:all,25.0,1.0,0.006972584650719514,0.010445160172562909,0.006787111112980587,0.9714797552284584,0.016626879574170528,0.40820113495765054,0.008141238015699562,0.0069620712216813515
periodic,probe/resid_contribution_ratio,-1,-1,-1,7.0,-1.0,-1,train_stream,L0:all,25.0,1.0,0.001377467552489554,0.00779780261448691,0.0013774223247235752,0.9997862223753267,0.003383696602298203,0.40707619110650506,0.002684265516359457,0.0013386727898749928
periodic,probe/resid_contribution_ratio,-1,-1,-1,7.0,-1.0,-1,val,L0:all,25.0,1.0,0.001400376336861055,0.00766034420981952,0.001400329128141944,0.9997776614511058,0.003441080382081352,0.4069446140909237,0.0026940302674132886,0.0013621275793977835
periodic,probe/resid_contribution_ratio,-1,-1,-1,8.0,-1.0,-1,train_stream,L0:all,25.0,1.0,0.005792568953526946,0.007913685905317514,0.0054322660057786075,0.9420773444773355,0.013258443031460287,0.40972126160580535,0.006873003259502695,0.005751974161943462
periodic,probe/resid_contribution_ratio,-1,-1,-1,8.0,-1.0,-1,val,L0:all,25.0,1.0,0.005904993134445187,0.008104367356409686,0.005552829627414137,0.9413513369642424,0.013643321187714275,0.40699984637277503,0.006796864746972104,0.005841936073671639
periodic,probe/resid_contribution_ratio,-1,-1,-1,9.0,-1.0,-1,train_stream,L0:all,25.0,1.0,0.0057762145845028125,0.008818669117723119,0.005742023077153269,0.9936507901345311,0.009131025851710106,0.6288475326217451,0.006445123751383319,0.005356362857259008
periodic,probe/resid_contribution_ratio,-1,-1,-1,9.0,-1.0,-1,val,L0:all,25.0,1.0,0.005826419748689656,0.008913529680426574,0.005791505488642727,0.9936112055952389,0.00912654661842216,0.6345779768387344,0.006427966207355938,0.0054207361263628705
periodic,probe/resid_contribution_ratio,-1,-1,-1,10.0,-1.0,-1,train_stream,L0:all,25.0,1.0,0.00802798782852286,0.010477843054597213,0.007742432084546795,0.9652660070149519,0.008895244963238125,0.8704012218375522,0.005061447554393833,0.00874571675128415
periodic,probe/resid_contribution_ratio,-1,-1,-1,10.0,-1.0,-1,val,L0:all,25.0,1.0,0.008013802804251501,0.01052691723316133,0.007725483116371287,0.9646686986545097,0.00921105898930974,0.8387182326524456,0.004999255242990301,0.008793087551780676
periodic,probe/resid_contribution_ratio,-1,-1,-1,11.0,-1.0,-1,train_stream,L0:all,25.0,1.0,0.006878431505095139,0.007337622368687291,0.006986778881576536,1.0157517562544802,0.01937236059897196,0.3606570735601166,0.005930919034359189,0.007000551407292559
periodic,probe/resid_contribution_ratio,-1,-1,-1,11.0,-1.0,-1,val,L0:all,25.0,1.0,0.006937224950542837,0.00738208230863292,0.007034325760440384,1.0159244918925672,0.01960052230040743,0.3588846079011968,0.005897154954627126,0.007023837963381899
periodic,probe/resid_term_norm,-1,-1,-1,0.0,-1.0,-1,train_stream,L0:all,25.0,1.0,0.004921204858687152,0.007413510957578219,20.982990617881647,4413.08984375,1728.1496093750006,0.012141883147183256,0.0029993787071103174,0.005190549384170769
periodic,probe/resid_term_norm,-1,-1,-1,0.0,-1.0,-1,val,L0:all,25.0,1.0,0.004911136953469871,0.0074365387336442525,20.8865507207204,4413.56591796875,1727.7436523437505,0.012088917642606873,0.003105457379637504,0.005149152711556044
periodic,probe/resid_term_norm,-1,-1,-1,1.0,-1.0,-1,train_stream,L0:all,25.0,1.0,0.0449139901446269,0.2730975849994655,943.9136305081385,21266.71875,16491.2947265625,0.05723708454423402,0.18883054194690202,0.04247249159750852
periodic,probe/resid_term_norm,-1,-1,-1,1.0,-1.0,-1,val,L0:all,25.0,1.0,0.04595501393497529,0.27341667028225924,1003.0535729915614,21255.072265625,16568.177929687503,0.060540970603306425,0.18805023390357914,0.04496842917678881
periodic,probe/resid_term_norm,-1,-1,-1,2.0,-1.0,-1,train_stream,L0:all,25.0,1.0,0.05703163962373096,0.31706471946898185,1381.5647187936115,23245.798828125,14136.010546875,0.0977337074142909,0.22479422779198896,0.05466355232297417
periodic,probe/resid_term_norm,-1,-1,-1,2.0,-1.0,-1,val,L0:all,25.0,1.0,0.056321029553039255,0.31985458351692386,1361.8152483017107,23252.318359375,14176.416406249999,0.09606202366497384,0.22620686684829516,0.05380482078443054
periodic,probe/resid_term_norm,-1,-1,-1,3.0,-1.0,-1,train_stream,L0:all,25.0,1.0,0.0640913250054986,0.32512096105320887,1968.9301928467044,26814.453125,16560.8890625,0.11889036786709074,0.2562877791676932,0.059312150641693734
periodic,probe/resid_term_norm,-1,-1,-1,3.0,-1.0,-1,val,L0:all,25.0,1.0,0.06664488932238409,0.3277447177175995,2036.7190132894928,26593.255859375,16498.362890624998,0.12344976448825928,0.2584470126154804,0.06147878986868223
periodic,probe/resid_term_norm,-1,-1,-1,4.0,-1.0,-1,train_stream,L0:all,25.0,1.0,0.022769022762150655,0.3430755107642685,787.5656252078898,30649.537109375,18208.203906250004,0.043253339498112504,0.25796418390726605,0.022634704851452456
periodic,probe/resid_term_norm,-1,-1,-1,4.0,-1.0,-1,val,L0:all,25.0,1.0,0.022025780062910574,0.34520164819760973,762.4431120846618,30463.490234375,18102.884375,0.042117217140136644,0.25727134939482305,0.02170301136387568
periodic,probe/resid_term_norm,-1,-1,-1,5.0,-1.0,-1,train_stream,L0:all,25.0,1.0,0.03479183923649486,0.3534623372911237,1418.1501013060251,37602.97265625,23834.333203125003,0.05950030526216217,0.22790532901105381,0.034100668428404014
periodic,probe/resid_term_norm,-1,-1,-1,5.0,-1.0,-1,val,L0:all,25.0,1.0,0.03488461269463817,0.3551402852050919,1417.4919352780703,37327.671875,23778.485546875007,0.05961237238947535,0.2277366928452032,0.03417778336377953
periodic,probe/resid_term_norm,-1,-1,-1,6.0,-1.0,-1,train_stream,L0:all,25.0,1.0,0.0387203528746345,0.3463502999798142,1655.6589645893705,38360.23046875,22483.91328125,0.0736374911199321,0.20210067545500943,0.038196808782141246
periodic,probe/resid_term_norm,-1,-1,-1,6.0,-1.0,-1,val,L0:all,25.0,1.0,0.037899036617149266,0.349227805013266,1618.3635517748155,38102.296875,22222.383593749997,0.07282583098916433,0.20232691905415173,0.03765436209639834
periodic,probe/resid_term_norm,-1,-1,-1,7.0,-1.0,-1,train_stream,L0:all,25.0,1.0,0.042226976368860275,0.3466197762755013,2472.221182924583,57176.05859375,34732.565625,0.07117876662543793,0.20706360180093672,0.042143533688222067
periodic,probe/resid_term_norm,-1,-1,-1,7.0,-1.0,-1,val,L0:all,25.0,1.0,0.0422562699147537,0.3492003482822799,2361.686025932111,56833.5859375,34498.971875,0.0684567074778112,0.20774722710866342,0.04224183448892633
periodic,probe/resid_term_norm,-1,-1,-1,8.0,-1.0,-1,train_stream,L0:all,25.0,1.0,0.032136950696927014,0.34893426269012834,2454.5879182463354,69674.515625,45836.424218750006,0.05355103414114606,0.2101282935735218,0.03131325913609731
periodic,probe/resid_term_norm,-1,-1,-1,8.0,-1.0,-1,val,L0:all,25.0,1.0,0.031958462485769175,0.3514958101344609,2386.987999283181,69152.078125,45528.83203125001,0.052428052572154805,0.21063006515240296,0.0306653095615574
periodic,probe/resid_term_norm,-1,-1,-1,9.0,-1.0,-1,train_stream,L0:all,25.0,1.0,0.03753583115341468,0.34651721973592997,3226.695270007802,80474.9140625,51907.931249999994,0.06216189303456015,0.19285457516089707,0.036622682823991635
periodic,probe/resid_term_norm,-1,-1,-1,9.0,-1.0,-1,val,L0:all,25.0,1.0,0.036841526796743844,0.3489702446893752,3056.532374847351,80150.4765625,51588.85468750001,0.05924792076432644,0.19344937612826008,0.03507377151596707
periodic,probe/resid_term_norm,-1,-1,-1,10.0,-1.0,-1,train_stream,L0:all,25.0,1.0,0.05007906947191909,0.3487318871849604,4288.910101247832,79380.4375,57803.518749999996,0.07419807987464141,0.19908568009088468,0.049654492409384375
periodic,probe/resid_term_norm,-1,-1,-1,10.0,-1.0,-1,val,L0:all,25.0,1.0,0.050102360872440105,0.35061380977795775,4368.816733920495,79221.3125,57293.133593750004,0.07625375782198585,0.19959274024887416,0.05008527148866125
periodic,probe/resid_term_norm,-1,-1,-1,11.0,-1.0,-1,train_stream,L0:all,25.0,1.0,0.06403736338187785,0.34750927164107925,4982.987349820065,75088.28125,61313.86796875,0.08127015167856899,0.1929563722385628,0.06391048555645475
periodic,probe/resid_term_norm,-1,-1,-1,11.0,-1.0,-1,val,L0:all,25.0,1.0,0.06583679362156251,0.3491888862279194,5211.823705573912,75138.8671875,60754.878125,0.08578444836727112,0.1934721115939656,0.06539136932649522
periodic,probe/residual_mix_equiv_err,-1,-1,-1,0.0,-1.0,-1,train_stream,L0:all,25.0,1.0,,,0.0,0.0,0.0,,,
periodic,probe/residual_mix_equiv_err,-1,-1,-1,0.0,-1.0,-1,val,L0:all,25.0,1.0,,,0.0,0.0,0.0,,,
periodic,probe/residual_mix_equiv_err,-1,-1,-1,1.0,-1.0,-1,train_stream,L0:all,25.0,1.0,,,0.0,0.0,0.0,,,
periodic,probe/residual_mix_equiv_err,-1,-1,-1,1.0,-1.0,-1,val,L0:all,25.0,1.0,,,0.0,0.0,0.0,,,
periodic,probe/residual_mix_equiv_err,-1,-1,-1,2.0,-1.0,-1,train_stream,L0:all,25.0,1.0,,,0.0,0.0,0.0,,,
periodic,probe/residual_mix_equiv_err,-1,-1,-1,2.0,-1.0,-1,val,L0:all,25.0,1.0,,,0.0,0.0,0.0,,,
periodic,probe/residual_mix_equiv_err,-1,-1,-1,3.0,-1.0,-1,train_stream,L0:all,25.0,1.0,,,0.0,0.0,0.0,,,
periodic,probe/residual_mix_equiv_err,-1,-1,-1,3.0,-1.0,-1,val,L0:all,25.0,1.0,,,0.0,0.0,0.0,,,
periodic,probe/residual_mix_equiv_err,-1,-1,-1,4.0,-1.0,-1,train_stream,L0:all,25.0,1.0,,,0.0,0.0,0.0,,,
periodic,probe/residual_mix_equiv_err,-1,-1,-1,4.0,-1.0,-1,val,L0:all,25.0,1.0,,,0.0,0.0,0.0,,,
periodic,probe/residual_mix_equiv_err,-1,-1,-1,5.0,-1.0,-1,train_stream,L0:all,25.0,1.0,,,0.0,0.0,0.0,,,
periodic,probe/residual_mix_equiv_err,-1,-1,-1,5.0,-1.0,-1,val,L0:all,25.0,1.0,,,0.0,0.0,0.0,,,
periodic,probe/residual_mix_equiv_err,-1,-1,-1,6.0,-1.0,-1,train_stream,L0:all,25.0,1.0,,,0.0,0.0,0.0,,,
periodic,probe/residual_mix_equiv_err,-1,-1,-1,6.0,-1.0,-1,val,L0:all,25.0,1.0,,,0.0,0.0,0.0,,,
periodic,probe/residual_mix_equiv_err,-1,-1,-1,7.0,-1.0,-1,train_stream,L0:all,25.0,1.0,,,0.0,0.0,0.0,,,
periodic,probe/residual_mix_equiv_err,-1,-1,-1,7.0,-1.0,-1,val,L0:all,25.0,1.0,,,0.0,0.0,0.0,,,
periodic,probe/residual_mix_equiv_err,-1,-1,-1,8.0,-1.0,-1,train_stream,L0:all,25.0,1.0,,,0.0,0.0,0.0,,,
periodic,probe/residual_mix_equiv_err,-1,-1,-1,8.0,-1.0,-1,val,L0:all,25.0,1.0,,,0.0,0.0,0.0,,,
periodic,probe/residual_mix_equiv_err,-1,-1,-1,9.0,-1.0,-1,train_stream,L0:all,25.0,1.0,,,0.0,0.0,0.0,,,
periodic,probe/residual_mix_equiv_err,-1,-1,-1,9.0,-1.0,-1,val,L0:all,25.0,1.0,,,0.0,0.0,0.0,,,
periodic,probe/residual_mix_equiv_err,-1,-1,-1,10.0,-1.0,-1,train_stream,L0:all,25.0,1.0,,,0.0,0.0,0.0,,,
periodic,probe/residual_mix_equiv_err,-1,-1,-1,10.0,-1.0,-1,val,L0:all,25.0,1.0,,,0.0,0.0,0.0,,,
periodic,probe/residual_mix_equiv_err,-1,-1,-1,11.0,-1.0,-1,train_stream,L0:all,25.0,1.0,,,0.0,0.0,0.0,,,
periodic,probe/residual_mix_equiv_err,-1,-1,-1,11.0,-1.0,-1,val,L0:all,25.0,1.0,,,0.0,0.0,0.0,,,
periodic,probe/ve_contribution_ratio,-1,-1,-1,1.0,-1.0,-1,train_stream,L0:all,25.0,1.0,0.036147855289414624,0.18783805860294395,0.0454701147861303,1.2737361416389898,1.0155117587126286,0.04477556699468757,0.07590678842695892,0.03492610769364805
periodic,probe/ve_contribution_ratio,-1,-1,-1,1.0,-1.0,-1,val,L0:all,25.0,1.0,0.03803500078744956,0.19064224659192266,0.04946040190082028,1.2722465042517979,1.0176864312655285,0.04860082671959628,0.0793916552360478,0.038002552471974836
periodic,probe/ve_contribution_ratio,-1,-1,-1,3.0,-1.0,-1,train_stream,L0:all,25.0,1.0,0.12434969726937731,0.1785366432398156,0.12852744234477756,0.9510819326350519,1.14405962434946,0.11234330764697807,0.0609348126469495,0.12858868784823319
periodic,probe/ve_contribution_ratio,-1,-1,-1,3.0,-1.0,-1,val,L0:all,25.0,1.0,0.13136853859046882,0.18064440945494709,0.13058103778849628,0.9384223932784426,1.1465685973679456,0.11388855240607247,0.06305014373060931,0.1366580268571678
periodic,probe/ve_contribution_ratio,-1,-1,-1,5.0,-1.0,-1,train_stream,L0:all,25.0,1.0,0.092483741356626,0.10455163314173144,0.10535043972017596,1.0834329597266625,1.653645595730896,0.06370799159877547,0.04973704621972359,0.09392145448349877
periodic,probe/ve_contribution_ratio,-1,-1,-1,5.0,-1.0,-1,val,L0:all,25.0,1.0,0.09603744896980056,0.10563874935577544,0.10689170646515485,1.0709829561632775,1.6487121389601367,0.0648334563319057,0.05122537431299154,0.09767748457501503
periodic,probe/ve_contribution_ratio,-1,-1,-1,7.0,-1.0,-1,train_stream,L0:all,25.0,1.0,0.10986299563929469,0.1190005529268761,0.26004248096902094,2.540351462800446,2.094766959613456,0.12413909803933806,0.02211125263096487,0.11385302629140824
periodic,probe/ve_contribution_ratio,-1,-1,-1,7.0,-1.0,-1,val,L0:all,25.0,1.0,0.10514437448729964,0.1144517379027992,0.2516933489980733,2.5479164310938542,2.0875677953627485,0.12056774853356918,0.021575542974383022,0.10915719427003436
periodic,probe/ve_contribution_ratio,-1,-1,-1,9.0,-1.0,-1,train_stream,L0:all,25.0,1.0,0.030247241114236087,0.055544151798955645,0.09429615527458386,2.966374715545948,1.275036628659457,0.07395564421841323,0.016360940926294063,0.03085607103164241
periodic,probe/ve_contribution_ratio,-1,-1,-1,9.0,-1.0,-1,val,L0:all,25.0,1.0,0.030550061142047263,0.05735102445998528,0.097496388757007,2.9423575260255346,1.3057461202855616,0.07466718624879767,0.01821965319460648,0.03225447065744369
periodic,probe/ve_contribution_ratio,-1,-1,-1,11.0,-1.0,-1,train_stream,L0:all,25.0,1.0,0.050991389812958976,0.06997792417461865,0.1280309600096046,2.5725851980433343,1.3249398314451897,0.0966315276897923,0.03586966784652951,0.05181894705726251
periodic,probe/ve_contribution_ratio,-1,-1,-1,11.0,-1.0,-1,val,L0:all,25.0,1.0,0.048960414038512916,0.06742212640815297,0.12100039486561795,2.5673154419021,1.3316896889160437,0.0908623051396521,0.035266929658421826,0.04950660483627231
periodic,probe/ve_gate_mean,-1,-1,-1,1.0,-1.0,-1,train_stream,L0:all,25.0,1.0,0.04111410071336012,0.16911696536016435,0.042094214548371665,1.0509705543518066,0.613116502761841,0.0686561434225866,0.059340024828263636,0.04111410071336012
periodic,probe/ve_gate_mean,-1,-1,-1,1.0,-1.0,-1,val,L0:all,25.0,1.0,0.04239196429884561,0.1686838559275257,0.04240948637332871,1.053313970565796,0.6057393908500674,0.07001275963548143,0.06117732637745407,0.04239196429884561
periodic,probe/ve_gate_mean,-1,-1,-1,3.0,-1.0,-1,train_stream,L0:all,25.0,1.0,0.12764444283622634,0.14730939703518128,0.08293455276011807,0.7183651328086853,0.7992241382598883,0.10376882878023108,0.0719508597002467,0.12771384833900581
periodic,probe/ve_gate_mean,-1,-1,-1,3.0,-1.0,-1,val,L0:all,25.0,1.0,0.13107608672931992,0.14808048837604468,0.08799731080106399,0.7102060317993164,0.805440986156464,0.10925357948443133,0.07215112703117588,0.13233802420598123
periodic,probe/ve_gate_mean,-1,-1,-1,5.0,-1.0,-1,train_stream,L0:all,25.0,1.0,0.08426864760469625,0.09312214988717421,0.06779670756255202,0.8948283195495605,0.7257117033004764,0.09342099246052976,0.037126475431352945,0.08650159152931057
periodic,probe/ve_gate_mean,-1,-1,-1,5.0,-1.0,-1,val,L0:all,25.0,1.0,0.0832630997410566,0.09545061245274548,0.0679847720772863,0.8697690963745117,0.7441967725753786,0.09135322079134685,0.03636015125419054,0.08824969162546671
periodic,probe/ve_gate_mean,-1,-1,-1,7.0,-1.0,-1,train_stream,L0:all,25.0,1.0,0.06364107450257371,0.07268923653015925,0.12960586612144875,2.036512851715088,0.33487703800201407,0.38702524035305536,0.0194750375258857,0.06577084916253607
periodic,probe/ve_gate_mean,-1,-1,-1,7.0,-1.0,-1,val,L0:all,25.0,1.0,0.058562414273046995,0.06681609145652183,0.12006225936646184,2.050158977508545,0.3185673713684083,0.3768818471607233,0.018879809789625036,0.06054604452412577
periodic,probe/ve_gate_mean,-1,-1,-1,9.0,-1.0,-1,train_stream,L0:all,25.0,1.0,0.023661533469895742,0.054478479603343954,0.04267907662646859,1.8771404027938843,0.30378539562225315,0.14049087692003,0.017940569947216847,0.023897574259565135
periodic,probe/ve_gate_mean,-1,-1,-1,9.0,-1.0,-1,val,L0:all,25.0,1.0,0.031250146215693865,0.056056174241257355,0.05668669168578767,1.8824574947357178,0.3168511390686033,0.17890638440631926,0.019845869803380926,0.03187252365318512
periodic,probe/ve_gate_mean,-1,-1,-1,11.0,-1.0,-1,train_stream,L0:all,25.0,1.0,0.018137655296660064,0.04514933782480125,0.03999539234191791,1.983614444732666,0.4436959266662597,0.0901414458375268,0.019424986455839545,0.015463697229599236
periodic,probe/ve_gate_mean,-1,-1,-1,11.0,-1.0,-1,val,L0:all,25.0,1.0,0.019956526357620068,0.04720804862491287,0.040117542325387084,1.9905729293823242,0.4293156147003174,0.09344533707070268,0.016602253330512982,0.020603313380590585
periodic,probe/ve_gate_rms,-1,-1,-1,1.0,-1.0,-1,train_stream,L0:all,25.0,1.0,0.046256572431961684,0.18172969185437052,0.058217997827787554,1.2046328783035278,0.4319116353988648,0.1347914551411054,0.05726000089909544,0.046256572431961684
periodic,probe/ve_gate_rms,-1,-1,-1,1.0,-1.0,-1,val,L0:all,25.0,1.0,0.04726411715921474,0.18168914075070436,0.06032846540097641,1.2103177309036255,0.4279278516769409,0.14097812321531406,0.05904680188442912,0.04726411715921474
periodic,probe/ve_gate_rms,-1,-1,-1,3.0,-1.0,-1,train_stream,L0:all,25.0,1.0,0.12962952534353836,0.14729536453374173,0.11828840242649082,1.0143362283706665,0.5885412931442262,0.20098573168000874,0.06776140605322108,0.13115081611234952
periodic,probe/ve_gate_rms,-1,-1,-1,3.0,-1.0,-1,val,L0:all,25.0,1.0,0.1314802280303887,0.1481697083591857,0.12385706806355277,1.014527440071106,0.5803401589393619,0.21342150143446176,0.06774435254132083,0.13170060850262075
periodic,probe/ve_gate_rms,-1,-1,-1,5.0,-1.0,-1,train_stream,L0:all,25.0,1.0,0.07828314602258135,0.08745541360236062,0.07681988416545663,1.0765527486801147,0.5831441760063172,0.13173394732596017,0.035210076434890096,0.07934022918142615
periodic,probe/ve_gate_rms,-1,-1,-1,5.0,-1.0,-1,val,L0:all,25.0,1.0,0.07889469356505488,0.08787530467100205,0.07675349150198418,1.0522104501724243,0.6015987396240234,0.12758253374990816,0.03465705313074864,0.07969472794890414
periodic,probe/ve_gate_rms,-1,-1,-1,7.0,-1.0,-1,train_stream,L0:all,25.0,1.0,0.04368928790927128,0.051447158311529455,0.09613645568519524,2.200458288192749,0.3152947902679446,0.304909750026305,0.013790309323150365,0.045910718970372584
periodic,probe/ve_gate_rms,-1,-1,-1,7.0,-1.0,-1,val,L0:all,25.0,1.0,0.04001654194315165,0.045866249349804614,0.08656043683184016,2.218599796295166,0.29566364288330105,0.2927665910752703,0.013418948915747037,0.04095530947821374
periodic,probe/ve_gate_rms,-1,-1,-1,9.0,-1.0,-1,train_stream,L0:all,25.0,1.0,0.011756674750892896,0.04499873170574757,0.023676406181418204,2.08137583732605,0.2482032537460328,0.09539119984963791,0.016279997332995573,0.011652421965246783
periodic,probe/ve_gate_rms,-1,-1,-1,9.0,-1.0,-1,val,L0:all,25.0,1.0,0.01656966292813533,0.045618670502016206,0.03543567988522941,2.098494529724121,0.24945750236511222,0.14205096879934628,0.017171627969039593,0.01656966292813533
periodic,probe/ve_gate_rms,-1,-1,-1,11.0,-1.0,-1,train_stream,L0:all,25.0,1.0,0.015066576181620628,0.04059399170263733,0.03425153271735268,2.085554838180542,0.3943129539489747,0.08686382827226348,0.019870879830273643,0.013792899996310733
periodic,probe/ve_gate_rms,-1,-1,-1,11.0,-1.0,-1,val,L0:all,25.0,1.0,0.013955221921273573,0.041679102035556234,0.029746929732114007,2.1104602813720703,0.3786464214324954,0.07856123298240983,0.01686184946701023,0.013955221921273573
periodic,probe/ve_gate_std,-1,-1,-1,1.0,-1.0,-1,train_stream,L0:all,25.0,1.0,0.08003163708744111,0.2909698447739838,0.04907808156714439,0.6574721336364746,0.21798336505889887,0.2251459947592035,0.12731295128566084,0.07325881773809574
periodic,probe/ve_gate_std,-1,-1,-1,1.0,-1.0,-1,val,L0:all,25.0,1.0,0.08075315006470735,0.2928353562311182,0.05080833839423021,0.6616478562355042,0.21842690110206608,0.23261026063126078,0.1291635436112394,0.07422823983481908
periodic,probe/ve_gate_std,-1,-1,-1,3.0,-1.0,-1,train_stream,L0:all,25.0,1.0,0.14743664990866162,0.17521449709776502,0.08934005000623756,0.633478045463562,0.1243169903755188,0.7186471433741441,0.09400812832293748,0.148347994258381
periodic,probe/ve_gate_std,-1,-1,-1,3.0,-1.0,-1,val,L0:all,25.0,1.0,0.14809599300311613,0.17605480385599878,0.09181253496179399,0.6331542134284973,0.1233270645141602,0.7444637989518694,0.09444007090249787,0.14904841499363977
periodic,probe/ve_gate_std,-1,-1,-1,5.0,-1.0,-1,train_stream,L0:all,25.0,1.0,0.08161593596114383,0.13428701762229314,0.0486138926963159,0.5754783749580383,0.09674607515335087,0.5024895595946263,0.0848634732445271,0.08161593596114383
periodic,probe/ve_gate_std,-1,-1,-1,5.0,-1.0,-1,val,L0:all,25.0,1.0,0.07850146227703834,0.13120088961520257,0.04731306206470963,0.5695555210113525,0.10145211219787609,0.4663585709524551,0.07941855372676694,0.07850146227703834
periodic,probe/ve_gate_std,-1,-1,-1,7.0,-1.0,-1,train_stream,L0:all,25.0,1.0,0.07660396889455377,0.0991921332305647,0.06179101598499343,0.8118603229522705,0.05682374238967891,1.087415460271,0.07074403602468021,0.07660396889455377
periodic,probe/ve_gate_std,-1,-1,-1,7.0,-1.0,-1,val,L0:all,25.0,1.0,0.07704285016834847,0.09942045096793607,0.06353577903147051,0.8245109915733337,0.06241186857223502,1.0180079604239807,0.07137273645281807,0.07704285016834847
periodic,probe/ve_gate_std,-1,-1,-1,9.0,-1.0,-1,train_stream,L0:all,25.0,1.0,0.06985232155841316,0.07775135969520777,0.05826060135060059,0.9234578013420105,0.30315264463424685,0.19218239517881136,0.06874116948985937,0.06985232155841316
periodic,probe/ve_gate_std,-1,-1,-1,9.0,-1.0,-1,val,L0:all,25.0,1.0,0.07209977261706318,0.08186747345943345,0.05990687679890536,0.9297573566436768,0.29647413492202757,0.2020644290425565,0.07015108361886513,0.07209977261706318
periodic,probe/ve_gate_std,-1,-1,-1,11.0,-1.0,-1,train_stream,L0:all,25.0,1.0,0.033648417579632287,0.09509139641963865,0.026188331813486846,0.7875521183013916,0.19293024539947512,0.13573989790590965,0.06628603581521078,0.03267575598232673
periodic,probe/ve_gate_std,-1,-1,-1,11.0,-1.0,-1,val,L0:all,25.0,1.0,0.03517800840849836,0.1022546950006644,0.028038281744772506,0.7839386463165283,0.1935609102249145,0.14485508314768977,0.06983944213429483,0.03368725475039594
periodic,probe/x0_contribution_ratio,-1,-1,-1,0.0,-1.0,-1,train_stream,L0:all,25.0,1.0,0.016464298445536697,0.6827503129044132,0.011644835387090926,0.7007236513123798,0.49545385000439834,0.023503370469293055,0.32206426543434763,0.0162738878538403
periodic,probe/x0_contribution_ratio,-1,-1,-1,0.0,-1.0,-1,val,L0:all,25.0,1.0,0.016462563392591844,0.6827529146368216,0.011644924997284648,0.7007249865954186,0.49545405399010245,0.023503541657401143,0.32206345804981945,0.016272812633347376
periodic,probe/x0_contribution_ratio,-1,-1,-1,1.0,-1.0,-1,train_stream,L0:all,25.0,1.0,0.06443008610376626,4.91066318828588,0.015313140952267094,0.24032255744821018,0.11859580332728695,0.12912042857037415,0.19180379761856445,0.0637191161531605
periodic,probe/x0_contribution_ratio,-1,-1,-1,1.0,-1.0,-1,val,L0:all,25.0,1.0,0.06442501532666477,4.903959405873047,0.015210800690912029,0.24064821933223965,0.1199854174079962,0.12677207797002116,0.1922449332577329,0.06314865566928071
periodic,probe/x0_contribution_ratio,-1,-1,-1,2.0,-1.0,-1,train_stream,L0:all,25.0,1.0,0.20165005195436808,0.24719710408925813,0.028804798429335556,0.1445195293678881,0.060897211504830434,0.47300685396819403,0.10620536689328178,0.20486661904590123
periodic,probe/x0_contribution_ratio,-1,-1,-1,2.0,-1.0,-1,val,L0:all,25.0,1.0,0.20050379981440908,0.2455440224910076,0.02872127902631222,0.1451763650020137,0.06053934009803298,0.4744233911338161,0.10468884412961894,0.2039862210998808
periodic,probe/x0_contribution_ratio,-1,-1,-1,3.0,-1.0,-1,train_stream,L0:all,25.0,1.0,0.8502332269503604,1.2749442967627143,0.030579714270008843,0.03689857089803486,0.027913417240379497,1.0955202656367091,0.24942437564457465,0.88877942304437
periodic,probe/x0_contribution_ratio,-1,-1,-1,3.0,-1.0,-1,val,L0:all,25.0,1.0,0.8523844488495929,1.2769442046481798,0.030785163561391094,0.037180586705448285,0.027799262258635705,1.1074093720536715,0.24730509199990708,0.8895683989921891
periodic,probe/x0_contribution_ratio,-1,-1,-1,4.0,-1.0,-1,train_stream,L0:all,25.0,1.0,0.21059644170436753,0.2687428796616842,0.017847279100582036,0.08671651517862078,0.03312430799523684,0.5387970400211353,0.1465021445913372,0.21059644170436753
periodic,probe/x0_contribution_ratio,-1,-1,-1,4.0,-1.0,-1,val,L0:all,25.0,1.0,0.2116125970722862,0.27011135438111544,0.01811049360484507,0.08715763104311028,0.033342614798361064,0.5431635675356595,0.1461827350837467,0.2116125970722862
periodic,probe/x0_contribution_ratio,-1,-1,-1,5.0,-1.0,-1,train_stream,L0:all,25.0,1.0,0.448408569193208,0.5298439796213685,0.02648169754692347,0.06012709715813221,0.013385372617045643,1.978405704836358,0.22027671427229015,0.4629609978475671
periodic,probe/x0_contribution_ratio,-1,-1,-1,5.0,-1.0,-1,val,L0:all,25.0,1.0,0.4477094321552271,0.5295219564507684,0.02664688656320234,0.06041160005303182,0.01341747030325735,1.9859843890791615,0.21972331274400117,0.4629322535379459
periodic,probe/x0_contribution_ratio,-1,-1,-1,6.0,-1.0,-1,train_stream,L0:all,25.0,1.0,0.26048809138361856,0.30296365509390083,0.01644395026101884,0.0645841344934567,0.023634896738890215,0.6957487668630691,0.14620522566841834,0.27024544042181103
periodic,probe/x0_contribution_ratio,-1,-1,-1,6.0,-1.0,-1,val,L0:all,25.0,1.0,0.26027083997975375,0.3039347276768346,0.016618809834055566,0.06490348485311545,0.02374432625111217,0.6999065653958976,0.14619836551746296,0.2715459788297341
periodic,probe/x0_contribution_ratio,-1,-1,-1,7.0,-1.0,-1,train_stream,L0:all,25.0,1.0,0.5897368049367407,1.630013799343764,0.002205858228916203,0.0035011199114735984,0.010666285505880774,0.2068065989514363,0.173937550895128,0.6766001255818898
periodic,probe/x0_contribution_ratio,-1,-1,-1,7.0,-1.0,-1,val,L0:all,25.0,1.0,0.5900939055766449,1.633332037277463,0.0022187980866110596,0.003523224743348543,0.010767209853086762,0.20606992125958895,0.1739976163269084,0.6764402653167546
periodic,probe/x0_contribution_ratio,-1,-1,-1,8.0,-1.0,-1,train_stream,L0:all,25.0,1.0,0.09209729392864072,0.17003798912423693,0.012516016569618092,0.1365715055193441,0.03279589226730141,0.381633665204376,0.09884332025408005,0.09209729392864072
periodic,probe/x0_contribution_ratio,-1,-1,-1,8.0,-1.0,-1,val,L0:all,25.0,1.0,0.09178937681302698,0.17104396783239006,0.012498063067403014,0.13682129775713914,0.03328908940741207,0.37544022050120196,0.09858825266794072,0.09178937681302698
periodic,probe/x0_contribution_ratio,-1,-1,-1,9.0,-1.0,-1,train_stream,L0:all,25.0,1.0,0.674917823504528,0.8865263820531932,0.008240944241775088,0.013192172224572404,0.012124555744198398,0.6796904080974993,0.2357131370728185,0.6931000126293161
periodic,probe/x0_contribution_ratio,-1,-1,-1,9.0,-1.0,-1,val,L0:all,25.0,1.0,0.6766988317653095,0.8858923028051147,0.00825630482687237,0.013238685247804078,0.012165773541282413,0.678650214789553,0.2354638507277161,0.692828050811881
periodic,probe/x0_contribution_ratio,-1,-1,-1,10.0,-1.0,-1,train_stream,L0:all,25.0,1.0,0.2232425117189648,0.2864141312177416,0.01660465045090998,0.0771179427099446,0.02830170263985625,0.5867014667706338,0.17258985966377766,0.23044824570168929
periodic,probe/x0_contribution_ratio,-1,-1,-1,10.0,-1.0,-1,val,L0:all,25.0,1.0,0.2217563374831114,0.2850568365044279,0.01652683284490733,0.0773000548302529,0.028404491582572466,0.5818387136718667,0.17164000422048076,0.22957805598288933
periodic,probe/x0_contribution_ratio,-1,-1,-1,11.0,-1.0,-1,train_stream,L0:all,25.0,1.0,0.4299524781637329,0.5627796710924691,0.01581841446915973,0.03659591526753557,0.02242413715717884,0.7054190918599355,0.34450057312057153,0.43028091140689184
periodic,probe/x0_contribution_ratio,-1,-1,-1,11.0,-1.0,-1,val,L0:all,25.0,1.0,0.4283740388579379,0.5621799961414174,0.015838251543202175,0.0366849318723024,0.02245317791543492,0.7053901947801577,0.34450458393182665,0.42891267586356024
periodic,probe/x0_term_norm,-1,-1,-1,0.0,-1.0,-1,train_stream,L0:all,25.0,1.0,0.052730227182242025,1.0364544990024738,519.2852581817358,9216.322265625,11062.64169921875,0.04694043902898962,0.629940311275214,0.051889343685565116
periodic,probe/x0_term_norm,-1,-1,-1,0.0,-1.0,-1,val,L0:all,25.0,1.0,0.052740570471680064,1.0361904486168725,519.6312040725313,9215.5048828125,11065.77998046875,0.04695838928567958,0.6298421778663774,0.05190412769212838
periodic,probe/x0_term_norm,-1,-1,-1,1.0,-1.0,-1,train_stream,L0:all,25.0,1.0,0.05673278209315588,7.226496316245127,367.1834024001673,6303.57568359375,8481.048657226562,0.043294575616813186,0.4554908970991943,0.055023211295460166
periodic,probe/x0_term_norm,-1,-1,-1,1.0,-1.0,-1,val,L0:all,25.0,1.0,0.056758701587988396,7.225072777482364,367.1088509864826,6302.93896484375,8480.311865234376,0.04328954604741256,0.45544340918558246,0.055027868770833196
periodic,probe/x0_term_norm,-1,-1,-1,2.0,-1.0,-1,train_stream,L0:all,25.0,1.0,0.2094889975255203,0.44601561469578543,747.6769211553037,3460.596435546875,3255.2580566406255,0.22968284177350118,0.32841768552637,0.20829628249669288
periodic,probe/x0_term_norm,-1,-1,-1,2.0,-1.0,-1,val,L0:all,25.0,1.0,0.2095073528551847,0.4459903226873829,747.5588484824656,3460.274658203125,3254.6567871093757,0.22968899560878434,0.3283975144432959,0.208279354869527
periodic,probe/x0_term_norm,-1,-1,-1,3.0,-1.0,-1,train_stream,L0:all,25.0,1.0,0.8700456955880416,1.3349694892510455,913.6738912781173,986.3847045898438,1200.3399047851562,0.7611793023257457,0.5877573627633723,0.9167435553060934
periodic,probe/x0_term_norm,-1,-1,-1,3.0,-1.0,-1,val,L0:all,25.0,1.0,0.8701274877870729,1.334858400217331,913.6250318639451,986.3797607421875,1200.3080078125,0.7611588241662905,0.5876238848301738,0.916801256232767
periodic,probe/x0_term_norm,-1,-1,-1,4.0,-1.0,-1,train_stream,L0:all,25.0,1.0,0.20820534845007616,0.42925004870003447,612.801514652762,2886.265625,2332.351391601562,0.2627397899216069,0.23633113391293392,0.20820534845007616
periodic,probe/x0_term_norm,-1,-1,-1,4.0,-1.0,-1,val,L0:all,25.0,1.0,0.20820715639421952,0.42922308401532305,612.6897374362838,2886.125732421875,2332.7044921875004,0.26265210166493586,0.2362925585840226,0.20820715639421952
periodic,probe/x0_term_norm,-1,-1,-1,5.0,-1.0,-1,train_stream,L0:all,25.0,1.0,0.4823452744843522,0.8270956535527034,1124.6962289708265,2131.2841796875,1882.6015380859376,0.5974159726408796,0.4995498112390255,0.4823452744843522
periodic,probe/x0_term_norm,-1,-1,-1,5.0,-1.0,-1,val,L0:all,25.0,1.0,0.48230158713572774,0.827082064568837,1124.588945642684,2131.03515625,1882.7066894531254,0.5973256227019336,0.4995624250513066,0.48230158713572774
periodic,probe/x0_term_norm,-1,-1,-1,6.0,-1.0,-1,train_stream,L0:all,25.0,1.0,0.3091061230229405,0.42307786274460946,760.9247881466907,3070.349853515625,2035.3603271484374,0.37385261862343305,0.32372883193370805,0.3091061230229405
periodic,probe/x0_term_norm,-1,-1,-1,6.0,-1.0,-1,val,L0:all,25.0,1.0,0.3091341644315521,0.4230490389699456,760.9015433866163,3070.3134765625,2035.7942626953127,0.3737615128059218,0.32365284230624947,0.3091341644315521
periodic,probe/x0_term_norm,-1,-1,-1,7.0,-1.0,-1,train_stream,L0:all,25.0,1.0,0.6446452378304719,1.5506687391683904,118.58068935989917,212.7429656982422,325.473307800293,0.36433306977252655,0.32813876542312753,0.6568758328444936
periodic,probe/x0_term_norm,-1,-1,-1,7.0,-1.0,-1,val,L0:all,25.0,1.0,0.6446767202324837,1.5507314298125698,118.57213929174146,212.7339630126953,325.4524169921876,0.36433018500086223,0.32813461080070944,0.6568571236657339
periodic,probe/x0_term_norm,-1,-1,-1,8.0,-1.0,-1,train_stream,L0:all,25.0,1.0,0.11492452013061376,0.42248599117596325,1125.295805224581,10187.1904296875,6865.988476562499,0.16389421698941847,0.12847671310410655,0.11473753269005214
periodic,probe/x0_term_norm,-1,-1,-1,8.0,-1.0,-1,val,L0:all,25.0,1.0,0.11489810458472016,0.4224542336714041,1125.1205023568973,10186.0751953125,6866.3736328125,0.16385949301975905,0.12846795292622049,0.11470276919697703
periodic,probe/x0_term_norm,-1,-1,-1,9.0,-1.0,-1,train_stream,L0:all,25.0,1.0,0.6589880123634174,0.844098436932289,697.1046914945126,1132.2965087890625,578.3112915039063,1.205414284202687,0.4429897704347011,0.6670710745392137
periodic,probe/x0_term_norm,-1,-1,-1,9.0,-1.0,-1,val,L0:all,25.0,1.0,0.6588996577103415,0.8440754991795751,696.9598193788161,1132.2255859375,578.2403930664061,1.2053115412481674,0.44293158018807866,0.6670818405243572
periodic,probe/x0_term_norm,-1,-1,-1,10.0,-1.0,-1,train_stream,L0:all,25.0,1.0,0.2517644668938585,0.43245042649237847,1585.0962885071508,5978.3935546875,4748.091552734376,0.3338386109244904,0.2713300765662142,0.2517644668938585
periodic,probe/x0_term_norm,-1,-1,-1,10.0,-1.0,-1,val,L0:all,25.0,1.0,0.2518562212995934,0.4324204079957854,1584.9680413207661,5977.71240234375,4747.657958984376,0.33384208698552165,0.27124888450689344,0.2518562212995934
periodic,probe/x0_term_norm,-1,-1,-1,11.0,-1.0,-1,train_stream,L0:all,25.0,1.0,0.47977516035544615,0.9018255629632479,1329.9090289898243,2592.673828125,2182.8051025390623,0.6092660436989358,0.4378857787934407,0.4800195575706429
periodic,probe/x0_term_norm,-1,-1,-1,11.0,-1.0,-1,val,L0:all,25.0,1.0,0.47972582801948493,0.9015337298183649,1329.7529373639943,2592.412353515625,2182.464868164062,0.6092895041571103,0.43781188698727014,0.4800821771791026
periodic,sketch/grad_cosine_prev,-1,-1,-1,-1.0,-1.0,-1,-,scalar,24.0,1.0,1.8115761600700235,143.45198867061086,0.19047147908842463,0.11803879501602856,0.28590030362848606,0.666216428143194,2.13108803298614,1.7821182303052403
periodic,sketch/grad_sq_norm,-1,attn_k,-1,0.0,-1.0,-1,-,L0:all,25.0,1.0,0.23811405346530937,0.6201341408299603,2.280463366880829e-06,9.325436622020788e-06,4.57686266599922e-05,0.04982590768611054,0.610138202408091,0.23452191855955493
periodic,sketch/grad_sq_norm,-1,attn_k,-1,1.0,-1.0,-1,-,L0:all,25.0,1.0,0.12694880393475758,0.3566504646758692,1.1012669895650607e-06,8.905029062589165e-06,6.683246374450398e-05,0.016478024718273598,0.35058358953396757,0.12447895441367428
periodic,sketch/grad_sq_norm,-1,attn_k,-1,2.0,-1.0,-1,-,L0:all,25.0,1.0,0.6605205728234795,1.4895462083481752,1.6304834683414696e-05,2.3163984224083833e-05,0.00012070677857991544,0.1350780368363478,0.9083259657347598,0.6540434796721856
periodic,sketch/grad_sq_norm,-1,attn_k,-1,3.0,-1.0,-1,-,L0:all,25.0,1.0,0.30687312305952774,0.8978047852742469,1.2092282906463074e-05,4.428862303029746e-05,0.00011873919611389284,0.1018390161144795,0.764331152523379,0.30090871887775067
periodic,sketch/grad_sq_norm,-1,attn_k,-1,4.0,-1.0,-1,-,L0:all,25.0,1.0,0.34575187289553083,1.577185914686174,7.508853020988768e-06,2.23018359974958e-05,3.0025850355741576e-05,0.25007961246809174,0.5571734609906279,0.2689861692803315
periodic,sketch/grad_sq_norm,-1,attn_k,-1,5.0,-1.0,-1,-,L0:all,25.0,1.0,0.3069893326381543,0.5431472406462711,7.97197635310351e-06,2.5706493033794686e-05,0.00010618551477818992,0.07507593074023428,0.5313288079609213,0.2997935764809118
periodic,sketch/grad_sq_norm,-1,attn_k,-1,6.0,-1.0,-1,-,L0:all,25.0,1.0,0.344641242353847,2.4882097333731608,9.178587829161946e-06,2.8369577194098383e-05,3.828833450825188e-05,0.23972282803744788,0.593369249054604,0.31196376667907233
periodic,sketch/grad_sq_norm,-1,attn_k,-1,7.0,-1.0,-1,-,L0:all,25.0,1.0,0.290597755705586,1.179766557237749,3.592039518100621e-05,0.00011797490151366219,0.00036649312605732155,0.09801110205649004,0.5434786471393944,0.27890446419730364
periodic,sketch/grad_sq_norm,-1,attn_k,-1,8.0,-1.0,-1,-,L0:all,25.0,1.0,0.27332480215508137,0.9736510252758757,6.013061038903729e-06,1.928520214278251e-05,3.783882330026246e-05,0.1589124743966872,0.32167990498530985,0.2653409330923026
periodic,sketch/grad_sq_norm,-1,attn_k,-1,9.0,-1.0,-1,-,L0:all,25.0,1.0,0.30765461353467904,1.498782732058462,1.6361996898163667e-05,4.182677366770804e-05,0.00018163182685384534,0.09008331404016413,0.6840082034786357,0.3069697770595893
periodic,sketch/grad_sq_norm,-1,attn_k,-1,10.0,-1.0,-1,-,L0:all,25.0,1.0,0.7461232559346668,2.782635404426528,2.1620753593741903e-05,2.3585656890645623e-05,4.181980038993061e-05,0.5169980103240225,0.46174297364223743,0.8845187559583069
periodic,sketch/grad_sq_norm,-1,attn_k,-1,11.0,-1.0,-1,-,L0:all,25.0,1.0,0.3947677426597179,0.7245879007607233,5.1973915998269624e-05,0.00010808583465404809,0.00022985251489444637,0.22611854398085338,0.4678175569363143,0.3304498600228474
periodic,sketch/grad_sq_norm,-1,attn_out,-1,0.0,-1.0,-1,-,L0:all,25.0,1.0,0.2142656801533321,0.6776881706854544,1.366315051789442e-05,6.980527541600168e-05,0.00026310256143915475,0.051930891296374425,0.4078010332353561,0.1884057537726072
periodic,sketch/grad_sq_norm,-1,attn_out,-1,1.0,-1.0,-1,-,L0:all,25.0,1.0,0.12025827754354691,0.636364199920812,7.461655740947003e-06,6.177008617669344e-05,0.00027411827322794147,0.027220570351186718,0.2704940889666785,0.11244905558760498
periodic,sketch/grad_sq_norm,-1,attn_out,-1,2.0,-1.0,-1,-,L0:all,25.0,1.0,0.13999370930588306,0.5774282568761729,2.5353664179374672e-05,0.00016602886898908764,0.00022565028775716202,0.11235821780408946,0.24600759833409064,0.1383237880287593
periodic,sketch/grad_sq_norm,-1,attn_out,-1,3.0,-1.0,-1,-,L0:all,25.0,1.0,0.1927333697696483,0.637966653842292,3.137680682685578e-05,0.00014492405171040446,0.0001962807305972092,0.15985678640683593,0.27161028818451327,0.1708902156774589
periodic,sketch/grad_sq_norm,-1,attn_out,-1,4.0,-1.0,-1,-,L0:all,25.0,1.0,0.2020433350383707,1.01492900590398,3.323479935888178e-05,0.00020135712111368775,0.0002686563748284243,0.12370746601530291,0.388986856613326,0.19485291098781637
periodic,sketch/grad_sq_norm,-1,attn_out,-1,5.0,-1.0,-1,-,L0:all,25.0,1.0,0.14885397261104716,0.5709206912318423,2.7499216694509577e-05,0.00015307706780731678,0.00022228398884180936,0.12371208937626034,0.24619505562231492,0.14690285846656997
periodic,sketch/grad_sq_norm,-1,attn_out,-1,6.0,-1.0,-1,-,L0:all,25.0,1.0,0.1508643468280082,1.6281806257727307,4.40108754291323e-05,0.0002632155956234783,0.0003591580694774166,0.12253901323495016,0.41373337398443766,0.14754333662928995
periodic,sketch/grad_sq_norm,-1,attn_out,-1,7.0,-1.0,-1,-,L0:all,25.0,1.0,0.24246140599178653,0.6506318668597186,0.00011722099932260136,0.0005077646346762776,0.0014340177120175214,0.08174306240449637,0.29308166064699304,0.24246140599178653
periodic,sketch/grad_sq_norm,-1,attn_out,-1,8.0,-1.0,-1,-,L0:all,25.0,1.0,0.15574171782000273,0.8998959804090712,2.8754275557941837e-05,0.0002659495221450925,0.0005588756379438564,0.05145022184851514,0.2929346573927253,0.1092803542100583
periodic,sketch/grad_sq_norm,-1,attn_out,-1,9.0,-1.0,-1,-,L0:all,25.0,1.0,0.18650018314829003,0.6200752840152033,0.00010161452811953917,0.0004930492723360658,0.0012893418170278892,0.07881116301166333,0.26654536005962615,0.18346398580936638
periodic,sketch/grad_sq_norm,-1,attn_out,-1,10.0,-1.0,-1,-,L0:all,25.0,1.0,0.17223880040604422,1.0325146248458599,5.973681667548546e-05,0.0004387520020827651,0.0008050058713706677,0.07420668444786963,0.45304562052565445,0.16342916821295592
periodic,sketch/grad_sq_norm,-1,attn_out,-1,11.0,-1.0,-1,-,L0:all,25.0,1.0,0.3187422060934018,0.7935467892130358,0.0007322810310047211,0.002084046369418502,0.004035620018839836,0.18145440541630528,0.39606828345164147,0.3027984602653488
periodic,sketch/grad_sq_norm,-1,attn_q,-1,0.0,-1.0,-1,-,L0:all,25.0,1.0,0.30532580805169224,0.7971827536208648,2.3954541391641062e-06,8.091279596555978e-06,4.072733408975186e-05,0.05881686569234272,0.39956704386972175,0.279579696447917
periodic,sketch/grad_sq_norm,-1,attn_q,-1,1.0,-1.0,-1,-,L0:all,25.0,1.0,0.14318276520872603,0.39196094325073116,1.7605816654783703e-06,1.0122233106812928e-05,8.040756911213982e-05,0.02189572057604413,0.33366328352594643,0.13581117696451228
periodic,sketch/grad_sq_norm,-1,attn_q,-1,2.0,-1.0,-1,-,L0:all,25.0,1.0,1.0854488105318074,3.494718418535186,3.895949265533479e-05,3.396567626623437e-05,0.0001788975388990367,0.21777545345283997,1.8064144861059857,1.0818566476329694
periodic,sketch/grad_sq_norm,-1,attn_q,-1,3.0,-1.0,-1,-,L0:all,25.0,1.0,0.5355757501536699,2.168292940681875,4.478551012364144e-05,6.641163781750947e-05,0.00014322597926366148,0.3126912474530672,1.3493336716994522,0.5206172923136616
periodic,sketch/grad_sq_norm,-1,attn_q,-1,4.0,-1.0,-1,-,L0:all,25.0,1.0,0.4431463949603326,1.5976757323439326,1.2333812098004314e-05,2.8556352845043875e-05,4.9442709678260147e-05,0.2494566373539083,0.4637682710117362,0.422524518908929
periodic,sketch/grad_sq_norm,-1,attn_q,-1,5.0,-1.0,-1,-,L0:all,25.0,1.0,0.2673572056293594,0.9471859214319609,1.2225956535347427e-05,4.298011481296271e-05,0.00014491153415292513,0.08436841557722642,0.5964655983448955,0.2578181837054754
periodic,sketch/grad_sq_norm,-1,attn_q,-1,6.0,-1.0,-1,-,L0:all,25.0,1.0,0.3859645739097983,1.3172795660087138,2.455881535102506e-05,4.7207715397235006e-05,7.420884630846559e-05,0.3309418832485399,0.5136883746590768,0.37777291800658214
periodic,sketch/grad_sq_norm,-1,attn_q,-1,7.0,-1.0,-1,-,L0:all,25.0,1.0,0.33983328182512706,1.7039160763683114,3.889734628819932e-05,0.00013606487482320517,0.0004787063400726767,0.0812551308225706,0.35173141410813274,0.33818832965444207
periodic,sketch/grad_sq_norm,-1,attn_q,-1,8.0,-1.0,-1,-,L0:all,25.0,1.0,0.38420037828615905,1.940622902873724,1.2696339969643271e-05,3.8011356082279235e-05,6.617801846005024e-05,0.19185131657134288,0.41058608487816367,0.38412684821366444
periodic,sketch/grad_sq_norm,-1,attn_q,-1,9.0,-1.0,-1,-,L0:all,25.0,1.0,0.3322488140312638,1.7367412798307609,3.3024408495220554e-05,8.41519795358181e-05,0.00020716790677397512,0.15940890174292743,1.0642585637541613,0.3310805691340368
periodic,sketch/grad_sq_norm,-1,attn_q,-1,10.0,-1.0,-1,-,L0:all,25.0,1.0,0.5281097277133334,2.3245009256407125,2.3432199109189513e-05,3.423818270675838e-05,6.969056703383104e-05,0.33623200537046044,0.5740206092553346,0.487841801729956
periodic,sketch/grad_sq_norm,-1,attn_q,-1,11.0,-1.0,-1,-,L0:all,25.0,1.0,0.4472108467803586,1.200557817655039,0.00010306866326863549,0.0001898000919027254,0.0004095913944183849,0.2516377655223734,0.46070457238087714,0.43351724133307257
periodic,sketch/grad_sq_norm,-1,attn_v,-1,0.0,-1.0,-1,-,L0:all,25.0,1.0,0.2099033101033039,0.526271421842107,8.04556073721494e-06,3.827133332379162e-05,0.00022065237099013778,0.036462607227431706,0.49379252539360874,0.20474929048962384
periodic,sketch/grad_sq_norm,-1,attn_v,-1,1.0,-1.0,-1,-,L0:all,25.0,1.0,0.1775868157744953,1.106828369498003,2.4196871134392358e-05,0.00013456656597554684,0.00039137846906669445,0.06182473755414734,0.6412958803329871,0.1691303418753744
periodic,sketch/grad_sq_norm,-1,attn_v,-1,2.0,-1.0,-1,-,L0:all,25.0,1.0,0.19038620550634688,0.8283999662541711,4.038895243793405e-05,0.00027359649538993835,0.0005361218223697508,0.07533540093445165,0.6166253255455221,0.16354048645122532
periodic,sketch/grad_sq_norm,-1,attn_v,-1,3.0,-1.0,-1,-,L0:all,25.0,1.0,0.2499285368667425,0.7950374853784161,0.0001548927582164806,0.0005912654451094568,0.000743365808739327,0.20836680460076987,0.7435644382840939,0.23796913571799858
periodic,sketch/grad_sq_norm,-1,attn_v,-1,4.0,-1.0,-1,-,L0:all,25.0,1.0,0.2569826319717897,0.9884703499445472,0.00011737893577694595,0.000517158186994493,0.0008077450402197428,0.14531681400979402,0.9238913095884965,0.24236670544460762
periodic,sketch/grad_sq_norm,-1,attn_v,-1,5.0,-1.0,-1,-,L0:all,25.0,1.0,0.17665118020137516,1.082568207798695,7.318394753638758e-05,0.0005272756097838283,0.0005912220280151814,0.1237842030042026,0.5886035682622456,0.16570537288266446
periodic,sketch/grad_sq_norm,-1,attn_v,-1,6.0,-1.0,-1,-,L0:all,25.0,1.0,0.24698217219084106,1.0670940995328342,8.861662367069661e-05,0.0005270165856927633,0.0006600356340641157,0.13426036277018402,0.4433475728119466,0.1908049711939202
periodic,sketch/grad_sq_norm,-1,attn_v,-1,7.0,-1.0,-1,-,L0:all,25.0,1.0,0.14623220396099107,0.7002399462443052,5.411880778351405e-05,0.00048798316856846213,0.0006514281543786638,0.08307717039821974,0.32753363048157236,0.14476689471203913
periodic,sketch/grad_sq_norm,-1,attn_v,-1,8.0,-1.0,-1,-,L0:all,25.0,1.0,0.19245623522123295,0.6534967884082058,8.947412460298699e-05,0.0005406645941548049,0.0008358012128155679,0.10705192003918616,0.3422631868989349,0.18936942743938148
periodic,sketch/grad_sq_norm,-1,attn_v,-1,9.0,-1.0,-1,-,L0:all,25.0,1.0,0.17938543386995745,0.5731120300889987,2.5737352011181056e-05,0.0001904813980218023,0.0002550293924286962,0.10091915981165574,0.4266780339712901,0.15523363699227855
periodic,sketch/grad_sq_norm,-1,attn_v,-1,10.0,-1.0,-1,-,L0:all,25.0,1.0,0.19490255719264205,0.9365036033057986,9.140264059849325e-05,0.0006097668083384633,0.0007491701981052756,0.12200517429772224,0.25344660709210115,0.18801295558172115
periodic,sketch/grad_sq_norm,-1,attn_v,-1,11.0,-1.0,-1,-,L0:all,25.0,1.0,0.1903618675896066,0.729695858018755,6.685849102625415e-05,0.00036764497053809464,0.0003739831445273012,0.17877407579627805,0.35568933967491334,0.1810816545822637
periodic,sketch/grad_sq_norm,-1,backout_scalar,-1,-1.0,-1.0,-1,-,L0:all,25.0,1.0,1.4484492389760124,23.551399261521688,0.0008908872019856976,0.0005003552651032805,0.00186631444557861,0.47735107237488994,1.6570208407650258,1.228259869777953
periodic,sketch/grad_sq_norm,-1,mlp_in,-1,0.0,-1.0,-1,-,L0:all,25.0,1.0,0.20456119644660795,0.43458290788838105,1.1635924955185989e-05,5.467751179821789e-05,0.00014730396505910906,0.07899261198106113,0.35196552723555835,0.18072767234909434
periodic,sketch/grad_sq_norm,-1,mlp_in,-1,1.0,-1.0,-1,-,L0:all,25.0,1.0,0.14267869474810538,0.4194538336013693,1.573035365688489e-05,9.76533701759763e-05,0.00012811687774956233,0.12278127545095148,0.3117945931903755,0.12341300397354996
periodic,sketch/grad_sq_norm,-1,mlp_in,-1,2.0,-1.0,-1,-,L0:all,25.0,1.0,0.2127402017254393,0.5638261177136681,3.0375814699660493e-05,0.0001627023157197982,0.0001467245674575679,0.2070260981239222,0.28115973914115205,0.1754840968151725
periodic,sketch/grad_sq_norm,-1,mlp_in,-1,3.0,-1.0,-1,-,L0:all,25.0,1.0,0.17806332658102264,0.46170580302418823,4.3553660600970134e-05,0.00027182139456272125,0.0002296199556440115,0.18967715797529822,0.3708905998229648,0.15279934971553583
periodic,sketch/grad_sq_norm,-1,mlp_in,-1,4.0,-1.0,-1,-,L0:all,25.0,1.0,0.1562369568339798,0.4877609529735492,4.122123058729542e-05,0.00028926465893164277,0.00020054084016010165,0.20555030364082688,0.33572353372705516,0.13822633918126734
periodic,sketch/grad_sq_norm,-1,mlp_in,-1,5.0,-1.0,-1,-,L0:all,25.0,1.0,0.12393867819066508,0.5288879030943477,2.8821482376092748e-05,0.00026301242178305984,0.00019266598974354565,0.1495929946663473,0.2757335602463203,0.09868401155943608
periodic,sketch/grad_sq_norm,-1,mlp_in,-1,6.0,-1.0,-1,-,L0:all,25.0,1.0,0.13653971445503882,0.5059192426977184,3.437214751010915e-05,0.0002419328666292131,0.00024479019339196384,0.14041472427398943,0.3054935488715011,0.12553536292601616
periodic,sketch/grad_sq_norm,-1,mlp_in,-1,7.0,-1.0,-1,-,L0:all,25.0,1.0,0.14084236103303466,0.5223455835256339,3.1860130163762774e-05,0.00025643373373895884,0.00020428789430297916,0.15595701484156985,0.1602484378954273,0.1399557408238512
periodic,sketch/grad_sq_norm,-1,mlp_in,-1,8.0,-1.0,-1,-,L0:all,25.0,1.0,0.11769300445254913,0.46940595272530133,2.2058785898571106e-05,0.00020056538050994277,0.00014489068125840278,0.1522443383313986,0.17787064062591704,0.11716917228518457
periodic,sketch/grad_sq_norm,-1,mlp_in,-1,9.0,-1.0,-1,-,L0:all,25.0,1.0,0.15187025698658602,0.5481276535731653,2.7894386677307613e-05,0.00022332411026582122,0.00017378300981363284,0.1605127377366862,0.2789641509239381,0.1469441569738539
periodic,sketch/grad_sq_norm,-1,mlp_in,-1,10.0,-1.0,-1,-,L0:all,25.0,1.0,0.18708387375585322,0.5786114349491064,3.547525249551997e-05,0.0002482124837115407,0.00018612307321745904,0.1906010462983923,0.2364273757626296,0.17884553999752079
periodic,sketch/grad_sq_norm,-1,mlp_in,-1,11.0,-1.0,-1,-,L0:all,25.0,1.0,0.2795778715302276,0.969979517950528,0.00019889971084912134,0.0006831972277723253,0.0012899825669592253,0.1541879060567245,0.42871320248923633,0.23460586275652875
periodic,sketch/grad_sq_norm,-1,mlp_out,-1,0.0,-1.0,-1,-,L0:all,25.0,1.0,0.18414851245350092,0.45818953001400164,1.5197176968259601e-05,8.914495992939919e-05,0.001144618276157418,0.013277069993393634,0.3600517026203488,0.17528447566981759
periodic,sketch/grad_sq_norm,-1,mlp_out,-1,1.0,-1.0,-1,-,L0:all,25.0,1.0,0.34348246247109554,0.5332564860963854,0.00013088342946166774,0.0003810483613051474,0.0005333531240466982,0.24539732413793477,0.3135774838212052,0.34348246247109554
periodic,sketch/grad_sq_norm,-1,mlp_out,-1,2.0,-1.0,-1,-,L0:all,25.0,1.0,0.2876133460597653,0.5662909573612932,4.213240685497603e-05,0.00013352284440770745,0.00040995952440425764,0.10277211370122875,0.23625797728546796,0.2876133460597653
periodic,sketch/grad_sq_norm,-1,mlp_out,-1,3.0,-1.0,-1,-,L0:all,25.0,1.0,1.1785744948788435,1.8262831227333534,0.0003499670592155796,0.00027788482839241624,0.000684697934775614,0.5111262082749953,0.37029410749209163,1.343852657061725
periodic,sketch/grad_sq_norm,-1,mlp_out,-1,4.0,-1.0,-1,-,L0:all,25.0,1.0,0.7112636144321473,1.3465825155038307,0.00035905396000369093,0.0005092612700536847,0.0003868913277983667,0.9280486126347511,0.24645508272726913,0.8774952289563839
periodic,sketch/grad_sq_norm,-1,mlp_out,-1,5.0,-1.0,-1,-,L0:all,25.0,1.0,0.3904762227862504,1.4833805529949446,0.00014285145728218067,0.00025628009461797774,0.00035541940014809396,0.4019236350707311,0.34308841261466116,0.44890177829142186
periodic,sketch/grad_sq_norm,-1,mlp_out,-1,6.0,-1.0,-1,-,L0:all,25.0,1.0,1.6456109001927148,3.1738858728790778,0.00030248491043957714,0.00018103051115758717,0.0003160139298415746,0.957188534667507,0.20071601850938975,1.96802716213348
periodic,sketch/grad_sq_norm,-1,mlp_out,-1,7.0,-1.0,-1,-,L0:all,25.0,1.0,0.28887181464485007,0.7381870862671526,6.834105430531644e-05,0.00021573857520706952,0.0003861359524307775,0.1769870271729435,0.10775871905096565,0.31086700905112974
periodic,sketch/grad_sq_norm,-1,mlp_out,-1,8.0,-1.0,-1,-,L0:all,25.0,1.0,0.23782053483134905,1.0307201931133831,7.376808792803318e-05,0.00017353244766127318,0.0003386551456060263,0.2178265674836405,0.11919687139087844,0.3012727189883084
periodic,sketch/grad_sq_norm,-1,mlp_out,-1,9.0,-1.0,-1,-,L0:all,25.0,1.0,0.550613006254899,1.2188797008054366,0.0002602894170154855,0.0004399447934702039,0.0008360697218449787,0.31132501299185605,0.18008893972796797,0.5524991280891715
periodic,sketch/grad_sq_norm,-1,mlp_out,-1,10.0,-1.0,-1,-,L0:all,25.0,1.0,0.5123579846648344,2.9941277216059103,0.00030667827758130934,0.0006361631094478071,0.0010872594662941994,0.28206540121153184,0.17816846475835793,0.5217356363913613
periodic,sketch/grad_sq_norm,-1,mlp_out,-1,11.0,-1.0,-1,-,L0:all,25.0,1.0,0.446353522673771,1.0807854129595096,0.00727112845719771,0.012748628854751587,0.047581246215850116,0.15281500665645817,0.2390535870912764,0.44878946724473073
periodic,sketch/grad_sq_norm,-1,resid_scalar,-1,0.0,-1.0,-1,-,L0:all,25.0,1.0,1.4514399121203492,30.25927637443892,5.094332195898644e-07,3.26974856079687e-07,5.687601478854282e-06,0.0895690778413127,3.2671906409987477,1.2592568194621085
periodic,sketch/grad_sq_norm,-1,resid_scalar,-1,1.0,-1.0,-1,-,L0:all,25.0,1.0,1.305154622516154,48.49917356654724,2.7293854322876905e-05,1.2488026186474599e-05,5.0258793817192784e-05,0.5430662427386008,3.5743313570658897,1.209797690675189
periodic,sketch/grad_sq_norm,-1,resid_scalar,-1,2.0,-1.0,-1,-,L0:all,25.0,1.0,1.845905814007657,8.940227908951918,5.6262847749214636e-05,2.3972421331563964e-05,8.720568475837354e-05,0.6451740836059686,4.240786692241163,1.6316451606494293
periodic,sketch/grad_sq_norm,-1,resid_scalar,-1,3.0,-1.0,-1,-,L0:all,25.0,1.0,1.4457157109340824,11.598386877154397,2.7195564197053493e-05,1.7776292224880308e-05,0.00010703006282710712,0.25409276121779284,2.6210181561120587,1.3052174515177593
periodic,sketch/grad_sq_norm,-1,resid_scalar,-1,4.0,-1.0,-1,-,L0:all,25.0,1.0,2.190292200191208,19.062979292600588,2.4690771386624392e-05,1.006259390123887e-05,3.8695563148394306e-05,0.6380775824850335,2.8258976542008654,2.130267640875252
periodic,sketch/grad_sq_norm,-1,resid_scalar,-1,5.0,-1.0,-1,-,L0:all,25.0,1.0,1.5666109590191828,63.9932770253866,1.957226871923505e-05,1.5849263945710845e-05,4.675923596551002e-05,0.41857546033625764,6.824271819097703,1.4075283134060457
periodic,sketch/grad_sq_norm,-1,resid_scalar,-1,6.0,-1.0,-1,-,L0:all,25.0,1.0,1.1298314379213552,12.341887054605712,7.668828508229396e-05,5.564623643294908e-05,0.00026283811907887875,0.291770026931594,1.3858055578934014,1.1298314379213552
periodic,sketch/grad_sq_norm,-1,resid_scalar,-1,7.0,-1.0,-1,-,L0:all,25.0,1.0,1.4046834835165238,32.46978671807993,0.0005778960251685986,0.00027144793421030045,0.0018603596661705528,0.3106367202413959,1.5669636592201235,1.4046834835165238
periodic,sketch/grad_sq_norm,-1,resid_scalar,-1,8.0,-1.0,-1,-,L0:all,25.0,1.0,1.2830255392095302,12.778534294016087,0.0005030516737445097,0.000207741410122253,0.0013240027285974065,0.37994761104263114,2.4817094821293137,1.2830255392095302
periodic,sketch/grad_sq_norm,-1,resid_scalar,-1,9.0,-1.0,-1,-,L0:all,25.0,1.0,1.8510764699393532,18.214421167694137,0.0009533975857963464,0.00037213973701000214,0.0017522570915389233,0.5440968624980841,1.529975912854667,1.8510764699393532
periodic,sketch/grad_sq_norm,-1,resid_scalar,-1,10.0,-1.0,-1,-,L0:all,25.0,1.0,2.115847762110547,18.520254925736754,0.0008520297113134616,0.0004462991491891444,0.0015530833663433446,0.5486052647125582,1.2259617824849263,2.165993587858932
periodic,sketch/grad_sq_norm,-1,resid_scalar,-1,11.0,-1.0,-1,-,L0:all,25.0,1.0,2.0217694488758746,35.03087133030021,0.0011773234074700025,0.0004589594900608063,0.0022277325808317985,0.5284850693481393,1.39285872200674,2.3205511304077784
periodic,sketch/grad_sq_norm,-1,smear_gate,-1,-1.0,-1.0,-1,-,L0:all,25.0,1.0,0.49129669248600216,1.33002426499417,1.2414887389908696e-07,2.3350014544121223e-07,3.1908976012573505e-06,0.03890719459319753,1.089346012277201,0.4528407965884156
periodic,sketch/grad_sq_norm,-1,smear_scalar,-1,-1.0,-1.0,-1,-,L0:all,25.0,1.0,1.3922350041852247,6.834498053233897,9.660767896629425e-06,5.410600806499133e-06,6.360983928743735e-05,0.15187537030198694,1.0860418083360897,1.4163420974994236
periodic,sketch/grad_sq_norm,-1,token_embedding,-1,-1.0,-1.0,-1,-,L0:all,25.0,1.0,0.06088838165389002,0.37721917249772163,3.858087695178854e-09,6.808590313767127e-08,4.6280708687618276e-07,0.00833627618198299,0.1507113739796878,0.06054622278475706
periodic,sketch/grad_sq_norm,-1,unembedding,-1,-1.0,-1.0,-1,-,L0:all,25.0,1.0,0.21860975441944888,0.6181062388962847,0.0008238560938459917,0.0035267919301986694,0.0043687350815162064,0.18858000736452654,0.4045175036685278,0.21490611193896123
periodic,sketch/grad_sq_norm,-1,value_embedding,-1,1.0,-1.0,-1,-,L0:all,25.0,1.0,0.15104143495006161,0.5793884232677171,8.546202680153121e-10,6.833533738870301e-09,2.8349019043361086e-08,0.030146378846764764,0.24528857618785666,0.13265781517490247
periodic,sketch/grad_sq_norm,-1,value_embedding,-1,3.0,-1.0,-1,-,L0:all,25.0,1.0,0.2948976713133563,0.8734444461412683,3.757565491871358e-09,9.672667999893747e-09,2.2609692429398373e-08,0.16619268500024192,0.46733183992519794,0.29120333694991035
periodic,sketch/grad_sq_norm,-1,value_embedding,-1,5.0,-1.0,-1,-,L0:all,25.0,1.0,0.16070029496711088,0.6917048898235483,1.653855884287766e-09,9.479491858144229e-09,1.2843871033396685e-08,0.12876615468867628,0.4724567527445734,0.1524437394534793
periodic,sketch/grad_sq_norm,-1,value_embedding,-1,7.0,-1.0,-1,-,L0:all,25.0,1.0,0.14816723426985345,0.9567228809278401,3.1165431118455087e-09,2.232471807417369e-08,2.5474958320614863e-08,0.12233751563485533,0.25011335994360373,0.1406888282815192
periodic,sketch/grad_sq_norm,-1,value_embedding,-1,9.0,-1.0,-1,-,L0:all,25.0,1.0,0.20183881114712587,0.5935773905479562,3.2377347446812684e-09,1.38977984676103e-08,1.0867313804396877e-08,0.2979333074353013,0.23499170040775683,0.1822329455326619
periodic,sketch/grad_sq_norm,-1,value_embedding,-1,11.0,-1.0,-1,-,L0:all,25.0,1.0,0.16852026071385748,0.4577031415098385,4.0848623035121524e-09,2.2287139245236176e-08,1.935598135105466e-08,0.21103876003112487,0.2825824097450104,0.16018024003455197
periodic,sketch/grad_sq_norm,-1,ve_gate,-1,1.0,-1.0,-1,-,L0:all,25.0,1.0,0.531416685644909,2.3867476423599356,6.864398338828805e-07,1.22228232157795e-06,1.2737218816027965e-05,0.05389244259658116,1.4927411126687666,0.4889117699712236
periodic,sketch/grad_sq_norm,-1,ve_gate,-1,3.0,-1.0,-1,-,L0:all,25.0,1.0,0.6101104368393209,2.838531768778612,1.7297360180210705e-06,1.920314389280975e-06,1.9649583828140764e-05,0.08802914266020552,0.6133085456930271,0.6069123279856147
periodic,sketch/grad_sq_norm,-1,ve_gate,-1,5.0,-1.0,-1,-,L0:all,25.0,1.0,0.8917957361811657,2.6094957938741397,5.264606123967272e-06,6.858706001366954e-06,3.0476247684418932e-05,0.17274456417608183,0.7020000236540692,0.9197147491656976
periodic,sketch/grad_sq_norm,-1,ve_gate,-1,7.0,-1.0,-1,-,L0:all,25.0,1.0,1.2124941491401704,2.6635175418242705,4.052838287980354e-06,4.955548320140224e-06,1.311408033188855e-05,0.30904479654020145,1.5144748519318225,1.0712273404759496
periodic,sketch/grad_sq_norm,-1,ve_gate,-1,9.0,-1.0,-1,-,L0:all,25.0,1.0,0.7276580300347628,5.01255976768304,2.1530292380082386e-06,3.0347027859534137e-06,9.13192101279492e-06,0.23576958615734694,1.1767340585034471,0.682434499150097
periodic,sketch/grad_sq_norm,-1,ve_gate,-1,11.0,-1.0,-1,-,L0:all,25.0,1.0,1.37037503973167,8.207779015796463,5.142628738199707e-06,3.1208505788526963e-06,7.381712634924046e-06,0.6966714897392673,0.7828596425503118,1.4442160936717698
periodic,sketch/grad_sq_norm,-1,x0_scalar,-1,0.0,-1.0,-1,-,L0:all,25.0,1.0,1.4514399121203492,30.25927637443892,5.094332195898644e-07,3.26974856079687e-07,5.687601478854282e-06,0.0895690778413127,3.2671906409987477,1.2592568194621085
periodic,sketch/grad_sq_norm,-1,x0_scalar,-1,1.0,-1.0,-1,-,L0:all,25.0,1.0,2.140312767199706,27.661987149016575,4.7326141219070537e-07,2.523534590181953e-07,3.106157683419042e-06,0.15236232684419684,3.8610198872906616,1.5730817336268024
periodic,sketch/grad_sq_norm,-1,x0_scalar,-1,2.0,-1.0,-1,-,L0:all,25.0,1.0,1.1400947042698322,20.645300177647442,1.0409130871052222e-06,4.983758685739303e-07,6.190960388607894e-06,0.1681343477856241,7.483913284414864,1.066946820672935
periodic,sketch/grad_sq_norm,-1,x0_scalar,-1,3.0,-1.0,-1,-,L0:all,25.0,1.0,1.520218771650315,99.40425880514846,1.3265535339397378e-06,8.370992645723163e-07,4.221413621507966e-06,0.31424391279285935,14.773682141012017,1.5065429732778157
periodic,sketch/grad_sq_norm,-1,x0_scalar,-1,4.0,-1.0,-1,-,L0:all,25.0,1.0,1.94077235545246,20.781761025524897,1.460319765072577e-06,6.769710694243258e-07,3.108677324803466e-06,0.46975598059695695,9.909453546175659,1.7426134680694814
periodic,sketch/grad_sq_norm,-1,x0_scalar,-1,5.0,-1.0,-1,-,L0:all,25.0,1.0,1.78388891090335,33.00862204977522,9.685809730430077e-07,5.70853501358215e-07,2.591788239669768e-06,0.37371146230928926,7.917700198465276,1.6967242396490367
periodic,sketch/grad_sq_norm,-1,x0_scalar,-1,6.0,-1.0,-1,-,L0:all,25.0,1.0,2.222362174295622,29.05742872650685,1.1271302968915257e-06,1.1137843785036239e-06,4.066348591891257e-06,0.27718486780477863,2.8338469766037986,2.222362174295622
periodic,sketch/grad_sq_norm,-1,x0_scalar,-1,7.0,-1.0,-1,-,L0:all,25.0,1.0,1.5351780323017168,13.676816929133409,3.0703977951562653e-06,1.466924004489556e-06,1.4324615131044995e-05,0.21434417379228232,3.003846872934534,1.1362423199396847
periodic,sketch/grad_sq_norm,-1,x0_scalar,-1,8.0,-1.0,-1,-,L0:all,25.0,1.0,1.5842966422322813,18.434627960180816,3.0576216834259133e-06,1.4654805227110046e-06,1.5913334544848124e-05,0.19214211043001075,1.4591065851600213,1.5842966422322813
periodic,sketch/grad_sq_norm,-1,x0_scalar,-1,9.0,-1.0,-1,-,L0:all,25.0,1.0,1.3935887064137018,74.9280490133794,2.983205512264765e-06,1.5481505215575453e-06,1.537532400845977e-05,0.19402553797392194,1.40597312668787,1.3935887064137018
periodic,sketch/grad_sq_norm,-1,x0_scalar,-1,10.0,-1.0,-1,-,L0:all,25.0,1.0,1.3061169184422665,146.69592934071548,4.727776944797847e-06,1.988793428608915e-06,2.2729828324941097e-05,0.2079987968765311,1.1164090700644917,1.5399065203346034
periodic,sketch/grad_sq_norm,-1,x0_scalar,-1,11.0,-1.0,-1,-,L0:all,25.0,1.0,1.4292148837920882,145.05737996741829,7.64683488981523e-06,3.7147774492041208e-06,2.1962403565112268e-05,0.34817841622591733,1.5632617789554746,1.4292148837920882
sparse,calib/grad_cosine_prev,-1,-1,-1,-1.0,-1.0,-1,-,scalar,29.0,1.0,1.6208425507411133,66.58512512167322,0.17986640318396055,0.10226626033028745,0.8746681724078792,0.20563958865543863,0.4389882457391653,2.2439638734858915
sparse,calib/grad_norm,-1,-1,-1,-1.0,-1.0,-1,-,scalar,30.0,1.0,0.12902243168404837,0.31406783503688,0.025902028476395063,0.2393174920022629,0.18154130943575864,0.14267842705828296,0.12489148620417628,0.14034774536926317
sparse,curvature/Hg_norm,native,-1,-1,-1.0,-1.0,-1,short,scalar,30.0,1.0,0.17405040643196434,0.9086230545703001,5.666613324830845,12.599460747155764,72.89461081671327,0.07773706809518495,0.07969186360184544,0.23003313321719887
sparse,curvature/Hg_norm,shadow_fp32,-1,-1,-1.0,-1.0,-1,short,scalar,30.0,1.0,0.17343958768186496,0.9103579893707668,5.516907102430295,12.816181110300118,72.52654149107772,0.07606742289109415,0.07779707081357401,0.2289198801424161
sparse,curvature/arith_eps,native,-1,-1,-1.0,-1.0,-1,short,scalar,30.0,1.0,0.0,0.0,0.0,0.0078125,0.0,,0.0,0.0
sparse,curvature/arith_eps,shadow_fp32,-1,-1,-1.0,-1.0,-1,short,scalar,30.0,1.0,0.0,0.0,0.0,1.1920928955078125e-07,0.0,,0.0,0.0
sparse,curvature/c_fd_gradient,native,-1,-1,-1.0,-1.0,-1,short,scalar,30.0,1.0,0.25171561239536067,6.457863232717737,1.4569798292148688,3.21366786956787,11.316998004913328,0.12874260723403097,0.2637745634463041,0.23120679988222195
sparse,curvature/c_fd_gradient,shadow_fp32,-1,-1,-1.0,-1.0,-1,short,scalar,30.0,1.0,0.2329179900928882,27.304324082237745,1.2415633120292178,3.048559872092804,11.799082488247457,0.10522541165941368,0.23023544580723948,0.2329179900928882
sparse,curvature/c_fd_random,native,-1,-1,-1.0,-1.0,-1,short,scalar,30.0,1.0,107.8374849103944,1780.530019472766,26.35172159091639,0.18050670623779294,3.865112596087984,6.817840602519029,119.83476358414929,73.39684527226774
sparse,curvature/c_fd_random,shadow_fp32,-1,-1,-1.0,-1.0,-1,short,scalar,30.0,1.0,58.72990854501279,929.6826565959532,0.031148267240407285,0.00039736429850260413,0.004887580871582035,6.372941555098007,246.1113050549103,45.513908802947086
sparse,curvature/c_fd_update,native,-1,-1,-1.0,-1.0,-1,short,scalar,30.0,1.0,35.82364990073868,2287.7635263202747,17.547769992481467,0.5534642272525363,4.8878855175442135,3.5900533941510706,14.964383975141004,43.92849773382976
sparse,curvature/c_fd_update,shadow_fp32,-1,-1,-1.0,-1.0,-1,short,scalar,30.0,1.0,29.415982050579238,983.2272026844893,0.01784460615862933,9.536743164062499e-05,0.009947352939181859,1.7939049984183026,51.226464032606735,26.830265441086333
sparse,curvature/curv_eps_gradient,native,-1,-1,-1.0,-1.0,-1,short,scalar,30.0,1.0,0.0,0.31304951684997057,0.0,0.1,0.0,,0.0,0.0
sparse,curvature/curv_eps_gradient,shadow_fp32,-1,-1,-1.0,-1.0,-1,short,scalar,30.0,1.0,0.11971056020122184,2.9452307674851514,0.000969787953940752,0.010736013452199385,0.0959463995355789,0.010107601313180435,0.09743306331352776,0.1327005066652317
sparse,curvature/curv_eps_random,native,-1,-1,-1.0,-1.0,-1,short,scalar,30.0,1.0,1.4571747818357492,14.006744407209295,0.041990464558357615,0.03,0.0907,0.46295991795322616,1.5985410014551813,1.2827054741184096
sparse,curvature/curv_eps_random,shadow_fp32,-1,-1,-1.0,-1.0,-1,short,scalar,30.0,1.0,1.5720720420188994,17.70969602600037,0.041118722969031296,0.01,0.027,1.5229156655196776,2.878754884479429,1.37476968581413
sparse,curvature/curv_eps_update,native,-1,-1,-1.0,-1.0,-1,short,scalar,30.0,1.0,1.3031474349997536,5.192976025363492,0.03970768187643293,0.03,0.09000000000000001,0.44119646529369916,1.2903252570632073,1.3031474349997536
sparse,curvature/curv_eps_update,shadow_fp32,-1,-1,-1.0,-1.0,-1,short,scalar,30.0,1.0,1.2827054741184096,17.70969602600037,0.04109379515206645,0.03,0.097,0.423647372701716,1.4345962392318574,1.2803623874818988
sparse,curvature/curv_floor_gradient,native,-1,-1,-1.0,-1.0,-1,short,scalar,30.0,1.0,0.012521418649028355,4.522625585733338,0.0670896370851164,6.047002738341688,26.622057519853108,0.002520077084015202,0.004971971460754103,0.013137173663994726
sparse,curvature/curv_floor_gradient,shadow_fp32,-1,-1,-1.0,-1.0,-1,short,scalar,30.0,1.0,0.2194966144542172,496.4532766279104,0.004626334963017994,0.010582161162303217,0.0422307060808043,0.10954907915027413,0.15965672769455358,0.23569719162568042
sparse,curvature/curv_floor_random,native,-1,-1,-1.0,-1.0,-1,short,scalar,30.0,1.0,42.78713462151697,589.0565980220792,2963.1839809213534,176.29314213991165,3404.2890230938815,0.8704266767068903,43.64601873817578,24.064349263513336
sparse,curvature/curv_floor_random,shadow_fp32,-1,-1,-1.0,-1.0,-1,short,scalar,30.0,1.0,5.1095656296869105,607.8788693200092,0.04856471341423306,0.00901757552185245,0.12138843934413535,0.4000769239363268,5.858865913960487,4.834365045117492
sparse,curvature/curv_floor_update,native,-1,-1,-1.0,-1.0,-1,short,scalar,30.0,1.0,4.644764258179423,53.79527541273012,1327.8850486100478,68.75472608953714,796.7249619960792,1.6666793585621114,4.119647890184137,4.822160766775436
sparse,curvature/curv_floor_update,shadow_fp32,-1,-1,-1.0,-1.0,-1,short,scalar,30.0,1.0,5.901065549263215,607.6161742069071,0.044688478621392816,0.002029290158134245,0.09092037602605456,0.49151225032974655,5.727168378114317,5.937232279560394
sparse,curvature/curv_snr_gradient,native,-1,-1,-1.0,-1.0,-1,short,scalar,30.0,1.0,0.2519400999622484,1.9635569058754554,0.20788536353960085,0.39143470580598977,2.366969075251039,0.08782766353529681,0.2667908968717419,0.2310769568694403
sparse,curvature/curv_snr_gradient,shadow_fp32,-1,-1,-1.0,-1.0,-1,short,scalar,30.0,1.0,0.08370564380408765,1.251135842982478,21.067942164724315,282.8309808973238,171.13706551277141,0.12310566446607722,0.09777699655778935,0.07156064362981364
sparse,curvature/curv_snr_random,native,-1,-1,-1.0,-1.0,-1,short,scalar,30.0,1.0,0.4337029885588354,0.9966994045472702,0.010707176132747869,0.03208360585857292,0.049857845883616914,0.21475408620223208,0.3947744640144806,0.4337029885588354
sparse,curvature/curv_snr_random,shadow_fp32,-1,-1,-1.0,-1.0,-1,short,scalar,30.0,1.0,0.44225917562035183,1.77793516517016,0.18817869309819701,0.4206847788425373,0.39247197779037213,0.4794703921478628,0.4482119670966995,0.39536026785014067
sparse,curvature/curv_snr_update,native,-1,-1,-1.0,-1.0,-1,short,scalar,30.0,1.0,0.49309825473069613,1.4992576613227495,0.014765979181310448,0.027870259801244662,0.0459639873993459,0.32125104928386994,0.5038649527014141,0.4732130163417677
sparse,curvature/curv_snr_update,shadow_fp32,-1,-1,-1.0,-1.0,-1,short,scalar,30.0,1.0,0.5329040104328014,0.9421210441483107,0.1771266313685373,0.388928768454534,0.32647157155521916,0.5425484078897149,0.5487828171874196,0.5110625179814294
sparse,curvature/dhd,native,-1,-1,-1.0,-1.0,-1,short,scalar,30.0,1.0,0.13144619956657175,0.5100661197280385,0.00929258059926237,0.07191257169504452,0.20793575434702502,0.044689671713475196,0.15070197592778106,0.11904224682584795
sparse,curvature/dhd,shadow_fp32,-1,-1,-1.0,-1.0,-1,short,scalar,30.0,1.0,0.1311985145694544,0.503293305765322,0.009257054954440963,0.07209760784305802,0.20804644775394,0.044495135842883685,0.14812015490362593,0.12000371848905443
sparse,curvature/e_curv_gradient,shadow_fp32,-1,-1,-1.0,-1.0,-1,short,scalar,26.0,0.9615384615384616,0.9661794027623737,6.0118791500295155,0.0008494615909166513,0.0009370303757725697,0.0010756197686512701,0.7897415198883888,1.0345098490641131,0.8499575813229882
sparse,curvature/e_fd_gradient,shadow_fp32,-1,-1,-1.0,-1.0,-1,short,scalar,30.0,1.0,0.2991847003312823,0.5826258341242627,0.00016335547303512147,0.0005513339010259097,0.0012553284458411247,0.13012966732038497,0.08810308718952446,0.3354141079202408
sparse,curvature/e_fd_random,shadow_fp32,-1,-1,-1.0,-1.0,-1,short,scalar,10.0,0.3,0.03271192947564609,0.11840389741195068,0.0002048622862333585,0.009273111934725265,0.007800524722736631,0.026262628927543146,0.035402277626344764,0.03002158132494742
sparse,curvature/e_fd_update,shadow_fp32,-1,-1,-1.0,-1.0,-1,short,scalar,1.0,0.0,0.32645343446425107,0.32645343446425107,0.0011824825121237652,0.003622208827621494,,,0.32645343446425107,
sparse,curvature/e_lin_gradient,native,-1,-1,-1.0,-1.0,-1,short,scalar,30.0,1.0,0.08125918491065959,0.8581061616318909,0.00047134863784688546,0.005642754242115395,0.004706833768053755,0.10014133939592795,0.15635688094220607,0.07561402758783925
sparse,curvature/e_lin_gradient,shadow_fp32,-1,-1,-1.0,-1.0,-1,short,scalar,30.0,1.0,0.0600179321217614,1.3935704372177875,3.666495002214636e-08,4.932805593834032e-07,1.6792543221517452e-05,0.002183406619145396,0.031949269641126106,0.06554426883914166
sparse,curvature/e_lin_random,native,-1,-1,-1.0,-1.0,-1,short,scalar,30.0,1.0,0.04028952647401632,0.11214305515361282,0.0004658232047952816,0.011396641589034133,0.0011602673487544485,0.40147919813079685,0.020991444071324302,0.04856328718041939
sparse,curvature/e_lin_random,shadow_fp32,-1,-1,-1.0,-1.0,-1,short,scalar,30.0,1.0,0.03019951227833306,0.16910746157216666,2.2891440156740708e-08,7.676290583311064e-07,1.6936489356133894e-07,0.135160479101592,0.016747470013602064,0.0434428020896267
sparse,curvature/e_lin_update,native,-1,-1,-1.0,-1.0,-1,short,scalar,30.0,1.0,0.06097169969222224,0.2820194456384753,0.0006920387193563944,0.010765794932594656,0.011840393406379776,0.05844727414069822,0.054657953883657566,0.06544314152181413
sparse,curvature/e_lin_update,shadow_fp32,-1,-1,-1.0,-1.0,-1,short,scalar,30.0,1.0,0.04253040604004757,0.1434826904551212,3.1656145017375755e-08,7.270595349044182e-07,2.5008103300532886e-07,0.12658355028748305,0.027896280261748625,0.050652887996682334
sparse,curvature/e_sym_gradient,native,-1,-1,-1.0,-1.0,-1,short,scalar,30.0,1.0,1.1802510678726517,6.930829549584791,0.011299807549467305,0.006364014676864501,0.012018475357273874,0.9402030801376471,1.2713611601888788,1.0856859079211754
sparse,curvature/e_sym_gradient,shadow_fp32,-1,-1,-1.0,-1.0,-1,short,scalar,30.0,1.0,1.0481998025497155,7.812125963479864,1.2545788696703937e-06,7.400124604174705e-07,1.140167397887785e-05,0.11003462052980655,1.0481998025497155,1.3452360690429228
sparse,curvature/e_sym_random,native,-1,-1,-1.0,-1.0,-1,short,scalar,30.0,1.0,1.328246672533489,53.578801570443,0.016123859997052264,0.010149787073964571,0.020753578159662583,0.7769195207210673,1.2625897305055678,1.470756434903893
sparse,curvature/e_sym_random,shadow_fp32,-1,-1,-1.0,-1.0,-1,short,scalar,30.0,1.0,1.5681773247643611,724.4394652401561,1.2631755524467073e-06,7.014526383038918e-07,8.874671684648551e-07,1.423349051471678,1.855167516026825,1.1624845074449563
sparse,curvature/e_sym_update,native,-1,-1,-1.0,-1.0,-1,short,scalar,30.0,1.0,1.247442492014316,28.551887930699817,0.02191350440334417,0.012139296351986899,0.047524459894120984,0.4610994938641056,1.575773154761842,1.0856770866168808
sparse,curvature/e_sym_update,shadow_fp32,-1,-1,-1.0,-1.0,-1,short,scalar,30.0,1.0,1.6645273147417026,38.00354663093176,1.6588347091095488e-06,9.563240189100977e-07,1.5485501052897922e-06,1.0712179757329312,1.7493223493766021,1.4773152597092416
sparse,curvature/eta_star,native,-1,-1,-1.0,-1.0,-1,short,scalar,26.0,0.9615384615384616,0.24915073821490685,3.3670744883249113,0.05311522519330381,0.2231401695435563,0.5445680128483261,0.09753643978368877,0.16932560438117494,0.2634590795048389
sparse,curvature/eta_star,shadow_fp32,-1,-1,-1.0,-1.0,-1,short,scalar,28.0,0.8928571428571429,0.25919170024163707,3.524457990201732,0.06337570636653786,0.25865881960158704,0.6190567489613298,0.10237463119959736,0.2561445170042853,0.25919170024163707
sparse,curvature/eta_star_rho,native,-1,-1,-1.0,-1.0,-1,short,scalar,30.0,1.0,0.07027521469642628,1.451697410375283,0.028401536884850694,0.5326637574931918,0.588334711303326,0.04827445387666035,0.09601814777904588,0.060239610351807533
sparse,curvature/eta_star_rho,shadow_fp32,-1,-1,-1.0,-1.0,-1,short,scalar,30.0,1.0,0.06931445322129168,1.318501723507771,0.02781202971895745,0.5324861244056516,0.589098840871225,0.047211143172215246,0.0956620578952489,0.05926531959992986
sparse,curvature/eta_star_rho_threshold,native,-1,-1,-1.0,-1.0,-1,short,scalar,30.0,1.0,0.0,0.0,0.0,0.0625,0.0,,0.0,0.0
sparse,curvature/eta_star_rho_threshold,shadow_fp32,-1,-1,-1.0,-1.0,-1,short,scalar,30.0,1.0,0.0,0.0,0.0,9.5367431640625e-07,0.0,,0.0,0.0
sparse,curvature/fd_conclusive_gradient,native,-1,-1,-1.0,-1.0,-1,short,scalar,30.0,1.0,,,0.0,0.0,0.0,,,
sparse,curvature/fd_conclusive_gradient,shadow_fp32,-1,-1,-1.0,-1.0,-1,short,scalar,30.0,1.0,0.0,0.0,0.0,1.0,0.0,,0.0,0.0
sparse,curvature/fd_conclusive_random,native,-1,-1,-1.0,-1.0,-1,short,scalar,30.0,1.0,,,0.0,0.0,0.0,,,
sparse,curvature/fd_conclusive_random,shadow_fp32,-1,-1,-1.0,-1.0,-1,short,scalar,30.0,1.0,0.0,0.5477225575051662,0.0,0.0,1.0,0.0,0.0,0.5477225575051662
sparse,curvature/fd_conclusive_update,native,-1,-1,-1.0,-1.0,-1,short,scalar,30.0,1.0,,,0.0,0.0,0.0,,,
sparse,curvature/fd_conclusive_update,shadow_fp32,-1,-1,-1.0,-1.0,-1,short,scalar,30.0,1.0,,,0.0,0.0,0.0,,,
sparse,curvature/fd_cos_gradient,shadow_fp32,-1,-1,-1.0,-1.0,-1,short,scalar,30.0,1.0,7.445358594744679e-08,1.157166733052655e-06,7.445358038047825e-08,0.9999998538787204,8.607882062694472e-07,0.08649465668581954,4.5246803034073467e-10,1.2156667497637533e-07
sparse,curvature/fd_cos_random,shadow_fp32,-1,-1,-1.0,-1.0,-1,short,scalar,10.0,0.3,1.9389326680110967e-06,9.78293827466439e-06,1.9388451080780423e-06,0.9999570156653106,4.535448692477573e-05,0.04274869455129725,3.8338287497988597e-07,2.7275374048942075e-06
sparse,curvature/fd_cos_update,shadow_fp32,-1,-1,-1.0,-1.0,-1,short,scalar,1.0,0.0,7.886118414813832e-08,7.886118414813832e-08,7.886109625498058e-08,0.9999988854699724,,,7.886118414813832e-08,
sparse,curvature/fd_eps_gradient,native,-1,-1,-1.0,-1.0,-1,short,scalar,30.0,1.0,0.0,0.0,0.0,0.03,0.0,,0.0,0.0
sparse,curvature/fd_eps_gradient,shadow_fp32,-1,-1,-1.0,-1.0,-1,short,scalar,30.0,1.0,0.3055959569249712,1.2780193008453877,0.00031304951684997057,0.001,0.011700000000000028,0.02675636896153588,0.0,0.31304951684997057
sparse,curvature/fd_eps_random,native,-1,-1,-1.0,-1.0,-1,short,scalar,30.0,1.0,0.9908541017170719,54.468645414892904,0.011883322300475039,0.01,0.028999999999999998,0.4097697344991393,0.0,1.6313582720360427
sparse,curvature/fd_eps_random,shadow_fp32,-1,-1,-1.0,-1.0,-1,short,scalar,30.0,1.0,0.0,0.0,0.0,0.03,0.0,,0.0,0.0
sparse,curvature/fd_eps_update,native,-1,-1,-1.0,-1.0,-1,short,scalar,30.0,1.0,0.80359796121217,4.102844541697056,0.011015727177470857,0.01,0.019999999999999997,0.5507863588735429,0.29814239699997186,1.2561846997953765
sparse,curvature/fd_eps_update,shadow_fp32,-1,-1,-1.0,-1.0,-1,short,scalar,30.0,1.0,0.0,0.0,0.0,0.03,0.0,,0.0,0.0
sparse,curvature/fd_floor_gradient,native,-1,-1,-1.0,-1.0,-1,short,scalar,30.0,1.0,0.039224785982951704,0.1190871472528006,0.030937173262185202,0.5651204027779326,0.43892022236690104,0.07048472976559345,0.02118066566931056,0.05121757710906842
sparse,curvature/fd_floor_gradient,shadow_fp32,-1,-1,-1.0,-1.0,-1,short,scalar,30.0,1.0,0.3203975749725485,1.3241023840694461,0.0001156554578473889,0.000314863393639279,0.0012589255829280963,0.09186838317987742,0.021364820806583605,0.3869298521830451
sparse,curvature/fd_floor_random,native,-1,-1,-1.0,-1.0,-1,short,scalar,30.0,1.0,4.155319204025673,56.70932050678318,11.062497137777601,1.785253416731111,14.995310151036087,0.7377304654824528,0.031741187029068904,7.708550524552275
sparse,curvature/fd_floor_random,shadow_fp32,-1,-1,-1.0,-1.0,-1,short,scalar,30.0,1.0,0.037889288822667205,0.11660290519100941,4.5678810726031754e-07,8.637632989737407e-06,6.540482846040124e-06,0.06984012006649873,0.021367094926167347,0.05078905833425118
sparse,curvature/fd_floor_update,native,-1,-1,-1.0,-1.0,-1,short,scalar,30.0,1.0,1.2261067757022834,13.957252224953733,1.9080103204008525,1.5252803590783488,2.0464315644176247,0.9323597004544033,0.645656224687791,1.5906777130029495
sparse,curvature/fd_floor_update,shadow_fp32,-1,-1,-1.0,-1.0,-1,short,scalar,30.0,1.0,0.03788925793876731,0.11660289462636705,4.567886892743066e-07,8.637633196220124e-06,6.540484293363699e-06,0.06984019359816936,0.02136708903602727,0.050789095045388866
sparse,curvature/fd_snr_gradient,native,-1,-1,-1.0,-1.0,-1,short,scalar,30.0,1.0,0.12298373570115048,1.0759719882872294,1.943494596134438,10.832936749199252,23.38959647554223,0.08309226703276773,0.05560295375134722,0.14233633791050337
sparse,curvature/fd_snr_gradient,shadow_fp32,-1,-1,-1.0,-1.0,-1,short,scalar,30.0,1.0,0.3685750158266863,1.8641269147690425,9197.420566656167,25846.991541330168,43717.66354133032,0.210382253341627,0.06919661159359418,0.38945273630386856
sparse,curvature/fd_snr_random,native,-1,-1,-1.0,-1.0,-1,short,scalar,30.0,1.0,0.05807765006911442,1.0037013300927606,0.03388935742041799,0.8341229465115709,0.8617572210590975,0.03932587577133157,0.0700633859437313,0.03926756917817827
sparse,curvature/fd_snr_random,shadow_fp32,-1,-1,-1.0,-1.0,-1,short,scalar,30.0,1.0,0.05346600020447166,0.12410081713823329,31.801726763039376,609.5015050344623,412.94943269556785,0.07701118888927996,0.06645183220621113,0.0499671267408407
sparse,curvature/fd_snr_update,native,-1,-1,-1.0,-1.0,-1,short,scalar,30.0,1.0,0.0612062338046129,6.606550552307941,0.036576171049759215,0.8075409317014177,0.8270311425214134,0.0442258690987712,0.1004823823926839,0.046713513610000236
sparse,curvature/fd_snr_update,shadow_fp32,-1,-1,-1.0,-1.0,-1,short,scalar,30.0,1.0,0.10923259745046505,0.43730332581422976,13.257711163091589,125.42505846473213,91.33070107195756,0.14516160510632797,0.10950762925831026,0.10923259745046505
sparse,curvature/gHg,native,-1,-1,-1.0,-1.0,-1,short,scalar,30.0,1.0,0.29588017302856473,1.5680269490818506,7.822300260784969,13.547204517362891,135.3439310637661,0.057795722344576805,0.2676251813444876,0.31196672498023004
sparse,curvature/gHg,shadow_fp32,-1,-1,-1.0,-1.0,-1,short,scalar,30.0,1.0,0.2918177201358942,1.4324874210936682,7.4992432316640185,13.557365562620873,135.6448186041373,0.055285880499052725,0.26413290473995377,0.30910254418598115
sparse,curvature/gg,native,-1,-1,-1.0,-1.0,-1,short,scalar,30.0,1.0,0.07550055085784271,0.23062402989633693,0.5662656568601356,4.705664284626955,8.66592027938939,0.06534397255037239,0.04244693688728049,0.10123206370899825
sparse,curvature/gg,shadow_fp32,-1,-1,-1.0,-1.0,-1,short,scalar,30.0,1.0,0.07558347907771272,0.22920481714654733,0.5796286832737751,4.725116828420245,8.621151152905473,0.06723332800845634,0.04236031778998284,0.10018075702003322
sparse,curvature/native_verdict_code,native,-1,-1,-1.0,-1.0,-1,short,scalar,30.0,1.0,0.0,0.0,0.0,2.0,0.0,,0.0,0.0
sparse,curvature/shadow_verdict_code,shadow_fp32,-1,-1,-1.0,-1.0,-1,short,scalar,30.0,1.0,0.0,0.4472135954999579,0.0,1.0,0.0,,0.0,0.0
sparse,curvature/verdict_code_gradient,native,-1,-1,-1.0,-1.0,-1,short,scalar,30.0,1.0,0.0,0.0,0.0,2.0,0.0,,0.0,0.0
sparse,curvature/verdict_code_gradient,shadow_fp32,-1,-1,-1.0,-1.0,-1,short,scalar,30.0,1.0,0.0,0.0,0.0,0.0,1.0,0.0,0.0,
sparse,curvature/verdict_code_random,native,-1,-1,-1.0,-1.0,-1,short,scalar,30.0,1.0,0.0,0.0,0.0,2.0,0.0,,0.0,0.0
sparse,curvature/verdict_code_random,shadow_fp32,-1,-1,-1.0,-1.0,-1,short,scalar,30.0,1.0,0.0,0.4472135954999579,0.0,1.0,0.0,,0.0,0.0
sparse,curvature/verdict_code_update,native,-1,-1,-1.0,-1.0,-1,short,scalar,30.0,1.0,0.0,0.0,0.0,2.0,0.0,,0.0,0.0
sparse,curvature/verdict_code_update,shadow_fp32,-1,-1,-1.0,-1.0,-1,short,scalar,30.0,1.0,0.0,0.4472135954999579,0.0,1.0,0.0,,0.0,0.0
sparse,curvature/vhv_gradient,native,-1,-1,-1.0,-1.0,-1,short,scalar,30.0,1.0,0.23253293576083206,1.5482617627946569,1.2525323039776377,3.041720635457608,11.812948642041524,0.10603045369383524,0.2312804980543061,0.23253293576083206
sparse,curvature/vhv_gradient,shadow_fp32,-1,-1,-1.0,-1.0,-1,short,scalar,30.0,1.0,0.23204731333192363,1.4178574217021416,1.2330559418510108,3.0447752241187627,11.77122624191889,0.10475169846450964,0.2309758782541285,0.23204731333192363
sparse,curvature/vhv_random,native,-1,-1,-1.0,-1.0,-1,short,scalar,30.0,1.0,0.20209371453726804,2.1586752651754493,9.347022753367748e-07,5.255608225522764e-06,7.5014365676623205e-06,0.12460310327306506,0.14955550563927444,0.2074293438135072
sparse,curvature/vhv_random,shadow_fp32,-1,-1,-1.0,-1.0,-1,short,scalar,30.0,1.0,0.20014451841869046,2.2804936064419397,9.475359948967584e-07,5.258552956917151e-06,7.469494100383172e-06,0.1268541058019112,0.15354995249297915,0.20533177614111753
sparse,curvature/vhv_update,native,-1,-1,-1.0,-1.0,-1,short,scalar,30.0,1.0,0.11909863126503631,0.38000542026499456,2.8244571598903938e-08,2.097400572972599e-07,4.2761379788075996e-07,0.06605159080198794,0.13510348098095976,0.11158748519539673
sparse,curvature/vhv_update,shadow_fp32,-1,-1,-1.0,-1.0,-1,short,scalar,30.0,1.0,0.11879612265236314,0.3754895788194083,2.7873318872490853e-08,2.096801150658854e-07,4.302047673872335e-07,0.06479081819984035,0.1346959863616039,0.11141044997497532
sparse,muon/replay_update_relerr,-1,attn_k,transformer.h.0.attn.c_k.weight,0.0,-1.0,g7-muon-768x768,-,L0:all,30.0,1.0,0.025667985384694676,0.1596780963021119,0.000991005374297335,0.038297927007079124,0.0860184408724308,0.011520847904777073,0.048572543348304506,0.017641194298791033
sparse,muon/replay_update_relerr,-1,attn_k,transformer.h.1.attn.c_k.weight,1.0,-1.0,g7-muon-768x768,-,L0:all,30.0,1.0,0.029986620647819814,0.2100815959548562,0.0012577163109886453,0.041435450315475464,0.08258648999035359,0.015229080581285769,0.06292522513765442,0.018795912249503652
sparse,muon/replay_update_relerr,-1,attn_k,transformer.h.10.attn.c_k.weight,10.0,-1.0,g7-muon-768x768,-,L0:all,30.0,1.0,0.040950091312079,0.27454415493994305,0.0015281013596785244,0.04187542386353016,0.09711422733962537,0.015735092597035115,0.04217285698007352,0.03358104538325424
sparse,muon/replay_update_relerr,-1,attn_k,transformer.h.11.attn.c_k.weight,11.0,-1.0,g7-muon-768x768,-,L0:all,30.0,1.0,0.02714563581104603,0.1255116775939911,0.0010544659084539628,0.03923681192100048,0.08658093847334387,0.012178961409370801,0.04862832852596095,0.020457726147476502
sparse,muon/replay_update_relerr,-1,attn_k,transformer.h.2.attn.c_k.weight,2.0,-1.0,g7-muon-768x768,-,L0:all,30.0,1.0,0.04029624228715131,0.2401908002078811,0.0014834864907129503,0.04167908802628517,0.0831200834363699,0.017847509643666194,0.06051923956745327,0.032846972505688674
sparse,muon/replay_update_relerr,-1,attn_k,transformer.h.3.attn.c_k.weight,3.0,-1.0,g7-muon-768x768,-,L0:all,30.0,1.0,0.0345555923156179,0.11462859538213066,0.0011243816757725987,0.04176732711493969,0.07888507358729839,0.014253414805125314,0.07788609498267847,0.0239185735956583
sparse,muon/replay_update_relerr,-1,attn_k,transformer.h.4.attn.c_k.weight,4.0,-1.0,g7-muon-768x768,-,L0:all,30.0,1.0,0.034995208827116965,0.3221555120985908,0.0017038263415757868,0.0414243433624506,0.0888019112870097,0.019186820608725223,0.03920083711778359,0.03111982443860953
sparse,muon/replay_update_relerr,-1,attn_k,transformer.h.5.attn.c_k.weight,5.0,-1.0,g7-muon-768x768,-,L0:all,30.0,1.0,0.027643814394668224,0.23212398851419952,0.0011098402873279027,0.04004519805312157,0.08733051661401987,0.012708504774260446,0.0666416716682079,0.022176464904369676
sparse,muon/replay_update_relerr,-1,attn_k,transformer.h.6.attn.c_k.weight,6.0,-1.0,g7-muon-768x768,-,L0:all,30.0,1.0,0.027814015172900157,0.11355499504853069,0.0009369603025745155,0.04125423915684223,0.09275540355592965,0.010101409369746822,0.048762825525303054,0.02207531766045033
sparse,muon/replay_update_relerr,-1,attn_k,transformer.h.7.attn.c_k.weight,7.0,-1.0,g7-muon-768x768,-,L0:all,30.0,1.0,0.03007331895936048,0.15650525967563417,0.0009888236737143584,0.03951379656791687,0.08705689776688814,0.011358361015368672,0.05460350705551892,0.01899078959460425
sparse,muon/replay_update_relerr,-1,attn_k,transformer.h.8.attn.c_k.weight,8.0,-1.0,g7-muon-768x768,-,L0:all,30.0,1.0,0.04264551668881134,0.28310758048637996,0.0015222387885268289,0.042297488078475,0.09564751405268906,0.01591508993833627,0.0627431558097089,0.03369709232348875
sparse,muon/replay_update_relerr,-1,attn_k,transformer.h.9.attn.c_k.weight,9.0,-1.0,g7-muon-768x768,-,L0:all,30.0,1.0,0.028524922491540834,0.08588576793670662,0.001142071252632712,0.039747120812535286,0.09191736672073604,0.01242497792721326,0.035364850946996845,0.022101196088897667
sparse,muon/replay_update_relerr,-1,attn_out,transformer.h.0.attn.c_proj.weight,0.0,-1.0,g7-muon-768x768,-,L0:all,30.0,1.0,0.030950491690073526,0.11318267482654698,0.0016813290863858556,0.05223315767943859,0.22539869472384458,0.0074593559135104895,0.03828464112994831,0.02889193392454652
sparse,muon/replay_update_relerr,-1,attn_out,transformer.h.1.attn.c_proj.weight,1.0,-1.0,g7-muon-768x768,-,L0:all,30.0,1.0,0.02466630768162839,0.10698500273550794,0.0011970563734908942,0.042875196784734726,0.25437589082866907,0.0047058562412943174,0.052624547214311576,0.017972484976743516
sparse,muon/replay_update_relerr,-1,attn_out,transformer.h.10.attn.c_proj.weight,10.0,-1.0,g7-muon-768x768,-,L0:all,30.0,1.0,0.04474414461461619,0.14342134096093723,0.004034541946595387,0.06501208245754242,0.2621550843119622,0.015389905395824093,0.0601508934339348,0.04265195439402202
sparse,muon/replay_update_relerr,-1,attn_out,transformer.h.11.attn.c_proj.weight,11.0,-1.0,g7-muon-768x768,-,L0:all,30.0,1.0,0.07232951379722177,0.15314935048014816,0.004793519815780531,0.057271577417850494,0.2998404130339624,0.01598690372414067,0.04684191373963946,0.07669414541321132
sparse,muon/replay_update_relerr,-1,attn_out,transformer.h.2.attn.c_proj.weight,2.0,-1.0,g7-muon-768x768,-,L0:all,30.0,1.0,0.035641446206700914,0.20743413728839846,0.002280880545080197,0.053435446694493294,0.2369210567325354,0.009627175298543116,0.05546612171213407,0.028728552131976524
sparse,muon/replay_update_relerr,-1,attn_out,transformer.h.3.attn.c_proj.weight,3.0,-1.0,g7-muon-768x768,-,L0:all,30.0,1.0,0.034961172911359056,0.1331540633825053,0.001752359017601459,0.047483885660767555,0.2769042642787099,0.006328393035643804,0.04524920014906229,0.032920401482606526
sparse,muon/replay_update_relerr,-1,attn_out,transformer.h.4.attn.c_proj.weight,4.0,-1.0,g7-muon-768x768,-,L0:all,30.0,1.0,0.027735775377048855,0.14560306850667357,0.0014221347632370142,0.054166948422789574,0.2534301411360502,0.005611545480983504,0.051075881190689856,0.02628826923475757
sparse,muon/replay_update_relerr,-1,attn_out,transformer.h.5.attn.c_proj.weight,5.0,-1.0,g7-muon-768x768,-,L0:all,30.0,1.0,0.02385447642987967,0.15045951372752275,0.0010544444554738686,0.04462825879454613,0.26645811572670935,0.0039572615478349745,0.040714958240695084,0.021554746038487844
sparse,muon/replay_update_relerr,-1,attn_out,transformer.h.6.attn.c_proj.weight,6.0,-1.0,g7-muon-768x768,-,L0:all,30.0,1.0,0.02460575514520326,0.11504691050795116,0.0014131764493702033,0.057440996170043945,0.262138569355011,0.005390952017657333,0.03109430936902287,0.019688910318342308
sparse,muon/replay_update_relerr,-1,attn_out,transformer.h.7.attn.c_proj.weight,7.0,-1.0,g7-muon-768x768,-,L0:all,30.0,1.0,0.028198660981188853,0.12038303504849444,0.001750941053793354,0.04743614420294762,0.2958249494433403,0.005918841724094383,0.0336431137197148,0.027947927013488062
sparse,muon/replay_update_relerr,-1,attn_out,transformer.h.8.attn.c_proj.weight,8.0,-1.0,g7-muon-768x768,-,L0:all,30.0,1.0,0.030417734550879538,0.16159640784663618,0.0018560781666512858,0.0593931470066309,0.2654036395251752,0.00699341640518545,0.04715144173171832,0.029096019725801114
sparse,muon/replay_update_relerr,-1,attn_out,transformer.h.9.attn.c_proj.weight,9.0,-1.0,g7-muon-768x768,-,L0:all,30.0,1.0,0.036507534427924045,0.15146555321981284,0.0019132759365683774,0.046505119651556015,0.2752098249271513,0.0069520626201293005,0.04225391438790762,0.028186707443309294
sparse,muon/replay_update_relerr,-1,attn_q,transformer.h.0.attn.c_q.weight,0.0,-1.0,g7-muon-768x768,-,L0:all,30.0,1.0,0.03766912640449653,0.18972418161338184,0.0014949053408698238,0.03828250244259834,0.06044134255498649,0.024733159087421564,0.06304191557846782,0.03278878215118673
sparse,muon/replay_update_relerr,-1,attn_q,transformer.h.1.attn.c_q.weight,1.0,-1.0,g7-muon-768x768,-,L0:all,30.0,1.0,0.029819994045521808,0.2498996130426851,0.0011426909841951696,0.04303934425115585,0.055989416874945186,0.020409053138514016,0.06199046226904832,0.018682348960649776
sparse,muon/replay_update_relerr,-1,attn_q,transformer.h.10.attn.c_q.weight,10.0,-1.0,g7-muon-768x768,-,L0:all,30.0,1.0,0.045823031663370976,0.21471164011273156,0.0018482229258240516,0.04130365513265133,0.06913883537054062,0.026732051761050653,0.06463246798407418,0.03663216122783282
sparse,muon/replay_update_relerr,-1,attn_q,transformer.h.11.attn.c_q.weight,11.0,-1.0,g7-muon-768x768,-,L0:all,30.0,1.0,0.02929229674322147,0.16031542291867498,0.0012401132409698016,0.038967713713645935,0.06748083531856539,0.018377265709818808,0.04313922734296455,0.025791401347266957
sparse,muon/replay_update_relerr,-1,attn_q,transformer.h.2.attn.c_q.weight,2.0,-1.0,g7-muon-768x768,-,L0:all,30.0,1.0,0.0386208807068401,0.14534582396553575,0.001406605454549452,0.04287927225232124,0.05740476474165918,0.024503287503740347,0.0580254311066845,0.026933096670718307
sparse,muon/replay_update_relerr,-1,attn_q,transformer.h.3.attn.c_q.weight,3.0,-1.0,g7-muon-768x768,-,L0:all,30.0,1.0,0.032416837283032,0.14799102600426342,0.0011163786523036472,0.04202839732170105,0.050066578574478646,0.02229788182236042,0.056888971003968135,0.025430191682109235
sparse,muon/replay_update_relerr,-1,attn_q,transformer.h.4.attn.c_q.weight,4.0,-1.0,g7-muon-768x768,-,L0:all,30.0,1.0,0.02892232802866663,0.19094627152167779,0.0011068010597544667,0.04320460557937622,0.060433728434145476,0.018314293829488706,0.051684784710896034,0.0215650664077103
sparse,muon/replay_update_relerr,-1,attn_q,transformer.h.5.attn.c_q.weight,5.0,-1.0,g7-muon-768x768,-,L0:all,30.0,1.0,0.036664182743454315,0.19653713405997678,0.001605900576360182,0.042215920984745026,0.06015326753258707,0.026696813693291244,0.060472218128063325,0.027786258578542597
sparse,muon/replay_update_relerr,-1,attn_q,transformer.h.6.attn.c_q.weight,6.0,-1.0,g7-muon-768x768,-,L0:all,30.0,1.0,0.04350483531774679,0.08070916675799525,0.0018066391184673894,0.0426633395254612,0.06107832286506894,0.029579055771693712,0.05918176461156215,0.03664861111704325
sparse,muon/replay_update_relerr,-1,attn_q,transformer.h.7.attn.c_q.weight,7.0,-1.0,g7-muon-768x768,-,L0:all,30.0,1.0,0.03311366452556148,0.12988324274904092,0.0011815890810226307,0.039937036111950874,0.05711735468357802,0.020687041400437138,0.03596455172066029,0.030444897056776245
sparse,muon/replay_update_relerr,-1,attn_q,transformer.h.8.attn.c_q.weight,8.0,-1.0,g7-muon-768x768,-,L0:all,30.0,1.0,0.03862095885095111,0.17793058957409902,0.001806156691671057,0.043297264724969864,0.06548728793859482,0.027580264025662937,0.04425695394589624,0.035953816035742533
sparse,muon/replay_update_relerr,-1,attn_q,transformer.h.9.attn.c_q.weight,9.0,-1.0,g7-muon-768x768,-,L0:all,30.0,1.0,0.031310266554463034,0.08204389420862362,0.0011969232070466614,0.0405404232442379,0.0695583213120699,0.017207476898079898,0.04024181051740602,0.02689506203045537
sparse,muon/replay_update_relerr,-1,attn_v,transformer.h.0.attn.c_v.weight,0.0,-1.0,g7-muon-768x768,-,L0:all,30.0,1.0,0.03792265753872683,0.1122631406184599,0.0018378027393742304,0.0499386303126812,0.21289741322398206,0.008632339451868967,0.06143323990550779,0.02998173170491779
sparse,muon/replay_update_relerr,-1,attn_v,transformer.h.1.attn.c_v.weight,1.0,-1.0,g7-muon-768x768,-,L0:all,30.0,1.0,0.047215752316572025,0.10438226723531667,0.0030046583902747503,0.06492580473423004,0.2223883710801603,0.013510861092605042,0.07136668518395466,0.04003026916805123
sparse,muon/replay_update_relerr,-1,attn_v,transformer.h.10.attn.c_v.weight,10.0,-1.0,g7-muon-768x768,-,L0:all,30.0,1.0,0.045020713309025684,0.1585566304115913,0.004174228795482533,0.0688178613781929,0.292069783434272,0.01429188855622208,0.045020713309025684,0.04866039797383219
sparse,muon/replay_update_relerr,-1,attn_v,transformer.h.11.attn.c_v.weight,11.0,-1.0,g7-muon-768x768,-,L0:all,30.0,1.0,0.0499616327214792,0.17698140093105563,0.0033064557143341984,0.06216941215097904,0.3038615033030511,0.010881456447730928,0.053992931322593384,0.044721703062829105
sparse,muon/replay_update_relerr,-1,attn_v,transformer.h.2.attn.c_v.weight,2.0,-1.0,g7-muon-768x768,-,L0:all,30.0,1.0,0.051765809171958325,0.09893129487349993,0.0037176073361904266,0.06473679468035698,0.2306786186993124,0.016115959758872565,0.0600356074579311,0.04980566396608874
sparse,muon/replay_update_relerr,-1,attn_v,transformer.h.3.attn.c_v.weight,3.0,-1.0,g7-muon-768x768,-,L0:all,30.0,1.0,0.06552029237203737,0.17271421727948372,0.005678856547084247,0.07699689641594887,0.24937311075627822,0.02277252960378077,0.06202120907664138,0.07260009002956255
sparse,muon/replay_update_relerr,-1,attn_v,transformer.h.4.attn.c_v.weight,4.0,-1.0,g7-muon-768x768,-,L0:all,30.0,1.0,0.051981962027017325,0.0877229265752915,0.0031605877293776068,0.0669611245393753,0.24805006757378595,0.012741732990810196,0.06145027653877544,0.05007886449171089
sparse,muon/replay_update_relerr,-1,attn_v,transformer.h.5.attn.c_v.weight,5.0,-1.0,g7-muon-768x768,-,L0:all,30.0,1.0,0.05361277069097238,0.08877428320386978,0.003581036674193308,0.07262314856052399,0.2536882914602758,0.014115892592362901,0.05361277069097238,0.05445760406378647
sparse,muon/replay_update_relerr,-1,attn_v,transformer.h.6.attn.c_v.weight,6.0,-1.0,g7-muon-768x768,-,L0:all,30.0,1.0,0.04651216544557836,0.07648042985840627,0.0034444882279839086,0.0669773668050766,0.2664245355874302,0.012928569887113724,0.04890992966534976,0.04633854513446016
sparse,muon/replay_update_relerr,-1,attn_v,transformer.h.7.attn.c_v.weight,7.0,-1.0,g7-muon-768x768,-,L0:all,30.0,1.0,0.03878075070093554,0.06636134486956738,0.003025142424188119,0.07888591289520264,0.26960057988762876,0.011220830554032998,0.04405671288322207,0.03636740471149974
sparse,muon/replay_update_relerr,-1,attn_v,transformer.h.8.attn.c_v.weight,8.0,-1.0,g7-muon-768x768,-,L0:all,30.0,1.0,0.04976022458798866,0.07709969683192693,0.004029504686367971,0.07224131375551224,0.26822788752615473,0.015022691053983179,0.04976022458798866,0.047500942108219
sparse,muon/replay_update_relerr,-1,attn_v,transformer.h.9.attn.c_v.weight,9.0,-1.0,g7-muon-768x768,-,L0:all,30.0,1.0,0.041063243984434096,0.16721414173599658,0.0025713088369832887,0.062300004065036774,0.267426908388734,0.009614996682553771,0.05568960952867583,0.03413175270262574
sparse,muon/replay_update_relerr,-1,mlp_in,transformer.h.0.mlp.c_fc.weight,0.0,-1.0,g9-muon-3072x768,-,L0:all,30.0,1.0,0.022936248638160073,0.12899719366058268,0.0011775716909967469,0.04480822943150997,0.029881064780056477,0.039408625484547447,0.035054406120458896,0.019206283525266786
sparse,muon/replay_update_relerr,-1,mlp_in,transformer.h.1.mlp.c_fc.weight,1.0,-1.0,g9-muon-3072x768,-,L0:all,30.0,1.0,0.01761315747822106,0.124686014391876,0.0008448001040237665,0.0462530180811882,0.03136419802904129,0.02693517313089065,0.045606974108990644,0.014607848298725952
sparse,muon/replay_update_relerr,-1,mlp_in,transformer.h.10.mlp.c_fc.weight,10.0,-1.0,g9-muon-3072x768,-,L0:all,30.0,1.0,0.027513732865571214,0.07740552949752845,0.0009858750186488804,0.04642301797866821,0.03499101866036654,0.028175087676585896,0.036091037157037646,0.017737743293456044
sparse,muon/replay_update_relerr,-1,mlp_in,transformer.h.11.mlp.c_fc.weight,11.0,-1.0,g9-muon-3072x768,-,L0:all,30.0,1.0,0.02691525848496606,0.07250396099926995,0.0009318494548040952,0.046775758266448975,0.03336724825203419,0.027927069315561145,0.034049676607043965,0.017707671217191398
sparse,muon/replay_update_relerr,-1,mlp_in,transformer.h.2.mlp.c_fc.weight,2.0,-1.0,g9-muon-3072x768,-,L0:all,30.0,1.0,0.021525793751246955,0.11800107216846403,0.000999100226739183,0.04599078744649887,0.03136109933257103,0.03185794656444128,0.03148193664410378,0.01982341271996511
sparse,muon/replay_update_relerr,-1,mlp_in,transformer.h.3.mlp.c_fc.weight,3.0,-1.0,g9-muon-3072x768,-,L0:all,30.0,1.0,0.029263109101913168,0.11257288725233142,0.0010257260856583975,0.046353183686733246,0.03189907595515251,0.03215535418958481,0.03555834422356178,0.024713131266586804
sparse,muon/replay_update_relerr,-1,mlp_in,transformer.h.4.mlp.c_fc.weight,4.0,-1.0,g9-muon-3072x768,-,L0:all,30.0,1.0,0.0240404827022112,0.10724587623485751,0.0010564223500229108,0.045736245810985565,0.03302537333220244,0.0319882031126901,0.02975196486642239,0.021375135343766914
sparse,muon/replay_update_relerr,-1,mlp_in,transformer.h.5.mlp.c_fc.weight,5.0,-1.0,g9-muon-3072x768,-,L0:all,30.0,1.0,0.029108171143441584,0.10310622499701494,0.0010642016379843683,0.04593423381447792,0.03370303343981504,0.031575841381896945,0.04386878572312634,0.024670101543138617
sparse,muon/replay_update_relerr,-1,mlp_in,transformer.h.6.mlp.c_fc.weight,6.0,-1.0,g9-muon-3072x768,-,L0:all,30.0,1.0,0.022389320337951924,0.10993198216904021,0.0009983080702152011,0.04592673294246197,0.03546232525259256,0.028151229878593968,0.04591219891926809,0.0159861381770873
sparse,muon/replay_update_relerr,-1,mlp_in,transformer.h.7.mlp.c_fc.weight,7.0,-1.0,g9-muon-3072x768,-,L0:all,30.0,1.0,0.02859897032546618,0.09812694969831513,0.0011241101131679592,0.04713178984820843,0.033509176969528195,0.03354633610339569,0.03196927817035119,0.025098599369393366
sparse,muon/replay_update_relerr,-1,mlp_in,transformer.h.8.mlp.c_fc.weight,8.0,-1.0,g9-muon-3072x768,-,L0:all,30.0,1.0,0.02727052192441704,0.09196044678059108,0.001075078911141541,0.046872735023498535,0.03389640673995019,0.03171660404565705,0.039907183158301676,0.018999058038690286
sparse,muon/replay_update_relerr,-1,mlp_in,transformer.h.9.mlp.c_fc.weight,9.0,-1.0,g9-muon-3072x768,-,L0:all,30.0,1.0,0.02913708732964924,0.10332624926055463,0.0009616835279198665,0.04804104194045067,0.03587979972362518,0.026802923520407577,0.03537064884943828,0.02357429149469964
sparse,muon/replay_update_relerr,-1,mlp_out,transformer.h.0.mlp.c_proj.weight,0.0,-1.0,g8-muon-768x3072,-,L0:all,30.0,1.0,0.01859277546570519,0.09814626846788527,0.0011030698395442747,0.04143122583627701,0.11219472214579582,0.00983174447467188,0.037152993206347476,0.014626223268439818
sparse,muon/replay_update_relerr,-1,mlp_out,transformer.h.1.mlp.c_proj.weight,1.0,-1.0,g8-muon-768x3072,-,L0:all,30.0,1.0,0.031871335325308434,0.09477761498438667,0.001645080219425663,0.03946615010499954,0.11202207636088134,0.014685321615767988,0.03046151492203581,0.03231560409032222
sparse,muon/replay_update_relerr,-1,mlp_out,transformer.h.10.mlp.c_proj.weight,10.0,-1.0,g8-muon-768x3072,-,L0:all,30.0,1.0,0.02837180572773831,0.13395661290829036,0.0012069906171349874,0.04019472748041153,0.12174711823463441,0.009913915291274835,0.036659182402470375,0.025019604756876587
sparse,muon/replay_update_relerr,-1,mlp_out,transformer.h.11.mlp.c_proj.weight,11.0,-1.0,g8-muon-768x3072,-,L0:all,30.0,1.0,0.06500938980082327,0.15322550722846284,0.003727069941574944,0.046743350103497505,0.11788923144340516,0.0316150160276869,0.04353242977390426,0.07824861527184214
sparse,muon/replay_update_relerr,-1,mlp_out,transformer.h.2.mlp.c_proj.weight,2.0,-1.0,g8-muon-768x3072,-,L0:all,30.0,1.0,0.025067717396064892,0.10752116159297391,0.0012092949140380272,0.0424195621162653,0.1117465289309621,0.010821767133233635,0.042076240209362986,0.02413140078467025
sparse,muon/replay_update_relerr,-1,mlp_out,transformer.h.3.mlp.c_proj.weight,3.0,-1.0,g8-muon-768x3072,-,L0:all,30.0,1.0,0.056224735145017635,0.10543410141795848,0.002197424572308656,0.04048352688550949,0.11201811749488116,0.01961668899148453,0.03545799572691504,0.05905252990152739
sparse,muon/replay_update_relerr,-1,mlp_out,transformer.h.4.mlp.c_proj.weight,4.0,-1.0,g8-muon-768x3072,-,L0:all,30.0,1.0,0.06953438810436158,0.13505229561928347,0.0026866835330465687,0.03977998532354832,0.1132299304008484,0.02372767980634949,0.02547593153265683,0.0751274962842048
sparse,muon/replay_update_relerr,-1,mlp_out,transformer.h.5.mlp.c_proj.weight,5.0,-1.0,g8-muon-768x3072,-,L0:all,30.0,1.0,0.03769426401295838,0.12208201270466677,0.001549022723013817,0.04080643132328987,0.11214691270142794,0.013812441962961799,0.03299259144979172,0.03769426401295838
sparse,muon/replay_update_relerr,-1,mlp_out,transformer.h.6.mlp.c_proj.weight,6.0,-1.0,g8-muon-768x3072,-,L0:all,30.0,1.0,0.06688889169058435,0.15213723532818105,0.002661381425005574,0.042442262172698975,0.11480063125491143,0.023182637550973523,0.022692572492146623,0.07431402411339266
sparse,muon/replay_update_relerr,-1,mlp_out,transformer.h.7.mlp.c_proj.weight,7.0,-1.0,g8-muon-768x3072,-,L0:all,30.0,1.0,0.023917313159352097,0.12997416573353568,0.0013989924393184308,0.041940681636333466,0.1105225369334221,0.012657983413474962,0.022882652324384627,0.025666346909865894
sparse,muon/replay_update_relerr,-1,mlp_out,transformer.h.8.mlp.c_proj.weight,8.0,-1.0,g8-muon-768x3072,-,L0:all,30.0,1.0,0.02794967344975749,0.1266568146929963,0.001488734026858189,0.04302368313074112,0.11234776973724364,0.013251122210436448,0.03112048863575467,0.02794967344975749
sparse,muon/replay_update_relerr,-1,mlp_out,transformer.h.9.mlp.c_proj.weight,9.0,-1.0,g8-muon-768x3072,-,L0:all,30.0,1.0,0.0452026798852823,0.13223226179863676,0.0018935280060413426,0.040443992242217064,0.11662057340145111,0.01623665491270669,0.038726048792849424,0.0452026798852823
sparse,muon/replay_update_relerr,-1,ve_gate,transformer.h.1.attn.ve_gate.weight,1.0,-1.0,g6-muon-6x12,-,L0:all,30.0,1.0,0.20763607357635167,0.46601887471201386,0.017561697607897164,0.07771414145827293,0.04255555886775253,0.4126769351678037,0.193072394854898,0.22104449966491313
sparse,muon/replay_update_relerr,-1,ve_gate,transformer.h.11.attn.ve_gate.weight,11.0,-1.0,g6-muon-6x12,-,L0:all,30.0,1.0,0.28526532090621304,0.544095395342329,0.02187275583695533,0.07627785205841064,0.03936914447695016,0.5555811823587222,0.27053588230765313,0.3167794184143211
sparse,muon/replay_update_relerr,-1,ve_gate,transformer.h.3.attn.ve_gate.weight,3.0,-1.0,g6-muon-6x12,-,L0:all,30.0,1.0,0.2182455556747233,0.42838860623994424,0.019663999953987717,0.08653298392891884,0.05740062650293111,0.34257465731639,0.2182455556747233,0.2366358695887704
sparse,muon/replay_update_relerr,-1,ve_gate,transformer.h.5.attn.ve_gate.weight,5.0,-1.0,g6-muon-6x12,-,L0:all,30.0,1.0,0.28177125952331467,0.9887372684646762,0.022707221985339532,0.07592570781707764,0.05604511760175228,0.4051596812891616,0.28177125952331467,0.2863046735275653
sparse,muon/replay_update_relerr,-1,ve_gate,transformer.h.7.attn.ve_gate.weight,7.0,-1.0,g6-muon-6x12,-,L0:all,30.0,1.0,0.2921467245721912,0.6190779555205157,0.024246466235902403,0.0802481658756733,0.052916246699169264,0.4582045732333289,0.24400763166906725,0.29781457879575424
sparse,muon/replay_update_relerr,-1,ve_gate,transformer.h.9.attn.ve_gate.weight,9.0,-1.0,g6-muon-6x12,-,L0:all,30.0,1.0,0.2595395098459097,0.687795484272747,0.019383720240226922,0.07745590060949326,0.049068174045532945,0.39503651026915626,0.25514589158696943,0.268896459664889
sparse,overhead/grads_ready/calibration,-1,-1,-1,-1.0,-1.0,-1,-,scalar,30.0,1.0,0.1340618037562863,0.2318522562786441,0.6265997281213098,4.600007768254727,0.9853491683490576,0.6359164327211756,0.14477923528530126,0.12246907343447572
sparse,overhead/grads_ready/calibration/work,-1,-1,-1,-1.0,-1.0,-1,-,scalar,30.0,1.0,0.0,0.0,0.0,286261730.0,0.0,,0.0,0.0
sparse,overhead/lineage_checkpoint,-1,-1,-1,-1.0,-1.0,-1,-,scalar,3.0,1.0,0.15163727219455217,1.1529805475020296,0.5674156479041359,3.6929177409037948,,,,0.15163727219455217
sparse,overhead/muon_reference,-1,-1,-1,-1.0,-1.0,-1,-,scalar,30.0,1.0,0.017003430350221282,0.164714768125149,0.0003592819194648031,0.02130661765113473,0.0012659070082008846,0.2838138324041803,0.016650922787947903,0.022600194539868116
sparse,overhead/muon_reference/work,-1,-1,-1,-1.0,-1.0,-1,-,scalar,30.0,1.0,0.0,0.0,0.0,286261730.0,0.0,,0.0,0.0
sparse,overhead/probe_grad_sketch,-1,-1,-1,-1.0,-1.0,-1,-,scalar,30.0,1.0,0.15742846816380635,0.2269863120994999,0.014107121808745543,0.08601369196549058,0.00822078222408891,1.7160315678243139,0.14913761644814943,0.16759136269531968
sparse,overhead/probe_grad_sketch/work,-1,-1,-1,-1.0,-1.0,-1,-,scalar,30.0,1.0,0.0,0.0,0.0,777928753152.0,0.0,,0.0,0.0
sparse,overhead/shadow_acceptance,-1,-1,-1,-1.0,-1.0,-1,-,scalar,30.0,1.0,0.11065850961630029,0.22918460042204006,0.5680830596769171,5.106391089968383,0.3348031424917286,1.6967674062108056,0.10827473127303733,0.1196444806621006
sparse,overhead/theta_snapshot,-1,-1,-1,-1.0,-1.0,-1,-,scalar,30.0,1.0,0.22258923241760487,0.33492125649315696,0.00023084883496771286,0.0010249675251543522,8.806949481368078e-05,2.6212122081101414,0.19101958766650062,0.22872367674176253
sparse,overhead/theta_snapshot/work,-1,-1,-1,-1.0,-1.0,-1,-,scalar,30.0,1.0,0.0,0.0,0.0,286261730.0,0.0,,0.0,0.0
sparse,overhead/update_effectiveness,-1,-1,-1,-1.0,-1.0,-1,-,scalar,30.0,1.0,0.13841091059099678,0.23893013525624235,0.7284713280335515,5.164146478753537,0.47310094553977233,1.5397799030023518,0.12469115102662814,0.14532195337721432
sparse,overhead/update_effectiveness/work,-1,-1,-1,-1.0,-1.0,-1,-,scalar,30.0,1.0,0.0,0.0,0.0,9724109414400.0,0.0,,0.0,0.0
sparse,sketch/probe_grad_cosine_prev,-1,-1,-1,-1.0,-1.0,-1,short,scalar,29.0,1.0,0.02068818815531554,0.2690437270761095,0.016259359118942784,0.7785081996114187,0.5945824591020294,0.027345843911202067,0.03063242160052765,0.02068818815531554
sparse,sketch/probe_grad_sq_norm,-1,attn_k,-1,0.0,-1.0,-1,short,L0:all,30.0,1.0,0.1792237525432969,0.5856363879084219,0.0003945348886455692,0.0021385825239121914,0.005918848639416302,0.06665737083022907,0.24794121897508956,0.17580082515941703
sparse,sketch/probe_grad_sq_norm,-1,attn_k,-1,1.0,-1.0,-1,short,L0:all,30.0,1.0,0.13598445797389433,0.4899262644183826,0.00037748195977646234,0.002537353662773967,0.007657780101902253,0.04929391478382787,0.17292312310976776,0.13522357789102474
sparse,sketch/probe_grad_sq_norm,-1,attn_k,-1,2.0,-1.0,-1,short,L0:all,30.0,1.0,0.3683582519806495,0.736086192157574,0.0007896267070613278,0.0022301709977909923,0.003383881486957504,0.23334939775662544,0.32126520416281357,0.37010232673985033
sparse,sketch/probe_grad_sq_norm,-1,attn_k,-1,3.0,-1.0,-1,short,L0:all,30.0,1.0,0.14882234321183344,0.4481837413710334,0.0006459800128253324,0.004523802548646927,0.008513849112454336,0.07587402645888705,0.23311193977786937,0.14574439202381337
sparse,sketch/probe_grad_sq_norm,-1,attn_k,-1,4.0,-1.0,-1,short,L0:all,30.0,1.0,0.21129335513103828,1.0543357555331585,0.00030728220657050276,0.0023197553819045424,0.004207524557278653,0.07303158956943726,0.3884497108387762,0.11431205485274151
sparse,sketch/probe_grad_sq_norm,-1,attn_k,-1,5.0,-1.0,-1,short,L0:all,30.0,1.0,0.18157761249143695,0.5192025526461884,0.0005950210880842169,0.0038118320517241955,0.007518662429229424,0.07913922106291447,0.2635645318336667,0.13046536189937186
sparse,sketch/probe_grad_sq_norm,-1,attn_k,-1,6.0,-1.0,-1,short,L0:all,30.0,1.0,0.1851395879948309,0.7907000042531084,0.00044402893064453736,0.0023053566692397,0.003938804162686543,0.11273191362265603,0.2843382620748557,0.16826367461740474
sparse,sketch/probe_grad_sq_norm,-1,attn_k,-1,7.0,-1.0,-1,short,L0:all,30.0,1.0,0.12554481550677524,0.7518308651722628,0.0007070675834881569,0.007579658646136522,0.0201743190002234,0.03504790340037387,0.22380059381254994,0.09673496303852398
sparse,sketch/probe_grad_sq_norm,-1,attn_k,-1,8.0,-1.0,-1,short,L0:all,30.0,1.0,0.12554954397048584,0.6446752565911528,0.00018220176816191824,0.0017593647935427725,0.0025647571209055945,0.07104055455262145,0.2699844750437549,0.09928095969960807
sparse,sketch/probe_grad_sq_norm,-1,attn_k,-1,9.0,-1.0,-1,short,L0:all,30.0,1.0,0.23207406654638926,0.9196324813607851,0.0009707987177386895,0.004589485470205545,0.01051745835254046,0.0923035476060807,0.27978617625334995,0.20405277397601151
sparse,sketch/probe_grad_sq_norm,-1,attn_k,-1,10.0,-1.0,-1,short,L0:all,30.0,1.0,0.21123330347646507,0.8633435779064489,0.0002361761560270435,0.0011538411490619183,0.001778286491734643,0.13281108366102679,0.3434275688712084,0.18073789843911736
sparse,sketch/probe_grad_sq_norm,-1,attn_k,-1,11.0,-1.0,-1,short,L0:all,30.0,1.0,0.16959801658744797,0.493735198098041,0.0013814739403548567,0.006399621721357107,0.010654427384032696,0.1296619602875335,0.16875112883792004,0.16959801658744797
sparse,sketch/probe_grad_sq_norm,-1,attn_out,-1,0.0,-1.0,-1,short,L0:all,30.0,1.0,0.14057868366291043,0.6963869631857725,0.000888962857370461,0.007685710210353136,0.012832674055243843,0.06927339177661122,0.19231167030240787,0.12346545512696484
sparse,sketch/probe_grad_sq_norm,-1,attn_out,-1,1.0,-1.0,-1,short,L0:all,30.0,1.0,0.1205533049546332,0.6706187595720539,0.001079304370664178,0.009060035459697247,0.01791985397576356,0.060229529332321986,0.1957842105327037,0.09989152998464583
sparse,sketch/probe_grad_sq_norm,-1,attn_out,-1,2.0,-1.0,-1,short,L0:all,30.0,1.0,0.10838449548045757,0.8557639767783978,0.0011136420204295155,0.011291718110442162,0.020057441460085104,0.05552263595761681,0.21553718139946362,0.0813010655747815
sparse,sketch/probe_grad_sq_norm,-1,attn_out,-1,3.0,-1.0,-1,short,L0:all,30.0,1.0,0.11542006911449396,0.5833639676183338,0.0011306738713979096,0.010902619920670986,0.017593657106044703,0.0642659945333049,0.13186387839276642,0.11103873915276374
sparse,sketch/probe_grad_sq_norm,-1,attn_out,-1,4.0,-1.0,-1,short,L0:all,30.0,1.0,0.14939886216229742,0.723032217741064,0.001693189151196853,0.01081874966621399,0.01869243167238892,0.09058153486247095,0.27130363357080395,0.1361530611726268
sparse,sketch/probe_grad_sq_norm,-1,attn_out,-1,5.0,-1.0,-1,short,L0:all,30.0,1.0,0.09696342229043195,0.7284954190500573,0.0011555027418992132,0.010682794265449047,0.017887982137472135,0.06459659524584614,0.19876811110039772,0.08167056785298493
sparse,sketch/probe_grad_sq_norm,-1,attn_out,-1,6.0,-1.0,-1,short,L0:all,30.0,1.0,0.09700757631442561,1.052076775540531,0.0011595120884376532,0.0127214421518147,0.02286161762458505,0.05071872460987759,0.21781708758596383,0.07182068067040949
sparse,sketch/probe_grad_sq_norm,-1,attn_out,-1,7.0,-1.0,-1,short,L0:all,30.0,1.0,0.2168317531396597,0.6160093417993143,0.003500386535896861,0.016799913719296455,0.02390761817514431,0.14641301823767863,0.2336974472242676,0.21356781325675284
sparse,sketch/probe_grad_sq_norm,-1,attn_out,-1,8.0,-1.0,-1,short,L0:all,30.0,1.0,0.10903544216718045,0.8640033343953278,0.000697664262435725,0.011617814190685749,0.015145843064237852,0.04606308539423863,0.20380325850415099,0.056200717243496796
sparse,sketch/probe_grad_sq_norm,-1,attn_out,-1,9.0,-1.0,-1,short,L0:all,30.0,1.0,0.14389040965196015,0.4817239008502529,0.0028594501279901856,0.02479780651628971,0.03342257978183625,0.08555444093948053,0.19143908024124226,0.11748324561934707
sparse,sketch/probe_grad_sq_norm,-1,attn_out,-1,10.0,-1.0,-1,short,L0:all,30.0,1.0,0.12003215307498129,0.6022804341074945,0.0012964140541916844,0.012368131894618273,0.017047546550020342,0.07604695786503879,0.24172625222689265,0.10932271544568642
sparse,sketch/probe_grad_sq_norm,-1,attn_out,-1,11.0,-1.0,-1,short,L0:all,30.0,1.0,0.27724234659003694,0.4573265546432767,0.018638332671247353,0.060808027163147926,0.08185335591406329,0.2277039525516276,0.22979467704495982,0.27905372501103715
sparse,sketch/probe_grad_sq_norm,-1,attn_q,-1,0.0,-1.0,-1,short,L0:all,30.0,1.0,0.1815285977950622,0.7064201353220271,0.00030983793688250656,0.0019938688492402434,0.005412721770789824,0.05724253896709992,0.28130673291135544,0.15346793171856035
sparse,sketch/probe_grad_sq_norm,-1,attn_q,-1,1.0,-1.0,-1,short,L0:all,30.0,1.0,0.1338010228847187,0.6463108780242284,0.00034180330149833087,0.002478942507877946,0.008163886819923994,0.041867716816475053,0.1743584555398741,0.131839467385204
sparse,sketch/probe_grad_sq_norm,-1,attn_q,-1,2.0,-1.0,-1,short,L0:all,30.0,1.0,0.35218972730988835,0.9229494847937204,0.0009180058369529073,0.002691290923394263,0.004144212124198034,0.2215151660776908,0.457185777562776,0.32913396300826464
sparse,sketch/probe_grad_sq_norm,-1,attn_q,-1,3.0,-1.0,-1,short,L0:all,30.0,1.0,0.16373723324486875,0.4589859328633038,0.0006671965756797251,0.0046743524726480246,0.008196938030107053,0.08139583015378872,0.20478697354762498,0.14218442490484604
sparse,sketch/probe_grad_sq_norm,-1,attn_q,-1,4.0,-1.0,-1,short,L0:all,30.0,1.0,0.20059216069170888,1.6111328640966818,0.0005182912623716031,0.0027354243211448193,0.004426981452165981,0.11707554413132219,0.3318439498127756,0.15297194960239854
sparse,sketch/probe_grad_sq_norm,-1,attn_q,-1,5.0,-1.0,-1,short,L0:all,30.0,1.0,0.1368952380961306,0.5496251198041733,0.00035552461768298784,0.004155306378379464,0.007792567544390059,0.045623552912150665,0.27728170983517125,0.07409512018674885
sparse,sketch/probe_grad_sq_norm,-1,attn_q,-1,6.0,-1.0,-1,short,L0:all,30.0,1.0,0.12349283528119459,0.9206868758671947,0.00037329524461802836,0.0028764905873686075,0.00463437487517473,0.0805492120669142,0.2946169728142544,0.11783790486180125
sparse,sketch/probe_grad_sq_norm,-1,attn_q,-1,7.0,-1.0,-1,short,L0:all,30.0,1.0,0.14919265613593524,0.8016277782753555,0.0007653469879173734,0.006138274911791086,0.01601675434986532,0.04778414972218195,0.20527898842714645,0.12986438901471503
sparse,sketch/probe_grad_sq_norm,-1,attn_q,-1,8.0,-1.0,-1,short,L0:all,30.0,1.0,0.11936352359036645,0.8555928559215917,0.00021078230110933372,0.0023262110771611333,0.0032360764163776785,0.06513514329963634,0.3228353877802924,0.09053230723408495
sparse,sketch/probe_grad_sq_norm,-1,attn_q,-1,9.0,-1.0,-1,short,L0:all,30.0,1.0,0.27352336220833423,1.450696090139793,0.0014301223244416834,0.0053820060566067696,0.010380393669996416,0.13777149209430486,0.3447557362162216,0.2626122770851045
sparse,sketch/probe_grad_sq_norm,-1,attn_q,-1,10.0,-1.0,-1,short,L0:all,30.0,1.0,0.19211569094993838,1.2264607718287435,0.0002287646329570645,0.0015999105526134372,0.0022660440403520915,0.10095330403266113,0.3129342032702278,0.1516012732263139
sparse,sketch/probe_grad_sq_norm,-1,attn_q,-1,11.0,-1.0,-1,short,L0:all,30.0,1.0,0.215718690589534,0.5663198331028533,0.0017336512115370111,0.0075496225617825985,0.011965788865989684,0.1448839880891231,0.19582997059350166,0.2191359701627908
sparse,sketch/probe_grad_sq_norm,-1,attn_v,-1,0.0,-1.0,-1,short,L0:all,30.0,1.0,0.16885379989206328,0.6243800017395273,0.0008221863011290228,0.004462633049115539,0.008373205924308957,0.09819253324966781,0.2935751681707771,0.1607219774012664
sparse,sketch/probe_grad_sq_norm,-1,attn_v,-1,1.0,-1.0,-1,short,L0:all,30.0,1.0,0.16880394369707544,0.7387836453530789,0.0009876671973239903,0.0062409634701907635,0.015187629363151689,0.06503103109167742,0.2915634519539546,0.1509237239147062
sparse,sketch/probe_grad_sq_norm,-1,attn_v,-1,2.0,-1.0,-1,short,L0:all,30.0,1.0,0.1385988835822513,0.8148270130250729,0.0011459247904806187,0.01087655546143651,0.022282388290657835,0.05142737733194703,0.2805021258462037,0.11742588858310732
sparse,sketch/probe_grad_sq_norm,-1,attn_v,-1,3.0,-1.0,-1,short,L0:all,30.0,1.0,0.1831555303820309,0.874833345696732,0.0024900555018240603,0.013088908046483994,0.04059547288302099,0.061338255844422575,0.2614208918645333,0.1700857858437482
sparse,sketch/probe_grad_sq_norm,-1,attn_v,-1,4.0,-1.0,-1,short,L0:all,30.0,1.0,0.16134052974666394,0.7684630784073753,0.002009898101773826,0.013255870435386896,0.0313486604072675,0.06411432181350483,0.3016696475234907,0.14453932207246353
sparse,sketch/probe_grad_sq_norm,-1,attn_v,-1,5.0,-1.0,-1,short,L0:all,30.0,1.0,0.1875283395084283,0.6895933350833716,0.0016612123100531934,0.00985429622232914,0.027243868944975675,0.06097563871740599,0.2656350685069986,0.16988962603579438
sparse,sketch/probe_grad_sq_norm,-1,attn_v,-1,6.0,-1.0,-1,short,L0:all,30.0,1.0,0.11583200544888374,0.8909783726300048,0.0011906630063600976,0.01101223286241293,0.025584505446812553,0.04653844135605273,0.27366468287435347,0.08095893815591415
sparse,sketch/probe_grad_sq_norm,-1,attn_v,-1,7.0,-1.0,-1,short,L0:all,30.0,1.0,0.07949720616373385,0.7955527007143249,0.001328462985279488,0.018082845956087112,0.035732188811537204,0.037178326586323036,0.3003930774483928,0.07144580406016485
sparse,sketch/probe_grad_sq_norm,-1,attn_v,-1,8.0,-1.0,-1,short,L0:all,30.0,1.0,0.10375463100395768,0.6679441264263046,0.0009450828641554617,0.01261737709864974,0.024620914698061252,0.038385367714623586,0.32374517120717583,0.05848271283141913
sparse,sketch/probe_grad_sq_norm,-1,attn_v,-1,9.0,-1.0,-1,short,L0:all,30.0,1.0,0.13095297962258362,0.869490130360958,0.001153149185744595,0.009570007212460041,0.019515021023403554,0.05909033786649121,0.3230568994288781,0.07882727509079582
sparse,sketch/probe_grad_sq_norm,-1,attn_v,-1,10.0,-1.0,-1,short,L0:all,30.0,1.0,0.12576392122380115,0.5730739755156091,0.0012980900932923751,0.011846969835460186,0.02607401601523219,0.04978481613779954,0.3518745911642083,0.0998256065601276
sparse,sketch/probe_grad_sq_norm,-1,attn_v,-1,11.0,-1.0,-1,short,L0:all,30.0,1.0,0.1420781693212355,0.7076537936000004,0.0017052268328814697,0.012635165359824896,0.046850928755548166,0.036396862947557555,0.32926851697938353,0.12940878362610733
sparse,sketch/probe_grad_sq_norm,-1,backout_scalar,-1,-1.0,-1.0,-1,short,L0:all,30.0,1.0,1.2000068505248267,48.593891039967474,0.0012357534629359834,0.0006201416254043579,0.005201322857204272,0.2375844562743034,1.0922631423588753,1.3077505586907778
sparse,sketch/probe_grad_sq_norm,-1,mlp_in,-1,0.0,-1.0,-1,short,L0:all,30.0,1.0,0.14021461428484427,0.5445494697283331,0.0009138574589921358,0.008795574773102999,0.014208744388539652,0.06431655282146014,0.18968629357828098,0.10075522973212929
sparse,sketch/probe_grad_sq_norm,-1,mlp_in,-1,1.0,-1.0,-1,short,L0:all,30.0,1.0,0.09978927865972917,0.5046678237813158,0.0013006096931482136,0.012311720754951239,0.024796153313212756,0.052452074994034543,0.19427028563082394,0.09224186474141804
sparse,sketch/probe_grad_sq_norm,-1,mlp_in,-1,2.0,-1.0,-1,short,L0:all,30.0,1.0,0.08459833936699523,0.5745505940698452,0.0011833366274092857,0.01510023744776845,0.033132525015390504,0.03571525643939331,0.20394660176711749,0.067047091213851
sparse,sketch/probe_grad_sq_norm,-1,mlp_in,-1,3.0,-1.0,-1,short,L0:all,30.0,1.0,0.09352321583750484,0.5436441916049445,0.0013197017135356166,0.017916856333613396,0.03963864466248077,0.03329331072676044,0.22661979026147977,0.06179626346123069
sparse,sketch/probe_grad_sq_norm,-1,mlp_in,-1,4.0,-1.0,-1,short,L0:all,30.0,1.0,0.08673077118608317,0.6149078538878133,0.0013405916839279478,0.017390187829732895,0.041056943373473063,0.0326520089850163,0.21637296879098655,0.05266462635680492
sparse,sketch/probe_grad_sq_norm,-1,mlp_in,-1,5.0,-1.0,-1,short,L0:all,30.0,1.0,0.084738100706677,0.6258024318703997,0.0015405613219358193,0.018341084010899067,0.04353625418547329,0.035385711305633116,0.23067795011119663,0.06776785974846852
sparse,sketch/probe_grad_sq_norm,-1,mlp_in,-1,6.0,-1.0,-1,short,L0:all,30.0,1.0,0.09398825313594089,0.6502991853514807,0.0018893152680725344,0.018399090506136417,0.045455832707799765,0.04156375882975183,0.2354800449115553,0.07545421123360216
sparse,sketch/probe_grad_sq_norm,-1,mlp_in,-1,7.0,-1.0,-1,short,L0:all,30.0,1.0,0.07995514704230627,0.5135793206906398,0.0016768158781513293,0.021380399353802204,0.042576601359143144,0.03938350701144539,0.21985518075906188,0.062092942534321474
sparse,sketch/probe_grad_sq_norm,-1,mlp_in,-1,8.0,-1.0,-1,short,L0:all,30.0,1.0,0.06820149660153604,0.46220414207394794,0.0009976856827715141,0.020307501778006554,0.04299334703417608,0.023205582993537078,0.20830073664847076,0.037993378594676885
sparse,sketch/probe_grad_sq_norm,-1,mlp_in,-1,9.0,-1.0,-1,short,L0:all,30.0,1.0,0.08398294687551969,0.50017698476606,0.0010860444982979949,0.019597133621573448,0.041610071787578286,0.02610051969730579,0.20814639033979826,0.04947157842847169
sparse,sketch/probe_grad_sq_norm,-1,mlp_in,-1,10.0,-1.0,-1,short,L0:all,30.0,1.0,0.08262904937270948,0.47095444627471345,0.0013946050781206273,0.021587535738945007,0.0490135683704212,0.028453449207796227,0.21565796989089914,0.05198836392849657
sparse,sketch/probe_grad_sq_norm,-1,mlp_in,-1,11.0,-1.0,-1,short,L0:all,30.0,1.0,0.09473739480217488,0.4779685818508953,0.002564242282254819,0.03241046145558357,0.07979040763210525,0.03213722499173002,0.22734424537242112,0.06237234313173452
sparse,sketch/probe_grad_sq_norm,-1,mlp_out,-1,0.0,-1.0,-1,short,L0:all,30.0,1.0,0.1120003796294616,0.5039555542343943,0.0017698817298899116,0.017721794545650482,0.04102283328538765,0.04314381987166021,0.17339955917787703,0.10150954391789851
sparse,sketch/probe_grad_sq_norm,-1,mlp_out,-1,1.0,-1.0,-1,short,L0:all,30.0,1.0,0.31338846158820155,0.5792834344529504,0.014842084891266396,0.040784018114209175,0.10079116732813417,0.14725580906258118,0.2003539983550253,0.3147487797038915
sparse,sketch/probe_grad_sq_norm,-1,mlp_out,-1,2.0,-1.0,-1,short,L0:all,30.0,1.0,0.23557883828077927,0.4901509870400934,0.004773474699388383,0.017682974226772785,0.029607615669374355,0.16122455629974922,0.14818753685168173,0.27612774853752897
sparse,sketch/probe_grad_sq_norm,-1,mlp_out,-1,3.0,-1.0,-1,short,L0:all,30.0,1.0,0.9460066204324877,1.8778212106768803,0.028229710688206795,0.030702310614287853,0.04864791574364062,0.5802861285356723,0.23642816043451745,1.4482046456144375
sparse,sketch/probe_grad_sq_norm,-1,mlp_out,-1,4.0,-1.0,-1,short,L0:all,30.0,1.0,0.7053955722852573,1.0718889809582182,0.022251639545143368,0.036345064640045166,0.17050170110160254,0.13050684774038437,0.21332279742939372,0.84997129706809
sparse,sketch/probe_grad_sq_norm,-1,mlp_out,-1,5.0,-1.0,-1,short,L0:all,30.0,1.0,0.39820658650632185,1.1682045688570935,0.01151942191254619,0.02575691696256399,0.043441221510875046,0.2651726059236715,0.24316454922430042,0.5013019397018088
sparse,sketch/probe_grad_sq_norm,-1,mlp_out,-1,6.0,-1.0,-1,short,L0:all,30.0,1.0,0.8281450387663024,2.6937210338591284,0.016086169728158163,0.021169468760490417,0.03504957516852301,0.4589547705161539,0.15514386317953383,2.029734349867962
sparse,sketch/probe_grad_sq_norm,-1,mlp_out,-1,7.0,-1.0,-1,short,L0:all,30.0,1.0,0.11448227590771473,0.4733128011253173,0.003254218882054116,0.024028711952269077,0.03723614888440352,0.08739407751742974,0.10750999335734045,0.1154426766185407
sparse,sketch/probe_grad_sq_norm,-1,mlp_out,-1,8.0,-1.0,-1,short,L0:all,30.0,1.0,0.07980501033174298,0.435827192894003,0.0014569773927131146,0.0240940535441041,0.03681685084593482,0.03957365606336177,0.10866476579145652,0.05642509183020766
sparse,sketch/probe_grad_sq_norm,-1,mlp_out,-1,9.0,-1.0,-1,short,L0:all,30.0,1.0,0.30098536593772973,0.5574052590445399,0.007411834437514402,0.03520689904689789,0.04786929190959199,0.15483484592821453,0.10004095685808148,0.3180143488876017
sparse,sketch/probe_grad_sq_norm,-1,mlp_out,-1,10.0,-1.0,-1,short,L0:all,30.0,1.0,0.2322859524562127,0.9729872300077018,0.00859420132968442,0.03981534205377102,0.07500634980315225,0.11457965028613132,0.11114530703961692,0.2599588495041612
sparse,sketch/probe_grad_sq_norm,-1,mlp_out,-1,11.0,-1.0,-1,short,L0:all,30.0,1.0,0.2770462671948497,0.4999723726354207,0.07592296432177362,0.19755568355321884,1.6248146018988339,0.04672715535239929,0.11522532842485503,0.2808614937627629
sparse,sketch/probe_grad_sq_norm,-1,resid_scalar,-1,0.0,-1.0,-1,short,L0:all,30.0,1.0,1.9541698489241992,43.04577924883968,9.906845758393505e-06,6.300513632595539e-06,4.426016379852634e-05,0.22383210788576788,1.913342551102689,1.9649728936263535
sparse,sketch/probe_grad_sq_norm,-1,resid_scalar,-1,1.0,-1.0,-1,short,L0:all,30.0,1.0,1.906579775777704,24.35049599813158,0.00026060010810305954,0.00020407512784004211,0.0006042871491317214,0.4312521099902695,1.8393136665267862,2.0064358500434225
sparse,sketch/probe_grad_sq_norm,-1,resid_scalar,-1,2.0,-1.0,-1,short,L0:all,30.0,1.0,1.6204843258737425,9.073603322353168,0.00021213644623922158,0.00017846561968326569,0.000786706569397211,0.26965129629178564,0.833370043917411,1.792173886577103
sparse,sketch/probe_grad_sq_norm,-1,resid_scalar,-1,3.0,-1.0,-1,short,L0:all,30.0,1.0,1.6289595334400024,27.547720711881475,0.00020793525882641112,0.00010328367352485657,0.0006715453811946051,0.30963694286232335,1.3717712847203845,1.6953141422301217
sparse,sketch/probe_grad_sq_norm,-1,resid_scalar,-1,4.0,-1.0,-1,short,L0:all,30.0,1.0,2.0462472974376227,29.812825871946416,0.0003508515778590278,0.00018610991537570953,0.0004928360972357383,0.7119031658332545,1.0802141966964702,2.5607363825289413
sparse,sketch/probe_grad_sq_norm,-1,resid_scalar,-1,5.0,-1.0,-1,short,L0:all,30.0,1.0,1.5603722964044726,10.479034981811,0.0004131696135807483,0.00023097172379493713,0.0008053637464704445,0.5130223646041794,1.462619170061989,1.8343529908146388
sparse,sketch/probe_grad_sq_norm,-1,resid_scalar,-1,6.0,-1.0,-1,short,L0:all,30.0,1.0,0.8286915945906465,15.630758557944036,0.00037479784370819983,0.0003911256790161133,0.0009505263470597215,0.3943055811841177,1.4258355089232837,0.8232951462138546
sparse,sketch/probe_grad_sq_norm,-1,resid_scalar,-1,7.0,-1.0,-1,short,L0:all,30.0,1.0,1.297798938154063,6.355092057334455,0.0009024382489094067,0.0006893426179885864,0.006049061881952867,0.14918647990720593,1.2110821989122362,1.3845156773958902
sparse,sketch/probe_grad_sq_norm,-1,resid_scalar,-1,8.0,-1.0,-1,short,L0:all,30.0,1.0,1.044100377619526,5.329808486697481,0.0008355429981350333,0.0007577314972877502,0.006816670079001597,0.1225734835999883,0.7449065127690689,1.1044187957834593
sparse,sketch/probe_grad_sq_norm,-1,resid_scalar,-1,9.0,-1.0,-1,short,L0:all,30.0,1.0,1.5171351970671663,7.091440799859394,0.0009687048849570932,0.0007114186882972717,0.005012996468074961,0.1932386928908181,1.8440487502092513,1.1367808854639538
sparse,sketch/probe_grad_sq_norm,-1,resid_scalar,-1,10.0,-1.0,-1,short,L0:all,30.0,1.0,1.5198594999803055,22.25299816856237,0.0013902300999416501,0.0012618601322174072,0.005269928041068163,0.263804380080276,1.6734232536614404,1.5183436330355495
sparse,sketch/probe_grad_sq_norm,-1,resid_scalar,-1,11.0,-1.0,-1,short,L0:all,30.0,1.0,1.5416366221385327,24.40116119118039,0.0016869841891543683,0.000715211033821106,0.004633227629034221,0.36410561367260386,1.1862391939230166,1.6013113841878779
sparse,sketch/probe_grad_sq_norm,-1,smear_gate,-1,-1.0,-1.0,-1,short,L0:all,30.0,1.0,0.38581059758736186,0.9570278019911959,7.090572927720187e-06,2.173399116145447e-05,0.00046184443376992053,0.015352730073721177,0.5287167701073356,0.3631475421025173
sparse,sketch/probe_grad_sq_norm,-1,smear_scalar,-1,-1.0,-1.0,-1,short,L0:all,30.0,1.0,1.4153913019645166,28.446715026119087,0.0002145131574281584,7.04396516084671e-05,0.003432287555187941,0.062498597212206,0.699067710974758,3.31301525211141
sparse,sketch/probe_grad_sq_norm,-1,token_embedding,-1,-1.0,-1.0,-1,short,L0:all,30.0,1.0,0.04343125841235576,0.18669699231829534,6.813100666094486e-07,1.3475565992848715e-05,0.00010536726972532055,0.006466050305617102,0.03793510248703321,0.0439905433423727
sparse,sketch/probe_grad_sq_norm,-1,unembedding,-1,-1.0,-1.0,-1,short,L0:all,30.0,1.0,0.028934788997168108,0.07816366622295207,0.007517691979705192,0.20503075420856476,0.9391807109117508,0.008004521273022168,0.017202235847094818,0.039011343158725204
sparse,sketch/probe_grad_sq_norm,-1,value_embedding,-1,1.0,-1.0,-1,short,L0:all,30.0,1.0,0.1793624866625836,0.5364739023433699,3.9170026348586455e-07,2.3040656742523424e-06,3.5310191437929946e-06,0.1109312205725124,0.23818955892531135,0.17813912197522794
sparse,sketch/probe_grad_sq_norm,-1,value_embedding,-1,3.0,-1.0,-1,short,L0:all,30.0,1.0,0.14559480219844173,0.580794509025014,2.285779232337257e-07,2.3049805122354883e-06,3.0833589395099102e-06,0.07413276485742441,0.2082451218247674,0.13673965673786018
sparse,sketch/probe_grad_sq_norm,-1,value_embedding,-1,5.0,-1.0,-1,short,L0:all,30.0,1.0,0.13054181182843663,0.5630537640377467,2.385155510989094e-07,2.5790598101593787e-06,3.404584671108039e-06,0.07005716530506594,0.1869257246407653,0.08796176512996677
sparse,sketch/probe_grad_sq_norm,-1,value_embedding,-1,7.0,-1.0,-1,short,L0:all,30.0,1.0,0.17932369942605098,0.5704082207270925,5.205440721055455e-07,2.947237589978613e-06,3.5485510725245706e-06,0.1466920051217443,0.2978371454920937,0.1754184709262371
sparse,sketch/probe_grad_sq_norm,-1,value_embedding,-1,9.0,-1.0,-1,short,L0:all,30.0,1.0,0.1776371328720334,0.5458342669900836,6.241706505374531e-07,3.401166509320319e-06,4.948594087761713e-06,0.1261309049536068,0.24073882240477676,0.17391175404633188
sparse,sketch/probe_grad_sq_norm,-1,value_embedding,-1,11.0,-1.0,-1,short,L0:all,30.0,1.0,0.14433879380207293,0.4505429528681487,4.892640536933446e-07,3.4413168350511114e-06,5.026252440196058e-06,0.09734171920626015,0.2041586386430337,0.14339753090804433
sparse,sketch/probe_grad_sq_norm,-1,ve_gate,-1,1.0,-1.0,-1,short,L0:all,30.0,1.0,0.5414007398620346,2.4491714088592182,5.4836840696260004e-05,0.0001020468189381063,0.00034849841451509866,0.15735176520834415,0.4489134282281921,0.5425262325278752
sparse,sketch/probe_grad_sq_norm,-1,ve_gate,-1,3.0,-1.0,-1,short,L0:all,30.0,1.0,0.495737404293515,1.9224199134359308,4.3490609584319646e-05,9.22379877010826e-05,0.00023942652166485822,0.18164491252642614,0.5369476609967356,0.4862945391582987
sparse,sketch/probe_grad_sq_norm,-1,ve_gate,-1,5.0,-1.0,-1,short,L0:all,30.0,1.0,0.52869097016295,1.4935287509042474,0.00011340211453080714,0.00021764702250948176,0.0003337594186704541,0.33977202795519496,0.565612255833837,0.52869097016295
sparse,sketch/probe_grad_sq_norm,-1,ve_gate,-1,7.0,-1.0,-1,short,L0:all,30.0,1.0,0.7828210103684662,3.7925310024666286,0.0001001169899326317,0.00013356137787923217,0.00019853394628366235,0.5042814682663187,0.7043366241530931,0.8778400937172176
sparse,sketch/probe_grad_sq_norm,-1,ve_gate,-1,9.0,-1.0,-1,short,L0:all,30.0,1.0,0.6262831061858537,1.8759686091007322,4.070061813267667e-05,6.727414438501e-05,0.00012508028618561182,0.32539594666644217,0.6956694411226048,0.5551315799309601
sparse,sketch/probe_grad_sq_norm,-1,ve_gate,-1,11.0,-1.0,-1,short,L0:all,30.0,1.0,0.597216151330612,2.2142989860583535,5.1447364520289994e-05,0.00012685952606261708,0.0003860748791231452,0.133257477505756,0.579331172126985,0.66346744032028
sparse,sketch/probe_grad_sq_norm,-1,x0_scalar,-1,0.0,-1.0,-1,short,L0:all,30.0,1.0,1.9541698489241992,43.04577924883968,9.906845758393505e-06,6.300513632595539e-06,4.426016379852634e-05,0.22383210788576788,1.913342551102689,1.9649728936263535
sparse,sketch/probe_grad_sq_norm,-1,x0_scalar,-1,1.0,-1.0,-1,short,L0:all,30.0,1.0,2.1488910363330325,23.26191434263837,1.2584436042694434e-05,5.34451100975275e-06,2.2770109694647568e-05,0.5526734921989673,1.2360222771430163,3.428615463954501
sparse,sketch/probe_grad_sq_norm,-1,x0_scalar,-1,2.0,-1.0,-1,short,L0:all,30.0,1.0,1.5881121242508904,49.39654944330232,1.244008050640606e-05,7.377238944172859e-06,3.076701020745532e-05,0.4043317963794752,2.0936591852326853,1.4144278824273866
sparse,sketch/probe_grad_sq_norm,-1,x0_scalar,-1,3.0,-1.0,-1,short,L0:all,30.0,1.0,2.501317341953198,40.67477312600589,3.034494797617931e-05,6.493646651506424e-06,2.572972955334765e-05,1.1793729861506135,2.0706573005899416,2.778924995537046
sparse,sketch/probe_grad_sq_norm,-1,x0_scalar,-1,4.0,-1.0,-1,short,L0:all,30.0,1.0,1.4155707834438684,167.10035664603205,2.6461437865056174e-05,2.4924520403146744e-05,7.10959722198368e-05,0.37219320643417614,1.3407641767113363,1.6259217264424917
sparse,sketch/probe_grad_sq_norm,-1,x0_scalar,-1,5.0,-1.0,-1,short,L0:all,30.0,1.0,0.9081511179121058,36.91633610907665,3.304399404055037e-05,2.277316525578499e-05,0.00010758593000304019,0.30714047868170685,1.033879371878942,0.9061858219071944
sparse,sketch/probe_grad_sq_norm,-1,x0_scalar,-1,6.0,-1.0,-1,short,L0:all,30.0,1.0,1.2602603245639759,48.65126730355453,3.500518752686922e-05,2.3102853447198868e-05,9.48235548648313e-05,0.369161307828717,1.69066904710196,1.1205444501469959
sparse,sketch/probe_grad_sq_norm,-1,x0_scalar,-1,7.0,-1.0,-1,short,L0:all,30.0,1.0,0.9292282852375885,45.407042818738944,1.9959393894170295e-05,1.5158671885728836e-05,5.7039637862033036e-05,0.34992146939024926,0.9466209911247498,0.7487105608966496
sparse,sketch/probe_grad_sq_norm,-1,x0_scalar,-1,8.0,-1.0,-1,short,L0:all,30.0,1.0,1.417938056154532,72.23744788029734,1.8916961597324384e-05,1.011253334581852e-05,3.5403172817893845e-05,0.534329555563539,1.2842181878146866,1.6517447942718353
sparse,sketch/probe_grad_sq_norm,-1,x0_scalar,-1,9.0,-1.0,-1,short,L0:all,30.0,1.0,1.6894644704807358,9.412393438309685,1.2015923911040775e-05,4.214816726744175e-06,3.536528556509212e-05,0.33976606491483524,1.2753658617504566,2.251947445517859
sparse,sketch/probe_grad_sq_norm,-1,x0_scalar,-1,10.0,-1.0,-1,short,L0:all,30.0,1.0,1.5240004133158092,12.927991779637836,1.3504011316826521e-05,5.5674463510513306e-06,4.720449740034383e-05,0.28607467636607353,1.4970479208544145,1.550952905777204
sparse,sketch/probe_grad_sq_norm,-1,x0_scalar,-1,11.0,-1.0,-1,short,L0:all,30.0,1.0,1.8937479240697395,20.09922509933781,1.3493620098351517e-05,4.963250830769539e-06,4.9867997654473616e-05,0.27058676371661006,1.3880106368484995,2.4569313013460574
sparse,update/actual,native,-1,-1,-1.0,-1.0,-1,short,scalar,30.0,1.0,0.7433812319420108,50.371000719099406,0.01823149123314106,0.028209388256072998,0.12682167291641236,0.1437569053765547,0.33714687545408706,2.127174932889588
sparse,update/actual,shadow_fp32,-1,-1,-1.0,-1.0,-1,short,scalar,30.0,1.0,0.6964580612242366,115.44113707215968,0.018441318969349803,0.028411567211151123,0.12449201345443726,0.14813254647937016,0.32918004746403456,1.4377162593200812
sparse,update/direction_norm,native,-1,-1,-1.0,-1.0,-1,short,scalar,30.0,1.0,0.00619330254262062,0.052907415066906306,3.855760383882987,528.314945675461,687.4971413622238,0.005608402060033425,0.020632970582533168,0.004607341482605477
sparse,update/direction_norm,shadow_fp32,-1,-1,-1.0,-1.0,-1,short,scalar,30.0,1.0,0.00619330254262062,0.052907415066906306,3.855760383882987,528.314945675461,687.4971413622238,0.005608402060033425,0.020632970582533168,0.004607341482605477
sparse,update/loss_after,native,-1,-1,-1.0,-1.0,-1,short,scalar,30.0,1.0,0.013923870793328796,0.0345204629452628,0.03185159291809895,1.9310409426689148,8.307690095901489,0.0038339890571763863,0.009808977645257295,0.014618569850652074
sparse,update/loss_after,shadow_fp32,-1,-1,-1.0,-1.0,-1,short,scalar,30.0,1.0,0.013689334322899592,0.034355151538881676,0.031763643241157054,1.930105209350586,8.295484435558318,0.003829028128243271,0.009762235980341864,0.014563169297763839
sparse,update/loss_before,native,-1,-1,-1.0,-1.0,-1,short,scalar,30.0,1.0,0.012423015278360351,0.03325552438202758,0.021817246474218926,1.9281949400901794,8.555688059329988,0.0025500282762678794,0.002891574453385904,0.013876960134434591
sparse,update/loss_before,shadow_fp32,-1,-1,-1.0,-1.0,-1,short,scalar,30.0,1.0,0.01220955355912116,0.03312868474509606,0.021465431591843998,1.9281343221664429,8.548464405536652,0.002511027779204568,0.002961804200509556,0.01404125789526393
sparse,update/normalized_residual,native,-1,-1,-1.0,-1.0,-1,short,scalar,30.0,1.0,1.6135744342032887,19.777736017249534,0.13963160903464494,0.06648522344729531,0.29582022090385457,0.4720150928425783,0.8451640062447057,2.4444298200707815
sparse,update/normalized_residual,shadow_fp32,-1,-1,-1.0,-1.0,-1,short,scalar,30.0,1.0,1.6024501253382988,7.943797334203267,0.049519669686189594,0.025286739916954012,0.1526772975776502,0.3243420631086581,0.9886080015557475,2.5344885064797937
sparse,update/p1,native,-1,-1,-1.0,-1.0,-1,short,scalar,30.0,1.0,0.470419608753414,6.258387932231905,0.019866560812476657,0.05866780358835712,0.20787416817299506,0.09557012777048612,0.1230080091058325,0.7116037640610298
sparse,update/p1,shadow_fp32,-1,-1,-1.0,-1.0,-1,short,scalar,30.0,1.0,0.4732836467013135,6.430422043525278,0.01977622944926711,0.05863105688907458,0.2078658160726244,0.09513940205713126,0.12393343117251193,0.7159021115944324
sparse,update/p2,native,-1,-1,-1.0,-1.0,-1,short,scalar,30.0,1.0,0.7937263974366436,21.622325051666202,0.019297771364943088,0.027838987956127322,0.12074771718758188,0.15981893334649094,0.24052162257224036,1.4231376738047308
sparse,update/p2,shadow_fp32,-1,-1,-1.0,-1.0,-1,short,scalar,30.0,1.0,0.8023405866318956,18.47087271532369,0.019369639961331852,0.027850834197218642,0.12053669278972125,0.1606949677566033,0.23963640130161626,1.4181690252514083
sparse,update/residual_p1,native,-1,-1,-1.0,-1.0,-1,short,scalar,30.0,1.0,0.14262172156933448,1.5452912976447228,0.003969183804418373,0.03601703496636115,0.09766731874725515,0.040639835876828796,0.10817544581420029,0.15098794326354864
sparse,update/residual_p1,shadow_fp32,-1,-1,-1.0,-1.0,-1,short,scalar,30.0,1.0,0.121112063136398,0.5595519514058789,0.0037800812650058977,0.03536842403599844,0.09652555238262786,0.039161456958273944,0.12883036389660973,0.121112063136398
sparse,update/residual_p2,native,-1,-1,-1.0,-1.0,-1,short,scalar,30.0,1.0,1.082824089680923,10.26641160997387,0.001448617442733972,0.001443418290667646,0.00884054442149942,0.16386065989454937,0.7080840368672148,1.8114714304446233
sparse,update/residual_p2,shadow_fp32,-1,-1,-1.0,-1.0,-1,short,scalar,30.0,1.0,0.728948035270642,4.671963140582163,0.0008961475996539816,0.0012105282937234611,0.007466850437832555,0.12001681393180703,0.6042833329745558,1.3172906967769924
