run,depth,seed,segment,arm,metric,family,direction,step,progress,value,estimator_id,dtype
d12-s10,12,10,d12-s10-s0-0ffeb05742bb4154a3f1afc202dc3955,shadow_fp32,curvature/e_sym_random,e_sym,random,1,0.0003968253968253968,1.1737925699818585e-06,hvp-shadow-fp32-ieee-v1,torch.float32
d12-s10,12,10,d12-s10-s0-0ffeb05742bb4154a3f1afc202dc3955,shadow_fp32,curvature/e_lin_random,e_lin,random,1,0.0003968253968253968,8.15627263295816e-07,hvp-shadow-fp32-ieee-v1,torch.float32
d12-s10,12,10,d12-s10-s0-0ffeb05742bb4154a3f1afc202dc3955,shadow_fp32,curvature/verdict_code_random,verdict_code,random,1,0.0003968253968253968,1.0,hvp-shadow-fp32-ieee-v1,torch.float32
d12-s10,12,10,d12-s10-s0-0ffeb05742bb4154a3f1afc202dc3955,shadow_fp32,curvature/e_sym_gradient,e_sym,gradient,1,0.0003968253968253968,3.990223791508559e-06,hvp-shadow-fp32-ieee-v1,torch.float32
d12-s10,12,10,d12-s10-s0-0ffeb05742bb4154a3f1afc202dc3955,shadow_fp32,curvature/e_lin_gradient,e_lin,gradient,1,0.0003968253968253968,1.9367864176378937e-05,hvp-shadow-fp32-ieee-v1,torch.float32
d12-s10,12,10,d12-s10-s0-0ffeb05742bb4154a3f1afc202dc3955,shadow_fp32,curvature/verdict_code_gradient,verdict_code,gradient,1,0.0003968253968253968,1.0,hvp-shadow-fp32-ieee-v1,torch.float32
d12-s10,12,10,d12-s10-s0-0ffeb05742bb4154a3f1afc202dc3955,shadow_fp32,curvature/e_sym_update,e_sym,update,1,0.0003968253968253968,2.0946944098987038e-07,hvp-shadow-fp32-ieee-v1,torch.float32
d12-s10,12,10,d12-s10-s0-0ffeb05742bb4154a3f1afc202dc3955,shadow_fp32,curvature/e_lin_update,e_lin,update,1,0.0003968253968253968,7.280206943666159e-07,hvp-shadow-fp32-ieee-v1,torch.float32
d12-s10,12,10,d12-s10-s0-0ffeb05742bb4154a3f1afc202dc3955,shadow_fp32,curvature/verdict_code_update,verdict_code,update,1,0.0003968253968253968,1.0,hvp-shadow-fp32-ieee-v1,torch.float32
d12-s10,12,10,d12-s10-s0-0ffeb05742bb4154a3f1afc202dc3955,native,curvature/e_sym_random,e_sym,random,1,0.0003968253968253968,0.004735420445191871,,torch.bfloat16
d12-s10,12,10,d12-s10-s0-0ffeb05742bb4154a3f1afc202dc3955,native,curvature/e_lin_random,e_lin,random,1,0.0003968253968253968,0.011947030300593506,,torch.bfloat16
d12-s10,12,10,d12-s10-s0-0ffeb05742bb4154a3f1afc202dc3955,native,curvature/verdict_code_random,verdict_code,random,1,0.0003968253968253968,2.0,,torch.bfloat16
d12-s10,12,10,d12-s10-s0-0ffeb05742bb4154a3f1afc202dc3955,native,curvature/e_sym_gradient,e_sym,gradient,1,0.0003968253968253968,0.008589093699932977,,torch.bfloat16
d12-s10,12,10,d12-s10-s0-0ffeb05742bb4154a3f1afc202dc3955,native,curvature/e_lin_gradient,e_lin,gradient,1,0.0003968253968253968,0.00535519854517488,,torch.bfloat16
d12-s10,12,10,d12-s10-s0-0ffeb05742bb4154a3f1afc202dc3955,native,curvature/verdict_code_gradient,verdict_code,gradient,1,0.0003968253968253968,2.0,,torch.bfloat16
d12-s10,12,10,d12-s10-s0-0ffeb05742bb4154a3f1afc202dc3955,native,curvature/e_sym_update,e_sym,update,1,0.0003968253968253968,0.02772689611775573,,torch.bfloat16
d12-s10,12,10,d12-s10-s0-0ffeb05742bb4154a3f1afc202dc3955,native,curvature/e_lin_update,e_lin,update,1,0.0003968253968253968,0.021156819316646872,,torch.bfloat16
d12-s10,12,10,d12-s10-s0-0ffeb05742bb4154a3f1afc202dc3955,native,curvature/verdict_code_update,verdict_code,update,1,0.0003968253968253968,2.0,,torch.bfloat16
d12-s10,12,10,d12-s10-s0-0ffeb05742bb4154a3f1afc202dc3955,shadow_fp32,curvature/e_sym_random,e_sym,random,2,0.0007936507936507937,2.610624508348259e-07,hvp-shadow-fp32-ieee-v1,torch.float32
d12-s10,12,10,d12-s10-s0-0ffeb05742bb4154a3f1afc202dc3955,shadow_fp32,curvature/e_lin_random,e_lin,random,2,0.0007936507936507937,7.905963857947079e-07,hvp-shadow-fp32-ieee-v1,torch.float32
d12-s10,12,10,d12-s10-s0-0ffeb05742bb4154a3f1afc202dc3955,shadow_fp32,curvature/verdict_code_random,verdict_code,random,2,0.0007936507936507937,1.0,hvp-shadow-fp32-ieee-v1,torch.float32
d12-s10,12,10,d12-s10-s0-0ffeb05742bb4154a3f1afc202dc3955,shadow_fp32,curvature/e_sym_gradient,e_sym,gradient,2,0.0007936507936507937,4.341355159811593e-06,hvp-shadow-fp32-ieee-v1,torch.float32
d12-s10,12,10,d12-s10-s0-0ffeb05742bb4154a3f1afc202dc3955,shadow_fp32,curvature/e_lin_gradient,e_lin,gradient,2,0.0007936507936507937,1.932224995517916e-05,hvp-shadow-fp32-ieee-v1,torch.float32
d12-s10,12,10,d12-s10-s0-0ffeb05742bb4154a3f1afc202dc3955,shadow_fp32,curvature/verdict_code_gradient,verdict_code,gradient,2,0.0007936507936507937,1.0,hvp-shadow-fp32-ieee-v1,torch.float32
d12-s10,12,10,d12-s10-s0-0ffeb05742bb4154a3f1afc202dc3955,shadow_fp32,curvature/e_sym_update,e_sym,update,2,0.0007936507936507937,9.329466837926924e-08,hvp-shadow-fp32-ieee-v1,torch.float32
d12-s10,12,10,d12-s10-s0-0ffeb05742bb4154a3f1afc202dc3955,shadow_fp32,curvature/e_lin_update,e_lin,update,2,0.0007936507936507937,6.923134655666595e-07,hvp-shadow-fp32-ieee-v1,torch.float32
d12-s10,12,10,d12-s10-s0-0ffeb05742bb4154a3f1afc202dc3955,shadow_fp32,curvature/verdict_code_update,verdict_code,update,2,0.0007936507936507937,1.0,hvp-shadow-fp32-ieee-v1,torch.float32
d12-s10,12,10,d12-s10-s0-0ffeb05742bb4154a3f1afc202dc3955,native,curvature/e_sym_random,e_sym,random,2,0.0007936507936507937,0.008452453005935763,,torch.bfloat16
d12-s10,12,10,d12-s10-s0-0ffeb05742bb4154a3f1afc202dc3955,native,curvature/e_lin_random,e_lin,random,2,0.0007936507936507937,0.011936707130678703,,torch.bfloat16
d12-s10,12,10,d12-s10-s0-0ffeb05742bb4154a3f1afc202dc3955,native,curvature/verdict_code_random,verdict_code,random,2,0.0007936507936507937,2.0,,torch.bfloat16
d12-s10,12,10,d12-s10-s0-0ffeb05742bb4154a3f1afc202dc3955,native,curvature/e_sym_gradient,e_sym,gradient,2,0.0007936507936507937,0.006551642620711619,,torch.bfloat16
d12-s10,12,10,d12-s10-s0-0ffeb05742bb4154a3f1afc202dc3955,native,curvature/e_lin_gradient,e_lin,gradient,2,0.0007936507936507937,0.01682209510070973,,torch.bfloat16
d12-s10,12,10,d12-s10-s0-0ffeb05742bb4154a3f1afc202dc3955,native,curvature/verdict_code_gradient,verdict_code,gradient,2,0.0007936507936507937,2.0,,torch.bfloat16
d12-s10,12,10,d12-s10-s0-0ffeb05742bb4154a3f1afc202dc3955,native,curvature/e_sym_update,e_sym,update,2,0.0007936507936507937,0.005698388453994147,,torch.bfloat16
d12-s10,12,10,d12-s10-s0-0ffeb05742bb4154a3f1afc202dc3955,native,curvature/e_lin_update,e_lin,update,2,0.0007936507936507937,0.0220216218662642,,torch.bfloat16
d12-s10,12,10,d12-s10-s0-0ffeb05742bb4154a3f1afc202dc3955,native,curvature/verdict_code_update,verdict_code,update,2,0.0007936507936507937,2.0,,torch.bfloat16
d12-s10,12,10,d12-s10-s0-0ffeb05742bb4154a3f1afc202dc3955,shadow_fp32,curvature/e_sym_random,e_sym,random,3,0.0011904761904761906,2.328798522989868e-06,hvp-shadow-fp32-ieee-v1,torch.float32
d12-s10,12,10,d12-s10-s0-0ffeb05742bb4154a3f1afc202dc3955,shadow_fp32,curvature/e_lin_random,e_lin,random,3,0.0011904761904761906,7.747410177468706e-07,hvp-shadow-fp32-ieee-v1,torch.float32
d12-s10,12,10,d12-s10-s0-0ffeb05742bb4154a3f1afc202dc3955,shadow_fp32,curvature/verdict_code_random,verdict_code,random,3,0.0011904761904761906,1.0,hvp-shadow-fp32-ieee-v1,torch.float32
d12-s10,12,10,d12-s10-s0-0ffeb05742bb4154a3f1afc202dc3955,shadow_fp32,curvature/e_sym_gradient,e_sym,gradient,3,0.0011904761904761906,4.676074351088379e-06,hvp-shadow-fp32-ieee-v1,torch.float32
d12-s10,12,10,d12-s10-s0-0ffeb05742bb4154a3f1afc202dc3955,shadow_fp32,curvature/e_lin_gradient,e_lin,gradient,3,0.0011904761904761906,1.9221788236605172e-05,hvp-shadow-fp32-ieee-v1,torch.float32
d12-s10,12,10,d12-s10-s0-0ffeb05742bb4154a3f1afc202dc3955,shadow_fp32,curvature/verdict_code_gradient,verdict_code,gradient,3,0.0011904761904761906,1.0,hvp-shadow-fp32-ieee-v1,torch.float32
d12-s10,12,10,d12-s10-s0-0ffeb05742bb4154a3f1afc202dc3955,shadow_fp32,curvature/e_sym_update,e_sym,update,3,0.0011904761904761906,4.7478353735276364e-07,hvp-shadow-fp32-ieee-v1,torch.float32
d12-s10,12,10,d12-s10-s0-0ffeb05742bb4154a3f1afc202dc3955,shadow_fp32,curvature/e_lin_update,e_lin,update,3,0.0011904761904761906,6.519601847411359e-07,hvp-shadow-fp32-ieee-v1,torch.float32
d12-s10,12,10,d12-s10-s0-0ffeb05742bb4154a3f1afc202dc3955,shadow_fp32,curvature/verdict_code_update,verdict_code,update,3,0.0011904761904761906,1.0,hvp-shadow-fp32-ieee-v1,torch.float32
d12-s10,12,10,d12-s10-s0-0ffeb05742bb4154a3f1afc202dc3955,native,curvature/e_sym_random,e_sym,random,3,0.0011904761904761906,0.011611750792682082,,torch.bfloat16
d12-s10,12,10,d12-s10-s0-0ffeb05742bb4154a3f1afc202dc3955,native,curvature/e_lin_random,e_lin,random,3,0.0011904761904761906,0.01186147364127966,,torch.bfloat16
d12-s10,12,10,d12-s10-s0-0ffeb05742bb4154a3f1afc202dc3955,native,curvature/verdict_code_random,verdict_code,random,3,0.0011904761904761906,2.0,,torch.bfloat16
d12-s10,12,10,d12-s10-s0-0ffeb05742bb4154a3f1afc202dc3955,native,curvature/e_sym_gradient,e_sym,gradient,3,0.0011904761904761906,0.00783939831328271,,torch.bfloat16
d12-s10,12,10,d12-s10-s0-0ffeb05742bb4154a3f1afc202dc3955,native,curvature/e_lin_gradient,e_lin,gradient,3,0.0011904761904761906,0.00625825835641989,,torch.bfloat16
d12-s10,12,10,d12-s10-s0-0ffeb05742bb4154a3f1afc202dc3955,native,curvature/verdict_code_gradient,verdict_code,gradient,3,0.0011904761904761906,2.0,,torch.bfloat16
d12-s10,12,10,d12-s10-s0-0ffeb05742bb4154a3f1afc202dc3955,native,curvature/e_sym_update,e_sym,update,3,0.0011904761904761906,0.004175029503151047,,torch.bfloat16
d12-s10,12,10,d12-s10-s0-0ffeb05742bb4154a3f1afc202dc3955,native,curvature/e_lin_update,e_lin,update,3,0.0011904761904761906,0.025799400961729613,,torch.bfloat16
d12-s10,12,10,d12-s10-s0-0ffeb05742bb4154a3f1afc202dc3955,native,curvature/verdict_code_update,verdict_code,update,3,0.0011904761904761906,2.0,,torch.bfloat16
d12-s10,12,10,d12-s10-s0-0ffeb05742bb4154a3f1afc202dc3955,shadow_fp32,curvature/e_sym_random,e_sym,random,5,0.001984126984126984,7.462766317563928e-07,hvp-shadow-fp32-ieee-v1,torch.float32
d12-s10,12,10,d12-s10-s0-0ffeb05742bb4154a3f1afc202dc3955,shadow_fp32,curvature/e_lin_random,e_lin,random,5,0.001984126984126984,6.825248545557911e-07,hvp-shadow-fp32-ieee-v1,torch.float32
d12-s10,12,10,d12-s10-s0-0ffeb05742bb4154a3f1afc202dc3955,shadow_fp32,curvature/verdict_code_random,verdict_code,random,5,0.001984126984126984,1.0,hvp-shadow-fp32-ieee-v1,torch.float32
d12-s10,12,10,d12-s10-s0-0ffeb05742bb4154a3f1afc202dc3955,shadow_fp32,curvature/e_sym_gradient,e_sym,gradient,5,0.001984126984126984,1.692444119729731e-06,hvp-shadow-fp32-ieee-v1,torch.float32
d12-s10,12,10,d12-s10-s0-0ffeb05742bb4154a3f1afc202dc3955,shadow_fp32,curvature/e_lin_gradient,e_lin,gradient,5,0.001984126984126984,1.7014177574368682e-05,hvp-shadow-fp32-ieee-v1,torch.float32
d12-s10,12,10,d12-s10-s0-0ffeb05742bb4154a3f1afc202dc3955,shadow_fp32,curvature/verdict_code_gradient,verdict_code,gradient,5,0.001984126984126984,1.0,hvp-shadow-fp32-ieee-v1,torch.float32
d12-s10,12,10,d12-s10-s0-0ffeb05742bb4154a3f1afc202dc3955,shadow_fp32,curvature/e_sym_update,e_sym,update,5,0.001984126984126984,5.251256011984182e-07,hvp-shadow-fp32-ieee-v1,torch.float32
d12-s10,12,10,d12-s10-s0-0ffeb05742bb4154a3f1afc202dc3955,shadow_fp32,curvature/e_lin_update,e_lin,update,5,0.001984126984126984,5.336763313566757e-07,hvp-shadow-fp32-ieee-v1,torch.float32
d12-s10,12,10,d12-s10-s0-0ffeb05742bb4154a3f1afc202dc3955,shadow_fp32,curvature/verdict_code_update,verdict_code,update,5,0.001984126984126984,1.0,hvp-shadow-fp32-ieee-v1,torch.float32
d12-s10,12,10,d12-s10-s0-0ffeb05742bb4154a3f1afc202dc3955,native,curvature/e_sym_random,e_sym,random,5,0.001984126984126984,0.016185097680241532,,torch.bfloat16
d12-s10,12,10,d12-s10-s0-0ffeb05742bb4154a3f1afc202dc3955,native,curvature/e_lin_random,e_lin,random,5,0.001984126984126984,0.011184981674666077,,torch.bfloat16
d12-s10,12,10,d12-s10-s0-0ffeb05742bb4154a3f1afc202dc3955,native,curvature/verdict_code_random,verdict_code,random,5,0.001984126984126984,2.0,,torch.bfloat16
d12-s10,12,10,d12-s10-s0-0ffeb05742bb4154a3f1afc202dc3955,native,curvature/e_sym_gradient,e_sym,gradient,5,0.001984126984126984,0.004660776962050492,,torch.bfloat16
d12-s10,12,10,d12-s10-s0-0ffeb05742bb4154a3f1afc202dc3955,native,curvature/e_lin_gradient,e_lin,gradient,5,0.001984126984126984,0.007092109967082143,,torch.bfloat16
d12-s10,12,10,d12-s10-s0-0ffeb05742bb4154a3f1afc202dc3955,native,curvature/verdict_code_gradient,verdict_code,gradient,5,0.001984126984126984,2.0,,torch.bfloat16
d12-s10,12,10,d12-s10-s0-0ffeb05742bb4154a3f1afc202dc3955,native,curvature/e_sym_update,e_sym,update,5,0.001984126984126984,0.021238704499137746,,torch.bfloat16
d12-s10,12,10,d12-s10-s0-0ffeb05742bb4154a3f1afc202dc3955,native,curvature/e_lin_update,e_lin,update,5,0.001984126984126984,0.019982944587564964,,torch.bfloat16
d12-s10,12,10,d12-s10-s0-0ffeb05742bb4154a3f1afc202dc3955,native,curvature/verdict_code_update,verdict_code,update,5,0.001984126984126984,2.0,,torch.bfloat16
d12-s10,12,10,d12-s10-s0-0ffeb05742bb4154a3f1afc202dc3955,shadow_fp32,curvature/e_sym_random,e_sym,random,9,0.0035714285714285713,1.3218742752666307e-06,hvp-shadow-fp32-ieee-v1,torch.float32
d12-s10,12,10,d12-s10-s0-0ffeb05742bb4154a3f1afc202dc3955,shadow_fp32,curvature/e_lin_random,e_lin,random,9,0.0035714285714285713,5.108793488556853e-07,hvp-shadow-fp32-ieee-v1,torch.float32
d12-s10,12,10,d12-s10-s0-0ffeb05742bb4154a3f1afc202dc3955,shadow_fp32,curvature/verdict_code_random,verdict_code,random,9,0.0035714285714285713,1.0,hvp-shadow-fp32-ieee-v1,torch.float32
d12-s10,12,10,d12-s10-s0-0ffeb05742bb4154a3f1afc202dc3955,shadow_fp32,curvature/e_sym_gradient,e_sym,gradient,9,0.0035714285714285713,9.697076487861173e-07,hvp-shadow-fp32-ieee-v1,torch.float32
d12-s10,12,10,d12-s10-s0-0ffeb05742bb4154a3f1afc202dc3955,shadow_fp32,curvature/e_lin_gradient,e_lin,gradient,9,0.0035714285714285713,1.3176281586424588e-06,hvp-shadow-fp32-ieee-v1,torch.float32
d12-s10,12,10,d12-s10-s0-0ffeb05742bb4154a3f1afc202dc3955,shadow_fp32,curvature/verdict_code_gradient,verdict_code,gradient,9,0.0035714285714285713,0.0,hvp-shadow-fp32-ieee-v1,torch.float32
d12-s10,12,10,d12-s10-s0-0ffeb05742bb4154a3f1afc202dc3955,shadow_fp32,curvature/e_sym_update,e_sym,update,9,0.0035714285714285713,5.147144385547512e-09,hvp-shadow-fp32-ieee-v1,torch.float32
d12-s10,12,10,d12-s10-s0-0ffeb05742bb4154a3f1afc202dc3955,shadow_fp32,curvature/e_lin_update,e_lin,update,9,0.0035714285714285713,4.342272433787305e-07,hvp-shadow-fp32-ieee-v1,torch.float32
d12-s10,12,10,d12-s10-s0-0ffeb05742bb4154a3f1afc202dc3955,shadow_fp32,curvature/verdict_code_update,verdict_code,update,9,0.0035714285714285713,1.0,hvp-shadow-fp32-ieee-v1,torch.float32
d12-s10,12,10,d12-s10-s0-0ffeb05742bb4154a3f1afc202dc3955,native,curvature/e_sym_random,e_sym,random,9,0.0035714285714285713,0.004792962186731267,,torch.bfloat16
d12-s10,12,10,d12-s10-s0-0ffeb05742bb4154a3f1afc202dc3955,native,curvature/e_lin_random,e_lin,random,9,0.0035714285714285713,0.008427806224226342,,torch.bfloat16
d12-s10,12,10,d12-s10-s0-0ffeb05742bb4154a3f1afc202dc3955,native,curvature/verdict_code_random,verdict_code,random,9,0.0035714285714285713,2.0,,torch.bfloat16
d12-s10,12,10,d12-s10-s0-0ffeb05742bb4154a3f1afc202dc3955,native,curvature/e_sym_gradient,e_sym,gradient,9,0.0035714285714285713,0.003318189224703338,,torch.bfloat16
d12-s10,12,10,d12-s10-s0-0ffeb05742bb4154a3f1afc202dc3955,native,curvature/e_lin_gradient,e_lin,gradient,9,0.0035714285714285713,0.0032198121533603846,,torch.bfloat16
d12-s10,12,10,d12-s10-s0-0ffeb05742bb4154a3f1afc202dc3955,native,curvature/verdict_code_gradient,verdict_code,gradient,9,0.0035714285714285713,2.0,,torch.bfloat16
d12-s10,12,10,d12-s10-s0-0ffeb05742bb4154a3f1afc202dc3955,native,curvature/e_sym_update,e_sym,update,9,0.0035714285714285713,0.0028234196034043644,,torch.bfloat16
d12-s10,12,10,d12-s10-s0-0ffeb05742bb4154a3f1afc202dc3955,native,curvature/e_lin_update,e_lin,update,9,0.0035714285714285713,0.007916061257854167,,torch.bfloat16
d12-s10,12,10,d12-s10-s0-0ffeb05742bb4154a3f1afc202dc3955,native,curvature/verdict_code_update,verdict_code,update,9,0.0035714285714285713,2.0,,torch.bfloat16
d12-s10,12,10,d12-s10-s0-0ffeb05742bb4154a3f1afc202dc3955,shadow_fp32,curvature/e_sym_random,e_sym,random,17,0.006746031746031746,1.3003677013974852e-06,hvp-shadow-fp32-ieee-v1,torch.float32
d12-s10,12,10,d12-s10-s0-0ffeb05742bb4154a3f1afc202dc3955,shadow_fp32,curvature/e_lin_random,e_lin,random,17,0.006746031746031746,6.226033771732429e-07,hvp-shadow-fp32-ieee-v1,torch.float32
d12-s10,12,10,d12-s10-s0-0ffeb05742bb4154a3f1afc202dc3955,shadow_fp32,curvature/verdict_code_random,verdict_code,random,17,0.006746031746031746,1.0,hvp-shadow-fp32-ieee-v1,torch.float32
d12-s10,12,10,d12-s10-s0-0ffeb05742bb4154a3f1afc202dc3955,shadow_fp32,curvature/e_sym_gradient,e_sym,gradient,17,0.006746031746031746,3.521987454045871e-07,hvp-shadow-fp32-ieee-v1,torch.float32
d12-s10,12,10,d12-s10-s0-0ffeb05742bb4154a3f1afc202dc3955,shadow_fp32,curvature/e_lin_gradient,e_lin,gradient,17,0.006746031746031746,5.669503659328696e-07,hvp-shadow-fp32-ieee-v1,torch.float32
d12-s10,12,10,d12-s10-s0-0ffeb05742bb4154a3f1afc202dc3955,shadow_fp32,curvature/verdict_code_gradient,verdict_code,gradient,17,0.006746031746031746,0.0,hvp-shadow-fp32-ieee-v1,torch.float32
d12-s10,12,10,d12-s10-s0-0ffeb05742bb4154a3f1afc202dc3955,shadow_fp32,curvature/e_sym_update,e_sym,update,17,0.006746031746031746,4.306112114834012e-07,hvp-shadow-fp32-ieee-v1,torch.float32
d12-s10,12,10,d12-s10-s0-0ffeb05742bb4154a3f1afc202dc3955,shadow_fp32,curvature/e_lin_update,e_lin,update,17,0.006746031746031746,6.210853288849775e-07,hvp-shadow-fp32-ieee-v1,torch.float32
d12-s10,12,10,d12-s10-s0-0ffeb05742bb4154a3f1afc202dc3955,shadow_fp32,curvature/verdict_code_update,verdict_code,update,17,0.006746031746031746,1.0,hvp-shadow-fp32-ieee-v1,torch.float32
d12-s10,12,10,d12-s10-s0-0ffeb05742bb4154a3f1afc202dc3955,native,curvature/e_sym_random,e_sym,random,17,0.006746031746031746,0.008077388006226678,,torch.bfloat16
d12-s10,12,10,d12-s10-s0-0ffeb05742bb4154a3f1afc202dc3955,native,curvature/e_lin_random,e_lin,random,17,0.006746031746031746,0.011134500230324872,,torch.bfloat16
d12-s10,12,10,d12-s10-s0-0ffeb05742bb4154a3f1afc202dc3955,native,curvature/verdict_code_random,verdict_code,random,17,0.006746031746031746,2.0,,torch.bfloat16
d12-s10,12,10,d12-s10-s0-0ffeb05742bb4154a3f1afc202dc3955,native,curvature/e_sym_gradient,e_sym,gradient,17,0.006746031746031746,0.0025397310936893444,,torch.bfloat16
d12-s10,12,10,d12-s10-s0-0ffeb05742bb4154a3f1afc202dc3955,native,curvature/e_lin_gradient,e_lin,gradient,17,0.006746031746031746,0.0034625114071699025,,torch.bfloat16
d12-s10,12,10,d12-s10-s0-0ffeb05742bb4154a3f1afc202dc3955,native,curvature/verdict_code_gradient,verdict_code,gradient,17,0.006746031746031746,2.0,,torch.bfloat16
d12-s10,12,10,d12-s10-s0-0ffeb05742bb4154a3f1afc202dc3955,native,curvature/e_sym_update,e_sym,update,17,0.006746031746031746,0.31330416064645084,,torch.bfloat16
d12-s10,12,10,d12-s10-s0-0ffeb05742bb4154a3f1afc202dc3955,native,curvature/e_lin_update,e_lin,update,17,0.006746031746031746,0.014464866074202776,,torch.bfloat16
d12-s10,12,10,d12-s10-s0-0ffeb05742bb4154a3f1afc202dc3955,native,curvature/verdict_code_update,verdict_code,update,17,0.006746031746031746,2.0,,torch.bfloat16
d12-s10,12,10,d12-s10-s0-0ffeb05742bb4154a3f1afc202dc3955,shadow_fp32,curvature/e_sym_random,e_sym,random,33,0.013095238095238096,1.0572190860135439e-06,hvp-shadow-fp32-ieee-v1,torch.float32
d12-s10,12,10,d12-s10-s0-0ffeb05742bb4154a3f1afc202dc3955,shadow_fp32,curvature/e_lin_random,e_lin,random,33,0.013095238095238096,6.266056509767695e-07,hvp-shadow-fp32-ieee-v1,torch.float32
d12-s10,12,10,d12-s10-s0-0ffeb05742bb4154a3f1afc202dc3955,shadow_fp32,curvature/verdict_code_random,verdict_code,random,33,0.013095238095238096,1.0,hvp-shadow-fp32-ieee-v1,torch.float32
d12-s10,12,10,d12-s10-s0-0ffeb05742bb4154a3f1afc202dc3955,shadow_fp32,curvature/e_sym_gradient,e_sym,gradient,33,0.013095238095238096,1.1986727772879059e-07,hvp-shadow-fp32-ieee-v1,torch.float32
d12-s10,12,10,d12-s10-s0-0ffeb05742bb4154a3f1afc202dc3955,shadow_fp32,curvature/e_lin_gradient,e_lin,gradient,33,0.013095238095238096,4.435418031483877e-07,hvp-shadow-fp32-ieee-v1,torch.float32
d12-s10,12,10,d12-s10-s0-0ffeb05742bb4154a3f1afc202dc3955,shadow_fp32,curvature/verdict_code_gradient,verdict_code,gradient,33,0.013095238095238096,0.0,hvp-shadow-fp32-ieee-v1,torch.float32
d12-s10,12,10,d12-s10-s0-0ffeb05742bb4154a3f1afc202dc3955,shadow_fp32,curvature/e_sym_update,e_sym,update,33,0.013095238095238096,1.8130059616457073e-07,hvp-shadow-fp32-ieee-v1,torch.float32
d12-s10,12,10,d12-s10-s0-0ffeb05742bb4154a3f1afc202dc3955,shadow_fp32,curvature/e_lin_update,e_lin,update,33,0.013095238095238096,4.864099120476454e-07,hvp-shadow-fp32-ieee-v1,torch.float32
d12-s10,12,10,d12-s10-s0-0ffeb05742bb4154a3f1afc202dc3955,shadow_fp32,curvature/verdict_code_update,verdict_code,update,33,0.013095238095238096,1.0,hvp-shadow-fp32-ieee-v1,torch.float32
d12-s10,12,10,d12-s10-s0-0ffeb05742bb4154a3f1afc202dc3955,native,curvature/e_sym_random,e_sym,random,33,0.013095238095238096,0.019151257236290464,,torch.bfloat16
d12-s10,12,10,d12-s10-s0-0ffeb05742bb4154a3f1afc202dc3955,native,curvature/e_lin_random,e_lin,random,33,0.013095238095238096,0.01059088353079447,,torch.bfloat16
d12-s10,12,10,d12-s10-s0-0ffeb05742bb4154a3f1afc202dc3955,native,curvature/verdict_code_random,verdict_code,random,33,0.013095238095238096,2.0,,torch.bfloat16
d12-s10,12,10,d12-s10-s0-0ffeb05742bb4154a3f1afc202dc3955,native,curvature/e_sym_gradient,e_sym,gradient,33,0.013095238095238096,0.000362723146270612,,torch.bfloat16
d12-s10,12,10,d12-s10-s0-0ffeb05742bb4154a3f1afc202dc3955,native,curvature/e_lin_gradient,e_lin,gradient,33,0.013095238095238096,0.003624938415626472,,torch.bfloat16
d12-s10,12,10,d12-s10-s0-0ffeb05742bb4154a3f1afc202dc3955,native,curvature/verdict_code_gradient,verdict_code,gradient,33,0.013095238095238096,2.0,,torch.bfloat16
d12-s10,12,10,d12-s10-s0-0ffeb05742bb4154a3f1afc202dc3955,native,curvature/e_sym_update,e_sym,update,33,0.013095238095238096,0.018762021860061182,,torch.bfloat16
d12-s10,12,10,d12-s10-s0-0ffeb05742bb4154a3f1afc202dc3955,native,curvature/e_lin_update,e_lin,update,33,0.013095238095238096,0.00894355515955402,,torch.bfloat16
d12-s10,12,10,d12-s10-s0-0ffeb05742bb4154a3f1afc202dc3955,native,curvature/verdict_code_update,verdict_code,update,33,0.013095238095238096,2.0,,torch.bfloat16
d12-s10,12,10,d12-s10-s0-0ffeb05742bb4154a3f1afc202dc3955,shadow_fp32,curvature/e_sym_random,e_sym,random,41,0.01626984126984127,9.34229068451763e-07,hvp-shadow-fp32-ieee-v1,torch.float32
d12-s10,12,10,d12-s10-s0-0ffeb05742bb4154a3f1afc202dc3955,shadow_fp32,curvature/e_lin_random,e_lin,random,41,0.01626984126984127,6.378937969991846e-07,hvp-shadow-fp32-ieee-v1,torch.float32
d12-s10,12,10,d12-s10-s0-0ffeb05742bb4154a3f1afc202dc3955,shadow_fp32,curvature/verdict_code_random,verdict_code,random,41,0.01626984126984127,1.0,hvp-shadow-fp32-ieee-v1,torch.float32
d12-s10,12,10,d12-s10-s0-0ffeb05742bb4154a3f1afc202dc3955,shadow_fp32,curvature/e_sym_gradient,e_sym,gradient,41,0.01626984126984127,3.733636807996558e-09,hvp-shadow-fp32-ieee-v1,torch.float32
d12-s10,12,10,d12-s10-s0-0ffeb05742bb4154a3f1afc202dc3955,shadow_fp32,curvature/e_lin_gradient,e_lin,gradient,41,0.01626984126984127,4.064673106620197e-07,hvp-shadow-fp32-ieee-v1,torch.float32
d12-s10,12,10,d12-s10-s0-0ffeb05742bb4154a3f1afc202dc3955,shadow_fp32,curvature/verdict_code_gradient,verdict_code,gradient,41,0.01626984126984127,0.0,hvp-shadow-fp32-ieee-v1,torch.float32
d12-s10,12,10,d12-s10-s0-0ffeb05742bb4154a3f1afc202dc3955,shadow_fp32,curvature/e_sym_update,e_sym,update,41,0.01626984126984127,5.366345730947591e-09,hvp-shadow-fp32-ieee-v1,torch.float32
d12-s10,12,10,d12-s10-s0-0ffeb05742bb4154a3f1afc202dc3955,shadow_fp32,curvature/e_lin_update,e_lin,update,41,0.01626984126984127,5.354917259366581e-07,hvp-shadow-fp32-ieee-v1,torch.float32
d12-s10,12,10,d12-s10-s0-0ffeb05742bb4154a3f1afc202dc3955,shadow_fp32,curvature/verdict_code_update,verdict_code,update,41,0.01626984126984127,1.0,hvp-shadow-fp32-ieee-v1,torch.float32
d12-s10,12,10,d12-s10-s0-0ffeb05742bb4154a3f1afc202dc3955,native,curvature/e_sym_random,e_sym,random,41,0.01626984126984127,0.006605651867208621,,torch.bfloat16
d12-s10,12,10,d12-s10-s0-0ffeb05742bb4154a3f1afc202dc3955,native,curvature/e_lin_random,e_lin,random,41,0.01626984126984127,0.010001140241803617,,torch.bfloat16
d12-s10,12,10,d12-s10-s0-0ffeb05742bb4154a3f1afc202dc3955,native,curvature/verdict_code_random,verdict_code,random,41,0.01626984126984127,2.0,,torch.bfloat16
d12-s10,12,10,d12-s10-s0-0ffeb05742bb4154a3f1afc202dc3955,native,curvature/e_sym_gradient,e_sym,gradient,41,0.01626984126984127,0.0005694135579609885,,torch.bfloat16
d12-s10,12,10,d12-s10-s0-0ffeb05742bb4154a3f1afc202dc3955,native,curvature/e_lin_gradient,e_lin,gradient,41,0.01626984126984127,0.003897994936567801,,torch.bfloat16
d12-s10,12,10,d12-s10-s0-0ffeb05742bb4154a3f1afc202dc3955,native,curvature/verdict_code_gradient,verdict_code,gradient,41,0.01626984126984127,2.0,,torch.bfloat16
d12-s10,12,10,d12-s10-s0-0ffeb05742bb4154a3f1afc202dc3955,native,curvature/e_sym_update,e_sym,update,41,0.01626984126984127,0.014788921090350347,,torch.bfloat16
d12-s10,12,10,d12-s10-s0-0ffeb05742bb4154a3f1afc202dc3955,native,curvature/e_lin_update,e_lin,update,41,0.01626984126984127,0.00868830151269306,,torch.bfloat16
d12-s10,12,10,d12-s10-s0-0ffeb05742bb4154a3f1afc202dc3955,native,curvature/verdict_code_update,verdict_code,update,41,0.01626984126984127,2.0,,torch.bfloat16
d12-s10,12,10,d12-s10-s0-0ffeb05742bb4154a3f1afc202dc3955,shadow_fp32,curvature/e_sym_random,e_sym,random,65,0.025793650793650792,5.939699571309065e-07,hvp-shadow-fp32-ieee-v1,torch.float32
d12-s10,12,10,d12-s10-s0-0ffeb05742bb4154a3f1afc202dc3955,shadow_fp32,curvature/e_lin_random,e_lin,random,65,0.025793650793650792,6.571339958453662e-07,hvp-shadow-fp32-ieee-v1,torch.float32
d12-s10,12,10,d12-s10-s0-0ffeb05742bb4154a3f1afc202dc3955,shadow_fp32,curvature/verdict_code_random,verdict_code,random,65,0.025793650793650792,1.0,hvp-shadow-fp32-ieee-v1,torch.float32
d12-s10,12,10,d12-s10-s0-0ffeb05742bb4154a3f1afc202dc3955,shadow_fp32,curvature/e_sym_gradient,e_sym,gradient,65,0.025793650793650792,1.151853092511402e-09,hvp-shadow-fp32-ieee-v1,torch.float32
d12-s10,12,10,d12-s10-s0-0ffeb05742bb4154a3f1afc202dc3955,shadow_fp32,curvature/e_lin_gradient,e_lin,gradient,65,0.025793650793650792,3.848886118694424e-07,hvp-shadow-fp32-ieee-v1,torch.float32
d12-s10,12,10,d12-s10-s0-0ffeb05742bb4154a3f1afc202dc3955,shadow_fp32,curvature/verdict_code_gradient,verdict_code,gradient,65,0.025793650793650792,0.0,hvp-shadow-fp32-ieee-v1,torch.float32
d12-s10,12,10,d12-s10-s0-0ffeb05742bb4154a3f1afc202dc3955,shadow_fp32,curvature/e_sym_update,e_sym,update,65,0.025793650793650792,4.3056781004560805e-06,hvp-shadow-fp32-ieee-v1,torch.float32
d12-s10,12,10,d12-s10-s0-0ffeb05742bb4154a3f1afc202dc3955,shadow_fp32,curvature/e_lin_update,e_lin,update,65,0.025793650793650792,5.77311969309381e-07,hvp-shadow-fp32-ieee-v1,torch.float32
d12-s10,12,10,d12-s10-s0-0ffeb05742bb4154a3f1afc202dc3955,shadow_fp32,curvature/verdict_code_update,verdict_code,update,65,0.025793650793650792,1.0,hvp-shadow-fp32-ieee-v1,torch.float32
d12-s10,12,10,d12-s10-s0-0ffeb05742bb4154a3f1afc202dc3955,native,curvature/e_sym_random,e_sym,random,65,0.025793650793650792,0.052829275972223005,,torch.bfloat16
d12-s10,12,10,d12-s10-s0-0ffeb05742bb4154a3f1afc202dc3955,native,curvature/e_lin_random,e_lin,random,65,0.025793650793650792,0.010825259662696034,,torch.bfloat16
d12-s10,12,10,d12-s10-s0-0ffeb05742bb4154a3f1afc202dc3955,native,curvature/verdict_code_random,verdict_code,random,65,0.025793650793650792,2.0,,torch.bfloat16
d12-s10,12,10,d12-s10-s0-0ffeb05742bb4154a3f1afc202dc3955,native,curvature/e_sym_gradient,e_sym,gradient,65,0.025793650793650792,0.00040690804588957864,,torch.bfloat16
d12-s10,12,10,d12-s10-s0-0ffeb05742bb4154a3f1afc202dc3955,native,curvature/e_lin_gradient,e_lin,gradient,65,0.025793650793650792,0.004051709032605389,,torch.bfloat16
d12-s10,12,10,d12-s10-s0-0ffeb05742bb4154a3f1afc202dc3955,native,curvature/verdict_code_gradient,verdict_code,gradient,65,0.025793650793650792,2.0,,torch.bfloat16
d12-s10,12,10,d12-s10-s0-0ffeb05742bb4154a3f1afc202dc3955,native,curvature/e_sym_update,e_sym,update,65,0.025793650793650792,0.013600690975482528,,torch.bfloat16
d12-s10,12,10,d12-s10-s0-0ffeb05742bb4154a3f1afc202dc3955,native,curvature/e_lin_update,e_lin,update,65,0.025793650793650792,0.009235206839001128,,torch.bfloat16
d12-s10,12,10,d12-s10-s0-0ffeb05742bb4154a3f1afc202dc3955,native,curvature/verdict_code_update,verdict_code,update,65,0.025793650793650792,2.0,,torch.bfloat16
d12-s10,12,10,d12-s10-s0-0ffeb05742bb4154a3f1afc202dc3955,shadow_fp32,curvature/e_sym_random,e_sym,random,127,0.0503968253968254,6.435503634872129e-07,hvp-shadow-fp32-ieee-v1,torch.float32
d12-s10,12,10,d12-s10-s0-0ffeb05742bb4154a3f1afc202dc3955,shadow_fp32,curvature/e_lin_random,e_lin,random,127,0.0503968253968254,7.451706567221476e-07,hvp-shadow-fp32-ieee-v1,torch.float32
d12-s10,12,10,d12-s10-s0-0ffeb05742bb4154a3f1afc202dc3955,shadow_fp32,curvature/verdict_code_random,verdict_code,random,127,0.0503968253968254,1.0,hvp-shadow-fp32-ieee-v1,torch.float32
d12-s10,12,10,d12-s10-s0-0ffeb05742bb4154a3f1afc202dc3955,shadow_fp32,curvature/e_sym_gradient,e_sym,gradient,127,0.0503968253968254,5.545763034428303e-08,hvp-shadow-fp32-ieee-v1,torch.float32
d12-s10,12,10,d12-s10-s0-0ffeb05742bb4154a3f1afc202dc3955,shadow_fp32,curvature/e_lin_gradient,e_lin,gradient,127,0.0503968253968254,4.5073130549821317e-07,hvp-shadow-fp32-ieee-v1,torch.float32
d12-s10,12,10,d12-s10-s0-0ffeb05742bb4154a3f1afc202dc3955,shadow_fp32,curvature/verdict_code_gradient,verdict_code,gradient,127,0.0503968253968254,0.0,hvp-shadow-fp32-ieee-v1,torch.float32
d12-s10,12,10,d12-s10-s0-0ffeb05742bb4154a3f1afc202dc3955,shadow_fp32,curvature/e_sym_update,e_sym,update,127,0.0503968253968254,3.828700483048141e-07,hvp-shadow-fp32-ieee-v1,torch.float32
d12-s10,12,10,d12-s10-s0-0ffeb05742bb4154a3f1afc202dc3955,shadow_fp32,curvature/e_lin_update,e_lin,update,127,0.0503968253968254,6.656679267240238e-07,hvp-shadow-fp32-ieee-v1,torch.float32
d12-s10,12,10,d12-s10-s0-0ffeb05742bb4154a3f1afc202dc3955,shadow_fp32,curvature/verdict_code_update,verdict_code,update,127,0.0503968253968254,1.0,hvp-shadow-fp32-ieee-v1,torch.float32
d12-s10,12,10,d12-s10-s0-0ffeb05742bb4154a3f1afc202dc3955,native,curvature/e_sym_random,e_sym,random,127,0.0503968253968254,0.006094149033342391,,torch.bfloat16
d12-s10,12,10,d12-s10-s0-0ffeb05742bb4154a3f1afc202dc3955,native,curvature/e_lin_random,e_lin,random,127,0.0503968253968254,0.012719592323310446,,torch.bfloat16
d12-s10,12,10,d12-s10-s0-0ffeb05742bb4154a3f1afc202dc3955,native,curvature/verdict_code_random,verdict_code,random,127,0.0503968253968254,2.0,,torch.bfloat16
d12-s10,12,10,d12-s10-s0-0ffeb05742bb4154a3f1afc202dc3955,native,curvature/e_sym_gradient,e_sym,gradient,127,0.0503968253968254,0.007834982867829368,,torch.bfloat16
d12-s10,12,10,d12-s10-s0-0ffeb05742bb4154a3f1afc202dc3955,native,curvature/e_lin_gradient,e_lin,gradient,127,0.0503968253968254,0.007976155890129464,,torch.bfloat16
d12-s10,12,10,d12-s10-s0-0ffeb05742bb4154a3f1afc202dc3955,native,curvature/verdict_code_gradient,verdict_code,gradient,127,0.0503968253968254,2.0,,torch.bfloat16
d12-s10,12,10,d12-s10-s0-0ffeb05742bb4154a3f1afc202dc3955,native,curvature/e_sym_update,e_sym,update,127,0.0503968253968254,0.010403418518378048,,torch.bfloat16
d12-s10,12,10,d12-s10-s0-0ffeb05742bb4154a3f1afc202dc3955,native,curvature/e_lin_update,e_lin,update,127,0.0503968253968254,0.011822360340645367,,torch.bfloat16
d12-s10,12,10,d12-s10-s0-0ffeb05742bb4154a3f1afc202dc3955,native,curvature/verdict_code_update,verdict_code,update,127,0.0503968253968254,2.0,,torch.bfloat16
d12-s10,12,10,d12-s10-s0-0ffeb05742bb4154a3f1afc202dc3955,shadow_fp32,curvature/e_sym_random,e_sym,random,253,0.1003968253968254,3.857047206745951e-08,hvp-shadow-fp32-ieee-v1,torch.float32
d12-s10,12,10,d12-s10-s0-0ffeb05742bb4154a3f1afc202dc3955,shadow_fp32,curvature/e_lin_random,e_lin,random,253,0.1003968253968254,7.424065660300053e-07,hvp-shadow-fp32-ieee-v1,torch.float32
d12-s10,12,10,d12-s10-s0-0ffeb05742bb4154a3f1afc202dc3955,shadow_fp32,curvature/verdict_code_random,verdict_code,random,253,0.1003968253968254,1.0,hvp-shadow-fp32-ieee-v1,torch.float32
d12-s10,12,10,d12-s10-s0-0ffeb05742bb4154a3f1afc202dc3955,shadow_fp32,curvature/e_sym_gradient,e_sym,gradient,253,0.1003968253968254,1.1212951419426226e-07,hvp-shadow-fp32-ieee-v1,torch.float32
d12-s10,12,10,d12-s10-s0-0ffeb05742bb4154a3f1afc202dc3955,shadow_fp32,curvature/e_lin_gradient,e_lin,gradient,253,0.1003968253968254,4.645553479807975e-07,hvp-shadow-fp32-ieee-v1,torch.float32
d12-s10,12,10,d12-s10-s0-0ffeb05742bb4154a3f1afc202dc3955,shadow_fp32,curvature/verdict_code_gradient,verdict_code,gradient,253,0.1003968253968254,0.0,hvp-shadow-fp32-ieee-v1,torch.float32
d12-s10,12,10,d12-s10-s0-0ffeb05742bb4154a3f1afc202dc3955,shadow_fp32,curvature/e_sym_update,e_sym,update,253,0.1003968253968254,1.821493506980152e-07,hvp-shadow-fp32-ieee-v1,torch.float32
d12-s10,12,10,d12-s10-s0-0ffeb05742bb4154a3f1afc202dc3955,shadow_fp32,curvature/e_lin_update,e_lin,update,253,0.1003968253968254,6.831697485295313e-07,hvp-shadow-fp32-ieee-v1,torch.float32
d12-s10,12,10,d12-s10-s0-0ffeb05742bb4154a3f1afc202dc3955,shadow_fp32,curvature/verdict_code_update,verdict_code,update,253,0.1003968253968254,1.0,hvp-shadow-fp32-ieee-v1,torch.float32
d12-s10,12,10,d12-s10-s0-0ffeb05742bb4154a3f1afc202dc3955,native,curvature/e_sym_random,e_sym,random,253,0.1003968253968254,0.002070598251228096,,torch.bfloat16
d12-s10,12,10,d12-s10-s0-0ffeb05742bb4154a3f1afc202dc3955,native,curvature/e_lin_random,e_lin,random,253,0.1003968253968254,0.011594392879035482,,torch.bfloat16
d12-s10,12,10,d12-s10-s0-0ffeb05742bb4154a3f1afc202dc3955,native,curvature/verdict_code_random,verdict_code,random,253,0.1003968253968254,2.0,,torch.bfloat16
d12-s10,12,10,d12-s10-s0-0ffeb05742bb4154a3f1afc202dc3955,native,curvature/e_sym_gradient,e_sym,gradient,253,0.1003968253968254,0.011087466599007664,,torch.bfloat16
d12-s10,12,10,d12-s10-s0-0ffeb05742bb4154a3f1afc202dc3955,native,curvature/e_lin_gradient,e_lin,gradient,253,0.1003968253968254,0.0068909133005462374,,torch.bfloat16
d12-s10,12,10,d12-s10-s0-0ffeb05742bb4154a3f1afc202dc3955,native,curvature/verdict_code_gradient,verdict_code,gradient,253,0.1003968253968254,2.0,,torch.bfloat16
d12-s10,12,10,d12-s10-s0-0ffeb05742bb4154a3f1afc202dc3955,native,curvature/e_sym_update,e_sym,update,253,0.1003968253968254,0.0028483849973803183,,torch.bfloat16
d12-s10,12,10,d12-s10-s0-0ffeb05742bb4154a3f1afc202dc3955,native,curvature/e_lin_update,e_lin,update,253,0.1003968253968254,0.01067335082463561,,torch.bfloat16
d12-s10,12,10,d12-s10-s0-0ffeb05742bb4154a3f1afc202dc3955,native,curvature/verdict_code_update,verdict_code,update,253,0.1003968253968254,2.0,,torch.bfloat16
d12-s10,12,10,d12-s10-s0-0ffeb05742bb4154a3f1afc202dc3955,shadow_fp32,curvature/e_sym_random,e_sym,random,379,0.1503968253968254,3.8697230044337555e-05,hvp-shadow-fp32-ieee-v1,torch.float32
d12-s10,12,10,d12-s10-s0-0ffeb05742bb4154a3f1afc202dc3955,shadow_fp32,curvature/e_lin_random,e_lin,random,379,0.1503968253968254,7.489934686359528e-07,hvp-shadow-fp32-ieee-v1,torch.float32
d12-s10,12,10,d12-s10-s0-0ffeb05742bb4154a3f1afc202dc3955,shadow_fp32,curvature/verdict_code_random,verdict_code,random,379,0.1503968253968254,1.0,hvp-shadow-fp32-ieee-v1,torch.float32
d12-s10,12,10,d12-s10-s0-0ffeb05742bb4154a3f1afc202dc3955,shadow_fp32,curvature/e_sym_gradient,e_sym,gradient,379,0.1503968253968254,8.927522069440034e-07,hvp-shadow-fp32-ieee-v1,torch.float32
d12-s10,12,10,d12-s10-s0-0ffeb05742bb4154a3f1afc202dc3955,shadow_fp32,curvature/e_lin_gradient,e_lin,gradient,379,0.1503968253968254,4.7494025345626166e-07,hvp-shadow-fp32-ieee-v1,torch.float32
d12-s10,12,10,d12-s10-s0-0ffeb05742bb4154a3f1afc202dc3955,shadow_fp32,curvature/verdict_code_gradient,verdict_code,gradient,379,0.1503968253968254,0.0,hvp-shadow-fp32-ieee-v1,torch.float32
d12-s10,12,10,d12-s10-s0-0ffeb05742bb4154a3f1afc202dc3955,shadow_fp32,curvature/e_sym_update,e_sym,update,379,0.1503968253968254,1.153039866152896e-07,hvp-shadow-fp32-ieee-v1,torch.float32
d12-s10,12,10,d12-s10-s0-0ffeb05742bb4154a3f1afc202dc3955,shadow_fp32,curvature/e_lin_update,e_lin,update,379,0.1503968253968254,7.138425926150062e-07,hvp-shadow-fp32-ieee-v1,torch.float32
d12-s10,12,10,d12-s10-s0-0ffeb05742bb4154a3f1afc202dc3955,shadow_fp32,curvature/verdict_code_update,verdict_code,update,379,0.1503968253968254,1.0,hvp-shadow-fp32-ieee-v1,torch.float32
d12-s10,12,10,d12-s10-s0-0ffeb05742bb4154a3f1afc202dc3955,native,curvature/e_sym_random,e_sym,random,379,0.1503968253968254,0.2407147632203873,,torch.bfloat16
d12-s10,12,10,d12-s10-s0-0ffeb05742bb4154a3f1afc202dc3955,native,curvature/e_lin_random,e_lin,random,379,0.1503968253968254,0.011531063060479881,,torch.bfloat16
d12-s10,12,10,d12-s10-s0-0ffeb05742bb4154a3f1afc202dc3955,native,curvature/verdict_code_random,verdict_code,random,379,0.1503968253968254,2.0,,torch.bfloat16
d12-s10,12,10,d12-s10-s0-0ffeb05742bb4154a3f1afc202dc3955,native,curvature/e_sym_gradient,e_sym,gradient,379,0.1503968253968254,0.03610732930051688,,torch.bfloat16
d12-s10,12,10,d12-s10-s0-0ffeb05742bb4154a3f1afc202dc3955,native,curvature/e_lin_gradient,e_lin,gradient,379,0.1503968253968254,0.006852446124060095,,torch.bfloat16
d12-s10,12,10,d12-s10-s0-0ffeb05742bb4154a3f1afc202dc3955,native,curvature/verdict_code_gradient,verdict_code,gradient,379,0.1503968253968254,2.0,,torch.bfloat16
d12-s10,12,10,d12-s10-s0-0ffeb05742bb4154a3f1afc202dc3955,native,curvature/e_sym_update,e_sym,update,379,0.1503968253968254,0.007054961828462527,,torch.bfloat16
d12-s10,12,10,d12-s10-s0-0ffeb05742bb4154a3f1afc202dc3955,native,curvature/e_lin_update,e_lin,update,379,0.1503968253968254,0.010827415298263058,,torch.bfloat16
d12-s10,12,10,d12-s10-s0-0ffeb05742bb4154a3f1afc202dc3955,native,curvature/verdict_code_update,verdict_code,update,379,0.1503968253968254,2.0,,torch.bfloat16
d12-s10,12,10,d12-s10-s0-0ffeb05742bb4154a3f1afc202dc3955,shadow_fp32,curvature/e_sym_random,e_sym,random,401,0.15912698412698412,1.6693941574419665e-06,hvp-shadow-fp32-ieee-v1,torch.float32
d12-s10,12,10,d12-s10-s0-0ffeb05742bb4154a3f1afc202dc3955,shadow_fp32,curvature/e_lin_random,e_lin,random,401,0.15912698412698412,7.645390265894232e-07,hvp-shadow-fp32-ieee-v1,torch.float32
d12-s10,12,10,d12-s10-s0-0ffeb05742bb4154a3f1afc202dc3955,shadow_fp32,curvature/verdict_code_random,verdict_code,random,401,0.15912698412698412,1.0,hvp-shadow-fp32-ieee-v1,torch.float32
d12-s10,12,10,d12-s10-s0-0ffeb05742bb4154a3f1afc202dc3955,shadow_fp32,curvature/e_sym_gradient,e_sym,gradient,401,0.15912698412698412,6.564526320031661e-07,hvp-shadow-fp32-ieee-v1,torch.float32
d12-s10,12,10,d12-s10-s0-0ffeb05742bb4154a3f1afc202dc3955,shadow_fp32,curvature/e_lin_gradient,e_lin,gradient,401,0.15912698412698412,6.172443577808591e-07,hvp-shadow-fp32-ieee-v1,torch.float32
d12-s10,12,10,d12-s10-s0-0ffeb05742bb4154a3f1afc202dc3955,shadow_fp32,curvature/verdict_code_gradient,verdict_code,gradient,401,0.15912698412698412,0.0,hvp-shadow-fp32-ieee-v1,torch.float32
d12-s10,12,10,d12-s10-s0-0ffeb05742bb4154a3f1afc202dc3955,shadow_fp32,curvature/e_sym_update,e_sym,update,401,0.15912698412698412,2.672659240743038e-07,hvp-shadow-fp32-ieee-v1,torch.float32
d12-s10,12,10,d12-s10-s0-0ffeb05742bb4154a3f1afc202dc3955,shadow_fp32,curvature/e_lin_update,e_lin,update,401,0.15912698412698412,7.264208204191361e-07,hvp-shadow-fp32-ieee-v1,torch.float32
d12-s10,12,10,d12-s10-s0-0ffeb05742bb4154a3f1afc202dc3955,shadow_fp32,curvature/verdict_code_update,verdict_code,update,401,0.15912698412698412,1.0,hvp-shadow-fp32-ieee-v1,torch.float32
d12-s10,12,10,d12-s10-s0-0ffeb05742bb4154a3f1afc202dc3955,native,curvature/e_sym_random,e_sym,random,401,0.15912698412698412,0.02373439513407646,,torch.bfloat16
d12-s10,12,10,d12-s10-s0-0ffeb05742bb4154a3f1afc202dc3955,native,curvature/e_lin_random,e_lin,random,401,0.15912698412698412,0.011532415362535122,,torch.bfloat16
d12-s10,12,10,d12-s10-s0-0ffeb05742bb4154a3f1afc202dc3955,native,curvature/verdict_code_random,verdict_code,random,401,0.15912698412698412,2.0,,torch.bfloat16
d12-s10,12,10,d12-s10-s0-0ffeb05742bb4154a3f1afc202dc3955,native,curvature/e_sym_gradient,e_sym,gradient,401,0.15912698412698412,0.004459254209375177,,torch.bfloat16
d12-s10,12,10,d12-s10-s0-0ffeb05742bb4154a3f1afc202dc3955,native,curvature/e_lin_gradient,e_lin,gradient,401,0.15912698412698412,0.00974756200840809,,torch.bfloat16
d12-s10,12,10,d12-s10-s0-0ffeb05742bb4154a3f1afc202dc3955,native,curvature/verdict_code_gradient,verdict_code,gradient,401,0.15912698412698412,2.0,,torch.bfloat16
d12-s10,12,10,d12-s10-s0-0ffeb05742bb4154a3f1afc202dc3955,native,curvature/e_sym_update,e_sym,update,401,0.15912698412698412,0.0031875212181040123,,torch.bfloat16
d12-s10,12,10,d12-s10-s0-0ffeb05742bb4154a3f1afc202dc3955,native,curvature/e_lin_update,e_lin,update,401,0.15912698412698412,0.01121818376045383,,torch.bfloat16
d12-s10,12,10,d12-s10-s0-0ffeb05742bb4154a3f1afc202dc3955,native,curvature/verdict_code_update,verdict_code,update,401,0.15912698412698412,2.0,,torch.bfloat16
d12-s10,12,10,d12-s10-s0-0ffeb05742bb4154a3f1afc202dc3955,shadow_fp32,curvature/e_sym_random,e_sym,random,505,0.2003968253968254,7.85447151195792e-07,hvp-shadow-fp32-ieee-v1,torch.float32
d12-s10,12,10,d12-s10-s0-0ffeb05742bb4154a3f1afc202dc3955,shadow_fp32,curvature/e_lin_random,e_lin,random,505,0.2003968253968254,7.508942554887903e-07,hvp-shadow-fp32-ieee-v1,torch.float32
d12-s10,12,10,d12-s10-s0-0ffeb05742bb4154a3f1afc202dc3955,shadow_fp32,curvature/verdict_code_random,verdict_code,random,505,0.2003968253968254,1.0,hvp-shadow-fp32-ieee-v1,torch.float32
d12-s10,12,10,d12-s10-s0-0ffeb05742bb4154a3f1afc202dc3955,shadow_fp32,curvature/e_sym_gradient,e_sym,gradient,505,0.2003968253968254,2.5988613120420607e-07,hvp-shadow-fp32-ieee-v1,torch.float32
d12-s10,12,10,d12-s10-s0-0ffeb05742bb4154a3f1afc202dc3955,shadow_fp32,curvature/e_lin_gradient,e_lin,gradient,505,0.2003968253968254,5.961001773014381e-07,hvp-shadow-fp32-ieee-v1,torch.float32
d12-s10,12,10,d12-s10-s0-0ffeb05742bb4154a3f1afc202dc3955,shadow_fp32,curvature/verdict_code_gradient,verdict_code,gradient,505,0.2003968253968254,0.0,hvp-shadow-fp32-ieee-v1,torch.float32
d12-s10,12,10,d12-s10-s0-0ffeb05742bb4154a3f1afc202dc3955,shadow_fp32,curvature/e_sym_update,e_sym,update,505,0.2003968253968254,1.0949923931606573e-06,hvp-shadow-fp32-ieee-v1,torch.float32
d12-s10,12,10,d12-s10-s0-0ffeb05742bb4154a3f1afc202dc3955,shadow_fp32,curvature/e_lin_update,e_lin,update,505,0.2003968253968254,7.703544613260905e-07,hvp-shadow-fp32-ieee-v1,torch.float32
d12-s10,12,10,d12-s10-s0-0ffeb05742bb4154a3f1afc202dc3955,shadow_fp32,curvature/verdict_code_update,verdict_code,update,505,0.2003968253968254,1.0,hvp-shadow-fp32-ieee-v1,torch.float32
d12-s10,12,10,d12-s10-s0-0ffeb05742bb4154a3f1afc202dc3955,native,curvature/e_sym_random,e_sym,random,505,0.2003968253968254,0.010175562952877566,,torch.bfloat16
d12-s10,12,10,d12-s10-s0-0ffeb05742bb4154a3f1afc202dc3955,native,curvature/e_lin_random,e_lin,random,505,0.2003968253968254,0.011693516069726524,,torch.bfloat16
d12-s10,12,10,d12-s10-s0-0ffeb05742bb4154a3f1afc202dc3955,native,curvature/verdict_code_random,verdict_code,random,505,0.2003968253968254,2.0,,torch.bfloat16
d12-s10,12,10,d12-s10-s0-0ffeb05742bb4154a3f1afc202dc3955,native,curvature/e_sym_gradient,e_sym,gradient,505,0.2003968253968254,0.00456773521266529,,torch.bfloat16
d12-s10,12,10,d12-s10-s0-0ffeb05742bb4154a3f1afc202dc3955,native,curvature/e_lin_gradient,e_lin,gradient,505,0.2003968253968254,0.00847659320348601,,torch.bfloat16
d12-s10,12,10,d12-s10-s0-0ffeb05742bb4154a3f1afc202dc3955,native,curvature/verdict_code_gradient,verdict_code,gradient,505,0.2003968253968254,2.0,,torch.bfloat16
d12-s10,12,10,d12-s10-s0-0ffeb05742bb4154a3f1afc202dc3955,native,curvature/e_sym_update,e_sym,update,505,0.2003968253968254,0.0042575504946733775,,torch.bfloat16
d12-s10,12,10,d12-s10-s0-0ffeb05742bb4154a3f1afc202dc3955,native,curvature/e_lin_update,e_lin,update,505,0.2003968253968254,0.011926315116144401,,torch.bfloat16
d12-s10,12,10,d12-s10-s0-0ffeb05742bb4154a3f1afc202dc3955,native,curvature/verdict_code_update,verdict_code,update,505,0.2003968253968254,2.0,,torch.bfloat16
d12-s10,12,10,d12-s10-s0-0ffeb05742bb4154a3f1afc202dc3955,shadow_fp32,curvature/e_sym_random,e_sym,random,631,0.2503968253968254,4.649465125719328e-06,hvp-shadow-fp32-ieee-v1,torch.float32
d12-s10,12,10,d12-s10-s0-0ffeb05742bb4154a3f1afc202dc3955,shadow_fp32,curvature/e_lin_random,e_lin,random,631,0.2503968253968254,7.503473050254998e-07,hvp-shadow-fp32-ieee-v1,torch.float32
d12-s10,12,10,d12-s10-s0-0ffeb05742bb4154a3f1afc202dc3955,shadow_fp32,curvature/verdict_code_random,verdict_code,random,631,0.2503968253968254,1.0,hvp-shadow-fp32-ieee-v1,torch.float32
d12-s10,12,10,d12-s10-s0-0ffeb05742bb4154a3f1afc202dc3955,shadow_fp32,curvature/e_sym_gradient,e_sym,gradient,631,0.2503968253968254,6.186869027759807e-07,hvp-shadow-fp32-ieee-v1,torch.float32
d12-s10,12,10,d12-s10-s0-0ffeb05742bb4154a3f1afc202dc3955,shadow_fp32,curvature/e_lin_gradient,e_lin,gradient,631,0.2503968253968254,4.919144053127508e-07,hvp-shadow-fp32-ieee-v1,torch.float32
d12-s10,12,10,d12-s10-s0-0ffeb05742bb4154a3f1afc202dc3955,shadow_fp32,curvature/verdict_code_gradient,verdict_code,gradient,631,0.2503968253968254,0.0,hvp-shadow-fp32-ieee-v1,torch.float32
d12-s10,12,10,d12-s10-s0-0ffeb05742bb4154a3f1afc202dc3955,shadow_fp32,curvature/e_sym_update,e_sym,update,631,0.2503968253968254,0.0001370425424801867,hvp-shadow-fp32-ieee-v1,torch.float32
d12-s10,12,10,d12-s10-s0-0ffeb05742bb4154a3f1afc202dc3955,shadow_fp32,curvature/e_lin_update,e_lin,update,631,0.2503968253968254,7.084804275884409e-07,hvp-shadow-fp32-ieee-v1,torch.float32
d12-s10,12,10,d12-s10-s0-0ffeb05742bb4154a3f1afc202dc3955,shadow_fp32,curvature/verdict_code_update,verdict_code,update,631,0.2503968253968254,2.0,hvp-shadow-fp32-ieee-v1,torch.float32
d12-s10,12,10,d12-s10-s0-0ffeb05742bb4154a3f1afc202dc3955,native,curvature/e_sym_random,e_sym,random,631,0.2503968253968254,0.0014402806449852678,,torch.bfloat16
d12-s10,12,10,d12-s10-s0-0ffeb05742bb4154a3f1afc202dc3955,native,curvature/e_lin_random,e_lin,random,631,0.2503968253968254,0.011250287989717526,,torch.bfloat16
d12-s10,12,10,d12-s10-s0-0ffeb05742bb4154a3f1afc202dc3955,native,curvature/verdict_code_random,verdict_code,random,631,0.2503968253968254,2.0,,torch.bfloat16
d12-s10,12,10,d12-s10-s0-0ffeb05742bb4154a3f1afc202dc3955,native,curvature/e_sym_gradient,e_sym,gradient,631,0.2503968253968254,0.00389680799910605,,torch.bfloat16
d12-s10,12,10,d12-s10-s0-0ffeb05742bb4154a3f1afc202dc3955,native,curvature/e_lin_gradient,e_lin,gradient,631,0.2503968253968254,0.007281711589841386,,torch.bfloat16
d12-s10,12,10,d12-s10-s0-0ffeb05742bb4154a3f1afc202dc3955,native,curvature/verdict_code_gradient,verdict_code,gradient,631,0.2503968253968254,2.0,,torch.bfloat16
d12-s10,12,10,d12-s10-s0-0ffeb05742bb4154a3f1afc202dc3955,native,curvature/e_sym_update,e_sym,update,631,0.2503968253968254,1.8459556763176919,,torch.bfloat16
d12-s10,12,10,d12-s10-s0-0ffeb05742bb4154a3f1afc202dc3955,native,curvature/e_lin_update,e_lin,update,631,0.2503968253968254,0.010599044239475478,,torch.bfloat16
d12-s10,12,10,d12-s10-s0-0ffeb05742bb4154a3f1afc202dc3955,native,curvature/verdict_code_update,verdict_code,update,631,0.2503968253968254,2.0,,torch.bfloat16
d12-s10,12,10,d12-s10-s0-0ffeb05742bb4154a3f1afc202dc3955,shadow_fp32,curvature/e_sym_random,e_sym,random,757,0.3003968253968254,9.406419806203764e-08,hvp-shadow-fp32-ieee-v1,torch.float32
d12-s10,12,10,d12-s10-s0-0ffeb05742bb4154a3f1afc202dc3955,shadow_fp32,curvature/e_lin_random,e_lin,random,757,0.3003968253968254,7.746846557855494e-07,hvp-shadow-fp32-ieee-v1,torch.float32
d12-s10,12,10,d12-s10-s0-0ffeb05742bb4154a3f1afc202dc3955,shadow_fp32,curvature/verdict_code_random,verdict_code,random,757,0.3003968253968254,1.0,hvp-shadow-fp32-ieee-v1,torch.float32
d12-s10,12,10,d12-s10-s0-0ffeb05742bb4154a3f1afc202dc3955,shadow_fp32,curvature/e_sym_gradient,e_sym,gradient,757,0.3003968253968254,5.449554958736956e-07,hvp-shadow-fp32-ieee-v1,torch.float32
d12-s10,12,10,d12-s10-s0-0ffeb05742bb4154a3f1afc202dc3955,shadow_fp32,curvature/e_lin_gradient,e_lin,gradient,757,0.3003968253968254,5.892174884396348e-07,hvp-shadow-fp32-ieee-v1,torch.float32
d12-s10,12,10,d12-s10-s0-0ffeb05742bb4154a3f1afc202dc3955,shadow_fp32,curvature/verdict_code_gradient,verdict_code,gradient,757,0.3003968253968254,0.0,hvp-shadow-fp32-ieee-v1,torch.float32
d12-s10,12,10,d12-s10-s0-0ffeb05742bb4154a3f1afc202dc3955,shadow_fp32,curvature/e_sym_update,e_sym,update,757,0.3003968253968254,3.708999977099788e-07,hvp-shadow-fp32-ieee-v1,torch.float32
d12-s10,12,10,d12-s10-s0-0ffeb05742bb4154a3f1afc202dc3955,shadow_fp32,curvature/e_lin_update,e_lin,update,757,0.3003968253968254,8.021388982054601e-07,hvp-shadow-fp32-ieee-v1,torch.float32
d12-s10,12,10,d12-s10-s0-0ffeb05742bb4154a3f1afc202dc3955,shadow_fp32,curvature/verdict_code_update,verdict_code,update,757,0.3003968253968254,1.0,hvp-shadow-fp32-ieee-v1,torch.float32
d12-s10,12,10,d12-s10-s0-0ffeb05742bb4154a3f1afc202dc3955,native,curvature/e_sym_random,e_sym,random,757,0.3003968253968254,0.02445205601776073,,torch.bfloat16
d12-s10,12,10,d12-s10-s0-0ffeb05742bb4154a3f1afc202dc3955,native,curvature/e_lin_random,e_lin,random,757,0.3003968253968254,0.01230432632726415,,torch.bfloat16
d12-s10,12,10,d12-s10-s0-0ffeb05742bb4154a3f1afc202dc3955,native,curvature/verdict_code_random,verdict_code,random,757,0.3003968253968254,2.0,,torch.bfloat16
d12-s10,12,10,d12-s10-s0-0ffeb05742bb4154a3f1afc202dc3955,native,curvature/e_sym_gradient,e_sym,gradient,757,0.3003968253968254,0.006502206273297501,,torch.bfloat16
d12-s10,12,10,d12-s10-s0-0ffeb05742bb4154a3f1afc202dc3955,native,curvature/e_lin_gradient,e_lin,gradient,757,0.3003968253968254,0.0076698513334820485,,torch.bfloat16
d12-s10,12,10,d12-s10-s0-0ffeb05742bb4154a3f1afc202dc3955,native,curvature/verdict_code_gradient,verdict_code,gradient,757,0.3003968253968254,2.0,,torch.bfloat16
d12-s10,12,10,d12-s10-s0-0ffeb05742bb4154a3f1afc202dc3955,native,curvature/e_sym_update,e_sym,update,757,0.3003968253968254,0.002414952200971875,,torch.bfloat16
d12-s10,12,10,d12-s10-s0-0ffeb05742bb4154a3f1afc202dc3955,native,curvature/e_lin_update,e_lin,update,757,0.3003968253968254,0.011114391108310879,,torch.bfloat16
d12-s10,12,10,d12-s10-s0-0ffeb05742bb4154a3f1afc202dc3955,native,curvature/verdict_code_update,verdict_code,update,757,0.3003968253968254,2.0,,torch.bfloat16
d12-s10,12,10,d12-s10-s0-0ffeb05742bb4154a3f1afc202dc3955,shadow_fp32,curvature/e_sym_random,e_sym,random,883,0.3503968253968254,6.853717405054058e-06,hvp-shadow-fp32-ieee-v1,torch.float32
d12-s10,12,10,d12-s10-s0-0ffeb05742bb4154a3f1afc202dc3955,shadow_fp32,curvature/e_lin_random,e_lin,random,883,0.3503968253968254,7.576489091400454e-07,hvp-shadow-fp32-ieee-v1,torch.float32
d12-s10,12,10,d12-s10-s0-0ffeb05742bb4154a3f1afc202dc3955,shadow_fp32,curvature/verdict_code_random,verdict_code,random,883,0.3503968253968254,1.0,hvp-shadow-fp32-ieee-v1,torch.float32
d12-s10,12,10,d12-s10-s0-0ffeb05742bb4154a3f1afc202dc3955,shadow_fp32,curvature/e_sym_gradient,e_sym,gradient,883,0.3503968253968254,4.4838690221508066e-07,hvp-shadow-fp32-ieee-v1,torch.float32
d12-s10,12,10,d12-s10-s0-0ffeb05742bb4154a3f1afc202dc3955,shadow_fp32,curvature/e_lin_gradient,e_lin,gradient,883,0.3503968253968254,4.694471759434822e-07,hvp-shadow-fp32-ieee-v1,torch.float32
d12-s10,12,10,d12-s10-s0-0ffeb05742bb4154a3f1afc202dc3955,shadow_fp32,curvature/verdict_code_gradient,verdict_code,gradient,883,0.3503968253968254,0.0,hvp-shadow-fp32-ieee-v1,torch.float32
d12-s10,12,10,d12-s10-s0-0ffeb05742bb4154a3f1afc202dc3955,shadow_fp32,curvature/e_sym_update,e_sym,update,883,0.3503968253968254,7.234687813422614e-07,hvp-shadow-fp32-ieee-v1,torch.float32
d12-s10,12,10,d12-s10-s0-0ffeb05742bb4154a3f1afc202dc3955,shadow_fp32,curvature/e_lin_update,e_lin,update,883,0.3503968253968254,7.248601554608183e-07,hvp-shadow-fp32-ieee-v1,torch.float32
d12-s10,12,10,d12-s10-s0-0ffeb05742bb4154a3f1afc202dc3955,shadow_fp32,curvature/verdict_code_update,verdict_code,update,883,0.3503968253968254,1.0,hvp-shadow-fp32-ieee-v1,torch.float32
d12-s10,12,10,d12-s10-s0-0ffeb05742bb4154a3f1afc202dc3955,native,curvature/e_sym_random,e_sym,random,883,0.3503968253968254,0.30069055301832287,,torch.bfloat16
d12-s10,12,10,d12-s10-s0-0ffeb05742bb4154a3f1afc202dc3955,native,curvature/e_lin_random,e_lin,random,883,0.3503968253968254,0.011390457319142646,,torch.bfloat16
d12-s10,12,10,d12-s10-s0-0ffeb05742bb4154a3f1afc202dc3955,native,curvature/verdict_code_random,verdict_code,random,883,0.3503968253968254,2.0,,torch.bfloat16
d12-s10,12,10,d12-s10-s0-0ffeb05742bb4154a3f1afc202dc3955,native,curvature/e_sym_gradient,e_sym,gradient,883,0.3503968253968254,0.0023416992417104312,,torch.bfloat16
d12-s10,12,10,d12-s10-s0-0ffeb05742bb4154a3f1afc202dc3955,native,curvature/e_lin_gradient,e_lin,gradient,883,0.3503968253968254,0.0055673497090469514,,torch.bfloat16
d12-s10,12,10,d12-s10-s0-0ffeb05742bb4154a3f1afc202dc3955,native,curvature/verdict_code_gradient,verdict_code,gradient,883,0.3503968253968254,2.0,,torch.bfloat16
d12-s10,12,10,d12-s10-s0-0ffeb05742bb4154a3f1afc202dc3955,native,curvature/e_sym_update,e_sym,update,883,0.3503968253968254,0.005416780875435897,,torch.bfloat16
d12-s10,12,10,d12-s10-s0-0ffeb05742bb4154a3f1afc202dc3955,native,curvature/e_lin_update,e_lin,update,883,0.3503968253968254,0.010300534116611321,,torch.bfloat16
d12-s10,12,10,d12-s10-s0-0ffeb05742bb4154a3f1afc202dc3955,native,curvature/verdict_code_update,verdict_code,update,883,0.3503968253968254,2.0,,torch.bfloat16
d12-s10,12,10,d12-s10-s0-0ffeb05742bb4154a3f1afc202dc3955,shadow_fp32,curvature/e_sym_random,e_sym,random,1009,0.4003968253968254,5.646899120066108e-07,hvp-shadow-fp32-ieee-v1,torch.float32
d12-s10,12,10,d12-s10-s0-0ffeb05742bb4154a3f1afc202dc3955,shadow_fp32,curvature/e_lin_random,e_lin,random,1009,0.4003968253968254,7.960201713784508e-07,hvp-shadow-fp32-ieee-v1,torch.float32
d12-s10,12,10,d12-s10-s0-0ffeb05742bb4154a3f1afc202dc3955,shadow_fp32,curvature/verdict_code_random,verdict_code,random,1009,0.4003968253968254,1.0,hvp-shadow-fp32-ieee-v1,torch.float32
d12-s10,12,10,d12-s10-s0-0ffeb05742bb4154a3f1afc202dc3955,shadow_fp32,curvature/e_sym_gradient,e_sym,gradient,1009,0.4003968253968254,3.5903709432512725e-07,hvp-shadow-fp32-ieee-v1,torch.float32
d12-s10,12,10,d12-s10-s0-0ffeb05742bb4154a3f1afc202dc3955,shadow_fp32,curvature/e_lin_gradient,e_lin,gradient,1009,0.4003968253968254,4.3905482028045824e-07,hvp-shadow-fp32-ieee-v1,torch.float32
d12-s10,12,10,d12-s10-s0-0ffeb05742bb4154a3f1afc202dc3955,shadow_fp32,curvature/verdict_code_gradient,verdict_code,gradient,1009,0.4003968253968254,0.0,hvp-shadow-fp32-ieee-v1,torch.float32
d12-s10,12,10,d12-s10-s0-0ffeb05742bb4154a3f1afc202dc3955,shadow_fp32,curvature/e_sym_update,e_sym,update,1009,0.4003968253968254,2.9896851565189935e-06,hvp-shadow-fp32-ieee-v1,torch.float32
d12-s10,12,10,d12-s10-s0-0ffeb05742bb4154a3f1afc202dc3955,shadow_fp32,curvature/e_lin_update,e_lin,update,1009,0.4003968253968254,6.972836817031171e-07,hvp-shadow-fp32-ieee-v1,torch.float32
d12-s10,12,10,d12-s10-s0-0ffeb05742bb4154a3f1afc202dc3955,shadow_fp32,curvature/verdict_code_update,verdict_code,update,1009,0.4003968253968254,1.0,hvp-shadow-fp32-ieee-v1,torch.float32
d12-s10,12,10,d12-s10-s0-0ffeb05742bb4154a3f1afc202dc3955,native,curvature/e_sym_random,e_sym,random,1009,0.4003968253968254,0.0024715944449089427,,torch.bfloat16
d12-s10,12,10,d12-s10-s0-0ffeb05742bb4154a3f1afc202dc3955,native,curvature/e_lin_random,e_lin,random,1009,0.4003968253968254,0.011039524310790673,,torch.bfloat16
d12-s10,12,10,d12-s10-s0-0ffeb05742bb4154a3f1afc202dc3955,native,curvature/verdict_code_random,verdict_code,random,1009,0.4003968253968254,2.0,,torch.bfloat16
d12-s10,12,10,d12-s10-s0-0ffeb05742bb4154a3f1afc202dc3955,native,curvature/e_sym_gradient,e_sym,gradient,1009,0.4003968253968254,0.0042901452758634965,,torch.bfloat16
d12-s10,12,10,d12-s10-s0-0ffeb05742bb4154a3f1afc202dc3955,native,curvature/e_lin_gradient,e_lin,gradient,1009,0.4003968253968254,0.0048738862307758455,,torch.bfloat16
d12-s10,12,10,d12-s10-s0-0ffeb05742bb4154a3f1afc202dc3955,native,curvature/verdict_code_gradient,verdict_code,gradient,1009,0.4003968253968254,2.0,,torch.bfloat16
d12-s10,12,10,d12-s10-s0-0ffeb05742bb4154a3f1afc202dc3955,native,curvature/e_sym_update,e_sym,update,1009,0.4003968253968254,0.0008278015679680289,,torch.bfloat16
d12-s10,12,10,d12-s10-s0-0ffeb05742bb4154a3f1afc202dc3955,native,curvature/e_lin_update,e_lin,update,1009,0.4003968253968254,0.009123240446072966,,torch.bfloat16
d12-s10,12,10,d12-s10-s0-0ffeb05742bb4154a3f1afc202dc3955,native,curvature/verdict_code_update,verdict_code,update,1009,0.4003968253968254,2.0,,torch.bfloat16
d12-s10,12,10,d12-s10-s0-0ffeb05742bb4154a3f1afc202dc3955,shadow_fp32,curvature/e_sym_random,e_sym,random,1135,0.4503968253968254,2.9487550061635394e-07,hvp-shadow-fp32-ieee-v1,torch.float32
d12-s10,12,10,d12-s10-s0-0ffeb05742bb4154a3f1afc202dc3955,shadow_fp32,curvature/e_lin_random,e_lin,random,1135,0.4503968253968254,8.036059878023545e-07,hvp-shadow-fp32-ieee-v1,torch.float32
d12-s10,12,10,d12-s10-s0-0ffeb05742bb4154a3f1afc202dc3955,shadow_fp32,curvature/verdict_code_random,verdict_code,random,1135,0.4503968253968254,1.0,hvp-shadow-fp32-ieee-v1,torch.float32
d12-s10,12,10,d12-s10-s0-0ffeb05742bb4154a3f1afc202dc3955,shadow_fp32,curvature/e_sym_gradient,e_sym,gradient,1135,0.4503968253968254,6.174453258090826e-07,hvp-shadow-fp32-ieee-v1,torch.float32
d12-s10,12,10,d12-s10-s0-0ffeb05742bb4154a3f1afc202dc3955,shadow_fp32,curvature/e_lin_gradient,e_lin,gradient,1135,0.4503968253968254,4.971572099309392e-07,hvp-shadow-fp32-ieee-v1,torch.float32
d12-s10,12,10,d12-s10-s0-0ffeb05742bb4154a3f1afc202dc3955,shadow_fp32,curvature/verdict_code_gradient,verdict_code,gradient,1135,0.4503968253968254,0.0,hvp-shadow-fp32-ieee-v1,torch.float32
d12-s10,12,10,d12-s10-s0-0ffeb05742bb4154a3f1afc202dc3955,shadow_fp32,curvature/e_sym_update,e_sym,update,1135,0.4503968253968254,1.969854503471612e-06,hvp-shadow-fp32-ieee-v1,torch.float32
d12-s10,12,10,d12-s10-s0-0ffeb05742bb4154a3f1afc202dc3955,shadow_fp32,curvature/e_lin_update,e_lin,update,1135,0.4503968253968254,7.24826615286501e-07,hvp-shadow-fp32-ieee-v1,torch.float32
d12-s10,12,10,d12-s10-s0-0ffeb05742bb4154a3f1afc202dc3955,shadow_fp32,curvature/verdict_code_update,verdict_code,update,1135,0.4503968253968254,1.0,hvp-shadow-fp32-ieee-v1,torch.float32
d12-s10,12,10,d12-s10-s0-0ffeb05742bb4154a3f1afc202dc3955,native,curvature/e_sym_random,e_sym,random,1135,0.4503968253968254,0.011682671855873423,,torch.bfloat16
d12-s10,12,10,d12-s10-s0-0ffeb05742bb4154a3f1afc202dc3955,native,curvature/e_lin_random,e_lin,random,1135,0.4503968253968254,0.011560841944505787,,torch.bfloat16
d12-s10,12,10,d12-s10-s0-0ffeb05742bb4154a3f1afc202dc3955,native,curvature/verdict_code_random,verdict_code,random,1135,0.4503968253968254,2.0,,torch.bfloat16
d12-s10,12,10,d12-s10-s0-0ffeb05742bb4154a3f1afc202dc3955,native,curvature/e_sym_gradient,e_sym,gradient,1135,0.4503968253968254,0.0027200633881125707,,torch.bfloat16
d12-s10,12,10,d12-s10-s0-0ffeb05742bb4154a3f1afc202dc3955,native,curvature/e_lin_gradient,e_lin,gradient,1135,0.4503968253968254,0.005687778577916246,,torch.bfloat16
d12-s10,12,10,d12-s10-s0-0ffeb05742bb4154a3f1afc202dc3955,native,curvature/verdict_code_gradient,verdict_code,gradient,1135,0.4503968253968254,2.0,,torch.bfloat16
d12-s10,12,10,d12-s10-s0-0ffeb05742bb4154a3f1afc202dc3955,native,curvature/e_sym_update,e_sym,update,1135,0.4503968253968254,0.0027935999402027988,,torch.bfloat16
d12-s10,12,10,d12-s10-s0-0ffeb05742bb4154a3f1afc202dc3955,native,curvature/e_lin_update,e_lin,update,1135,0.4503968253968254,0.010069338487623142,,torch.bfloat16
d12-s10,12,10,d12-s10-s0-0ffeb05742bb4154a3f1afc202dc3955,native,curvature/verdict_code_update,verdict_code,update,1135,0.4503968253968254,2.0,,torch.bfloat16
d12-s10,12,10,d12-s10-s0-0ffeb05742bb4154a3f1afc202dc3955,shadow_fp32,curvature/e_sym_random,e_sym,random,1261,0.5003968253968254,1.0476774659412485e-06,hvp-shadow-fp32-ieee-v1,torch.float32
d12-s10,12,10,d12-s10-s0-0ffeb05742bb4154a3f1afc202dc3955,shadow_fp32,curvature/e_lin_random,e_lin,random,1261,0.5003968253968254,7.740120864442301e-07,hvp-shadow-fp32-ieee-v1,torch.float32
d12-s10,12,10,d12-s10-s0-0ffeb05742bb4154a3f1afc202dc3955,shadow_fp32,curvature/verdict_code_random,verdict_code,random,1261,0.5003968253968254,1.0,hvp-shadow-fp32-ieee-v1,torch.float32
d12-s10,12,10,d12-s10-s0-0ffeb05742bb4154a3f1afc202dc3955,shadow_fp32,curvature/e_sym_gradient,e_sym,gradient,1261,0.5003968253968254,6.850586137110396e-07,hvp-shadow-fp32-ieee-v1,torch.float32
d12-s10,12,10,d12-s10-s0-0ffeb05742bb4154a3f1afc202dc3955,shadow_fp32,curvature/e_lin_gradient,e_lin,gradient,1261,0.5003968253968254,4.563852038642487e-07,hvp-shadow-fp32-ieee-v1,torch.float32
d12-s10,12,10,d12-s10-s0-0ffeb05742bb4154a3f1afc202dc3955,shadow_fp32,curvature/verdict_code_gradient,verdict_code,gradient,1261,0.5003968253968254,0.0,hvp-shadow-fp32-ieee-v1,torch.float32
d12-s10,12,10,d12-s10-s0-0ffeb05742bb4154a3f1afc202dc3955,shadow_fp32,curvature/e_sym_update,e_sym,update,1261,0.5003968253968254,2.4672426711862636e-06,hvp-shadow-fp32-ieee-v1,torch.float32
d12-s10,12,10,d12-s10-s0-0ffeb05742bb4154a3f1afc202dc3955,shadow_fp32,curvature/e_lin_update,e_lin,update,1261,0.5003968253968254,7.382491475523414e-07,hvp-shadow-fp32-ieee-v1,torch.float32
d12-s10,12,10,d12-s10-s0-0ffeb05742bb4154a3f1afc202dc3955,shadow_fp32,curvature/verdict_code_update,verdict_code,update,1261,0.5003968253968254,1.0,hvp-shadow-fp32-ieee-v1,torch.float32
d12-s10,12,10,d12-s10-s0-0ffeb05742bb4154a3f1afc202dc3955,native,curvature/e_sym_random,e_sym,random,1261,0.5003968253968254,0.009041666993766547,,torch.bfloat16
d12-s10,12,10,d12-s10-s0-0ffeb05742bb4154a3f1afc202dc3955,native,curvature/e_lin_random,e_lin,random,1261,0.5003968253968254,0.010970715582874982,,torch.bfloat16
d12-s10,12,10,d12-s10-s0-0ffeb05742bb4154a3f1afc202dc3955,native,curvature/verdict_code_random,verdict_code,random,1261,0.5003968253968254,2.0,,torch.bfloat16
d12-s10,12,10,d12-s10-s0-0ffeb05742bb4154a3f1afc202dc3955,native,curvature/e_sym_gradient,e_sym,gradient,1261,0.5003968253968254,0.002650686023432727,,torch.bfloat16
d12-s10,12,10,d12-s10-s0-0ffeb05742bb4154a3f1afc202dc3955,native,curvature/e_lin_gradient,e_lin,gradient,1261,0.5003968253968254,0.00541701153855676,,torch.bfloat16
d12-s10,12,10,d12-s10-s0-0ffeb05742bb4154a3f1afc202dc3955,native,curvature/verdict_code_gradient,verdict_code,gradient,1261,0.5003968253968254,2.0,,torch.bfloat16
d12-s10,12,10,d12-s10-s0-0ffeb05742bb4154a3f1afc202dc3955,native,curvature/e_sym_update,e_sym,update,1261,0.5003968253968254,1.97083242636275e-05,,torch.bfloat16
d12-s10,12,10,d12-s10-s0-0ffeb05742bb4154a3f1afc202dc3955,native,curvature/e_lin_update,e_lin,update,1261,0.5003968253968254,0.010148588556873082,,torch.bfloat16
d12-s10,12,10,d12-s10-s0-0ffeb05742bb4154a3f1afc202dc3955,native,curvature/verdict_code_update,verdict_code,update,1261,0.5003968253968254,2.0,,torch.bfloat16
d12-s10,12,10,d12-s10-s0-0ffeb05742bb4154a3f1afc202dc3955,shadow_fp32,curvature/e_sym_random,e_sym,random,1386,0.55,1.4901980605926098e-06,hvp-shadow-fp32-ieee-v1,torch.float32
d12-s10,12,10,d12-s10-s0-0ffeb05742bb4154a3f1afc202dc3955,shadow_fp32,curvature/e_lin_random,e_lin,random,1386,0.55,8.24075008557661e-07,hvp-shadow-fp32-ieee-v1,torch.float32
d12-s10,12,10,d12-s10-s0-0ffeb05742bb4154a3f1afc202dc3955,shadow_fp32,curvature/verdict_code_random,verdict_code,random,1386,0.55,1.0,hvp-shadow-fp32-ieee-v1,torch.float32
d12-s10,12,10,d12-s10-s0-0ffeb05742bb4154a3f1afc202dc3955,shadow_fp32,curvature/e_sym_gradient,e_sym,gradient,1386,0.55,2.2192630989876388e-07,hvp-shadow-fp32-ieee-v1,torch.float32
d12-s10,12,10,d12-s10-s0-0ffeb05742bb4154a3f1afc202dc3955,shadow_fp32,curvature/e_lin_gradient,e_lin,gradient,1386,0.55,4.837560532709094e-07,hvp-shadow-fp32-ieee-v1,torch.float32
d12-s10,12,10,d12-s10-s0-0ffeb05742bb4154a3f1afc202dc3955,shadow_fp32,curvature/verdict_code_gradient,verdict_code,gradient,1386,0.55,0.0,hvp-shadow-fp32-ieee-v1,torch.float32
d12-s10,12,10,d12-s10-s0-0ffeb05742bb4154a3f1afc202dc3955,shadow_fp32,curvature/e_sym_update,e_sym,update,1386,0.55,2.84063378460858e-06,hvp-shadow-fp32-ieee-v1,torch.float32
d12-s10,12,10,d12-s10-s0-0ffeb05742bb4154a3f1afc202dc3955,shadow_fp32,curvature/e_lin_update,e_lin,update,1386,0.55,7.582421823736155e-07,hvp-shadow-fp32-ieee-v1,torch.float32
d12-s10,12,10,d12-s10-s0-0ffeb05742bb4154a3f1afc202dc3955,shadow_fp32,curvature/verdict_code_update,verdict_code,update,1386,0.55,1.0,hvp-shadow-fp32-ieee-v1,torch.float32
d12-s10,12,10,d12-s10-s0-0ffeb05742bb4154a3f1afc202dc3955,native,curvature/e_sym_random,e_sym,random,1386,0.55,0.014086313894969917,,torch.bfloat16
d12-s10,12,10,d12-s10-s0-0ffeb05742bb4154a3f1afc202dc3955,native,curvature/e_lin_random,e_lin,random,1386,0.55,0.011279379124896552,,torch.bfloat16
d12-s10,12,10,d12-s10-s0-0ffeb05742bb4154a3f1afc202dc3955,native,curvature/verdict_code_random,verdict_code,random,1386,0.55,2.0,,torch.bfloat16
d12-s10,12,10,d12-s10-s0-0ffeb05742bb4154a3f1afc202dc3955,native,curvature/e_sym_gradient,e_sym,gradient,1386,0.55,0.0003792824055705829,,torch.bfloat16
d12-s10,12,10,d12-s10-s0-0ffeb05742bb4154a3f1afc202dc3955,native,curvature/e_lin_gradient,e_lin,gradient,1386,0.55,0.0052456406425940615,,torch.bfloat16
d12-s10,12,10,d12-s10-s0-0ffeb05742bb4154a3f1afc202dc3955,native,curvature/verdict_code_gradient,verdict_code,gradient,1386,0.55,2.0,,torch.bfloat16
d12-s10,12,10,d12-s10-s0-0ffeb05742bb4154a3f1afc202dc3955,native,curvature/e_sym_update,e_sym,update,1386,0.55,0.02732999270568068,,torch.bfloat16
d12-s10,12,10,d12-s10-s0-0ffeb05742bb4154a3f1afc202dc3955,native,curvature/e_lin_update,e_lin,update,1386,0.55,0.010410540735443383,,torch.bfloat16
d12-s10,12,10,d12-s10-s0-0ffeb05742bb4154a3f1afc202dc3955,native,curvature/verdict_code_update,verdict_code,update,1386,0.55,2.0,,torch.bfloat16
d12-s10,12,10,d12-s10-s0-0ffeb05742bb4154a3f1afc202dc3955,shadow_fp32,curvature/e_sym_random,e_sym,random,1512,0.6,6.229512198118226e-07,hvp-shadow-fp32-ieee-v1,torch.float32
d12-s10,12,10,d12-s10-s0-0ffeb05742bb4154a3f1afc202dc3955,shadow_fp32,curvature/e_lin_random,e_lin,random,1512,0.6,8.320341412579012e-07,hvp-shadow-fp32-ieee-v1,torch.float32
d12-s10,12,10,d12-s10-s0-0ffeb05742bb4154a3f1afc202dc3955,shadow_fp32,curvature/verdict_code_random,verdict_code,random,1512,0.6,1.0,hvp-shadow-fp32-ieee-v1,torch.float32
d12-s10,12,10,d12-s10-s0-0ffeb05742bb4154a3f1afc202dc3955,shadow_fp32,curvature/e_sym_gradient,e_sym,gradient,1512,0.6,1.49004702241773e-06,hvp-shadow-fp32-ieee-v1,torch.float32
d12-s10,12,10,d12-s10-s0-0ffeb05742bb4154a3f1afc202dc3955,shadow_fp32,curvature/e_lin_gradient,e_lin,gradient,1512,0.6,4.4749787277018336e-07,hvp-shadow-fp32-ieee-v1,torch.float32
d12-s10,12,10,d12-s10-s0-0ffeb05742bb4154a3f1afc202dc3955,shadow_fp32,curvature/verdict_code_gradient,verdict_code,gradient,1512,0.6,0.0,hvp-shadow-fp32-ieee-v1,torch.float32
d12-s10,12,10,d12-s10-s0-0ffeb05742bb4154a3f1afc202dc3955,shadow_fp32,curvature/e_sym_update,e_sym,update,1512,0.6,4.6937093946590724e-07,hvp-shadow-fp32-ieee-v1,torch.float32
d12-s10,12,10,d12-s10-s0-0ffeb05742bb4154a3f1afc202dc3955,shadow_fp32,curvature/e_lin_update,e_lin,update,1512,0.6,7.499916087999571e-07,hvp-shadow-fp32-ieee-v1,torch.float32
d12-s10,12,10,d12-s10-s0-0ffeb05742bb4154a3f1afc202dc3955,shadow_fp32,curvature/verdict_code_update,verdict_code,update,1512,0.6,1.0,hvp-shadow-fp32-ieee-v1,torch.float32
d12-s10,12,10,d12-s10-s0-0ffeb05742bb4154a3f1afc202dc3955,native,curvature/e_sym_random,e_sym,random,1512,0.6,0.0022090841831664005,,torch.bfloat16
d12-s10,12,10,d12-s10-s0-0ffeb05742bb4154a3f1afc202dc3955,native,curvature/e_lin_random,e_lin,random,1512,0.6,0.011902601170331642,,torch.bfloat16
d12-s10,12,10,d12-s10-s0-0ffeb05742bb4154a3f1afc202dc3955,native,curvature/verdict_code_random,verdict_code,random,1512,0.6,2.0,,torch.bfloat16
d12-s10,12,10,d12-s10-s0-0ffeb05742bb4154a3f1afc202dc3955,native,curvature/e_sym_gradient,e_sym,gradient,1512,0.6,0.011338847625046822,,torch.bfloat16
d12-s10,12,10,d12-s10-s0-0ffeb05742bb4154a3f1afc202dc3955,native,curvature/e_lin_gradient,e_lin,gradient,1512,0.6,0.004962090955072302,,torch.bfloat16
d12-s10,12,10,d12-s10-s0-0ffeb05742bb4154a3f1afc202dc3955,native,curvature/verdict_code_gradient,verdict_code,gradient,1512,0.6,2.0,,torch.bfloat16
d12-s10,12,10,d12-s10-s0-0ffeb05742bb4154a3f1afc202dc3955,native,curvature/e_sym_update,e_sym,update,1512,0.6,0.011970655038901752,,torch.bfloat16
d12-s10,12,10,d12-s10-s0-0ffeb05742bb4154a3f1afc202dc3955,native,curvature/e_lin_update,e_lin,update,1512,0.6,0.010222764790251323,,torch.bfloat16
d12-s10,12,10,d12-s10-s0-0ffeb05742bb4154a3f1afc202dc3955,native,curvature/verdict_code_update,verdict_code,update,1512,0.6,2.0,,torch.bfloat16
d12-s10,12,10,d12-s10-s0-0ffeb05742bb4154a3f1afc202dc3955,shadow_fp32,curvature/e_sym_random,e_sym,random,1638,0.65,9.004792977846715e-07,hvp-shadow-fp32-ieee-v1,torch.float32
d12-s10,12,10,d12-s10-s0-0ffeb05742bb4154a3f1afc202dc3955,shadow_fp32,curvature/e_lin_random,e_lin,random,1638,0.65,8.447523363976371e-07,hvp-shadow-fp32-ieee-v1,torch.float32
d12-s10,12,10,d12-s10-s0-0ffeb05742bb4154a3f1afc202dc3955,shadow_fp32,curvature/verdict_code_random,verdict_code,random,1638,0.65,1.0,hvp-shadow-fp32-ieee-v1,torch.float32
d12-s10,12,10,d12-s10-s0-0ffeb05742bb4154a3f1afc202dc3955,shadow_fp32,curvature/e_sym_gradient,e_sym,gradient,1638,0.65,3.4503664552826007e-07,hvp-shadow-fp32-ieee-v1,torch.float32
d12-s10,12,10,d12-s10-s0-0ffeb05742bb4154a3f1afc202dc3955,shadow_fp32,curvature/e_lin_gradient,e_lin,gradient,1638,0.65,4.7049382398509707e-07,hvp-shadow-fp32-ieee-v1,torch.float32
d12-s10,12,10,d12-s10-s0-0ffeb05742bb4154a3f1afc202dc3955,shadow_fp32,curvature/verdict_code_gradient,verdict_code,gradient,1638,0.65,0.0,hvp-shadow-fp32-ieee-v1,torch.float32
d12-s10,12,10,d12-s10-s0-0ffeb05742bb4154a3f1afc202dc3955,shadow_fp32,curvature/e_sym_update,e_sym,update,1638,0.65,7.79164892684076e-06,hvp-shadow-fp32-ieee-v1,torch.float32
d12-s10,12,10,d12-s10-s0-0ffeb05742bb4154a3f1afc202dc3955,shadow_fp32,curvature/e_lin_update,e_lin,update,1638,0.65,7.237206584768446e-07,hvp-shadow-fp32-ieee-v1,torch.float32
d12-s10,12,10,d12-s10-s0-0ffeb05742bb4154a3f1afc202dc3955,shadow_fp32,curvature/verdict_code_update,verdict_code,update,1638,0.65,1.0,hvp-shadow-fp32-ieee-v1,torch.float32
d12-s10,12,10,d12-s10-s0-0ffeb05742bb4154a3f1afc202dc3955,native,curvature/e_sym_random,e_sym,random,1638,0.65,0.015910340923864303,,torch.bfloat16
d12-s10,12,10,d12-s10-s0-0ffeb05742bb4154a3f1afc202dc3955,native,curvature/e_lin_random,e_lin,random,1638,0.65,0.011119470583738683,,torch.bfloat16
d12-s10,12,10,d12-s10-s0-0ffeb05742bb4154a3f1afc202dc3955,native,curvature/verdict_code_random,verdict_code,random,1638,0.65,2.0,,torch.bfloat16
d12-s10,12,10,d12-s10-s0-0ffeb05742bb4154a3f1afc202dc3955,native,curvature/e_sym_gradient,e_sym,gradient,1638,0.65,0.011455924483731719,,torch.bfloat16
d12-s10,12,10,d12-s10-s0-0ffeb05742bb4154a3f1afc202dc3955,native,curvature/e_lin_gradient,e_lin,gradient,1638,0.65,0.005108535046874809,,torch.bfloat16
d12-s10,12,10,d12-s10-s0-0ffeb05742bb4154a3f1afc202dc3955,native,curvature/verdict_code_gradient,verdict_code,gradient,1638,0.65,2.0,,torch.bfloat16
d12-s10,12,10,d12-s10-s0-0ffeb05742bb4154a3f1afc202dc3955,native,curvature/e_sym_update,e_sym,update,1638,0.65,0.0074760233117676395,,torch.bfloat16
d12-s10,12,10,d12-s10-s0-0ffeb05742bb4154a3f1afc202dc3955,native,curvature/e_lin_update,e_lin,update,1638,0.65,0.009829979034860301,,torch.bfloat16
d12-s10,12,10,d12-s10-s0-0ffeb05742bb4154a3f1afc202dc3955,native,curvature/verdict_code_update,verdict_code,update,1638,0.65,2.0,,torch.bfloat16
d12-s10,12,10,d12-s10-s0-0ffeb05742bb4154a3f1afc202dc3955,shadow_fp32,curvature/e_sym_random,e_sym,random,1764,0.7,3.0931474385765465e-06,hvp-shadow-fp32-ieee-v1,torch.float32
d12-s10,12,10,d12-s10-s0-0ffeb05742bb4154a3f1afc202dc3955,shadow_fp32,curvature/e_lin_random,e_lin,random,1764,0.7,7.67161871302813e-07,hvp-shadow-fp32-ieee-v1,torch.float32
d12-s10,12,10,d12-s10-s0-0ffeb05742bb4154a3f1afc202dc3955,shadow_fp32,curvature/verdict_code_random,verdict_code,random,1764,0.7,1.0,hvp-shadow-fp32-ieee-v1,torch.float32
d12-s10,12,10,d12-s10-s0-0ffeb05742bb4154a3f1afc202dc3955,shadow_fp32,curvature/e_sym_gradient,e_sym,gradient,1764,0.7,4.903525260547684e-07,hvp-shadow-fp32-ieee-v1,torch.float32
d12-s10,12,10,d12-s10-s0-0ffeb05742bb4154a3f1afc202dc3955,shadow_fp32,curvature/e_lin_gradient,e_lin,gradient,1764,0.7,4.876485913237831e-07,hvp-shadow-fp32-ieee-v1,torch.float32
d12-s10,12,10,d12-s10-s0-0ffeb05742bb4154a3f1afc202dc3955,shadow_fp32,curvature/verdict_code_gradient,verdict_code,gradient,1764,0.7,0.0,hvp-shadow-fp32-ieee-v1,torch.float32
d12-s10,12,10,d12-s10-s0-0ffeb05742bb4154a3f1afc202dc3955,shadow_fp32,curvature/e_sym_update,e_sym,update,1764,0.7,3.06855150221642e-06,hvp-shadow-fp32-ieee-v1,torch.float32
d12-s10,12,10,d12-s10-s0-0ffeb05742bb4154a3f1afc202dc3955,shadow_fp32,curvature/e_lin_update,e_lin,update,1764,0.7,7.342982620842015e-07,hvp-shadow-fp32-ieee-v1,torch.float32
d12-s10,12,10,d12-s10-s0-0ffeb05742bb4154a3f1afc202dc3955,shadow_fp32,curvature/verdict_code_update,verdict_code,update,1764,0.7,1.0,hvp-shadow-fp32-ieee-v1,torch.float32
d12-s10,12,10,d12-s10-s0-0ffeb05742bb4154a3f1afc202dc3955,native,curvature/e_sym_random,e_sym,random,1764,0.7,0.020008751193629364,,torch.bfloat16
d12-s10,12,10,d12-s10-s0-0ffeb05742bb4154a3f1afc202dc3955,native,curvature/e_lin_random,e_lin,random,1764,0.7,0.011428026235270486,,torch.bfloat16
d12-s10,12,10,d12-s10-s0-0ffeb05742bb4154a3f1afc202dc3955,native,curvature/verdict_code_random,verdict_code,random,1764,0.7,2.0,,torch.bfloat16
d12-s10,12,10,d12-s10-s0-0ffeb05742bb4154a3f1afc202dc3955,native,curvature/e_sym_gradient,e_sym,gradient,1764,0.7,0.002390772490846288,,torch.bfloat16
d12-s10,12,10,d12-s10-s0-0ffeb05742bb4154a3f1afc202dc3955,native,curvature/e_lin_gradient,e_lin,gradient,1764,0.7,0.005223511518775698,,torch.bfloat16
d12-s10,12,10,d12-s10-s0-0ffeb05742bb4154a3f1afc202dc3955,native,curvature/verdict_code_gradient,verdict_code,gradient,1764,0.7,2.0,,torch.bfloat16
d12-s10,12,10,d12-s10-s0-0ffeb05742bb4154a3f1afc202dc3955,native,curvature/e_sym_update,e_sym,update,1764,0.7,0.034330182116211534,,torch.bfloat16
d12-s10,12,10,d12-s10-s0-0ffeb05742bb4154a3f1afc202dc3955,native,curvature/e_lin_update,e_lin,update,1764,0.7,0.010400927948684916,,torch.bfloat16
d12-s10,12,10,d12-s10-s0-0ffeb05742bb4154a3f1afc202dc3955,native,curvature/verdict_code_update,verdict_code,update,1764,0.7,2.0,,torch.bfloat16
d12-s10,12,10,d12-s10-s0-0ffeb05742bb4154a3f1afc202dc3955,shadow_fp32,curvature/e_sym_random,e_sym,random,1890,0.75,5.066853541660585e-06,hvp-shadow-fp32-ieee-v1,torch.float32
d12-s10,12,10,d12-s10-s0-0ffeb05742bb4154a3f1afc202dc3955,shadow_fp32,curvature/e_lin_random,e_lin,random,1890,0.75,8.841981190117986e-07,hvp-shadow-fp32-ieee-v1,torch.float32
d12-s10,12,10,d12-s10-s0-0ffeb05742bb4154a3f1afc202dc3955,shadow_fp32,curvature/verdict_code_random,verdict_code,random,1890,0.75,1.0,hvp-shadow-fp32-ieee-v1,torch.float32
d12-s10,12,10,d12-s10-s0-0ffeb05742bb4154a3f1afc202dc3955,shadow_fp32,curvature/e_sym_gradient,e_sym,gradient,1890,0.75,9.780403801093006e-07,hvp-shadow-fp32-ieee-v1,torch.float32
d12-s10,12,10,d12-s10-s0-0ffeb05742bb4154a3f1afc202dc3955,shadow_fp32,curvature/e_lin_gradient,e_lin,gradient,1890,0.75,4.856949007669436e-07,hvp-shadow-fp32-ieee-v1,torch.float32
d12-s10,12,10,d12-s10-s0-0ffeb05742bb4154a3f1afc202dc3955,shadow_fp32,curvature/verdict_code_gradient,verdict_code,gradient,1890,0.75,0.0,hvp-shadow-fp32-ieee-v1,torch.float32
d12-s10,12,10,d12-s10-s0-0ffeb05742bb4154a3f1afc202dc3955,shadow_fp32,curvature/e_sym_update,e_sym,update,1890,0.75,2.0274765293467777e-05,hvp-shadow-fp32-ieee-v1,torch.float32
d12-s10,12,10,d12-s10-s0-0ffeb05742bb4154a3f1afc202dc3955,shadow_fp32,curvature/e_lin_update,e_lin,update,1890,0.75,9.006999284189587e-07,hvp-shadow-fp32-ieee-v1,torch.float32
d12-s10,12,10,d12-s10-s0-0ffeb05742bb4154a3f1afc202dc3955,shadow_fp32,curvature/verdict_code_update,verdict_code,update,1890,0.75,1.0,hvp-shadow-fp32-ieee-v1,torch.float32
d12-s10,12,10,d12-s10-s0-0ffeb05742bb4154a3f1afc202dc3955,native,curvature/e_sym_random,e_sym,random,1890,0.75,0.0027168608590745894,,torch.bfloat16
d12-s10,12,10,d12-s10-s0-0ffeb05742bb4154a3f1afc202dc3955,native,curvature/e_lin_random,e_lin,random,1890,0.75,0.01123506450014709,,torch.bfloat16
d12-s10,12,10,d12-s10-s0-0ffeb05742bb4154a3f1afc202dc3955,native,curvature/verdict_code_random,verdict_code,random,1890,0.75,2.0,,torch.bfloat16
d12-s10,12,10,d12-s10-s0-0ffeb05742bb4154a3f1afc202dc3955,native,curvature/e_sym_gradient,e_sym,gradient,1890,0.75,0.000845670268121038,,torch.bfloat16
d12-s10,12,10,d12-s10-s0-0ffeb05742bb4154a3f1afc202dc3955,native,curvature/e_lin_gradient,e_lin,gradient,1890,0.75,0.005618086793093201,,torch.bfloat16
d12-s10,12,10,d12-s10-s0-0ffeb05742bb4154a3f1afc202dc3955,native,curvature/verdict_code_gradient,verdict_code,gradient,1890,0.75,2.0,,torch.bfloat16
d12-s10,12,10,d12-s10-s0-0ffeb05742bb4154a3f1afc202dc3955,native,curvature/e_sym_update,e_sym,update,1890,0.75,0.03970742379150916,,torch.bfloat16
d12-s10,12,10,d12-s10-s0-0ffeb05742bb4154a3f1afc202dc3955,native,curvature/e_lin_update,e_lin,update,1890,0.75,0.01109042934706535,,torch.bfloat16
d12-s10,12,10,d12-s10-s0-0ffeb05742bb4154a3f1afc202dc3955,native,curvature/verdict_code_update,verdict_code,update,1890,0.75,2.0,,torch.bfloat16
d12-s10,12,10,d12-s10-s0-0ffeb05742bb4154a3f1afc202dc3955,shadow_fp32,curvature/e_sym_random,e_sym,random,2016,0.8,1.5788894757818377e-06,hvp-shadow-fp32-ieee-v1,torch.float32
d12-s10,12,10,d12-s10-s0-0ffeb05742bb4154a3f1afc202dc3955,shadow_fp32,curvature/e_lin_random,e_lin,random,2016,0.8,8.545776053794198e-07,hvp-shadow-fp32-ieee-v1,torch.float32
d12-s10,12,10,d12-s10-s0-0ffeb05742bb4154a3f1afc202dc3955,shadow_fp32,curvature/verdict_code_random,verdict_code,random,2016,0.8,1.0,hvp-shadow-fp32-ieee-v1,torch.float32
d12-s10,12,10,d12-s10-s0-0ffeb05742bb4154a3f1afc202dc3955,shadow_fp32,curvature/e_sym_gradient,e_sym,gradient,2016,0.8,1.3599940071660159e-05,hvp-shadow-fp32-ieee-v1,torch.float32
d12-s10,12,10,d12-s10-s0-0ffeb05742bb4154a3f1afc202dc3955,shadow_fp32,curvature/e_lin_gradient,e_lin,gradient,2016,0.8,5.001805547360983e-07,hvp-shadow-fp32-ieee-v1,torch.float32
d12-s10,12,10,d12-s10-s0-0ffeb05742bb4154a3f1afc202dc3955,shadow_fp32,curvature/verdict_code_gradient,verdict_code,gradient,2016,0.8,0.0,hvp-shadow-fp32-ieee-v1,torch.float32
d12-s10,12,10,d12-s10-s0-0ffeb05742bb4154a3f1afc202dc3955,shadow_fp32,curvature/e_sym_update,e_sym,update,2016,0.8,9.905693996921902e-07,hvp-shadow-fp32-ieee-v1,torch.float32
d12-s10,12,10,d12-s10-s0-0ffeb05742bb4154a3f1afc202dc3955,shadow_fp32,curvature/e_lin_update,e_lin,update,2016,0.8,7.810769382626201e-07,hvp-shadow-fp32-ieee-v1,torch.float32
d12-s10,12,10,d12-s10-s0-0ffeb05742bb4154a3f1afc202dc3955,shadow_fp32,curvature/verdict_code_update,verdict_code,update,2016,0.8,1.0,hvp-shadow-fp32-ieee-v1,torch.float32
d12-s10,12,10,d12-s10-s0-0ffeb05742bb4154a3f1afc202dc3955,native,curvature/e_sym_random,e_sym,random,2016,0.8,0.015538787395030347,,torch.bfloat16
d12-s10,12,10,d12-s10-s0-0ffeb05742bb4154a3f1afc202dc3955,native,curvature/e_lin_random,e_lin,random,2016,0.8,0.01174180193643421,,torch.bfloat16
d12-s10,12,10,d12-s10-s0-0ffeb05742bb4154a3f1afc202dc3955,native,curvature/verdict_code_random,verdict_code,random,2016,0.8,2.0,,torch.bfloat16
d12-s10,12,10,d12-s10-s0-0ffeb05742bb4154a3f1afc202dc3955,native,curvature/e_sym_gradient,e_sym,gradient,2016,0.8,0.02630229440575002,,torch.bfloat16
d12-s10,12,10,d12-s10-s0-0ffeb05742bb4154a3f1afc202dc3955,native,curvature/e_lin_gradient,e_lin,gradient,2016,0.8,0.005687856493450229,,torch.bfloat16
d12-s10,12,10,d12-s10-s0-0ffeb05742bb4154a3f1afc202dc3955,native,curvature/verdict_code_gradient,verdict_code,gradient,2016,0.8,2.0,,torch.bfloat16
d12-s10,12,10,d12-s10-s0-0ffeb05742bb4154a3f1afc202dc3955,native,curvature/e_sym_update,e_sym,update,2016,0.8,0.004368913039486381,,torch.bfloat16
d12-s10,12,10,d12-s10-s0-0ffeb05742bb4154a3f1afc202dc3955,native,curvature/e_lin_update,e_lin,update,2016,0.8,0.010614570358128048,,torch.bfloat16
d12-s10,12,10,d12-s10-s0-0ffeb05742bb4154a3f1afc202dc3955,native,curvature/verdict_code_update,verdict_code,update,2016,0.8,2.0,,torch.bfloat16
d12-s10,12,10,d12-s10-s0-0ffeb05742bb4154a3f1afc202dc3955,shadow_fp32,curvature/e_sym_random,e_sym,random,2142,0.85,3.9309075457891955e-06,hvp-shadow-fp32-ieee-v1,torch.float32
d12-s10,12,10,d12-s10-s0-0ffeb05742bb4154a3f1afc202dc3955,shadow_fp32,curvature/e_lin_random,e_lin,random,2142,0.85,8.404641547734207e-07,hvp-shadow-fp32-ieee-v1,torch.float32
d12-s10,12,10,d12-s10-s0-0ffeb05742bb4154a3f1afc202dc3955,shadow_fp32,curvature/verdict_code_random,verdict_code,random,2142,0.85,1.0,hvp-shadow-fp32-ieee-v1,torch.float32
d12-s10,12,10,d12-s10-s0-0ffeb05742bb4154a3f1afc202dc3955,shadow_fp32,curvature/e_sym_gradient,e_sym,gradient,2142,0.85,7.70580056347515e-06,hvp-shadow-fp32-ieee-v1,torch.float32
d12-s10,12,10,d12-s10-s0-0ffeb05742bb4154a3f1afc202dc3955,shadow_fp32,curvature/e_lin_gradient,e_lin,gradient,2142,0.85,4.984818823752212e-07,hvp-shadow-fp32-ieee-v1,torch.float32
d12-s10,12,10,d12-s10-s0-0ffeb05742bb4154a3f1afc202dc3955,shadow_fp32,curvature/verdict_code_gradient,verdict_code,gradient,2142,0.85,0.0,hvp-shadow-fp32-ieee-v1,torch.float32
d12-s10,12,10,d12-s10-s0-0ffeb05742bb4154a3f1afc202dc3955,shadow_fp32,curvature/e_sym_update,e_sym,update,2142,0.85,4.408081321367983e-06,hvp-shadow-fp32-ieee-v1,torch.float32
d12-s10,12,10,d12-s10-s0-0ffeb05742bb4154a3f1afc202dc3955,shadow_fp32,curvature/e_lin_update,e_lin,update,2142,0.85,8.099160931181421e-07,hvp-shadow-fp32-ieee-v1,torch.float32
d12-s10,12,10,d12-s10-s0-0ffeb05742bb4154a3f1afc202dc3955,shadow_fp32,curvature/verdict_code_update,verdict_code,update,2142,0.85,1.0,hvp-shadow-fp32-ieee-v1,torch.float32
d12-s10,12,10,d12-s10-s0-0ffeb05742bb4154a3f1afc202dc3955,native,curvature/e_sym_random,e_sym,random,2142,0.85,0.052329842270963586,,torch.bfloat16
d12-s10,12,10,d12-s10-s0-0ffeb05742bb4154a3f1afc202dc3955,native,curvature/e_lin_random,e_lin,random,2142,0.85,0.011266524431355058,,torch.bfloat16
d12-s10,12,10,d12-s10-s0-0ffeb05742bb4154a3f1afc202dc3955,native,curvature/verdict_code_random,verdict_code,random,2142,0.85,2.0,,torch.bfloat16
d12-s10,12,10,d12-s10-s0-0ffeb05742bb4154a3f1afc202dc3955,native,curvature/e_sym_gradient,e_sym,gradient,2142,0.85,0.04713549515216476,,torch.bfloat16
d12-s10,12,10,d12-s10-s0-0ffeb05742bb4154a3f1afc202dc3955,native,curvature/e_lin_gradient,e_lin,gradient,2142,0.85,0.005563782804512886,,torch.bfloat16
d12-s10,12,10,d12-s10-s0-0ffeb05742bb4154a3f1afc202dc3955,native,curvature/verdict_code_gradient,verdict_code,gradient,2142,0.85,2.0,,torch.bfloat16
d12-s10,12,10,d12-s10-s0-0ffeb05742bb4154a3f1afc202dc3955,native,curvature/e_sym_update,e_sym,update,2142,0.85,0.0002663506658302846,,torch.bfloat16
d12-s10,12,10,d12-s10-s0-0ffeb05742bb4154a3f1afc202dc3955,native,curvature/e_lin_update,e_lin,update,2142,0.85,0.011225072257364454,,torch.bfloat16
d12-s10,12,10,d12-s10-s0-0ffeb05742bb4154a3f1afc202dc3955,native,curvature/verdict_code_update,verdict_code,update,2142,0.85,2.0,,torch.bfloat16
d12-s10,12,10,d12-s10-s0-0ffeb05742bb4154a3f1afc202dc3955,shadow_fp32,curvature/e_sym_random,e_sym,random,2268,0.9,2.630804564498967e-07,hvp-shadow-fp32-ieee-v1,torch.float32
d12-s10,12,10,d12-s10-s0-0ffeb05742bb4154a3f1afc202dc3955,shadow_fp32,curvature/e_lin_random,e_lin,random,2268,0.9,8.353991020475398e-07,hvp-shadow-fp32-ieee-v1,torch.float32
d12-s10,12,10,d12-s10-s0-0ffeb05742bb4154a3f1afc202dc3955,shadow_fp32,curvature/verdict_code_random,verdict_code,random,2268,0.9,1.0,hvp-shadow-fp32-ieee-v1,torch.float32
d12-s10,12,10,d12-s10-s0-0ffeb05742bb4154a3f1afc202dc3955,shadow_fp32,curvature/e_sym_gradient,e_sym,gradient,2268,0.9,5.186832748358573e-06,hvp-shadow-fp32-ieee-v1,torch.float32
d12-s10,12,10,d12-s10-s0-0ffeb05742bb4154a3f1afc202dc3955,shadow_fp32,curvature/e_lin_gradient,e_lin,gradient,2268,0.9,5.033751702332861e-07,hvp-shadow-fp32-ieee-v1,torch.float32
d12-s10,12,10,d12-s10-s0-0ffeb05742bb4154a3f1afc202dc3955,shadow_fp32,curvature/verdict_code_gradient,verdict_code,gradient,2268,0.9,0.0,hvp-shadow-fp32-ieee-v1,torch.float32
d12-s10,12,10,d12-s10-s0-0ffeb05742bb4154a3f1afc202dc3955,shadow_fp32,curvature/e_sym_update,e_sym,update,2268,0.9,9.375645280171043e-07,hvp-shadow-fp32-ieee-v1,torch.float32
d12-s10,12,10,d12-s10-s0-0ffeb05742bb4154a3f1afc202dc3955,shadow_fp32,curvature/e_lin_update,e_lin,update,2268,0.9,7.806818208989588e-07,hvp-shadow-fp32-ieee-v1,torch.float32
d12-s10,12,10,d12-s10-s0-0ffeb05742bb4154a3f1afc202dc3955,shadow_fp32,curvature/verdict_code_update,verdict_code,update,2268,0.9,1.0,hvp-shadow-fp32-ieee-v1,torch.float32
d12-s10,12,10,d12-s10-s0-0ffeb05742bb4154a3f1afc202dc3955,native,curvature/e_sym_random,e_sym,random,2268,0.9,0.07308363591947971,,torch.bfloat16
d12-s10,12,10,d12-s10-s0-0ffeb05742bb4154a3f1afc202dc3955,native,curvature/e_lin_random,e_lin,random,2268,0.9,0.011637257500346106,,torch.bfloat16
d12-s10,12,10,d12-s10-s0-0ffeb05742bb4154a3f1afc202dc3955,native,curvature/verdict_code_random,verdict_code,random,2268,0.9,2.0,,torch.bfloat16
d12-s10,12,10,d12-s10-s0-0ffeb05742bb4154a3f1afc202dc3955,native,curvature/e_sym_gradient,e_sym,gradient,2268,0.9,0.054378551412865156,,torch.bfloat16
d12-s10,12,10,d12-s10-s0-0ffeb05742bb4154a3f1afc202dc3955,native,curvature/e_lin_gradient,e_lin,gradient,2268,0.9,0.006061737219530814,,torch.bfloat16
d12-s10,12,10,d12-s10-s0-0ffeb05742bb4154a3f1afc202dc3955,native,curvature/verdict_code_gradient,verdict_code,gradient,2268,0.9,2.0,,torch.bfloat16
d12-s10,12,10,d12-s10-s0-0ffeb05742bb4154a3f1afc202dc3955,native,curvature/e_sym_update,e_sym,update,2268,0.9,0.01919195707094749,,torch.bfloat16
d12-s10,12,10,d12-s10-s0-0ffeb05742bb4154a3f1afc202dc3955,native,curvature/e_lin_update,e_lin,update,2268,0.9,0.011066579264226271,,torch.bfloat16
d12-s10,12,10,d12-s10-s0-0ffeb05742bb4154a3f1afc202dc3955,native,curvature/verdict_code_update,verdict_code,update,2268,0.9,2.0,,torch.bfloat16
d12-s10,12,10,d12-s10-s0-0ffeb05742bb4154a3f1afc202dc3955,shadow_fp32,curvature/e_sym_random,e_sym,random,2394,0.95,4.3933733170665976e-07,hvp-shadow-fp32-ieee-v1,torch.float32
d12-s10,12,10,d12-s10-s0-0ffeb05742bb4154a3f1afc202dc3955,shadow_fp32,curvature/e_lin_random,e_lin,random,2394,0.95,8.835000050491163e-07,hvp-shadow-fp32-ieee-v1,torch.float32
d12-s10,12,10,d12-s10-s0-0ffeb05742bb4154a3f1afc202dc3955,shadow_fp32,curvature/verdict_code_random,verdict_code,random,2394,0.95,1.0,hvp-shadow-fp32-ieee-v1,torch.float32
d12-s10,12,10,d12-s10-s0-0ffeb05742bb4154a3f1afc202dc3955,shadow_fp32,curvature/e_sym_gradient,e_sym,gradient,2394,0.95,8.751660889774825e-06,hvp-shadow-fp32-ieee-v1,torch.float32
d12-s10,12,10,d12-s10-s0-0ffeb05742bb4154a3f1afc202dc3955,shadow_fp32,curvature/e_lin_gradient,e_lin,gradient,2394,0.95,5.29969518361601e-07,hvp-shadow-fp32-ieee-v1,torch.float32
d12-s10,12,10,d12-s10-s0-0ffeb05742bb4154a3f1afc202dc3955,shadow_fp32,curvature/verdict_code_gradient,verdict_code,gradient,2394,0.95,0.0,hvp-shadow-fp32-ieee-v1,torch.float32
d12-s10,12,10,d12-s10-s0-0ffeb05742bb4154a3f1afc202dc3955,shadow_fp32,curvature/e_sym_update,e_sym,update,2394,0.95,2.3505757551782494e-06,hvp-shadow-fp32-ieee-v1,torch.float32
d12-s10,12,10,d12-s10-s0-0ffeb05742bb4154a3f1afc202dc3955,shadow_fp32,curvature/e_lin_update,e_lin,update,2394,0.95,8.124666520390762e-07,hvp-shadow-fp32-ieee-v1,torch.float32
d12-s10,12,10,d12-s10-s0-0ffeb05742bb4154a3f1afc202dc3955,shadow_fp32,curvature/verdict_code_update,verdict_code,update,2394,0.95,1.0,hvp-shadow-fp32-ieee-v1,torch.float32
d12-s10,12,10,d12-s10-s0-0ffeb05742bb4154a3f1afc202dc3955,native,curvature/e_sym_random,e_sym,random,2394,0.95,0.0062917379148515595,,torch.bfloat16
d12-s10,12,10,d12-s10-s0-0ffeb05742bb4154a3f1afc202dc3955,native,curvature/e_lin_random,e_lin,random,2394,0.95,0.011723131295911746,,torch.bfloat16
d12-s10,12,10,d12-s10-s0-0ffeb05742bb4154a3f1afc202dc3955,native,curvature/verdict_code_random,verdict_code,random,2394,0.95,2.0,,torch.bfloat16
d12-s10,12,10,d12-s10-s0-0ffeb05742bb4154a3f1afc202dc3955,native,curvature/e_sym_gradient,e_sym,gradient,2394,0.95,0.014200145233740063,,torch.bfloat16
d12-s10,12,10,d12-s10-s0-0ffeb05742bb4154a3f1afc202dc3955,native,curvature/e_lin_gradient,e_lin,gradient,2394,0.95,0.005739116307078065,,torch.bfloat16
d12-s10,12,10,d12-s10-s0-0ffeb05742bb4154a3f1afc202dc3955,native,curvature/verdict_code_gradient,verdict_code,gradient,2394,0.95,2.0,,torch.bfloat16
d12-s10,12,10,d12-s10-s0-0ffeb05742bb4154a3f1afc202dc3955,native,curvature/e_sym_update,e_sym,update,2394,0.95,0.020010196276264703,,torch.bfloat16
d12-s10,12,10,d12-s10-s0-0ffeb05742bb4154a3f1afc202dc3955,native,curvature/e_lin_update,e_lin,update,2394,0.95,0.0110488639885826,,torch.bfloat16
d12-s10,12,10,d12-s10-s0-0ffeb05742bb4154a3f1afc202dc3955,native,curvature/verdict_code_update,verdict_code,update,2394,0.95,2.0,,torch.bfloat16
d12-s10,12,10,d12-s10-s0-0ffeb05742bb4154a3f1afc202dc3955,shadow_fp32,curvature/e_sym_random,e_sym,random,2520,1.0,6.055512680508228e-06,hvp-shadow-fp32-ieee-v1,torch.float32
d12-s10,12,10,d12-s10-s0-0ffeb05742bb4154a3f1afc202dc3955,shadow_fp32,curvature/e_lin_random,e_lin,random,2520,1.0,8.771226042799079e-07,hvp-shadow-fp32-ieee-v1,torch.float32
d12-s10,12,10,d12-s10-s0-0ffeb05742bb4154a3f1afc202dc3955,shadow_fp32,curvature/verdict_code_random,verdict_code,random,2520,1.0,1.0,hvp-shadow-fp32-ieee-v1,torch.float32
d12-s10,12,10,d12-s10-s0-0ffeb05742bb4154a3f1afc202dc3955,shadow_fp32,curvature/e_sym_gradient,e_sym,gradient,2520,1.0,2.8869188964533048e-05,hvp-shadow-fp32-ieee-v1,torch.float32
d12-s10,12,10,d12-s10-s0-0ffeb05742bb4154a3f1afc202dc3955,shadow_fp32,curvature/e_lin_gradient,e_lin,gradient,2520,1.0,5.388987747235129e-07,hvp-shadow-fp32-ieee-v1,torch.float32
d12-s10,12,10,d12-s10-s0-0ffeb05742bb4154a3f1afc202dc3955,shadow_fp32,curvature/verdict_code_gradient,verdict_code,gradient,2520,1.0,0.0,hvp-shadow-fp32-ieee-v1,torch.float32
d12-s10,12,10,d12-s10-s0-0ffeb05742bb4154a3f1afc202dc3955,shadow_fp32,curvature/e_sym_update,e_sym,update,2520,1.0,9.733878420277522e-07,hvp-shadow-fp32-ieee-v1,torch.float32
d12-s10,12,10,d12-s10-s0-0ffeb05742bb4154a3f1afc202dc3955,shadow_fp32,curvature/e_lin_update,e_lin,update,2520,1.0,8.822604541121152e-07,hvp-shadow-fp32-ieee-v1,torch.float32
d12-s10,12,10,d12-s10-s0-0ffeb05742bb4154a3f1afc202dc3955,shadow_fp32,curvature/verdict_code_update,verdict_code,update,2520,1.0,1.0,hvp-shadow-fp32-ieee-v1,torch.float32
d12-s10,12,10,d12-s10-s0-0ffeb05742bb4154a3f1afc202dc3955,native,curvature/e_sym_random,e_sym,random,2520,1.0,0.10124165088084346,,torch.bfloat16
d12-s10,12,10,d12-s10-s0-0ffeb05742bb4154a3f1afc202dc3955,native,curvature/e_lin_random,e_lin,random,2520,1.0,0.011378507664091155,,torch.bfloat16
d12-s10,12,10,d12-s10-s0-0ffeb05742bb4154a3f1afc202dc3955,native,curvature/verdict_code_random,verdict_code,random,2520,1.0,2.0,,torch.bfloat16
d12-s10,12,10,d12-s10-s0-0ffeb05742bb4154a3f1afc202dc3955,native,curvature/e_sym_gradient,e_sym,gradient,2520,1.0,0.09572295418184446,,torch.bfloat16
d12-s10,12,10,d12-s10-s0-0ffeb05742bb4154a3f1afc202dc3955,native,curvature/e_lin_gradient,e_lin,gradient,2520,1.0,0.006166976811491269,,torch.bfloat16
d12-s10,12,10,d12-s10-s0-0ffeb05742bb4154a3f1afc202dc3955,native,curvature/verdict_code_gradient,verdict_code,gradient,2520,1.0,2.0,,torch.bfloat16
d12-s10,12,10,d12-s10-s0-0ffeb05742bb4154a3f1afc202dc3955,native,curvature/e_sym_update,e_sym,update,2520,1.0,0.004160186179596737,,torch.bfloat16
d12-s10,12,10,d12-s10-s0-0ffeb05742bb4154a3f1afc202dc3955,native,curvature/e_lin_update,e_lin,update,2520,1.0,0.01164335011642626,,torch.bfloat16
d12-s10,12,10,d12-s10-s0-0ffeb05742bb4154a3f1afc202dc3955,native,curvature/verdict_code_update,verdict_code,update,2520,1.0,2.0,,torch.bfloat16
d12-s11,12,11,d12-s11-s0-5fd1bf807f764954b30658872fc3e2ad,shadow_fp32,curvature/e_sym_random,e_sym,random,1,0.0003968253968253968,3.4631002038380717e-06,hvp-shadow-fp32-ieee-v1,torch.float32
d12-s11,12,11,d12-s11-s0-5fd1bf807f764954b30658872fc3e2ad,shadow_fp32,curvature/e_lin_random,e_lin,random,1,0.0003968253968253968,8.094100020593872e-07,hvp-shadow-fp32-ieee-v1,torch.float32
d12-s11,12,11,d12-s11-s0-5fd1bf807f764954b30658872fc3e2ad,shadow_fp32,curvature/verdict_code_random,verdict_code,random,1,0.0003968253968253968,1.0,hvp-shadow-fp32-ieee-v1,torch.float32
d12-s11,12,11,d12-s11-s0-5fd1bf807f764954b30658872fc3e2ad,shadow_fp32,curvature/e_sym_gradient,e_sym,gradient,1,0.0003968253968253968,2.884095247339138e-05,hvp-shadow-fp32-ieee-v1,torch.float32
d12-s11,12,11,d12-s11-s0-5fd1bf807f764954b30658872fc3e2ad,shadow_fp32,curvature/e_lin_gradient,e_lin,gradient,1,0.0003968253968253968,1.8749006679481973e-05,hvp-shadow-fp32-ieee-v1,torch.float32
d12-s11,12,11,d12-s11-s0-5fd1bf807f764954b30658872fc3e2ad,shadow_fp32,curvature/verdict_code_gradient,verdict_code,gradient,1,0.0003968253968253968,1.0,hvp-shadow-fp32-ieee-v1,torch.float32
d12-s11,12,11,d12-s11-s0-5fd1bf807f764954b30658872fc3e2ad,shadow_fp32,curvature/e_sym_update,e_sym,update,1,0.0003968253968253968,2.127043429882495e-07,hvp-shadow-fp32-ieee-v1,torch.float32
d12-s11,12,11,d12-s11-s0-5fd1bf807f764954b30658872fc3e2ad,shadow_fp32,curvature/e_lin_update,e_lin,update,1,0.0003968253968253968,7.147728680712148e-07,hvp-shadow-fp32-ieee-v1,torch.float32
d12-s11,12,11,d12-s11-s0-5fd1bf807f764954b30658872fc3e2ad,shadow_fp32,curvature/verdict_code_update,verdict_code,update,1,0.0003968253968253968,1.0,hvp-shadow-fp32-ieee-v1,torch.float32
d12-s11,12,11,d12-s11-s0-5fd1bf807f764954b30658872fc3e2ad,native,curvature/e_sym_random,e_sym,random,1,0.0003968253968253968,0.024980487591393555,,torch.bfloat16
d12-s11,12,11,d12-s11-s0-5fd1bf807f764954b30658872fc3e2ad,native,curvature/e_lin_random,e_lin,random,1,0.0003968253968253968,0.012043705739953153,,torch.bfloat16
d12-s11,12,11,d12-s11-s0-5fd1bf807f764954b30658872fc3e2ad,native,curvature/verdict_code_random,verdict_code,random,1,0.0003968253968253968,2.0,,torch.bfloat16
d12-s11,12,11,d12-s11-s0-5fd1bf807f764954b30658872fc3e2ad,native,curvature/e_sym_gradient,e_sym,gradient,1,0.0003968253968253968,0.013380415906554033,,torch.bfloat16
d12-s11,12,11,d12-s11-s0-5fd1bf807f764954b30658872fc3e2ad,native,curvature/e_lin_gradient,e_lin,gradient,1,0.0003968253968253968,0.02000684558990869,,torch.bfloat16
d12-s11,12,11,d12-s11-s0-5fd1bf807f764954b30658872fc3e2ad,native,curvature/verdict_code_gradient,verdict_code,gradient,1,0.0003968253968253968,2.0,,torch.bfloat16
d12-s11,12,11,d12-s11-s0-5fd1bf807f764954b30658872fc3e2ad,native,curvature/e_sym_update,e_sym,update,1,0.0003968253968253968,0.05650824371379814,,torch.bfloat16
d12-s11,12,11,d12-s11-s0-5fd1bf807f764954b30658872fc3e2ad,native,curvature/e_lin_update,e_lin,update,1,0.0003968253968253968,0.013038910782860187,,torch.bfloat16
d12-s11,12,11,d12-s11-s0-5fd1bf807f764954b30658872fc3e2ad,native,curvature/verdict_code_update,verdict_code,update,1,0.0003968253968253968,2.0,,torch.bfloat16
d12-s11,12,11,d12-s11-s0-5fd1bf807f764954b30658872fc3e2ad,shadow_fp32,curvature/e_sym_random,e_sym,random,2,0.0007936507936507937,4.098588668659212e-07,hvp-shadow-fp32-ieee-v1,torch.float32
d12-s11,12,11,d12-s11-s0-5fd1bf807f764954b30658872fc3e2ad,shadow_fp32,curvature/e_lin_random,e_lin,random,2,0.0007936507936507937,8.104719642754481e-07,hvp-shadow-fp32-ieee-v1,torch.float32
d12-s11,12,11,d12-s11-s0-5fd1bf807f764954b30658872fc3e2ad,shadow_fp32,curvature/verdict_code_random,verdict_code,random,2,0.0007936507936507937,1.0,hvp-shadow-fp32-ieee-v1,torch.float32
d12-s11,12,11,d12-s11-s0-5fd1bf807f764954b30658872fc3e2ad,shadow_fp32,curvature/e_sym_gradient,e_sym,gradient,2,0.0007936507936507937,2.7631803335881957e-05,hvp-shadow-fp32-ieee-v1,torch.float32
d12-s11,12,11,d12-s11-s0-5fd1bf807f764954b30658872fc3e2ad,shadow_fp32,curvature/e_lin_gradient,e_lin,gradient,2,0.0007936507936507937,1.8855018364214617e-05,hvp-shadow-fp32-ieee-v1,torch.float32
d12-s11,12,11,d12-s11-s0-5fd1bf807f764954b30658872fc3e2ad,shadow_fp32,curvature/verdict_code_gradient,verdict_code,gradient,2,0.0007936507936507937,1.0,hvp-shadow-fp32-ieee-v1,torch.float32
d12-s11,12,11,d12-s11-s0-5fd1bf807f764954b30658872fc3e2ad,shadow_fp32,curvature/e_sym_update,e_sym,update,2,0.0007936507936507937,4.17033690103298e-07,hvp-shadow-fp32-ieee-v1,torch.float32
d12-s11,12,11,d12-s11-s0-5fd1bf807f764954b30658872fc3e2ad,shadow_fp32,curvature/e_lin_update,e_lin,update,2,0.0007936507936507937,7.026986934942876e-07,hvp-shadow-fp32-ieee-v1,torch.float32
d12-s11,12,11,d12-s11-s0-5fd1bf807f764954b30658872fc3e2ad,shadow_fp32,curvature/verdict_code_update,verdict_code,update,2,0.0007936507936507937,1.0,hvp-shadow-fp32-ieee-v1,torch.float32
d12-s11,12,11,d12-s11-s0-5fd1bf807f764954b30658872fc3e2ad,native,curvature/e_sym_random,e_sym,random,2,0.0007936507936507937,0.041352953410071,,torch.bfloat16
d12-s11,12,11,d12-s11-s0-5fd1bf807f764954b30658872fc3e2ad,native,curvature/e_lin_random,e_lin,random,2,0.0007936507936507937,0.012086809663173333,,torch.bfloat16
d12-s11,12,11,d12-s11-s0-5fd1bf807f764954b30658872fc3e2ad,native,curvature/verdict_code_random,verdict_code,random,2,0.0007936507936507937,2.0,,torch.bfloat16
d12-s11,12,11,d12-s11-s0-5fd1bf807f764954b30658872fc3e2ad,native,curvature/e_sym_gradient,e_sym,gradient,2,0.0007936507936507937,0.021649093119370924,,torch.bfloat16
d12-s11,12,11,d12-s11-s0-5fd1bf807f764954b30658872fc3e2ad,native,curvature/e_lin_gradient,e_lin,gradient,2,0.0007936507936507937,0.009186013739498273,,torch.bfloat16
d12-s11,12,11,d12-s11-s0-5fd1bf807f764954b30658872fc3e2ad,native,curvature/verdict_code_gradient,verdict_code,gradient,2,0.0007936507936507937,2.0,,torch.bfloat16
d12-s11,12,11,d12-s11-s0-5fd1bf807f764954b30658872fc3e2ad,native,curvature/e_sym_update,e_sym,update,2,0.0007936507936507937,0.07823040782712655,,torch.bfloat16
d12-s11,12,11,d12-s11-s0-5fd1bf807f764954b30658872fc3e2ad,native,curvature/e_lin_update,e_lin,update,2,0.0007936507936507937,0.02378247762259876,,torch.bfloat16
d12-s11,12,11,d12-s11-s0-5fd1bf807f764954b30658872fc3e2ad,native,curvature/verdict_code_update,verdict_code,update,2,0.0007936507936507937,2.0,,torch.bfloat16
d12-s11,12,11,d12-s11-s0-5fd1bf807f764954b30658872fc3e2ad,shadow_fp32,curvature/e_sym_random,e_sym,random,3,0.0011904761904761906,6.140917786536597e-07,hvp-shadow-fp32-ieee-v1,torch.float32
d12-s11,12,11,d12-s11-s0-5fd1bf807f764954b30658872fc3e2ad,shadow_fp32,curvature/e_lin_random,e_lin,random,3,0.0011904761904761906,8.049071025165756e-07,hvp-shadow-fp32-ieee-v1,torch.float32
d12-s11,12,11,d12-s11-s0-5fd1bf807f764954b30658872fc3e2ad,shadow_fp32,curvature/verdict_code_random,verdict_code,random,3,0.0011904761904761906,1.0,hvp-shadow-fp32-ieee-v1,torch.float32
d12-s11,12,11,d12-s11-s0-5fd1bf807f764954b30658872fc3e2ad,shadow_fp32,curvature/e_sym_gradient,e_sym,gradient,3,0.0011904761904761906,2.2305263785128066e-05,hvp-shadow-fp32-ieee-v1,torch.float32
d12-s11,12,11,d12-s11-s0-5fd1bf807f764954b30658872fc3e2ad,shadow_fp32,curvature/e_lin_gradient,e_lin,gradient,3,0.0011904761904761906,1.8539314966297824e-05,hvp-shadow-fp32-ieee-v1,torch.float32
d12-s11,12,11,d12-s11-s0-5fd1bf807f764954b30658872fc3e2ad,shadow_fp32,curvature/verdict_code_gradient,verdict_code,gradient,3,0.0011904761904761906,1.0,hvp-shadow-fp32-ieee-v1,torch.float32
d12-s11,12,11,d12-s11-s0-5fd1bf807f764954b30658872fc3e2ad,shadow_fp32,curvature/e_sym_update,e_sym,update,3,0.0011904761904761906,1.4082711286604142e-06,hvp-shadow-fp32-ieee-v1,torch.float32
d12-s11,12,11,d12-s11-s0-5fd1bf807f764954b30658872fc3e2ad,shadow_fp32,curvature/e_lin_update,e_lin,update,3,0.0011904761904761906,6.836698103040166e-07,hvp-shadow-fp32-ieee-v1,torch.float32
d12-s11,12,11,d12-s11-s0-5fd1bf807f764954b30658872fc3e2ad,shadow_fp32,curvature/verdict_code_update,verdict_code,update,3,0.0011904761904761906,1.0,hvp-shadow-fp32-ieee-v1,torch.float32
d12-s11,12,11,d12-s11-s0-5fd1bf807f764954b30658872fc3e2ad,native,curvature/e_sym_random,e_sym,random,3,0.0011904761904761906,0.013871092490784609,,torch.bfloat16
d12-s11,12,11,d12-s11-s0-5fd1bf807f764954b30658872fc3e2ad,native,curvature/e_lin_random,e_lin,random,3,0.0011904761904761906,0.011969946730174284,,torch.bfloat16
d12-s11,12,11,d12-s11-s0-5fd1bf807f764954b30658872fc3e2ad,native,curvature/verdict_code_random,verdict_code,random,3,0.0011904761904761906,2.0,,torch.bfloat16
d12-s11,12,11,d12-s11-s0-5fd1bf807f764954b30658872fc3e2ad,native,curvature/e_sym_gradient,e_sym,gradient,3,0.0011904761904761906,0.004074848566237852,,torch.bfloat16
d12-s11,12,11,d12-s11-s0-5fd1bf807f764954b30658872fc3e2ad,native,curvature/e_lin_gradient,e_lin,gradient,3,0.0011904761904761906,0.006924319292270915,,torch.bfloat16
d12-s11,12,11,d12-s11-s0-5fd1bf807f764954b30658872fc3e2ad,native,curvature/verdict_code_gradient,verdict_code,gradient,3,0.0011904761904761906,2.0,,torch.bfloat16
d12-s11,12,11,d12-s11-s0-5fd1bf807f764954b30658872fc3e2ad,native,curvature/e_sym_update,e_sym,update,3,0.0011904761904761906,0.053011542251682114,,torch.bfloat16
d12-s11,12,11,d12-s11-s0-5fd1bf807f764954b30658872fc3e2ad,native,curvature/e_lin_update,e_lin,update,3,0.0011904761904761906,0.023804376995922024,,torch.bfloat16
d12-s11,12,11,d12-s11-s0-5fd1bf807f764954b30658872fc3e2ad,native,curvature/verdict_code_update,verdict_code,update,3,0.0011904761904761906,2.0,,torch.bfloat16
d12-s11,12,11,d12-s11-s0-5fd1bf807f764954b30658872fc3e2ad,shadow_fp32,curvature/e_sym_random,e_sym,random,5,0.001984126984126984,7.899741980158393e-07,hvp-shadow-fp32-ieee-v1,torch.float32
d12-s11,12,11,d12-s11-s0-5fd1bf807f764954b30658872fc3e2ad,shadow_fp32,curvature/e_lin_random,e_lin,random,5,0.001984126984126984,7.073983430887313e-07,hvp-shadow-fp32-ieee-v1,torch.float32
d12-s11,12,11,d12-s11-s0-5fd1bf807f764954b30658872fc3e2ad,shadow_fp32,curvature/verdict_code_random,verdict_code,random,5,0.001984126984126984,1.0,hvp-shadow-fp32-ieee-v1,torch.float32
d12-s11,12,11,d12-s11-s0-5fd1bf807f764954b30658872fc3e2ad,shadow_fp32,curvature/e_sym_gradient,e_sym,gradient,5,0.001984126984126984,2.060185289458013e-05,hvp-shadow-fp32-ieee-v1,torch.float32
d12-s11,12,11,d12-s11-s0-5fd1bf807f764954b30658872fc3e2ad,shadow_fp32,curvature/e_lin_gradient,e_lin,gradient,5,0.001984126984126984,1.6928980300811258e-05,hvp-shadow-fp32-ieee-v1,torch.float32
d12-s11,12,11,d12-s11-s0-5fd1bf807f764954b30658872fc3e2ad,shadow_fp32,curvature/verdict_code_gradient,verdict_code,gradient,5,0.001984126984126984,1.0,hvp-shadow-fp32-ieee-v1,torch.float32
d12-s11,12,11,d12-s11-s0-5fd1bf807f764954b30658872fc3e2ad,shadow_fp32,curvature/e_sym_update,e_sym,update,5,0.001984126984126984,2.556856684967253e-07,hvp-shadow-fp32-ieee-v1,torch.float32
d12-s11,12,11,d12-s11-s0-5fd1bf807f764954b30658872fc3e2ad,shadow_fp32,curvature/e_lin_update,e_lin,update,5,0.001984126984126984,5.661659259109426e-07,hvp-shadow-fp32-ieee-v1,torch.float32
d12-s11,12,11,d12-s11-s0-5fd1bf807f764954b30658872fc3e2ad,shadow_fp32,curvature/verdict_code_update,verdict_code,update,5,0.001984126984126984,1.0,hvp-shadow-fp32-ieee-v1,torch.float32
d12-s11,12,11,d12-s11-s0-5fd1bf807f764954b30658872fc3e2ad,native,curvature/e_sym_random,e_sym,random,5,0.001984126984126984,0.026997174050590867,,torch.bfloat16
d12-s11,12,11,d12-s11-s0-5fd1bf807f764954b30658872fc3e2ad,native,curvature/e_lin_random,e_lin,random,5,0.001984126984126984,0.01164742584259898,,torch.bfloat16
d12-s11,12,11,d12-s11-s0-5fd1bf807f764954b30658872fc3e2ad,native,curvature/verdict_code_random,verdict_code,random,5,0.001984126984126984,2.0,,torch.bfloat16
d12-s11,12,11,d12-s11-s0-5fd1bf807f764954b30658872fc3e2ad,native,curvature/e_sym_gradient,e_sym,gradient,5,0.001984126984126984,0.008109658637175866,,torch.bfloat16
d12-s11,12,11,d12-s11-s0-5fd1bf807f764954b30658872fc3e2ad,native,curvature/e_lin_gradient,e_lin,gradient,5,0.001984126984126984,0.006392192642510515,,torch.bfloat16
d12-s11,12,11,d12-s11-s0-5fd1bf807f764954b30658872fc3e2ad,native,curvature/verdict_code_gradient,verdict_code,gradient,5,0.001984126984126984,2.0,,torch.bfloat16
d12-s11,12,11,d12-s11-s0-5fd1bf807f764954b30658872fc3e2ad,native,curvature/e_sym_update,e_sym,update,5,0.001984126984126984,0.02996566386599073,,torch.bfloat16
d12-s11,12,11,d12-s11-s0-5fd1bf807f764954b30658872fc3e2ad,native,curvature/e_lin_update,e_lin,update,5,0.001984126984126984,0.02124013878134369,,torch.bfloat16
d12-s11,12,11,d12-s11-s0-5fd1bf807f764954b30658872fc3e2ad,native,curvature/verdict_code_update,verdict_code,update,5,0.001984126984126984,2.0,,torch.bfloat16
d12-s11,12,11,d12-s11-s0-5fd1bf807f764954b30658872fc3e2ad,shadow_fp32,curvature/e_sym_random,e_sym,random,9,0.0035714285714285713,1.6412434475677648e-07,hvp-shadow-fp32-ieee-v1,torch.float32
d12-s11,12,11,d12-s11-s0-5fd1bf807f764954b30658872fc3e2ad,shadow_fp32,curvature/e_lin_random,e_lin,random,9,0.0035714285714285713,5.057958051693053e-07,hvp-shadow-fp32-ieee-v1,torch.float32
d12-s11,12,11,d12-s11-s0-5fd1bf807f764954b30658872fc3e2ad,shadow_fp32,curvature/verdict_code_random,verdict_code,random,9,0.0035714285714285713,1.0,hvp-shadow-fp32-ieee-v1,torch.float32
d12-s11,12,11,d12-s11-s0-5fd1bf807f764954b30658872fc3e2ad,shadow_fp32,curvature/e_sym_gradient,e_sym,gradient,9,0.0035714285714285713,4.679554344898635e-06,hvp-shadow-fp32-ieee-v1,torch.float32
d12-s11,12,11,d12-s11-s0-5fd1bf807f764954b30658872fc3e2ad,shadow_fp32,curvature/e_lin_gradient,e_lin,gradient,9,0.0035714285714285713,3.357193427331589e-06,hvp-shadow-fp32-ieee-v1,torch.float32
d12-s11,12,11,d12-s11-s0-5fd1bf807f764954b30658872fc3e2ad,shadow_fp32,curvature/verdict_code_gradient,verdict_code,gradient,9,0.0035714285714285713,0.0,hvp-shadow-fp32-ieee-v1,torch.float32
d12-s11,12,11,d12-s11-s0-5fd1bf807f764954b30658872fc3e2ad,shadow_fp32,curvature/e_sym_update,e_sym,update,9,0.0035714285714285713,1.9924106605737606e-07,hvp-shadow-fp32-ieee-v1,torch.float32
d12-s11,12,11,d12-s11-s0-5fd1bf807f764954b30658872fc3e2ad,shadow_fp32,curvature/e_lin_update,e_lin,update,9,0.0035714285714285713,3.595789376250337e-07,hvp-shadow-fp32-ieee-v1,torch.float32
d12-s11,12,11,d12-s11-s0-5fd1bf807f764954b30658872fc3e2ad,shadow_fp32,curvature/verdict_code_update,verdict_code,update,9,0.0035714285714285713,1.0,hvp-shadow-fp32-ieee-v1,torch.float32
d12-s11,12,11,d12-s11-s0-5fd1bf807f764954b30658872fc3e2ad,native,curvature/e_sym_random,e_sym,random,9,0.0035714285714285713,0.0014286113219486468,,torch.bfloat16
d12-s11,12,11,d12-s11-s0-5fd1bf807f764954b30658872fc3e2ad,native,curvature/e_lin_random,e_lin,random,9,0.0035714285714285713,0.008408064594532017,,torch.bfloat16
d12-s11,12,11,d12-s11-s0-5fd1bf807f764954b30658872fc3e2ad,native,curvature/verdict_code_random,verdict_code,random,9,0.0035714285714285713,2.0,,torch.bfloat16
d12-s11,12,11,d12-s11-s0-5fd1bf807f764954b30658872fc3e2ad,native,curvature/e_sym_gradient,e_sym,gradient,9,0.0035714285714285713,0.0015173591055316256,,torch.bfloat16
d12-s11,12,11,d12-s11-s0-5fd1bf807f764954b30658872fc3e2ad,native,curvature/e_lin_gradient,e_lin,gradient,9,0.0035714285714285713,0.0058363968108121654,,torch.bfloat16
d12-s11,12,11,d12-s11-s0-5fd1bf807f764954b30658872fc3e2ad,native,curvature/verdict_code_gradient,verdict_code,gradient,9,0.0035714285714285713,2.0,,torch.bfloat16
d12-s11,12,11,d12-s11-s0-5fd1bf807f764954b30658872fc3e2ad,native,curvature/e_sym_update,e_sym,update,9,0.0035714285714285713,0.010271931061918734,,torch.bfloat16
d12-s11,12,11,d12-s11-s0-5fd1bf807f764954b30658872fc3e2ad,native,curvature/e_lin_update,e_lin,update,9,0.0035714285714285713,0.00895899008026917,,torch.bfloat16
d12-s11,12,11,d12-s11-s0-5fd1bf807f764954b30658872fc3e2ad,native,curvature/verdict_code_update,verdict_code,update,9,0.0035714285714285713,2.0,,torch.bfloat16
d12-s11,12,11,d12-s11-s0-5fd1bf807f764954b30658872fc3e2ad,shadow_fp32,curvature/e_sym_random,e_sym,random,17,0.006746031746031746,2.291169997089455e-08,hvp-shadow-fp32-ieee-v1,torch.float32
d12-s11,12,11,d12-s11-s0-5fd1bf807f764954b30658872fc3e2ad,shadow_fp32,curvature/e_lin_random,e_lin,random,17,0.006746031746031746,6.886973276400528e-07,hvp-shadow-fp32-ieee-v1,torch.float32
d12-s11,12,11,d12-s11-s0-5fd1bf807f764954b30658872fc3e2ad,shadow_fp32,curvature/verdict_code_random,verdict_code,random,17,0.006746031746031746,1.0,hvp-shadow-fp32-ieee-v1,torch.float32
d12-s11,12,11,d12-s11-s0-5fd1bf807f764954b30658872fc3e2ad,shadow_fp32,curvature/e_sym_gradient,e_sym,gradient,17,0.006746031746031746,1.3091413967432912e-06,hvp-shadow-fp32-ieee-v1,torch.float32
d12-s11,12,11,d12-s11-s0-5fd1bf807f764954b30658872fc3e2ad,shadow_fp32,curvature/e_lin_gradient,e_lin,gradient,17,0.006746031746031746,5.42943882478086e-07,hvp-shadow-fp32-ieee-v1,torch.float32
d12-s11,12,11,d12-s11-s0-5fd1bf807f764954b30658872fc3e2ad,shadow_fp32,curvature/verdict_code_gradient,verdict_code,gradient,17,0.006746031746031746,0.0,hvp-shadow-fp32-ieee-v1,torch.float32
d12-s11,12,11,d12-s11-s0-5fd1bf807f764954b30658872fc3e2ad,shadow_fp32,curvature/e_sym_update,e_sym,update,17,0.006746031746031746,8.797500533104891e-07,hvp-shadow-fp32-ieee-v1,torch.float32
d12-s11,12,11,d12-s11-s0-5fd1bf807f764954b30658872fc3e2ad,shadow_fp32,curvature/e_lin_update,e_lin,update,17,0.006746031746031746,6.24912317411188e-07,hvp-shadow-fp32-ieee-v1,torch.float32
d12-s11,12,11,d12-s11-s0-5fd1bf807f764954b30658872fc3e2ad,shadow_fp32,curvature/verdict_code_update,verdict_code,update,17,0.006746031746031746,1.0,hvp-shadow-fp32-ieee-v1,torch.float32
d12-s11,12,11,d12-s11-s0-5fd1bf807f764954b30658872fc3e2ad,native,curvature/e_sym_random,e_sym,random,17,0.006746031746031746,0.0019472944531653354,,torch.bfloat16
d12-s11,12,11,d12-s11-s0-5fd1bf807f764954b30658872fc3e2ad,native,curvature/e_lin_random,e_lin,random,17,0.006746031746031746,0.011804386245044715,,torch.bfloat16
d12-s11,12,11,d12-s11-s0-5fd1bf807f764954b30658872fc3e2ad,native,curvature/verdict_code_random,verdict_code,random,17,0.006746031746031746,2.0,,torch.bfloat16
d12-s11,12,11,d12-s11-s0-5fd1bf807f764954b30658872fc3e2ad,native,curvature/e_sym_gradient,e_sym,gradient,17,0.006746031746031746,0.006081368362403579,,torch.bfloat16
d12-s11,12,11,d12-s11-s0-5fd1bf807f764954b30658872fc3e2ad,native,curvature/e_lin_gradient,e_lin,gradient,17,0.006746031746031746,0.003446641894820232,,torch.bfloat16
d12-s11,12,11,d12-s11-s0-5fd1bf807f764954b30658872fc3e2ad,native,curvature/verdict_code_gradient,verdict_code,gradient,17,0.006746031746031746,2.0,,torch.bfloat16
d12-s11,12,11,d12-s11-s0-5fd1bf807f764954b30658872fc3e2ad,native,curvature/e_sym_update,e_sym,update,17,0.006746031746031746,0.2664053709986022,,torch.bfloat16
d12-s11,12,11,d12-s11-s0-5fd1bf807f764954b30658872fc3e2ad,native,curvature/e_lin_update,e_lin,update,17,0.006746031746031746,0.016364869185941988,,torch.bfloat16
d12-s11,12,11,d12-s11-s0-5fd1bf807f764954b30658872fc3e2ad,native,curvature/verdict_code_update,verdict_code,update,17,0.006746031746031746,2.0,,torch.bfloat16
d12-s11,12,11,d12-s11-s0-5fd1bf807f764954b30658872fc3e2ad,shadow_fp32,curvature/e_sym_random,e_sym,random,33,0.013095238095238096,1.7955558924225992e-06,hvp-shadow-fp32-ieee-v1,torch.float32
d12-s11,12,11,d12-s11-s0-5fd1bf807f764954b30658872fc3e2ad,shadow_fp32,curvature/e_lin_random,e_lin,random,33,0.013095238095238096,6.465316019562751e-07,hvp-shadow-fp32-ieee-v1,torch.float32
d12-s11,12,11,d12-s11-s0-5fd1bf807f764954b30658872fc3e2ad,shadow_fp32,curvature/verdict_code_random,verdict_code,random,33,0.013095238095238096,1.0,hvp-shadow-fp32-ieee-v1,torch.float32
d12-s11,12,11,d12-s11-s0-5fd1bf807f764954b30658872fc3e2ad,shadow_fp32,curvature/e_sym_gradient,e_sym,gradient,33,0.013095238095238096,1.1981730175771618e-06,hvp-shadow-fp32-ieee-v1,torch.float32
d12-s11,12,11,d12-s11-s0-5fd1bf807f764954b30658872fc3e2ad,shadow_fp32,curvature/e_lin_gradient,e_lin,gradient,33,0.013095238095238096,3.9651089308329807e-07,hvp-shadow-fp32-ieee-v1,torch.float32
d12-s11,12,11,d12-s11-s0-5fd1bf807f764954b30658872fc3e2ad,shadow_fp32,curvature/verdict_code_gradient,verdict_code,gradient,33,0.013095238095238096,0.0,hvp-shadow-fp32-ieee-v1,torch.float32
d12-s11,12,11,d12-s11-s0-5fd1bf807f764954b30658872fc3e2ad,shadow_fp32,curvature/e_sym_update,e_sym,update,33,0.013095238095238096,8.956397820748543e-07,hvp-shadow-fp32-ieee-v1,torch.float32
d12-s11,12,11,d12-s11-s0-5fd1bf807f764954b30658872fc3e2ad,shadow_fp32,curvature/e_lin_update,e_lin,update,33,0.013095238095238096,5.493675147608694e-07,hvp-shadow-fp32-ieee-v1,torch.float32
d12-s11,12,11,d12-s11-s0-5fd1bf807f764954b30658872fc3e2ad,shadow_fp32,curvature/verdict_code_update,verdict_code,update,33,0.013095238095238096,1.0,hvp-shadow-fp32-ieee-v1,torch.float32
d12-s11,12,11,d12-s11-s0-5fd1bf807f764954b30658872fc3e2ad,native,curvature/e_sym_random,e_sym,random,33,0.013095238095238096,0.008280643940391328,,torch.bfloat16
d12-s11,12,11,d12-s11-s0-5fd1bf807f764954b30658872fc3e2ad,native,curvature/e_lin_random,e_lin,random,33,0.013095238095238096,0.012736008065804902,,torch.bfloat16
d12-s11,12,11,d12-s11-s0-5fd1bf807f764954b30658872fc3e2ad,native,curvature/verdict_code_random,verdict_code,random,33,0.013095238095238096,2.0,,torch.bfloat16
d12-s11,12,11,d12-s11-s0-5fd1bf807f764954b30658872fc3e2ad,native,curvature/e_sym_gradient,e_sym,gradient,33,0.013095238095238096,0.051853823704031944,,torch.bfloat16
d12-s11,12,11,d12-s11-s0-5fd1bf807f764954b30658872fc3e2ad,native,curvature/e_lin_gradient,e_lin,gradient,33,0.013095238095238096,0.003669664619622554,,torch.bfloat16
d12-s11,12,11,d12-s11-s0-5fd1bf807f764954b30658872fc3e2ad,native,curvature/verdict_code_gradient,verdict_code,gradient,33,0.013095238095238096,2.0,,torch.bfloat16
d12-s11,12,11,d12-s11-s0-5fd1bf807f764954b30658872fc3e2ad,native,curvature/e_sym_update,e_sym,update,33,0.013095238095238096,0.029721573365443545,,torch.bfloat16
d12-s11,12,11,d12-s11-s0-5fd1bf807f764954b30658872fc3e2ad,native,curvature/e_lin_update,e_lin,update,33,0.013095238095238096,0.010009140218328933,,torch.bfloat16
d12-s11,12,11,d12-s11-s0-5fd1bf807f764954b30658872fc3e2ad,native,curvature/verdict_code_update,verdict_code,update,33,0.013095238095238096,2.0,,torch.bfloat16
d12-s11,12,11,d12-s11-s0-5fd1bf807f764954b30658872fc3e2ad,shadow_fp32,curvature/e_sym_random,e_sym,random,41,0.01626984126984127,2.2429111013979764e-06,hvp-shadow-fp32-ieee-v1,torch.float32
d12-s11,12,11,d12-s11-s0-5fd1bf807f764954b30658872fc3e2ad,shadow_fp32,curvature/e_lin_random,e_lin,random,41,0.01626984126984127,6.406791868275327e-07,hvp-shadow-fp32-ieee-v1,torch.float32
d12-s11,12,11,d12-s11-s0-5fd1bf807f764954b30658872fc3e2ad,shadow_fp32,curvature/verdict_code_random,verdict_code,random,41,0.01626984126984127,1.0,hvp-shadow-fp32-ieee-v1,torch.float32
d12-s11,12,11,d12-s11-s0-5fd1bf807f764954b30658872fc3e2ad,shadow_fp32,curvature/e_sym_gradient,e_sym,gradient,41,0.01626984126984127,9.149294943374019e-08,hvp-shadow-fp32-ieee-v1,torch.float32
d12-s11,12,11,d12-s11-s0-5fd1bf807f764954b30658872fc3e2ad,shadow_fp32,curvature/e_lin_gradient,e_lin,gradient,41,0.01626984126984127,3.7548911209534276e-07,hvp-shadow-fp32-ieee-v1,torch.float32
d12-s11,12,11,d12-s11-s0-5fd1bf807f764954b30658872fc3e2ad,shadow_fp32,curvature/verdict_code_gradient,verdict_code,gradient,41,0.01626984126984127,0.0,hvp-shadow-fp32-ieee-v1,torch.float32
d12-s11,12,11,d12-s11-s0-5fd1bf807f764954b30658872fc3e2ad,shadow_fp32,curvature/e_sym_update,e_sym,update,41,0.01626984126984127,2.8690010838275373e-07,hvp-shadow-fp32-ieee-v1,torch.float32
d12-s11,12,11,d12-s11-s0-5fd1bf807f764954b30658872fc3e2ad,shadow_fp32,curvature/e_lin_update,e_lin,update,41,0.01626984126984127,5.712079374654998e-07,hvp-shadow-fp32-ieee-v1,torch.float32
d12-s11,12,11,d12-s11-s0-5fd1bf807f764954b30658872fc3e2ad,shadow_fp32,curvature/verdict_code_update,verdict_code,update,41,0.01626984126984127,1.0,hvp-shadow-fp32-ieee-v1,torch.float32
d12-s11,12,11,d12-s11-s0-5fd1bf807f764954b30658872fc3e2ad,native,curvature/e_sym_random,e_sym,random,41,0.01626984126984127,0.010124011195051578,,torch.bfloat16
d12-s11,12,11,d12-s11-s0-5fd1bf807f764954b30658872fc3e2ad,native,curvature/e_lin_random,e_lin,random,41,0.01626984126984127,0.01128870641459083,,torch.bfloat16
d12-s11,12,11,d12-s11-s0-5fd1bf807f764954b30658872fc3e2ad,native,curvature/verdict_code_random,verdict_code,random,41,0.01626984126984127,2.0,,torch.bfloat16
d12-s11,12,11,d12-s11-s0-5fd1bf807f764954b30658872fc3e2ad,native,curvature/e_sym_gradient,e_sym,gradient,41,0.01626984126984127,0.017689725394281364,,torch.bfloat16
d12-s11,12,11,d12-s11-s0-5fd1bf807f764954b30658872fc3e2ad,native,curvature/e_lin_gradient,e_lin,gradient,41,0.01626984126984127,0.003562917974892882,,torch.bfloat16
d12-s11,12,11,d12-s11-s0-5fd1bf807f764954b30658872fc3e2ad,native,curvature/verdict_code_gradient,verdict_code,gradient,41,0.01626984126984127,2.0,,torch.bfloat16
d12-s11,12,11,d12-s11-s0-5fd1bf807f764954b30658872fc3e2ad,native,curvature/e_sym_update,e_sym,update,41,0.01626984126984127,0.06524630500706322,,torch.bfloat16
d12-s11,12,11,d12-s11-s0-5fd1bf807f764954b30658872fc3e2ad,native,curvature/e_lin_update,e_lin,update,41,0.01626984126984127,0.009970658934456467,,torch.bfloat16
d12-s11,12,11,d12-s11-s0-5fd1bf807f764954b30658872fc3e2ad,native,curvature/verdict_code_update,verdict_code,update,41,0.01626984126984127,2.0,,torch.bfloat16
d12-s11,12,11,d12-s11-s0-5fd1bf807f764954b30658872fc3e2ad,shadow_fp32,curvature/e_sym_random,e_sym,random,65,0.025793650793650792,1.736982989107149e-07,hvp-shadow-fp32-ieee-v1,torch.float32
d12-s11,12,11,d12-s11-s0-5fd1bf807f764954b30658872fc3e2ad,shadow_fp32,curvature/e_lin_random,e_lin,random,65,0.025793650793650792,6.837031558688429e-07,hvp-shadow-fp32-ieee-v1,torch.float32
d12-s11,12,11,d12-s11-s0-5fd1bf807f764954b30658872fc3e2ad,shadow_fp32,curvature/verdict_code_random,verdict_code,random,65,0.025793650793650792,1.0,hvp-shadow-fp32-ieee-v1,torch.float32
d12-s11,12,11,d12-s11-s0-5fd1bf807f764954b30658872fc3e2ad,shadow_fp32,curvature/e_sym_gradient,e_sym,gradient,65,0.025793650793650792,1.7501681578306573e-06,hvp-shadow-fp32-ieee-v1,torch.float32
d12-s11,12,11,d12-s11-s0-5fd1bf807f764954b30658872fc3e2ad,shadow_fp32,curvature/e_lin_gradient,e_lin,gradient,65,0.025793650793650792,3.833591174534323e-07,hvp-shadow-fp32-ieee-v1,torch.float32
d12-s11,12,11,d12-s11-s0-5fd1bf807f764954b30658872fc3e2ad,shadow_fp32,curvature/verdict_code_gradient,verdict_code,gradient,65,0.025793650793650792,0.0,hvp-shadow-fp32-ieee-v1,torch.float32
d12-s11,12,11,d12-s11-s0-5fd1bf807f764954b30658872fc3e2ad,shadow_fp32,curvature/e_sym_update,e_sym,update,65,0.025793650793650792,4.0257884857462106e-07,hvp-shadow-fp32-ieee-v1,torch.float32
d12-s11,12,11,d12-s11-s0-5fd1bf807f764954b30658872fc3e2ad,shadow_fp32,curvature/e_lin_update,e_lin,update,65,0.025793650793650792,5.971980343034123e-07,hvp-shadow-fp32-ieee-v1,torch.float32
d12-s11,12,11,d12-s11-s0-5fd1bf807f764954b30658872fc3e2ad,shadow_fp32,curvature/verdict_code_update,verdict_code,update,65,0.025793650793650792,1.0,hvp-shadow-fp32-ieee-v1,torch.float32
d12-s11,12,11,d12-s11-s0-5fd1bf807f764954b30658872fc3e2ad,native,curvature/e_sym_random,e_sym,random,65,0.025793650793650792,0.0030424027396266967,,torch.bfloat16
d12-s11,12,11,d12-s11-s0-5fd1bf807f764954b30658872fc3e2ad,native,curvature/e_lin_random,e_lin,random,65,0.025793650793650792,0.010791361577681121,,torch.bfloat16
d12-s11,12,11,d12-s11-s0-5fd1bf807f764954b30658872fc3e2ad,native,curvature/verdict_code_random,verdict_code,random,65,0.025793650793650792,2.0,,torch.bfloat16
d12-s11,12,11,d12-s11-s0-5fd1bf807f764954b30658872fc3e2ad,native,curvature/e_sym_gradient,e_sym,gradient,65,0.025793650793650792,0.002464539679947457,,torch.bfloat16
d12-s11,12,11,d12-s11-s0-5fd1bf807f764954b30658872fc3e2ad,native,curvature/e_lin_gradient,e_lin,gradient,65,0.025793650793650792,0.004069291477516016,,torch.bfloat16
d12-s11,12,11,d12-s11-s0-5fd1bf807f764954b30658872fc3e2ad,native,curvature/verdict_code_gradient,verdict_code,gradient,65,0.025793650793650792,2.0,,torch.bfloat16
d12-s11,12,11,d12-s11-s0-5fd1bf807f764954b30658872fc3e2ad,native,curvature/e_sym_update,e_sym,update,65,0.025793650793650792,0.01802626998068233,,torch.bfloat16
d12-s11,12,11,d12-s11-s0-5fd1bf807f764954b30658872fc3e2ad,native,curvature/e_lin_update,e_lin,update,65,0.025793650793650792,0.0095185984175247,,torch.bfloat16
d12-s11,12,11,d12-s11-s0-5fd1bf807f764954b30658872fc3e2ad,native,curvature/verdict_code_update,verdict_code,update,65,0.025793650793650792,2.0,,torch.bfloat16
d12-s11,12,11,d12-s11-s0-5fd1bf807f764954b30658872fc3e2ad,shadow_fp32,curvature/e_sym_random,e_sym,random,127,0.0503968253968254,7.921639580705879e-07,hvp-shadow-fp32-ieee-v1,torch.float32
d12-s11,12,11,d12-s11-s0-5fd1bf807f764954b30658872fc3e2ad,shadow_fp32,curvature/e_lin_random,e_lin,random,127,0.0503968253968254,7.509276642783173e-07,hvp-shadow-fp32-ieee-v1,torch.float32
d12-s11,12,11,d12-s11-s0-5fd1bf807f764954b30658872fc3e2ad,shadow_fp32,curvature/verdict_code_random,verdict_code,random,127,0.0503968253968254,1.0,hvp-shadow-fp32-ieee-v1,torch.float32
d12-s11,12,11,d12-s11-s0-5fd1bf807f764954b30658872fc3e2ad,shadow_fp32,curvature/e_sym_gradient,e_sym,gradient,127,0.0503968253968254,9.030573696979305e-09,hvp-shadow-fp32-ieee-v1,torch.float32
d12-s11,12,11,d12-s11-s0-5fd1bf807f764954b30658872fc3e2ad,shadow_fp32,curvature/e_lin_gradient,e_lin,gradient,127,0.0503968253968254,4.896274699211281e-07,hvp-shadow-fp32-ieee-v1,torch.float32
d12-s11,12,11,d12-s11-s0-5fd1bf807f764954b30658872fc3e2ad,shadow_fp32,curvature/verdict_code_gradient,verdict_code,gradient,127,0.0503968253968254,0.0,hvp-shadow-fp32-ieee-v1,torch.float32
d12-s11,12,11,d12-s11-s0-5fd1bf807f764954b30658872fc3e2ad,shadow_fp32,curvature/e_sym_update,e_sym,update,127,0.0503968253968254,1.3105733708362805e-07,hvp-shadow-fp32-ieee-v1,torch.float32
d12-s11,12,11,d12-s11-s0-5fd1bf807f764954b30658872fc3e2ad,shadow_fp32,curvature/e_lin_update,e_lin,update,127,0.0503968253968254,7.148052727308483e-07,hvp-shadow-fp32-ieee-v1,torch.float32
d12-s11,12,11,d12-s11-s0-5fd1bf807f764954b30658872fc3e2ad,shadow_fp32,curvature/verdict_code_update,verdict_code,update,127,0.0503968253968254,1.0,hvp-shadow-fp32-ieee-v1,torch.float32
d12-s11,12,11,d12-s11-s0-5fd1bf807f764954b30658872fc3e2ad,native,curvature/e_sym_random,e_sym,random,127,0.0503968253968254,0.01332452252072146,,torch.bfloat16
d12-s11,12,11,d12-s11-s0-5fd1bf807f764954b30658872fc3e2ad,native,curvature/e_lin_random,e_lin,random,127,0.0503968253968254,0.012941126319788868,,torch.bfloat16
d12-s11,12,11,d12-s11-s0-5fd1bf807f764954b30658872fc3e2ad,native,curvature/verdict_code_random,verdict_code,random,127,0.0503968253968254,2.0,,torch.bfloat16
d12-s11,12,11,d12-s11-s0-5fd1bf807f764954b30658872fc3e2ad,native,curvature/e_sym_gradient,e_sym,gradient,127,0.0503968253968254,0.008568958119848692,,torch.bfloat16
d12-s11,12,11,d12-s11-s0-5fd1bf807f764954b30658872fc3e2ad,native,curvature/e_lin_gradient,e_lin,gradient,127,0.0503968253968254,0.008679726659396956,,torch.bfloat16
d12-s11,12,11,d12-s11-s0-5fd1bf807f764954b30658872fc3e2ad,native,curvature/verdict_code_gradient,verdict_code,gradient,127,0.0503968253968254,2.0,,torch.bfloat16
d12-s11,12,11,d12-s11-s0-5fd1bf807f764954b30658872fc3e2ad,native,curvature/e_sym_update,e_sym,update,127,0.0503968253968254,0.008043884484286579,,torch.bfloat16
d12-s11,12,11,d12-s11-s0-5fd1bf807f764954b30658872fc3e2ad,native,curvature/e_lin_update,e_lin,update,127,0.0503968253968254,0.012867166074868095,,torch.bfloat16
d12-s11,12,11,d12-s11-s0-5fd1bf807f764954b30658872fc3e2ad,native,curvature/verdict_code_update,verdict_code,update,127,0.0503968253968254,2.0,,torch.bfloat16
d12-s11,12,11,d12-s11-s0-5fd1bf807f764954b30658872fc3e2ad,shadow_fp32,curvature/e_sym_random,e_sym,random,253,0.1003968253968254,1.1399344542444757e-06,hvp-shadow-fp32-ieee-v1,torch.float32
d12-s11,12,11,d12-s11-s0-5fd1bf807f764954b30658872fc3e2ad,shadow_fp32,curvature/e_lin_random,e_lin,random,253,0.1003968253968254,7.371291538811909e-07,hvp-shadow-fp32-ieee-v1,torch.float32
d12-s11,12,11,d12-s11-s0-5fd1bf807f764954b30658872fc3e2ad,shadow_fp32,curvature/verdict_code_random,verdict_code,random,253,0.1003968253968254,1.0,hvp-shadow-fp32-ieee-v1,torch.float32
d12-s11,12,11,d12-s11-s0-5fd1bf807f764954b30658872fc3e2ad,shadow_fp32,curvature/e_sym_gradient,e_sym,gradient,253,0.1003968253968254,1.2792608415073514e-07,hvp-shadow-fp32-ieee-v1,torch.float32
d12-s11,12,11,d12-s11-s0-5fd1bf807f764954b30658872fc3e2ad,shadow_fp32,curvature/e_lin_gradient,e_lin,gradient,253,0.1003968253968254,5.130563362057717e-07,hvp-shadow-fp32-ieee-v1,torch.float32
d12-s11,12,11,d12-s11-s0-5fd1bf807f764954b30658872fc3e2ad,shadow_fp32,curvature/verdict_code_gradient,verdict_code,gradient,253,0.1003968253968254,0.0,hvp-shadow-fp32-ieee-v1,torch.float32
d12-s11,12,11,d12-s11-s0-5fd1bf807f764954b30658872fc3e2ad,shadow_fp32,curvature/e_sym_update,e_sym,update,253,0.1003968253968254,3.5948911799803994e-07,hvp-shadow-fp32-ieee-v1,torch.float32
d12-s11,12,11,d12-s11-s0-5fd1bf807f764954b30658872fc3e2ad,shadow_fp32,curvature/e_lin_update,e_lin,update,253,0.1003968253968254,7.333354191843431e-07,hvp-shadow-fp32-ieee-v1,torch.float32
d12-s11,12,11,d12-s11-s0-5fd1bf807f764954b30658872fc3e2ad,shadow_fp32,curvature/verdict_code_update,verdict_code,update,253,0.1003968253968254,1.0,hvp-shadow-fp32-ieee-v1,torch.float32
d12-s11,12,11,d12-s11-s0-5fd1bf807f764954b30658872fc3e2ad,native,curvature/e_sym_random,e_sym,random,253,0.1003968253968254,0.026842913851623188,,torch.bfloat16
d12-s11,12,11,d12-s11-s0-5fd1bf807f764954b30658872fc3e2ad,native,curvature/e_lin_random,e_lin,random,253,0.1003968253968254,0.01131224301403744,,torch.bfloat16
d12-s11,12,11,d12-s11-s0-5fd1bf807f764954b30658872fc3e2ad,native,curvature/verdict_code_random,verdict_code,random,253,0.1003968253968254,2.0,,torch.bfloat16
d12-s11,12,11,d12-s11-s0-5fd1bf807f764954b30658872fc3e2ad,native,curvature/e_sym_gradient,e_sym,gradient,253,0.1003968253968254,0.02730706407746413,,torch.bfloat16
d12-s11,12,11,d12-s11-s0-5fd1bf807f764954b30658872fc3e2ad,native,curvature/e_lin_gradient,e_lin,gradient,253,0.1003968253968254,0.00689492610033503,,torch.bfloat16
d12-s11,12,11,d12-s11-s0-5fd1bf807f764954b30658872fc3e2ad,native,curvature/verdict_code_gradient,verdict_code,gradient,253,0.1003968253968254,2.0,,torch.bfloat16
d12-s11,12,11,d12-s11-s0-5fd1bf807f764954b30658872fc3e2ad,native,curvature/e_sym_update,e_sym,update,253,0.1003968253968254,0.007599558733490211,,torch.bfloat16
d12-s11,12,11,d12-s11-s0-5fd1bf807f764954b30658872fc3e2ad,native,curvature/e_lin_update,e_lin,update,253,0.1003968253968254,0.011415561574712374,,torch.bfloat16
d12-s11,12,11,d12-s11-s0-5fd1bf807f764954b30658872fc3e2ad,native,curvature/verdict_code_update,verdict_code,update,253,0.1003968253968254,2.0,,torch.bfloat16
d12-s11,12,11,d12-s11-s0-5fd1bf807f764954b30658872fc3e2ad,shadow_fp32,curvature/e_sym_random,e_sym,random,379,0.1503968253968254,1.1235994173097845e-06,hvp-shadow-fp32-ieee-v1,torch.float32
d12-s11,12,11,d12-s11-s0-5fd1bf807f764954b30658872fc3e2ad,shadow_fp32,curvature/e_lin_random,e_lin,random,379,0.1503968253968254,7.403877680892982e-07,hvp-shadow-fp32-ieee-v1,torch.float32
d12-s11,12,11,d12-s11-s0-5fd1bf807f764954b30658872fc3e2ad,shadow_fp32,curvature/verdict_code_random,verdict_code,random,379,0.1503968253968254,1.0,hvp-shadow-fp32-ieee-v1,torch.float32
d12-s11,12,11,d12-s11-s0-5fd1bf807f764954b30658872fc3e2ad,shadow_fp32,curvature/e_sym_gradient,e_sym,gradient,379,0.1503968253968254,1.325509324223189e-07,hvp-shadow-fp32-ieee-v1,torch.float32
d12-s11,12,11,d12-s11-s0-5fd1bf807f764954b30658872fc3e2ad,shadow_fp32,curvature/e_lin_gradient,e_lin,gradient,379,0.1503968253968254,5.161137999053799e-07,hvp-shadow-fp32-ieee-v1,torch.float32
d12-s11,12,11,d12-s11-s0-5fd1bf807f764954b30658872fc3e2ad,shadow_fp32,curvature/verdict_code_gradient,verdict_code,gradient,379,0.1503968253968254,0.0,hvp-shadow-fp32-ieee-v1,torch.float32
d12-s11,12,11,d12-s11-s0-5fd1bf807f764954b30658872fc3e2ad,shadow_fp32,curvature/e_sym_update,e_sym,update,379,0.1503968253968254,1.7721509474024832e-06,hvp-shadow-fp32-ieee-v1,torch.float32
d12-s11,12,11,d12-s11-s0-5fd1bf807f764954b30658872fc3e2ad,shadow_fp32,curvature/e_lin_update,e_lin,update,379,0.1503968253968254,6.973106350831086e-07,hvp-shadow-fp32-ieee-v1,torch.float32
d12-s11,12,11,d12-s11-s0-5fd1bf807f764954b30658872fc3e2ad,shadow_fp32,curvature/verdict_code_update,verdict_code,update,379,0.1503968253968254,1.0,hvp-shadow-fp32-ieee-v1,torch.float32
d12-s11,12,11,d12-s11-s0-5fd1bf807f764954b30658872fc3e2ad,native,curvature/e_sym_random,e_sym,random,379,0.1503968253968254,0.11333747502981015,,torch.bfloat16
d12-s11,12,11,d12-s11-s0-5fd1bf807f764954b30658872fc3e2ad,native,curvature/e_lin_random,e_lin,random,379,0.1503968253968254,0.01141151140772191,,torch.bfloat16
d12-s11,12,11,d12-s11-s0-5fd1bf807f764954b30658872fc3e2ad,native,curvature/verdict_code_random,verdict_code,random,379,0.1503968253968254,2.0,,torch.bfloat16
d12-s11,12,11,d12-s11-s0-5fd1bf807f764954b30658872fc3e2ad,native,curvature/e_sym_gradient,e_sym,gradient,379,0.1503968253968254,0.004808859544007836,,torch.bfloat16
d12-s11,12,11,d12-s11-s0-5fd1bf807f764954b30658872fc3e2ad,native,curvature/e_lin_gradient,e_lin,gradient,379,0.1503968253968254,0.007084445225252061,,torch.bfloat16
d12-s11,12,11,d12-s11-s0-5fd1bf807f764954b30658872fc3e2ad,native,curvature/verdict_code_gradient,verdict_code,gradient,379,0.1503968253968254,2.0,,torch.bfloat16
d12-s11,12,11,d12-s11-s0-5fd1bf807f764954b30658872fc3e2ad,native,curvature/e_sym_update,e_sym,update,379,0.1503968253968254,0.005688424618261963,,torch.bfloat16
d12-s11,12,11,d12-s11-s0-5fd1bf807f764954b30658872fc3e2ad,native,curvature/e_lin_update,e_lin,update,379,0.1503968253968254,0.011123780288437638,,torch.bfloat16
d12-s11,12,11,d12-s11-s0-5fd1bf807f764954b30658872fc3e2ad,native,curvature/verdict_code_update,verdict_code,update,379,0.1503968253968254,2.0,,torch.bfloat16
d12-s11,12,11,d12-s11-s0-5fd1bf807f764954b30658872fc3e2ad,shadow_fp32,curvature/e_sym_random,e_sym,random,401,0.15912698412698412,1.7119258646828431e-06,hvp-shadow-fp32-ieee-v1,torch.float32
d12-s11,12,11,d12-s11-s0-5fd1bf807f764954b30658872fc3e2ad,shadow_fp32,curvature/e_lin_random,e_lin,random,401,0.15912698412698412,7.31824318743776e-07,hvp-shadow-fp32-ieee-v1,torch.float32
d12-s11,12,11,d12-s11-s0-5fd1bf807f764954b30658872fc3e2ad,shadow_fp32,curvature/verdict_code_random,verdict_code,random,401,0.15912698412698412,1.0,hvp-shadow-fp32-ieee-v1,torch.float32
d12-s11,12,11,d12-s11-s0-5fd1bf807f764954b30658872fc3e2ad,shadow_fp32,curvature/e_sym_gradient,e_sym,gradient,401,0.15912698412698412,2.784451955345438e-07,hvp-shadow-fp32-ieee-v1,torch.float32
d12-s11,12,11,d12-s11-s0-5fd1bf807f764954b30658872fc3e2ad,shadow_fp32,curvature/e_lin_gradient,e_lin,gradient,401,0.15912698412698412,5.824469947541989e-07,hvp-shadow-fp32-ieee-v1,torch.float32
d12-s11,12,11,d12-s11-s0-5fd1bf807f764954b30658872fc3e2ad,shadow_fp32,curvature/verdict_code_gradient,verdict_code,gradient,401,0.15912698412698412,0.0,hvp-shadow-fp32-ieee-v1,torch.float32
d12-s11,12,11,d12-s11-s0-5fd1bf807f764954b30658872fc3e2ad,shadow_fp32,curvature/e_sym_update,e_sym,update,401,0.15912698412698412,4.2661936164232536e-07,hvp-shadow-fp32-ieee-v1,torch.float32
d12-s11,12,11,d12-s11-s0-5fd1bf807f764954b30658872fc3e2ad,shadow_fp32,curvature/e_lin_update,e_lin,update,401,0.15912698412698412,6.985789219206115e-07,hvp-shadow-fp32-ieee-v1,torch.float32
d12-s11,12,11,d12-s11-s0-5fd1bf807f764954b30658872fc3e2ad,shadow_fp32,curvature/verdict_code_update,verdict_code,update,401,0.15912698412698412,1.0,hvp-shadow-fp32-ieee-v1,torch.float32
d12-s11,12,11,d12-s11-s0-5fd1bf807f764954b30658872fc3e2ad,native,curvature/e_sym_random,e_sym,random,401,0.15912698412698412,0.032206730735928245,,torch.bfloat16
d12-s11,12,11,d12-s11-s0-5fd1bf807f764954b30658872fc3e2ad,native,curvature/e_lin_random,e_lin,random,401,0.15912698412698412,0.011129889029751898,,torch.bfloat16
d12-s11,12,11,d12-s11-s0-5fd1bf807f764954b30658872fc3e2ad,native,curvature/verdict_code_random,verdict_code,random,401,0.15912698412698412,2.0,,torch.bfloat16
d12-s11,12,11,d12-s11-s0-5fd1bf807f764954b30658872fc3e2ad,native,curvature/e_sym_gradient,e_sym,gradient,401,0.15912698412698412,0.004274707602468481,,torch.bfloat16
d12-s11,12,11,d12-s11-s0-5fd1bf807f764954b30658872fc3e2ad,native,curvature/e_lin_gradient,e_lin,gradient,401,0.15912698412698412,0.009297717250875068,,torch.bfloat16
d12-s11,12,11,d12-s11-s0-5fd1bf807f764954b30658872fc3e2ad,native,curvature/verdict_code_gradient,verdict_code,gradient,401,0.15912698412698412,2.0,,torch.bfloat16
d12-s11,12,11,d12-s11-s0-5fd1bf807f764954b30658872fc3e2ad,native,curvature/e_sym_update,e_sym,update,401,0.15912698412698412,0.0019900918658498617,,torch.bfloat16
d12-s11,12,11,d12-s11-s0-5fd1bf807f764954b30658872fc3e2ad,native,curvature/e_lin_update,e_lin,update,401,0.15912698412698412,0.010690803997198876,,torch.bfloat16
d12-s11,12,11,d12-s11-s0-5fd1bf807f764954b30658872fc3e2ad,native,curvature/verdict_code_update,verdict_code,update,401,0.15912698412698412,2.0,,torch.bfloat16
d12-s11,12,11,d12-s11-s0-5fd1bf807f764954b30658872fc3e2ad,shadow_fp32,curvature/e_sym_random,e_sym,random,505,0.2003968253968254,8.946531260302203e-07,hvp-shadow-fp32-ieee-v1,torch.float32
d12-s11,12,11,d12-s11-s0-5fd1bf807f764954b30658872fc3e2ad,shadow_fp32,curvature/e_lin_random,e_lin,random,505,0.2003968253968254,7.454385821040215e-07,hvp-shadow-fp32-ieee-v1,torch.float32
d12-s11,12,11,d12-s11-s0-5fd1bf807f764954b30658872fc3e2ad,shadow_fp32,curvature/verdict_code_random,verdict_code,random,505,0.2003968253968254,1.0,hvp-shadow-fp32-ieee-v1,torch.float32
d12-s11,12,11,d12-s11-s0-5fd1bf807f764954b30658872fc3e2ad,shadow_fp32,curvature/e_sym_gradient,e_sym,gradient,505,0.2003968253968254,2.3060957163698718e-07,hvp-shadow-fp32-ieee-v1,torch.float32
d12-s11,12,11,d12-s11-s0-5fd1bf807f764954b30658872fc3e2ad,shadow_fp32,curvature/e_lin_gradient,e_lin,gradient,505,0.2003968253968254,5.762340562996953e-07,hvp-shadow-fp32-ieee-v1,torch.float32
d12-s11,12,11,d12-s11-s0-5fd1bf807f764954b30658872fc3e2ad,shadow_fp32,curvature/verdict_code_gradient,verdict_code,gradient,505,0.2003968253968254,0.0,hvp-shadow-fp32-ieee-v1,torch.float32
d12-s11,12,11,d12-s11-s0-5fd1bf807f764954b30658872fc3e2ad,shadow_fp32,curvature/e_sym_update,e_sym,update,505,0.2003968253968254,1.3199565849053665e-06,hvp-shadow-fp32-ieee-v1,torch.float32
d12-s11,12,11,d12-s11-s0-5fd1bf807f764954b30658872fc3e2ad,shadow_fp32,curvature/e_lin_update,e_lin,update,505,0.2003968253968254,7.593663920598689e-07,hvp-shadow-fp32-ieee-v1,torch.float32
d12-s11,12,11,d12-s11-s0-5fd1bf807f764954b30658872fc3e2ad,shadow_fp32,curvature/verdict_code_update,verdict_code,update,505,0.2003968253968254,1.0,hvp-shadow-fp32-ieee-v1,torch.float32
d12-s11,12,11,d12-s11-s0-5fd1bf807f764954b30658872fc3e2ad,native,curvature/e_sym_random,e_sym,random,505,0.2003968253968254,0.0070057328461551474,,torch.bfloat16
d12-s11,12,11,d12-s11-s0-5fd1bf807f764954b30658872fc3e2ad,native,curvature/e_lin_random,e_lin,random,505,0.2003968253968254,0.011668428739528024,,torch.bfloat16
d12-s11,12,11,d12-s11-s0-5fd1bf807f764954b30658872fc3e2ad,native,curvature/verdict_code_random,verdict_code,random,505,0.2003968253968254,2.0,,torch.bfloat16
d12-s11,12,11,d12-s11-s0-5fd1bf807f764954b30658872fc3e2ad,native,curvature/e_sym_gradient,e_sym,gradient,505,0.2003968253968254,0.0020111172101920016,,torch.bfloat16
d12-s11,12,11,d12-s11-s0-5fd1bf807f764954b30658872fc3e2ad,native,curvature/e_lin_gradient,e_lin,gradient,505,0.2003968253968254,0.008081776319500725,,torch.bfloat16
d12-s11,12,11,d12-s11-s0-5fd1bf807f764954b30658872fc3e2ad,native,curvature/verdict_code_gradient,verdict_code,gradient,505,0.2003968253968254,2.0,,torch.bfloat16
d12-s11,12,11,d12-s11-s0-5fd1bf807f764954b30658872fc3e2ad,native,curvature/e_sym_update,e_sym,update,505,0.2003968253968254,0.012107380200854601,,torch.bfloat16
d12-s11,12,11,d12-s11-s0-5fd1bf807f764954b30658872fc3e2ad,native,curvature/e_lin_update,e_lin,update,505,0.2003968253968254,0.011560601704511836,,torch.bfloat16
d12-s11,12,11,d12-s11-s0-5fd1bf807f764954b30658872fc3e2ad,native,curvature/verdict_code_update,verdict_code,update,505,0.2003968253968254,2.0,,torch.bfloat16
d12-s11,12,11,d12-s11-s0-5fd1bf807f764954b30658872fc3e2ad,shadow_fp32,curvature/e_sym_random,e_sym,random,631,0.2503968253968254,2.3535208118811787e-06,hvp-shadow-fp32-ieee-v1,torch.float32
d12-s11,12,11,d12-s11-s0-5fd1bf807f764954b30658872fc3e2ad,shadow_fp32,curvature/e_lin_random,e_lin,random,631,0.2503968253968254,7.127496032125785e-07,hvp-shadow-fp32-ieee-v1,torch.float32
d12-s11,12,11,d12-s11-s0-5fd1bf807f764954b30658872fc3e2ad,shadow_fp32,curvature/verdict_code_random,verdict_code,random,631,0.2503968253968254,1.0,hvp-shadow-fp32-ieee-v1,torch.float32
d12-s11,12,11,d12-s11-s0-5fd1bf807f764954b30658872fc3e2ad,shadow_fp32,curvature/e_sym_gradient,e_sym,gradient,631,0.2503968253968254,1.778833076509121e-07,hvp-shadow-fp32-ieee-v1,torch.float32
d12-s11,12,11,d12-s11-s0-5fd1bf807f764954b30658872fc3e2ad,shadow_fp32,curvature/e_lin_gradient,e_lin,gradient,631,0.2503968253968254,5.231043576616178e-07,hvp-shadow-fp32-ieee-v1,torch.float32
d12-s11,12,11,d12-s11-s0-5fd1bf807f764954b30658872fc3e2ad,shadow_fp32,curvature/verdict_code_gradient,verdict_code,gradient,631,0.2503968253968254,0.0,hvp-shadow-fp32-ieee-v1,torch.float32
d12-s11,12,11,d12-s11-s0-5fd1bf807f764954b30658872fc3e2ad,shadow_fp32,curvature/e_sym_update,e_sym,update,631,0.2503968253968254,1.5885096643923804e-06,hvp-shadow-fp32-ieee-v1,torch.float32
d12-s11,12,11,d12-s11-s0-5fd1bf807f764954b30658872fc3e2ad,shadow_fp32,curvature/e_lin_update,e_lin,update,631,0.2503968253968254,7.090685667339459e-07,hvp-shadow-fp32-ieee-v1,torch.float32
d12-s11,12,11,d12-s11-s0-5fd1bf807f764954b30658872fc3e2ad,shadow_fp32,curvature/verdict_code_update,verdict_code,update,631,0.2503968253968254,1.0,hvp-shadow-fp32-ieee-v1,torch.float32
d12-s11,12,11,d12-s11-s0-5fd1bf807f764954b30658872fc3e2ad,native,curvature/e_sym_random,e_sym,random,631,0.2503968253968254,0.018689665905228185,,torch.bfloat16
d12-s11,12,11,d12-s11-s0-5fd1bf807f764954b30658872fc3e2ad,native,curvature/e_lin_random,e_lin,random,631,0.2503968253968254,0.01095819412800407,,torch.bfloat16
d12-s11,12,11,d12-s11-s0-5fd1bf807f764954b30658872fc3e2ad,native,curvature/verdict_code_random,verdict_code,random,631,0.2503968253968254,2.0,,torch.bfloat16
d12-s11,12,11,d12-s11-s0-5fd1bf807f764954b30658872fc3e2ad,native,curvature/e_sym_gradient,e_sym,gradient,631,0.2503968253968254,0.0058798368856349875,,torch.bfloat16
d12-s11,12,11,d12-s11-s0-5fd1bf807f764954b30658872fc3e2ad,native,curvature/e_lin_gradient,e_lin,gradient,631,0.2503968253968254,0.006835597338927644,,torch.bfloat16
d12-s11,12,11,d12-s11-s0-5fd1bf807f764954b30658872fc3e2ad,native,curvature/verdict_code_gradient,verdict_code,gradient,631,0.2503968253968254,2.0,,torch.bfloat16
d12-s11,12,11,d12-s11-s0-5fd1bf807f764954b30658872fc3e2ad,native,curvature/e_sym_update,e_sym,update,631,0.2503968253968254,0.027934108008839918,,torch.bfloat16
d12-s11,12,11,d12-s11-s0-5fd1bf807f764954b30658872fc3e2ad,native,curvature/e_lin_update,e_lin,update,631,0.2503968253968254,0.010458498358668243,,torch.bfloat16
d12-s11,12,11,d12-s11-s0-5fd1bf807f764954b30658872fc3e2ad,native,curvature/verdict_code_update,verdict_code,update,631,0.2503968253968254,2.0,,torch.bfloat16
d12-s11,12,11,d12-s11-s0-5fd1bf807f764954b30658872fc3e2ad,shadow_fp32,curvature/e_sym_random,e_sym,random,757,0.3003968253968254,2.4691200349166906e-06,hvp-shadow-fp32-ieee-v1,torch.float32
d12-s11,12,11,d12-s11-s0-5fd1bf807f764954b30658872fc3e2ad,shadow_fp32,curvature/e_lin_random,e_lin,random,757,0.3003968253968254,7.430918068252081e-07,hvp-shadow-fp32-ieee-v1,torch.float32
d12-s11,12,11,d12-s11-s0-5fd1bf807f764954b30658872fc3e2ad,shadow_fp32,curvature/verdict_code_random,verdict_code,random,757,0.3003968253968254,1.0,hvp-shadow-fp32-ieee-v1,torch.float32
d12-s11,12,11,d12-s11-s0-5fd1bf807f764954b30658872fc3e2ad,shadow_fp32,curvature/e_sym_gradient,e_sym,gradient,757,0.3003968253968254,6.881796338647429e-08,hvp-shadow-fp32-ieee-v1,torch.float32
d12-s11,12,11,d12-s11-s0-5fd1bf807f764954b30658872fc3e2ad,shadow_fp32,curvature/e_lin_gradient,e_lin,gradient,757,0.3003968253968254,5.035623170451657e-07,hvp-shadow-fp32-ieee-v1,torch.float32
d12-s11,12,11,d12-s11-s0-5fd1bf807f764954b30658872fc3e2ad,shadow_fp32,curvature/verdict_code_gradient,verdict_code,gradient,757,0.3003968253968254,0.0,hvp-shadow-fp32-ieee-v1,torch.float32
d12-s11,12,11,d12-s11-s0-5fd1bf807f764954b30658872fc3e2ad,shadow_fp32,curvature/e_sym_update,e_sym,update,757,0.3003968253968254,2.22482324188009e-07,hvp-shadow-fp32-ieee-v1,torch.float32
d12-s11,12,11,d12-s11-s0-5fd1bf807f764954b30658872fc3e2ad,shadow_fp32,curvature/e_lin_update,e_lin,update,757,0.3003968253968254,7.059188899937275e-07,hvp-shadow-fp32-ieee-v1,torch.float32
d12-s11,12,11,d12-s11-s0-5fd1bf807f764954b30658872fc3e2ad,shadow_fp32,curvature/verdict_code_update,verdict_code,update,757,0.3003968253968254,1.0,hvp-shadow-fp32-ieee-v1,torch.float32
d12-s11,12,11,d12-s11-s0-5fd1bf807f764954b30658872fc3e2ad,native,curvature/e_sym_random,e_sym,random,757,0.3003968253968254,0.006838379989893397,,torch.bfloat16
d12-s11,12,11,d12-s11-s0-5fd1bf807f764954b30658872fc3e2ad,native,curvature/e_lin_random,e_lin,random,757,0.3003968253968254,0.011279606530988941,,torch.bfloat16
d12-s11,12,11,d12-s11-s0-5fd1bf807f764954b30658872fc3e2ad,native,curvature/verdict_code_random,verdict_code,random,757,0.3003968253968254,2.0,,torch.bfloat16
d12-s11,12,11,d12-s11-s0-5fd1bf807f764954b30658872fc3e2ad,native,curvature/e_sym_gradient,e_sym,gradient,757,0.3003968253968254,0.001662622411252186,,torch.bfloat16
d12-s11,12,11,d12-s11-s0-5fd1bf807f764954b30658872fc3e2ad,native,curvature/e_lin_gradient,e_lin,gradient,757,0.3003968253968254,0.006506645974545379,,torch.bfloat16
d12-s11,12,11,d12-s11-s0-5fd1bf807f764954b30658872fc3e2ad,native,curvature/verdict_code_gradient,verdict_code,gradient,757,0.3003968253968254,2.0,,torch.bfloat16
d12-s11,12,11,d12-s11-s0-5fd1bf807f764954b30658872fc3e2ad,native,curvature/e_sym_update,e_sym,update,757,0.3003968253968254,0.007599854430236458,,torch.bfloat16
d12-s11,12,11,d12-s11-s0-5fd1bf807f764954b30658872fc3e2ad,native,curvature/e_lin_update,e_lin,update,757,0.3003968253968254,0.009782940110995073,,torch.bfloat16
d12-s11,12,11,d12-s11-s0-5fd1bf807f764954b30658872fc3e2ad,native,curvature/verdict_code_update,verdict_code,update,757,0.3003968253968254,2.0,,torch.bfloat16
d12-s11,12,11,d12-s11-s0-5fd1bf807f764954b30658872fc3e2ad,shadow_fp32,curvature/e_sym_random,e_sym,random,883,0.3503968253968254,1.6877627797274692e-08,hvp-shadow-fp32-ieee-v1,torch.float32
d12-s11,12,11,d12-s11-s0-5fd1bf807f764954b30658872fc3e2ad,shadow_fp32,curvature/e_lin_random,e_lin,random,883,0.3503968253968254,7.564125387129933e-07,hvp-shadow-fp32-ieee-v1,torch.float32
d12-s11,12,11,d12-s11-s0-5fd1bf807f764954b30658872fc3e2ad,shadow_fp32,curvature/verdict_code_random,verdict_code,random,883,0.3503968253968254,1.0,hvp-shadow-fp32-ieee-v1,torch.float32
d12-s11,12,11,d12-s11-s0-5fd1bf807f764954b30658872fc3e2ad,shadow_fp32,curvature/e_sym_gradient,e_sym,gradient,883,0.3503968253968254,6.430910698416213e-08,hvp-shadow-fp32-ieee-v1,torch.float32
d12-s11,12,11,d12-s11-s0-5fd1bf807f764954b30658872fc3e2ad,shadow_fp32,curvature/e_lin_gradient,e_lin,gradient,883,0.3503968253968254,4.746132649251812e-07,hvp-shadow-fp32-ieee-v1,torch.float32
d12-s11,12,11,d12-s11-s0-5fd1bf807f764954b30658872fc3e2ad,shadow_fp32,curvature/verdict_code_gradient,verdict_code,gradient,883,0.3503968253968254,0.0,hvp-shadow-fp32-ieee-v1,torch.float32
d12-s11,12,11,d12-s11-s0-5fd1bf807f764954b30658872fc3e2ad,shadow_fp32,curvature/e_sym_update,e_sym,update,883,0.3503968253968254,3.6473380483821744e-07,hvp-shadow-fp32-ieee-v1,torch.float32
d12-s11,12,11,d12-s11-s0-5fd1bf807f764954b30658872fc3e2ad,shadow_fp32,curvature/e_lin_update,e_lin,update,883,0.3503968253968254,6.787838914407297e-07,hvp-shadow-fp32-ieee-v1,torch.float32
d12-s11,12,11,d12-s11-s0-5fd1bf807f764954b30658872fc3e2ad,shadow_fp32,curvature/verdict_code_update,verdict_code,update,883,0.3503968253968254,1.0,hvp-shadow-fp32-ieee-v1,torch.float32
d12-s11,12,11,d12-s11-s0-5fd1bf807f764954b30658872fc3e2ad,native,curvature/e_sym_random,e_sym,random,883,0.3503968253968254,0.00433588783628921,,torch.bfloat16
d12-s11,12,11,d12-s11-s0-5fd1bf807f764954b30658872fc3e2ad,native,curvature/e_lin_random,e_lin,random,883,0.3503968253968254,0.01106992918250035,,torch.bfloat16
d12-s11,12,11,d12-s11-s0-5fd1bf807f764954b30658872fc3e2ad,native,curvature/verdict_code_random,verdict_code,random,883,0.3503968253968254,2.0,,torch.bfloat16
d12-s11,12,11,d12-s11-s0-5fd1bf807f764954b30658872fc3e2ad,native,curvature/e_sym_gradient,e_sym,gradient,883,0.3503968253968254,0.001846673100008496,,torch.bfloat16
d12-s11,12,11,d12-s11-s0-5fd1bf807f764954b30658872fc3e2ad,native,curvature/e_lin_gradient,e_lin,gradient,883,0.3503968253968254,0.005816421282893596,,torch.bfloat16
d12-s11,12,11,d12-s11-s0-5fd1bf807f764954b30658872fc3e2ad,native,curvature/verdict_code_gradient,verdict_code,gradient,883,0.3503968253968254,2.0,,torch.bfloat16
d12-s11,12,11,d12-s11-s0-5fd1bf807f764954b30658872fc3e2ad,native,curvature/e_sym_update,e_sym,update,883,0.3503968253968254,0.03933114471351738,,torch.bfloat16
d12-s11,12,11,d12-s11-s0-5fd1bf807f764954b30658872fc3e2ad,native,curvature/e_lin_update,e_lin,update,883,0.3503968253968254,0.009840374426544217,,torch.bfloat16
d12-s11,12,11,d12-s11-s0-5fd1bf807f764954b30658872fc3e2ad,native,curvature/verdict_code_update,verdict_code,update,883,0.3503968253968254,2.0,,torch.bfloat16
d12-s11,12,11,d12-s11-s0-5fd1bf807f764954b30658872fc3e2ad,shadow_fp32,curvature/e_sym_random,e_sym,random,1009,0.4003968253968254,0.0010843841164397898,hvp-shadow-fp32-ieee-v1,torch.float32
d12-s11,12,11,d12-s11-s0-5fd1bf807f764954b30658872fc3e2ad,shadow_fp32,curvature/e_lin_random,e_lin,random,1009,0.4003968253968254,7.551521353794062e-07,hvp-shadow-fp32-ieee-v1,torch.float32
d12-s11,12,11,d12-s11-s0-5fd1bf807f764954b30658872fc3e2ad,shadow_fp32,curvature/verdict_code_random,verdict_code,random,1009,0.4003968253968254,2.0,hvp-shadow-fp32-ieee-v1,torch.float32
d12-s11,12,11,d12-s11-s0-5fd1bf807f764954b30658872fc3e2ad,shadow_fp32,curvature/e_sym_gradient,e_sym,gradient,1009,0.4003968253968254,9.91762623600078e-09,hvp-shadow-fp32-ieee-v1,torch.float32
d12-s11,12,11,d12-s11-s0-5fd1bf807f764954b30658872fc3e2ad,shadow_fp32,curvature/e_lin_gradient,e_lin,gradient,1009,0.4003968253968254,5.454495855957802e-07,hvp-shadow-fp32-ieee-v1,torch.float32
d12-s11,12,11,d12-s11-s0-5fd1bf807f764954b30658872fc3e2ad,shadow_fp32,curvature/verdict_code_gradient,verdict_code,gradient,1009,0.4003968253968254,0.0,hvp-shadow-fp32-ieee-v1,torch.float32
d12-s11,12,11,d12-s11-s0-5fd1bf807f764954b30658872fc3e2ad,shadow_fp32,curvature/e_sym_update,e_sym,update,1009,0.4003968253968254,8.656142852754879e-07,hvp-shadow-fp32-ieee-v1,torch.float32
d12-s11,12,11,d12-s11-s0-5fd1bf807f764954b30658872fc3e2ad,shadow_fp32,curvature/e_lin_update,e_lin,update,1009,0.4003968253968254,7.223596515406324e-07,hvp-shadow-fp32-ieee-v1,torch.float32
d12-s11,12,11,d12-s11-s0-5fd1bf807f764954b30658872fc3e2ad,shadow_fp32,curvature/verdict_code_update,verdict_code,update,1009,0.4003968253968254,1.0,hvp-shadow-fp32-ieee-v1,torch.float32
d12-s11,12,11,d12-s11-s0-5fd1bf807f764954b30658872fc3e2ad,native,curvature/e_sym_random,e_sym,random,1009,0.4003968253968254,0.039608939606519934,,torch.bfloat16
d12-s11,12,11,d12-s11-s0-5fd1bf807f764954b30658872fc3e2ad,native,curvature/e_lin_random,e_lin,random,1009,0.4003968253968254,0.01085052707384962,,torch.bfloat16
d12-s11,12,11,d12-s11-s0-5fd1bf807f764954b30658872fc3e2ad,native,curvature/verdict_code_random,verdict_code,random,1009,0.4003968253968254,2.0,,torch.bfloat16
d12-s11,12,11,d12-s11-s0-5fd1bf807f764954b30658872fc3e2ad,native,curvature/e_sym_gradient,e_sym,gradient,1009,0.4003968253968254,0.003195237540983145,,torch.bfloat16
d12-s11,12,11,d12-s11-s0-5fd1bf807f764954b30658872fc3e2ad,native,curvature/e_lin_gradient,e_lin,gradient,1009,0.4003968253968254,0.005354713040644181,,torch.bfloat16
d12-s11,12,11,d12-s11-s0-5fd1bf807f764954b30658872fc3e2ad,native,curvature/verdict_code_gradient,verdict_code,gradient,1009,0.4003968253968254,2.0,,torch.bfloat16
d12-s11,12,11,d12-s11-s0-5fd1bf807f764954b30658872fc3e2ad,native,curvature/e_sym_update,e_sym,update,1009,0.4003968253968254,0.012171212503119198,,torch.bfloat16
d12-s11,12,11,d12-s11-s0-5fd1bf807f764954b30658872fc3e2ad,native,curvature/e_lin_update,e_lin,update,1009,0.4003968253968254,0.00987188839670678,,torch.bfloat16
d12-s11,12,11,d12-s11-s0-5fd1bf807f764954b30658872fc3e2ad,native,curvature/verdict_code_update,verdict_code,update,1009,0.4003968253968254,2.0,,torch.bfloat16
d12-s11,12,11,d12-s11-s0-5fd1bf807f764954b30658872fc3e2ad,shadow_fp32,curvature/e_sym_random,e_sym,random,1135,0.4503968253968254,1.1360658348093872e-06,hvp-shadow-fp32-ieee-v1,torch.float32
d12-s11,12,11,d12-s11-s0-5fd1bf807f764954b30658872fc3e2ad,shadow_fp32,curvature/e_lin_random,e_lin,random,1135,0.4503968253968254,7.25691574255441e-07,hvp-shadow-fp32-ieee-v1,torch.float32
d12-s11,12,11,d12-s11-s0-5fd1bf807f764954b30658872fc3e2ad,shadow_fp32,curvature/verdict_code_random,verdict_code,random,1135,0.4503968253968254,1.0,hvp-shadow-fp32-ieee-v1,torch.float32
d12-s11,12,11,d12-s11-s0-5fd1bf807f764954b30658872fc3e2ad,shadow_fp32,curvature/e_sym_gradient,e_sym,gradient,1135,0.4503968253968254,3.2685197845045384e-07,hvp-shadow-fp32-ieee-v1,torch.float32
d12-s11,12,11,d12-s11-s0-5fd1bf807f764954b30658872fc3e2ad,shadow_fp32,curvature/e_lin_gradient,e_lin,gradient,1135,0.4503968253968254,4.624392917324813e-07,hvp-shadow-fp32-ieee-v1,torch.float32
d12-s11,12,11,d12-s11-s0-5fd1bf807f764954b30658872fc3e2ad,shadow_fp32,curvature/verdict_code_gradient,verdict_code,gradient,1135,0.4503968253968254,0.0,hvp-shadow-fp32-ieee-v1,torch.float32
d12-s11,12,11,d12-s11-s0-5fd1bf807f764954b30658872fc3e2ad,shadow_fp32,curvature/e_sym_update,e_sym,update,1135,0.4503968253968254,1.2765101255919315e-07,hvp-shadow-fp32-ieee-v1,torch.float32
d12-s11,12,11,d12-s11-s0-5fd1bf807f764954b30658872fc3e2ad,shadow_fp32,curvature/e_lin_update,e_lin,update,1135,0.4503968253968254,6.648770201839891e-07,hvp-shadow-fp32-ieee-v1,torch.float32
d12-s11,12,11,d12-s11-s0-5fd1bf807f764954b30658872fc3e2ad,shadow_fp32,curvature/verdict_code_update,verdict_code,update,1135,0.4503968253968254,1.0,hvp-shadow-fp32-ieee-v1,torch.float32
d12-s11,12,11,d12-s11-s0-5fd1bf807f764954b30658872fc3e2ad,native,curvature/e_sym_random,e_sym,random,1135,0.4503968253968254,0.02891181593837189,,torch.bfloat16
d12-s11,12,11,d12-s11-s0-5fd1bf807f764954b30658872fc3e2ad,native,curvature/e_lin_random,e_lin,random,1135,0.4503968253968254,0.010100450173428515,,torch.bfloat16
d12-s11,12,11,d12-s11-s0-5fd1bf807f764954b30658872fc3e2ad,native,curvature/verdict_code_random,verdict_code,random,1135,0.4503968253968254,2.0,,torch.bfloat16
d12-s11,12,11,d12-s11-s0-5fd1bf807f764954b30658872fc3e2ad,native,curvature/e_sym_gradient,e_sym,gradient,1135,0.4503968253968254,0.0045073023435844494,,torch.bfloat16
d12-s11,12,11,d12-s11-s0-5fd1bf807f764954b30658872fc3e2ad,native,curvature/e_lin_gradient,e_lin,gradient,1135,0.4503968253968254,0.004886007866472727,,torch.bfloat16
d12-s11,12,11,d12-s11-s0-5fd1bf807f764954b30658872fc3e2ad,native,curvature/verdict_code_gradient,verdict_code,gradient,1135,0.4503968253968254,2.0,,torch.bfloat16
d12-s11,12,11,d12-s11-s0-5fd1bf807f764954b30658872fc3e2ad,native,curvature/e_sym_update,e_sym,update,1135,0.4503968253968254,0.009519320111049376,,torch.bfloat16
d12-s11,12,11,d12-s11-s0-5fd1bf807f764954b30658872fc3e2ad,native,curvature/e_lin_update,e_lin,update,1135,0.4503968253968254,0.008589831562916492,,torch.bfloat16
d12-s11,12,11,d12-s11-s0-5fd1bf807f764954b30658872fc3e2ad,native,curvature/verdict_code_update,verdict_code,update,1135,0.4503968253968254,2.0,,torch.bfloat16
d12-s11,12,11,d12-s11-s0-5fd1bf807f764954b30658872fc3e2ad,shadow_fp32,curvature/e_sym_random,e_sym,random,1261,0.5003968253968254,3.8240142586554145e-08,hvp-shadow-fp32-ieee-v1,torch.float32
d12-s11,12,11,d12-s11-s0-5fd1bf807f764954b30658872fc3e2ad,shadow_fp32,curvature/e_lin_random,e_lin,random,1261,0.5003968253968254,7.992841206722112e-07,hvp-shadow-fp32-ieee-v1,torch.float32
d12-s11,12,11,d12-s11-s0-5fd1bf807f764954b30658872fc3e2ad,shadow_fp32,curvature/verdict_code_random,verdict_code,random,1261,0.5003968253968254,1.0,hvp-shadow-fp32-ieee-v1,torch.float32
d12-s11,12,11,d12-s11-s0-5fd1bf807f764954b30658872fc3e2ad,shadow_fp32,curvature/e_sym_gradient,e_sym,gradient,1261,0.5003968253968254,2.4069736814176453e-07,hvp-shadow-fp32-ieee-v1,torch.float32
d12-s11,12,11,d12-s11-s0-5fd1bf807f764954b30658872fc3e2ad,shadow_fp32,curvature/e_lin_gradient,e_lin,gradient,1261,0.5003968253968254,4.3426323536135734e-07,hvp-shadow-fp32-ieee-v1,torch.float32
d12-s11,12,11,d12-s11-s0-5fd1bf807f764954b30658872fc3e2ad,shadow_fp32,curvature/verdict_code_gradient,verdict_code,gradient,1261,0.5003968253968254,0.0,hvp-shadow-fp32-ieee-v1,torch.float32
d12-s11,12,11,d12-s11-s0-5fd1bf807f764954b30658872fc3e2ad,shadow_fp32,curvature/e_sym_update,e_sym,update,1261,0.5003968253968254,1.1830660293642813e-05,hvp-shadow-fp32-ieee-v1,torch.float32
d12-s11,12,11,d12-s11-s0-5fd1bf807f764954b30658872fc3e2ad,shadow_fp32,curvature/e_lin_update,e_lin,update,1261,0.5003968253968254,7.640465139199738e-07,hvp-shadow-fp32-ieee-v1,torch.float32
d12-s11,12,11,d12-s11-s0-5fd1bf807f764954b30658872fc3e2ad,shadow_fp32,curvature/verdict_code_update,verdict_code,update,1261,0.5003968253968254,1.0,hvp-shadow-fp32-ieee-v1,torch.float32
d12-s11,12,11,d12-s11-s0-5fd1bf807f764954b30658872fc3e2ad,native,curvature/e_sym_random,e_sym,random,1261,0.5003968253968254,0.018721275071015227,,torch.bfloat16
d12-s11,12,11,d12-s11-s0-5fd1bf807f764954b30658872fc3e2ad,native,curvature/e_lin_random,e_lin,random,1261,0.5003968253968254,0.010984572028956942,,torch.bfloat16
d12-s11,12,11,d12-s11-s0-5fd1bf807f764954b30658872fc3e2ad,native,curvature/verdict_code_random,verdict_code,random,1261,0.5003968253968254,2.0,,torch.bfloat16
d12-s11,12,11,d12-s11-s0-5fd1bf807f764954b30658872fc3e2ad,native,curvature/e_sym_gradient,e_sym,gradient,1261,0.5003968253968254,0.0052919211822245816,,torch.bfloat16
d12-s11,12,11,d12-s11-s0-5fd1bf807f764954b30658872fc3e2ad,native,curvature/e_lin_gradient,e_lin,gradient,1261,0.5003968253968254,0.00471328566092316,,torch.bfloat16
d12-s11,12,11,d12-s11-s0-5fd1bf807f764954b30658872fc3e2ad,native,curvature/verdict_code_gradient,verdict_code,gradient,1261,0.5003968253968254,2.0,,torch.bfloat16
d12-s11,12,11,d12-s11-s0-5fd1bf807f764954b30658872fc3e2ad,native,curvature/e_sym_update,e_sym,update,1261,0.5003968253968254,0.13157160180221797,,torch.bfloat16
d12-s11,12,11,d12-s11-s0-5fd1bf807f764954b30658872fc3e2ad,native,curvature/e_lin_update,e_lin,update,1261,0.5003968253968254,0.009529396589536651,,torch.bfloat16
d12-s11,12,11,d12-s11-s0-5fd1bf807f764954b30658872fc3e2ad,native,curvature/verdict_code_update,verdict_code,update,1261,0.5003968253968254,2.0,,torch.bfloat16
d12-s11,12,11,d12-s11-s0-5fd1bf807f764954b30658872fc3e2ad,shadow_fp32,curvature/e_sym_random,e_sym,random,1386,0.55,1.0275032831138578e-06,hvp-shadow-fp32-ieee-v1,torch.float32
d12-s11,12,11,d12-s11-s0-5fd1bf807f764954b30658872fc3e2ad,shadow_fp32,curvature/e_lin_random,e_lin,random,1386,0.55,8.375712214766649e-07,hvp-shadow-fp32-ieee-v1,torch.float32
d12-s11,12,11,d12-s11-s0-5fd1bf807f764954b30658872fc3e2ad,shadow_fp32,curvature/verdict_code_random,verdict_code,random,1386,0.55,1.0,hvp-shadow-fp32-ieee-v1,torch.float32
d12-s11,12,11,d12-s11-s0-5fd1bf807f764954b30658872fc3e2ad,shadow_fp32,curvature/e_sym_gradient,e_sym,gradient,1386,0.55,2.299338444715364e-07,hvp-shadow-fp32-ieee-v1,torch.float32
d12-s11,12,11,d12-s11-s0-5fd1bf807f764954b30658872fc3e2ad,shadow_fp32,curvature/e_lin_gradient,e_lin,gradient,1386,0.55,4.565042155965223e-07,hvp-shadow-fp32-ieee-v1,torch.float32
d12-s11,12,11,d12-s11-s0-5fd1bf807f764954b30658872fc3e2ad,shadow_fp32,curvature/verdict_code_gradient,verdict_code,gradient,1386,0.55,0.0,hvp-shadow-fp32-ieee-v1,torch.float32
d12-s11,12,11,d12-s11-s0-5fd1bf807f764954b30658872fc3e2ad,shadow_fp32,curvature/e_sym_update,e_sym,update,1386,0.55,7.633712341350915e-07,hvp-shadow-fp32-ieee-v1,torch.float32
d12-s11,12,11,d12-s11-s0-5fd1bf807f764954b30658872fc3e2ad,shadow_fp32,curvature/e_lin_update,e_lin,update,1386,0.55,7.407962645981275e-07,hvp-shadow-fp32-ieee-v1,torch.float32
d12-s11,12,11,d12-s11-s0-5fd1bf807f764954b30658872fc3e2ad,shadow_fp32,curvature/verdict_code_update,verdict_code,update,1386,0.55,1.0,hvp-shadow-fp32-ieee-v1,torch.float32
d12-s11,12,11,d12-s11-s0-5fd1bf807f764954b30658872fc3e2ad,native,curvature/e_sym_random,e_sym,random,1386,0.55,0.03236615767515077,,torch.bfloat16
d12-s11,12,11,d12-s11-s0-5fd1bf807f764954b30658872fc3e2ad,native,curvature/e_lin_random,e_lin,random,1386,0.55,0.010605112403181327,,torch.bfloat16
d12-s11,12,11,d12-s11-s0-5fd1bf807f764954b30658872fc3e2ad,native,curvature/verdict_code_random,verdict_code,random,1386,0.55,2.0,,torch.bfloat16
d12-s11,12,11,d12-s11-s0-5fd1bf807f764954b30658872fc3e2ad,native,curvature/e_sym_gradient,e_sym,gradient,1386,0.55,0.00492000559512379,,torch.bfloat16
d12-s11,12,11,d12-s11-s0-5fd1bf807f764954b30658872fc3e2ad,native,curvature/e_lin_gradient,e_lin,gradient,1386,0.55,0.004563929531893057,,torch.bfloat16
d12-s11,12,11,d12-s11-s0-5fd1bf807f764954b30658872fc3e2ad,native,curvature/verdict_code_gradient,verdict_code,gradient,1386,0.55,2.0,,torch.bfloat16
d12-s11,12,11,d12-s11-s0-5fd1bf807f764954b30658872fc3e2ad,native,curvature/e_sym_update,e_sym,update,1386,0.55,0.0011652987733118967,,torch.bfloat16
d12-s11,12,11,d12-s11-s0-5fd1bf807f764954b30658872fc3e2ad,native,curvature/e_lin_update,e_lin,update,1386,0.55,0.009119385527286946,,torch.bfloat16
d12-s11,12,11,d12-s11-s0-5fd1bf807f764954b30658872fc3e2ad,native,curvature/verdict_code_update,verdict_code,update,1386,0.55,2.0,,torch.bfloat16
d12-s11,12,11,d12-s11-s0-5fd1bf807f764954b30658872fc3e2ad,shadow_fp32,curvature/e_sym_random,e_sym,random,1512,0.6,1.138811341526945e-06,hvp-shadow-fp32-ieee-v1,torch.float32
d12-s11,12,11,d12-s11-s0-5fd1bf807f764954b30658872fc3e2ad,shadow_fp32,curvature/e_lin_random,e_lin,random,1512,0.6,7.640573598451071e-07,hvp-shadow-fp32-ieee-v1,torch.float32
d12-s11,12,11,d12-s11-s0-5fd1bf807f764954b30658872fc3e2ad,shadow_fp32,curvature/verdict_code_random,verdict_code,random,1512,0.6,1.0,hvp-shadow-fp32-ieee-v1,torch.float32
d12-s11,12,11,d12-s11-s0-5fd1bf807f764954b30658872fc3e2ad,shadow_fp32,curvature/e_sym_gradient,e_sym,gradient,1512,0.6,5.766920653825325e-07,hvp-shadow-fp32-ieee-v1,torch.float32
d12-s11,12,11,d12-s11-s0-5fd1bf807f764954b30658872fc3e2ad,shadow_fp32,curvature/e_lin_gradient,e_lin,gradient,1512,0.6,4.743033809241935e-07,hvp-shadow-fp32-ieee-v1,torch.float32
d12-s11,12,11,d12-s11-s0-5fd1bf807f764954b30658872fc3e2ad,shadow_fp32,curvature/verdict_code_gradient,verdict_code,gradient,1512,0.6,0.0,hvp-shadow-fp32-ieee-v1,torch.float32
d12-s11,12,11,d12-s11-s0-5fd1bf807f764954b30658872fc3e2ad,shadow_fp32,curvature/e_sym_update,e_sym,update,1512,0.6,2.177059333697492e-06,hvp-shadow-fp32-ieee-v1,torch.float32
d12-s11,12,11,d12-s11-s0-5fd1bf807f764954b30658872fc3e2ad,shadow_fp32,curvature/e_lin_update,e_lin,update,1512,0.6,7.14795919975632e-07,hvp-shadow-fp32-ieee-v1,torch.float32
d12-s11,12,11,d12-s11-s0-5fd1bf807f764954b30658872fc3e2ad,shadow_fp32,curvature/verdict_code_update,verdict_code,update,1512,0.6,1.0,hvp-shadow-fp32-ieee-v1,torch.float32
d12-s11,12,11,d12-s11-s0-5fd1bf807f764954b30658872fc3e2ad,native,curvature/e_sym_random,e_sym,random,1512,0.6,0.005540855703845224,,torch.bfloat16
d12-s11,12,11,d12-s11-s0-5fd1bf807f764954b30658872fc3e2ad,native,curvature/e_lin_random,e_lin,random,1512,0.6,0.01052718806678139,,torch.bfloat16
d12-s11,12,11,d12-s11-s0-5fd1bf807f764954b30658872fc3e2ad,native,curvature/verdict_code_random,verdict_code,random,1512,0.6,2.0,,torch.bfloat16
d12-s11,12,11,d12-s11-s0-5fd1bf807f764954b30658872fc3e2ad,native,curvature/e_sym_gradient,e_sym,gradient,1512,0.6,0.004286736539294672,,torch.bfloat16
d12-s11,12,11,d12-s11-s0-5fd1bf807f764954b30658872fc3e2ad,native,curvature/e_lin_gradient,e_lin,gradient,1512,0.6,0.005059289912316138,,torch.bfloat16
d12-s11,12,11,d12-s11-s0-5fd1bf807f764954b30658872fc3e2ad,native,curvature/verdict_code_gradient,verdict_code,gradient,1512,0.6,2.0,,torch.bfloat16
d12-s11,12,11,d12-s11-s0-5fd1bf807f764954b30658872fc3e2ad,native,curvature/e_sym_update,e_sym,update,1512,0.6,0.0006807147854838854,,torch.bfloat16
d12-s11,12,11,d12-s11-s0-5fd1bf807f764954b30658872fc3e2ad,native,curvature/e_lin_update,e_lin,update,1512,0.6,0.008843507874467285,,torch.bfloat16
d12-s11,12,11,d12-s11-s0-5fd1bf807f764954b30658872fc3e2ad,native,curvature/verdict_code_update,verdict_code,update,1512,0.6,2.0,,torch.bfloat16
d12-s11,12,11,d12-s11-s0-5fd1bf807f764954b30658872fc3e2ad,shadow_fp32,curvature/e_sym_random,e_sym,random,1638,0.65,9.785280490530474e-07,hvp-shadow-fp32-ieee-v1,torch.float32
d12-s11,12,11,d12-s11-s0-5fd1bf807f764954b30658872fc3e2ad,shadow_fp32,curvature/e_lin_random,e_lin,random,1638,0.65,8.154451664809463e-07,hvp-shadow-fp32-ieee-v1,torch.float32
d12-s11,12,11,d12-s11-s0-5fd1bf807f764954b30658872fc3e2ad,shadow_fp32,curvature/verdict_code_random,verdict_code,random,1638,0.65,1.0,hvp-shadow-fp32-ieee-v1,torch.float32
d12-s11,12,11,d12-s11-s0-5fd1bf807f764954b30658872fc3e2ad,shadow_fp32,curvature/e_sym_gradient,e_sym,gradient,1638,0.65,4.032005614552917e-07,hvp-shadow-fp32-ieee-v1,torch.float32
d12-s11,12,11,d12-s11-s0-5fd1bf807f764954b30658872fc3e2ad,shadow_fp32,curvature/e_lin_gradient,e_lin,gradient,1638,0.65,4.5061190536550955e-07,hvp-shadow-fp32-ieee-v1,torch.float32
d12-s11,12,11,d12-s11-s0-5fd1bf807f764954b30658872fc3e2ad,shadow_fp32,curvature/verdict_code_gradient,verdict_code,gradient,1638,0.65,0.0,hvp-shadow-fp32-ieee-v1,torch.float32
d12-s11,12,11,d12-s11-s0-5fd1bf807f764954b30658872fc3e2ad,shadow_fp32,curvature/e_sym_update,e_sym,update,1638,0.65,1.264793792695831e-06,hvp-shadow-fp32-ieee-v1,torch.float32
d12-s11,12,11,d12-s11-s0-5fd1bf807f764954b30658872fc3e2ad,shadow_fp32,curvature/e_lin_update,e_lin,update,1638,0.65,7.712974818725132e-07,hvp-shadow-fp32-ieee-v1,torch.float32
d12-s11,12,11,d12-s11-s0-5fd1bf807f764954b30658872fc3e2ad,shadow_fp32,curvature/verdict_code_update,verdict_code,update,1638,0.65,1.0,hvp-shadow-fp32-ieee-v1,torch.float32
d12-s11,12,11,d12-s11-s0-5fd1bf807f764954b30658872fc3e2ad,native,curvature/e_sym_random,e_sym,random,1638,0.65,0.01285841879605608,,torch.bfloat16
d12-s11,12,11,d12-s11-s0-5fd1bf807f764954b30658872fc3e2ad,native,curvature/e_lin_random,e_lin,random,1638,0.65,0.010838496750810143,,torch.bfloat16
d12-s11,12,11,d12-s11-s0-5fd1bf807f764954b30658872fc3e2ad,native,curvature/verdict_code_random,verdict_code,random,1638,0.65,2.0,,torch.bfloat16
d12-s11,12,11,d12-s11-s0-5fd1bf807f764954b30658872fc3e2ad,native,curvature/e_sym_gradient,e_sym,gradient,1638,0.65,0.0577810804887927,,torch.bfloat16
d12-s11,12,11,d12-s11-s0-5fd1bf807f764954b30658872fc3e2ad,native,curvature/e_lin_gradient,e_lin,gradient,1638,0.65,0.004594224816550455,,torch.bfloat16
d12-s11,12,11,d12-s11-s0-5fd1bf807f764954b30658872fc3e2ad,native,curvature/verdict_code_gradient,verdict_code,gradient,1638,0.65,2.0,,torch.bfloat16
d12-s11,12,11,d12-s11-s0-5fd1bf807f764954b30658872fc3e2ad,native,curvature/e_sym_update,e_sym,update,1638,0.65,0.0024557326458111988,,torch.bfloat16
d12-s11,12,11,d12-s11-s0-5fd1bf807f764954b30658872fc3e2ad,native,curvature/e_lin_update,e_lin,update,1638,0.65,0.009550266346414253,,torch.bfloat16
d12-s11,12,11,d12-s11-s0-5fd1bf807f764954b30658872fc3e2ad,native,curvature/verdict_code_update,verdict_code,update,1638,0.65,2.0,,torch.bfloat16
d12-s11,12,11,d12-s11-s0-5fd1bf807f764954b30658872fc3e2ad,shadow_fp32,curvature/e_sym_random,e_sym,random,1764,0.7,3.899987732089993e-06,hvp-shadow-fp32-ieee-v1,torch.float32
d12-s11,12,11,d12-s11-s0-5fd1bf807f764954b30658872fc3e2ad,shadow_fp32,curvature/e_lin_random,e_lin,random,1764,0.7,8.196248089298932e-07,hvp-shadow-fp32-ieee-v1,torch.float32
d12-s11,12,11,d12-s11-s0-5fd1bf807f764954b30658872fc3e2ad,shadow_fp32,curvature/verdict_code_random,verdict_code,random,1764,0.7,1.0,hvp-shadow-fp32-ieee-v1,torch.float32
d12-s11,12,11,d12-s11-s0-5fd1bf807f764954b30658872fc3e2ad,shadow_fp32,curvature/e_sym_gradient,e_sym,gradient,1764,0.7,8.748392859386859e-06,hvp-shadow-fp32-ieee-v1,torch.float32
d12-s11,12,11,d12-s11-s0-5fd1bf807f764954b30658872fc3e2ad,shadow_fp32,curvature/e_lin_gradient,e_lin,gradient,1764,0.7,4.703369891320717e-07,hvp-shadow-fp32-ieee-v1,torch.float32
d12-s11,12,11,d12-s11-s0-5fd1bf807f764954b30658872fc3e2ad,shadow_fp32,curvature/verdict_code_gradient,verdict_code,gradient,1764,0.7,0.0,hvp-shadow-fp32-ieee-v1,torch.float32
d12-s11,12,11,d12-s11-s0-5fd1bf807f764954b30658872fc3e2ad,shadow_fp32,curvature/e_sym_update,e_sym,update,1764,0.7,1.7015717508704563e-05,hvp-shadow-fp32-ieee-v1,torch.float32
d12-s11,12,11,d12-s11-s0-5fd1bf807f764954b30658872fc3e2ad,shadow_fp32,curvature/e_lin_update,e_lin,update,1764,0.7,8.193610428573662e-07,hvp-shadow-fp32-ieee-v1,torch.float32
d12-s11,12,11,d12-s11-s0-5fd1bf807f764954b30658872fc3e2ad,shadow_fp32,curvature/verdict_code_update,verdict_code,update,1764,0.7,1.0,hvp-shadow-fp32-ieee-v1,torch.float32
d12-s11,12,11,d12-s11-s0-5fd1bf807f764954b30658872fc3e2ad,native,curvature/e_sym_random,e_sym,random,1764,0.7,0.04984084337647496,,torch.bfloat16
d12-s11,12,11,d12-s11-s0-5fd1bf807f764954b30658872fc3e2ad,native,curvature/e_lin_random,e_lin,random,1764,0.7,0.010809236400087152,,torch.bfloat16
d12-s11,12,11,d12-s11-s0-5fd1bf807f764954b30658872fc3e2ad,native,curvature/verdict_code_random,verdict_code,random,1764,0.7,2.0,,torch.bfloat16
d12-s11,12,11,d12-s11-s0-5fd1bf807f764954b30658872fc3e2ad,native,curvature/e_sym_gradient,e_sym,gradient,1764,0.7,0.04947699563211154,,torch.bfloat16
d12-s11,12,11,d12-s11-s0-5fd1bf807f764954b30658872fc3e2ad,native,curvature/e_lin_gradient,e_lin,gradient,1764,0.7,0.004790539511557815,,torch.bfloat16
d12-s11,12,11,d12-s11-s0-5fd1bf807f764954b30658872fc3e2ad,native,curvature/verdict_code_gradient,verdict_code,gradient,1764,0.7,2.0,,torch.bfloat16
d12-s11,12,11,d12-s11-s0-5fd1bf807f764954b30658872fc3e2ad,native,curvature/e_sym_update,e_sym,update,1764,0.7,0.06884270616186189,,torch.bfloat16
d12-s11,12,11,d12-s11-s0-5fd1bf807f764954b30658872fc3e2ad,native,curvature/e_lin_update,e_lin,update,1764,0.7,0.009901376108223716,,torch.bfloat16
d12-s11,12,11,d12-s11-s0-5fd1bf807f764954b30658872fc3e2ad,native,curvature/verdict_code_update,verdict_code,update,1764,0.7,2.0,,torch.bfloat16
d12-s11,12,11,d12-s11-s0-5fd1bf807f764954b30658872fc3e2ad,shadow_fp32,curvature/e_sym_random,e_sym,random,1890,0.75,0.0005354915845460174,hvp-shadow-fp32-ieee-v1,torch.float32
d12-s11,12,11,d12-s11-s0-5fd1bf807f764954b30658872fc3e2ad,shadow_fp32,curvature/e_lin_random,e_lin,random,1890,0.75,9.355418432932236e-07,hvp-shadow-fp32-ieee-v1,torch.float32
d12-s11,12,11,d12-s11-s0-5fd1bf807f764954b30658872fc3e2ad,shadow_fp32,curvature/verdict_code_random,verdict_code,random,1890,0.75,2.0,hvp-shadow-fp32-ieee-v1,torch.float32
d12-s11,12,11,d12-s11-s0-5fd1bf807f764954b30658872fc3e2ad,shadow_fp32,curvature/e_sym_gradient,e_sym,gradient,1890,0.75,2.4284155331766953e-07,hvp-shadow-fp32-ieee-v1,torch.float32
d12-s11,12,11,d12-s11-s0-5fd1bf807f764954b30658872fc3e2ad,shadow_fp32,curvature/e_lin_gradient,e_lin,gradient,1890,0.75,4.6233737998053473e-07,hvp-shadow-fp32-ieee-v1,torch.float32
d12-s11,12,11,d12-s11-s0-5fd1bf807f764954b30658872fc3e2ad,shadow_fp32,curvature/verdict_code_gradient,verdict_code,gradient,1890,0.75,0.0,hvp-shadow-fp32-ieee-v1,torch.float32
d12-s11,12,11,d12-s11-s0-5fd1bf807f764954b30658872fc3e2ad,shadow_fp32,curvature/e_sym_update,e_sym,update,1890,0.75,2.261188622844126e-06,hvp-shadow-fp32-ieee-v1,torch.float32
d12-s11,12,11,d12-s11-s0-5fd1bf807f764954b30658872fc3e2ad,shadow_fp32,curvature/e_lin_update,e_lin,update,1890,0.75,7.758041810352014e-07,hvp-shadow-fp32-ieee-v1,torch.float32
d12-s11,12,11,d12-s11-s0-5fd1bf807f764954b30658872fc3e2ad,shadow_fp32,curvature/verdict_code_update,verdict_code,update,1890,0.75,1.0,hvp-shadow-fp32-ieee-v1,torch.float32
d12-s11,12,11,d12-s11-s0-5fd1bf807f764954b30658872fc3e2ad,native,curvature/e_sym_random,e_sym,random,1890,0.75,0.4531822213896867,,torch.bfloat16
d12-s11,12,11,d12-s11-s0-5fd1bf807f764954b30658872fc3e2ad,native,curvature/e_lin_random,e_lin,random,1890,0.75,0.010587977151347523,,torch.bfloat16
d12-s11,12,11,d12-s11-s0-5fd1bf807f764954b30658872fc3e2ad,native,curvature/verdict_code_random,verdict_code,random,1890,0.75,2.0,,torch.bfloat16
d12-s11,12,11,d12-s11-s0-5fd1bf807f764954b30658872fc3e2ad,native,curvature/e_sym_gradient,e_sym,gradient,1890,0.75,0.007594355668828591,,torch.bfloat16
d12-s11,12,11,d12-s11-s0-5fd1bf807f764954b30658872fc3e2ad,native,curvature/e_lin_gradient,e_lin,gradient,1890,0.75,0.0050080084749764674,,torch.bfloat16
d12-s11,12,11,d12-s11-s0-5fd1bf807f764954b30658872fc3e2ad,native,curvature/verdict_code_gradient,verdict_code,gradient,1890,0.75,2.0,,torch.bfloat16
d12-s11,12,11,d12-s11-s0-5fd1bf807f764954b30658872fc3e2ad,native,curvature/e_sym_update,e_sym,update,1890,0.75,0.013681466209760594,,torch.bfloat16
d12-s11,12,11,d12-s11-s0-5fd1bf807f764954b30658872fc3e2ad,native,curvature/e_lin_update,e_lin,update,1890,0.75,0.01027239419408512,,torch.bfloat16
d12-s11,12,11,d12-s11-s0-5fd1bf807f764954b30658872fc3e2ad,native,curvature/verdict_code_update,verdict_code,update,1890,0.75,2.0,,torch.bfloat16
d12-s11,12,11,d12-s11-s0-5fd1bf807f764954b30658872fc3e2ad,shadow_fp32,curvature/e_sym_random,e_sym,random,2016,0.8,1.2939055082767435e-06,hvp-shadow-fp32-ieee-v1,torch.float32
d12-s11,12,11,d12-s11-s0-5fd1bf807f764954b30658872fc3e2ad,shadow_fp32,curvature/e_lin_random,e_lin,random,2016,0.8,7.939350683849982e-07,hvp-shadow-fp32-ieee-v1,torch.float32
d12-s11,12,11,d12-s11-s0-5fd1bf807f764954b30658872fc3e2ad,shadow_fp32,curvature/verdict_code_random,verdict_code,random,2016,0.8,1.0,hvp-shadow-fp32-ieee-v1,torch.float32
d12-s11,12,11,d12-s11-s0-5fd1bf807f764954b30658872fc3e2ad,shadow_fp32,curvature/e_sym_gradient,e_sym,gradient,2016,0.8,3.3378491169993894e-07,hvp-shadow-fp32-ieee-v1,torch.float32
d12-s11,12,11,d12-s11-s0-5fd1bf807f764954b30658872fc3e2ad,shadow_fp32,curvature/e_lin_gradient,e_lin,gradient,2016,0.8,4.768316599315019e-07,hvp-shadow-fp32-ieee-v1,torch.float32
d12-s11,12,11,d12-s11-s0-5fd1bf807f764954b30658872fc3e2ad,shadow_fp32,curvature/verdict_code_gradient,verdict_code,gradient,2016,0.8,0.0,hvp-shadow-fp32-ieee-v1,torch.float32
d12-s11,12,11,d12-s11-s0-5fd1bf807f764954b30658872fc3e2ad,shadow_fp32,curvature/e_sym_update,e_sym,update,2016,0.8,9.372284961529355e-06,hvp-shadow-fp32-ieee-v1,torch.float32
d12-s11,12,11,d12-s11-s0-5fd1bf807f764954b30658872fc3e2ad,shadow_fp32,curvature/e_lin_update,e_lin,update,2016,0.8,8.049743836506452e-07,hvp-shadow-fp32-ieee-v1,torch.float32
d12-s11,12,11,d12-s11-s0-5fd1bf807f764954b30658872fc3e2ad,shadow_fp32,curvature/verdict_code_update,verdict_code,update,2016,0.8,1.0,hvp-shadow-fp32-ieee-v1,torch.float32
d12-s11,12,11,d12-s11-s0-5fd1bf807f764954b30658872fc3e2ad,native,curvature/e_sym_random,e_sym,random,2016,0.8,0.009416472143739715,,torch.bfloat16
d12-s11,12,11,d12-s11-s0-5fd1bf807f764954b30658872fc3e2ad,native,curvature/e_lin_random,e_lin,random,2016,0.8,0.010952163944843876,,torch.bfloat16
d12-s11,12,11,d12-s11-s0-5fd1bf807f764954b30658872fc3e2ad,native,curvature/verdict_code_random,verdict_code,random,2016,0.8,2.0,,torch.bfloat16
d12-s11,12,11,d12-s11-s0-5fd1bf807f764954b30658872fc3e2ad,native,curvature/e_sym_gradient,e_sym,gradient,2016,0.8,0.01340250136840723,,torch.bfloat16
d12-s11,12,11,d12-s11-s0-5fd1bf807f764954b30658872fc3e2ad,native,curvature/e_lin_gradient,e_lin,gradient,2016,0.8,0.004899244069989719,,torch.bfloat16
d12-s11,12,11,d12-s11-s0-5fd1bf807f764954b30658872fc3e2ad,native,curvature/verdict_code_gradient,verdict_code,gradient,2016,0.8,2.0,,torch.bfloat16
d12-s11,12,11,d12-s11-s0-5fd1bf807f764954b30658872fc3e2ad,native,curvature/e_sym_update,e_sym,update,2016,0.8,0.015202201412122118,,torch.bfloat16
d12-s11,12,11,d12-s11-s0-5fd1bf807f764954b30658872fc3e2ad,native,curvature/e_lin_update,e_lin,update,2016,0.8,0.010404703463364097,,torch.bfloat16
d12-s11,12,11,d12-s11-s0-5fd1bf807f764954b30658872fc3e2ad,native,curvature/verdict_code_update,verdict_code,update,2016,0.8,2.0,,torch.bfloat16
d12-s11,12,11,d12-s11-s0-5fd1bf807f764954b30658872fc3e2ad,shadow_fp32,curvature/e_sym_random,e_sym,random,2142,0.85,2.8450163386440256e-07,hvp-shadow-fp32-ieee-v1,torch.float32
d12-s11,12,11,d12-s11-s0-5fd1bf807f764954b30658872fc3e2ad,shadow_fp32,curvature/e_lin_random,e_lin,random,2142,0.85,7.90930687947483e-07,hvp-shadow-fp32-ieee-v1,torch.float32
d12-s11,12,11,d12-s11-s0-5fd1bf807f764954b30658872fc3e2ad,shadow_fp32,curvature/verdict_code_random,verdict_code,random,2142,0.85,1.0,hvp-shadow-fp32-ieee-v1,torch.float32
d12-s11,12,11,d12-s11-s0-5fd1bf807f764954b30658872fc3e2ad,shadow_fp32,curvature/e_sym_gradient,e_sym,gradient,2142,0.85,1.1083418262166979e-06,hvp-shadow-fp32-ieee-v1,torch.float32
d12-s11,12,11,d12-s11-s0-5fd1bf807f764954b30658872fc3e2ad,shadow_fp32,curvature/e_lin_gradient,e_lin,gradient,2142,0.85,4.623894332579741e-07,hvp-shadow-fp32-ieee-v1,torch.float32
d12-s11,12,11,d12-s11-s0-5fd1bf807f764954b30658872fc3e2ad,shadow_fp32,curvature/verdict_code_gradient,verdict_code,gradient,2142,0.85,0.0,hvp-shadow-fp32-ieee-v1,torch.float32
d12-s11,12,11,d12-s11-s0-5fd1bf807f764954b30658872fc3e2ad,shadow_fp32,curvature/e_sym_update,e_sym,update,2142,0.85,1.2348885553201834e-06,hvp-shadow-fp32-ieee-v1,torch.float32
d12-s11,12,11,d12-s11-s0-5fd1bf807f764954b30658872fc3e2ad,shadow_fp32,curvature/e_lin_update,e_lin,update,2142,0.85,8.486547511174683e-07,hvp-shadow-fp32-ieee-v1,torch.float32
d12-s11,12,11,d12-s11-s0-5fd1bf807f764954b30658872fc3e2ad,shadow_fp32,curvature/verdict_code_update,verdict_code,update,2142,0.85,1.0,hvp-shadow-fp32-ieee-v1,torch.float32
d12-s11,12,11,d12-s11-s0-5fd1bf807f764954b30658872fc3e2ad,native,curvature/e_sym_random,e_sym,random,2142,0.85,0.017807859848976215,,torch.bfloat16
d12-s11,12,11,d12-s11-s0-5fd1bf807f764954b30658872fc3e2ad,native,curvature/e_lin_random,e_lin,random,2142,0.85,0.01173009688810988,,torch.bfloat16
d12-s11,12,11,d12-s11-s0-5fd1bf807f764954b30658872fc3e2ad,native,curvature/verdict_code_random,verdict_code,random,2142,0.85,2.0,,torch.bfloat16
d12-s11,12,11,d12-s11-s0-5fd1bf807f764954b30658872fc3e2ad,native,curvature/e_sym_gradient,e_sym,gradient,2142,0.85,0.002579750578912239,,torch.bfloat16
d12-s11,12,11,d12-s11-s0-5fd1bf807f764954b30658872fc3e2ad,native,curvature/e_lin_gradient,e_lin,gradient,2142,0.85,0.004992571521128959,,torch.bfloat16
d12-s11,12,11,d12-s11-s0-5fd1bf807f764954b30658872fc3e2ad,native,curvature/verdict_code_gradient,verdict_code,gradient,2142,0.85,2.0,,torch.bfloat16
d12-s11,12,11,d12-s11-s0-5fd1bf807f764954b30658872fc3e2ad,native,curvature/e_sym_update,e_sym,update,2142,0.85,0.01426739423420439,,torch.bfloat16
d12-s11,12,11,d12-s11-s0-5fd1bf807f764954b30658872fc3e2ad,native,curvature/e_lin_update,e_lin,update,2142,0.85,0.01152464795483884,,torch.bfloat16
d12-s11,12,11,d12-s11-s0-5fd1bf807f764954b30658872fc3e2ad,native,curvature/verdict_code_update,verdict_code,update,2142,0.85,2.0,,torch.bfloat16
d12-s11,12,11,d12-s11-s0-5fd1bf807f764954b30658872fc3e2ad,shadow_fp32,curvature/e_sym_random,e_sym,random,2268,0.9,1.6989446060750445e-06,hvp-shadow-fp32-ieee-v1,torch.float32
d12-s11,12,11,d12-s11-s0-5fd1bf807f764954b30658872fc3e2ad,shadow_fp32,curvature/e_lin_random,e_lin,random,2268,0.9,8.106177563231122e-07,hvp-shadow-fp32-ieee-v1,torch.float32
d12-s11,12,11,d12-s11-s0-5fd1bf807f764954b30658872fc3e2ad,shadow_fp32,curvature/verdict_code_random,verdict_code,random,2268,0.9,1.0,hvp-shadow-fp32-ieee-v1,torch.float32
d12-s11,12,11,d12-s11-s0-5fd1bf807f764954b30658872fc3e2ad,shadow_fp32,curvature/e_sym_gradient,e_sym,gradient,2268,0.9,6.356503773480439e-06,hvp-shadow-fp32-ieee-v1,torch.float32
d12-s11,12,11,d12-s11-s0-5fd1bf807f764954b30658872fc3e2ad,shadow_fp32,curvature/e_lin_gradient,e_lin,gradient,2268,0.9,4.7618887348979677e-07,hvp-shadow-fp32-ieee-v1,torch.float32
d12-s11,12,11,d12-s11-s0-5fd1bf807f764954b30658872fc3e2ad,shadow_fp32,curvature/verdict_code_gradient,verdict_code,gradient,2268,0.9,0.0,hvp-shadow-fp32-ieee-v1,torch.float32
d12-s11,12,11,d12-s11-s0-5fd1bf807f764954b30658872fc3e2ad,shadow_fp32,curvature/e_sym_update,e_sym,update,2268,0.9,1.9774033607682845e-06,hvp-shadow-fp32-ieee-v1,torch.float32
d12-s11,12,11,d12-s11-s0-5fd1bf807f764954b30658872fc3e2ad,shadow_fp32,curvature/e_lin_update,e_lin,update,2268,0.9,8.480462444808628e-07,hvp-shadow-fp32-ieee-v1,torch.float32
d12-s11,12,11,d12-s11-s0-5fd1bf807f764954b30658872fc3e2ad,shadow_fp32,curvature/verdict_code_update,verdict_code,update,2268,0.9,1.0,hvp-shadow-fp32-ieee-v1,torch.float32
d12-s11,12,11,d12-s11-s0-5fd1bf807f764954b30658872fc3e2ad,native,curvature/e_sym_random,e_sym,random,2268,0.9,0.004797586121047071,,torch.bfloat16
d12-s11,12,11,d12-s11-s0-5fd1bf807f764954b30658872fc3e2ad,native,curvature/e_lin_random,e_lin,random,2268,0.9,0.011314566040298632,,torch.bfloat16
d12-s11,12,11,d12-s11-s0-5fd1bf807f764954b30658872fc3e2ad,native,curvature/verdict_code_random,verdict_code,random,2268,0.9,2.0,,torch.bfloat16
d12-s11,12,11,d12-s11-s0-5fd1bf807f764954b30658872fc3e2ad,native,curvature/e_sym_gradient,e_sym,gradient,2268,0.9,0.02788225835204855,,torch.bfloat16
d12-s11,12,11,d12-s11-s0-5fd1bf807f764954b30658872fc3e2ad,native,curvature/e_lin_gradient,e_lin,gradient,2268,0.9,0.004989620006277412,,torch.bfloat16
d12-s11,12,11,d12-s11-s0-5fd1bf807f764954b30658872fc3e2ad,native,curvature/verdict_code_gradient,verdict_code,gradient,2268,0.9,2.0,,torch.bfloat16
d12-s11,12,11,d12-s11-s0-5fd1bf807f764954b30658872fc3e2ad,native,curvature/e_sym_update,e_sym,update,2268,0.9,0.005544023766737752,,torch.bfloat16
d12-s11,12,11,d12-s11-s0-5fd1bf807f764954b30658872fc3e2ad,native,curvature/e_lin_update,e_lin,update,2268,0.9,0.011127060057045593,,torch.bfloat16
d12-s11,12,11,d12-s11-s0-5fd1bf807f764954b30658872fc3e2ad,native,curvature/verdict_code_update,verdict_code,update,2268,0.9,2.0,,torch.bfloat16
d12-s11,12,11,d12-s11-s0-5fd1bf807f764954b30658872fc3e2ad,shadow_fp32,curvature/e_sym_random,e_sym,random,2394,0.95,1.639211401893446e-06,hvp-shadow-fp32-ieee-v1,torch.float32
d12-s11,12,11,d12-s11-s0-5fd1bf807f764954b30658872fc3e2ad,shadow_fp32,curvature/e_lin_random,e_lin,random,2394,0.95,8.047804214084934e-07,hvp-shadow-fp32-ieee-v1,torch.float32
d12-s11,12,11,d12-s11-s0-5fd1bf807f764954b30658872fc3e2ad,shadow_fp32,curvature/verdict_code_random,verdict_code,random,2394,0.95,1.0,hvp-shadow-fp32-ieee-v1,torch.float32
d12-s11,12,11,d12-s11-s0-5fd1bf807f764954b30658872fc3e2ad,shadow_fp32,curvature/e_sym_gradient,e_sym,gradient,2394,0.95,4.026918653948882e-06,hvp-shadow-fp32-ieee-v1,torch.float32
d12-s11,12,11,d12-s11-s0-5fd1bf807f764954b30658872fc3e2ad,shadow_fp32,curvature/e_lin_gradient,e_lin,gradient,2394,0.95,5.002108631119413e-07,hvp-shadow-fp32-ieee-v1,torch.float32
d12-s11,12,11,d12-s11-s0-5fd1bf807f764954b30658872fc3e2ad,shadow_fp32,curvature/verdict_code_gradient,verdict_code,gradient,2394,0.95,0.0,hvp-shadow-fp32-ieee-v1,torch.float32
d12-s11,12,11,d12-s11-s0-5fd1bf807f764954b30658872fc3e2ad,shadow_fp32,curvature/e_sym_update,e_sym,update,2394,0.95,9.839830619568267e-07,hvp-shadow-fp32-ieee-v1,torch.float32
d12-s11,12,11,d12-s11-s0-5fd1bf807f764954b30658872fc3e2ad,shadow_fp32,curvature/e_lin_update,e_lin,update,2394,0.95,9.100983471242459e-07,hvp-shadow-fp32-ieee-v1,torch.float32
d12-s11,12,11,d12-s11-s0-5fd1bf807f764954b30658872fc3e2ad,shadow_fp32,curvature/verdict_code_update,verdict_code,update,2394,0.95,1.0,hvp-shadow-fp32-ieee-v1,torch.float32
d12-s11,12,11,d12-s11-s0-5fd1bf807f764954b30658872fc3e2ad,native,curvature/e_sym_random,e_sym,random,2394,0.95,0.05310669012456401,,torch.bfloat16
d12-s11,12,11,d12-s11-s0-5fd1bf807f764954b30658872fc3e2ad,native,curvature/e_lin_random,e_lin,random,2394,0.95,0.011550498908017088,,torch.bfloat16
d12-s11,12,11,d12-s11-s0-5fd1bf807f764954b30658872fc3e2ad,native,curvature/verdict_code_random,verdict_code,random,2394,0.95,2.0,,torch.bfloat16
d12-s11,12,11,d12-s11-s0-5fd1bf807f764954b30658872fc3e2ad,native,curvature/e_sym_gradient,e_sym,gradient,2394,0.95,0.03436490245413192,,torch.bfloat16
d12-s11,12,11,d12-s11-s0-5fd1bf807f764954b30658872fc3e2ad,native,curvature/e_lin_gradient,e_lin,gradient,2394,0.95,0.005436642405397097,,torch.bfloat16
d12-s11,12,11,d12-s11-s0-5fd1bf807f764954b30658872fc3e2ad,native,curvature/verdict_code_gradient,verdict_code,gradient,2394,0.95,2.0,,torch.bfloat16
d12-s11,12,11,d12-s11-s0-5fd1bf807f764954b30658872fc3e2ad,native,curvature/e_sym_update,e_sym,update,2394,0.95,0.0091802381579078,,torch.bfloat16
d12-s11,12,11,d12-s11-s0-5fd1bf807f764954b30658872fc3e2ad,native,curvature/e_lin_update,e_lin,update,2394,0.95,0.011883939666989394,,torch.bfloat16
d12-s11,12,11,d12-s11-s0-5fd1bf807f764954b30658872fc3e2ad,native,curvature/verdict_code_update,verdict_code,update,2394,0.95,2.0,,torch.bfloat16
d12-s11,12,11,d12-s11-s0-5fd1bf807f764954b30658872fc3e2ad,shadow_fp32,curvature/e_sym_random,e_sym,random,2520,1.0,3.071308734820797e-06,hvp-shadow-fp32-ieee-v1,torch.float32
d12-s11,12,11,d12-s11-s0-5fd1bf807f764954b30658872fc3e2ad,shadow_fp32,curvature/e_lin_random,e_lin,random,2520,1.0,8.609028131452185e-07,hvp-shadow-fp32-ieee-v1,torch.float32
d12-s11,12,11,d12-s11-s0-5fd1bf807f764954b30658872fc3e2ad,shadow_fp32,curvature/verdict_code_random,verdict_code,random,2520,1.0,1.0,hvp-shadow-fp32-ieee-v1,torch.float32
d12-s11,12,11,d12-s11-s0-5fd1bf807f764954b30658872fc3e2ad,shadow_fp32,curvature/e_sym_gradient,e_sym,gradient,2520,1.0,3.030772014135479e-06,hvp-shadow-fp32-ieee-v1,torch.float32
d12-s11,12,11,d12-s11-s0-5fd1bf807f764954b30658872fc3e2ad,shadow_fp32,curvature/e_lin_gradient,e_lin,gradient,2520,1.0,5.098630101774703e-07,hvp-shadow-fp32-ieee-v1,torch.float32
d12-s11,12,11,d12-s11-s0-5fd1bf807f764954b30658872fc3e2ad,shadow_fp32,curvature/verdict_code_gradient,verdict_code,gradient,2520,1.0,0.0,hvp-shadow-fp32-ieee-v1,torch.float32
d12-s11,12,11,d12-s11-s0-5fd1bf807f764954b30658872fc3e2ad,shadow_fp32,curvature/e_sym_update,e_sym,update,2520,1.0,2.0902097172841024e-06,hvp-shadow-fp32-ieee-v1,torch.float32
d12-s11,12,11,d12-s11-s0-5fd1bf807f764954b30658872fc3e2ad,shadow_fp32,curvature/e_lin_update,e_lin,update,2520,1.0,9.151748632172309e-07,hvp-shadow-fp32-ieee-v1,torch.float32
d12-s11,12,11,d12-s11-s0-5fd1bf807f764954b30658872fc3e2ad,shadow_fp32,curvature/verdict_code_update,verdict_code,update,2520,1.0,1.0,hvp-shadow-fp32-ieee-v1,torch.float32
d12-s11,12,11,d12-s11-s0-5fd1bf807f764954b30658872fc3e2ad,native,curvature/e_sym_random,e_sym,random,2520,1.0,0.0010706394555758919,,torch.bfloat16
d12-s11,12,11,d12-s11-s0-5fd1bf807f764954b30658872fc3e2ad,native,curvature/e_lin_random,e_lin,random,2520,1.0,0.011399319087194878,,torch.bfloat16
d12-s11,12,11,d12-s11-s0-5fd1bf807f764954b30658872fc3e2ad,native,curvature/verdict_code_random,verdict_code,random,2520,1.0,2.0,,torch.bfloat16
d12-s11,12,11,d12-s11-s0-5fd1bf807f764954b30658872fc3e2ad,native,curvature/e_sym_gradient,e_sym,gradient,2520,1.0,0.015627447032023952,,torch.bfloat16
d12-s11,12,11,d12-s11-s0-5fd1bf807f764954b30658872fc3e2ad,native,curvature/e_lin_gradient,e_lin,gradient,2520,1.0,0.005128858478457744,,torch.bfloat16
d12-s11,12,11,d12-s11-s0-5fd1bf807f764954b30658872fc3e2ad,native,curvature/verdict_code_gradient,verdict_code,gradient,2520,1.0,2.0,,torch.bfloat16
d12-s11,12,11,d12-s11-s0-5fd1bf807f764954b30658872fc3e2ad,native,curvature/e_sym_update,e_sym,update,2520,1.0,0.017861844379220646,,torch.bfloat16
d12-s11,12,11,d12-s11-s0-5fd1bf807f764954b30658872fc3e2ad,native,curvature/e_lin_update,e_lin,update,2520,1.0,0.011625920734844548,,torch.bfloat16
d12-s11,12,11,d12-s11-s0-5fd1bf807f764954b30658872fc3e2ad,native,curvature/verdict_code_update,verdict_code,update,2520,1.0,2.0,,torch.bfloat16
d12-s7,12,7,d12-s7-s0-6c217854f4174ce884dfb2b2dcc13c45,shadow_fp32,curvature/e_sym_random,e_sym,random,1,0.0003968253968253968,5.665699000852296e-06,hvp-shadow-fp32-ieee-v1,torch.float32
d12-s7,12,7,d12-s7-s0-6c217854f4174ce884dfb2b2dcc13c45,shadow_fp32,curvature/e_lin_random,e_lin,random,1,0.0003968253968253968,8.026338068337363e-07,hvp-shadow-fp32-ieee-v1,torch.float32
d12-s7,12,7,d12-s7-s0-6c217854f4174ce884dfb2b2dcc13c45,shadow_fp32,curvature/verdict_code_random,verdict_code,random,1,0.0003968253968253968,1.0,hvp-shadow-fp32-ieee-v1,torch.float32
d12-s7,12,7,d12-s7-s0-6c217854f4174ce884dfb2b2dcc13c45,shadow_fp32,curvature/e_sym_gradient,e_sym,gradient,1,0.0003968253968253968,2.46661485661899e-05,hvp-shadow-fp32-ieee-v1,torch.float32
d12-s7,12,7,d12-s7-s0-6c217854f4174ce884dfb2b2dcc13c45,shadow_fp32,curvature/e_lin_gradient,e_lin,gradient,1,0.0003968253968253968,1.952371745222802e-05,hvp-shadow-fp32-ieee-v1,torch.float32
d12-s7,12,7,d12-s7-s0-6c217854f4174ce884dfb2b2dcc13c45,shadow_fp32,curvature/verdict_code_gradient,verdict_code,gradient,1,0.0003968253968253968,1.0,hvp-shadow-fp32-ieee-v1,torch.float32
d12-s7,12,7,d12-s7-s0-6c217854f4174ce884dfb2b2dcc13c45,shadow_fp32,curvature/e_sym_update,e_sym,update,1,0.0003968253968253968,1.5543650100804654e-06,hvp-shadow-fp32-ieee-v1,torch.float32
d12-s7,12,7,d12-s7-s0-6c217854f4174ce884dfb2b2dcc13c45,shadow_fp32,curvature/e_lin_update,e_lin,update,1,0.0003968253968253968,7.578484674899155e-07,hvp-shadow-fp32-ieee-v1,torch.float32
d12-s7,12,7,d12-s7-s0-6c217854f4174ce884dfb2b2dcc13c45,shadow_fp32,curvature/verdict_code_update,verdict_code,update,1,0.0003968253968253968,1.0,hvp-shadow-fp32-ieee-v1,torch.float32
d12-s7,12,7,d12-s7-s0-6c217854f4174ce884dfb2b2dcc13c45,native,curvature/e_sym_random,e_sym,random,1,0.0003968253968253968,0.004690667025863383,,torch.bfloat16
d12-s7,12,7,d12-s7-s0-6c217854f4174ce884dfb2b2dcc13c45,native,curvature/e_lin_random,e_lin,random,1,0.0003968253968253968,0.01190639460947787,,torch.bfloat16
d12-s7,12,7,d12-s7-s0-6c217854f4174ce884dfb2b2dcc13c45,native,curvature/verdict_code_random,verdict_code,random,1,0.0003968253968253968,2.0,,torch.bfloat16
d12-s7,12,7,d12-s7-s0-6c217854f4174ce884dfb2b2dcc13c45,native,curvature/e_sym_gradient,e_sym,gradient,1,0.0003968253968253968,0.006702623523064469,,torch.bfloat16
d12-s7,12,7,d12-s7-s0-6c217854f4174ce884dfb2b2dcc13c45,native,curvature/e_lin_gradient,e_lin,gradient,1,0.0003968253968253968,0.006759273022847497,,torch.bfloat16
d12-s7,12,7,d12-s7-s0-6c217854f4174ce884dfb2b2dcc13c45,native,curvature/verdict_code_gradient,verdict_code,gradient,1,0.0003968253968253968,2.0,,torch.bfloat16
d12-s7,12,7,d12-s7-s0-6c217854f4174ce884dfb2b2dcc13c45,native,curvature/e_sym_update,e_sym,update,1,0.0003968253968253968,0.04916819570361642,,torch.bfloat16
d12-s7,12,7,d12-s7-s0-6c217854f4174ce884dfb2b2dcc13c45,native,curvature/e_lin_update,e_lin,update,1,0.0003968253968253968,0.027155953270139668,,torch.bfloat16
d12-s7,12,7,d12-s7-s0-6c217854f4174ce884dfb2b2dcc13c45,native,curvature/verdict_code_update,verdict_code,update,1,0.0003968253968253968,2.0,,torch.bfloat16
d12-s7,12,7,d12-s7-s0-6c217854f4174ce884dfb2b2dcc13c45,shadow_fp32,curvature/e_sym_random,e_sym,random,2,0.0007936507936507937,5.078452532400839e-06,hvp-shadow-fp32-ieee-v1,torch.float32
d12-s7,12,7,d12-s7-s0-6c217854f4174ce884dfb2b2dcc13c45,shadow_fp32,curvature/e_lin_random,e_lin,random,2,0.0007936507936507937,8.019112341874958e-07,hvp-shadow-fp32-ieee-v1,torch.float32
d12-s7,12,7,d12-s7-s0-6c217854f4174ce884dfb2b2dcc13c45,shadow_fp32,curvature/verdict_code_random,verdict_code,random,2,0.0007936507936507937,1.0,hvp-shadow-fp32-ieee-v1,torch.float32
d12-s7,12,7,d12-s7-s0-6c217854f4174ce884dfb2b2dcc13c45,shadow_fp32,curvature/e_sym_gradient,e_sym,gradient,2,0.0007936507936507937,2.3701761788044225e-05,hvp-shadow-fp32-ieee-v1,torch.float32
d12-s7,12,7,d12-s7-s0-6c217854f4174ce884dfb2b2dcc13c45,shadow_fp32,curvature/e_lin_gradient,e_lin,gradient,2,0.0007936507936507937,1.955152747377273e-05,hvp-shadow-fp32-ieee-v1,torch.float32
d12-s7,12,7,d12-s7-s0-6c217854f4174ce884dfb2b2dcc13c45,shadow_fp32,curvature/verdict_code_gradient,verdict_code,gradient,2,0.0007936507936507937,1.0,hvp-shadow-fp32-ieee-v1,torch.float32
d12-s7,12,7,d12-s7-s0-6c217854f4174ce884dfb2b2dcc13c45,shadow_fp32,curvature/e_sym_update,e_sym,update,2,0.0007936507936507937,5.535911649208233e-07,hvp-shadow-fp32-ieee-v1,torch.float32
d12-s7,12,7,d12-s7-s0-6c217854f4174ce884dfb2b2dcc13c45,shadow_fp32,curvature/e_lin_update,e_lin,update,2,0.0007936507936507937,7.041795635366851e-07,hvp-shadow-fp32-ieee-v1,torch.float32
d12-s7,12,7,d12-s7-s0-6c217854f4174ce884dfb2b2dcc13c45,shadow_fp32,curvature/verdict_code_update,verdict_code,update,2,0.0007936507936507937,1.0,hvp-shadow-fp32-ieee-v1,torch.float32
d12-s7,12,7,d12-s7-s0-6c217854f4174ce884dfb2b2dcc13c45,native,curvature/e_sym_random,e_sym,random,2,0.0007936507936507937,0.07031644968227113,,torch.bfloat16
d12-s7,12,7,d12-s7-s0-6c217854f4174ce884dfb2b2dcc13c45,native,curvature/e_lin_random,e_lin,random,2,0.0007936507936507937,0.01182066734439935,,torch.bfloat16
d12-s7,12,7,d12-s7-s0-6c217854f4174ce884dfb2b2dcc13c45,native,curvature/verdict_code_random,verdict_code,random,2,0.0007936507936507937,2.0,,torch.bfloat16
d12-s7,12,7,d12-s7-s0-6c217854f4174ce884dfb2b2dcc13c45,native,curvature/e_sym_gradient,e_sym,gradient,2,0.0007936507936507937,0.005159854490140102,,torch.bfloat16
d12-s7,12,7,d12-s7-s0-6c217854f4174ce884dfb2b2dcc13c45,native,curvature/e_lin_gradient,e_lin,gradient,2,0.0007936507936507937,0.01070972102787687,,torch.bfloat16
d12-s7,12,7,d12-s7-s0-6c217854f4174ce884dfb2b2dcc13c45,native,curvature/verdict_code_gradient,verdict_code,gradient,2,0.0007936507936507937,2.0,,torch.bfloat16
d12-s7,12,7,d12-s7-s0-6c217854f4174ce884dfb2b2dcc13c45,native,curvature/e_sym_update,e_sym,update,2,0.0007936507936507937,0.06824259278862417,,torch.bfloat16
d12-s7,12,7,d12-s7-s0-6c217854f4174ce884dfb2b2dcc13c45,native,curvature/e_lin_update,e_lin,update,2,0.0007936507936507937,0.0270722916884022,,torch.bfloat16
d12-s7,12,7,d12-s7-s0-6c217854f4174ce884dfb2b2dcc13c45,native,curvature/verdict_code_update,verdict_code,update,2,0.0007936507936507937,2.0,,torch.bfloat16
d12-s7,12,7,d12-s7-s0-6c217854f4174ce884dfb2b2dcc13c45,shadow_fp32,curvature/e_sym_random,e_sym,random,3,0.0011904761904761906,1.5984306704225383e-06,hvp-shadow-fp32-ieee-v1,torch.float32
d12-s7,12,7,d12-s7-s0-6c217854f4174ce884dfb2b2dcc13c45,shadow_fp32,curvature/e_lin_random,e_lin,random,3,0.0011904761904761906,7.723388296187696e-07,hvp-shadow-fp32-ieee-v1,torch.float32
d12-s7,12,7,d12-s7-s0-6c217854f4174ce884dfb2b2dcc13c45,shadow_fp32,curvature/verdict_code_random,verdict_code,random,3,0.0011904761904761906,1.0,hvp-shadow-fp32-ieee-v1,torch.float32
d12-s7,12,7,d12-s7-s0-6c217854f4174ce884dfb2b2dcc13c45,shadow_fp32,curvature/e_sym_gradient,e_sym,gradient,3,0.0011904761904761906,2.0958707385437988e-05,hvp-shadow-fp32-ieee-v1,torch.float32
d12-s7,12,7,d12-s7-s0-6c217854f4174ce884dfb2b2dcc13c45,shadow_fp32,curvature/e_lin_gradient,e_lin,gradient,3,0.0011904761904761906,1.9308042296083305e-05,hvp-shadow-fp32-ieee-v1,torch.float32
d12-s7,12,7,d12-s7-s0-6c217854f4174ce884dfb2b2dcc13c45,shadow_fp32,curvature/verdict_code_gradient,verdict_code,gradient,3,0.0011904761904761906,1.0,hvp-shadow-fp32-ieee-v1,torch.float32
d12-s7,12,7,d12-s7-s0-6c217854f4174ce884dfb2b2dcc13c45,shadow_fp32,curvature/e_sym_update,e_sym,update,3,0.0011904761904761906,4.7095925850765775e-07,hvp-shadow-fp32-ieee-v1,torch.float32
d12-s7,12,7,d12-s7-s0-6c217854f4174ce884dfb2b2dcc13c45,shadow_fp32,curvature/e_lin_update,e_lin,update,3,0.0011904761904761906,6.580070003902168e-07,hvp-shadow-fp32-ieee-v1,torch.float32
d12-s7,12,7,d12-s7-s0-6c217854f4174ce884dfb2b2dcc13c45,shadow_fp32,curvature/verdict_code_update,verdict_code,update,3,0.0011904761904761906,1.0,hvp-shadow-fp32-ieee-v1,torch.float32
d12-s7,12,7,d12-s7-s0-6c217854f4174ce884dfb2b2dcc13c45,native,curvature/e_sym_random,e_sym,random,3,0.0011904761904761906,0.03989829119125724,,torch.bfloat16
d12-s7,12,7,d12-s7-s0-6c217854f4174ce884dfb2b2dcc13c45,native,curvature/e_lin_random,e_lin,random,3,0.0011904761904761906,0.011795761494102807,,torch.bfloat16
d12-s7,12,7,d12-s7-s0-6c217854f4174ce884dfb2b2dcc13c45,native,curvature/verdict_code_random,verdict_code,random,3,0.0011904761904761906,2.0,,torch.bfloat16
d12-s7,12,7,d12-s7-s0-6c217854f4174ce884dfb2b2dcc13c45,native,curvature/e_sym_gradient,e_sym,gradient,3,0.0011904761904761906,0.010111401777378454,,torch.bfloat16
d12-s7,12,7,d12-s7-s0-6c217854f4174ce884dfb2b2dcc13c45,native,curvature/e_lin_gradient,e_lin,gradient,3,0.0011904761904761906,0.015706863615141693,,torch.bfloat16
d12-s7,12,7,d12-s7-s0-6c217854f4174ce884dfb2b2dcc13c45,native,curvature/verdict_code_gradient,verdict_code,gradient,3,0.0011904761904761906,2.0,,torch.bfloat16
d12-s7,12,7,d12-s7-s0-6c217854f4174ce884dfb2b2dcc13c45,native,curvature/e_sym_update,e_sym,update,3,0.0011904761904761906,0.04389757156950143,,torch.bfloat16
d12-s7,12,7,d12-s7-s0-6c217854f4174ce884dfb2b2dcc13c45,native,curvature/e_lin_update,e_lin,update,3,0.0011904761904761906,0.025632893166191002,,torch.bfloat16
d12-s7,12,7,d12-s7-s0-6c217854f4174ce884dfb2b2dcc13c45,native,curvature/verdict_code_update,verdict_code,update,3,0.0011904761904761906,2.0,,torch.bfloat16
d12-s7,12,7,d12-s7-s0-6c217854f4174ce884dfb2b2dcc13c45,shadow_fp32,curvature/e_sym_random,e_sym,random,5,0.001984126984126984,9.278353553430391e-06,hvp-shadow-fp32-ieee-v1,torch.float32
d12-s7,12,7,d12-s7-s0-6c217854f4174ce884dfb2b2dcc13c45,shadow_fp32,curvature/e_lin_random,e_lin,random,5,0.001984126984126984,6.870147597617538e-07,hvp-shadow-fp32-ieee-v1,torch.float32
d12-s7,12,7,d12-s7-s0-6c217854f4174ce884dfb2b2dcc13c45,shadow_fp32,curvature/verdict_code_random,verdict_code,random,5,0.001984126984126984,1.0,hvp-shadow-fp32-ieee-v1,torch.float32
d12-s7,12,7,d12-s7-s0-6c217854f4174ce884dfb2b2dcc13c45,shadow_fp32,curvature/e_sym_gradient,e_sym,gradient,5,0.001984126984126984,1.6728704606241012e-05,hvp-shadow-fp32-ieee-v1,torch.float32
d12-s7,12,7,d12-s7-s0-6c217854f4174ce884dfb2b2dcc13c45,shadow_fp32,curvature/e_lin_gradient,e_lin,gradient,5,0.001984126984126984,1.6718952627066005e-05,hvp-shadow-fp32-ieee-v1,torch.float32
d12-s7,12,7,d12-s7-s0-6c217854f4174ce884dfb2b2dcc13c45,shadow_fp32,curvature/verdict_code_gradient,verdict_code,gradient,5,0.001984126984126984,1.0,hvp-shadow-fp32-ieee-v1,torch.float32
d12-s7,12,7,d12-s7-s0-6c217854f4174ce884dfb2b2dcc13c45,shadow_fp32,curvature/e_sym_update,e_sym,update,5,0.001984126984126984,4.837971306286343e-07,hvp-shadow-fp32-ieee-v1,torch.float32
d12-s7,12,7,d12-s7-s0-6c217854f4174ce884dfb2b2dcc13c45,shadow_fp32,curvature/e_lin_update,e_lin,update,5,0.001984126984126984,5.413915018238475e-07,hvp-shadow-fp32-ieee-v1,torch.float32
d12-s7,12,7,d12-s7-s0-6c217854f4174ce884dfb2b2dcc13c45,shadow_fp32,curvature/verdict_code_update,verdict_code,update,5,0.001984126984126984,1.0,hvp-shadow-fp32-ieee-v1,torch.float32
d12-s7,12,7,d12-s7-s0-6c217854f4174ce884dfb2b2dcc13c45,native,curvature/e_sym_random,e_sym,random,5,0.001984126984126984,0.003603416303479364,,torch.bfloat16
d12-s7,12,7,d12-s7-s0-6c217854f4174ce884dfb2b2dcc13c45,native,curvature/e_lin_random,e_lin,random,5,0.001984126984126984,0.011230520907878185,,torch.bfloat16
d12-s7,12,7,d12-s7-s0-6c217854f4174ce884dfb2b2dcc13c45,native,curvature/verdict_code_random,verdict_code,random,5,0.001984126984126984,2.0,,torch.bfloat16
d12-s7,12,7,d12-s7-s0-6c217854f4174ce884dfb2b2dcc13c45,native,curvature/e_sym_gradient,e_sym,gradient,5,0.001984126984126984,0.011549595437990287,,torch.bfloat16
d12-s7,12,7,d12-s7-s0-6c217854f4174ce884dfb2b2dcc13c45,native,curvature/e_lin_gradient,e_lin,gradient,5,0.001984126984126984,0.006567399096011365,,torch.bfloat16
d12-s7,12,7,d12-s7-s0-6c217854f4174ce884dfb2b2dcc13c45,native,curvature/verdict_code_gradient,verdict_code,gradient,5,0.001984126984126984,2.0,,torch.bfloat16
d12-s7,12,7,d12-s7-s0-6c217854f4174ce884dfb2b2dcc13c45,native,curvature/e_sym_update,e_sym,update,5,0.001984126984126984,0.02376863124148792,,torch.bfloat16
d12-s7,12,7,d12-s7-s0-6c217854f4174ce884dfb2b2dcc13c45,native,curvature/e_lin_update,e_lin,update,5,0.001984126984126984,0.02151118450112105,,torch.bfloat16
d12-s7,12,7,d12-s7-s0-6c217854f4174ce884dfb2b2dcc13c45,native,curvature/verdict_code_update,verdict_code,update,5,0.001984126984126984,2.0,,torch.bfloat16
d12-s7,12,7,d12-s7-s0-6c217854f4174ce884dfb2b2dcc13c45,shadow_fp32,curvature/e_sym_random,e_sym,random,9,0.0035714285714285713,8.399022884695067e-07,hvp-shadow-fp32-ieee-v1,torch.float32
d12-s7,12,7,d12-s7-s0-6c217854f4174ce884dfb2b2dcc13c45,shadow_fp32,curvature/e_lin_random,e_lin,random,9,0.0035714285714285713,5.118489390828751e-07,hvp-shadow-fp32-ieee-v1,torch.float32
d12-s7,12,7,d12-s7-s0-6c217854f4174ce884dfb2b2dcc13c45,shadow_fp32,curvature/verdict_code_random,verdict_code,random,9,0.0035714285714285713,1.0,hvp-shadow-fp32-ieee-v1,torch.float32
d12-s7,12,7,d12-s7-s0-6c217854f4174ce884dfb2b2dcc13c45,shadow_fp32,curvature/e_sym_gradient,e_sym,gradient,9,0.0035714285714285713,7.434450225734459e-07,hvp-shadow-fp32-ieee-v1,torch.float32
d12-s7,12,7,d12-s7-s0-6c217854f4174ce884dfb2b2dcc13c45,shadow_fp32,curvature/e_lin_gradient,e_lin,gradient,9,0.0035714285714285713,6.201755139104607e-07,hvp-shadow-fp32-ieee-v1,torch.float32
d12-s7,12,7,d12-s7-s0-6c217854f4174ce884dfb2b2dcc13c45,shadow_fp32,curvature/verdict_code_gradient,verdict_code,gradient,9,0.0035714285714285713,0.0,hvp-shadow-fp32-ieee-v1,torch.float32
d12-s7,12,7,d12-s7-s0-6c217854f4174ce884dfb2b2dcc13c45,shadow_fp32,curvature/e_sym_update,e_sym,update,9,0.0035714285714285713,9.129201269265628e-07,hvp-shadow-fp32-ieee-v1,torch.float32
d12-s7,12,7,d12-s7-s0-6c217854f4174ce884dfb2b2dcc13c45,shadow_fp32,curvature/e_lin_update,e_lin,update,9,0.0035714285714285713,5.081903892820149e-07,hvp-shadow-fp32-ieee-v1,torch.float32
d12-s7,12,7,d12-s7-s0-6c217854f4174ce884dfb2b2dcc13c45,shadow_fp32,curvature/verdict_code_update,verdict_code,update,9,0.0035714285714285713,1.0,hvp-shadow-fp32-ieee-v1,torch.float32
d12-s7,12,7,d12-s7-s0-6c217854f4174ce884dfb2b2dcc13c45,native,curvature/e_sym_random,e_sym,random,9,0.0035714285714285713,0.003857251284726599,,torch.bfloat16
d12-s7,12,7,d12-s7-s0-6c217854f4174ce884dfb2b2dcc13c45,native,curvature/e_lin_random,e_lin,random,9,0.0035714285714285713,0.008403392592554517,,torch.bfloat16
d12-s7,12,7,d12-s7-s0-6c217854f4174ce884dfb2b2dcc13c45,native,curvature/verdict_code_random,verdict_code,random,9,0.0035714285714285713,2.0,,torch.bfloat16
d12-s7,12,7,d12-s7-s0-6c217854f4174ce884dfb2b2dcc13c45,native,curvature/e_sym_gradient,e_sym,gradient,9,0.0035714285714285713,0.0028976688457759982,,torch.bfloat16
d12-s7,12,7,d12-s7-s0-6c217854f4174ce884dfb2b2dcc13c45,native,curvature/e_lin_gradient,e_lin,gradient,9,0.0035714285714285713,0.0035286251904925164,,torch.bfloat16
d12-s7,12,7,d12-s7-s0-6c217854f4174ce884dfb2b2dcc13c45,native,curvature/verdict_code_gradient,verdict_code,gradient,9,0.0035714285714285713,2.0,,torch.bfloat16
d12-s7,12,7,d12-s7-s0-6c217854f4174ce884dfb2b2dcc13c45,native,curvature/e_sym_update,e_sym,update,9,0.0035714285714285713,0.01292192400207023,,torch.bfloat16
d12-s7,12,7,d12-s7-s0-6c217854f4174ce884dfb2b2dcc13c45,native,curvature/e_lin_update,e_lin,update,9,0.0035714285714285713,0.008533768486389572,,torch.bfloat16
d12-s7,12,7,d12-s7-s0-6c217854f4174ce884dfb2b2dcc13c45,native,curvature/verdict_code_update,verdict_code,update,9,0.0035714285714285713,2.0,,torch.bfloat16
d12-s7,12,7,d12-s7-s0-6c217854f4174ce884dfb2b2dcc13c45,shadow_fp32,curvature/e_sym_random,e_sym,random,17,0.006746031746031746,2.712648114694747e-07,hvp-shadow-fp32-ieee-v1,torch.float32
d12-s7,12,7,d12-s7-s0-6c217854f4174ce884dfb2b2dcc13c45,shadow_fp32,curvature/e_lin_random,e_lin,random,17,0.006746031746031746,6.372478065298527e-07,hvp-shadow-fp32-ieee-v1,torch.float32
d12-s7,12,7,d12-s7-s0-6c217854f4174ce884dfb2b2dcc13c45,shadow_fp32,curvature/verdict_code_random,verdict_code,random,17,0.006746031746031746,1.0,hvp-shadow-fp32-ieee-v1,torch.float32
d12-s7,12,7,d12-s7-s0-6c217854f4174ce884dfb2b2dcc13c45,shadow_fp32,curvature/e_sym_gradient,e_sym,gradient,17,0.006746031746031746,6.735967067521727e-06,hvp-shadow-fp32-ieee-v1,torch.float32
d12-s7,12,7,d12-s7-s0-6c217854f4174ce884dfb2b2dcc13c45,shadow_fp32,curvature/e_lin_gradient,e_lin,gradient,17,0.006746031746031746,5.697585309439957e-07,hvp-shadow-fp32-ieee-v1,torch.float32
d12-s7,12,7,d12-s7-s0-6c217854f4174ce884dfb2b2dcc13c45,shadow_fp32,curvature/verdict_code_gradient,verdict_code,gradient,17,0.006746031746031746,0.0,hvp-shadow-fp32-ieee-v1,torch.float32
d12-s7,12,7,d12-s7-s0-6c217854f4174ce884dfb2b2dcc13c45,shadow_fp32,curvature/e_sym_update,e_sym,update,17,0.006746031746031746,4.918053105810851e-08,hvp-shadow-fp32-ieee-v1,torch.float32
d12-s7,12,7,d12-s7-s0-6c217854f4174ce884dfb2b2dcc13c45,shadow_fp32,curvature/e_lin_update,e_lin,update,17,0.006746031746031746,6.163741143847453e-07,hvp-shadow-fp32-ieee-v1,torch.float32
d12-s7,12,7,d12-s7-s0-6c217854f4174ce884dfb2b2dcc13c45,shadow_fp32,curvature/verdict_code_update,verdict_code,update,17,0.006746031746031746,1.0,hvp-shadow-fp32-ieee-v1,torch.float32
d12-s7,12,7,d12-s7-s0-6c217854f4174ce884dfb2b2dcc13c45,native,curvature/e_sym_random,e_sym,random,17,0.006746031746031746,0.019717252680321446,,torch.bfloat16
d12-s7,12,7,d12-s7-s0-6c217854f4174ce884dfb2b2dcc13c45,native,curvature/e_lin_random,e_lin,random,17,0.006746031746031746,0.01146903508767282,,torch.bfloat16
d12-s7,12,7,d12-s7-s0-6c217854f4174ce884dfb2b2dcc13c45,native,curvature/verdict_code_random,verdict_code,random,17,0.006746031746031746,2.0,,torch.bfloat16
d12-s7,12,7,d12-s7-s0-6c217854f4174ce884dfb2b2dcc13c45,native,curvature/e_sym_gradient,e_sym,gradient,17,0.006746031746031746,0.013274937684748661,,torch.bfloat16
d12-s7,12,7,d12-s7-s0-6c217854f4174ce884dfb2b2dcc13c45,native,curvature/e_lin_gradient,e_lin,gradient,17,0.006746031746031746,0.0035325483846573346,,torch.bfloat16
d12-s7,12,7,d12-s7-s0-6c217854f4174ce884dfb2b2dcc13c45,native,curvature/verdict_code_gradient,verdict_code,gradient,17,0.006746031746031746,2.0,,torch.bfloat16
d12-s7,12,7,d12-s7-s0-6c217854f4174ce884dfb2b2dcc13c45,native,curvature/e_sym_update,e_sym,update,17,0.006746031746031746,0.07630017056901152,,torch.bfloat16
d12-s7,12,7,d12-s7-s0-6c217854f4174ce884dfb2b2dcc13c45,native,curvature/e_lin_update,e_lin,update,17,0.006746031746031746,0.01334430136678243,,torch.bfloat16
d12-s7,12,7,d12-s7-s0-6c217854f4174ce884dfb2b2dcc13c45,native,curvature/verdict_code_update,verdict_code,update,17,0.006746031746031746,2.0,,torch.bfloat16
d12-s7,12,7,d12-s7-s0-6c217854f4174ce884dfb2b2dcc13c45,shadow_fp32,curvature/e_sym_random,e_sym,random,33,0.013095238095238096,5.2472322602771434e-08,hvp-shadow-fp32-ieee-v1,torch.float32
d12-s7,12,7,d12-s7-s0-6c217854f4174ce884dfb2b2dcc13c45,shadow_fp32,curvature/e_lin_random,e_lin,random,33,0.013095238095238096,6.435714617153608e-07,hvp-shadow-fp32-ieee-v1,torch.float32
d12-s7,12,7,d12-s7-s0-6c217854f4174ce884dfb2b2dcc13c45,shadow_fp32,curvature/verdict_code_random,verdict_code,random,33,0.013095238095238096,1.0,hvp-shadow-fp32-ieee-v1,torch.float32
d12-s7,12,7,d12-s7-s0-6c217854f4174ce884dfb2b2dcc13c45,shadow_fp32,curvature/e_sym_gradient,e_sym,gradient,33,0.013095238095238096,1.7352429235439996e-06,hvp-shadow-fp32-ieee-v1,torch.float32
d12-s7,12,7,d12-s7-s0-6c217854f4174ce884dfb2b2dcc13c45,shadow_fp32,curvature/e_lin_gradient,e_lin,gradient,33,0.013095238095238096,3.795020980335741e-07,hvp-shadow-fp32-ieee-v1,torch.float32
d12-s7,12,7,d12-s7-s0-6c217854f4174ce884dfb2b2dcc13c45,shadow_fp32,curvature/verdict_code_gradient,verdict_code,gradient,33,0.013095238095238096,0.0,hvp-shadow-fp32-ieee-v1,torch.float32
d12-s7,12,7,d12-s7-s0-6c217854f4174ce884dfb2b2dcc13c45,shadow_fp32,curvature/e_sym_update,e_sym,update,33,0.013095238095238096,2.8315721388401682e-06,hvp-shadow-fp32-ieee-v1,torch.float32
d12-s7,12,7,d12-s7-s0-6c217854f4174ce884dfb2b2dcc13c45,shadow_fp32,curvature/e_lin_update,e_lin,update,33,0.013095238095238096,5.785362641766149e-07,hvp-shadow-fp32-ieee-v1,torch.float32
d12-s7,12,7,d12-s7-s0-6c217854f4174ce884dfb2b2dcc13c45,shadow_fp32,curvature/verdict_code_update,verdict_code,update,33,0.013095238095238096,1.0,hvp-shadow-fp32-ieee-v1,torch.float32
d12-s7,12,7,d12-s7-s0-6c217854f4174ce884dfb2b2dcc13c45,native,curvature/e_sym_random,e_sym,random,33,0.013095238095238096,0.003771752183612238,,torch.bfloat16
d12-s7,12,7,d12-s7-s0-6c217854f4174ce884dfb2b2dcc13c45,native,curvature/e_lin_random,e_lin,random,33,0.013095238095238096,0.011750786525019766,,torch.bfloat16
d12-s7,12,7,d12-s7-s0-6c217854f4174ce884dfb2b2dcc13c45,native,curvature/verdict_code_random,verdict_code,random,33,0.013095238095238096,2.0,,torch.bfloat16
d12-s7,12,7,d12-s7-s0-6c217854f4174ce884dfb2b2dcc13c45,native,curvature/e_sym_gradient,e_sym,gradient,33,0.013095238095238096,0.006495569968540006,,torch.bfloat16
d12-s7,12,7,d12-s7-s0-6c217854f4174ce884dfb2b2dcc13c45,native,curvature/e_lin_gradient,e_lin,gradient,33,0.013095238095238096,0.0035238741810142238,,torch.bfloat16
d12-s7,12,7,d12-s7-s0-6c217854f4174ce884dfb2b2dcc13c45,native,curvature/verdict_code_gradient,verdict_code,gradient,33,0.013095238095238096,2.0,,torch.bfloat16
d12-s7,12,7,d12-s7-s0-6c217854f4174ce884dfb2b2dcc13c45,native,curvature/e_sym_update,e_sym,update,33,0.013095238095238096,0.05002406691688462,,torch.bfloat16
d12-s7,12,7,d12-s7-s0-6c217854f4174ce884dfb2b2dcc13c45,native,curvature/e_lin_update,e_lin,update,33,0.013095238095238096,0.010172008635604439,,torch.bfloat16
d12-s7,12,7,d12-s7-s0-6c217854f4174ce884dfb2b2dcc13c45,native,curvature/verdict_code_update,verdict_code,update,33,0.013095238095238096,2.0,,torch.bfloat16
d12-s7,12,7,d12-s7-s0-6c217854f4174ce884dfb2b2dcc13c45,shadow_fp32,curvature/e_sym_random,e_sym,random,41,0.01626984126984127,2.4802452135279186e-08,hvp-shadow-fp32-ieee-v1,torch.float32
d12-s7,12,7,d12-s7-s0-6c217854f4174ce884dfb2b2dcc13c45,shadow_fp32,curvature/e_lin_random,e_lin,random,41,0.01626984126984127,6.557724101161076e-07,hvp-shadow-fp32-ieee-v1,torch.float32
d12-s7,12,7,d12-s7-s0-6c217854f4174ce884dfb2b2dcc13c45,shadow_fp32,curvature/verdict_code_random,verdict_code,random,41,0.01626984126984127,1.0,hvp-shadow-fp32-ieee-v1,torch.float32
d12-s7,12,7,d12-s7-s0-6c217854f4174ce884dfb2b2dcc13c45,shadow_fp32,curvature/e_sym_gradient,e_sym,gradient,41,0.01626984126984127,1.7289003070358978e-07,hvp-shadow-fp32-ieee-v1,torch.float32
d12-s7,12,7,d12-s7-s0-6c217854f4174ce884dfb2b2dcc13c45,shadow_fp32,curvature/e_lin_gradient,e_lin,gradient,41,0.01626984126984127,4.1796869291963743e-07,hvp-shadow-fp32-ieee-v1,torch.float32
d12-s7,12,7,d12-s7-s0-6c217854f4174ce884dfb2b2dcc13c45,shadow_fp32,curvature/verdict_code_gradient,verdict_code,gradient,41,0.01626984126984127,0.0,hvp-shadow-fp32-ieee-v1,torch.float32
d12-s7,12,7,d12-s7-s0-6c217854f4174ce884dfb2b2dcc13c45,shadow_fp32,curvature/e_sym_update,e_sym,update,41,0.01626984126984127,3.922074822494747e-06,hvp-shadow-fp32-ieee-v1,torch.float32
d12-s7,12,7,d12-s7-s0-6c217854f4174ce884dfb2b2dcc13c45,shadow_fp32,curvature/e_lin_update,e_lin,update,41,0.01626984126984127,5.460326666366333e-07,hvp-shadow-fp32-ieee-v1,torch.float32
d12-s7,12,7,d12-s7-s0-6c217854f4174ce884dfb2b2dcc13c45,shadow_fp32,curvature/verdict_code_update,verdict_code,update,41,0.01626984126984127,1.0,hvp-shadow-fp32-ieee-v1,torch.float32
d12-s7,12,7,d12-s7-s0-6c217854f4174ce884dfb2b2dcc13c45,native,curvature/e_sym_random,e_sym,random,41,0.01626984126984127,0.01005854255512802,,torch.bfloat16
d12-s7,12,7,d12-s7-s0-6c217854f4174ce884dfb2b2dcc13c45,native,curvature/e_lin_random,e_lin,random,41,0.01626984126984127,0.011122635242885067,,torch.bfloat16
d12-s7,12,7,d12-s7-s0-6c217854f4174ce884dfb2b2dcc13c45,native,curvature/verdict_code_random,verdict_code,random,41,0.01626984126984127,2.0,,torch.bfloat16
d12-s7,12,7,d12-s7-s0-6c217854f4174ce884dfb2b2dcc13c45,native,curvature/e_sym_gradient,e_sym,gradient,41,0.01626984126984127,0.010547612486141453,,torch.bfloat16
d12-s7,12,7,d12-s7-s0-6c217854f4174ce884dfb2b2dcc13c45,native,curvature/e_lin_gradient,e_lin,gradient,41,0.01626984126984127,0.0036576335900029015,,torch.bfloat16
d12-s7,12,7,d12-s7-s0-6c217854f4174ce884dfb2b2dcc13c45,native,curvature/verdict_code_gradient,verdict_code,gradient,41,0.01626984126984127,2.0,,torch.bfloat16
d12-s7,12,7,d12-s7-s0-6c217854f4174ce884dfb2b2dcc13c45,native,curvature/e_sym_update,e_sym,update,41,0.01626984126984127,0.09696518957185972,,torch.bfloat16
d12-s7,12,7,d12-s7-s0-6c217854f4174ce884dfb2b2dcc13c45,native,curvature/e_lin_update,e_lin,update,41,0.01626984126984127,0.010135868888619162,,torch.bfloat16
d12-s7,12,7,d12-s7-s0-6c217854f4174ce884dfb2b2dcc13c45,native,curvature/verdict_code_update,verdict_code,update,41,0.01626984126984127,2.0,,torch.bfloat16
d12-s7,12,7,d12-s7-s0-6c217854f4174ce884dfb2b2dcc13c45,shadow_fp32,curvature/e_sym_random,e_sym,random,65,0.025793650793650792,2.0448803514502736e-07,hvp-shadow-fp32-ieee-v1,torch.float32
d12-s7,12,7,d12-s7-s0-6c217854f4174ce884dfb2b2dcc13c45,shadow_fp32,curvature/e_lin_random,e_lin,random,65,0.025793650793650792,6.489298702435272e-07,hvp-shadow-fp32-ieee-v1,torch.float32
d12-s7,12,7,d12-s7-s0-6c217854f4174ce884dfb2b2dcc13c45,shadow_fp32,curvature/verdict_code_random,verdict_code,random,65,0.025793650793650792,1.0,hvp-shadow-fp32-ieee-v1,torch.float32
d12-s7,12,7,d12-s7-s0-6c217854f4174ce884dfb2b2dcc13c45,shadow_fp32,curvature/e_sym_gradient,e_sym,gradient,65,0.025793650793650792,7.365798982614951e-07,hvp-shadow-fp32-ieee-v1,torch.float32
d12-s7,12,7,d12-s7-s0-6c217854f4174ce884dfb2b2dcc13c45,shadow_fp32,curvature/e_lin_gradient,e_lin,gradient,65,0.025793650793650792,3.948555728522154e-07,hvp-shadow-fp32-ieee-v1,torch.float32
d12-s7,12,7,d12-s7-s0-6c217854f4174ce884dfb2b2dcc13c45,shadow_fp32,curvature/verdict_code_gradient,verdict_code,gradient,65,0.025793650793650792,0.0,hvp-shadow-fp32-ieee-v1,torch.float32
d12-s7,12,7,d12-s7-s0-6c217854f4174ce884dfb2b2dcc13c45,shadow_fp32,curvature/e_sym_update,e_sym,update,65,0.025793650793650792,3.606853769536675e-08,hvp-shadow-fp32-ieee-v1,torch.float32
d12-s7,12,7,d12-s7-s0-6c217854f4174ce884dfb2b2dcc13c45,shadow_fp32,curvature/e_lin_update,e_lin,update,65,0.025793650793650792,5.8736933502261e-07,hvp-shadow-fp32-ieee-v1,torch.float32
d12-s7,12,7,d12-s7-s0-6c217854f4174ce884dfb2b2dcc13c45,shadow_fp32,curvature/verdict_code_update,verdict_code,update,65,0.025793650793650792,1.0,hvp-shadow-fp32-ieee-v1,torch.float32
d12-s7,12,7,d12-s7-s0-6c217854f4174ce884dfb2b2dcc13c45,native,curvature/e_sym_random,e_sym,random,65,0.025793650793650792,0.042360940369588124,,torch.bfloat16
d12-s7,12,7,d12-s7-s0-6c217854f4174ce884dfb2b2dcc13c45,native,curvature/e_lin_random,e_lin,random,65,0.025793650793650792,0.010857638566324374,,torch.bfloat16
d12-s7,12,7,d12-s7-s0-6c217854f4174ce884dfb2b2dcc13c45,native,curvature/verdict_code_random,verdict_code,random,65,0.025793650793650792,2.0,,torch.bfloat16
d12-s7,12,7,d12-s7-s0-6c217854f4174ce884dfb2b2dcc13c45,native,curvature/e_sym_gradient,e_sym,gradient,65,0.025793650793650792,0.013246881879601545,,torch.bfloat16
d12-s7,12,7,d12-s7-s0-6c217854f4174ce884dfb2b2dcc13c45,native,curvature/e_lin_gradient,e_lin,gradient,65,0.025793650793650792,0.004273479190454009,,torch.bfloat16
d12-s7,12,7,d12-s7-s0-6c217854f4174ce884dfb2b2dcc13c45,native,curvature/verdict_code_gradient,verdict_code,gradient,65,0.025793650793650792,2.0,,torch.bfloat16
d12-s7,12,7,d12-s7-s0-6c217854f4174ce884dfb2b2dcc13c45,native,curvature/e_sym_update,e_sym,update,65,0.025793650793650792,0.0003881739390342702,,torch.bfloat16
d12-s7,12,7,d12-s7-s0-6c217854f4174ce884dfb2b2dcc13c45,native,curvature/e_lin_update,e_lin,update,65,0.025793650793650792,0.00959933986112493,,torch.bfloat16
d12-s7,12,7,d12-s7-s0-6c217854f4174ce884dfb2b2dcc13c45,native,curvature/verdict_code_update,verdict_code,update,65,0.025793650793650792,2.0,,torch.bfloat16
d12-s7,12,7,d12-s7-s0-6c217854f4174ce884dfb2b2dcc13c45,shadow_fp32,curvature/e_sym_random,e_sym,random,127,0.0503968253968254,1.7701619683548697e-06,hvp-shadow-fp32-ieee-v1,torch.float32
d12-s7,12,7,d12-s7-s0-6c217854f4174ce884dfb2b2dcc13c45,shadow_fp32,curvature/e_lin_random,e_lin,random,127,0.0503968253968254,7.481703630145563e-07,hvp-shadow-fp32-ieee-v1,torch.float32
d12-s7,12,7,d12-s7-s0-6c217854f4174ce884dfb2b2dcc13c45,shadow_fp32,curvature/verdict_code_random,verdict_code,random,127,0.0503968253968254,1.0,hvp-shadow-fp32-ieee-v1,torch.float32
d12-s7,12,7,d12-s7-s0-6c217854f4174ce884dfb2b2dcc13c45,shadow_fp32,curvature/e_sym_gradient,e_sym,gradient,127,0.0503968253968254,1.0252785896810167e-06,hvp-shadow-fp32-ieee-v1,torch.float32
d12-s7,12,7,d12-s7-s0-6c217854f4174ce884dfb2b2dcc13c45,shadow_fp32,curvature/e_lin_gradient,e_lin,gradient,127,0.0503968253968254,5.235830132736061e-07,hvp-shadow-fp32-ieee-v1,torch.float32
d12-s7,12,7,d12-s7-s0-6c217854f4174ce884dfb2b2dcc13c45,shadow_fp32,curvature/verdict_code_gradient,verdict_code,gradient,127,0.0503968253968254,0.0,hvp-shadow-fp32-ieee-v1,torch.float32
d12-s7,12,7,d12-s7-s0-6c217854f4174ce884dfb2b2dcc13c45,shadow_fp32,curvature/e_sym_update,e_sym,update,127,0.0503968253968254,2.6173276495744006e-07,hvp-shadow-fp32-ieee-v1,torch.float32
d12-s7,12,7,d12-s7-s0-6c217854f4174ce884dfb2b2dcc13c45,shadow_fp32,curvature/e_lin_update,e_lin,update,127,0.0503968253968254,7.180200066734006e-07,hvp-shadow-fp32-ieee-v1,torch.float32
d12-s7,12,7,d12-s7-s0-6c217854f4174ce884dfb2b2dcc13c45,shadow_fp32,curvature/verdict_code_update,verdict_code,update,127,0.0503968253968254,1.0,hvp-shadow-fp32-ieee-v1,torch.float32
d12-s7,12,7,d12-s7-s0-6c217854f4174ce884dfb2b2dcc13c45,native,curvature/e_sym_random,e_sym,random,127,0.0503968253968254,0.012696861083042596,,torch.bfloat16
d12-s7,12,7,d12-s7-s0-6c217854f4174ce884dfb2b2dcc13c45,native,curvature/e_lin_random,e_lin,random,127,0.0503968253968254,0.013000646663346957,,torch.bfloat16
d12-s7,12,7,d12-s7-s0-6c217854f4174ce884dfb2b2dcc13c45,native,curvature/verdict_code_random,verdict_code,random,127,0.0503968253968254,2.0,,torch.bfloat16
d12-s7,12,7,d12-s7-s0-6c217854f4174ce884dfb2b2dcc13c45,native,curvature/e_sym_gradient,e_sym,gradient,127,0.0503968253968254,0.02209470909110345,,torch.bfloat16
d12-s7,12,7,d12-s7-s0-6c217854f4174ce884dfb2b2dcc13c45,native,curvature/e_lin_gradient,e_lin,gradient,127,0.0503968253968254,0.00896562411830362,,torch.bfloat16
d12-s7,12,7,d12-s7-s0-6c217854f4174ce884dfb2b2dcc13c45,native,curvature/verdict_code_gradient,verdict_code,gradient,127,0.0503968253968254,2.0,,torch.bfloat16
d12-s7,12,7,d12-s7-s0-6c217854f4174ce884dfb2b2dcc13c45,native,curvature/e_sym_update,e_sym,update,127,0.0503968253968254,0.0024996106452716,,torch.bfloat16
d12-s7,12,7,d12-s7-s0-6c217854f4174ce884dfb2b2dcc13c45,native,curvature/e_lin_update,e_lin,update,127,0.0503968253968254,0.01254125964034973,,torch.bfloat16
d12-s7,12,7,d12-s7-s0-6c217854f4174ce884dfb2b2dcc13c45,native,curvature/verdict_code_update,verdict_code,update,127,0.0503968253968254,2.0,,torch.bfloat16
d12-s7,12,7,d12-s7-s0-6c217854f4174ce884dfb2b2dcc13c45,shadow_fp32,curvature/e_sym_random,e_sym,random,253,0.1003968253968254,6.111037647434943e-07,hvp-shadow-fp32-ieee-v1,torch.float32
d12-s7,12,7,d12-s7-s0-6c217854f4174ce884dfb2b2dcc13c45,shadow_fp32,curvature/e_lin_random,e_lin,random,253,0.1003968253968254,7.531175369061289e-07,hvp-shadow-fp32-ieee-v1,torch.float32
d12-s7,12,7,d12-s7-s0-6c217854f4174ce884dfb2b2dcc13c45,shadow_fp32,curvature/verdict_code_random,verdict_code,random,253,0.1003968253968254,1.0,hvp-shadow-fp32-ieee-v1,torch.float32
d12-s7,12,7,d12-s7-s0-6c217854f4174ce884dfb2b2dcc13c45,shadow_fp32,curvature/e_sym_gradient,e_sym,gradient,253,0.1003968253968254,9.434556733555554e-07,hvp-shadow-fp32-ieee-v1,torch.float32
d12-s7,12,7,d12-s7-s0-6c217854f4174ce884dfb2b2dcc13c45,shadow_fp32,curvature/e_lin_gradient,e_lin,gradient,253,0.1003968253968254,4.771961983374124e-07,hvp-shadow-fp32-ieee-v1,torch.float32
d12-s7,12,7,d12-s7-s0-6c217854f4174ce884dfb2b2dcc13c45,shadow_fp32,curvature/verdict_code_gradient,verdict_code,gradient,253,0.1003968253968254,0.0,hvp-shadow-fp32-ieee-v1,torch.float32
d12-s7,12,7,d12-s7-s0-6c217854f4174ce884dfb2b2dcc13c45,shadow_fp32,curvature/e_sym_update,e_sym,update,253,0.1003968253968254,1.30363452145833e-06,hvp-shadow-fp32-ieee-v1,torch.float32
d12-s7,12,7,d12-s7-s0-6c217854f4174ce884dfb2b2dcc13c45,shadow_fp32,curvature/e_lin_update,e_lin,update,253,0.1003968253968254,7.192424644876902e-07,hvp-shadow-fp32-ieee-v1,torch.float32
d12-s7,12,7,d12-s7-s0-6c217854f4174ce884dfb2b2dcc13c45,shadow_fp32,curvature/verdict_code_update,verdict_code,update,253,0.1003968253968254,1.0,hvp-shadow-fp32-ieee-v1,torch.float32
d12-s7,12,7,d12-s7-s0-6c217854f4174ce884dfb2b2dcc13c45,native,curvature/e_sym_random,e_sym,random,253,0.1003968253968254,0.024252324705125537,,torch.bfloat16
d12-s7,12,7,d12-s7-s0-6c217854f4174ce884dfb2b2dcc13c45,native,curvature/e_lin_random,e_lin,random,253,0.1003968253968254,0.011814575221884885,,torch.bfloat16
d12-s7,12,7,d12-s7-s0-6c217854f4174ce884dfb2b2dcc13c45,native,curvature/verdict_code_random,verdict_code,random,253,0.1003968253968254,2.0,,torch.bfloat16
d12-s7,12,7,d12-s7-s0-6c217854f4174ce884dfb2b2dcc13c45,native,curvature/e_sym_gradient,e_sym,gradient,253,0.1003968253968254,0.03332028148745431,,torch.bfloat16
d12-s7,12,7,d12-s7-s0-6c217854f4174ce884dfb2b2dcc13c45,native,curvature/e_lin_gradient,e_lin,gradient,253,0.1003968253968254,0.006545725937728305,,torch.bfloat16
d12-s7,12,7,d12-s7-s0-6c217854f4174ce884dfb2b2dcc13c45,native,curvature/verdict_code_gradient,verdict_code,gradient,253,0.1003968253968254,2.0,,torch.bfloat16
d12-s7,12,7,d12-s7-s0-6c217854f4174ce884dfb2b2dcc13c45,native,curvature/e_sym_update,e_sym,update,253,0.1003968253968254,0.0289664817382532,,torch.bfloat16
d12-s7,12,7,d12-s7-s0-6c217854f4174ce884dfb2b2dcc13c45,native,curvature/e_lin_update,e_lin,update,253,0.1003968253968254,0.010952197007114334,,torch.bfloat16
d12-s7,12,7,d12-s7-s0-6c217854f4174ce884dfb2b2dcc13c45,native,curvature/verdict_code_update,verdict_code,update,253,0.1003968253968254,2.0,,torch.bfloat16
d12-s7,12,7,d12-s7-s0-6c217854f4174ce884dfb2b2dcc13c45,shadow_fp32,curvature/e_sym_random,e_sym,random,379,0.1503968253968254,5.408583942393501e-07,hvp-shadow-fp32-ieee-v1,torch.float32
d12-s7,12,7,d12-s7-s0-6c217854f4174ce884dfb2b2dcc13c45,shadow_fp32,curvature/e_lin_random,e_lin,random,379,0.1503968253968254,7.466541854334172e-07,hvp-shadow-fp32-ieee-v1,torch.float32
d12-s7,12,7,d12-s7-s0-6c217854f4174ce884dfb2b2dcc13c45,shadow_fp32,curvature/verdict_code_random,verdict_code,random,379,0.1503968253968254,1.0,hvp-shadow-fp32-ieee-v1,torch.float32
d12-s7,12,7,d12-s7-s0-6c217854f4174ce884dfb2b2dcc13c45,shadow_fp32,curvature/e_sym_gradient,e_sym,gradient,379,0.1503968253968254,3.91941101737551e-06,hvp-shadow-fp32-ieee-v1,torch.float32
d12-s7,12,7,d12-s7-s0-6c217854f4174ce884dfb2b2dcc13c45,shadow_fp32,curvature/e_lin_gradient,e_lin,gradient,379,0.1503968253968254,5.328712845583057e-07,hvp-shadow-fp32-ieee-v1,torch.float32
d12-s7,12,7,d12-s7-s0-6c217854f4174ce884dfb2b2dcc13c45,shadow_fp32,curvature/verdict_code_gradient,verdict_code,gradient,379,0.1503968253968254,0.0,hvp-shadow-fp32-ieee-v1,torch.float32
d12-s7,12,7,d12-s7-s0-6c217854f4174ce884dfb2b2dcc13c45,shadow_fp32,curvature/e_sym_update,e_sym,update,379,0.1503968253968254,9.92222161577684e-07,hvp-shadow-fp32-ieee-v1,torch.float32
d12-s7,12,7,d12-s7-s0-6c217854f4174ce884dfb2b2dcc13c45,shadow_fp32,curvature/e_lin_update,e_lin,update,379,0.1503968253968254,7.419185062487072e-07,hvp-shadow-fp32-ieee-v1,torch.float32
d12-s7,12,7,d12-s7-s0-6c217854f4174ce884dfb2b2dcc13c45,shadow_fp32,curvature/verdict_code_update,verdict_code,update,379,0.1503968253968254,1.0,hvp-shadow-fp32-ieee-v1,torch.float32
d12-s7,12,7,d12-s7-s0-6c217854f4174ce884dfb2b2dcc13c45,native,curvature/e_sym_random,e_sym,random,379,0.1503968253968254,0.02514619728460469,,torch.bfloat16
d12-s7,12,7,d12-s7-s0-6c217854f4174ce884dfb2b2dcc13c45,native,curvature/e_lin_random,e_lin,random,379,0.1503968253968254,0.011515086680072052,,torch.bfloat16
d12-s7,12,7,d12-s7-s0-6c217854f4174ce884dfb2b2dcc13c45,native,curvature/verdict_code_random,verdict_code,random,379,0.1503968253968254,2.0,,torch.bfloat16
d12-s7,12,7,d12-s7-s0-6c217854f4174ce884dfb2b2dcc13c45,native,curvature/e_sym_gradient,e_sym,gradient,379,0.1503968253968254,0.1159192249778762,,torch.bfloat16
d12-s7,12,7,d12-s7-s0-6c217854f4174ce884dfb2b2dcc13c45,native,curvature/e_lin_gradient,e_lin,gradient,379,0.1503968253968254,0.00900584021576514,,torch.bfloat16
d12-s7,12,7,d12-s7-s0-6c217854f4174ce884dfb2b2dcc13c45,native,curvature/verdict_code_gradient,verdict_code,gradient,379,0.1503968253968254,2.0,,torch.bfloat16
d12-s7,12,7,d12-s7-s0-6c217854f4174ce884dfb2b2dcc13c45,native,curvature/e_sym_update,e_sym,update,379,0.1503968253968254,0.0059531505866402485,,torch.bfloat16
d12-s7,12,7,d12-s7-s0-6c217854f4174ce884dfb2b2dcc13c45,native,curvature/e_lin_update,e_lin,update,379,0.1503968253968254,0.011497930027509696,,torch.bfloat16
d12-s7,12,7,d12-s7-s0-6c217854f4174ce884dfb2b2dcc13c45,native,curvature/verdict_code_update,verdict_code,update,379,0.1503968253968254,2.0,,torch.bfloat16
d12-s7,12,7,d12-s7-s0-6c217854f4174ce884dfb2b2dcc13c45,shadow_fp32,curvature/e_sym_random,e_sym,random,401,0.15912698412698412,3.635538832460639e-06,hvp-shadow-fp32-ieee-v1,torch.float32
d12-s7,12,7,d12-s7-s0-6c217854f4174ce884dfb2b2dcc13c45,shadow_fp32,curvature/e_lin_random,e_lin,random,401,0.15912698412698412,7.857688908467361e-07,hvp-shadow-fp32-ieee-v1,torch.float32
d12-s7,12,7,d12-s7-s0-6c217854f4174ce884dfb2b2dcc13c45,shadow_fp32,curvature/verdict_code_random,verdict_code,random,401,0.15912698412698412,1.0,hvp-shadow-fp32-ieee-v1,torch.float32
d12-s7,12,7,d12-s7-s0-6c217854f4174ce884dfb2b2dcc13c45,shadow_fp32,curvature/e_sym_gradient,e_sym,gradient,401,0.15912698412698412,1.9472290481408708e-07,hvp-shadow-fp32-ieee-v1,torch.float32
d12-s7,12,7,d12-s7-s0-6c217854f4174ce884dfb2b2dcc13c45,shadow_fp32,curvature/e_lin_gradient,e_lin,gradient,401,0.15912698412698412,5.322271818482559e-07,hvp-shadow-fp32-ieee-v1,torch.float32
d12-s7,12,7,d12-s7-s0-6c217854f4174ce884dfb2b2dcc13c45,shadow_fp32,curvature/verdict_code_gradient,verdict_code,gradient,401,0.15912698412698412,0.0,hvp-shadow-fp32-ieee-v1,torch.float32
d12-s7,12,7,d12-s7-s0-6c217854f4174ce884dfb2b2dcc13c45,shadow_fp32,curvature/e_sym_update,e_sym,update,401,0.15912698412698412,1.8950939939847793e-06,hvp-shadow-fp32-ieee-v1,torch.float32
d12-s7,12,7,d12-s7-s0-6c217854f4174ce884dfb2b2dcc13c45,shadow_fp32,curvature/e_lin_update,e_lin,update,401,0.15912698412698412,7.580082901157333e-07,hvp-shadow-fp32-ieee-v1,torch.float32
d12-s7,12,7,d12-s7-s0-6c217854f4174ce884dfb2b2dcc13c45,shadow_fp32,curvature/verdict_code_update,verdict_code,update,401,0.15912698412698412,1.0,hvp-shadow-fp32-ieee-v1,torch.float32
d12-s7,12,7,d12-s7-s0-6c217854f4174ce884dfb2b2dcc13c45,native,curvature/e_sym_random,e_sym,random,401,0.15912698412698412,0.007131730743483097,,torch.bfloat16
d12-s7,12,7,d12-s7-s0-6c217854f4174ce884dfb2b2dcc13c45,native,curvature/e_lin_random,e_lin,random,401,0.15912698412698412,0.011788606092290106,,torch.bfloat16
d12-s7,12,7,d12-s7-s0-6c217854f4174ce884dfb2b2dcc13c45,native,curvature/verdict_code_random,verdict_code,random,401,0.15912698412698412,2.0,,torch.bfloat16
d12-s7,12,7,d12-s7-s0-6c217854f4174ce884dfb2b2dcc13c45,native,curvature/e_sym_gradient,e_sym,gradient,401,0.15912698412698412,0.028389522582596277,,torch.bfloat16
d12-s7,12,7,d12-s7-s0-6c217854f4174ce884dfb2b2dcc13c45,native,curvature/e_lin_gradient,e_lin,gradient,401,0.15912698412698412,0.00708294789743568,,torch.bfloat16
d12-s7,12,7,d12-s7-s0-6c217854f4174ce884dfb2b2dcc13c45,native,curvature/verdict_code_gradient,verdict_code,gradient,401,0.15912698412698412,2.0,,torch.bfloat16
d12-s7,12,7,d12-s7-s0-6c217854f4174ce884dfb2b2dcc13c45,native,curvature/e_sym_update,e_sym,update,401,0.15912698412698412,0.00586927791899885,,torch.bfloat16
d12-s7,12,7,d12-s7-s0-6c217854f4174ce884dfb2b2dcc13c45,native,curvature/e_lin_update,e_lin,update,401,0.15912698412698412,0.01180694407525104,,torch.bfloat16
d12-s7,12,7,d12-s7-s0-6c217854f4174ce884dfb2b2dcc13c45,native,curvature/verdict_code_update,verdict_code,update,401,0.15912698412698412,2.0,,torch.bfloat16
d12-s7,12,7,d12-s7-s0-6c217854f4174ce884dfb2b2dcc13c45,shadow_fp32,curvature/e_sym_random,e_sym,random,505,0.2003968253968254,6.028693265284216e-06,hvp-shadow-fp32-ieee-v1,torch.float32
d12-s7,12,7,d12-s7-s0-6c217854f4174ce884dfb2b2dcc13c45,shadow_fp32,curvature/e_lin_random,e_lin,random,505,0.2003968253968254,7.731583575952878e-07,hvp-shadow-fp32-ieee-v1,torch.float32
d12-s7,12,7,d12-s7-s0-6c217854f4174ce884dfb2b2dcc13c45,shadow_fp32,curvature/verdict_code_random,verdict_code,random,505,0.2003968253968254,1.0,hvp-shadow-fp32-ieee-v1,torch.float32
d12-s7,12,7,d12-s7-s0-6c217854f4174ce884dfb2b2dcc13c45,shadow_fp32,curvature/e_sym_gradient,e_sym,gradient,505,0.2003968253968254,5.056554069455451e-07,hvp-shadow-fp32-ieee-v1,torch.float32
d12-s7,12,7,d12-s7-s0-6c217854f4174ce884dfb2b2dcc13c45,shadow_fp32,curvature/e_lin_gradient,e_lin,gradient,505,0.2003968253968254,6.069801293550327e-07,hvp-shadow-fp32-ieee-v1,torch.float32
d12-s7,12,7,d12-s7-s0-6c217854f4174ce884dfb2b2dcc13c45,shadow_fp32,curvature/verdict_code_gradient,verdict_code,gradient,505,0.2003968253968254,0.0,hvp-shadow-fp32-ieee-v1,torch.float32
d12-s7,12,7,d12-s7-s0-6c217854f4174ce884dfb2b2dcc13c45,shadow_fp32,curvature/e_sym_update,e_sym,update,505,0.2003968253968254,1.100782789951639e-06,hvp-shadow-fp32-ieee-v1,torch.float32
d12-s7,12,7,d12-s7-s0-6c217854f4174ce884dfb2b2dcc13c45,shadow_fp32,curvature/e_lin_update,e_lin,update,505,0.2003968253968254,7.503838579199284e-07,hvp-shadow-fp32-ieee-v1,torch.float32
d12-s7,12,7,d12-s7-s0-6c217854f4174ce884dfb2b2dcc13c45,shadow_fp32,curvature/verdict_code_update,verdict_code,update,505,0.2003968253968254,1.0,hvp-shadow-fp32-ieee-v1,torch.float32
d12-s7,12,7,d12-s7-s0-6c217854f4174ce884dfb2b2dcc13c45,native,curvature/e_sym_random,e_sym,random,505,0.2003968253968254,0.01537468986736568,,torch.bfloat16
d12-s7,12,7,d12-s7-s0-6c217854f4174ce884dfb2b2dcc13c45,native,curvature/e_lin_random,e_lin,random,505,0.2003968253968254,0.012260464648798633,,torch.bfloat16
d12-s7,12,7,d12-s7-s0-6c217854f4174ce884dfb2b2dcc13c45,native,curvature/verdict_code_random,verdict_code,random,505,0.2003968253968254,2.0,,torch.bfloat16
d12-s7,12,7,d12-s7-s0-6c217854f4174ce884dfb2b2dcc13c45,native,curvature/e_sym_gradient,e_sym,gradient,505,0.2003968253968254,0.01614975198015006,,torch.bfloat16
d12-s7,12,7,d12-s7-s0-6c217854f4174ce884dfb2b2dcc13c45,native,curvature/e_lin_gradient,e_lin,gradient,505,0.2003968253968254,0.008233775730959002,,torch.bfloat16
d12-s7,12,7,d12-s7-s0-6c217854f4174ce884dfb2b2dcc13c45,native,curvature/verdict_code_gradient,verdict_code,gradient,505,0.2003968253968254,2.0,,torch.bfloat16
d12-s7,12,7,d12-s7-s0-6c217854f4174ce884dfb2b2dcc13c45,native,curvature/e_sym_update,e_sym,update,505,0.2003968253968254,0.023363139315762643,,torch.bfloat16
d12-s7,12,7,d12-s7-s0-6c217854f4174ce884dfb2b2dcc13c45,native,curvature/e_lin_update,e_lin,update,505,0.2003968253968254,0.011245468439928429,,torch.bfloat16
d12-s7,12,7,d12-s7-s0-6c217854f4174ce884dfb2b2dcc13c45,native,curvature/verdict_code_update,verdict_code,update,505,0.2003968253968254,2.0,,torch.bfloat16
d12-s7,12,7,d12-s7-s0-6c217854f4174ce884dfb2b2dcc13c45,shadow_fp32,curvature/e_sym_random,e_sym,random,631,0.2503968253968254,3.9476037714394315e-07,hvp-shadow-fp32-ieee-v1,torch.float32
d12-s7,12,7,d12-s7-s0-6c217854f4174ce884dfb2b2dcc13c45,shadow_fp32,curvature/e_lin_random,e_lin,random,631,0.2503968253968254,7.536509375046213e-07,hvp-shadow-fp32-ieee-v1,torch.float32
d12-s7,12,7,d12-s7-s0-6c217854f4174ce884dfb2b2dcc13c45,shadow_fp32,curvature/verdict_code_random,verdict_code,random,631,0.2503968253968254,1.0,hvp-shadow-fp32-ieee-v1,torch.float32
d12-s7,12,7,d12-s7-s0-6c217854f4174ce884dfb2b2dcc13c45,shadow_fp32,curvature/e_sym_gradient,e_sym,gradient,631,0.2503968253968254,2.6476155920853954e-06,hvp-shadow-fp32-ieee-v1,torch.float32
d12-s7,12,7,d12-s7-s0-6c217854f4174ce884dfb2b2dcc13c45,shadow_fp32,curvature/e_lin_gradient,e_lin,gradient,631,0.2503968253968254,4.3867541371268536e-07,hvp-shadow-fp32-ieee-v1,torch.float32
d12-s7,12,7,d12-s7-s0-6c217854f4174ce884dfb2b2dcc13c45,shadow_fp32,curvature/verdict_code_gradient,verdict_code,gradient,631,0.2503968253968254,0.0,hvp-shadow-fp32-ieee-v1,torch.float32
d12-s7,12,7,d12-s7-s0-6c217854f4174ce884dfb2b2dcc13c45,shadow_fp32,curvature/e_sym_update,e_sym,update,631,0.2503968253968254,6.100099735487235e-06,hvp-shadow-fp32-ieee-v1,torch.float32
d12-s7,12,7,d12-s7-s0-6c217854f4174ce884dfb2b2dcc13c45,shadow_fp32,curvature/e_lin_update,e_lin,update,631,0.2503968253968254,7.384298787389525e-07,hvp-shadow-fp32-ieee-v1,torch.float32
d12-s7,12,7,d12-s7-s0-6c217854f4174ce884dfb2b2dcc13c45,shadow_fp32,curvature/verdict_code_update,verdict_code,update,631,0.2503968253968254,1.0,hvp-shadow-fp32-ieee-v1,torch.float32
d12-s7,12,7,d12-s7-s0-6c217854f4174ce884dfb2b2dcc13c45,native,curvature/e_sym_random,e_sym,random,631,0.2503968253968254,0.01725869804274364,,torch.bfloat16
d12-s7,12,7,d12-s7-s0-6c217854f4174ce884dfb2b2dcc13c45,native,curvature/e_lin_random,e_lin,random,631,0.2503968253968254,0.01203897468936288,,torch.bfloat16
d12-s7,12,7,d12-s7-s0-6c217854f4174ce884dfb2b2dcc13c45,native,curvature/verdict_code_random,verdict_code,random,631,0.2503968253968254,2.0,,torch.bfloat16
d12-s7,12,7,d12-s7-s0-6c217854f4174ce884dfb2b2dcc13c45,native,curvature/e_sym_gradient,e_sym,gradient,631,0.2503968253968254,0.01715375846433937,,torch.bfloat16
d12-s7,12,7,d12-s7-s0-6c217854f4174ce884dfb2b2dcc13c45,native,curvature/e_lin_gradient,e_lin,gradient,631,0.2503968253968254,0.006654742041256199,,torch.bfloat16
d12-s7,12,7,d12-s7-s0-6c217854f4174ce884dfb2b2dcc13c45,native,curvature/verdict_code_gradient,verdict_code,gradient,631,0.2503968253968254,2.0,,torch.bfloat16
d12-s7,12,7,d12-s7-s0-6c217854f4174ce884dfb2b2dcc13c45,native,curvature/e_sym_update,e_sym,update,631,0.2503968253968254,0.24066440554287602,,torch.bfloat16
d12-s7,12,7,d12-s7-s0-6c217854f4174ce884dfb2b2dcc13c45,native,curvature/e_lin_update,e_lin,update,631,0.2503968253968254,0.011275032196095368,,torch.bfloat16
d12-s7,12,7,d12-s7-s0-6c217854f4174ce884dfb2b2dcc13c45,native,curvature/verdict_code_update,verdict_code,update,631,0.2503968253968254,2.0,,torch.bfloat16
d12-s7,12,7,d12-s7-s0-6c217854f4174ce884dfb2b2dcc13c45,shadow_fp32,curvature/e_sym_random,e_sym,random,757,0.3003968253968254,1.295118998673143e-06,hvp-shadow-fp32-ieee-v1,torch.float32
d12-s7,12,7,d12-s7-s0-6c217854f4174ce884dfb2b2dcc13c45,shadow_fp32,curvature/e_lin_random,e_lin,random,757,0.3003968253968254,7.899039911790214e-07,hvp-shadow-fp32-ieee-v1,torch.float32
d12-s7,12,7,d12-s7-s0-6c217854f4174ce884dfb2b2dcc13c45,shadow_fp32,curvature/verdict_code_random,verdict_code,random,757,0.3003968253968254,1.0,hvp-shadow-fp32-ieee-v1,torch.float32
d12-s7,12,7,d12-s7-s0-6c217854f4174ce884dfb2b2dcc13c45,shadow_fp32,curvature/e_sym_gradient,e_sym,gradient,757,0.3003968253968254,1.0839762369301695e-06,hvp-shadow-fp32-ieee-v1,torch.float32
d12-s7,12,7,d12-s7-s0-6c217854f4174ce884dfb2b2dcc13c45,shadow_fp32,curvature/e_lin_gradient,e_lin,gradient,757,0.3003968253968254,4.966369589737636e-07,hvp-shadow-fp32-ieee-v1,torch.float32
d12-s7,12,7,d12-s7-s0-6c217854f4174ce884dfb2b2dcc13c45,shadow_fp32,curvature/verdict_code_gradient,verdict_code,gradient,757,0.3003968253968254,0.0,hvp-shadow-fp32-ieee-v1,torch.float32
d12-s7,12,7,d12-s7-s0-6c217854f4174ce884dfb2b2dcc13c45,shadow_fp32,curvature/e_sym_update,e_sym,update,757,0.3003968253968254,4.503833307896449e-06,hvp-shadow-fp32-ieee-v1,torch.float32
d12-s7,12,7,d12-s7-s0-6c217854f4174ce884dfb2b2dcc13c45,shadow_fp32,curvature/e_lin_update,e_lin,update,757,0.3003968253968254,6.981866341835059e-07,hvp-shadow-fp32-ieee-v1,torch.float32
d12-s7,12,7,d12-s7-s0-6c217854f4174ce884dfb2b2dcc13c45,shadow_fp32,curvature/verdict_code_update,verdict_code,update,757,0.3003968253968254,1.0,hvp-shadow-fp32-ieee-v1,torch.float32
d12-s7,12,7,d12-s7-s0-6c217854f4174ce884dfb2b2dcc13c45,native,curvature/e_sym_random,e_sym,random,757,0.3003968253968254,0.009656375277956219,,torch.bfloat16
d12-s7,12,7,d12-s7-s0-6c217854f4174ce884dfb2b2dcc13c45,native,curvature/e_lin_random,e_lin,random,757,0.3003968253968254,0.01116512451441088,,torch.bfloat16
d12-s7,12,7,d12-s7-s0-6c217854f4174ce884dfb2b2dcc13c45,native,curvature/verdict_code_random,verdict_code,random,757,0.3003968253968254,2.0,,torch.bfloat16
d12-s7,12,7,d12-s7-s0-6c217854f4174ce884dfb2b2dcc13c45,native,curvature/e_sym_gradient,e_sym,gradient,757,0.3003968253968254,0.0013453768960510202,,torch.bfloat16
d12-s7,12,7,d12-s7-s0-6c217854f4174ce884dfb2b2dcc13c45,native,curvature/e_lin_gradient,e_lin,gradient,757,0.3003968253968254,0.006575853923399826,,torch.bfloat16
d12-s7,12,7,d12-s7-s0-6c217854f4174ce884dfb2b2dcc13c45,native,curvature/verdict_code_gradient,verdict_code,gradient,757,0.3003968253968254,2.0,,torch.bfloat16
d12-s7,12,7,d12-s7-s0-6c217854f4174ce884dfb2b2dcc13c45,native,curvature/e_sym_update,e_sym,update,757,0.3003968253968254,0.01967080609728384,,torch.bfloat16
d12-s7,12,7,d12-s7-s0-6c217854f4174ce884dfb2b2dcc13c45,native,curvature/e_lin_update,e_lin,update,757,0.3003968253968254,0.010342319908071647,,torch.bfloat16
d12-s7,12,7,d12-s7-s0-6c217854f4174ce884dfb2b2dcc13c45,native,curvature/verdict_code_update,verdict_code,update,757,0.3003968253968254,2.0,,torch.bfloat16
d12-s7,12,7,d12-s7-s0-6c217854f4174ce884dfb2b2dcc13c45,shadow_fp32,curvature/e_sym_random,e_sym,random,883,0.3503968253968254,5.137198741563479e-08,hvp-shadow-fp32-ieee-v1,torch.float32
d12-s7,12,7,d12-s7-s0-6c217854f4174ce884dfb2b2dcc13c45,shadow_fp32,curvature/e_lin_random,e_lin,random,883,0.3503968253968254,7.174773722222975e-07,hvp-shadow-fp32-ieee-v1,torch.float32
d12-s7,12,7,d12-s7-s0-6c217854f4174ce884dfb2b2dcc13c45,shadow_fp32,curvature/verdict_code_random,verdict_code,random,883,0.3503968253968254,1.0,hvp-shadow-fp32-ieee-v1,torch.float32
d12-s7,12,7,d12-s7-s0-6c217854f4174ce884dfb2b2dcc13c45,shadow_fp32,curvature/e_sym_gradient,e_sym,gradient,883,0.3503968253968254,7.433041772578423e-07,hvp-shadow-fp32-ieee-v1,torch.float32
d12-s7,12,7,d12-s7-s0-6c217854f4174ce884dfb2b2dcc13c45,shadow_fp32,curvature/e_lin_gradient,e_lin,gradient,883,0.3503968253968254,4.0792904296788935e-07,hvp-shadow-fp32-ieee-v1,torch.float32
d12-s7,12,7,d12-s7-s0-6c217854f4174ce884dfb2b2dcc13c45,shadow_fp32,curvature/verdict_code_gradient,verdict_code,gradient,883,0.3503968253968254,0.0,hvp-shadow-fp32-ieee-v1,torch.float32
d12-s7,12,7,d12-s7-s0-6c217854f4174ce884dfb2b2dcc13c45,shadow_fp32,curvature/e_sym_update,e_sym,update,883,0.3503968253968254,5.500922227026724e-07,hvp-shadow-fp32-ieee-v1,torch.float32
d12-s7,12,7,d12-s7-s0-6c217854f4174ce884dfb2b2dcc13c45,shadow_fp32,curvature/e_lin_update,e_lin,update,883,0.3503968253968254,6.771838112550042e-07,hvp-shadow-fp32-ieee-v1,torch.float32
d12-s7,12,7,d12-s7-s0-6c217854f4174ce884dfb2b2dcc13c45,shadow_fp32,curvature/verdict_code_update,verdict_code,update,883,0.3503968253968254,1.0,hvp-shadow-fp32-ieee-v1,torch.float32
d12-s7,12,7,d12-s7-s0-6c217854f4174ce884dfb2b2dcc13c45,native,curvature/e_sym_random,e_sym,random,883,0.3503968253968254,0.034854993994740686,,torch.bfloat16
d12-s7,12,7,d12-s7-s0-6c217854f4174ce884dfb2b2dcc13c45,native,curvature/e_lin_random,e_lin,random,883,0.3503968253968254,0.010219490688740843,,torch.bfloat16
d12-s7,12,7,d12-s7-s0-6c217854f4174ce884dfb2b2dcc13c45,native,curvature/verdict_code_random,verdict_code,random,883,0.3503968253968254,2.0,,torch.bfloat16
d12-s7,12,7,d12-s7-s0-6c217854f4174ce884dfb2b2dcc13c45,native,curvature/e_sym_gradient,e_sym,gradient,883,0.3503968253968254,0.003437614155881663,,torch.bfloat16
d12-s7,12,7,d12-s7-s0-6c217854f4174ce884dfb2b2dcc13c45,native,curvature/e_lin_gradient,e_lin,gradient,883,0.3503968253968254,0.004703352879895838,,torch.bfloat16
d12-s7,12,7,d12-s7-s0-6c217854f4174ce884dfb2b2dcc13c45,native,curvature/verdict_code_gradient,verdict_code,gradient,883,0.3503968253968254,2.0,,torch.bfloat16
d12-s7,12,7,d12-s7-s0-6c217854f4174ce884dfb2b2dcc13c45,native,curvature/e_sym_update,e_sym,update,883,0.3503968253968254,0.0053322317985007245,,torch.bfloat16
d12-s7,12,7,d12-s7-s0-6c217854f4174ce884dfb2b2dcc13c45,native,curvature/e_lin_update,e_lin,update,883,0.3503968253968254,0.009399089960051964,,torch.bfloat16
d12-s7,12,7,d12-s7-s0-6c217854f4174ce884dfb2b2dcc13c45,native,curvature/verdict_code_update,verdict_code,update,883,0.3503968253968254,2.0,,torch.bfloat16
d12-s7,12,7,d12-s7-s0-6c217854f4174ce884dfb2b2dcc13c45,shadow_fp32,curvature/e_sym_random,e_sym,random,1009,0.4003968253968254,6.674884759109578e-07,hvp-shadow-fp32-ieee-v1,torch.float32
d12-s7,12,7,d12-s7-s0-6c217854f4174ce884dfb2b2dcc13c45,shadow_fp32,curvature/e_lin_random,e_lin,random,1009,0.4003968253968254,7.059845439001898e-07,hvp-shadow-fp32-ieee-v1,torch.float32
d12-s7,12,7,d12-s7-s0-6c217854f4174ce884dfb2b2dcc13c45,shadow_fp32,curvature/verdict_code_random,verdict_code,random,1009,0.4003968253968254,1.0,hvp-shadow-fp32-ieee-v1,torch.float32
d12-s7,12,7,d12-s7-s0-6c217854f4174ce884dfb2b2dcc13c45,shadow_fp32,curvature/e_sym_gradient,e_sym,gradient,1009,0.4003968253968254,2.984024663906981e-06,hvp-shadow-fp32-ieee-v1,torch.float32
d12-s7,12,7,d12-s7-s0-6c217854f4174ce884dfb2b2dcc13c45,shadow_fp32,curvature/e_lin_gradient,e_lin,gradient,1009,0.4003968253968254,4.4588142261580946e-07,hvp-shadow-fp32-ieee-v1,torch.float32
d12-s7,12,7,d12-s7-s0-6c217854f4174ce884dfb2b2dcc13c45,shadow_fp32,curvature/verdict_code_gradient,verdict_code,gradient,1009,0.4003968253968254,0.0,hvp-shadow-fp32-ieee-v1,torch.float32
d12-s7,12,7,d12-s7-s0-6c217854f4174ce884dfb2b2dcc13c45,shadow_fp32,curvature/e_sym_update,e_sym,update,1009,0.4003968253968254,1.5151643337680969e-05,hvp-shadow-fp32-ieee-v1,torch.float32
d12-s7,12,7,d12-s7-s0-6c217854f4174ce884dfb2b2dcc13c45,shadow_fp32,curvature/e_lin_update,e_lin,update,1009,0.4003968253968254,7.234434787336305e-07,hvp-shadow-fp32-ieee-v1,torch.float32
d12-s7,12,7,d12-s7-s0-6c217854f4174ce884dfb2b2dcc13c45,shadow_fp32,curvature/verdict_code_update,verdict_code,update,1009,0.4003968253968254,1.0,hvp-shadow-fp32-ieee-v1,torch.float32
d12-s7,12,7,d12-s7-s0-6c217854f4174ce884dfb2b2dcc13c45,native,curvature/e_sym_random,e_sym,random,1009,0.4003968253968254,0.005167636959880888,,torch.bfloat16
d12-s7,12,7,d12-s7-s0-6c217854f4174ce884dfb2b2dcc13c45,native,curvature/e_lin_random,e_lin,random,1009,0.4003968253968254,0.009385828780839416,,torch.bfloat16
d12-s7,12,7,d12-s7-s0-6c217854f4174ce884dfb2b2dcc13c45,native,curvature/verdict_code_random,verdict_code,random,1009,0.4003968253968254,2.0,,torch.bfloat16
d12-s7,12,7,d12-s7-s0-6c217854f4174ce884dfb2b2dcc13c45,native,curvature/e_sym_gradient,e_sym,gradient,1009,0.4003968253968254,0.0026003713631001847,,torch.bfloat16
d12-s7,12,7,d12-s7-s0-6c217854f4174ce884dfb2b2dcc13c45,native,curvature/e_lin_gradient,e_lin,gradient,1009,0.4003968253968254,0.004777894943848305,,torch.bfloat16
d12-s7,12,7,d12-s7-s0-6c217854f4174ce884dfb2b2dcc13c45,native,curvature/verdict_code_gradient,verdict_code,gradient,1009,0.4003968253968254,2.0,,torch.bfloat16
d12-s7,12,7,d12-s7-s0-6c217854f4174ce884dfb2b2dcc13c45,native,curvature/e_sym_update,e_sym,update,1009,0.4003968253968254,0.16013337038861686,,torch.bfloat16
d12-s7,12,7,d12-s7-s0-6c217854f4174ce884dfb2b2dcc13c45,native,curvature/e_lin_update,e_lin,update,1009,0.4003968253968254,0.009435149589701602,,torch.bfloat16
d12-s7,12,7,d12-s7-s0-6c217854f4174ce884dfb2b2dcc13c45,native,curvature/verdict_code_update,verdict_code,update,1009,0.4003968253968254,2.0,,torch.bfloat16
d12-s7,12,7,d12-s7-s0-6c217854f4174ce884dfb2b2dcc13c45,shadow_fp32,curvature/e_sym_random,e_sym,random,1135,0.4503968253968254,1.4904818593507427e-06,hvp-shadow-fp32-ieee-v1,torch.float32
d12-s7,12,7,d12-s7-s0-6c217854f4174ce884dfb2b2dcc13c45,shadow_fp32,curvature/e_lin_random,e_lin,random,1135,0.4503968253968254,6.830602286370071e-07,hvp-shadow-fp32-ieee-v1,torch.float32
d12-s7,12,7,d12-s7-s0-6c217854f4174ce884dfb2b2dcc13c45,shadow_fp32,curvature/verdict_code_random,verdict_code,random,1135,0.4503968253968254,1.0,hvp-shadow-fp32-ieee-v1,torch.float32
d12-s7,12,7,d12-s7-s0-6c217854f4174ce884dfb2b2dcc13c45,shadow_fp32,curvature/e_sym_gradient,e_sym,gradient,1135,0.4503968253968254,1.365927524375254e-06,hvp-shadow-fp32-ieee-v1,torch.float32
d12-s7,12,7,d12-s7-s0-6c217854f4174ce884dfb2b2dcc13c45,shadow_fp32,curvature/e_lin_gradient,e_lin,gradient,1135,0.4503968253968254,4.418251684696572e-07,hvp-shadow-fp32-ieee-v1,torch.float32
d12-s7,12,7,d12-s7-s0-6c217854f4174ce884dfb2b2dcc13c45,shadow_fp32,curvature/verdict_code_gradient,verdict_code,gradient,1135,0.4503968253968254,0.0,hvp-shadow-fp32-ieee-v1,torch.float32
d12-s7,12,7,d12-s7-s0-6c217854f4174ce884dfb2b2dcc13c45,shadow_fp32,curvature/e_sym_update,e_sym,update,1135,0.4503968253968254,1.2045420787883541e-06,hvp-shadow-fp32-ieee-v1,torch.float32
d12-s7,12,7,d12-s7-s0-6c217854f4174ce884dfb2b2dcc13c45,shadow_fp32,curvature/e_lin_update,e_lin,update,1135,0.4503968253968254,7.729050266479617e-07,hvp-shadow-fp32-ieee-v1,torch.float32
d12-s7,12,7,d12-s7-s0-6c217854f4174ce884dfb2b2dcc13c45,shadow_fp32,curvature/verdict_code_update,verdict_code,update,1135,0.4503968253968254,1.0,hvp-shadow-fp32-ieee-v1,torch.float32
d12-s7,12,7,d12-s7-s0-6c217854f4174ce884dfb2b2dcc13c45,native,curvature/e_sym_random,e_sym,random,1135,0.4503968253968254,0.007347148816666941,,torch.bfloat16
d12-s7,12,7,d12-s7-s0-6c217854f4174ce884dfb2b2dcc13c45,native,curvature/e_lin_random,e_lin,random,1135,0.4503968253968254,0.009617194018755661,,torch.bfloat16
d12-s7,12,7,d12-s7-s0-6c217854f4174ce884dfb2b2dcc13c45,native,curvature/verdict_code_random,verdict_code,random,1135,0.4503968253968254,2.0,,torch.bfloat16
d12-s7,12,7,d12-s7-s0-6c217854f4174ce884dfb2b2dcc13c45,native,curvature/e_sym_gradient,e_sym,gradient,1135,0.4503968253968254,0.007902015088565431,,torch.bfloat16
d12-s7,12,7,d12-s7-s0-6c217854f4174ce884dfb2b2dcc13c45,native,curvature/e_lin_gradient,e_lin,gradient,1135,0.4503968253968254,0.004951098531217388,,torch.bfloat16
d12-s7,12,7,d12-s7-s0-6c217854f4174ce884dfb2b2dcc13c45,native,curvature/verdict_code_gradient,verdict_code,gradient,1135,0.4503968253968254,2.0,,torch.bfloat16
d12-s7,12,7,d12-s7-s0-6c217854f4174ce884dfb2b2dcc13c45,native,curvature/e_sym_update,e_sym,update,1135,0.4503968253968254,0.008738666062625829,,torch.bfloat16
d12-s7,12,7,d12-s7-s0-6c217854f4174ce884dfb2b2dcc13c45,native,curvature/e_lin_update,e_lin,update,1135,0.4503968253968254,0.009784359280045722,,torch.bfloat16
d12-s7,12,7,d12-s7-s0-6c217854f4174ce884dfb2b2dcc13c45,native,curvature/verdict_code_update,verdict_code,update,1135,0.4503968253968254,2.0,,torch.bfloat16
d12-s7,12,7,d12-s7-s0-6c217854f4174ce884dfb2b2dcc13c45,shadow_fp32,curvature/e_sym_random,e_sym,random,1261,0.5003968253968254,2.024474346176301e-06,hvp-shadow-fp32-ieee-v1,torch.float32
d12-s7,12,7,d12-s7-s0-6c217854f4174ce884dfb2b2dcc13c45,shadow_fp32,curvature/e_lin_random,e_lin,random,1261,0.5003968253968254,6.57636338273888e-07,hvp-shadow-fp32-ieee-v1,torch.float32
d12-s7,12,7,d12-s7-s0-6c217854f4174ce884dfb2b2dcc13c45,shadow_fp32,curvature/verdict_code_random,verdict_code,random,1261,0.5003968253968254,1.0,hvp-shadow-fp32-ieee-v1,torch.float32
d12-s7,12,7,d12-s7-s0-6c217854f4174ce884dfb2b2dcc13c45,shadow_fp32,curvature/e_sym_gradient,e_sym,gradient,1261,0.5003968253968254,8.229558318733383e-07,hvp-shadow-fp32-ieee-v1,torch.float32
d12-s7,12,7,d12-s7-s0-6c217854f4174ce884dfb2b2dcc13c45,shadow_fp32,curvature/e_lin_gradient,e_lin,gradient,1261,0.5003968253968254,4.201401019018776e-07,hvp-shadow-fp32-ieee-v1,torch.float32
d12-s7,12,7,d12-s7-s0-6c217854f4174ce884dfb2b2dcc13c45,shadow_fp32,curvature/verdict_code_gradient,verdict_code,gradient,1261,0.5003968253968254,0.0,hvp-shadow-fp32-ieee-v1,torch.float32
d12-s7,12,7,d12-s7-s0-6c217854f4174ce884dfb2b2dcc13c45,shadow_fp32,curvature/e_sym_update,e_sym,update,1261,0.5003968253968254,1.4454204747141376e-06,hvp-shadow-fp32-ieee-v1,torch.float32
d12-s7,12,7,d12-s7-s0-6c217854f4174ce884dfb2b2dcc13c45,shadow_fp32,curvature/e_lin_update,e_lin,update,1261,0.5003968253968254,6.79093700381349e-07,hvp-shadow-fp32-ieee-v1,torch.float32
d12-s7,12,7,d12-s7-s0-6c217854f4174ce884dfb2b2dcc13c45,shadow_fp32,curvature/verdict_code_update,verdict_code,update,1261,0.5003968253968254,1.0,hvp-shadow-fp32-ieee-v1,torch.float32
d12-s7,12,7,d12-s7-s0-6c217854f4174ce884dfb2b2dcc13c45,native,curvature/e_sym_random,e_sym,random,1261,0.5003968253968254,0.005184972810901591,,torch.bfloat16
d12-s7,12,7,d12-s7-s0-6c217854f4174ce884dfb2b2dcc13c45,native,curvature/e_lin_random,e_lin,random,1261,0.5003968253968254,0.00917341426291455,,torch.bfloat16
d12-s7,12,7,d12-s7-s0-6c217854f4174ce884dfb2b2dcc13c45,native,curvature/verdict_code_random,verdict_code,random,1261,0.5003968253968254,2.0,,torch.bfloat16
d12-s7,12,7,d12-s7-s0-6c217854f4174ce884dfb2b2dcc13c45,native,curvature/e_sym_gradient,e_sym,gradient,1261,0.5003968253968254,0.0003302488350284714,,torch.bfloat16
d12-s7,12,7,d12-s7-s0-6c217854f4174ce884dfb2b2dcc13c45,native,curvature/e_lin_gradient,e_lin,gradient,1261,0.5003968253968254,0.00478894758787178,,torch.bfloat16
d12-s7,12,7,d12-s7-s0-6c217854f4174ce884dfb2b2dcc13c45,native,curvature/verdict_code_gradient,verdict_code,gradient,1261,0.5003968253968254,2.0,,torch.bfloat16
d12-s7,12,7,d12-s7-s0-6c217854f4174ce884dfb2b2dcc13c45,native,curvature/e_sym_update,e_sym,update,1261,0.5003968253968254,0.003057927209958885,,torch.bfloat16
d12-s7,12,7,d12-s7-s0-6c217854f4174ce884dfb2b2dcc13c45,native,curvature/e_lin_update,e_lin,update,1261,0.5003968253968254,0.0087719538558936,,torch.bfloat16
d12-s7,12,7,d12-s7-s0-6c217854f4174ce884dfb2b2dcc13c45,native,curvature/verdict_code_update,verdict_code,update,1261,0.5003968253968254,2.0,,torch.bfloat16
d12-s7,12,7,d12-s7-s0-6c217854f4174ce884dfb2b2dcc13c45,shadow_fp32,curvature/e_sym_random,e_sym,random,1386,0.55,8.149308812662547e-07,hvp-shadow-fp32-ieee-v1,torch.float32
d12-s7,12,7,d12-s7-s0-6c217854f4174ce884dfb2b2dcc13c45,shadow_fp32,curvature/e_lin_random,e_lin,random,1386,0.55,7.171531729160216e-07,hvp-shadow-fp32-ieee-v1,torch.float32
d12-s7,12,7,d12-s7-s0-6c217854f4174ce884dfb2b2dcc13c45,shadow_fp32,curvature/verdict_code_random,verdict_code,random,1386,0.55,1.0,hvp-shadow-fp32-ieee-v1,torch.float32
d12-s7,12,7,d12-s7-s0-6c217854f4174ce884dfb2b2dcc13c45,shadow_fp32,curvature/e_sym_gradient,e_sym,gradient,1386,0.55,2.8070789344811158e-06,hvp-shadow-fp32-ieee-v1,torch.float32
d12-s7,12,7,d12-s7-s0-6c217854f4174ce884dfb2b2dcc13c45,shadow_fp32,curvature/e_lin_gradient,e_lin,gradient,1386,0.55,4.4036525539053165e-07,hvp-shadow-fp32-ieee-v1,torch.float32
d12-s7,12,7,d12-s7-s0-6c217854f4174ce884dfb2b2dcc13c45,shadow_fp32,curvature/verdict_code_gradient,verdict_code,gradient,1386,0.55,0.0,hvp-shadow-fp32-ieee-v1,torch.float32
d12-s7,12,7,d12-s7-s0-6c217854f4174ce884dfb2b2dcc13c45,shadow_fp32,curvature/e_sym_update,e_sym,update,1386,0.55,7.976227663745449e-07,hvp-shadow-fp32-ieee-v1,torch.float32
d12-s7,12,7,d12-s7-s0-6c217854f4174ce884dfb2b2dcc13c45,shadow_fp32,curvature/e_lin_update,e_lin,update,1386,0.55,7.597475986101972e-07,hvp-shadow-fp32-ieee-v1,torch.float32
d12-s7,12,7,d12-s7-s0-6c217854f4174ce884dfb2b2dcc13c45,shadow_fp32,curvature/verdict_code_update,verdict_code,update,1386,0.55,1.0,hvp-shadow-fp32-ieee-v1,torch.float32
d12-s7,12,7,d12-s7-s0-6c217854f4174ce884dfb2b2dcc13c45,native,curvature/e_sym_random,e_sym,random,1386,0.55,0.008522949015209048,,torch.bfloat16
d12-s7,12,7,d12-s7-s0-6c217854f4174ce884dfb2b2dcc13c45,native,curvature/e_lin_random,e_lin,random,1386,0.55,0.009782757629506212,,torch.bfloat16
d12-s7,12,7,d12-s7-s0-6c217854f4174ce884dfb2b2dcc13c45,native,curvature/verdict_code_random,verdict_code,random,1386,0.55,2.0,,torch.bfloat16
d12-s7,12,7,d12-s7-s0-6c217854f4174ce884dfb2b2dcc13c45,native,curvature/e_sym_gradient,e_sym,gradient,1386,0.55,0.006571482570916766,,torch.bfloat16
d12-s7,12,7,d12-s7-s0-6c217854f4174ce884dfb2b2dcc13c45,native,curvature/e_lin_gradient,e_lin,gradient,1386,0.55,0.004719867956035808,,torch.bfloat16
d12-s7,12,7,d12-s7-s0-6c217854f4174ce884dfb2b2dcc13c45,native,curvature/verdict_code_gradient,verdict_code,gradient,1386,0.55,2.0,,torch.bfloat16
d12-s7,12,7,d12-s7-s0-6c217854f4174ce884dfb2b2dcc13c45,native,curvature/e_sym_update,e_sym,update,1386,0.55,0.00484327132942019,,torch.bfloat16
d12-s7,12,7,d12-s7-s0-6c217854f4174ce884dfb2b2dcc13c45,native,curvature/e_lin_update,e_lin,update,1386,0.55,0.009633366721525332,,torch.bfloat16
d12-s7,12,7,d12-s7-s0-6c217854f4174ce884dfb2b2dcc13c45,native,curvature/verdict_code_update,verdict_code,update,1386,0.55,2.0,,torch.bfloat16
d12-s7,12,7,d12-s7-s0-6c217854f4174ce884dfb2b2dcc13c45,shadow_fp32,curvature/e_sym_random,e_sym,random,1512,0.6,5.227904106985144e-07,hvp-shadow-fp32-ieee-v1,torch.float32
d12-s7,12,7,d12-s7-s0-6c217854f4174ce884dfb2b2dcc13c45,shadow_fp32,curvature/e_lin_random,e_lin,random,1512,0.6,6.861643005894269e-07,hvp-shadow-fp32-ieee-v1,torch.float32
d12-s7,12,7,d12-s7-s0-6c217854f4174ce884dfb2b2dcc13c45,shadow_fp32,curvature/verdict_code_random,verdict_code,random,1512,0.6,1.0,hvp-shadow-fp32-ieee-v1,torch.float32
d12-s7,12,7,d12-s7-s0-6c217854f4174ce884dfb2b2dcc13c45,shadow_fp32,curvature/e_sym_gradient,e_sym,gradient,1512,0.6,1.7328167665597539e-06,hvp-shadow-fp32-ieee-v1,torch.float32
d12-s7,12,7,d12-s7-s0-6c217854f4174ce884dfb2b2dcc13c45,shadow_fp32,curvature/e_lin_gradient,e_lin,gradient,1512,0.6,4.444118368718956e-07,hvp-shadow-fp32-ieee-v1,torch.float32
d12-s7,12,7,d12-s7-s0-6c217854f4174ce884dfb2b2dcc13c45,shadow_fp32,curvature/verdict_code_gradient,verdict_code,gradient,1512,0.6,0.0,hvp-shadow-fp32-ieee-v1,torch.float32
d12-s7,12,7,d12-s7-s0-6c217854f4174ce884dfb2b2dcc13c45,shadow_fp32,curvature/e_sym_update,e_sym,update,1512,0.6,3.4131718380158525e-06,hvp-shadow-fp32-ieee-v1,torch.float32
d12-s7,12,7,d12-s7-s0-6c217854f4174ce884dfb2b2dcc13c45,shadow_fp32,curvature/e_lin_update,e_lin,update,1512,0.6,7.06588221095392e-07,hvp-shadow-fp32-ieee-v1,torch.float32
d12-s7,12,7,d12-s7-s0-6c217854f4174ce884dfb2b2dcc13c45,shadow_fp32,curvature/verdict_code_update,verdict_code,update,1512,0.6,1.0,hvp-shadow-fp32-ieee-v1,torch.float32
d12-s7,12,7,d12-s7-s0-6c217854f4174ce884dfb2b2dcc13c45,native,curvature/e_sym_random,e_sym,random,1512,0.6,0.013014574495273138,,torch.bfloat16
d12-s7,12,7,d12-s7-s0-6c217854f4174ce884dfb2b2dcc13c45,native,curvature/e_lin_random,e_lin,random,1512,0.6,0.0087082166176807,,torch.bfloat16
d12-s7,12,7,d12-s7-s0-6c217854f4174ce884dfb2b2dcc13c45,native,curvature/verdict_code_random,verdict_code,random,1512,0.6,2.0,,torch.bfloat16
d12-s7,12,7,d12-s7-s0-6c217854f4174ce884dfb2b2dcc13c45,native,curvature/e_sym_gradient,e_sym,gradient,1512,0.6,0.00675218049857136,,torch.bfloat16
d12-s7,12,7,d12-s7-s0-6c217854f4174ce884dfb2b2dcc13c45,native,curvature/e_lin_gradient,e_lin,gradient,1512,0.6,0.004790375931108983,,torch.bfloat16
d12-s7,12,7,d12-s7-s0-6c217854f4174ce884dfb2b2dcc13c45,native,curvature/verdict_code_gradient,verdict_code,gradient,1512,0.6,2.0,,torch.bfloat16
d12-s7,12,7,d12-s7-s0-6c217854f4174ce884dfb2b2dcc13c45,native,curvature/e_sym_update,e_sym,update,1512,0.6,0.06807997717461685,,torch.bfloat16
d12-s7,12,7,d12-s7-s0-6c217854f4174ce884dfb2b2dcc13c45,native,curvature/e_lin_update,e_lin,update,1512,0.6,0.009806084985050987,,torch.bfloat16
d12-s7,12,7,d12-s7-s0-6c217854f4174ce884dfb2b2dcc13c45,native,curvature/verdict_code_update,verdict_code,update,1512,0.6,2.0,,torch.bfloat16
d12-s7,12,7,d12-s7-s0-6c217854f4174ce884dfb2b2dcc13c45,shadow_fp32,curvature/e_sym_random,e_sym,random,1638,0.65,7.354168006968258e-07,hvp-shadow-fp32-ieee-v1,torch.float32
d12-s7,12,7,d12-s7-s0-6c217854f4174ce884dfb2b2dcc13c45,shadow_fp32,curvature/e_lin_random,e_lin,random,1638,0.65,7.502037785043132e-07,hvp-shadow-fp32-ieee-v1,torch.float32
d12-s7,12,7,d12-s7-s0-6c217854f4174ce884dfb2b2dcc13c45,shadow_fp32,curvature/verdict_code_random,verdict_code,random,1638,0.65,1.0,hvp-shadow-fp32-ieee-v1,torch.float32
d12-s7,12,7,d12-s7-s0-6c217854f4174ce884dfb2b2dcc13c45,shadow_fp32,curvature/e_sym_gradient,e_sym,gradient,1638,0.65,5.424615707186549e-07,hvp-shadow-fp32-ieee-v1,torch.float32
d12-s7,12,7,d12-s7-s0-6c217854f4174ce884dfb2b2dcc13c45,shadow_fp32,curvature/e_lin_gradient,e_lin,gradient,1638,0.65,5.231279038167255e-07,hvp-shadow-fp32-ieee-v1,torch.float32
d12-s7,12,7,d12-s7-s0-6c217854f4174ce884dfb2b2dcc13c45,shadow_fp32,curvature/verdict_code_gradient,verdict_code,gradient,1638,0.65,0.0,hvp-shadow-fp32-ieee-v1,torch.float32
d12-s7,12,7,d12-s7-s0-6c217854f4174ce884dfb2b2dcc13c45,shadow_fp32,curvature/e_sym_update,e_sym,update,1638,0.65,5.824551909683238e-07,hvp-shadow-fp32-ieee-v1,torch.float32
d12-s7,12,7,d12-s7-s0-6c217854f4174ce884dfb2b2dcc13c45,shadow_fp32,curvature/e_lin_update,e_lin,update,1638,0.65,7.432509505671406e-07,hvp-shadow-fp32-ieee-v1,torch.float32
d12-s7,12,7,d12-s7-s0-6c217854f4174ce884dfb2b2dcc13c45,shadow_fp32,curvature/verdict_code_update,verdict_code,update,1638,0.65,1.0,hvp-shadow-fp32-ieee-v1,torch.float32
d12-s7,12,7,d12-s7-s0-6c217854f4174ce884dfb2b2dcc13c45,native,curvature/e_sym_random,e_sym,random,1638,0.65,0.015002845869311679,,torch.bfloat16
d12-s7,12,7,d12-s7-s0-6c217854f4174ce884dfb2b2dcc13c45,native,curvature/e_lin_random,e_lin,random,1638,0.65,0.010088027964928402,,torch.bfloat16
d12-s7,12,7,d12-s7-s0-6c217854f4174ce884dfb2b2dcc13c45,native,curvature/verdict_code_random,verdict_code,random,1638,0.65,2.0,,torch.bfloat16
d12-s7,12,7,d12-s7-s0-6c217854f4174ce884dfb2b2dcc13c45,native,curvature/e_sym_gradient,e_sym,gradient,1638,0.65,0.004671273591250611,,torch.bfloat16
d12-s7,12,7,d12-s7-s0-6c217854f4174ce884dfb2b2dcc13c45,native,curvature/e_lin_gradient,e_lin,gradient,1638,0.65,0.005318914208329605,,torch.bfloat16
d12-s7,12,7,d12-s7-s0-6c217854f4174ce884dfb2b2dcc13c45,native,curvature/verdict_code_gradient,verdict_code,gradient,1638,0.65,2.0,,torch.bfloat16
d12-s7,12,7,d12-s7-s0-6c217854f4174ce884dfb2b2dcc13c45,native,curvature/e_sym_update,e_sym,update,1638,0.65,0.00540430405331535,,torch.bfloat16
d12-s7,12,7,d12-s7-s0-6c217854f4174ce884dfb2b2dcc13c45,native,curvature/e_lin_update,e_lin,update,1638,0.65,0.009263640730082257,,torch.bfloat16
d12-s7,12,7,d12-s7-s0-6c217854f4174ce884dfb2b2dcc13c45,native,curvature/verdict_code_update,verdict_code,update,1638,0.65,2.0,,torch.bfloat16
d12-s7,12,7,d12-s7-s0-6c217854f4174ce884dfb2b2dcc13c45,shadow_fp32,curvature/e_sym_random,e_sym,random,1764,0.7,1.4507054439821261e-06,hvp-shadow-fp32-ieee-v1,torch.float32
d12-s7,12,7,d12-s7-s0-6c217854f4174ce884dfb2b2dcc13c45,shadow_fp32,curvature/e_lin_random,e_lin,random,1764,0.7,7.179458869903542e-07,hvp-shadow-fp32-ieee-v1,torch.float32
d12-s7,12,7,d12-s7-s0-6c217854f4174ce884dfb2b2dcc13c45,shadow_fp32,curvature/verdict_code_random,verdict_code,random,1764,0.7,1.0,hvp-shadow-fp32-ieee-v1,torch.float32
d12-s7,12,7,d12-s7-s0-6c217854f4174ce884dfb2b2dcc13c45,shadow_fp32,curvature/e_sym_gradient,e_sym,gradient,1764,0.7,6.539933035074204e-06,hvp-shadow-fp32-ieee-v1,torch.float32
d12-s7,12,7,d12-s7-s0-6c217854f4174ce884dfb2b2dcc13c45,shadow_fp32,curvature/e_lin_gradient,e_lin,gradient,1764,0.7,4.954781072352567e-07,hvp-shadow-fp32-ieee-v1,torch.float32
d12-s7,12,7,d12-s7-s0-6c217854f4174ce884dfb2b2dcc13c45,shadow_fp32,curvature/verdict_code_gradient,verdict_code,gradient,1764,0.7,0.0,hvp-shadow-fp32-ieee-v1,torch.float32
d12-s7,12,7,d12-s7-s0-6c217854f4174ce884dfb2b2dcc13c45,shadow_fp32,curvature/e_sym_update,e_sym,update,1764,0.7,1.4273058468916768e-06,hvp-shadow-fp32-ieee-v1,torch.float32
d12-s7,12,7,d12-s7-s0-6c217854f4174ce884dfb2b2dcc13c45,shadow_fp32,curvature/e_lin_update,e_lin,update,1764,0.7,7.093214561243534e-07,hvp-shadow-fp32-ieee-v1,torch.float32
d12-s7,12,7,d12-s7-s0-6c217854f4174ce884dfb2b2dcc13c45,shadow_fp32,curvature/verdict_code_update,verdict_code,update,1764,0.7,1.0,hvp-shadow-fp32-ieee-v1,torch.float32
d12-s7,12,7,d12-s7-s0-6c217854f4174ce884dfb2b2dcc13c45,native,curvature/e_sym_random,e_sym,random,1764,0.7,0.024032453552065607,,torch.bfloat16
d12-s7,12,7,d12-s7-s0-6c217854f4174ce884dfb2b2dcc13c45,native,curvature/e_lin_random,e_lin,random,1764,0.7,0.009383562717025125,,torch.bfloat16
d12-s7,12,7,d12-s7-s0-6c217854f4174ce884dfb2b2dcc13c45,native,curvature/verdict_code_random,verdict_code,random,1764,0.7,2.0,,torch.bfloat16
d12-s7,12,7,d12-s7-s0-6c217854f4174ce884dfb2b2dcc13c45,native,curvature/e_sym_gradient,e_sym,gradient,1764,0.7,0.016373010671283723,,torch.bfloat16
d12-s7,12,7,d12-s7-s0-6c217854f4174ce884dfb2b2dcc13c45,native,curvature/e_lin_gradient,e_lin,gradient,1764,0.7,0.00489575056713341,,torch.bfloat16
d12-s7,12,7,d12-s7-s0-6c217854f4174ce884dfb2b2dcc13c45,native,curvature/verdict_code_gradient,verdict_code,gradient,1764,0.7,2.0,,torch.bfloat16
d12-s7,12,7,d12-s7-s0-6c217854f4174ce884dfb2b2dcc13c45,native,curvature/e_sym_update,e_sym,update,1764,0.7,0.00019353125384049703,,torch.bfloat16
d12-s7,12,7,d12-s7-s0-6c217854f4174ce884dfb2b2dcc13c45,native,curvature/e_lin_update,e_lin,update,1764,0.7,0.009141688152009797,,torch.bfloat16
d12-s7,12,7,d12-s7-s0-6c217854f4174ce884dfb2b2dcc13c45,native,curvature/verdict_code_update,verdict_code,update,1764,0.7,2.0,,torch.bfloat16
d12-s7,12,7,d12-s7-s0-6c217854f4174ce884dfb2b2dcc13c45,shadow_fp32,curvature/e_sym_random,e_sym,random,1890,0.75,2.3665934689248835e-08,hvp-shadow-fp32-ieee-v1,torch.float32
d12-s7,12,7,d12-s7-s0-6c217854f4174ce884dfb2b2dcc13c45,shadow_fp32,curvature/e_lin_random,e_lin,random,1890,0.75,8.129018497772968e-07,hvp-shadow-fp32-ieee-v1,torch.float32
d12-s7,12,7,d12-s7-s0-6c217854f4174ce884dfb2b2dcc13c45,shadow_fp32,curvature/verdict_code_random,verdict_code,random,1890,0.75,1.0,hvp-shadow-fp32-ieee-v1,torch.float32
d12-s7,12,7,d12-s7-s0-6c217854f4174ce884dfb2b2dcc13c45,shadow_fp32,curvature/e_sym_gradient,e_sym,gradient,1890,0.75,1.3285849178811297e-06,hvp-shadow-fp32-ieee-v1,torch.float32
d12-s7,12,7,d12-s7-s0-6c217854f4174ce884dfb2b2dcc13c45,shadow_fp32,curvature/e_lin_gradient,e_lin,gradient,1890,0.75,4.919603304751163e-07,hvp-shadow-fp32-ieee-v1,torch.float32
d12-s7,12,7,d12-s7-s0-6c217854f4174ce884dfb2b2dcc13c45,shadow_fp32,curvature/verdict_code_gradient,verdict_code,gradient,1890,0.75,0.0,hvp-shadow-fp32-ieee-v1,torch.float32
d12-s7,12,7,d12-s7-s0-6c217854f4174ce884dfb2b2dcc13c45,shadow_fp32,curvature/e_sym_update,e_sym,update,1890,0.75,5.291842432679421e-08,hvp-shadow-fp32-ieee-v1,torch.float32
d12-s7,12,7,d12-s7-s0-6c217854f4174ce884dfb2b2dcc13c45,shadow_fp32,curvature/e_lin_update,e_lin,update,1890,0.75,8.327124094893589e-07,hvp-shadow-fp32-ieee-v1,torch.float32
d12-s7,12,7,d12-s7-s0-6c217854f4174ce884dfb2b2dcc13c45,shadow_fp32,curvature/verdict_code_update,verdict_code,update,1890,0.75,1.0,hvp-shadow-fp32-ieee-v1,torch.float32
d12-s7,12,7,d12-s7-s0-6c217854f4174ce884dfb2b2dcc13c45,native,curvature/e_sym_random,e_sym,random,1890,0.75,0.015516638232656093,,torch.bfloat16
d12-s7,12,7,d12-s7-s0-6c217854f4174ce884dfb2b2dcc13c45,native,curvature/e_lin_random,e_lin,random,1890,0.75,0.010191029734483287,,torch.bfloat16
d12-s7,12,7,d12-s7-s0-6c217854f4174ce884dfb2b2dcc13c45,native,curvature/verdict_code_random,verdict_code,random,1890,0.75,2.0,,torch.bfloat16
d12-s7,12,7,d12-s7-s0-6c217854f4174ce884dfb2b2dcc13c45,native,curvature/e_sym_gradient,e_sym,gradient,1890,0.75,0.031592922723236064,,torch.bfloat16
d12-s7,12,7,d12-s7-s0-6c217854f4174ce884dfb2b2dcc13c45,native,curvature/e_lin_gradient,e_lin,gradient,1890,0.75,0.005155004469591511,,torch.bfloat16
d12-s7,12,7,d12-s7-s0-6c217854f4174ce884dfb2b2dcc13c45,native,curvature/verdict_code_gradient,verdict_code,gradient,1890,0.75,2.0,,torch.bfloat16
d12-s7,12,7,d12-s7-s0-6c217854f4174ce884dfb2b2dcc13c45,native,curvature/e_sym_update,e_sym,update,1890,0.75,0.012581840235060886,,torch.bfloat16
d12-s7,12,7,d12-s7-s0-6c217854f4174ce884dfb2b2dcc13c45,native,curvature/e_lin_update,e_lin,update,1890,0.75,0.010081780816412228,,torch.bfloat16
d12-s7,12,7,d12-s7-s0-6c217854f4174ce884dfb2b2dcc13c45,native,curvature/verdict_code_update,verdict_code,update,1890,0.75,2.0,,torch.bfloat16
d12-s7,12,7,d12-s7-s0-6c217854f4174ce884dfb2b2dcc13c45,shadow_fp32,curvature/e_sym_random,e_sym,random,2016,0.8,2.986555448653542e-07,hvp-shadow-fp32-ieee-v1,torch.float32
d12-s7,12,7,d12-s7-s0-6c217854f4174ce884dfb2b2dcc13c45,shadow_fp32,curvature/e_lin_random,e_lin,random,2016,0.8,7.603322195234947e-07,hvp-shadow-fp32-ieee-v1,torch.float32
d12-s7,12,7,d12-s7-s0-6c217854f4174ce884dfb2b2dcc13c45,shadow_fp32,curvature/verdict_code_random,verdict_code,random,2016,0.8,1.0,hvp-shadow-fp32-ieee-v1,torch.float32
d12-s7,12,7,d12-s7-s0-6c217854f4174ce884dfb2b2dcc13c45,shadow_fp32,curvature/e_sym_gradient,e_sym,gradient,2016,0.8,8.936075200913504e-07,hvp-shadow-fp32-ieee-v1,torch.float32
d12-s7,12,7,d12-s7-s0-6c217854f4174ce884dfb2b2dcc13c45,shadow_fp32,curvature/e_lin_gradient,e_lin,gradient,2016,0.8,4.874692540000866e-07,hvp-shadow-fp32-ieee-v1,torch.float32
d12-s7,12,7,d12-s7-s0-6c217854f4174ce884dfb2b2dcc13c45,shadow_fp32,curvature/verdict_code_gradient,verdict_code,gradient,2016,0.8,0.0,hvp-shadow-fp32-ieee-v1,torch.float32
d12-s7,12,7,d12-s7-s0-6c217854f4174ce884dfb2b2dcc13c45,shadow_fp32,curvature/e_sym_update,e_sym,update,2016,0.8,8.931999243160106e-07,hvp-shadow-fp32-ieee-v1,torch.float32
d12-s7,12,7,d12-s7-s0-6c217854f4174ce884dfb2b2dcc13c45,shadow_fp32,curvature/e_lin_update,e_lin,update,2016,0.8,7.782404427533579e-07,hvp-shadow-fp32-ieee-v1,torch.float32
d12-s7,12,7,d12-s7-s0-6c217854f4174ce884dfb2b2dcc13c45,shadow_fp32,curvature/verdict_code_update,verdict_code,update,2016,0.8,1.0,hvp-shadow-fp32-ieee-v1,torch.float32
d12-s7,12,7,d12-s7-s0-6c217854f4174ce884dfb2b2dcc13c45,native,curvature/e_sym_random,e_sym,random,2016,0.8,0.004488268175502718,,torch.bfloat16
d12-s7,12,7,d12-s7-s0-6c217854f4174ce884dfb2b2dcc13c45,native,curvature/e_lin_random,e_lin,random,2016,0.8,0.010363670041658366,,torch.bfloat16
d12-s7,12,7,d12-s7-s0-6c217854f4174ce884dfb2b2dcc13c45,native,curvature/verdict_code_random,verdict_code,random,2016,0.8,2.0,,torch.bfloat16
d12-s7,12,7,d12-s7-s0-6c217854f4174ce884dfb2b2dcc13c45,native,curvature/e_sym_gradient,e_sym,gradient,2016,0.8,0.0061145848004261994,,torch.bfloat16
d12-s7,12,7,d12-s7-s0-6c217854f4174ce884dfb2b2dcc13c45,native,curvature/e_lin_gradient,e_lin,gradient,2016,0.8,0.005081652456400813,,torch.bfloat16
d12-s7,12,7,d12-s7-s0-6c217854f4174ce884dfb2b2dcc13c45,native,curvature/verdict_code_gradient,verdict_code,gradient,2016,0.8,2.0,,torch.bfloat16
d12-s7,12,7,d12-s7-s0-6c217854f4174ce884dfb2b2dcc13c45,native,curvature/e_sym_update,e_sym,update,2016,0.8,0.019324847821278923,,torch.bfloat16
d12-s7,12,7,d12-s7-s0-6c217854f4174ce884dfb2b2dcc13c45,native,curvature/e_lin_update,e_lin,update,2016,0.8,0.010095887205625901,,torch.bfloat16
d12-s7,12,7,d12-s7-s0-6c217854f4174ce884dfb2b2dcc13c45,native,curvature/verdict_code_update,verdict_code,update,2016,0.8,2.0,,torch.bfloat16
d12-s7,12,7,d12-s7-s0-6c217854f4174ce884dfb2b2dcc13c45,shadow_fp32,curvature/e_sym_random,e_sym,random,2142,0.85,6.090606917024393e-06,hvp-shadow-fp32-ieee-v1,torch.float32
d12-s7,12,7,d12-s7-s0-6c217854f4174ce884dfb2b2dcc13c45,shadow_fp32,curvature/e_lin_random,e_lin,random,2142,0.85,8.414065549929407e-07,hvp-shadow-fp32-ieee-v1,torch.float32
d12-s7,12,7,d12-s7-s0-6c217854f4174ce884dfb2b2dcc13c45,shadow_fp32,curvature/verdict_code_random,verdict_code,random,2142,0.85,1.0,hvp-shadow-fp32-ieee-v1,torch.float32
d12-s7,12,7,d12-s7-s0-6c217854f4174ce884dfb2b2dcc13c45,shadow_fp32,curvature/e_sym_gradient,e_sym,gradient,2142,0.85,2.756731088748115e-06,hvp-shadow-fp32-ieee-v1,torch.float32
d12-s7,12,7,d12-s7-s0-6c217854f4174ce884dfb2b2dcc13c45,shadow_fp32,curvature/e_lin_gradient,e_lin,gradient,2142,0.85,4.784585131511306e-07,hvp-shadow-fp32-ieee-v1,torch.float32
d12-s7,12,7,d12-s7-s0-6c217854f4174ce884dfb2b2dcc13c45,shadow_fp32,curvature/verdict_code_gradient,verdict_code,gradient,2142,0.85,0.0,hvp-shadow-fp32-ieee-v1,torch.float32
d12-s7,12,7,d12-s7-s0-6c217854f4174ce884dfb2b2dcc13c45,shadow_fp32,curvature/e_sym_update,e_sym,update,2142,0.85,1.3309188353662124e-06,hvp-shadow-fp32-ieee-v1,torch.float32
d12-s7,12,7,d12-s7-s0-6c217854f4174ce884dfb2b2dcc13c45,shadow_fp32,curvature/e_lin_update,e_lin,update,2142,0.85,8.093426701895909e-07,hvp-shadow-fp32-ieee-v1,torch.float32
d12-s7,12,7,d12-s7-s0-6c217854f4174ce884dfb2b2dcc13c45,shadow_fp32,curvature/verdict_code_update,verdict_code,update,2142,0.85,1.0,hvp-shadow-fp32-ieee-v1,torch.float32
d12-s7,12,7,d12-s7-s0-6c217854f4174ce884dfb2b2dcc13c45,native,curvature/e_sym_random,e_sym,random,2142,0.85,0.028327058217413145,,torch.bfloat16
d12-s7,12,7,d12-s7-s0-6c217854f4174ce884dfb2b2dcc13c45,native,curvature/e_lin_random,e_lin,random,2142,0.85,0.011096623050761803,,torch.bfloat16
d12-s7,12,7,d12-s7-s0-6c217854f4174ce884dfb2b2dcc13c45,native,curvature/verdict_code_random,verdict_code,random,2142,0.85,2.0,,torch.bfloat16
d12-s7,12,7,d12-s7-s0-6c217854f4174ce884dfb2b2dcc13c45,native,curvature/e_sym_gradient,e_sym,gradient,2142,0.85,0.002435103397809428,,torch.bfloat16
d12-s7,12,7,d12-s7-s0-6c217854f4174ce884dfb2b2dcc13c45,native,curvature/e_lin_gradient,e_lin,gradient,2142,0.85,0.005153353587234327,,torch.bfloat16
d12-s7,12,7,d12-s7-s0-6c217854f4174ce884dfb2b2dcc13c45,native,curvature/verdict_code_gradient,verdict_code,gradient,2142,0.85,2.0,,torch.bfloat16
d12-s7,12,7,d12-s7-s0-6c217854f4174ce884dfb2b2dcc13c45,native,curvature/e_sym_update,e_sym,update,2142,0.85,0.015220347551049127,,torch.bfloat16
d12-s7,12,7,d12-s7-s0-6c217854f4174ce884dfb2b2dcc13c45,native,curvature/e_lin_update,e_lin,update,2142,0.85,0.010583084784744944,,torch.bfloat16
d12-s7,12,7,d12-s7-s0-6c217854f4174ce884dfb2b2dcc13c45,native,curvature/verdict_code_update,verdict_code,update,2142,0.85,2.0,,torch.bfloat16
d12-s7,12,7,d12-s7-s0-6c217854f4174ce884dfb2b2dcc13c45,shadow_fp32,curvature/e_sym_random,e_sym,random,2268,0.9,8.4593565090252e-07,hvp-shadow-fp32-ieee-v1,torch.float32
d12-s7,12,7,d12-s7-s0-6c217854f4174ce884dfb2b2dcc13c45,shadow_fp32,curvature/e_lin_random,e_lin,random,2268,0.9,8.573648464024951e-07,hvp-shadow-fp32-ieee-v1,torch.float32
d12-s7,12,7,d12-s7-s0-6c217854f4174ce884dfb2b2dcc13c45,shadow_fp32,curvature/verdict_code_random,verdict_code,random,2268,0.9,1.0,hvp-shadow-fp32-ieee-v1,torch.float32
d12-s7,12,7,d12-s7-s0-6c217854f4174ce884dfb2b2dcc13c45,shadow_fp32,curvature/e_sym_gradient,e_sym,gradient,2268,0.9,5.100617367425774e-06,hvp-shadow-fp32-ieee-v1,torch.float32
d12-s7,12,7,d12-s7-s0-6c217854f4174ce884dfb2b2dcc13c45,shadow_fp32,curvature/e_lin_gradient,e_lin,gradient,2268,0.9,5.215231024939181e-07,hvp-shadow-fp32-ieee-v1,torch.float32
d12-s7,12,7,d12-s7-s0-6c217854f4174ce884dfb2b2dcc13c45,shadow_fp32,curvature/verdict_code_gradient,verdict_code,gradient,2268,0.9,0.0,hvp-shadow-fp32-ieee-v1,torch.float32
d12-s7,12,7,d12-s7-s0-6c217854f4174ce884dfb2b2dcc13c45,shadow_fp32,curvature/e_sym_update,e_sym,update,2268,0.9,5.679054711955971e-07,hvp-shadow-fp32-ieee-v1,torch.float32
d12-s7,12,7,d12-s7-s0-6c217854f4174ce884dfb2b2dcc13c45,shadow_fp32,curvature/e_lin_update,e_lin,update,2268,0.9,8.409237489148044e-07,hvp-shadow-fp32-ieee-v1,torch.float32
d12-s7,12,7,d12-s7-s0-6c217854f4174ce884dfb2b2dcc13c45,shadow_fp32,curvature/verdict_code_update,verdict_code,update,2268,0.9,1.0,hvp-shadow-fp32-ieee-v1,torch.float32
d12-s7,12,7,d12-s7-s0-6c217854f4174ce884dfb2b2dcc13c45,native,curvature/e_sym_random,e_sym,random,2268,0.9,0.0033682329260304065,,torch.bfloat16
d12-s7,12,7,d12-s7-s0-6c217854f4174ce884dfb2b2dcc13c45,native,curvature/e_lin_random,e_lin,random,2268,0.9,0.010860583589173108,,torch.bfloat16
d12-s7,12,7,d12-s7-s0-6c217854f4174ce884dfb2b2dcc13c45,native,curvature/verdict_code_random,verdict_code,random,2268,0.9,2.0,,torch.bfloat16
d12-s7,12,7,d12-s7-s0-6c217854f4174ce884dfb2b2dcc13c45,native,curvature/e_sym_gradient,e_sym,gradient,2268,0.9,0.03196871044288286,,torch.bfloat16
d12-s7,12,7,d12-s7-s0-6c217854f4174ce884dfb2b2dcc13c45,native,curvature/e_lin_gradient,e_lin,gradient,2268,0.9,0.005230873385233274,,torch.bfloat16
d12-s7,12,7,d12-s7-s0-6c217854f4174ce884dfb2b2dcc13c45,native,curvature/verdict_code_gradient,verdict_code,gradient,2268,0.9,2.0,,torch.bfloat16
d12-s7,12,7,d12-s7-s0-6c217854f4174ce884dfb2b2dcc13c45,native,curvature/e_sym_update,e_sym,update,2268,0.9,0.00031602009549958206,,torch.bfloat16
d12-s7,12,7,d12-s7-s0-6c217854f4174ce884dfb2b2dcc13c45,native,curvature/e_lin_update,e_lin,update,2268,0.9,0.010821383588065578,,torch.bfloat16
d12-s7,12,7,d12-s7-s0-6c217854f4174ce884dfb2b2dcc13c45,native,curvature/verdict_code_update,verdict_code,update,2268,0.9,2.0,,torch.bfloat16
d12-s7,12,7,d12-s7-s0-6c217854f4174ce884dfb2b2dcc13c45,shadow_fp32,curvature/e_sym_random,e_sym,random,2394,0.95,1.2685433289289576e-06,hvp-shadow-fp32-ieee-v1,torch.float32
d12-s7,12,7,d12-s7-s0-6c217854f4174ce884dfb2b2dcc13c45,shadow_fp32,curvature/e_lin_random,e_lin,random,2394,0.95,8.145093512166518e-07,hvp-shadow-fp32-ieee-v1,torch.float32
d12-s7,12,7,d12-s7-s0-6c217854f4174ce884dfb2b2dcc13c45,shadow_fp32,curvature/verdict_code_random,verdict_code,random,2394,0.95,1.0,hvp-shadow-fp32-ieee-v1,torch.float32
d12-s7,12,7,d12-s7-s0-6c217854f4174ce884dfb2b2dcc13c45,shadow_fp32,curvature/e_sym_gradient,e_sym,gradient,2394,0.95,1.8008435078254763e-05,hvp-shadow-fp32-ieee-v1,torch.float32
d12-s7,12,7,d12-s7-s0-6c217854f4174ce884dfb2b2dcc13c45,shadow_fp32,curvature/e_lin_gradient,e_lin,gradient,2394,0.95,5.185061433651825e-07,hvp-shadow-fp32-ieee-v1,torch.float32
d12-s7,12,7,d12-s7-s0-6c217854f4174ce884dfb2b2dcc13c45,shadow_fp32,curvature/verdict_code_gradient,verdict_code,gradient,2394,0.95,0.0,hvp-shadow-fp32-ieee-v1,torch.float32
d12-s7,12,7,d12-s7-s0-6c217854f4174ce884dfb2b2dcc13c45,shadow_fp32,curvature/e_sym_update,e_sym,update,2394,0.95,6.188090034513236e-06,hvp-shadow-fp32-ieee-v1,torch.float32
d12-s7,12,7,d12-s7-s0-6c217854f4174ce884dfb2b2dcc13c45,shadow_fp32,curvature/e_lin_update,e_lin,update,2394,0.95,8.210444424221643e-07,hvp-shadow-fp32-ieee-v1,torch.float32
d12-s7,12,7,d12-s7-s0-6c217854f4174ce884dfb2b2dcc13c45,shadow_fp32,curvature/verdict_code_update,verdict_code,update,2394,0.95,1.0,hvp-shadow-fp32-ieee-v1,torch.float32
d12-s7,12,7,d12-s7-s0-6c217854f4174ce884dfb2b2dcc13c45,native,curvature/e_sym_random,e_sym,random,2394,0.95,0.00400382458098644,,torch.bfloat16
d12-s7,12,7,d12-s7-s0-6c217854f4174ce884dfb2b2dcc13c45,native,curvature/e_lin_random,e_lin,random,2394,0.95,0.0108725991935563,,torch.bfloat16
d12-s7,12,7,d12-s7-s0-6c217854f4174ce884dfb2b2dcc13c45,native,curvature/verdict_code_random,verdict_code,random,2394,0.95,2.0,,torch.bfloat16
d12-s7,12,7,d12-s7-s0-6c217854f4174ce884dfb2b2dcc13c45,native,curvature/e_sym_gradient,e_sym,gradient,2394,0.95,0.013758733126620059,,torch.bfloat16
d12-s7,12,7,d12-s7-s0-6c217854f4174ce884dfb2b2dcc13c45,native,curvature/e_lin_gradient,e_lin,gradient,2394,0.95,0.005424711060795712,,torch.bfloat16
d12-s7,12,7,d12-s7-s0-6c217854f4174ce884dfb2b2dcc13c45,native,curvature/verdict_code_gradient,verdict_code,gradient,2394,0.95,2.0,,torch.bfloat16
d12-s7,12,7,d12-s7-s0-6c217854f4174ce884dfb2b2dcc13c45,native,curvature/e_sym_update,e_sym,update,2394,0.95,0.048719424374303,,torch.bfloat16
d12-s7,12,7,d12-s7-s0-6c217854f4174ce884dfb2b2dcc13c45,native,curvature/e_lin_update,e_lin,update,2394,0.95,0.010686325586111284,,torch.bfloat16
d12-s7,12,7,d12-s7-s0-6c217854f4174ce884dfb2b2dcc13c45,native,curvature/verdict_code_update,verdict_code,update,2394,0.95,2.0,,torch.bfloat16
d12-s7,12,7,d12-s7-s0-6c217854f4174ce884dfb2b2dcc13c45,shadow_fp32,curvature/e_sym_random,e_sym,random,2520,1.0,9.605597170591017e-08,hvp-shadow-fp32-ieee-v1,torch.float32
d12-s7,12,7,d12-s7-s0-6c217854f4174ce884dfb2b2dcc13c45,shadow_fp32,curvature/e_lin_random,e_lin,random,2520,1.0,8.50833990817008e-07,hvp-shadow-fp32-ieee-v1,torch.float32
d12-s7,12,7,d12-s7-s0-6c217854f4174ce884dfb2b2dcc13c45,shadow_fp32,curvature/verdict_code_random,verdict_code,random,2520,1.0,1.0,hvp-shadow-fp32-ieee-v1,torch.float32
d12-s7,12,7,d12-s7-s0-6c217854f4174ce884dfb2b2dcc13c45,shadow_fp32,curvature/e_sym_gradient,e_sym,gradient,2520,1.0,1.1189353601891219e-06,hvp-shadow-fp32-ieee-v1,torch.float32
d12-s7,12,7,d12-s7-s0-6c217854f4174ce884dfb2b2dcc13c45,shadow_fp32,curvature/e_lin_gradient,e_lin,gradient,2520,1.0,5.020128127208793e-07,hvp-shadow-fp32-ieee-v1,torch.float32
d12-s7,12,7,d12-s7-s0-6c217854f4174ce884dfb2b2dcc13c45,shadow_fp32,curvature/verdict_code_gradient,verdict_code,gradient,2520,1.0,0.0,hvp-shadow-fp32-ieee-v1,torch.float32
d12-s7,12,7,d12-s7-s0-6c217854f4174ce884dfb2b2dcc13c45,shadow_fp32,curvature/e_sym_update,e_sym,update,2520,1.0,1.044635270909616e-06,hvp-shadow-fp32-ieee-v1,torch.float32
d12-s7,12,7,d12-s7-s0-6c217854f4174ce884dfb2b2dcc13c45,shadow_fp32,curvature/e_lin_update,e_lin,update,2520,1.0,7.675672520629546e-07,hvp-shadow-fp32-ieee-v1,torch.float32
d12-s7,12,7,d12-s7-s0-6c217854f4174ce884dfb2b2dcc13c45,shadow_fp32,curvature/verdict_code_update,verdict_code,update,2520,1.0,1.0,hvp-shadow-fp32-ieee-v1,torch.float32
d12-s7,12,7,d12-s7-s0-6c217854f4174ce884dfb2b2dcc13c45,native,curvature/e_sym_random,e_sym,random,2520,1.0,0.016797125818297606,,torch.bfloat16
d12-s7,12,7,d12-s7-s0-6c217854f4174ce884dfb2b2dcc13c45,native,curvature/e_lin_random,e_lin,random,2520,1.0,0.011344428834640022,,torch.bfloat16
d12-s7,12,7,d12-s7-s0-6c217854f4174ce884dfb2b2dcc13c45,native,curvature/verdict_code_random,verdict_code,random,2520,1.0,2.0,,torch.bfloat16
d12-s7,12,7,d12-s7-s0-6c217854f4174ce884dfb2b2dcc13c45,native,curvature/e_sym_gradient,e_sym,gradient,2520,1.0,0.0075741291983023,,torch.bfloat16
d12-s7,12,7,d12-s7-s0-6c217854f4174ce884dfb2b2dcc13c45,native,curvature/e_lin_gradient,e_lin,gradient,2520,1.0,0.005782774020295642,,torch.bfloat16
d12-s7,12,7,d12-s7-s0-6c217854f4174ce884dfb2b2dcc13c45,native,curvature/verdict_code_gradient,verdict_code,gradient,2520,1.0,2.0,,torch.bfloat16
d12-s7,12,7,d12-s7-s0-6c217854f4174ce884dfb2b2dcc13c45,native,curvature/e_sym_update,e_sym,update,2520,1.0,0.011382060663333944,,torch.bfloat16
d12-s7,12,7,d12-s7-s0-6c217854f4174ce884dfb2b2dcc13c45,native,curvature/e_lin_update,e_lin,update,2520,1.0,0.010419353058665757,,torch.bfloat16
d12-s7,12,7,d12-s7-s0-6c217854f4174ce884dfb2b2dcc13c45,native,curvature/verdict_code_update,verdict_code,update,2520,1.0,2.0,,torch.bfloat16
d12-s8,12,8,d12-s8-s0-2b2e72e4395440029b92226213d137bb,shadow_fp32,curvature/e_sym_random,e_sym,random,1,0.0003968253968253968,3.392387440343312e-07,hvp-shadow-fp32-ieee-v1,torch.float32
d12-s8,12,8,d12-s8-s0-2b2e72e4395440029b92226213d137bb,shadow_fp32,curvature/e_lin_random,e_lin,random,1,0.0003968253968253968,8.15114731722544e-07,hvp-shadow-fp32-ieee-v1,torch.float32
d12-s8,12,8,d12-s8-s0-2b2e72e4395440029b92226213d137bb,shadow_fp32,curvature/verdict_code_random,verdict_code,random,1,0.0003968253968253968,1.0,hvp-shadow-fp32-ieee-v1,torch.float32
d12-s8,12,8,d12-s8-s0-2b2e72e4395440029b92226213d137bb,shadow_fp32,curvature/e_sym_gradient,e_sym,gradient,1,0.0003968253968253968,1.218700352167832e-05,hvp-shadow-fp32-ieee-v1,torch.float32
d12-s8,12,8,d12-s8-s0-2b2e72e4395440029b92226213d137bb,shadow_fp32,curvature/e_lin_gradient,e_lin,gradient,1,0.0003968253968253968,1.938626240082693e-05,hvp-shadow-fp32-ieee-v1,torch.float32
d12-s8,12,8,d12-s8-s0-2b2e72e4395440029b92226213d137bb,shadow_fp32,curvature/verdict_code_gradient,verdict_code,gradient,1,0.0003968253968253968,1.0,hvp-shadow-fp32-ieee-v1,torch.float32
d12-s8,12,8,d12-s8-s0-2b2e72e4395440029b92226213d137bb,shadow_fp32,curvature/e_sym_update,e_sym,update,1,0.0003968253968253968,5.723421120639787e-06,hvp-shadow-fp32-ieee-v1,torch.float32
d12-s8,12,8,d12-s8-s0-2b2e72e4395440029b92226213d137bb,shadow_fp32,curvature/e_lin_update,e_lin,update,1,0.0003968253968253968,7.527968803786922e-07,hvp-shadow-fp32-ieee-v1,torch.float32
d12-s8,12,8,d12-s8-s0-2b2e72e4395440029b92226213d137bb,shadow_fp32,curvature/verdict_code_update,verdict_code,update,1,0.0003968253968253968,1.0,hvp-shadow-fp32-ieee-v1,torch.float32
d12-s8,12,8,d12-s8-s0-2b2e72e4395440029b92226213d137bb,native,curvature/e_sym_random,e_sym,random,1,0.0003968253968253968,0.039575962759509246,,torch.bfloat16
d12-s8,12,8,d12-s8-s0-2b2e72e4395440029b92226213d137bb,native,curvature/e_lin_random,e_lin,random,1,0.0003968253968253968,0.012079151272792962,,torch.bfloat16
d12-s8,12,8,d12-s8-s0-2b2e72e4395440029b92226213d137bb,native,curvature/verdict_code_random,verdict_code,random,1,0.0003968253968253968,2.0,,torch.bfloat16
d12-s8,12,8,d12-s8-s0-2b2e72e4395440029b92226213d137bb,native,curvature/e_sym_gradient,e_sym,gradient,1,0.0003968253968253968,0.015461713351272303,,torch.bfloat16
d12-s8,12,8,d12-s8-s0-2b2e72e4395440029b92226213d137bb,native,curvature/e_lin_gradient,e_lin,gradient,1,0.0003968253968253968,0.0075810077343696405,,torch.bfloat16
d12-s8,12,8,d12-s8-s0-2b2e72e4395440029b92226213d137bb,native,curvature/verdict_code_gradient,verdict_code,gradient,1,0.0003968253968253968,2.0,,torch.bfloat16
d12-s8,12,8,d12-s8-s0-2b2e72e4395440029b92226213d137bb,native,curvature/e_sym_update,e_sym,update,1,0.0003968253968253968,0.24894697226944631,,torch.bfloat16
d12-s8,12,8,d12-s8-s0-2b2e72e4395440029b92226213d137bb,native,curvature/e_lin_update,e_lin,update,1,0.0003968253968253968,0.024527740993578472,,torch.bfloat16
d12-s8,12,8,d12-s8-s0-2b2e72e4395440029b92226213d137bb,native,curvature/verdict_code_update,verdict_code,update,1,0.0003968253968253968,2.0,,torch.bfloat16
d12-s8,12,8,d12-s8-s0-2b2e72e4395440029b92226213d137bb,shadow_fp32,curvature/e_sym_random,e_sym,random,2,0.0007936507936507937,2.942829117012857e-07,hvp-shadow-fp32-ieee-v1,torch.float32
d12-s8,12,8,d12-s8-s0-2b2e72e4395440029b92226213d137bb,shadow_fp32,curvature/e_lin_random,e_lin,random,2,0.0007936507936507937,7.957380023751803e-07,hvp-shadow-fp32-ieee-v1,torch.float32
d12-s8,12,8,d12-s8-s0-2b2e72e4395440029b92226213d137bb,shadow_fp32,curvature/verdict_code_random,verdict_code,random,2,0.0007936507936507937,1.0,hvp-shadow-fp32-ieee-v1,torch.float32
d12-s8,12,8,d12-s8-s0-2b2e72e4395440029b92226213d137bb,shadow_fp32,curvature/e_sym_gradient,e_sym,gradient,2,0.0007936507936507937,1.4181818391923354e-05,hvp-shadow-fp32-ieee-v1,torch.float32
d12-s8,12,8,d12-s8-s0-2b2e72e4395440029b92226213d137bb,shadow_fp32,curvature/e_lin_gradient,e_lin,gradient,2,0.0007936507936507937,1.9376227020531828e-05,hvp-shadow-fp32-ieee-v1,torch.float32
d12-s8,12,8,d12-s8-s0-2b2e72e4395440029b92226213d137bb,shadow_fp32,curvature/verdict_code_gradient,verdict_code,gradient,2,0.0007936507936507937,1.0,hvp-shadow-fp32-ieee-v1,torch.float32
d12-s8,12,8,d12-s8-s0-2b2e72e4395440029b92226213d137bb,shadow_fp32,curvature/e_sym_update,e_sym,update,2,0.0007936507936507937,1.9057423813887667e-06,hvp-shadow-fp32-ieee-v1,torch.float32
d12-s8,12,8,d12-s8-s0-2b2e72e4395440029b92226213d137bb,shadow_fp32,curvature/e_lin_update,e_lin,update,2,0.0007936507936507937,7.032363486003039e-07,hvp-shadow-fp32-ieee-v1,torch.float32
d12-s8,12,8,d12-s8-s0-2b2e72e4395440029b92226213d137bb,shadow_fp32,curvature/verdict_code_update,verdict_code,update,2,0.0007936507936507937,1.0,hvp-shadow-fp32-ieee-v1,torch.float32
d12-s8,12,8,d12-s8-s0-2b2e72e4395440029b92226213d137bb,native,curvature/e_sym_random,e_sym,random,2,0.0007936507936507937,0.002074681547320453,,torch.bfloat16
d12-s8,12,8,d12-s8-s0-2b2e72e4395440029b92226213d137bb,native,curvature/e_lin_random,e_lin,random,2,0.0007936507936507937,0.011974984102847485,,torch.bfloat16
d12-s8,12,8,d12-s8-s0-2b2e72e4395440029b92226213d137bb,native,curvature/verdict_code_random,verdict_code,random,2,0.0007936507936507937,2.0,,torch.bfloat16
d12-s8,12,8,d12-s8-s0-2b2e72e4395440029b92226213d137bb,native,curvature/e_sym_gradient,e_sym,gradient,2,0.0007936507936507937,0.005823599187617008,,torch.bfloat16
d12-s8,12,8,d12-s8-s0-2b2e72e4395440029b92226213d137bb,native,curvature/e_lin_gradient,e_lin,gradient,2,0.0007936507936507937,0.006902871981244643,,torch.bfloat16
d12-s8,12,8,d12-s8-s0-2b2e72e4395440029b92226213d137bb,native,curvature/verdict_code_gradient,verdict_code,gradient,2,0.0007936507936507937,2.0,,torch.bfloat16
d12-s8,12,8,d12-s8-s0-2b2e72e4395440029b92226213d137bb,native,curvature/e_sym_update,e_sym,update,2,0.0007936507936507937,0.15959991342955981,,torch.bfloat16
d12-s8,12,8,d12-s8-s0-2b2e72e4395440029b92226213d137bb,native,curvature/e_lin_update,e_lin,update,2,0.0007936507936507937,0.022525677375438972,,torch.bfloat16
d12-s8,12,8,d12-s8-s0-2b2e72e4395440029b92226213d137bb,native,curvature/verdict_code_update,verdict_code,update,2,0.0007936507936507937,2.0,,torch.bfloat16
d12-s8,12,8,d12-s8-s0-2b2e72e4395440029b92226213d137bb,shadow_fp32,curvature/e_sym_random,e_sym,random,3,0.0011904761904761906,3.1831500664434786e-07,hvp-shadow-fp32-ieee-v1,torch.float32
d12-s8,12,8,d12-s8-s0-2b2e72e4395440029b92226213d137bb,shadow_fp32,curvature/e_lin_random,e_lin,random,3,0.0011904761904761906,7.991850627850876e-07,hvp-shadow-fp32-ieee-v1,torch.float32
d12-s8,12,8,d12-s8-s0-2b2e72e4395440029b92226213d137bb,shadow_fp32,curvature/verdict_code_random,verdict_code,random,3,0.0011904761904761906,1.0,hvp-shadow-fp32-ieee-v1,torch.float32
d12-s8,12,8,d12-s8-s0-2b2e72e4395440029b92226213d137bb,shadow_fp32,curvature/e_sym_gradient,e_sym,gradient,3,0.0011904761904761906,1.1666914494351754e-05,hvp-shadow-fp32-ieee-v1,torch.float32
d12-s8,12,8,d12-s8-s0-2b2e72e4395440029b92226213d137bb,shadow_fp32,curvature/e_lin_gradient,e_lin,gradient,3,0.0011904761904761906,1.9039550286533468e-05,hvp-shadow-fp32-ieee-v1,torch.float32
d12-s8,12,8,d12-s8-s0-2b2e72e4395440029b92226213d137bb,shadow_fp32,curvature/verdict_code_gradient,verdict_code,gradient,3,0.0011904761904761906,1.0,hvp-shadow-fp32-ieee-v1,torch.float32
d12-s8,12,8,d12-s8-s0-2b2e72e4395440029b92226213d137bb,shadow_fp32,curvature/e_sym_update,e_sym,update,3,0.0011904761904761906,2.1945143758879405e-06,hvp-shadow-fp32-ieee-v1,torch.float32
d12-s8,12,8,d12-s8-s0-2b2e72e4395440029b92226213d137bb,shadow_fp32,curvature/e_lin_update,e_lin,update,3,0.0011904761904761906,6.734190642125074e-07,hvp-shadow-fp32-ieee-v1,torch.float32
d12-s8,12,8,d12-s8-s0-2b2e72e4395440029b92226213d137bb,shadow_fp32,curvature/verdict_code_update,verdict_code,update,3,0.0011904761904761906,1.0,hvp-shadow-fp32-ieee-v1,torch.float32
d12-s8,12,8,d12-s8-s0-2b2e72e4395440029b92226213d137bb,native,curvature/e_sym_random,e_sym,random,3,0.0011904761904761906,0.005358448151212705,,torch.bfloat16
d12-s8,12,8,d12-s8-s0-2b2e72e4395440029b92226213d137bb,native,curvature/e_lin_random,e_lin,random,3,0.0011904761904761906,0.011897616384712286,,torch.bfloat16
d12-s8,12,8,d12-s8-s0-2b2e72e4395440029b92226213d137bb,native,curvature/verdict_code_random,verdict_code,random,3,0.0011904761904761906,2.0,,torch.bfloat16
d12-s8,12,8,d12-s8-s0-2b2e72e4395440029b92226213d137bb,native,curvature/e_sym_gradient,e_sym,gradient,3,0.0011904761904761906,0.010318146398104239,,torch.bfloat16
d12-s8,12,8,d12-s8-s0-2b2e72e4395440029b92226213d137bb,native,curvature/e_lin_gradient,e_lin,gradient,3,0.0011904761904761906,0.01354306845870776,,torch.bfloat16
d12-s8,12,8,d12-s8-s0-2b2e72e4395440029b92226213d137bb,native,curvature/verdict_code_gradient,verdict_code,gradient,3,0.0011904761904761906,2.0,,torch.bfloat16
d12-s8,12,8,d12-s8-s0-2b2e72e4395440029b92226213d137bb,native,curvature/e_sym_update,e_sym,update,3,0.0011904761904761906,0.11126207648087175,,torch.bfloat16
d12-s8,12,8,d12-s8-s0-2b2e72e4395440029b92226213d137bb,native,curvature/e_lin_update,e_lin,update,3,0.0011904761904761906,0.02689496586695004,,torch.bfloat16
d12-s8,12,8,d12-s8-s0-2b2e72e4395440029b92226213d137bb,native,curvature/verdict_code_update,verdict_code,update,3,0.0011904761904761906,2.0,,torch.bfloat16
d12-s8,12,8,d12-s8-s0-2b2e72e4395440029b92226213d137bb,shadow_fp32,curvature/e_sym_random,e_sym,random,5,0.001984126984126984,2.7560253675526502e-06,hvp-shadow-fp32-ieee-v1,torch.float32
d12-s8,12,8,d12-s8-s0-2b2e72e4395440029b92226213d137bb,shadow_fp32,curvature/e_lin_random,e_lin,random,5,0.001984126984126984,7.042174856452907e-07,hvp-shadow-fp32-ieee-v1,torch.float32
d12-s8,12,8,d12-s8-s0-2b2e72e4395440029b92226213d137bb,shadow_fp32,curvature/verdict_code_random,verdict_code,random,5,0.001984126984126984,1.0,hvp-shadow-fp32-ieee-v1,torch.float32
d12-s8,12,8,d12-s8-s0-2b2e72e4395440029b92226213d137bb,shadow_fp32,curvature/e_sym_gradient,e_sym,gradient,5,0.001984126984126984,4.614066493932771e-06,hvp-shadow-fp32-ieee-v1,torch.float32
d12-s8,12,8,d12-s8-s0-2b2e72e4395440029b92226213d137bb,shadow_fp32,curvature/e_lin_gradient,e_lin,gradient,5,0.001984126984126984,1.7062595237206825e-05,hvp-shadow-fp32-ieee-v1,torch.float32
d12-s8,12,8,d12-s8-s0-2b2e72e4395440029b92226213d137bb,shadow_fp32,curvature/verdict_code_gradient,verdict_code,gradient,5,0.001984126984126984,1.0,hvp-shadow-fp32-ieee-v1,torch.float32
d12-s8,12,8,d12-s8-s0-2b2e72e4395440029b92226213d137bb,shadow_fp32,curvature/e_sym_update,e_sym,update,5,0.001984126984126984,3.5332313653883645e-07,hvp-shadow-fp32-ieee-v1,torch.float32
d12-s8,12,8,d12-s8-s0-2b2e72e4395440029b92226213d137bb,shadow_fp32,curvature/e_lin_update,e_lin,update,5,0.001984126984126984,5.510514840693676e-07,hvp-shadow-fp32-ieee-v1,torch.float32
d12-s8,12,8,d12-s8-s0-2b2e72e4395440029b92226213d137bb,shadow_fp32,curvature/verdict_code_update,verdict_code,update,5,0.001984126984126984,1.0,hvp-shadow-fp32-ieee-v1,torch.float32
d12-s8,12,8,d12-s8-s0-2b2e72e4395440029b92226213d137bb,native,curvature/e_sym_random,e_sym,random,5,0.001984126984126984,0.05135951760514932,,torch.bfloat16
d12-s8,12,8,d12-s8-s0-2b2e72e4395440029b92226213d137bb,native,curvature/e_lin_random,e_lin,random,5,0.001984126984126984,0.011393964090873388,,torch.bfloat16
d12-s8,12,8,d12-s8-s0-2b2e72e4395440029b92226213d137bb,native,curvature/verdict_code_random,verdict_code,random,5,0.001984126984126984,2.0,,torch.bfloat16
d12-s8,12,8,d12-s8-s0-2b2e72e4395440029b92226213d137bb,native,curvature/e_sym_gradient,e_sym,gradient,5,0.001984126984126984,0.03528953259752185,,torch.bfloat16
d12-s8,12,8,d12-s8-s0-2b2e72e4395440029b92226213d137bb,native,curvature/e_lin_gradient,e_lin,gradient,5,0.001984126984126984,0.007561633453153545,,torch.bfloat16
d12-s8,12,8,d12-s8-s0-2b2e72e4395440029b92226213d137bb,native,curvature/verdict_code_gradient,verdict_code,gradient,5,0.001984126984126984,2.0,,torch.bfloat16
d12-s8,12,8,d12-s8-s0-2b2e72e4395440029b92226213d137bb,native,curvature/e_sym_update,e_sym,update,5,0.001984126984126984,0.03287260446020725,,torch.bfloat16
d12-s8,12,8,d12-s8-s0-2b2e72e4395440029b92226213d137bb,native,curvature/e_lin_update,e_lin,update,5,0.001984126984126984,0.02155405244280748,,torch.bfloat16
d12-s8,12,8,d12-s8-s0-2b2e72e4395440029b92226213d137bb,native,curvature/verdict_code_update,verdict_code,update,5,0.001984126984126984,2.0,,torch.bfloat16
d12-s8,12,8,d12-s8-s0-2b2e72e4395440029b92226213d137bb,shadow_fp32,curvature/e_sym_random,e_sym,random,9,0.0035714285714285713,3.158199967482711e-07,hvp-shadow-fp32-ieee-v1,torch.float32
d12-s8,12,8,d12-s8-s0-2b2e72e4395440029b92226213d137bb,shadow_fp32,curvature/e_lin_random,e_lin,random,9,0.0035714285714285713,5.066604754062062e-07,hvp-shadow-fp32-ieee-v1,torch.float32
d12-s8,12,8,d12-s8-s0-2b2e72e4395440029b92226213d137bb,shadow_fp32,curvature/verdict_code_random,verdict_code,random,9,0.0035714285714285713,1.0,hvp-shadow-fp32-ieee-v1,torch.float32
d12-s8,12,8,d12-s8-s0-2b2e72e4395440029b92226213d137bb,shadow_fp32,curvature/e_sym_gradient,e_sym,gradient,9,0.0035714285714285713,4.255661120103839e-07,hvp-shadow-fp32-ieee-v1,torch.float32
d12-s8,12,8,d12-s8-s0-2b2e72e4395440029b92226213d137bb,shadow_fp32,curvature/e_lin_gradient,e_lin,gradient,9,0.0035714285714285713,9.440699357991259e-07,hvp-shadow-fp32-ieee-v1,torch.float32
d12-s8,12,8,d12-s8-s0-2b2e72e4395440029b92226213d137bb,shadow_fp32,curvature/verdict_code_gradient,verdict_code,gradient,9,0.0035714285714285713,0.0,hvp-shadow-fp32-ieee-v1,torch.float32
d12-s8,12,8,d12-s8-s0-2b2e72e4395440029b92226213d137bb,shadow_fp32,curvature/e_sym_update,e_sym,update,9,0.0035714285714285713,7.43749431474553e-07,hvp-shadow-fp32-ieee-v1,torch.float32
d12-s8,12,8,d12-s8-s0-2b2e72e4395440029b92226213d137bb,shadow_fp32,curvature/e_lin_update,e_lin,update,9,0.0035714285714285713,4.6273417617826795e-07,hvp-shadow-fp32-ieee-v1,torch.float32
d12-s8,12,8,d12-s8-s0-2b2e72e4395440029b92226213d137bb,shadow_fp32,curvature/verdict_code_update,verdict_code,update,9,0.0035714285714285713,1.0,hvp-shadow-fp32-ieee-v1,torch.float32
d12-s8,12,8,d12-s8-s0-2b2e72e4395440029b92226213d137bb,native,curvature/e_sym_random,e_sym,random,9,0.0035714285714285713,0.0032688811915710003,,torch.bfloat16
d12-s8,12,8,d12-s8-s0-2b2e72e4395440029b92226213d137bb,native,curvature/e_lin_random,e_lin,random,9,0.0035714285714285713,0.008271183295329011,,torch.bfloat16
d12-s8,12,8,d12-s8-s0-2b2e72e4395440029b92226213d137bb,native,curvature/verdict_code_random,verdict_code,random,9,0.0035714285714285713,2.0,,torch.bfloat16
d12-s8,12,8,d12-s8-s0-2b2e72e4395440029b92226213d137bb,native,curvature/e_sym_gradient,e_sym,gradient,9,0.0035714285714285713,0.006460948234392351,,torch.bfloat16
d12-s8,12,8,d12-s8-s0-2b2e72e4395440029b92226213d137bb,native,curvature/e_lin_gradient,e_lin,gradient,9,0.0035714285714285713,0.00345920971323726,,torch.bfloat16
d12-s8,12,8,d12-s8-s0-2b2e72e4395440029b92226213d137bb,native,curvature/verdict_code_gradient,verdict_code,gradient,9,0.0035714285714285713,2.0,,torch.bfloat16
d12-s8,12,8,d12-s8-s0-2b2e72e4395440029b92226213d137bb,native,curvature/e_sym_update,e_sym,update,9,0.0035714285714285713,0.005219423922934932,,torch.bfloat16
d12-s8,12,8,d12-s8-s0-2b2e72e4395440029b92226213d137bb,native,curvature/e_lin_update,e_lin,update,9,0.0035714285714285713,0.008038833022087442,,torch.bfloat16
d12-s8,12,8,d12-s8-s0-2b2e72e4395440029b92226213d137bb,native,curvature/verdict_code_update,verdict_code,update,9,0.0035714285714285713,2.0,,torch.bfloat16
d12-s8,12,8,d12-s8-s0-2b2e72e4395440029b92226213d137bb,shadow_fp32,curvature/e_sym_random,e_sym,random,17,0.006746031746031746,2.3580151506352066e-08,hvp-shadow-fp32-ieee-v1,torch.float32
d12-s8,12,8,d12-s8-s0-2b2e72e4395440029b92226213d137bb,shadow_fp32,curvature/e_lin_random,e_lin,random,17,0.006746031746031746,6.518274424109358e-07,hvp-shadow-fp32-ieee-v1,torch.float32
d12-s8,12,8,d12-s8-s0-2b2e72e4395440029b92226213d137bb,shadow_fp32,curvature/verdict_code_random,verdict_code,random,17,0.006746031746031746,1.0,hvp-shadow-fp32-ieee-v1,torch.float32
d12-s8,12,8,d12-s8-s0-2b2e72e4395440029b92226213d137bb,shadow_fp32,curvature/e_sym_gradient,e_sym,gradient,17,0.006746031746031746,2.8986576867275114e-06,hvp-shadow-fp32-ieee-v1,torch.float32
d12-s8,12,8,d12-s8-s0-2b2e72e4395440029b92226213d137bb,shadow_fp32,curvature/e_lin_gradient,e_lin,gradient,17,0.006746031746031746,5.770826426044842e-07,hvp-shadow-fp32-ieee-v1,torch.float32
d12-s8,12,8,d12-s8-s0-2b2e72e4395440029b92226213d137bb,shadow_fp32,curvature/verdict_code_gradient,verdict_code,gradient,17,0.006746031746031746,0.0,hvp-shadow-fp32-ieee-v1,torch.float32
d12-s8,12,8,d12-s8-s0-2b2e72e4395440029b92226213d137bb,shadow_fp32,curvature/e_sym_update,e_sym,update,17,0.006746031746031746,6.581725111940516e-07,hvp-shadow-fp32-ieee-v1,torch.float32
d12-s8,12,8,d12-s8-s0-2b2e72e4395440029b92226213d137bb,shadow_fp32,curvature/e_lin_update,e_lin,update,17,0.006746031746031746,6.363913743679322e-07,hvp-shadow-fp32-ieee-v1,torch.float32
d12-s8,12,8,d12-s8-s0-2b2e72e4395440029b92226213d137bb,shadow_fp32,curvature/verdict_code_update,verdict_code,update,17,0.006746031746031746,1.0,hvp-shadow-fp32-ieee-v1,torch.float32
d12-s8,12,8,d12-s8-s0-2b2e72e4395440029b92226213d137bb,native,curvature/e_sym_random,e_sym,random,17,0.006746031746031746,0.016808185162686538,,torch.bfloat16
d12-s8,12,8,d12-s8-s0-2b2e72e4395440029b92226213d137bb,native,curvature/e_lin_random,e_lin,random,17,0.006746031746031746,0.012078980939092881,,torch.bfloat16
d12-s8,12,8,d12-s8-s0-2b2e72e4395440029b92226213d137bb,native,curvature/verdict_code_random,verdict_code,random,17,0.006746031746031746,2.0,,torch.bfloat16
d12-s8,12,8,d12-s8-s0-2b2e72e4395440029b92226213d137bb,native,curvature/e_sym_gradient,e_sym,gradient,17,0.006746031746031746,0.025418046955261172,,torch.bfloat16
d12-s8,12,8,d12-s8-s0-2b2e72e4395440029b92226213d137bb,native,curvature/e_lin_gradient,e_lin,gradient,17,0.006746031746031746,0.003598757864323437,,torch.bfloat16
d12-s8,12,8,d12-s8-s0-2b2e72e4395440029b92226213d137bb,native,curvature/verdict_code_gradient,verdict_code,gradient,17,0.006746031746031746,2.0,,torch.bfloat16
d12-s8,12,8,d12-s8-s0-2b2e72e4395440029b92226213d137bb,native,curvature/e_sym_update,e_sym,update,17,0.006746031746031746,0.149262185430694,,torch.bfloat16
d12-s8,12,8,d12-s8-s0-2b2e72e4395440029b92226213d137bb,native,curvature/e_lin_update,e_lin,update,17,0.006746031746031746,0.01463281936306653,,torch.bfloat16
d12-s8,12,8,d12-s8-s0-2b2e72e4395440029b92226213d137bb,native,curvature/verdict_code_update,verdict_code,update,17,0.006746031746031746,2.0,,torch.bfloat16
d12-s8,12,8,d12-s8-s0-2b2e72e4395440029b92226213d137bb,shadow_fp32,curvature/e_sym_random,e_sym,random,33,0.013095238095238096,7.54499415977411e-07,hvp-shadow-fp32-ieee-v1,torch.float32
d12-s8,12,8,d12-s8-s0-2b2e72e4395440029b92226213d137bb,shadow_fp32,curvature/e_lin_random,e_lin,random,33,0.013095238095238096,6.495813640525353e-07,hvp-shadow-fp32-ieee-v1,torch.float32
d12-s8,12,8,d12-s8-s0-2b2e72e4395440029b92226213d137bb,shadow_fp32,curvature/verdict_code_random,verdict_code,random,33,0.013095238095238096,1.0,hvp-shadow-fp32-ieee-v1,torch.float32
d12-s8,12,8,d12-s8-s0-2b2e72e4395440029b92226213d137bb,shadow_fp32,curvature/e_sym_gradient,e_sym,gradient,33,0.013095238095238096,3.2294909533008846e-06,hvp-shadow-fp32-ieee-v1,torch.float32
d12-s8,12,8,d12-s8-s0-2b2e72e4395440029b92226213d137bb,shadow_fp32,curvature/e_lin_gradient,e_lin,gradient,33,0.013095238095238096,3.8948801483129176e-07,hvp-shadow-fp32-ieee-v1,torch.float32
d12-s8,12,8,d12-s8-s0-2b2e72e4395440029b92226213d137bb,shadow_fp32,curvature/verdict_code_gradient,verdict_code,gradient,33,0.013095238095238096,0.0,hvp-shadow-fp32-ieee-v1,torch.float32
d12-s8,12,8,d12-s8-s0-2b2e72e4395440029b92226213d137bb,shadow_fp32,curvature/e_sym_update,e_sym,update,33,0.013095238095238096,8.288471885555934e-06,hvp-shadow-fp32-ieee-v1,torch.float32
d12-s8,12,8,d12-s8-s0-2b2e72e4395440029b92226213d137bb,shadow_fp32,curvature/e_lin_update,e_lin,update,33,0.013095238095238096,5.23635558491497e-07,hvp-shadow-fp32-ieee-v1,torch.float32
d12-s8,12,8,d12-s8-s0-2b2e72e4395440029b92226213d137bb,shadow_fp32,curvature/verdict_code_update,verdict_code,update,33,0.013095238095238096,1.0,hvp-shadow-fp32-ieee-v1,torch.float32
d12-s8,12,8,d12-s8-s0-2b2e72e4395440029b92226213d137bb,native,curvature/e_sym_random,e_sym,random,33,0.013095238095238096,0.02146081748320011,,torch.bfloat16
d12-s8,12,8,d12-s8-s0-2b2e72e4395440029b92226213d137bb,native,curvature/e_lin_random,e_lin,random,33,0.013095238095238096,0.011788826904488913,,torch.bfloat16
d12-s8,12,8,d12-s8-s0-2b2e72e4395440029b92226213d137bb,native,curvature/verdict_code_random,verdict_code,random,33,0.013095238095238096,2.0,,torch.bfloat16
d12-s8,12,8,d12-s8-s0-2b2e72e4395440029b92226213d137bb,native,curvature/e_sym_gradient,e_sym,gradient,33,0.013095238095238096,0.039835886131033664,,torch.bfloat16
d12-s8,12,8,d12-s8-s0-2b2e72e4395440029b92226213d137bb,native,curvature/e_lin_gradient,e_lin,gradient,33,0.013095238095238096,0.003586597842864889,,torch.bfloat16
d12-s8,12,8,d12-s8-s0-2b2e72e4395440029b92226213d137bb,native,curvature/verdict_code_gradient,verdict_code,gradient,33,0.013095238095238096,2.0,,torch.bfloat16
d12-s8,12,8,d12-s8-s0-2b2e72e4395440029b92226213d137bb,native,curvature/e_sym_update,e_sym,update,33,0.013095238095238096,0.5107706721906314,,torch.bfloat16
d12-s8,12,8,d12-s8-s0-2b2e72e4395440029b92226213d137bb,native,curvature/e_lin_update,e_lin,update,33,0.013095238095238096,0.009661633287608535,,torch.bfloat16
d12-s8,12,8,d12-s8-s0-2b2e72e4395440029b92226213d137bb,native,curvature/verdict_code_update,verdict_code,update,33,0.013095238095238096,2.0,,torch.bfloat16
d12-s8,12,8,d12-s8-s0-2b2e72e4395440029b92226213d137bb,shadow_fp32,curvature/e_sym_random,e_sym,random,41,0.01626984126984127,5.848609776525578e-07,hvp-shadow-fp32-ieee-v1,torch.float32
d12-s8,12,8,d12-s8-s0-2b2e72e4395440029b92226213d137bb,shadow_fp32,curvature/e_lin_random,e_lin,random,41,0.01626984126984127,6.618049236003963e-07,hvp-shadow-fp32-ieee-v1,torch.float32
d12-s8,12,8,d12-s8-s0-2b2e72e4395440029b92226213d137bb,shadow_fp32,curvature/verdict_code_random,verdict_code,random,41,0.01626984126984127,1.0,hvp-shadow-fp32-ieee-v1,torch.float32
d12-s8,12,8,d12-s8-s0-2b2e72e4395440029b92226213d137bb,shadow_fp32,curvature/e_sym_gradient,e_sym,gradient,41,0.01626984126984127,1.5456419096101917e-06,hvp-shadow-fp32-ieee-v1,torch.float32
d12-s8,12,8,d12-s8-s0-2b2e72e4395440029b92226213d137bb,shadow_fp32,curvature/e_lin_gradient,e_lin,gradient,41,0.01626984126984127,3.9647333581714187e-07,hvp-shadow-fp32-ieee-v1,torch.float32
d12-s8,12,8,d12-s8-s0-2b2e72e4395440029b92226213d137bb,shadow_fp32,curvature/verdict_code_gradient,verdict_code,gradient,41,0.01626984126984127,0.0,hvp-shadow-fp32-ieee-v1,torch.float32
d12-s8,12,8,d12-s8-s0-2b2e72e4395440029b92226213d137bb,shadow_fp32,curvature/e_sym_update,e_sym,update,41,0.01626984126984127,2.522409175611642e-07,hvp-shadow-fp32-ieee-v1,torch.float32
d12-s8,12,8,d12-s8-s0-2b2e72e4395440029b92226213d137bb,shadow_fp32,curvature/e_lin_update,e_lin,update,41,0.01626984126984127,5.620875881186444e-07,hvp-shadow-fp32-ieee-v1,torch.float32
d12-s8,12,8,d12-s8-s0-2b2e72e4395440029b92226213d137bb,shadow_fp32,curvature/verdict_code_update,verdict_code,update,41,0.01626984126984127,1.0,hvp-shadow-fp32-ieee-v1,torch.float32
d12-s8,12,8,d12-s8-s0-2b2e72e4395440029b92226213d137bb,native,curvature/e_sym_random,e_sym,random,41,0.01626984126984127,0.09200318063381438,,torch.bfloat16
d12-s8,12,8,d12-s8-s0-2b2e72e4395440029b92226213d137bb,native,curvature/e_lin_random,e_lin,random,41,0.01626984126984127,0.01129485398292578,,torch.bfloat16
d12-s8,12,8,d12-s8-s0-2b2e72e4395440029b92226213d137bb,native,curvature/verdict_code_random,verdict_code,random,41,0.01626984126984127,2.0,,torch.bfloat16
d12-s8,12,8,d12-s8-s0-2b2e72e4395440029b92226213d137bb,native,curvature/e_sym_gradient,e_sym,gradient,41,0.01626984126984127,0.029052958189016872,,torch.bfloat16
d12-s8,12,8,d12-s8-s0-2b2e72e4395440029b92226213d137bb,native,curvature/e_lin_gradient,e_lin,gradient,41,0.01626984126984127,0.0038856056949207883,,torch.bfloat16
d12-s8,12,8,d12-s8-s0-2b2e72e4395440029b92226213d137bb,native,curvature/verdict_code_gradient,verdict_code,gradient,41,0.01626984126984127,2.0,,torch.bfloat16
d12-s8,12,8,d12-s8-s0-2b2e72e4395440029b92226213d137bb,native,curvature/e_sym_update,e_sym,update,41,0.01626984126984127,0.04687290075074792,,torch.bfloat16
d12-s8,12,8,d12-s8-s0-2b2e72e4395440029b92226213d137bb,native,curvature/e_lin_update,e_lin,update,41,0.01626984126984127,0.009732374912632416,,torch.bfloat16
d12-s8,12,8,d12-s8-s0-2b2e72e4395440029b92226213d137bb,native,curvature/verdict_code_update,verdict_code,update,41,0.01626984126984127,2.0,,torch.bfloat16
d12-s8,12,8,d12-s8-s0-2b2e72e4395440029b92226213d137bb,shadow_fp32,curvature/e_sym_random,e_sym,random,65,0.025793650793650792,1.4103283927342128e-06,hvp-shadow-fp32-ieee-v1,torch.float32
d12-s8,12,8,d12-s8-s0-2b2e72e4395440029b92226213d137bb,shadow_fp32,curvature/e_lin_random,e_lin,random,65,0.025793650793650792,6.628283042770633e-07,hvp-shadow-fp32-ieee-v1,torch.float32
d12-s8,12,8,d12-s8-s0-2b2e72e4395440029b92226213d137bb,shadow_fp32,curvature/verdict_code_random,verdict_code,random,65,0.025793650793650792,1.0,hvp-shadow-fp32-ieee-v1,torch.float32
d12-s8,12,8,d12-s8-s0-2b2e72e4395440029b92226213d137bb,shadow_fp32,curvature/e_sym_gradient,e_sym,gradient,65,0.025793650793650792,7.110510957086035e-07,hvp-shadow-fp32-ieee-v1,torch.float32
d12-s8,12,8,d12-s8-s0-2b2e72e4395440029b92226213d137bb,shadow_fp32,curvature/e_lin_gradient,e_lin,gradient,65,0.025793650793650792,3.869417354407624e-07,hvp-shadow-fp32-ieee-v1,torch.float32
d12-s8,12,8,d12-s8-s0-2b2e72e4395440029b92226213d137bb,shadow_fp32,curvature/verdict_code_gradient,verdict_code,gradient,65,0.025793650793650792,0.0,hvp-shadow-fp32-ieee-v1,torch.float32
d12-s8,12,8,d12-s8-s0-2b2e72e4395440029b92226213d137bb,shadow_fp32,curvature/e_sym_update,e_sym,update,65,0.025793650793650792,1.4976116199757673e-06,hvp-shadow-fp32-ieee-v1,torch.float32
d12-s8,12,8,d12-s8-s0-2b2e72e4395440029b92226213d137bb,shadow_fp32,curvature/e_lin_update,e_lin,update,65,0.025793650793650792,6.1263162969343e-07,hvp-shadow-fp32-ieee-v1,torch.float32
d12-s8,12,8,d12-s8-s0-2b2e72e4395440029b92226213d137bb,shadow_fp32,curvature/verdict_code_update,verdict_code,update,65,0.025793650793650792,1.0,hvp-shadow-fp32-ieee-v1,torch.float32
d12-s8,12,8,d12-s8-s0-2b2e72e4395440029b92226213d137bb,native,curvature/e_sym_random,e_sym,random,65,0.025793650793650792,0.07316279804745346,,torch.bfloat16
d12-s8,12,8,d12-s8-s0-2b2e72e4395440029b92226213d137bb,native,curvature/e_lin_random,e_lin,random,65,0.025793650793650792,0.010791469617767772,,torch.bfloat16
d12-s8,12,8,d12-s8-s0-2b2e72e4395440029b92226213d137bb,native,curvature/verdict_code_random,verdict_code,random,65,0.025793650793650792,2.0,,torch.bfloat16
d12-s8,12,8,d12-s8-s0-2b2e72e4395440029b92226213d137bb,native,curvature/e_sym_gradient,e_sym,gradient,65,0.025793650793650792,0.041085359767818026,,torch.bfloat16
d12-s8,12,8,d12-s8-s0-2b2e72e4395440029b92226213d137bb,native,curvature/e_lin_gradient,e_lin,gradient,65,0.025793650793650792,0.004154924416368109,,torch.bfloat16
d12-s8,12,8,d12-s8-s0-2b2e72e4395440029b92226213d137bb,native,curvature/verdict_code_gradient,verdict_code,gradient,65,0.025793650793650792,2.0,,torch.bfloat16
d12-s8,12,8,d12-s8-s0-2b2e72e4395440029b92226213d137bb,native,curvature/e_sym_update,e_sym,update,65,0.025793650793650792,0.034301217261465844,,torch.bfloat16
d12-s8,12,8,d12-s8-s0-2b2e72e4395440029b92226213d137bb,native,curvature/e_lin_update,e_lin,update,65,0.025793650793650792,0.010134329569281814,,torch.bfloat16
d12-s8,12,8,d12-s8-s0-2b2e72e4395440029b92226213d137bb,native,curvature/verdict_code_update,verdict_code,update,65,0.025793650793650792,2.0,,torch.bfloat16
d12-s8,12,8,d12-s8-s0-2b2e72e4395440029b92226213d137bb,shadow_fp32,curvature/e_sym_random,e_sym,random,127,0.0503968253968254,5.356479219773389e-07,hvp-shadow-fp32-ieee-v1,torch.float32
d12-s8,12,8,d12-s8-s0-2b2e72e4395440029b92226213d137bb,shadow_fp32,curvature/e_lin_random,e_lin,random,127,0.0503968253968254,6.907761460426554e-07,hvp-shadow-fp32-ieee-v1,torch.float32
d12-s8,12,8,d12-s8-s0-2b2e72e4395440029b92226213d137bb,shadow_fp32,curvature/verdict_code_random,verdict_code,random,127,0.0503968253968254,1.0,hvp-shadow-fp32-ieee-v1,torch.float32
d12-s8,12,8,d12-s8-s0-2b2e72e4395440029b92226213d137bb,shadow_fp32,curvature/e_sym_gradient,e_sym,gradient,127,0.0503968253968254,5.1737546794729276e-08,hvp-shadow-fp32-ieee-v1,torch.float32
d12-s8,12,8,d12-s8-s0-2b2e72e4395440029b92226213d137bb,shadow_fp32,curvature/e_lin_gradient,e_lin,gradient,127,0.0503968253968254,4.334048604789137e-07,hvp-shadow-fp32-ieee-v1,torch.float32
d12-s8,12,8,d12-s8-s0-2b2e72e4395440029b92226213d137bb,shadow_fp32,curvature/verdict_code_gradient,verdict_code,gradient,127,0.0503968253968254,0.0,hvp-shadow-fp32-ieee-v1,torch.float32
d12-s8,12,8,d12-s8-s0-2b2e72e4395440029b92226213d137bb,shadow_fp32,curvature/e_sym_update,e_sym,update,127,0.0503968253968254,1.1292505674395301e-06,hvp-shadow-fp32-ieee-v1,torch.float32
d12-s8,12,8,d12-s8-s0-2b2e72e4395440029b92226213d137bb,shadow_fp32,curvature/e_lin_update,e_lin,update,127,0.0503968253968254,6.987556742889343e-07,hvp-shadow-fp32-ieee-v1,torch.float32
d12-s8,12,8,d12-s8-s0-2b2e72e4395440029b92226213d137bb,shadow_fp32,curvature/verdict_code_update,verdict_code,update,127,0.0503968253968254,1.0,hvp-shadow-fp32-ieee-v1,torch.float32
d12-s8,12,8,d12-s8-s0-2b2e72e4395440029b92226213d137bb,native,curvature/e_sym_random,e_sym,random,127,0.0503968253968254,0.003012910519797564,,torch.bfloat16
d12-s8,12,8,d12-s8-s0-2b2e72e4395440029b92226213d137bb,native,curvature/e_lin_random,e_lin,random,127,0.0503968253968254,0.01197656576670275,,torch.bfloat16
d12-s8,12,8,d12-s8-s0-2b2e72e4395440029b92226213d137bb,native,curvature/verdict_code_random,verdict_code,random,127,0.0503968253968254,2.0,,torch.bfloat16
d12-s8,12,8,d12-s8-s0-2b2e72e4395440029b92226213d137bb,native,curvature/e_sym_gradient,e_sym,gradient,127,0.0503968253968254,0.012265507415754143,,torch.bfloat16
d12-s8,12,8,d12-s8-s0-2b2e72e4395440029b92226213d137bb,native,curvature/e_lin_gradient,e_lin,gradient,127,0.0503968253968254,0.008841643244792282,,torch.bfloat16
d12-s8,12,8,d12-s8-s0-2b2e72e4395440029b92226213d137bb,native,curvature/verdict_code_gradient,verdict_code,gradient,127,0.0503968253968254,2.0,,torch.bfloat16
d12-s8,12,8,d12-s8-s0-2b2e72e4395440029b92226213d137bb,native,curvature/e_sym_update,e_sym,update,127,0.0503968253968254,0.08242418017091663,,torch.bfloat16
d12-s8,12,8,d12-s8-s0-2b2e72e4395440029b92226213d137bb,native,curvature/e_lin_update,e_lin,update,127,0.0503968253968254,0.012240169209529929,,torch.bfloat16
d12-s8,12,8,d12-s8-s0-2b2e72e4395440029b92226213d137bb,native,curvature/verdict_code_update,verdict_code,update,127,0.0503968253968254,2.0,,torch.bfloat16
d12-s8,12,8,d12-s8-s0-2b2e72e4395440029b92226213d137bb,shadow_fp32,curvature/e_sym_random,e_sym,random,253,0.1003968253968254,3.4588271791261795e-07,hvp-shadow-fp32-ieee-v1,torch.float32
d12-s8,12,8,d12-s8-s0-2b2e72e4395440029b92226213d137bb,shadow_fp32,curvature/e_lin_random,e_lin,random,253,0.1003968253968254,7.530688668867256e-07,hvp-shadow-fp32-ieee-v1,torch.float32
d12-s8,12,8,d12-s8-s0-2b2e72e4395440029b92226213d137bb,shadow_fp32,curvature/verdict_code_random,verdict_code,random,253,0.1003968253968254,1.0,hvp-shadow-fp32-ieee-v1,torch.float32
d12-s8,12,8,d12-s8-s0-2b2e72e4395440029b92226213d137bb,shadow_fp32,curvature/e_sym_gradient,e_sym,gradient,253,0.1003968253968254,4.5929139824659164e-07,hvp-shadow-fp32-ieee-v1,torch.float32
d12-s8,12,8,d12-s8-s0-2b2e72e4395440029b92226213d137bb,shadow_fp32,curvature/e_lin_gradient,e_lin,gradient,253,0.1003968253968254,5.777037634836627e-07,hvp-shadow-fp32-ieee-v1,torch.float32
d12-s8,12,8,d12-s8-s0-2b2e72e4395440029b92226213d137bb,shadow_fp32,curvature/verdict_code_gradient,verdict_code,gradient,253,0.1003968253968254,0.0,hvp-shadow-fp32-ieee-v1,torch.float32
d12-s8,12,8,d12-s8-s0-2b2e72e4395440029b92226213d137bb,shadow_fp32,curvature/e_sym_update,e_sym,update,253,0.1003968253968254,3.259364266726927e-08,hvp-shadow-fp32-ieee-v1,torch.float32
d12-s8,12,8,d12-s8-s0-2b2e72e4395440029b92226213d137bb,shadow_fp32,curvature/e_lin_update,e_lin,update,253,0.1003968253968254,7.568183040592067e-07,hvp-shadow-fp32-ieee-v1,torch.float32
d12-s8,12,8,d12-s8-s0-2b2e72e4395440029b92226213d137bb,shadow_fp32,curvature/verdict_code_update,verdict_code,update,253,0.1003968253968254,1.0,hvp-shadow-fp32-ieee-v1,torch.float32
d12-s8,12,8,d12-s8-s0-2b2e72e4395440029b92226213d137bb,native,curvature/e_sym_random,e_sym,random,253,0.1003968253968254,0.01173613024247005,,torch.bfloat16
d12-s8,12,8,d12-s8-s0-2b2e72e4395440029b92226213d137bb,native,curvature/e_lin_random,e_lin,random,253,0.1003968253968254,0.01187952127842785,,torch.bfloat16
d12-s8,12,8,d12-s8-s0-2b2e72e4395440029b92226213d137bb,native,curvature/verdict_code_random,verdict_code,random,253,0.1003968253968254,2.0,,torch.bfloat16
d12-s8,12,8,d12-s8-s0-2b2e72e4395440029b92226213d137bb,native,curvature/e_sym_gradient,e_sym,gradient,253,0.1003968253968254,0.02144663304956995,,torch.bfloat16
d12-s8,12,8,d12-s8-s0-2b2e72e4395440029b92226213d137bb,native,curvature/e_lin_gradient,e_lin,gradient,253,0.1003968253968254,0.009626565589588531,,torch.bfloat16
d12-s8,12,8,d12-s8-s0-2b2e72e4395440029b92226213d137bb,native,curvature/verdict_code_gradient,verdict_code,gradient,253,0.1003968253968254,2.0,,torch.bfloat16
d12-s8,12,8,d12-s8-s0-2b2e72e4395440029b92226213d137bb,native,curvature/e_sym_update,e_sym,update,253,0.1003968253968254,0.029395679402550265,,torch.bfloat16
d12-s8,12,8,d12-s8-s0-2b2e72e4395440029b92226213d137bb,native,curvature/e_lin_update,e_lin,update,253,0.1003968253968254,0.011861191285381843,,torch.bfloat16
d12-s8,12,8,d12-s8-s0-2b2e72e4395440029b92226213d137bb,native,curvature/verdict_code_update,verdict_code,update,253,0.1003968253968254,2.0,,torch.bfloat16
d12-s8,12,8,d12-s8-s0-2b2e72e4395440029b92226213d137bb,shadow_fp32,curvature/e_sym_random,e_sym,random,379,0.1503968253968254,2.013410416963628e-06,hvp-shadow-fp32-ieee-v1,torch.float32
d12-s8,12,8,d12-s8-s0-2b2e72e4395440029b92226213d137bb,shadow_fp32,curvature/e_lin_random,e_lin,random,379,0.1503968253968254,7.382560263944797e-07,hvp-shadow-fp32-ieee-v1,torch.float32
d12-s8,12,8,d12-s8-s0-2b2e72e4395440029b92226213d137bb,shadow_fp32,curvature/verdict_code_random,verdict_code,random,379,0.1503968253968254,1.0,hvp-shadow-fp32-ieee-v1,torch.float32
d12-s8,12,8,d12-s8-s0-2b2e72e4395440029b92226213d137bb,shadow_fp32,curvature/e_sym_gradient,e_sym,gradient,379,0.1503968253968254,1.0940504983310734e-07,hvp-shadow-fp32-ieee-v1,torch.float32
d12-s8,12,8,d12-s8-s0-2b2e72e4395440029b92226213d137bb,shadow_fp32,curvature/e_lin_gradient,e_lin,gradient,379,0.1503968253968254,5.57375532367499e-07,hvp-shadow-fp32-ieee-v1,torch.float32
d12-s8,12,8,d12-s8-s0-2b2e72e4395440029b92226213d137bb,shadow_fp32,curvature/verdict_code_gradient,verdict_code,gradient,379,0.1503968253968254,0.0,hvp-shadow-fp32-ieee-v1,torch.float32
d12-s8,12,8,d12-s8-s0-2b2e72e4395440029b92226213d137bb,shadow_fp32,curvature/e_sym_update,e_sym,update,379,0.1503968253968254,1.2635366093054527e-07,hvp-shadow-fp32-ieee-v1,torch.float32
d12-s8,12,8,d12-s8-s0-2b2e72e4395440029b92226213d137bb,shadow_fp32,curvature/e_lin_update,e_lin,update,379,0.1503968253968254,7.292589143480181e-07,hvp-shadow-fp32-ieee-v1,torch.float32
d12-s8,12,8,d12-s8-s0-2b2e72e4395440029b92226213d137bb,shadow_fp32,curvature/verdict_code_update,verdict_code,update,379,0.1503968253968254,1.0,hvp-shadow-fp32-ieee-v1,torch.float32
d12-s8,12,8,d12-s8-s0-2b2e72e4395440029b92226213d137bb,native,curvature/e_sym_random,e_sym,random,379,0.1503968253968254,0.013129261901908785,,torch.bfloat16
d12-s8,12,8,d12-s8-s0-2b2e72e4395440029b92226213d137bb,native,curvature/e_lin_random,e_lin,random,379,0.1503968253968254,0.011321595321953112,,torch.bfloat16
d12-s8,12,8,d12-s8-s0-2b2e72e4395440029b92226213d137bb,native,curvature/verdict_code_random,verdict_code,random,379,0.1503968253968254,2.0,,torch.bfloat16
d12-s8,12,8,d12-s8-s0-2b2e72e4395440029b92226213d137bb,native,curvature/e_sym_gradient,e_sym,gradient,379,0.1503968253968254,0.031098207783282053,,torch.bfloat16
d12-s8,12,8,d12-s8-s0-2b2e72e4395440029b92226213d137bb,native,curvature/e_lin_gradient,e_lin,gradient,379,0.1503968253968254,0.007747536906723254,,torch.bfloat16
d12-s8,12,8,d12-s8-s0-2b2e72e4395440029b92226213d137bb,native,curvature/verdict_code_gradient,verdict_code,gradient,379,0.1503968253968254,2.0,,torch.bfloat16
d12-s8,12,8,d12-s8-s0-2b2e72e4395440029b92226213d137bb,native,curvature/e_sym_update,e_sym,update,379,0.1503968253968254,0.03154237459158585,,torch.bfloat16
d12-s8,12,8,d12-s8-s0-2b2e72e4395440029b92226213d137bb,native,curvature/e_lin_update,e_lin,update,379,0.1503968253968254,0.011362234090341448,,torch.bfloat16
d12-s8,12,8,d12-s8-s0-2b2e72e4395440029b92226213d137bb,native,curvature/verdict_code_update,verdict_code,update,379,0.1503968253968254,2.0,,torch.bfloat16
d12-s8,12,8,d12-s8-s0-2b2e72e4395440029b92226213d137bb,shadow_fp32,curvature/e_sym_random,e_sym,random,401,0.15912698412698412,2.2350702133712103e-06,hvp-shadow-fp32-ieee-v1,torch.float32
d12-s8,12,8,d12-s8-s0-2b2e72e4395440029b92226213d137bb,shadow_fp32,curvature/e_lin_random,e_lin,random,401,0.15912698412698412,7.954293546110655e-07,hvp-shadow-fp32-ieee-v1,torch.float32
d12-s8,12,8,d12-s8-s0-2b2e72e4395440029b92226213d137bb,shadow_fp32,curvature/verdict_code_random,verdict_code,random,401,0.15912698412698412,1.0,hvp-shadow-fp32-ieee-v1,torch.float32
d12-s8,12,8,d12-s8-s0-2b2e72e4395440029b92226213d137bb,shadow_fp32,curvature/e_sym_gradient,e_sym,gradient,401,0.15912698412698412,3.397630649710808e-07,hvp-shadow-fp32-ieee-v1,torch.float32
d12-s8,12,8,d12-s8-s0-2b2e72e4395440029b92226213d137bb,shadow_fp32,curvature/e_lin_gradient,e_lin,gradient,401,0.15912698412698412,5.640112048147076e-07,hvp-shadow-fp32-ieee-v1,torch.float32
d12-s8,12,8,d12-s8-s0-2b2e72e4395440029b92226213d137bb,shadow_fp32,curvature/verdict_code_gradient,verdict_code,gradient,401,0.15912698412698412,0.0,hvp-shadow-fp32-ieee-v1,torch.float32
d12-s8,12,8,d12-s8-s0-2b2e72e4395440029b92226213d137bb,shadow_fp32,curvature/e_sym_update,e_sym,update,401,0.15912698412698412,5.092051221688893e-07,hvp-shadow-fp32-ieee-v1,torch.float32
d12-s8,12,8,d12-s8-s0-2b2e72e4395440029b92226213d137bb,shadow_fp32,curvature/e_lin_update,e_lin,update,401,0.15912698412698412,7.770822279688837e-07,hvp-shadow-fp32-ieee-v1,torch.float32
d12-s8,12,8,d12-s8-s0-2b2e72e4395440029b92226213d137bb,shadow_fp32,curvature/verdict_code_update,verdict_code,update,401,0.15912698412698412,1.0,hvp-shadow-fp32-ieee-v1,torch.float32
d12-s8,12,8,d12-s8-s0-2b2e72e4395440029b92226213d137bb,native,curvature/e_sym_random,e_sym,random,401,0.15912698412698412,0.007149441704564147,,torch.bfloat16
d12-s8,12,8,d12-s8-s0-2b2e72e4395440029b92226213d137bb,native,curvature/e_lin_random,e_lin,random,401,0.15912698412698412,0.011800082602758333,,torch.bfloat16
d12-s8,12,8,d12-s8-s0-2b2e72e4395440029b92226213d137bb,native,curvature/verdict_code_random,verdict_code,random,401,0.15912698412698412,2.0,,torch.bfloat16
d12-s8,12,8,d12-s8-s0-2b2e72e4395440029b92226213d137bb,native,curvature/e_sym_gradient,e_sym,gradient,401,0.15912698412698412,0.020487454033201156,,torch.bfloat16
d12-s8,12,8,d12-s8-s0-2b2e72e4395440029b92226213d137bb,native,curvature/e_lin_gradient,e_lin,gradient,401,0.15912698412698412,0.00818461477200904,,torch.bfloat16
d12-s8,12,8,d12-s8-s0-2b2e72e4395440029b92226213d137bb,native,curvature/verdict_code_gradient,verdict_code,gradient,401,0.15912698412698412,2.0,,torch.bfloat16
d12-s8,12,8,d12-s8-s0-2b2e72e4395440029b92226213d137bb,native,curvature/e_sym_update,e_sym,update,401,0.15912698412698412,0.021474544785155966,,torch.bfloat16
d12-s8,12,8,d12-s8-s0-2b2e72e4395440029b92226213d137bb,native,curvature/e_lin_update,e_lin,update,401,0.15912698412698412,0.011757086871218184,,torch.bfloat16
d12-s8,12,8,d12-s8-s0-2b2e72e4395440029b92226213d137bb,native,curvature/verdict_code_update,verdict_code,update,401,0.15912698412698412,2.0,,torch.bfloat16
d12-s8,12,8,d12-s8-s0-2b2e72e4395440029b92226213d137bb,shadow_fp32,curvature/e_sym_random,e_sym,random,505,0.2003968253968254,5.845761511647544e-07,hvp-shadow-fp32-ieee-v1,torch.float32
d12-s8,12,8,d12-s8-s0-2b2e72e4395440029b92226213d137bb,shadow_fp32,curvature/e_lin_random,e_lin,random,505,0.2003968253968254,7.687367856870359e-07,hvp-shadow-fp32-ieee-v1,torch.float32
d12-s8,12,8,d12-s8-s0-2b2e72e4395440029b92226213d137bb,shadow_fp32,curvature/verdict_code_random,verdict_code,random,505,0.2003968253968254,1.0,hvp-shadow-fp32-ieee-v1,torch.float32
d12-s8,12,8,d12-s8-s0-2b2e72e4395440029b92226213d137bb,shadow_fp32,curvature/e_sym_gradient,e_sym,gradient,505,0.2003968253968254,8.355917121466807e-07,hvp-shadow-fp32-ieee-v1,torch.float32
d12-s8,12,8,d12-s8-s0-2b2e72e4395440029b92226213d137bb,shadow_fp32,curvature/e_lin_gradient,e_lin,gradient,505,0.2003968253968254,5.802439288366849e-07,hvp-shadow-fp32-ieee-v1,torch.float32
d12-s8,12,8,d12-s8-s0-2b2e72e4395440029b92226213d137bb,shadow_fp32,curvature/verdict_code_gradient,verdict_code,gradient,505,0.2003968253968254,0.0,hvp-shadow-fp32-ieee-v1,torch.float32
d12-s8,12,8,d12-s8-s0-2b2e72e4395440029b92226213d137bb,shadow_fp32,curvature/e_sym_update,e_sym,update,505,0.2003968253968254,4.781749554145614e-07,hvp-shadow-fp32-ieee-v1,torch.float32
d12-s8,12,8,d12-s8-s0-2b2e72e4395440029b92226213d137bb,shadow_fp32,curvature/e_lin_update,e_lin,update,505,0.2003968253968254,7.361472156092033e-07,hvp-shadow-fp32-ieee-v1,torch.float32
d12-s8,12,8,d12-s8-s0-2b2e72e4395440029b92226213d137bb,shadow_fp32,curvature/verdict_code_update,verdict_code,update,505,0.2003968253968254,1.0,hvp-shadow-fp32-ieee-v1,torch.float32
d12-s8,12,8,d12-s8-s0-2b2e72e4395440029b92226213d137bb,native,curvature/e_sym_random,e_sym,random,505,0.2003968253968254,0.005572169733103983,,torch.bfloat16
d12-s8,12,8,d12-s8-s0-2b2e72e4395440029b92226213d137bb,native,curvature/e_lin_random,e_lin,random,505,0.2003968253968254,0.011837629359655301,,torch.bfloat16
d12-s8,12,8,d12-s8-s0-2b2e72e4395440029b92226213d137bb,native,curvature/verdict_code_random,verdict_code,random,505,0.2003968253968254,2.0,,torch.bfloat16
d12-s8,12,8,d12-s8-s0-2b2e72e4395440029b92226213d137bb,native,curvature/e_sym_gradient,e_sym,gradient,505,0.2003968253968254,0.0018504798759217621,,torch.bfloat16
d12-s8,12,8,d12-s8-s0-2b2e72e4395440029b92226213d137bb,native,curvature/e_lin_gradient,e_lin,gradient,505,0.2003968253968254,0.007207654110960786,,torch.bfloat16
d12-s8,12,8,d12-s8-s0-2b2e72e4395440029b92226213d137bb,native,curvature/verdict_code_gradient,verdict_code,gradient,505,0.2003968253968254,2.0,,torch.bfloat16
d12-s8,12,8,d12-s8-s0-2b2e72e4395440029b92226213d137bb,native,curvature/e_sym_update,e_sym,update,505,0.2003968253968254,0.003987331941458623,,torch.bfloat16
d12-s8,12,8,d12-s8-s0-2b2e72e4395440029b92226213d137bb,native,curvature/e_lin_update,e_lin,update,505,0.2003968253968254,0.011363625420972258,,torch.bfloat16
d12-s8,12,8,d12-s8-s0-2b2e72e4395440029b92226213d137bb,native,curvature/verdict_code_update,verdict_code,update,505,0.2003968253968254,2.0,,torch.bfloat16
d12-s8,12,8,d12-s8-s0-2b2e72e4395440029b92226213d137bb,shadow_fp32,curvature/e_sym_random,e_sym,random,631,0.2503968253968254,1.6680845368264772e-07,hvp-shadow-fp32-ieee-v1,torch.float32
d12-s8,12,8,d12-s8-s0-2b2e72e4395440029b92226213d137bb,shadow_fp32,curvature/e_lin_random,e_lin,random,631,0.2503968253968254,7.183178666873565e-07,hvp-shadow-fp32-ieee-v1,torch.float32
d12-s8,12,8,d12-s8-s0-2b2e72e4395440029b92226213d137bb,shadow_fp32,curvature/verdict_code_random,verdict_code,random,631,0.2503968253968254,1.0,hvp-shadow-fp32-ieee-v1,torch.float32
d12-s8,12,8,d12-s8-s0-2b2e72e4395440029b92226213d137bb,shadow_fp32,curvature/e_sym_gradient,e_sym,gradient,631,0.2503968253968254,3.8315529193024564e-07,hvp-shadow-fp32-ieee-v1,torch.float32
d12-s8,12,8,d12-s8-s0-2b2e72e4395440029b92226213d137bb,shadow_fp32,curvature/e_lin_gradient,e_lin,gradient,631,0.2503968253968254,5.463011312542688e-07,hvp-shadow-fp32-ieee-v1,torch.float32
d12-s8,12,8,d12-s8-s0-2b2e72e4395440029b92226213d137bb,shadow_fp32,curvature/verdict_code_gradient,verdict_code,gradient,631,0.2503968253968254,0.0,hvp-shadow-fp32-ieee-v1,torch.float32
d12-s8,12,8,d12-s8-s0-2b2e72e4395440029b92226213d137bb,shadow_fp32,curvature/e_sym_update,e_sym,update,631,0.2503968253968254,3.5373991542380764e-07,hvp-shadow-fp32-ieee-v1,torch.float32
d12-s8,12,8,d12-s8-s0-2b2e72e4395440029b92226213d137bb,shadow_fp32,curvature/e_lin_update,e_lin,update,631,0.2503968253968254,6.952574249645128e-07,hvp-shadow-fp32-ieee-v1,torch.float32
d12-s8,12,8,d12-s8-s0-2b2e72e4395440029b92226213d137bb,shadow_fp32,curvature/verdict_code_update,verdict_code,update,631,0.2503968253968254,1.0,hvp-shadow-fp32-ieee-v1,torch.float32
d12-s8,12,8,d12-s8-s0-2b2e72e4395440029b92226213d137bb,native,curvature/e_sym_random,e_sym,random,631,0.2503968253968254,0.016530340014687405,,torch.bfloat16
d12-s8,12,8,d12-s8-s0-2b2e72e4395440029b92226213d137bb,native,curvature/e_lin_random,e_lin,random,631,0.2503968253968254,0.010868862840610023,,torch.bfloat16
d12-s8,12,8,d12-s8-s0-2b2e72e4395440029b92226213d137bb,native,curvature/verdict_code_random,verdict_code,random,631,0.2503968253968254,2.0,,torch.bfloat16
d12-s8,12,8,d12-s8-s0-2b2e72e4395440029b92226213d137bb,native,curvature/e_sym_gradient,e_sym,gradient,631,0.2503968253968254,0.0019392703016925794,,torch.bfloat16
d12-s8,12,8,d12-s8-s0-2b2e72e4395440029b92226213d137bb,native,curvature/e_lin_gradient,e_lin,gradient,631,0.2503968253968254,0.007558294947191866,,torch.bfloat16
d12-s8,12,8,d12-s8-s0-2b2e72e4395440029b92226213d137bb,native,curvature/verdict_code_gradient,verdict_code,gradient,631,0.2503968253968254,2.0,,torch.bfloat16
d12-s8,12,8,d12-s8-s0-2b2e72e4395440029b92226213d137bb,native,curvature/e_sym_update,e_sym,update,631,0.2503968253968254,0.015421675917315025,,torch.bfloat16
d12-s8,12,8,d12-s8-s0-2b2e72e4395440029b92226213d137bb,native,curvature/e_lin_update,e_lin,update,631,0.2503968253968254,0.010503973454561808,,torch.bfloat16
d12-s8,12,8,d12-s8-s0-2b2e72e4395440029b92226213d137bb,native,curvature/verdict_code_update,verdict_code,update,631,0.2503968253968254,2.0,,torch.bfloat16
d12-s8,12,8,d12-s8-s0-2b2e72e4395440029b92226213d137bb,shadow_fp32,curvature/e_sym_random,e_sym,random,757,0.3003968253968254,3.699244572245914e-08,hvp-shadow-fp32-ieee-v1,torch.float32
d12-s8,12,8,d12-s8-s0-2b2e72e4395440029b92226213d137bb,shadow_fp32,curvature/e_lin_random,e_lin,random,757,0.3003968253968254,7.624813890015373e-07,hvp-shadow-fp32-ieee-v1,torch.float32
d12-s8,12,8,d12-s8-s0-2b2e72e4395440029b92226213d137bb,shadow_fp32,curvature/verdict_code_random,verdict_code,random,757,0.3003968253968254,1.0,hvp-shadow-fp32-ieee-v1,torch.float32
d12-s8,12,8,d12-s8-s0-2b2e72e4395440029b92226213d137bb,shadow_fp32,curvature/e_sym_gradient,e_sym,gradient,757,0.3003968253968254,1.37828122762904e-06,hvp-shadow-fp32-ieee-v1,torch.float32
d12-s8,12,8,d12-s8-s0-2b2e72e4395440029b92226213d137bb,shadow_fp32,curvature/e_lin_gradient,e_lin,gradient,757,0.3003968253968254,4.875059594260404e-07,hvp-shadow-fp32-ieee-v1,torch.float32
d12-s8,12,8,d12-s8-s0-2b2e72e4395440029b92226213d137bb,shadow_fp32,curvature/verdict_code_gradient,verdict_code,gradient,757,0.3003968253968254,0.0,hvp-shadow-fp32-ieee-v1,torch.float32
d12-s8,12,8,d12-s8-s0-2b2e72e4395440029b92226213d137bb,shadow_fp32,curvature/e_sym_update,e_sym,update,757,0.3003968253968254,3.205695246423379e-07,hvp-shadow-fp32-ieee-v1,torch.float32
d12-s8,12,8,d12-s8-s0-2b2e72e4395440029b92226213d137bb,shadow_fp32,curvature/e_lin_update,e_lin,update,757,0.3003968253968254,7.185841565631431e-07,hvp-shadow-fp32-ieee-v1,torch.float32
d12-s8,12,8,d12-s8-s0-2b2e72e4395440029b92226213d137bb,shadow_fp32,curvature/verdict_code_update,verdict_code,update,757,0.3003968253968254,1.0,hvp-shadow-fp32-ieee-v1,torch.float32
d12-s8,12,8,d12-s8-s0-2b2e72e4395440029b92226213d137bb,native,curvature/e_sym_random,e_sym,random,757,0.3003968253968254,0.01564797509718478,,torch.bfloat16
d12-s8,12,8,d12-s8-s0-2b2e72e4395440029b92226213d137bb,native,curvature/e_lin_random,e_lin,random,757,0.3003968253968254,0.011473857942496196,,torch.bfloat16
d12-s8,12,8,d12-s8-s0-2b2e72e4395440029b92226213d137bb,native,curvature/verdict_code_random,verdict_code,random,757,0.3003968253968254,2.0,,torch.bfloat16
d12-s8,12,8,d12-s8-s0-2b2e72e4395440029b92226213d137bb,native,curvature/e_sym_gradient,e_sym,gradient,757,0.3003968253968254,0.018557290263957495,,torch.bfloat16
d12-s8,12,8,d12-s8-s0-2b2e72e4395440029b92226213d137bb,native,curvature/e_lin_gradient,e_lin,gradient,757,0.3003968253968254,0.0059313866087214355,,torch.bfloat16
d12-s8,12,8,d12-s8-s0-2b2e72e4395440029b92226213d137bb,native,curvature/verdict_code_gradient,verdict_code,gradient,757,0.3003968253968254,2.0,,torch.bfloat16
d12-s8,12,8,d12-s8-s0-2b2e72e4395440029b92226213d137bb,native,curvature/e_sym_update,e_sym,update,757,0.3003968253968254,0.007145578666678783,,torch.bfloat16
d12-s8,12,8,d12-s8-s0-2b2e72e4395440029b92226213d137bb,native,curvature/e_lin_update,e_lin,update,757,0.3003968253968254,0.010352671430926816,,torch.bfloat16
d12-s8,12,8,d12-s8-s0-2b2e72e4395440029b92226213d137bb,native,curvature/verdict_code_update,verdict_code,update,757,0.3003968253968254,2.0,,torch.bfloat16
d12-s8,12,8,d12-s8-s0-2b2e72e4395440029b92226213d137bb,shadow_fp32,curvature/e_sym_random,e_sym,random,883,0.3503968253968254,3.7141546060105476e-07,hvp-shadow-fp32-ieee-v1,torch.float32
d12-s8,12,8,d12-s8-s0-2b2e72e4395440029b92226213d137bb,shadow_fp32,curvature/e_lin_random,e_lin,random,883,0.3503968253968254,7.735694205875379e-07,hvp-shadow-fp32-ieee-v1,torch.float32
d12-s8,12,8,d12-s8-s0-2b2e72e4395440029b92226213d137bb,shadow_fp32,curvature/verdict_code_random,verdict_code,random,883,0.3503968253968254,1.0,hvp-shadow-fp32-ieee-v1,torch.float32
d12-s8,12,8,d12-s8-s0-2b2e72e4395440029b92226213d137bb,shadow_fp32,curvature/e_sym_gradient,e_sym,gradient,883,0.3503968253968254,1.2896091057468115e-07,hvp-shadow-fp32-ieee-v1,torch.float32
d12-s8,12,8,d12-s8-s0-2b2e72e4395440029b92226213d137bb,shadow_fp32,curvature/e_lin_gradient,e_lin,gradient,883,0.3503968253968254,5.023532848113368e-07,hvp-shadow-fp32-ieee-v1,torch.float32
d12-s8,12,8,d12-s8-s0-2b2e72e4395440029b92226213d137bb,shadow_fp32,curvature/verdict_code_gradient,verdict_code,gradient,883,0.3503968253968254,0.0,hvp-shadow-fp32-ieee-v1,torch.float32
d12-s8,12,8,d12-s8-s0-2b2e72e4395440029b92226213d137bb,shadow_fp32,curvature/e_sym_update,e_sym,update,883,0.3503968253968254,2.1397404566013767e-06,hvp-shadow-fp32-ieee-v1,torch.float32
d12-s8,12,8,d12-s8-s0-2b2e72e4395440029b92226213d137bb,shadow_fp32,curvature/e_lin_update,e_lin,update,883,0.3503968253968254,7.797933560005004e-07,hvp-shadow-fp32-ieee-v1,torch.float32
d12-s8,12,8,d12-s8-s0-2b2e72e4395440029b92226213d137bb,shadow_fp32,curvature/verdict_code_update,verdict_code,update,883,0.3503968253968254,1.0,hvp-shadow-fp32-ieee-v1,torch.float32
d12-s8,12,8,d12-s8-s0-2b2e72e4395440029b92226213d137bb,native,curvature/e_sym_random,e_sym,random,883,0.3503968253968254,0.00763754258318158,,torch.bfloat16
d12-s8,12,8,d12-s8-s0-2b2e72e4395440029b92226213d137bb,native,curvature/e_lin_random,e_lin,random,883,0.3503968253968254,0.011693319683510606,,torch.bfloat16
d12-s8,12,8,d12-s8-s0-2b2e72e4395440029b92226213d137bb,native,curvature/verdict_code_random,verdict_code,random,883,0.3503968253968254,2.0,,torch.bfloat16
d12-s8,12,8,d12-s8-s0-2b2e72e4395440029b92226213d137bb,native,curvature/e_sym_gradient,e_sym,gradient,883,0.3503968253968254,0.0005865263404453609,,torch.bfloat16
d12-s8,12,8,d12-s8-s0-2b2e72e4395440029b92226213d137bb,native,curvature/e_lin_gradient,e_lin,gradient,883,0.3503968253968254,0.007132028848170593,,torch.bfloat16
d12-s8,12,8,d12-s8-s0-2b2e72e4395440029b92226213d137bb,native,curvature/verdict_code_gradient,verdict_code,gradient,883,0.3503968253968254,2.0,,torch.bfloat16
d12-s8,12,8,d12-s8-s0-2b2e72e4395440029b92226213d137bb,native,curvature/e_sym_update,e_sym,update,883,0.3503968253968254,0.20864387515098048,,torch.bfloat16
d12-s8,12,8,d12-s8-s0-2b2e72e4395440029b92226213d137bb,native,curvature/e_lin_update,e_lin,update,883,0.3503968253968254,0.011484035859765374,,torch.bfloat16
d12-s8,12,8,d12-s8-s0-2b2e72e4395440029b92226213d137bb,native,curvature/verdict_code_update,verdict_code,update,883,0.3503968253968254,2.0,,torch.bfloat16
d12-s8,12,8,d12-s8-s0-2b2e72e4395440029b92226213d137bb,shadow_fp32,curvature/e_sym_random,e_sym,random,1009,0.4003968253968254,1.1351839341690011e-05,hvp-shadow-fp32-ieee-v1,torch.float32
d12-s8,12,8,d12-s8-s0-2b2e72e4395440029b92226213d137bb,shadow_fp32,curvature/e_lin_random,e_lin,random,1009,0.4003968253968254,7.481947951293663e-07,hvp-shadow-fp32-ieee-v1,torch.float32
d12-s8,12,8,d12-s8-s0-2b2e72e4395440029b92226213d137bb,shadow_fp32,curvature/verdict_code_random,verdict_code,random,1009,0.4003968253968254,1.0,hvp-shadow-fp32-ieee-v1,torch.float32
d12-s8,12,8,d12-s8-s0-2b2e72e4395440029b92226213d137bb,shadow_fp32,curvature/e_sym_gradient,e_sym,gradient,1009,0.4003968253968254,3.8454132927898796e-08,hvp-shadow-fp32-ieee-v1,torch.float32
d12-s8,12,8,d12-s8-s0-2b2e72e4395440029b92226213d137bb,shadow_fp32,curvature/e_lin_gradient,e_lin,gradient,1009,0.4003968253968254,4.908215886017089e-07,hvp-shadow-fp32-ieee-v1,torch.float32
d12-s8,12,8,d12-s8-s0-2b2e72e4395440029b92226213d137bb,shadow_fp32,curvature/verdict_code_gradient,verdict_code,gradient,1009,0.4003968253968254,0.0,hvp-shadow-fp32-ieee-v1,torch.float32
d12-s8,12,8,d12-s8-s0-2b2e72e4395440029b92226213d137bb,shadow_fp32,curvature/e_sym_update,e_sym,update,1009,0.4003968253968254,1.4233092736083853e-07,hvp-shadow-fp32-ieee-v1,torch.float32
d12-s8,12,8,d12-s8-s0-2b2e72e4395440029b92226213d137bb,shadow_fp32,curvature/e_lin_update,e_lin,update,1009,0.4003968253968254,7.557663615787306e-07,hvp-shadow-fp32-ieee-v1,torch.float32
d12-s8,12,8,d12-s8-s0-2b2e72e4395440029b92226213d137bb,shadow_fp32,curvature/verdict_code_update,verdict_code,update,1009,0.4003968253968254,1.0,hvp-shadow-fp32-ieee-v1,torch.float32
d12-s8,12,8,d12-s8-s0-2b2e72e4395440029b92226213d137bb,native,curvature/e_sym_random,e_sym,random,1009,0.4003968253968254,0.06015264148392998,,torch.bfloat16
d12-s8,12,8,d12-s8-s0-2b2e72e4395440029b92226213d137bb,native,curvature/e_lin_random,e_lin,random,1009,0.4003968253968254,0.011256641915723188,,torch.bfloat16
d12-s8,12,8,d12-s8-s0-2b2e72e4395440029b92226213d137bb,native,curvature/verdict_code_random,verdict_code,random,1009,0.4003968253968254,2.0,,torch.bfloat16
d12-s8,12,8,d12-s8-s0-2b2e72e4395440029b92226213d137bb,native,curvature/e_sym_gradient,e_sym,gradient,1009,0.4003968253968254,0.0015544378716797907,,torch.bfloat16
d12-s8,12,8,d12-s8-s0-2b2e72e4395440029b92226213d137bb,native,curvature/e_lin_gradient,e_lin,gradient,1009,0.4003968253968254,0.005956713721807792,,torch.bfloat16
d12-s8,12,8,d12-s8-s0-2b2e72e4395440029b92226213d137bb,native,curvature/verdict_code_gradient,verdict_code,gradient,1009,0.4003968253968254,2.0,,torch.bfloat16
d12-s8,12,8,d12-s8-s0-2b2e72e4395440029b92226213d137bb,native,curvature/e_sym_update,e_sym,update,1009,0.4003968253968254,0.014700555437290189,,torch.bfloat16
d12-s8,12,8,d12-s8-s0-2b2e72e4395440029b92226213d137bb,native,curvature/e_lin_update,e_lin,update,1009,0.4003968253968254,0.010932284810852818,,torch.bfloat16
d12-s8,12,8,d12-s8-s0-2b2e72e4395440029b92226213d137bb,native,curvature/verdict_code_update,verdict_code,update,1009,0.4003968253968254,2.0,,torch.bfloat16
d12-s8,12,8,d12-s8-s0-2b2e72e4395440029b92226213d137bb,shadow_fp32,curvature/e_sym_random,e_sym,random,1135,0.4503968253968254,2.653277709248679e-06,hvp-shadow-fp32-ieee-v1,torch.float32
d12-s8,12,8,d12-s8-s0-2b2e72e4395440029b92226213d137bb,shadow_fp32,curvature/e_lin_random,e_lin,random,1135,0.4503968253968254,7.376877305780896e-07,hvp-shadow-fp32-ieee-v1,torch.float32
d12-s8,12,8,d12-s8-s0-2b2e72e4395440029b92226213d137bb,shadow_fp32,curvature/verdict_code_random,verdict_code,random,1135,0.4503968253968254,1.0,hvp-shadow-fp32-ieee-v1,torch.float32
d12-s8,12,8,d12-s8-s0-2b2e72e4395440029b92226213d137bb,shadow_fp32,curvature/e_sym_gradient,e_sym,gradient,1135,0.4503968253968254,1.571700927225211e-06,hvp-shadow-fp32-ieee-v1,torch.float32
d12-s8,12,8,d12-s8-s0-2b2e72e4395440029b92226213d137bb,shadow_fp32,curvature/e_lin_gradient,e_lin,gradient,1135,0.4503968253968254,4.562033280918475e-07,hvp-shadow-fp32-ieee-v1,torch.float32
d12-s8,12,8,d12-s8-s0-2b2e72e4395440029b92226213d137bb,shadow_fp32,curvature/verdict_code_gradient,verdict_code,gradient,1135,0.4503968253968254,0.0,hvp-shadow-fp32-ieee-v1,torch.float32
d12-s8,12,8,d12-s8-s0-2b2e72e4395440029b92226213d137bb,shadow_fp32,curvature/e_sym_update,e_sym,update,1135,0.4503968253968254,1.1878724726172045e-06,hvp-shadow-fp32-ieee-v1,torch.float32
d12-s8,12,8,d12-s8-s0-2b2e72e4395440029b92226213d137bb,shadow_fp32,curvature/e_lin_update,e_lin,update,1135,0.4503968253968254,7.405808650823696e-07,hvp-shadow-fp32-ieee-v1,torch.float32
d12-s8,12,8,d12-s8-s0-2b2e72e4395440029b92226213d137bb,shadow_fp32,curvature/verdict_code_update,verdict_code,update,1135,0.4503968253968254,1.0,hvp-shadow-fp32-ieee-v1,torch.float32
d12-s8,12,8,d12-s8-s0-2b2e72e4395440029b92226213d137bb,native,curvature/e_sym_random,e_sym,random,1135,0.4503968253968254,0.033249601847676606,,torch.bfloat16
d12-s8,12,8,d12-s8-s0-2b2e72e4395440029b92226213d137bb,native,curvature/e_lin_random,e_lin,random,1135,0.4503968253968254,0.010611583431180094,,torch.bfloat16
d12-s8,12,8,d12-s8-s0-2b2e72e4395440029b92226213d137bb,native,curvature/verdict_code_random,verdict_code,random,1135,0.4503968253968254,2.0,,torch.bfloat16
d12-s8,12,8,d12-s8-s0-2b2e72e4395440029b92226213d137bb,native,curvature/e_sym_gradient,e_sym,gradient,1135,0.4503968253968254,0.002079138060466292,,torch.bfloat16
d12-s8,12,8,d12-s8-s0-2b2e72e4395440029b92226213d137bb,native,curvature/e_lin_gradient,e_lin,gradient,1135,0.4503968253968254,0.00479337074575322,,torch.bfloat16
d12-s8,12,8,d12-s8-s0-2b2e72e4395440029b92226213d137bb,native,curvature/verdict_code_gradient,verdict_code,gradient,1135,0.4503968253968254,2.0,,torch.bfloat16
d12-s8,12,8,d12-s8-s0-2b2e72e4395440029b92226213d137bb,native,curvature/e_sym_update,e_sym,update,1135,0.4503968253968254,0.020465154890446986,,torch.bfloat16
d12-s8,12,8,d12-s8-s0-2b2e72e4395440029b92226213d137bb,native,curvature/e_lin_update,e_lin,update,1135,0.4503968253968254,0.010107630773549873,,torch.bfloat16
d12-s8,12,8,d12-s8-s0-2b2e72e4395440029b92226213d137bb,native,curvature/verdict_code_update,verdict_code,update,1135,0.4503968253968254,2.0,,torch.bfloat16
d12-s8,12,8,d12-s8-s0-2b2e72e4395440029b92226213d137bb,shadow_fp32,curvature/e_sym_random,e_sym,random,1261,0.5003968253968254,1.6408866907775881e-07,hvp-shadow-fp32-ieee-v1,torch.float32
d12-s8,12,8,d12-s8-s0-2b2e72e4395440029b92226213d137bb,shadow_fp32,curvature/e_lin_random,e_lin,random,1261,0.5003968253968254,1.0083010175091715e-06,hvp-shadow-fp32-ieee-v1,torch.float32
d12-s8,12,8,d12-s8-s0-2b2e72e4395440029b92226213d137bb,shadow_fp32,curvature/verdict_code_random,verdict_code,random,1261,0.5003968253968254,1.0,hvp-shadow-fp32-ieee-v1,torch.float32
d12-s8,12,8,d12-s8-s0-2b2e72e4395440029b92226213d137bb,shadow_fp32,curvature/e_sym_gradient,e_sym,gradient,1261,0.5003968253968254,2.993726020357397e-06,hvp-shadow-fp32-ieee-v1,torch.float32
d12-s8,12,8,d12-s8-s0-2b2e72e4395440029b92226213d137bb,shadow_fp32,curvature/e_lin_gradient,e_lin,gradient,1261,0.5003968253968254,5.313091921708051e-07,hvp-shadow-fp32-ieee-v1,torch.float32
d12-s8,12,8,d12-s8-s0-2b2e72e4395440029b92226213d137bb,shadow_fp32,curvature/verdict_code_gradient,verdict_code,gradient,1261,0.5003968253968254,0.0,hvp-shadow-fp32-ieee-v1,torch.float32
d12-s8,12,8,d12-s8-s0-2b2e72e4395440029b92226213d137bb,shadow_fp32,curvature/e_sym_update,e_sym,update,1261,0.5003968253968254,2.225980800633652e-05,hvp-shadow-fp32-ieee-v1,torch.float32
d12-s8,12,8,d12-s8-s0-2b2e72e4395440029b92226213d137bb,shadow_fp32,curvature/e_lin_update,e_lin,update,1261,0.5003968253968254,8.747072838549664e-07,hvp-shadow-fp32-ieee-v1,torch.float32
d12-s8,12,8,d12-s8-s0-2b2e72e4395440029b92226213d137bb,shadow_fp32,curvature/verdict_code_update,verdict_code,update,1261,0.5003968253968254,1.0,hvp-shadow-fp32-ieee-v1,torch.float32
d12-s8,12,8,d12-s8-s0-2b2e72e4395440029b92226213d137bb,native,curvature/e_sym_random,e_sym,random,1261,0.5003968253968254,0.0014484444928972052,,torch.bfloat16
d12-s8,12,8,d12-s8-s0-2b2e72e4395440029b92226213d137bb,native,curvature/e_lin_random,e_lin,random,1261,0.5003968253968254,0.01123738502961989,,torch.bfloat16
d12-s8,12,8,d12-s8-s0-2b2e72e4395440029b92226213d137bb,native,curvature/verdict_code_random,verdict_code,random,1261,0.5003968253968254,2.0,,torch.bfloat16
d12-s8,12,8,d12-s8-s0-2b2e72e4395440029b92226213d137bb,native,curvature/e_sym_gradient,e_sym,gradient,1261,0.5003968253968254,0.0019249046377413815,,torch.bfloat16
d12-s8,12,8,d12-s8-s0-2b2e72e4395440029b92226213d137bb,native,curvature/e_lin_gradient,e_lin,gradient,1261,0.5003968253968254,0.006413476419127263,,torch.bfloat16
d12-s8,12,8,d12-s8-s0-2b2e72e4395440029b92226213d137bb,native,curvature/verdict_code_gradient,verdict_code,gradient,1261,0.5003968253968254,2.0,,torch.bfloat16
d12-s8,12,8,d12-s8-s0-2b2e72e4395440029b92226213d137bb,native,curvature/e_sym_update,e_sym,update,1261,0.5003968253968254,0.00998483982304964,,torch.bfloat16
d12-s8,12,8,d12-s8-s0-2b2e72e4395440029b92226213d137bb,native,curvature/e_lin_update,e_lin,update,1261,0.5003968253968254,0.010175575516526151,,torch.bfloat16
d12-s8,12,8,d12-s8-s0-2b2e72e4395440029b92226213d137bb,native,curvature/verdict_code_update,verdict_code,update,1261,0.5003968253968254,2.0,,torch.bfloat16
d12-s8,12,8,d12-s8-s0-2b2e72e4395440029b92226213d137bb,shadow_fp32,curvature/e_sym_random,e_sym,random,1386,0.55,1.009821858626781e-06,hvp-shadow-fp32-ieee-v1,torch.float32
d12-s8,12,8,d12-s8-s0-2b2e72e4395440029b92226213d137bb,shadow_fp32,curvature/e_lin_random,e_lin,random,1386,0.55,8.179565129768508e-07,hvp-shadow-fp32-ieee-v1,torch.float32
d12-s8,12,8,d12-s8-s0-2b2e72e4395440029b92226213d137bb,shadow_fp32,curvature/verdict_code_random,verdict_code,random,1386,0.55,1.0,hvp-shadow-fp32-ieee-v1,torch.float32
d12-s8,12,8,d12-s8-s0-2b2e72e4395440029b92226213d137bb,shadow_fp32,curvature/e_sym_gradient,e_sym,gradient,1386,0.55,6.662785442522409e-07,hvp-shadow-fp32-ieee-v1,torch.float32
d12-s8,12,8,d12-s8-s0-2b2e72e4395440029b92226213d137bb,shadow_fp32,curvature/e_lin_gradient,e_lin,gradient,1386,0.55,4.930232602866672e-07,hvp-shadow-fp32-ieee-v1,torch.float32
d12-s8,12,8,d12-s8-s0-2b2e72e4395440029b92226213d137bb,shadow_fp32,curvature/verdict_code_gradient,verdict_code,gradient,1386,0.55,0.0,hvp-shadow-fp32-ieee-v1,torch.float32
d12-s8,12,8,d12-s8-s0-2b2e72e4395440029b92226213d137bb,shadow_fp32,curvature/e_sym_update,e_sym,update,1386,0.55,3.991245929230163e-06,hvp-shadow-fp32-ieee-v1,torch.float32
d12-s8,12,8,d12-s8-s0-2b2e72e4395440029b92226213d137bb,shadow_fp32,curvature/e_lin_update,e_lin,update,1386,0.55,8.150283136757667e-07,hvp-shadow-fp32-ieee-v1,torch.float32
d12-s8,12,8,d12-s8-s0-2b2e72e4395440029b92226213d137bb,shadow_fp32,curvature/verdict_code_update,verdict_code,update,1386,0.55,1.0,hvp-shadow-fp32-ieee-v1,torch.float32
d12-s8,12,8,d12-s8-s0-2b2e72e4395440029b92226213d137bb,native,curvature/e_sym_random,e_sym,random,1386,0.55,0.002606092032854457,,torch.bfloat16
d12-s8,12,8,d12-s8-s0-2b2e72e4395440029b92226213d137bb,native,curvature/e_lin_random,e_lin,random,1386,0.55,0.01109353306528164,,torch.bfloat16
d12-s8,12,8,d12-s8-s0-2b2e72e4395440029b92226213d137bb,native,curvature/verdict_code_random,verdict_code,random,1386,0.55,2.0,,torch.bfloat16
d12-s8,12,8,d12-s8-s0-2b2e72e4395440029b92226213d137bb,native,curvature/e_sym_gradient,e_sym,gradient,1386,0.55,0.0051817776372665375,,torch.bfloat16
d12-s8,12,8,d12-s8-s0-2b2e72e4395440029b92226213d137bb,native,curvature/e_lin_gradient,e_lin,gradient,1386,0.55,0.005291008678665494,,torch.bfloat16
d12-s8,12,8,d12-s8-s0-2b2e72e4395440029b92226213d137bb,native,curvature/verdict_code_gradient,verdict_code,gradient,1386,0.55,2.0,,torch.bfloat16
d12-s8,12,8,d12-s8-s0-2b2e72e4395440029b92226213d137bb,native,curvature/e_sym_update,e_sym,update,1386,0.55,0.00014645911106788507,,torch.bfloat16
d12-s8,12,8,d12-s8-s0-2b2e72e4395440029b92226213d137bb,native,curvature/e_lin_update,e_lin,update,1386,0.55,0.010995867597040354,,torch.bfloat16
d12-s8,12,8,d12-s8-s0-2b2e72e4395440029b92226213d137bb,native,curvature/verdict_code_update,verdict_code,update,1386,0.55,2.0,,torch.bfloat16
d12-s8,12,8,d12-s8-s0-2b2e72e4395440029b92226213d137bb,shadow_fp32,curvature/e_sym_random,e_sym,random,1512,0.6,5.251580297195412e-07,hvp-shadow-fp32-ieee-v1,torch.float32
d12-s8,12,8,d12-s8-s0-2b2e72e4395440029b92226213d137bb,shadow_fp32,curvature/e_lin_random,e_lin,random,1512,0.6,8.108108828091845e-07,hvp-shadow-fp32-ieee-v1,torch.float32
d12-s8,12,8,d12-s8-s0-2b2e72e4395440029b92226213d137bb,shadow_fp32,curvature/verdict_code_random,verdict_code,random,1512,0.6,1.0,hvp-shadow-fp32-ieee-v1,torch.float32
d12-s8,12,8,d12-s8-s0-2b2e72e4395440029b92226213d137bb,shadow_fp32,curvature/e_sym_gradient,e_sym,gradient,1512,0.6,1.1777775504736137e-06,hvp-shadow-fp32-ieee-v1,torch.float32
d12-s8,12,8,d12-s8-s0-2b2e72e4395440029b92226213d137bb,shadow_fp32,curvature/e_lin_gradient,e_lin,gradient,1512,0.6,4.995741354770805e-07,hvp-shadow-fp32-ieee-v1,torch.float32
d12-s8,12,8,d12-s8-s0-2b2e72e4395440029b92226213d137bb,shadow_fp32,curvature/verdict_code_gradient,verdict_code,gradient,1512,0.6,0.0,hvp-shadow-fp32-ieee-v1,torch.float32
d12-s8,12,8,d12-s8-s0-2b2e72e4395440029b92226213d137bb,shadow_fp32,curvature/e_sym_update,e_sym,update,1512,0.6,1.2636721918491062e-06,hvp-shadow-fp32-ieee-v1,torch.float32
d12-s8,12,8,d12-s8-s0-2b2e72e4395440029b92226213d137bb,shadow_fp32,curvature/e_lin_update,e_lin,update,1512,0.6,7.811148283557065e-07,hvp-shadow-fp32-ieee-v1,torch.float32
d12-s8,12,8,d12-s8-s0-2b2e72e4395440029b92226213d137bb,shadow_fp32,curvature/verdict_code_update,verdict_code,update,1512,0.6,1.0,hvp-shadow-fp32-ieee-v1,torch.float32
d12-s8,12,8,d12-s8-s0-2b2e72e4395440029b92226213d137bb,native,curvature/e_sym_random,e_sym,random,1512,0.6,0.000715590013838934,,torch.bfloat16
d12-s8,12,8,d12-s8-s0-2b2e72e4395440029b92226213d137bb,native,curvature/e_lin_random,e_lin,random,1512,0.6,0.011362572940764855,,torch.bfloat16
d12-s8,12,8,d12-s8-s0-2b2e72e4395440029b92226213d137bb,native,curvature/verdict_code_random,verdict_code,random,1512,0.6,2.0,,torch.bfloat16
d12-s8,12,8,d12-s8-s0-2b2e72e4395440029b92226213d137bb,native,curvature/e_sym_gradient,e_sym,gradient,1512,0.6,0.00401485199401174,,torch.bfloat16
d12-s8,12,8,d12-s8-s0-2b2e72e4395440029b92226213d137bb,native,curvature/e_lin_gradient,e_lin,gradient,1512,0.6,0.005438608787170989,,torch.bfloat16
d12-s8,12,8,d12-s8-s0-2b2e72e4395440029b92226213d137bb,native,curvature/verdict_code_gradient,verdict_code,gradient,1512,0.6,2.0,,torch.bfloat16
d12-s8,12,8,d12-s8-s0-2b2e72e4395440029b92226213d137bb,native,curvature/e_sym_update,e_sym,update,1512,0.6,0.014826418857887077,,torch.bfloat16
d12-s8,12,8,d12-s8-s0-2b2e72e4395440029b92226213d137bb,native,curvature/e_lin_update,e_lin,update,1512,0.6,0.010586348659720425,,torch.bfloat16
d12-s8,12,8,d12-s8-s0-2b2e72e4395440029b92226213d137bb,native,curvature/verdict_code_update,verdict_code,update,1512,0.6,2.0,,torch.bfloat16
d12-s8,12,8,d12-s8-s0-2b2e72e4395440029b92226213d137bb,shadow_fp32,curvature/e_sym_random,e_sym,random,1638,0.65,1.889817792566226e-07,hvp-shadow-fp32-ieee-v1,torch.float32
d12-s8,12,8,d12-s8-s0-2b2e72e4395440029b92226213d137bb,shadow_fp32,curvature/e_lin_random,e_lin,random,1638,0.65,7.516344848931731e-07,hvp-shadow-fp32-ieee-v1,torch.float32
d12-s8,12,8,d12-s8-s0-2b2e72e4395440029b92226213d137bb,shadow_fp32,curvature/verdict_code_random,verdict_code,random,1638,0.65,1.0,hvp-shadow-fp32-ieee-v1,torch.float32
d12-s8,12,8,d12-s8-s0-2b2e72e4395440029b92226213d137bb,shadow_fp32,curvature/e_sym_gradient,e_sym,gradient,1638,0.65,7.868550634539535e-07,hvp-shadow-fp32-ieee-v1,torch.float32
d12-s8,12,8,d12-s8-s0-2b2e72e4395440029b92226213d137bb,shadow_fp32,curvature/e_lin_gradient,e_lin,gradient,1638,0.65,4.5643710437267926e-07,hvp-shadow-fp32-ieee-v1,torch.float32
d12-s8,12,8,d12-s8-s0-2b2e72e4395440029b92226213d137bb,shadow_fp32,curvature/verdict_code_gradient,verdict_code,gradient,1638,0.65,0.0,hvp-shadow-fp32-ieee-v1,torch.float32
d12-s8,12,8,d12-s8-s0-2b2e72e4395440029b92226213d137bb,shadow_fp32,curvature/e_sym_update,e_sym,update,1638,0.65,6.438322595800791e-07,hvp-shadow-fp32-ieee-v1,torch.float32
d12-s8,12,8,d12-s8-s0-2b2e72e4395440029b92226213d137bb,shadow_fp32,curvature/e_lin_update,e_lin,update,1638,0.65,7.079174264265814e-07,hvp-shadow-fp32-ieee-v1,torch.float32
d12-s8,12,8,d12-s8-s0-2b2e72e4395440029b92226213d137bb,shadow_fp32,curvature/verdict_code_update,verdict_code,update,1638,0.65,1.0,hvp-shadow-fp32-ieee-v1,torch.float32
d12-s8,12,8,d12-s8-s0-2b2e72e4395440029b92226213d137bb,native,curvature/e_sym_random,e_sym,random,1638,0.65,0.0025450181971460838,,torch.bfloat16
d12-s8,12,8,d12-s8-s0-2b2e72e4395440029b92226213d137bb,native,curvature/e_lin_random,e_lin,random,1638,0.65,0.010751219017213282,,torch.bfloat16
d12-s8,12,8,d12-s8-s0-2b2e72e4395440029b92226213d137bb,native,curvature/verdict_code_random,verdict_code,random,1638,0.65,2.0,,torch.bfloat16
d12-s8,12,8,d12-s8-s0-2b2e72e4395440029b92226213d137bb,native,curvature/e_sym_gradient,e_sym,gradient,1638,0.65,0.004457828848636226,,torch.bfloat16
d12-s8,12,8,d12-s8-s0-2b2e72e4395440029b92226213d137bb,native,curvature/e_lin_gradient,e_lin,gradient,1638,0.65,0.004891497810251472,,torch.bfloat16
d12-s8,12,8,d12-s8-s0-2b2e72e4395440029b92226213d137bb,native,curvature/verdict_code_gradient,verdict_code,gradient,1638,0.65,2.0,,torch.bfloat16
d12-s8,12,8,d12-s8-s0-2b2e72e4395440029b92226213d137bb,native,curvature/e_sym_update,e_sym,update,1638,0.65,0.0027869539863249982,,torch.bfloat16
d12-s8,12,8,d12-s8-s0-2b2e72e4395440029b92226213d137bb,native,curvature/e_lin_update,e_lin,update,1638,0.65,0.009585093002417439,,torch.bfloat16
d12-s8,12,8,d12-s8-s0-2b2e72e4395440029b92226213d137bb,native,curvature/verdict_code_update,verdict_code,update,1638,0.65,2.0,,torch.bfloat16
d12-s8,12,8,d12-s8-s0-2b2e72e4395440029b92226213d137bb,shadow_fp32,curvature/e_sym_random,e_sym,random,1764,0.7,3.1935879513668443e-07,hvp-shadow-fp32-ieee-v1,torch.float32
d12-s8,12,8,d12-s8-s0-2b2e72e4395440029b92226213d137bb,shadow_fp32,curvature/e_lin_random,e_lin,random,1764,0.7,7.808028138503378e-07,hvp-shadow-fp32-ieee-v1,torch.float32
d12-s8,12,8,d12-s8-s0-2b2e72e4395440029b92226213d137bb,shadow_fp32,curvature/verdict_code_random,verdict_code,random,1764,0.7,1.0,hvp-shadow-fp32-ieee-v1,torch.float32
d12-s8,12,8,d12-s8-s0-2b2e72e4395440029b92226213d137bb,shadow_fp32,curvature/e_sym_gradient,e_sym,gradient,1764,0.7,7.626338494370708e-07,hvp-shadow-fp32-ieee-v1,torch.float32
d12-s8,12,8,d12-s8-s0-2b2e72e4395440029b92226213d137bb,shadow_fp32,curvature/e_lin_gradient,e_lin,gradient,1764,0.7,5.233279278287751e-07,hvp-shadow-fp32-ieee-v1,torch.float32
d12-s8,12,8,d12-s8-s0-2b2e72e4395440029b92226213d137bb,shadow_fp32,curvature/verdict_code_gradient,verdict_code,gradient,1764,0.7,0.0,hvp-shadow-fp32-ieee-v1,torch.float32
d12-s8,12,8,d12-s8-s0-2b2e72e4395440029b92226213d137bb,shadow_fp32,curvature/e_sym_update,e_sym,update,1764,0.7,1.6398005845025864e-05,hvp-shadow-fp32-ieee-v1,torch.float32
d12-s8,12,8,d12-s8-s0-2b2e72e4395440029b92226213d137bb,shadow_fp32,curvature/e_lin_update,e_lin,update,1764,0.7,8.529773629873119e-07,hvp-shadow-fp32-ieee-v1,torch.float32
d12-s8,12,8,d12-s8-s0-2b2e72e4395440029b92226213d137bb,shadow_fp32,curvature/verdict_code_update,verdict_code,update,1764,0.7,1.0,hvp-shadow-fp32-ieee-v1,torch.float32
d12-s8,12,8,d12-s8-s0-2b2e72e4395440029b92226213d137bb,native,curvature/e_sym_random,e_sym,random,1764,0.7,0.012245527031886859,,torch.bfloat16
d12-s8,12,8,d12-s8-s0-2b2e72e4395440029b92226213d137bb,native,curvature/e_lin_random,e_lin,random,1764,0.7,0.011412324269551544,,torch.bfloat16
d12-s8,12,8,d12-s8-s0-2b2e72e4395440029b92226213d137bb,native,curvature/verdict_code_random,verdict_code,random,1764,0.7,2.0,,torch.bfloat16
d12-s8,12,8,d12-s8-s0-2b2e72e4395440029b92226213d137bb,native,curvature/e_sym_gradient,e_sym,gradient,1764,0.7,0.00748496788663015,,torch.bfloat16
d12-s8,12,8,d12-s8-s0-2b2e72e4395440029b92226213d137bb,native,curvature/e_lin_gradient,e_lin,gradient,1764,0.7,0.005875266685007577,,torch.bfloat16
d12-s8,12,8,d12-s8-s0-2b2e72e4395440029b92226213d137bb,native,curvature/verdict_code_gradient,verdict_code,gradient,1764,0.7,2.0,,torch.bfloat16
d12-s8,12,8,d12-s8-s0-2b2e72e4395440029b92226213d137bb,native,curvature/e_sym_update,e_sym,update,1764,0.7,0.059110085725686726,,torch.bfloat16
d12-s8,12,8,d12-s8-s0-2b2e72e4395440029b92226213d137bb,native,curvature/e_lin_update,e_lin,update,1764,0.7,0.011902315869604382,,torch.bfloat16
d12-s8,12,8,d12-s8-s0-2b2e72e4395440029b92226213d137bb,native,curvature/verdict_code_update,verdict_code,update,1764,0.7,2.0,,torch.bfloat16
d12-s8,12,8,d12-s8-s0-2b2e72e4395440029b92226213d137bb,shadow_fp32,curvature/e_sym_random,e_sym,random,1890,0.75,5.663236100063566e-07,hvp-shadow-fp32-ieee-v1,torch.float32
d12-s8,12,8,d12-s8-s0-2b2e72e4395440029b92226213d137bb,shadow_fp32,curvature/e_lin_random,e_lin,random,1890,0.75,7.926024830525579e-07,hvp-shadow-fp32-ieee-v1,torch.float32
d12-s8,12,8,d12-s8-s0-2b2e72e4395440029b92226213d137bb,shadow_fp32,curvature/verdict_code_random,verdict_code,random,1890,0.75,1.0,hvp-shadow-fp32-ieee-v1,torch.float32
d12-s8,12,8,d12-s8-s0-2b2e72e4395440029b92226213d137bb,shadow_fp32,curvature/e_sym_gradient,e_sym,gradient,1890,0.75,4.45375799511847e-07,hvp-shadow-fp32-ieee-v1,torch.float32
d12-s8,12,8,d12-s8-s0-2b2e72e4395440029b92226213d137bb,shadow_fp32,curvature/e_lin_gradient,e_lin,gradient,1890,0.75,5.027807877545062e-07,hvp-shadow-fp32-ieee-v1,torch.float32
d12-s8,12,8,d12-s8-s0-2b2e72e4395440029b92226213d137bb,shadow_fp32,curvature/verdict_code_gradient,verdict_code,gradient,1890,0.75,0.0,hvp-shadow-fp32-ieee-v1,torch.float32
d12-s8,12,8,d12-s8-s0-2b2e72e4395440029b92226213d137bb,shadow_fp32,curvature/e_sym_update,e_sym,update,1890,0.75,8.721520172343832e-07,hvp-shadow-fp32-ieee-v1,torch.float32
d12-s8,12,8,d12-s8-s0-2b2e72e4395440029b92226213d137bb,shadow_fp32,curvature/e_lin_update,e_lin,update,1890,0.75,7.487358232447775e-07,hvp-shadow-fp32-ieee-v1,torch.float32
d12-s8,12,8,d12-s8-s0-2b2e72e4395440029b92226213d137bb,shadow_fp32,curvature/verdict_code_update,verdict_code,update,1890,0.75,1.0,hvp-shadow-fp32-ieee-v1,torch.float32
d12-s8,12,8,d12-s8-s0-2b2e72e4395440029b92226213d137bb,native,curvature/e_sym_random,e_sym,random,1890,0.75,0.00373813303173584,,torch.bfloat16
d12-s8,12,8,d12-s8-s0-2b2e72e4395440029b92226213d137bb,native,curvature/e_lin_random,e_lin,random,1890,0.75,0.011631303753033248,,torch.bfloat16
d12-s8,12,8,d12-s8-s0-2b2e72e4395440029b92226213d137bb,native,curvature/verdict_code_random,verdict_code,random,1890,0.75,2.0,,torch.bfloat16
d12-s8,12,8,d12-s8-s0-2b2e72e4395440029b92226213d137bb,native,curvature/e_sym_gradient,e_sym,gradient,1890,0.75,0.00031312727748712606,,torch.bfloat16
d12-s8,12,8,d12-s8-s0-2b2e72e4395440029b92226213d137bb,native,curvature/e_lin_gradient,e_lin,gradient,1890,0.75,0.005591199774878958,,torch.bfloat16
d12-s8,12,8,d12-s8-s0-2b2e72e4395440029b92226213d137bb,native,curvature/verdict_code_gradient,verdict_code,gradient,1890,0.75,2.0,,torch.bfloat16
d12-s8,12,8,d12-s8-s0-2b2e72e4395440029b92226213d137bb,native,curvature/e_sym_update,e_sym,update,1890,0.75,0.0022519839346165364,,torch.bfloat16
d12-s8,12,8,d12-s8-s0-2b2e72e4395440029b92226213d137bb,native,curvature/e_lin_update,e_lin,update,1890,0.75,0.011199032886879649,,torch.bfloat16
d12-s8,12,8,d12-s8-s0-2b2e72e4395440029b92226213d137bb,native,curvature/verdict_code_update,verdict_code,update,1890,0.75,2.0,,torch.bfloat16
d12-s8,12,8,d12-s8-s0-2b2e72e4395440029b92226213d137bb,shadow_fp32,curvature/e_sym_random,e_sym,random,2016,0.8,3.5871560932344374e-07,hvp-shadow-fp32-ieee-v1,torch.float32
d12-s8,12,8,d12-s8-s0-2b2e72e4395440029b92226213d137bb,shadow_fp32,curvature/e_lin_random,e_lin,random,2016,0.8,8.105762300155092e-07,hvp-shadow-fp32-ieee-v1,torch.float32
d12-s8,12,8,d12-s8-s0-2b2e72e4395440029b92226213d137bb,shadow_fp32,curvature/verdict_code_random,verdict_code,random,2016,0.8,1.0,hvp-shadow-fp32-ieee-v1,torch.float32
d12-s8,12,8,d12-s8-s0-2b2e72e4395440029b92226213d137bb,shadow_fp32,curvature/e_sym_gradient,e_sym,gradient,2016,0.8,7.891767903345595e-07,hvp-shadow-fp32-ieee-v1,torch.float32
d12-s8,12,8,d12-s8-s0-2b2e72e4395440029b92226213d137bb,shadow_fp32,curvature/e_lin_gradient,e_lin,gradient,2016,0.8,5.017781983401955e-07,hvp-shadow-fp32-ieee-v1,torch.float32
d12-s8,12,8,d12-s8-s0-2b2e72e4395440029b92226213d137bb,shadow_fp32,curvature/verdict_code_gradient,verdict_code,gradient,2016,0.8,0.0,hvp-shadow-fp32-ieee-v1,torch.float32
d12-s8,12,8,d12-s8-s0-2b2e72e4395440029b92226213d137bb,shadow_fp32,curvature/e_sym_update,e_sym,update,2016,0.8,1.485657647861192e-06,hvp-shadow-fp32-ieee-v1,torch.float32
d12-s8,12,8,d12-s8-s0-2b2e72e4395440029b92226213d137bb,shadow_fp32,curvature/e_lin_update,e_lin,update,2016,0.8,7.870348828801563e-07,hvp-shadow-fp32-ieee-v1,torch.float32
d12-s8,12,8,d12-s8-s0-2b2e72e4395440029b92226213d137bb,shadow_fp32,curvature/verdict_code_update,verdict_code,update,2016,0.8,1.0,hvp-shadow-fp32-ieee-v1,torch.float32
d12-s8,12,8,d12-s8-s0-2b2e72e4395440029b92226213d137bb,native,curvature/e_sym_random,e_sym,random,2016,0.8,0.003553807802701448,,torch.bfloat16
d12-s8,12,8,d12-s8-s0-2b2e72e4395440029b92226213d137bb,native,curvature/e_lin_random,e_lin,random,2016,0.8,0.011342869173177403,,torch.bfloat16
d12-s8,12,8,d12-s8-s0-2b2e72e4395440029b92226213d137bb,native,curvature/verdict_code_random,verdict_code,random,2016,0.8,2.0,,torch.bfloat16
d12-s8,12,8,d12-s8-s0-2b2e72e4395440029b92226213d137bb,native,curvature/e_sym_gradient,e_sym,gradient,2016,0.8,0.008251234701563644,,torch.bfloat16
d12-s8,12,8,d12-s8-s0-2b2e72e4395440029b92226213d137bb,native,curvature/e_lin_gradient,e_lin,gradient,2016,0.8,0.005739400322910663,,torch.bfloat16
d12-s8,12,8,d12-s8-s0-2b2e72e4395440029b92226213d137bb,native,curvature/verdict_code_gradient,verdict_code,gradient,2016,0.8,2.0,,torch.bfloat16
d12-s8,12,8,d12-s8-s0-2b2e72e4395440029b92226213d137bb,native,curvature/e_sym_update,e_sym,update,2016,0.8,0.010186384239557781,,torch.bfloat16
d12-s8,12,8,d12-s8-s0-2b2e72e4395440029b92226213d137bb,native,curvature/e_lin_update,e_lin,update,2016,0.8,0.01179403260687253,,torch.bfloat16
d12-s8,12,8,d12-s8-s0-2b2e72e4395440029b92226213d137bb,native,curvature/verdict_code_update,verdict_code,update,2016,0.8,2.0,,torch.bfloat16
d12-s8,12,8,d12-s8-s0-2b2e72e4395440029b92226213d137bb,shadow_fp32,curvature/e_sym_random,e_sym,random,2142,0.85,3.173242326208781e-08,hvp-shadow-fp32-ieee-v1,torch.float32
d12-s8,12,8,d12-s8-s0-2b2e72e4395440029b92226213d137bb,shadow_fp32,curvature/e_lin_random,e_lin,random,2142,0.85,8.96416874835507e-07,hvp-shadow-fp32-ieee-v1,torch.float32
d12-s8,12,8,d12-s8-s0-2b2e72e4395440029b92226213d137bb,shadow_fp32,curvature/verdict_code_random,verdict_code,random,2142,0.85,1.0,hvp-shadow-fp32-ieee-v1,torch.float32
d12-s8,12,8,d12-s8-s0-2b2e72e4395440029b92226213d137bb,shadow_fp32,curvature/e_sym_gradient,e_sym,gradient,2142,0.85,4.6746722453747235e-07,hvp-shadow-fp32-ieee-v1,torch.float32
d12-s8,12,8,d12-s8-s0-2b2e72e4395440029b92226213d137bb,shadow_fp32,curvature/e_lin_gradient,e_lin,gradient,2142,0.85,5.615428365373026e-07,hvp-shadow-fp32-ieee-v1,torch.float32
d12-s8,12,8,d12-s8-s0-2b2e72e4395440029b92226213d137bb,shadow_fp32,curvature/verdict_code_gradient,verdict_code,gradient,2142,0.85,0.0,hvp-shadow-fp32-ieee-v1,torch.float32
d12-s8,12,8,d12-s8-s0-2b2e72e4395440029b92226213d137bb,shadow_fp32,curvature/e_sym_update,e_sym,update,2142,0.85,2.1782520866687372e-07,hvp-shadow-fp32-ieee-v1,torch.float32
d12-s8,12,8,d12-s8-s0-2b2e72e4395440029b92226213d137bb,shadow_fp32,curvature/e_lin_update,e_lin,update,2142,0.85,7.790453144822815e-07,hvp-shadow-fp32-ieee-v1,torch.float32
d12-s8,12,8,d12-s8-s0-2b2e72e4395440029b92226213d137bb,shadow_fp32,curvature/verdict_code_update,verdict_code,update,2142,0.85,1.0,hvp-shadow-fp32-ieee-v1,torch.float32
d12-s8,12,8,d12-s8-s0-2b2e72e4395440029b92226213d137bb,native,curvature/e_sym_random,e_sym,random,2142,0.85,0.006409235880052381,,torch.bfloat16
d12-s8,12,8,d12-s8-s0-2b2e72e4395440029b92226213d137bb,native,curvature/e_lin_random,e_lin,random,2142,0.85,0.011401398328906543,,torch.bfloat16
d12-s8,12,8,d12-s8-s0-2b2e72e4395440029b92226213d137bb,native,curvature/verdict_code_random,verdict_code,random,2142,0.85,2.0,,torch.bfloat16
d12-s8,12,8,d12-s8-s0-2b2e72e4395440029b92226213d137bb,native,curvature/e_sym_gradient,e_sym,gradient,2142,0.85,0.004838533611780181,,torch.bfloat16
d12-s8,12,8,d12-s8-s0-2b2e72e4395440029b92226213d137bb,native,curvature/e_lin_gradient,e_lin,gradient,2142,0.85,0.006030702875215386,,torch.bfloat16
d12-s8,12,8,d12-s8-s0-2b2e72e4395440029b92226213d137bb,native,curvature/verdict_code_gradient,verdict_code,gradient,2142,0.85,2.0,,torch.bfloat16
d12-s8,12,8,d12-s8-s0-2b2e72e4395440029b92226213d137bb,native,curvature/e_sym_update,e_sym,update,2142,0.85,0.010197781307180218,,torch.bfloat16
d12-s8,12,8,d12-s8-s0-2b2e72e4395440029b92226213d137bb,native,curvature/e_lin_update,e_lin,update,2142,0.85,0.011490553807161177,,torch.bfloat16
d12-s8,12,8,d12-s8-s0-2b2e72e4395440029b92226213d137bb,native,curvature/verdict_code_update,verdict_code,update,2142,0.85,2.0,,torch.bfloat16
d12-s8,12,8,d12-s8-s0-2b2e72e4395440029b92226213d137bb,shadow_fp32,curvature/e_sym_random,e_sym,random,2268,0.9,1.082389381970375e-06,hvp-shadow-fp32-ieee-v1,torch.float32
d12-s8,12,8,d12-s8-s0-2b2e72e4395440029b92226213d137bb,shadow_fp32,curvature/e_lin_random,e_lin,random,2268,0.9,8.4773291277151e-07,hvp-shadow-fp32-ieee-v1,torch.float32
d12-s8,12,8,d12-s8-s0-2b2e72e4395440029b92226213d137bb,shadow_fp32,curvature/verdict_code_random,verdict_code,random,2268,0.9,1.0,hvp-shadow-fp32-ieee-v1,torch.float32
d12-s8,12,8,d12-s8-s0-2b2e72e4395440029b92226213d137bb,shadow_fp32,curvature/e_sym_gradient,e_sym,gradient,2268,0.9,2.893212359541198e-07,hvp-shadow-fp32-ieee-v1,torch.float32
d12-s8,12,8,d12-s8-s0-2b2e72e4395440029b92226213d137bb,shadow_fp32,curvature/e_lin_gradient,e_lin,gradient,2268,0.9,5.317748899849687e-07,hvp-shadow-fp32-ieee-v1,torch.float32
d12-s8,12,8,d12-s8-s0-2b2e72e4395440029b92226213d137bb,shadow_fp32,curvature/verdict_code_gradient,verdict_code,gradient,2268,0.9,0.0,hvp-shadow-fp32-ieee-v1,torch.float32
d12-s8,12,8,d12-s8-s0-2b2e72e4395440029b92226213d137bb,shadow_fp32,curvature/e_sym_update,e_sym,update,2268,0.9,7.920731696430796e-07,hvp-shadow-fp32-ieee-v1,torch.float32
d12-s8,12,8,d12-s8-s0-2b2e72e4395440029b92226213d137bb,shadow_fp32,curvature/e_lin_update,e_lin,update,2268,0.9,8.709525329775651e-07,hvp-shadow-fp32-ieee-v1,torch.float32
d12-s8,12,8,d12-s8-s0-2b2e72e4395440029b92226213d137bb,shadow_fp32,curvature/verdict_code_update,verdict_code,update,2268,0.9,1.0,hvp-shadow-fp32-ieee-v1,torch.float32
d12-s8,12,8,d12-s8-s0-2b2e72e4395440029b92226213d137bb,native,curvature/e_sym_random,e_sym,random,2268,0.9,0.007446657306026988,,torch.bfloat16
d12-s8,12,8,d12-s8-s0-2b2e72e4395440029b92226213d137bb,native,curvature/e_lin_random,e_lin,random,2268,0.9,0.011627181804089339,,torch.bfloat16
d12-s8,12,8,d12-s8-s0-2b2e72e4395440029b92226213d137bb,native,curvature/verdict_code_random,verdict_code,random,2268,0.9,2.0,,torch.bfloat16
d12-s8,12,8,d12-s8-s0-2b2e72e4395440029b92226213d137bb,native,curvature/e_sym_gradient,e_sym,gradient,2268,0.9,0.00418939086697194,,torch.bfloat16
d12-s8,12,8,d12-s8-s0-2b2e72e4395440029b92226213d137bb,native,curvature/e_lin_gradient,e_lin,gradient,2268,0.9,0.006056883849544706,,torch.bfloat16
d12-s8,12,8,d12-s8-s0-2b2e72e4395440029b92226213d137bb,native,curvature/verdict_code_gradient,verdict_code,gradient,2268,0.9,2.0,,torch.bfloat16
d12-s8,12,8,d12-s8-s0-2b2e72e4395440029b92226213d137bb,native,curvature/e_sym_update,e_sym,update,2268,0.9,0.002795632753842972,,torch.bfloat16
d12-s8,12,8,d12-s8-s0-2b2e72e4395440029b92226213d137bb,native,curvature/e_lin_update,e_lin,update,2268,0.9,0.012861272014389979,,torch.bfloat16
d12-s8,12,8,d12-s8-s0-2b2e72e4395440029b92226213d137bb,native,curvature/verdict_code_update,verdict_code,update,2268,0.9,2.0,,torch.bfloat16
d12-s8,12,8,d12-s8-s0-2b2e72e4395440029b92226213d137bb,shadow_fp32,curvature/e_sym_random,e_sym,random,2394,0.95,8.192299665892664e-07,hvp-shadow-fp32-ieee-v1,torch.float32
d12-s8,12,8,d12-s8-s0-2b2e72e4395440029b92226213d137bb,shadow_fp32,curvature/e_lin_random,e_lin,random,2394,0.95,8.303727995031348e-07,hvp-shadow-fp32-ieee-v1,torch.float32
d12-s8,12,8,d12-s8-s0-2b2e72e4395440029b92226213d137bb,shadow_fp32,curvature/verdict_code_random,verdict_code,random,2394,0.95,1.0,hvp-shadow-fp32-ieee-v1,torch.float32
d12-s8,12,8,d12-s8-s0-2b2e72e4395440029b92226213d137bb,shadow_fp32,curvature/e_sym_gradient,e_sym,gradient,2394,0.95,5.013480696090904e-07,hvp-shadow-fp32-ieee-v1,torch.float32
d12-s8,12,8,d12-s8-s0-2b2e72e4395440029b92226213d137bb,shadow_fp32,curvature/e_lin_gradient,e_lin,gradient,2394,0.95,5.981964930711557e-07,hvp-shadow-fp32-ieee-v1,torch.float32
d12-s8,12,8,d12-s8-s0-2b2e72e4395440029b92226213d137bb,shadow_fp32,curvature/verdict_code_gradient,verdict_code,gradient,2394,0.95,0.0,hvp-shadow-fp32-ieee-v1,torch.float32
d12-s8,12,8,d12-s8-s0-2b2e72e4395440029b92226213d137bb,shadow_fp32,curvature/e_sym_update,e_sym,update,2394,0.95,1.3593723713794005e-07,hvp-shadow-fp32-ieee-v1,torch.float32
d12-s8,12,8,d12-s8-s0-2b2e72e4395440029b92226213d137bb,shadow_fp32,curvature/e_lin_update,e_lin,update,2394,0.95,9.199633851137172e-07,hvp-shadow-fp32-ieee-v1,torch.float32
d12-s8,12,8,d12-s8-s0-2b2e72e4395440029b92226213d137bb,shadow_fp32,curvature/verdict_code_update,verdict_code,update,2394,0.95,1.0,hvp-shadow-fp32-ieee-v1,torch.float32
d12-s8,12,8,d12-s8-s0-2b2e72e4395440029b92226213d137bb,native,curvature/e_sym_random,e_sym,random,2394,0.95,0.016075698872937652,,torch.bfloat16
d12-s8,12,8,d12-s8-s0-2b2e72e4395440029b92226213d137bb,native,curvature/e_lin_random,e_lin,random,2394,0.95,0.01216306825951683,,torch.bfloat16
d12-s8,12,8,d12-s8-s0-2b2e72e4395440029b92226213d137bb,native,curvature/verdict_code_random,verdict_code,random,2394,0.95,2.0,,torch.bfloat16
d12-s8,12,8,d12-s8-s0-2b2e72e4395440029b92226213d137bb,native,curvature/e_sym_gradient,e_sym,gradient,2394,0.95,0.004642479941421144,,torch.bfloat16
d12-s8,12,8,d12-s8-s0-2b2e72e4395440029b92226213d137bb,native,curvature/e_lin_gradient,e_lin,gradient,2394,0.95,0.0062146140722837044,,torch.bfloat16
d12-s8,12,8,d12-s8-s0-2b2e72e4395440029b92226213d137bb,native,curvature/verdict_code_gradient,verdict_code,gradient,2394,0.95,2.0,,torch.bfloat16
d12-s8,12,8,d12-s8-s0-2b2e72e4395440029b92226213d137bb,native,curvature/e_sym_update,e_sym,update,2394,0.95,0.008874999476171654,,torch.bfloat16
d12-s8,12,8,d12-s8-s0-2b2e72e4395440029b92226213d137bb,native,curvature/e_lin_update,e_lin,update,2394,0.95,0.011887200965963648,,torch.bfloat16
d12-s8,12,8,d12-s8-s0-2b2e72e4395440029b92226213d137bb,native,curvature/verdict_code_update,verdict_code,update,2394,0.95,2.0,,torch.bfloat16
d12-s8,12,8,d12-s8-s0-2b2e72e4395440029b92226213d137bb,shadow_fp32,curvature/e_sym_random,e_sym,random,2520,1.0,2.977869184358664e-07,hvp-shadow-fp32-ieee-v1,torch.float32
d12-s8,12,8,d12-s8-s0-2b2e72e4395440029b92226213d137bb,shadow_fp32,curvature/e_lin_random,e_lin,random,2520,1.0,9.015254993875545e-07,hvp-shadow-fp32-ieee-v1,torch.float32
d12-s8,12,8,d12-s8-s0-2b2e72e4395440029b92226213d137bb,shadow_fp32,curvature/verdict_code_random,verdict_code,random,2520,1.0,1.0,hvp-shadow-fp32-ieee-v1,torch.float32
d12-s8,12,8,d12-s8-s0-2b2e72e4395440029b92226213d137bb,shadow_fp32,curvature/e_sym_gradient,e_sym,gradient,2520,1.0,1.3966072406745032e-06,hvp-shadow-fp32-ieee-v1,torch.float32
d12-s8,12,8,d12-s8-s0-2b2e72e4395440029b92226213d137bb,shadow_fp32,curvature/e_lin_gradient,e_lin,gradient,2520,1.0,5.493354887328523e-07,hvp-shadow-fp32-ieee-v1,torch.float32
d12-s8,12,8,d12-s8-s0-2b2e72e4395440029b92226213d137bb,shadow_fp32,curvature/verdict_code_gradient,verdict_code,gradient,2520,1.0,0.0,hvp-shadow-fp32-ieee-v1,torch.float32
d12-s8,12,8,d12-s8-s0-2b2e72e4395440029b92226213d137bb,shadow_fp32,curvature/e_sym_update,e_sym,update,2520,1.0,2.27469007412221e-06,hvp-shadow-fp32-ieee-v1,torch.float32
d12-s8,12,8,d12-s8-s0-2b2e72e4395440029b92226213d137bb,shadow_fp32,curvature/e_lin_update,e_lin,update,2520,1.0,9.152331919370659e-07,hvp-shadow-fp32-ieee-v1,torch.float32
d12-s8,12,8,d12-s8-s0-2b2e72e4395440029b92226213d137bb,shadow_fp32,curvature/verdict_code_update,verdict_code,update,2520,1.0,1.0,hvp-shadow-fp32-ieee-v1,torch.float32
d12-s8,12,8,d12-s8-s0-2b2e72e4395440029b92226213d137bb,native,curvature/e_sym_random,e_sym,random,2520,1.0,0.003306755318452339,,torch.bfloat16
d12-s8,12,8,d12-s8-s0-2b2e72e4395440029b92226213d137bb,native,curvature/e_lin_random,e_lin,random,2520,1.0,0.012039023605312204,,torch.bfloat16
d12-s8,12,8,d12-s8-s0-2b2e72e4395440029b92226213d137bb,native,curvature/verdict_code_random,verdict_code,random,2520,1.0,2.0,,torch.bfloat16
d12-s8,12,8,d12-s8-s0-2b2e72e4395440029b92226213d137bb,native,curvature/e_sym_gradient,e_sym,gradient,2520,1.0,0.0036386589329020355,,torch.bfloat16
d12-s8,12,8,d12-s8-s0-2b2e72e4395440029b92226213d137bb,native,curvature/e_lin_gradient,e_lin,gradient,2520,1.0,0.00612607813544187,,torch.bfloat16
d12-s8,12,8,d12-s8-s0-2b2e72e4395440029b92226213d137bb,native,curvature/verdict_code_gradient,verdict_code,gradient,2520,1.0,2.0,,torch.bfloat16
d12-s8,12,8,d12-s8-s0-2b2e72e4395440029b92226213d137bb,native,curvature/e_sym_update,e_sym,update,2520,1.0,0.0075278391096728564,,torch.bfloat16
d12-s8,12,8,d12-s8-s0-2b2e72e4395440029b92226213d137bb,native,curvature/e_lin_update,e_lin,update,2520,1.0,0.013343315210165572,,torch.bfloat16
d12-s8,12,8,d12-s8-s0-2b2e72e4395440029b92226213d137bb,native,curvature/verdict_code_update,verdict_code,update,2520,1.0,2.0,,torch.bfloat16
d12-s9,12,9,d12-s9-s0-b872e698e81b4a8fa0cd08512f43c2c2,shadow_fp32,curvature/e_sym_random,e_sym,random,1,0.0003968253968253968,3.772854481852987e-08,hvp-shadow-fp32-ieee-v1,torch.float32
d12-s9,12,9,d12-s9-s0-b872e698e81b4a8fa0cd08512f43c2c2,shadow_fp32,curvature/e_lin_random,e_lin,random,1,0.0003968253968253968,8.266815370699791e-07,hvp-shadow-fp32-ieee-v1,torch.float32
d12-s9,12,9,d12-s9-s0-b872e698e81b4a8fa0cd08512f43c2c2,shadow_fp32,curvature/verdict_code_random,verdict_code,random,1,0.0003968253968253968,1.0,hvp-shadow-fp32-ieee-v1,torch.float32
d12-s9,12,9,d12-s9-s0-b872e698e81b4a8fa0cd08512f43c2c2,shadow_fp32,curvature/e_sym_gradient,e_sym,gradient,1,0.0003968253968253968,9.678343535163105e-06,hvp-shadow-fp32-ieee-v1,torch.float32
d12-s9,12,9,d12-s9-s0-b872e698e81b4a8fa0cd08512f43c2c2,shadow_fp32,curvature/e_lin_gradient,e_lin,gradient,1,0.0003968253968253968,1.9330847457534004e-05,hvp-shadow-fp32-ieee-v1,torch.float32
d12-s9,12,9,d12-s9-s0-b872e698e81b4a8fa0cd08512f43c2c2,shadow_fp32,curvature/verdict_code_gradient,verdict_code,gradient,1,0.0003968253968253968,1.0,hvp-shadow-fp32-ieee-v1,torch.float32
d12-s9,12,9,d12-s9-s0-b872e698e81b4a8fa0cd08512f43c2c2,shadow_fp32,curvature/e_sym_update,e_sym,update,1,0.0003968253968253968,1.629186031992566e-06,hvp-shadow-fp32-ieee-v1,torch.float32
d12-s9,12,9,d12-s9-s0-b872e698e81b4a8fa0cd08512f43c2c2,shadow_fp32,curvature/e_lin_update,e_lin,update,1,0.0003968253968253968,7.727284197928132e-07,hvp-shadow-fp32-ieee-v1,torch.float32
d12-s9,12,9,d12-s9-s0-b872e698e81b4a8fa0cd08512f43c2c2,shadow_fp32,curvature/verdict_code_update,verdict_code,update,1,0.0003968253968253968,1.0,hvp-shadow-fp32-ieee-v1,torch.float32
d12-s9,12,9,d12-s9-s0-b872e698e81b4a8fa0cd08512f43c2c2,native,curvature/e_sym_random,e_sym,random,1,0.0003968253968253968,0.0007884526410622597,,torch.bfloat16
d12-s9,12,9,d12-s9-s0-b872e698e81b4a8fa0cd08512f43c2c2,native,curvature/e_lin_random,e_lin,random,1,0.0003968253968253968,0.012207214092413482,,torch.bfloat16
d12-s9,12,9,d12-s9-s0-b872e698e81b4a8fa0cd08512f43c2c2,native,curvature/verdict_code_random,verdict_code,random,1,0.0003968253968253968,2.0,,torch.bfloat16
d12-s9,12,9,d12-s9-s0-b872e698e81b4a8fa0cd08512f43c2c2,native,curvature/e_sym_gradient,e_sym,gradient,1,0.0003968253968253968,0.03755538447681349,,torch.bfloat16
d12-s9,12,9,d12-s9-s0-b872e698e81b4a8fa0cd08512f43c2c2,native,curvature/e_lin_gradient,e_lin,gradient,1,0.0003968253968253968,0.016173919257136526,,torch.bfloat16
d12-s9,12,9,d12-s9-s0-b872e698e81b4a8fa0cd08512f43c2c2,native,curvature/verdict_code_gradient,verdict_code,gradient,1,0.0003968253968253968,2.0,,torch.bfloat16
d12-s9,12,9,d12-s9-s0-b872e698e81b4a8fa0cd08512f43c2c2,native,curvature/e_sym_update,e_sym,update,1,0.0003968253968253968,0.41097878547420813,,torch.bfloat16
d12-s9,12,9,d12-s9-s0-b872e698e81b4a8fa0cd08512f43c2c2,native,curvature/e_lin_update,e_lin,update,1,0.0003968253968253968,0.03137786803762967,,torch.bfloat16
d12-s9,12,9,d12-s9-s0-b872e698e81b4a8fa0cd08512f43c2c2,native,curvature/verdict_code_update,verdict_code,update,1,0.0003968253968253968,2.0,,torch.bfloat16
d12-s9,12,9,d12-s9-s0-b872e698e81b4a8fa0cd08512f43c2c2,shadow_fp32,curvature/e_sym_random,e_sym,random,2,0.0007936507936507937,9.189375719336078e-07,hvp-shadow-fp32-ieee-v1,torch.float32
d12-s9,12,9,d12-s9-s0-b872e698e81b4a8fa0cd08512f43c2c2,shadow_fp32,curvature/e_lin_random,e_lin,random,2,0.0007936507936507937,8.068297380533578e-07,hvp-shadow-fp32-ieee-v1,torch.float32
d12-s9,12,9,d12-s9-s0-b872e698e81b4a8fa0cd08512f43c2c2,shadow_fp32,curvature/verdict_code_random,verdict_code,random,2,0.0007936507936507937,1.0,hvp-shadow-fp32-ieee-v1,torch.float32
d12-s9,12,9,d12-s9-s0-b872e698e81b4a8fa0cd08512f43c2c2,shadow_fp32,curvature/e_sym_gradient,e_sym,gradient,2,0.0007936507936507937,5.559774860822941e-06,hvp-shadow-fp32-ieee-v1,torch.float32
d12-s9,12,9,d12-s9-s0-b872e698e81b4a8fa0cd08512f43c2c2,shadow_fp32,curvature/e_lin_gradient,e_lin,gradient,2,0.0007936507936507937,1.95288310531577e-05,hvp-shadow-fp32-ieee-v1,torch.float32
d12-s9,12,9,d12-s9-s0-b872e698e81b4a8fa0cd08512f43c2c2,shadow_fp32,curvature/verdict_code_gradient,verdict_code,gradient,2,0.0007936507936507937,1.0,hvp-shadow-fp32-ieee-v1,torch.float32
d12-s9,12,9,d12-s9-s0-b872e698e81b4a8fa0cd08512f43c2c2,shadow_fp32,curvature/e_sym_update,e_sym,update,2,0.0007936507936507937,2.2194737059096498e-06,hvp-shadow-fp32-ieee-v1,torch.float32
d12-s9,12,9,d12-s9-s0-b872e698e81b4a8fa0cd08512f43c2c2,shadow_fp32,curvature/e_lin_update,e_lin,update,2,0.0007936507936507937,6.889698491007236e-07,hvp-shadow-fp32-ieee-v1,torch.float32
d12-s9,12,9,d12-s9-s0-b872e698e81b4a8fa0cd08512f43c2c2,shadow_fp32,curvature/verdict_code_update,verdict_code,update,2,0.0007936507936507937,1.0,hvp-shadow-fp32-ieee-v1,torch.float32
d12-s9,12,9,d12-s9-s0-b872e698e81b4a8fa0cd08512f43c2c2,native,curvature/e_sym_random,e_sym,random,2,0.0007936507936507937,0.0005844709245033108,,torch.bfloat16
d12-s9,12,9,d12-s9-s0-b872e698e81b4a8fa0cd08512f43c2c2,native,curvature/e_lin_random,e_lin,random,2,0.0007936507936507937,0.012271178483037236,,torch.bfloat16
d12-s9,12,9,d12-s9-s0-b872e698e81b4a8fa0cd08512f43c2c2,native,curvature/verdict_code_random,verdict_code,random,2,0.0007936507936507937,2.0,,torch.bfloat16
d12-s9,12,9,d12-s9-s0-b872e698e81b4a8fa0cd08512f43c2c2,native,curvature/e_sym_gradient,e_sym,gradient,2,0.0007936507936507937,0.003543468689192434,,torch.bfloat16
d12-s9,12,9,d12-s9-s0-b872e698e81b4a8fa0cd08512f43c2c2,native,curvature/e_lin_gradient,e_lin,gradient,2,0.0007936507936507937,0.01096641630041474,,torch.bfloat16
d12-s9,12,9,d12-s9-s0-b872e698e81b4a8fa0cd08512f43c2c2,native,curvature/verdict_code_gradient,verdict_code,gradient,2,0.0007936507936507937,2.0,,torch.bfloat16
d12-s9,12,9,d12-s9-s0-b872e698e81b4a8fa0cd08512f43c2c2,native,curvature/e_sym_update,e_sym,update,2,0.0007936507936507937,0.23987066275801147,,torch.bfloat16
d12-s9,12,9,d12-s9-s0-b872e698e81b4a8fa0cd08512f43c2c2,native,curvature/e_lin_update,e_lin,update,2,0.0007936507936507937,0.02489201400272931,,torch.bfloat16
d12-s9,12,9,d12-s9-s0-b872e698e81b4a8fa0cd08512f43c2c2,native,curvature/verdict_code_update,verdict_code,update,2,0.0007936507936507937,2.0,,torch.bfloat16
d12-s9,12,9,d12-s9-s0-b872e698e81b4a8fa0cd08512f43c2c2,shadow_fp32,curvature/e_sym_random,e_sym,random,3,0.0011904761904761906,3.079028309636292e-07,hvp-shadow-fp32-ieee-v1,torch.float32
d12-s9,12,9,d12-s9-s0-b872e698e81b4a8fa0cd08512f43c2c2,shadow_fp32,curvature/e_lin_random,e_lin,random,3,0.0011904761904761906,7.846605367637832e-07,hvp-shadow-fp32-ieee-v1,torch.float32
d12-s9,12,9,d12-s9-s0-b872e698e81b4a8fa0cd08512f43c2c2,shadow_fp32,curvature/verdict_code_random,verdict_code,random,3,0.0011904761904761906,1.0,hvp-shadow-fp32-ieee-v1,torch.float32
d12-s9,12,9,d12-s9-s0-b872e698e81b4a8fa0cd08512f43c2c2,shadow_fp32,curvature/e_sym_gradient,e_sym,gradient,3,0.0011904761904761906,8.540907913507728e-06,hvp-shadow-fp32-ieee-v1,torch.float32
d12-s9,12,9,d12-s9-s0-b872e698e81b4a8fa0cd08512f43c2c2,shadow_fp32,curvature/e_lin_gradient,e_lin,gradient,3,0.0011904761904761906,1.928354929917644e-05,hvp-shadow-fp32-ieee-v1,torch.float32
d12-s9,12,9,d12-s9-s0-b872e698e81b4a8fa0cd08512f43c2c2,shadow_fp32,curvature/verdict_code_gradient,verdict_code,gradient,3,0.0011904761904761906,1.0,hvp-shadow-fp32-ieee-v1,torch.float32
d12-s9,12,9,d12-s9-s0-b872e698e81b4a8fa0cd08512f43c2c2,shadow_fp32,curvature/e_sym_update,e_sym,update,3,0.0011904761904761906,1.6597392399625787e-06,hvp-shadow-fp32-ieee-v1,torch.float32
d12-s9,12,9,d12-s9-s0-b872e698e81b4a8fa0cd08512f43c2c2,shadow_fp32,curvature/e_lin_update,e_lin,update,3,0.0011904761904761906,6.601821976444152e-07,hvp-shadow-fp32-ieee-v1,torch.float32
d12-s9,12,9,d12-s9-s0-b872e698e81b4a8fa0cd08512f43c2c2,shadow_fp32,curvature/verdict_code_update,verdict_code,update,3,0.0011904761904761906,1.0,hvp-shadow-fp32-ieee-v1,torch.float32
d12-s9,12,9,d12-s9-s0-b872e698e81b4a8fa0cd08512f43c2c2,native,curvature/e_sym_random,e_sym,random,3,0.0011904761904761906,0.0034973794090841443,,torch.bfloat16
d12-s9,12,9,d12-s9-s0-b872e698e81b4a8fa0cd08512f43c2c2,native,curvature/e_lin_random,e_lin,random,3,0.0011904761904761906,0.012027441008714527,,torch.bfloat16
d12-s9,12,9,d12-s9-s0-b872e698e81b4a8fa0cd08512f43c2c2,native,curvature/verdict_code_random,verdict_code,random,3,0.0011904761904761906,2.0,,torch.bfloat16
d12-s9,12,9,d12-s9-s0-b872e698e81b4a8fa0cd08512f43c2c2,native,curvature/e_sym_gradient,e_sym,gradient,3,0.0011904761904761906,0.017086820380396973,,torch.bfloat16
d12-s9,12,9,d12-s9-s0-b872e698e81b4a8fa0cd08512f43c2c2,native,curvature/e_lin_gradient,e_lin,gradient,3,0.0011904761904761906,0.020927710335996358,,torch.bfloat16
d12-s9,12,9,d12-s9-s0-b872e698e81b4a8fa0cd08512f43c2c2,native,curvature/verdict_code_gradient,verdict_code,gradient,3,0.0011904761904761906,2.0,,torch.bfloat16
d12-s9,12,9,d12-s9-s0-b872e698e81b4a8fa0cd08512f43c2c2,native,curvature/e_sym_update,e_sym,update,3,0.0011904761904761906,0.20790360685244216,,torch.bfloat16
d12-s9,12,9,d12-s9-s0-b872e698e81b4a8fa0cd08512f43c2c2,native,curvature/e_lin_update,e_lin,update,3,0.0011904761904761906,0.023965648653747996,,torch.bfloat16
d12-s9,12,9,d12-s9-s0-b872e698e81b4a8fa0cd08512f43c2c2,native,curvature/verdict_code_update,verdict_code,update,3,0.0011904761904761906,2.0,,torch.bfloat16
d12-s9,12,9,d12-s9-s0-b872e698e81b4a8fa0cd08512f43c2c2,shadow_fp32,curvature/e_sym_random,e_sym,random,5,0.001984126984126984,1.5620196700225835e-07,hvp-shadow-fp32-ieee-v1,torch.float32
d12-s9,12,9,d12-s9-s0-b872e698e81b4a8fa0cd08512f43c2c2,shadow_fp32,curvature/e_lin_random,e_lin,random,5,0.001984126984126984,7.060212328505765e-07,hvp-shadow-fp32-ieee-v1,torch.float32
d12-s9,12,9,d12-s9-s0-b872e698e81b4a8fa0cd08512f43c2c2,shadow_fp32,curvature/verdict_code_random,verdict_code,random,5,0.001984126984126984,1.0,hvp-shadow-fp32-ieee-v1,torch.float32
d12-s9,12,9,d12-s9-s0-b872e698e81b4a8fa0cd08512f43c2c2,shadow_fp32,curvature/e_sym_gradient,e_sym,gradient,5,0.001984126984126984,2.21892902664179e-05,hvp-shadow-fp32-ieee-v1,torch.float32
d12-s9,12,9,d12-s9-s0-b872e698e81b4a8fa0cd08512f43c2c2,shadow_fp32,curvature/e_lin_gradient,e_lin,gradient,5,0.001984126984126984,1.733531165459458e-05,hvp-shadow-fp32-ieee-v1,torch.float32
d12-s9,12,9,d12-s9-s0-b872e698e81b4a8fa0cd08512f43c2c2,shadow_fp32,curvature/verdict_code_gradient,verdict_code,gradient,5,0.001984126984126984,1.0,hvp-shadow-fp32-ieee-v1,torch.float32
d12-s9,12,9,d12-s9-s0-b872e698e81b4a8fa0cd08512f43c2c2,shadow_fp32,curvature/e_sym_update,e_sym,update,5,0.001984126984126984,2.083804568719619e-05,hvp-shadow-fp32-ieee-v1,torch.float32
d12-s9,12,9,d12-s9-s0-b872e698e81b4a8fa0cd08512f43c2c2,shadow_fp32,curvature/e_lin_update,e_lin,update,5,0.001984126984126984,5.506906573643553e-07,hvp-shadow-fp32-ieee-v1,torch.float32
d12-s9,12,9,d12-s9-s0-b872e698e81b4a8fa0cd08512f43c2c2,shadow_fp32,curvature/verdict_code_update,verdict_code,update,5,0.001984126984126984,1.0,hvp-shadow-fp32-ieee-v1,torch.float32
d12-s9,12,9,d12-s9-s0-b872e698e81b4a8fa0cd08512f43c2c2,native,curvature/e_sym_random,e_sym,random,5,0.001984126984126984,0.0010664040939962623,,torch.bfloat16
d12-s9,12,9,d12-s9-s0-b872e698e81b4a8fa0cd08512f43c2c2,native,curvature/e_lin_random,e_lin,random,5,0.001984126984126984,0.01187397974476036,,torch.bfloat16
d12-s9,12,9,d12-s9-s0-b872e698e81b4a8fa0cd08512f43c2c2,native,curvature/verdict_code_random,verdict_code,random,5,0.001984126984126984,2.0,,torch.bfloat16
d12-s9,12,9,d12-s9-s0-b872e698e81b4a8fa0cd08512f43c2c2,native,curvature/e_sym_gradient,e_sym,gradient,5,0.001984126984126984,0.0337224389910713,,torch.bfloat16
d12-s9,12,9,d12-s9-s0-b872e698e81b4a8fa0cd08512f43c2c2,native,curvature/e_lin_gradient,e_lin,gradient,5,0.001984126984126984,0.006757716561871612,,torch.bfloat16
d12-s9,12,9,d12-s9-s0-b872e698e81b4a8fa0cd08512f43c2c2,native,curvature/verdict_code_gradient,verdict_code,gradient,5,0.001984126984126984,2.0,,torch.bfloat16
d12-s9,12,9,d12-s9-s0-b872e698e81b4a8fa0cd08512f43c2c2,native,curvature/e_sym_update,e_sym,update,5,0.001984126984126984,0.01799338669765536,,torch.bfloat16
d12-s9,12,9,d12-s9-s0-b872e698e81b4a8fa0cd08512f43c2c2,native,curvature/e_lin_update,e_lin,update,5,0.001984126984126984,0.019596728067129508,,torch.bfloat16
d12-s9,12,9,d12-s9-s0-b872e698e81b4a8fa0cd08512f43c2c2,native,curvature/verdict_code_update,verdict_code,update,5,0.001984126984126984,2.0,,torch.bfloat16
d12-s9,12,9,d12-s9-s0-b872e698e81b4a8fa0cd08512f43c2c2,shadow_fp32,curvature/e_sym_random,e_sym,random,9,0.0035714285714285713,6.068274624789313e-08,hvp-shadow-fp32-ieee-v1,torch.float32
d12-s9,12,9,d12-s9-s0-b872e698e81b4a8fa0cd08512f43c2c2,shadow_fp32,curvature/e_lin_random,e_lin,random,9,0.0035714285714285713,5.230046774229374e-07,hvp-shadow-fp32-ieee-v1,torch.float32
d12-s9,12,9,d12-s9-s0-b872e698e81b4a8fa0cd08512f43c2c2,shadow_fp32,curvature/verdict_code_random,verdict_code,random,9,0.0035714285714285713,1.0,hvp-shadow-fp32-ieee-v1,torch.float32
d12-s9,12,9,d12-s9-s0-b872e698e81b4a8fa0cd08512f43c2c2,shadow_fp32,curvature/e_sym_gradient,e_sym,gradient,9,0.0035714285714285713,1.3029919875347286e-07,hvp-shadow-fp32-ieee-v1,torch.float32
d12-s9,12,9,d12-s9-s0-b872e698e81b4a8fa0cd08512f43c2c2,shadow_fp32,curvature/e_lin_gradient,e_lin,gradient,9,0.0035714285714285713,4.90179946880169e-06,hvp-shadow-fp32-ieee-v1,torch.float32
d12-s9,12,9,d12-s9-s0-b872e698e81b4a8fa0cd08512f43c2c2,shadow_fp32,curvature/verdict_code_gradient,verdict_code,gradient,9,0.0035714285714285713,1.0,hvp-shadow-fp32-ieee-v1,torch.float32
d12-s9,12,9,d12-s9-s0-b872e698e81b4a8fa0cd08512f43c2c2,shadow_fp32,curvature/e_sym_update,e_sym,update,9,0.0035714285714285713,1.0575169974161513e-07,hvp-shadow-fp32-ieee-v1,torch.float32
d12-s9,12,9,d12-s9-s0-b872e698e81b4a8fa0cd08512f43c2c2,shadow_fp32,curvature/e_lin_update,e_lin,update,9,0.0035714285714285713,3.71674133783594e-07,hvp-shadow-fp32-ieee-v1,torch.float32
d12-s9,12,9,d12-s9-s0-b872e698e81b4a8fa0cd08512f43c2c2,shadow_fp32,curvature/verdict_code_update,verdict_code,update,9,0.0035714285714285713,1.0,hvp-shadow-fp32-ieee-v1,torch.float32
d12-s9,12,9,d12-s9-s0-b872e698e81b4a8fa0cd08512f43c2c2,native,curvature/e_sym_random,e_sym,random,9,0.0035714285714285713,0.0050483544722832365,,torch.bfloat16
d12-s9,12,9,d12-s9-s0-b872e698e81b4a8fa0cd08512f43c2c2,native,curvature/e_lin_random,e_lin,random,9,0.0035714285714285713,0.008568515720170793,,torch.bfloat16
d12-s9,12,9,d12-s9-s0-b872e698e81b4a8fa0cd08512f43c2c2,native,curvature/verdict_code_random,verdict_code,random,9,0.0035714285714285713,2.0,,torch.bfloat16
d12-s9,12,9,d12-s9-s0-b872e698e81b4a8fa0cd08512f43c2c2,native,curvature/e_sym_gradient,e_sym,gradient,9,0.0035714285714285713,0.046819051729930526,,torch.bfloat16
d12-s9,12,9,d12-s9-s0-b872e698e81b4a8fa0cd08512f43c2c2,native,curvature/e_lin_gradient,e_lin,gradient,9,0.0035714285714285713,0.009621848125328961,,torch.bfloat16
d12-s9,12,9,d12-s9-s0-b872e698e81b4a8fa0cd08512f43c2c2,native,curvature/verdict_code_gradient,verdict_code,gradient,9,0.0035714285714285713,2.0,,torch.bfloat16
d12-s9,12,9,d12-s9-s0-b872e698e81b4a8fa0cd08512f43c2c2,native,curvature/e_sym_update,e_sym,update,9,0.0035714285714285713,0.1028750051875193,,torch.bfloat16
d12-s9,12,9,d12-s9-s0-b872e698e81b4a8fa0cd08512f43c2c2,native,curvature/e_lin_update,e_lin,update,9,0.0035714285714285713,0.013287464199244006,,torch.bfloat16
d12-s9,12,9,d12-s9-s0-b872e698e81b4a8fa0cd08512f43c2c2,native,curvature/verdict_code_update,verdict_code,update,9,0.0035714285714285713,2.0,,torch.bfloat16
d12-s9,12,9,d12-s9-s0-b872e698e81b4a8fa0cd08512f43c2c2,shadow_fp32,curvature/e_sym_random,e_sym,random,17,0.006746031746031746,3.1447662584933604e-06,hvp-shadow-fp32-ieee-v1,torch.float32
d12-s9,12,9,d12-s9-s0-b872e698e81b4a8fa0cd08512f43c2c2,shadow_fp32,curvature/e_lin_random,e_lin,random,17,0.006746031746031746,6.736740740374559e-07,hvp-shadow-fp32-ieee-v1,torch.float32
d12-s9,12,9,d12-s9-s0-b872e698e81b4a8fa0cd08512f43c2c2,shadow_fp32,curvature/verdict_code_random,verdict_code,random,17,0.006746031746031746,1.0,hvp-shadow-fp32-ieee-v1,torch.float32
d12-s9,12,9,d12-s9-s0-b872e698e81b4a8fa0cd08512f43c2c2,shadow_fp32,curvature/e_sym_gradient,e_sym,gradient,17,0.006746031746031746,8.042876549717364e-07,hvp-shadow-fp32-ieee-v1,torch.float32
d12-s9,12,9,d12-s9-s0-b872e698e81b4a8fa0cd08512f43c2c2,shadow_fp32,curvature/e_lin_gradient,e_lin,gradient,17,0.006746031746031746,5.631598847297471e-07,hvp-shadow-fp32-ieee-v1,torch.float32
d12-s9,12,9,d12-s9-s0-b872e698e81b4a8fa0cd08512f43c2c2,shadow_fp32,curvature/verdict_code_gradient,verdict_code,gradient,17,0.006746031746031746,0.0,hvp-shadow-fp32-ieee-v1,torch.float32
d12-s9,12,9,d12-s9-s0-b872e698e81b4a8fa0cd08512f43c2c2,shadow_fp32,curvature/e_sym_update,e_sym,update,17,0.006746031746031746,4.119930944157191e-06,hvp-shadow-fp32-ieee-v1,torch.float32
d12-s9,12,9,d12-s9-s0-b872e698e81b4a8fa0cd08512f43c2c2,shadow_fp32,curvature/e_lin_update,e_lin,update,17,0.006746031746031746,6.266992945626201e-07,hvp-shadow-fp32-ieee-v1,torch.float32
d12-s9,12,9,d12-s9-s0-b872e698e81b4a8fa0cd08512f43c2c2,shadow_fp32,curvature/verdict_code_update,verdict_code,update,17,0.006746031746031746,1.0,hvp-shadow-fp32-ieee-v1,torch.float32
d12-s9,12,9,d12-s9-s0-b872e698e81b4a8fa0cd08512f43c2c2,native,curvature/e_sym_random,e_sym,random,17,0.006746031746031746,0.018353922917716876,,torch.bfloat16
d12-s9,12,9,d12-s9-s0-b872e698e81b4a8fa0cd08512f43c2c2,native,curvature/e_lin_random,e_lin,random,17,0.006746031746031746,0.012492418741330533,,torch.bfloat16
d12-s9,12,9,d12-s9-s0-b872e698e81b4a8fa0cd08512f43c2c2,native,curvature/verdict_code_random,verdict_code,random,17,0.006746031746031746,2.0,,torch.bfloat16
d12-s9,12,9,d12-s9-s0-b872e698e81b4a8fa0cd08512f43c2c2,native,curvature/e_sym_gradient,e_sym,gradient,17,0.006746031746031746,0.0009027494656667746,,torch.bfloat16
d12-s9,12,9,d12-s9-s0-b872e698e81b4a8fa0cd08512f43c2c2,native,curvature/e_lin_gradient,e_lin,gradient,17,0.006746031746031746,0.003346149330013268,,torch.bfloat16
d12-s9,12,9,d12-s9-s0-b872e698e81b4a8fa0cd08512f43c2c2,native,curvature/verdict_code_gradient,verdict_code,gradient,17,0.006746031746031746,2.0,,torch.bfloat16
d12-s9,12,9,d12-s9-s0-b872e698e81b4a8fa0cd08512f43c2c2,native,curvature/e_sym_update,e_sym,update,17,0.006746031746031746,0.588449343346592,,torch.bfloat16
d12-s9,12,9,d12-s9-s0-b872e698e81b4a8fa0cd08512f43c2c2,native,curvature/e_lin_update,e_lin,update,17,0.006746031746031746,0.015082889947508652,,torch.bfloat16
d12-s9,12,9,d12-s9-s0-b872e698e81b4a8fa0cd08512f43c2c2,native,curvature/verdict_code_update,verdict_code,update,17,0.006746031746031746,2.0,,torch.bfloat16
d12-s9,12,9,d12-s9-s0-b872e698e81b4a8fa0cd08512f43c2c2,shadow_fp32,curvature/e_sym_random,e_sym,random,33,0.013095238095238096,3.877414732842168e-06,hvp-shadow-fp32-ieee-v1,torch.float32
d12-s9,12,9,d12-s9-s0-b872e698e81b4a8fa0cd08512f43c2c2,shadow_fp32,curvature/e_lin_random,e_lin,random,33,0.013095238095238096,6.052847393477409e-07,hvp-shadow-fp32-ieee-v1,torch.float32
d12-s9,12,9,d12-s9-s0-b872e698e81b4a8fa0cd08512f43c2c2,shadow_fp32,curvature/verdict_code_random,verdict_code,random,33,0.013095238095238096,1.0,hvp-shadow-fp32-ieee-v1,torch.float32
d12-s9,12,9,d12-s9-s0-b872e698e81b4a8fa0cd08512f43c2c2,shadow_fp32,curvature/e_sym_gradient,e_sym,gradient,33,0.013095238095238096,2.442183616238764e-07,hvp-shadow-fp32-ieee-v1,torch.float32
d12-s9,12,9,d12-s9-s0-b872e698e81b4a8fa0cd08512f43c2c2,shadow_fp32,curvature/e_lin_gradient,e_lin,gradient,33,0.013095238095238096,3.8510135674625066e-07,hvp-shadow-fp32-ieee-v1,torch.float32
d12-s9,12,9,d12-s9-s0-b872e698e81b4a8fa0cd08512f43c2c2,shadow_fp32,curvature/verdict_code_gradient,verdict_code,gradient,33,0.013095238095238096,0.0,hvp-shadow-fp32-ieee-v1,torch.float32
d12-s9,12,9,d12-s9-s0-b872e698e81b4a8fa0cd08512f43c2c2,shadow_fp32,curvature/e_sym_update,e_sym,update,33,0.013095238095238096,6.532246714182878e-07,hvp-shadow-fp32-ieee-v1,torch.float32
d12-s9,12,9,d12-s9-s0-b872e698e81b4a8fa0cd08512f43c2c2,shadow_fp32,curvature/e_lin_update,e_lin,update,33,0.013095238095238096,5.197960453885826e-07,hvp-shadow-fp32-ieee-v1,torch.float32
d12-s9,12,9,d12-s9-s0-b872e698e81b4a8fa0cd08512f43c2c2,shadow_fp32,curvature/verdict_code_update,verdict_code,update,33,0.013095238095238096,1.0,hvp-shadow-fp32-ieee-v1,torch.float32
d12-s9,12,9,d12-s9-s0-b872e698e81b4a8fa0cd08512f43c2c2,native,curvature/e_sym_random,e_sym,random,33,0.013095238095238096,0.09039932332920707,,torch.bfloat16
d12-s9,12,9,d12-s9-s0-b872e698e81b4a8fa0cd08512f43c2c2,native,curvature/e_lin_random,e_lin,random,33,0.013095238095238096,0.011531677035469047,,torch.bfloat16
d12-s9,12,9,d12-s9-s0-b872e698e81b4a8fa0cd08512f43c2c2,native,curvature/verdict_code_random,verdict_code,random,33,0.013095238095238096,2.0,,torch.bfloat16
d12-s9,12,9,d12-s9-s0-b872e698e81b4a8fa0cd08512f43c2c2,native,curvature/e_sym_gradient,e_sym,gradient,33,0.013095238095238096,4.5200542220179374e-05,,torch.bfloat16
d12-s9,12,9,d12-s9-s0-b872e698e81b4a8fa0cd08512f43c2c2,native,curvature/e_lin_gradient,e_lin,gradient,33,0.013095238095238096,0.0035375891780327225,,torch.bfloat16
d12-s9,12,9,d12-s9-s0-b872e698e81b4a8fa0cd08512f43c2c2,native,curvature/verdict_code_gradient,verdict_code,gradient,33,0.013095238095238096,2.0,,torch.bfloat16
d12-s9,12,9,d12-s9-s0-b872e698e81b4a8fa0cd08512f43c2c2,native,curvature/e_sym_update,e_sym,update,33,0.013095238095238096,0.10526199283828575,,torch.bfloat16
d12-s9,12,9,d12-s9-s0-b872e698e81b4a8fa0cd08512f43c2c2,native,curvature/e_lin_update,e_lin,update,33,0.013095238095238096,0.00954696950739919,,torch.bfloat16
d12-s9,12,9,d12-s9-s0-b872e698e81b4a8fa0cd08512f43c2c2,native,curvature/verdict_code_update,verdict_code,update,33,0.013095238095238096,2.0,,torch.bfloat16
d12-s9,12,9,d12-s9-s0-b872e698e81b4a8fa0cd08512f43c2c2,shadow_fp32,curvature/e_sym_random,e_sym,random,41,0.01626984126984127,4.990786668404469e-05,hvp-shadow-fp32-ieee-v1,torch.float32
d12-s9,12,9,d12-s9-s0-b872e698e81b4a8fa0cd08512f43c2c2,shadow_fp32,curvature/e_lin_random,e_lin,random,41,0.01626984126984127,6.401278384094128e-07,hvp-shadow-fp32-ieee-v1,torch.float32
d12-s9,12,9,d12-s9-s0-b872e698e81b4a8fa0cd08512f43c2c2,shadow_fp32,curvature/verdict_code_random,verdict_code,random,41,0.01626984126984127,1.0,hvp-shadow-fp32-ieee-v1,torch.float32
d12-s9,12,9,d12-s9-s0-b872e698e81b4a8fa0cd08512f43c2c2,shadow_fp32,curvature/e_sym_gradient,e_sym,gradient,41,0.01626984126984127,1.8822300468956054e-07,hvp-shadow-fp32-ieee-v1,torch.float32
d12-s9,12,9,d12-s9-s0-b872e698e81b4a8fa0cd08512f43c2c2,shadow_fp32,curvature/e_lin_gradient,e_lin,gradient,41,0.01626984126984127,3.8806674018041483e-07,hvp-shadow-fp32-ieee-v1,torch.float32
d12-s9,12,9,d12-s9-s0-b872e698e81b4a8fa0cd08512f43c2c2,shadow_fp32,curvature/verdict_code_gradient,verdict_code,gradient,41,0.01626984126984127,0.0,hvp-shadow-fp32-ieee-v1,torch.float32
d12-s9,12,9,d12-s9-s0-b872e698e81b4a8fa0cd08512f43c2c2,shadow_fp32,curvature/e_sym_update,e_sym,update,41,0.01626984126984127,5.592345817697184e-08,hvp-shadow-fp32-ieee-v1,torch.float32
d12-s9,12,9,d12-s9-s0-b872e698e81b4a8fa0cd08512f43c2c2,shadow_fp32,curvature/e_lin_update,e_lin,update,41,0.01626984126984127,5.983360911775353e-07,hvp-shadow-fp32-ieee-v1,torch.float32
d12-s9,12,9,d12-s9-s0-b872e698e81b4a8fa0cd08512f43c2c2,shadow_fp32,curvature/verdict_code_update,verdict_code,update,41,0.01626984126984127,1.0,hvp-shadow-fp32-ieee-v1,torch.float32
d12-s9,12,9,d12-s9-s0-b872e698e81b4a8fa0cd08512f43c2c2,native,curvature/e_sym_random,e_sym,random,41,0.01626984126984127,0.18605258232452318,,torch.bfloat16
d12-s9,12,9,d12-s9-s0-b872e698e81b4a8fa0cd08512f43c2c2,native,curvature/e_lin_random,e_lin,random,41,0.01626984126984127,0.010872428833405752,,torch.bfloat16
d12-s9,12,9,d12-s9-s0-b872e698e81b4a8fa0cd08512f43c2c2,native,curvature/verdict_code_random,verdict_code,random,41,0.01626984126984127,2.0,,torch.bfloat16
d12-s9,12,9,d12-s9-s0-b872e698e81b4a8fa0cd08512f43c2c2,native,curvature/e_sym_gradient,e_sym,gradient,41,0.01626984126984127,0.00027088769563062855,,torch.bfloat16
d12-s9,12,9,d12-s9-s0-b872e698e81b4a8fa0cd08512f43c2c2,native,curvature/e_lin_gradient,e_lin,gradient,41,0.01626984126984127,0.0034181064495171164,,torch.bfloat16
d12-s9,12,9,d12-s9-s0-b872e698e81b4a8fa0cd08512f43c2c2,native,curvature/verdict_code_gradient,verdict_code,gradient,41,0.01626984126984127,2.0,,torch.bfloat16
d12-s9,12,9,d12-s9-s0-b872e698e81b4a8fa0cd08512f43c2c2,native,curvature/e_sym_update,e_sym,update,41,0.01626984126984127,0.0075774011346592994,,torch.bfloat16
d12-s9,12,9,d12-s9-s0-b872e698e81b4a8fa0cd08512f43c2c2,native,curvature/e_lin_update,e_lin,update,41,0.01626984126984127,0.009882627019494798,,torch.bfloat16
d12-s9,12,9,d12-s9-s0-b872e698e81b4a8fa0cd08512f43c2c2,native,curvature/verdict_code_update,verdict_code,update,41,0.01626984126984127,2.0,,torch.bfloat16
d12-s9,12,9,d12-s9-s0-b872e698e81b4a8fa0cd08512f43c2c2,shadow_fp32,curvature/e_sym_random,e_sym,random,65,0.025793650793650792,6.328838565768808e-07,hvp-shadow-fp32-ieee-v1,torch.float32
d12-s9,12,9,d12-s9-s0-b872e698e81b4a8fa0cd08512f43c2c2,shadow_fp32,curvature/e_lin_random,e_lin,random,65,0.025793650793650792,6.820738369255902e-07,hvp-shadow-fp32-ieee-v1,torch.float32
d12-s9,12,9,d12-s9-s0-b872e698e81b4a8fa0cd08512f43c2c2,shadow_fp32,curvature/verdict_code_random,verdict_code,random,65,0.025793650793650792,1.0,hvp-shadow-fp32-ieee-v1,torch.float32
d12-s9,12,9,d12-s9-s0-b872e698e81b4a8fa0cd08512f43c2c2,shadow_fp32,curvature/e_sym_gradient,e_sym,gradient,65,0.025793650793650792,8.611738845040932e-07,hvp-shadow-fp32-ieee-v1,torch.float32
d12-s9,12,9,d12-s9-s0-b872e698e81b4a8fa0cd08512f43c2c2,shadow_fp32,curvature/e_lin_gradient,e_lin,gradient,65,0.025793650793650792,3.80211796821859e-07,hvp-shadow-fp32-ieee-v1,torch.float32
d12-s9,12,9,d12-s9-s0-b872e698e81b4a8fa0cd08512f43c2c2,shadow_fp32,curvature/verdict_code_gradient,verdict_code,gradient,65,0.025793650793650792,0.0,hvp-shadow-fp32-ieee-v1,torch.float32
d12-s9,12,9,d12-s9-s0-b872e698e81b4a8fa0cd08512f43c2c2,shadow_fp32,curvature/e_sym_update,e_sym,update,65,0.025793650793650792,1.10805659391162e-06,hvp-shadow-fp32-ieee-v1,torch.float32
d12-s9,12,9,d12-s9-s0-b872e698e81b4a8fa0cd08512f43c2c2,shadow_fp32,curvature/e_lin_update,e_lin,update,65,0.025793650793650792,5.794747865080074e-07,hvp-shadow-fp32-ieee-v1,torch.float32
d12-s9,12,9,d12-s9-s0-b872e698e81b4a8fa0cd08512f43c2c2,shadow_fp32,curvature/verdict_code_update,verdict_code,update,65,0.025793650793650792,1.0,hvp-shadow-fp32-ieee-v1,torch.float32
d12-s9,12,9,d12-s9-s0-b872e698e81b4a8fa0cd08512f43c2c2,native,curvature/e_sym_random,e_sym,random,65,0.025793650793650792,0.007506274488354399,,torch.bfloat16
d12-s9,12,9,d12-s9-s0-b872e698e81b4a8fa0cd08512f43c2c2,native,curvature/e_lin_random,e_lin,random,65,0.025793650793650792,0.01133995456973377,,torch.bfloat16
d12-s9,12,9,d12-s9-s0-b872e698e81b4a8fa0cd08512f43c2c2,native,curvature/verdict_code_random,verdict_code,random,65,0.025793650793650792,2.0,,torch.bfloat16
d12-s9,12,9,d12-s9-s0-b872e698e81b4a8fa0cd08512f43c2c2,native,curvature/e_sym_gradient,e_sym,gradient,65,0.025793650793650792,0.002289304624530721,,torch.bfloat16
d12-s9,12,9,d12-s9-s0-b872e698e81b4a8fa0cd08512f43c2c2,native,curvature/e_lin_gradient,e_lin,gradient,65,0.025793650793650792,0.003929618024712123,,torch.bfloat16
d12-s9,12,9,d12-s9-s0-b872e698e81b4a8fa0cd08512f43c2c2,native,curvature/verdict_code_gradient,verdict_code,gradient,65,0.025793650793650792,2.0,,torch.bfloat16
d12-s9,12,9,d12-s9-s0-b872e698e81b4a8fa0cd08512f43c2c2,native,curvature/e_sym_update,e_sym,update,65,0.025793650793650792,0.011580862421869748,,torch.bfloat16
d12-s9,12,9,d12-s9-s0-b872e698e81b4a8fa0cd08512f43c2c2,native,curvature/e_lin_update,e_lin,update,65,0.025793650793650792,0.009390868465564356,,torch.bfloat16
d12-s9,12,9,d12-s9-s0-b872e698e81b4a8fa0cd08512f43c2c2,native,curvature/verdict_code_update,verdict_code,update,65,0.025793650793650792,2.0,,torch.bfloat16
d12-s9,12,9,d12-s9-s0-b872e698e81b4a8fa0cd08512f43c2c2,shadow_fp32,curvature/e_sym_random,e_sym,random,127,0.0503968253968254,1.351146943882791e-06,hvp-shadow-fp32-ieee-v1,torch.float32
d12-s9,12,9,d12-s9-s0-b872e698e81b4a8fa0cd08512f43c2c2,shadow_fp32,curvature/e_lin_random,e_lin,random,127,0.0503968253968254,6.238898993394458e-07,hvp-shadow-fp32-ieee-v1,torch.float32
d12-s9,12,9,d12-s9-s0-b872e698e81b4a8fa0cd08512f43c2c2,shadow_fp32,curvature/verdict_code_random,verdict_code,random,127,0.0503968253968254,1.0,hvp-shadow-fp32-ieee-v1,torch.float32
d12-s9,12,9,d12-s9-s0-b872e698e81b4a8fa0cd08512f43c2c2,shadow_fp32,curvature/e_sym_gradient,e_sym,gradient,127,0.0503968253968254,1.2916116631750423e-07,hvp-shadow-fp32-ieee-v1,torch.float32
d12-s9,12,9,d12-s9-s0-b872e698e81b4a8fa0cd08512f43c2c2,shadow_fp32,curvature/e_lin_gradient,e_lin,gradient,127,0.0503968253968254,2.6022570207228444e-07,hvp-shadow-fp32-ieee-v1,torch.float32
d12-s9,12,9,d12-s9-s0-b872e698e81b4a8fa0cd08512f43c2c2,shadow_fp32,curvature/verdict_code_gradient,verdict_code,gradient,127,0.0503968253968254,0.0,hvp-shadow-fp32-ieee-v1,torch.float32
d12-s9,12,9,d12-s9-s0-b872e698e81b4a8fa0cd08512f43c2c2,shadow_fp32,curvature/e_sym_update,e_sym,update,127,0.0503968253968254,4.213970261534374e-07,hvp-shadow-fp32-ieee-v1,torch.float32
d12-s9,12,9,d12-s9-s0-b872e698e81b4a8fa0cd08512f43c2c2,shadow_fp32,curvature/e_lin_update,e_lin,update,127,0.0503968253968254,5.424011409117593e-07,hvp-shadow-fp32-ieee-v1,torch.float32
d12-s9,12,9,d12-s9-s0-b872e698e81b4a8fa0cd08512f43c2c2,shadow_fp32,curvature/verdict_code_update,verdict_code,update,127,0.0503968253968254,1.0,hvp-shadow-fp32-ieee-v1,torch.float32
d12-s9,12,9,d12-s9-s0-b872e698e81b4a8fa0cd08512f43c2c2,native,curvature/e_sym_random,e_sym,random,127,0.0503968253968254,0.007063017776244553,,torch.bfloat16
d12-s9,12,9,d12-s9-s0-b872e698e81b4a8fa0cd08512f43c2c2,native,curvature/e_lin_random,e_lin,random,127,0.0503968253968254,0.011157335745172326,,torch.bfloat16
d12-s9,12,9,d12-s9-s0-b872e698e81b4a8fa0cd08512f43c2c2,native,curvature/verdict_code_random,verdict_code,random,127,0.0503968253968254,2.0,,torch.bfloat16
d12-s9,12,9,d12-s9-s0-b872e698e81b4a8fa0cd08512f43c2c2,native,curvature/e_sym_gradient,e_sym,gradient,127,0.0503968253968254,0.009216755508654124,,torch.bfloat16
d12-s9,12,9,d12-s9-s0-b872e698e81b4a8fa0cd08512f43c2c2,native,curvature/e_lin_gradient,e_lin,gradient,127,0.0503968253968254,0.004261478407750771,,torch.bfloat16
d12-s9,12,9,d12-s9-s0-b872e698e81b4a8fa0cd08512f43c2c2,native,curvature/verdict_code_gradient,verdict_code,gradient,127,0.0503968253968254,2.0,,torch.bfloat16
d12-s9,12,9,d12-s9-s0-b872e698e81b4a8fa0cd08512f43c2c2,native,curvature/e_sym_update,e_sym,update,127,0.0503968253968254,0.014392321545630974,,torch.bfloat16
d12-s9,12,9,d12-s9-s0-b872e698e81b4a8fa0cd08512f43c2c2,native,curvature/e_lin_update,e_lin,update,127,0.0503968253968254,0.010249723877598763,,torch.bfloat16
d12-s9,12,9,d12-s9-s0-b872e698e81b4a8fa0cd08512f43c2c2,native,curvature/verdict_code_update,verdict_code,update,127,0.0503968253968254,2.0,,torch.bfloat16
d12-s9,12,9,d12-s9-s0-b872e698e81b4a8fa0cd08512f43c2c2,shadow_fp32,curvature/e_sym_random,e_sym,random,253,0.1003968253968254,4.975923625815685e-07,hvp-shadow-fp32-ieee-v1,torch.float32
d12-s9,12,9,d12-s9-s0-b872e698e81b4a8fa0cd08512f43c2c2,shadow_fp32,curvature/e_lin_random,e_lin,random,253,0.1003968253968254,7.343596772835445e-07,hvp-shadow-fp32-ieee-v1,torch.float32
d12-s9,12,9,d12-s9-s0-b872e698e81b4a8fa0cd08512f43c2c2,shadow_fp32,curvature/verdict_code_random,verdict_code,random,253,0.1003968253968254,1.0,hvp-shadow-fp32-ieee-v1,torch.float32
d12-s9,12,9,d12-s9-s0-b872e698e81b4a8fa0cd08512f43c2c2,shadow_fp32,curvature/e_sym_gradient,e_sym,gradient,253,0.1003968253968254,3.269511486215647e-07,hvp-shadow-fp32-ieee-v1,torch.float32
d12-s9,12,9,d12-s9-s0-b872e698e81b4a8fa0cd08512f43c2c2,shadow_fp32,curvature/e_lin_gradient,e_lin,gradient,253,0.1003968253968254,4.627413614953941e-07,hvp-shadow-fp32-ieee-v1,torch.float32
d12-s9,12,9,d12-s9-s0-b872e698e81b4a8fa0cd08512f43c2c2,shadow_fp32,curvature/verdict_code_gradient,verdict_code,gradient,253,0.1003968253968254,0.0,hvp-shadow-fp32-ieee-v1,torch.float32
d12-s9,12,9,d12-s9-s0-b872e698e81b4a8fa0cd08512f43c2c2,shadow_fp32,curvature/e_sym_update,e_sym,update,253,0.1003968253968254,2.83689357060889e-07,hvp-shadow-fp32-ieee-v1,torch.float32
d12-s9,12,9,d12-s9-s0-b872e698e81b4a8fa0cd08512f43c2c2,shadow_fp32,curvature/e_lin_update,e_lin,update,253,0.1003968253968254,7.023493833511206e-07,hvp-shadow-fp32-ieee-v1,torch.float32
d12-s9,12,9,d12-s9-s0-b872e698e81b4a8fa0cd08512f43c2c2,shadow_fp32,curvature/verdict_code_update,verdict_code,update,253,0.1003968253968254,1.0,hvp-shadow-fp32-ieee-v1,torch.float32
d12-s9,12,9,d12-s9-s0-b872e698e81b4a8fa0cd08512f43c2c2,native,curvature/e_sym_random,e_sym,random,253,0.1003968253968254,0.01723233898232628,,torch.bfloat16
d12-s9,12,9,d12-s9-s0-b872e698e81b4a8fa0cd08512f43c2c2,native,curvature/e_lin_random,e_lin,random,253,0.1003968253968254,0.011482063190762035,,torch.bfloat16
d12-s9,12,9,d12-s9-s0-b872e698e81b4a8fa0cd08512f43c2c2,native,curvature/verdict_code_random,verdict_code,random,253,0.1003968253968254,2.0,,torch.bfloat16
d12-s9,12,9,d12-s9-s0-b872e698e81b4a8fa0cd08512f43c2c2,native,curvature/e_sym_gradient,e_sym,gradient,253,0.1003968253968254,0.01510568642065785,,torch.bfloat16
d12-s9,12,9,d12-s9-s0-b872e698e81b4a8fa0cd08512f43c2c2,native,curvature/e_lin_gradient,e_lin,gradient,253,0.1003968253968254,0.006606418514587198,,torch.bfloat16
d12-s9,12,9,d12-s9-s0-b872e698e81b4a8fa0cd08512f43c2c2,native,curvature/verdict_code_gradient,verdict_code,gradient,253,0.1003968253968254,2.0,,torch.bfloat16
d12-s9,12,9,d12-s9-s0-b872e698e81b4a8fa0cd08512f43c2c2,native,curvature/e_sym_update,e_sym,update,253,0.1003968253968254,0.0077254088360647725,,torch.bfloat16
d12-s9,12,9,d12-s9-s0-b872e698e81b4a8fa0cd08512f43c2c2,native,curvature/e_lin_update,e_lin,update,253,0.1003968253968254,0.010789987933050601,,torch.bfloat16
d12-s9,12,9,d12-s9-s0-b872e698e81b4a8fa0cd08512f43c2c2,native,curvature/verdict_code_update,verdict_code,update,253,0.1003968253968254,2.0,,torch.bfloat16
d12-s9,12,9,d12-s9-s0-b872e698e81b4a8fa0cd08512f43c2c2,shadow_fp32,curvature/e_sym_random,e_sym,random,379,0.1503968253968254,5.696349622482212e-08,hvp-shadow-fp32-ieee-v1,torch.float32
d12-s9,12,9,d12-s9-s0-b872e698e81b4a8fa0cd08512f43c2c2,shadow_fp32,curvature/e_lin_random,e_lin,random,379,0.1503968253968254,7.297464342639081e-07,hvp-shadow-fp32-ieee-v1,torch.float32
d12-s9,12,9,d12-s9-s0-b872e698e81b4a8fa0cd08512f43c2c2,shadow_fp32,curvature/verdict_code_random,verdict_code,random,379,0.1503968253968254,1.0,hvp-shadow-fp32-ieee-v1,torch.float32
d12-s9,12,9,d12-s9-s0-b872e698e81b4a8fa0cd08512f43c2c2,shadow_fp32,curvature/e_sym_gradient,e_sym,gradient,379,0.1503968253968254,8.218309722692053e-07,hvp-shadow-fp32-ieee-v1,torch.float32
d12-s9,12,9,d12-s9-s0-b872e698e81b4a8fa0cd08512f43c2c2,shadow_fp32,curvature/e_lin_gradient,e_lin,gradient,379,0.1503968253968254,5.339499752728828e-07,hvp-shadow-fp32-ieee-v1,torch.float32
d12-s9,12,9,d12-s9-s0-b872e698e81b4a8fa0cd08512f43c2c2,shadow_fp32,curvature/verdict_code_gradient,verdict_code,gradient,379,0.1503968253968254,0.0,hvp-shadow-fp32-ieee-v1,torch.float32
d12-s9,12,9,d12-s9-s0-b872e698e81b4a8fa0cd08512f43c2c2,shadow_fp32,curvature/e_sym_update,e_sym,update,379,0.1503968253968254,1.1372104280871479e-06,hvp-shadow-fp32-ieee-v1,torch.float32
d12-s9,12,9,d12-s9-s0-b872e698e81b4a8fa0cd08512f43c2c2,shadow_fp32,curvature/e_lin_update,e_lin,update,379,0.1503968253968254,7.341545508403603e-07,hvp-shadow-fp32-ieee-v1,torch.float32
d12-s9,12,9,d12-s9-s0-b872e698e81b4a8fa0cd08512f43c2c2,shadow_fp32,curvature/verdict_code_update,verdict_code,update,379,0.1503968253968254,1.0,hvp-shadow-fp32-ieee-v1,torch.float32
d12-s9,12,9,d12-s9-s0-b872e698e81b4a8fa0cd08512f43c2c2,native,curvature/e_sym_random,e_sym,random,379,0.1503968253968254,0.011186341148634508,,torch.bfloat16
d12-s9,12,9,d12-s9-s0-b872e698e81b4a8fa0cd08512f43c2c2,native,curvature/e_lin_random,e_lin,random,379,0.1503968253968254,0.011273470224887937,,torch.bfloat16
d12-s9,12,9,d12-s9-s0-b872e698e81b4a8fa0cd08512f43c2c2,native,curvature/verdict_code_random,verdict_code,random,379,0.1503968253968254,2.0,,torch.bfloat16
d12-s9,12,9,d12-s9-s0-b872e698e81b4a8fa0cd08512f43c2c2,native,curvature/e_sym_gradient,e_sym,gradient,379,0.1503968253968254,0.003966798764442012,,torch.bfloat16
d12-s9,12,9,d12-s9-s0-b872e698e81b4a8fa0cd08512f43c2c2,native,curvature/e_lin_gradient,e_lin,gradient,379,0.1503968253968254,0.007091011324121176,,torch.bfloat16
d12-s9,12,9,d12-s9-s0-b872e698e81b4a8fa0cd08512f43c2c2,native,curvature/verdict_code_gradient,verdict_code,gradient,379,0.1503968253968254,2.0,,torch.bfloat16
d12-s9,12,9,d12-s9-s0-b872e698e81b4a8fa0cd08512f43c2c2,native,curvature/e_sym_update,e_sym,update,379,0.1503968253968254,0.023806375304785785,,torch.bfloat16
d12-s9,12,9,d12-s9-s0-b872e698e81b4a8fa0cd08512f43c2c2,native,curvature/e_lin_update,e_lin,update,379,0.1503968253968254,0.011172152703620037,,torch.bfloat16
d12-s9,12,9,d12-s9-s0-b872e698e81b4a8fa0cd08512f43c2c2,native,curvature/verdict_code_update,verdict_code,update,379,0.1503968253968254,2.0,,torch.bfloat16
d12-s9,12,9,d12-s9-s0-b872e698e81b4a8fa0cd08512f43c2c2,shadow_fp32,curvature/e_sym_random,e_sym,random,401,0.15912698412698412,3.267266339661672e-07,hvp-shadow-fp32-ieee-v1,torch.float32
d12-s9,12,9,d12-s9-s0-b872e698e81b4a8fa0cd08512f43c2c2,shadow_fp32,curvature/e_lin_random,e_lin,random,401,0.15912698412698412,7.746084591535881e-07,hvp-shadow-fp32-ieee-v1,torch.float32
d12-s9,12,9,d12-s9-s0-b872e698e81b4a8fa0cd08512f43c2c2,shadow_fp32,curvature/verdict_code_random,verdict_code,random,401,0.15912698412698412,1.0,hvp-shadow-fp32-ieee-v1,torch.float32
d12-s9,12,9,d12-s9-s0-b872e698e81b4a8fa0cd08512f43c2c2,shadow_fp32,curvature/e_sym_gradient,e_sym,gradient,401,0.15912698412698412,8.460752186513491e-07,hvp-shadow-fp32-ieee-v1,torch.float32
d12-s9,12,9,d12-s9-s0-b872e698e81b4a8fa0cd08512f43c2c2,shadow_fp32,curvature/e_lin_gradient,e_lin,gradient,401,0.15912698412698412,6.386752739086006e-07,hvp-shadow-fp32-ieee-v1,torch.float32
d12-s9,12,9,d12-s9-s0-b872e698e81b4a8fa0cd08512f43c2c2,shadow_fp32,curvature/verdict_code_gradient,verdict_code,gradient,401,0.15912698412698412,0.0,hvp-shadow-fp32-ieee-v1,torch.float32
d12-s9,12,9,d12-s9-s0-b872e698e81b4a8fa0cd08512f43c2c2,shadow_fp32,curvature/e_sym_update,e_sym,update,401,0.15912698412698412,5.034571722764138e-07,hvp-shadow-fp32-ieee-v1,torch.float32
d12-s9,12,9,d12-s9-s0-b872e698e81b4a8fa0cd08512f43c2c2,shadow_fp32,curvature/e_lin_update,e_lin,update,401,0.15912698412698412,7.630420478986994e-07,hvp-shadow-fp32-ieee-v1,torch.float32
d12-s9,12,9,d12-s9-s0-b872e698e81b4a8fa0cd08512f43c2c2,shadow_fp32,curvature/verdict_code_update,verdict_code,update,401,0.15912698412698412,1.0,hvp-shadow-fp32-ieee-v1,torch.float32
d12-s9,12,9,d12-s9-s0-b872e698e81b4a8fa0cd08512f43c2c2,native,curvature/e_sym_random,e_sym,random,401,0.15912698412698412,0.0021032517486600853,,torch.bfloat16
d12-s9,12,9,d12-s9-s0-b872e698e81b4a8fa0cd08512f43c2c2,native,curvature/e_lin_random,e_lin,random,401,0.15912698412698412,0.011230219189420099,,torch.bfloat16
d12-s9,12,9,d12-s9-s0-b872e698e81b4a8fa0cd08512f43c2c2,native,curvature/verdict_code_random,verdict_code,random,401,0.15912698412698412,2.0,,torch.bfloat16
d12-s9,12,9,d12-s9-s0-b872e698e81b4a8fa0cd08512f43c2c2,native,curvature/e_sym_gradient,e_sym,gradient,401,0.15912698412698412,0.013482981288194702,,torch.bfloat16
d12-s9,12,9,d12-s9-s0-b872e698e81b4a8fa0cd08512f43c2c2,native,curvature/e_lin_gradient,e_lin,gradient,401,0.15912698412698412,0.00832154568600351,,torch.bfloat16
d12-s9,12,9,d12-s9-s0-b872e698e81b4a8fa0cd08512f43c2c2,native,curvature/verdict_code_gradient,verdict_code,gradient,401,0.15912698412698412,2.0,,torch.bfloat16
d12-s9,12,9,d12-s9-s0-b872e698e81b4a8fa0cd08512f43c2c2,native,curvature/e_sym_update,e_sym,update,401,0.15912698412698412,0.007761028926514287,,torch.bfloat16
d12-s9,12,9,d12-s9-s0-b872e698e81b4a8fa0cd08512f43c2c2,native,curvature/e_lin_update,e_lin,update,401,0.15912698412698412,0.011400278873049082,,torch.bfloat16
d12-s9,12,9,d12-s9-s0-b872e698e81b4a8fa0cd08512f43c2c2,native,curvature/verdict_code_update,verdict_code,update,401,0.15912698412698412,2.0,,torch.bfloat16
d12-s9,12,9,d12-s9-s0-b872e698e81b4a8fa0cd08512f43c2c2,shadow_fp32,curvature/e_sym_random,e_sym,random,505,0.2003968253968254,2.294026287411871e-06,hvp-shadow-fp32-ieee-v1,torch.float32
d12-s9,12,9,d12-s9-s0-b872e698e81b4a8fa0cd08512f43c2c2,shadow_fp32,curvature/e_lin_random,e_lin,random,505,0.2003968253968254,7.620286768083318e-07,hvp-shadow-fp32-ieee-v1,torch.float32
d12-s9,12,9,d12-s9-s0-b872e698e81b4a8fa0cd08512f43c2c2,shadow_fp32,curvature/verdict_code_random,verdict_code,random,505,0.2003968253968254,1.0,hvp-shadow-fp32-ieee-v1,torch.float32
d12-s9,12,9,d12-s9-s0-b872e698e81b4a8fa0cd08512f43c2c2,shadow_fp32,curvature/e_sym_gradient,e_sym,gradient,505,0.2003968253968254,6.763239463420025e-07,hvp-shadow-fp32-ieee-v1,torch.float32
d12-s9,12,9,d12-s9-s0-b872e698e81b4a8fa0cd08512f43c2c2,shadow_fp32,curvature/e_lin_gradient,e_lin,gradient,505,0.2003968253968254,5.136057786399706e-07,hvp-shadow-fp32-ieee-v1,torch.float32
d12-s9,12,9,d12-s9-s0-b872e698e81b4a8fa0cd08512f43c2c2,shadow_fp32,curvature/verdict_code_gradient,verdict_code,gradient,505,0.2003968253968254,0.0,hvp-shadow-fp32-ieee-v1,torch.float32
d12-s9,12,9,d12-s9-s0-b872e698e81b4a8fa0cd08512f43c2c2,shadow_fp32,curvature/e_sym_update,e_sym,update,505,0.2003968253968254,2.8389771676481603e-07,hvp-shadow-fp32-ieee-v1,torch.float32
d12-s9,12,9,d12-s9-s0-b872e698e81b4a8fa0cd08512f43c2c2,shadow_fp32,curvature/e_lin_update,e_lin,update,505,0.2003968253968254,7.624650480702602e-07,hvp-shadow-fp32-ieee-v1,torch.float32
d12-s9,12,9,d12-s9-s0-b872e698e81b4a8fa0cd08512f43c2c2,shadow_fp32,curvature/verdict_code_update,verdict_code,update,505,0.2003968253968254,1.0,hvp-shadow-fp32-ieee-v1,torch.float32
d12-s9,12,9,d12-s9-s0-b872e698e81b4a8fa0cd08512f43c2c2,native,curvature/e_sym_random,e_sym,random,505,0.2003968253968254,0.05463745384773148,,torch.bfloat16
d12-s9,12,9,d12-s9-s0-b872e698e81b4a8fa0cd08512f43c2c2,native,curvature/e_lin_random,e_lin,random,505,0.2003968253968254,0.011610929212758709,,torch.bfloat16
d12-s9,12,9,d12-s9-s0-b872e698e81b4a8fa0cd08512f43c2c2,native,curvature/verdict_code_random,verdict_code,random,505,0.2003968253968254,2.0,,torch.bfloat16
d12-s9,12,9,d12-s9-s0-b872e698e81b4a8fa0cd08512f43c2c2,native,curvature/e_sym_gradient,e_sym,gradient,505,0.2003968253968254,0.01027977737181739,,torch.bfloat16
d12-s9,12,9,d12-s9-s0-b872e698e81b4a8fa0cd08512f43c2c2,native,curvature/e_lin_gradient,e_lin,gradient,505,0.2003968253968254,0.008251248357324995,,torch.bfloat16
d12-s9,12,9,d12-s9-s0-b872e698e81b4a8fa0cd08512f43c2c2,native,curvature/verdict_code_gradient,verdict_code,gradient,505,0.2003968253968254,2.0,,torch.bfloat16
d12-s9,12,9,d12-s9-s0-b872e698e81b4a8fa0cd08512f43c2c2,native,curvature/e_sym_update,e_sym,update,505,0.2003968253968254,0.014345029927162335,,torch.bfloat16
d12-s9,12,9,d12-s9-s0-b872e698e81b4a8fa0cd08512f43c2c2,native,curvature/e_lin_update,e_lin,update,505,0.2003968253968254,0.01154410267322497,,torch.bfloat16
d12-s9,12,9,d12-s9-s0-b872e698e81b4a8fa0cd08512f43c2c2,native,curvature/verdict_code_update,verdict_code,update,505,0.2003968253968254,2.0,,torch.bfloat16
d12-s9,12,9,d12-s9-s0-b872e698e81b4a8fa0cd08512f43c2c2,shadow_fp32,curvature/e_sym_random,e_sym,random,631,0.2503968253968254,2.858357472617783e-06,hvp-shadow-fp32-ieee-v1,torch.float32
d12-s9,12,9,d12-s9-s0-b872e698e81b4a8fa0cd08512f43c2c2,shadow_fp32,curvature/e_lin_random,e_lin,random,631,0.2503968253968254,7.290663724809773e-07,hvp-shadow-fp32-ieee-v1,torch.float32
d12-s9,12,9,d12-s9-s0-b872e698e81b4a8fa0cd08512f43c2c2,shadow_fp32,curvature/verdict_code_random,verdict_code,random,631,0.2503968253968254,1.0,hvp-shadow-fp32-ieee-v1,torch.float32
d12-s9,12,9,d12-s9-s0-b872e698e81b4a8fa0cd08512f43c2c2,shadow_fp32,curvature/e_sym_gradient,e_sym,gradient,631,0.2503968253968254,6.24386709029871e-06,hvp-shadow-fp32-ieee-v1,torch.float32
d12-s9,12,9,d12-s9-s0-b872e698e81b4a8fa0cd08512f43c2c2,shadow_fp32,curvature/e_lin_gradient,e_lin,gradient,631,0.2503968253968254,5.370659897292464e-07,hvp-shadow-fp32-ieee-v1,torch.float32
d12-s9,12,9,d12-s9-s0-b872e698e81b4a8fa0cd08512f43c2c2,shadow_fp32,curvature/verdict_code_gradient,verdict_code,gradient,631,0.2503968253968254,0.0,hvp-shadow-fp32-ieee-v1,torch.float32
d12-s9,12,9,d12-s9-s0-b872e698e81b4a8fa0cd08512f43c2c2,shadow_fp32,curvature/e_sym_update,e_sym,update,631,0.2503968253968254,5.71897445587647e-07,hvp-shadow-fp32-ieee-v1,torch.float32
d12-s9,12,9,d12-s9-s0-b872e698e81b4a8fa0cd08512f43c2c2,shadow_fp32,curvature/e_lin_update,e_lin,update,631,0.2503968253968254,7.015837827513424e-07,hvp-shadow-fp32-ieee-v1,torch.float32
d12-s9,12,9,d12-s9-s0-b872e698e81b4a8fa0cd08512f43c2c2,shadow_fp32,curvature/verdict_code_update,verdict_code,update,631,0.2503968253968254,1.0,hvp-shadow-fp32-ieee-v1,torch.float32
d12-s9,12,9,d12-s9-s0-b872e698e81b4a8fa0cd08512f43c2c2,native,curvature/e_sym_random,e_sym,random,631,0.2503968253968254,0.018374282831042407,,torch.bfloat16
d12-s9,12,9,d12-s9-s0-b872e698e81b4a8fa0cd08512f43c2c2,native,curvature/e_lin_random,e_lin,random,631,0.2503968253968254,0.010805463309084794,,torch.bfloat16
d12-s9,12,9,d12-s9-s0-b872e698e81b4a8fa0cd08512f43c2c2,native,curvature/verdict_code_random,verdict_code,random,631,0.2503968253968254,2.0,,torch.bfloat16
d12-s9,12,9,d12-s9-s0-b872e698e81b4a8fa0cd08512f43c2c2,native,curvature/e_sym_gradient,e_sym,gradient,631,0.2503968253968254,0.04284755239468004,,torch.bfloat16
d12-s9,12,9,d12-s9-s0-b872e698e81b4a8fa0cd08512f43c2c2,native,curvature/e_lin_gradient,e_lin,gradient,631,0.2503968253968254,0.007441760006800463,,torch.bfloat16
d12-s9,12,9,d12-s9-s0-b872e698e81b4a8fa0cd08512f43c2c2,native,curvature/verdict_code_gradient,verdict_code,gradient,631,0.2503968253968254,2.0,,torch.bfloat16
d12-s9,12,9,d12-s9-s0-b872e698e81b4a8fa0cd08512f43c2c2,native,curvature/e_sym_update,e_sym,update,631,0.2503968253968254,0.01748090090852032,,torch.bfloat16
d12-s9,12,9,d12-s9-s0-b872e698e81b4a8fa0cd08512f43c2c2,native,curvature/e_lin_update,e_lin,update,631,0.2503968253968254,0.01026698847206053,,torch.bfloat16
d12-s9,12,9,d12-s9-s0-b872e698e81b4a8fa0cd08512f43c2c2,native,curvature/verdict_code_update,verdict_code,update,631,0.2503968253968254,2.0,,torch.bfloat16
d12-s9,12,9,d12-s9-s0-b872e698e81b4a8fa0cd08512f43c2c2,shadow_fp32,curvature/e_sym_random,e_sym,random,757,0.3003968253968254,4.0454596477689616e-07,hvp-shadow-fp32-ieee-v1,torch.float32
d12-s9,12,9,d12-s9-s0-b872e698e81b4a8fa0cd08512f43c2c2,shadow_fp32,curvature/e_lin_random,e_lin,random,757,0.3003968253968254,7.837631012153324e-07,hvp-shadow-fp32-ieee-v1,torch.float32
d12-s9,12,9,d12-s9-s0-b872e698e81b4a8fa0cd08512f43c2c2,shadow_fp32,curvature/verdict_code_random,verdict_code,random,757,0.3003968253968254,1.0,hvp-shadow-fp32-ieee-v1,torch.float32
d12-s9,12,9,d12-s9-s0-b872e698e81b4a8fa0cd08512f43c2c2,shadow_fp32,curvature/e_sym_gradient,e_sym,gradient,757,0.3003968253968254,4.18179904173245e-07,hvp-shadow-fp32-ieee-v1,torch.float32
d12-s9,12,9,d12-s9-s0-b872e698e81b4a8fa0cd08512f43c2c2,shadow_fp32,curvature/e_lin_gradient,e_lin,gradient,757,0.3003968253968254,5.087813311550104e-07,hvp-shadow-fp32-ieee-v1,torch.float32
d12-s9,12,9,d12-s9-s0-b872e698e81b4a8fa0cd08512f43c2c2,shadow_fp32,curvature/verdict_code_gradient,verdict_code,gradient,757,0.3003968253968254,0.0,hvp-shadow-fp32-ieee-v1,torch.float32
d12-s9,12,9,d12-s9-s0-b872e698e81b4a8fa0cd08512f43c2c2,shadow_fp32,curvature/e_sym_update,e_sym,update,757,0.3003968253968254,1.3985316796553478e-06,hvp-shadow-fp32-ieee-v1,torch.float32
d12-s9,12,9,d12-s9-s0-b872e698e81b4a8fa0cd08512f43c2c2,shadow_fp32,curvature/e_lin_update,e_lin,update,757,0.3003968253968254,7.418215096913951e-07,hvp-shadow-fp32-ieee-v1,torch.float32
d12-s9,12,9,d12-s9-s0-b872e698e81b4a8fa0cd08512f43c2c2,shadow_fp32,curvature/verdict_code_update,verdict_code,update,757,0.3003968253968254,1.0,hvp-shadow-fp32-ieee-v1,torch.float32
d12-s9,12,9,d12-s9-s0-b872e698e81b4a8fa0cd08512f43c2c2,native,curvature/e_sym_random,e_sym,random,757,0.3003968253968254,0.012188029457405287,,torch.bfloat16
d12-s9,12,9,d12-s9-s0-b872e698e81b4a8fa0cd08512f43c2c2,native,curvature/e_lin_random,e_lin,random,757,0.3003968253968254,0.011859668468657226,,torch.bfloat16
d12-s9,12,9,d12-s9-s0-b872e698e81b4a8fa0cd08512f43c2c2,native,curvature/verdict_code_random,verdict_code,random,757,0.3003968253968254,2.0,,torch.bfloat16
d12-s9,12,9,d12-s9-s0-b872e698e81b4a8fa0cd08512f43c2c2,native,curvature/e_sym_gradient,e_sym,gradient,757,0.3003968253968254,0.011470141885785505,,torch.bfloat16
d12-s9,12,9,d12-s9-s0-b872e698e81b4a8fa0cd08512f43c2c2,native,curvature/e_lin_gradient,e_lin,gradient,757,0.3003968253968254,0.006401741504760693,,torch.bfloat16
d12-s9,12,9,d12-s9-s0-b872e698e81b4a8fa0cd08512f43c2c2,native,curvature/verdict_code_gradient,verdict_code,gradient,757,0.3003968253968254,2.0,,torch.bfloat16
d12-s9,12,9,d12-s9-s0-b872e698e81b4a8fa0cd08512f43c2c2,native,curvature/e_sym_update,e_sym,update,757,0.3003968253968254,0.00642820111370754,,torch.bfloat16
d12-s9,12,9,d12-s9-s0-b872e698e81b4a8fa0cd08512f43c2c2,native,curvature/e_lin_update,e_lin,update,757,0.3003968253968254,0.010767018644454868,,torch.bfloat16
d12-s9,12,9,d12-s9-s0-b872e698e81b4a8fa0cd08512f43c2c2,native,curvature/verdict_code_update,verdict_code,update,757,0.3003968253968254,2.0,,torch.bfloat16
d12-s9,12,9,d12-s9-s0-b872e698e81b4a8fa0cd08512f43c2c2,shadow_fp32,curvature/e_sym_random,e_sym,random,883,0.3503968253968254,1.5940940515435828e-06,hvp-shadow-fp32-ieee-v1,torch.float32
d12-s9,12,9,d12-s9-s0-b872e698e81b4a8fa0cd08512f43c2c2,shadow_fp32,curvature/e_lin_random,e_lin,random,883,0.3503968253968254,7.472394936196073e-07,hvp-shadow-fp32-ieee-v1,torch.float32
d12-s9,12,9,d12-s9-s0-b872e698e81b4a8fa0cd08512f43c2c2,shadow_fp32,curvature/verdict_code_random,verdict_code,random,883,0.3503968253968254,1.0,hvp-shadow-fp32-ieee-v1,torch.float32
d12-s9,12,9,d12-s9-s0-b872e698e81b4a8fa0cd08512f43c2c2,shadow_fp32,curvature/e_sym_gradient,e_sym,gradient,883,0.3503968253968254,8.417647394172599e-07,hvp-shadow-fp32-ieee-v1,torch.float32
d12-s9,12,9,d12-s9-s0-b872e698e81b4a8fa0cd08512f43c2c2,shadow_fp32,curvature/e_lin_gradient,e_lin,gradient,883,0.3503968253968254,5.146271606919505e-07,hvp-shadow-fp32-ieee-v1,torch.float32
d12-s9,12,9,d12-s9-s0-b872e698e81b4a8fa0cd08512f43c2c2,shadow_fp32,curvature/verdict_code_gradient,verdict_code,gradient,883,0.3503968253968254,0.0,hvp-shadow-fp32-ieee-v1,torch.float32
d12-s9,12,9,d12-s9-s0-b872e698e81b4a8fa0cd08512f43c2c2,shadow_fp32,curvature/e_sym_update,e_sym,update,883,0.3503968253968254,1.471762889940532e-06,hvp-shadow-fp32-ieee-v1,torch.float32
d12-s9,12,9,d12-s9-s0-b872e698e81b4a8fa0cd08512f43c2c2,shadow_fp32,curvature/e_lin_update,e_lin,update,883,0.3503968253968254,7.791404999654005e-07,hvp-shadow-fp32-ieee-v1,torch.float32
d12-s9,12,9,d12-s9-s0-b872e698e81b4a8fa0cd08512f43c2c2,shadow_fp32,curvature/verdict_code_update,verdict_code,update,883,0.3503968253968254,1.0,hvp-shadow-fp32-ieee-v1,torch.float32
d12-s9,12,9,d12-s9-s0-b872e698e81b4a8fa0cd08512f43c2c2,native,curvature/e_sym_random,e_sym,random,883,0.3503968253968254,0.03200817498793781,,torch.bfloat16
d12-s9,12,9,d12-s9-s0-b872e698e81b4a8fa0cd08512f43c2c2,native,curvature/e_lin_random,e_lin,random,883,0.3503968253968254,0.010771134494017518,,torch.bfloat16
d12-s9,12,9,d12-s9-s0-b872e698e81b4a8fa0cd08512f43c2c2,native,curvature/verdict_code_random,verdict_code,random,883,0.3503968253968254,2.0,,torch.bfloat16
d12-s9,12,9,d12-s9-s0-b872e698e81b4a8fa0cd08512f43c2c2,native,curvature/e_sym_gradient,e_sym,gradient,883,0.3503968253968254,0.0030376109875489337,,torch.bfloat16
d12-s9,12,9,d12-s9-s0-b872e698e81b4a8fa0cd08512f43c2c2,native,curvature/e_lin_gradient,e_lin,gradient,883,0.3503968253968254,0.006283615993517962,,torch.bfloat16
d12-s9,12,9,d12-s9-s0-b872e698e81b4a8fa0cd08512f43c2c2,native,curvature/verdict_code_gradient,verdict_code,gradient,883,0.3503968253968254,2.0,,torch.bfloat16
d12-s9,12,9,d12-s9-s0-b872e698e81b4a8fa0cd08512f43c2c2,native,curvature/e_sym_update,e_sym,update,883,0.3503968253968254,0.03579460041030229,,torch.bfloat16
d12-s9,12,9,d12-s9-s0-b872e698e81b4a8fa0cd08512f43c2c2,native,curvature/e_lin_update,e_lin,update,883,0.3503968253968254,0.010878581990065252,,torch.bfloat16
d12-s9,12,9,d12-s9-s0-b872e698e81b4a8fa0cd08512f43c2c2,native,curvature/verdict_code_update,verdict_code,update,883,0.3503968253968254,2.0,,torch.bfloat16
d12-s9,12,9,d12-s9-s0-b872e698e81b4a8fa0cd08512f43c2c2,shadow_fp32,curvature/e_sym_random,e_sym,random,1009,0.4003968253968254,1.1167637534521092e-07,hvp-shadow-fp32-ieee-v1,torch.float32
d12-s9,12,9,d12-s9-s0-b872e698e81b4a8fa0cd08512f43c2c2,shadow_fp32,curvature/e_lin_random,e_lin,random,1009,0.4003968253968254,7.474939701768604e-07,hvp-shadow-fp32-ieee-v1,torch.float32
d12-s9,12,9,d12-s9-s0-b872e698e81b4a8fa0cd08512f43c2c2,shadow_fp32,curvature/verdict_code_random,verdict_code,random,1009,0.4003968253968254,1.0,hvp-shadow-fp32-ieee-v1,torch.float32
d12-s9,12,9,d12-s9-s0-b872e698e81b4a8fa0cd08512f43c2c2,shadow_fp32,curvature/e_sym_gradient,e_sym,gradient,1009,0.4003968253968254,9.162599545252677e-07,hvp-shadow-fp32-ieee-v1,torch.float32
d12-s9,12,9,d12-s9-s0-b872e698e81b4a8fa0cd08512f43c2c2,shadow_fp32,curvature/e_lin_gradient,e_lin,gradient,1009,0.4003968253968254,4.813499626082833e-07,hvp-shadow-fp32-ieee-v1,torch.float32
d12-s9,12,9,d12-s9-s0-b872e698e81b4a8fa0cd08512f43c2c2,shadow_fp32,curvature/verdict_code_gradient,verdict_code,gradient,1009,0.4003968253968254,0.0,hvp-shadow-fp32-ieee-v1,torch.float32
d12-s9,12,9,d12-s9-s0-b872e698e81b4a8fa0cd08512f43c2c2,shadow_fp32,curvature/e_sym_update,e_sym,update,1009,0.4003968253968254,5.624354218607765e-07,hvp-shadow-fp32-ieee-v1,torch.float32
d12-s9,12,9,d12-s9-s0-b872e698e81b4a8fa0cd08512f43c2c2,shadow_fp32,curvature/e_lin_update,e_lin,update,1009,0.4003968253968254,7.633101393375363e-07,hvp-shadow-fp32-ieee-v1,torch.float32
d12-s9,12,9,d12-s9-s0-b872e698e81b4a8fa0cd08512f43c2c2,shadow_fp32,curvature/verdict_code_update,verdict_code,update,1009,0.4003968253968254,1.0,hvp-shadow-fp32-ieee-v1,torch.float32
d12-s9,12,9,d12-s9-s0-b872e698e81b4a8fa0cd08512f43c2c2,native,curvature/e_sym_random,e_sym,random,1009,0.4003968253968254,0.0006453684511732708,,torch.bfloat16
d12-s9,12,9,d12-s9-s0-b872e698e81b4a8fa0cd08512f43c2c2,native,curvature/e_lin_random,e_lin,random,1009,0.4003968253968254,0.010816784703612211,,torch.bfloat16
d12-s9,12,9,d12-s9-s0-b872e698e81b4a8fa0cd08512f43c2c2,native,curvature/verdict_code_random,verdict_code,random,1009,0.4003968253968254,2.0,,torch.bfloat16
d12-s9,12,9,d12-s9-s0-b872e698e81b4a8fa0cd08512f43c2c2,native,curvature/e_sym_gradient,e_sym,gradient,1009,0.4003968253968254,0.004364090023221126,,torch.bfloat16
d12-s9,12,9,d12-s9-s0-b872e698e81b4a8fa0cd08512f43c2c2,native,curvature/e_lin_gradient,e_lin,gradient,1009,0.4003968253968254,0.005511829404560427,,torch.bfloat16
d12-s9,12,9,d12-s9-s0-b872e698e81b4a8fa0cd08512f43c2c2,native,curvature/verdict_code_gradient,verdict_code,gradient,1009,0.4003968253968254,2.0,,torch.bfloat16
d12-s9,12,9,d12-s9-s0-b872e698e81b4a8fa0cd08512f43c2c2,native,curvature/e_sym_update,e_sym,update,1009,0.4003968253968254,0.004189558347061302,,torch.bfloat16
d12-s9,12,9,d12-s9-s0-b872e698e81b4a8fa0cd08512f43c2c2,native,curvature/e_lin_update,e_lin,update,1009,0.4003968253968254,0.010309870154202854,,torch.bfloat16
d12-s9,12,9,d12-s9-s0-b872e698e81b4a8fa0cd08512f43c2c2,native,curvature/verdict_code_update,verdict_code,update,1009,0.4003968253968254,2.0,,torch.bfloat16
d12-s9,12,9,d12-s9-s0-b872e698e81b4a8fa0cd08512f43c2c2,shadow_fp32,curvature/e_sym_random,e_sym,random,1135,0.4503968253968254,1.080973144671536e-06,hvp-shadow-fp32-ieee-v1,torch.float32
d12-s9,12,9,d12-s9-s0-b872e698e81b4a8fa0cd08512f43c2c2,shadow_fp32,curvature/e_lin_random,e_lin,random,1135,0.4503968253968254,7.958034288649328e-07,hvp-shadow-fp32-ieee-v1,torch.float32
d12-s9,12,9,d12-s9-s0-b872e698e81b4a8fa0cd08512f43c2c2,shadow_fp32,curvature/verdict_code_random,verdict_code,random,1135,0.4503968253968254,1.0,hvp-shadow-fp32-ieee-v1,torch.float32
d12-s9,12,9,d12-s9-s0-b872e698e81b4a8fa0cd08512f43c2c2,shadow_fp32,curvature/e_sym_gradient,e_sym,gradient,1135,0.4503968253968254,4.264791669465062e-07,hvp-shadow-fp32-ieee-v1,torch.float32
d12-s9,12,9,d12-s9-s0-b872e698e81b4a8fa0cd08512f43c2c2,shadow_fp32,curvature/e_lin_gradient,e_lin,gradient,1135,0.4503968253968254,4.699498213728124e-07,hvp-shadow-fp32-ieee-v1,torch.float32
d12-s9,12,9,d12-s9-s0-b872e698e81b4a8fa0cd08512f43c2c2,shadow_fp32,curvature/verdict_code_gradient,verdict_code,gradient,1135,0.4503968253968254,0.0,hvp-shadow-fp32-ieee-v1,torch.float32
d12-s9,12,9,d12-s9-s0-b872e698e81b4a8fa0cd08512f43c2c2,shadow_fp32,curvature/e_sym_update,e_sym,update,1135,0.4503968253968254,1.8911732677231617e-06,hvp-shadow-fp32-ieee-v1,torch.float32
d12-s9,12,9,d12-s9-s0-b872e698e81b4a8fa0cd08512f43c2c2,shadow_fp32,curvature/e_lin_update,e_lin,update,1135,0.4503968253968254,7.246680166490272e-07,hvp-shadow-fp32-ieee-v1,torch.float32
d12-s9,12,9,d12-s9-s0-b872e698e81b4a8fa0cd08512f43c2c2,shadow_fp32,curvature/verdict_code_update,verdict_code,update,1135,0.4503968253968254,1.0,hvp-shadow-fp32-ieee-v1,torch.float32
d12-s9,12,9,d12-s9-s0-b872e698e81b4a8fa0cd08512f43c2c2,native,curvature/e_sym_random,e_sym,random,1135,0.4503968253968254,0.022688778135255425,,torch.bfloat16
d12-s9,12,9,d12-s9-s0-b872e698e81b4a8fa0cd08512f43c2c2,native,curvature/e_lin_random,e_lin,random,1135,0.4503968253968254,0.011121751819922822,,torch.bfloat16
d12-s9,12,9,d12-s9-s0-b872e698e81b4a8fa0cd08512f43c2c2,native,curvature/verdict_code_random,verdict_code,random,1135,0.4503968253968254,2.0,,torch.bfloat16
d12-s9,12,9,d12-s9-s0-b872e698e81b4a8fa0cd08512f43c2c2,native,curvature/e_sym_gradient,e_sym,gradient,1135,0.4503968253968254,0.015359243832555687,,torch.bfloat16
d12-s9,12,9,d12-s9-s0-b872e698e81b4a8fa0cd08512f43c2c2,native,curvature/e_lin_gradient,e_lin,gradient,1135,0.4503968253968254,0.005606411264961796,,torch.bfloat16
d12-s9,12,9,d12-s9-s0-b872e698e81b4a8fa0cd08512f43c2c2,native,curvature/verdict_code_gradient,verdict_code,gradient,1135,0.4503968253968254,2.0,,torch.bfloat16
d12-s9,12,9,d12-s9-s0-b872e698e81b4a8fa0cd08512f43c2c2,native,curvature/e_sym_update,e_sym,update,1135,0.4503968253968254,0.0056293677774093675,,torch.bfloat16
d12-s9,12,9,d12-s9-s0-b872e698e81b4a8fa0cd08512f43c2c2,native,curvature/e_lin_update,e_lin,update,1135,0.4503968253968254,0.010475271172681835,,torch.bfloat16
d12-s9,12,9,d12-s9-s0-b872e698e81b4a8fa0cd08512f43c2c2,native,curvature/verdict_code_update,verdict_code,update,1135,0.4503968253968254,2.0,,torch.bfloat16
d12-s9,12,9,d12-s9-s0-b872e698e81b4a8fa0cd08512f43c2c2,shadow_fp32,curvature/e_sym_random,e_sym,random,1261,0.5003968253968254,6.500083928719532e-07,hvp-shadow-fp32-ieee-v1,torch.float32
d12-s9,12,9,d12-s9-s0-b872e698e81b4a8fa0cd08512f43c2c2,shadow_fp32,curvature/e_lin_random,e_lin,random,1261,0.5003968253968254,7.341260535964274e-07,hvp-shadow-fp32-ieee-v1,torch.float32
d12-s9,12,9,d12-s9-s0-b872e698e81b4a8fa0cd08512f43c2c2,shadow_fp32,curvature/verdict_code_random,verdict_code,random,1261,0.5003968253968254,1.0,hvp-shadow-fp32-ieee-v1,torch.float32
d12-s9,12,9,d12-s9-s0-b872e698e81b4a8fa0cd08512f43c2c2,shadow_fp32,curvature/e_sym_gradient,e_sym,gradient,1261,0.5003968253968254,1.9653845743597e-07,hvp-shadow-fp32-ieee-v1,torch.float32
d12-s9,12,9,d12-s9-s0-b872e698e81b4a8fa0cd08512f43c2c2,shadow_fp32,curvature/e_lin_gradient,e_lin,gradient,1261,0.5003968253968254,4.7031254598038844e-07,hvp-shadow-fp32-ieee-v1,torch.float32
d12-s9,12,9,d12-s9-s0-b872e698e81b4a8fa0cd08512f43c2c2,shadow_fp32,curvature/verdict_code_gradient,verdict_code,gradient,1261,0.5003968253968254,0.0,hvp-shadow-fp32-ieee-v1,torch.float32
d12-s9,12,9,d12-s9-s0-b872e698e81b4a8fa0cd08512f43c2c2,shadow_fp32,curvature/e_sym_update,e_sym,update,1261,0.5003968253968254,1.4726725174288858e-07,hvp-shadow-fp32-ieee-v1,torch.float32
d12-s9,12,9,d12-s9-s0-b872e698e81b4a8fa0cd08512f43c2c2,shadow_fp32,curvature/e_lin_update,e_lin,update,1261,0.5003968253968254,7.325059028951923e-07,hvp-shadow-fp32-ieee-v1,torch.float32
d12-s9,12,9,d12-s9-s0-b872e698e81b4a8fa0cd08512f43c2c2,shadow_fp32,curvature/verdict_code_update,verdict_code,update,1261,0.5003968253968254,1.0,hvp-shadow-fp32-ieee-v1,torch.float32
d12-s9,12,9,d12-s9-s0-b872e698e81b4a8fa0cd08512f43c2c2,native,curvature/e_sym_random,e_sym,random,1261,0.5003968253968254,0.021231104364891593,,torch.bfloat16
d12-s9,12,9,d12-s9-s0-b872e698e81b4a8fa0cd08512f43c2c2,native,curvature/e_lin_random,e_lin,random,1261,0.5003968253968254,0.010206924730307676,,torch.bfloat16
d12-s9,12,9,d12-s9-s0-b872e698e81b4a8fa0cd08512f43c2c2,native,curvature/verdict_code_random,verdict_code,random,1261,0.5003968253968254,2.0,,torch.bfloat16
d12-s9,12,9,d12-s9-s0-b872e698e81b4a8fa0cd08512f43c2c2,native,curvature/e_sym_gradient,e_sym,gradient,1261,0.5003968253968254,0.00039847957799601827,,torch.bfloat16
d12-s9,12,9,d12-s9-s0-b872e698e81b4a8fa0cd08512f43c2c2,native,curvature/e_lin_gradient,e_lin,gradient,1261,0.5003968253968254,0.005234948740653476,,torch.bfloat16
d12-s9,12,9,d12-s9-s0-b872e698e81b4a8fa0cd08512f43c2c2,native,curvature/verdict_code_gradient,verdict_code,gradient,1261,0.5003968253968254,2.0,,torch.bfloat16
d12-s9,12,9,d12-s9-s0-b872e698e81b4a8fa0cd08512f43c2c2,native,curvature/e_sym_update,e_sym,update,1261,0.5003968253968254,0.00932301236099002,,torch.bfloat16
d12-s9,12,9,d12-s9-s0-b872e698e81b4a8fa0cd08512f43c2c2,native,curvature/e_lin_update,e_lin,update,1261,0.5003968253968254,0.00993597306521472,,torch.bfloat16
d12-s9,12,9,d12-s9-s0-b872e698e81b4a8fa0cd08512f43c2c2,native,curvature/verdict_code_update,verdict_code,update,1261,0.5003968253968254,2.0,,torch.bfloat16
d12-s9,12,9,d12-s9-s0-b872e698e81b4a8fa0cd08512f43c2c2,shadow_fp32,curvature/e_sym_random,e_sym,random,1386,0.55,1.8122481530252144e-07,hvp-shadow-fp32-ieee-v1,torch.float32
d12-s9,12,9,d12-s9-s0-b872e698e81b4a8fa0cd08512f43c2c2,shadow_fp32,curvature/e_lin_random,e_lin,random,1386,0.55,7.831997750826436e-07,hvp-shadow-fp32-ieee-v1,torch.float32
d12-s9,12,9,d12-s9-s0-b872e698e81b4a8fa0cd08512f43c2c2,shadow_fp32,curvature/verdict_code_random,verdict_code,random,1386,0.55,1.0,hvp-shadow-fp32-ieee-v1,torch.float32
d12-s9,12,9,d12-s9-s0-b872e698e81b4a8fa0cd08512f43c2c2,shadow_fp32,curvature/e_sym_gradient,e_sym,gradient,1386,0.55,1.4124077836065533e-07,hvp-shadow-fp32-ieee-v1,torch.float32
d12-s9,12,9,d12-s9-s0-b872e698e81b4a8fa0cd08512f43c2c2,shadow_fp32,curvature/e_lin_gradient,e_lin,gradient,1386,0.55,4.3468843949266844e-07,hvp-shadow-fp32-ieee-v1,torch.float32
d12-s9,12,9,d12-s9-s0-b872e698e81b4a8fa0cd08512f43c2c2,shadow_fp32,curvature/verdict_code_gradient,verdict_code,gradient,1386,0.55,0.0,hvp-shadow-fp32-ieee-v1,torch.float32
d12-s9,12,9,d12-s9-s0-b872e698e81b4a8fa0cd08512f43c2c2,shadow_fp32,curvature/e_sym_update,e_sym,update,1386,0.55,9.22078638128005e-07,hvp-shadow-fp32-ieee-v1,torch.float32
d12-s9,12,9,d12-s9-s0-b872e698e81b4a8fa0cd08512f43c2c2,shadow_fp32,curvature/e_lin_update,e_lin,update,1386,0.55,7.758230719207138e-07,hvp-shadow-fp32-ieee-v1,torch.float32
d12-s9,12,9,d12-s9-s0-b872e698e81b4a8fa0cd08512f43c2c2,shadow_fp32,curvature/verdict_code_update,verdict_code,update,1386,0.55,1.0,hvp-shadow-fp32-ieee-v1,torch.float32
d12-s9,12,9,d12-s9-s0-b872e698e81b4a8fa0cd08512f43c2c2,native,curvature/e_sym_random,e_sym,random,1386,0.55,0.00667102551956285,,torch.bfloat16
d12-s9,12,9,d12-s9-s0-b872e698e81b4a8fa0cd08512f43c2c2,native,curvature/e_lin_random,e_lin,random,1386,0.55,0.010689886922794049,,torch.bfloat16
d12-s9,12,9,d12-s9-s0-b872e698e81b4a8fa0cd08512f43c2c2,native,curvature/verdict_code_random,verdict_code,random,1386,0.55,2.0,,torch.bfloat16
d12-s9,12,9,d12-s9-s0-b872e698e81b4a8fa0cd08512f43c2c2,native,curvature/e_sym_gradient,e_sym,gradient,1386,0.55,0.0031759496070570374,,torch.bfloat16
d12-s9,12,9,d12-s9-s0-b872e698e81b4a8fa0cd08512f43c2c2,native,curvature/e_lin_gradient,e_lin,gradient,1386,0.55,0.004661267315533209,,torch.bfloat16
d12-s9,12,9,d12-s9-s0-b872e698e81b4a8fa0cd08512f43c2c2,native,curvature/verdict_code_gradient,verdict_code,gradient,1386,0.55,2.0,,torch.bfloat16
d12-s9,12,9,d12-s9-s0-b872e698e81b4a8fa0cd08512f43c2c2,native,curvature/e_sym_update,e_sym,update,1386,0.55,0.004563504627735356,,torch.bfloat16
d12-s9,12,9,d12-s9-s0-b872e698e81b4a8fa0cd08512f43c2c2,native,curvature/e_lin_update,e_lin,update,1386,0.55,0.010908553418779911,,torch.bfloat16
d12-s9,12,9,d12-s9-s0-b872e698e81b4a8fa0cd08512f43c2c2,native,curvature/verdict_code_update,verdict_code,update,1386,0.55,2.0,,torch.bfloat16
d12-s9,12,9,d12-s9-s0-b872e698e81b4a8fa0cd08512f43c2c2,shadow_fp32,curvature/e_sym_random,e_sym,random,1512,0.6,2.9656984310899443e-07,hvp-shadow-fp32-ieee-v1,torch.float32
d12-s9,12,9,d12-s9-s0-b872e698e81b4a8fa0cd08512f43c2c2,shadow_fp32,curvature/e_lin_random,e_lin,random,1512,0.6,7.549047850272249e-07,hvp-shadow-fp32-ieee-v1,torch.float32
d12-s9,12,9,d12-s9-s0-b872e698e81b4a8fa0cd08512f43c2c2,shadow_fp32,curvature/verdict_code_random,verdict_code,random,1512,0.6,1.0,hvp-shadow-fp32-ieee-v1,torch.float32
d12-s9,12,9,d12-s9-s0-b872e698e81b4a8fa0cd08512f43c2c2,shadow_fp32,curvature/e_sym_gradient,e_sym,gradient,1512,0.6,8.383436216155609e-07,hvp-shadow-fp32-ieee-v1,torch.float32
d12-s9,12,9,d12-s9-s0-b872e698e81b4a8fa0cd08512f43c2c2,shadow_fp32,curvature/e_lin_gradient,e_lin,gradient,1512,0.6,4.237595431834187e-07,hvp-shadow-fp32-ieee-v1,torch.float32
d12-s9,12,9,d12-s9-s0-b872e698e81b4a8fa0cd08512f43c2c2,shadow_fp32,curvature/verdict_code_gradient,verdict_code,gradient,1512,0.6,0.0,hvp-shadow-fp32-ieee-v1,torch.float32
d12-s9,12,9,d12-s9-s0-b872e698e81b4a8fa0cd08512f43c2c2,shadow_fp32,curvature/e_sym_update,e_sym,update,1512,0.6,1.2769341746237245e-06,hvp-shadow-fp32-ieee-v1,torch.float32
d12-s9,12,9,d12-s9-s0-b872e698e81b4a8fa0cd08512f43c2c2,shadow_fp32,curvature/e_lin_update,e_lin,update,1512,0.6,8.045946181900528e-07,hvp-shadow-fp32-ieee-v1,torch.float32
d12-s9,12,9,d12-s9-s0-b872e698e81b4a8fa0cd08512f43c2c2,shadow_fp32,curvature/verdict_code_update,verdict_code,update,1512,0.6,1.0,hvp-shadow-fp32-ieee-v1,torch.float32
d12-s9,12,9,d12-s9-s0-b872e698e81b4a8fa0cd08512f43c2c2,native,curvature/e_sym_random,e_sym,random,1512,0.6,0.021713900793133685,,torch.bfloat16
d12-s9,12,9,d12-s9-s0-b872e698e81b4a8fa0cd08512f43c2c2,native,curvature/e_lin_random,e_lin,random,1512,0.6,0.010821338888397073,,torch.bfloat16
d12-s9,12,9,d12-s9-s0-b872e698e81b4a8fa0cd08512f43c2c2,native,curvature/verdict_code_random,verdict_code,random,1512,0.6,2.0,,torch.bfloat16
d12-s9,12,9,d12-s9-s0-b872e698e81b4a8fa0cd08512f43c2c2,native,curvature/e_sym_gradient,e_sym,gradient,1512,0.6,0.004953778988218947,,torch.bfloat16
d12-s9,12,9,d12-s9-s0-b872e698e81b4a8fa0cd08512f43c2c2,native,curvature/e_lin_gradient,e_lin,gradient,1512,0.6,0.004997715897587363,,torch.bfloat16
d12-s9,12,9,d12-s9-s0-b872e698e81b4a8fa0cd08512f43c2c2,native,curvature/verdict_code_gradient,verdict_code,gradient,1512,0.6,2.0,,torch.bfloat16
d12-s9,12,9,d12-s9-s0-b872e698e81b4a8fa0cd08512f43c2c2,native,curvature/e_sym_update,e_sym,update,1512,0.6,0.04179294617295785,,torch.bfloat16
d12-s9,12,9,d12-s9-s0-b872e698e81b4a8fa0cd08512f43c2c2,native,curvature/e_lin_update,e_lin,update,1512,0.6,0.010696626265430054,,torch.bfloat16
d12-s9,12,9,d12-s9-s0-b872e698e81b4a8fa0cd08512f43c2c2,native,curvature/verdict_code_update,verdict_code,update,1512,0.6,2.0,,torch.bfloat16
d12-s9,12,9,d12-s9-s0-b872e698e81b4a8fa0cd08512f43c2c2,shadow_fp32,curvature/e_sym_random,e_sym,random,1638,0.65,3.828883349784823e-07,hvp-shadow-fp32-ieee-v1,torch.float32
d12-s9,12,9,d12-s9-s0-b872e698e81b4a8fa0cd08512f43c2c2,shadow_fp32,curvature/e_lin_random,e_lin,random,1638,0.65,8.058593076984026e-07,hvp-shadow-fp32-ieee-v1,torch.float32
d12-s9,12,9,d12-s9-s0-b872e698e81b4a8fa0cd08512f43c2c2,shadow_fp32,curvature/verdict_code_random,verdict_code,random,1638,0.65,1.0,hvp-shadow-fp32-ieee-v1,torch.float32
d12-s9,12,9,d12-s9-s0-b872e698e81b4a8fa0cd08512f43c2c2,shadow_fp32,curvature/e_sym_gradient,e_sym,gradient,1638,0.65,5.771786990199586e-07,hvp-shadow-fp32-ieee-v1,torch.float32
d12-s9,12,9,d12-s9-s0-b872e698e81b4a8fa0cd08512f43c2c2,shadow_fp32,curvature/e_lin_gradient,e_lin,gradient,1638,0.65,4.563539610641313e-07,hvp-shadow-fp32-ieee-v1,torch.float32
d12-s9,12,9,d12-s9-s0-b872e698e81b4a8fa0cd08512f43c2c2,shadow_fp32,curvature/verdict_code_gradient,verdict_code,gradient,1638,0.65,0.0,hvp-shadow-fp32-ieee-v1,torch.float32
d12-s9,12,9,d12-s9-s0-b872e698e81b4a8fa0cd08512f43c2c2,shadow_fp32,curvature/e_sym_update,e_sym,update,1638,0.65,1.331116494815727e-07,hvp-shadow-fp32-ieee-v1,torch.float32
d12-s9,12,9,d12-s9-s0-b872e698e81b4a8fa0cd08512f43c2c2,shadow_fp32,curvature/e_lin_update,e_lin,update,1638,0.65,7.886947649172225e-07,hvp-shadow-fp32-ieee-v1,torch.float32
d12-s9,12,9,d12-s9-s0-b872e698e81b4a8fa0cd08512f43c2c2,shadow_fp32,curvature/verdict_code_update,verdict_code,update,1638,0.65,1.0,hvp-shadow-fp32-ieee-v1,torch.float32
d12-s9,12,9,d12-s9-s0-b872e698e81b4a8fa0cd08512f43c2c2,native,curvature/e_sym_random,e_sym,random,1638,0.65,0.012333785018666018,,torch.bfloat16
d12-s9,12,9,d12-s9-s0-b872e698e81b4a8fa0cd08512f43c2c2,native,curvature/e_lin_random,e_lin,random,1638,0.65,0.010620754393751711,,torch.bfloat16
d12-s9,12,9,d12-s9-s0-b872e698e81b4a8fa0cd08512f43c2c2,native,curvature/verdict_code_random,verdict_code,random,1638,0.65,2.0,,torch.bfloat16
d12-s9,12,9,d12-s9-s0-b872e698e81b4a8fa0cd08512f43c2c2,native,curvature/e_sym_gradient,e_sym,gradient,1638,0.65,0.006232459385188997,,torch.bfloat16
d12-s9,12,9,d12-s9-s0-b872e698e81b4a8fa0cd08512f43c2c2,native,curvature/e_lin_gradient,e_lin,gradient,1638,0.65,0.004839765880873419,,torch.bfloat16
d12-s9,12,9,d12-s9-s0-b872e698e81b4a8fa0cd08512f43c2c2,native,curvature/verdict_code_gradient,verdict_code,gradient,1638,0.65,2.0,,torch.bfloat16
d12-s9,12,9,d12-s9-s0-b872e698e81b4a8fa0cd08512f43c2c2,native,curvature/e_sym_update,e_sym,update,1638,0.65,0.0011672562477284473,,torch.bfloat16
d12-s9,12,9,d12-s9-s0-b872e698e81b4a8fa0cd08512f43c2c2,native,curvature/e_lin_update,e_lin,update,1638,0.65,0.010941521718698301,,torch.bfloat16
d12-s9,12,9,d12-s9-s0-b872e698e81b4a8fa0cd08512f43c2c2,native,curvature/verdict_code_update,verdict_code,update,1638,0.65,2.0,,torch.bfloat16
d12-s9,12,9,d12-s9-s0-b872e698e81b4a8fa0cd08512f43c2c2,shadow_fp32,curvature/e_sym_random,e_sym,random,1764,0.7,5.085599203380061e-07,hvp-shadow-fp32-ieee-v1,torch.float32
d12-s9,12,9,d12-s9-s0-b872e698e81b4a8fa0cd08512f43c2c2,shadow_fp32,curvature/e_lin_random,e_lin,random,1764,0.7,7.712007568171056e-07,hvp-shadow-fp32-ieee-v1,torch.float32
d12-s9,12,9,d12-s9-s0-b872e698e81b4a8fa0cd08512f43c2c2,shadow_fp32,curvature/verdict_code_random,verdict_code,random,1764,0.7,1.0,hvp-shadow-fp32-ieee-v1,torch.float32
d12-s9,12,9,d12-s9-s0-b872e698e81b4a8fa0cd08512f43c2c2,shadow_fp32,curvature/e_sym_gradient,e_sym,gradient,1764,0.7,1.1141515339486453e-06,hvp-shadow-fp32-ieee-v1,torch.float32
d12-s9,12,9,d12-s9-s0-b872e698e81b4a8fa0cd08512f43c2c2,shadow_fp32,curvature/e_lin_gradient,e_lin,gradient,1764,0.7,4.587528737035998e-07,hvp-shadow-fp32-ieee-v1,torch.float32
d12-s9,12,9,d12-s9-s0-b872e698e81b4a8fa0cd08512f43c2c2,shadow_fp32,curvature/verdict_code_gradient,verdict_code,gradient,1764,0.7,0.0,hvp-shadow-fp32-ieee-v1,torch.float32
d12-s9,12,9,d12-s9-s0-b872e698e81b4a8fa0cd08512f43c2c2,shadow_fp32,curvature/e_sym_update,e_sym,update,1764,0.7,3.205218290224319e-07,hvp-shadow-fp32-ieee-v1,torch.float32
d12-s9,12,9,d12-s9-s0-b872e698e81b4a8fa0cd08512f43c2c2,shadow_fp32,curvature/e_lin_update,e_lin,update,1764,0.7,7.705546356777032e-07,hvp-shadow-fp32-ieee-v1,torch.float32
d12-s9,12,9,d12-s9-s0-b872e698e81b4a8fa0cd08512f43c2c2,shadow_fp32,curvature/verdict_code_update,verdict_code,update,1764,0.7,1.0,hvp-shadow-fp32-ieee-v1,torch.float32
d12-s9,12,9,d12-s9-s0-b872e698e81b4a8fa0cd08512f43c2c2,native,curvature/e_sym_random,e_sym,random,1764,0.7,0.011988666268052884,,torch.bfloat16
d12-s9,12,9,d12-s9-s0-b872e698e81b4a8fa0cd08512f43c2c2,native,curvature/e_lin_random,e_lin,random,1764,0.7,0.010833483134044293,,torch.bfloat16
d12-s9,12,9,d12-s9-s0-b872e698e81b4a8fa0cd08512f43c2c2,native,curvature/verdict_code_random,verdict_code,random,1764,0.7,2.0,,torch.bfloat16
d12-s9,12,9,d12-s9-s0-b872e698e81b4a8fa0cd08512f43c2c2,native,curvature/e_sym_gradient,e_sym,gradient,1764,0.7,1.3620717272861323e-05,,torch.bfloat16
d12-s9,12,9,d12-s9-s0-b872e698e81b4a8fa0cd08512f43c2c2,native,curvature/e_lin_gradient,e_lin,gradient,1764,0.7,0.005066508389082831,,torch.bfloat16
d12-s9,12,9,d12-s9-s0-b872e698e81b4a8fa0cd08512f43c2c2,native,curvature/verdict_code_gradient,verdict_code,gradient,1764,0.7,2.0,,torch.bfloat16
d12-s9,12,9,d12-s9-s0-b872e698e81b4a8fa0cd08512f43c2c2,native,curvature/e_sym_update,e_sym,update,1764,0.7,0.001900730318542052,,torch.bfloat16
d12-s9,12,9,d12-s9-s0-b872e698e81b4a8fa0cd08512f43c2c2,native,curvature/e_lin_update,e_lin,update,1764,0.7,0.010139815807634057,,torch.bfloat16
d12-s9,12,9,d12-s9-s0-b872e698e81b4a8fa0cd08512f43c2c2,native,curvature/verdict_code_update,verdict_code,update,1764,0.7,2.0,,torch.bfloat16
d12-s9,12,9,d12-s9-s0-b872e698e81b4a8fa0cd08512f43c2c2,shadow_fp32,curvature/e_sym_random,e_sym,random,1890,0.75,6.512229162966619e-08,hvp-shadow-fp32-ieee-v1,torch.float32
d12-s9,12,9,d12-s9-s0-b872e698e81b4a8fa0cd08512f43c2c2,shadow_fp32,curvature/e_lin_random,e_lin,random,1890,0.75,8.091332392912886e-07,hvp-shadow-fp32-ieee-v1,torch.float32
d12-s9,12,9,d12-s9-s0-b872e698e81b4a8fa0cd08512f43c2c2,shadow_fp32,curvature/verdict_code_random,verdict_code,random,1890,0.75,1.0,hvp-shadow-fp32-ieee-v1,torch.float32
d12-s9,12,9,d12-s9-s0-b872e698e81b4a8fa0cd08512f43c2c2,shadow_fp32,curvature/e_sym_gradient,e_sym,gradient,1890,0.75,4.471969671570149e-07,hvp-shadow-fp32-ieee-v1,torch.float32
d12-s9,12,9,d12-s9-s0-b872e698e81b4a8fa0cd08512f43c2c2,shadow_fp32,curvature/e_lin_gradient,e_lin,gradient,1890,0.75,4.810371520162878e-07,hvp-shadow-fp32-ieee-v1,torch.float32
d12-s9,12,9,d12-s9-s0-b872e698e81b4a8fa0cd08512f43c2c2,shadow_fp32,curvature/verdict_code_gradient,verdict_code,gradient,1890,0.75,0.0,hvp-shadow-fp32-ieee-v1,torch.float32
d12-s9,12,9,d12-s9-s0-b872e698e81b4a8fa0cd08512f43c2c2,shadow_fp32,curvature/e_sym_update,e_sym,update,1890,0.75,2.630609588336544e-06,hvp-shadow-fp32-ieee-v1,torch.float32
d12-s9,12,9,d12-s9-s0-b872e698e81b4a8fa0cd08512f43c2c2,shadow_fp32,curvature/e_lin_update,e_lin,update,1890,0.75,7.921364634530468e-07,hvp-shadow-fp32-ieee-v1,torch.float32
d12-s9,12,9,d12-s9-s0-b872e698e81b4a8fa0cd08512f43c2c2,shadow_fp32,curvature/verdict_code_update,verdict_code,update,1890,0.75,1.0,hvp-shadow-fp32-ieee-v1,torch.float32
d12-s9,12,9,d12-s9-s0-b872e698e81b4a8fa0cd08512f43c2c2,native,curvature/e_sym_random,e_sym,random,1890,0.75,0.00013785117557778276,,torch.bfloat16
d12-s9,12,9,d12-s9-s0-b872e698e81b4a8fa0cd08512f43c2c2,native,curvature/e_lin_random,e_lin,random,1890,0.75,0.01108177204415891,,torch.bfloat16
d12-s9,12,9,d12-s9-s0-b872e698e81b4a8fa0cd08512f43c2c2,native,curvature/verdict_code_random,verdict_code,random,1890,0.75,2.0,,torch.bfloat16
d12-s9,12,9,d12-s9-s0-b872e698e81b4a8fa0cd08512f43c2c2,native,curvature/e_sym_gradient,e_sym,gradient,1890,0.75,0.0025139931040515998,,torch.bfloat16
d12-s9,12,9,d12-s9-s0-b872e698e81b4a8fa0cd08512f43c2c2,native,curvature/e_lin_gradient,e_lin,gradient,1890,0.75,0.005336102217305883,,torch.bfloat16
d12-s9,12,9,d12-s9-s0-b872e698e81b4a8fa0cd08512f43c2c2,native,curvature/verdict_code_gradient,verdict_code,gradient,1890,0.75,2.0,,torch.bfloat16
d12-s9,12,9,d12-s9-s0-b872e698e81b4a8fa0cd08512f43c2c2,native,curvature/e_sym_update,e_sym,update,1890,0.75,0.015366916851849063,,torch.bfloat16
d12-s9,12,9,d12-s9-s0-b872e698e81b4a8fa0cd08512f43c2c2,native,curvature/e_lin_update,e_lin,update,1890,0.75,0.010917019507061266,,torch.bfloat16
d12-s9,12,9,d12-s9-s0-b872e698e81b4a8fa0cd08512f43c2c2,native,curvature/verdict_code_update,verdict_code,update,1890,0.75,2.0,,torch.bfloat16
d12-s9,12,9,d12-s9-s0-b872e698e81b4a8fa0cd08512f43c2c2,shadow_fp32,curvature/e_sym_random,e_sym,random,2016,0.8,3.374307047819069e-07,hvp-shadow-fp32-ieee-v1,torch.float32
d12-s9,12,9,d12-s9-s0-b872e698e81b4a8fa0cd08512f43c2c2,shadow_fp32,curvature/e_lin_random,e_lin,random,2016,0.8,8.30252020839048e-07,hvp-shadow-fp32-ieee-v1,torch.float32
d12-s9,12,9,d12-s9-s0-b872e698e81b4a8fa0cd08512f43c2c2,shadow_fp32,curvature/verdict_code_random,verdict_code,random,2016,0.8,1.0,hvp-shadow-fp32-ieee-v1,torch.float32
d12-s9,12,9,d12-s9-s0-b872e698e81b4a8fa0cd08512f43c2c2,shadow_fp32,curvature/e_sym_gradient,e_sym,gradient,2016,0.8,3.503973433273444e-07,hvp-shadow-fp32-ieee-v1,torch.float32
d12-s9,12,9,d12-s9-s0-b872e698e81b4a8fa0cd08512f43c2c2,shadow_fp32,curvature/e_lin_gradient,e_lin,gradient,2016,0.8,4.880792363915852e-07,hvp-shadow-fp32-ieee-v1,torch.float32
d12-s9,12,9,d12-s9-s0-b872e698e81b4a8fa0cd08512f43c2c2,shadow_fp32,curvature/verdict_code_gradient,verdict_code,gradient,2016,0.8,0.0,hvp-shadow-fp32-ieee-v1,torch.float32
d12-s9,12,9,d12-s9-s0-b872e698e81b4a8fa0cd08512f43c2c2,shadow_fp32,curvature/e_sym_update,e_sym,update,2016,0.8,1.5080773400585112e-07,hvp-shadow-fp32-ieee-v1,torch.float32
d12-s9,12,9,d12-s9-s0-b872e698e81b4a8fa0cd08512f43c2c2,shadow_fp32,curvature/e_lin_update,e_lin,update,2016,0.8,8.545529970513122e-07,hvp-shadow-fp32-ieee-v1,torch.float32
d12-s9,12,9,d12-s9-s0-b872e698e81b4a8fa0cd08512f43c2c2,shadow_fp32,curvature/verdict_code_update,verdict_code,update,2016,0.8,1.0,hvp-shadow-fp32-ieee-v1,torch.float32
d12-s9,12,9,d12-s9-s0-b872e698e81b4a8fa0cd08512f43c2c2,native,curvature/e_sym_random,e_sym,random,2016,0.8,0.0009213963102229842,,torch.bfloat16
d12-s9,12,9,d12-s9-s0-b872e698e81b4a8fa0cd08512f43c2c2,native,curvature/e_lin_random,e_lin,random,2016,0.8,0.01184706993328975,,torch.bfloat16
d12-s9,12,9,d12-s9-s0-b872e698e81b4a8fa0cd08512f43c2c2,native,curvature/verdict_code_random,verdict_code,random,2016,0.8,2.0,,torch.bfloat16
d12-s9,12,9,d12-s9-s0-b872e698e81b4a8fa0cd08512f43c2c2,native,curvature/e_sym_gradient,e_sym,gradient,2016,0.8,0.005205751636913155,,torch.bfloat16
d12-s9,12,9,d12-s9-s0-b872e698e81b4a8fa0cd08512f43c2c2,native,curvature/e_lin_gradient,e_lin,gradient,2016,0.8,0.00535799726616662,,torch.bfloat16
d12-s9,12,9,d12-s9-s0-b872e698e81b4a8fa0cd08512f43c2c2,native,curvature/verdict_code_gradient,verdict_code,gradient,2016,0.8,2.0,,torch.bfloat16
d12-s9,12,9,d12-s9-s0-b872e698e81b4a8fa0cd08512f43c2c2,native,curvature/e_sym_update,e_sym,update,2016,0.8,0.005345013467174207,,torch.bfloat16
d12-s9,12,9,d12-s9-s0-b872e698e81b4a8fa0cd08512f43c2c2,native,curvature/e_lin_update,e_lin,update,2016,0.8,0.011137306330640768,,torch.bfloat16
d12-s9,12,9,d12-s9-s0-b872e698e81b4a8fa0cd08512f43c2c2,native,curvature/verdict_code_update,verdict_code,update,2016,0.8,2.0,,torch.bfloat16
d12-s9,12,9,d12-s9-s0-b872e698e81b4a8fa0cd08512f43c2c2,shadow_fp32,curvature/e_sym_random,e_sym,random,2142,0.85,7.809909514953535e-08,hvp-shadow-fp32-ieee-v1,torch.float32
d12-s9,12,9,d12-s9-s0-b872e698e81b4a8fa0cd08512f43c2c2,shadow_fp32,curvature/e_lin_random,e_lin,random,2142,0.85,8.126274311152016e-07,hvp-shadow-fp32-ieee-v1,torch.float32
d12-s9,12,9,d12-s9-s0-b872e698e81b4a8fa0cd08512f43c2c2,shadow_fp32,curvature/verdict_code_random,verdict_code,random,2142,0.85,1.0,hvp-shadow-fp32-ieee-v1,torch.float32
d12-s9,12,9,d12-s9-s0-b872e698e81b4a8fa0cd08512f43c2c2,shadow_fp32,curvature/e_sym_gradient,e_sym,gradient,2142,0.85,5.542373497589546e-07,hvp-shadow-fp32-ieee-v1,torch.float32
d12-s9,12,9,d12-s9-s0-b872e698e81b4a8fa0cd08512f43c2c2,shadow_fp32,curvature/e_lin_gradient,e_lin,gradient,2142,0.85,5.378944339640783e-07,hvp-shadow-fp32-ieee-v1,torch.float32
d12-s9,12,9,d12-s9-s0-b872e698e81b4a8fa0cd08512f43c2c2,shadow_fp32,curvature/verdict_code_gradient,verdict_code,gradient,2142,0.85,0.0,hvp-shadow-fp32-ieee-v1,torch.float32
d12-s9,12,9,d12-s9-s0-b872e698e81b4a8fa0cd08512f43c2c2,shadow_fp32,curvature/e_sym_update,e_sym,update,2142,0.85,5.057434211464771e-07,hvp-shadow-fp32-ieee-v1,torch.float32
d12-s9,12,9,d12-s9-s0-b872e698e81b4a8fa0cd08512f43c2c2,shadow_fp32,curvature/e_lin_update,e_lin,update,2142,0.85,8.11329268900982e-07,hvp-shadow-fp32-ieee-v1,torch.float32
d12-s9,12,9,d12-s9-s0-b872e698e81b4a8fa0cd08512f43c2c2,shadow_fp32,curvature/verdict_code_update,verdict_code,update,2142,0.85,1.0,hvp-shadow-fp32-ieee-v1,torch.float32
d12-s9,12,9,d12-s9-s0-b872e698e81b4a8fa0cd08512f43c2c2,native,curvature/e_sym_random,e_sym,random,2142,0.85,0.033007389449123514,,torch.bfloat16
d12-s9,12,9,d12-s9-s0-b872e698e81b4a8fa0cd08512f43c2c2,native,curvature/e_lin_random,e_lin,random,2142,0.85,0.011762820609076975,,torch.bfloat16
d12-s9,12,9,d12-s9-s0-b872e698e81b4a8fa0cd08512f43c2c2,native,curvature/verdict_code_random,verdict_code,random,2142,0.85,2.0,,torch.bfloat16
d12-s9,12,9,d12-s9-s0-b872e698e81b4a8fa0cd08512f43c2c2,native,curvature/e_sym_gradient,e_sym,gradient,2142,0.85,0.0036987375388358593,,torch.bfloat16
d12-s9,12,9,d12-s9-s0-b872e698e81b4a8fa0cd08512f43c2c2,native,curvature/e_lin_gradient,e_lin,gradient,2142,0.85,0.0055463921771527255,,torch.bfloat16
d12-s9,12,9,d12-s9-s0-b872e698e81b4a8fa0cd08512f43c2c2,native,curvature/verdict_code_gradient,verdict_code,gradient,2142,0.85,2.0,,torch.bfloat16
d12-s9,12,9,d12-s9-s0-b872e698e81b4a8fa0cd08512f43c2c2,native,curvature/e_sym_update,e_sym,update,2142,0.85,0.005179759051156268,,torch.bfloat16
d12-s9,12,9,d12-s9-s0-b872e698e81b4a8fa0cd08512f43c2c2,native,curvature/e_lin_update,e_lin,update,2142,0.85,0.011496208270216786,,torch.bfloat16
d12-s9,12,9,d12-s9-s0-b872e698e81b4a8fa0cd08512f43c2c2,native,curvature/verdict_code_update,verdict_code,update,2142,0.85,2.0,,torch.bfloat16
d12-s9,12,9,d12-s9-s0-b872e698e81b4a8fa0cd08512f43c2c2,shadow_fp32,curvature/e_sym_random,e_sym,random,2268,0.9,3.8000768962138825e-07,hvp-shadow-fp32-ieee-v1,torch.float32
d12-s9,12,9,d12-s9-s0-b872e698e81b4a8fa0cd08512f43c2c2,shadow_fp32,curvature/e_lin_random,e_lin,random,2268,0.9,8.107557787972541e-07,hvp-shadow-fp32-ieee-v1,torch.float32
d12-s9,12,9,d12-s9-s0-b872e698e81b4a8fa0cd08512f43c2c2,shadow_fp32,curvature/verdict_code_random,verdict_code,random,2268,0.9,1.0,hvp-shadow-fp32-ieee-v1,torch.float32
d12-s9,12,9,d12-s9-s0-b872e698e81b4a8fa0cd08512f43c2c2,shadow_fp32,curvature/e_sym_gradient,e_sym,gradient,2268,0.9,1.3483202817047628e-06,hvp-shadow-fp32-ieee-v1,torch.float32
d12-s9,12,9,d12-s9-s0-b872e698e81b4a8fa0cd08512f43c2c2,shadow_fp32,curvature/e_lin_gradient,e_lin,gradient,2268,0.9,5.171392663294991e-07,hvp-shadow-fp32-ieee-v1,torch.float32
d12-s9,12,9,d12-s9-s0-b872e698e81b4a8fa0cd08512f43c2c2,shadow_fp32,curvature/verdict_code_gradient,verdict_code,gradient,2268,0.9,0.0,hvp-shadow-fp32-ieee-v1,torch.float32
d12-s9,12,9,d12-s9-s0-b872e698e81b4a8fa0cd08512f43c2c2,shadow_fp32,curvature/e_sym_update,e_sym,update,2268,0.9,6.185355079052758e-08,hvp-shadow-fp32-ieee-v1,torch.float32
d12-s9,12,9,d12-s9-s0-b872e698e81b4a8fa0cd08512f43c2c2,shadow_fp32,curvature/e_lin_update,e_lin,update,2268,0.9,7.870018795150545e-07,hvp-shadow-fp32-ieee-v1,torch.float32
d12-s9,12,9,d12-s9-s0-b872e698e81b4a8fa0cd08512f43c2c2,shadow_fp32,curvature/verdict_code_update,verdict_code,update,2268,0.9,1.0,hvp-shadow-fp32-ieee-v1,torch.float32
d12-s9,12,9,d12-s9-s0-b872e698e81b4a8fa0cd08512f43c2c2,native,curvature/e_sym_random,e_sym,random,2268,0.9,0.012282709639013251,,torch.bfloat16
d12-s9,12,9,d12-s9-s0-b872e698e81b4a8fa0cd08512f43c2c2,native,curvature/e_lin_random,e_lin,random,2268,0.9,0.011532530475738928,,torch.bfloat16
d12-s9,12,9,d12-s9-s0-b872e698e81b4a8fa0cd08512f43c2c2,native,curvature/verdict_code_random,verdict_code,random,2268,0.9,2.0,,torch.bfloat16
d12-s9,12,9,d12-s9-s0-b872e698e81b4a8fa0cd08512f43c2c2,native,curvature/e_sym_gradient,e_sym,gradient,2268,0.9,0.0009422160976321029,,torch.bfloat16
d12-s9,12,9,d12-s9-s0-b872e698e81b4a8fa0cd08512f43c2c2,native,curvature/e_lin_gradient,e_lin,gradient,2268,0.9,0.005893465243678941,,torch.bfloat16
d12-s9,12,9,d12-s9-s0-b872e698e81b4a8fa0cd08512f43c2c2,native,curvature/verdict_code_gradient,verdict_code,gradient,2268,0.9,2.0,,torch.bfloat16
d12-s9,12,9,d12-s9-s0-b872e698e81b4a8fa0cd08512f43c2c2,native,curvature/e_sym_update,e_sym,update,2268,0.9,0.06816843854063989,,torch.bfloat16
d12-s9,12,9,d12-s9-s0-b872e698e81b4a8fa0cd08512f43c2c2,native,curvature/e_lin_update,e_lin,update,2268,0.9,0.011462355647781336,,torch.bfloat16
d12-s9,12,9,d12-s9-s0-b872e698e81b4a8fa0cd08512f43c2c2,native,curvature/verdict_code_update,verdict_code,update,2268,0.9,2.0,,torch.bfloat16
d12-s9,12,9,d12-s9-s0-b872e698e81b4a8fa0cd08512f43c2c2,shadow_fp32,curvature/e_sym_random,e_sym,random,2394,0.95,3.7113631465881926e-07,hvp-shadow-fp32-ieee-v1,torch.float32
d12-s9,12,9,d12-s9-s0-b872e698e81b4a8fa0cd08512f43c2c2,shadow_fp32,curvature/e_lin_random,e_lin,random,2394,0.95,8.186964752199592e-07,hvp-shadow-fp32-ieee-v1,torch.float32
d12-s9,12,9,d12-s9-s0-b872e698e81b4a8fa0cd08512f43c2c2,shadow_fp32,curvature/verdict_code_random,verdict_code,random,2394,0.95,1.0,hvp-shadow-fp32-ieee-v1,torch.float32
d12-s9,12,9,d12-s9-s0-b872e698e81b4a8fa0cd08512f43c2c2,shadow_fp32,curvature/e_sym_gradient,e_sym,gradient,2394,0.95,1.883288627741101e-06,hvp-shadow-fp32-ieee-v1,torch.float32
d12-s9,12,9,d12-s9-s0-b872e698e81b4a8fa0cd08512f43c2c2,shadow_fp32,curvature/e_lin_gradient,e_lin,gradient,2394,0.95,5.358638009254534e-07,hvp-shadow-fp32-ieee-v1,torch.float32
d12-s9,12,9,d12-s9-s0-b872e698e81b4a8fa0cd08512f43c2c2,shadow_fp32,curvature/verdict_code_gradient,verdict_code,gradient,2394,0.95,0.0,hvp-shadow-fp32-ieee-v1,torch.float32
d12-s9,12,9,d12-s9-s0-b872e698e81b4a8fa0cd08512f43c2c2,shadow_fp32,curvature/e_sym_update,e_sym,update,2394,0.95,1.8717890851671655e-06,hvp-shadow-fp32-ieee-v1,torch.float32
d12-s9,12,9,d12-s9-s0-b872e698e81b4a8fa0cd08512f43c2c2,shadow_fp32,curvature/e_lin_update,e_lin,update,2394,0.95,8.098922671733156e-07,hvp-shadow-fp32-ieee-v1,torch.float32
d12-s9,12,9,d12-s9-s0-b872e698e81b4a8fa0cd08512f43c2c2,shadow_fp32,curvature/verdict_code_update,verdict_code,update,2394,0.95,1.0,hvp-shadow-fp32-ieee-v1,torch.float32
d12-s9,12,9,d12-s9-s0-b872e698e81b4a8fa0cd08512f43c2c2,native,curvature/e_sym_random,e_sym,random,2394,0.95,0.0001966210633519646,,torch.bfloat16
d12-s9,12,9,d12-s9-s0-b872e698e81b4a8fa0cd08512f43c2c2,native,curvature/e_lin_random,e_lin,random,2394,0.95,0.011651482579805646,,torch.bfloat16
d12-s9,12,9,d12-s9-s0-b872e698e81b4a8fa0cd08512f43c2c2,native,curvature/verdict_code_random,verdict_code,random,2394,0.95,2.0,,torch.bfloat16
d12-s9,12,9,d12-s9-s0-b872e698e81b4a8fa0cd08512f43c2c2,native,curvature/e_sym_gradient,e_sym,gradient,2394,0.95,0.003330040133948107,,torch.bfloat16
d12-s9,12,9,d12-s9-s0-b872e698e81b4a8fa0cd08512f43c2c2,native,curvature/e_lin_gradient,e_lin,gradient,2394,0.95,0.006142398116739917,,torch.bfloat16
d12-s9,12,9,d12-s9-s0-b872e698e81b4a8fa0cd08512f43c2c2,native,curvature/verdict_code_gradient,verdict_code,gradient,2394,0.95,2.0,,torch.bfloat16
d12-s9,12,9,d12-s9-s0-b872e698e81b4a8fa0cd08512f43c2c2,native,curvature/e_sym_update,e_sym,update,2394,0.95,0.01428416378807372,,torch.bfloat16
d12-s9,12,9,d12-s9-s0-b872e698e81b4a8fa0cd08512f43c2c2,native,curvature/e_lin_update,e_lin,update,2394,0.95,0.011719860694625188,,torch.bfloat16
d12-s9,12,9,d12-s9-s0-b872e698e81b4a8fa0cd08512f43c2c2,native,curvature/verdict_code_update,verdict_code,update,2394,0.95,2.0,,torch.bfloat16
d12-s9,12,9,d12-s9-s0-b872e698e81b4a8fa0cd08512f43c2c2,shadow_fp32,curvature/e_sym_random,e_sym,random,2520,1.0,7.184098802976398e-08,hvp-shadow-fp32-ieee-v1,torch.float32
d12-s9,12,9,d12-s9-s0-b872e698e81b4a8fa0cd08512f43c2c2,shadow_fp32,curvature/e_lin_random,e_lin,random,2520,1.0,8.127836958786942e-07,hvp-shadow-fp32-ieee-v1,torch.float32
d12-s9,12,9,d12-s9-s0-b872e698e81b4a8fa0cd08512f43c2c2,shadow_fp32,curvature/verdict_code_random,verdict_code,random,2520,1.0,1.0,hvp-shadow-fp32-ieee-v1,torch.float32
d12-s9,12,9,d12-s9-s0-b872e698e81b4a8fa0cd08512f43c2c2,shadow_fp32,curvature/e_sym_gradient,e_sym,gradient,2520,1.0,1.5789454328700505e-06,hvp-shadow-fp32-ieee-v1,torch.float32
d12-s9,12,9,d12-s9-s0-b872e698e81b4a8fa0cd08512f43c2c2,shadow_fp32,curvature/e_lin_gradient,e_lin,gradient,2520,1.0,5.203136192965781e-07,hvp-shadow-fp32-ieee-v1,torch.float32
d12-s9,12,9,d12-s9-s0-b872e698e81b4a8fa0cd08512f43c2c2,shadow_fp32,curvature/verdict_code_gradient,verdict_code,gradient,2520,1.0,0.0,hvp-shadow-fp32-ieee-v1,torch.float32
d12-s9,12,9,d12-s9-s0-b872e698e81b4a8fa0cd08512f43c2c2,shadow_fp32,curvature/e_sym_update,e_sym,update,2520,1.0,3.6545984298081254e-07,hvp-shadow-fp32-ieee-v1,torch.float32
d12-s9,12,9,d12-s9-s0-b872e698e81b4a8fa0cd08512f43c2c2,shadow_fp32,curvature/e_lin_update,e_lin,update,2520,1.0,7.863559831672908e-07,hvp-shadow-fp32-ieee-v1,torch.float32
d12-s9,12,9,d12-s9-s0-b872e698e81b4a8fa0cd08512f43c2c2,shadow_fp32,curvature/verdict_code_update,verdict_code,update,2520,1.0,1.0,hvp-shadow-fp32-ieee-v1,torch.float32
d12-s9,12,9,d12-s9-s0-b872e698e81b4a8fa0cd08512f43c2c2,native,curvature/e_sym_random,e_sym,random,2520,1.0,0.006179343580089151,,torch.bfloat16
d12-s9,12,9,d12-s9-s0-b872e698e81b4a8fa0cd08512f43c2c2,native,curvature/e_lin_random,e_lin,random,2520,1.0,0.01177465267514664,,torch.bfloat16
d12-s9,12,9,d12-s9-s0-b872e698e81b4a8fa0cd08512f43c2c2,native,curvature/verdict_code_random,verdict_code,random,2520,1.0,2.0,,torch.bfloat16
d12-s9,12,9,d12-s9-s0-b872e698e81b4a8fa0cd08512f43c2c2,native,curvature/e_sym_gradient,e_sym,gradient,2520,1.0,0.0011532235731377364,,torch.bfloat16
d12-s9,12,9,d12-s9-s0-b872e698e81b4a8fa0cd08512f43c2c2,native,curvature/e_lin_gradient,e_lin,gradient,2520,1.0,0.006332711201958898,,torch.bfloat16
d12-s9,12,9,d12-s9-s0-b872e698e81b4a8fa0cd08512f43c2c2,native,curvature/verdict_code_gradient,verdict_code,gradient,2520,1.0,2.0,,torch.bfloat16
d12-s9,12,9,d12-s9-s0-b872e698e81b4a8fa0cd08512f43c2c2,native,curvature/e_sym_update,e_sym,update,2520,1.0,0.0034271654698609317,,torch.bfloat16
d12-s9,12,9,d12-s9-s0-b872e698e81b4a8fa0cd08512f43c2c2,native,curvature/e_lin_update,e_lin,update,2520,1.0,0.01127898615821806,,torch.bfloat16
d12-s9,12,9,d12-s9-s0-b872e698e81b4a8fa0cd08512f43c2c2,native,curvature/verdict_code_update,verdict_code,update,2520,1.0,2.0,,torch.bfloat16
d14-s7,14,7,d14-s7-s0-b72acf7ac59942dab902e26fa0b2c80d,shadow_fp32,curvature/e_sym_random,e_sym,random,1,0.00026602819898909286,5.602957889211915e-07,hvp-shadow-fp32-ieee-v1,torch.float32
d14-s7,14,7,d14-s7-s0-b72acf7ac59942dab902e26fa0b2c80d,shadow_fp32,curvature/e_lin_random,e_lin,random,1,0.00026602819898909286,9.474754485658717e-07,hvp-shadow-fp32-ieee-v1,torch.float32
d14-s7,14,7,d14-s7-s0-b72acf7ac59942dab902e26fa0b2c80d,shadow_fp32,curvature/verdict_code_random,verdict_code,random,1,0.00026602819898909286,1.0,hvp-shadow-fp32-ieee-v1,torch.float32
d14-s7,14,7,d14-s7-s0-b72acf7ac59942dab902e26fa0b2c80d,shadow_fp32,curvature/e_sym_gradient,e_sym,gradient,1,0.00026602819898909286,7.40727261484918e-06,hvp-shadow-fp32-ieee-v1,torch.float32
d14-s7,14,7,d14-s7-s0-b72acf7ac59942dab902e26fa0b2c80d,shadow_fp32,curvature/e_lin_gradient,e_lin,gradient,1,0.00026602819898909286,3.0069910693003613e-05,hvp-shadow-fp32-ieee-v1,torch.float32
d14-s7,14,7,d14-s7-s0-b72acf7ac59942dab902e26fa0b2c80d,shadow_fp32,curvature/verdict_code_gradient,verdict_code,gradient,1,0.00026602819898909286,1.0,hvp-shadow-fp32-ieee-v1,torch.float32
d14-s7,14,7,d14-s7-s0-b72acf7ac59942dab902e26fa0b2c80d,shadow_fp32,curvature/e_sym_update,e_sym,update,1,0.00026602819898909286,1.912683074444988e-08,hvp-shadow-fp32-ieee-v1,torch.float32
d14-s7,14,7,d14-s7-s0-b72acf7ac59942dab902e26fa0b2c80d,shadow_fp32,curvature/e_lin_update,e_lin,update,1,0.00026602819898909286,8.161934014038969e-07,hvp-shadow-fp32-ieee-v1,torch.float32
d14-s7,14,7,d14-s7-s0-b72acf7ac59942dab902e26fa0b2c80d,shadow_fp32,curvature/verdict_code_update,verdict_code,update,1,0.00026602819898909286,1.0,hvp-shadow-fp32-ieee-v1,torch.float32
d14-s7,14,7,d14-s7-s0-b72acf7ac59942dab902e26fa0b2c80d,native,curvature/e_sym_random,e_sym,random,1,0.00026602819898909286,0.002547680875961622,,torch.bfloat16
d14-s7,14,7,d14-s7-s0-b72acf7ac59942dab902e26fa0b2c80d,native,curvature/e_lin_random,e_lin,random,1,0.00026602819898909286,0.012909300234829496,,torch.bfloat16
d14-s7,14,7,d14-s7-s0-b72acf7ac59942dab902e26fa0b2c80d,native,curvature/verdict_code_random,verdict_code,random,1,0.00026602819898909286,2.0,,torch.bfloat16
d14-s7,14,7,d14-s7-s0-b72acf7ac59942dab902e26fa0b2c80d,native,curvature/e_sym_gradient,e_sym,gradient,1,0.00026602819898909286,0.011694631065419235,,torch.bfloat16
d14-s7,14,7,d14-s7-s0-b72acf7ac59942dab902e26fa0b2c80d,native,curvature/e_lin_gradient,e_lin,gradient,1,0.00026602819898909286,0.013912591002889014,,torch.bfloat16
d14-s7,14,7,d14-s7-s0-b72acf7ac59942dab902e26fa0b2c80d,native,curvature/verdict_code_gradient,verdict_code,gradient,1,0.00026602819898909286,2.0,,torch.bfloat16
d14-s7,14,7,d14-s7-s0-b72acf7ac59942dab902e26fa0b2c80d,native,curvature/e_sym_update,e_sym,update,1,0.00026602819898909286,0.03015352334891093,,torch.bfloat16
d14-s7,14,7,d14-s7-s0-b72acf7ac59942dab902e26fa0b2c80d,native,curvature/e_lin_update,e_lin,update,1,0.00026602819898909286,0.01822755307596577,,torch.bfloat16
d14-s7,14,7,d14-s7-s0-b72acf7ac59942dab902e26fa0b2c80d,native,curvature/verdict_code_update,verdict_code,update,1,0.00026602819898909286,2.0,,torch.bfloat16
d14-s7,14,7,d14-s7-s0-b72acf7ac59942dab902e26fa0b2c80d,shadow_fp32,curvature/e_sym_random,e_sym,random,2,0.0005320563979781857,3.83363524397026e-07,hvp-shadow-fp32-ieee-v1,torch.float32
d14-s7,14,7,d14-s7-s0-b72acf7ac59942dab902e26fa0b2c80d,shadow_fp32,curvature/e_lin_random,e_lin,random,2,0.0005320563979781857,9.405027874682033e-07,hvp-shadow-fp32-ieee-v1,torch.float32
d14-s7,14,7,d14-s7-s0-b72acf7ac59942dab902e26fa0b2c80d,shadow_fp32,curvature/verdict_code_random,verdict_code,random,2,0.0005320563979781857,1.0,hvp-shadow-fp32-ieee-v1,torch.float32
d14-s7,14,7,d14-s7-s0-b72acf7ac59942dab902e26fa0b2c80d,shadow_fp32,curvature/e_sym_gradient,e_sym,gradient,2,0.0005320563979781857,7.098671016016847e-06,hvp-shadow-fp32-ieee-v1,torch.float32
d14-s7,14,7,d14-s7-s0-b72acf7ac59942dab902e26fa0b2c80d,shadow_fp32,curvature/e_lin_gradient,e_lin,gradient,2,0.0005320563979781857,2.9884747568852027e-05,hvp-shadow-fp32-ieee-v1,torch.float32
d14-s7,14,7,d14-s7-s0-b72acf7ac59942dab902e26fa0b2c80d,shadow_fp32,curvature/verdict_code_gradient,verdict_code,gradient,2,0.0005320563979781857,1.0,hvp-shadow-fp32-ieee-v1,torch.float32
d14-s7,14,7,d14-s7-s0-b72acf7ac59942dab902e26fa0b2c80d,shadow_fp32,curvature/e_sym_update,e_sym,update,2,0.0005320563979781857,4.954616433757293e-08,hvp-shadow-fp32-ieee-v1,torch.float32
d14-s7,14,7,d14-s7-s0-b72acf7ac59942dab902e26fa0b2c80d,shadow_fp32,curvature/e_lin_update,e_lin,update,2,0.0005320563979781857,8.02888371103274e-07,hvp-shadow-fp32-ieee-v1,torch.float32
d14-s7,14,7,d14-s7-s0-b72acf7ac59942dab902e26fa0b2c80d,shadow_fp32,curvature/verdict_code_update,verdict_code,update,2,0.0005320563979781857,1.0,hvp-shadow-fp32-ieee-v1,torch.float32
d14-s7,14,7,d14-s7-s0-b72acf7ac59942dab902e26fa0b2c80d,native,curvature/e_sym_random,e_sym,random,2,0.0005320563979781857,0.003669409438748858,,torch.bfloat16
d14-s7,14,7,d14-s7-s0-b72acf7ac59942dab902e26fa0b2c80d,native,curvature/e_lin_random,e_lin,random,2,0.0005320563979781857,0.01306284044095053,,torch.bfloat16
d14-s7,14,7,d14-s7-s0-b72acf7ac59942dab902e26fa0b2c80d,native,curvature/verdict_code_random,verdict_code,random,2,0.0005320563979781857,2.0,,torch.bfloat16
d14-s7,14,7,d14-s7-s0-b72acf7ac59942dab902e26fa0b2c80d,native,curvature/e_sym_gradient,e_sym,gradient,2,0.0005320563979781857,0.011574484639098945,,torch.bfloat16
d14-s7,14,7,d14-s7-s0-b72acf7ac59942dab902e26fa0b2c80d,native,curvature/e_lin_gradient,e_lin,gradient,2,0.0005320563979781857,0.006195417409857671,,torch.bfloat16
d14-s7,14,7,d14-s7-s0-b72acf7ac59942dab902e26fa0b2c80d,native,curvature/verdict_code_gradient,verdict_code,gradient,2,0.0005320563979781857,2.0,,torch.bfloat16
d14-s7,14,7,d14-s7-s0-b72acf7ac59942dab902e26fa0b2c80d,native,curvature/e_sym_update,e_sym,update,2,0.0005320563979781857,0.007717179818601487,,torch.bfloat16
d14-s7,14,7,d14-s7-s0-b72acf7ac59942dab902e26fa0b2c80d,native,curvature/e_lin_update,e_lin,update,2,0.0005320563979781857,0.03527366669776817,,torch.bfloat16
d14-s7,14,7,d14-s7-s0-b72acf7ac59942dab902e26fa0b2c80d,native,curvature/verdict_code_update,verdict_code,update,2,0.0005320563979781857,2.0,,torch.bfloat16
d14-s7,14,7,d14-s7-s0-b72acf7ac59942dab902e26fa0b2c80d,shadow_fp32,curvature/e_sym_random,e_sym,random,3,0.0007980845969672786,3.542101346337849e-07,hvp-shadow-fp32-ieee-v1,torch.float32
d14-s7,14,7,d14-s7-s0-b72acf7ac59942dab902e26fa0b2c80d,shadow_fp32,curvature/e_lin_random,e_lin,random,3,0.0007980845969672786,9.31598118509249e-07,hvp-shadow-fp32-ieee-v1,torch.float32
d14-s7,14,7,d14-s7-s0-b72acf7ac59942dab902e26fa0b2c80d,shadow_fp32,curvature/verdict_code_random,verdict_code,random,3,0.0007980845969672786,1.0,hvp-shadow-fp32-ieee-v1,torch.float32
d14-s7,14,7,d14-s7-s0-b72acf7ac59942dab902e26fa0b2c80d,shadow_fp32,curvature/e_sym_gradient,e_sym,gradient,3,0.0007980845969672786,9.156147748527161e-06,hvp-shadow-fp32-ieee-v1,torch.float32
d14-s7,14,7,d14-s7-s0-b72acf7ac59942dab902e26fa0b2c80d,shadow_fp32,curvature/e_lin_gradient,e_lin,gradient,3,0.0007980845969672786,2.9225053318613043e-05,hvp-shadow-fp32-ieee-v1,torch.float32
d14-s7,14,7,d14-s7-s0-b72acf7ac59942dab902e26fa0b2c80d,shadow_fp32,curvature/verdict_code_gradient,verdict_code,gradient,3,0.0007980845969672786,1.0,hvp-shadow-fp32-ieee-v1,torch.float32
d14-s7,14,7,d14-s7-s0-b72acf7ac59942dab902e26fa0b2c80d,shadow_fp32,curvature/e_sym_update,e_sym,update,3,0.0007980845969672786,5.416056260904295e-07,hvp-shadow-fp32-ieee-v1,torch.float32
d14-s7,14,7,d14-s7-s0-b72acf7ac59942dab902e26fa0b2c80d,shadow_fp32,curvature/e_lin_update,e_lin,update,3,0.0007980845969672786,7.560082625137588e-07,hvp-shadow-fp32-ieee-v1,torch.float32
d14-s7,14,7,d14-s7-s0-b72acf7ac59942dab902e26fa0b2c80d,shadow_fp32,curvature/verdict_code_update,verdict_code,update,3,0.0007980845969672786,1.0,hvp-shadow-fp32-ieee-v1,torch.float32
d14-s7,14,7,d14-s7-s0-b72acf7ac59942dab902e26fa0b2c80d,native,curvature/e_sym_random,e_sym,random,3,0.0007980845969672786,0.0027031008164084052,,torch.bfloat16
d14-s7,14,7,d14-s7-s0-b72acf7ac59942dab902e26fa0b2c80d,native,curvature/e_lin_random,e_lin,random,3,0.0007980845969672786,0.012943706379806545,,torch.bfloat16
d14-s7,14,7,d14-s7-s0-b72acf7ac59942dab902e26fa0b2c80d,native,curvature/verdict_code_random,verdict_code,random,3,0.0007980845969672786,2.0,,torch.bfloat16
d14-s7,14,7,d14-s7-s0-b72acf7ac59942dab902e26fa0b2c80d,native,curvature/e_sym_gradient,e_sym,gradient,3,0.0007980845969672786,0.009882334452453232,,torch.bfloat16
d14-s7,14,7,d14-s7-s0-b72acf7ac59942dab902e26fa0b2c80d,native,curvature/e_lin_gradient,e_lin,gradient,3,0.0007980845969672786,0.036120235998989135,,torch.bfloat16
d14-s7,14,7,d14-s7-s0-b72acf7ac59942dab902e26fa0b2c80d,native,curvature/verdict_code_gradient,verdict_code,gradient,3,0.0007980845969672786,2.0,,torch.bfloat16
d14-s7,14,7,d14-s7-s0-b72acf7ac59942dab902e26fa0b2c80d,native,curvature/e_sym_update,e_sym,update,3,0.0007980845969672786,0.031043956749188348,,torch.bfloat16
d14-s7,14,7,d14-s7-s0-b72acf7ac59942dab902e26fa0b2c80d,native,curvature/e_lin_update,e_lin,update,3,0.0007980845969672786,0.032678178221110445,,torch.bfloat16
d14-s7,14,7,d14-s7-s0-b72acf7ac59942dab902e26fa0b2c80d,native,curvature/verdict_code_update,verdict_code,update,3,0.0007980845969672786,2.0,,torch.bfloat16
d14-s7,14,7,d14-s7-s0-b72acf7ac59942dab902e26fa0b2c80d,shadow_fp32,curvature/e_sym_random,e_sym,random,5,0.0013301409949454642,3.602233957468781e-08,hvp-shadow-fp32-ieee-v1,torch.float32
d14-s7,14,7,d14-s7-s0-b72acf7ac59942dab902e26fa0b2c80d,shadow_fp32,curvature/e_lin_random,e_lin,random,5,0.0013301409949454642,8.261808021078815e-07,hvp-shadow-fp32-ieee-v1,torch.float32
d14-s7,14,7,d14-s7-s0-b72acf7ac59942dab902e26fa0b2c80d,shadow_fp32,curvature/verdict_code_random,verdict_code,random,5,0.0013301409949454642,1.0,hvp-shadow-fp32-ieee-v1,torch.float32
d14-s7,14,7,d14-s7-s0-b72acf7ac59942dab902e26fa0b2c80d,shadow_fp32,curvature/e_sym_gradient,e_sym,gradient,5,0.0013301409949454642,1.2586267107827909e-05,hvp-shadow-fp32-ieee-v1,torch.float32
d14-s7,14,7,d14-s7-s0-b72acf7ac59942dab902e26fa0b2c80d,shadow_fp32,curvature/e_lin_gradient,e_lin,gradient,5,0.0013301409949454642,2.4606700729167797e-05,hvp-shadow-fp32-ieee-v1,torch.float32
d14-s7,14,7,d14-s7-s0-b72acf7ac59942dab902e26fa0b2c80d,shadow_fp32,curvature/verdict_code_gradient,verdict_code,gradient,5,0.0013301409949454642,1.0,hvp-shadow-fp32-ieee-v1,torch.float32
d14-s7,14,7,d14-s7-s0-b72acf7ac59942dab902e26fa0b2c80d,shadow_fp32,curvature/e_sym_update,e_sym,update,5,0.0013301409949454642,1.9130969174500706e-07,hvp-shadow-fp32-ieee-v1,torch.float32
d14-s7,14,7,d14-s7-s0-b72acf7ac59942dab902e26fa0b2c80d,shadow_fp32,curvature/e_lin_update,e_lin,update,5,0.0013301409949454642,6.20191834139108e-07,hvp-shadow-fp32-ieee-v1,torch.float32
d14-s7,14,7,d14-s7-s0-b72acf7ac59942dab902e26fa0b2c80d,shadow_fp32,curvature/verdict_code_update,verdict_code,update,5,0.0013301409949454642,1.0,hvp-shadow-fp32-ieee-v1,torch.float32
d14-s7,14,7,d14-s7-s0-b72acf7ac59942dab902e26fa0b2c80d,native,curvature/e_sym_random,e_sym,random,5,0.0013301409949454642,0.00359070051153619,,torch.bfloat16
d14-s7,14,7,d14-s7-s0-b72acf7ac59942dab902e26fa0b2c80d,native,curvature/e_lin_random,e_lin,random,5,0.0013301409949454642,0.012458277343138192,,torch.bfloat16
d14-s7,14,7,d14-s7-s0-b72acf7ac59942dab902e26fa0b2c80d,native,curvature/verdict_code_random,verdict_code,random,5,0.0013301409949454642,2.0,,torch.bfloat16
d14-s7,14,7,d14-s7-s0-b72acf7ac59942dab902e26fa0b2c80d,native,curvature/e_sym_gradient,e_sym,gradient,5,0.0013301409949454642,0.017246971843403118,,torch.bfloat16
d14-s7,14,7,d14-s7-s0-b72acf7ac59942dab902e26fa0b2c80d,native,curvature/e_lin_gradient,e_lin,gradient,5,0.0013301409949454642,0.007566258333477531,,torch.bfloat16
d14-s7,14,7,d14-s7-s0-b72acf7ac59942dab902e26fa0b2c80d,native,curvature/verdict_code_gradient,verdict_code,gradient,5,0.0013301409949454642,2.0,,torch.bfloat16
d14-s7,14,7,d14-s7-s0-b72acf7ac59942dab902e26fa0b2c80d,native,curvature/e_sym_update,e_sym,update,5,0.0013301409949454642,0.05410001924115442,,torch.bfloat16
d14-s7,14,7,d14-s7-s0-b72acf7ac59942dab902e26fa0b2c80d,native,curvature/e_lin_update,e_lin,update,5,0.0013301409949454642,0.02902384327257101,,torch.bfloat16
d14-s7,14,7,d14-s7-s0-b72acf7ac59942dab902e26fa0b2c80d,native,curvature/verdict_code_update,verdict_code,update,5,0.0013301409949454642,2.0,,torch.bfloat16
d14-s7,14,7,d14-s7-s0-b72acf7ac59942dab902e26fa0b2c80d,shadow_fp32,curvature/e_sym_random,e_sym,random,9,0.0023942537909018356,8.605829362610615e-09,hvp-shadow-fp32-ieee-v1,torch.float32
d14-s7,14,7,d14-s7-s0-b72acf7ac59942dab902e26fa0b2c80d,shadow_fp32,curvature/e_lin_random,e_lin,random,9,0.0023942537909018356,6.225433054676819e-07,hvp-shadow-fp32-ieee-v1,torch.float32
d14-s7,14,7,d14-s7-s0-b72acf7ac59942dab902e26fa0b2c80d,shadow_fp32,curvature/verdict_code_random,verdict_code,random,9,0.0023942537909018356,1.0,hvp-shadow-fp32-ieee-v1,torch.float32
d14-s7,14,7,d14-s7-s0-b72acf7ac59942dab902e26fa0b2c80d,shadow_fp32,curvature/e_sym_gradient,e_sym,gradient,9,0.0023942537909018356,1.4169306522554687e-07,hvp-shadow-fp32-ieee-v1,torch.float32
d14-s7,14,7,d14-s7-s0-b72acf7ac59942dab902e26fa0b2c80d,shadow_fp32,curvature/e_lin_gradient,e_lin,gradient,9,0.0023942537909018356,1.0543429179942773e-06,hvp-shadow-fp32-ieee-v1,torch.float32
d14-s7,14,7,d14-s7-s0-b72acf7ac59942dab902e26fa0b2c80d,shadow_fp32,curvature/verdict_code_gradient,verdict_code,gradient,9,0.0023942537909018356,0.0,hvp-shadow-fp32-ieee-v1,torch.float32
d14-s7,14,7,d14-s7-s0-b72acf7ac59942dab902e26fa0b2c80d,shadow_fp32,curvature/e_sym_update,e_sym,update,9,0.0023942537909018356,1.117062646519564e-07,hvp-shadow-fp32-ieee-v1,torch.float32
d14-s7,14,7,d14-s7-s0-b72acf7ac59942dab902e26fa0b2c80d,shadow_fp32,curvature/e_lin_update,e_lin,update,9,0.0023942537909018356,5.051266142224056e-07,hvp-shadow-fp32-ieee-v1,torch.float32
d14-s7,14,7,d14-s7-s0-b72acf7ac59942dab902e26fa0b2c80d,shadow_fp32,curvature/verdict_code_update,verdict_code,update,9,0.0023942537909018356,1.0,hvp-shadow-fp32-ieee-v1,torch.float32
d14-s7,14,7,d14-s7-s0-b72acf7ac59942dab902e26fa0b2c80d,native,curvature/e_sym_random,e_sym,random,9,0.0023942537909018356,0.0033451713699958583,,torch.bfloat16
d14-s7,14,7,d14-s7-s0-b72acf7ac59942dab902e26fa0b2c80d,native,curvature/e_lin_random,e_lin,random,9,0.0023942537909018356,0.009635550756487895,,torch.bfloat16
d14-s7,14,7,d14-s7-s0-b72acf7ac59942dab902e26fa0b2c80d,native,curvature/verdict_code_random,verdict_code,random,9,0.0023942537909018356,2.0,,torch.bfloat16
d14-s7,14,7,d14-s7-s0-b72acf7ac59942dab902e26fa0b2c80d,native,curvature/e_sym_gradient,e_sym,gradient,9,0.0023942537909018356,0.010412870895197985,,torch.bfloat16
d14-s7,14,7,d14-s7-s0-b72acf7ac59942dab902e26fa0b2c80d,native,curvature/e_lin_gradient,e_lin,gradient,9,0.0023942537909018356,0.0037568328296196927,,torch.bfloat16
d14-s7,14,7,d14-s7-s0-b72acf7ac59942dab902e26fa0b2c80d,native,curvature/verdict_code_gradient,verdict_code,gradient,9,0.0023942537909018356,2.0,,torch.bfloat16
d14-s7,14,7,d14-s7-s0-b72acf7ac59942dab902e26fa0b2c80d,native,curvature/e_sym_update,e_sym,update,9,0.0023942537909018356,0.031219942732020632,,torch.bfloat16
d14-s7,14,7,d14-s7-s0-b72acf7ac59942dab902e26fa0b2c80d,native,curvature/e_lin_update,e_lin,update,9,0.0023942537909018356,0.00872339696918029,,torch.bfloat16
d14-s7,14,7,d14-s7-s0-b72acf7ac59942dab902e26fa0b2c80d,native,curvature/verdict_code_update,verdict_code,update,9,0.0023942537909018356,2.0,,torch.bfloat16
d14-s7,14,7,d14-s7-s0-b72acf7ac59942dab902e26fa0b2c80d,shadow_fp32,curvature/e_sym_random,e_sym,random,17,0.004522479382814578,1.803666552346447e-07,hvp-shadow-fp32-ieee-v1,torch.float32
d14-s7,14,7,d14-s7-s0-b72acf7ac59942dab902e26fa0b2c80d,shadow_fp32,curvature/e_lin_random,e_lin,random,17,0.004522479382814578,7.764682743957863e-07,hvp-shadow-fp32-ieee-v1,torch.float32
d14-s7,14,7,d14-s7-s0-b72acf7ac59942dab902e26fa0b2c80d,shadow_fp32,curvature/verdict_code_random,verdict_code,random,17,0.004522479382814578,1.0,hvp-shadow-fp32-ieee-v1,torch.float32
d14-s7,14,7,d14-s7-s0-b72acf7ac59942dab902e26fa0b2c80d,shadow_fp32,curvature/e_sym_gradient,e_sym,gradient,17,0.004522479382814578,6.822137611597763e-06,hvp-shadow-fp32-ieee-v1,torch.float32
d14-s7,14,7,d14-s7-s0-b72acf7ac59942dab902e26fa0b2c80d,shadow_fp32,curvature/e_lin_gradient,e_lin,gradient,17,0.004522479382814578,6.876276223867942e-07,hvp-shadow-fp32-ieee-v1,torch.float32
d14-s7,14,7,d14-s7-s0-b72acf7ac59942dab902e26fa0b2c80d,shadow_fp32,curvature/verdict_code_gradient,verdict_code,gradient,17,0.004522479382814578,0.0,hvp-shadow-fp32-ieee-v1,torch.float32
d14-s7,14,7,d14-s7-s0-b72acf7ac59942dab902e26fa0b2c80d,shadow_fp32,curvature/e_sym_update,e_sym,update,17,0.004522479382814578,8.413480339001459e-07,hvp-shadow-fp32-ieee-v1,torch.float32
d14-s7,14,7,d14-s7-s0-b72acf7ac59942dab902e26fa0b2c80d,shadow_fp32,curvature/e_lin_update,e_lin,update,17,0.004522479382814578,7.263130462703983e-07,hvp-shadow-fp32-ieee-v1,torch.float32
d14-s7,14,7,d14-s7-s0-b72acf7ac59942dab902e26fa0b2c80d,shadow_fp32,curvature/verdict_code_update,verdict_code,update,17,0.004522479382814578,1.0,hvp-shadow-fp32-ieee-v1,torch.float32
d14-s7,14,7,d14-s7-s0-b72acf7ac59942dab902e26fa0b2c80d,native,curvature/e_sym_random,e_sym,random,17,0.004522479382814578,0.02107855967693599,,torch.bfloat16
d14-s7,14,7,d14-s7-s0-b72acf7ac59942dab902e26fa0b2c80d,native,curvature/e_lin_random,e_lin,random,17,0.004522479382814578,0.011713827295785701,,torch.bfloat16
d14-s7,14,7,d14-s7-s0-b72acf7ac59942dab902e26fa0b2c80d,native,curvature/verdict_code_random,verdict_code,random,17,0.004522479382814578,2.0,,torch.bfloat16
d14-s7,14,7,d14-s7-s0-b72acf7ac59942dab902e26fa0b2c80d,native,curvature/e_sym_gradient,e_sym,gradient,17,0.004522479382814578,0.04746721693121596,,torch.bfloat16
d14-s7,14,7,d14-s7-s0-b72acf7ac59942dab902e26fa0b2c80d,native,curvature/e_lin_gradient,e_lin,gradient,17,0.004522479382814578,0.0036741092828759367,,torch.bfloat16
d14-s7,14,7,d14-s7-s0-b72acf7ac59942dab902e26fa0b2c80d,native,curvature/verdict_code_gradient,verdict_code,gradient,17,0.004522479382814578,2.0,,torch.bfloat16
d14-s7,14,7,d14-s7-s0-b72acf7ac59942dab902e26fa0b2c80d,native,curvature/e_sym_update,e_sym,update,17,0.004522479382814578,0.06677845718313595,,torch.bfloat16
d14-s7,14,7,d14-s7-s0-b72acf7ac59942dab902e26fa0b2c80d,native,curvature/e_lin_update,e_lin,update,17,0.004522479382814578,0.024717426555622323,,torch.bfloat16
d14-s7,14,7,d14-s7-s0-b72acf7ac59942dab902e26fa0b2c80d,native,curvature/verdict_code_update,verdict_code,update,17,0.004522479382814578,2.0,,torch.bfloat16
d14-s7,14,7,d14-s7-s0-b72acf7ac59942dab902e26fa0b2c80d,shadow_fp32,curvature/e_sym_random,e_sym,random,33,0.008778930566640064,7.02253637312215e-06,hvp-shadow-fp32-ieee-v1,torch.float32
d14-s7,14,7,d14-s7-s0-b72acf7ac59942dab902e26fa0b2c80d,shadow_fp32,curvature/e_lin_random,e_lin,random,33,0.008778930566640064,7.359334920258294e-07,hvp-shadow-fp32-ieee-v1,torch.float32
d14-s7,14,7,d14-s7-s0-b72acf7ac59942dab902e26fa0b2c80d,shadow_fp32,curvature/verdict_code_random,verdict_code,random,33,0.008778930566640064,1.0,hvp-shadow-fp32-ieee-v1,torch.float32
d14-s7,14,7,d14-s7-s0-b72acf7ac59942dab902e26fa0b2c80d,shadow_fp32,curvature/e_sym_gradient,e_sym,gradient,33,0.008778930566640064,1.8345503039432807e-06,hvp-shadow-fp32-ieee-v1,torch.float32
d14-s7,14,7,d14-s7-s0-b72acf7ac59942dab902e26fa0b2c80d,shadow_fp32,curvature/e_lin_gradient,e_lin,gradient,33,0.008778930566640064,4.5186446714998415e-07,hvp-shadow-fp32-ieee-v1,torch.float32
d14-s7,14,7,d14-s7-s0-b72acf7ac59942dab902e26fa0b2c80d,shadow_fp32,curvature/verdict_code_gradient,verdict_code,gradient,33,0.008778930566640064,0.0,hvp-shadow-fp32-ieee-v1,torch.float32
d14-s7,14,7,d14-s7-s0-b72acf7ac59942dab902e26fa0b2c80d,shadow_fp32,curvature/e_sym_update,e_sym,update,33,0.008778930566640064,1.2598163554402596e-07,hvp-shadow-fp32-ieee-v1,torch.float32
d14-s7,14,7,d14-s7-s0-b72acf7ac59942dab902e26fa0b2c80d,shadow_fp32,curvature/e_lin_update,e_lin,update,33,0.008778930566640064,6.15493354443098e-07,hvp-shadow-fp32-ieee-v1,torch.float32
d14-s7,14,7,d14-s7-s0-b72acf7ac59942dab902e26fa0b2c80d,shadow_fp32,curvature/verdict_code_update,verdict_code,update,33,0.008778930566640064,1.0,hvp-shadow-fp32-ieee-v1,torch.float32
d14-s7,14,7,d14-s7-s0-b72acf7ac59942dab902e26fa0b2c80d,native,curvature/e_sym_random,e_sym,random,33,0.008778930566640064,0.038214765571927246,,torch.bfloat16
d14-s7,14,7,d14-s7-s0-b72acf7ac59942dab902e26fa0b2c80d,native,curvature/e_lin_random,e_lin,random,33,0.008778930566640064,0.0112224348574012,,torch.bfloat16
d14-s7,14,7,d14-s7-s0-b72acf7ac59942dab902e26fa0b2c80d,native,curvature/verdict_code_random,verdict_code,random,33,0.008778930566640064,2.0,,torch.bfloat16
d14-s7,14,7,d14-s7-s0-b72acf7ac59942dab902e26fa0b2c80d,native,curvature/e_sym_gradient,e_sym,gradient,33,0.008778930566640064,0.015181576540353915,,torch.bfloat16
d14-s7,14,7,d14-s7-s0-b72acf7ac59942dab902e26fa0b2c80d,native,curvature/e_lin_gradient,e_lin,gradient,33,0.008778930566640064,0.00366076238095678,,torch.bfloat16
d14-s7,14,7,d14-s7-s0-b72acf7ac59942dab902e26fa0b2c80d,native,curvature/verdict_code_gradient,verdict_code,gradient,33,0.008778930566640064,2.0,,torch.bfloat16
d14-s7,14,7,d14-s7-s0-b72acf7ac59942dab902e26fa0b2c80d,native,curvature/e_sym_update,e_sym,update,33,0.008778930566640064,0.019854109829604304,,torch.bfloat16
d14-s7,14,7,d14-s7-s0-b72acf7ac59942dab902e26fa0b2c80d,native,curvature/e_lin_update,e_lin,update,33,0.008778930566640064,0.013102836639618934,,torch.bfloat16
d14-s7,14,7,d14-s7-s0-b72acf7ac59942dab902e26fa0b2c80d,native,curvature/verdict_code_update,verdict_code,update,33,0.008778930566640064,2.0,,torch.bfloat16
d14-s7,14,7,d14-s7-s0-b72acf7ac59942dab902e26fa0b2c80d,shadow_fp32,curvature/e_sym_random,e_sym,random,41,0.010907156158552806,7.567187771503776e-07,hvp-shadow-fp32-ieee-v1,torch.float32
d14-s7,14,7,d14-s7-s0-b72acf7ac59942dab902e26fa0b2c80d,shadow_fp32,curvature/e_lin_random,e_lin,random,41,0.010907156158552806,7.496685903128614e-07,hvp-shadow-fp32-ieee-v1,torch.float32
d14-s7,14,7,d14-s7-s0-b72acf7ac59942dab902e26fa0b2c80d,shadow_fp32,curvature/verdict_code_random,verdict_code,random,41,0.010907156158552806,1.0,hvp-shadow-fp32-ieee-v1,torch.float32
d14-s7,14,7,d14-s7-s0-b72acf7ac59942dab902e26fa0b2c80d,shadow_fp32,curvature/e_sym_gradient,e_sym,gradient,41,0.010907156158552806,1.306370767666187e-05,hvp-shadow-fp32-ieee-v1,torch.float32
d14-s7,14,7,d14-s7-s0-b72acf7ac59942dab902e26fa0b2c80d,shadow_fp32,curvature/e_lin_gradient,e_lin,gradient,41,0.010907156158552806,4.6286550148214307e-07,hvp-shadow-fp32-ieee-v1,torch.float32
d14-s7,14,7,d14-s7-s0-b72acf7ac59942dab902e26fa0b2c80d,shadow_fp32,curvature/verdict_code_gradient,verdict_code,gradient,41,0.010907156158552806,0.0,hvp-shadow-fp32-ieee-v1,torch.float32
d14-s7,14,7,d14-s7-s0-b72acf7ac59942dab902e26fa0b2c80d,shadow_fp32,curvature/e_sym_update,e_sym,update,41,0.010907156158552806,5.2296025515047296e-08,hvp-shadow-fp32-ieee-v1,torch.float32
d14-s7,14,7,d14-s7-s0-b72acf7ac59942dab902e26fa0b2c80d,shadow_fp32,curvature/e_lin_update,e_lin,update,41,0.010907156158552806,6.197573033413087e-07,hvp-shadow-fp32-ieee-v1,torch.float32
d14-s7,14,7,d14-s7-s0-b72acf7ac59942dab902e26fa0b2c80d,shadow_fp32,curvature/verdict_code_update,verdict_code,update,41,0.010907156158552806,1.0,hvp-shadow-fp32-ieee-v1,torch.float32
d14-s7,14,7,d14-s7-s0-b72acf7ac59942dab902e26fa0b2c80d,native,curvature/e_sym_random,e_sym,random,41,0.010907156158552806,0.02211291163771341,,torch.bfloat16
d14-s7,14,7,d14-s7-s0-b72acf7ac59942dab902e26fa0b2c80d,native,curvature/e_lin_random,e_lin,random,41,0.010907156158552806,0.011213900114961905,,torch.bfloat16
d14-s7,14,7,d14-s7-s0-b72acf7ac59942dab902e26fa0b2c80d,native,curvature/verdict_code_random,verdict_code,random,41,0.010907156158552806,2.0,,torch.bfloat16
d14-s7,14,7,d14-s7-s0-b72acf7ac59942dab902e26fa0b2c80d,native,curvature/e_sym_gradient,e_sym,gradient,41,0.010907156158552806,0.14251845410123293,,torch.bfloat16
d14-s7,14,7,d14-s7-s0-b72acf7ac59942dab902e26fa0b2c80d,native,curvature/e_lin_gradient,e_lin,gradient,41,0.010907156158552806,0.0036786212850461577,,torch.bfloat16
d14-s7,14,7,d14-s7-s0-b72acf7ac59942dab902e26fa0b2c80d,native,curvature/verdict_code_gradient,verdict_code,gradient,41,0.010907156158552806,2.0,,torch.bfloat16
d14-s7,14,7,d14-s7-s0-b72acf7ac59942dab902e26fa0b2c80d,native,curvature/e_sym_update,e_sym,update,41,0.010907156158552806,0.031021057785649227,,torch.bfloat16
d14-s7,14,7,d14-s7-s0-b72acf7ac59942dab902e26fa0b2c80d,native,curvature/e_lin_update,e_lin,update,41,0.010907156158552806,0.011031793686286404,,torch.bfloat16
d14-s7,14,7,d14-s7-s0-b72acf7ac59942dab902e26fa0b2c80d,native,curvature/verdict_code_update,verdict_code,update,41,0.010907156158552806,2.0,,torch.bfloat16
d14-s7,14,7,d14-s7-s0-b72acf7ac59942dab902e26fa0b2c80d,shadow_fp32,curvature/e_sym_random,e_sym,random,65,0.017291832934291033,2.8115534522880937e-06,hvp-shadow-fp32-ieee-v1,torch.float32
d14-s7,14,7,d14-s7-s0-b72acf7ac59942dab902e26fa0b2c80d,shadow_fp32,curvature/e_lin_random,e_lin,random,65,0.017291832934291033,7.50741258343591e-07,hvp-shadow-fp32-ieee-v1,torch.float32
d14-s7,14,7,d14-s7-s0-b72acf7ac59942dab902e26fa0b2c80d,shadow_fp32,curvature/verdict_code_random,verdict_code,random,65,0.017291832934291033,1.0,hvp-shadow-fp32-ieee-v1,torch.float32
d14-s7,14,7,d14-s7-s0-b72acf7ac59942dab902e26fa0b2c80d,shadow_fp32,curvature/e_sym_gradient,e_sym,gradient,65,0.017291832934291033,2.5619663408693535e-08,hvp-shadow-fp32-ieee-v1,torch.float32
d14-s7,14,7,d14-s7-s0-b72acf7ac59942dab902e26fa0b2c80d,shadow_fp32,curvature/e_lin_gradient,e_lin,gradient,65,0.017291832934291033,4.313664103435985e-07,hvp-shadow-fp32-ieee-v1,torch.float32
d14-s7,14,7,d14-s7-s0-b72acf7ac59942dab902e26fa0b2c80d,shadow_fp32,curvature/verdict_code_gradient,verdict_code,gradient,65,0.017291832934291033,0.0,hvp-shadow-fp32-ieee-v1,torch.float32
d14-s7,14,7,d14-s7-s0-b72acf7ac59942dab902e26fa0b2c80d,shadow_fp32,curvature/e_sym_update,e_sym,update,65,0.017291832934291033,3.7044082421687754e-07,hvp-shadow-fp32-ieee-v1,torch.float32
d14-s7,14,7,d14-s7-s0-b72acf7ac59942dab902e26fa0b2c80d,shadow_fp32,curvature/e_lin_update,e_lin,update,65,0.017291832934291033,7.087439771846594e-07,hvp-shadow-fp32-ieee-v1,torch.float32
d14-s7,14,7,d14-s7-s0-b72acf7ac59942dab902e26fa0b2c80d,shadow_fp32,curvature/verdict_code_update,verdict_code,update,65,0.017291832934291033,1.0,hvp-shadow-fp32-ieee-v1,torch.float32
d14-s7,14,7,d14-s7-s0-b72acf7ac59942dab902e26fa0b2c80d,native,curvature/e_sym_random,e_sym,random,65,0.017291832934291033,0.023594414281773474,,torch.bfloat16
d14-s7,14,7,d14-s7-s0-b72acf7ac59942dab902e26fa0b2c80d,native,curvature/e_lin_random,e_lin,random,65,0.017291832934291033,0.011931150818317929,,torch.bfloat16
d14-s7,14,7,d14-s7-s0-b72acf7ac59942dab902e26fa0b2c80d,native,curvature/verdict_code_random,verdict_code,random,65,0.017291832934291033,2.0,,torch.bfloat16
d14-s7,14,7,d14-s7-s0-b72acf7ac59942dab902e26fa0b2c80d,native,curvature/e_sym_gradient,e_sym,gradient,65,0.017291832934291033,0.022795815172304813,,torch.bfloat16
d14-s7,14,7,d14-s7-s0-b72acf7ac59942dab902e26fa0b2c80d,native,curvature/e_lin_gradient,e_lin,gradient,65,0.017291832934291033,0.004024365768230412,,torch.bfloat16
d14-s7,14,7,d14-s7-s0-b72acf7ac59942dab902e26fa0b2c80d,native,curvature/verdict_code_gradient,verdict_code,gradient,65,0.017291832934291033,2.0,,torch.bfloat16
d14-s7,14,7,d14-s7-s0-b72acf7ac59942dab902e26fa0b2c80d,native,curvature/e_sym_update,e_sym,update,65,0.017291832934291033,0.04694791597781312,,torch.bfloat16
d14-s7,14,7,d14-s7-s0-b72acf7ac59942dab902e26fa0b2c80d,native,curvature/e_lin_update,e_lin,update,65,0.017291832934291033,0.011847036637463547,,torch.bfloat16
d14-s7,14,7,d14-s7-s0-b72acf7ac59942dab902e26fa0b2c80d,native,curvature/verdict_code_update,verdict_code,update,65,0.017291832934291033,2.0,,torch.bfloat16
d14-s7,14,7,d14-s7-s0-b72acf7ac59942dab902e26fa0b2c80d,shadow_fp32,curvature/e_sym_random,e_sym,random,129,0.034317637669592976,8.733250737521838e-07,hvp-shadow-fp32-ieee-v1,torch.float32
d14-s7,14,7,d14-s7-s0-b72acf7ac59942dab902e26fa0b2c80d,shadow_fp32,curvature/e_lin_random,e_lin,random,129,0.034317637669592976,8.161979652554849e-07,hvp-shadow-fp32-ieee-v1,torch.float32
d14-s7,14,7,d14-s7-s0-b72acf7ac59942dab902e26fa0b2c80d,shadow_fp32,curvature/verdict_code_random,verdict_code,random,129,0.034317637669592976,1.0,hvp-shadow-fp32-ieee-v1,torch.float32
d14-s7,14,7,d14-s7-s0-b72acf7ac59942dab902e26fa0b2c80d,shadow_fp32,curvature/e_sym_gradient,e_sym,gradient,129,0.034317637669592976,5.255733537880755e-05,hvp-shadow-fp32-ieee-v1,torch.float32
d14-s7,14,7,d14-s7-s0-b72acf7ac59942dab902e26fa0b2c80d,shadow_fp32,curvature/e_lin_gradient,e_lin,gradient,129,0.034317637669592976,5.690006351902754e-07,hvp-shadow-fp32-ieee-v1,torch.float32
d14-s7,14,7,d14-s7-s0-b72acf7ac59942dab902e26fa0b2c80d,shadow_fp32,curvature/verdict_code_gradient,verdict_code,gradient,129,0.034317637669592976,0.0,hvp-shadow-fp32-ieee-v1,torch.float32
d14-s7,14,7,d14-s7-s0-b72acf7ac59942dab902e26fa0b2c80d,shadow_fp32,curvature/e_sym_update,e_sym,update,129,0.034317637669592976,2.9280021959580613e-07,hvp-shadow-fp32-ieee-v1,torch.float32
d14-s7,14,7,d14-s7-s0-b72acf7ac59942dab902e26fa0b2c80d,shadow_fp32,curvature/e_lin_update,e_lin,update,129,0.034317637669592976,8.126934977023378e-07,hvp-shadow-fp32-ieee-v1,torch.float32
d14-s7,14,7,d14-s7-s0-b72acf7ac59942dab902e26fa0b2c80d,shadow_fp32,curvature/verdict_code_update,verdict_code,update,129,0.034317637669592976,1.0,hvp-shadow-fp32-ieee-v1,torch.float32
d14-s7,14,7,d14-s7-s0-b72acf7ac59942dab902e26fa0b2c80d,native,curvature/e_sym_random,e_sym,random,129,0.034317637669592976,0.006325781270551632,,torch.bfloat16
d14-s7,14,7,d14-s7-s0-b72acf7ac59942dab902e26fa0b2c80d,native,curvature/e_lin_random,e_lin,random,129,0.034317637669592976,0.013640371112290384,,torch.bfloat16
d14-s7,14,7,d14-s7-s0-b72acf7ac59942dab902e26fa0b2c80d,native,curvature/verdict_code_random,verdict_code,random,129,0.034317637669592976,2.0,,torch.bfloat16
d14-s7,14,7,d14-s7-s0-b72acf7ac59942dab902e26fa0b2c80d,native,curvature/e_sym_gradient,e_sym,gradient,129,0.034317637669592976,1.6328639093732458,,torch.bfloat16
d14-s7,14,7,d14-s7-s0-b72acf7ac59942dab902e26fa0b2c80d,native,curvature/e_lin_gradient,e_lin,gradient,129,0.034317637669592976,0.009254470245071573,,torch.bfloat16
d14-s7,14,7,d14-s7-s0-b72acf7ac59942dab902e26fa0b2c80d,native,curvature/verdict_code_gradient,verdict_code,gradient,129,0.034317637669592976,2.0,,torch.bfloat16
d14-s7,14,7,d14-s7-s0-b72acf7ac59942dab902e26fa0b2c80d,native,curvature/e_sym_update,e_sym,update,129,0.034317637669592976,0.003429205401539515,,torch.bfloat16
d14-s7,14,7,d14-s7-s0-b72acf7ac59942dab902e26fa0b2c80d,native,curvature/e_lin_update,e_lin,update,129,0.034317637669592976,0.013656050561120207,,torch.bfloat16
d14-s7,14,7,d14-s7-s0-b72acf7ac59942dab902e26fa0b2c80d,native,curvature/verdict_code_update,verdict_code,update,129,0.034317637669592976,2.0,,torch.bfloat16
d14-s7,14,7,d14-s7-s0-b72acf7ac59942dab902e26fa0b2c80d,shadow_fp32,curvature/e_sym_random,e_sym,random,189,0.05027932960893855,1.023465753529713e-06,hvp-shadow-fp32-ieee-v1,torch.float32
d14-s7,14,7,d14-s7-s0-b72acf7ac59942dab902e26fa0b2c80d,shadow_fp32,curvature/e_lin_random,e_lin,random,189,0.05027932960893855,8.357746730873973e-07,hvp-shadow-fp32-ieee-v1,torch.float32
d14-s7,14,7,d14-s7-s0-b72acf7ac59942dab902e26fa0b2c80d,shadow_fp32,curvature/verdict_code_random,verdict_code,random,189,0.05027932960893855,1.0,hvp-shadow-fp32-ieee-v1,torch.float32
d14-s7,14,7,d14-s7-s0-b72acf7ac59942dab902e26fa0b2c80d,shadow_fp32,curvature/e_sym_gradient,e_sym,gradient,189,0.05027932960893855,1.3149434059715168e-07,hvp-shadow-fp32-ieee-v1,torch.float32
d14-s7,14,7,d14-s7-s0-b72acf7ac59942dab902e26fa0b2c80d,shadow_fp32,curvature/e_lin_gradient,e_lin,gradient,189,0.05027932960893855,4.0760674360270113e-07,hvp-shadow-fp32-ieee-v1,torch.float32
d14-s7,14,7,d14-s7-s0-b72acf7ac59942dab902e26fa0b2c80d,shadow_fp32,curvature/verdict_code_gradient,verdict_code,gradient,189,0.05027932960893855,0.0,hvp-shadow-fp32-ieee-v1,torch.float32
d14-s7,14,7,d14-s7-s0-b72acf7ac59942dab902e26fa0b2c80d,shadow_fp32,curvature/e_sym_update,e_sym,update,189,0.05027932960893855,1.6267433860876194e-07,hvp-shadow-fp32-ieee-v1,torch.float32
d14-s7,14,7,d14-s7-s0-b72acf7ac59942dab902e26fa0b2c80d,shadow_fp32,curvature/e_lin_update,e_lin,update,189,0.05027932960893855,7.863825258988959e-07,hvp-shadow-fp32-ieee-v1,torch.float32
d14-s7,14,7,d14-s7-s0-b72acf7ac59942dab902e26fa0b2c80d,shadow_fp32,curvature/verdict_code_update,verdict_code,update,189,0.05027932960893855,1.0,hvp-shadow-fp32-ieee-v1,torch.float32
d14-s7,14,7,d14-s7-s0-b72acf7ac59942dab902e26fa0b2c80d,native,curvature/e_sym_random,e_sym,random,189,0.05027932960893855,0.01801073137809817,,torch.bfloat16
d14-s7,14,7,d14-s7-s0-b72acf7ac59942dab902e26fa0b2c80d,native,curvature/e_lin_random,e_lin,random,189,0.05027932960893855,0.012527422606367015,,torch.bfloat16
d14-s7,14,7,d14-s7-s0-b72acf7ac59942dab902e26fa0b2c80d,native,curvature/verdict_code_random,verdict_code,random,189,0.05027932960893855,2.0,,torch.bfloat16
d14-s7,14,7,d14-s7-s0-b72acf7ac59942dab902e26fa0b2c80d,native,curvature/e_sym_gradient,e_sym,gradient,189,0.05027932960893855,0.01003646849950832,,torch.bfloat16
d14-s7,14,7,d14-s7-s0-b72acf7ac59942dab902e26fa0b2c80d,native,curvature/e_lin_gradient,e_lin,gradient,189,0.05027932960893855,0.007592215981232239,,torch.bfloat16
d14-s7,14,7,d14-s7-s0-b72acf7ac59942dab902e26fa0b2c80d,native,curvature/verdict_code_gradient,verdict_code,gradient,189,0.05027932960893855,2.0,,torch.bfloat16
d14-s7,14,7,d14-s7-s0-b72acf7ac59942dab902e26fa0b2c80d,native,curvature/e_sym_update,e_sym,update,189,0.05027932960893855,0.0030789891051784908,,torch.bfloat16
d14-s7,14,7,d14-s7-s0-b72acf7ac59942dab902e26fa0b2c80d,native,curvature/e_lin_update,e_lin,update,189,0.05027932960893855,0.011963301484899656,,torch.bfloat16
d14-s7,14,7,d14-s7-s0-b72acf7ac59942dab902e26fa0b2c80d,native,curvature/verdict_code_update,verdict_code,update,189,0.05027932960893855,2.0,,torch.bfloat16
d14-s7,14,7,d14-s7-s0-b72acf7ac59942dab902e26fa0b2c80d,shadow_fp32,curvature/e_sym_random,e_sym,random,377,0.100292631018888,3.3575294562603772e-06,hvp-shadow-fp32-ieee-v1,torch.float32
d14-s7,14,7,d14-s7-s0-b72acf7ac59942dab902e26fa0b2c80d,shadow_fp32,curvature/e_lin_random,e_lin,random,377,0.100292631018888,8.853731130999261e-07,hvp-shadow-fp32-ieee-v1,torch.float32
d14-s7,14,7,d14-s7-s0-b72acf7ac59942dab902e26fa0b2c80d,shadow_fp32,curvature/verdict_code_random,verdict_code,random,377,0.100292631018888,1.0,hvp-shadow-fp32-ieee-v1,torch.float32
d14-s7,14,7,d14-s7-s0-b72acf7ac59942dab902e26fa0b2c80d,shadow_fp32,curvature/e_sym_gradient,e_sym,gradient,377,0.100292631018888,6.663100639786449e-07,hvp-shadow-fp32-ieee-v1,torch.float32
d14-s7,14,7,d14-s7-s0-b72acf7ac59942dab902e26fa0b2c80d,shadow_fp32,curvature/e_lin_gradient,e_lin,gradient,377,0.100292631018888,5.200563619436908e-07,hvp-shadow-fp32-ieee-v1,torch.float32
d14-s7,14,7,d14-s7-s0-b72acf7ac59942dab902e26fa0b2c80d,shadow_fp32,curvature/verdict_code_gradient,verdict_code,gradient,377,0.100292631018888,0.0,hvp-shadow-fp32-ieee-v1,torch.float32
d14-s7,14,7,d14-s7-s0-b72acf7ac59942dab902e26fa0b2c80d,shadow_fp32,curvature/e_sym_update,e_sym,update,377,0.100292631018888,2.263018847333991e-05,hvp-shadow-fp32-ieee-v1,torch.float32
d14-s7,14,7,d14-s7-s0-b72acf7ac59942dab902e26fa0b2c80d,shadow_fp32,curvature/e_lin_update,e_lin,update,377,0.100292631018888,8.496542554384286e-07,hvp-shadow-fp32-ieee-v1,torch.float32
d14-s7,14,7,d14-s7-s0-b72acf7ac59942dab902e26fa0b2c80d,shadow_fp32,curvature/verdict_code_update,verdict_code,update,377,0.100292631018888,1.0,hvp-shadow-fp32-ieee-v1,torch.float32
d14-s7,14,7,d14-s7-s0-b72acf7ac59942dab902e26fa0b2c80d,native,curvature/e_sym_random,e_sym,random,377,0.100292631018888,0.013868161823574615,,torch.bfloat16
d14-s7,14,7,d14-s7-s0-b72acf7ac59942dab902e26fa0b2c80d,native,curvature/e_lin_random,e_lin,random,377,0.100292631018888,0.012280968342092934,,torch.bfloat16
d14-s7,14,7,d14-s7-s0-b72acf7ac59942dab902e26fa0b2c80d,native,curvature/verdict_code_random,verdict_code,random,377,0.100292631018888,2.0,,torch.bfloat16
d14-s7,14,7,d14-s7-s0-b72acf7ac59942dab902e26fa0b2c80d,native,curvature/e_sym_gradient,e_sym,gradient,377,0.100292631018888,0.001355324778308886,,torch.bfloat16
d14-s7,14,7,d14-s7-s0-b72acf7ac59942dab902e26fa0b2c80d,native,curvature/e_lin_gradient,e_lin,gradient,377,0.100292631018888,0.007006916454208436,,torch.bfloat16
d14-s7,14,7,d14-s7-s0-b72acf7ac59942dab902e26fa0b2c80d,native,curvature/verdict_code_gradient,verdict_code,gradient,377,0.100292631018888,2.0,,torch.bfloat16
d14-s7,14,7,d14-s7-s0-b72acf7ac59942dab902e26fa0b2c80d,native,curvature/e_sym_update,e_sym,update,377,0.100292631018888,0.028759206425263438,,torch.bfloat16
d14-s7,14,7,d14-s7-s0-b72acf7ac59942dab902e26fa0b2c80d,native,curvature/e_lin_update,e_lin,update,377,0.100292631018888,0.01131636344360381,,torch.bfloat16
d14-s7,14,7,d14-s7-s0-b72acf7ac59942dab902e26fa0b2c80d,native,curvature/verdict_code_update,verdict_code,update,377,0.100292631018888,2.0,,torch.bfloat16
d14-s7,14,7,d14-s7-s0-b72acf7ac59942dab902e26fa0b2c80d,shadow_fp32,curvature/e_sym_random,e_sym,random,401,0.10667730779462622,7.855530120152724e-07,hvp-shadow-fp32-ieee-v1,torch.float32
d14-s7,14,7,d14-s7-s0-b72acf7ac59942dab902e26fa0b2c80d,shadow_fp32,curvature/e_lin_random,e_lin,random,401,0.10667730779462622,9.386620464530247e-07,hvp-shadow-fp32-ieee-v1,torch.float32
d14-s7,14,7,d14-s7-s0-b72acf7ac59942dab902e26fa0b2c80d,shadow_fp32,curvature/verdict_code_random,verdict_code,random,401,0.10667730779462622,1.0,hvp-shadow-fp32-ieee-v1,torch.float32
d14-s7,14,7,d14-s7-s0-b72acf7ac59942dab902e26fa0b2c80d,shadow_fp32,curvature/e_sym_gradient,e_sym,gradient,401,0.10667730779462622,8.910719197660465e-09,hvp-shadow-fp32-ieee-v1,torch.float32
d14-s7,14,7,d14-s7-s0-b72acf7ac59942dab902e26fa0b2c80d,shadow_fp32,curvature/e_lin_gradient,e_lin,gradient,401,0.10667730779462622,7.125342698928646e-07,hvp-shadow-fp32-ieee-v1,torch.float32
d14-s7,14,7,d14-s7-s0-b72acf7ac59942dab902e26fa0b2c80d,shadow_fp32,curvature/verdict_code_gradient,verdict_code,gradient,401,0.10667730779462622,0.0,hvp-shadow-fp32-ieee-v1,torch.float32
d14-s7,14,7,d14-s7-s0-b72acf7ac59942dab902e26fa0b2c80d,shadow_fp32,curvature/e_sym_update,e_sym,update,401,0.10667730779462622,5.007222312018578e-06,hvp-shadow-fp32-ieee-v1,torch.float32
d14-s7,14,7,d14-s7-s0-b72acf7ac59942dab902e26fa0b2c80d,shadow_fp32,curvature/e_lin_update,e_lin,update,401,0.10667730779462622,9.154227065846368e-07,hvp-shadow-fp32-ieee-v1,torch.float32
d14-s7,14,7,d14-s7-s0-b72acf7ac59942dab902e26fa0b2c80d,shadow_fp32,curvature/verdict_code_update,verdict_code,update,401,0.10667730779462622,1.0,hvp-shadow-fp32-ieee-v1,torch.float32
d14-s7,14,7,d14-s7-s0-b72acf7ac59942dab902e26fa0b2c80d,native,curvature/e_sym_random,e_sym,random,401,0.10667730779462622,0.07095983913953706,,torch.bfloat16
d14-s7,14,7,d14-s7-s0-b72acf7ac59942dab902e26fa0b2c80d,native,curvature/e_lin_random,e_lin,random,401,0.10667730779462622,0.012827583989053672,,torch.bfloat16
d14-s7,14,7,d14-s7-s0-b72acf7ac59942dab902e26fa0b2c80d,native,curvature/verdict_code_random,verdict_code,random,401,0.10667730779462622,2.0,,torch.bfloat16
d14-s7,14,7,d14-s7-s0-b72acf7ac59942dab902e26fa0b2c80d,native,curvature/e_sym_gradient,e_sym,gradient,401,0.10667730779462622,0.021336823114292202,,torch.bfloat16
d14-s7,14,7,d14-s7-s0-b72acf7ac59942dab902e26fa0b2c80d,native,curvature/e_lin_gradient,e_lin,gradient,401,0.10667730779462622,0.009451800117864605,,torch.bfloat16
d14-s7,14,7,d14-s7-s0-b72acf7ac59942dab902e26fa0b2c80d,native,curvature/verdict_code_gradient,verdict_code,gradient,401,0.10667730779462622,2.0,,torch.bfloat16
d14-s7,14,7,d14-s7-s0-b72acf7ac59942dab902e26fa0b2c80d,native,curvature/e_sym_update,e_sym,update,401,0.10667730779462622,0.010464260510834609,,torch.bfloat16
d14-s7,14,7,d14-s7-s0-b72acf7ac59942dab902e26fa0b2c80d,native,curvature/e_lin_update,e_lin,update,401,0.10667730779462622,0.012231465610383036,,torch.bfloat16
d14-s7,14,7,d14-s7-s0-b72acf7ac59942dab902e26fa0b2c80d,native,curvature/verdict_code_update,verdict_code,update,401,0.10667730779462622,2.0,,torch.bfloat16
d14-s7,14,7,d14-s7-s0-b72acf7ac59942dab902e26fa0b2c80d,shadow_fp32,curvature/e_sym_random,e_sym,random,565,0.15030593242883747,1.3178184355185525e-06,hvp-shadow-fp32-ieee-v1,torch.float32
d14-s7,14,7,d14-s7-s0-b72acf7ac59942dab902e26fa0b2c80d,shadow_fp32,curvature/e_lin_random,e_lin,random,565,0.15030593242883747,9.218871509789235e-07,hvp-shadow-fp32-ieee-v1,torch.float32
d14-s7,14,7,d14-s7-s0-b72acf7ac59942dab902e26fa0b2c80d,shadow_fp32,curvature/verdict_code_random,verdict_code,random,565,0.15030593242883747,1.0,hvp-shadow-fp32-ieee-v1,torch.float32
d14-s7,14,7,d14-s7-s0-b72acf7ac59942dab902e26fa0b2c80d,shadow_fp32,curvature/e_sym_gradient,e_sym,gradient,565,0.15030593242883747,4.0704747122226595e-06,hvp-shadow-fp32-ieee-v1,torch.float32
d14-s7,14,7,d14-s7-s0-b72acf7ac59942dab902e26fa0b2c80d,shadow_fp32,curvature/e_lin_gradient,e_lin,gradient,565,0.15030593242883747,5.728917433726967e-07,hvp-shadow-fp32-ieee-v1,torch.float32
d14-s7,14,7,d14-s7-s0-b72acf7ac59942dab902e26fa0b2c80d,shadow_fp32,curvature/verdict_code_gradient,verdict_code,gradient,565,0.15030593242883747,0.0,hvp-shadow-fp32-ieee-v1,torch.float32
d14-s7,14,7,d14-s7-s0-b72acf7ac59942dab902e26fa0b2c80d,shadow_fp32,curvature/e_sym_update,e_sym,update,565,0.15030593242883747,4.5171635233197415e-07,hvp-shadow-fp32-ieee-v1,torch.float32
d14-s7,14,7,d14-s7-s0-b72acf7ac59942dab902e26fa0b2c80d,shadow_fp32,curvature/e_lin_update,e_lin,update,565,0.15030593242883747,1.017546608301534e-06,hvp-shadow-fp32-ieee-v1,torch.float32
d14-s7,14,7,d14-s7-s0-b72acf7ac59942dab902e26fa0b2c80d,shadow_fp32,curvature/verdict_code_update,verdict_code,update,565,0.15030593242883747,1.0,hvp-shadow-fp32-ieee-v1,torch.float32
d14-s7,14,7,d14-s7-s0-b72acf7ac59942dab902e26fa0b2c80d,native,curvature/e_sym_random,e_sym,random,565,0.15030593242883747,0.008316502926775106,,torch.bfloat16
d14-s7,14,7,d14-s7-s0-b72acf7ac59942dab902e26fa0b2c80d,native,curvature/e_lin_random,e_lin,random,565,0.15030593242883747,0.012046843542296513,,torch.bfloat16
d14-s7,14,7,d14-s7-s0-b72acf7ac59942dab902e26fa0b2c80d,native,curvature/verdict_code_random,verdict_code,random,565,0.15030593242883747,2.0,,torch.bfloat16
d14-s7,14,7,d14-s7-s0-b72acf7ac59942dab902e26fa0b2c80d,native,curvature/e_sym_gradient,e_sym,gradient,565,0.15030593242883747,0.00036768626192680635,,torch.bfloat16
d14-s7,14,7,d14-s7-s0-b72acf7ac59942dab902e26fa0b2c80d,native,curvature/e_lin_gradient,e_lin,gradient,565,0.15030593242883747,0.007194475846060004,,torch.bfloat16
d14-s7,14,7,d14-s7-s0-b72acf7ac59942dab902e26fa0b2c80d,native,curvature/verdict_code_gradient,verdict_code,gradient,565,0.15030593242883747,2.0,,torch.bfloat16
d14-s7,14,7,d14-s7-s0-b72acf7ac59942dab902e26fa0b2c80d,native,curvature/e_sym_update,e_sym,update,565,0.15030593242883747,0.009346463758862793,,torch.bfloat16
d14-s7,14,7,d14-s7-s0-b72acf7ac59942dab902e26fa0b2c80d,native,curvature/e_lin_update,e_lin,update,565,0.15030593242883747,0.012290218433323475,,torch.bfloat16
d14-s7,14,7,d14-s7-s0-b72acf7ac59942dab902e26fa0b2c80d,native,curvature/verdict_code_update,verdict_code,update,565,0.15030593242883747,2.0,,torch.bfloat16
d14-s7,14,7,d14-s7-s0-b72acf7ac59942dab902e26fa0b2c80d,shadow_fp32,curvature/e_sym_random,e_sym,random,753,0.20031923383878691,1.7023343255484137e-06,hvp-shadow-fp32-ieee-v1,torch.float32
d14-s7,14,7,d14-s7-s0-b72acf7ac59942dab902e26fa0b2c80d,shadow_fp32,curvature/e_lin_random,e_lin,random,753,0.20031923383878691,9.501635546209596e-07,hvp-shadow-fp32-ieee-v1,torch.float32
d14-s7,14,7,d14-s7-s0-b72acf7ac59942dab902e26fa0b2c80d,shadow_fp32,curvature/verdict_code_random,verdict_code,random,753,0.20031923383878691,1.0,hvp-shadow-fp32-ieee-v1,torch.float32
d14-s7,14,7,d14-s7-s0-b72acf7ac59942dab902e26fa0b2c80d,shadow_fp32,curvature/e_sym_gradient,e_sym,gradient,753,0.20031923383878691,7.906451423670861e-07,hvp-shadow-fp32-ieee-v1,torch.float32
d14-s7,14,7,d14-s7-s0-b72acf7ac59942dab902e26fa0b2c80d,shadow_fp32,curvature/e_lin_gradient,e_lin,gradient,753,0.20031923383878691,5.7290472415867e-07,hvp-shadow-fp32-ieee-v1,torch.float32
d14-s7,14,7,d14-s7-s0-b72acf7ac59942dab902e26fa0b2c80d,shadow_fp32,curvature/verdict_code_gradient,verdict_code,gradient,753,0.20031923383878691,0.0,hvp-shadow-fp32-ieee-v1,torch.float32
d14-s7,14,7,d14-s7-s0-b72acf7ac59942dab902e26fa0b2c80d,shadow_fp32,curvature/e_sym_update,e_sym,update,753,0.20031923383878691,1.1065161688910976e-06,hvp-shadow-fp32-ieee-v1,torch.float32
d14-s7,14,7,d14-s7-s0-b72acf7ac59942dab902e26fa0b2c80d,shadow_fp32,curvature/e_lin_update,e_lin,update,753,0.20031923383878691,1.0258219861826795e-06,hvp-shadow-fp32-ieee-v1,torch.float32
d14-s7,14,7,d14-s7-s0-b72acf7ac59942dab902e26fa0b2c80d,shadow_fp32,curvature/verdict_code_update,verdict_code,update,753,0.20031923383878691,1.0,hvp-shadow-fp32-ieee-v1,torch.float32
d14-s7,14,7,d14-s7-s0-b72acf7ac59942dab902e26fa0b2c80d,native,curvature/e_sym_random,e_sym,random,753,0.20031923383878691,0.0028927767691310532,,torch.bfloat16
d14-s7,14,7,d14-s7-s0-b72acf7ac59942dab902e26fa0b2c80d,native,curvature/e_lin_random,e_lin,random,753,0.20031923383878691,0.011875311907317299,,torch.bfloat16
d14-s7,14,7,d14-s7-s0-b72acf7ac59942dab902e26fa0b2c80d,native,curvature/verdict_code_random,verdict_code,random,753,0.20031923383878691,2.0,,torch.bfloat16
d14-s7,14,7,d14-s7-s0-b72acf7ac59942dab902e26fa0b2c80d,native,curvature/e_sym_gradient,e_sym,gradient,753,0.20031923383878691,0.0059418902725659455,,torch.bfloat16
d14-s7,14,7,d14-s7-s0-b72acf7ac59942dab902e26fa0b2c80d,native,curvature/e_lin_gradient,e_lin,gradient,753,0.20031923383878691,0.006639394945540314,,torch.bfloat16
d14-s7,14,7,d14-s7-s0-b72acf7ac59942dab902e26fa0b2c80d,native,curvature/verdict_code_gradient,verdict_code,gradient,753,0.20031923383878691,2.0,,torch.bfloat16
d14-s7,14,7,d14-s7-s0-b72acf7ac59942dab902e26fa0b2c80d,native,curvature/e_sym_update,e_sym,update,753,0.20031923383878691,0.004674030171542205,,torch.bfloat16
d14-s7,14,7,d14-s7-s0-b72acf7ac59942dab902e26fa0b2c80d,native,curvature/e_lin_update,e_lin,update,753,0.20031923383878691,0.011897334241398404,,torch.bfloat16
d14-s7,14,7,d14-s7-s0-b72acf7ac59942dab902e26fa0b2c80d,native,curvature/verdict_code_update,verdict_code,update,753,0.20031923383878691,2.0,,torch.bfloat16
d14-s7,14,7,d14-s7-s0-b72acf7ac59942dab902e26fa0b2c80d,shadow_fp32,curvature/e_sym_random,e_sym,random,941,0.2503325352487364,9.410271781118464e-07,hvp-shadow-fp32-ieee-v1,torch.float32
d14-s7,14,7,d14-s7-s0-b72acf7ac59942dab902e26fa0b2c80d,shadow_fp32,curvature/e_lin_random,e_lin,random,941,0.2503325352487364,9.39234834831024e-07,hvp-shadow-fp32-ieee-v1,torch.float32
d14-s7,14,7,d14-s7-s0-b72acf7ac59942dab902e26fa0b2c80d,shadow_fp32,curvature/verdict_code_random,verdict_code,random,941,0.2503325352487364,1.0,hvp-shadow-fp32-ieee-v1,torch.float32
d14-s7,14,7,d14-s7-s0-b72acf7ac59942dab902e26fa0b2c80d,shadow_fp32,curvature/e_sym_gradient,e_sym,gradient,941,0.2503325352487364,5.524055902105317e-08,hvp-shadow-fp32-ieee-v1,torch.float32
d14-s7,14,7,d14-s7-s0-b72acf7ac59942dab902e26fa0b2c80d,shadow_fp32,curvature/e_lin_gradient,e_lin,gradient,941,0.2503325352487364,4.953667498135169e-07,hvp-shadow-fp32-ieee-v1,torch.float32
d14-s7,14,7,d14-s7-s0-b72acf7ac59942dab902e26fa0b2c80d,shadow_fp32,curvature/verdict_code_gradient,verdict_code,gradient,941,0.2503325352487364,0.0,hvp-shadow-fp32-ieee-v1,torch.float32
d14-s7,14,7,d14-s7-s0-b72acf7ac59942dab902e26fa0b2c80d,shadow_fp32,curvature/e_sym_update,e_sym,update,941,0.2503325352487364,1.1950990762852314e-06,hvp-shadow-fp32-ieee-v1,torch.float32
d14-s7,14,7,d14-s7-s0-b72acf7ac59942dab902e26fa0b2c80d,shadow_fp32,curvature/e_lin_update,e_lin,update,941,0.2503325352487364,8.751686434678626e-07,hvp-shadow-fp32-ieee-v1,torch.float32
d14-s7,14,7,d14-s7-s0-b72acf7ac59942dab902e26fa0b2c80d,shadow_fp32,curvature/verdict_code_update,verdict_code,update,941,0.2503325352487364,1.0,hvp-shadow-fp32-ieee-v1,torch.float32
d14-s7,14,7,d14-s7-s0-b72acf7ac59942dab902e26fa0b2c80d,native,curvature/e_sym_random,e_sym,random,941,0.2503325352487364,0.010580167531310095,,torch.bfloat16
d14-s7,14,7,d14-s7-s0-b72acf7ac59942dab902e26fa0b2c80d,native,curvature/e_lin_random,e_lin,random,941,0.2503325352487364,0.01171026024441696,,torch.bfloat16
d14-s7,14,7,d14-s7-s0-b72acf7ac59942dab902e26fa0b2c80d,native,curvature/verdict_code_random,verdict_code,random,941,0.2503325352487364,2.0,,torch.bfloat16
d14-s7,14,7,d14-s7-s0-b72acf7ac59942dab902e26fa0b2c80d,native,curvature/e_sym_gradient,e_sym,gradient,941,0.2503325352487364,0.0006252133545246492,,torch.bfloat16
d14-s7,14,7,d14-s7-s0-b72acf7ac59942dab902e26fa0b2c80d,native,curvature/e_lin_gradient,e_lin,gradient,941,0.2503325352487364,0.0058912885592581265,,torch.bfloat16
d14-s7,14,7,d14-s7-s0-b72acf7ac59942dab902e26fa0b2c80d,native,curvature/verdict_code_gradient,verdict_code,gradient,941,0.2503325352487364,2.0,,torch.bfloat16
d14-s7,14,7,d14-s7-s0-b72acf7ac59942dab902e26fa0b2c80d,native,curvature/e_sym_update,e_sym,update,941,0.2503325352487364,0.008539079182993055,,torch.bfloat16
d14-s7,14,7,d14-s7-s0-b72acf7ac59942dab902e26fa0b2c80d,native,curvature/e_lin_update,e_lin,update,941,0.2503325352487364,0.009825038728662623,,torch.bfloat16
d14-s7,14,7,d14-s7-s0-b72acf7ac59942dab902e26fa0b2c80d,native,curvature/verdict_code_update,verdict_code,update,941,0.2503325352487364,2.0,,torch.bfloat16
d14-s7,14,7,d14-s7-s0-b72acf7ac59942dab902e26fa0b2c80d,shadow_fp32,curvature/e_sym_random,e_sym,random,1128,0.30007980845969673,3.057299936521019e-07,hvp-shadow-fp32-ieee-v1,torch.float32
d14-s7,14,7,d14-s7-s0-b72acf7ac59942dab902e26fa0b2c80d,shadow_fp32,curvature/e_lin_random,e_lin,random,1128,0.30007980845969673,9.067092806445573e-07,hvp-shadow-fp32-ieee-v1,torch.float32
d14-s7,14,7,d14-s7-s0-b72acf7ac59942dab902e26fa0b2c80d,shadow_fp32,curvature/verdict_code_random,verdict_code,random,1128,0.30007980845969673,1.0,hvp-shadow-fp32-ieee-v1,torch.float32
d14-s7,14,7,d14-s7-s0-b72acf7ac59942dab902e26fa0b2c80d,shadow_fp32,curvature/e_sym_gradient,e_sym,gradient,1128,0.30007980845969673,1.8234576335365825e-07,hvp-shadow-fp32-ieee-v1,torch.float32
d14-s7,14,7,d14-s7-s0-b72acf7ac59942dab902e26fa0b2c80d,shadow_fp32,curvature/e_lin_gradient,e_lin,gradient,1128,0.30007980845969673,4.771837430292526e-07,hvp-shadow-fp32-ieee-v1,torch.float32
d14-s7,14,7,d14-s7-s0-b72acf7ac59942dab902e26fa0b2c80d,shadow_fp32,curvature/verdict_code_gradient,verdict_code,gradient,1128,0.30007980845969673,0.0,hvp-shadow-fp32-ieee-v1,torch.float32
d14-s7,14,7,d14-s7-s0-b72acf7ac59942dab902e26fa0b2c80d,shadow_fp32,curvature/e_sym_update,e_sym,update,1128,0.30007980845969673,1.5825376536467793e-06,hvp-shadow-fp32-ieee-v1,torch.float32
d14-s7,14,7,d14-s7-s0-b72acf7ac59942dab902e26fa0b2c80d,shadow_fp32,curvature/e_lin_update,e_lin,update,1128,0.30007980845969673,1.0280888031820224e-06,hvp-shadow-fp32-ieee-v1,torch.float32
d14-s7,14,7,d14-s7-s0-b72acf7ac59942dab902e26fa0b2c80d,shadow_fp32,curvature/verdict_code_update,verdict_code,update,1128,0.30007980845969673,1.0,hvp-shadow-fp32-ieee-v1,torch.float32
d14-s7,14,7,d14-s7-s0-b72acf7ac59942dab902e26fa0b2c80d,native,curvature/e_sym_random,e_sym,random,1128,0.30007980845969673,0.006406338999959692,,torch.bfloat16
d14-s7,14,7,d14-s7-s0-b72acf7ac59942dab902e26fa0b2c80d,native,curvature/e_lin_random,e_lin,random,1128,0.30007980845969673,0.01108261594989895,,torch.bfloat16
d14-s7,14,7,d14-s7-s0-b72acf7ac59942dab902e26fa0b2c80d,native,curvature/verdict_code_random,verdict_code,random,1128,0.30007980845969673,2.0,,torch.bfloat16
d14-s7,14,7,d14-s7-s0-b72acf7ac59942dab902e26fa0b2c80d,native,curvature/e_sym_gradient,e_sym,gradient,1128,0.30007980845969673,0.001786555029450312,,torch.bfloat16
d14-s7,14,7,d14-s7-s0-b72acf7ac59942dab902e26fa0b2c80d,native,curvature/e_lin_gradient,e_lin,gradient,1128,0.30007980845969673,0.004999708483554273,,torch.bfloat16
d14-s7,14,7,d14-s7-s0-b72acf7ac59942dab902e26fa0b2c80d,native,curvature/verdict_code_gradient,verdict_code,gradient,1128,0.30007980845969673,2.0,,torch.bfloat16
d14-s7,14,7,d14-s7-s0-b72acf7ac59942dab902e26fa0b2c80d,native,curvature/e_sym_update,e_sym,update,1128,0.30007980845969673,0.020790963379094078,,torch.bfloat16
d14-s7,14,7,d14-s7-s0-b72acf7ac59942dab902e26fa0b2c80d,native,curvature/e_lin_update,e_lin,update,1128,0.30007980845969673,0.009446404832137479,,torch.bfloat16
d14-s7,14,7,d14-s7-s0-b72acf7ac59942dab902e26fa0b2c80d,native,curvature/verdict_code_update,verdict_code,update,1128,0.30007980845969673,2.0,,torch.bfloat16
d14-s7,14,7,d14-s7-s0-b72acf7ac59942dab902e26fa0b2c80d,shadow_fp32,curvature/e_sym_random,e_sym,random,1316,0.3500931098696462,7.05270754720226e-07,hvp-shadow-fp32-ieee-v1,torch.float32
d14-s7,14,7,d14-s7-s0-b72acf7ac59942dab902e26fa0b2c80d,shadow_fp32,curvature/e_lin_random,e_lin,random,1316,0.3500931098696462,8.083525284899711e-07,hvp-shadow-fp32-ieee-v1,torch.float32
d14-s7,14,7,d14-s7-s0-b72acf7ac59942dab902e26fa0b2c80d,shadow_fp32,curvature/verdict_code_random,verdict_code,random,1316,0.3500931098696462,1.0,hvp-shadow-fp32-ieee-v1,torch.float32
d14-s7,14,7,d14-s7-s0-b72acf7ac59942dab902e26fa0b2c80d,shadow_fp32,curvature/e_sym_gradient,e_sym,gradient,1316,0.3500931098696462,5.368978499600802e-08,hvp-shadow-fp32-ieee-v1,torch.float32
d14-s7,14,7,d14-s7-s0-b72acf7ac59942dab902e26fa0b2c80d,shadow_fp32,curvature/e_lin_gradient,e_lin,gradient,1316,0.3500931098696462,4.637815588405001e-07,hvp-shadow-fp32-ieee-v1,torch.float32
d14-s7,14,7,d14-s7-s0-b72acf7ac59942dab902e26fa0b2c80d,shadow_fp32,curvature/verdict_code_gradient,verdict_code,gradient,1316,0.3500931098696462,0.0,hvp-shadow-fp32-ieee-v1,torch.float32
d14-s7,14,7,d14-s7-s0-b72acf7ac59942dab902e26fa0b2c80d,shadow_fp32,curvature/e_sym_update,e_sym,update,1316,0.3500931098696462,1.332480778151127e-05,hvp-shadow-fp32-ieee-v1,torch.float32
d14-s7,14,7,d14-s7-s0-b72acf7ac59942dab902e26fa0b2c80d,shadow_fp32,curvature/e_lin_update,e_lin,update,1316,0.3500931098696462,7.911366068116938e-07,hvp-shadow-fp32-ieee-v1,torch.float32
d14-s7,14,7,d14-s7-s0-b72acf7ac59942dab902e26fa0b2c80d,shadow_fp32,curvature/verdict_code_update,verdict_code,update,1316,0.3500931098696462,1.0,hvp-shadow-fp32-ieee-v1,torch.float32
d14-s7,14,7,d14-s7-s0-b72acf7ac59942dab902e26fa0b2c80d,native,curvature/e_sym_random,e_sym,random,1316,0.3500931098696462,0.0015926151162697585,,torch.bfloat16
d14-s7,14,7,d14-s7-s0-b72acf7ac59942dab902e26fa0b2c80d,native,curvature/e_lin_random,e_lin,random,1316,0.3500931098696462,0.008993410236369783,,torch.bfloat16
d14-s7,14,7,d14-s7-s0-b72acf7ac59942dab902e26fa0b2c80d,native,curvature/verdict_code_random,verdict_code,random,1316,0.3500931098696462,2.0,,torch.bfloat16
d14-s7,14,7,d14-s7-s0-b72acf7ac59942dab902e26fa0b2c80d,native,curvature/e_sym_gradient,e_sym,gradient,1316,0.3500931098696462,0.0005351511813030424,,torch.bfloat16
d14-s7,14,7,d14-s7-s0-b72acf7ac59942dab902e26fa0b2c80d,native,curvature/e_lin_gradient,e_lin,gradient,1316,0.3500931098696462,0.004342330806379021,,torch.bfloat16
d14-s7,14,7,d14-s7-s0-b72acf7ac59942dab902e26fa0b2c80d,native,curvature/verdict_code_gradient,verdict_code,gradient,1316,0.3500931098696462,2.0,,torch.bfloat16
d14-s7,14,7,d14-s7-s0-b72acf7ac59942dab902e26fa0b2c80d,native,curvature/e_sym_update,e_sym,update,1316,0.3500931098696462,0.04425274319493983,,torch.bfloat16
d14-s7,14,7,d14-s7-s0-b72acf7ac59942dab902e26fa0b2c80d,native,curvature/e_lin_update,e_lin,update,1316,0.3500931098696462,0.008020467146562621,,torch.bfloat16
d14-s7,14,7,d14-s7-s0-b72acf7ac59942dab902e26fa0b2c80d,native,curvature/verdict_code_update,verdict_code,update,1316,0.3500931098696462,2.0,,torch.bfloat16
d14-s7,14,7,d14-s7-s0-b72acf7ac59942dab902e26fa0b2c80d,shadow_fp32,curvature/e_sym_random,e_sym,random,1317,0.3503591380686353,5.505886185072201e-08,hvp-shadow-fp32-ieee-v1,torch.float32
d14-s7,14,7,d14-s7-s0-b72acf7ac59942dab902e26fa0b2c80d,shadow_fp32,curvature/e_lin_random,e_lin,random,1317,0.3503591380686353,8.284481724311561e-07,hvp-shadow-fp32-ieee-v1,torch.float32
d14-s7,14,7,d14-s7-s0-b72acf7ac59942dab902e26fa0b2c80d,shadow_fp32,curvature/verdict_code_random,verdict_code,random,1317,0.3503591380686353,1.0,hvp-shadow-fp32-ieee-v1,torch.float32
d14-s7,14,7,d14-s7-s0-b72acf7ac59942dab902e26fa0b2c80d,shadow_fp32,curvature/e_sym_gradient,e_sym,gradient,1317,0.3503591380686353,1.5163625264171318e-07,hvp-shadow-fp32-ieee-v1,torch.float32
d14-s7,14,7,d14-s7-s0-b72acf7ac59942dab902e26fa0b2c80d,shadow_fp32,curvature/e_lin_gradient,e_lin,gradient,1317,0.3503591380686353,4.650254998988186e-07,hvp-shadow-fp32-ieee-v1,torch.float32
d14-s7,14,7,d14-s7-s0-b72acf7ac59942dab902e26fa0b2c80d,shadow_fp32,curvature/verdict_code_gradient,verdict_code,gradient,1317,0.3503591380686353,0.0,hvp-shadow-fp32-ieee-v1,torch.float32
d14-s7,14,7,d14-s7-s0-b72acf7ac59942dab902e26fa0b2c80d,shadow_fp32,curvature/e_sym_update,e_sym,update,1317,0.3503591380686353,1.4761452557441496e-07,hvp-shadow-fp32-ieee-v1,torch.float32
d14-s7,14,7,d14-s7-s0-b72acf7ac59942dab902e26fa0b2c80d,shadow_fp32,curvature/e_lin_update,e_lin,update,1317,0.3503591380686353,7.573955981482831e-07,hvp-shadow-fp32-ieee-v1,torch.float32
d14-s7,14,7,d14-s7-s0-b72acf7ac59942dab902e26fa0b2c80d,shadow_fp32,curvature/verdict_code_update,verdict_code,update,1317,0.3503591380686353,1.0,hvp-shadow-fp32-ieee-v1,torch.float32
d14-s7,14,7,d14-s7-s0-b72acf7ac59942dab902e26fa0b2c80d,native,curvature/e_sym_random,e_sym,random,1317,0.3503591380686353,0.002970963571119364,,torch.bfloat16
d14-s7,14,7,d14-s7-s0-b72acf7ac59942dab902e26fa0b2c80d,native,curvature/e_lin_random,e_lin,random,1317,0.3503591380686353,0.009201543016403095,,torch.bfloat16
d14-s7,14,7,d14-s7-s0-b72acf7ac59942dab902e26fa0b2c80d,native,curvature/verdict_code_random,verdict_code,random,1317,0.3503591380686353,2.0,,torch.bfloat16
d14-s7,14,7,d14-s7-s0-b72acf7ac59942dab902e26fa0b2c80d,native,curvature/e_sym_gradient,e_sym,gradient,1317,0.3503591380686353,0.0024135339349687676,,torch.bfloat16
d14-s7,14,7,d14-s7-s0-b72acf7ac59942dab902e26fa0b2c80d,native,curvature/e_lin_gradient,e_lin,gradient,1317,0.3503591380686353,0.004464946685461311,,torch.bfloat16
d14-s7,14,7,d14-s7-s0-b72acf7ac59942dab902e26fa0b2c80d,native,curvature/verdict_code_gradient,verdict_code,gradient,1317,0.3503591380686353,2.0,,torch.bfloat16
d14-s7,14,7,d14-s7-s0-b72acf7ac59942dab902e26fa0b2c80d,native,curvature/e_sym_update,e_sym,update,1317,0.3503591380686353,0.006562347851596864,,torch.bfloat16
d14-s7,14,7,d14-s7-s0-b72acf7ac59942dab902e26fa0b2c80d,native,curvature/e_lin_update,e_lin,update,1317,0.3503591380686353,0.008184533252602398,,torch.bfloat16
d14-s7,14,7,d14-s7-s0-b72acf7ac59942dab902e26fa0b2c80d,native,curvature/verdict_code_update,verdict_code,update,1317,0.3503591380686353,2.0,,torch.bfloat16
d14-s7,14,7,d14-s7-s0-b72acf7ac59942dab902e26fa0b2c80d,shadow_fp32,curvature/e_sym_random,e_sym,random,1504,0.4001064112795956,1.7924393983214852e-06,hvp-shadow-fp32-ieee-v1,torch.float32
d14-s7,14,7,d14-s7-s0-b72acf7ac59942dab902e26fa0b2c80d,shadow_fp32,curvature/e_lin_random,e_lin,random,1504,0.4001064112795956,7.49845738732912e-07,hvp-shadow-fp32-ieee-v1,torch.float32
d14-s7,14,7,d14-s7-s0-b72acf7ac59942dab902e26fa0b2c80d,shadow_fp32,curvature/verdict_code_random,verdict_code,random,1504,0.4001064112795956,1.0,hvp-shadow-fp32-ieee-v1,torch.float32
d14-s7,14,7,d14-s7-s0-b72acf7ac59942dab902e26fa0b2c80d,shadow_fp32,curvature/e_sym_gradient,e_sym,gradient,1504,0.4001064112795956,4.7481350016847215e-07,hvp-shadow-fp32-ieee-v1,torch.float32
d14-s7,14,7,d14-s7-s0-b72acf7ac59942dab902e26fa0b2c80d,shadow_fp32,curvature/e_lin_gradient,e_lin,gradient,1504,0.4001064112795956,4.4180187621554625e-07,hvp-shadow-fp32-ieee-v1,torch.float32
d14-s7,14,7,d14-s7-s0-b72acf7ac59942dab902e26fa0b2c80d,shadow_fp32,curvature/verdict_code_gradient,verdict_code,gradient,1504,0.4001064112795956,0.0,hvp-shadow-fp32-ieee-v1,torch.float32
d14-s7,14,7,d14-s7-s0-b72acf7ac59942dab902e26fa0b2c80d,shadow_fp32,curvature/e_sym_update,e_sym,update,1504,0.4001064112795956,1.959035150043268e-06,hvp-shadow-fp32-ieee-v1,torch.float32
d14-s7,14,7,d14-s7-s0-b72acf7ac59942dab902e26fa0b2c80d,shadow_fp32,curvature/e_lin_update,e_lin,update,1504,0.4001064112795956,8.015797170426534e-07,hvp-shadow-fp32-ieee-v1,torch.float32
d14-s7,14,7,d14-s7-s0-b72acf7ac59942dab902e26fa0b2c80d,shadow_fp32,curvature/verdict_code_update,verdict_code,update,1504,0.4001064112795956,1.0,hvp-shadow-fp32-ieee-v1,torch.float32
d14-s7,14,7,d14-s7-s0-b72acf7ac59942dab902e26fa0b2c80d,native,curvature/e_sym_random,e_sym,random,1504,0.4001064112795956,0.0021643655041868643,,torch.bfloat16
d14-s7,14,7,d14-s7-s0-b72acf7ac59942dab902e26fa0b2c80d,native,curvature/e_lin_random,e_lin,random,1504,0.4001064112795956,0.00787282668663791,,torch.bfloat16
d14-s7,14,7,d14-s7-s0-b72acf7ac59942dab902e26fa0b2c80d,native,curvature/verdict_code_random,verdict_code,random,1504,0.4001064112795956,2.0,,torch.bfloat16
d14-s7,14,7,d14-s7-s0-b72acf7ac59942dab902e26fa0b2c80d,native,curvature/e_sym_gradient,e_sym,gradient,1504,0.4001064112795956,0.008405573785559164,,torch.bfloat16
d14-s7,14,7,d14-s7-s0-b72acf7ac59942dab902e26fa0b2c80d,native,curvature/e_lin_gradient,e_lin,gradient,1504,0.4001064112795956,0.004129645958415714,,torch.bfloat16
d14-s7,14,7,d14-s7-s0-b72acf7ac59942dab902e26fa0b2c80d,native,curvature/verdict_code_gradient,verdict_code,gradient,1504,0.4001064112795956,2.0,,torch.bfloat16
d14-s7,14,7,d14-s7-s0-b72acf7ac59942dab902e26fa0b2c80d,native,curvature/e_sym_update,e_sym,update,1504,0.4001064112795956,0.016920318929699914,,torch.bfloat16
d14-s7,14,7,d14-s7-s0-b72acf7ac59942dab902e26fa0b2c80d,native,curvature/e_lin_update,e_lin,update,1504,0.4001064112795956,0.007810231862421084,,torch.bfloat16
d14-s7,14,7,d14-s7-s0-b72acf7ac59942dab902e26fa0b2c80d,native,curvature/verdict_code_update,verdict_code,update,1504,0.4001064112795956,2.0,,torch.bfloat16
d14-s7,14,7,d14-s7-s0-b72acf7ac59942dab902e26fa0b2c80d,shadow_fp32,curvature/e_sym_random,e_sym,random,1692,0.4501197126895451,1.2296885231276653e-06,hvp-shadow-fp32-ieee-v1,torch.float32
d14-s7,14,7,d14-s7-s0-b72acf7ac59942dab902e26fa0b2c80d,shadow_fp32,curvature/e_lin_random,e_lin,random,1692,0.4501197126895451,7.672676282280453e-07,hvp-shadow-fp32-ieee-v1,torch.float32
d14-s7,14,7,d14-s7-s0-b72acf7ac59942dab902e26fa0b2c80d,shadow_fp32,curvature/verdict_code_random,verdict_code,random,1692,0.4501197126895451,1.0,hvp-shadow-fp32-ieee-v1,torch.float32
d14-s7,14,7,d14-s7-s0-b72acf7ac59942dab902e26fa0b2c80d,shadow_fp32,curvature/e_sym_gradient,e_sym,gradient,1692,0.4501197126895451,8.321991726897917e-07,hvp-shadow-fp32-ieee-v1,torch.float32
d14-s7,14,7,d14-s7-s0-b72acf7ac59942dab902e26fa0b2c80d,shadow_fp32,curvature/e_lin_gradient,e_lin,gradient,1692,0.4501197126895451,4.3737644205193066e-07,hvp-shadow-fp32-ieee-v1,torch.float32
d14-s7,14,7,d14-s7-s0-b72acf7ac59942dab902e26fa0b2c80d,shadow_fp32,curvature/verdict_code_gradient,verdict_code,gradient,1692,0.4501197126895451,0.0,hvp-shadow-fp32-ieee-v1,torch.float32
d14-s7,14,7,d14-s7-s0-b72acf7ac59942dab902e26fa0b2c80d,shadow_fp32,curvature/e_sym_update,e_sym,update,1692,0.4501197126895451,1.4831410056996321e-05,hvp-shadow-fp32-ieee-v1,torch.float32
d14-s7,14,7,d14-s7-s0-b72acf7ac59942dab902e26fa0b2c80d,shadow_fp32,curvature/e_lin_update,e_lin,update,1692,0.4501197126895451,8.462183190071726e-07,hvp-shadow-fp32-ieee-v1,torch.float32
d14-s7,14,7,d14-s7-s0-b72acf7ac59942dab902e26fa0b2c80d,shadow_fp32,curvature/verdict_code_update,verdict_code,update,1692,0.4501197126895451,1.0,hvp-shadow-fp32-ieee-v1,torch.float32
d14-s7,14,7,d14-s7-s0-b72acf7ac59942dab902e26fa0b2c80d,native,curvature/e_sym_random,e_sym,random,1692,0.4501197126895451,0.008158782991806005,,torch.bfloat16
d14-s7,14,7,d14-s7-s0-b72acf7ac59942dab902e26fa0b2c80d,native,curvature/e_lin_random,e_lin,random,1692,0.4501197126895451,0.007779484018343361,,torch.bfloat16
d14-s7,14,7,d14-s7-s0-b72acf7ac59942dab902e26fa0b2c80d,native,curvature/verdict_code_random,verdict_code,random,1692,0.4501197126895451,2.0,,torch.bfloat16
d14-s7,14,7,d14-s7-s0-b72acf7ac59942dab902e26fa0b2c80d,native,curvature/e_sym_gradient,e_sym,gradient,1692,0.4501197126895451,0.0039526623038931685,,torch.bfloat16
d14-s7,14,7,d14-s7-s0-b72acf7ac59942dab902e26fa0b2c80d,native,curvature/e_lin_gradient,e_lin,gradient,1692,0.4501197126895451,0.004129079591407606,,torch.bfloat16
d14-s7,14,7,d14-s7-s0-b72acf7ac59942dab902e26fa0b2c80d,native,curvature/verdict_code_gradient,verdict_code,gradient,1692,0.4501197126895451,2.0,,torch.bfloat16
d14-s7,14,7,d14-s7-s0-b72acf7ac59942dab902e26fa0b2c80d,native,curvature/e_sym_update,e_sym,update,1692,0.4501197126895451,0.029690533968372,,torch.bfloat16
d14-s7,14,7,d14-s7-s0-b72acf7ac59942dab902e26fa0b2c80d,native,curvature/e_lin_update,e_lin,update,1692,0.4501197126895451,0.0077132551307299985,,torch.bfloat16
d14-s7,14,7,d14-s7-s0-b72acf7ac59942dab902e26fa0b2c80d,native,curvature/verdict_code_update,verdict_code,update,1692,0.4501197126895451,2.0,,torch.bfloat16
d14-s7,14,7,d14-s7-s0-b72acf7ac59942dab902e26fa0b2c80d,shadow_fp32,curvature/e_sym_random,e_sym,random,1880,0.5001330140994945,0.00012017614608280377,hvp-shadow-fp32-ieee-v1,torch.float32
d14-s7,14,7,d14-s7-s0-b72acf7ac59942dab902e26fa0b2c80d,shadow_fp32,curvature/e_lin_random,e_lin,random,1880,0.5001330140994945,7.554356866660021e-07,hvp-shadow-fp32-ieee-v1,torch.float32
d14-s7,14,7,d14-s7-s0-b72acf7ac59942dab902e26fa0b2c80d,shadow_fp32,curvature/verdict_code_random,verdict_code,random,1880,0.5001330140994945,2.0,hvp-shadow-fp32-ieee-v1,torch.float32
d14-s7,14,7,d14-s7-s0-b72acf7ac59942dab902e26fa0b2c80d,shadow_fp32,curvature/e_sym_gradient,e_sym,gradient,1880,0.5001330140994945,8.253417737674046e-07,hvp-shadow-fp32-ieee-v1,torch.float32
d14-s7,14,7,d14-s7-s0-b72acf7ac59942dab902e26fa0b2c80d,shadow_fp32,curvature/e_lin_gradient,e_lin,gradient,1880,0.5001330140994945,4.19982114833568e-07,hvp-shadow-fp32-ieee-v1,torch.float32
d14-s7,14,7,d14-s7-s0-b72acf7ac59942dab902e26fa0b2c80d,shadow_fp32,curvature/verdict_code_gradient,verdict_code,gradient,1880,0.5001330140994945,0.0,hvp-shadow-fp32-ieee-v1,torch.float32
d14-s7,14,7,d14-s7-s0-b72acf7ac59942dab902e26fa0b2c80d,shadow_fp32,curvature/e_sym_update,e_sym,update,1880,0.5001330140994945,1.0778763140721246e-06,hvp-shadow-fp32-ieee-v1,torch.float32
d14-s7,14,7,d14-s7-s0-b72acf7ac59942dab902e26fa0b2c80d,shadow_fp32,curvature/e_lin_update,e_lin,update,1880,0.5001330140994945,8.827072248863911e-07,hvp-shadow-fp32-ieee-v1,torch.float32
d14-s7,14,7,d14-s7-s0-b72acf7ac59942dab902e26fa0b2c80d,shadow_fp32,curvature/verdict_code_update,verdict_code,update,1880,0.5001330140994945,1.0,hvp-shadow-fp32-ieee-v1,torch.float32
d14-s7,14,7,d14-s7-s0-b72acf7ac59942dab902e26fa0b2c80d,native,curvature/e_sym_random,e_sym,random,1880,0.5001330140994945,0.3025686036939006,,torch.bfloat16
d14-s7,14,7,d14-s7-s0-b72acf7ac59942dab902e26fa0b2c80d,native,curvature/e_lin_random,e_lin,random,1880,0.5001330140994945,0.007339462134624683,,torch.bfloat16
d14-s7,14,7,d14-s7-s0-b72acf7ac59942dab902e26fa0b2c80d,native,curvature/verdict_code_random,verdict_code,random,1880,0.5001330140994945,2.0,,torch.bfloat16
d14-s7,14,7,d14-s7-s0-b72acf7ac59942dab902e26fa0b2c80d,native,curvature/e_sym_gradient,e_sym,gradient,1880,0.5001330140994945,0.0007027439664100533,,torch.bfloat16
d14-s7,14,7,d14-s7-s0-b72acf7ac59942dab902e26fa0b2c80d,native,curvature/e_lin_gradient,e_lin,gradient,1880,0.5001330140994945,0.004293801722325249,,torch.bfloat16
d14-s7,14,7,d14-s7-s0-b72acf7ac59942dab902e26fa0b2c80d,native,curvature/verdict_code_gradient,verdict_code,gradient,1880,0.5001330140994945,2.0,,torch.bfloat16
d14-s7,14,7,d14-s7-s0-b72acf7ac59942dab902e26fa0b2c80d,native,curvature/e_sym_update,e_sym,update,1880,0.5001330140994945,0.00010146157344568106,,torch.bfloat16
d14-s7,14,7,d14-s7-s0-b72acf7ac59942dab902e26fa0b2c80d,native,curvature/e_lin_update,e_lin,update,1880,0.5001330140994945,0.006595747158020872,,torch.bfloat16
d14-s7,14,7,d14-s7-s0-b72acf7ac59942dab902e26fa0b2c80d,native,curvature/verdict_code_update,verdict_code,update,1880,0.5001330140994945,2.0,,torch.bfloat16
d14-s7,14,7,d14-s7-s0-b72acf7ac59942dab902e26fa0b2c80d,shadow_fp32,curvature/e_sym_random,e_sym,random,2068,0.550146315509444,4.700279368789812e-06,hvp-shadow-fp32-ieee-v1,torch.float32
d14-s7,14,7,d14-s7-s0-b72acf7ac59942dab902e26fa0b2c80d,shadow_fp32,curvature/e_lin_random,e_lin,random,2068,0.550146315509444,7.403905415634821e-07,hvp-shadow-fp32-ieee-v1,torch.float32
d14-s7,14,7,d14-s7-s0-b72acf7ac59942dab902e26fa0b2c80d,shadow_fp32,curvature/verdict_code_random,verdict_code,random,2068,0.550146315509444,1.0,hvp-shadow-fp32-ieee-v1,torch.float32
d14-s7,14,7,d14-s7-s0-b72acf7ac59942dab902e26fa0b2c80d,shadow_fp32,curvature/e_sym_gradient,e_sym,gradient,2068,0.550146315509444,1.0147364618523407e-06,hvp-shadow-fp32-ieee-v1,torch.float32
d14-s7,14,7,d14-s7-s0-b72acf7ac59942dab902e26fa0b2c80d,shadow_fp32,curvature/e_lin_gradient,e_lin,gradient,2068,0.550146315509444,4.648876628314589e-07,hvp-shadow-fp32-ieee-v1,torch.float32
d14-s7,14,7,d14-s7-s0-b72acf7ac59942dab902e26fa0b2c80d,shadow_fp32,curvature/verdict_code_gradient,verdict_code,gradient,2068,0.550146315509444,0.0,hvp-shadow-fp32-ieee-v1,torch.float32
d14-s7,14,7,d14-s7-s0-b72acf7ac59942dab902e26fa0b2c80d,shadow_fp32,curvature/e_sym_update,e_sym,update,2068,0.550146315509444,4.229600750974108e-05,hvp-shadow-fp32-ieee-v1,torch.float32
d14-s7,14,7,d14-s7-s0-b72acf7ac59942dab902e26fa0b2c80d,shadow_fp32,curvature/e_lin_update,e_lin,update,2068,0.550146315509444,8.146905406368931e-07,hvp-shadow-fp32-ieee-v1,torch.float32
d14-s7,14,7,d14-s7-s0-b72acf7ac59942dab902e26fa0b2c80d,shadow_fp32,curvature/verdict_code_update,verdict_code,update,2068,0.550146315509444,1.0,hvp-shadow-fp32-ieee-v1,torch.float32
d14-s7,14,7,d14-s7-s0-b72acf7ac59942dab902e26fa0b2c80d,native,curvature/e_sym_random,e_sym,random,2068,0.550146315509444,0.0034177156841624285,,torch.bfloat16
d14-s7,14,7,d14-s7-s0-b72acf7ac59942dab902e26fa0b2c80d,native,curvature/e_lin_random,e_lin,random,2068,0.550146315509444,0.006910383672134958,,torch.bfloat16
d14-s7,14,7,d14-s7-s0-b72acf7ac59942dab902e26fa0b2c80d,native,curvature/verdict_code_random,verdict_code,random,2068,0.550146315509444,2.0,,torch.bfloat16
d14-s7,14,7,d14-s7-s0-b72acf7ac59942dab902e26fa0b2c80d,native,curvature/e_sym_gradient,e_sym,gradient,2068,0.550146315509444,0.0001837049447339326,,torch.bfloat16
d14-s7,14,7,d14-s7-s0-b72acf7ac59942dab902e26fa0b2c80d,native,curvature/e_lin_gradient,e_lin,gradient,2068,0.550146315509444,0.004107155150712361,,torch.bfloat16
d14-s7,14,7,d14-s7-s0-b72acf7ac59942dab902e26fa0b2c80d,native,curvature/verdict_code_gradient,verdict_code,gradient,2068,0.550146315509444,2.0,,torch.bfloat16
d14-s7,14,7,d14-s7-s0-b72acf7ac59942dab902e26fa0b2c80d,native,curvature/e_sym_update,e_sym,update,2068,0.550146315509444,0.03127989102420336,,torch.bfloat16
d14-s7,14,7,d14-s7-s0-b72acf7ac59942dab902e26fa0b2c80d,native,curvature/e_lin_update,e_lin,update,2068,0.550146315509444,0.007410625535251682,,torch.bfloat16
d14-s7,14,7,d14-s7-s0-b72acf7ac59942dab902e26fa0b2c80d,native,curvature/verdict_code_update,verdict_code,update,2068,0.550146315509444,2.0,,torch.bfloat16
d14-s7,14,7,d14-s7-s0-b72acf7ac59942dab902e26fa0b2c80d,shadow_fp32,curvature/e_sym_random,e_sym,random,2256,0.6001596169193935,1.0010875327287e-06,hvp-shadow-fp32-ieee-v1,torch.float32
d14-s7,14,7,d14-s7-s0-b72acf7ac59942dab902e26fa0b2c80d,shadow_fp32,curvature/e_lin_random,e_lin,random,2256,0.6001596169193935,6.91924702280622e-07,hvp-shadow-fp32-ieee-v1,torch.float32
d14-s7,14,7,d14-s7-s0-b72acf7ac59942dab902e26fa0b2c80d,shadow_fp32,curvature/verdict_code_random,verdict_code,random,2256,0.6001596169193935,1.0,hvp-shadow-fp32-ieee-v1,torch.float32
d14-s7,14,7,d14-s7-s0-b72acf7ac59942dab902e26fa0b2c80d,shadow_fp32,curvature/e_sym_gradient,e_sym,gradient,2256,0.6001596169193935,1.4818510635449888e-06,hvp-shadow-fp32-ieee-v1,torch.float32
d14-s7,14,7,d14-s7-s0-b72acf7ac59942dab902e26fa0b2c80d,shadow_fp32,curvature/e_lin_gradient,e_lin,gradient,2256,0.6001596169193935,4.5555988920941297e-07,hvp-shadow-fp32-ieee-v1,torch.float32
d14-s7,14,7,d14-s7-s0-b72acf7ac59942dab902e26fa0b2c80d,shadow_fp32,curvature/verdict_code_gradient,verdict_code,gradient,2256,0.6001596169193935,0.0,hvp-shadow-fp32-ieee-v1,torch.float32
d14-s7,14,7,d14-s7-s0-b72acf7ac59942dab902e26fa0b2c80d,shadow_fp32,curvature/e_sym_update,e_sym,update,2256,0.6001596169193935,7.181009433275635e-06,hvp-shadow-fp32-ieee-v1,torch.float32
d14-s7,14,7,d14-s7-s0-b72acf7ac59942dab902e26fa0b2c80d,shadow_fp32,curvature/e_lin_update,e_lin,update,2256,0.6001596169193935,8.229866658188135e-07,hvp-shadow-fp32-ieee-v1,torch.float32
d14-s7,14,7,d14-s7-s0-b72acf7ac59942dab902e26fa0b2c80d,shadow_fp32,curvature/verdict_code_update,verdict_code,update,2256,0.6001596169193935,1.0,hvp-shadow-fp32-ieee-v1,torch.float32
d14-s7,14,7,d14-s7-s0-b72acf7ac59942dab902e26fa0b2c80d,native,curvature/e_sym_random,e_sym,random,2256,0.6001596169193935,0.002587697184418863,,torch.bfloat16
d14-s7,14,7,d14-s7-s0-b72acf7ac59942dab902e26fa0b2c80d,native,curvature/e_lin_random,e_lin,random,2256,0.6001596169193935,0.0070678895613198785,,torch.bfloat16
d14-s7,14,7,d14-s7-s0-b72acf7ac59942dab902e26fa0b2c80d,native,curvature/verdict_code_random,verdict_code,random,2256,0.6001596169193935,2.0,,torch.bfloat16
d14-s7,14,7,d14-s7-s0-b72acf7ac59942dab902e26fa0b2c80d,native,curvature/e_sym_gradient,e_sym,gradient,2256,0.6001596169193935,0.004562840399118063,,torch.bfloat16
d14-s7,14,7,d14-s7-s0-b72acf7ac59942dab902e26fa0b2c80d,native,curvature/e_lin_gradient,e_lin,gradient,2256,0.6001596169193935,0.004254179602902562,,torch.bfloat16
d14-s7,14,7,d14-s7-s0-b72acf7ac59942dab902e26fa0b2c80d,native,curvature/verdict_code_gradient,verdict_code,gradient,2256,0.6001596169193935,2.0,,torch.bfloat16
d14-s7,14,7,d14-s7-s0-b72acf7ac59942dab902e26fa0b2c80d,native,curvature/e_sym_update,e_sym,update,2256,0.6001596169193935,0.0006983260104639438,,torch.bfloat16
d14-s7,14,7,d14-s7-s0-b72acf7ac59942dab902e26fa0b2c80d,native,curvature/e_lin_update,e_lin,update,2256,0.6001596169193935,0.008197776152611786,,torch.bfloat16
d14-s7,14,7,d14-s7-s0-b72acf7ac59942dab902e26fa0b2c80d,native,curvature/verdict_code_update,verdict_code,update,2256,0.6001596169193935,2.0,,torch.bfloat16
d14-s7,14,7,d14-s7-s0-b72acf7ac59942dab902e26fa0b2c80d,shadow_fp32,curvature/e_sym_random,e_sym,random,2444,0.6501729183293429,4.679076539391272e-06,hvp-shadow-fp32-ieee-v1,torch.float32
d14-s7,14,7,d14-s7-s0-b72acf7ac59942dab902e26fa0b2c80d,shadow_fp32,curvature/e_lin_random,e_lin,random,2444,0.6501729183293429,7.03519259240604e-07,hvp-shadow-fp32-ieee-v1,torch.float32
d14-s7,14,7,d14-s7-s0-b72acf7ac59942dab902e26fa0b2c80d,shadow_fp32,curvature/verdict_code_random,verdict_code,random,2444,0.6501729183293429,1.0,hvp-shadow-fp32-ieee-v1,torch.float32
d14-s7,14,7,d14-s7-s0-b72acf7ac59942dab902e26fa0b2c80d,shadow_fp32,curvature/e_sym_gradient,e_sym,gradient,2444,0.6501729183293429,1.7125329326345706e-07,hvp-shadow-fp32-ieee-v1,torch.float32
d14-s7,14,7,d14-s7-s0-b72acf7ac59942dab902e26fa0b2c80d,shadow_fp32,curvature/e_lin_gradient,e_lin,gradient,2444,0.6501729183293429,4.644957350581885e-07,hvp-shadow-fp32-ieee-v1,torch.float32
d14-s7,14,7,d14-s7-s0-b72acf7ac59942dab902e26fa0b2c80d,shadow_fp32,curvature/verdict_code_gradient,verdict_code,gradient,2444,0.6501729183293429,0.0,hvp-shadow-fp32-ieee-v1,torch.float32
d14-s7,14,7,d14-s7-s0-b72acf7ac59942dab902e26fa0b2c80d,shadow_fp32,curvature/e_sym_update,e_sym,update,2444,0.6501729183293429,9.249084137720292e-06,hvp-shadow-fp32-ieee-v1,torch.float32
d14-s7,14,7,d14-s7-s0-b72acf7ac59942dab902e26fa0b2c80d,shadow_fp32,curvature/e_lin_update,e_lin,update,2444,0.6501729183293429,7.447670076829629e-07,hvp-shadow-fp32-ieee-v1,torch.float32
d14-s7,14,7,d14-s7-s0-b72acf7ac59942dab902e26fa0b2c80d,shadow_fp32,curvature/verdict_code_update,verdict_code,update,2444,0.6501729183293429,1.0,hvp-shadow-fp32-ieee-v1,torch.float32
d14-s7,14,7,d14-s7-s0-b72acf7ac59942dab902e26fa0b2c80d,native,curvature/e_sym_random,e_sym,random,2444,0.6501729183293429,0.004063350511937247,,torch.bfloat16
d14-s7,14,7,d14-s7-s0-b72acf7ac59942dab902e26fa0b2c80d,native,curvature/e_lin_random,e_lin,random,2444,0.6501729183293429,0.00770657642513661,,torch.bfloat16
d14-s7,14,7,d14-s7-s0-b72acf7ac59942dab902e26fa0b2c80d,native,curvature/verdict_code_random,verdict_code,random,2444,0.6501729183293429,2.0,,torch.bfloat16
d14-s7,14,7,d14-s7-s0-b72acf7ac59942dab902e26fa0b2c80d,native,curvature/e_sym_gradient,e_sym,gradient,2444,0.6501729183293429,0.004018026239953143,,torch.bfloat16
d14-s7,14,7,d14-s7-s0-b72acf7ac59942dab902e26fa0b2c80d,native,curvature/e_lin_gradient,e_lin,gradient,2444,0.6501729183293429,0.004251158561948024,,torch.bfloat16
d14-s7,14,7,d14-s7-s0-b72acf7ac59942dab902e26fa0b2c80d,native,curvature/verdict_code_gradient,verdict_code,gradient,2444,0.6501729183293429,2.0,,torch.bfloat16
d14-s7,14,7,d14-s7-s0-b72acf7ac59942dab902e26fa0b2c80d,native,curvature/e_sym_update,e_sym,update,2444,0.6501729183293429,0.017540724995622006,,torch.bfloat16
d14-s7,14,7,d14-s7-s0-b72acf7ac59942dab902e26fa0b2c80d,native,curvature/e_lin_update,e_lin,update,2444,0.6501729183293429,0.007975905865075674,,torch.bfloat16
d14-s7,14,7,d14-s7-s0-b72acf7ac59942dab902e26fa0b2c80d,native,curvature/verdict_code_update,verdict_code,update,2444,0.6501729183293429,2.0,,torch.bfloat16
d14-s7,14,7,d14-s7-s0-b72acf7ac59942dab902e26fa0b2c80d,shadow_fp32,curvature/e_sym_random,e_sym,random,2632,0.7001862197392924,1.2409891923539557e-05,hvp-shadow-fp32-ieee-v1,torch.float32
d14-s7,14,7,d14-s7-s0-b72acf7ac59942dab902e26fa0b2c80d,shadow_fp32,curvature/e_lin_random,e_lin,random,2632,0.7001862197392924,7.73695124545119e-07,hvp-shadow-fp32-ieee-v1,torch.float32
d14-s7,14,7,d14-s7-s0-b72acf7ac59942dab902e26fa0b2c80d,shadow_fp32,curvature/verdict_code_random,verdict_code,random,2632,0.7001862197392924,1.0,hvp-shadow-fp32-ieee-v1,torch.float32
d14-s7,14,7,d14-s7-s0-b72acf7ac59942dab902e26fa0b2c80d,shadow_fp32,curvature/e_sym_gradient,e_sym,gradient,2632,0.7001862197392924,5.164413356928228e-07,hvp-shadow-fp32-ieee-v1,torch.float32
d14-s7,14,7,d14-s7-s0-b72acf7ac59942dab902e26fa0b2c80d,shadow_fp32,curvature/e_lin_gradient,e_lin,gradient,2632,0.7001862197392924,4.4189636601094484e-07,hvp-shadow-fp32-ieee-v1,torch.float32
d14-s7,14,7,d14-s7-s0-b72acf7ac59942dab902e26fa0b2c80d,shadow_fp32,curvature/verdict_code_gradient,verdict_code,gradient,2632,0.7001862197392924,0.0,hvp-shadow-fp32-ieee-v1,torch.float32
d14-s7,14,7,d14-s7-s0-b72acf7ac59942dab902e26fa0b2c80d,shadow_fp32,curvature/e_sym_update,e_sym,update,2632,0.7001862197392924,8.033780739233975e-07,hvp-shadow-fp32-ieee-v1,torch.float32
d14-s7,14,7,d14-s7-s0-b72acf7ac59942dab902e26fa0b2c80d,shadow_fp32,curvature/e_lin_update,e_lin,update,2632,0.7001862197392924,7.682930773074968e-07,hvp-shadow-fp32-ieee-v1,torch.float32
d14-s7,14,7,d14-s7-s0-b72acf7ac59942dab902e26fa0b2c80d,shadow_fp32,curvature/verdict_code_update,verdict_code,update,2632,0.7001862197392924,1.0,hvp-shadow-fp32-ieee-v1,torch.float32
d14-s7,14,7,d14-s7-s0-b72acf7ac59942dab902e26fa0b2c80d,native,curvature/e_sym_random,e_sym,random,2632,0.7001862197392924,0.02725684250710223,,torch.bfloat16
d14-s7,14,7,d14-s7-s0-b72acf7ac59942dab902e26fa0b2c80d,native,curvature/e_lin_random,e_lin,random,2632,0.7001862197392924,0.007291358658314483,,torch.bfloat16
d14-s7,14,7,d14-s7-s0-b72acf7ac59942dab902e26fa0b2c80d,native,curvature/verdict_code_random,verdict_code,random,2632,0.7001862197392924,2.0,,torch.bfloat16
d14-s7,14,7,d14-s7-s0-b72acf7ac59942dab902e26fa0b2c80d,native,curvature/e_sym_gradient,e_sym,gradient,2632,0.7001862197392924,0.0008168000381966039,,torch.bfloat16
d14-s7,14,7,d14-s7-s0-b72acf7ac59942dab902e26fa0b2c80d,native,curvature/e_lin_gradient,e_lin,gradient,2632,0.7001862197392924,0.0040382243733064595,,torch.bfloat16
d14-s7,14,7,d14-s7-s0-b72acf7ac59942dab902e26fa0b2c80d,native,curvature/verdict_code_gradient,verdict_code,gradient,2632,0.7001862197392924,2.0,,torch.bfloat16
d14-s7,14,7,d14-s7-s0-b72acf7ac59942dab902e26fa0b2c80d,native,curvature/e_sym_update,e_sym,update,2632,0.7001862197392924,0.009228831890191183,,torch.bfloat16
d14-s7,14,7,d14-s7-s0-b72acf7ac59942dab902e26fa0b2c80d,native,curvature/e_lin_update,e_lin,update,2632,0.7001862197392924,0.007277486090134209,,torch.bfloat16
d14-s7,14,7,d14-s7-s0-b72acf7ac59942dab902e26fa0b2c80d,native,curvature/verdict_code_update,verdict_code,update,2632,0.7001862197392924,2.0,,torch.bfloat16
d14-s7,14,7,d14-s7-s0-b72acf7ac59942dab902e26fa0b2c80d,shadow_fp32,curvature/e_sym_random,e_sym,random,2820,0.7501995211492418,3.3106692932652465e-05,hvp-shadow-fp32-ieee-v1,torch.float32
d14-s7,14,7,d14-s7-s0-b72acf7ac59942dab902e26fa0b2c80d,shadow_fp32,curvature/e_lin_random,e_lin,random,2820,0.7501995211492418,7.254220323001992e-07,hvp-shadow-fp32-ieee-v1,torch.float32
d14-s7,14,7,d14-s7-s0-b72acf7ac59942dab902e26fa0b2c80d,shadow_fp32,curvature/verdict_code_random,verdict_code,random,2820,0.7501995211492418,1.0,hvp-shadow-fp32-ieee-v1,torch.float32
d14-s7,14,7,d14-s7-s0-b72acf7ac59942dab902e26fa0b2c80d,shadow_fp32,curvature/e_sym_gradient,e_sym,gradient,2820,0.7501995211492418,2.1885547521158947e-06,hvp-shadow-fp32-ieee-v1,torch.float32
d14-s7,14,7,d14-s7-s0-b72acf7ac59942dab902e26fa0b2c80d,shadow_fp32,curvature/e_lin_gradient,e_lin,gradient,2820,0.7501995211492418,5.090084115850417e-07,hvp-shadow-fp32-ieee-v1,torch.float32
d14-s7,14,7,d14-s7-s0-b72acf7ac59942dab902e26fa0b2c80d,shadow_fp32,curvature/verdict_code_gradient,verdict_code,gradient,2820,0.7501995211492418,0.0,hvp-shadow-fp32-ieee-v1,torch.float32
d14-s7,14,7,d14-s7-s0-b72acf7ac59942dab902e26fa0b2c80d,shadow_fp32,curvature/e_sym_update,e_sym,update,2820,0.7501995211492418,1.957230564686432e-06,hvp-shadow-fp32-ieee-v1,torch.float32
d14-s7,14,7,d14-s7-s0-b72acf7ac59942dab902e26fa0b2c80d,shadow_fp32,curvature/e_lin_update,e_lin,update,2820,0.7501995211492418,9.264496589871309e-07,hvp-shadow-fp32-ieee-v1,torch.float32
d14-s7,14,7,d14-s7-s0-b72acf7ac59942dab902e26fa0b2c80d,shadow_fp32,curvature/verdict_code_update,verdict_code,update,2820,0.7501995211492418,1.0,hvp-shadow-fp32-ieee-v1,torch.float32
d14-s7,14,7,d14-s7-s0-b72acf7ac59942dab902e26fa0b2c80d,native,curvature/e_sym_random,e_sym,random,2820,0.7501995211492418,0.052784321538701856,,torch.bfloat16
d14-s7,14,7,d14-s7-s0-b72acf7ac59942dab902e26fa0b2c80d,native,curvature/e_lin_random,e_lin,random,2820,0.7501995211492418,0.006765496342907343,,torch.bfloat16
d14-s7,14,7,d14-s7-s0-b72acf7ac59942dab902e26fa0b2c80d,native,curvature/verdict_code_random,verdict_code,random,2820,0.7501995211492418,2.0,,torch.bfloat16
d14-s7,14,7,d14-s7-s0-b72acf7ac59942dab902e26fa0b2c80d,native,curvature/e_sym_gradient,e_sym,gradient,2820,0.7501995211492418,0.007133155184082239,,torch.bfloat16
d14-s7,14,7,d14-s7-s0-b72acf7ac59942dab902e26fa0b2c80d,native,curvature/e_lin_gradient,e_lin,gradient,2820,0.7501995211492418,0.0041859811189901945,,torch.bfloat16
d14-s7,14,7,d14-s7-s0-b72acf7ac59942dab902e26fa0b2c80d,native,curvature/verdict_code_gradient,verdict_code,gradient,2820,0.7501995211492418,2.0,,torch.bfloat16
d14-s7,14,7,d14-s7-s0-b72acf7ac59942dab902e26fa0b2c80d,native,curvature/e_sym_update,e_sym,update,2820,0.7501995211492418,0.005193964779037494,,torch.bfloat16
d14-s7,14,7,d14-s7-s0-b72acf7ac59942dab902e26fa0b2c80d,native,curvature/e_lin_update,e_lin,update,2820,0.7501995211492418,0.008391956615449392,,torch.bfloat16
d14-s7,14,7,d14-s7-s0-b72acf7ac59942dab902e26fa0b2c80d,native,curvature/verdict_code_update,verdict_code,update,2820,0.7501995211492418,2.0,,torch.bfloat16
d14-s7,14,7,d14-s7-s0-b72acf7ac59942dab902e26fa0b2c80d,shadow_fp32,curvature/e_sym_random,e_sym,random,3007,0.7999467943602022,0.0004692582970788827,hvp-shadow-fp32-ieee-v1,torch.float32
d14-s7,14,7,d14-s7-s0-b72acf7ac59942dab902e26fa0b2c80d,shadow_fp32,curvature/e_lin_random,e_lin,random,3007,0.7999467943602022,7.369397621711038e-07,hvp-shadow-fp32-ieee-v1,torch.float32
d14-s7,14,7,d14-s7-s0-b72acf7ac59942dab902e26fa0b2c80d,shadow_fp32,curvature/verdict_code_random,verdict_code,random,3007,0.7999467943602022,2.0,hvp-shadow-fp32-ieee-v1,torch.float32
d14-s7,14,7,d14-s7-s0-b72acf7ac59942dab902e26fa0b2c80d,shadow_fp32,curvature/e_sym_gradient,e_sym,gradient,3007,0.7999467943602022,6.333652342319724e-07,hvp-shadow-fp32-ieee-v1,torch.float32
d14-s7,14,7,d14-s7-s0-b72acf7ac59942dab902e26fa0b2c80d,shadow_fp32,curvature/e_lin_gradient,e_lin,gradient,3007,0.7999467943602022,4.446755493974844e-07,hvp-shadow-fp32-ieee-v1,torch.float32
d14-s7,14,7,d14-s7-s0-b72acf7ac59942dab902e26fa0b2c80d,shadow_fp32,curvature/verdict_code_gradient,verdict_code,gradient,3007,0.7999467943602022,0.0,hvp-shadow-fp32-ieee-v1,torch.float32
d14-s7,14,7,d14-s7-s0-b72acf7ac59942dab902e26fa0b2c80d,shadow_fp32,curvature/e_sym_update,e_sym,update,3007,0.7999467943602022,4.693004142769656e-06,hvp-shadow-fp32-ieee-v1,torch.float32
d14-s7,14,7,d14-s7-s0-b72acf7ac59942dab902e26fa0b2c80d,shadow_fp32,curvature/e_lin_update,e_lin,update,3007,0.7999467943602022,7.760937402988695e-07,hvp-shadow-fp32-ieee-v1,torch.float32
d14-s7,14,7,d14-s7-s0-b72acf7ac59942dab902e26fa0b2c80d,shadow_fp32,curvature/verdict_code_update,verdict_code,update,3007,0.7999467943602022,1.0,hvp-shadow-fp32-ieee-v1,torch.float32
d14-s7,14,7,d14-s7-s0-b72acf7ac59942dab902e26fa0b2c80d,native,curvature/e_sym_random,e_sym,random,3007,0.7999467943602022,1.124761517129816,,torch.bfloat16
d14-s7,14,7,d14-s7-s0-b72acf7ac59942dab902e26fa0b2c80d,native,curvature/e_lin_random,e_lin,random,3007,0.7999467943602022,0.0078103807845298565,,torch.bfloat16
d14-s7,14,7,d14-s7-s0-b72acf7ac59942dab902e26fa0b2c80d,native,curvature/verdict_code_random,verdict_code,random,3007,0.7999467943602022,2.0,,torch.bfloat16
d14-s7,14,7,d14-s7-s0-b72acf7ac59942dab902e26fa0b2c80d,native,curvature/e_sym_gradient,e_sym,gradient,3007,0.7999467943602022,0.003869108286449271,,torch.bfloat16
d14-s7,14,7,d14-s7-s0-b72acf7ac59942dab902e26fa0b2c80d,native,curvature/e_lin_gradient,e_lin,gradient,3007,0.7999467943602022,0.004815000710853472,,torch.bfloat16
d14-s7,14,7,d14-s7-s0-b72acf7ac59942dab902e26fa0b2c80d,native,curvature/verdict_code_gradient,verdict_code,gradient,3007,0.7999467943602022,2.0,,torch.bfloat16
d14-s7,14,7,d14-s7-s0-b72acf7ac59942dab902e26fa0b2c80d,native,curvature/e_sym_update,e_sym,update,3007,0.7999467943602022,0.016423613406164106,,torch.bfloat16
d14-s7,14,7,d14-s7-s0-b72acf7ac59942dab902e26fa0b2c80d,native,curvature/e_lin_update,e_lin,update,3007,0.7999467943602022,0.008134398300366405,,torch.bfloat16
d14-s7,14,7,d14-s7-s0-b72acf7ac59942dab902e26fa0b2c80d,native,curvature/verdict_code_update,verdict_code,update,3007,0.7999467943602022,2.0,,torch.bfloat16
d14-s7,14,7,d14-s7-s0-b72acf7ac59942dab902e26fa0b2c80d,shadow_fp32,curvature/e_sym_random,e_sym,random,3195,0.8499600957701516,1.5306049323673667e-05,hvp-shadow-fp32-ieee-v1,torch.float32
d14-s7,14,7,d14-s7-s0-b72acf7ac59942dab902e26fa0b2c80d,shadow_fp32,curvature/e_lin_random,e_lin,random,3195,0.8499600957701516,7.536773229108835e-07,hvp-shadow-fp32-ieee-v1,torch.float32
d14-s7,14,7,d14-s7-s0-b72acf7ac59942dab902e26fa0b2c80d,shadow_fp32,curvature/verdict_code_random,verdict_code,random,3195,0.8499600957701516,1.0,hvp-shadow-fp32-ieee-v1,torch.float32
d14-s7,14,7,d14-s7-s0-b72acf7ac59942dab902e26fa0b2c80d,shadow_fp32,curvature/e_sym_gradient,e_sym,gradient,3195,0.8499600957701516,9.305246808159052e-07,hvp-shadow-fp32-ieee-v1,torch.float32
d14-s7,14,7,d14-s7-s0-b72acf7ac59942dab902e26fa0b2c80d,shadow_fp32,curvature/e_lin_gradient,e_lin,gradient,3195,0.8499600957701516,4.578051472259668e-07,hvp-shadow-fp32-ieee-v1,torch.float32
d14-s7,14,7,d14-s7-s0-b72acf7ac59942dab902e26fa0b2c80d,shadow_fp32,curvature/verdict_code_gradient,verdict_code,gradient,3195,0.8499600957701516,0.0,hvp-shadow-fp32-ieee-v1,torch.float32
d14-s7,14,7,d14-s7-s0-b72acf7ac59942dab902e26fa0b2c80d,shadow_fp32,curvature/e_sym_update,e_sym,update,3195,0.8499600957701516,2.3032521660207624e-06,hvp-shadow-fp32-ieee-v1,torch.float32
d14-s7,14,7,d14-s7-s0-b72acf7ac59942dab902e26fa0b2c80d,shadow_fp32,curvature/e_lin_update,e_lin,update,3195,0.8499600957701516,8.407248787383385e-07,hvp-shadow-fp32-ieee-v1,torch.float32
d14-s7,14,7,d14-s7-s0-b72acf7ac59942dab902e26fa0b2c80d,shadow_fp32,curvature/verdict_code_update,verdict_code,update,3195,0.8499600957701516,1.0,hvp-shadow-fp32-ieee-v1,torch.float32
d14-s7,14,7,d14-s7-s0-b72acf7ac59942dab902e26fa0b2c80d,native,curvature/e_sym_random,e_sym,random,3195,0.8499600957701516,0.010357903958991204,,torch.bfloat16
d14-s7,14,7,d14-s7-s0-b72acf7ac59942dab902e26fa0b2c80d,native,curvature/e_lin_random,e_lin,random,3195,0.8499600957701516,0.007717311612011939,,torch.bfloat16
d14-s7,14,7,d14-s7-s0-b72acf7ac59942dab902e26fa0b2c80d,native,curvature/verdict_code_random,verdict_code,random,3195,0.8499600957701516,2.0,,torch.bfloat16
d14-s7,14,7,d14-s7-s0-b72acf7ac59942dab902e26fa0b2c80d,native,curvature/e_sym_gradient,e_sym,gradient,3195,0.8499600957701516,0.0019494977705555006,,torch.bfloat16
d14-s7,14,7,d14-s7-s0-b72acf7ac59942dab902e26fa0b2c80d,native,curvature/e_lin_gradient,e_lin,gradient,3195,0.8499600957701516,0.004094735200504825,,torch.bfloat16
d14-s7,14,7,d14-s7-s0-b72acf7ac59942dab902e26fa0b2c80d,native,curvature/verdict_code_gradient,verdict_code,gradient,3195,0.8499600957701516,2.0,,torch.bfloat16
d14-s7,14,7,d14-s7-s0-b72acf7ac59942dab902e26fa0b2c80d,native,curvature/e_sym_update,e_sym,update,3195,0.8499600957701516,0.0029728163467922755,,torch.bfloat16
d14-s7,14,7,d14-s7-s0-b72acf7ac59942dab902e26fa0b2c80d,native,curvature/e_lin_update,e_lin,update,3195,0.8499600957701516,0.008164921965718644,,torch.bfloat16
d14-s7,14,7,d14-s7-s0-b72acf7ac59942dab902e26fa0b2c80d,native,curvature/verdict_code_update,verdict_code,update,3195,0.8499600957701516,2.0,,torch.bfloat16
d14-s7,14,7,d14-s7-s0-b72acf7ac59942dab902e26fa0b2c80d,shadow_fp32,curvature/e_sym_random,e_sym,random,3383,0.899973397180101,7.990625016782426e-05,hvp-shadow-fp32-ieee-v1,torch.float32
d14-s7,14,7,d14-s7-s0-b72acf7ac59942dab902e26fa0b2c80d,shadow_fp32,curvature/e_lin_random,e_lin,random,3383,0.899973397180101,7.230281096062717e-07,hvp-shadow-fp32-ieee-v1,torch.float32
d14-s7,14,7,d14-s7-s0-b72acf7ac59942dab902e26fa0b2c80d,shadow_fp32,curvature/verdict_code_random,verdict_code,random,3383,0.899973397180101,1.0,hvp-shadow-fp32-ieee-v1,torch.float32
d14-s7,14,7,d14-s7-s0-b72acf7ac59942dab902e26fa0b2c80d,shadow_fp32,curvature/e_sym_gradient,e_sym,gradient,3383,0.899973397180101,1.5750086368887395e-06,hvp-shadow-fp32-ieee-v1,torch.float32
d14-s7,14,7,d14-s7-s0-b72acf7ac59942dab902e26fa0b2c80d,shadow_fp32,curvature/e_lin_gradient,e_lin,gradient,3383,0.899973397180101,4.5220942292091414e-07,hvp-shadow-fp32-ieee-v1,torch.float32
d14-s7,14,7,d14-s7-s0-b72acf7ac59942dab902e26fa0b2c80d,shadow_fp32,curvature/verdict_code_gradient,verdict_code,gradient,3383,0.899973397180101,0.0,hvp-shadow-fp32-ieee-v1,torch.float32
d14-s7,14,7,d14-s7-s0-b72acf7ac59942dab902e26fa0b2c80d,shadow_fp32,curvature/e_sym_update,e_sym,update,3383,0.899973397180101,6.07595226159841e-06,hvp-shadow-fp32-ieee-v1,torch.float32
d14-s7,14,7,d14-s7-s0-b72acf7ac59942dab902e26fa0b2c80d,shadow_fp32,curvature/e_lin_update,e_lin,update,3383,0.899973397180101,8.037268470964916e-07,hvp-shadow-fp32-ieee-v1,torch.float32
d14-s7,14,7,d14-s7-s0-b72acf7ac59942dab902e26fa0b2c80d,shadow_fp32,curvature/verdict_code_update,verdict_code,update,3383,0.899973397180101,1.0,hvp-shadow-fp32-ieee-v1,torch.float32
d14-s7,14,7,d14-s7-s0-b72acf7ac59942dab902e26fa0b2c80d,native,curvature/e_sym_random,e_sym,random,3383,0.899973397180101,0.09434027317394204,,torch.bfloat16
d14-s7,14,7,d14-s7-s0-b72acf7ac59942dab902e26fa0b2c80d,native,curvature/e_lin_random,e_lin,random,3383,0.899973397180101,0.007751510535687889,,torch.bfloat16
d14-s7,14,7,d14-s7-s0-b72acf7ac59942dab902e26fa0b2c80d,native,curvature/verdict_code_random,verdict_code,random,3383,0.899973397180101,2.0,,torch.bfloat16
d14-s7,14,7,d14-s7-s0-b72acf7ac59942dab902e26fa0b2c80d,native,curvature/e_sym_gradient,e_sym,gradient,3383,0.899973397180101,0.0005663100817866255,,torch.bfloat16
d14-s7,14,7,d14-s7-s0-b72acf7ac59942dab902e26fa0b2c80d,native,curvature/e_lin_gradient,e_lin,gradient,3383,0.899973397180101,0.004303105279588765,,torch.bfloat16
d14-s7,14,7,d14-s7-s0-b72acf7ac59942dab902e26fa0b2c80d,native,curvature/verdict_code_gradient,verdict_code,gradient,3383,0.899973397180101,2.0,,torch.bfloat16
d14-s7,14,7,d14-s7-s0-b72acf7ac59942dab902e26fa0b2c80d,native,curvature/e_sym_update,e_sym,update,3383,0.899973397180101,0.12184977451493284,,torch.bfloat16
d14-s7,14,7,d14-s7-s0-b72acf7ac59942dab902e26fa0b2c80d,native,curvature/e_lin_update,e_lin,update,3383,0.899973397180101,0.009025310606754534,,torch.bfloat16
d14-s7,14,7,d14-s7-s0-b72acf7ac59942dab902e26fa0b2c80d,native,curvature/verdict_code_update,verdict_code,update,3383,0.899973397180101,2.0,,torch.bfloat16
d14-s7,14,7,d14-s7-s0-b72acf7ac59942dab902e26fa0b2c80d,shadow_fp32,curvature/e_sym_random,e_sym,random,3571,0.9499866985900506,7.695132539660728e-06,hvp-shadow-fp32-ieee-v1,torch.float32
d14-s7,14,7,d14-s7-s0-b72acf7ac59942dab902e26fa0b2c80d,shadow_fp32,curvature/e_lin_random,e_lin,random,3571,0.9499866985900506,7.3262287691765e-07,hvp-shadow-fp32-ieee-v1,torch.float32
d14-s7,14,7,d14-s7-s0-b72acf7ac59942dab902e26fa0b2c80d,shadow_fp32,curvature/verdict_code_random,verdict_code,random,3571,0.9499866985900506,1.0,hvp-shadow-fp32-ieee-v1,torch.float32
d14-s7,14,7,d14-s7-s0-b72acf7ac59942dab902e26fa0b2c80d,shadow_fp32,curvature/e_sym_gradient,e_sym,gradient,3571,0.9499866985900506,1.0512780064158572e-06,hvp-shadow-fp32-ieee-v1,torch.float32
d14-s7,14,7,d14-s7-s0-b72acf7ac59942dab902e26fa0b2c80d,shadow_fp32,curvature/e_lin_gradient,e_lin,gradient,3571,0.9499866985900506,4.637391861086682e-07,hvp-shadow-fp32-ieee-v1,torch.float32
d14-s7,14,7,d14-s7-s0-b72acf7ac59942dab902e26fa0b2c80d,shadow_fp32,curvature/verdict_code_gradient,verdict_code,gradient,3571,0.9499866985900506,0.0,hvp-shadow-fp32-ieee-v1,torch.float32
d14-s7,14,7,d14-s7-s0-b72acf7ac59942dab902e26fa0b2c80d,shadow_fp32,curvature/e_sym_update,e_sym,update,3571,0.9499866985900506,2.3738504987943066e-07,hvp-shadow-fp32-ieee-v1,torch.float32
d14-s7,14,7,d14-s7-s0-b72acf7ac59942dab902e26fa0b2c80d,shadow_fp32,curvature/e_lin_update,e_lin,update,3571,0.9499866985900506,8.40405346243278e-07,hvp-shadow-fp32-ieee-v1,torch.float32
d14-s7,14,7,d14-s7-s0-b72acf7ac59942dab902e26fa0b2c80d,shadow_fp32,curvature/verdict_code_update,verdict_code,update,3571,0.9499866985900506,1.0,hvp-shadow-fp32-ieee-v1,torch.float32
d14-s7,14,7,d14-s7-s0-b72acf7ac59942dab902e26fa0b2c80d,native,curvature/e_sym_random,e_sym,random,3571,0.9499866985900506,0.040086087246351446,,torch.bfloat16
d14-s7,14,7,d14-s7-s0-b72acf7ac59942dab902e26fa0b2c80d,native,curvature/e_lin_random,e_lin,random,3571,0.9499866985900506,0.007675373649447071,,torch.bfloat16
d14-s7,14,7,d14-s7-s0-b72acf7ac59942dab902e26fa0b2c80d,native,curvature/verdict_code_random,verdict_code,random,3571,0.9499866985900506,2.0,,torch.bfloat16
d14-s7,14,7,d14-s7-s0-b72acf7ac59942dab902e26fa0b2c80d,native,curvature/e_sym_gradient,e_sym,gradient,3571,0.9499866985900506,0.0010897633628577778,,torch.bfloat16
d14-s7,14,7,d14-s7-s0-b72acf7ac59942dab902e26fa0b2c80d,native,curvature/e_lin_gradient,e_lin,gradient,3571,0.9499866985900506,0.00439307395386633,,torch.bfloat16
d14-s7,14,7,d14-s7-s0-b72acf7ac59942dab902e26fa0b2c80d,native,curvature/verdict_code_gradient,verdict_code,gradient,3571,0.9499866985900506,2.0,,torch.bfloat16
d14-s7,14,7,d14-s7-s0-b72acf7ac59942dab902e26fa0b2c80d,native,curvature/e_sym_update,e_sym,update,3571,0.9499866985900506,0.006746280203849969,,torch.bfloat16
d14-s7,14,7,d14-s7-s0-b72acf7ac59942dab902e26fa0b2c80d,native,curvature/e_lin_update,e_lin,update,3571,0.9499866985900506,0.008994075306099912,,torch.bfloat16
d14-s7,14,7,d14-s7-s0-b72acf7ac59942dab902e26fa0b2c80d,native,curvature/verdict_code_update,verdict_code,update,3571,0.9499866985900506,2.0,,torch.bfloat16
d14-s7,14,7,d14-s7-s0-b72acf7ac59942dab902e26fa0b2c80d,shadow_fp32,curvature/e_sym_random,e_sym,random,3759,1.0,1.275032104471851e-05,hvp-shadow-fp32-ieee-v1,torch.float32
d14-s7,14,7,d14-s7-s0-b72acf7ac59942dab902e26fa0b2c80d,shadow_fp32,curvature/e_lin_random,e_lin,random,3759,1.0,8.135813197643172e-07,hvp-shadow-fp32-ieee-v1,torch.float32
d14-s7,14,7,d14-s7-s0-b72acf7ac59942dab902e26fa0b2c80d,shadow_fp32,curvature/verdict_code_random,verdict_code,random,3759,1.0,1.0,hvp-shadow-fp32-ieee-v1,torch.float32
d14-s7,14,7,d14-s7-s0-b72acf7ac59942dab902e26fa0b2c80d,shadow_fp32,curvature/e_sym_gradient,e_sym,gradient,3759,1.0,1.4120009093954198e-06,hvp-shadow-fp32-ieee-v1,torch.float32
d14-s7,14,7,d14-s7-s0-b72acf7ac59942dab902e26fa0b2c80d,shadow_fp32,curvature/e_lin_gradient,e_lin,gradient,3759,1.0,4.6857443594753273e-07,hvp-shadow-fp32-ieee-v1,torch.float32
d14-s7,14,7,d14-s7-s0-b72acf7ac59942dab902e26fa0b2c80d,shadow_fp32,curvature/verdict_code_gradient,verdict_code,gradient,3759,1.0,0.0,hvp-shadow-fp32-ieee-v1,torch.float32
d14-s7,14,7,d14-s7-s0-b72acf7ac59942dab902e26fa0b2c80d,shadow_fp32,curvature/e_sym_update,e_sym,update,3759,1.0,6.518827286754566e-06,hvp-shadow-fp32-ieee-v1,torch.float32
d14-s7,14,7,d14-s7-s0-b72acf7ac59942dab902e26fa0b2c80d,shadow_fp32,curvature/e_lin_update,e_lin,update,3759,1.0,9.108028115236803e-07,hvp-shadow-fp32-ieee-v1,torch.float32
d14-s7,14,7,d14-s7-s0-b72acf7ac59942dab902e26fa0b2c80d,shadow_fp32,curvature/verdict_code_update,verdict_code,update,3759,1.0,1.0,hvp-shadow-fp32-ieee-v1,torch.float32
d14-s7,14,7,d14-s7-s0-b72acf7ac59942dab902e26fa0b2c80d,native,curvature/e_sym_random,e_sym,random,3759,1.0,0.02436570933389196,,torch.bfloat16
d14-s7,14,7,d14-s7-s0-b72acf7ac59942dab902e26fa0b2c80d,native,curvature/e_lin_random,e_lin,random,3759,1.0,0.008068555174543168,,torch.bfloat16
d14-s7,14,7,d14-s7-s0-b72acf7ac59942dab902e26fa0b2c80d,native,curvature/verdict_code_random,verdict_code,random,3759,1.0,2.0,,torch.bfloat16
d14-s7,14,7,d14-s7-s0-b72acf7ac59942dab902e26fa0b2c80d,native,curvature/e_sym_gradient,e_sym,gradient,3759,1.0,0.0014257267143503861,,torch.bfloat16
d14-s7,14,7,d14-s7-s0-b72acf7ac59942dab902e26fa0b2c80d,native,curvature/e_lin_gradient,e_lin,gradient,3759,1.0,0.004700443836575331,,torch.bfloat16
d14-s7,14,7,d14-s7-s0-b72acf7ac59942dab902e26fa0b2c80d,native,curvature/verdict_code_gradient,verdict_code,gradient,3759,1.0,2.0,,torch.bfloat16
d14-s7,14,7,d14-s7-s0-b72acf7ac59942dab902e26fa0b2c80d,native,curvature/e_sym_update,e_sym,update,3759,1.0,0.03751412275438465,,torch.bfloat16
d14-s7,14,7,d14-s7-s0-b72acf7ac59942dab902e26fa0b2c80d,native,curvature/e_lin_update,e_lin,update,3759,1.0,0.008957406834936388,,torch.bfloat16
d14-s7,14,7,d14-s7-s0-b72acf7ac59942dab902e26fa0b2c80d,native,curvature/verdict_code_update,verdict_code,update,3759,1.0,2.0,,torch.bfloat16
d16-s7,16,7,d16-s7-s0-8e0a39fc8f164343bd01ef6b915e849f,shadow_fp32,curvature/e_sym_random,e_sym,random,1,0.00018601190476190475,4.1075251600593735e-06,hvp-shadow-fp32-ieee-v1,torch.float32
d16-s7,16,7,d16-s7-s0-8e0a39fc8f164343bd01ef6b915e849f,shadow_fp32,curvature/e_lin_random,e_lin,random,1,0.00018601190476190475,9.16039491593937e-07,hvp-shadow-fp32-ieee-v1,torch.float32
d16-s7,16,7,d16-s7-s0-8e0a39fc8f164343bd01ef6b915e849f,shadow_fp32,curvature/verdict_code_random,verdict_code,random,1,0.00018601190476190475,1.0,hvp-shadow-fp32-ieee-v1,torch.float32
d16-s7,16,7,d16-s7-s0-8e0a39fc8f164343bd01ef6b915e849f,shadow_fp32,curvature/e_sym_gradient,e_sym,gradient,1,0.00018601190476190475,7.504169918722018e-05,hvp-shadow-fp32-ieee-v1,torch.float32
d16-s7,16,7,d16-s7-s0-8e0a39fc8f164343bd01ef6b915e849f,shadow_fp32,curvature/e_lin_gradient,e_lin,gradient,1,0.00018601190476190475,2.6468790713642862e-05,hvp-shadow-fp32-ieee-v1,torch.float32
d16-s7,16,7,d16-s7-s0-8e0a39fc8f164343bd01ef6b915e849f,shadow_fp32,curvature/verdict_code_gradient,verdict_code,gradient,1,0.00018601190476190475,1.0,hvp-shadow-fp32-ieee-v1,torch.float32
d16-s7,16,7,d16-s7-s0-8e0a39fc8f164343bd01ef6b915e849f,shadow_fp32,curvature/e_sym_update,e_sym,update,1,0.00018601190476190475,7.509676667383606e-07,hvp-shadow-fp32-ieee-v1,torch.float32
d16-s7,16,7,d16-s7-s0-8e0a39fc8f164343bd01ef6b915e849f,shadow_fp32,curvature/e_lin_update,e_lin,update,1,0.00018601190476190475,8.343511783712274e-07,hvp-shadow-fp32-ieee-v1,torch.float32
d16-s7,16,7,d16-s7-s0-8e0a39fc8f164343bd01ef6b915e849f,shadow_fp32,curvature/verdict_code_update,verdict_code,update,1,0.00018601190476190475,1.0,hvp-shadow-fp32-ieee-v1,torch.float32
d16-s7,16,7,d16-s7-s0-8e0a39fc8f164343bd01ef6b915e849f,native,curvature/e_sym_random,e_sym,random,1,0.00018601190476190475,0.02317685791426078,,torch.bfloat16
d16-s7,16,7,d16-s7-s0-8e0a39fc8f164343bd01ef6b915e849f,native,curvature/e_lin_random,e_lin,random,1,0.00018601190476190475,0.013266289398689504,,torch.bfloat16
d16-s7,16,7,d16-s7-s0-8e0a39fc8f164343bd01ef6b915e849f,native,curvature/verdict_code_random,verdict_code,random,1,0.00018601190476190475,2.0,,torch.bfloat16
d16-s7,16,7,d16-s7-s0-8e0a39fc8f164343bd01ef6b915e849f,native,curvature/e_sym_gradient,e_sym,gradient,1,0.00018601190476190475,0.03411861274529151,,torch.bfloat16
d16-s7,16,7,d16-s7-s0-8e0a39fc8f164343bd01ef6b915e849f,native,curvature/e_lin_gradient,e_lin,gradient,1,0.00018601190476190475,0.011896685434714054,,torch.bfloat16
d16-s7,16,7,d16-s7-s0-8e0a39fc8f164343bd01ef6b915e849f,native,curvature/verdict_code_gradient,verdict_code,gradient,1,0.00018601190476190475,2.0,,torch.bfloat16
d16-s7,16,7,d16-s7-s0-8e0a39fc8f164343bd01ef6b915e849f,native,curvature/e_sym_update,e_sym,update,1,0.00018601190476190475,0.002505794013189014,,torch.bfloat16
d16-s7,16,7,d16-s7-s0-8e0a39fc8f164343bd01ef6b915e849f,native,curvature/e_lin_update,e_lin,update,1,0.00018601190476190475,0.029090245521670232,,torch.bfloat16
d16-s7,16,7,d16-s7-s0-8e0a39fc8f164343bd01ef6b915e849f,native,curvature/verdict_code_update,verdict_code,update,1,0.00018601190476190475,2.0,,torch.bfloat16
d16-s7,16,7,d16-s7-s0-8e0a39fc8f164343bd01ef6b915e849f,shadow_fp32,curvature/e_sym_random,e_sym,random,2,0.0003720238095238095,2.9050463863386054e-07,hvp-shadow-fp32-ieee-v1,torch.float32
d16-s7,16,7,d16-s7-s0-8e0a39fc8f164343bd01ef6b915e849f,shadow_fp32,curvature/e_lin_random,e_lin,random,2,0.0003720238095238095,8.937744483675826e-07,hvp-shadow-fp32-ieee-v1,torch.float32
d16-s7,16,7,d16-s7-s0-8e0a39fc8f164343bd01ef6b915e849f,shadow_fp32,curvature/verdict_code_random,verdict_code,random,2,0.0003720238095238095,1.0,hvp-shadow-fp32-ieee-v1,torch.float32
d16-s7,16,7,d16-s7-s0-8e0a39fc8f164343bd01ef6b915e849f,shadow_fp32,curvature/e_sym_gradient,e_sym,gradient,2,0.0003720238095238095,0.00011114858956183437,hvp-shadow-fp32-ieee-v1,torch.float32
d16-s7,16,7,d16-s7-s0-8e0a39fc8f164343bd01ef6b915e849f,shadow_fp32,curvature/e_lin_gradient,e_lin,gradient,2,0.0003720238095238095,2.6402616130444698e-05,hvp-shadow-fp32-ieee-v1,torch.float32
d16-s7,16,7,d16-s7-s0-8e0a39fc8f164343bd01ef6b915e849f,shadow_fp32,curvature/verdict_code_gradient,verdict_code,gradient,2,0.0003720238095238095,2.0,hvp-shadow-fp32-ieee-v1,torch.float32
d16-s7,16,7,d16-s7-s0-8e0a39fc8f164343bd01ef6b915e849f,shadow_fp32,curvature/e_sym_update,e_sym,update,2,0.0003720238095238095,1.366088861366479e-06,hvp-shadow-fp32-ieee-v1,torch.float32
d16-s7,16,7,d16-s7-s0-8e0a39fc8f164343bd01ef6b915e849f,shadow_fp32,curvature/e_lin_update,e_lin,update,2,0.0003720238095238095,7.986666627457882e-07,hvp-shadow-fp32-ieee-v1,torch.float32
d16-s7,16,7,d16-s7-s0-8e0a39fc8f164343bd01ef6b915e849f,shadow_fp32,curvature/verdict_code_update,verdict_code,update,2,0.0003720238095238095,1.0,hvp-shadow-fp32-ieee-v1,torch.float32
d16-s7,16,7,d16-s7-s0-8e0a39fc8f164343bd01ef6b915e849f,native,curvature/e_sym_random,e_sym,random,2,0.0003720238095238095,0.0846604882974938,,torch.bfloat16
d16-s7,16,7,d16-s7-s0-8e0a39fc8f164343bd01ef6b915e849f,native,curvature/e_lin_random,e_lin,random,2,0.0003720238095238095,0.013419014407818444,,torch.bfloat16
d16-s7,16,7,d16-s7-s0-8e0a39fc8f164343bd01ef6b915e849f,native,curvature/verdict_code_random,verdict_code,random,2,0.0003720238095238095,2.0,,torch.bfloat16
d16-s7,16,7,d16-s7-s0-8e0a39fc8f164343bd01ef6b915e849f,native,curvature/e_sym_gradient,e_sym,gradient,2,0.0003720238095238095,0.12098840405264093,,torch.bfloat16
d16-s7,16,7,d16-s7-s0-8e0a39fc8f164343bd01ef6b915e849f,native,curvature/e_lin_gradient,e_lin,gradient,2,0.0003720238095238095,0.019233116147845748,,torch.bfloat16
d16-s7,16,7,d16-s7-s0-8e0a39fc8f164343bd01ef6b915e849f,native,curvature/verdict_code_gradient,verdict_code,gradient,2,0.0003720238095238095,2.0,,torch.bfloat16
d16-s7,16,7,d16-s7-s0-8e0a39fc8f164343bd01ef6b915e849f,native,curvature/e_sym_update,e_sym,update,2,0.0003720238095238095,0.003491504100226368,,torch.bfloat16
d16-s7,16,7,d16-s7-s0-8e0a39fc8f164343bd01ef6b915e849f,native,curvature/e_lin_update,e_lin,update,2,0.0003720238095238095,0.03858616043122415,,torch.bfloat16
d16-s7,16,7,d16-s7-s0-8e0a39fc8f164343bd01ef6b915e849f,native,curvature/verdict_code_update,verdict_code,update,2,0.0003720238095238095,2.0,,torch.bfloat16
d16-s7,16,7,d16-s7-s0-8e0a39fc8f164343bd01ef6b915e849f,shadow_fp32,curvature/e_sym_random,e_sym,random,3,0.0005580357142857143,4.199989604275398e-06,hvp-shadow-fp32-ieee-v1,torch.float32
d16-s7,16,7,d16-s7-s0-8e0a39fc8f164343bd01ef6b915e849f,shadow_fp32,curvature/e_lin_random,e_lin,random,3,0.0005580357142857143,8.964509596367222e-07,hvp-shadow-fp32-ieee-v1,torch.float32
d16-s7,16,7,d16-s7-s0-8e0a39fc8f164343bd01ef6b915e849f,shadow_fp32,curvature/verdict_code_random,verdict_code,random,3,0.0005580357142857143,1.0,hvp-shadow-fp32-ieee-v1,torch.float32
d16-s7,16,7,d16-s7-s0-8e0a39fc8f164343bd01ef6b915e849f,shadow_fp32,curvature/e_sym_gradient,e_sym,gradient,3,0.0005580357142857143,0.00013593036576601183,hvp-shadow-fp32-ieee-v1,torch.float32
d16-s7,16,7,d16-s7-s0-8e0a39fc8f164343bd01ef6b915e849f,shadow_fp32,curvature/e_lin_gradient,e_lin,gradient,3,0.0005580357142857143,2.615476305550308e-05,hvp-shadow-fp32-ieee-v1,torch.float32
d16-s7,16,7,d16-s7-s0-8e0a39fc8f164343bd01ef6b915e849f,shadow_fp32,curvature/verdict_code_gradient,verdict_code,gradient,3,0.0005580357142857143,2.0,hvp-shadow-fp32-ieee-v1,torch.float32
d16-s7,16,7,d16-s7-s0-8e0a39fc8f164343bd01ef6b915e849f,shadow_fp32,curvature/e_sym_update,e_sym,update,3,0.0005580357142857143,4.348875098358634e-07,hvp-shadow-fp32-ieee-v1,torch.float32
d16-s7,16,7,d16-s7-s0-8e0a39fc8f164343bd01ef6b915e849f,shadow_fp32,curvature/e_lin_update,e_lin,update,3,0.0005580357142857143,7.488894111300839e-07,hvp-shadow-fp32-ieee-v1,torch.float32
d16-s7,16,7,d16-s7-s0-8e0a39fc8f164343bd01ef6b915e849f,shadow_fp32,curvature/verdict_code_update,verdict_code,update,3,0.0005580357142857143,1.0,hvp-shadow-fp32-ieee-v1,torch.float32
d16-s7,16,7,d16-s7-s0-8e0a39fc8f164343bd01ef6b915e849f,native,curvature/e_sym_random,e_sym,random,3,0.0005580357142857143,0.022189927833364317,,torch.bfloat16
d16-s7,16,7,d16-s7-s0-8e0a39fc8f164343bd01ef6b915e849f,native,curvature/e_lin_random,e_lin,random,3,0.0005580357142857143,0.013208046487905883,,torch.bfloat16
d16-s7,16,7,d16-s7-s0-8e0a39fc8f164343bd01ef6b915e849f,native,curvature/verdict_code_random,verdict_code,random,3,0.0005580357142857143,2.0,,torch.bfloat16
d16-s7,16,7,d16-s7-s0-8e0a39fc8f164343bd01ef6b915e849f,native,curvature/e_sym_gradient,e_sym,gradient,3,0.0005580357142857143,0.04267992155396403,,torch.bfloat16
d16-s7,16,7,d16-s7-s0-8e0a39fc8f164343bd01ef6b915e849f,native,curvature/e_lin_gradient,e_lin,gradient,3,0.0005580357142857143,0.01875090515862128,,torch.bfloat16
d16-s7,16,7,d16-s7-s0-8e0a39fc8f164343bd01ef6b915e849f,native,curvature/verdict_code_gradient,verdict_code,gradient,3,0.0005580357142857143,2.0,,torch.bfloat16
d16-s7,16,7,d16-s7-s0-8e0a39fc8f164343bd01ef6b915e849f,native,curvature/e_sym_update,e_sym,update,3,0.0005580357142857143,0.021634242330315606,,torch.bfloat16
d16-s7,16,7,d16-s7-s0-8e0a39fc8f164343bd01ef6b915e849f,native,curvature/e_lin_update,e_lin,update,3,0.0005580357142857143,0.03816675818189989,,torch.bfloat16
d16-s7,16,7,d16-s7-s0-8e0a39fc8f164343bd01ef6b915e849f,native,curvature/verdict_code_update,verdict_code,update,3,0.0005580357142857143,2.0,,torch.bfloat16
d16-s7,16,7,d16-s7-s0-8e0a39fc8f164343bd01ef6b915e849f,shadow_fp32,curvature/e_sym_random,e_sym,random,5,0.0009300595238095238,7.82278082812336e-06,hvp-shadow-fp32-ieee-v1,torch.float32
d16-s7,16,7,d16-s7-s0-8e0a39fc8f164343bd01ef6b915e849f,shadow_fp32,curvature/e_lin_random,e_lin,random,5,0.0009300595238095238,7.794627058036402e-07,hvp-shadow-fp32-ieee-v1,torch.float32
d16-s7,16,7,d16-s7-s0-8e0a39fc8f164343bd01ef6b915e849f,shadow_fp32,curvature/verdict_code_random,verdict_code,random,5,0.0009300595238095238,1.0,hvp-shadow-fp32-ieee-v1,torch.float32
d16-s7,16,7,d16-s7-s0-8e0a39fc8f164343bd01ef6b915e849f,shadow_fp32,curvature/e_sym_gradient,e_sym,gradient,5,0.0009300595238095238,9.007660640471737e-05,hvp-shadow-fp32-ieee-v1,torch.float32
d16-s7,16,7,d16-s7-s0-8e0a39fc8f164343bd01ef6b915e849f,shadow_fp32,curvature/e_lin_gradient,e_lin,gradient,5,0.0009300595238095238,2.32570411689211e-05,hvp-shadow-fp32-ieee-v1,torch.float32
d16-s7,16,7,d16-s7-s0-8e0a39fc8f164343bd01ef6b915e849f,shadow_fp32,curvature/verdict_code_gradient,verdict_code,gradient,5,0.0009300595238095238,1.0,hvp-shadow-fp32-ieee-v1,torch.float32
d16-s7,16,7,d16-s7-s0-8e0a39fc8f164343bd01ef6b915e849f,shadow_fp32,curvature/e_sym_update,e_sym,update,5,0.0009300595238095238,4.656496614723421e-07,hvp-shadow-fp32-ieee-v1,torch.float32
d16-s7,16,7,d16-s7-s0-8e0a39fc8f164343bd01ef6b915e849f,shadow_fp32,curvature/e_lin_update,e_lin,update,5,0.0009300595238095238,5.911876904652278e-07,hvp-shadow-fp32-ieee-v1,torch.float32
d16-s7,16,7,d16-s7-s0-8e0a39fc8f164343bd01ef6b915e849f,shadow_fp32,curvature/verdict_code_update,verdict_code,update,5,0.0009300595238095238,1.0,hvp-shadow-fp32-ieee-v1,torch.float32
d16-s7,16,7,d16-s7-s0-8e0a39fc8f164343bd01ef6b915e849f,native,curvature/e_sym_random,e_sym,random,5,0.0009300595238095238,0.5510973356887572,,torch.bfloat16
d16-s7,16,7,d16-s7-s0-8e0a39fc8f164343bd01ef6b915e849f,native,curvature/e_lin_random,e_lin,random,5,0.0009300595238095238,0.013034376175846445,,torch.bfloat16
d16-s7,16,7,d16-s7-s0-8e0a39fc8f164343bd01ef6b915e849f,native,curvature/verdict_code_random,verdict_code,random,5,0.0009300595238095238,2.0,,torch.bfloat16
d16-s7,16,7,d16-s7-s0-8e0a39fc8f164343bd01ef6b915e849f,native,curvature/e_sym_gradient,e_sym,gradient,5,0.0009300595238095238,0.3112962032474977,,torch.bfloat16
d16-s7,16,7,d16-s7-s0-8e0a39fc8f164343bd01ef6b915e849f,native,curvature/e_lin_gradient,e_lin,gradient,5,0.0009300595238095238,0.009499382126447464,,torch.bfloat16
d16-s7,16,7,d16-s7-s0-8e0a39fc8f164343bd01ef6b915e849f,native,curvature/verdict_code_gradient,verdict_code,gradient,5,0.0009300595238095238,2.0,,torch.bfloat16
d16-s7,16,7,d16-s7-s0-8e0a39fc8f164343bd01ef6b915e849f,native,curvature/e_sym_update,e_sym,update,5,0.0009300595238095238,0.12781595905026036,,torch.bfloat16
d16-s7,16,7,d16-s7-s0-8e0a39fc8f164343bd01ef6b915e849f,native,curvature/e_lin_update,e_lin,update,5,0.0009300595238095238,0.03958430794570458,,torch.bfloat16
d16-s7,16,7,d16-s7-s0-8e0a39fc8f164343bd01ef6b915e849f,native,curvature/verdict_code_update,verdict_code,update,5,0.0009300595238095238,2.0,,torch.bfloat16
d16-s7,16,7,d16-s7-s0-8e0a39fc8f164343bd01ef6b915e849f,shadow_fp32,curvature/e_sym_random,e_sym,random,9,0.0016741071428571428,1.5760569854370795e-06,hvp-shadow-fp32-ieee-v1,torch.float32
d16-s7,16,7,d16-s7-s0-8e0a39fc8f164343bd01ef6b915e849f,shadow_fp32,curvature/e_lin_random,e_lin,random,9,0.0016741071428571428,6.032577414739865e-07,hvp-shadow-fp32-ieee-v1,torch.float32
d16-s7,16,7,d16-s7-s0-8e0a39fc8f164343bd01ef6b915e849f,shadow_fp32,curvature/verdict_code_random,verdict_code,random,9,0.0016741071428571428,1.0,hvp-shadow-fp32-ieee-v1,torch.float32
d16-s7,16,7,d16-s7-s0-8e0a39fc8f164343bd01ef6b915e849f,shadow_fp32,curvature/e_sym_gradient,e_sym,gradient,9,0.0016741071428571428,6.53385371755136e-07,hvp-shadow-fp32-ieee-v1,torch.float32
d16-s7,16,7,d16-s7-s0-8e0a39fc8f164343bd01ef6b915e849f,shadow_fp32,curvature/e_lin_gradient,e_lin,gradient,9,0.0016741071428571428,6.803030342689347e-07,hvp-shadow-fp32-ieee-v1,torch.float32
d16-s7,16,7,d16-s7-s0-8e0a39fc8f164343bd01ef6b915e849f,shadow_fp32,curvature/verdict_code_gradient,verdict_code,gradient,9,0.0016741071428571428,0.0,hvp-shadow-fp32-ieee-v1,torch.float32
d16-s7,16,7,d16-s7-s0-8e0a39fc8f164343bd01ef6b915e849f,shadow_fp32,curvature/e_sym_update,e_sym,update,9,0.0016741071428571428,3.6113703302995494e-08,hvp-shadow-fp32-ieee-v1,torch.float32
d16-s7,16,7,d16-s7-s0-8e0a39fc8f164343bd01ef6b915e849f,shadow_fp32,curvature/e_lin_update,e_lin,update,9,0.0016741071428571428,5.686801088834575e-07,hvp-shadow-fp32-ieee-v1,torch.float32
d16-s7,16,7,d16-s7-s0-8e0a39fc8f164343bd01ef6b915e849f,shadow_fp32,curvature/verdict_code_update,verdict_code,update,9,0.0016741071428571428,1.0,hvp-shadow-fp32-ieee-v1,torch.float32
d16-s7,16,7,d16-s7-s0-8e0a39fc8f164343bd01ef6b915e849f,native,curvature/e_sym_random,e_sym,random,9,0.0016741071428571428,0.0021189239321275804,,torch.bfloat16
d16-s7,16,7,d16-s7-s0-8e0a39fc8f164343bd01ef6b915e849f,native,curvature/e_lin_random,e_lin,random,9,0.0016741071428571428,0.011069416343543583,,torch.bfloat16
d16-s7,16,7,d16-s7-s0-8e0a39fc8f164343bd01ef6b915e849f,native,curvature/verdict_code_random,verdict_code,random,9,0.0016741071428571428,2.0,,torch.bfloat16
d16-s7,16,7,d16-s7-s0-8e0a39fc8f164343bd01ef6b915e849f,native,curvature/e_sym_gradient,e_sym,gradient,9,0.0016741071428571428,0.789008327391059,,torch.bfloat16
d16-s7,16,7,d16-s7-s0-8e0a39fc8f164343bd01ef6b915e849f,native,curvature/e_lin_gradient,e_lin,gradient,9,0.0016741071428571428,0.004110456907031696,,torch.bfloat16
d16-s7,16,7,d16-s7-s0-8e0a39fc8f164343bd01ef6b915e849f,native,curvature/verdict_code_gradient,verdict_code,gradient,9,0.0016741071428571428,2.0,,torch.bfloat16
d16-s7,16,7,d16-s7-s0-8e0a39fc8f164343bd01ef6b915e849f,native,curvature/e_sym_update,e_sym,update,9,0.0016741071428571428,0.07378695979144821,,torch.bfloat16
d16-s7,16,7,d16-s7-s0-8e0a39fc8f164343bd01ef6b915e849f,native,curvature/e_lin_update,e_lin,update,9,0.0016741071428571428,0.011517928795181117,,torch.bfloat16
d16-s7,16,7,d16-s7-s0-8e0a39fc8f164343bd01ef6b915e849f,native,curvature/verdict_code_update,verdict_code,update,9,0.0016741071428571428,2.0,,torch.bfloat16
d16-s7,16,7,d16-s7-s0-8e0a39fc8f164343bd01ef6b915e849f,shadow_fp32,curvature/e_sym_random,e_sym,random,17,0.003162202380952381,1.0316822206822436e-07,hvp-shadow-fp32-ieee-v1,torch.float32
d16-s7,16,7,d16-s7-s0-8e0a39fc8f164343bd01ef6b915e849f,shadow_fp32,curvature/e_lin_random,e_lin,random,17,0.003162202380952381,7.781439870211658e-07,hvp-shadow-fp32-ieee-v1,torch.float32
d16-s7,16,7,d16-s7-s0-8e0a39fc8f164343bd01ef6b915e849f,shadow_fp32,curvature/verdict_code_random,verdict_code,random,17,0.003162202380952381,1.0,hvp-shadow-fp32-ieee-v1,torch.float32
d16-s7,16,7,d16-s7-s0-8e0a39fc8f164343bd01ef6b915e849f,shadow_fp32,curvature/e_sym_gradient,e_sym,gradient,17,0.003162202380952381,8.300105756434495e-06,hvp-shadow-fp32-ieee-v1,torch.float32
d16-s7,16,7,d16-s7-s0-8e0a39fc8f164343bd01ef6b915e849f,shadow_fp32,curvature/e_lin_gradient,e_lin,gradient,17,0.003162202380952381,6.07517343071593e-07,hvp-shadow-fp32-ieee-v1,torch.float32
d16-s7,16,7,d16-s7-s0-8e0a39fc8f164343bd01ef6b915e849f,shadow_fp32,curvature/verdict_code_gradient,verdict_code,gradient,17,0.003162202380952381,0.0,hvp-shadow-fp32-ieee-v1,torch.float32
d16-s7,16,7,d16-s7-s0-8e0a39fc8f164343bd01ef6b915e849f,shadow_fp32,curvature/e_sym_update,e_sym,update,17,0.003162202380952381,6.213840884597473e-07,hvp-shadow-fp32-ieee-v1,torch.float32
d16-s7,16,7,d16-s7-s0-8e0a39fc8f164343bd01ef6b915e849f,shadow_fp32,curvature/e_lin_update,e_lin,update,17,0.003162202380952381,7.352241081574084e-07,hvp-shadow-fp32-ieee-v1,torch.float32
d16-s7,16,7,d16-s7-s0-8e0a39fc8f164343bd01ef6b915e849f,shadow_fp32,curvature/verdict_code_update,verdict_code,update,17,0.003162202380952381,1.0,hvp-shadow-fp32-ieee-v1,torch.float32
d16-s7,16,7,d16-s7-s0-8e0a39fc8f164343bd01ef6b915e849f,native,curvature/e_sym_random,e_sym,random,17,0.003162202380952381,0.004178984260204108,,torch.bfloat16
d16-s7,16,7,d16-s7-s0-8e0a39fc8f164343bd01ef6b915e849f,native,curvature/e_lin_random,e_lin,random,17,0.003162202380952381,0.01402827590299934,,torch.bfloat16
d16-s7,16,7,d16-s7-s0-8e0a39fc8f164343bd01ef6b915e849f,native,curvature/verdict_code_random,verdict_code,random,17,0.003162202380952381,2.0,,torch.bfloat16
d16-s7,16,7,d16-s7-s0-8e0a39fc8f164343bd01ef6b915e849f,native,curvature/e_sym_gradient,e_sym,gradient,17,0.003162202380952381,0.056731348391454,,torch.bfloat16
d16-s7,16,7,d16-s7-s0-8e0a39fc8f164343bd01ef6b915e849f,native,curvature/e_lin_gradient,e_lin,gradient,17,0.003162202380952381,0.0036902145260096168,,torch.bfloat16
d16-s7,16,7,d16-s7-s0-8e0a39fc8f164343bd01ef6b915e849f,native,curvature/verdict_code_gradient,verdict_code,gradient,17,0.003162202380952381,2.0,,torch.bfloat16
d16-s7,16,7,d16-s7-s0-8e0a39fc8f164343bd01ef6b915e849f,native,curvature/e_sym_update,e_sym,update,17,0.003162202380952381,0.046905975636571326,,torch.bfloat16
d16-s7,16,7,d16-s7-s0-8e0a39fc8f164343bd01ef6b915e849f,native,curvature/e_lin_update,e_lin,update,17,0.003162202380952381,0.02761823160647122,,torch.bfloat16
d16-s7,16,7,d16-s7-s0-8e0a39fc8f164343bd01ef6b915e849f,native,curvature/verdict_code_update,verdict_code,update,17,0.003162202380952381,2.0,,torch.bfloat16
d16-s7,16,7,d16-s7-s0-8e0a39fc8f164343bd01ef6b915e849f,shadow_fp32,curvature/e_sym_random,e_sym,random,33,0.006138392857142857,1.10837060403648e-09,hvp-shadow-fp32-ieee-v1,torch.float32
d16-s7,16,7,d16-s7-s0-8e0a39fc8f164343bd01ef6b915e849f,shadow_fp32,curvature/e_lin_random,e_lin,random,33,0.006138392857142857,7.664848664586997e-07,hvp-shadow-fp32-ieee-v1,torch.float32
d16-s7,16,7,d16-s7-s0-8e0a39fc8f164343bd01ef6b915e849f,shadow_fp32,curvature/verdict_code_random,verdict_code,random,33,0.006138392857142857,1.0,hvp-shadow-fp32-ieee-v1,torch.float32
d16-s7,16,7,d16-s7-s0-8e0a39fc8f164343bd01ef6b915e849f,shadow_fp32,curvature/e_sym_gradient,e_sym,gradient,33,0.006138392857142857,4.044616506590995e-07,hvp-shadow-fp32-ieee-v1,torch.float32
d16-s7,16,7,d16-s7-s0-8e0a39fc8f164343bd01ef6b915e849f,shadow_fp32,curvature/e_lin_gradient,e_lin,gradient,33,0.006138392857142857,4.323501255644704e-07,hvp-shadow-fp32-ieee-v1,torch.float32
d16-s7,16,7,d16-s7-s0-8e0a39fc8f164343bd01ef6b915e849f,shadow_fp32,curvature/verdict_code_gradient,verdict_code,gradient,33,0.006138392857142857,0.0,hvp-shadow-fp32-ieee-v1,torch.float32
d16-s7,16,7,d16-s7-s0-8e0a39fc8f164343bd01ef6b915e849f,shadow_fp32,curvature/e_sym_update,e_sym,update,33,0.006138392857142857,2.298417236601683e-07,hvp-shadow-fp32-ieee-v1,torch.float32
d16-s7,16,7,d16-s7-s0-8e0a39fc8f164343bd01ef6b915e849f,shadow_fp32,curvature/e_lin_update,e_lin,update,33,0.006138392857142857,5.65042245432939e-07,hvp-shadow-fp32-ieee-v1,torch.float32
d16-s7,16,7,d16-s7-s0-8e0a39fc8f164343bd01ef6b915e849f,shadow_fp32,curvature/verdict_code_update,verdict_code,update,33,0.006138392857142857,1.0,hvp-shadow-fp32-ieee-v1,torch.float32
d16-s7,16,7,d16-s7-s0-8e0a39fc8f164343bd01ef6b915e849f,native,curvature/e_sym_random,e_sym,random,33,0.006138392857142857,0.00368864351750581,,torch.bfloat16
d16-s7,16,7,d16-s7-s0-8e0a39fc8f164343bd01ef6b915e849f,native,curvature/e_lin_random,e_lin,random,33,0.006138392857142857,0.014524663858361875,,torch.bfloat16
d16-s7,16,7,d16-s7-s0-8e0a39fc8f164343bd01ef6b915e849f,native,curvature/verdict_code_random,verdict_code,random,33,0.006138392857142857,2.0,,torch.bfloat16
d16-s7,16,7,d16-s7-s0-8e0a39fc8f164343bd01ef6b915e849f,native,curvature/e_sym_gradient,e_sym,gradient,33,0.006138392857142857,0.009272682115008929,,torch.bfloat16
d16-s7,16,7,d16-s7-s0-8e0a39fc8f164343bd01ef6b915e849f,native,curvature/e_lin_gradient,e_lin,gradient,33,0.006138392857142857,0.0035376334060598646,,torch.bfloat16
d16-s7,16,7,d16-s7-s0-8e0a39fc8f164343bd01ef6b915e849f,native,curvature/verdict_code_gradient,verdict_code,gradient,33,0.006138392857142857,2.0,,torch.bfloat16
d16-s7,16,7,d16-s7-s0-8e0a39fc8f164343bd01ef6b915e849f,native,curvature/e_sym_update,e_sym,update,33,0.006138392857142857,0.010304230308241858,,torch.bfloat16
d16-s7,16,7,d16-s7-s0-8e0a39fc8f164343bd01ef6b915e849f,native,curvature/e_lin_update,e_lin,update,33,0.006138392857142857,0.012018659956605317,,torch.bfloat16
d16-s7,16,7,d16-s7-s0-8e0a39fc8f164343bd01ef6b915e849f,native,curvature/verdict_code_update,verdict_code,update,33,0.006138392857142857,2.0,,torch.bfloat16
d16-s7,16,7,d16-s7-s0-8e0a39fc8f164343bd01ef6b915e849f,shadow_fp32,curvature/e_sym_random,e_sym,random,41,0.007626488095238095,5.713353927716775e-08,hvp-shadow-fp32-ieee-v1,torch.float32
d16-s7,16,7,d16-s7-s0-8e0a39fc8f164343bd01ef6b915e849f,shadow_fp32,curvature/e_lin_random,e_lin,random,41,0.007626488095238095,7.535445800008236e-07,hvp-shadow-fp32-ieee-v1,torch.float32
d16-s7,16,7,d16-s7-s0-8e0a39fc8f164343bd01ef6b915e849f,shadow_fp32,curvature/verdict_code_random,verdict_code,random,41,0.007626488095238095,1.0,hvp-shadow-fp32-ieee-v1,torch.float32
d16-s7,16,7,d16-s7-s0-8e0a39fc8f164343bd01ef6b915e849f,shadow_fp32,curvature/e_sym_gradient,e_sym,gradient,41,0.007626488095238095,1.5493647031258827e-08,hvp-shadow-fp32-ieee-v1,torch.float32
d16-s7,16,7,d16-s7-s0-8e0a39fc8f164343bd01ef6b915e849f,shadow_fp32,curvature/e_lin_gradient,e_lin,gradient,41,0.007626488095238095,4.416894108873243e-07,hvp-shadow-fp32-ieee-v1,torch.float32
d16-s7,16,7,d16-s7-s0-8e0a39fc8f164343bd01ef6b915e849f,shadow_fp32,curvature/verdict_code_gradient,verdict_code,gradient,41,0.007626488095238095,0.0,hvp-shadow-fp32-ieee-v1,torch.float32
d16-s7,16,7,d16-s7-s0-8e0a39fc8f164343bd01ef6b915e849f,shadow_fp32,curvature/e_sym_update,e_sym,update,41,0.007626488095238095,1.9847343222223935e-07,hvp-shadow-fp32-ieee-v1,torch.float32
d16-s7,16,7,d16-s7-s0-8e0a39fc8f164343bd01ef6b915e849f,shadow_fp32,curvature/e_lin_update,e_lin,update,41,0.007626488095238095,6.01029972132832e-07,hvp-shadow-fp32-ieee-v1,torch.float32
d16-s7,16,7,d16-s7-s0-8e0a39fc8f164343bd01ef6b915e849f,shadow_fp32,curvature/verdict_code_update,verdict_code,update,41,0.007626488095238095,1.0,hvp-shadow-fp32-ieee-v1,torch.float32
d16-s7,16,7,d16-s7-s0-8e0a39fc8f164343bd01ef6b915e849f,native,curvature/e_sym_random,e_sym,random,41,0.007626488095238095,0.004767007965466734,,torch.bfloat16
d16-s7,16,7,d16-s7-s0-8e0a39fc8f164343bd01ef6b915e849f,native,curvature/e_lin_random,e_lin,random,41,0.007626488095238095,0.013317141474471127,,torch.bfloat16
d16-s7,16,7,d16-s7-s0-8e0a39fc8f164343bd01ef6b915e849f,native,curvature/verdict_code_random,verdict_code,random,41,0.007626488095238095,2.0,,torch.bfloat16
d16-s7,16,7,d16-s7-s0-8e0a39fc8f164343bd01ef6b915e849f,native,curvature/e_sym_gradient,e_sym,gradient,41,0.007626488095238095,0.004797511001435917,,torch.bfloat16
d16-s7,16,7,d16-s7-s0-8e0a39fc8f164343bd01ef6b915e849f,native,curvature/e_lin_gradient,e_lin,gradient,41,0.007626488095238095,0.003649017247844007,,torch.bfloat16
d16-s7,16,7,d16-s7-s0-8e0a39fc8f164343bd01ef6b915e849f,native,curvature/verdict_code_gradient,verdict_code,gradient,41,0.007626488095238095,2.0,,torch.bfloat16
d16-s7,16,7,d16-s7-s0-8e0a39fc8f164343bd01ef6b915e849f,native,curvature/e_sym_update,e_sym,update,41,0.007626488095238095,0.001554626514617072,,torch.bfloat16
d16-s7,16,7,d16-s7-s0-8e0a39fc8f164343bd01ef6b915e849f,native,curvature/e_lin_update,e_lin,update,41,0.007626488095238095,0.010395463678853268,,torch.bfloat16
d16-s7,16,7,d16-s7-s0-8e0a39fc8f164343bd01ef6b915e849f,native,curvature/verdict_code_update,verdict_code,update,41,0.007626488095238095,2.0,,torch.bfloat16
d16-s7,16,7,d16-s7-s0-8e0a39fc8f164343bd01ef6b915e849f,shadow_fp32,curvature/e_sym_random,e_sym,random,65,0.01209077380952381,8.339295089022133e-05,hvp-shadow-fp32-ieee-v1,torch.float32
d16-s7,16,7,d16-s7-s0-8e0a39fc8f164343bd01ef6b915e849f,shadow_fp32,curvature/e_lin_random,e_lin,random,65,0.01209077380952381,7.231625477427075e-07,hvp-shadow-fp32-ieee-v1,torch.float32
d16-s7,16,7,d16-s7-s0-8e0a39fc8f164343bd01ef6b915e849f,shadow_fp32,curvature/verdict_code_random,verdict_code,random,65,0.01209077380952381,1.0,hvp-shadow-fp32-ieee-v1,torch.float32
d16-s7,16,7,d16-s7-s0-8e0a39fc8f164343bd01ef6b915e849f,shadow_fp32,curvature/e_sym_gradient,e_sym,gradient,65,0.01209077380952381,2.626511094516485e-07,hvp-shadow-fp32-ieee-v1,torch.float32
d16-s7,16,7,d16-s7-s0-8e0a39fc8f164343bd01ef6b915e849f,shadow_fp32,curvature/e_lin_gradient,e_lin,gradient,65,0.01209077380952381,3.9742473898645563e-07,hvp-shadow-fp32-ieee-v1,torch.float32
d16-s7,16,7,d16-s7-s0-8e0a39fc8f164343bd01ef6b915e849f,shadow_fp32,curvature/verdict_code_gradient,verdict_code,gradient,65,0.01209077380952381,0.0,hvp-shadow-fp32-ieee-v1,torch.float32
d16-s7,16,7,d16-s7-s0-8e0a39fc8f164343bd01ef6b915e849f,shadow_fp32,curvature/e_sym_update,e_sym,update,65,0.01209077380952381,2.0392439227262302e-07,hvp-shadow-fp32-ieee-v1,torch.float32
d16-s7,16,7,d16-s7-s0-8e0a39fc8f164343bd01ef6b915e849f,shadow_fp32,curvature/e_lin_update,e_lin,update,65,0.01209077380952381,6.028553135127699e-07,hvp-shadow-fp32-ieee-v1,torch.float32
d16-s7,16,7,d16-s7-s0-8e0a39fc8f164343bd01ef6b915e849f,shadow_fp32,curvature/verdict_code_update,verdict_code,update,65,0.01209077380952381,1.0,hvp-shadow-fp32-ieee-v1,torch.float32
d16-s7,16,7,d16-s7-s0-8e0a39fc8f164343bd01ef6b915e849f,native,curvature/e_sym_random,e_sym,random,65,0.01209077380952381,1.2981800631617282,,torch.bfloat16
d16-s7,16,7,d16-s7-s0-8e0a39fc8f164343bd01ef6b915e849f,native,curvature/e_lin_random,e_lin,random,65,0.01209077380952381,0.012545526146486822,,torch.bfloat16
d16-s7,16,7,d16-s7-s0-8e0a39fc8f164343bd01ef6b915e849f,native,curvature/verdict_code_random,verdict_code,random,65,0.01209077380952381,2.0,,torch.bfloat16
d16-s7,16,7,d16-s7-s0-8e0a39fc8f164343bd01ef6b915e849f,native,curvature/e_sym_gradient,e_sym,gradient,65,0.01209077380952381,0.035200563675154624,,torch.bfloat16
d16-s7,16,7,d16-s7-s0-8e0a39fc8f164343bd01ef6b915e849f,native,curvature/e_lin_gradient,e_lin,gradient,65,0.01209077380952381,0.004494052922928845,,torch.bfloat16
d16-s7,16,7,d16-s7-s0-8e0a39fc8f164343bd01ef6b915e849f,native,curvature/verdict_code_gradient,verdict_code,gradient,65,0.01209077380952381,2.0,,torch.bfloat16
d16-s7,16,7,d16-s7-s0-8e0a39fc8f164343bd01ef6b915e849f,native,curvature/e_sym_update,e_sym,update,65,0.01209077380952381,0.027229018747818627,,torch.bfloat16
d16-s7,16,7,d16-s7-s0-8e0a39fc8f164343bd01ef6b915e849f,native,curvature/e_lin_update,e_lin,update,65,0.01209077380952381,0.010967326975967863,,torch.bfloat16
d16-s7,16,7,d16-s7-s0-8e0a39fc8f164343bd01ef6b915e849f,native,curvature/verdict_code_update,verdict_code,update,65,0.01209077380952381,2.0,,torch.bfloat16
d16-s7,16,7,d16-s7-s0-8e0a39fc8f164343bd01ef6b915e849f,shadow_fp32,curvature/e_sym_random,e_sym,random,129,0.023995535714285716,1.1686215307910331e-06,hvp-shadow-fp32-ieee-v1,torch.float32
d16-s7,16,7,d16-s7-s0-8e0a39fc8f164343bd01ef6b915e849f,shadow_fp32,curvature/e_lin_random,e_lin,random,129,0.023995535714285716,8.688317914089439e-07,hvp-shadow-fp32-ieee-v1,torch.float32
d16-s7,16,7,d16-s7-s0-8e0a39fc8f164343bd01ef6b915e849f,shadow_fp32,curvature/verdict_code_random,verdict_code,random,129,0.023995535714285716,1.0,hvp-shadow-fp32-ieee-v1,torch.float32
d16-s7,16,7,d16-s7-s0-8e0a39fc8f164343bd01ef6b915e849f,shadow_fp32,curvature/e_sym_gradient,e_sym,gradient,129,0.023995535714285716,1.3421242774818372e-08,hvp-shadow-fp32-ieee-v1,torch.float32
d16-s7,16,7,d16-s7-s0-8e0a39fc8f164343bd01ef6b915e849f,shadow_fp32,curvature/e_lin_gradient,e_lin,gradient,129,0.023995535714285716,5.229937173750367e-07,hvp-shadow-fp32-ieee-v1,torch.float32
d16-s7,16,7,d16-s7-s0-8e0a39fc8f164343bd01ef6b915e849f,shadow_fp32,curvature/verdict_code_gradient,verdict_code,gradient,129,0.023995535714285716,0.0,hvp-shadow-fp32-ieee-v1,torch.float32
d16-s7,16,7,d16-s7-s0-8e0a39fc8f164343bd01ef6b915e849f,shadow_fp32,curvature/e_sym_update,e_sym,update,129,0.023995535714285716,2.4757625047193224e-07,hvp-shadow-fp32-ieee-v1,torch.float32
d16-s7,16,7,d16-s7-s0-8e0a39fc8f164343bd01ef6b915e849f,shadow_fp32,curvature/e_lin_update,e_lin,update,129,0.023995535714285716,8.344859627364398e-07,hvp-shadow-fp32-ieee-v1,torch.float32
d16-s7,16,7,d16-s7-s0-8e0a39fc8f164343bd01ef6b915e849f,shadow_fp32,curvature/verdict_code_update,verdict_code,update,129,0.023995535714285716,1.0,hvp-shadow-fp32-ieee-v1,torch.float32
d16-s7,16,7,d16-s7-s0-8e0a39fc8f164343bd01ef6b915e849f,native,curvature/e_sym_random,e_sym,random,129,0.023995535714285716,0.0075474672884273935,,torch.bfloat16
d16-s7,16,7,d16-s7-s0-8e0a39fc8f164343bd01ef6b915e849f,native,curvature/e_lin_random,e_lin,random,129,0.023995535714285716,0.01424394137089927,,torch.bfloat16
d16-s7,16,7,d16-s7-s0-8e0a39fc8f164343bd01ef6b915e849f,native,curvature/verdict_code_random,verdict_code,random,129,0.023995535714285716,2.0,,torch.bfloat16
d16-s7,16,7,d16-s7-s0-8e0a39fc8f164343bd01ef6b915e849f,native,curvature/e_sym_gradient,e_sym,gradient,129,0.023995535714285716,0.03925805791290192,,torch.bfloat16
d16-s7,16,7,d16-s7-s0-8e0a39fc8f164343bd01ef6b915e849f,native,curvature/e_lin_gradient,e_lin,gradient,129,0.023995535714285716,0.009108304160192721,,torch.bfloat16
d16-s7,16,7,d16-s7-s0-8e0a39fc8f164343bd01ef6b915e849f,native,curvature/verdict_code_gradient,verdict_code,gradient,129,0.023995535714285716,2.0,,torch.bfloat16
d16-s7,16,7,d16-s7-s0-8e0a39fc8f164343bd01ef6b915e849f,native,curvature/e_sym_update,e_sym,update,129,0.023995535714285716,0.010242610807272977,,torch.bfloat16
d16-s7,16,7,d16-s7-s0-8e0a39fc8f164343bd01ef6b915e849f,native,curvature/e_lin_update,e_lin,update,129,0.023995535714285716,0.01421351587895423,,torch.bfloat16
d16-s7,16,7,d16-s7-s0-8e0a39fc8f164343bd01ef6b915e849f,native,curvature/verdict_code_update,verdict_code,update,129,0.023995535714285716,2.0,,torch.bfloat16
d16-s7,16,7,d16-s7-s0-8e0a39fc8f164343bd01ef6b915e849f,shadow_fp32,curvature/e_sym_random,e_sym,random,257,0.04780505952380952,1.908478569519613e-07,hvp-shadow-fp32-ieee-v1,torch.float32
d16-s7,16,7,d16-s7-s0-8e0a39fc8f164343bd01ef6b915e849f,shadow_fp32,curvature/e_lin_random,e_lin,random,257,0.04780505952380952,9.123431454150955e-07,hvp-shadow-fp32-ieee-v1,torch.float32
d16-s7,16,7,d16-s7-s0-8e0a39fc8f164343bd01ef6b915e849f,shadow_fp32,curvature/verdict_code_random,verdict_code,random,257,0.04780505952380952,1.0,hvp-shadow-fp32-ieee-v1,torch.float32
d16-s7,16,7,d16-s7-s0-8e0a39fc8f164343bd01ef6b915e849f,shadow_fp32,curvature/e_sym_gradient,e_sym,gradient,257,0.04780505952380952,5.401740873047148e-07,hvp-shadow-fp32-ieee-v1,torch.float32
d16-s7,16,7,d16-s7-s0-8e0a39fc8f164343bd01ef6b915e849f,shadow_fp32,curvature/e_lin_gradient,e_lin,gradient,257,0.04780505952380952,5.575597350333339e-07,hvp-shadow-fp32-ieee-v1,torch.float32
d16-s7,16,7,d16-s7-s0-8e0a39fc8f164343bd01ef6b915e849f,shadow_fp32,curvature/verdict_code_gradient,verdict_code,gradient,257,0.04780505952380952,0.0,hvp-shadow-fp32-ieee-v1,torch.float32
d16-s7,16,7,d16-s7-s0-8e0a39fc8f164343bd01ef6b915e849f,shadow_fp32,curvature/e_sym_update,e_sym,update,257,0.04780505952380952,5.352728669961388e-07,hvp-shadow-fp32-ieee-v1,torch.float32
d16-s7,16,7,d16-s7-s0-8e0a39fc8f164343bd01ef6b915e849f,shadow_fp32,curvature/e_lin_update,e_lin,update,257,0.04780505952380952,8.628243935678913e-07,hvp-shadow-fp32-ieee-v1,torch.float32
d16-s7,16,7,d16-s7-s0-8e0a39fc8f164343bd01ef6b915e849f,shadow_fp32,curvature/verdict_code_update,verdict_code,update,257,0.04780505952380952,1.0,hvp-shadow-fp32-ieee-v1,torch.float32
d16-s7,16,7,d16-s7-s0-8e0a39fc8f164343bd01ef6b915e849f,native,curvature/e_sym_random,e_sym,random,257,0.04780505952380952,0.011664356477154938,,torch.bfloat16
d16-s7,16,7,d16-s7-s0-8e0a39fc8f164343bd01ef6b915e849f,native,curvature/e_lin_random,e_lin,random,257,0.04780505952380952,0.012505831352451173,,torch.bfloat16
d16-s7,16,7,d16-s7-s0-8e0a39fc8f164343bd01ef6b915e849f,native,curvature/verdict_code_random,verdict_code,random,257,0.04780505952380952,2.0,,torch.bfloat16
d16-s7,16,7,d16-s7-s0-8e0a39fc8f164343bd01ef6b915e849f,native,curvature/e_sym_gradient,e_sym,gradient,257,0.04780505952380952,0.01611038644858084,,torch.bfloat16
d16-s7,16,7,d16-s7-s0-8e0a39fc8f164343bd01ef6b915e849f,native,curvature/e_lin_gradient,e_lin,gradient,257,0.04780505952380952,0.00787124011331218,,torch.bfloat16
d16-s7,16,7,d16-s7-s0-8e0a39fc8f164343bd01ef6b915e849f,native,curvature/verdict_code_gradient,verdict_code,gradient,257,0.04780505952380952,2.0,,torch.bfloat16
d16-s7,16,7,d16-s7-s0-8e0a39fc8f164343bd01ef6b915e849f,native,curvature/e_sym_update,e_sym,update,257,0.04780505952380952,7.23419717006112e-05,,torch.bfloat16
d16-s7,16,7,d16-s7-s0-8e0a39fc8f164343bd01ef6b915e849f,native,curvature/e_lin_update,e_lin,update,257,0.04780505952380952,0.011931772182519552,,torch.bfloat16
d16-s7,16,7,d16-s7-s0-8e0a39fc8f164343bd01ef6b915e849f,native,curvature/verdict_code_update,verdict_code,update,257,0.04780505952380952,2.0,,torch.bfloat16
d16-s7,16,7,d16-s7-s0-8e0a39fc8f164343bd01ef6b915e849f,shadow_fp32,curvature/e_sym_random,e_sym,random,270,0.05022321428571429,6.887078893171969e-06,hvp-shadow-fp32-ieee-v1,torch.float32
d16-s7,16,7,d16-s7-s0-8e0a39fc8f164343bd01ef6b915e849f,shadow_fp32,curvature/e_lin_random,e_lin,random,270,0.05022321428571429,9.174881180438343e-07,hvp-shadow-fp32-ieee-v1,torch.float32
d16-s7,16,7,d16-s7-s0-8e0a39fc8f164343bd01ef6b915e849f,shadow_fp32,curvature/verdict_code_random,verdict_code,random,270,0.05022321428571429,1.0,hvp-shadow-fp32-ieee-v1,torch.float32
d16-s7,16,7,d16-s7-s0-8e0a39fc8f164343bd01ef6b915e849f,shadow_fp32,curvature/e_sym_gradient,e_sym,gradient,270,0.05022321428571429,1.8230791139915122e-07,hvp-shadow-fp32-ieee-v1,torch.float32
d16-s7,16,7,d16-s7-s0-8e0a39fc8f164343bd01ef6b915e849f,shadow_fp32,curvature/e_lin_gradient,e_lin,gradient,270,0.05022321428571429,5.080537417179373e-07,hvp-shadow-fp32-ieee-v1,torch.float32
d16-s7,16,7,d16-s7-s0-8e0a39fc8f164343bd01ef6b915e849f,shadow_fp32,curvature/verdict_code_gradient,verdict_code,gradient,270,0.05022321428571429,0.0,hvp-shadow-fp32-ieee-v1,torch.float32
d16-s7,16,7,d16-s7-s0-8e0a39fc8f164343bd01ef6b915e849f,shadow_fp32,curvature/e_sym_update,e_sym,update,270,0.05022321428571429,9.400198615988895e-07,hvp-shadow-fp32-ieee-v1,torch.float32
d16-s7,16,7,d16-s7-s0-8e0a39fc8f164343bd01ef6b915e849f,shadow_fp32,curvature/e_lin_update,e_lin,update,270,0.05022321428571429,8.823972481882846e-07,hvp-shadow-fp32-ieee-v1,torch.float32
d16-s7,16,7,d16-s7-s0-8e0a39fc8f164343bd01ef6b915e849f,shadow_fp32,curvature/verdict_code_update,verdict_code,update,270,0.05022321428571429,1.0,hvp-shadow-fp32-ieee-v1,torch.float32
d16-s7,16,7,d16-s7-s0-8e0a39fc8f164343bd01ef6b915e849f,native,curvature/e_sym_random,e_sym,random,270,0.05022321428571429,0.003586530870485237,,torch.bfloat16
d16-s7,16,7,d16-s7-s0-8e0a39fc8f164343bd01ef6b915e849f,native,curvature/e_lin_random,e_lin,random,270,0.05022321428571429,0.01271996240898743,,torch.bfloat16
d16-s7,16,7,d16-s7-s0-8e0a39fc8f164343bd01ef6b915e849f,native,curvature/verdict_code_random,verdict_code,random,270,0.05022321428571429,2.0,,torch.bfloat16
d16-s7,16,7,d16-s7-s0-8e0a39fc8f164343bd01ef6b915e849f,native,curvature/e_sym_gradient,e_sym,gradient,270,0.05022321428571429,0.007528975695528288,,torch.bfloat16
d16-s7,16,7,d16-s7-s0-8e0a39fc8f164343bd01ef6b915e849f,native,curvature/e_lin_gradient,e_lin,gradient,270,0.05022321428571429,0.007544808144176502,,torch.bfloat16
d16-s7,16,7,d16-s7-s0-8e0a39fc8f164343bd01ef6b915e849f,native,curvature/verdict_code_gradient,verdict_code,gradient,270,0.05022321428571429,2.0,,torch.bfloat16
d16-s7,16,7,d16-s7-s0-8e0a39fc8f164343bd01ef6b915e849f,native,curvature/e_sym_update,e_sym,update,270,0.05022321428571429,0.022344219243270264,,torch.bfloat16
d16-s7,16,7,d16-s7-s0-8e0a39fc8f164343bd01ef6b915e849f,native,curvature/e_lin_update,e_lin,update,270,0.05022321428571429,0.012623467467681247,,torch.bfloat16
d16-s7,16,7,d16-s7-s0-8e0a39fc8f164343bd01ef6b915e849f,native,curvature/verdict_code_update,verdict_code,update,270,0.05022321428571429,2.0,,torch.bfloat16
d16-s7,16,7,d16-s7-s0-8e0a39fc8f164343bd01ef6b915e849f,shadow_fp32,curvature/e_sym_random,e_sym,random,401,0.07459077380952381,5.694116605060529e-06,hvp-shadow-fp32-ieee-v1,torch.float32
d16-s7,16,7,d16-s7-s0-8e0a39fc8f164343bd01ef6b915e849f,shadow_fp32,curvature/e_lin_random,e_lin,random,401,0.07459077380952381,9.386738310554506e-07,hvp-shadow-fp32-ieee-v1,torch.float32
d16-s7,16,7,d16-s7-s0-8e0a39fc8f164343bd01ef6b915e849f,shadow_fp32,curvature/verdict_code_random,verdict_code,random,401,0.07459077380952381,1.0,hvp-shadow-fp32-ieee-v1,torch.float32
d16-s7,16,7,d16-s7-s0-8e0a39fc8f164343bd01ef6b915e849f,shadow_fp32,curvature/e_sym_gradient,e_sym,gradient,401,0.07459077380952381,1.3831510276324688e-06,hvp-shadow-fp32-ieee-v1,torch.float32
d16-s7,16,7,d16-s7-s0-8e0a39fc8f164343bd01ef6b915e849f,shadow_fp32,curvature/e_lin_gradient,e_lin,gradient,401,0.07459077380952381,6.191563061711133e-07,hvp-shadow-fp32-ieee-v1,torch.float32
d16-s7,16,7,d16-s7-s0-8e0a39fc8f164343bd01ef6b915e849f,shadow_fp32,curvature/verdict_code_gradient,verdict_code,gradient,401,0.07459077380952381,0.0,hvp-shadow-fp32-ieee-v1,torch.float32
d16-s7,16,7,d16-s7-s0-8e0a39fc8f164343bd01ef6b915e849f,shadow_fp32,curvature/e_sym_update,e_sym,update,401,0.07459077380952381,4.725265023726564e-05,hvp-shadow-fp32-ieee-v1,torch.float32
d16-s7,16,7,d16-s7-s0-8e0a39fc8f164343bd01ef6b915e849f,shadow_fp32,curvature/e_lin_update,e_lin,update,401,0.07459077380952381,9.076345432559144e-07,hvp-shadow-fp32-ieee-v1,torch.float32
d16-s7,16,7,d16-s7-s0-8e0a39fc8f164343bd01ef6b915e849f,shadow_fp32,curvature/verdict_code_update,verdict_code,update,401,0.07459077380952381,1.0,hvp-shadow-fp32-ieee-v1,torch.float32
d16-s7,16,7,d16-s7-s0-8e0a39fc8f164343bd01ef6b915e849f,native,curvature/e_sym_random,e_sym,random,401,0.07459077380952381,0.01586053853962754,,torch.bfloat16
d16-s7,16,7,d16-s7-s0-8e0a39fc8f164343bd01ef6b915e849f,native,curvature/e_lin_random,e_lin,random,401,0.07459077380952381,0.012457152375275296,,torch.bfloat16
d16-s7,16,7,d16-s7-s0-8e0a39fc8f164343bd01ef6b915e849f,native,curvature/verdict_code_random,verdict_code,random,401,0.07459077380952381,2.0,,torch.bfloat16
d16-s7,16,7,d16-s7-s0-8e0a39fc8f164343bd01ef6b915e849f,native,curvature/e_sym_gradient,e_sym,gradient,401,0.07459077380952381,0.012180923608192715,,torch.bfloat16
d16-s7,16,7,d16-s7-s0-8e0a39fc8f164343bd01ef6b915e849f,native,curvature/e_lin_gradient,e_lin,gradient,401,0.07459077380952381,0.00787443243517777,,torch.bfloat16
d16-s7,16,7,d16-s7-s0-8e0a39fc8f164343bd01ef6b915e849f,native,curvature/verdict_code_gradient,verdict_code,gradient,401,0.07459077380952381,2.0,,torch.bfloat16
d16-s7,16,7,d16-s7-s0-8e0a39fc8f164343bd01ef6b915e849f,native,curvature/e_sym_update,e_sym,update,401,0.07459077380952381,0.9056161119134595,,torch.bfloat16
d16-s7,16,7,d16-s7-s0-8e0a39fc8f164343bd01ef6b915e849f,native,curvature/e_lin_update,e_lin,update,401,0.07459077380952381,0.012460022347260095,,torch.bfloat16
d16-s7,16,7,d16-s7-s0-8e0a39fc8f164343bd01ef6b915e849f,native,curvature/verdict_code_update,verdict_code,update,401,0.07459077380952381,2.0,,torch.bfloat16
d16-s7,16,7,d16-s7-s0-8e0a39fc8f164343bd01ef6b915e849f,shadow_fp32,curvature/e_sym_random,e_sym,random,539,0.10026041666666667,4.970878476040831e-07,hvp-shadow-fp32-ieee-v1,torch.float32
d16-s7,16,7,d16-s7-s0-8e0a39fc8f164343bd01ef6b915e849f,shadow_fp32,curvature/e_lin_random,e_lin,random,539,0.10026041666666667,9.9743581261351e-07,hvp-shadow-fp32-ieee-v1,torch.float32
d16-s7,16,7,d16-s7-s0-8e0a39fc8f164343bd01ef6b915e849f,shadow_fp32,curvature/verdict_code_random,verdict_code,random,539,0.10026041666666667,1.0,hvp-shadow-fp32-ieee-v1,torch.float32
d16-s7,16,7,d16-s7-s0-8e0a39fc8f164343bd01ef6b915e849f,shadow_fp32,curvature/e_sym_gradient,e_sym,gradient,539,0.10026041666666667,3.2117412101662803e-07,hvp-shadow-fp32-ieee-v1,torch.float32
d16-s7,16,7,d16-s7-s0-8e0a39fc8f164343bd01ef6b915e849f,shadow_fp32,curvature/e_lin_gradient,e_lin,gradient,539,0.10026041666666667,5.777805982978252e-07,hvp-shadow-fp32-ieee-v1,torch.float32
d16-s7,16,7,d16-s7-s0-8e0a39fc8f164343bd01ef6b915e849f,shadow_fp32,curvature/verdict_code_gradient,verdict_code,gradient,539,0.10026041666666667,0.0,hvp-shadow-fp32-ieee-v1,torch.float32
d16-s7,16,7,d16-s7-s0-8e0a39fc8f164343bd01ef6b915e849f,shadow_fp32,curvature/e_sym_update,e_sym,update,539,0.10026041666666667,7.3730234677532495e-06,hvp-shadow-fp32-ieee-v1,torch.float32
d16-s7,16,7,d16-s7-s0-8e0a39fc8f164343bd01ef6b915e849f,shadow_fp32,curvature/e_lin_update,e_lin,update,539,0.10026041666666667,9.941336956347088e-07,hvp-shadow-fp32-ieee-v1,torch.float32
d16-s7,16,7,d16-s7-s0-8e0a39fc8f164343bd01ef6b915e849f,shadow_fp32,curvature/verdict_code_update,verdict_code,update,539,0.10026041666666667,1.0,hvp-shadow-fp32-ieee-v1,torch.float32
d16-s7,16,7,d16-s7-s0-8e0a39fc8f164343bd01ef6b915e849f,native,curvature/e_sym_random,e_sym,random,539,0.10026041666666667,0.02230231672300774,,torch.bfloat16
d16-s7,16,7,d16-s7-s0-8e0a39fc8f164343bd01ef6b915e849f,native,curvature/e_lin_random,e_lin,random,539,0.10026041666666667,0.012669753772736762,,torch.bfloat16
d16-s7,16,7,d16-s7-s0-8e0a39fc8f164343bd01ef6b915e849f,native,curvature/verdict_code_random,verdict_code,random,539,0.10026041666666667,2.0,,torch.bfloat16
d16-s7,16,7,d16-s7-s0-8e0a39fc8f164343bd01ef6b915e849f,native,curvature/e_sym_gradient,e_sym,gradient,539,0.10026041666666667,0.00689445854108965,,torch.bfloat16
d16-s7,16,7,d16-s7-s0-8e0a39fc8f164343bd01ef6b915e849f,native,curvature/e_lin_gradient,e_lin,gradient,539,0.10026041666666667,0.008007107796014004,,torch.bfloat16
d16-s7,16,7,d16-s7-s0-8e0a39fc8f164343bd01ef6b915e849f,native,curvature/verdict_code_gradient,verdict_code,gradient,539,0.10026041666666667,2.0,,torch.bfloat16
d16-s7,16,7,d16-s7-s0-8e0a39fc8f164343bd01ef6b915e849f,native,curvature/e_sym_update,e_sym,update,539,0.10026041666666667,0.031183819045540465,,torch.bfloat16
d16-s7,16,7,d16-s7-s0-8e0a39fc8f164343bd01ef6b915e849f,native,curvature/e_lin_update,e_lin,update,539,0.10026041666666667,0.012440513355690016,,torch.bfloat16
d16-s7,16,7,d16-s7-s0-8e0a39fc8f164343bd01ef6b915e849f,native,curvature/verdict_code_update,verdict_code,update,539,0.10026041666666667,2.0,,torch.bfloat16
d16-s7,16,7,d16-s7-s0-8e0a39fc8f164343bd01ef6b915e849f,shadow_fp32,curvature/e_sym_random,e_sym,random,807,0.15011160714285715,1.8695553617346154e-06,hvp-shadow-fp32-ieee-v1,torch.float32
d16-s7,16,7,d16-s7-s0-8e0a39fc8f164343bd01ef6b915e849f,shadow_fp32,curvature/e_lin_random,e_lin,random,807,0.15011160714285715,9.827229668961823e-07,hvp-shadow-fp32-ieee-v1,torch.float32
d16-s7,16,7,d16-s7-s0-8e0a39fc8f164343bd01ef6b915e849f,shadow_fp32,curvature/verdict_code_random,verdict_code,random,807,0.15011160714285715,1.0,hvp-shadow-fp32-ieee-v1,torch.float32
d16-s7,16,7,d16-s7-s0-8e0a39fc8f164343bd01ef6b915e849f,shadow_fp32,curvature/e_sym_gradient,e_sym,gradient,807,0.15011160714285715,7.038084569413635e-07,hvp-shadow-fp32-ieee-v1,torch.float32
d16-s7,16,7,d16-s7-s0-8e0a39fc8f164343bd01ef6b915e849f,shadow_fp32,curvature/e_lin_gradient,e_lin,gradient,807,0.15011160714285715,6.679925025997611e-07,hvp-shadow-fp32-ieee-v1,torch.float32
d16-s7,16,7,d16-s7-s0-8e0a39fc8f164343bd01ef6b915e849f,shadow_fp32,curvature/verdict_code_gradient,verdict_code,gradient,807,0.15011160714285715,0.0,hvp-shadow-fp32-ieee-v1,torch.float32
d16-s7,16,7,d16-s7-s0-8e0a39fc8f164343bd01ef6b915e849f,shadow_fp32,curvature/e_sym_update,e_sym,update,807,0.15011160714285715,9.591923178691426e-06,hvp-shadow-fp32-ieee-v1,torch.float32
d16-s7,16,7,d16-s7-s0-8e0a39fc8f164343bd01ef6b915e849f,shadow_fp32,curvature/e_lin_update,e_lin,update,807,0.15011160714285715,9.459562171694078e-07,hvp-shadow-fp32-ieee-v1,torch.float32
d16-s7,16,7,d16-s7-s0-8e0a39fc8f164343bd01ef6b915e849f,shadow_fp32,curvature/verdict_code_update,verdict_code,update,807,0.15011160714285715,1.0,hvp-shadow-fp32-ieee-v1,torch.float32
d16-s7,16,7,d16-s7-s0-8e0a39fc8f164343bd01ef6b915e849f,native,curvature/e_sym_random,e_sym,random,807,0.15011160714285715,0.024503040700048433,,torch.bfloat16
d16-s7,16,7,d16-s7-s0-8e0a39fc8f164343bd01ef6b915e849f,native,curvature/e_lin_random,e_lin,random,807,0.15011160714285715,0.01275276690835864,,torch.bfloat16
d16-s7,16,7,d16-s7-s0-8e0a39fc8f164343bd01ef6b915e849f,native,curvature/verdict_code_random,verdict_code,random,807,0.15011160714285715,2.0,,torch.bfloat16
d16-s7,16,7,d16-s7-s0-8e0a39fc8f164343bd01ef6b915e849f,native,curvature/e_sym_gradient,e_sym,gradient,807,0.15011160714285715,0.041694321804379895,,torch.bfloat16
d16-s7,16,7,d16-s7-s0-8e0a39fc8f164343bd01ef6b915e849f,native,curvature/e_lin_gradient,e_lin,gradient,807,0.15011160714285715,0.007898748733203979,,torch.bfloat16
d16-s7,16,7,d16-s7-s0-8e0a39fc8f164343bd01ef6b915e849f,native,curvature/verdict_code_gradient,verdict_code,gradient,807,0.15011160714285715,2.0,,torch.bfloat16
d16-s7,16,7,d16-s7-s0-8e0a39fc8f164343bd01ef6b915e849f,native,curvature/e_sym_update,e_sym,update,807,0.15011160714285715,0.0782697785500493,,torch.bfloat16
d16-s7,16,7,d16-s7-s0-8e0a39fc8f164343bd01ef6b915e849f,native,curvature/e_lin_update,e_lin,update,807,0.15011160714285715,0.011683865426443955,,torch.bfloat16
d16-s7,16,7,d16-s7-s0-8e0a39fc8f164343bd01ef6b915e849f,native,curvature/verdict_code_update,verdict_code,update,807,0.15011160714285715,2.0,,torch.bfloat16
d16-s7,16,7,d16-s7-s0-8e0a39fc8f164343bd01ef6b915e849f,shadow_fp32,curvature/e_sym_random,e_sym,random,1076,0.20014880952380953,6.967003875343419e-06,hvp-shadow-fp32-ieee-v1,torch.float32
d16-s7,16,7,d16-s7-s0-8e0a39fc8f164343bd01ef6b915e849f,shadow_fp32,curvature/e_lin_random,e_lin,random,1076,0.20014880952380953,8.717234600320237e-07,hvp-shadow-fp32-ieee-v1,torch.float32
d16-s7,16,7,d16-s7-s0-8e0a39fc8f164343bd01ef6b915e849f,shadow_fp32,curvature/verdict_code_random,verdict_code,random,1076,0.20014880952380953,1.0,hvp-shadow-fp32-ieee-v1,torch.float32
d16-s7,16,7,d16-s7-s0-8e0a39fc8f164343bd01ef6b915e849f,shadow_fp32,curvature/e_sym_gradient,e_sym,gradient,1076,0.20014880952380953,5.328376068178766e-07,hvp-shadow-fp32-ieee-v1,torch.float32
d16-s7,16,7,d16-s7-s0-8e0a39fc8f164343bd01ef6b915e849f,shadow_fp32,curvature/e_lin_gradient,e_lin,gradient,1076,0.20014880952380953,5.002893108446771e-07,hvp-shadow-fp32-ieee-v1,torch.float32
d16-s7,16,7,d16-s7-s0-8e0a39fc8f164343bd01ef6b915e849f,shadow_fp32,curvature/verdict_code_gradient,verdict_code,gradient,1076,0.20014880952380953,0.0,hvp-shadow-fp32-ieee-v1,torch.float32
d16-s7,16,7,d16-s7-s0-8e0a39fc8f164343bd01ef6b915e849f,shadow_fp32,curvature/e_sym_update,e_sym,update,1076,0.20014880952380953,6.249757444219414e-07,hvp-shadow-fp32-ieee-v1,torch.float32
d16-s7,16,7,d16-s7-s0-8e0a39fc8f164343bd01ef6b915e849f,shadow_fp32,curvature/e_lin_update,e_lin,update,1076,0.20014880952380953,9.842561029309513e-07,hvp-shadow-fp32-ieee-v1,torch.float32
d16-s7,16,7,d16-s7-s0-8e0a39fc8f164343bd01ef6b915e849f,shadow_fp32,curvature/verdict_code_update,verdict_code,update,1076,0.20014880952380953,1.0,hvp-shadow-fp32-ieee-v1,torch.float32
d16-s7,16,7,d16-s7-s0-8e0a39fc8f164343bd01ef6b915e849f,native,curvature/e_sym_random,e_sym,random,1076,0.20014880952380953,0.003058850928585396,,torch.bfloat16
d16-s7,16,7,d16-s7-s0-8e0a39fc8f164343bd01ef6b915e849f,native,curvature/e_lin_random,e_lin,random,1076,0.20014880952380953,0.010425091151692887,,torch.bfloat16
d16-s7,16,7,d16-s7-s0-8e0a39fc8f164343bd01ef6b915e849f,native,curvature/verdict_code_random,verdict_code,random,1076,0.20014880952380953,2.0,,torch.bfloat16
d16-s7,16,7,d16-s7-s0-8e0a39fc8f164343bd01ef6b915e849f,native,curvature/e_sym_gradient,e_sym,gradient,1076,0.20014880952380953,0.010470760056242607,,torch.bfloat16
d16-s7,16,7,d16-s7-s0-8e0a39fc8f164343bd01ef6b915e849f,native,curvature/e_lin_gradient,e_lin,gradient,1076,0.20014880952380953,0.0055157519089100195,,torch.bfloat16
d16-s7,16,7,d16-s7-s0-8e0a39fc8f164343bd01ef6b915e849f,native,curvature/verdict_code_gradient,verdict_code,gradient,1076,0.20014880952380953,2.0,,torch.bfloat16
d16-s7,16,7,d16-s7-s0-8e0a39fc8f164343bd01ef6b915e849f,native,curvature/e_sym_update,e_sym,update,1076,0.20014880952380953,0.00865290554043701,,torch.bfloat16
d16-s7,16,7,d16-s7-s0-8e0a39fc8f164343bd01ef6b915e849f,native,curvature/e_lin_update,e_lin,update,1076,0.20014880952380953,0.01143002054991201,,torch.bfloat16
d16-s7,16,7,d16-s7-s0-8e0a39fc8f164343bd01ef6b915e849f,native,curvature/verdict_code_update,verdict_code,update,1076,0.20014880952380953,2.0,,torch.bfloat16
d16-s7,16,7,d16-s7-s0-8e0a39fc8f164343bd01ef6b915e849f,shadow_fp32,curvature/e_sym_random,e_sym,random,1345,0.2501860119047619,2.3122501212413943e-07,hvp-shadow-fp32-ieee-v1,torch.float32
d16-s7,16,7,d16-s7-s0-8e0a39fc8f164343bd01ef6b915e849f,shadow_fp32,curvature/e_lin_random,e_lin,random,1345,0.2501860119047619,8.681983494981442e-07,hvp-shadow-fp32-ieee-v1,torch.float32
d16-s7,16,7,d16-s7-s0-8e0a39fc8f164343bd01ef6b915e849f,shadow_fp32,curvature/verdict_code_random,verdict_code,random,1345,0.2501860119047619,1.0,hvp-shadow-fp32-ieee-v1,torch.float32
d16-s7,16,7,d16-s7-s0-8e0a39fc8f164343bd01ef6b915e849f,shadow_fp32,curvature/e_sym_gradient,e_sym,gradient,1345,0.2501860119047619,2.3189483399866753e-06,hvp-shadow-fp32-ieee-v1,torch.float32
d16-s7,16,7,d16-s7-s0-8e0a39fc8f164343bd01ef6b915e849f,shadow_fp32,curvature/e_lin_gradient,e_lin,gradient,1345,0.2501860119047619,5.00391337996459e-07,hvp-shadow-fp32-ieee-v1,torch.float32
d16-s7,16,7,d16-s7-s0-8e0a39fc8f164343bd01ef6b915e849f,shadow_fp32,curvature/verdict_code_gradient,verdict_code,gradient,1345,0.2501860119047619,0.0,hvp-shadow-fp32-ieee-v1,torch.float32
d16-s7,16,7,d16-s7-s0-8e0a39fc8f164343bd01ef6b915e849f,shadow_fp32,curvature/e_sym_update,e_sym,update,1345,0.2501860119047619,2.3871061259079067e-06,hvp-shadow-fp32-ieee-v1,torch.float32
d16-s7,16,7,d16-s7-s0-8e0a39fc8f164343bd01ef6b915e849f,shadow_fp32,curvature/e_lin_update,e_lin,update,1345,0.2501860119047619,9.029917738087305e-07,hvp-shadow-fp32-ieee-v1,torch.float32
d16-s7,16,7,d16-s7-s0-8e0a39fc8f164343bd01ef6b915e849f,shadow_fp32,curvature/verdict_code_update,verdict_code,update,1345,0.2501860119047619,1.0,hvp-shadow-fp32-ieee-v1,torch.float32
d16-s7,16,7,d16-s7-s0-8e0a39fc8f164343bd01ef6b915e849f,native,curvature/e_sym_random,e_sym,random,1345,0.2501860119047619,0.013399810067254771,,torch.bfloat16
d16-s7,16,7,d16-s7-s0-8e0a39fc8f164343bd01ef6b915e849f,native,curvature/e_lin_random,e_lin,random,1345,0.2501860119047619,0.009962289594744562,,torch.bfloat16
d16-s7,16,7,d16-s7-s0-8e0a39fc8f164343bd01ef6b915e849f,native,curvature/verdict_code_random,verdict_code,random,1345,0.2501860119047619,2.0,,torch.bfloat16
d16-s7,16,7,d16-s7-s0-8e0a39fc8f164343bd01ef6b915e849f,native,curvature/e_sym_gradient,e_sym,gradient,1345,0.2501860119047619,0.07649278818093079,,torch.bfloat16
d16-s7,16,7,d16-s7-s0-8e0a39fc8f164343bd01ef6b915e849f,native,curvature/e_lin_gradient,e_lin,gradient,1345,0.2501860119047619,0.005250117057726128,,torch.bfloat16
d16-s7,16,7,d16-s7-s0-8e0a39fc8f164343bd01ef6b915e849f,native,curvature/verdict_code_gradient,verdict_code,gradient,1345,0.2501860119047619,2.0,,torch.bfloat16
d16-s7,16,7,d16-s7-s0-8e0a39fc8f164343bd01ef6b915e849f,native,curvature/e_sym_update,e_sym,update,1345,0.2501860119047619,0.009041552321483097,,torch.bfloat16
d16-s7,16,7,d16-s7-s0-8e0a39fc8f164343bd01ef6b915e849f,native,curvature/e_lin_update,e_lin,update,1345,0.2501860119047619,0.010743701378009524,,torch.bfloat16
d16-s7,16,7,d16-s7-s0-8e0a39fc8f164343bd01ef6b915e849f,native,curvature/verdict_code_update,verdict_code,update,1345,0.2501860119047619,2.0,,torch.bfloat16
d16-s7,16,7,d16-s7-s0-8e0a39fc8f164343bd01ef6b915e849f,shadow_fp32,curvature/e_sym_random,e_sym,random,1614,0.3002232142857143,4.569601333289001e-07,hvp-shadow-fp32-ieee-v1,torch.float32
d16-s7,16,7,d16-s7-s0-8e0a39fc8f164343bd01ef6b915e849f,shadow_fp32,curvature/e_lin_random,e_lin,random,1614,0.3002232142857143,9.199656511028527e-07,hvp-shadow-fp32-ieee-v1,torch.float32
d16-s7,16,7,d16-s7-s0-8e0a39fc8f164343bd01ef6b915e849f,shadow_fp32,curvature/verdict_code_random,verdict_code,random,1614,0.3002232142857143,1.0,hvp-shadow-fp32-ieee-v1,torch.float32
d16-s7,16,7,d16-s7-s0-8e0a39fc8f164343bd01ef6b915e849f,shadow_fp32,curvature/e_sym_gradient,e_sym,gradient,1614,0.3002232142857143,8.174297097966423e-07,hvp-shadow-fp32-ieee-v1,torch.float32
d16-s7,16,7,d16-s7-s0-8e0a39fc8f164343bd01ef6b915e849f,shadow_fp32,curvature/e_lin_gradient,e_lin,gradient,1614,0.3002232142857143,5.233668365503918e-07,hvp-shadow-fp32-ieee-v1,torch.float32
d16-s7,16,7,d16-s7-s0-8e0a39fc8f164343bd01ef6b915e849f,shadow_fp32,curvature/verdict_code_gradient,verdict_code,gradient,1614,0.3002232142857143,0.0,hvp-shadow-fp32-ieee-v1,torch.float32
d16-s7,16,7,d16-s7-s0-8e0a39fc8f164343bd01ef6b915e849f,shadow_fp32,curvature/e_sym_update,e_sym,update,1614,0.3002232142857143,7.168450784640052e-07,hvp-shadow-fp32-ieee-v1,torch.float32
d16-s7,16,7,d16-s7-s0-8e0a39fc8f164343bd01ef6b915e849f,shadow_fp32,curvature/e_lin_update,e_lin,update,1614,0.3002232142857143,9.365569456101818e-07,hvp-shadow-fp32-ieee-v1,torch.float32
d16-s7,16,7,d16-s7-s0-8e0a39fc8f164343bd01ef6b915e849f,shadow_fp32,curvature/verdict_code_update,verdict_code,update,1614,0.3002232142857143,1.0,hvp-shadow-fp32-ieee-v1,torch.float32
d16-s7,16,7,d16-s7-s0-8e0a39fc8f164343bd01ef6b915e849f,native,curvature/e_sym_random,e_sym,random,1614,0.3002232142857143,0.02717663605823126,,torch.bfloat16
d16-s7,16,7,d16-s7-s0-8e0a39fc8f164343bd01ef6b915e849f,native,curvature/e_lin_random,e_lin,random,1614,0.3002232142857143,0.009551357068533446,,torch.bfloat16
d16-s7,16,7,d16-s7-s0-8e0a39fc8f164343bd01ef6b915e849f,native,curvature/verdict_code_random,verdict_code,random,1614,0.3002232142857143,2.0,,torch.bfloat16
d16-s7,16,7,d16-s7-s0-8e0a39fc8f164343bd01ef6b915e849f,native,curvature/e_sym_gradient,e_sym,gradient,1614,0.3002232142857143,0.008325495296442689,,torch.bfloat16
d16-s7,16,7,d16-s7-s0-8e0a39fc8f164343bd01ef6b915e849f,native,curvature/e_lin_gradient,e_lin,gradient,1614,0.3002232142857143,0.0049042950129071965,,torch.bfloat16
d16-s7,16,7,d16-s7-s0-8e0a39fc8f164343bd01ef6b915e849f,native,curvature/verdict_code_gradient,verdict_code,gradient,1614,0.3002232142857143,2.0,,torch.bfloat16
d16-s7,16,7,d16-s7-s0-8e0a39fc8f164343bd01ef6b915e849f,native,curvature/e_sym_update,e_sym,update,1614,0.3002232142857143,0.010242322826388373,,torch.bfloat16
d16-s7,16,7,d16-s7-s0-8e0a39fc8f164343bd01ef6b915e849f,native,curvature/e_lin_update,e_lin,update,1614,0.3002232142857143,0.009487557467997822,,torch.bfloat16
d16-s7,16,7,d16-s7-s0-8e0a39fc8f164343bd01ef6b915e849f,native,curvature/verdict_code_update,verdict_code,update,1614,0.3002232142857143,2.0,,torch.bfloat16
d16-s7,16,7,d16-s7-s0-8e0a39fc8f164343bd01ef6b915e849f,shadow_fp32,curvature/e_sym_random,e_sym,random,1882,0.35007440476190477,2.6936480073519884e-07,hvp-shadow-fp32-ieee-v1,torch.float32
d16-s7,16,7,d16-s7-s0-8e0a39fc8f164343bd01ef6b915e849f,shadow_fp32,curvature/e_lin_random,e_lin,random,1882,0.35007440476190477,8.394561924020145e-07,hvp-shadow-fp32-ieee-v1,torch.float32
d16-s7,16,7,d16-s7-s0-8e0a39fc8f164343bd01ef6b915e849f,shadow_fp32,curvature/verdict_code_random,verdict_code,random,1882,0.35007440476190477,1.0,hvp-shadow-fp32-ieee-v1,torch.float32
d16-s7,16,7,d16-s7-s0-8e0a39fc8f164343bd01ef6b915e849f,shadow_fp32,curvature/e_sym_gradient,e_sym,gradient,1882,0.35007440476190477,2.3305978469972155e-05,hvp-shadow-fp32-ieee-v1,torch.float32
d16-s7,16,7,d16-s7-s0-8e0a39fc8f164343bd01ef6b915e849f,shadow_fp32,curvature/e_lin_gradient,e_lin,gradient,1882,0.35007440476190477,4.4058510030653266e-07,hvp-shadow-fp32-ieee-v1,torch.float32
d16-s7,16,7,d16-s7-s0-8e0a39fc8f164343bd01ef6b915e849f,shadow_fp32,curvature/verdict_code_gradient,verdict_code,gradient,1882,0.35007440476190477,0.0,hvp-shadow-fp32-ieee-v1,torch.float32
d16-s7,16,7,d16-s7-s0-8e0a39fc8f164343bd01ef6b915e849f,shadow_fp32,curvature/e_sym_update,e_sym,update,1882,0.35007440476190477,1.1737693587591468e-06,hvp-shadow-fp32-ieee-v1,torch.float32
d16-s7,16,7,d16-s7-s0-8e0a39fc8f164343bd01ef6b915e849f,shadow_fp32,curvature/e_lin_update,e_lin,update,1882,0.35007440476190477,8.609069354208206e-07,hvp-shadow-fp32-ieee-v1,torch.float32
d16-s7,16,7,d16-s7-s0-8e0a39fc8f164343bd01ef6b915e849f,shadow_fp32,curvature/verdict_code_update,verdict_code,update,1882,0.35007440476190477,1.0,hvp-shadow-fp32-ieee-v1,torch.float32
d16-s7,16,7,d16-s7-s0-8e0a39fc8f164343bd01ef6b915e849f,native,curvature/e_sym_random,e_sym,random,1882,0.35007440476190477,0.009980580759999502,,torch.bfloat16
d16-s7,16,7,d16-s7-s0-8e0a39fc8f164343bd01ef6b915e849f,native,curvature/e_lin_random,e_lin,random,1882,0.35007440476190477,0.00842945056473842,,torch.bfloat16
d16-s7,16,7,d16-s7-s0-8e0a39fc8f164343bd01ef6b915e849f,native,curvature/verdict_code_random,verdict_code,random,1882,0.35007440476190477,2.0,,torch.bfloat16
d16-s7,16,7,d16-s7-s0-8e0a39fc8f164343bd01ef6b915e849f,native,curvature/e_sym_gradient,e_sym,gradient,1882,0.35007440476190477,0.01671391677708353,,torch.bfloat16
d16-s7,16,7,d16-s7-s0-8e0a39fc8f164343bd01ef6b915e849f,native,curvature/e_lin_gradient,e_lin,gradient,1882,0.35007440476190477,0.00466596185848115,,torch.bfloat16
d16-s7,16,7,d16-s7-s0-8e0a39fc8f164343bd01ef6b915e849f,native,curvature/verdict_code_gradient,verdict_code,gradient,1882,0.35007440476190477,2.0,,torch.bfloat16
d16-s7,16,7,d16-s7-s0-8e0a39fc8f164343bd01ef6b915e849f,native,curvature/e_sym_update,e_sym,update,1882,0.35007440476190477,0.009447051601814952,,torch.bfloat16
d16-s7,16,7,d16-s7-s0-8e0a39fc8f164343bd01ef6b915e849f,native,curvature/e_lin_update,e_lin,update,1882,0.35007440476190477,0.009317393748601337,,torch.bfloat16
d16-s7,16,7,d16-s7-s0-8e0a39fc8f164343bd01ef6b915e849f,native,curvature/verdict_code_update,verdict_code,update,1882,0.35007440476190477,2.0,,torch.bfloat16
d16-s7,16,7,d16-s7-s0-8e0a39fc8f164343bd01ef6b915e849f,shadow_fp32,curvature/e_sym_random,e_sym,random,1883,0.3502604166666667,4.38538057165845e-07,hvp-shadow-fp32-ieee-v1,torch.float32
d16-s7,16,7,d16-s7-s0-8e0a39fc8f164343bd01ef6b915e849f,shadow_fp32,curvature/e_lin_random,e_lin,random,1883,0.3502604166666667,9.956503353991859e-07,hvp-shadow-fp32-ieee-v1,torch.float32
d16-s7,16,7,d16-s7-s0-8e0a39fc8f164343bd01ef6b915e849f,shadow_fp32,curvature/verdict_code_random,verdict_code,random,1883,0.3502604166666667,1.0,hvp-shadow-fp32-ieee-v1,torch.float32
d16-s7,16,7,d16-s7-s0-8e0a39fc8f164343bd01ef6b915e849f,shadow_fp32,curvature/e_sym_gradient,e_sym,gradient,1883,0.3502604166666667,2.6072980117477112e-06,hvp-shadow-fp32-ieee-v1,torch.float32
d16-s7,16,7,d16-s7-s0-8e0a39fc8f164343bd01ef6b915e849f,shadow_fp32,curvature/e_lin_gradient,e_lin,gradient,1883,0.3502604166666667,5.141057920771388e-07,hvp-shadow-fp32-ieee-v1,torch.float32
d16-s7,16,7,d16-s7-s0-8e0a39fc8f164343bd01ef6b915e849f,shadow_fp32,curvature/verdict_code_gradient,verdict_code,gradient,1883,0.3502604166666667,0.0,hvp-shadow-fp32-ieee-v1,torch.float32
d16-s7,16,7,d16-s7-s0-8e0a39fc8f164343bd01ef6b915e849f,shadow_fp32,curvature/e_sym_update,e_sym,update,1883,0.3502604166666667,1.4703397577545817e-06,hvp-shadow-fp32-ieee-v1,torch.float32
d16-s7,16,7,d16-s7-s0-8e0a39fc8f164343bd01ef6b915e849f,shadow_fp32,curvature/e_lin_update,e_lin,update,1883,0.3502604166666667,8.385125852385184e-07,hvp-shadow-fp32-ieee-v1,torch.float32
d16-s7,16,7,d16-s7-s0-8e0a39fc8f164343bd01ef6b915e849f,shadow_fp32,curvature/verdict_code_update,verdict_code,update,1883,0.3502604166666667,1.0,hvp-shadow-fp32-ieee-v1,torch.float32
d16-s7,16,7,d16-s7-s0-8e0a39fc8f164343bd01ef6b915e849f,native,curvature/e_sym_random,e_sym,random,1883,0.3502604166666667,0.02065575819205668,,torch.bfloat16
d16-s7,16,7,d16-s7-s0-8e0a39fc8f164343bd01ef6b915e849f,native,curvature/e_lin_random,e_lin,random,1883,0.3502604166666667,0.009456314491051691,,torch.bfloat16
d16-s7,16,7,d16-s7-s0-8e0a39fc8f164343bd01ef6b915e849f,native,curvature/verdict_code_random,verdict_code,random,1883,0.3502604166666667,2.0,,torch.bfloat16
d16-s7,16,7,d16-s7-s0-8e0a39fc8f164343bd01ef6b915e849f,native,curvature/e_sym_gradient,e_sym,gradient,1883,0.3502604166666667,0.016619508596522125,,torch.bfloat16
d16-s7,16,7,d16-s7-s0-8e0a39fc8f164343bd01ef6b915e849f,native,curvature/e_lin_gradient,e_lin,gradient,1883,0.3502604166666667,0.005292361620215189,,torch.bfloat16
d16-s7,16,7,d16-s7-s0-8e0a39fc8f164343bd01ef6b915e849f,native,curvature/verdict_code_gradient,verdict_code,gradient,1883,0.3502604166666667,2.0,,torch.bfloat16
d16-s7,16,7,d16-s7-s0-8e0a39fc8f164343bd01ef6b915e849f,native,curvature/e_sym_update,e_sym,update,1883,0.3502604166666667,0.007799744683664927,,torch.bfloat16
d16-s7,16,7,d16-s7-s0-8e0a39fc8f164343bd01ef6b915e849f,native,curvature/e_lin_update,e_lin,update,1883,0.3502604166666667,0.009454276172136218,,torch.bfloat16
d16-s7,16,7,d16-s7-s0-8e0a39fc8f164343bd01ef6b915e849f,native,curvature/verdict_code_update,verdict_code,update,1883,0.3502604166666667,2.0,,torch.bfloat16
d16-s7,16,7,d16-s7-s0-8e0a39fc8f164343bd01ef6b915e849f,shadow_fp32,curvature/e_sym_random,e_sym,random,2151,0.40011160714285715,1.8059618415104205e-05,hvp-shadow-fp32-ieee-v1,torch.float32
d16-s7,16,7,d16-s7-s0-8e0a39fc8f164343bd01ef6b915e849f,shadow_fp32,curvature/e_lin_random,e_lin,random,2151,0.40011160714285715,7.429945046738613e-07,hvp-shadow-fp32-ieee-v1,torch.float32
d16-s7,16,7,d16-s7-s0-8e0a39fc8f164343bd01ef6b915e849f,shadow_fp32,curvature/verdict_code_random,verdict_code,random,2151,0.40011160714285715,1.0,hvp-shadow-fp32-ieee-v1,torch.float32
d16-s7,16,7,d16-s7-s0-8e0a39fc8f164343bd01ef6b915e849f,shadow_fp32,curvature/e_sym_gradient,e_sym,gradient,2151,0.40011160714285715,1.6545184565654246e-06,hvp-shadow-fp32-ieee-v1,torch.float32
d16-s7,16,7,d16-s7-s0-8e0a39fc8f164343bd01ef6b915e849f,shadow_fp32,curvature/e_lin_gradient,e_lin,gradient,2151,0.40011160714285715,4.6209781924722204e-07,hvp-shadow-fp32-ieee-v1,torch.float32
d16-s7,16,7,d16-s7-s0-8e0a39fc8f164343bd01ef6b915e849f,shadow_fp32,curvature/verdict_code_gradient,verdict_code,gradient,2151,0.40011160714285715,0.0,hvp-shadow-fp32-ieee-v1,torch.float32
d16-s7,16,7,d16-s7-s0-8e0a39fc8f164343bd01ef6b915e849f,shadow_fp32,curvature/e_sym_update,e_sym,update,2151,0.40011160714285715,9.454443355111594e-07,hvp-shadow-fp32-ieee-v1,torch.float32
d16-s7,16,7,d16-s7-s0-8e0a39fc8f164343bd01ef6b915e849f,shadow_fp32,curvature/e_lin_update,e_lin,update,2151,0.40011160714285715,8.548173509054039e-07,hvp-shadow-fp32-ieee-v1,torch.float32
d16-s7,16,7,d16-s7-s0-8e0a39fc8f164343bd01ef6b915e849f,shadow_fp32,curvature/verdict_code_update,verdict_code,update,2151,0.40011160714285715,1.0,hvp-shadow-fp32-ieee-v1,torch.float32
d16-s7,16,7,d16-s7-s0-8e0a39fc8f164343bd01ef6b915e849f,native,curvature/e_sym_random,e_sym,random,2151,0.40011160714285715,0.18177265545836102,,torch.bfloat16
d16-s7,16,7,d16-s7-s0-8e0a39fc8f164343bd01ef6b915e849f,native,curvature/e_lin_random,e_lin,random,2151,0.40011160714285715,0.007164853336114489,,torch.bfloat16
d16-s7,16,7,d16-s7-s0-8e0a39fc8f164343bd01ef6b915e849f,native,curvature/verdict_code_random,verdict_code,random,2151,0.40011160714285715,2.0,,torch.bfloat16
d16-s7,16,7,d16-s7-s0-8e0a39fc8f164343bd01ef6b915e849f,native,curvature/e_sym_gradient,e_sym,gradient,2151,0.40011160714285715,0.007543686800213248,,torch.bfloat16
d16-s7,16,7,d16-s7-s0-8e0a39fc8f164343bd01ef6b915e849f,native,curvature/e_lin_gradient,e_lin,gradient,2151,0.40011160714285715,0.004451062030433903,,torch.bfloat16
d16-s7,16,7,d16-s7-s0-8e0a39fc8f164343bd01ef6b915e849f,native,curvature/verdict_code_gradient,verdict_code,gradient,2151,0.40011160714285715,2.0,,torch.bfloat16
d16-s7,16,7,d16-s7-s0-8e0a39fc8f164343bd01ef6b915e849f,native,curvature/e_sym_update,e_sym,update,2151,0.40011160714285715,0.0008253502826715872,,torch.bfloat16
d16-s7,16,7,d16-s7-s0-8e0a39fc8f164343bd01ef6b915e849f,native,curvature/e_lin_update,e_lin,update,2151,0.40011160714285715,0.008495631130993341,,torch.bfloat16
d16-s7,16,7,d16-s7-s0-8e0a39fc8f164343bd01ef6b915e849f,native,curvature/verdict_code_update,verdict_code,update,2151,0.40011160714285715,2.0,,torch.bfloat16
d16-s7,16,7,d16-s7-s0-8e0a39fc8f164343bd01ef6b915e849f,shadow_fp32,curvature/e_sym_random,e_sym,random,2420,0.45014880952380953,7.920997994047263e-06,hvp-shadow-fp32-ieee-v1,torch.float32
d16-s7,16,7,d16-s7-s0-8e0a39fc8f164343bd01ef6b915e849f,shadow_fp32,curvature/e_lin_random,e_lin,random,2420,0.45014880952380953,8.054758646456785e-07,hvp-shadow-fp32-ieee-v1,torch.float32
d16-s7,16,7,d16-s7-s0-8e0a39fc8f164343bd01ef6b915e849f,shadow_fp32,curvature/verdict_code_random,verdict_code,random,2420,0.45014880952380953,1.0,hvp-shadow-fp32-ieee-v1,torch.float32
d16-s7,16,7,d16-s7-s0-8e0a39fc8f164343bd01ef6b915e849f,shadow_fp32,curvature/e_sym_gradient,e_sym,gradient,2420,0.45014880952380953,3.281968221873525e-07,hvp-shadow-fp32-ieee-v1,torch.float32
d16-s7,16,7,d16-s7-s0-8e0a39fc8f164343bd01ef6b915e849f,shadow_fp32,curvature/e_lin_gradient,e_lin,gradient,2420,0.45014880952380953,5.115184163840378e-07,hvp-shadow-fp32-ieee-v1,torch.float32
d16-s7,16,7,d16-s7-s0-8e0a39fc8f164343bd01ef6b915e849f,shadow_fp32,curvature/verdict_code_gradient,verdict_code,gradient,2420,0.45014880952380953,0.0,hvp-shadow-fp32-ieee-v1,torch.float32
d16-s7,16,7,d16-s7-s0-8e0a39fc8f164343bd01ef6b915e849f,shadow_fp32,curvature/e_sym_update,e_sym,update,2420,0.45014880952380953,4.151091693972051e-06,hvp-shadow-fp32-ieee-v1,torch.float32
d16-s7,16,7,d16-s7-s0-8e0a39fc8f164343bd01ef6b915e849f,shadow_fp32,curvature/e_lin_update,e_lin,update,2420,0.45014880952380953,7.923276628715365e-07,hvp-shadow-fp32-ieee-v1,torch.float32
d16-s7,16,7,d16-s7-s0-8e0a39fc8f164343bd01ef6b915e849f,shadow_fp32,curvature/verdict_code_update,verdict_code,update,2420,0.45014880952380953,1.0,hvp-shadow-fp32-ieee-v1,torch.float32
d16-s7,16,7,d16-s7-s0-8e0a39fc8f164343bd01ef6b915e849f,native,curvature/e_sym_random,e_sym,random,2420,0.45014880952380953,0.058599058119206654,,torch.bfloat16
d16-s7,16,7,d16-s7-s0-8e0a39fc8f164343bd01ef6b915e849f,native,curvature/e_lin_random,e_lin,random,2420,0.45014880952380953,0.007778869340050066,,torch.bfloat16
d16-s7,16,7,d16-s7-s0-8e0a39fc8f164343bd01ef6b915e849f,native,curvature/verdict_code_random,verdict_code,random,2420,0.45014880952380953,2.0,,torch.bfloat16
d16-s7,16,7,d16-s7-s0-8e0a39fc8f164343bd01ef6b915e849f,native,curvature/e_sym_gradient,e_sym,gradient,2420,0.45014880952380953,0.007509593433714415,,torch.bfloat16
d16-s7,16,7,d16-s7-s0-8e0a39fc8f164343bd01ef6b915e849f,native,curvature/e_lin_gradient,e_lin,gradient,2420,0.45014880952380953,0.00470995312829261,,torch.bfloat16
d16-s7,16,7,d16-s7-s0-8e0a39fc8f164343bd01ef6b915e849f,native,curvature/verdict_code_gradient,verdict_code,gradient,2420,0.45014880952380953,2.0,,torch.bfloat16
d16-s7,16,7,d16-s7-s0-8e0a39fc8f164343bd01ef6b915e849f,native,curvature/e_sym_update,e_sym,update,2420,0.45014880952380953,0.010447844515541664,,torch.bfloat16
d16-s7,16,7,d16-s7-s0-8e0a39fc8f164343bd01ef6b915e849f,native,curvature/e_lin_update,e_lin,update,2420,0.45014880952380953,0.007829906189468874,,torch.bfloat16
d16-s7,16,7,d16-s7-s0-8e0a39fc8f164343bd01ef6b915e849f,native,curvature/verdict_code_update,verdict_code,update,2420,0.45014880952380953,2.0,,torch.bfloat16
d16-s7,16,7,d16-s7-s0-8e0a39fc8f164343bd01ef6b915e849f,shadow_fp32,curvature/e_sym_random,e_sym,random,2689,0.5001860119047619,6.0296905891237995e-06,hvp-shadow-fp32-ieee-v1,torch.float32
d16-s7,16,7,d16-s7-s0-8e0a39fc8f164343bd01ef6b915e849f,shadow_fp32,curvature/e_lin_random,e_lin,random,2689,0.5001860119047619,8.252567069141746e-07,hvp-shadow-fp32-ieee-v1,torch.float32
d16-s7,16,7,d16-s7-s0-8e0a39fc8f164343bd01ef6b915e849f,shadow_fp32,curvature/verdict_code_random,verdict_code,random,2689,0.5001860119047619,1.0,hvp-shadow-fp32-ieee-v1,torch.float32
d16-s7,16,7,d16-s7-s0-8e0a39fc8f164343bd01ef6b915e849f,shadow_fp32,curvature/e_sym_gradient,e_sym,gradient,2689,0.5001860119047619,1.4553479987909489e-06,hvp-shadow-fp32-ieee-v1,torch.float32
d16-s7,16,7,d16-s7-s0-8e0a39fc8f164343bd01ef6b915e849f,shadow_fp32,curvature/e_lin_gradient,e_lin,gradient,2689,0.5001860119047619,4.84567251182309e-07,hvp-shadow-fp32-ieee-v1,torch.float32
d16-s7,16,7,d16-s7-s0-8e0a39fc8f164343bd01ef6b915e849f,shadow_fp32,curvature/verdict_code_gradient,verdict_code,gradient,2689,0.5001860119047619,0.0,hvp-shadow-fp32-ieee-v1,torch.float32
d16-s7,16,7,d16-s7-s0-8e0a39fc8f164343bd01ef6b915e849f,shadow_fp32,curvature/e_sym_update,e_sym,update,2689,0.5001860119047619,1.8691254457325625e-06,hvp-shadow-fp32-ieee-v1,torch.float32
d16-s7,16,7,d16-s7-s0-8e0a39fc8f164343bd01ef6b915e849f,shadow_fp32,curvature/e_lin_update,e_lin,update,2689,0.5001860119047619,1.0151376613417678e-06,hvp-shadow-fp32-ieee-v1,torch.float32
d16-s7,16,7,d16-s7-s0-8e0a39fc8f164343bd01ef6b915e849f,shadow_fp32,curvature/verdict_code_update,verdict_code,update,2689,0.5001860119047619,1.0,hvp-shadow-fp32-ieee-v1,torch.float32
d16-s7,16,7,d16-s7-s0-8e0a39fc8f164343bd01ef6b915e849f,native,curvature/e_sym_random,e_sym,random,2689,0.5001860119047619,0.04727873307994996,,torch.bfloat16
d16-s7,16,7,d16-s7-s0-8e0a39fc8f164343bd01ef6b915e849f,native,curvature/e_lin_random,e_lin,random,2689,0.5001860119047619,0.007699118723372509,,torch.bfloat16
d16-s7,16,7,d16-s7-s0-8e0a39fc8f164343bd01ef6b915e849f,native,curvature/verdict_code_random,verdict_code,random,2689,0.5001860119047619,2.0,,torch.bfloat16
d16-s7,16,7,d16-s7-s0-8e0a39fc8f164343bd01ef6b915e849f,native,curvature/e_sym_gradient,e_sym,gradient,2689,0.5001860119047619,0.07625189978911699,,torch.bfloat16
d16-s7,16,7,d16-s7-s0-8e0a39fc8f164343bd01ef6b915e849f,native,curvature/e_lin_gradient,e_lin,gradient,2689,0.5001860119047619,0.004286255915961069,,torch.bfloat16
d16-s7,16,7,d16-s7-s0-8e0a39fc8f164343bd01ef6b915e849f,native,curvature/verdict_code_gradient,verdict_code,gradient,2689,0.5001860119047619,2.0,,torch.bfloat16
d16-s7,16,7,d16-s7-s0-8e0a39fc8f164343bd01ef6b915e849f,native,curvature/e_sym_update,e_sym,update,2689,0.5001860119047619,0.0052112582718301164,,torch.bfloat16
d16-s7,16,7,d16-s7-s0-8e0a39fc8f164343bd01ef6b915e849f,native,curvature/e_lin_update,e_lin,update,2689,0.5001860119047619,0.009784752657414323,,torch.bfloat16
d16-s7,16,7,d16-s7-s0-8e0a39fc8f164343bd01ef6b915e849f,native,curvature/verdict_code_update,verdict_code,update,2689,0.5001860119047619,2.0,,torch.bfloat16
d16-s7,16,7,d16-s7-s0-8e0a39fc8f164343bd01ef6b915e849f,shadow_fp32,curvature/e_sym_random,e_sym,random,2957,0.5500372023809523,1.1774211008435421e-05,hvp-shadow-fp32-ieee-v1,torch.float32
d16-s7,16,7,d16-s7-s0-8e0a39fc8f164343bd01ef6b915e849f,shadow_fp32,curvature/e_lin_random,e_lin,random,2957,0.5500372023809523,7.431676430727449e-07,hvp-shadow-fp32-ieee-v1,torch.float32
d16-s7,16,7,d16-s7-s0-8e0a39fc8f164343bd01ef6b915e849f,shadow_fp32,curvature/verdict_code_random,verdict_code,random,2957,0.5500372023809523,1.0,hvp-shadow-fp32-ieee-v1,torch.float32
d16-s7,16,7,d16-s7-s0-8e0a39fc8f164343bd01ef6b915e849f,shadow_fp32,curvature/e_sym_gradient,e_sym,gradient,2957,0.5500372023809523,1.8150991362303693e-06,hvp-shadow-fp32-ieee-v1,torch.float32
d16-s7,16,7,d16-s7-s0-8e0a39fc8f164343bd01ef6b915e849f,shadow_fp32,curvature/e_lin_gradient,e_lin,gradient,2957,0.5500372023809523,4.946391966861975e-07,hvp-shadow-fp32-ieee-v1,torch.float32
d16-s7,16,7,d16-s7-s0-8e0a39fc8f164343bd01ef6b915e849f,shadow_fp32,curvature/verdict_code_gradient,verdict_code,gradient,2957,0.5500372023809523,0.0,hvp-shadow-fp32-ieee-v1,torch.float32
d16-s7,16,7,d16-s7-s0-8e0a39fc8f164343bd01ef6b915e849f,shadow_fp32,curvature/e_sym_update,e_sym,update,2957,0.5500372023809523,5.034379931174683e-06,hvp-shadow-fp32-ieee-v1,torch.float32
d16-s7,16,7,d16-s7-s0-8e0a39fc8f164343bd01ef6b915e849f,shadow_fp32,curvature/e_lin_update,e_lin,update,2957,0.5500372023809523,8.775082969844372e-07,hvp-shadow-fp32-ieee-v1,torch.float32
d16-s7,16,7,d16-s7-s0-8e0a39fc8f164343bd01ef6b915e849f,shadow_fp32,curvature/verdict_code_update,verdict_code,update,2957,0.5500372023809523,1.0,hvp-shadow-fp32-ieee-v1,torch.float32
d16-s7,16,7,d16-s7-s0-8e0a39fc8f164343bd01ef6b915e849f,native,curvature/e_sym_random,e_sym,random,2957,0.5500372023809523,0.1921370385633877,,torch.bfloat16
d16-s7,16,7,d16-s7-s0-8e0a39fc8f164343bd01ef6b915e849f,native,curvature/e_lin_random,e_lin,random,2957,0.5500372023809523,0.00727310088206304,,torch.bfloat16
d16-s7,16,7,d16-s7-s0-8e0a39fc8f164343bd01ef6b915e849f,native,curvature/verdict_code_random,verdict_code,random,2957,0.5500372023809523,2.0,,torch.bfloat16
d16-s7,16,7,d16-s7-s0-8e0a39fc8f164343bd01ef6b915e849f,native,curvature/e_sym_gradient,e_sym,gradient,2957,0.5500372023809523,0.02448681423013458,,torch.bfloat16
d16-s7,16,7,d16-s7-s0-8e0a39fc8f164343bd01ef6b915e849f,native,curvature/e_lin_gradient,e_lin,gradient,2957,0.5500372023809523,0.004491848464127439,,torch.bfloat16
d16-s7,16,7,d16-s7-s0-8e0a39fc8f164343bd01ef6b915e849f,native,curvature/verdict_code_gradient,verdict_code,gradient,2957,0.5500372023809523,2.0,,torch.bfloat16
d16-s7,16,7,d16-s7-s0-8e0a39fc8f164343bd01ef6b915e849f,native,curvature/e_sym_update,e_sym,update,2957,0.5500372023809523,0.019555487393588318,,torch.bfloat16
d16-s7,16,7,d16-s7-s0-8e0a39fc8f164343bd01ef6b915e849f,native,curvature/e_lin_update,e_lin,update,2957,0.5500372023809523,0.008106669321147794,,torch.bfloat16
d16-s7,16,7,d16-s7-s0-8e0a39fc8f164343bd01ef6b915e849f,native,curvature/verdict_code_update,verdict_code,update,2957,0.5500372023809523,2.0,,torch.bfloat16
d16-s7,16,7,d16-s7-s0-8e0a39fc8f164343bd01ef6b915e849f,shadow_fp32,curvature/e_sym_random,e_sym,random,3226,0.6000744047619048,4.5189871448354926e-08,hvp-shadow-fp32-ieee-v1,torch.float32
d16-s7,16,7,d16-s7-s0-8e0a39fc8f164343bd01ef6b915e849f,shadow_fp32,curvature/e_lin_random,e_lin,random,3226,0.6000744047619048,9.022817625076353e-07,hvp-shadow-fp32-ieee-v1,torch.float32
d16-s7,16,7,d16-s7-s0-8e0a39fc8f164343bd01ef6b915e849f,shadow_fp32,curvature/verdict_code_random,verdict_code,random,3226,0.6000744047619048,1.0,hvp-shadow-fp32-ieee-v1,torch.float32
d16-s7,16,7,d16-s7-s0-8e0a39fc8f164343bd01ef6b915e849f,shadow_fp32,curvature/e_sym_gradient,e_sym,gradient,3226,0.6000744047619048,8.995341776092692e-07,hvp-shadow-fp32-ieee-v1,torch.float32
d16-s7,16,7,d16-s7-s0-8e0a39fc8f164343bd01ef6b915e849f,shadow_fp32,curvature/e_lin_gradient,e_lin,gradient,3226,0.6000744047619048,4.7226769151044346e-07,hvp-shadow-fp32-ieee-v1,torch.float32
d16-s7,16,7,d16-s7-s0-8e0a39fc8f164343bd01ef6b915e849f,shadow_fp32,curvature/verdict_code_gradient,verdict_code,gradient,3226,0.6000744047619048,0.0,hvp-shadow-fp32-ieee-v1,torch.float32
d16-s7,16,7,d16-s7-s0-8e0a39fc8f164343bd01ef6b915e849f,shadow_fp32,curvature/e_sym_update,e_sym,update,3226,0.6000744047619048,8.13471472125604e-07,hvp-shadow-fp32-ieee-v1,torch.float32
d16-s7,16,7,d16-s7-s0-8e0a39fc8f164343bd01ef6b915e849f,shadow_fp32,curvature/e_lin_update,e_lin,update,3226,0.6000744047619048,8.289531376057345e-07,hvp-shadow-fp32-ieee-v1,torch.float32
d16-s7,16,7,d16-s7-s0-8e0a39fc8f164343bd01ef6b915e849f,shadow_fp32,curvature/verdict_code_update,verdict_code,update,3226,0.6000744047619048,1.0,hvp-shadow-fp32-ieee-v1,torch.float32
d16-s7,16,7,d16-s7-s0-8e0a39fc8f164343bd01ef6b915e849f,native,curvature/e_sym_random,e_sym,random,3226,0.6000744047619048,0.011018987859548475,,torch.bfloat16
d16-s7,16,7,d16-s7-s0-8e0a39fc8f164343bd01ef6b915e849f,native,curvature/e_lin_random,e_lin,random,3226,0.6000744047619048,0.007712087875125412,,torch.bfloat16
d16-s7,16,7,d16-s7-s0-8e0a39fc8f164343bd01ef6b915e849f,native,curvature/verdict_code_random,verdict_code,random,3226,0.6000744047619048,2.0,,torch.bfloat16
d16-s7,16,7,d16-s7-s0-8e0a39fc8f164343bd01ef6b915e849f,native,curvature/e_sym_gradient,e_sym,gradient,3226,0.6000744047619048,0.008738240621255715,,torch.bfloat16
d16-s7,16,7,d16-s7-s0-8e0a39fc8f164343bd01ef6b915e849f,native,curvature/e_lin_gradient,e_lin,gradient,3226,0.6000744047619048,0.004481886726637291,,torch.bfloat16
d16-s7,16,7,d16-s7-s0-8e0a39fc8f164343bd01ef6b915e849f,native,curvature/verdict_code_gradient,verdict_code,gradient,3226,0.6000744047619048,2.0,,torch.bfloat16
d16-s7,16,7,d16-s7-s0-8e0a39fc8f164343bd01ef6b915e849f,native,curvature/e_sym_update,e_sym,update,3226,0.6000744047619048,0.0028141570033496746,,torch.bfloat16
d16-s7,16,7,d16-s7-s0-8e0a39fc8f164343bd01ef6b915e849f,native,curvature/e_lin_update,e_lin,update,3226,0.6000744047619048,0.007698251177907788,,torch.bfloat16
d16-s7,16,7,d16-s7-s0-8e0a39fc8f164343bd01ef6b915e849f,native,curvature/verdict_code_update,verdict_code,update,3226,0.6000744047619048,2.0,,torch.bfloat16
d16-s7,16,7,d16-s7-s0-8e0a39fc8f164343bd01ef6b915e849f,shadow_fp32,curvature/e_sym_random,e_sym,random,3495,0.6501116071428571,7.026911344443137e-07,hvp-shadow-fp32-ieee-v1,torch.float32
d16-s7,16,7,d16-s7-s0-8e0a39fc8f164343bd01ef6b915e849f,shadow_fp32,curvature/e_lin_random,e_lin,random,3495,0.6501116071428571,7.450356437256671e-07,hvp-shadow-fp32-ieee-v1,torch.float32
d16-s7,16,7,d16-s7-s0-8e0a39fc8f164343bd01ef6b915e849f,shadow_fp32,curvature/verdict_code_random,verdict_code,random,3495,0.6501116071428571,1.0,hvp-shadow-fp32-ieee-v1,torch.float32
d16-s7,16,7,d16-s7-s0-8e0a39fc8f164343bd01ef6b915e849f,shadow_fp32,curvature/e_sym_gradient,e_sym,gradient,3495,0.6501116071428571,2.044853879901527e-06,hvp-shadow-fp32-ieee-v1,torch.float32
d16-s7,16,7,d16-s7-s0-8e0a39fc8f164343bd01ef6b915e849f,shadow_fp32,curvature/e_lin_gradient,e_lin,gradient,3495,0.6501116071428571,4.9738782478876e-07,hvp-shadow-fp32-ieee-v1,torch.float32
d16-s7,16,7,d16-s7-s0-8e0a39fc8f164343bd01ef6b915e849f,shadow_fp32,curvature/verdict_code_gradient,verdict_code,gradient,3495,0.6501116071428571,0.0,hvp-shadow-fp32-ieee-v1,torch.float32
d16-s7,16,7,d16-s7-s0-8e0a39fc8f164343bd01ef6b915e849f,shadow_fp32,curvature/e_sym_update,e_sym,update,3495,0.6501116071428571,1.0662043798932817e-06,hvp-shadow-fp32-ieee-v1,torch.float32
d16-s7,16,7,d16-s7-s0-8e0a39fc8f164343bd01ef6b915e849f,shadow_fp32,curvature/e_lin_update,e_lin,update,3495,0.6501116071428571,7.835249596472619e-07,hvp-shadow-fp32-ieee-v1,torch.float32
d16-s7,16,7,d16-s7-s0-8e0a39fc8f164343bd01ef6b915e849f,shadow_fp32,curvature/verdict_code_update,verdict_code,update,3495,0.6501116071428571,1.0,hvp-shadow-fp32-ieee-v1,torch.float32
d16-s7,16,7,d16-s7-s0-8e0a39fc8f164343bd01ef6b915e849f,native,curvature/e_sym_random,e_sym,random,3495,0.6501116071428571,0.011432942204366867,,torch.bfloat16
d16-s7,16,7,d16-s7-s0-8e0a39fc8f164343bd01ef6b915e849f,native,curvature/e_lin_random,e_lin,random,3495,0.6501116071428571,0.007553153187799705,,torch.bfloat16
d16-s7,16,7,d16-s7-s0-8e0a39fc8f164343bd01ef6b915e849f,native,curvature/verdict_code_random,verdict_code,random,3495,0.6501116071428571,2.0,,torch.bfloat16
d16-s7,16,7,d16-s7-s0-8e0a39fc8f164343bd01ef6b915e849f,native,curvature/e_sym_gradient,e_sym,gradient,3495,0.6501116071428571,0.010453049791297237,,torch.bfloat16
d16-s7,16,7,d16-s7-s0-8e0a39fc8f164343bd01ef6b915e849f,native,curvature/e_lin_gradient,e_lin,gradient,3495,0.6501116071428571,0.004272133860753444,,torch.bfloat16
d16-s7,16,7,d16-s7-s0-8e0a39fc8f164343bd01ef6b915e849f,native,curvature/verdict_code_gradient,verdict_code,gradient,3495,0.6501116071428571,2.0,,torch.bfloat16
d16-s7,16,7,d16-s7-s0-8e0a39fc8f164343bd01ef6b915e849f,native,curvature/e_sym_update,e_sym,update,3495,0.6501116071428571,0.003956395412098982,,torch.bfloat16
d16-s7,16,7,d16-s7-s0-8e0a39fc8f164343bd01ef6b915e849f,native,curvature/e_lin_update,e_lin,update,3495,0.6501116071428571,0.007637302606373877,,torch.bfloat16
d16-s7,16,7,d16-s7-s0-8e0a39fc8f164343bd01ef6b915e849f,native,curvature/verdict_code_update,verdict_code,update,3495,0.6501116071428571,2.0,,torch.bfloat16
d16-s7,16,7,d16-s7-s0-8e0a39fc8f164343bd01ef6b915e849f,shadow_fp32,curvature/e_sym_random,e_sym,random,3764,0.7001488095238095,1.883540490309416e-06,hvp-shadow-fp32-ieee-v1,torch.float32
d16-s7,16,7,d16-s7-s0-8e0a39fc8f164343bd01ef6b915e849f,shadow_fp32,curvature/e_lin_random,e_lin,random,3764,0.7001488095238095,9.146019581306145e-07,hvp-shadow-fp32-ieee-v1,torch.float32
d16-s7,16,7,d16-s7-s0-8e0a39fc8f164343bd01ef6b915e849f,shadow_fp32,curvature/verdict_code_random,verdict_code,random,3764,0.7001488095238095,1.0,hvp-shadow-fp32-ieee-v1,torch.float32
d16-s7,16,7,d16-s7-s0-8e0a39fc8f164343bd01ef6b915e849f,shadow_fp32,curvature/e_sym_gradient,e_sym,gradient,3764,0.7001488095238095,1.4021350784720054e-06,hvp-shadow-fp32-ieee-v1,torch.float32
d16-s7,16,7,d16-s7-s0-8e0a39fc8f164343bd01ef6b915e849f,shadow_fp32,curvature/e_lin_gradient,e_lin,gradient,3764,0.7001488095238095,5.302118705979104e-07,hvp-shadow-fp32-ieee-v1,torch.float32
d16-s7,16,7,d16-s7-s0-8e0a39fc8f164343bd01ef6b915e849f,shadow_fp32,curvature/verdict_code_gradient,verdict_code,gradient,3764,0.7001488095238095,0.0,hvp-shadow-fp32-ieee-v1,torch.float32
d16-s7,16,7,d16-s7-s0-8e0a39fc8f164343bd01ef6b915e849f,shadow_fp32,curvature/e_sym_update,e_sym,update,3764,0.7001488095238095,3.252436432870906e-06,hvp-shadow-fp32-ieee-v1,torch.float32
d16-s7,16,7,d16-s7-s0-8e0a39fc8f164343bd01ef6b915e849f,shadow_fp32,curvature/e_lin_update,e_lin,update,3764,0.7001488095238095,9.542293220808065e-07,hvp-shadow-fp32-ieee-v1,torch.float32
d16-s7,16,7,d16-s7-s0-8e0a39fc8f164343bd01ef6b915e849f,shadow_fp32,curvature/verdict_code_update,verdict_code,update,3764,0.7001488095238095,1.0,hvp-shadow-fp32-ieee-v1,torch.float32
d16-s7,16,7,d16-s7-s0-8e0a39fc8f164343bd01ef6b915e849f,native,curvature/e_sym_random,e_sym,random,3764,0.7001488095238095,0.008315621710050276,,torch.bfloat16
d16-s7,16,7,d16-s7-s0-8e0a39fc8f164343bd01ef6b915e849f,native,curvature/e_lin_random,e_lin,random,3764,0.7001488095238095,0.008144645561748971,,torch.bfloat16
d16-s7,16,7,d16-s7-s0-8e0a39fc8f164343bd01ef6b915e849f,native,curvature/verdict_code_random,verdict_code,random,3764,0.7001488095238095,2.0,,torch.bfloat16
d16-s7,16,7,d16-s7-s0-8e0a39fc8f164343bd01ef6b915e849f,native,curvature/e_sym_gradient,e_sym,gradient,3764,0.7001488095238095,0.0010904964339798482,,torch.bfloat16
d16-s7,16,7,d16-s7-s0-8e0a39fc8f164343bd01ef6b915e849f,native,curvature/e_lin_gradient,e_lin,gradient,3764,0.7001488095238095,0.004531025236721905,,torch.bfloat16
d16-s7,16,7,d16-s7-s0-8e0a39fc8f164343bd01ef6b915e849f,native,curvature/verdict_code_gradient,verdict_code,gradient,3764,0.7001488095238095,2.0,,torch.bfloat16
d16-s7,16,7,d16-s7-s0-8e0a39fc8f164343bd01ef6b915e849f,native,curvature/e_sym_update,e_sym,update,3764,0.7001488095238095,0.001896786360335424,,torch.bfloat16
d16-s7,16,7,d16-s7-s0-8e0a39fc8f164343bd01ef6b915e849f,native,curvature/e_lin_update,e_lin,update,3764,0.7001488095238095,0.008619769141238175,,torch.bfloat16
d16-s7,16,7,d16-s7-s0-8e0a39fc8f164343bd01ef6b915e849f,native,curvature/verdict_code_update,verdict_code,update,3764,0.7001488095238095,2.0,,torch.bfloat16
d16-s7,16,7,d16-s7-s0-8e0a39fc8f164343bd01ef6b915e849f,shadow_fp32,curvature/e_sym_random,e_sym,random,4032,0.75,2.7075465217229164e-06,hvp-shadow-fp32-ieee-v1,torch.float32
d16-s7,16,7,d16-s7-s0-8e0a39fc8f164343bd01ef6b915e849f,shadow_fp32,curvature/e_lin_random,e_lin,random,4032,0.75,8.10022272019726e-07,hvp-shadow-fp32-ieee-v1,torch.float32
d16-s7,16,7,d16-s7-s0-8e0a39fc8f164343bd01ef6b915e849f,shadow_fp32,curvature/verdict_code_random,verdict_code,random,4032,0.75,1.0,hvp-shadow-fp32-ieee-v1,torch.float32
d16-s7,16,7,d16-s7-s0-8e0a39fc8f164343bd01ef6b915e849f,shadow_fp32,curvature/e_sym_gradient,e_sym,gradient,4032,0.75,1.033075760129836e-07,hvp-shadow-fp32-ieee-v1,torch.float32
d16-s7,16,7,d16-s7-s0-8e0a39fc8f164343bd01ef6b915e849f,shadow_fp32,curvature/e_lin_gradient,e_lin,gradient,4032,0.75,5.108473631935873e-07,hvp-shadow-fp32-ieee-v1,torch.float32
d16-s7,16,7,d16-s7-s0-8e0a39fc8f164343bd01ef6b915e849f,shadow_fp32,curvature/verdict_code_gradient,verdict_code,gradient,4032,0.75,0.0,hvp-shadow-fp32-ieee-v1,torch.float32
d16-s7,16,7,d16-s7-s0-8e0a39fc8f164343bd01ef6b915e849f,shadow_fp32,curvature/e_sym_update,e_sym,update,4032,0.75,2.4191277820778775e-06,hvp-shadow-fp32-ieee-v1,torch.float32
d16-s7,16,7,d16-s7-s0-8e0a39fc8f164343bd01ef6b915e849f,shadow_fp32,curvature/e_lin_update,e_lin,update,4032,0.75,9.348584305573843e-07,hvp-shadow-fp32-ieee-v1,torch.float32
d16-s7,16,7,d16-s7-s0-8e0a39fc8f164343bd01ef6b915e849f,shadow_fp32,curvature/verdict_code_update,verdict_code,update,4032,0.75,1.0,hvp-shadow-fp32-ieee-v1,torch.float32
d16-s7,16,7,d16-s7-s0-8e0a39fc8f164343bd01ef6b915e849f,native,curvature/e_sym_random,e_sym,random,4032,0.75,0.0011397703130609665,,torch.bfloat16
d16-s7,16,7,d16-s7-s0-8e0a39fc8f164343bd01ef6b915e849f,native,curvature/e_lin_random,e_lin,random,4032,0.75,0.007665710899429222,,torch.bfloat16
d16-s7,16,7,d16-s7-s0-8e0a39fc8f164343bd01ef6b915e849f,native,curvature/verdict_code_random,verdict_code,random,4032,0.75,2.0,,torch.bfloat16
d16-s7,16,7,d16-s7-s0-8e0a39fc8f164343bd01ef6b915e849f,native,curvature/e_sym_gradient,e_sym,gradient,4032,0.75,0.007248359564995586,,torch.bfloat16
d16-s7,16,7,d16-s7-s0-8e0a39fc8f164343bd01ef6b915e849f,native,curvature/e_lin_gradient,e_lin,gradient,4032,0.75,0.004926424964628852,,torch.bfloat16
d16-s7,16,7,d16-s7-s0-8e0a39fc8f164343bd01ef6b915e849f,native,curvature/verdict_code_gradient,verdict_code,gradient,4032,0.75,2.0,,torch.bfloat16
d16-s7,16,7,d16-s7-s0-8e0a39fc8f164343bd01ef6b915e849f,native,curvature/e_sym_update,e_sym,update,4032,0.75,0.015431165937783207,,torch.bfloat16
d16-s7,16,7,d16-s7-s0-8e0a39fc8f164343bd01ef6b915e849f,native,curvature/e_lin_update,e_lin,update,4032,0.75,0.009207310902974837,,torch.bfloat16
d16-s7,16,7,d16-s7-s0-8e0a39fc8f164343bd01ef6b915e849f,native,curvature/verdict_code_update,verdict_code,update,4032,0.75,2.0,,torch.bfloat16
d16-s7,16,7,d16-s7-s0-8e0a39fc8f164343bd01ef6b915e849f,shadow_fp32,curvature/e_sym_random,e_sym,random,4301,0.8000372023809523,6.436306029546217e-07,hvp-shadow-fp32-ieee-v1,torch.float32
d16-s7,16,7,d16-s7-s0-8e0a39fc8f164343bd01ef6b915e849f,shadow_fp32,curvature/e_lin_random,e_lin,random,4301,0.8000372023809523,8.751409065782878e-07,hvp-shadow-fp32-ieee-v1,torch.float32
d16-s7,16,7,d16-s7-s0-8e0a39fc8f164343bd01ef6b915e849f,shadow_fp32,curvature/verdict_code_random,verdict_code,random,4301,0.8000372023809523,1.0,hvp-shadow-fp32-ieee-v1,torch.float32
d16-s7,16,7,d16-s7-s0-8e0a39fc8f164343bd01ef6b915e849f,shadow_fp32,curvature/e_sym_gradient,e_sym,gradient,4301,0.8000372023809523,1.2104086037811653e-08,hvp-shadow-fp32-ieee-v1,torch.float32
d16-s7,16,7,d16-s7-s0-8e0a39fc8f164343bd01ef6b915e849f,shadow_fp32,curvature/e_lin_gradient,e_lin,gradient,4301,0.8000372023809523,4.854179505487798e-07,hvp-shadow-fp32-ieee-v1,torch.float32
d16-s7,16,7,d16-s7-s0-8e0a39fc8f164343bd01ef6b915e849f,shadow_fp32,curvature/verdict_code_gradient,verdict_code,gradient,4301,0.8000372023809523,0.0,hvp-shadow-fp32-ieee-v1,torch.float32
d16-s7,16,7,d16-s7-s0-8e0a39fc8f164343bd01ef6b915e849f,shadow_fp32,curvature/e_sym_update,e_sym,update,4301,0.8000372023809523,1.2487123925895375e-07,hvp-shadow-fp32-ieee-v1,torch.float32
d16-s7,16,7,d16-s7-s0-8e0a39fc8f164343bd01ef6b915e849f,shadow_fp32,curvature/e_lin_update,e_lin,update,4301,0.8000372023809523,8.857922218315025e-07,hvp-shadow-fp32-ieee-v1,torch.float32
d16-s7,16,7,d16-s7-s0-8e0a39fc8f164343bd01ef6b915e849f,shadow_fp32,curvature/verdict_code_update,verdict_code,update,4301,0.8000372023809523,1.0,hvp-shadow-fp32-ieee-v1,torch.float32
d16-s7,16,7,d16-s7-s0-8e0a39fc8f164343bd01ef6b915e849f,native,curvature/e_sym_random,e_sym,random,4301,0.8000372023809523,0.0305669994133876,,torch.bfloat16
d16-s7,16,7,d16-s7-s0-8e0a39fc8f164343bd01ef6b915e849f,native,curvature/e_lin_random,e_lin,random,4301,0.8000372023809523,0.00791831932902113,,torch.bfloat16
d16-s7,16,7,d16-s7-s0-8e0a39fc8f164343bd01ef6b915e849f,native,curvature/verdict_code_random,verdict_code,random,4301,0.8000372023809523,2.0,,torch.bfloat16
d16-s7,16,7,d16-s7-s0-8e0a39fc8f164343bd01ef6b915e849f,native,curvature/e_sym_gradient,e_sym,gradient,4301,0.8000372023809523,0.008159157062833853,,torch.bfloat16
d16-s7,16,7,d16-s7-s0-8e0a39fc8f164343bd01ef6b915e849f,native,curvature/e_lin_gradient,e_lin,gradient,4301,0.8000372023809523,0.004419185257064137,,torch.bfloat16
d16-s7,16,7,d16-s7-s0-8e0a39fc8f164343bd01ef6b915e849f,native,curvature/verdict_code_gradient,verdict_code,gradient,4301,0.8000372023809523,2.0,,torch.bfloat16
d16-s7,16,7,d16-s7-s0-8e0a39fc8f164343bd01ef6b915e849f,native,curvature/e_sym_update,e_sym,update,4301,0.8000372023809523,0.003235625931122318,,torch.bfloat16
d16-s7,16,7,d16-s7-s0-8e0a39fc8f164343bd01ef6b915e849f,native,curvature/e_lin_update,e_lin,update,4301,0.8000372023809523,0.009041987190263537,,torch.bfloat16
d16-s7,16,7,d16-s7-s0-8e0a39fc8f164343bd01ef6b915e849f,native,curvature/verdict_code_update,verdict_code,update,4301,0.8000372023809523,2.0,,torch.bfloat16
d16-s7,16,7,d16-s7-s0-8e0a39fc8f164343bd01ef6b915e849f,shadow_fp32,curvature/e_sym_random,e_sym,random,4570,0.8500744047619048,1.4060471103535672e-06,hvp-shadow-fp32-ieee-v1,torch.float32
d16-s7,16,7,d16-s7-s0-8e0a39fc8f164343bd01ef6b915e849f,shadow_fp32,curvature/e_lin_random,e_lin,random,4570,0.8500744047619048,8.607029883646947e-07,hvp-shadow-fp32-ieee-v1,torch.float32
d16-s7,16,7,d16-s7-s0-8e0a39fc8f164343bd01ef6b915e849f,shadow_fp32,curvature/verdict_code_random,verdict_code,random,4570,0.8500744047619048,1.0,hvp-shadow-fp32-ieee-v1,torch.float32
d16-s7,16,7,d16-s7-s0-8e0a39fc8f164343bd01ef6b915e849f,shadow_fp32,curvature/e_sym_gradient,e_sym,gradient,4570,0.8500744047619048,5.864402174272023e-07,hvp-shadow-fp32-ieee-v1,torch.float32
d16-s7,16,7,d16-s7-s0-8e0a39fc8f164343bd01ef6b915e849f,shadow_fp32,curvature/e_lin_gradient,e_lin,gradient,4570,0.8500744047619048,5.022139929620172e-07,hvp-shadow-fp32-ieee-v1,torch.float32
d16-s7,16,7,d16-s7-s0-8e0a39fc8f164343bd01ef6b915e849f,shadow_fp32,curvature/verdict_code_gradient,verdict_code,gradient,4570,0.8500744047619048,0.0,hvp-shadow-fp32-ieee-v1,torch.float32
d16-s7,16,7,d16-s7-s0-8e0a39fc8f164343bd01ef6b915e849f,shadow_fp32,curvature/e_sym_update,e_sym,update,4570,0.8500744047619048,2.160222142967105e-06,hvp-shadow-fp32-ieee-v1,torch.float32
d16-s7,16,7,d16-s7-s0-8e0a39fc8f164343bd01ef6b915e849f,shadow_fp32,curvature/e_lin_update,e_lin,update,4570,0.8500744047619048,9.378267361649404e-07,hvp-shadow-fp32-ieee-v1,torch.float32
d16-s7,16,7,d16-s7-s0-8e0a39fc8f164343bd01ef6b915e849f,shadow_fp32,curvature/verdict_code_update,verdict_code,update,4570,0.8500744047619048,1.0,hvp-shadow-fp32-ieee-v1,torch.float32
d16-s7,16,7,d16-s7-s0-8e0a39fc8f164343bd01ef6b915e849f,native,curvature/e_sym_random,e_sym,random,4570,0.8500744047619048,0.05708729773599018,,torch.bfloat16
d16-s7,16,7,d16-s7-s0-8e0a39fc8f164343bd01ef6b915e849f,native,curvature/e_lin_random,e_lin,random,4570,0.8500744047619048,0.008407610826995043,,torch.bfloat16
d16-s7,16,7,d16-s7-s0-8e0a39fc8f164343bd01ef6b915e849f,native,curvature/verdict_code_random,verdict_code,random,4570,0.8500744047619048,2.0,,torch.bfloat16
d16-s7,16,7,d16-s7-s0-8e0a39fc8f164343bd01ef6b915e849f,native,curvature/e_sym_gradient,e_sym,gradient,4570,0.8500744047619048,0.00211971927124534,,torch.bfloat16
d16-s7,16,7,d16-s7-s0-8e0a39fc8f164343bd01ef6b915e849f,native,curvature/e_lin_gradient,e_lin,gradient,4570,0.8500744047619048,0.004602152234471209,,torch.bfloat16
d16-s7,16,7,d16-s7-s0-8e0a39fc8f164343bd01ef6b915e849f,native,curvature/verdict_code_gradient,verdict_code,gradient,4570,0.8500744047619048,2.0,,torch.bfloat16
d16-s7,16,7,d16-s7-s0-8e0a39fc8f164343bd01ef6b915e849f,native,curvature/e_sym_update,e_sym,update,4570,0.8500744047619048,0.01742809655150295,,torch.bfloat16
d16-s7,16,7,d16-s7-s0-8e0a39fc8f164343bd01ef6b915e849f,native,curvature/e_lin_update,e_lin,update,4570,0.8500744047619048,0.009775866390248411,,torch.bfloat16
d16-s7,16,7,d16-s7-s0-8e0a39fc8f164343bd01ef6b915e849f,native,curvature/verdict_code_update,verdict_code,update,4570,0.8500744047619048,2.0,,torch.bfloat16
d16-s7,16,7,d16-s7-s0-8e0a39fc8f164343bd01ef6b915e849f,shadow_fp32,curvature/e_sym_random,e_sym,random,4839,0.9001116071428571,1.759420152599826e-05,hvp-shadow-fp32-ieee-v1,torch.float32
d16-s7,16,7,d16-s7-s0-8e0a39fc8f164343bd01ef6b915e849f,shadow_fp32,curvature/e_lin_random,e_lin,random,4839,0.9001116071428571,8.782945378218373e-07,hvp-shadow-fp32-ieee-v1,torch.float32
d16-s7,16,7,d16-s7-s0-8e0a39fc8f164343bd01ef6b915e849f,shadow_fp32,curvature/verdict_code_random,verdict_code,random,4839,0.9001116071428571,1.0,hvp-shadow-fp32-ieee-v1,torch.float32
d16-s7,16,7,d16-s7-s0-8e0a39fc8f164343bd01ef6b915e849f,shadow_fp32,curvature/e_sym_gradient,e_sym,gradient,4839,0.9001116071428571,2.318793713398887e-07,hvp-shadow-fp32-ieee-v1,torch.float32
d16-s7,16,7,d16-s7-s0-8e0a39fc8f164343bd01ef6b915e849f,shadow_fp32,curvature/e_lin_gradient,e_lin,gradient,4839,0.9001116071428571,4.948713434727669e-07,hvp-shadow-fp32-ieee-v1,torch.float32
d16-s7,16,7,d16-s7-s0-8e0a39fc8f164343bd01ef6b915e849f,shadow_fp32,curvature/verdict_code_gradient,verdict_code,gradient,4839,0.9001116071428571,0.0,hvp-shadow-fp32-ieee-v1,torch.float32
d16-s7,16,7,d16-s7-s0-8e0a39fc8f164343bd01ef6b915e849f,shadow_fp32,curvature/e_sym_update,e_sym,update,4839,0.9001116071428571,1.1063289182150214e-06,hvp-shadow-fp32-ieee-v1,torch.float32
d16-s7,16,7,d16-s7-s0-8e0a39fc8f164343bd01ef6b915e849f,shadow_fp32,curvature/e_lin_update,e_lin,update,4839,0.9001116071428571,8.843128149766257e-07,hvp-shadow-fp32-ieee-v1,torch.float32
d16-s7,16,7,d16-s7-s0-8e0a39fc8f164343bd01ef6b915e849f,shadow_fp32,curvature/verdict_code_update,verdict_code,update,4839,0.9001116071428571,1.0,hvp-shadow-fp32-ieee-v1,torch.float32
d16-s7,16,7,d16-s7-s0-8e0a39fc8f164343bd01ef6b915e849f,native,curvature/e_sym_random,e_sym,random,4839,0.9001116071428571,0.12942365992459906,,torch.bfloat16
d16-s7,16,7,d16-s7-s0-8e0a39fc8f164343bd01ef6b915e849f,native,curvature/e_lin_random,e_lin,random,4839,0.9001116071428571,0.008207009295716406,,torch.bfloat16
d16-s7,16,7,d16-s7-s0-8e0a39fc8f164343bd01ef6b915e849f,native,curvature/verdict_code_random,verdict_code,random,4839,0.9001116071428571,2.0,,torch.bfloat16
d16-s7,16,7,d16-s7-s0-8e0a39fc8f164343bd01ef6b915e849f,native,curvature/e_sym_gradient,e_sym,gradient,4839,0.9001116071428571,0.017841900924873436,,torch.bfloat16
d16-s7,16,7,d16-s7-s0-8e0a39fc8f164343bd01ef6b915e849f,native,curvature/e_lin_gradient,e_lin,gradient,4839,0.9001116071428571,0.004455969288209648,,torch.bfloat16
d16-s7,16,7,d16-s7-s0-8e0a39fc8f164343bd01ef6b915e849f,native,curvature/verdict_code_gradient,verdict_code,gradient,4839,0.9001116071428571,2.0,,torch.bfloat16
d16-s7,16,7,d16-s7-s0-8e0a39fc8f164343bd01ef6b915e849f,native,curvature/e_sym_update,e_sym,update,4839,0.9001116071428571,0.006321335035504778,,torch.bfloat16
d16-s7,16,7,d16-s7-s0-8e0a39fc8f164343bd01ef6b915e849f,native,curvature/e_lin_update,e_lin,update,4839,0.9001116071428571,0.009694685601951348,,torch.bfloat16
d16-s7,16,7,d16-s7-s0-8e0a39fc8f164343bd01ef6b915e849f,native,curvature/verdict_code_update,verdict_code,update,4839,0.9001116071428571,2.0,,torch.bfloat16
d16-s7,16,7,d16-s7-s0-8e0a39fc8f164343bd01ef6b915e849f,shadow_fp32,curvature/e_sym_random,e_sym,random,5107,0.9499627976190477,5.627928761062118e-06,hvp-shadow-fp32-ieee-v1,torch.float32
d16-s7,16,7,d16-s7-s0-8e0a39fc8f164343bd01ef6b915e849f,shadow_fp32,curvature/e_lin_random,e_lin,random,5107,0.9499627976190477,9.005984875578664e-07,hvp-shadow-fp32-ieee-v1,torch.float32
d16-s7,16,7,d16-s7-s0-8e0a39fc8f164343bd01ef6b915e849f,shadow_fp32,curvature/verdict_code_random,verdict_code,random,5107,0.9499627976190477,1.0,hvp-shadow-fp32-ieee-v1,torch.float32
d16-s7,16,7,d16-s7-s0-8e0a39fc8f164343bd01ef6b915e849f,shadow_fp32,curvature/e_sym_gradient,e_sym,gradient,5107,0.9499627976190477,1.0997378343205634e-08,hvp-shadow-fp32-ieee-v1,torch.float32
d16-s7,16,7,d16-s7-s0-8e0a39fc8f164343bd01ef6b915e849f,shadow_fp32,curvature/e_lin_gradient,e_lin,gradient,5107,0.9499627976190477,5.516305714273842e-07,hvp-shadow-fp32-ieee-v1,torch.float32
d16-s7,16,7,d16-s7-s0-8e0a39fc8f164343bd01ef6b915e849f,shadow_fp32,curvature/verdict_code_gradient,verdict_code,gradient,5107,0.9499627976190477,0.0,hvp-shadow-fp32-ieee-v1,torch.float32
d16-s7,16,7,d16-s7-s0-8e0a39fc8f164343bd01ef6b915e849f,shadow_fp32,curvature/e_sym_update,e_sym,update,5107,0.9499627976190477,9.479758613763027e-08,hvp-shadow-fp32-ieee-v1,torch.float32
d16-s7,16,7,d16-s7-s0-8e0a39fc8f164343bd01ef6b915e849f,shadow_fp32,curvature/e_lin_update,e_lin,update,5107,0.9499627976190477,1.0696347361357623e-06,hvp-shadow-fp32-ieee-v1,torch.float32
d16-s7,16,7,d16-s7-s0-8e0a39fc8f164343bd01ef6b915e849f,shadow_fp32,curvature/verdict_code_update,verdict_code,update,5107,0.9499627976190477,1.0,hvp-shadow-fp32-ieee-v1,torch.float32
d16-s7,16,7,d16-s7-s0-8e0a39fc8f164343bd01ef6b915e849f,native,curvature/e_sym_random,e_sym,random,5107,0.9499627976190477,0.025591831184135452,,torch.bfloat16
d16-s7,16,7,d16-s7-s0-8e0a39fc8f164343bd01ef6b915e849f,native,curvature/e_lin_random,e_lin,random,5107,0.9499627976190477,0.008469833736078463,,torch.bfloat16
d16-s7,16,7,d16-s7-s0-8e0a39fc8f164343bd01ef6b915e849f,native,curvature/verdict_code_random,verdict_code,random,5107,0.9499627976190477,2.0,,torch.bfloat16
d16-s7,16,7,d16-s7-s0-8e0a39fc8f164343bd01ef6b915e849f,native,curvature/e_sym_gradient,e_sym,gradient,5107,0.9499627976190477,0.006163133091449428,,torch.bfloat16
d16-s7,16,7,d16-s7-s0-8e0a39fc8f164343bd01ef6b915e849f,native,curvature/e_lin_gradient,e_lin,gradient,5107,0.9499627976190477,0.005094555637524778,,torch.bfloat16
d16-s7,16,7,d16-s7-s0-8e0a39fc8f164343bd01ef6b915e849f,native,curvature/verdict_code_gradient,verdict_code,gradient,5107,0.9499627976190477,2.0,,torch.bfloat16
d16-s7,16,7,d16-s7-s0-8e0a39fc8f164343bd01ef6b915e849f,native,curvature/e_sym_update,e_sym,update,5107,0.9499627976190477,0.005717408872375538,,torch.bfloat16
d16-s7,16,7,d16-s7-s0-8e0a39fc8f164343bd01ef6b915e849f,native,curvature/e_lin_update,e_lin,update,5107,0.9499627976190477,0.009991430136129669,,torch.bfloat16
d16-s7,16,7,d16-s7-s0-8e0a39fc8f164343bd01ef6b915e849f,native,curvature/verdict_code_update,verdict_code,update,5107,0.9499627976190477,2.0,,torch.bfloat16
d16-s7,16,7,d16-s7-s0-8e0a39fc8f164343bd01ef6b915e849f,shadow_fp32,curvature/e_sym_random,e_sym,random,5376,1.0,1.0314298924420308e-05,hvp-shadow-fp32-ieee-v1,torch.float32
d16-s7,16,7,d16-s7-s0-8e0a39fc8f164343bd01ef6b915e849f,shadow_fp32,curvature/e_lin_random,e_lin,random,5376,1.0,9.320168386577428e-07,hvp-shadow-fp32-ieee-v1,torch.float32
d16-s7,16,7,d16-s7-s0-8e0a39fc8f164343bd01ef6b915e849f,shadow_fp32,curvature/verdict_code_random,verdict_code,random,5376,1.0,1.0,hvp-shadow-fp32-ieee-v1,torch.float32
d16-s7,16,7,d16-s7-s0-8e0a39fc8f164343bd01ef6b915e849f,shadow_fp32,curvature/e_sym_gradient,e_sym,gradient,5376,1.0,8.116780403736868e-08,hvp-shadow-fp32-ieee-v1,torch.float32
d16-s7,16,7,d16-s7-s0-8e0a39fc8f164343bd01ef6b915e849f,shadow_fp32,curvature/e_lin_gradient,e_lin,gradient,5376,1.0,5.232023054766932e-07,hvp-shadow-fp32-ieee-v1,torch.float32
d16-s7,16,7,d16-s7-s0-8e0a39fc8f164343bd01ef6b915e849f,shadow_fp32,curvature/verdict_code_gradient,verdict_code,gradient,5376,1.0,0.0,hvp-shadow-fp32-ieee-v1,torch.float32
d16-s7,16,7,d16-s7-s0-8e0a39fc8f164343bd01ef6b915e849f,shadow_fp32,curvature/e_sym_update,e_sym,update,5376,1.0,4.1727534735955745e-06,hvp-shadow-fp32-ieee-v1,torch.float32
d16-s7,16,7,d16-s7-s0-8e0a39fc8f164343bd01ef6b915e849f,shadow_fp32,curvature/e_lin_update,e_lin,update,5376,1.0,1.0375436165447354e-06,hvp-shadow-fp32-ieee-v1,torch.float32
d16-s7,16,7,d16-s7-s0-8e0a39fc8f164343bd01ef6b915e849f,shadow_fp32,curvature/verdict_code_update,verdict_code,update,5376,1.0,1.0,hvp-shadow-fp32-ieee-v1,torch.float32
d16-s7,16,7,d16-s7-s0-8e0a39fc8f164343bd01ef6b915e849f,native,curvature/e_sym_random,e_sym,random,5376,1.0,0.057779003748581165,,torch.bfloat16
d16-s7,16,7,d16-s7-s0-8e0a39fc8f164343bd01ef6b915e849f,native,curvature/e_lin_random,e_lin,random,5376,1.0,0.009043371644664821,,torch.bfloat16
d16-s7,16,7,d16-s7-s0-8e0a39fc8f164343bd01ef6b915e849f,native,curvature/verdict_code_random,verdict_code,random,5376,1.0,2.0,,torch.bfloat16
d16-s7,16,7,d16-s7-s0-8e0a39fc8f164343bd01ef6b915e849f,native,curvature/e_sym_gradient,e_sym,gradient,5376,1.0,0.008965194592341949,,torch.bfloat16
d16-s7,16,7,d16-s7-s0-8e0a39fc8f164343bd01ef6b915e849f,native,curvature/e_lin_gradient,e_lin,gradient,5376,1.0,0.004945176002614131,,torch.bfloat16
d16-s7,16,7,d16-s7-s0-8e0a39fc8f164343bd01ef6b915e849f,native,curvature/verdict_code_gradient,verdict_code,gradient,5376,1.0,2.0,,torch.bfloat16
d16-s7,16,7,d16-s7-s0-8e0a39fc8f164343bd01ef6b915e849f,native,curvature/e_sym_update,e_sym,update,5376,1.0,0.005273446843471681,,torch.bfloat16
d16-s7,16,7,d16-s7-s0-8e0a39fc8f164343bd01ef6b915e849f,native,curvature/e_lin_update,e_lin,update,5376,1.0,0.010064518516819249,,torch.bfloat16
d16-s7,16,7,d16-s7-s0-8e0a39fc8f164343bd01ef6b915e849f,native,curvature/verdict_code_update,verdict_code,update,5376,1.0,2.0,,torch.bfloat16
